point_id,date,sensor,scene_id,wrs_path,wrs_row,scene_cloud,red,nir,qa_pixel,qa_radsat
c1_001,1988-05-29,LANDSAT_4,LT04_L2SP_020045_19880529_20200917_02_T1,20.0,45.0,35.0,13501,21804,5440,0
c1_002,1988-05-29,LANDSAT_4,LT04_L2SP_020045_19880529_20200917_02_T1,20.0,45.0,35.0,11506,19753,5440,0
c1_003,1988-05-29,LANDSAT_4,LT04_L2SP_020045_19880529_20200917_02_T1,20.0,45.0,35.0,13059,21667,5440,0
c1_004,1988-05-29,LANDSAT_4,LT04_L2SP_020045_19880529_20200917_02_T1,20.0,45.0,35.0,10499,18522,5440,0
c1_005,1988-05-29,LANDSAT_4,LT04_L2SP_020045_19880529_20200917_02_T1,20.0,45.0,35.0,13171,20297,7442,0
c1_006,1988-05-29,LANDSAT_4,LT04_L2SP_020045_19880529_20200917_02_T1,20.0,45.0,35.0,11173,20023,7440,0
c1_007,1988-05-29,LANDSAT_4,LT04_L2SP_020045_19880529_20200917_02_T1,20.0,45.0,35.0,10495,20704,5440,0
c1_008,1988-05-29,LANDSAT_4,LT04_L2SP_020045_19880529_20200917_02_T1,20.0,45.0,35.0,10830,12968,5896,0
c1_009,1988-05-29,LANDSAT_4,LT04_L2SP_020045_19880529_20200917_02_T1,20.0,45.0,35.0,10384,18239,5440,0
c1_010,1988-05-29,LANDSAT_4,LT04_L2SP_020045_19880529_20200917_02_T1,20.0,45.0,35.0,11172,15062,7696,0
c1_011,1988-05-29,LANDSAT_4,LT04_L2SP_020045_19880529_20200917_02_T1,20.0,45.0,35.0,9937,19202,5440,0
c1_012,1988-05-29,LANDSAT_4,LT04_L2SP_020045_19880529_20200917_02_T1,20.0,45.0,35.0,12172,20850,5440,0
c1_013,1988-05-29,LANDSAT_4,LT04_L2SP_020045_19880529_20200917_02_T1,20.0,45.0,35.0,11278,18239,5440,0
c1_014,1988-05-29,LANDSAT_4,LT04_L2SP_020045_19880529_20200917_02_T1,20.0,45.0,35.0,9490,19344,5440,0
c1_015,1988-05-29,LANDSAT_4,LT04_L2SP_020045_19880529_20200917_02_T1,20.0,45.0,35.0,12061,20304,5440,0
c1_016,1988-05-29,LANDSAT_4,LT04_L2SP_020045_19880529_20200917_02_T1,20.0,45.0,35.0,9936,23818,5440,0
c1_017,1988-05-29,LANDSAT_4,LT04_L2SP_020045_19880529_20200917_02_T1,20.0,45.0,35.0,25470,28647,5896,1
c1_018,1988-05-29,LANDSAT_4,LT04_L2SP_020045_19880529_20200917_02_T1,20.0,45.0,35.0,9941,20032,5440,0
c1_019,1988-05-29,LANDSAT_4,LT04_L2SP_020045_19880529_20200917_02_T1,20.0,45.0,35.0,19797,25187,5440,0
c1_020,1988-05-29,LANDSAT_4,LT04_L2SP_020045_19880529_20200917_02_T1,20.0,45.0,35.0,17963,20979,5896,0
c1_021,1988-05-29,LANDSAT_4,LT04_L2SP_020045_19880529_20200917_02_T1,20.0,45.0,35.0,10612,18659,5440,0
c1_022,1988-05-29,LANDSAT_4,LT04_L2SP_020045_19880529_20200917_02_T1,20.0,45.0,35.0,9608,22203,5440,0
c1_023,1988-05-29,LANDSAT_4,LT04_L2SP_020045_19880529_20200917_02_T1,20.0,45.0,35.0,9831,21796,5440,0
c1_024,1988-05-29,LANDSAT_4,LT04_L2SP_020045_19880529_20200917_02_T1,20.0,45.0,35.0,9725,17664,5440,0
c1_025,1988-05-29,LANDSAT_4,LT04_L2SP_020045_19880529_20200917_02_T1,20.0,45.0,35.0,9607,18932,5440,0
c1_026,1988-05-29,LANDSAT_4,LT04_L2SP_020045_19880529_20200917_02_T1,20.0,45.0,35.0,11385,20295,5440,0
c1_027,1988-05-29,LANDSAT_4,LT04_L2SP_020045_19880529_20200917_02_T1,20.0,45.0,35.0,9492,20845,5440,0
c1_028,1988-05-29,LANDSAT_4,LT04_L2SP_020045_19880529_20200917_02_T1,20.0,45.0,35.0,9712,19478,5440,0
c1_029,1988-05-29,LANDSAT_4,LT04_L2SP_020045_19880529_20200917_02_T1,20.0,45.0,35.0,10842,15758,7698,0
c1_030,1988-05-29,LANDSAT_4,LT04_L2SP_020045_19880529_20200917_02_T1,20.0,45.0,35.0,14490,22073,5896,0
c2_001,1988-05-29,LANDSAT_4,LT04_L2SP_020045_19880529_20200917_02_T1,20.0,45.0,35.0,10158,19061,5440,0
c2_002,1988-05-29,LANDSAT_4,LT04_L2SP_020045_19880529_20200917_02_T1,20.0,45.0,35.0,18294,20987,5440,0
c2_003,1988-05-29,LANDSAT_4,LT04_L2SP_020045_19880529_20200917_02_T1,20.0,45.0,35.0,12063,17973,5440,0
c2_004,1988-05-29,LANDSAT_4,LT04_L2SP_020045_19880529_20200917_02_T1,20.0,45.0,35.0,10393,16315,7440,0
c2_005,1988-05-29,LANDSAT_4,LT04_L2SP_020045_19880529_20200917_02_T1,20.0,45.0,35.0,17427,21933,5896,0
c2_006,1988-05-29,LANDSAT_4,LT04_L2SP_020045_19880529_20200917_02_T1,20.0,45.0,35.0,9609,16171,7440,0
c2_007,1988-05-29,LANDSAT_4,LT04_L2SP_020045_19880529_20200917_02_T1,20.0,45.0,35.0,22013,25974,5896,1
c2_008,1988-05-29,LANDSAT_4,LT04_L2SP_020045_19880529_20200917_02_T1,20.0,45.0,35.0,11058,17553,5440,0
c2_009,1988-05-29,LANDSAT_4,LT04_L2SP_020045_19880529_20200917_02_T1,20.0,45.0,35.0,14493,19211,5440,0
c2_010,1988-05-29,LANDSAT_4,LT04_L2SP_020045_19880529_20200917_02_T1,20.0,45.0,35.0,10832,19066,5440,0
c2_011,1988-05-29,LANDSAT_4,LT04_L2SP_020045_19880529_20200917_02_T1,20.0,45.0,35.0,13048,19047,5440,0
c2_012,1988-05-29,LANDSAT_4,LT04_L2SP_020045_19880529_20200917_02_T1,20.0,45.0,35.0,65535,37291,5896,5
c2_013,1988-05-29,LANDSAT_4,LT04_L2SP_020045_19880529_20200917_02_T1,20.0,45.0,35.0,11613,18792,5440,0
c2_014,1988-05-29,LANDSAT_4,LT04_L2SP_020045_19880529_20200917_02_T1,20.0,45.0,35.0,10054,18386,5440,0
c2_015,1988-05-29,LANDSAT_4,LT04_L2SP_020045_19880529_20200917_02_T1,20.0,45.0,35.0,16124,20842,5896,0
c2_016,1988-05-29,LANDSAT_4,LT04_L2SP_020045_19880529_20200917_02_T1,20.0,45.0,35.0,12609,17813,5440,0
c2_017,1988-05-29,LANDSAT_4,LT04_L2SP_020045_19880529_20200917_02_T1,20.0,45.0,35.0,10159,15062,5442,0
c2_018,1988-05-29,LANDSAT_4,LT04_L2SP_020045_19880529_20200917_02_T1,20.0,45.0,35.0,10050,17143,5440,0
c2_019,1988-05-29,LANDSAT_4,LT04_L2SP_020045_19880529_20200917_02_T1,20.0,45.0,35.0,15040,23569,5440,0
c2_020,1988-05-29,LANDSAT_4,LT04_L2SP_020045_19880529_20200917_02_T1,20.0,45.0,35.0,14597,22611,5896,0
c2_021,1988-05-29,LANDSAT_4,LT04_L2SP_020045_19880529_20200917_02_T1,20.0,45.0,35.0,30683,34045,5896,1
c2_022,1988-05-29,LANDSAT_4,LT04_L2SP_020045_19880529_20200917_02_T1,20.0,45.0,35.0,12174,19071,5440,0
c2_023,1988-05-29,LANDSAT_4,LT04_L2SP_020045_19880529_20200917_02_T1,20.0,45.0,35.0,29164,31024,5896,1
c2_024,1988-05-29,LANDSAT_4,LT04_L2SP_020045_19880529_20200917_02_T1,20.0,45.0,35.0,11060,18110,5440,0
c2_025,1988-05-29,LANDSAT_4,LT04_L2SP_020045_19880529_20200917_02_T1,20.0,45.0,35.0,32294,35479,5896,17
c2_026,1988-05-29,LANDSAT_4,LT04_L2SP_020045_19880529_20200917_02_T1,20.0,45.0,35.0,15038,20850,5440,0
c2_027,1988-05-29,LANDSAT_4,LT04_L2SP_020045_19880529_20200917_02_T1,20.0,45.0,35.0,8814,12409,7442,0
c2_028,1988-05-29,LANDSAT_4,LT04_L2SP_020045_19880529_20200917_02_T1,20.0,45.0,35.0,10384,20837,5440,0
c2_029,1988-05-29,LANDSAT_4,LT04_L2SP_020045_19880529_20200917_02_T1,20.0,45.0,35.0,65535,65535,5896,31
c2_030,1988-05-29,LANDSAT_4,LT04_L2SP_020045_19880529_20200917_02_T1,20.0,45.0,35.0,9716,12412,7440,0
c10_001,1988-05-29,LANDSAT_4,LT04_L2SP_020045_19880529_20200917_02_T1,20.0,45.0,35.0,13710,19867,5440,0
c10_002,1988-05-29,LANDSAT_4,LT04_L2SP_020045_19880529_20200917_02_T1,20.0,45.0,35.0,10276,18792,5440,0
c10_003,1988-05-29,LANDSAT_4,LT04_L2SP_020045_19880529_20200917_02_T1,20.0,45.0,35.0,14814,18654,5440,0
c10_004,1988-05-29,LANDSAT_4,LT04_L2SP_020045_19880529_20200917_02_T1,20.0,45.0,35.0,17964,20980,5440,0
c10_005,1988-05-29,LANDSAT_4,LT04_L2SP_020045_19880529_20200917_02_T1,20.0,45.0,35.0,10947,17967,5440,0
c3_001,1988-05-29,LANDSAT_4,LT04_L2SP_020045_19880529_20200917_02_T1,20.0,45.0,35.0,65535,35477,5896,5
c3_002,1988-05-29,LANDSAT_4,LT04_L2SP_020045_19880529_20200917_02_T1,20.0,45.0,35.0,10609,14643,7442,0
c3_003,1988-05-29,LANDSAT_4,LT04_L2SP_020045_19880529_20200917_02_T1,20.0,45.0,35.0,8362,12129,7442,0
c3_004,1988-05-29,LANDSAT_4,LT04_L2SP_020045_19880529_20200917_02_T1,20.0,45.0,35.0,16774,23149,5896,0
c3_005,1988-05-29,LANDSAT_4,LT04_L2SP_020045_19880529_20200917_02_T1,20.0,45.0,35.0,9041,22610,5440,0
c3_006,1988-05-29,LANDSAT_4,LT04_L2SP_020045_19880529_20200917_02_T1,20.0,45.0,35.0,10384,20839,5442,0
c3_007,1988-05-29,LANDSAT_4,LT04_L2SP_020045_19880529_20200917_02_T1,20.0,45.0,35.0,32187,35337,5896,1
c3_008,1988-05-29,LANDSAT_4,LT04_L2SP_020045_19880529_20200917_02_T1,20.0,45.0,35.0,9841,18344,5440,0
c3_009,1988-05-29,LANDSAT_4,LT04_L2SP_020045_19880529_20200917_02_T1,20.0,45.0,35.0,8471,12549,7440,0
c3_010,1988-05-29,LANDSAT_4,LT04_L2SP_020045_19880529_20200917_02_T1,20.0,45.0,35.0,10050,18095,5440,0
c3_011,1988-05-29,LANDSAT_4,LT04_L2SP_020045_19880529_20200917_02_T1,20.0,45.0,35.0,29069,31954,5896,1
c3_012,1988-05-29,LANDSAT_4,LT04_L2SP_020045_19880529_20200917_02_T1,20.0,45.0,35.0,9601,20977,5440,0
c3_013,1988-05-29,LANDSAT_4,LT04_L2SP_020045_19880529_20200917_02_T1,20.0,45.0,35.0,10951,17796,5440,0
c3_014,1988-05-29,LANDSAT_4,LT04_L2SP_020045_19880529_20200917_02_T1,20.0,45.0,35.0,9843,19432,5440,0
c3_015,1988-05-29,LANDSAT_4,LT04_L2SP_020045_19880529_20200917_02_T1,20.0,45.0,35.0,29273,30769,5896,1
c3_016,1988-05-29,LANDSAT_4,LT04_L2SP_020045_19880529_20200917_02_T1,20.0,45.0,35.0,10176,18478,5440,0
c3_017,1988-05-29,LANDSAT_4,LT04_L2SP_020045_19880529_20200917_02_T1,20.0,45.0,35.0,65535,40258,5896,23
c3_018,1988-05-29,LANDSAT_4,LT04_L2SP_020045_19880529_20200917_02_T1,20.0,45.0,35.0,29063,31161,5896,1
c3_019,1988-05-29,LANDSAT_4,LT04_L2SP_020045_19880529_20200917_02_T1,20.0,45.0,35.0,65535,65535,5896,31
c3_020,1988-05-29,LANDSAT_4,LT04_L2SP_020045_19880529_20200917_02_T1,20.0,45.0,35.0,10383,19340,5440,0
c3_021,1988-05-29,LANDSAT_4,LT04_L2SP_020045_19880529_20200917_02_T1,20.0,45.0,35.0,10620,17659,5440,0
c3_022,1988-05-29,LANDSAT_4,LT04_L2SP_020045_19880529_20200917_02_T1,20.0,45.0,35.0,11505,19199,5440,0
c3_023,1988-05-29,LANDSAT_4,LT04_L2SP_020045_19880529_20200917_02_T1,20.0,45.0,35.0,10161,18376,5440,0
c3_024,1988-05-29,LANDSAT_4,LT04_L2SP_020045_19880529_20200917_02_T1,20.0,45.0,35.0,17216,20990,5440,0
c3_025,1988-05-29,LANDSAT_4,LT04_L2SP_020045_19880529_20200917_02_T1,20.0,45.0,35.0,9156,19594,5440,0
c3_026,1988-05-29,LANDSAT_4,LT04_L2SP_020045_19880529_20200917_02_T1,20.0,45.0,35.0,24121,27721,5896,1
c3_027,1988-05-29,LANDSAT_4,LT04_L2SP_020045_19880529_20200917_02_T1,20.0,45.0,35.0,65535,34839,5896,5
c3_028,1988-05-29,LANDSAT_4,LT04_L2SP_020045_19880529_20200917_02_T1,20.0,45.0,35.0,9608,19458,5440,0
c3_029,1988-05-29,LANDSAT_4,LT04_L2SP_020045_19880529_20200917_02_T1,20.0,45.0,35.0,17108,21126,5440,0
c3_030,1988-05-29,LANDSAT_4,LT04_L2SP_020045_19880529_20200917_02_T1,20.0,45.0,35.0,30591,32089,5896,1
c4_001,1988-05-29,LANDSAT_4,LT04_L2SP_020045_19880529_20200917_02_T1,20.0,45.0,35.0,24082,27148,5440,1
c4_002,1988-05-29,LANDSAT_4,LT04_L2SP_020045_19880529_20200917_02_T1,20.0,45.0,35.0,20826,24067,5440,0
c4_003,1988-05-29,LANDSAT_4,LT04_L2SP_020045_19880529_20200917_02_T1,20.0,45.0,35.0,22595,25119,5440,0
c4_004,1988-05-29,LANDSAT_4,LT04_L2SP_020045_19880529_20200917_02_T1,20.0,45.0,35.0,24309,26232,5440,0
c4_005,1988-05-29,LANDSAT_4,LT04_L2SP_020045_19880529_20200917_02_T1,20.0,45.0,35.0,26316,28831,5440,1
c4_006,1988-05-29,LANDSAT_4,LT04_L2SP_020045_19880529_20200917_02_T1,20.0,45.0,35.0,26822,28030,5440,1
c4_007,1988-05-29,LANDSAT_4,LT04_L2SP_020045_19880529_20200917_02_T1,20.0,45.0,35.0,12062,17970,5440,0
c4_008,1988-05-29,LANDSAT_4,LT04_L2SP_020045_19880529_20200917_02_T1,20.0,45.0,35.0,12279,18788,5442,0
c4_009,1988-05-29,LANDSAT_4,LT04_L2SP_020045_19880529_20200917_02_T1,20.0,45.0,35.0,11837,18243,5440,0
c4_010,1988-05-29,LANDSAT_4,LT04_L2SP_020045_19880529_20200917_02_T1,20.0,45.0,35.0,19895,21932,5440,0
c4_011,1988-05-29,LANDSAT_4,LT04_L2SP_020045_19880529_20200917_02_T1,20.0,45.0,35.0,11503,17554,5440,0
c4_012,1988-05-29,LANDSAT_4,LT04_L2SP_020045_19880529_20200917_02_T1,20.0,45.0,35.0,12507,18383,5440,0
c4_013,1988-05-29,LANDSAT_4,LT04_L2SP_020045_19880529_20200917_02_T1,20.0,45.0,35.0,25388,27904,5440,1
c4_014,1988-05-29,LANDSAT_4,LT04_L2SP_020045_19880529_20200917_02_T1,20.0,45.0,35.0,25628,27803,5440,1
c4_015,1988-05-29,LANDSAT_4,LT04_L2SP_020045_19880529_20200917_02_T1,20.0,45.0,35.0,11174,18658,5440,0
c4_016,1988-05-29,LANDSAT_4,LT04_L2SP_020045_19880529_20200917_02_T1,20.0,45.0,35.0,27242,29759,5440,1
c4_017,1988-05-29,LANDSAT_4,LT04_L2SP_020045_19880529_20200917_02_T1,20.0,45.0,35.0,10948,17143,5440,0
c4_018,1988-05-29,LANDSAT_4,LT04_L2SP_020045_19880529_20200917_02_T1,20.0,45.0,35.0,10945,13668,7440,0
c4_019,1988-05-29,LANDSAT_4,LT04_L2SP_020045_19880529_20200917_02_T1,20.0,45.0,35.0,20112,22342,5440,0
c4_020,1988-05-29,LANDSAT_4,LT04_L2SP_020045_19880529_20200917_02_T1,20.0,45.0,35.0,18608,21658,5440,0
c4_021,1988-05-29,LANDSAT_4,LT04_L2SP_020045_19880529_20200917_02_T1,20.0,45.0,35.0,19996,23281,5440,1
c4_022,1988-05-29,LANDSAT_4,LT04_L2SP_020045_19880529_20200917_02_T1,20.0,45.0,35.0,11279,18788,5440,0
c4_023,1988-05-29,LANDSAT_4,LT04_L2SP_020045_19880529_20200917_02_T1,20.0,45.0,35.0,21661,24056,5440,0
c4_024,1988-05-29,LANDSAT_4,LT04_L2SP_020045_19880529_20200917_02_T1,20.0,45.0,35.0,22000,24080,5440,0
c4_025,1988-05-29,LANDSAT_4,LT04_L2SP_020045_19880529_20200917_02_T1,20.0,45.0,35.0,20173,23778,5440,0
c4_026,1988-05-29,LANDSAT_4,LT04_L2SP_020045_19880529_20200917_02_T1,20.0,45.0,35.0,17427,21254,5440,0
c4_027,1988-05-29,LANDSAT_4,LT04_L2SP_020045_19880529_20200917_02_T1,20.0,45.0,35.0,23262,25558,5440,0
c4_028,1988-05-29,LANDSAT_4,LT04_L2SP_020045_19880529_20200917_02_T1,20.0,45.0,35.0,24293,27149,5440,0
c4_029,1988-05-29,LANDSAT_4,LT04_L2SP_020045_19880529_20200917_02_T1,20.0,45.0,35.0,10613,18658,5440,0
c4_030,1988-05-29,LANDSAT_4,LT04_L2SP_020045_19880529_20200917_02_T1,20.0,45.0,35.0,21057,23277,5440,0
c5_001,1988-05-29,LANDSAT_4,LT04_L2SP_020045_19880529_20200917_02_T1,20.0,45.0,35.0,10386,18658,5440,0
c5_002,1988-05-29,LANDSAT_4,LT04_L2SP_020045_19880529_20200917_02_T1,20.0,45.0,35.0,18936,23158,5440,0
c5_003,1988-05-29,LANDSAT_4,LT04_L2SP_020045_19880529_20200917_02_T1,20.0,45.0,35.0,17952,22323,5440,0
c5_004,1988-05-29,LANDSAT_4,LT04_L2SP_020045_19880529_20200917_02_T1,20.0,45.0,35.0,10387,18382,5440,0
c5_005,1988-05-29,LANDSAT_4,LT04_L2SP_020045_19880529_20200917_02_T1,20.0,45.0,35.0,17642,20708,5440,0
c5_006,1988-05-29,LANDSAT_4,LT04_L2SP_020045_19880529_20200917_02_T1,20.0,45.0,35.0,13826,18103,5440,0
c5_007,1988-05-29,LANDSAT_4,LT04_L2SP_020045_19880529_20200917_02_T1,20.0,45.0,35.0,12061,16870,5440,0
c5_008,1988-05-29,LANDSAT_4,LT04_L2SP_020045_19880529_20200917_02_T1,20.0,45.0,35.0,16236,19345,5440,0
c5_009,1988-05-29,LANDSAT_4,LT04_L2SP_020045_19880529_20200917_02_T1,20.0,45.0,35.0,10946,15759,5440,0
c5_010,1988-05-29,LANDSAT_4,LT04_L2SP_020045_19880529_20200917_02_T1,20.0,45.0,35.0,15907,18928,5440,0
c5_011,1988-05-29,LANDSAT_4,LT04_L2SP_020045_19880529_20200917_02_T1,20.0,45.0,35.0,17428,20710,5440,0
c5_012,1988-05-29,LANDSAT_4,LT04_L2SP_020045_19880529_20200917_02_T1,20.0,45.0,35.0,12389,19744,7440,0
c5_013,1988-05-29,LANDSAT_4,LT04_L2SP_020045_19880529_20200917_02_T1,20.0,45.0,35.0,11503,17685,5440,0
c5_014,1988-05-29,LANDSAT_4,LT04_L2SP_020045_19880529_20200917_02_T1,20.0,45.0,35.0,10610,18521,5440,0
c5_015,1988-05-29,LANDSAT_4,LT04_L2SP_020045_19880529_20200917_02_T1,20.0,45.0,35.0,19687,22346,5440,0
c5_016,1988-05-29,LANDSAT_4,LT04_L2SP_020045_19880529_20200917_02_T1,20.0,45.0,35.0,12834,19889,5440,0
c5_017,1988-05-29,LANDSAT_4,LT04_L2SP_020045_19880529_20200917_02_T1,20.0,45.0,35.0,10498,16865,5440,0
c5_018,1988-05-29,LANDSAT_4,LT04_L2SP_020045_19880529_20200917_02_T1,20.0,45.0,35.0,11169,18242,5440,0
c5_019,1988-05-29,LANDSAT_4,LT04_L2SP_020045_19880529_20200917_02_T1,20.0,45.0,35.0,10275,17968,5440,0
c5_020,1988-05-29,LANDSAT_4,LT04_L2SP_020045_19880529_20200917_02_T1,20.0,45.0,35.0,9938,18514,5440,0
c5_021,1988-05-29,LANDSAT_4,LT04_L2SP_020045_19880529_20200917_02_T1,20.0,45.0,35.0,19686,22887,5440,0
c5_022,1988-05-29,LANDSAT_4,LT04_L2SP_020045_19880529_20200917_02_T1,20.0,45.0,35.0,13164,17414,5440,0
c5_023,1988-05-29,LANDSAT_4,LT04_L2SP_020045_19880529_20200917_02_T1,20.0,45.0,35.0,12281,17277,5440,0
c5_024,1988-05-29,LANDSAT_4,LT04_L2SP_020045_19880529_20200917_02_T1,20.0,45.0,35.0,9487,17551,5440,0
c5_025,1988-05-29,LANDSAT_4,LT04_L2SP_020045_19880529_20200917_02_T1,20.0,45.0,35.0,12616,18109,5440,0
c5_026,1988-05-29,LANDSAT_4,LT04_L2SP_020045_19880529_20200917_02_T1,20.0,45.0,35.0,12721,17824,5440,0
c5_027,1988-05-29,LANDSAT_4,LT04_L2SP_020045_19880529_20200917_02_T1,20.0,45.0,35.0,15471,20572,5440,0
c5_028,1988-05-29,LANDSAT_4,LT04_L2SP_020045_19880529_20200917_02_T1,20.0,45.0,35.0,10164,17831,5440,0
c5_029,1988-05-29,LANDSAT_4,LT04_L2SP_020045_19880529_20200917_02_T1,20.0,45.0,35.0,10387,17554,5440,0
c5_030,1988-05-29,LANDSAT_4,LT04_L2SP_020045_19880529_20200917_02_T1,20.0,45.0,35.0,9827,18791,5440,0
c1_001,1988-10-04,LANDSAT_4,LT04_L2SP_020045_19881004_20200917_02_T1,20.0,45.0,65.0,21039,21003,5896,32
c1_002,1988-10-04,LANDSAT_4,LT04_L2SP_020045_19881004_20200917_02_T1,20.0,45.0,65.0,65535,65535,5896,47
c1_003,1988-10-04,LANDSAT_4,LT04_L2SP_020045_19881004_20200917_02_T1,20.0,45.0,65.0,30007,30401,5896,33
c1_004,1988-10-04,LANDSAT_4,LT04_L2SP_020045_19881004_20200917_02_T1,20.0,45.0,65.0,33176,33732,5896,33
c1_005,1988-10-04,LANDSAT_4,LT04_L2SP_020045_19881004_20200917_02_T1,20.0,45.0,65.0,65535,40971,5896,37
c1_006,1988-10-04,LANDSAT_4,LT04_L2SP_020045_19881004_20200917_02_T1,20.0,45.0,65.0,65535,65535,5896,47
c1_007,1988-10-04,LANDSAT_4,LT04_L2SP_020045_19881004_20200917_02_T1,20.0,45.0,65.0,20389,23851,5896,0
c1_008,1988-10-04,LANDSAT_4,LT04_L2SP_020045_19881004_20200917_02_T1,20.0,45.0,65.0,30696,32657,5896,1
c1_009,1988-10-04,LANDSAT_4,LT04_L2SP_020045_19881004_20200917_02_T1,20.0,45.0,65.0,14149,16945,5896,0
c1_010,1988-10-04,LANDSAT_4,LT04_L2SP_020045_19881004_20200917_02_T1,20.0,45.0,65.0,65535,65535,5896,47
c1_011,1988-10-04,LANDSAT_4,LT04_L2SP_020045_19881004_20200917_02_T1,20.0,45.0,65.0,36262,37585,5896,33
c1_012,1988-10-04,LANDSAT_4,LT04_L2SP_020045_19881004_20200917_02_T1,20.0,45.0,65.0,36056,36721,5896,33
c1_013,1988-10-04,LANDSAT_4,LT04_L2SP_020045_19881004_20200917_02_T1,20.0,45.0,65.0,33386,34609,5896,33
c1_014,1988-10-04,LANDSAT_4,LT04_L2SP_020045_19881004_20200917_02_T1,20.0,45.0,65.0,65535,44691,5896,39
c1_015,1988-10-04,LANDSAT_4,LT04_L2SP_020045_19881004_20200917_02_T1,20.0,45.0,65.0,29055,29484,5896,33
c1_016,1988-10-04,LANDSAT_4,LT04_L2SP_020045_19881004_20200917_02_T1,20.0,45.0,65.0,16909,20825,5896,0
c1_017,1988-10-04,LANDSAT_4,LT04_L2SP_020045_19881004_20200917_02_T1,20.0,45.0,65.0,32332,34452,5896,1
c1_018,1988-10-04,LANDSAT_4,LT04_L2SP_020045_19881004_20200917_02_T1,20.0,45.0,65.0,65535,40536,5896,37
c1_019,1988-10-04,LANDSAT_4,LT04_L2SP_020045_19881004_20200917_02_T1,20.0,45.0,65.0,30371,30715,5896,33
c1_020,1988-10-04,LANDSAT_4,LT04_L2SP_020045_19881004_20200917_02_T1,20.0,45.0,65.0,25144,27915,5896,1
c1_021,1988-10-04,LANDSAT_4,LT04_L2SP_020045_19881004_20200917_02_T1,20.0,45.0,65.0,65535,39961,5896,37
c1_022,1988-10-04,LANDSAT_4,LT04_L2SP_020045_19881004_20200917_02_T1,20.0,45.0,65.0,65535,65535,5896,47
c1_023,1988-10-04,LANDSAT_4,LT04_L2SP_020045_19881004_20200917_02_T1,20.0,45.0,65.0,65535,65535,5896,47
c1_024,1988-10-04,LANDSAT_4,LT04_L2SP_020045_19881004_20200917_02_T1,20.0,45.0,65.0,21154,22427,5896,0
c1_025,1988-10-04,LANDSAT_4,LT04_L2SP_020045_19881004_20200917_02_T1,20.0,45.0,65.0,65535,40391,5896,37
c1_026,1988-10-04,LANDSAT_4,LT04_L2SP_020045_19881004_20200917_02_T1,20.0,45.0,65.0,24894,28375,5896,1
c1_027,1988-10-04,LANDSAT_4,LT04_L2SP_020045_19881004_20200917_02_T1,20.0,45.0,65.0,65535,65535,5896,47
c1_028,1988-10-04,LANDSAT_4,LT04_L2SP_020045_19881004_20200917_02_T1,20.0,45.0,65.0,30114,31305,5896,1
c1_029,1988-10-04,LANDSAT_4,LT04_L2SP_020045_19881004_20200917_02_T1,20.0,45.0,65.0,65535,65535,5896,15
c1_030,1988-10-04,LANDSAT_4,LT04_L2SP_020045_19881004_20200917_02_T1,20.0,45.0,65.0,24303,23872,5896,33
c2_001,1988-10-04,LANDSAT_4,LT04_L2SP_020045_19881004_20200917_02_T1,20.0,45.0,65.0,18207,22580,5896,0
c2_002,1988-10-04,LANDSAT_4,LT04_L2SP_020045_19881004_20200917_02_T1,20.0,45.0,65.0,17055,16955,5896,0
c2_003,1988-10-04,LANDSAT_4,LT04_L2SP_020045_19881004_20200917_02_T1,20.0,45.0,65.0,17449,16959,5896,0
c2_004,1988-10-04,LANDSAT_4,LT04_L2SP_020045_19881004_20200917_02_T1,20.0,45.0,65.0,33765,34041,5896,33
c2_005,1988-10-04,LANDSAT_4,LT04_L2SP_020045_19881004_20200917_02_T1,20.0,45.0,65.0,65535,65535,5896,47
c2_006,1988-10-04,LANDSAT_4,LT04_L2SP_020045_19881004_20200917_02_T1,20.0,45.0,65.0,65535,65535,5896,39
c2_007,1988-10-04,LANDSAT_4,LT04_L2SP_020045_19881004_20200917_02_T1,20.0,45.0,65.0,27105,28693,5896,1
c2_008,1988-10-04,LANDSAT_4,LT04_L2SP_020045_19881004_20200917_02_T1,20.0,45.0,65.0,65535,65535,5896,47
c2_009,1988-10-04,LANDSAT_4,LT04_L2SP_020045_19881004_20200917_02_T1,20.0,45.0,65.0,17708,17285,5896,0
c2_010,1988-10-04,LANDSAT_4,LT04_L2SP_020045_19881004_20200917_02_T1,20.0,45.0,65.0,65535,39642,5896,37
c2_011,1988-10-04,LANDSAT_4,LT04_L2SP_020045_19881004_20200917_02_T1,20.0,45.0,65.0,18726,22901,5896,0
c2_012,1988-10-04,LANDSAT_4,LT04_L2SP_020045_19881004_20200917_02_T1,20.0,45.0,65.0,65535,65535,5896,15
c2_013,1988-10-04,LANDSAT_4,LT04_L2SP_020045_19881004_20200917_02_T1,20.0,45.0,65.0,65535,41817,5896,37
c2_014,1988-10-04,LANDSAT_4,LT04_L2SP_020045_19881004_20200917_02_T1,20.0,45.0,65.0,17446,17445,5896,0
c2_015,1988-10-04,LANDSAT_4,LT04_L2SP_020045_19881004_20200917_02_T1,20.0,45.0,65.0,65535,65535,5896,47
c2_016,1988-10-04,LANDSAT_4,LT04_L2SP_020045_19881004_20200917_02_T1,20.0,45.0,65.0,18467,20345,5896,0
c2_017,1988-10-04,LANDSAT_4,LT04_L2SP_020045_19881004_20200917_02_T1,20.0,45.0,65.0,20520,22905,5896,1
c2_018,1988-10-04,LANDSAT_4,LT04_L2SP_020045_19881004_20200917_02_T1,20.0,45.0,65.0,27238,27777,5896,1
c2_019,1988-10-04,LANDSAT_4,LT04_L2SP_020045_19881004_20200917_02_T1,20.0,45.0,65.0,31785,32234,5896,33
c2_020,1988-10-04,LANDSAT_4,LT04_L2SP_020045_19881004_20200917_02_T1,20.0,45.0,65.0,65535,65535,5896,47
c2_021,1988-10-04,LANDSAT_4,LT04_L2SP_020045_19881004_20200917_02_T1,20.0,45.0,65.0,65535,40956,5896,37
c2_022,1988-10-04,LANDSAT_4,LT04_L2SP_020045_19881004_20200917_02_T1,20.0,45.0,65.0,34566,35232,5896,33
c2_023,1988-10-04,LANDSAT_4,LT04_L2SP_020045_19881004_20200917_02_T1,20.0,45.0,65.0,65535,39913,5896,5
c2_024,1988-10-04,LANDSAT_4,LT04_L2SP_020045_19881004_20200917_02_T1,20.0,45.0,65.0,65535,65535,5896,47
c2_025,1988-10-04,LANDSAT_4,LT04_L2SP_020045_19881004_20200917_02_T1,20.0,45.0,65.0,65535,65535,5896,47
c2_026,1988-10-04,LANDSAT_4,LT04_L2SP_020045_19881004_20200917_02_T1,20.0,45.0,65.0,16794,16464,5896,0
c2_027,1988-10-04,LANDSAT_4,LT04_L2SP_020045_19881004_20200917_02_T1,20.0,45.0,65.0,28917,29772,5896,1
c2_028,1988-10-04,LANDSAT_4,LT04_L2SP_020045_19881004_20200917_02_T1,20.0,45.0,65.0,32685,34605,5896,1
c2_029,1988-10-04,LANDSAT_4,LT04_L2SP_020045_19881004_20200917_02_T1,20.0,45.0,65.0,23039,25740,5896,1
c2_030,1988-10-04,LANDSAT_4,LT04_L2SP_020045_19881004_20200917_02_T1,20.0,45.0,65.0,65535,65535,5896,47
c10_001,1988-10-04,LANDSAT_4,LT04_L2SP_020045_19881004_20200917_02_T1,20.0,45.0,65.0,19879,22583,5896,0
c10_002,1988-10-04,LANDSAT_4,LT04_L2SP_020045_19881004_20200917_02_T1,20.0,45.0,65.0,26261,26532,5896,1
c10_003,1988-10-04,LANDSAT_4,LT04_L2SP_020045_19881004_20200917_02_T1,20.0,45.0,65.0,24292,24494,5896,1
c10_004,1988-10-04,LANDSAT_4,LT04_L2SP_020045_19881004_20200917_02_T1,20.0,45.0,65.0,26016,26219,5896,1
c10_005,1988-10-04,LANDSAT_4,LT04_L2SP_020045_19881004_20200917_02_T1,20.0,45.0,65.0,26139,26531,5896,1
c3_001,1988-10-04,LANDSAT_4,LT04_L2SP_020045_19881004_20200917_02_T1,20.0,45.0,65.0,65535,65535,5896,47
c3_002,1988-10-04,LANDSAT_4,LT04_L2SP_020045_19881004_20200917_02_T1,20.0,45.0,65.0,30814,31901,5896,1
c3_003,1988-10-04,LANDSAT_4,LT04_L2SP_020045_19881004_20200917_02_T1,20.0,45.0,65.0,32692,34164,5896,1
c3_004,1988-10-04,LANDSAT_4,LT04_L2SP_020045_19881004_20200917_02_T1,20.0,45.0,65.0,65535,65535,5896,47
c3_005,1988-10-04,LANDSAT_4,LT04_L2SP_020045_19881004_20200917_02_T1,20.0,45.0,65.0,65535,65535,5896,39
c3_006,1988-10-04,LANDSAT_4,LT04_L2SP_020045_19881004_20200917_02_T1,20.0,45.0,65.0,15076,18735,5896,0
c3_007,1988-10-04,LANDSAT_4,LT04_L2SP_020045_19881004_20200917_02_T1,20.0,45.0,65.0,24277,25892,5896,1
c3_008,1988-10-04,LANDSAT_4,LT04_L2SP_020045_19881004_20200917_02_T1,20.0,45.0,65.0,23415,24171,5896,1
c3_009,1988-10-04,LANDSAT_4,LT04_L2SP_020045_19881004_20200917_02_T1,20.0,45.0,65.0,23291,25586,5896,1
c3_010,1988-10-04,LANDSAT_4,LT04_L2SP_020045_19881004_20200917_02_T1,20.0,45.0,65.0,24167,24963,5896,1
c3_011,1988-10-04,LANDSAT_4,LT04_L2SP_020045_19881004_20200917_02_T1,20.0,45.0,65.0,65535,42676,5896,37
c3_012,1988-10-04,LANDSAT_4,LT04_L2SP_020045_19881004_20200917_02_T1,20.0,45.0,65.0,34431,35807,5896,33
c3_013,1988-10-04,LANDSAT_4,LT04_L2SP_020045_19881004_20200917_02_T1,20.0,45.0,65.0,22915,23540,5896,1
c3_014,1988-10-04,LANDSAT_4,LT04_L2SP_020045_19881004_20200917_02_T1,20.0,45.0,65.0,20011,21152,5896,0
c3_015,1988-10-04,LANDSAT_4,LT04_L2SP_020045_19881004_20200917_02_T1,20.0,45.0,65.0,65535,41667,5896,37
c3_016,1988-10-04,LANDSAT_4,LT04_L2SP_020045_19881004_20200917_02_T1,20.0,45.0,65.0,21660,22429,5896,0
c3_017,1988-10-04,LANDSAT_4,LT04_L2SP_020045_19881004_20200917_02_T1,20.0,45.0,65.0,27950,29922,5896,1
c3_018,1988-10-04,LANDSAT_4,LT04_L2SP_020045_19881004_20200917_02_T1,20.0,45.0,65.0,65535,65535,5896,15
c3_019,1988-10-04,LANDSAT_4,LT04_L2SP_020045_19881004_20200917_02_T1,20.0,45.0,65.0,34877,36684,5896,1
c3_020,1988-10-04,LANDSAT_4,LT04_L2SP_020045_19881004_20200917_02_T1,20.0,45.0,65.0,20774,23063,5896,0
c3_021,1988-10-04,LANDSAT_4,LT04_L2SP_020045_19881004_20200917_02_T1,20.0,45.0,65.0,22416,23381,5896,1
c3_022,1988-10-04,LANDSAT_4,LT04_L2SP_020045_19881004_20200917_02_T1,20.0,45.0,65.0,65535,65535,5896,47
c3_023,1988-10-04,LANDSAT_4,LT04_L2SP_020045_19881004_20200917_02_T1,20.0,45.0,65.0,35466,36554,5896,33
c3_024,1988-10-04,LANDSAT_4,LT04_L2SP_020045_19881004_20200917_02_T1,20.0,45.0,65.0,27368,27631,5896,33
c3_025,1988-10-04,LANDSAT_4,LT04_L2SP_020045_19881004_20200917_02_T1,20.0,45.0,65.0,16520,22267,5896,0
c3_026,1988-10-04,LANDSAT_4,LT04_L2SP_020045_19881004_20200917_02_T1,20.0,45.0,65.0,65535,65535,5896,47
c3_027,1988-10-04,LANDSAT_4,LT04_L2SP_020045_19881004_20200917_02_T1,20.0,45.0,65.0,65535,65535,5896,47
c3_028,1988-10-04,LANDSAT_4,LT04_L2SP_020045_19881004_20200917_02_T1,20.0,45.0,65.0,18602,20834,5896,0
c3_029,1988-10-04,LANDSAT_4,LT04_L2SP_020045_19881004_20200917_02_T1,20.0,45.0,65.0,27853,28098,5896,33
c3_030,1988-10-04,LANDSAT_4,LT04_L2SP_020045_19881004_20200917_02_T1,20.0,45.0,65.0,65535,65535,5896,47
c4_001,1988-10-04,LANDSAT_4,LT04_L2SP_020045_19881004_20200917_02_T1,20.0,45.0,65.0,22161,23378,5896,1
c4_002,1988-10-04,LANDSAT_4,LT04_L2SP_020045_19881004_20200917_02_T1,20.0,45.0,65.0,17955,20029,5896,0
c4_003,1988-10-04,LANDSAT_4,LT04_L2SP_020045_19881004_20200917_02_T1,20.0,45.0,65.0,26983,27921,5896,1
c4_004,1988-10-04,LANDSAT_4,LT04_L2SP_020045_19881004_20200917_02_T1,20.0,45.0,65.0,19884,21154,5896,0
c4_005,1988-10-04,LANDSAT_4,LT04_L2SP_020045_19881004_20200917_02_T1,20.0,45.0,65.0,22543,23066,5896,1
c4_006,1988-10-04,LANDSAT_4,LT04_L2SP_020045_19881004_20200917_02_T1,20.0,45.0,65.0,19116,19545,5896,0
c4_007,1988-10-04,LANDSAT_4,LT04_L2SP_020045_19881004_20200917_02_T1,20.0,45.0,65.0,65535,41688,5896,37
c4_008,1988-10-04,LANDSAT_4,LT04_L2SP_020045_19881004_20200917_02_T1,20.0,45.0,65.0,65535,40937,5896,37
c4_009,1988-10-04,LANDSAT_4,LT04_L2SP_020045_19881004_20200917_02_T1,20.0,45.0,65.0,35593,36565,5896,33
c4_010,1988-10-04,LANDSAT_4,LT04_L2SP_020045_19881004_20200917_02_T1,20.0,45.0,65.0,23546,23704,5896,1
c4_011,1988-10-04,LANDSAT_4,LT04_L2SP_020045_19881004_20200917_02_T1,20.0,45.0,65.0,30474,30852,5896,1
c4_012,1988-10-04,LANDSAT_4,LT04_L2SP_020045_19881004_20200917_02_T1,20.0,45.0,65.0,36516,37170,5896,37
c4_013,1988-10-04,LANDSAT_4,LT04_L2SP_020045_19881004_20200917_02_T1,20.0,45.0,65.0,22291,22907,5896,1
c4_014,1988-10-04,LANDSAT_4,LT04_L2SP_020045_19881004_20200917_02_T1,20.0,45.0,65.0,22037,23063,5896,1
c4_015,1988-10-04,LANDSAT_4,LT04_L2SP_020045_19881004_20200917_02_T1,20.0,45.0,65.0,65535,40974,5896,37
c4_016,1988-10-04,LANDSAT_4,LT04_L2SP_020045_19881004_20200917_02_T1,20.0,45.0,65.0,22793,23383,5896,1
c4_017,1988-10-04,LANDSAT_4,LT04_L2SP_020045_19881004_20200917_02_T1,20.0,45.0,65.0,65535,37757,5896,37
c4_018,1988-10-04,LANDSAT_4,LT04_L2SP_020045_19881004_20200917_02_T1,20.0,45.0,65.0,24656,25899,5896,1
c4_019,1988-10-04,LANDSAT_4,LT04_L2SP_020045_19881004_20200917_02_T1,20.0,45.0,65.0,22672,23387,5896,1
c4_020,1988-10-04,LANDSAT_4,LT04_L2SP_020045_19881004_20200917_02_T1,20.0,45.0,65.0,17175,19221,5896,0
c4_021,1988-10-04,LANDSAT_4,LT04_L2SP_020045_19881004_20200917_02_T1,20.0,45.0,65.0,25402,25905,5896,1
c4_022,1988-10-04,LANDSAT_4,LT04_L2SP_020045_19881004_20200917_02_T1,20.0,45.0,65.0,36594,37871,5896,33
c4_023,1988-10-04,LANDSAT_4,LT04_L2SP_020045_19881004_20200917_02_T1,20.0,45.0,65.0,22037,23063,5896,0
c4_024,1988-10-04,LANDSAT_4,LT04_L2SP_020045_19881004_20200917_02_T1,20.0,45.0,65.0,23166,24330,5896,1
c4_025,1988-10-04,LANDSAT_4,LT04_L2SP_020045_19881004_20200917_02_T1,20.0,45.0,65.0,23041,24013,5896,1
c4_026,1988-10-04,LANDSAT_4,LT04_L2SP_020045_19881004_20200917_02_T1,20.0,45.0,65.0,22173,21960,5896,1
c4_027,1988-10-04,LANDSAT_4,LT04_L2SP_020045_19881004_20200917_02_T1,20.0,45.0,65.0,23790,24802,5896,1
c4_028,1988-10-04,LANDSAT_4,LT04_L2SP_020045_19881004_20200917_02_T1,20.0,45.0,65.0,20390,21788,5896,0
c4_029,1988-10-04,LANDSAT_4,LT04_L2SP_020045_19881004_20200917_02_T1,20.0,45.0,65.0,34570,34938,5896,33
c4_030,1988-10-04,LANDSAT_4,LT04_L2SP_020045_19881004_20200917_02_T1,20.0,45.0,65.0,17695,18899,5896,0
c5_001,1988-10-04,LANDSAT_4,LT04_L2SP_020045_19881004_20200917_02_T1,20.0,45.0,65.0,23926,24025,5896,1
c5_002,1988-10-04,LANDSAT_4,LT04_L2SP_020045_19881004_20200917_02_T1,20.0,45.0,65.0,30123,30703,5896,33
c5_003,1988-10-04,LANDSAT_4,LT04_L2SP_020045_19881004_20200917_02_T1,20.0,45.0,65.0,18086,20191,5896,0
c5_004,1988-10-04,LANDSAT_4,LT04_L2SP_020045_19881004_20200917_02_T1,20.0,45.0,65.0,20019,20358,5896,0
c5_005,1988-10-04,LANDSAT_4,LT04_L2SP_020045_19881004_20200917_02_T1,20.0,45.0,65.0,18346,18902,5896,0
c5_006,1988-10-04,LANDSAT_4,LT04_L2SP_020045_19881004_20200917_02_T1,20.0,45.0,65.0,32236,32518,5896,1
c5_007,1988-10-04,LANDSAT_4,LT04_L2SP_020045_19881004_20200917_02_T1,20.0,45.0,65.0,28695,29022,5896,33
c5_008,1988-10-04,LANDSAT_4,LT04_L2SP_020045_19881004_20200917_02_T1,20.0,45.0,65.0,32830,33132,5896,33
c5_009,1988-10-04,LANDSAT_4,LT04_L2SP_020045_19881004_20200917_02_T1,20.0,45.0,65.0,21038,20841,5896,1
c5_010,1988-10-04,LANDSAT_4,LT04_L2SP_020045_19881004_20200917_02_T1,20.0,45.0,65.0,24539,24335,5896,1
c5_011,1988-10-04,LANDSAT_4,LT04_L2SP_020045_19881004_20200917_02_T1,20.0,45.0,65.0,29765,29939,5896,33
c5_012,1988-10-04,LANDSAT_4,LT04_L2SP_020045_19881004_20200917_02_T1,20.0,45.0,65.0,15211,18413,5896,0
c5_013,1988-10-04,LANDSAT_4,LT04_L2SP_020045_19881004_20200917_02_T1,20.0,45.0,65.0,17178,19708,5896,0
c5_014,1988-10-04,LANDSAT_4,LT04_L2SP_020045_19881004_20200917_02_T1,20.0,45.0,65.0,23678,23551,5896,1
c5_015,1988-10-04,LANDSAT_4,LT04_L2SP_020045_19881004_20200917_02_T1,20.0,45.0,65.0,30003,30551,5896,33
c5_016,1988-10-04,LANDSAT_4,LT04_L2SP_020045_19881004_20200917_02_T1,20.0,45.0,65.0,22425,22438,5896,1
c5_017,1988-10-04,LANDSAT_4,LT04_L2SP_020045_19881004_20200917_02_T1,20.0,45.0,65.0,27114,27156,5896,1
c5_018,1988-10-04,LANDSAT_4,LT04_L2SP_020045_19881004_20200917_02_T1,20.0,45.0,65.0,27597,28084,5896,1
c5_019,1988-10-04,LANDSAT_4,LT04_L2SP_020045_19881004_20200917_02_T1,20.0,45.0,65.0,23551,23708,5896,1
c5_020,1988-10-04,LANDSAT_4,LT04_L2SP_020045_19881004_20200917_02_T1,20.0,45.0,65.0,33167,34622,5896,1
c5_021,1988-10-04,LANDSAT_4,LT04_L2SP_020045_19881004_20200917_02_T1,20.0,45.0,65.0,32363,32981,5896,33
c5_022,1988-10-04,LANDSAT_4,LT04_L2SP_020045_19881004_20200917_02_T1,20.0,45.0,65.0,34670,35221,5896,1
c5_023,1988-10-04,LANDSAT_4,LT04_L2SP_020045_19881004_20200917_02_T1,20.0,45.0,65.0,25894,26219,5896,1
c5_024,1988-10-04,LANDSAT_4,LT04_L2SP_020045_19881004_20200917_02_T1,20.0,45.0,65.0,15077,17435,5896,0
c5_025,1988-10-04,LANDSAT_4,LT04_L2SP_020045_19881004_20200917_02_T1,20.0,45.0,65.0,35834,36431,5896,33
c5_026,1988-10-04,LANDSAT_4,LT04_L2SP_020045_19881004_20200917_02_T1,20.0,45.0,65.0,35469,36556,5896,1
c5_027,1988-10-04,LANDSAT_4,LT04_L2SP_020045_19881004_20200917_02_T1,20.0,45.0,65.0,23799,23708,5896,1
c5_028,1988-10-04,LANDSAT_4,LT04_L2SP_020045_19881004_20200917_02_T1,20.0,45.0,65.0,23302,23233,5896,1
c5_029,1988-10-04,LANDSAT_4,LT04_L2SP_020045_19881004_20200917_02_T1,20.0,45.0,65.0,25650,25907,5896,1
c5_030,1988-10-04,LANDSAT_4,LT04_L2SP_020045_19881004_20200917_02_T1,20.0,45.0,65.0,27355,27620,5896,1
c1_001,1988-10-20,LANDSAT_4,LT04_L2SP_020045_19881020_20200917_02_T1,20.0,45.0,14.0,10075,13687,7698,0
c1_002,1988-10-20,LANDSAT_4,LT04_L2SP_020045_19881020_20200917_02_T1,20.0,45.0,14.0,8045,10889,7440,0
c1_003,1988-10-20,LANDSAT_4,LT04_L2SP_020045_19881020_20200917_02_T1,20.0,45.0,14.0,16422,16763,5896,0
c1_004,1988-10-20,LANDSAT_4,LT04_L2SP_020045_19881020_20200917_02_T1,20.0,45.0,14.0,9949,15532,5896,0
c1_005,1988-10-20,LANDSAT_4,LT04_L2SP_020045_19881020_20200917_02_T1,20.0,45.0,14.0,9062,18287,7440,0
c1_006,1988-10-20,LANDSAT_4,LT04_L2SP_020045_19881020_20200917_02_T1,20.0,45.0,14.0,8680,15374,7440,0
c1_007,1988-10-20,LANDSAT_4,LT04_L2SP_020045_19881020_20200917_02_T1,20.0,45.0,14.0,14199,17988,5896,0
c1_008,1988-10-20,LANDSAT_4,LT04_L2SP_020045_19881020_20200917_02_T1,20.0,45.0,14.0,8423,11664,7440,0
c1_009,1988-10-20,LANDSAT_4,LT04_L2SP_020045_19881020_20200917_02_T1,20.0,45.0,14.0,22925,26700,5896,1
c1_010,1988-10-20,LANDSAT_4,LT04_L2SP_020045_19881020_20200917_02_T1,20.0,45.0,14.0,8680,11356,7442,0
c1_011,1988-10-20,LANDSAT_4,LT04_L2SP_020045_19881020_20200917_02_T1,20.0,45.0,14.0,31871,34907,5896,1
c1_012,1988-10-20,LANDSAT_4,LT04_L2SP_020045_19881020_20200917_02_T1,20.0,45.0,14.0,8171,13066,7440,0
c1_013,1988-10-20,LANDSAT_4,LT04_L2SP_020045_19881020_20200917_02_T1,20.0,45.0,14.0,10451,15678,5896,0
c1_014,1988-10-20,LANDSAT_4,LT04_L2SP_020045_19881020_20200917_02_T1,20.0,45.0,14.0,7917,9799,7440,0
c1_015,1988-10-20,LANDSAT_4,LT04_L2SP_020045_19881020_20200917_02_T1,20.0,45.0,14.0,8554,14148,5440,0
c1_016,1988-10-20,LANDSAT_4,LT04_L2SP_020045_19881020_20200917_02_T1,20.0,45.0,14.0,31476,32633,5896,1
c1_017,1988-10-20,LANDSAT_4,LT04_L2SP_020045_19881020_20200917_02_T1,20.0,45.0,14.0,9912,18637,5440,0
c1_018,1988-10-20,LANDSAT_4,LT04_L2SP_020045_19881020_20200917_02_T1,20.0,45.0,14.0,7915,11981,7440,0
c1_019,1988-10-20,LANDSAT_4,LT04_L2SP_020045_19881020_20200917_02_T1,20.0,45.0,14.0,30531,32321,5896,1
c1_020,1988-10-20,LANDSAT_4,LT04_L2SP_020045_19881020_20200917_02_T1,20.0,45.0,14.0,8037,10574,7440,0
c1_021,1988-10-20,LANDSAT_4,LT04_L2SP_020045_19881020_20200917_02_T1,20.0,45.0,14.0,8298,12136,7440,0
c1_022,1988-10-20,LANDSAT_4,LT04_L2SP_020045_19881020_20200917_02_T1,20.0,45.0,14.0,9188,21166,5440,0
c1_023,1988-10-20,LANDSAT_4,LT04_L2SP_020045_19881020_20200917_02_T1,20.0,45.0,14.0,21979,26855,5896,1
c1_024,1988-10-20,LANDSAT_4,LT04_L2SP_020045_19881020_20200917_02_T1,20.0,45.0,14.0,8926,16455,7440,0
c1_025,1988-10-20,LANDSAT_4,LT04_L2SP_020045_19881020_20200917_02_T1,20.0,45.0,14.0,16421,20416,5896,0
c1_026,1988-10-20,LANDSAT_4,LT04_L2SP_020045_19881020_20200917_02_T1,20.0,45.0,14.0,65535,41891,5896,21
c1_027,1988-10-20,LANDSAT_4,LT04_L2SP_020045_19881020_20200917_02_T1,20.0,45.0,14.0,23643,27448,5896,1
c1_028,1988-10-20,LANDSAT_4,LT04_L2SP_020045_19881020_20200917_02_T1,20.0,45.0,14.0,14445,16142,5896,0
c1_029,1988-10-20,LANDSAT_4,LT04_L2SP_020045_19881020_20200917_02_T1,20.0,45.0,14.0,10956,16298,7696,0
c1_030,1988-10-20,LANDSAT_4,LT04_L2SP_020045_19881020_20200917_02_T1,20.0,45.0,14.0,9189,18136,7440,0
c2_001,1988-10-20,LANDSAT_4,LT04_L2SP_020045_19881020_20200917_02_T1,20.0,45.0,14.0,10144,21599,5442,0
c2_002,1988-10-20,LANDSAT_4,LT04_L2SP_020045_19881020_20200917_02_T1,20.0,45.0,14.0,8555,12292,5440,0
c2_003,1988-10-20,LANDSAT_4,LT04_L2SP_020045_19881020_20200917_02_T1,20.0,45.0,14.0,7661,9643,5440,0
c2_004,1988-10-20,LANDSAT_4,LT04_L2SP_020045_19881020_20200917_02_T1,20.0,45.0,14.0,16299,20113,5896,0
c2_005,1988-10-20,LANDSAT_4,LT04_L2SP_020045_19881020_20200917_02_T1,20.0,45.0,14.0,9443,17982,5440,0
c2_006,1988-10-20,LANDSAT_4,LT04_L2SP_020045_19881020_20200917_02_T1,20.0,45.0,14.0,8171,13062,7440,0
c2_007,1988-10-20,LANDSAT_4,LT04_L2SP_020045_19881020_20200917_02_T1,20.0,45.0,14.0,23279,24762,5896,1
c2_008,1988-10-20,LANDSAT_4,LT04_L2SP_020045_19881020_20200917_02_T1,20.0,45.0,14.0,9693,15528,5440,0
c2_009,1988-10-20,LANDSAT_4,LT04_L2SP_020045_19881020_20200917_02_T1,20.0,45.0,14.0,10706,11359,5896,0
c2_010,1988-10-20,LANDSAT_4,LT04_L2SP_020045_19881020_20200917_02_T1,20.0,45.0,14.0,21254,24313,5896,0
c2_011,1988-10-20,LANDSAT_4,LT04_L2SP_020045_19881020_20200917_02_T1,20.0,45.0,14.0,35846,36280,5896,5
c2_012,1988-10-20,LANDSAT_4,LT04_L2SP_020045_19881020_20200917_02_T1,20.0,45.0,14.0,17881,23723,5896,1
c2_013,1988-10-20,LANDSAT_4,LT04_L2SP_020045_19881020_20200917_02_T1,20.0,45.0,14.0,14071,18125,5896,0
c2_014,1988-10-20,LANDSAT_4,LT04_L2SP_020045_19881020_20200917_02_T1,20.0,45.0,14.0,8936,15075,5440,0
c2_015,1988-10-20,LANDSAT_4,LT04_L2SP_020045_19881020_20200917_02_T1,20.0,45.0,14.0,30617,32728,5896,1
c2_016,1988-10-20,LANDSAT_4,LT04_L2SP_020045_19881020_20200917_02_T1,20.0,45.0,14.0,26541,28109,5896,1
c2_017,1988-10-20,LANDSAT_4,LT04_L2SP_020045_19881020_20200917_02_T1,20.0,45.0,14.0,8554,10888,7442,0
c2_018,1988-10-20,LANDSAT_4,LT04_L2SP_020045_19881020_20200917_02_T1,20.0,45.0,14.0,8681,10735,5440,0
c2_019,1988-10-20,LANDSAT_4,LT04_L2SP_020045_19881020_20200917_02_T1,20.0,45.0,14.0,7918,9956,5442,0
c2_020,1988-10-20,LANDSAT_4,LT04_L2SP_020045_19881020_20200917_02_T1,20.0,45.0,14.0,24111,29510,5896,1
c2_021,1988-10-20,LANDSAT_4,LT04_L2SP_020045_19881020_20200917_02_T1,20.0,45.0,14.0,8934,18889,5440,0
c2_022,1988-10-20,LANDSAT_4,LT04_L2SP_020045_19881020_20200917_02_T1,20.0,45.0,14.0,65535,65535,5896,31
c2_023,1988-10-20,LANDSAT_4,LT04_L2SP_020045_19881020_20200917_02_T1,20.0,45.0,14.0,8777,12130,7442,0
c2_024,1988-10-20,LANDSAT_4,LT04_L2SP_020045_19881020_20200917_02_T1,20.0,45.0,14.0,65535,65535,5896,23
c2_025,1988-10-20,LANDSAT_4,LT04_L2SP_020045_19881020_20200917_02_T1,20.0,45.0,14.0,9061,19649,5440,0
c2_026,1988-10-20,LANDSAT_4,LT04_L2SP_020045_19881020_20200917_02_T1,20.0,45.0,14.0,8427,12137,5440,0
c2_027,1988-10-20,LANDSAT_4,LT04_L2SP_020045_19881020_20200917_02_T1,20.0,45.0,14.0,10200,12752,5896,0
c2_028,1988-10-20,LANDSAT_4,LT04_L2SP_020045_19881020_20200917_02_T1,20.0,45.0,14.0,65535,65535,5896,31
c2_029,1988-10-20,LANDSAT_4,LT04_L2SP_020045_19881020_20200917_02_T1,20.0,45.0,14.0,13325,20852,5698,0
c2_030,1988-10-20,LANDSAT_4,LT04_L2SP_020045_19881020_20200917_02_T1,20.0,45.0,14.0,15799,22366,5896,0
c10_001,1988-10-20,LANDSAT_4,LT04_L2SP_020045_19881020_20200917_02_T1,20.0,45.0,14.0,12831,14310,5896,0
c10_002,1988-10-20,LANDSAT_4,LT04_L2SP_020045_19881020_20200917_02_T1,20.0,45.0,14.0,9190,13683,5440,0
c10_003,1988-10-20,LANDSAT_4,LT04_L2SP_020045_19881020_20200917_02_T1,20.0,45.0,14.0,9317,10891,5440,0
c10_004,1988-10-20,LANDSAT_4,LT04_L2SP_020045_19881020_20200917_02_T1,20.0,45.0,14.0,7919,8076,7440,0
c10_005,1988-10-20,LANDSAT_4,LT04_L2SP_020045_19881020_20200917_02_T1,20.0,45.0,14.0,9443,11359,5440,0
c3_001,1988-10-20,LANDSAT_4,LT04_L2SP_020045_19881020_20200917_02_T1,20.0,45.0,14.0,8934,19649,5440,0
c3_002,1988-10-20,LANDSAT_4,LT04_L2SP_020045_19881020_20200917_02_T1,20.0,45.0,14.0,65535,40364,5896,5
c3_003,1988-10-20,LANDSAT_4,LT04_L2SP_020045_19881020_20200917_02_T1,20.0,45.0,14.0,65535,42493,5896,23
c3_004,1988-10-20,LANDSAT_4,LT04_L2SP_020045_19881020_20200917_02_T1,20.0,45.0,14.0,9061,18125,5440,0
c3_005,1988-10-20,LANDSAT_4,LT04_L2SP_020045_19881020_20200917_02_T1,20.0,45.0,14.0,11206,18888,7698,0
c3_006,1988-10-20,LANDSAT_4,LT04_L2SP_020045_19881020_20200917_02_T1,20.0,45.0,14.0,12830,14449,5896,0
c3_007,1988-10-20,LANDSAT_4,LT04_L2SP_020045_19881020_20200917_02_T1,20.0,45.0,14.0,65535,65535,5896,31
c3_008,1988-10-20,LANDSAT_4,LT04_L2SP_020045_19881020_20200917_02_T1,20.0,45.0,14.0,10056,18928,5440,0
c3_009,1988-10-20,LANDSAT_4,LT04_L2SP_020045_19881020_20200917_02_T1,20.0,45.0,14.0,8554,14603,7440,0
c3_010,1988-10-20,LANDSAT_4,LT04_L2SP_020045_19881020_20200917_02_T1,20.0,45.0,14.0,10074,15221,5440,0
c3_011,1988-10-20,LANDSAT_4,LT04_L2SP_020045_19881020_20200917_02_T1,20.0,45.0,14.0,10072,13986,7696,0
c3_012,1988-10-20,LANDSAT_4,LT04_L2SP_020045_19881020_20200917_02_T1,20.0,45.0,14.0,65535,65535,5896,31
c3_013,1988-10-20,LANDSAT_4,LT04_L2SP_020045_19881020_20200917_02_T1,20.0,45.0,14.0,10186,19685,5442,0
c3_014,1988-10-20,LANDSAT_4,LT04_L2SP_020045_19881020_20200917_02_T1,20.0,45.0,14.0,9913,17729,5440,0
c3_015,1988-10-20,LANDSAT_4,LT04_L2SP_020045_19881020_20200917_02_T1,20.0,45.0,14.0,9314,20854,7442,0
c3_016,1988-10-20,LANDSAT_4,LT04_L2SP_020045_19881020_20200917_02_T1,20.0,45.0,14.0,9924,18172,5440,0
c3_017,1988-10-20,LANDSAT_4,LT04_L2SP_020045_19881020_20200917_02_T1,20.0,45.0,14.0,27965,30677,5896,1
c3_018,1988-10-20,LANDSAT_4,LT04_L2SP_020045_19881020_20200917_02_T1,20.0,45.0,14.0,8935,22825,7440,0
c3_019,1988-10-20,LANDSAT_4,LT04_L2SP_020045_19881020_20200917_02_T1,20.0,45.0,14.0,65535,43913,5896,23
c3_020,1988-10-20,LANDSAT_4,LT04_L2SP_020045_19881020_20200917_02_T1,20.0,45.0,14.0,9316,11667,7442,0
c3_021,1988-10-20,LANDSAT_4,LT04_L2SP_020045_19881020_20200917_02_T1,20.0,45.0,14.0,10184,18620,5440,0
c3_022,1988-10-20,LANDSAT_4,LT04_L2SP_020045_19881020_20200917_02_T1,20.0,45.0,14.0,8173,10733,5440,0
c3_023,1988-10-20,LANDSAT_4,LT04_L2SP_020045_19881020_20200917_02_T1,20.0,45.0,14.0,65535,65535,5896,31
c3_024,1988-10-20,LANDSAT_4,LT04_L2SP_020045_19881020_20200917_02_T1,20.0,45.0,14.0,8682,11670,5440,0
c3_025,1988-10-20,LANDSAT_4,LT04_L2SP_020045_19881020_20200917_02_T1,20.0,45.0,14.0,65535,65535,5896,31
c3_026,1988-10-20,LANDSAT_4,LT04_L2SP_020045_19881020_20200917_02_T1,20.0,45.0,14.0,8427,13523,7442,0
c3_027,1988-10-20,LANDSAT_4,LT04_L2SP_020045_19881020_20200917_02_T1,20.0,45.0,14.0,8300,11820,7440,0
c3_028,1988-10-20,LANDSAT_4,LT04_L2SP_020045_19881020_20200917_02_T1,20.0,45.0,14.0,8808,13989,5442,0
c3_029,1988-10-20,LANDSAT_4,LT04_L2SP_020045_19881020_20200917_02_T1,20.0,45.0,14.0,8555,9644,5440,0
c3_030,1988-10-20,LANDSAT_4,LT04_L2SP_020045_19881020_20200917_02_T1,20.0,45.0,14.0,10327,15533,5442,0
c4_001,1988-10-20,LANDSAT_4,LT04_L2SP_020045_19881020_20200917_02_T1,20.0,45.0,14.0,8416,8224,7440,0
c4_002,1988-10-20,LANDSAT_4,LT04_L2SP_020045_19881020_20200917_02_T1,20.0,45.0,14.0,8301,8547,7440,0
c4_003,1988-10-20,LANDSAT_4,LT04_L2SP_020045_19881020_20200917_02_T1,20.0,45.0,14.0,8554,7761,7440,0
c4_004,1988-10-20,LANDSAT_4,LT04_L2SP_020045_19881020_20200917_02_T1,20.0,45.0,14.0,8808,8704,7442,0
c4_005,1988-10-20,LANDSAT_4,LT04_L2SP_020045_19881020_20200917_02_T1,20.0,45.0,14.0,10546,9135,5504,0
c4_006,1988-10-20,LANDSAT_4,LT04_L2SP_020045_19881020_20200917_02_T1,20.0,45.0,14.0,11184,9610,5504,0
c4_007,1988-10-20,LANDSAT_4,LT04_L2SP_020045_19881020_20200917_02_T1,20.0,45.0,14.0,20187,22978,5896,0
c4_008,1988-10-20,LANDSAT_4,LT04_L2SP_020045_19881020_20200917_02_T1,20.0,45.0,14.0,9061,11820,7442,0
c4_009,1988-10-20,LANDSAT_4,LT04_L2SP_020045_19881020_20200917_02_T1,20.0,45.0,14.0,10326,16604,7440,0
c4_010,1988-10-20,LANDSAT_4,LT04_L2SP_020045_19881020_20200917_02_T1,20.0,45.0,14.0,7791,7919,5504,0
c4_011,1988-10-20,LANDSAT_4,LT04_L2SP_020045_19881020_20200917_02_T1,20.0,45.0,14.0,10074,16451,5440,0
c4_012,1988-10-20,LANDSAT_4,LT04_L2SP_020045_19881020_20200917_02_T1,20.0,45.0,14.0,8300,10580,7440,0
c4_013,1988-10-20,LANDSAT_4,LT04_L2SP_020045_19881020_20200917_02_T1,20.0,45.0,14.0,12076,10876,5504,0
c4_014,1988-10-20,LANDSAT_4,LT04_L2SP_020045_19881020_20200917_02_T1,20.0,45.0,14.0,7791,7761,7440,0
c4_015,1988-10-20,LANDSAT_4,LT04_L2SP_020045_19881020_20200917_02_T1,20.0,45.0,14.0,9062,13220,7440,0
c4_016,1988-10-20,LANDSAT_4,LT04_L2SP_020045_19881020_20200917_02_T1,20.0,45.0,14.0,11188,9300,5504,0
c4_017,1988-10-20,LANDSAT_4,LT04_L2SP_020045_19881020_20200917_02_T1,20.0,45.0,14.0,9442,11824,7442,0
c4_018,1988-10-20,LANDSAT_4,LT04_L2SP_020045_19881020_20200917_02_T1,20.0,45.0,14.0,18485,20858,5896,0
c4_019,1988-10-20,LANDSAT_4,LT04_L2SP_020045_19881020_20200917_02_T1,20.0,45.0,14.0,7536,7448,7440,0
c4_020,1988-10-20,LANDSAT_4,LT04_L2SP_020045_19881020_20200917_02_T1,20.0,45.0,14.0,8044,8546,7440,0
c4_021,1988-10-20,LANDSAT_4,LT04_L2SP_020045_19881020_20200917_02_T1,20.0,45.0,14.0,8936,9798,7440,0
c4_022,1988-10-20,LANDSAT_4,LT04_L2SP_020045_19881020_20200917_02_T1,20.0,45.0,14.0,14317,19640,5896,0
c4_023,1988-10-20,LANDSAT_4,LT04_L2SP_020045_19881020_20200917_02_T1,20.0,45.0,14.0,7791,7761,7440,0
c4_024,1988-10-20,LANDSAT_4,LT04_L2SP_020045_19881020_20200917_02_T1,20.0,45.0,14.0,11080,9486,5504,0
c4_025,1988-10-20,LANDSAT_4,LT04_L2SP_020045_19881020_20200917_02_T1,20.0,45.0,14.0,8554,8076,7440,0
c4_026,1988-10-20,LANDSAT_4,LT04_L2SP_020045_19881020_20200917_02_T1,20.0,45.0,14.0,9063,12445,5440,0
c4_027,1988-10-20,LANDSAT_4,LT04_L2SP_020045_19881020_20200917_02_T1,20.0,45.0,14.0,8554,8233,5504,0
c4_028,1988-10-20,LANDSAT_4,LT04_L2SP_020045_19881020_20200917_02_T1,20.0,45.0,14.0,8030,7750,7440,0
c4_029,1988-10-20,LANDSAT_4,LT04_L2SP_020045_19881020_20200917_02_T1,20.0,45.0,14.0,13706,16147,5896,0
c4_030,1988-10-20,LANDSAT_4,LT04_L2SP_020045_19881020_20200917_02_T1,20.0,45.0,14.0,9690,9170,7440,0
c5_001,1988-10-20,LANDSAT_4,LT04_L2SP_020045_19881020_20200917_02_T1,20.0,45.0,14.0,8681,13220,5440,0
c5_002,1988-10-20,LANDSAT_4,LT04_L2SP_020045_19881020_20200917_02_T1,20.0,45.0,14.0,8681,11203,5440,0
c5_003,1988-10-20,LANDSAT_4,LT04_L2SP_020045_19881020_20200917_02_T1,20.0,45.0,14.0,10829,13526,7440,0
c5_004,1988-10-20,LANDSAT_4,LT04_L2SP_020045_19881020_20200917_02_T1,20.0,45.0,14.0,9316,14147,5440,0
c5_005,1988-10-20,LANDSAT_4,LT04_L2SP_020045_19881020_20200917_02_T1,20.0,45.0,14.0,9316,10735,5440,0
c5_006,1988-10-20,LANDSAT_4,LT04_L2SP_020045_19881020_20200917_02_T1,20.0,45.0,14.0,8046,7920,7440,0
c5_007,1988-10-20,LANDSAT_4,LT04_L2SP_020045_19881020_20200917_02_T1,20.0,45.0,14.0,8809,12292,5440,0
c5_008,1988-10-20,LANDSAT_4,LT04_L2SP_020045_19881020_20200917_02_T1,20.0,45.0,14.0,8935,10111,5440,0
c5_009,1988-10-20,LANDSAT_4,LT04_L2SP_020045_19881020_20200917_02_T1,20.0,45.0,14.0,9316,14301,5440,0
c5_010,1988-10-20,LANDSAT_4,LT04_L2SP_020045_19881020_20200917_02_T1,20.0,45.0,14.0,9063,9487,5504,0
c5_011,1988-10-20,LANDSAT_4,LT04_L2SP_020045_19881020_20200917_02_T1,20.0,45.0,14.0,8681,9486,5440,0
c5_012,1988-10-20,LANDSAT_4,LT04_L2SP_020045_19881020_20200917_02_T1,20.0,45.0,14.0,8300,10266,7442,0
c5_013,1988-10-20,LANDSAT_4,LT04_L2SP_020045_19881020_20200917_02_T1,20.0,45.0,14.0,7918,10112,7440,0
c5_014,1988-10-20,LANDSAT_4,LT04_L2SP_020045_19881020_20200917_02_T1,20.0,45.0,14.0,9189,14147,5440,0
c5_015,1988-10-20,LANDSAT_4,LT04_L2SP_020045_19881020_20200917_02_T1,20.0,45.0,14.0,8935,9799,5440,0
c5_016,1988-10-20,LANDSAT_4,LT04_L2SP_020045_19881020_20200917_02_T1,20.0,45.0,14.0,9189,11980,5440,0
c5_017,1988-10-20,LANDSAT_4,LT04_L2SP_020045_19881020_20200917_02_T1,20.0,45.0,14.0,9316,15686,5440,0
c5_018,1988-10-20,LANDSAT_4,LT04_L2SP_020045_19881020_20200917_02_T1,20.0,45.0,14.0,7663,8390,7440,0
c5_019,1988-10-20,LANDSAT_4,LT04_L2SP_020045_19881020_20200917_02_T1,20.0,45.0,14.0,9189,15379,5440,0
c5_020,1988-10-20,LANDSAT_4,LT04_L2SP_020045_19881020_20200917_02_T1,20.0,45.0,14.0,7919,9486,7440,0
c5_021,1988-10-20,LANDSAT_4,LT04_L2SP_020045_19881020_20200917_02_T1,20.0,45.0,14.0,8554,8860,5504,0
c5_022,1988-10-20,LANDSAT_4,LT04_L2SP_020045_19881020_20200917_02_T1,20.0,45.0,14.0,7919,8233,7440,0
c5_023,1988-10-20,LANDSAT_4,LT04_L2SP_020045_19881020_20200917_02_T1,20.0,45.0,14.0,9190,11359,5440,0
c5_024,1988-10-20,LANDSAT_4,LT04_L2SP_020045_19881020_20200917_02_T1,20.0,45.0,14.0,18485,19799,5896,0
c5_025,1988-10-20,LANDSAT_4,LT04_L2SP_020045_19881020_20200917_02_T1,20.0,45.0,14.0,9190,13067,5440,0
c5_026,1988-10-20,LANDSAT_4,LT04_L2SP_020045_19881020_20200917_02_T1,20.0,45.0,14.0,9189,10890,7440,0
c5_027,1988-10-20,LANDSAT_4,LT04_L2SP_020045_19881020_20200917_02_T1,20.0,45.0,14.0,9063,9799,5440,0
c5_028,1988-10-20,LANDSAT_4,LT04_L2SP_020045_19881020_20200917_02_T1,20.0,45.0,14.0,9189,15224,5440,0
c5_029,1988-10-20,LANDSAT_4,LT04_L2SP_020045_19881020_20200917_02_T1,20.0,45.0,14.0,9443,14300,5440,0
c5_030,1988-10-20,LANDSAT_4,LT04_L2SP_020045_19881020_20200917_02_T1,20.0,45.0,14.0,9316,14299,5440,0
c1_001,1988-11-05,LANDSAT_4,LT04_L2SP_020045_19881105_20200917_02_T1,20.0,45.0,32.0,8312,14912,5440,0
c1_002,1988-11-05,LANDSAT_4,LT04_L2SP_020045_19881105_20200917_02_T1,20.0,45.0,32.0,8597,16103,5440,0
c1_003,1988-11-05,LANDSAT_4,LT04_L2SP_020045_19881105_20200917_02_T1,20.0,45.0,32.0,10608,17977,7698,0
c1_004,1988-11-05,LANDSAT_4,LT04_L2SP_020045_19881105_20200917_02_T1,20.0,45.0,32.0,8040,13186,5440,0
c1_005,1988-11-05,LANDSAT_4,LT04_L2SP_020045_19881105_20200917_02_T1,20.0,45.0,32.0,9024,18151,5440,0
c1_006,1988-11-05,LANDSAT_4,LT04_L2SP_020045_19881105_20200917_02_T1,20.0,45.0,32.0,14128,22500,5896,0
c1_007,1988-11-05,LANDSAT_4,LT04_L2SP_020045_19881105_20200917_02_T1,20.0,45.0,32.0,8510,20414,5440,0
c1_008,1988-11-05,LANDSAT_4,LT04_L2SP_020045_19881105_20200917_02_T1,20.0,45.0,32.0,8518,17903,5440,0
c1_009,1988-11-05,LANDSAT_4,LT04_L2SP_020045_19881105_20200917_02_T1,20.0,45.0,32.0,8526,15885,5440,0
c1_010,1988-11-05,LANDSAT_4,LT04_L2SP_020045_19881105_20200917_02_T1,20.0,45.0,32.0,9747,17970,7442,0
c1_011,1988-11-05,LANDSAT_4,LT04_L2SP_020045_19881105_20200917_02_T1,20.0,45.0,32.0,13841,21459,5896,0
c1_012,1988-11-05,LANDSAT_4,LT04_L2SP_020045_19881105_20200917_02_T1,20.0,45.0,32.0,7885,11632,5440,0
c1_013,1988-11-05,LANDSAT_4,LT04_L2SP_020045_19881105_20200917_02_T1,20.0,45.0,32.0,8921,14201,5440,0
c1_014,1988-11-05,LANDSAT_4,LT04_L2SP_020045_19881105_20200917_02_T1,20.0,45.0,32.0,15793,22487,5896,0
c1_015,1988-11-05,LANDSAT_4,LT04_L2SP_020045_19881105_20200917_02_T1,20.0,45.0,32.0,8462,15251,5442,0
c1_016,1988-11-05,LANDSAT_4,LT04_L2SP_020045_19881105_20200917_02_T1,20.0,45.0,32.0,8668,17557,5440,0
c1_017,1988-11-05,LANDSAT_4,LT04_L2SP_020045_19881105_20200917_02_T1,20.0,45.0,32.0,8666,16213,5440,0
c1_018,1988-11-05,LANDSAT_4,LT04_L2SP_020045_19881105_20200917_02_T1,20.0,45.0,32.0,8457,17299,5440,0
c1_019,1988-11-05,LANDSAT_4,LT04_L2SP_020045_19881105_20200917_02_T1,20.0,45.0,32.0,8457,11631,5440,0
c1_020,1988-11-05,LANDSAT_4,LT04_L2SP_020045_19881105_20200917_02_T1,20.0,45.0,32.0,8657,15380,5440,0
c1_021,1988-11-05,LANDSAT_4,LT04_L2SP_020045_19881105_20200917_02_T1,20.0,45.0,32.0,8026,10936,7440,0
c1_022,1988-11-05,LANDSAT_4,LT04_L2SP_020045_19881105_20200917_02_T1,20.0,45.0,32.0,8743,20837,5440,0
c1_023,1988-11-05,LANDSAT_4,LT04_L2SP_020045_19881105_20200917_02_T1,20.0,45.0,32.0,8313,20664,7440,0
c1_024,1988-11-05,LANDSAT_4,LT04_L2SP_020045_19881105_20200917_02_T1,20.0,45.0,32.0,8810,16726,5440,0
c1_025,1988-11-05,LANDSAT_4,LT04_L2SP_020045_19881105_20200917_02_T1,20.0,45.0,32.0,12451,18147,5896,0
c1_026,1988-11-05,LANDSAT_4,LT04_L2SP_020045_19881105_20200917_02_T1,20.0,45.0,32.0,8669,16213,5440,0
c1_027,1988-11-05,LANDSAT_4,LT04_L2SP_020045_19881105_20200917_02_T1,20.0,45.0,32.0,8016,14735,5440,0
c1_028,1988-11-05,LANDSAT_4,LT04_L2SP_020045_19881105_20200917_02_T1,20.0,45.0,32.0,9077,19094,5440,0
c1_029,1988-11-05,LANDSAT_4,LT04_L2SP_020045_19881105_20200917_02_T1,20.0,45.0,32.0,16633,23682,5896,0
c1_030,1988-11-05,LANDSAT_4,LT04_L2SP_020045_19881105_20200917_02_T1,20.0,45.0,32.0,7877,10935,7440,0
c2_001,1988-11-05,LANDSAT_4,LT04_L2SP_020045_19881105_20200917_02_T1,20.0,45.0,32.0,8811,18389,5440,0
c2_002,1988-11-05,LANDSAT_4,LT04_L2SP_020045_19881105_20200917_02_T1,20.0,45.0,32.0,8462,11286,5440,0
c2_003,1988-11-05,LANDSAT_4,LT04_L2SP_020045_19881105_20200917_02_T1,20.0,45.0,32.0,7881,11633,5440,0
c2_004,1988-11-05,LANDSAT_4,LT04_L2SP_020045_19881105_20200917_02_T1,20.0,45.0,32.0,9028,14911,5440,0
c2_005,1988-11-05,LANDSAT_4,LT04_L2SP_020045_19881105_20200917_02_T1,20.0,45.0,32.0,8881,18319,5440,0
c2_006,1988-11-05,LANDSAT_4,LT04_L2SP_020045_19881105_20200917_02_T1,20.0,45.0,32.0,13149,19659,5896,0
c2_007,1988-11-05,LANDSAT_4,LT04_L2SP_020045_19881105_20200917_02_T1,20.0,45.0,32.0,9227,16563,5440,0
c2_008,1988-11-05,LANDSAT_4,LT04_L2SP_020045_19881105_20200917_02_T1,20.0,45.0,32.0,16072,21999,5896,0
c2_009,1988-11-05,LANDSAT_4,LT04_L2SP_020045_19881105_20200917_02_T1,20.0,45.0,32.0,8022,11806,5440,0
c2_010,1988-11-05,LANDSAT_4,LT04_L2SP_020045_19881105_20200917_02_T1,20.0,45.0,32.0,10758,16758,7698,0
c2_011,1988-11-05,LANDSAT_4,LT04_L2SP_020045_19881105_20200917_02_T1,20.0,45.0,32.0,8811,17894,5440,0
c2_012,1988-11-05,LANDSAT_4,LT04_L2SP_020045_19881105_20200917_02_T1,20.0,45.0,32.0,12446,17468,5896,0
c2_013,1988-11-05,LANDSAT_4,LT04_L2SP_020045_19881105_20200917_02_T1,20.0,45.0,32.0,8758,16766,5440,0
c2_014,1988-11-05,LANDSAT_4,LT04_L2SP_020045_19881105_20200917_02_T1,20.0,45.0,32.0,8752,16447,5440,0
c2_015,1988-11-05,LANDSAT_4,LT04_L2SP_020045_19881105_20200917_02_T1,20.0,45.0,32.0,9021,20507,5440,0
c2_016,1988-11-05,LANDSAT_4,LT04_L2SP_020045_19881105_20200917_02_T1,20.0,45.0,32.0,9378,11805,5440,0
c2_017,1988-11-05,LANDSAT_4,LT04_L2SP_020045_19881105_20200917_02_T1,20.0,45.0,32.0,8811,16051,5440,0
c2_018,1988-11-05,LANDSAT_4,LT04_L2SP_020045_19881105_20200917_02_T1,20.0,45.0,32.0,9767,14727,5440,0
c2_019,1988-11-05,LANDSAT_4,LT04_L2SP_020045_19881105_20200917_02_T1,20.0,45.0,32.0,8309,14226,5440,0
c2_020,1988-11-05,LANDSAT_4,LT04_L2SP_020045_19881105_20200917_02_T1,20.0,45.0,32.0,9026,21340,5440,0
c2_021,1988-11-05,LANDSAT_4,LT04_L2SP_020045_19881105_20200917_02_T1,20.0,45.0,32.0,17175,24494,5896,0
c2_022,1988-11-05,LANDSAT_4,LT04_L2SP_020045_19881105_20200917_02_T1,20.0,45.0,32.0,9891,14567,5440,0
c2_023,1988-11-05,LANDSAT_4,LT04_L2SP_020045_19881105_20200917_02_T1,20.0,45.0,32.0,9362,16898,5440,0
c2_024,1988-11-05,LANDSAT_4,LT04_L2SP_020045_19881105_20200917_02_T1,20.0,45.0,32.0,9746,16790,5440,0
c2_025,1988-11-05,LANDSAT_4,LT04_L2SP_020045_19881105_20200917_02_T1,20.0,45.0,32.0,7875,12666,7442,0
c2_026,1988-11-05,LANDSAT_4,LT04_L2SP_020045_19881105_20200917_02_T1,20.0,45.0,32.0,8318,12500,5440,0
c2_027,1988-11-05,LANDSAT_4,LT04_L2SP_020045_19881105_20200917_02_T1,20.0,45.0,32.0,7946,13517,7440,0
c2_028,1988-11-05,LANDSAT_4,LT04_L2SP_020045_19881105_20200917_02_T1,20.0,45.0,32.0,8650,17405,5440,0
c2_029,1988-11-05,LANDSAT_4,LT04_L2SP_020045_19881105_20200917_02_T1,20.0,45.0,32.0,8389,15033,5440,0
c2_030,1988-11-05,LANDSAT_4,LT04_L2SP_020045_19881105_20200917_02_T1,20.0,45.0,32.0,12585,20156,5896,0
c10_001,1988-11-05,LANDSAT_4,LT04_L2SP_020045_19881105_20200917_02_T1,20.0,45.0,32.0,11059,15542,5440,0
c10_002,1988-11-05,LANDSAT_4,LT04_L2SP_020045_19881105_20200917_02_T1,20.0,45.0,32.0,9069,13524,5440,0
c10_003,1988-11-05,LANDSAT_4,LT04_L2SP_020045_19881105_20200917_02_T1,20.0,45.0,32.0,9071,11292,5440,0
c10_004,1988-11-05,LANDSAT_4,LT04_L2SP_020045_19881105_20200917_02_T1,20.0,45.0,32.0,8929,10255,5440,0
c10_005,1988-11-05,LANDSAT_4,LT04_L2SP_020045_19881105_20200917_02_T1,20.0,45.0,32.0,9638,12323,5440,0
c3_001,1988-11-05,LANDSAT_4,LT04_L2SP_020045_19881105_20200917_02_T1,20.0,45.0,32.0,8885,21003,5442,0
c3_002,1988-11-05,LANDSAT_4,LT04_L2SP_020045_19881105_20200917_02_T1,20.0,45.0,32.0,10348,19088,5440,0
c3_003,1988-11-05,LANDSAT_4,LT04_L2SP_020045_19881105_20200917_02_T1,20.0,45.0,32.0,8509,17410,5440,0
c3_004,1988-11-05,LANDSAT_4,LT04_L2SP_020045_19881105_20200917_02_T1,20.0,45.0,32.0,9170,18479,7442,0
c3_005,1988-11-05,LANDSAT_4,LT04_L2SP_020045_19881105_20200917_02_T1,20.0,45.0,32.0,8611,20817,5440,0
c3_006,1988-11-05,LANDSAT_4,LT04_L2SP_020045_19881105_20200917_02_T1,20.0,45.0,32.0,8954,17393,7440,0
c3_007,1988-11-05,LANDSAT_4,LT04_L2SP_020045_19881105_20200917_02_T1,20.0,45.0,32.0,8812,15877,5440,0
c3_008,1988-11-05,LANDSAT_4,LT04_L2SP_020045_19881105_20200917_02_T1,20.0,45.0,32.0,9233,18573,5440,0
c3_009,1988-11-05,LANDSAT_4,LT04_L2SP_020045_19881105_20200917_02_T1,20.0,45.0,32.0,8385,17900,5440,0
c3_010,1988-11-05,LANDSAT_4,LT04_L2SP_020045_19881105_20200917_02_T1,20.0,45.0,32.0,9800,16894,7440,0
c3_011,1988-11-05,LANDSAT_4,LT04_L2SP_020045_19881105_20200917_02_T1,20.0,45.0,32.0,9040,17615,5440,0
c3_012,1988-11-05,LANDSAT_4,LT04_L2SP_020045_19881105_20200917_02_T1,20.0,45.0,32.0,9198,18275,5440,0
c3_013,1988-11-05,LANDSAT_4,LT04_L2SP_020045_19881105_20200917_02_T1,20.0,45.0,32.0,9375,19240,5440,0
c3_014,1988-11-05,LANDSAT_4,LT04_L2SP_020045_19881105_20200917_02_T1,20.0,45.0,32.0,9232,18074,5440,0
c3_015,1988-11-05,LANDSAT_4,LT04_L2SP_020045_19881105_20200917_02_T1,20.0,45.0,32.0,8459,18804,5440,0
c3_016,1988-11-05,LANDSAT_4,LT04_L2SP_020045_19881105_20200917_02_T1,20.0,45.0,32.0,9233,18574,5440,0
c3_017,1988-11-05,LANDSAT_4,LT04_L2SP_020045_19881105_20200917_02_T1,20.0,45.0,32.0,8813,15879,5440,0
c3_018,1988-11-05,LANDSAT_4,LT04_L2SP_020045_19881105_20200917_02_T1,20.0,45.0,32.0,15524,22679,5896,0
c3_019,1988-11-05,LANDSAT_4,LT04_L2SP_020045_19881105_20200917_02_T1,20.0,45.0,32.0,8515,19405,5442,0
c3_020,1988-11-05,LANDSAT_4,LT04_L2SP_020045_19881105_20200917_02_T1,20.0,45.0,32.0,8669,16726,5440,0
c3_021,1988-11-05,LANDSAT_4,LT04_L2SP_020045_19881105_20200917_02_T1,20.0,45.0,32.0,9374,18072,5440,0
c3_022,1988-11-05,LANDSAT_4,LT04_L2SP_020045_19881105_20200917_02_T1,20.0,45.0,32.0,8599,16438,5440,0
c3_023,1988-11-05,LANDSAT_4,LT04_L2SP_020045_19881105_20200917_02_T1,20.0,45.0,32.0,8791,17079,5440,0
c3_024,1988-11-05,LANDSAT_4,LT04_L2SP_020045_19881105_20200917_02_T1,20.0,45.0,32.0,9042,12499,5440,0
c3_025,1988-11-05,LANDSAT_4,LT04_L2SP_020045_19881105_20200917_02_T1,20.0,45.0,32.0,8668,17561,5440,0
c3_026,1988-11-05,LANDSAT_4,LT04_L2SP_020045_19881105_20200917_02_T1,20.0,45.0,32.0,8743,20155,5440,0
c3_027,1988-11-05,LANDSAT_4,LT04_L2SP_020045_19881105_20200917_02_T1,20.0,45.0,32.0,8596,18476,5440,0
c3_028,1988-11-05,LANDSAT_4,LT04_L2SP_020045_19881105_20200917_02_T1,20.0,45.0,32.0,8389,19234,5440,0
c3_029,1988-11-05,LANDSAT_4,LT04_L2SP_020045_19881105_20200917_02_T1,20.0,45.0,32.0,8322,10067,5440,0
c3_030,1988-11-05,LANDSAT_4,LT04_L2SP_020045_19881105_20200917_02_T1,20.0,45.0,32.0,10032,14565,5896,0
c4_001,1988-11-05,LANDSAT_4,LT04_L2SP_020045_19881105_20200917_02_T1,20.0,45.0,32.0,12589,13171,5440,0
c4_002,1988-11-05,LANDSAT_4,LT04_L2SP_020045_19881105_20200917_02_T1,20.0,45.0,32.0,12314,14193,5440,0
c4_003,1988-11-05,LANDSAT_4,LT04_L2SP_020045_19881105_20200917_02_T1,20.0,45.0,32.0,12174,10608,5504,0
c4_004,1988-11-05,LANDSAT_4,LT04_L2SP_020045_19881105_20200917_02_T1,20.0,45.0,32.0,9238,9060,5504,0
c4_005,1988-11-05,LANDSAT_4,LT04_L2SP_020045_19881105_20200917_02_T1,20.0,45.0,32.0,10638,9227,5504,0
c4_006,1988-11-05,LANDSAT_4,LT04_L2SP_020045_19881105_20200917_02_T1,20.0,45.0,32.0,11058,10606,5504,0
c4_007,1988-11-05,LANDSAT_4,LT04_L2SP_020045_19881105_20200917_02_T1,20.0,45.0,32.0,14690,20667,5896,0
c4_008,1988-11-05,LANDSAT_4,LT04_L2SP_020045_19881105_20200917_02_T1,20.0,45.0,32.0,9902,18621,5440,0
c4_009,1988-11-05,LANDSAT_4,LT04_L2SP_020045_19881105_20200917_02_T1,20.0,45.0,32.0,10041,15243,5440,0
c4_010,1988-11-05,LANDSAT_4,LT04_L2SP_020045_19881105_20200917_02_T1,20.0,45.0,32.0,9216,8870,5504,0
c4_011,1988-11-05,LANDSAT_4,LT04_L2SP_020045_19881105_20200917_02_T1,20.0,45.0,32.0,9624,15408,5440,0
c4_012,1988-11-05,LANDSAT_4,LT04_L2SP_020045_19881105_20200917_02_T1,20.0,45.0,32.0,12451,18485,5896,0
c4_013,1988-11-05,LANDSAT_4,LT04_L2SP_020045_19881105_20200917_02_T1,20.0,45.0,32.0,11199,10435,5504,0
c4_014,1988-11-05,LANDSAT_4,LT04_L2SP_020045_19881105_20200917_02_T1,20.0,45.0,32.0,10780,11808,5440,0
c4_015,1988-11-05,LANDSAT_4,LT04_L2SP_020045_19881105_20200917_02_T1,20.0,45.0,32.0,9320,16958,5440,0
c4_016,1988-11-05,LANDSAT_4,LT04_L2SP_020045_19881105_20200917_02_T1,20.0,45.0,32.0,11477,9917,5504,0
c4_017,1988-11-05,LANDSAT_4,LT04_L2SP_020045_19881105_20200917_02_T1,20.0,45.0,32.0,12590,17973,7696,0
c4_018,1988-11-05,LANDSAT_4,LT04_L2SP_020045_19881105_20200917_02_T1,20.0,45.0,32.0,9788,13687,5440,0
c4_019,1988-11-05,LANDSAT_4,LT04_L2SP_020045_19881105_20200917_02_T1,20.0,45.0,32.0,9355,10255,5440,0
c4_020,1988-11-05,LANDSAT_4,LT04_L2SP_020045_19881105_20200917_02_T1,20.0,45.0,32.0,10920,13852,5896,0
c4_021,1988-11-05,LANDSAT_4,LT04_L2SP_020045_19881105_20200917_02_T1,20.0,45.0,32.0,9096,10781,5440,0
c4_022,1988-11-05,LANDSAT_4,LT04_L2SP_020045_19881105_20200917_02_T1,20.0,45.0,32.0,8484,19617,5442,0
c4_023,1988-11-05,LANDSAT_4,LT04_L2SP_020045_19881105_20200917_02_T1,20.0,45.0,32.0,9799,9919,5504,0
c4_024,1988-11-05,LANDSAT_4,LT04_L2SP_020045_19881105_20200917_02_T1,20.0,45.0,32.0,10502,9920,5504,0
c4_025,1988-11-05,LANDSAT_4,LT04_L2SP_020045_19881105_20200917_02_T1,20.0,45.0,32.0,12867,13343,5440,0
c4_026,1988-11-05,LANDSAT_4,LT04_L2SP_020045_19881105_20200917_02_T1,20.0,45.0,32.0,8929,11980,5440,0
c4_027,1988-11-05,LANDSAT_4,LT04_L2SP_020045_19881105_20200917_02_T1,20.0,45.0,32.0,9660,9404,5504,0
c4_028,1988-11-05,LANDSAT_4,LT04_L2SP_020045_19881105_20200917_02_T1,20.0,45.0,32.0,11479,11636,5440,0
c4_029,1988-11-05,LANDSAT_4,LT04_L2SP_020045_19881105_20200917_02_T1,20.0,45.0,32.0,11743,19494,5696,0
c4_030,1988-11-05,LANDSAT_4,LT04_L2SP_020045_19881105_20200917_02_T1,20.0,45.0,32.0,9660,9405,5504,0
c5_001,1988-11-05,LANDSAT_4,LT04_L2SP_020045_19881105_20200917_02_T1,20.0,45.0,32.0,8773,14554,5440,0
c5_002,1988-11-05,LANDSAT_4,LT04_L2SP_020045_19881105_20200917_02_T1,20.0,45.0,32.0,10755,13706,5896,0
c5_003,1988-11-05,LANDSAT_4,LT04_L2SP_020045_19881105_20200917_02_T1,20.0,45.0,32.0,11480,13343,5440,0
c5_004,1988-11-05,LANDSAT_4,LT04_L2SP_020045_19881105_20200917_02_T1,20.0,45.0,32.0,9061,14211,5440,0
c5_005,1988-11-05,LANDSAT_4,LT04_L2SP_020045_19881105_20200917_02_T1,20.0,45.0,32.0,9375,11124,5440,0
c5_006,1988-11-05,LANDSAT_4,LT04_L2SP_020045_19881105_20200917_02_T1,20.0,45.0,32.0,9223,11635,5440,0
c5_007,1988-11-05,LANDSAT_4,LT04_L2SP_020045_19881105_20200917_02_T1,20.0,45.0,32.0,8751,12499,5440,0
c5_008,1988-11-05,LANDSAT_4,LT04_L2SP_020045_19881105_20200917_02_T1,20.0,45.0,32.0,8622,10074,5440,0
c5_009,1988-11-05,LANDSAT_4,LT04_L2SP_020045_19881105_20200917_02_T1,20.0,45.0,32.0,9350,14379,5440,0
c5_010,1988-11-05,LANDSAT_4,LT04_L2SP_020045_19881105_20200917_02_T1,20.0,45.0,32.0,8929,10082,5440,0
c5_011,1988-11-05,LANDSAT_4,LT04_L2SP_020045_19881105_20200917_02_T1,20.0,45.0,32.0,8470,9894,5440,0
c5_012,1988-11-05,LANDSAT_4,LT04_L2SP_020045_19881105_20200917_02_T1,20.0,45.0,32.0,10214,16060,7698,0
c5_013,1988-11-05,LANDSAT_4,LT04_L2SP_020045_19881105_20200917_02_T1,20.0,45.0,32.0,9379,20231,5440,0
c5_014,1988-11-05,LANDSAT_4,LT04_L2SP_020045_19881105_20200917_02_T1,20.0,45.0,32.0,8775,13354,5440,0
c5_015,1988-11-05,LANDSAT_4,LT04_L2SP_020045_19881105_20200917_02_T1,20.0,45.0,32.0,8619,9549,5440,0
c5_016,1988-11-05,LANDSAT_4,LT04_L2SP_020045_19881105_20200917_02_T1,20.0,45.0,32.0,9066,11118,5440,0
c5_017,1988-11-05,LANDSAT_4,LT04_L2SP_020045_19881105_20200917_02_T1,20.0,45.0,32.0,9059,15405,5440,0
c5_018,1988-11-05,LANDSAT_4,LT04_L2SP_020045_19881105_20200917_02_T1,20.0,45.0,32.0,8926,14208,7440,0
c5_019,1988-11-05,LANDSAT_4,LT04_L2SP_020045_19881105_20200917_02_T1,20.0,45.0,32.0,9211,15228,5440,0
c5_020,1988-11-05,LANDSAT_4,LT04_L2SP_020045_19881105_20200917_02_T1,20.0,45.0,32.0,8515,14028,5440,0
c5_021,1988-11-05,LANDSAT_4,LT04_L2SP_020045_19881105_20200917_02_T1,20.0,45.0,32.0,8328,9372,5440,0
c5_022,1988-11-05,LANDSAT_4,LT04_L2SP_020045_19881105_20200917_02_T1,20.0,45.0,32.0,8657,10086,5440,0
c5_023,1988-11-05,LANDSAT_4,LT04_L2SP_020045_19881105_20200917_02_T1,20.0,45.0,32.0,9212,11980,5440,0
c5_024,1988-11-05,LANDSAT_4,LT04_L2SP_020045_19881105_20200917_02_T1,20.0,45.0,32.0,8528,17733,5440,0
c5_025,1988-11-05,LANDSAT_4,LT04_L2SP_020045_19881105_20200917_02_T1,20.0,45.0,32.0,8607,11111,7440,0
c5_026,1988-11-05,LANDSAT_4,LT04_L2SP_020045_19881105_20200917_02_T1,20.0,45.0,32.0,9935,13004,5440,0
c5_027,1988-11-05,LANDSAT_4,LT04_L2SP_020045_19881105_20200917_02_T1,20.0,45.0,32.0,8786,10947,5440,0
c5_028,1988-11-05,LANDSAT_4,LT04_L2SP_020045_19881105_20200917_02_T1,20.0,45.0,32.0,9061,14893,5440,0
c5_029,1988-11-05,LANDSAT_4,LT04_L2SP_020045_19881105_20200917_02_T1,20.0,45.0,32.0,9349,14210,5440,0
c5_030,1988-11-05,LANDSAT_4,LT04_L2SP_020045_19881105_20200917_02_T1,20.0,45.0,32.0,9211,14889,5440,0
c1_001,1988-12-07,LANDSAT_4,LT04_L2SP_020045_19881207_20200917_02_T1,20.0,45.0,32.0,9858,15326,5896,0
c1_002,1988-12-07,LANDSAT_4,LT04_L2SP_020045_19881207_20200917_02_T1,20.0,45.0,32.0,11310,19155,5896,0
c1_003,1988-12-07,LANDSAT_4,LT04_L2SP_020045_19881207_20200917_02_T1,20.0,45.0,32.0,10412,16393,5896,0
c1_004,1988-12-07,LANDSAT_4,LT04_L2SP_020045_19881207_20200917_02_T1,20.0,45.0,32.0,11315,18523,5896,0
c1_005,1988-12-07,LANDSAT_4,LT04_L2SP_020045_19881207_20200917_02_T1,20.0,45.0,32.0,10292,17594,5896,0
c1_006,1988-12-07,LANDSAT_4,LT04_L2SP_020045_19881207_20200917_02_T1,20.0,45.0,32.0,10773,18922,5896,0
c1_007,1988-12-07,LANDSAT_4,LT04_L2SP_020045_19881207_20200917_02_T1,20.0,45.0,32.0,10634,20910,5896,0
c1_008,1988-12-07,LANDSAT_4,LT04_L2SP_020045_19881207_20200917_02_T1,20.0,45.0,32.0,10816,19465,5896,0
c1_009,1988-12-07,LANDSAT_4,LT04_L2SP_020045_19881207_20200917_02_T1,20.0,45.0,32.0,11023,18394,5896,0
c1_010,1988-12-07,LANDSAT_4,LT04_L2SP_020045_19881207_20200917_02_T1,20.0,45.0,32.0,10770,17659,5896,0
c1_011,1988-12-07,LANDSAT_4,LT04_L2SP_020045_19881207_20200917_02_T1,20.0,45.0,32.0,10951,19761,5896,0
c1_012,1988-12-07,LANDSAT_4,LT04_L2SP_020045_19881207_20200917_02_T1,20.0,45.0,32.0,10405,17676,5896,0
c1_013,1988-12-07,LANDSAT_4,LT04_L2SP_020045_19881207_20200917_02_T1,20.0,45.0,32.0,11132,17863,5896,0
c1_014,1988-12-07,LANDSAT_4,LT04_L2SP_020045_19881207_20200917_02_T1,20.0,45.0,32.0,10953,19156,5896,0
c1_015,1988-12-07,LANDSAT_4,LT04_L2SP_020045_19881207_20200917_02_T1,20.0,45.0,32.0,10770,17043,5896,0
c1_016,1988-12-07,LANDSAT_4,LT04_L2SP_020045_19881207_20200917_02_T1,20.0,45.0,32.0,11950,19653,5896,0
c1_017,1988-12-07,LANDSAT_4,LT04_L2SP_020045_19881207_20200917_02_T1,20.0,45.0,32.0,11773,19467,5896,0
c1_018,1988-12-07,LANDSAT_4,LT04_L2SP_020045_19881207_20200917_02_T1,20.0,45.0,32.0,10040,17463,5896,0
c1_019,1988-12-07,LANDSAT_4,LT04_L2SP_020045_19881207_20200917_02_T1,20.0,45.0,32.0,10601,14895,5896,0
c1_020,1988-12-07,LANDSAT_4,LT04_L2SP_020045_19881207_20200917_02_T1,20.0,45.0,32.0,10810,17809,5896,0
c1_021,1988-12-07,LANDSAT_4,LT04_L2SP_020045_19881207_20200917_02_T1,20.0,45.0,32.0,10404,16400,5896,0
c1_022,1988-12-07,LANDSAT_4,LT04_L2SP_020045_19881207_20200917_02_T1,20.0,45.0,32.0,10408,19559,5896,0
c1_023,1988-12-07,LANDSAT_4,LT04_L2SP_020045_19881207_20200917_02_T1,20.0,45.0,32.0,10404,20193,5896,0
c1_024,1988-12-07,LANDSAT_4,LT04_L2SP_020045_19881207_20200917_02_T1,20.0,45.0,32.0,11653,18147,5896,0
c1_025,1988-12-07,LANDSAT_4,LT04_L2SP_020045_19881207_20200917_02_T1,20.0,45.0,32.0,10240,17442,5896,0
c1_026,1988-12-07,LANDSAT_4,LT04_L2SP_020045_19881207_20200917_02_T1,20.0,45.0,32.0,10946,18004,5896,0
c1_027,1988-12-07,LANDSAT_4,LT04_L2SP_020045_19881207_20200917_02_T1,20.0,45.0,32.0,11128,20625,5896,0
c1_028,1988-12-07,LANDSAT_4,LT04_L2SP_020045_19881207_20200917_02_T1,20.0,45.0,32.0,11689,19962,5896,0
c1_029,1988-12-07,LANDSAT_4,LT04_L2SP_020045_19881207_20200917_02_T1,20.0,45.0,32.0,9927,18637,5896,0
c1_030,1988-12-07,LANDSAT_4,LT04_L2SP_020045_19881207_20200917_02_T1,20.0,45.0,32.0,10800,17424,5896,0
c2_001,1988-12-07,LANDSAT_4,LT04_L2SP_020045_19881207_20200917_02_T1,20.0,45.0,32.0,10267,19005,5896,0
c2_002,1988-12-07,LANDSAT_4,LT04_L2SP_020045_19881207_20200917_02_T1,20.0,45.0,32.0,9855,13172,5896,0
c2_003,1988-12-07,LANDSAT_4,LT04_L2SP_020045_19881207_20200917_02_T1,20.0,45.0,32.0,10412,15114,5896,0
c2_004,1988-12-07,LANDSAT_4,LT04_L2SP_020045_19881207_20200917_02_T1,20.0,45.0,32.0,10450,16362,5896,0
c2_005,1988-12-07,LANDSAT_4,LT04_L2SP_020045_19881207_20200917_02_T1,20.0,45.0,32.0,10470,18013,5896,0
c2_006,1988-12-07,LANDSAT_4,LT04_L2SP_020045_19881207_20200917_02_T1,20.0,45.0,32.0,10597,19962,5896,0
c2_007,1988-12-07,LANDSAT_4,LT04_L2SP_020045_19881207_20200917_02_T1,20.0,45.0,32.0,11356,18636,5896,0
c2_008,1988-12-07,LANDSAT_4,LT04_L2SP_020045_19881207_20200917_02_T1,20.0,45.0,32.0,11312,17452,5896,0
c2_009,1988-12-07,LANDSAT_4,LT04_L2SP_020045_19881207_20200917_02_T1,20.0,45.0,32.0,10413,14899,5896,0
c2_010,1988-12-07,LANDSAT_4,LT04_L2SP_020045_19881207_20200917_02_T1,20.0,45.0,32.0,11135,19555,5896,0
c2_011,1988-12-07,LANDSAT_4,LT04_L2SP_020045_19881207_20200917_02_T1,20.0,45.0,32.0,10618,18994,5896,0
c2_012,1988-12-07,LANDSAT_4,LT04_L2SP_020045_19881207_20200917_02_T1,20.0,45.0,32.0,10459,16971,5896,0
c2_013,1988-12-07,LANDSAT_4,LT04_L2SP_020045_19881207_20200917_02_T1,20.0,45.0,32.0,11125,18303,5896,0
c2_014,1988-12-07,LANDSAT_4,LT04_L2SP_020045_19881207_20200917_02_T1,20.0,45.0,32.0,10590,16404,5896,0
c2_015,1988-12-07,LANDSAT_4,LT04_L2SP_020045_19881207_20200917_02_T1,20.0,45.0,32.0,10943,20406,5896,0
c2_016,1988-12-07,LANDSAT_4,LT04_L2SP_020045_19881207_20200917_02_T1,20.0,45.0,32.0,12300,14780,5896,0
c2_017,1988-12-07,LANDSAT_4,LT04_L2SP_020045_19881207_20200917_02_T1,20.0,45.0,32.0,11021,17977,5896,0
c2_018,1988-12-07,LANDSAT_4,LT04_L2SP_020045_19881207_20200917_02_T1,20.0,45.0,32.0,12038,17254,5896,0
c2_019,1988-12-07,LANDSAT_4,LT04_L2SP_020045_19881207_20200917_02_T1,20.0,45.0,32.0,10252,15953,5896,0
c2_020,1988-12-07,LANDSAT_4,LT04_L2SP_020045_19881207_20200917_02_T1,20.0,45.0,32.0,11125,21249,5896,0
c2_021,1988-12-07,LANDSAT_4,LT04_L2SP_020045_19881207_20200917_02_T1,20.0,45.0,32.0,10235,19539,5896,0
c2_022,1988-12-07,LANDSAT_4,LT04_L2SP_020045_19881207_20200917_02_T1,20.0,45.0,32.0,11144,15962,5896,0
c2_023,1988-12-07,LANDSAT_4,LT04_L2SP_020045_19881207_20200917_02_T1,20.0,45.0,32.0,11028,18571,5896,0
c2_024,1988-12-07,LANDSAT_4,LT04_L2SP_020045_19881207_20200917_02_T1,20.0,45.0,32.0,10410,15751,5896,0
c2_025,1988-12-07,LANDSAT_4,LT04_L2SP_020045_19881207_20200917_02_T1,20.0,45.0,32.0,10418,19539,5896,0
c2_026,1988-12-07,LANDSAT_4,LT04_L2SP_020045_19881207_20200917_02_T1,20.0,45.0,32.0,10223,14256,5896,0
c2_027,1988-12-07,LANDSAT_4,LT04_L2SP_020045_19881207_20200917_02_T1,20.0,45.0,32.0,11529,19694,5896,0
c2_028,1988-12-07,LANDSAT_4,LT04_L2SP_020045_19881207_20200917_02_T1,20.0,45.0,32.0,11013,20646,5896,0
c2_029,1988-12-07,LANDSAT_4,LT04_L2SP_020045_19881207_20200917_02_T1,20.0,45.0,32.0,11383,19393,5896,0
c2_030,1988-12-07,LANDSAT_4,LT04_L2SP_020045_19881207_20200917_02_T1,20.0,45.0,32.0,11127,20193,5896,0
c10_001,1988-12-07,LANDSAT_4,LT04_L2SP_020045_19881207_20200917_02_T1,20.0,45.0,32.0,12803,17825,5896,0
c10_002,1988-12-07,LANDSAT_4,LT04_L2SP_020045_19881207_20200917_02_T1,20.0,45.0,32.0,12400,15974,5896,0
c10_003,1988-12-07,LANDSAT_4,LT04_L2SP_020045_19881207_20200917_02_T1,20.0,45.0,32.0,12220,14467,5896,0
c10_004,1988-12-07,LANDSAT_4,LT04_L2SP_020045_19881207_20200917_02_T1,20.0,45.0,32.0,12220,13601,5896,0
c10_005,1988-12-07,LANDSAT_4,LT04_L2SP_020045_19881207_20200917_02_T1,20.0,45.0,32.0,12582,15114,5896,0
c3_001,1988-12-07,LANDSAT_4,LT04_L2SP_020045_19881207_20200917_02_T1,20.0,45.0,32.0,9875,19738,5896,0
c3_002,1988-12-07,LANDSAT_4,LT04_L2SP_020045_19881207_20200917_02_T1,20.0,45.0,32.0,11349,20516,5896,0
c3_003,1988-12-07,LANDSAT_4,LT04_L2SP_020045_19881207_20200917_02_T1,20.0,45.0,32.0,11529,19895,5896,0
c3_004,1988-12-07,LANDSAT_4,LT04_L2SP_020045_19881207_20200917_02_T1,20.0,45.0,32.0,10939,19995,5896,0
c3_005,1988-12-07,LANDSAT_4,LT04_L2SP_020045_19881207_20200917_02_T1,20.0,45.0,32.0,11308,21248,5896,0
c3_006,1988-12-07,LANDSAT_4,LT04_L2SP_020045_19881207_20200917_02_T1,20.0,45.0,32.0,11234,19142,5896,0
c3_007,1988-12-07,LANDSAT_4,LT04_L2SP_020045_19881207_20200917_02_T1,20.0,45.0,32.0,11757,18510,5896,0
c3_008,1988-12-07,LANDSAT_4,LT04_L2SP_020045_19881207_20200917_02_T1,20.0,45.0,32.0,12154,18739,5896,0
c3_009,1988-12-07,LANDSAT_4,LT04_L2SP_020045_19881207_20200917_02_T1,20.0,45.0,32.0,11547,20669,5896,0
c3_010,1988-12-07,LANDSAT_4,LT04_L2SP_020045_19881207_20200917_02_T1,20.0,45.0,32.0,12977,18029,5896,0
c3_011,1988-12-07,LANDSAT_4,LT04_L2SP_020045_19881207_20200917_02_T1,20.0,45.0,32.0,10941,19354,5896,0
c3_012,1988-12-07,LANDSAT_4,LT04_L2SP_020045_19881207_20200917_02_T1,20.0,45.0,32.0,10776,19960,5896,0
c3_013,1988-12-07,LANDSAT_4,LT04_L2SP_020045_19881207_20200917_02_T1,20.0,45.0,32.0,11986,18936,5896,0
c3_014,1988-12-07,LANDSAT_4,LT04_L2SP_020045_19881207_20200917_02_T1,20.0,45.0,32.0,11497,18723,5896,0
c3_015,1988-12-07,LANDSAT_4,LT04_L2SP_020045_19881207_20200917_02_T1,20.0,45.0,32.0,11123,20613,5896,0
c3_016,1988-12-07,LANDSAT_4,LT04_L2SP_020045_19881207_20200917_02_T1,20.0,45.0,32.0,12155,18339,5896,0
c3_017,1988-12-07,LANDSAT_4,LT04_L2SP_020045_19881207_20200917_02_T1,20.0,45.0,32.0,11906,18996,5896,0
c3_018,1988-12-07,LANDSAT_4,LT04_L2SP_020045_19881207_20200917_02_T1,20.0,45.0,32.0,10275,18235,5896,0
c3_019,1988-12-07,LANDSAT_4,LT04_L2SP_020045_19881207_20200917_02_T1,20.0,45.0,32.0,10530,19951,5896,0
c3_020,1988-12-07,LANDSAT_4,LT04_L2SP_020045_19881207_20200917_02_T1,20.0,45.0,32.0,11207,19205,5896,0
c3_021,1988-12-07,LANDSAT_4,LT04_L2SP_020045_19881207_20200917_02_T1,20.0,45.0,32.0,12153,17944,5896,0
c3_022,1988-12-07,LANDSAT_4,LT04_L2SP_020045_19881207_20200917_02_T1,20.0,45.0,32.0,10943,19147,5896,0
c3_023,1988-12-07,LANDSAT_4,LT04_L2SP_020045_19881207_20200917_02_T1,20.0,45.0,32.0,11698,19501,5896,0
c3_024,1988-12-07,LANDSAT_4,LT04_L2SP_020045_19881207_20200917_02_T1,20.0,45.0,32.0,10036,12736,5896,0
c3_025,1988-12-07,LANDSAT_4,LT04_L2SP_020045_19881207_20200917_02_T1,20.0,45.0,32.0,11139,19166,5896,0
c3_026,1988-12-07,LANDSAT_4,LT04_L2SP_020045_19881207_20200917_02_T1,20.0,45.0,32.0,11306,21038,5896,0
c3_027,1988-12-07,LANDSAT_4,LT04_L2SP_020045_19881207_20200917_02_T1,20.0,45.0,32.0,11307,20618,5896,0
c3_028,1988-12-07,LANDSAT_4,LT04_L2SP_020045_19881207_20200917_02_T1,20.0,45.0,32.0,11792,20648,5896,0
c3_029,1988-12-07,LANDSAT_4,LT04_L2SP_020045_19881207_20200917_02_T1,20.0,45.0,32.0,10587,12736,5896,0
c3_030,1988-12-07,LANDSAT_4,LT04_L2SP_020045_19881207_20200917_02_T1,20.0,45.0,32.0,10626,15722,5896,0
c4_001,1988-12-07,LANDSAT_4,LT04_L2SP_020045_19881207_20200917_02_T1,20.0,45.0,32.0,13804,14566,5896,0
c4_002,1988-12-07,LANDSAT_4,LT04_L2SP_020045_19881207_20200917_02_T1,20.0,45.0,32.0,14138,15381,5896,0
c4_003,1988-12-07,LANDSAT_4,LT04_L2SP_020045_19881207_20200917_02_T1,20.0,45.0,32.0,14128,13346,5896,0
c4_004,1988-12-07,LANDSAT_4,LT04_L2SP_020045_19881207_20200917_02_T1,20.0,45.0,32.0,11249,13365,5896,0
c4_005,1988-12-07,LANDSAT_4,LT04_L2SP_020045_19881207_20200917_02_T1,20.0,45.0,32.0,13305,12939,5896,0
c4_006,1988-12-07,LANDSAT_4,LT04_L2SP_020045_19881207_20200917_02_T1,20.0,45.0,32.0,14276,14336,5896,0
c4_007,1988-12-07,LANDSAT_4,LT04_L2SP_020045_19881207_20200917_02_T1,20.0,45.0,32.0,11134,17249,5896,0
c4_008,1988-12-07,LANDSAT_4,LT04_L2SP_020045_19881207_20200917_02_T1,20.0,45.0,32.0,12212,20819,5896,0
c4_009,1988-12-07,LANDSAT_4,LT04_L2SP_020045_19881207_20200917_02_T1,20.0,45.0,32.0,12581,18521,5896,0
c4_010,1988-12-07,LANDSAT_4,LT04_L2SP_020045_19881207_20200917_02_T1,20.0,45.0,32.0,12222,13383,5896,0
c4_011,1988-12-07,LANDSAT_4,LT04_L2SP_020045_19881207_20200917_02_T1,20.0,45.0,32.0,12762,18104,5896,0
c4_012,1988-12-07,LANDSAT_4,LT04_L2SP_020045_19881207_20200917_02_T1,20.0,45.0,32.0,10975,15523,5896,0
c4_013,1988-12-07,LANDSAT_4,LT04_L2SP_020045_19881207_20200917_02_T1,20.0,45.0,32.0,12980,13942,5896,0
c4_014,1988-12-07,LANDSAT_4,LT04_L2SP_020045_19881207_20200917_02_T1,20.0,45.0,32.0,12978,15968,5896,0
c4_015,1988-12-07,LANDSAT_4,LT04_L2SP_020045_19881207_20200917_02_T1,20.0,45.0,32.0,10791,17224,5896,0
c4_016,1988-12-07,LANDSAT_4,LT04_L2SP_020045_19881207_20200917_02_T1,20.0,45.0,32.0,12980,12537,5896,0
c4_017,1988-12-07,LANDSAT_4,LT04_L2SP_020045_19881207_20200917_02_T1,20.0,45.0,32.0,11499,17035,5896,0
c4_018,1988-12-07,LANDSAT_4,LT04_L2SP_020045_19881207_20200917_02_T1,20.0,45.0,32.0,11706,16348,5896,0
c4_019,1988-12-07,LANDSAT_4,LT04_L2SP_020045_19881207_20200917_02_T1,20.0,45.0,32.0,12221,13600,5896,0
c4_020,1988-12-07,LANDSAT_4,LT04_L2SP_020045_19881207_20200917_02_T1,20.0,45.0,32.0,11937,14194,5896,0
c4_021,1988-12-07,LANDSAT_4,LT04_L2SP_020045_19881207_20200917_02_T1,20.0,45.0,32.0,11910,14220,5896,0
c4_022,1988-12-07,LANDSAT_4,LT04_L2SP_020045_19881207_20200917_02_T1,20.0,45.0,32.0,11130,20598,5896,0
c4_023,1988-12-07,LANDSAT_4,LT04_L2SP_020045_19881207_20200917_02_T1,20.0,45.0,32.0,13142,14156,5896,0
c4_024,1988-12-07,LANDSAT_4,LT04_L2SP_020045_19881207_20200917_02_T1,20.0,45.0,32.0,11301,15987,5896,0
c4_025,1988-12-07,LANDSAT_4,LT04_L2SP_020045_19881207_20200917_02_T1,20.0,45.0,32.0,13802,15360,5896,0
c4_026,1988-12-07,LANDSAT_4,LT04_L2SP_020045_19881207_20200917_02_T1,20.0,45.0,32.0,12042,13820,5896,0
c4_027,1988-12-07,LANDSAT_4,LT04_L2SP_020045_19881207_20200917_02_T1,20.0,45.0,32.0,12140,12739,5896,0
c4_028,1988-12-07,LANDSAT_4,LT04_L2SP_020045_19881207_20200917_02_T1,20.0,45.0,32.0,13141,14162,5896,0
c4_029,1988-12-07,LANDSAT_4,LT04_L2SP_020045_19881207_20200917_02_T1,20.0,45.0,32.0,11499,18308,5896,0
c4_030,1988-12-07,LANDSAT_4,LT04_L2SP_020045_19881207_20200917_02_T1,20.0,45.0,32.0,11959,12944,5896,0
c5_001,1988-12-07,LANDSAT_4,LT04_L2SP_020045_19881207_20200917_02_T1,20.0,45.0,32.0,11861,17042,5896,0
c5_002,1988-12-07,LANDSAT_4,LT04_L2SP_020045_19881207_20200917_02_T1,20.0,45.0,32.0,10771,13388,5896,0
c5_003,1988-12-07,LANDSAT_4,LT04_L2SP_020045_19881207_20200917_02_T1,20.0,45.0,32.0,13644,16202,5896,0
c5_004,1988-12-07,LANDSAT_4,LT04_L2SP_020045_19881207_20200917_02_T1,20.0,45.0,32.0,12038,16401,5896,0
c5_005,1988-12-07,LANDSAT_4,LT04_L2SP_020045_19881207_20200917_02_T1,20.0,45.0,32.0,11886,13593,5896,0
c5_006,1988-12-07,LANDSAT_4,LT04_L2SP_020045_19881207_20200917_02_T1,20.0,45.0,32.0,12053,14666,5896,0
c5_007,1988-12-07,LANDSAT_4,LT04_L2SP_020045_19881207_20200917_02_T1,20.0,45.0,32.0,10587,14469,5896,0
c5_008,1988-12-07,LANDSAT_4,LT04_L2SP_020045_19881207_20200917_02_T1,20.0,45.0,32.0,12043,14467,5896,0
c5_009,1988-12-07,LANDSAT_4,LT04_L2SP_020045_19881207_20200917_02_T1,20.0,45.0,32.0,12041,16404,5896,0
c5_010,1988-12-07,LANDSAT_4,LT04_L2SP_020045_19881207_20200917_02_T1,20.0,45.0,32.0,12220,13819,5896,0
c5_011,1988-12-07,LANDSAT_4,LT04_L2SP_020045_19881207_20200917_02_T1,20.0,45.0,32.0,11136,13171,5896,0
c5_012,1988-12-07,LANDSAT_4,LT04_L2SP_020045_19881207_20200917_02_T1,20.0,45.0,32.0,11711,18018,5896,0
c5_013,1988-12-07,LANDSAT_4,LT04_L2SP_020045_19881207_20200917_02_T1,20.0,45.0,32.0,12096,20611,5896,0
c5_014,1988-12-07,LANDSAT_4,LT04_L2SP_020045_19881207_20200917_02_T1,20.0,45.0,32.0,12222,16616,5896,0
c5_015,1988-12-07,LANDSAT_4,LT04_L2SP_020045_19881207_20200917_02_T1,20.0,45.0,32.0,11682,13388,5896,0
c5_016,1988-12-07,LANDSAT_4,LT04_L2SP_020045_19881207_20200917_02_T1,20.0,45.0,32.0,12038,14684,5896,0
c5_017,1988-12-07,LANDSAT_4,LT04_L2SP_020045_19881207_20200917_02_T1,20.0,45.0,32.0,12219,17893,5896,0
c5_018,1988-12-07,LANDSAT_4,LT04_L2SP_020045_19881207_20200917_02_T1,20.0,45.0,32.0,12220,16614,5896,0
c5_019,1988-12-07,LANDSAT_4,LT04_L2SP_020045_19881207_20200917_02_T1,20.0,45.0,32.0,12040,17259,5896,0
c5_020,1988-12-07,LANDSAT_4,LT04_L2SP_020045_19881207_20200917_02_T1,20.0,45.0,32.0,11342,17838,5896,0
c5_021,1988-12-07,LANDSAT_4,LT04_L2SP_020045_19881207_20200917_02_T1,20.0,45.0,32.0,11136,12953,5896,0
c5_022,1988-12-07,LANDSAT_4,LT04_L2SP_020045_19881207_20200917_02_T1,20.0,45.0,32.0,11876,15091,5896,0
c5_023,1988-12-07,LANDSAT_4,LT04_L2SP_020045_19881207_20200917_02_T1,20.0,45.0,32.0,12219,15114,5896,0
c5_024,1988-12-07,LANDSAT_4,LT04_L2SP_020045_19881207_20200917_02_T1,20.0,45.0,32.0,10695,19381,5896,0
c5_025,1988-12-07,LANDSAT_4,LT04_L2SP_020045_19881207_20200917_02_T1,20.0,45.0,32.0,11136,14901,5896,0
c5_026,1988-12-07,LANDSAT_4,LT04_L2SP_020045_19881207_20200917_02_T1,20.0,45.0,32.0,11188,14435,5896,0
c5_027,1988-12-07,LANDSAT_4,LT04_L2SP_020045_19881207_20200917_02_T1,20.0,45.0,32.0,12042,14684,5896,0
c5_028,1988-12-07,LANDSAT_4,LT04_L2SP_020045_19881207_20200917_02_T1,20.0,45.0,32.0,11858,17043,5896,0
c5_029,1988-12-07,LANDSAT_4,LT04_L2SP_020045_19881207_20200917_02_T1,20.0,45.0,32.0,12400,16829,5896,0
c5_030,1988-12-07,LANDSAT_4,LT04_L2SP_020045_19881207_20200917_02_T1,20.0,45.0,32.0,12401,16615,5896,0
c1_001,1988-12-23,LANDSAT_4,LT04_L2SP_020045_19881223_20200917_02_T1,20.0,45.0,3.0,8459,14772,5440,0
c1_002,1988-12-23,LANDSAT_4,LT04_L2SP_020045_19881223_20200917_02_T1,20.0,45.0,3.0,8755,15906,5440,0
c1_003,1988-12-23,LANDSAT_4,LT04_L2SP_020045_19881223_20200917_02_T1,20.0,45.0,3.0,8305,14961,5440,0
c1_004,1988-12-23,LANDSAT_4,LT04_L2SP_020045_19881223_20200917_02_T1,20.0,45.0,3.0,8758,16285,5440,0
c1_005,1988-12-23,LANDSAT_4,LT04_L2SP_020045_19881223_20200917_02_T1,20.0,45.0,3.0,8772,16457,5440,0
c1_006,1988-12-23,LANDSAT_4,LT04_L2SP_020045_19881223_20200917_02_T1,20.0,45.0,3.0,8606,15333,5440,0
c1_007,1988-12-23,LANDSAT_4,LT04_L2SP_020045_19881223_20200917_02_T1,20.0,45.0,3.0,8444,18149,5440,0
c1_008,1988-12-23,LANDSAT_4,LT04_L2SP_020045_19881223_20200917_02_T1,20.0,45.0,3.0,8603,17023,5440,0
c1_009,1988-12-23,LANDSAT_4,LT04_L2SP_020045_19881223_20200917_02_T1,20.0,45.0,3.0,8607,15708,5440,0
c1_010,1988-12-23,LANDSAT_4,LT04_L2SP_020045_19881223_20200917_02_T1,20.0,45.0,3.0,8759,14201,5440,0
c1_011,1988-12-23,LANDSAT_4,LT04_L2SP_020045_19881223_20200917_02_T1,20.0,45.0,3.0,8599,16465,5440,0
c1_012,1988-12-23,LANDSAT_4,LT04_L2SP_020045_19881223_20200917_02_T1,20.0,45.0,3.0,8453,15720,5440,0
c1_013,1988-12-23,LANDSAT_4,LT04_L2SP_020045_19881223_20200917_02_T1,20.0,45.0,3.0,8904,14391,5440,0
c1_014,1988-12-23,LANDSAT_4,LT04_L2SP_020045_19881223_20200917_02_T1,20.0,45.0,3.0,8448,16850,5440,0
c1_015,1988-12-23,LANDSAT_4,LT04_L2SP_020045_19881223_20200917_02_T1,20.0,45.0,3.0,8453,15531,5440,0
c1_016,1988-12-23,LANDSAT_4,LT04_L2SP_020045_19881223_20200917_02_T1,20.0,45.0,3.0,8455,16825,5440,0
c1_017,1988-12-23,LANDSAT_4,LT04_L2SP_020045_19881223_20200917_02_T1,20.0,45.0,3.0,8764,16259,5440,0
c1_018,1988-12-23,LANDSAT_4,LT04_L2SP_020045_19881223_20200917_02_T1,20.0,45.0,3.0,8457,16845,5440,0
c1_019,1988-12-23,LANDSAT_4,LT04_L2SP_020045_19881223_20200917_02_T1,20.0,45.0,3.0,8308,11746,5440,0
c1_020,1988-12-23,LANDSAT_4,LT04_L2SP_020045_19881223_20200917_02_T1,20.0,45.0,3.0,8601,15143,5440,0
c1_021,1988-12-23,LANDSAT_4,LT04_L2SP_020045_19881223_20200917_02_T1,20.0,45.0,3.0,8455,15529,5440,0
c1_022,1988-12-23,LANDSAT_4,LT04_L2SP_020045_19881223_20200917_02_T1,20.0,45.0,3.0,8300,18152,5440,0
c1_023,1988-12-23,LANDSAT_4,LT04_L2SP_020045_19881223_20200917_02_T1,20.0,45.0,3.0,8451,17592,5440,0
c1_024,1988-12-23,LANDSAT_4,LT04_L2SP_020045_19881223_20200917_02_T1,20.0,45.0,3.0,8616,16642,5440,0
c1_025,1988-12-23,LANDSAT_4,LT04_L2SP_020045_19881223_20200917_02_T1,20.0,45.0,3.0,8615,17026,5440,0
c1_026,1988-12-23,LANDSAT_4,LT04_L2SP_020045_19881223_20200917_02_T1,20.0,45.0,3.0,8616,15130,5440,0
c1_027,1988-12-23,LANDSAT_4,LT04_L2SP_020045_19881223_20200917_02_T1,20.0,45.0,3.0,8444,17597,5440,0
c1_028,1988-12-23,LANDSAT_4,LT04_L2SP_020045_19881223_20200917_02_T1,20.0,45.0,3.0,8447,17784,5440,0
c1_029,1988-12-23,LANDSAT_4,LT04_L2SP_020045_19881223_20200917_02_T1,20.0,45.0,3.0,8463,17954,5440,0
c1_030,1988-12-23,LANDSAT_4,LT04_L2SP_020045_19881223_20200917_02_T1,20.0,45.0,3.0,8924,15710,5440,0
c2_001,1988-12-23,LANDSAT_4,LT04_L2SP_020045_19881223_20200917_02_T1,20.0,45.0,3.0,8459,17942,5440,0
c2_002,1988-12-23,LANDSAT_4,LT04_L2SP_020045_19881223_20200917_02_T1,20.0,45.0,3.0,8149,11557,5440,0
c2_003,1988-12-23,LANDSAT_4,LT04_L2SP_020045_19881223_20200917_02_T1,20.0,45.0,3.0,8616,13642,5440,0
c2_004,1988-12-23,LANDSAT_4,LT04_L2SP_020045_19881223_20200917_02_T1,20.0,45.0,3.0,9080,15335,5440,0
c2_005,1988-12-23,LANDSAT_4,LT04_L2SP_020045_19881223_20200917_02_T1,20.0,45.0,3.0,8618,17583,5440,0
c2_006,1988-12-23,LANDSAT_4,LT04_L2SP_020045_19881223_20200917_02_T1,20.0,45.0,3.0,8608,17962,5440,0
c2_007,1988-12-23,LANDSAT_4,LT04_L2SP_020045_19881223_20200917_02_T1,20.0,45.0,3.0,8918,16083,5440,0
c2_008,1988-12-23,LANDSAT_4,LT04_L2SP_020045_19881223_20200917_02_T1,20.0,45.0,3.0,8904,14396,5440,0
c2_009,1988-12-23,LANDSAT_4,LT04_L2SP_020045_19881223_20200917_02_T1,20.0,45.0,3.0,8463,12127,5440,0
c2_010,1988-12-23,LANDSAT_4,LT04_L2SP_020045_19881223_20200917_02_T1,20.0,45.0,3.0,8755,15900,5440,0
c2_011,1988-12-23,LANDSAT_4,LT04_L2SP_020045_19881223_20200917_02_T1,20.0,45.0,3.0,8617,17197,5440,0
c2_012,1988-12-23,LANDSAT_4,LT04_L2SP_020045_19881223_20200917_02_T1,20.0,45.0,3.0,8613,16269,5440,0
c2_013,1988-12-23,LANDSAT_4,LT04_L2SP_020045_19881223_20200917_02_T1,20.0,45.0,3.0,8906,14959,5440,0
c2_014,1988-12-23,LANDSAT_4,LT04_L2SP_020045_19881223_20200917_02_T1,20.0,45.0,3.0,8458,17038,5440,0
c2_015,1988-12-23,LANDSAT_4,LT04_L2SP_020045_19881223_20200917_02_T1,20.0,45.0,3.0,8597,17595,5440,0
c2_016,1988-12-23,LANDSAT_4,LT04_L2SP_020045_19881223_20200917_02_T1,20.0,45.0,3.0,9232,10982,5440,0
c2_017,1988-12-23,LANDSAT_4,LT04_L2SP_020045_19881223_20200917_02_T1,20.0,45.0,3.0,8764,15706,5440,0
c2_018,1988-12-23,LANDSAT_4,LT04_L2SP_020045_19881223_20200917_02_T1,20.0,45.0,3.0,9065,13831,5440,0
c2_019,1988-12-23,LANDSAT_4,LT04_L2SP_020045_19881223_20200917_02_T1,20.0,45.0,3.0,8308,14207,5440,0
c2_020,1988-12-23,LANDSAT_4,LT04_L2SP_020045_19881223_20200917_02_T1,20.0,45.0,3.0,8600,18721,5440,0
c2_021,1988-12-23,LANDSAT_4,LT04_L2SP_020045_19881223_20200917_02_T1,20.0,45.0,3.0,8452,17022,5440,0
c2_022,1988-12-23,LANDSAT_4,LT04_L2SP_020045_19881223_20200917_02_T1,20.0,45.0,3.0,9539,14581,5440,0
c2_023,1988-12-23,LANDSAT_4,LT04_L2SP_020045_19881223_20200917_02_T1,20.0,45.0,3.0,9215,15705,5440,0
c2_024,1988-12-23,LANDSAT_4,LT04_L2SP_020045_19881223_20200917_02_T1,20.0,45.0,3.0,8916,14396,5440,0
c2_025,1988-12-23,LANDSAT_4,LT04_L2SP_020045_19881223_20200917_02_T1,20.0,45.0,3.0,8454,17775,5440,0
c2_026,1988-12-23,LANDSAT_4,LT04_L2SP_020045_19881223_20200917_02_T1,20.0,45.0,3.0,8304,13263,5440,0
c2_027,1988-12-23,LANDSAT_4,LT04_L2SP_020045_19881223_20200917_02_T1,20.0,45.0,3.0,8450,17030,5440,0
c2_028,1988-12-23,LANDSAT_4,LT04_L2SP_020045_19881223_20200917_02_T1,20.0,45.0,3.0,8299,17573,5440,0
c2_029,1988-12-23,LANDSAT_4,LT04_L2SP_020045_19881223_20200917_02_T1,20.0,45.0,3.0,8606,16832,5440,0
c2_030,1988-12-23,LANDSAT_4,LT04_L2SP_020045_19881223_20200917_02_T1,20.0,45.0,3.0,8434,16474,5440,0
c10_001,1988-12-23,LANDSAT_4,LT04_L2SP_020045_19881223_20200917_02_T1,20.0,45.0,3.0,9998,14381,5440,0
c10_002,1988-12-23,LANDSAT_4,LT04_L2SP_020045_19881223_20200917_02_T1,20.0,45.0,3.0,9067,12503,5440,0
c10_003,1988-12-23,LANDSAT_4,LT04_L2SP_020045_19881223_20200917_02_T1,20.0,45.0,3.0,8913,10601,5440,0
c10_004,1988-12-23,LANDSAT_4,LT04_L2SP_020045_19881223_20200917_02_T1,20.0,45.0,3.0,9067,10028,5440,0
c10_005,1988-12-23,LANDSAT_4,LT04_L2SP_020045_19881223_20200917_02_T1,20.0,45.0,3.0,9221,11363,5440,0
c3_001,1988-12-23,LANDSAT_4,LT04_L2SP_020045_19881223_20200917_02_T1,20.0,45.0,3.0,8607,17209,5440,0
c3_002,1988-12-23,LANDSAT_4,LT04_L2SP_020045_19881223_20200917_02_T1,20.0,45.0,3.0,8449,17588,5440,0
c3_003,1988-12-23,LANDSAT_4,LT04_L2SP_020045_19881223_20200917_02_T1,20.0,45.0,3.0,8450,16648,5440,0
c3_004,1988-12-23,LANDSAT_4,LT04_L2SP_020045_19881223_20200917_02_T1,20.0,45.0,3.0,8592,17221,5440,0
c3_005,1988-12-23,LANDSAT_4,LT04_L2SP_020045_19881223_20200917_02_T1,20.0,45.0,3.0,8439,19104,5440,0
c3_006,1988-12-23,LANDSAT_4,LT04_L2SP_020045_19881223_20200917_02_T1,20.0,45.0,3.0,8766,16080,5440,0
c3_007,1988-12-23,LANDSAT_4,LT04_L2SP_020045_19881223_20200917_02_T1,20.0,45.0,3.0,8765,15889,5440,0
c3_008,1988-12-23,LANDSAT_4,LT04_L2SP_020045_19881223_20200917_02_T1,20.0,45.0,3.0,9080,17392,5440,0
c3_009,1988-12-23,LANDSAT_4,LT04_L2SP_020045_19881223_20200917_02_T1,20.0,45.0,3.0,8612,19266,5440,0
c3_010,1988-12-23,LANDSAT_4,LT04_L2SP_020045_19881223_20200917_02_T1,20.0,45.0,3.0,9233,15893,5440,0
c3_011,1988-12-23,LANDSAT_4,LT04_L2SP_020045_19881223_20200917_02_T1,20.0,45.0,3.0,8751,15900,5440,0
c3_012,1988-12-23,LANDSAT_4,LT04_L2SP_020045_19881223_20200917_02_T1,20.0,45.0,3.0,8599,17029,5440,0
c3_013,1988-12-23,LANDSAT_4,LT04_L2SP_020045_19881223_20200917_02_T1,20.0,45.0,3.0,9388,17205,5440,0
c3_014,1988-12-23,LANDSAT_4,LT04_L2SP_020045_19881223_20200917_02_T1,20.0,45.0,3.0,8926,17206,5440,0
c3_015,1988-12-23,LANDSAT_4,LT04_L2SP_020045_19881223_20200917_02_T1,20.0,45.0,3.0,8438,17597,5440,0
c3_016,1988-12-23,LANDSAT_4,LT04_L2SP_020045_19881223_20200917_02_T1,20.0,45.0,3.0,9080,16642,5440,0
c3_017,1988-12-23,LANDSAT_4,LT04_L2SP_020045_19881223_20200917_02_T1,20.0,45.0,3.0,8923,16263,5440,0
c3_018,1988-12-23,LANDSAT_4,LT04_L2SP_020045_19881223_20200917_02_T1,20.0,45.0,3.0,8462,18329,5440,0
c3_019,1988-12-23,LANDSAT_4,LT04_L2SP_020045_19881223_20200917_02_T1,20.0,45.0,3.0,8446,17394,5440,0
c3_020,1988-12-23,LANDSAT_4,LT04_L2SP_020045_19881223_20200917_02_T1,20.0,45.0,3.0,8608,16274,5440,0
c3_021,1988-12-23,LANDSAT_4,LT04_L2SP_020045_19881223_20200917_02_T1,20.0,45.0,3.0,9235,16080,5440,0
c3_022,1988-12-23,LANDSAT_4,LT04_L2SP_020045_19881223_20200917_02_T1,20.0,45.0,3.0,8601,15896,5440,0
c3_023,1988-12-23,LANDSAT_4,LT04_L2SP_020045_19881223_20200917_02_T1,20.0,45.0,3.0,8912,16277,5440,0
c3_024,1988-12-23,LANDSAT_4,LT04_L2SP_020045_19881223_20200917_02_T1,20.0,45.0,3.0,8302,10032,5440,0
c3_025,1988-12-23,LANDSAT_4,LT04_L2SP_020045_19881223_20200917_02_T1,20.0,45.0,3.0,8463,17198,5440,0
c3_026,1988-12-23,LANDSAT_4,LT04_L2SP_020045_19881223_20200917_02_T1,20.0,45.0,3.0,8590,17975,5440,0
c3_027,1988-12-23,LANDSAT_4,LT04_L2SP_020045_19881223_20200917_02_T1,20.0,45.0,3.0,8590,17226,5440,0
c3_028,1988-12-23,LANDSAT_4,LT04_L2SP_020045_19881223_20200917_02_T1,20.0,45.0,3.0,8464,18329,5440,0
c3_029,1988-12-23,LANDSAT_4,LT04_L2SP_020045_19881223_20200917_02_T1,20.0,45.0,3.0,8456,10414,5440,0
c3_030,1988-12-23,LANDSAT_4,LT04_L2SP_020045_19881223_20200917_02_T1,20.0,45.0,3.0,8926,13633,5440,0
c4_001,1988-12-23,LANDSAT_4,LT04_L2SP_020045_19881223_20200917_02_T1,20.0,45.0,3.0,10612,10792,5504,0
c4_002,1988-12-23,LANDSAT_4,LT04_L2SP_020045_19881223_20200917_02_T1,20.0,45.0,3.0,11224,10984,5504,0
c4_003,1988-12-23,LANDSAT_4,LT04_L2SP_020045_19881223_20200917_02_T1,20.0,45.0,3.0,11528,9463,5504,0
c4_004,1988-12-23,LANDSAT_4,LT04_L2SP_020045_19881223_20200917_02_T1,20.0,45.0,3.0,8768,9842,5440,0
c4_005,1988-12-23,LANDSAT_4,LT04_L2SP_020045_19881223_20200917_02_T1,20.0,45.0,3.0,10000,8892,5504,0
c4_006,1988-12-23,LANDSAT_4,LT04_L2SP_020045_19881223_20200917_02_T1,20.0,45.0,3.0,11224,9844,5504,0
c4_007,1988-12-23,LANDSAT_4,LT04_L2SP_020045_19881223_20200917_02_T1,20.0,45.0,3.0,9071,13828,5440,0
c4_008,1988-12-23,LANDSAT_4,LT04_L2SP_020045_19881223_20200917_02_T1,20.0,45.0,3.0,10139,18531,5440,0
c4_009,1988-12-23,LANDSAT_4,LT04_L2SP_020045_19881223_20200917_02_T1,20.0,45.0,3.0,9835,15342,5440,0
c4_010,1988-12-23,LANDSAT_4,LT04_L2SP_020045_19881223_20200917_02_T1,20.0,45.0,3.0,9222,9647,5504,0
c4_011,1988-12-23,LANDSAT_4,LT04_L2SP_020045_19881223_20200917_02_T1,20.0,45.0,3.0,9374,12882,5440,0
c4_012,1988-12-23,LANDSAT_4,LT04_L2SP_020045_19881223_20200917_02_T1,20.0,45.0,3.0,9539,13826,5440,0
c4_013,1988-12-23,LANDSAT_4,LT04_L2SP_020045_19881223_20200917_02_T1,20.0,45.0,3.0,9847,10224,5504,0
c4_014,1988-12-23,LANDSAT_4,LT04_L2SP_020045_19881223_20200917_02_T1,20.0,45.0,3.0,9080,11172,5440,0
c4_015,1988-12-23,LANDSAT_4,LT04_L2SP_020045_19881223_20200917_02_T1,20.0,45.0,3.0,9231,15522,5440,0
c4_016,1988-12-23,LANDSAT_4,LT04_L2SP_020045_19881223_20200917_02_T1,20.0,45.0,3.0,10307,8893,5504,0
c4_017,1988-12-23,LANDSAT_4,LT04_L2SP_020045_19881223_20200917_02_T1,20.0,45.0,3.0,9380,14961,5440,0
c4_018,1988-12-23,LANDSAT_4,LT04_L2SP_020045_19881223_20200917_02_T1,20.0,45.0,3.0,9685,13256,5440,0
c4_019,1988-12-23,LANDSAT_4,LT04_L2SP_020045_19881223_20200917_02_T1,20.0,45.0,3.0,8911,9455,5504,0
c4_020,1988-12-23,LANDSAT_4,LT04_L2SP_020045_19881223_20200917_02_T1,20.0,45.0,3.0,9228,10031,5440,0
c4_021,1988-12-23,LANDSAT_4,LT04_L2SP_020045_19881223_20200917_02_T1,20.0,45.0,3.0,9227,10030,5440,0
c4_022,1988-12-23,LANDSAT_4,LT04_L2SP_020045_19881223_20200917_02_T1,20.0,45.0,3.0,8747,17598,5440,0
c4_023,1988-12-23,LANDSAT_4,LT04_L2SP_020045_19881223_20200917_02_T1,20.0,45.0,3.0,9694,9082,5504,0
c4_024,1988-12-23,LANDSAT_4,LT04_L2SP_020045_19881223_20200917_02_T1,20.0,45.0,3.0,8309,11362,5440,0
c4_025,1988-12-23,LANDSAT_4,LT04_L2SP_020045_19881223_20200917_02_T1,20.0,45.0,3.0,10918,11741,5440,0
c4_026,1988-12-23,LANDSAT_4,LT04_L2SP_020045_19881223_20200917_02_T1,20.0,45.0,3.0,9068,11553,5440,0
c4_027,1988-12-23,LANDSAT_4,LT04_L2SP_020045_19881223_20200917_02_T1,20.0,45.0,3.0,8925,9463,5504,0
c4_028,1988-12-23,LANDSAT_4,LT04_L2SP_020045_19881223_20200917_02_T1,20.0,45.0,3.0,9999,10413,5504,64
c4_029,1988-12-23,LANDSAT_4,LT04_L2SP_020045_19881223_20200917_02_T1,20.0,45.0,3.0,9380,16656,5440,0
c4_030,1988-12-23,LANDSAT_4,LT04_L2SP_020045_19881223_20200917_02_T1,20.0,45.0,3.0,9076,8889,5504,0
c5_001,1988-12-23,LANDSAT_4,LT04_L2SP_020045_19881223_20200917_02_T1,20.0,45.0,3.0,8602,14398,5440,0
c5_002,1988-12-23,LANDSAT_4,LT04_L2SP_020045_19881223_20200917_02_T1,20.0,45.0,3.0,8451,10602,5440,0
c5_003,1988-12-23,LANDSAT_4,LT04_L2SP_020045_19881223_20200917_02_T1,20.0,45.0,3.0,10766,13255,5440,0
c5_004,1988-12-23,LANDSAT_4,LT04_L2SP_020045_19881223_20200917_02_T1,20.0,45.0,3.0,8757,13452,5440,0
c5_005,1988-12-23,LANDSAT_4,LT04_L2SP_020045_19881223_20200917_02_T1,20.0,45.0,3.0,9070,10029,5440,0
c5_006,1988-12-23,LANDSAT_4,LT04_L2SP_020045_19881223_20200917_02_T1,20.0,45.0,3.0,9066,10027,5440,0
c5_007,1988-12-23,LANDSAT_4,LT04_L2SP_020045_19881223_20200917_02_T1,20.0,45.0,3.0,8765,11935,5440,0
c5_008,1988-12-23,LANDSAT_4,LT04_L2SP_020045_19881223_20200917_02_T1,20.0,45.0,3.0,8913,10220,5440,0
c5_009,1988-12-23,LANDSAT_4,LT04_L2SP_020045_19881223_20200917_02_T1,20.0,45.0,3.0,9066,13451,5440,0
c5_010,1988-12-23,LANDSAT_4,LT04_L2SP_020045_19881223_20200917_02_T1,20.0,45.0,3.0,9067,9647,5504,0
c5_011,1988-12-23,LANDSAT_4,LT04_L2SP_020045_19881223_20200917_02_T1,20.0,45.0,3.0,8760,9839,5440,0
c5_012,1988-12-23,LANDSAT_4,LT04_L2SP_020045_19881223_20200917_02_T1,20.0,45.0,3.0,8914,14959,5440,0
c5_013,1988-12-23,LANDSAT_4,LT04_L2SP_020045_19881223_20200917_02_T1,20.0,45.0,3.0,9230,19645,5440,0
c5_014,1988-12-23,LANDSAT_4,LT04_L2SP_020045_19881223_20200917_02_T1,20.0,45.0,3.0,8757,13261,5440,0
c5_015,1988-12-23,LANDSAT_4,LT04_L2SP_020045_19881223_20200917_02_T1,20.0,45.0,3.0,8759,9457,5440,0
c5_016,1988-12-23,LANDSAT_4,LT04_L2SP_020045_19881223_20200917_02_T1,20.0,45.0,3.0,9066,11363,5440,0
c5_017,1988-12-23,LANDSAT_4,LT04_L2SP_020045_19881223_20200917_02_T1,20.0,45.0,3.0,8757,14966,5440,0
c5_018,1988-12-23,LANDSAT_4,LT04_L2SP_020045_19881223_20200917_02_T1,20.0,45.0,3.0,8912,13451,5440,0
c5_019,1988-12-23,LANDSAT_4,LT04_L2SP_020045_19881223_20200917_02_T1,20.0,45.0,3.0,8759,14965,5440,0
c5_020,1988-12-23,LANDSAT_4,LT04_L2SP_020045_19881223_20200917_02_T1,20.0,45.0,3.0,8602,15149,5440,0
c5_021,1988-12-23,LANDSAT_4,LT04_L2SP_020045_19881223_20200917_02_T1,20.0,45.0,3.0,8450,9266,5440,0
c5_022,1988-12-23,LANDSAT_4,LT04_L2SP_020045_19881223_20200917_02_T1,20.0,45.0,3.0,9066,10980,5440,0
c5_023,1988-12-23,LANDSAT_4,LT04_L2SP_020045_19881223_20200917_02_T1,20.0,45.0,3.0,9067,11553,5440,0
c5_024,1988-12-23,LANDSAT_4,LT04_L2SP_020045_19881223_20200917_02_T1,20.0,45.0,3.0,8455,17776,5440,0
c5_025,1988-12-23,LANDSAT_4,LT04_L2SP_020045_19881223_20200917_02_T1,20.0,45.0,3.0,8917,12695,5440,0
c5_026,1988-12-23,LANDSAT_4,LT04_L2SP_020045_19881223_20200917_02_T1,20.0,45.0,3.0,9070,11551,5440,0
c5_027,1988-12-23,LANDSAT_4,LT04_L2SP_020045_19881223_20200917_02_T1,20.0,45.0,3.0,8604,11172,5440,0
c5_028,1988-12-23,LANDSAT_4,LT04_L2SP_020045_19881223_20200917_02_T1,20.0,45.0,3.0,8757,14398,5440,0
c5_029,1988-12-23,LANDSAT_4,LT04_L2SP_020045_19881223_20200917_02_T1,20.0,45.0,3.0,9066,13072,5440,0
c5_030,1988-12-23,LANDSAT_4,LT04_L2SP_020045_19881223_20200917_02_T1,20.0,45.0,3.0,9221,13261,5440,0
c1_001,1989-01-08,LANDSAT_4,LT04_L2SP_020045_19890108_20200916_02_T1,20.0,45.0,5.0,8541,17343,5442,0
c1_002,1989-01-08,LANDSAT_4,LT04_L2SP_020045_19890108_20200916_02_T1,20.0,45.0,5.0,13373,20797,5896,0
c1_003,1989-01-08,LANDSAT_4,LT04_L2SP_020045_19890108_20200916_02_T1,20.0,45.0,5.0,8541,14821,7440,0
c1_004,1989-01-08,LANDSAT_4,LT04_L2SP_020045_19890108_20200916_02_T1,20.0,45.0,5.0,26356,30975,5896,0
c1_005,1989-01-08,LANDSAT_4,LT04_L2SP_020045_19890108_20200916_02_T1,20.0,45.0,5.0,8370,12865,7442,0
c1_006,1989-01-08,LANDSAT_4,LT04_L2SP_020045_19890108_20200916_02_T1,20.0,45.0,5.0,8537,14424,7440,0
c1_007,1989-01-08,LANDSAT_4,LT04_L2SP_020045_19890108_20200916_02_T1,20.0,45.0,5.0,8880,19414,5440,0
c1_008,1989-01-08,LANDSAT_4,LT04_L2SP_020045_19890108_20200916_02_T1,20.0,45.0,5.0,8232,11682,5440,0
c1_009,1989-01-08,LANDSAT_4,LT04_L2SP_020045_19890108_20200916_02_T1,20.0,45.0,5.0,11296,16352,5896,0
c1_010,1989-01-08,LANDSAT_4,LT04_L2SP_020045_19890108_20200916_02_T1,20.0,45.0,5.0,8375,11093,7440,0
c1_011,1989-01-08,LANDSAT_4,LT04_L2SP_020045_19890108_20200916_02_T1,20.0,45.0,5.0,8229,11684,7440,0
c1_012,1989-01-08,LANDSAT_4,LT04_L2SP_020045_19890108_20200916_02_T1,20.0,45.0,5.0,9029,17148,5440,0
c1_013,1989-01-08,LANDSAT_4,LT04_L2SP_020045_19890108_20200916_02_T1,20.0,45.0,5.0,9847,12854,7698,0
c1_014,1989-01-08,LANDSAT_4,LT04_L2SP_020045_19890108_20200916_02_T1,20.0,45.0,5.0,8541,14818,5440,0
c1_015,1989-01-08,LANDSAT_4,LT04_L2SP_020045_19890108_20200916_02_T1,20.0,45.0,5.0,31402,34863,5896,1
c1_016,1989-01-08,LANDSAT_4,LT04_L2SP_020045_19890108_20200916_02_T1,20.0,45.0,5.0,10010,17113,5896,0
c1_017,1989-01-08,LANDSAT_4,LT04_L2SP_020045_19890108_20200916_02_T1,20.0,45.0,5.0,8395,11484,7440,0
c1_018,1989-01-08,LANDSAT_4,LT04_L2SP_020045_19890108_20200916_02_T1,20.0,45.0,5.0,16698,23283,5896,0
c1_019,1989-01-08,LANDSAT_4,LT04_L2SP_020045_19890108_20200916_02_T1,20.0,45.0,5.0,28913,33407,5896,1
c1_020,1989-01-08,LANDSAT_4,LT04_L2SP_020045_19890108_20200916_02_T1,20.0,45.0,5.0,9366,16343,7442,0
c1_021,1989-01-08,LANDSAT_4,LT04_L2SP_020045_19890108_20200916_02_T1,20.0,45.0,5.0,8704,15016,7440,0
c1_022,1989-01-08,LANDSAT_4,LT04_L2SP_020045_19890108_20200916_02_T1,20.0,45.0,5.0,10161,15008,7698,0
c1_023,1989-01-08,LANDSAT_4,LT04_L2SP_020045_19890108_20200916_02_T1,20.0,45.0,5.0,9837,19261,5440,0
c1_024,1989-01-08,LANDSAT_4,LT04_L2SP_020045_19890108_20200916_02_T1,20.0,45.0,5.0,9046,18466,7442,0
c1_025,1989-01-08,LANDSAT_4,LT04_L2SP_020045_19890108_20200916_02_T1,20.0,45.0,5.0,8539,13648,5440,0
c1_026,1989-01-08,LANDSAT_4,LT04_L2SP_020045_19890108_20200916_02_T1,20.0,45.0,5.0,8072,10898,7440,0
c1_027,1989-01-08,LANDSAT_4,LT04_L2SP_020045_19890108_20200916_02_T1,20.0,45.0,5.0,8539,13057,5442,0
c1_028,1989-01-08,LANDSAT_4,LT04_L2SP_020045_19890108_20200916_02_T1,20.0,45.0,5.0,7739,11294,5442,0
c1_029,1989-01-08,LANDSAT_4,LT04_L2SP_020045_19890108_20200916_02_T1,20.0,45.0,5.0,16068,22524,5896,0
c1_030,1989-01-08,LANDSAT_4,LT04_L2SP_020045_19890108_20200916_02_T1,20.0,45.0,5.0,8377,12276,7440,0
c2_001,1989-01-08,LANDSAT_4,LT04_L2SP_020045_19890108_20200916_02_T1,20.0,45.0,5.0,38024,40363,5896,1
c2_002,1989-01-08,LANDSAT_4,LT04_L2SP_020045_19890108_20200916_02_T1,20.0,45.0,5.0,8543,14630,5440,0
c2_003,1989-01-08,LANDSAT_4,LT04_L2SP_020045_19890108_20200916_02_T1,20.0,45.0,5.0,7724,9914,5440,0
c2_004,1989-01-08,LANDSAT_4,LT04_L2SP_020045_19890108_20200916_02_T1,20.0,45.0,5.0,10004,17731,5440,0
c2_005,1989-01-08,LANDSAT_4,LT04_L2SP_020045_19890108_20200916_02_T1,20.0,45.0,5.0,8370,11686,7440,0
c2_006,1989-01-08,LANDSAT_4,LT04_L2SP_020045_19890108_20200916_02_T1,20.0,45.0,5.0,16061,20220,5896,0
c2_007,1989-01-08,LANDSAT_4,LT04_L2SP_020045_19890108_20200916_02_T1,20.0,45.0,5.0,9203,19043,7440,0
c2_008,1989-01-08,LANDSAT_4,LT04_L2SP_020045_19890108_20200916_02_T1,20.0,45.0,5.0,9356,15390,5440,0
c2_009,1989-01-08,LANDSAT_4,LT04_L2SP_020045_19890108_20200916_02_T1,20.0,45.0,5.0,7887,9321,5442,0
c2_010,1989-01-08,LANDSAT_4,LT04_L2SP_020045_19890108_20200916_02_T1,20.0,45.0,5.0,8553,12271,7442,0
c2_011,1989-01-08,LANDSAT_4,LT04_L2SP_020045_19890108_20200916_02_T1,20.0,45.0,5.0,10653,18845,5698,0
c2_012,1989-01-08,LANDSAT_4,LT04_L2SP_020045_19890108_20200916_02_T1,20.0,45.0,5.0,29769,35026,5896,1
c2_013,1989-01-08,LANDSAT_4,LT04_L2SP_020045_19890108_20200916_02_T1,20.0,45.0,5.0,8715,11487,7442,0
c2_014,1989-01-08,LANDSAT_4,LT04_L2SP_020045_19890108_20200916_02_T1,20.0,45.0,5.0,8869,16961,7440,0
c2_015,1989-01-08,LANDSAT_4,LT04_L2SP_020045_19890108_20200916_02_T1,20.0,45.0,5.0,9028,13641,7442,0
c2_016,1989-01-08,LANDSAT_4,LT04_L2SP_020045_19890108_20200916_02_T1,20.0,45.0,5.0,8234,8934,7440,0
c2_017,1989-01-08,LANDSAT_4,LT04_L2SP_020045_19890108_20200916_02_T1,20.0,45.0,5.0,18227,21904,5896,0
c2_018,1989-01-08,LANDSAT_4,LT04_L2SP_020045_19890108_20200916_02_T1,20.0,45.0,5.0,9359,12863,5442,0
c2_019,1989-01-08,LANDSAT_4,LT04_L2SP_020045_19890108_20200916_02_T1,20.0,45.0,5.0,11778,17157,5896,0
c2_020,1989-01-08,LANDSAT_4,LT04_L2SP_020045_19890108_20200916_02_T1,20.0,45.0,5.0,8214,13836,7440,0
c2_021,1989-01-08,LANDSAT_4,LT04_L2SP_020045_19890108_20200916_02_T1,20.0,45.0,5.0,11288,20602,5698,0
c2_022,1989-01-08,LANDSAT_4,LT04_L2SP_020045_19890108_20200916_02_T1,20.0,45.0,5.0,9839,16568,5440,0
c2_023,1989-01-08,LANDSAT_4,LT04_L2SP_020045_19890108_20200916_02_T1,20.0,45.0,5.0,18216,22649,5896,0
c2_024,1989-01-08,LANDSAT_4,LT04_L2SP_020045_19890108_20200916_02_T1,20.0,45.0,5.0,8866,12276,5440,0
c2_025,1989-01-08,LANDSAT_4,LT04_L2SP_020045_19890108_20200916_02_T1,20.0,45.0,5.0,9024,14815,5698,0
c2_026,1989-01-08,LANDSAT_4,LT04_L2SP_020045_19890108_20200916_02_T1,20.0,45.0,5.0,8541,14238,5440,0
c2_027,1989-01-08,LANDSAT_4,LT04_L2SP_020045_19890108_20200916_02_T1,20.0,45.0,5.0,10974,16159,5896,0
c2_028,1989-01-08,LANDSAT_4,LT04_L2SP_020045_19890108_20200916_02_T1,20.0,45.0,5.0,8233,13628,7440,0
c2_029,1989-01-08,LANDSAT_4,LT04_L2SP_020045_19890108_20200916_02_T1,20.0,45.0,5.0,29831,33469,5896,1
c2_030,1989-01-08,LANDSAT_4,LT04_L2SP_020045_19890108_20200916_02_T1,20.0,45.0,5.0,10970,17322,5896,0
c10_001,1989-01-08,LANDSAT_4,LT04_L2SP_020045_19890108_20200916_02_T1,20.0,45.0,5.0,10973,14022,5896,0
c10_002,1989-01-08,LANDSAT_4,LT04_L2SP_020045_19890108_20200916_02_T1,20.0,45.0,5.0,8061,9522,7440,0
c10_003,1989-01-08,LANDSAT_4,LT04_L2SP_020045_19890108_20200916_02_T1,20.0,45.0,5.0,8223,8731,7440,0
c10_004,1989-01-08,LANDSAT_4,LT04_L2SP_020045_19890108_20200916_02_T1,20.0,45.0,5.0,9522,10310,7442,0
c10_005,1989-01-08,LANDSAT_4,LT04_L2SP_020045_19890108_20200916_02_T1,20.0,45.0,5.0,9360,11097,7442,0
c3_001,1989-01-08,LANDSAT_4,LT04_L2SP_020045_19890108_20200916_02_T1,20.0,45.0,5.0,8209,11878,7440,0
c3_002,1989-01-08,LANDSAT_4,LT04_L2SP_020045_19890108_20200916_02_T1,20.0,45.0,5.0,7906,11292,7442,0
c3_003,1989-01-08,LANDSAT_4,LT04_L2SP_020045_19890108_20200916_02_T1,20.0,45.0,5.0,8393,11097,7442,0
c3_004,1989-01-08,LANDSAT_4,LT04_L2SP_020045_19890108_20200916_02_T1,20.0,45.0,5.0,24676,27589,5896,0
c3_005,1989-01-08,LANDSAT_4,LT04_L2SP_020045_19890108_20200916_02_T1,20.0,45.0,5.0,8385,14225,7440,0
c3_006,1989-01-08,LANDSAT_4,LT04_L2SP_020045_19890108_20200916_02_T1,20.0,45.0,5.0,8234,11293,7440,0
c3_007,1989-01-08,LANDSAT_4,LT04_L2SP_020045_19890108_20200916_02_T1,20.0,45.0,5.0,10652,13632,5896,0
c3_008,1989-01-08,LANDSAT_4,LT04_L2SP_020045_19890108_20200916_02_T1,20.0,45.0,5.0,9852,13248,5698,0
c3_009,1989-01-08,LANDSAT_4,LT04_L2SP_020045_19890108_20200916_02_T1,20.0,45.0,5.0,16671,20953,5896,0
c3_010,1989-01-08,LANDSAT_4,LT04_L2SP_020045_19890108_20200916_02_T1,20.0,45.0,5.0,11138,18086,7698,0
c3_011,1989-01-08,LANDSAT_4,LT04_L2SP_020045_19890108_20200916_02_T1,20.0,45.0,5.0,9684,14217,7698,0
c3_012,1989-01-08,LANDSAT_4,LT04_L2SP_020045_19890108_20200916_02_T1,20.0,45.0,5.0,8066,11486,7440,0
c3_013,1989-01-08,LANDSAT_4,LT04_L2SP_020045_19890108_20200916_02_T1,20.0,45.0,5.0,10013,14416,5698,0
c3_014,1989-01-08,LANDSAT_4,LT04_L2SP_020045_19890108_20200916_02_T1,20.0,45.0,5.0,9046,14610,5442,0
c3_015,1989-01-08,LANDSAT_4,LT04_L2SP_020045_19890108_20200916_02_T1,20.0,45.0,5.0,29268,34779,5896,1
c3_016,1989-01-08,LANDSAT_4,LT04_L2SP_020045_19890108_20200916_02_T1,20.0,45.0,5.0,9207,14999,5442,0
c3_017,1989-01-08,LANDSAT_4,LT04_L2SP_020045_19890108_20200916_02_T1,20.0,45.0,5.0,8557,12464,7442,0
c3_018,1989-01-08,LANDSAT_4,LT04_L2SP_020045_19890108_20200916_02_T1,20.0,45.0,5.0,21048,26497,5896,0
c3_019,1989-01-08,LANDSAT_4,LT04_L2SP_020045_19890108_20200916_02_T1,20.0,45.0,5.0,9042,19985,7440,0
c3_020,1989-01-08,LANDSAT_4,LT04_L2SP_020045_19890108_20200916_02_T1,20.0,45.0,5.0,26148,28869,5896,0
c3_021,1989-01-08,LANDSAT_4,LT04_L2SP_020045_19890108_20200916_02_T1,20.0,45.0,5.0,9852,12469,5698,0
c3_022,1989-01-08,LANDSAT_4,LT04_L2SP_020045_19890108_20200916_02_T1,20.0,45.0,5.0,20097,22874,5896,0
c3_023,1989-01-08,LANDSAT_4,LT04_L2SP_020045_19890108_20200916_02_T1,20.0,45.0,5.0,11933,15965,5896,0
c3_024,1989-01-08,LANDSAT_4,LT04_L2SP_020045_19890108_20200916_02_T1,20.0,45.0,5.0,12581,16766,5896,0
c3_025,1989-01-08,LANDSAT_4,LT04_L2SP_020045_19890108_20200916_02_T1,20.0,45.0,5.0,8882,19420,5440,0
c3_026,1989-01-08,LANDSAT_4,LT04_L2SP_020045_19890108_20200916_02_T1,20.0,45.0,5.0,16674,21339,5896,0
c3_027,1989-01-08,LANDSAT_4,LT04_L2SP_020045_19890108_20200916_02_T1,20.0,45.0,5.0,37368,40231,5896,1
c3_028,1989-01-08,LANDSAT_4,LT04_L2SP_020045_19890108_20200916_02_T1,20.0,45.0,5.0,8720,16546,5440,0
c3_029,1989-01-08,LANDSAT_4,LT04_L2SP_020045_19890108_20200916_02_T1,20.0,45.0,5.0,8868,10508,7442,0
c3_030,1989-01-08,LANDSAT_4,LT04_L2SP_020045_19890108_20200916_02_T1,20.0,45.0,5.0,20281,24616,5896,0
c4_001,1989-01-08,LANDSAT_4,LT04_L2SP_020045_19890108_20200916_02_T1,20.0,45.0,5.0,11297,11881,5442,0
c4_002,1989-01-08,LANDSAT_4,LT04_L2SP_020045_19890108_20200916_02_T1,20.0,45.0,5.0,9046,9527,7440,0
c4_003,1989-01-08,LANDSAT_4,LT04_L2SP_020045_19890108_20200916_02_T1,20.0,45.0,5.0,9208,8344,7440,0
c4_004,1989-01-08,LANDSAT_4,LT04_L2SP_020045_19890108_20200916_02_T1,20.0,45.0,5.0,28979,31661,5896,1
c4_005,1989-01-08,LANDSAT_4,LT04_L2SP_020045_19890108_20200916_02_T1,20.0,45.0,5.0,10977,10117,5504,0
c4_006,1989-01-08,LANDSAT_4,LT04_L2SP_020045_19890108_20200916_02_T1,20.0,45.0,5.0,12097,12078,7442,0
c4_007,1989-01-08,LANDSAT_4,LT04_L2SP_020045_19890108_20200916_02_T1,20.0,45.0,5.0,10002,14427,5440,0
c4_008,1989-01-08,LANDSAT_4,LT04_L2SP_020045_19890108_20200916_02_T1,20.0,45.0,5.0,17136,21901,5896,0
c4_009,1989-01-08,LANDSAT_4,LT04_L2SP_020045_19890108_20200916_02_T1,20.0,45.0,5.0,12895,17332,5896,0
c4_010,1989-01-08,LANDSAT_4,LT04_L2SP_020045_19890108_20200916_02_T1,20.0,45.0,5.0,12737,14035,5896,0
c4_011,1989-01-08,LANDSAT_4,LT04_L2SP_020045_19890108_20200916_02_T1,20.0,45.0,5.0,13214,16558,5896,0
c4_012,1989-01-08,LANDSAT_4,LT04_L2SP_020045_19890108_20200916_02_T1,20.0,45.0,5.0,9516,12473,7442,0
c4_013,1989-01-08,LANDSAT_4,LT04_L2SP_020045_19890108_20200916_02_T1,20.0,45.0,5.0,10817,12469,5440,0
c4_014,1989-01-08,LANDSAT_4,LT04_L2SP_020045_19890108_20200916_02_T1,20.0,45.0,5.0,8722,9330,7440,0
c4_015,1989-01-08,LANDSAT_4,LT04_L2SP_020045_19890108_20200916_02_T1,20.0,45.0,5.0,8866,13257,7440,0
c4_016,1989-01-08,LANDSAT_4,LT04_L2SP_020045_19890108_20200916_02_T1,20.0,45.0,5.0,10977,10117,7440,0
c4_017,1989-01-08,LANDSAT_4,LT04_L2SP_020045_19890108_20200916_02_T1,20.0,45.0,5.0,12257,19268,5896,0
c4_018,1989-01-08,LANDSAT_4,LT04_L2SP_020045_19890108_20200916_02_T1,20.0,45.0,5.0,28680,32395,5896,1
c4_019,1989-01-08,LANDSAT_4,LT04_L2SP_020045_19890108_20200916_02_T1,20.0,45.0,5.0,17312,18485,5896,0
c4_020,1989-01-08,LANDSAT_4,LT04_L2SP_020045_19890108_20200916_02_T1,20.0,45.0,5.0,13367,15964,5896,0
c4_021,1989-01-08,LANDSAT_4,LT04_L2SP_020045_19890108_20200916_02_T1,20.0,45.0,5.0,14006,15197,5896,0
c4_022,1989-01-08,LANDSAT_4,LT04_L2SP_020045_19890108_20200916_02_T1,20.0,45.0,5.0,8554,14992,7442,0
c4_023,1989-01-08,LANDSAT_4,LT04_L2SP_020045_19890108_20200916_02_T1,20.0,45.0,5.0,8885,8542,7440,0
c4_024,1989-01-08,LANDSAT_4,LT04_L2SP_020045_19890108_20200916_02_T1,20.0,45.0,5.0,9206,11098,5440,0
c4_025,1989-01-08,LANDSAT_4,LT04_L2SP_020045_19890108_20200916_02_T1,20.0,45.0,5.0,8885,8936,7440,0
c4_026,1989-01-08,LANDSAT_4,LT04_L2SP_020045_19890108_20200916_02_T1,20.0,45.0,5.0,8060,8928,5440,0
c4_027,1989-01-08,LANDSAT_4,LT04_L2SP_020045_19890108_20200916_02_T1,20.0,45.0,5.0,9206,10117,5440,0
c4_028,1989-01-08,LANDSAT_4,LT04_L2SP_020045_19890108_20200916_02_T1,20.0,45.0,5.0,10495,11489,5440,0
c4_029,1989-01-08,LANDSAT_4,LT04_L2SP_020045_19890108_20200916_02_T1,20.0,45.0,5.0,17948,24797,5896,0
c4_030,1989-01-08,LANDSAT_4,LT04_L2SP_020045_19890108_20200916_02_T1,20.0,45.0,5.0,14316,15771,5896,0
c5_001,1989-01-08,LANDSAT_4,LT04_L2SP_020045_19890108_20200916_02_T1,20.0,45.0,5.0,21956,24597,5896,0
c5_002,1989-01-08,LANDSAT_4,LT04_L2SP_020045_19890108_20200916_02_T1,20.0,45.0,5.0,13696,16375,5896,0
c5_003,1989-01-08,LANDSAT_4,LT04_L2SP_020045_19890108_20200916_02_T1,20.0,45.0,5.0,11458,15579,5440,0
c5_004,1989-01-08,LANDSAT_4,LT04_L2SP_020045_19890108_20200916_02_T1,20.0,45.0,5.0,8385,10113,5440,0
c5_005,1989-01-08,LANDSAT_4,LT04_L2SP_020045_19890108_20200916_02_T1,20.0,45.0,5.0,9363,11295,5442,0
c5_006,1989-01-08,LANDSAT_4,LT04_L2SP_020045_19890108_20200916_02_T1,20.0,45.0,5.0,11136,13445,5896,0
c5_007,1989-01-08,LANDSAT_4,LT04_L2SP_020045_19890108_20200916_02_T1,20.0,45.0,5.0,10005,12867,7698,0
c5_008,1989-01-08,LANDSAT_4,LT04_L2SP_020045_19890108_20200916_02_T1,20.0,45.0,5.0,24247,25550,5896,0
c5_009,1989-01-08,LANDSAT_4,LT04_L2SP_020045_19890108_20200916_02_T1,20.0,45.0,5.0,8222,10311,5440,0
c5_010,1989-01-08,LANDSAT_4,LT04_L2SP_020045_19890108_20200916_02_T1,20.0,45.0,5.0,8386,8731,7440,0
c5_011,1989-01-08,LANDSAT_4,LT04_L2SP_020045_19890108_20200916_02_T1,20.0,45.0,5.0,9033,9322,7442,0
c5_012,1989-01-08,LANDSAT_4,LT04_L2SP_020045_19890108_20200916_02_T1,20.0,45.0,5.0,11616,18088,5896,0
c5_013,1989-01-08,LANDSAT_4,LT04_L2SP_020045_19890108_20200916_02_T1,20.0,45.0,5.0,8880,11883,7442,0
c5_014,1989-01-08,LANDSAT_4,LT04_L2SP_020045_19890108_20200916_02_T1,20.0,45.0,5.0,24991,28169,5896,0
c5_015,1989-01-08,LANDSAT_4,LT04_L2SP_020045_19890108_20200916_02_T1,20.0,45.0,5.0,25757,27995,5896,0
c5_016,1989-01-08,LANDSAT_4,LT04_L2SP_020045_19890108_20200916_02_T1,20.0,45.0,5.0,8223,9719,7442,0
c5_017,1989-01-08,LANDSAT_4,LT04_L2SP_020045_19890108_20200916_02_T1,20.0,45.0,5.0,10652,13448,7698,0
c5_018,1989-01-08,LANDSAT_4,LT04_L2SP_020045_19890108_20200916_02_T1,20.0,45.0,5.0,10813,14617,5896,0
c5_019,1989-01-08,LANDSAT_4,LT04_L2SP_020045_19890108_20200916_02_T1,20.0,45.0,5.0,7896,10509,7440,0
c5_020,1989-01-08,LANDSAT_4,LT04_L2SP_020045_19890108_20200916_02_T1,20.0,45.0,5.0,16365,20393,5896,0
c5_021,1989-01-08,LANDSAT_4,LT04_L2SP_020045_19890108_20200916_02_T1,20.0,45.0,5.0,10490,12279,5896,0
c5_022,1989-01-08,LANDSAT_4,LT04_L2SP_020045_19890108_20200916_02_T1,20.0,45.0,5.0,16209,18669,5896,0
c5_023,1989-01-08,LANDSAT_4,LT04_L2SP_020045_19890108_20200916_02_T1,20.0,45.0,5.0,8711,9719,7442,0
c5_024,1989-01-08,LANDSAT_4,LT04_L2SP_020045_19890108_20200916_02_T1,20.0,45.0,5.0,9043,16352,7442,0
c5_025,1989-01-08,LANDSAT_4,LT04_L2SP_020045_19890108_20200916_02_T1,20.0,45.0,5.0,25461,28000,5896,0
c5_026,1989-01-08,LANDSAT_4,LT04_L2SP_020045_19890108_20200916_02_T1,20.0,45.0,5.0,11297,13639,5896,0
c5_027,1989-01-08,LANDSAT_4,LT04_L2SP_020045_19890108_20200916_02_T1,20.0,45.0,5.0,8060,8928,5440,0
c5_028,1989-01-08,LANDSAT_4,LT04_L2SP_020045_19890108_20200916_02_T1,20.0,45.0,5.0,8385,10902,7440,0
c5_029,1989-01-08,LANDSAT_4,LT04_L2SP_020045_19890108_20200916_02_T1,20.0,45.0,5.0,13374,15786,5896,0
c5_030,1989-01-08,LANDSAT_4,LT04_L2SP_020045_19890108_20200916_02_T1,20.0,45.0,5.0,9683,14228,7698,0
c1_001,1989-10-07,LANDSAT_4,LT04_L2SP_020045_19891007_20200916_02_T1,20.0,45.0,9.0,8752,16745,5440,0
c1_002,1989-10-07,LANDSAT_4,LT04_L2SP_020045_19891007_20200916_02_T1,20.0,45.0,9.0,10430,18805,5440,0
c1_003,1989-10-07,LANDSAT_4,LT04_L2SP_020045_19891007_20200916_02_T1,20.0,45.0,9.0,11029,17926,5698,0
c1_004,1989-10-07,LANDSAT_4,LT04_L2SP_020045_19891007_20200916_02_T1,20.0,45.0,9.0,9112,15707,5440,0
c1_005,1989-10-07,LANDSAT_4,LT04_L2SP_020045_19891007_20200916_02_T1,20.0,45.0,9.0,8268,11835,7442,0
c1_006,1989-10-07,LANDSAT_4,LT04_L2SP_020045_19891007_20200916_02_T1,20.0,45.0,9.0,11383,19537,7698,0
c1_007,1989-10-07,LANDSAT_4,LT04_L2SP_020045_19891007_20200916_02_T1,20.0,45.0,9.0,8264,19822,5440,0
c1_008,1989-10-07,LANDSAT_4,LT04_L2SP_020045_19891007_20200916_02_T1,20.0,45.0,9.0,8746,18944,5440,0
c1_009,1989-10-07,LANDSAT_4,LT04_L2SP_020045_19891007_20200916_02_T1,20.0,45.0,9.0,19794,23471,5896,0
c1_010,1989-10-07,LANDSAT_4,LT04_L2SP_020045_19891007_20200916_02_T1,20.0,45.0,9.0,32592,36279,5896,1
c1_011,1989-10-07,LANDSAT_4,LT04_L2SP_020045_19891007_20200916_02_T1,20.0,45.0,9.0,10547,19093,5440,0
c1_012,1989-10-07,LANDSAT_4,LT04_L2SP_020045_19891007_20200916_02_T1,20.0,45.0,9.0,17145,22750,5896,0
c1_013,1989-10-07,LANDSAT_4,LT04_L2SP_020045_19891007_20200916_02_T1,20.0,45.0,9.0,8748,14813,5440,0
c1_014,1989-10-07,LANDSAT_4,LT04_L2SP_020045_19891007_20200916_02_T1,20.0,45.0,9.0,22985,28659,5896,1
c1_015,1989-10-07,LANDSAT_4,LT04_L2SP_020045_19891007_20200916_02_T1,20.0,45.0,9.0,14579,19394,5896,0
c1_016,1989-10-07,LANDSAT_4,LT04_L2SP_020045_19891007_20200916_02_T1,20.0,45.0,9.0,8385,18355,5440,0
c1_017,1989-10-07,LANDSAT_4,LT04_L2SP_020045_19891007_20200916_02_T1,20.0,45.0,9.0,8505,18794,5440,0
c1_018,1989-10-07,LANDSAT_4,LT04_L2SP_020045_19891007_20200916_02_T1,20.0,45.0,9.0,7908,11535,7440,0
c1_019,1989-10-07,LANDSAT_4,LT04_L2SP_020045_19891007_20200916_02_T1,20.0,45.0,9.0,8632,12734,5442,0
c1_020,1989-10-07,LANDSAT_4,LT04_L2SP_020045_19891007_20200916_02_T1,20.0,45.0,9.0,8746,16293,5440,0
c1_021,1989-10-07,LANDSAT_4,LT04_L2SP_020045_19891007_20200916_02_T1,20.0,45.0,9.0,11862,19247,5896,0
c1_022,1989-10-07,LANDSAT_4,LT04_L2SP_020045_19891007_20200916_02_T1,20.0,45.0,9.0,8870,19976,5440,0
c1_023,1989-10-07,LANDSAT_4,LT04_L2SP_020045_19891007_20200916_02_T1,20.0,45.0,9.0,7785,10783,7442,0
c1_024,1989-10-07,LANDSAT_4,LT04_L2SP_020045_19891007_20200916_02_T1,20.0,45.0,9.0,8867,18654,5440,0
c1_025,1989-10-07,LANDSAT_4,LT04_L2SP_020045_19891007_20200916_02_T1,20.0,45.0,9.0,11743,16006,5896,0
c1_026,1989-10-07,LANDSAT_4,LT04_L2SP_020045_19891007_20200916_02_T1,20.0,45.0,9.0,8505,17324,5440,0
c1_027,1989-10-07,LANDSAT_4,LT04_L2SP_020045_19891007_20200916_02_T1,20.0,45.0,9.0,13634,21873,5896,0
c1_028,1989-10-07,LANDSAT_4,LT04_L2SP_020045_19891007_20200916_02_T1,20.0,45.0,9.0,8147,16888,7440,0
c1_029,1989-10-07,LANDSAT_4,LT04_L2SP_020045_19891007_20200916_02_T1,20.0,45.0,9.0,13163,22604,5698,0
c1_030,1989-10-07,LANDSAT_4,LT04_L2SP_020045_19891007_20200916_02_T1,20.0,45.0,9.0,7908,10184,7440,0
c2_001,1989-10-07,LANDSAT_4,LT04_L2SP_020045_19891007_20200916_02_T1,20.0,45.0,9.0,7902,13322,7440,0
c2_002,1989-10-07,LANDSAT_4,LT04_L2SP_020045_19891007_20200916_02_T1,20.0,45.0,9.0,14229,16009,5896,0
c2_003,1989-10-07,LANDSAT_4,LT04_L2SP_020045_19891007_20200916_02_T1,20.0,45.0,9.0,8512,13928,5440,0
c2_004,1989-10-07,LANDSAT_4,LT04_L2SP_020045_19891007_20200916_02_T1,20.0,45.0,9.0,24785,29514,5896,1
c2_005,1989-10-07,LANDSAT_4,LT04_L2SP_020045_19891007_20200916_02_T1,20.0,45.0,9.0,8751,19541,5440,0
c2_006,1989-10-07,LANDSAT_4,LT04_L2SP_020045_19891007_20200916_02_T1,20.0,45.0,9.0,8870,20707,5440,0
c2_007,1989-10-07,LANDSAT_4,LT04_L2SP_020045_19891007_20200916_02_T1,20.0,45.0,9.0,10189,14517,5896,0
c2_008,1989-10-07,LANDSAT_4,LT04_L2SP_020045_19891007_20200916_02_T1,20.0,45.0,9.0,8990,14963,5442,0
c2_009,1989-10-07,LANDSAT_4,LT04_L2SP_020045_19891007_20200916_02_T1,20.0,45.0,9.0,9715,12585,5442,0
c2_010,1989-10-07,LANDSAT_4,LT04_L2SP_020045_19891007_20200916_02_T1,20.0,45.0,9.0,8627,15406,5440,0
c2_011,1989-10-07,LANDSAT_4,LT04_L2SP_020045_19891007_20200916_02_T1,20.0,45.0,9.0,8746,18798,5440,0
c2_012,1989-10-07,LANDSAT_4,LT04_L2SP_020045_19891007_20200916_02_T1,20.0,45.0,9.0,21051,25641,5896,1
c2_013,1989-10-07,LANDSAT_4,LT04_L2SP_020045_19891007_20200916_02_T1,20.0,45.0,9.0,8748,13475,5440,0
c2_014,1989-10-07,LANDSAT_4,LT04_L2SP_020045_19891007_20200916_02_T1,20.0,45.0,9.0,7786,10184,7440,0
c2_015,1989-10-07,LANDSAT_4,LT04_L2SP_020045_19891007_20200916_02_T1,20.0,45.0,9.0,22413,27934,5896,1
c2_016,1989-10-07,LANDSAT_4,LT04_L2SP_020045_19891007_20200916_02_T1,20.0,45.0,9.0,9228,10631,5440,0
c2_017,1989-10-07,LANDSAT_4,LT04_L2SP_020045_19891007_20200916_02_T1,20.0,45.0,9.0,8748,15852,5440,0
c2_018,1989-10-07,LANDSAT_4,LT04_L2SP_020045_19891007_20200916_02_T1,20.0,45.0,9.0,20025,23040,5896,0
c2_019,1989-10-07,LANDSAT_4,LT04_L2SP_020045_19891007_20200916_02_T1,20.0,45.0,9.0,9115,13630,5442,0
c2_020,1989-10-07,LANDSAT_4,LT04_L2SP_020045_19891007_20200916_02_T1,20.0,45.0,9.0,13162,23326,5442,0
c2_021,1989-10-07,LANDSAT_4,LT04_L2SP_020045_19891007_20200916_02_T1,20.0,45.0,9.0,8870,18803,5440,0
c2_022,1989-10-07,LANDSAT_4,LT04_L2SP_020045_19891007_20200916_02_T1,20.0,45.0,9.0,9352,16154,7440,0
c2_023,1989-10-07,LANDSAT_4,LT04_L2SP_020045_19891007_20200916_02_T1,20.0,45.0,9.0,9347,16882,5440,0
c2_024,1989-10-07,LANDSAT_4,LT04_L2SP_020045_19891007_20200916_02_T1,20.0,45.0,9.0,8991,11385,7442,0
c2_025,1989-10-07,LANDSAT_4,LT04_L2SP_020045_19891007_20200916_02_T1,20.0,45.0,9.0,8629,18802,5440,0
c2_026,1989-10-07,LANDSAT_4,LT04_L2SP_020045_19891007_20200916_02_T1,20.0,45.0,9.0,17960,20425,5896,0
c2_027,1989-10-07,LANDSAT_4,LT04_L2SP_020045_19891007_20200916_02_T1,20.0,45.0,9.0,8628,19389,7440,0
c2_028,1989-10-07,LANDSAT_4,LT04_L2SP_020045_19891007_20200916_02_T1,20.0,45.0,9.0,7539,10178,7440,0
c2_029,1989-10-07,LANDSAT_4,LT04_L2SP_020045_19891007_20200916_02_T1,20.0,45.0,9.0,13865,18356,5896,0
c2_030,1989-10-07,LANDSAT_4,LT04_L2SP_020045_19891007_20200916_02_T1,20.0,45.0,9.0,13042,21434,5696,0
c10_001,1989-10-07,LANDSAT_4,LT04_L2SP_020045_19891007_20200916_02_T1,20.0,45.0,9.0,10187,13175,5440,0
c10_002,1989-10-07,LANDSAT_4,LT04_L2SP_020045_19891007_20200916_02_T1,20.0,45.0,9.0,9352,10484,5440,0
c10_003,1989-10-07,LANDSAT_4,LT04_L2SP_020045_19891007_20200916_02_T1,20.0,45.0,9.0,11027,11984,5442,0
c10_004,1989-10-07,LANDSAT_4,LT04_L2SP_020045_19891007_20200916_02_T1,20.0,45.0,9.0,14694,16743,5896,0
c10_005,1989-10-07,LANDSAT_4,LT04_L2SP_020045_19891007_20200916_02_T1,20.0,45.0,9.0,9112,9881,7440,0
c3_001,1989-10-07,LANDSAT_4,LT04_L2SP_020045_19891007_20200916_02_T1,20.0,45.0,9.0,8388,19243,5440,0
c3_002,1989-10-07,LANDSAT_4,LT04_L2SP_020045_19891007_20200916_02_T1,20.0,45.0,9.0,26561,29218,5896,1
c3_003,1989-10-07,LANDSAT_4,LT04_L2SP_020045_19891007_20200916_02_T1,20.0,45.0,9.0,16442,21871,5896,0
c3_004,1989-10-07,LANDSAT_4,LT04_L2SP_020045_19891007_20200916_02_T1,20.0,45.0,9.0,10666,20996,5442,0
c3_005,1989-10-07,LANDSAT_4,LT04_L2SP_020045_19891007_20200916_02_T1,20.0,45.0,9.0,8387,17478,7440,0
c3_006,1989-10-07,LANDSAT_4,LT04_L2SP_020045_19891007_20200916_02_T1,20.0,45.0,9.0,7903,12131,7440,0
c3_007,1989-10-07,LANDSAT_4,LT04_L2SP_020045_19891007_20200916_02_T1,20.0,45.0,9.0,11618,19090,5440,0
c3_008,1989-10-07,LANDSAT_4,LT04_L2SP_020045_19891007_20200916_02_T1,20.0,45.0,9.0,8869,19535,5440,0
c3_009,1989-10-07,LANDSAT_4,LT04_L2SP_020045_19891007_20200916_02_T1,20.0,45.0,9.0,8507,20559,5440,0
c3_010,1989-10-07,LANDSAT_4,LT04_L2SP_020045_19891007_20200916_02_T1,20.0,45.0,9.0,8870,21290,5440,0
c3_011,1989-10-07,LANDSAT_4,LT04_L2SP_020045_19891007_20200916_02_T1,20.0,45.0,9.0,8626,16590,5440,0
c3_012,1989-10-07,LANDSAT_4,LT04_L2SP_020045_19891007_20200916_02_T1,20.0,45.0,9.0,8989,15852,5440,0
c3_013,1989-10-07,LANDSAT_4,LT04_L2SP_020045_19891007_20200916_02_T1,20.0,45.0,9.0,8989,20121,5440,0
c3_014,1989-10-07,LANDSAT_4,LT04_L2SP_020045_19891007_20200916_02_T1,20.0,45.0,9.0,8749,20850,5440,0
c3_015,1989-10-07,LANDSAT_4,LT04_L2SP_020045_19891007_20200916_02_T1,20.0,45.0,9.0,8626,19386,5440,0
c3_016,1989-10-07,LANDSAT_4,LT04_L2SP_020045_19891007_20200916_02_T1,20.0,45.0,9.0,8748,21143,5440,0
c3_017,1989-10-07,LANDSAT_4,LT04_L2SP_020045_19891007_20200916_02_T1,20.0,45.0,9.0,8987,17623,5440,0
c3_018,1989-10-07,LANDSAT_4,LT04_L2SP_020045_19891007_20200916_02_T1,20.0,45.0,9.0,7905,12284,7440,0
c3_019,1989-10-07,LANDSAT_4,LT04_L2SP_020045_19891007_20200916_02_T1,20.0,45.0,9.0,8264,19380,5440,0
c3_020,1989-10-07,LANDSAT_4,LT04_L2SP_020045_19891007_20200916_02_T1,20.0,45.0,9.0,11144,19536,5442,0
c3_021,1989-10-07,LANDSAT_4,LT04_L2SP_020045_19891007_20200916_02_T1,20.0,45.0,9.0,9229,18066,5440,0
c3_022,1989-10-07,LANDSAT_4,LT04_L2SP_020045_19891007_20200916_02_T1,20.0,45.0,9.0,8989,18359,5440,0
c3_023,1989-10-07,LANDSAT_4,LT04_L2SP_020045_19891007_20200916_02_T1,20.0,45.0,9.0,8507,11681,7442,0
c3_024,1989-10-07,LANDSAT_4,LT04_L2SP_020045_19891007_20200916_02_T1,20.0,45.0,9.0,31954,33486,5896,1
c3_025,1989-10-07,LANDSAT_4,LT04_L2SP_020045_19891007_20200916_02_T1,20.0,45.0,9.0,9347,16883,5440,0
c3_026,1989-10-07,LANDSAT_4,LT04_L2SP_020045_19891007_20200916_02_T1,20.0,45.0,9.0,8507,20557,5440,0
c3_027,1989-10-07,LANDSAT_4,LT04_L2SP_020045_19891007_20200916_02_T1,20.0,45.0,9.0,8626,18213,5440,0
c3_028,1989-10-07,LANDSAT_4,LT04_L2SP_020045_19891007_20200916_02_T1,20.0,45.0,9.0,8749,20121,5440,0
c3_029,1989-10-07,LANDSAT_4,LT04_L2SP_020045_19891007_20200916_02_T1,20.0,45.0,9.0,16798,18809,5896,0
c3_030,1989-10-07,LANDSAT_4,LT04_L2SP_020045_19891007_20200916_02_T1,20.0,45.0,9.0,8751,13926,5440,0
c4_001,1989-10-07,LANDSAT_4,LT04_L2SP_020045_19891007_20200916_02_T1,20.0,45.0,9.0,8867,8673,7442,0
c4_002,1989-10-07,LANDSAT_4,LT04_L2SP_020045_19891007_20200916_02_T1,20.0,45.0,9.0,8748,9729,7440,0
c4_003,1989-10-07,LANDSAT_4,LT04_L2SP_020045_19891007_20200916_02_T1,20.0,45.0,9.0,10547,8975,5504,0
c4_004,1989-10-07,LANDSAT_4,LT04_L2SP_020045_19891007_20200916_02_T1,20.0,45.0,9.0,15160,15705,5896,0
c4_005,1989-10-07,LANDSAT_4,LT04_L2SP_020045_19891007_20200916_02_T1,20.0,45.0,9.0,9829,8068,5504,64
c4_006,1989-10-07,LANDSAT_4,LT04_L2SP_020045_19891007_20200916_02_T1,20.0,45.0,9.0,9830,8976,5504,0
c4_007,1989-10-07,LANDSAT_4,LT04_L2SP_020045_19891007_20200916_02_T1,20.0,45.0,9.0,11028,13924,5896,0
c4_008,1989-10-07,LANDSAT_4,LT04_L2SP_020045_19891007_20200916_02_T1,20.0,45.0,9.0,9349,18653,5440,0
c4_009,1989-10-07,LANDSAT_4,LT04_L2SP_020045_19891007_20200916_02_T1,20.0,45.0,9.0,11026,13775,7442,0
c4_010,1989-10-07,LANDSAT_4,LT04_L2SP_020045_19891007_20200916_02_T1,20.0,45.0,9.0,12336,13627,5896,0
c4_011,1989-10-07,LANDSAT_4,LT04_L2SP_020045_19891007_20200916_02_T1,20.0,45.0,9.0,10669,12284,5698,0
c4_012,1989-10-07,LANDSAT_4,LT04_L2SP_020045_19891007_20200916_02_T1,20.0,45.0,9.0,11743,15857,5896,0
c4_013,1989-10-07,LANDSAT_4,LT04_L2SP_020045_19891007_20200916_02_T1,20.0,45.0,9.0,9950,9278,5504,0
c4_014,1989-10-07,LANDSAT_4,LT04_L2SP_020045_19891007_20200916_02_T1,20.0,45.0,9.0,8265,7916,7440,0
c4_015,1989-10-07,LANDSAT_4,LT04_L2SP_020045_19891007_20200916_02_T1,20.0,45.0,9.0,9353,15116,5440,0
c4_016,1989-10-07,LANDSAT_4,LT04_L2SP_020045_19891007_20200916_02_T1,20.0,45.0,9.0,9710,8673,5504,0
c4_017,1989-10-07,LANDSAT_4,LT04_L2SP_020045_19891007_20200916_02_T1,20.0,45.0,9.0,65535,38098,5896,5
c4_018,1989-10-07,LANDSAT_4,LT04_L2SP_020045_19891007_20200916_02_T1,20.0,45.0,9.0,9350,13028,7442,0
c4_019,1989-10-07,LANDSAT_4,LT04_L2SP_020045_19891007_20200916_02_T1,20.0,45.0,9.0,34637,36142,5896,1
c4_020,1989-10-07,LANDSAT_4,LT04_L2SP_020045_19891007_20200916_02_T1,20.0,45.0,9.0,11144,11982,5440,0
c4_021,1989-10-07,LANDSAT_4,LT04_L2SP_020045_19891007_20200916_02_T1,20.0,45.0,9.0,12807,13774,7442,0
c4_022,1989-10-07,LANDSAT_4,LT04_L2SP_020045_19891007_20200916_02_T1,20.0,45.0,9.0,8385,18063,5440,0
c4_023,1989-10-07,LANDSAT_4,LT04_L2SP_020045_19891007_20200916_02_T1,20.0,45.0,9.0,9109,8975,7440,0
c4_024,1989-10-07,LANDSAT_4,LT04_L2SP_020045_19891007_20200916_02_T1,20.0,45.0,9.0,10786,9126,5506,0
c4_025,1989-10-07,LANDSAT_4,LT04_L2SP_020045_19891007_20200916_02_T1,20.0,45.0,9.0,10667,9729,5504,0
c4_026,1989-10-07,LANDSAT_4,LT04_L2SP_020045_19891007_20200916_02_T1,20.0,45.0,9.0,8750,10934,7442,0
c4_027,1989-10-07,LANDSAT_4,LT04_L2SP_020045_19891007_20200916_02_T1,20.0,45.0,9.0,9830,8975,5504,0
c4_028,1989-10-07,LANDSAT_4,LT04_L2SP_020045_19891007_20200916_02_T1,20.0,45.0,9.0,8867,8068,7440,0
c4_029,1989-10-07,LANDSAT_4,LT04_L2SP_020045_19891007_20200916_02_T1,20.0,45.0,9.0,65535,40039,5896,21
c4_030,1989-10-07,LANDSAT_4,LT04_L2SP_020045_19891007_20200916_02_T1,20.0,45.0,9.0,8025,7766,7440,0
c5_001,1989-10-07,LANDSAT_4,LT04_L2SP_020045_19891007_20200916_02_T1,20.0,45.0,9.0,19107,22022,5896,0
c5_002,1989-10-07,LANDSAT_4,LT04_L2SP_020045_19891007_20200916_02_T1,20.0,45.0,9.0,31737,35172,5896,1
c5_003,1989-10-07,LANDSAT_4,LT04_L2SP_020045_19891007_20200916_02_T1,20.0,45.0,9.0,8146,8674,7440,0
c5_004,1989-10-07,LANDSAT_4,LT04_L2SP_020045_19891007_20200916_02_T1,20.0,45.0,9.0,27456,29654,5896,1
c5_005,1989-10-07,LANDSAT_4,LT04_L2SP_020045_19891007_20200916_02_T1,20.0,45.0,9.0,8629,9128,5504,0
c5_006,1989-10-07,LANDSAT_4,LT04_L2SP_020045_19891007_20200916_02_T1,20.0,45.0,9.0,9351,9730,7442,0
c5_007,1989-10-07,LANDSAT_4,LT04_L2SP_020045_19891007_20200916_02_T1,20.0,45.0,9.0,23438,26224,5896,1
c5_008,1989-10-07,LANDSAT_4,LT04_L2SP_020045_19891007_20200916_02_T1,20.0,45.0,9.0,16680,18661,5896,0
c5_009,1989-10-07,LANDSAT_4,LT04_L2SP_020045_19891007_20200916_02_T1,20.0,45.0,9.0,21168,22604,5896,0
c5_010,1989-10-07,LANDSAT_4,LT04_L2SP_020045_19891007_20200916_02_T1,20.0,45.0,9.0,10669,11385,7442,0
c5_011,1989-10-07,LANDSAT_4,LT04_L2SP_020045_19891007_20200916_02_T1,20.0,45.0,9.0,27794,30087,5896,1
c5_012,1989-10-07,LANDSAT_4,LT04_L2SP_020045_19891007_20200916_02_T1,20.0,45.0,9.0,9229,15408,5440,0
c5_013,1989-10-07,LANDSAT_4,LT04_L2SP_020045_19891007_20200916_02_T1,20.0,45.0,9.0,14340,17773,5896,0
c5_014,1989-10-07,LANDSAT_4,LT04_L2SP_020045_19891007_20200916_02_T1,20.0,45.0,9.0,23209,26507,5896,1
c5_015,1989-10-07,LANDSAT_4,LT04_L2SP_020045_19891007_20200916_02_T1,20.0,45.0,9.0,8148,8523,5504,0
c5_016,1989-10-07,LANDSAT_4,LT04_L2SP_020045_19891007_20200916_02_T1,20.0,45.0,9.0,18186,19832,5896,1
c5_017,1989-10-07,LANDSAT_4,LT04_L2SP_020045_19891007_20200916_02_T1,20.0,45.0,9.0,33998,36565,5896,1
c5_018,1989-10-07,LANDSAT_4,LT04_L2SP_020045_19891007_20200916_02_T1,20.0,45.0,9.0,14810,17479,5896,0
c5_019,1989-10-07,LANDSAT_4,LT04_L2SP_020045_19891007_20200916_02_T1,20.0,45.0,9.0,32597,34605,5896,1
c5_020,1989-10-07,LANDSAT_4,LT04_L2SP_020045_19891007_20200916_02_T1,20.0,45.0,9.0,9230,14220,5440,0
c5_021,1989-10-07,LANDSAT_4,LT04_L2SP_020045_19891007_20200916_02_T1,20.0,45.0,9.0,10910,11835,5698,0
c5_022,1989-10-07,LANDSAT_4,LT04_L2SP_020045_19891007_20200916_02_T1,20.0,45.0,9.0,10310,11682,5442,0
c5_023,1989-10-07,LANDSAT_4,LT04_L2SP_020045_19891007_20200916_02_T1,20.0,45.0,9.0,9112,9731,7440,0
c5_024,1989-10-07,LANDSAT_4,LT04_L2SP_020045_19891007_20200916_02_T1,20.0,45.0,9.0,30200,32626,5896,1
c5_025,1989-10-07,LANDSAT_4,LT04_L2SP_020045_19891007_20200916_02_T1,20.0,45.0,9.0,8993,13331,5442,0
c5_026,1989-10-07,LANDSAT_4,LT04_L2SP_020045_19891007_20200916_02_T1,20.0,45.0,9.0,15627,16888,5896,0
c5_027,1989-10-07,LANDSAT_4,LT04_L2SP_020045_19891007_20200916_02_T1,20.0,45.0,9.0,14224,14817,5896,0
c5_028,1989-10-07,LANDSAT_4,LT04_L2SP_020045_19891007_20200916_02_T1,20.0,45.0,9.0,25343,27081,5896,1
c5_029,1989-10-07,LANDSAT_4,LT04_L2SP_020045_19891007_20200916_02_T1,20.0,45.0,9.0,11266,13180,5896,0
c5_030,1989-10-07,LANDSAT_4,LT04_L2SP_020045_19891007_20200916_02_T1,20.0,45.0,9.0,9592,12133,5440,0
c1_001,1989-10-23,LANDSAT_4,LT04_L2SP_020045_19891023_20200916_02_T1,20.0,45.0,24.0,8378,15684,5440,0
c1_002,1989-10-23,LANDSAT_4,LT04_L2SP_020045_19891023_20200916_02_T1,20.0,45.0,24.0,8649,16140,5440,0
c1_003,1989-10-23,LANDSAT_4,LT04_L2SP_020045_19891023_20200916_02_T1,20.0,45.0,24.0,8248,15683,5440,0
c1_004,1989-10-23,LANDSAT_4,LT04_L2SP_020045_19891023_20200916_02_T1,20.0,45.0,24.0,8647,16302,5440,0
c1_005,1989-10-23,LANDSAT_4,LT04_L2SP_020045_19891023_20200916_02_T1,20.0,45.0,24.0,9679,11723,5896,0
c1_006,1989-10-23,LANDSAT_4,LT04_L2SP_020045_19891023_20200916_02_T1,20.0,45.0,24.0,7990,11084,7440,0
c1_007,1989-10-23,LANDSAT_4,LT04_L2SP_020045_19891023_20200916_02_T1,20.0,45.0,24.0,8397,20010,5440,0
c1_008,1989-10-23,LANDSAT_4,LT04_L2SP_020045_19891023_20200916_02_T1,20.0,45.0,24.0,8785,18310,5440,0
c1_009,1989-10-23,LANDSAT_4,LT04_L2SP_020045_19891023_20200916_02_T1,20.0,45.0,24.0,8550,15333,5440,0
c1_010,1989-10-23,LANDSAT_4,LT04_L2SP_020045_19891023_20200916_02_T1,20.0,45.0,24.0,7859,10445,7440,0
c1_011,1989-10-23,LANDSAT_4,LT04_L2SP_020045_19891023_20200916_02_T1,20.0,45.0,24.0,8528,17533,5440,0
c1_012,1989-10-23,LANDSAT_4,LT04_L2SP_020045_19891023_20200916_02_T1,20.0,45.0,24.0,8383,15678,5440,0
c1_013,1989-10-23,LANDSAT_4,LT04_L2SP_020045_19891023_20200916_02_T1,20.0,45.0,24.0,9168,15035,5440,0
c1_014,1989-10-23,LANDSAT_4,LT04_L2SP_020045_19891023_20200916_02_T1,20.0,45.0,24.0,8519,18178,5440,0
c1_015,1989-10-23,LANDSAT_4,LT04_L2SP_020045_19891023_20200916_02_T1,20.0,45.0,24.0,8385,15050,5440,0
c1_016,1989-10-23,LANDSAT_4,LT04_L2SP_020045_19891023_20200916_02_T1,20.0,45.0,24.0,8424,17969,5440,0
c1_017,1989-10-23,LANDSAT_4,LT04_L2SP_020045_19891023_20200916_02_T1,20.0,45.0,24.0,8548,18745,5440,0
c1_018,1989-10-23,LANDSAT_4,LT04_L2SP_020045_19891023_20200916_02_T1,20.0,45.0,24.0,8379,18343,5440,0
c1_019,1989-10-23,LANDSAT_4,LT04_L2SP_020045_19891023_20200916_02_T1,20.0,45.0,24.0,8115,11725,5440,0
c1_020,1989-10-23,LANDSAT_4,LT04_L2SP_020045_19891023_20200916_02_T1,20.0,45.0,24.0,8789,16124,5440,0
c1_021,1989-10-23,LANDSAT_4,LT04_L2SP_020045_19891023_20200916_02_T1,20.0,45.0,24.0,8383,14893,5440,0
c1_022,1989-10-23,LANDSAT_4,LT04_L2SP_020045_19891023_20200916_02_T1,20.0,45.0,24.0,8640,19891,7440,0
c1_023,1989-10-23,LANDSAT_4,LT04_L2SP_020045_19891023_20200916_02_T1,20.0,45.0,24.0,7730,10606,7440,0
c1_024,1989-10-23,LANDSAT_4,LT04_L2SP_020045_19891023_20200916_02_T1,20.0,45.0,24.0,8689,18121,5440,0
c1_025,1989-10-23,LANDSAT_4,LT04_L2SP_020045_19891023_20200916_02_T1,20.0,45.0,24.0,8641,17249,7440,0
c1_026,1989-10-23,LANDSAT_4,LT04_L2SP_020045_19891023_20200916_02_T1,20.0,45.0,24.0,7396,9190,7440,0
c1_027,1989-10-23,LANDSAT_4,LT04_L2SP_020045_19891023_20200916_02_T1,20.0,45.0,24.0,8259,17391,7440,0
c1_028,1989-10-23,LANDSAT_4,LT04_L2SP_020045_19891023_20200916_02_T1,20.0,45.0,24.0,8404,20011,5440,0
c1_029,1989-10-23,LANDSAT_4,LT04_L2SP_020045_19891023_20200916_02_T1,20.0,45.0,24.0,21745,23131,5896,1
c1_030,1989-10-23,LANDSAT_4,LT04_L2SP_020045_19891023_20200916_02_T1,20.0,45.0,24.0,8639,15367,5440,0
c2_001,1989-10-23,LANDSAT_4,LT04_L2SP_020045_19891023_20200916_02_T1,20.0,45.0,24.0,9070,19504,7442,0
c2_002,1989-10-23,LANDSAT_4,LT04_L2SP_020045_19891023_20200916_02_T1,20.0,45.0,24.0,7990,11087,5440,0
c2_003,1989-10-23,LANDSAT_4,LT04_L2SP_020045_19891023_20200916_02_T1,20.0,45.0,24.0,10584,14266,5896,0
c2_004,1989-10-23,LANDSAT_4,LT04_L2SP_020045_19891023_20200916_02_T1,20.0,45.0,24.0,9028,15684,5440,0
c2_005,1989-10-23,LANDSAT_4,LT04_L2SP_020045_19891023_20200916_02_T1,20.0,45.0,24.0,7725,9484,7440,0
c2_006,1989-10-23,LANDSAT_4,LT04_L2SP_020045_19891023_20200916_02_T1,20.0,45.0,24.0,12251,21740,5896,0
c2_007,1989-10-23,LANDSAT_4,LT04_L2SP_020045_19891023_20200916_02_T1,20.0,45.0,24.0,8931,17519,5440,0
c2_008,1989-10-23,LANDSAT_4,LT04_L2SP_020045_19891023_20200916_02_T1,20.0,45.0,24.0,9170,14566,5440,0
c2_009,1989-10-23,LANDSAT_4,LT04_L2SP_020045_19891023_20200916_02_T1,20.0,45.0,24.0,8111,11087,5440,0
c2_010,1989-10-23,LANDSAT_4,LT04_L2SP_020045_19891023_20200916_02_T1,20.0,45.0,24.0,8528,16754,5440,0
c2_011,1989-10-23,LANDSAT_4,LT04_L2SP_020045_19891023_20200916_02_T1,20.0,45.0,24.0,8689,17344,5440,0
c2_012,1989-10-23,LANDSAT_4,LT04_L2SP_020045_19891023_20200916_02_T1,20.0,45.0,24.0,25979,32809,5896,1
c2_013,1989-10-23,LANDSAT_4,LT04_L2SP_020045_19891023_20200916_02_T1,20.0,45.0,24.0,8656,14876,5440,0
c2_014,1989-10-23,LANDSAT_4,LT04_L2SP_020045_19891023_20200916_02_T1,20.0,45.0,24.0,8381,16312,5440,0
c2_015,1989-10-23,LANDSAT_4,LT04_L2SP_020045_19891023_20200916_02_T1,20.0,45.0,24.0,8905,21270,7442,0
c2_016,1989-10-23,LANDSAT_4,LT04_L2SP_020045_19891023_20200916_02_T1,20.0,45.0,24.0,9200,10302,7440,0
c2_017,1989-10-23,LANDSAT_4,LT04_L2SP_020045_19891023_20200916_02_T1,20.0,45.0,24.0,8806,16739,5440,0
c2_018,1989-10-23,LANDSAT_4,LT04_L2SP_020045_19891023_20200916_02_T1,20.0,45.0,24.0,8916,14095,5440,0
c2_019,1989-10-23,LANDSAT_4,LT04_L2SP_020045_19891023_20200916_02_T1,20.0,45.0,24.0,8116,13949,5440,0
c2_020,1989-10-23,LANDSAT_4,LT04_L2SP_020045_19891023_20200916_02_T1,20.0,45.0,24.0,7473,10127,7440,0
c2_021,1989-10-23,LANDSAT_4,LT04_L2SP_020045_19891023_20200916_02_T1,20.0,45.0,24.0,65535,42857,5896,5
c2_022,1989-10-23,LANDSAT_4,LT04_L2SP_020045_19891023_20200916_02_T1,20.0,45.0,24.0,9161,13470,5440,0
c2_023,1989-10-23,LANDSAT_4,LT04_L2SP_020045_19891023_20200916_02_T1,20.0,45.0,24.0,9570,17826,5440,0
c2_024,1989-10-23,LANDSAT_4,LT04_L2SP_020045_19891023_20200916_02_T1,20.0,45.0,24.0,9032,14577,5440,0
c2_025,1989-10-23,LANDSAT_4,LT04_L2SP_020045_19891023_20200916_02_T1,20.0,45.0,24.0,25243,26786,5896,1
c2_026,1989-10-23,LANDSAT_4,LT04_L2SP_020045_19891023_20200916_02_T1,20.0,45.0,24.0,8119,12044,5440,0
c2_027,1989-10-23,LANDSAT_4,LT04_L2SP_020045_19891023_20200916_02_T1,20.0,45.0,24.0,8675,19686,5440,0
c2_028,1989-10-23,LANDSAT_4,LT04_L2SP_020045_19891023_20200916_02_T1,20.0,45.0,24.0,8400,20158,5440,0
c2_029,1989-10-23,LANDSAT_4,LT04_L2SP_020045_19891023_20200916_02_T1,20.0,45.0,24.0,8537,17833,5440,0
c2_030,1989-10-23,LANDSAT_4,LT04_L2SP_020045_19891023_20200916_02_T1,20.0,45.0,24.0,8523,18005,5440,0
c10_001,1989-10-23,LANDSAT_4,LT04_L2SP_020045_19891023_20200916_02_T1,20.0,45.0,24.0,10223,12509,5440,0
c10_002,1989-10-23,LANDSAT_4,LT04_L2SP_020045_19891023_20200916_02_T1,20.0,45.0,24.0,10081,11565,5896,0
c10_003,1989-10-23,LANDSAT_4,LT04_L2SP_020045_19891023_20200916_02_T1,20.0,45.0,24.0,9180,9976,7440,0
c10_004,1989-10-23,LANDSAT_4,LT04_L2SP_020045_19891023_20200916_02_T1,20.0,45.0,24.0,8534,8698,5504,0
c10_005,1989-10-23,LANDSAT_4,LT04_L2SP_020045_19891023_20200916_02_T1,20.0,45.0,24.0,9051,9976,5440,0
c3_001,1989-10-23,LANDSAT_4,LT04_L2SP_020045_19891023_20200916_02_T1,20.0,45.0,24.0,65535,43142,5896,15
c3_002,1989-10-23,LANDSAT_4,LT04_L2SP_020045_19891023_20200916_02_T1,20.0,45.0,24.0,8664,17216,5440,0
c3_003,1989-10-23,LANDSAT_4,LT04_L2SP_020045_19891023_20200916_02_T1,20.0,45.0,24.0,8407,18612,5440,0
c3_004,1989-10-23,LANDSAT_4,LT04_L2SP_020045_19891023_20200916_02_T1,20.0,45.0,24.0,20621,25548,5896,0
c3_005,1989-10-23,LANDSAT_4,LT04_L2SP_020045_19891023_20200916_02_T1,20.0,45.0,24.0,8391,18943,5440,0
c3_006,1989-10-23,LANDSAT_4,LT04_L2SP_020045_19891023_20200916_02_T1,20.0,45.0,24.0,8561,18121,5440,0
c3_007,1989-10-23,LANDSAT_4,LT04_L2SP_020045_19891023_20200916_02_T1,20.0,45.0,24.0,8554,17040,5440,0
c3_008,1989-10-23,LANDSAT_4,LT04_L2SP_020045_19891023_20200916_02_T1,20.0,45.0,24.0,8947,20740,5440,0
c3_009,1989-10-23,LANDSAT_4,LT04_L2SP_020045_19891023_20200916_02_T1,20.0,45.0,24.0,8546,19991,5440,0
c3_010,1989-10-23,LANDSAT_4,LT04_L2SP_020045_19891023_20200916_02_T1,20.0,45.0,24.0,8820,19819,5442,0
c3_011,1989-10-23,LANDSAT_4,LT04_L2SP_020045_19891023_20200916_02_T1,20.0,45.0,24.0,7734,9647,7440,0
c3_012,1989-10-23,LANDSAT_4,LT04_L2SP_020045_19891023_20200916_02_T1,20.0,45.0,24.0,8656,16442,5440,0
c3_013,1989-10-23,LANDSAT_4,LT04_L2SP_020045_19891023_20200916_02_T1,20.0,45.0,24.0,9202,21200,5440,0
c3_014,1989-10-23,LANDSAT_4,LT04_L2SP_020045_19891023_20200916_02_T1,20.0,45.0,24.0,8690,21505,5442,0
c3_015,1989-10-23,LANDSAT_4,LT04_L2SP_020045_19891023_20200916_02_T1,20.0,45.0,24.0,8517,18321,5440,0
c3_016,1989-10-23,LANDSAT_4,LT04_L2SP_020045_19891023_20200916_02_T1,20.0,45.0,24.0,8432,18277,5440,0
c3_017,1989-10-23,LANDSAT_4,LT04_L2SP_020045_19891023_20200916_02_T1,20.0,45.0,24.0,8930,17052,5440,0
c3_018,1989-10-23,LANDSAT_4,LT04_L2SP_020045_19891023_20200916_02_T1,20.0,45.0,24.0,65535,41013,5896,5
c3_019,1989-10-23,LANDSAT_4,LT04_L2SP_020045_19891023_20200916_02_T1,20.0,45.0,24.0,8541,19833,5440,0
c3_020,1989-10-23,LANDSAT_4,LT04_L2SP_020045_19891023_20200916_02_T1,20.0,45.0,24.0,8165,13925,5440,0
c3_021,1989-10-23,LANDSAT_4,LT04_L2SP_020045_19891023_20200916_02_T1,20.0,45.0,24.0,8818,16418,5440,0
c3_022,1989-10-23,LANDSAT_4,LT04_L2SP_020045_19891023_20200916_02_T1,20.0,45.0,24.0,11741,15980,5896,0
c3_023,1989-10-23,LANDSAT_4,LT04_L2SP_020045_19891023_20200916_02_T1,20.0,45.0,24.0,8663,17063,5440,0
c3_024,1989-10-23,LANDSAT_4,LT04_L2SP_020045_19891023_20200916_02_T1,20.0,45.0,24.0,8122,10608,5440,0
c3_025,1989-10-23,LANDSAT_4,LT04_L2SP_020045_19891023_20200916_02_T1,20.0,45.0,24.0,9202,15325,5440,0
c3_026,1989-10-23,LANDSAT_4,LT04_L2SP_020045_19891023_20200916_02_T1,20.0,45.0,24.0,8521,19870,5440,0
c3_027,1989-10-23,LANDSAT_4,LT04_L2SP_020045_19891023_20200916_02_T1,20.0,45.0,24.0,8394,17537,5440,0
c3_028,1989-10-23,LANDSAT_4,LT04_L2SP_020045_19891023_20200916_02_T1,20.0,45.0,24.0,8562,21354,7440,0
c3_029,1989-10-23,LANDSAT_4,LT04_L2SP_020045_19891023_20200916_02_T1,20.0,45.0,24.0,8122,9808,5440,0
c3_030,1989-10-23,LANDSAT_4,LT04_L2SP_020045_19891023_20200916_02_T1,20.0,45.0,24.0,7986,9965,7440,0
c4_001,1989-10-23,LANDSAT_4,LT04_L2SP_020045_19891023_20200916_02_T1,20.0,45.0,24.0,10733,9192,5504,0
c4_002,1989-10-23,LANDSAT_4,LT04_L2SP_020045_19891023_20200916_02_T1,20.0,45.0,24.0,14142,15485,5896,0
c4_003,1989-10-23,LANDSAT_4,LT04_L2SP_020045_19891023_20200916_02_T1,20.0,45.0,24.0,9843,8557,5504,0
c4_004,1989-10-23,LANDSAT_4,LT04_L2SP_020045_19891023_20200916_02_T1,20.0,45.0,24.0,9713,8556,7440,0
c4_005,1989-10-23,LANDSAT_4,LT04_L2SP_020045_19891023_20200916_02_T1,20.0,45.0,24.0,10735,8240,5504,0
c4_006,1989-10-23,LANDSAT_4,LT04_L2SP_020045_19891023_20200916_02_T1,20.0,45.0,24.0,10480,9036,5504,0
c4_007,1989-10-23,LANDSAT_4,LT04_L2SP_020045_19891023_20200916_02_T1,20.0,45.0,24.0,8383,12994,5440,0
c4_008,1989-10-23,LANDSAT_4,LT04_L2SP_020045_19891023_20200916_02_T1,20.0,45.0,24.0,8256,10924,7440,0
c4_009,1989-10-23,LANDSAT_4,LT04_L2SP_020045_19891023_20200916_02_T1,20.0,45.0,24.0,8781,12357,5440,0
c4_010,1989-10-23,LANDSAT_4,LT04_L2SP_020045_19891023_20200916_02_T1,20.0,45.0,24.0,8406,8540,5504,0
c4_011,1989-10-23,LANDSAT_4,LT04_L2SP_020045_19891023_20200916_02_T1,20.0,45.0,24.0,8657,11724,5440,0
c4_012,1989-10-23,LANDSAT_4,LT04_L2SP_020045_19891023_20200916_02_T1,20.0,45.0,24.0,8901,12519,5440,0
c4_013,1989-10-23,LANDSAT_4,LT04_L2SP_020045_19891023_20200916_02_T1,20.0,45.0,24.0,9203,8081,5504,0
c4_014,1989-10-23,LANDSAT_4,LT04_L2SP_020045_19891023_20200916_02_T1,20.0,45.0,24.0,12760,12354,5896,0
c4_015,1989-10-23,LANDSAT_4,LT04_L2SP_020045_19891023_20200916_02_T1,20.0,45.0,24.0,9291,15523,5440,0
c4_016,1989-10-23,LANDSAT_4,LT04_L2SP_020045_19891023_20200916_02_T1,20.0,45.0,24.0,10353,8239,5504,0
c4_017,1989-10-23,LANDSAT_4,LT04_L2SP_020045_19891023_20200916_02_T1,20.0,45.0,24.0,9033,13312,5440,0
c4_018,1989-10-23,LANDSAT_4,LT04_L2SP_020045_19891023_20200916_02_T1,20.0,45.0,24.0,9317,12196,5440,0
c4_019,1989-10-23,LANDSAT_4,LT04_L2SP_020045_19891023_20200916_02_T1,20.0,45.0,24.0,9304,8693,5504,0
c4_020,1989-10-23,LANDSAT_4,LT04_L2SP_020045_19891023_20200916_02_T1,20.0,45.0,24.0,10222,10143,5504,0
c4_021,1989-10-23,LANDSAT_4,LT04_L2SP_020045_19891023_20200916_02_T1,20.0,45.0,24.0,12130,13299,5896,0
c4_022,1989-10-23,LANDSAT_4,LT04_L2SP_020045_19891023_20200916_02_T1,20.0,45.0,24.0,7475,10126,7440,0
c4_023,1989-10-23,LANDSAT_4,LT04_L2SP_020045_19891023_20200916_02_T1,20.0,45.0,24.0,11243,11251,7440,0
c4_024,1989-10-23,LANDSAT_4,LT04_L2SP_020045_19891023_20200916_02_T1,20.0,45.0,24.0,10097,9035,7440,0
c4_025,1989-10-23,LANDSAT_4,LT04_L2SP_020045_19891023_20200916_02_T1,20.0,45.0,24.0,10861,10144,5504,0
c4_026,1989-10-23,LANDSAT_4,LT04_L2SP_020045_19891023_20200916_02_T1,20.0,45.0,24.0,8792,10771,7440,0
c4_027,1989-10-23,LANDSAT_4,LT04_L2SP_020045_19891023_20200916_02_T1,20.0,45.0,24.0,10480,9035,7440,0
c4_028,1989-10-23,LANDSAT_4,LT04_L2SP_020045_19891023_20200916_02_T1,20.0,45.0,24.0,10606,9034,7442,0
c4_029,1989-10-23,LANDSAT_4,LT04_L2SP_020045_19891023_20200916_02_T1,20.0,45.0,24.0,9422,16150,5440,0
c4_030,1989-10-23,LANDSAT_4,LT04_L2SP_020045_19891023_20200916_02_T1,20.0,45.0,24.0,10353,9035,7440,0
c5_001,1989-10-23,LANDSAT_4,LT04_L2SP_020045_19891023_20200916_02_T1,20.0,45.0,24.0,8655,13466,5440,0
c5_002,1989-10-23,LANDSAT_4,LT04_L2SP_020045_19891023_20200916_02_T1,20.0,45.0,24.0,8387,10609,5440,0
c5_003,1989-10-23,LANDSAT_4,LT04_L2SP_020045_19891023_20200916_02_T1,20.0,45.0,24.0,10862,12511,5440,0
c5_004,1989-10-23,LANDSAT_4,LT04_L2SP_020045_19891023_20200916_02_T1,20.0,45.0,24.0,9176,10770,5440,0
c5_005,1989-10-23,LANDSAT_4,LT04_L2SP_020045_19891023_20200916_02_T1,20.0,45.0,24.0,9060,9979,5440,0
c5_006,1989-10-23,LANDSAT_4,LT04_L2SP_020045_19891023_20200916_02_T1,20.0,45.0,24.0,8932,9662,5440,0
c5_007,1989-10-23,LANDSAT_4,LT04_L2SP_020045_19891023_20200916_02_T1,20.0,45.0,24.0,8643,12202,5440,0
c5_008,1989-10-23,LANDSAT_4,LT04_L2SP_020045_19891023_20200916_02_T1,20.0,45.0,24.0,8257,9649,5440,0
c5_009,1989-10-23,LANDSAT_4,LT04_L2SP_020045_19891023_20200916_02_T1,20.0,45.0,24.0,9176,11882,5440,0
c5_010,1989-10-23,LANDSAT_4,LT04_L2SP_020045_19891023_20200916_02_T1,20.0,45.0,24.0,8793,9178,5504,0
c5_011,1989-10-23,LANDSAT_4,LT04_L2SP_020045_19891023_20200916_02_T1,20.0,45.0,24.0,8126,9169,5440,0
c5_012,1989-10-23,LANDSAT_4,LT04_L2SP_020045_19891023_20200916_02_T1,20.0,45.0,24.0,9191,14399,5440,0
c5_013,1989-10-23,LANDSAT_4,LT04_L2SP_020045_19891023_20200916_02_T1,20.0,45.0,24.0,11115,19827,5896,0
c5_014,1989-10-23,LANDSAT_4,LT04_L2SP_020045_19891023_20200916_02_T1,20.0,45.0,24.0,8786,11088,5440,0
c5_015,1989-10-23,LANDSAT_4,LT04_L2SP_020045_19891023_20200916_02_T1,20.0,45.0,24.0,8387,9169,5440,0
c5_016,1989-10-23,LANDSAT_4,LT04_L2SP_020045_19891023_20200916_02_T1,20.0,45.0,24.0,9565,10452,7442,0
c5_017,1989-10-23,LANDSAT_4,LT04_L2SP_020045_19891023_20200916_02_T1,20.0,45.0,24.0,9305,13938,5440,0
c5_018,1989-10-23,LANDSAT_4,LT04_L2SP_020045_19891023_20200916_02_T1,20.0,45.0,24.0,9050,11882,5440,0
c5_019,1989-10-23,LANDSAT_4,LT04_L2SP_020045_19891023_20200916_02_T1,20.0,45.0,24.0,9178,12358,7440,0
c5_020,1989-10-23,LANDSAT_4,LT04_L2SP_020045_19891023_20200916_02_T1,20.0,45.0,24.0,8675,16119,5440,0
c5_021,1989-10-23,LANDSAT_4,LT04_L2SP_020045_19891023_20200916_02_T1,20.0,45.0,24.0,7995,8526,5504,0
c5_022,1989-10-23,LANDSAT_4,LT04_L2SP_020045_19891023_20200916_02_T1,20.0,45.0,24.0,8675,9503,5440,0
c5_023,1989-10-23,LANDSAT_4,LT04_L2SP_020045_19891023_20200916_02_T1,20.0,45.0,24.0,9567,10771,5442,0
c5_024,1989-10-23,LANDSAT_4,LT04_L2SP_020045_19891023_20200916_02_T1,20.0,45.0,24.0,10732,17201,5896,0
c5_025,1989-10-23,LANDSAT_4,LT04_L2SP_020045_19891023_20200916_02_T1,20.0,45.0,24.0,8644,12360,7440,0
c5_026,1989-10-23,LANDSAT_4,LT04_L2SP_020045_19891023_20200916_02_T1,20.0,45.0,24.0,9066,10617,5440,0
c5_027,1989-10-23,LANDSAT_4,LT04_L2SP_020045_19891023_20200916_02_T1,20.0,45.0,24.0,8402,9337,5440,0
c5_028,1989-10-23,LANDSAT_4,LT04_L2SP_020045_19891023_20200916_02_T1,20.0,45.0,24.0,9305,10930,5442,0
c5_029,1989-10-23,LANDSAT_4,LT04_L2SP_020045_19891023_20200916_02_T1,20.0,45.0,24.0,9823,11724,5698,0
c5_030,1989-10-23,LANDSAT_4,LT04_L2SP_020045_19891023_20200916_02_T1,20.0,45.0,24.0,9180,12041,5440,0
c1_001,1990-02-12,LANDSAT_4,LT04_L2SP_020045_19900212_20200916_02_T1,20.0,45.0,29.0,8442,13122,5440,0
c1_002,1990-02-12,LANDSAT_4,LT04_L2SP_020045_19900212_20200916_02_T1,20.0,45.0,29.0,9188,17214,5440,0
c1_003,1990-02-12,LANDSAT_4,LT04_L2SP_020045_19900212_20200916_02_T1,20.0,45.0,29.0,9027,16169,5440,0
c1_004,1990-02-12,LANDSAT_4,LT04_L2SP_020045_19900212_20200916_02_T1,20.0,45.0,29.0,9044,16327,5440,0
c1_005,1990-02-12,LANDSAT_4,LT04_L2SP_020045_19900212_20200916_02_T1,20.0,45.0,29.0,37685,42111,5896,17
c1_006,1990-02-12,LANDSAT_4,LT04_L2SP_020045_19900212_20200916_02_T1,20.0,45.0,29.0,17530,23354,5896,0
c1_007,1990-02-12,LANDSAT_4,LT04_L2SP_020045_19900212_20200916_02_T1,20.0,45.0,29.0,8749,18596,5440,0
c1_008,1990-02-12,LANDSAT_4,LT04_L2SP_020045_19900212_20200916_02_T1,20.0,45.0,29.0,8741,17375,5440,0
c1_009,1990-02-12,LANDSAT_4,LT04_L2SP_020045_19900212_20200916_02_T1,20.0,45.0,29.0,8748,17022,5440,0
c1_010,1990-02-12,LANDSAT_4,LT04_L2SP_020045_19900212_20200916_02_T1,20.0,45.0,29.0,11413,16687,5896,0
c1_011,1990-02-12,LANDSAT_4,LT04_L2SP_020045_19900212_20200916_02_T1,20.0,45.0,29.0,9635,18085,5698,0
c1_012,1990-02-12,LANDSAT_4,LT04_L2SP_020045_19900212_20200916_02_T1,20.0,45.0,29.0,8743,16155,5440,0
c1_013,1990-02-12,LANDSAT_4,LT04_L2SP_020045_19900212_20200916_02_T1,20.0,45.0,29.0,9186,14720,5440,0
c1_014,1990-02-12,LANDSAT_4,LT04_L2SP_020045_19900212_20200916_02_T1,20.0,45.0,29.0,8596,18271,5440,0
c1_015,1990-02-12,LANDSAT_4,LT04_L2SP_020045_19900212_20200916_02_T1,20.0,45.0,29.0,8742,15623,5440,0
c1_016,1990-02-12,LANDSAT_4,LT04_L2SP_020045_19900212_20200916_02_T1,20.0,45.0,29.0,8897,17718,5440,0
c1_017,1990-02-12,LANDSAT_4,LT04_L2SP_020045_19900212_20200916_02_T1,20.0,45.0,29.0,8743,17193,5440,0
c1_018,1990-02-12,LANDSAT_4,LT04_L2SP_020045_19900212_20200916_02_T1,20.0,45.0,29.0,8141,11140,7440,0
c1_019,1990-02-12,LANDSAT_4,LT04_L2SP_020045_19900212_20200916_02_T1,20.0,45.0,29.0,8256,11680,5440,0
c1_020,1990-02-12,LANDSAT_4,LT04_L2SP_020045_19900212_20200916_02_T1,20.0,45.0,29.0,8889,15783,5440,0
c1_021,1990-02-12,LANDSAT_4,LT04_L2SP_020045_19900212_20200916_02_T1,20.0,45.0,29.0,8441,15800,5442,0
c1_022,1990-02-12,LANDSAT_4,LT04_L2SP_020045_19900212_20200916_02_T1,20.0,45.0,29.0,9036,20206,5440,0
c1_023,1990-02-12,LANDSAT_4,LT04_L2SP_020045_19900212_20200916_02_T1,20.0,45.0,29.0,8589,19152,5440,0
c1_024,1990-02-12,LANDSAT_4,LT04_L2SP_020045_19900212_20200916_02_T1,20.0,45.0,29.0,9027,17749,5440,0
c1_025,1990-02-12,LANDSAT_4,LT04_L2SP_020045_19900212_20200916_02_T1,20.0,45.0,29.0,7948,11132,5440,0
c1_026,1990-02-12,LANDSAT_4,LT04_L2SP_020045_19900212_20200916_02_T1,20.0,45.0,29.0,8301,13106,7440,0
c1_027,1990-02-12,LANDSAT_4,LT04_L2SP_020045_19900212_20200916_02_T1,20.0,45.0,29.0,8736,18099,5440,0
c1_028,1990-02-12,LANDSAT_4,LT04_L2SP_020045_19900212_20200916_02_T1,20.0,45.0,29.0,8603,20003,5440,0
c1_029,1990-02-12,LANDSAT_4,LT04_L2SP_020045_19900212_20200916_02_T1,20.0,45.0,29.0,8637,12768,7442,0
c1_030,1990-02-12,LANDSAT_4,LT04_L2SP_020045_19900212_20200916_02_T1,20.0,45.0,29.0,9137,17272,5442,0
c2_001,1990-02-12,LANDSAT_4,LT04_L2SP_020045_19900212_20200916_02_T1,20.0,45.0,29.0,8894,18598,5440,0
c2_002,1990-02-12,LANDSAT_4,LT04_L2SP_020045_19900212_20200916_02_T1,20.0,45.0,29.0,8443,12404,5440,0
c2_003,1990-02-12,LANDSAT_4,LT04_L2SP_020045_19900212_20200916_02_T1,20.0,45.0,29.0,8588,14380,5440,0
c2_004,1990-02-12,LANDSAT_4,LT04_L2SP_020045_19900212_20200916_02_T1,20.0,45.0,29.0,9581,16930,7440,0
c2_005,1990-02-12,LANDSAT_4,LT04_L2SP_020045_19900212_20200916_02_T1,20.0,45.0,29.0,65535,65535,5896,31
c2_006,1990-02-12,LANDSAT_4,LT04_L2SP_020045_19900212_20200916_02_T1,20.0,45.0,29.0,9013,19183,5440,0
c2_007,1990-02-12,LANDSAT_4,LT04_L2SP_020045_19900212_20200916_02_T1,20.0,45.0,29.0,9202,17016,5440,0
c2_008,1990-02-12,LANDSAT_4,LT04_L2SP_020045_19900212_20200916_02_T1,20.0,45.0,29.0,9336,14726,5440,0
c2_009,1990-02-12,LANDSAT_4,LT04_L2SP_020045_19900212_20200916_02_T1,20.0,45.0,29.0,8587,13306,5440,0
c2_010,1990-02-12,LANDSAT_4,LT04_L2SP_020045_19900212_20200916_02_T1,20.0,45.0,29.0,9190,17735,5442,0
c2_011,1990-02-12,LANDSAT_4,LT04_L2SP_020045_19900212_20200916_02_T1,20.0,45.0,29.0,8741,17553,5440,0
c2_012,1990-02-12,LANDSAT_4,LT04_L2SP_020045_19900212_20200916_02_T1,20.0,45.0,29.0,8638,12948,7442,0
c2_013,1990-02-12,LANDSAT_4,LT04_L2SP_020045_19900212_20200916_02_T1,20.0,45.0,29.0,11266,18614,5896,0
c2_014,1990-02-12,LANDSAT_4,LT04_L2SP_020045_19900212_20200916_02_T1,20.0,45.0,29.0,8595,17397,5440,0
c2_015,1990-02-12,LANDSAT_4,LT04_L2SP_020045_19900212_20200916_02_T1,20.0,45.0,29.0,8731,16683,5440,0
c2_016,1990-02-12,LANDSAT_4,LT04_L2SP_020045_19900212_20200916_02_T1,20.0,45.0,29.0,9640,11496,5440,0
c2_017,1990-02-12,LANDSAT_4,LT04_L2SP_020045_19900212_20200916_02_T1,20.0,45.0,29.0,9201,16489,5440,0
c2_018,1990-02-12,LANDSAT_4,LT04_L2SP_020045_19900212_20200916_02_T1,20.0,45.0,29.0,9643,14902,5440,0
c2_019,1990-02-12,LANDSAT_4,LT04_L2SP_020045_19900212_20200916_02_T1,20.0,45.0,29.0,9739,12951,5896,0
c2_020,1990-02-12,LANDSAT_4,LT04_L2SP_020045_19900212_20200916_02_T1,20.0,45.0,29.0,8734,19681,5440,0
c2_021,1990-02-12,LANDSAT_4,LT04_L2SP_020045_19900212_20200916_02_T1,20.0,45.0,29.0,9006,18484,5440,0
c2_022,1990-02-12,LANDSAT_4,LT04_L2SP_020045_19900212_20200916_02_T1,20.0,45.0,29.0,10070,16530,5440,0
c2_023,1990-02-12,LANDSAT_4,LT04_L2SP_020045_19900212_20200916_02_T1,20.0,45.0,29.0,9488,17369,5440,0
c2_024,1990-02-12,LANDSAT_4,LT04_L2SP_020045_19900212_20200916_02_T1,20.0,45.0,29.0,7983,9323,7440,0
c2_025,1990-02-12,LANDSAT_4,LT04_L2SP_020045_19900212_20200916_02_T1,20.0,45.0,29.0,9154,18664,5440,0
c2_026,1990-02-12,LANDSAT_4,LT04_L2SP_020045_19900212_20200916_02_T1,20.0,45.0,29.0,8443,14019,5440,0
c2_027,1990-02-12,LANDSAT_4,LT04_L2SP_020045_19900212_20200916_02_T1,20.0,45.0,29.0,8602,19481,5440,0
c2_028,1990-02-12,LANDSAT_4,LT04_L2SP_020045_19900212_20200916_02_T1,20.0,45.0,29.0,7858,10594,7440,0
c2_029,1990-02-12,LANDSAT_4,LT04_L2SP_020045_19900212_20200916_02_T1,20.0,45.0,29.0,8596,17372,5440,0
c2_030,1990-02-12,LANDSAT_4,LT04_L2SP_020045_19900212_20200916_02_T1,20.0,45.0,29.0,8739,17560,5440,0
c10_001,1990-02-12,LANDSAT_4,LT04_L2SP_020045_19900212_20200916_02_T1,20.0,45.0,29.0,9489,15072,5440,0
c10_002,1990-02-12,LANDSAT_4,LT04_L2SP_020045_19900212_20200916_02_T1,20.0,45.0,29.0,9791,11140,5696,0
c10_003,1990-02-12,LANDSAT_4,LT04_L2SP_020045_19900212_20200916_02_T1,20.0,45.0,29.0,9494,10417,5440,0
c10_004,1990-02-12,LANDSAT_4,LT04_L2SP_020045_19900212_20200916_02_T1,20.0,45.0,29.0,9791,10236,5504,0
c10_005,1990-02-12,LANDSAT_4,LT04_L2SP_020045_19900212_20200916_02_T1,20.0,45.0,29.0,9643,10959,5440,0
c3_001,1990-02-12,LANDSAT_4,LT04_L2SP_020045_19900212_20200916_02_T1,20.0,45.0,29.0,9153,18311,5440,0
c3_002,1990-02-12,LANDSAT_4,LT04_L2SP_020045_19900212_20200916_02_T1,20.0,45.0,29.0,8895,17022,5440,0
c3_003,1990-02-12,LANDSAT_4,LT04_L2SP_020045_19900212_20200916_02_T1,20.0,45.0,29.0,8747,17550,5440,0
c3_004,1990-02-12,LANDSAT_4,LT04_L2SP_020045_19900212_20200916_02_T1,20.0,45.0,29.0,9184,17918,5440,0
c3_005,1990-02-12,LANDSAT_4,LT04_L2SP_020045_19900212_20200916_02_T1,20.0,45.0,29.0,8590,18970,5440,0
c3_006,1990-02-12,LANDSAT_4,LT04_L2SP_020045_19900212_20200916_02_T1,20.0,45.0,29.0,8747,17374,5440,0
c3_007,1990-02-12,LANDSAT_4,LT04_L2SP_020045_19900212_20200916_02_T1,20.0,45.0,29.0,9196,15779,5440,0
c3_008,1990-02-12,LANDSAT_4,LT04_L2SP_020045_19900212_20200916_02_T1,20.0,45.0,29.0,9469,18822,5442,0
c3_009,1990-02-12,LANDSAT_4,LT04_L2SP_020045_19900212_20200916_02_T1,20.0,45.0,29.0,8755,18948,5440,0
c3_010,1990-02-12,LANDSAT_4,LT04_L2SP_020045_19900212_20200916_02_T1,20.0,45.0,29.0,8752,13828,5440,0
c3_011,1990-02-12,LANDSAT_4,LT04_L2SP_020045_19900212_20200916_02_T1,20.0,45.0,29.0,9641,17018,5440,0
c3_012,1990-02-12,LANDSAT_4,LT04_L2SP_020045_19900212_20200916_02_T1,20.0,45.0,29.0,8890,16496,5440,0
c3_013,1990-02-12,LANDSAT_4,LT04_L2SP_020045_19900212_20200916_02_T1,20.0,45.0,29.0,9620,19348,7442,0
c3_014,1990-02-12,LANDSAT_4,LT04_L2SP_020045_19900212_20200916_02_T1,20.0,45.0,29.0,15812,18831,5896,0
c3_015,1990-02-12,LANDSAT_4,LT04_L2SP_020045_19900212_20200916_02_T1,20.0,45.0,29.0,8893,18257,5440,0
c3_016,1990-02-12,LANDSAT_4,LT04_L2SP_020045_19900212_20200916_02_T1,20.0,45.0,29.0,10365,18826,5896,0
c3_017,1990-02-12,LANDSAT_4,LT04_L2SP_020045_19900212_20200916_02_T1,20.0,45.0,29.0,9200,17192,5440,0
c3_018,1990-02-12,LANDSAT_4,LT04_L2SP_020045_19900212_20200916_02_T1,20.0,45.0,29.0,8790,16403,5440,0
c3_019,1990-02-12,LANDSAT_4,LT04_L2SP_020045_19900212_20200916_02_T1,20.0,45.0,29.0,8445,19124,5440,0
c3_020,1990-02-12,LANDSAT_4,LT04_L2SP_020045_19900212_20200916_02_T1,20.0,45.0,29.0,8598,17904,5440,0
c3_021,1990-02-12,LANDSAT_4,LT04_L2SP_020045_19900212_20200916_02_T1,20.0,45.0,29.0,10665,18470,7698,0
c3_022,1990-02-12,LANDSAT_4,LT04_L2SP_020045_19900212_20200916_02_T1,20.0,45.0,29.0,9334,17034,5440,0
c3_023,1990-02-12,LANDSAT_4,LT04_L2SP_020045_19900212_20200916_02_T1,20.0,45.0,29.0,9045,16317,5440,0
c3_024,1990-02-12,LANDSAT_4,LT04_L2SP_020045_19900212_20200916_02_T1,20.0,45.0,29.0,7694,8600,7440,0
c3_025,1990-02-12,LANDSAT_4,LT04_L2SP_020045_19900212_20200916_02_T1,20.0,45.0,29.0,9186,15608,5440,0
c3_026,1990-02-12,LANDSAT_4,LT04_L2SP_020045_19900212_20200916_02_T1,20.0,45.0,29.0,9637,17378,5440,0
c3_027,1990-02-12,LANDSAT_4,LT04_L2SP_020045_19900212_20200916_02_T1,20.0,45.0,29.0,9188,17733,5440,0
c3_028,1990-02-12,LANDSAT_4,LT04_L2SP_020045_19900212_20200916_02_T1,20.0,45.0,29.0,8757,18601,5440,0
c3_029,1990-02-12,LANDSAT_4,LT04_L2SP_020045_19900212_20200916_02_T1,20.0,45.0,29.0,8145,9510,7440,0
c3_030,1990-02-12,LANDSAT_4,LT04_L2SP_020045_19900212_20200916_02_T1,20.0,45.0,29.0,8654,11669,7440,0
c4_001,1990-02-12,LANDSAT_4,LT04_L2SP_020045_19900212_20200916_02_T1,20.0,45.0,29.0,14918,15251,5440,0
c4_002,1990-02-12,LANDSAT_4,LT04_L2SP_020045_19900212_20200916_02_T1,20.0,45.0,29.0,11710,11678,5440,0
c4_003,1990-02-12,LANDSAT_4,LT04_L2SP_020045_19900212_20200916_02_T1,20.0,45.0,29.0,12443,11132,5504,0
c4_004,1990-02-12,LANDSAT_4,LT04_L2SP_020045_19900212_20200916_02_T1,20.0,45.0,29.0,13324,14186,5896,0
c4_005,1990-02-12,LANDSAT_4,LT04_L2SP_020045_19900212_20200916_02_T1,20.0,45.0,29.0,19974,20418,5896,0
c4_006,1990-02-12,LANDSAT_4,LT04_L2SP_020045_19900212_20200916_02_T1,20.0,45.0,29.0,17838,16885,5442,0
c4_007,1990-02-12,LANDSAT_4,LT04_L2SP_020045_19900212_20200916_02_T1,20.0,45.0,29.0,9936,16330,5440,0
c4_008,1990-02-12,LANDSAT_4,LT04_L2SP_020045_19900212_20200916_02_T1,20.0,45.0,29.0,10384,18599,5440,0
c4_009,1990-02-12,LANDSAT_4,LT04_L2SP_020045_19900212_20200916_02_T1,20.0,45.0,29.0,10535,16322,5440,0
c4_010,1990-02-12,LANDSAT_4,LT04_L2SP_020045_19900212_20200916_02_T1,20.0,45.0,29.0,10089,10236,5504,0
c4_011,1990-02-12,LANDSAT_4,LT04_L2SP_020045_19900212_20200916_02_T1,20.0,45.0,29.0,10386,15790,5440,0
c4_012,1990-02-12,LANDSAT_4,LT04_L2SP_020045_19900212_20200916_02_T1,20.0,45.0,29.0,10201,15476,5440,0
c4_013,1990-02-12,LANDSAT_4,LT04_L2SP_020045_19900212_20200916_02_T1,20.0,45.0,29.0,22786,23903,5896,0
c4_014,1990-02-12,LANDSAT_4,LT04_L2SP_020045_19900212_20200916_02_T1,20.0,45.0,29.0,13761,13474,5440,0
c4_015,1990-02-12,LANDSAT_4,LT04_L2SP_020045_19900212_20200916_02_T1,20.0,45.0,29.0,9754,17082,5440,0
c4_016,1990-02-12,LANDSAT_4,LT04_L2SP_020045_19900212_20200916_02_T1,20.0,45.0,29.0,27327,29044,5896,1
c4_017,1990-02-12,LANDSAT_4,LT04_L2SP_020045_19900212_20200916_02_T1,20.0,45.0,29.0,9935,15976,5440,0
c4_018,1990-02-12,LANDSAT_4,LT04_L2SP_020045_19900212_20200916_02_T1,20.0,45.0,29.0,10092,13826,5440,0
c4_019,1990-02-12,LANDSAT_4,LT04_L2SP_020045_19900212_20200916_02_T1,20.0,45.0,29.0,9941,10959,5440,0
c4_020,1990-02-12,LANDSAT_4,LT04_L2SP_020045_19900212_20200916_02_T1,20.0,45.0,29.0,10533,12037,5440,0
c4_021,1990-02-12,LANDSAT_4,LT04_L2SP_020045_19900212_20200916_02_T1,20.0,45.0,29.0,10684,10959,5504,0
c4_022,1990-02-12,LANDSAT_4,LT04_L2SP_020045_19900212_20200916_02_T1,20.0,45.0,29.0,9195,17722,5440,0
c4_023,1990-02-12,LANDSAT_4,LT04_L2SP_020045_19900212_20200916_02_T1,20.0,45.0,29.0,11265,11676,5440,0
c4_024,1990-02-12,LANDSAT_4,LT04_L2SP_020045_19900212_20200916_02_T1,20.0,45.0,29.0,14193,12754,5440,0
c4_025,1990-02-12,LANDSAT_4,LT04_L2SP_020045_19900212_20200916_02_T1,20.0,45.0,29.0,15511,17221,5440,0
c4_026,1990-02-12,LANDSAT_4,LT04_L2SP_020045_19900212_20200916_02_T1,20.0,45.0,29.0,9495,12580,5440,0
c4_027,1990-02-12,LANDSAT_4,LT04_L2SP_020045_19900212_20200916_02_T1,20.0,45.0,29.0,11714,10959,5504,0
c4_028,1990-02-12,LANDSAT_4,LT04_L2SP_020045_19900212_20200916_02_T1,20.0,45.0,29.0,11859,12216,5440,0
c4_029,1990-02-12,LANDSAT_4,LT04_L2SP_020045_19900212_20200916_02_T1,20.0,45.0,29.0,8891,11319,7440,0
c4_030,1990-02-12,LANDSAT_4,LT04_L2SP_020045_19900212_20200916_02_T1,20.0,45.0,29.0,10089,10778,5504,0
c5_001,1990-02-12,LANDSAT_4,LT04_L2SP_020045_19900212_20200916_02_T1,20.0,45.0,29.0,9046,13298,7440,0
c5_002,1990-02-12,LANDSAT_4,LT04_L2SP_020045_19900212_20200916_02_T1,20.0,45.0,29.0,8747,10598,5440,0
c5_003,1990-02-12,LANDSAT_4,LT04_L2SP_020045_19900212_20200916_02_T1,20.0,45.0,29.0,14193,19998,5896,0
c5_004,1990-02-12,LANDSAT_4,LT04_L2SP_020045_19900212_20200916_02_T1,20.0,45.0,29.0,9792,11681,5698,0
c5_005,1990-02-12,LANDSAT_4,LT04_L2SP_020045_19900212_20200916_02_T1,20.0,45.0,29.0,10387,11320,5440,0
c5_006,1990-02-12,LANDSAT_4,LT04_L2SP_020045_19900212_20200916_02_T1,20.0,45.0,29.0,9347,10416,5440,0
c5_007,1990-02-12,LANDSAT_4,LT04_L2SP_020045_19900212_20200916_02_T1,20.0,45.0,29.0,8895,13122,5440,0
c5_008,1990-02-12,LANDSAT_4,LT04_L2SP_020045_19900212_20200916_02_T1,20.0,45.0,29.0,9494,11141,7442,0
c5_009,1990-02-12,LANDSAT_4,LT04_L2SP_020045_19900212_20200916_02_T1,20.0,45.0,29.0,9940,13298,5698,0
c5_010,1990-02-12,LANDSAT_4,LT04_L2SP_020045_19900212_20200916_02_T1,20.0,45.0,29.0,9494,9874,5504,0
c5_011,1990-02-12,LANDSAT_4,LT04_L2SP_020045_19900212_20200916_02_T1,20.0,45.0,29.0,9494,11863,5440,0
c5_012,1990-02-12,LANDSAT_4,LT04_L2SP_020045_19900212_20200916_02_T1,20.0,45.0,29.0,9050,15430,5440,0
c5_013,1990-02-12,LANDSAT_4,LT04_L2SP_020045_19900212_20200916_02_T1,20.0,45.0,29.0,9796,20006,5442,0
c5_014,1990-02-12,LANDSAT_4,LT04_L2SP_020045_19900212_20200916_02_T1,20.0,45.0,29.0,10386,12580,5896,0
c5_015,1990-02-12,LANDSAT_4,LT04_L2SP_020045_19900212_20200916_02_T1,20.0,45.0,29.0,9494,10056,5504,0
c5_016,1990-02-12,LANDSAT_4,LT04_L2SP_020045_19900212_20200916_02_T1,20.0,45.0,29.0,9791,10779,5440,0
c5_017,1990-02-12,LANDSAT_4,LT04_L2SP_020045_19900212_20200916_02_T1,20.0,45.0,29.0,9644,13475,5440,0
c5_018,1990-02-12,LANDSAT_4,LT04_L2SP_020045_19900212_20200916_02_T1,20.0,45.0,29.0,9644,12041,5440,0
c5_019,1990-02-12,LANDSAT_4,LT04_L2SP_020045_19900212_20200916_02_T1,20.0,45.0,29.0,9643,12401,5696,0
c5_020,1990-02-12,LANDSAT_4,LT04_L2SP_020045_19900212_20200916_02_T1,20.0,45.0,29.0,8749,16318,5440,0
c5_021,1990-02-12,LANDSAT_4,LT04_L2SP_020045_19900212_20200916_02_T1,20.0,45.0,29.0,9643,10598,5440,0
c5_022,1990-02-12,LANDSAT_4,LT04_L2SP_020045_19900212_20200916_02_T1,20.0,45.0,29.0,9196,10597,5440,0
c5_023,1990-02-12,LANDSAT_4,LT04_L2SP_020045_19900212_20200916_02_T1,20.0,45.0,29.0,9494,10779,5440,0
c5_024,1990-02-12,LANDSAT_4,LT04_L2SP_020045_19900212_20200916_02_T1,20.0,45.0,29.0,8898,17201,5440,0
c5_025,1990-02-12,LANDSAT_4,LT04_L2SP_020045_19900212_20200916_02_T1,20.0,45.0,29.0,9043,13302,5440,0
c5_026,1990-02-12,LANDSAT_4,LT04_L2SP_020045_19900212_20200916_02_T1,20.0,45.0,29.0,9643,11858,5696,0
c5_027,1990-02-12,LANDSAT_4,LT04_L2SP_020045_19900212_20200916_02_T1,20.0,45.0,29.0,10090,10779,5504,0
c5_028,1990-02-12,LANDSAT_4,LT04_L2SP_020045_19900212_20200916_02_T1,20.0,45.0,29.0,9791,11680,5440,0
c5_029,1990-02-12,LANDSAT_4,LT04_L2SP_020045_19900212_20200916_02_T1,20.0,45.0,29.0,9941,11680,5440,0
c5_030,1990-02-12,LANDSAT_4,LT04_L2SP_020045_19900212_20200916_02_T1,20.0,45.0,29.0,9494,12041,5440,0
c1_001,1990-02-28,LANDSAT_4,LT04_L2SP_020045_19900228_20200916_02_T1,20.0,45.0,51.0,9395,16761,5440,0
c1_002,1990-02-28,LANDSAT_4,LT04_L2SP_020045_19900228_20200916_02_T1,20.0,45.0,51.0,22306,25030,5896,1
c1_003,1990-02-28,LANDSAT_4,LT04_L2SP_020045_19900228_20200916_02_T1,20.0,45.0,51.0,9662,17727,5440,0
c1_004,1990-02-28,LANDSAT_4,LT04_L2SP_020045_19900228_20200916_02_T1,20.0,45.0,51.0,29684,30023,5896,1
c1_005,1990-02-28,LANDSAT_4,LT04_L2SP_020045_19900228_20200916_02_T1,20.0,45.0,51.0,22565,22990,5896,1
c1_006,1990-02-28,LANDSAT_4,LT04_L2SP_020045_19900228_20200916_02_T1,20.0,45.0,51.0,20547,21556,5896,1
c1_007,1990-02-28,LANDSAT_4,LT04_L2SP_020045_19900228_20200916_02_T1,20.0,45.0,51.0,8321,10893,7440,0
c1_008,1990-02-28,LANDSAT_4,LT04_L2SP_020045_19900228_20200916_02_T1,20.0,45.0,51.0,9390,18031,5440,0
c1_009,1990-02-28,LANDSAT_4,LT04_L2SP_020045_19900228_20200916_02_T1,20.0,45.0,51.0,8589,11716,5440,0
c1_010,1990-02-28,LANDSAT_4,LT04_L2SP_020045_19900228_20200916_02_T1,20.0,45.0,51.0,16980,20281,5896,0
c1_011,1990-02-28,LANDSAT_4,LT04_L2SP_020045_19900228_20200916_02_T1,20.0,45.0,51.0,9790,18676,7442,0
c1_012,1990-02-28,LANDSAT_4,LT04_L2SP_020045_19900228_20200916_02_T1,20.0,45.0,51.0,28722,30030,5896,1
c1_013,1990-02-28,LANDSAT_4,LT04_L2SP_020045_19900228_20200916_02_T1,20.0,45.0,51.0,36894,39149,5896,1
c1_014,1990-02-28,LANDSAT_4,LT04_L2SP_020045_19900228_20200916_02_T1,20.0,45.0,51.0,14528,17080,5896,0
c1_015,1990-02-28,LANDSAT_4,LT04_L2SP_020045_19900228_20200916_02_T1,20.0,45.0,51.0,14399,15789,5896,0
c1_016,1990-02-28,LANDSAT_4,LT04_L2SP_020045_19900228_20200916_02_T1,20.0,45.0,51.0,18887,22018,5896,0
c1_017,1990-02-28,LANDSAT_4,LT04_L2SP_020045_19900228_20200916_02_T1,20.0,45.0,51.0,8319,9905,7442,0
c1_018,1990-02-28,LANDSAT_4,LT04_L2SP_020045_19900228_20200916_02_T1,20.0,45.0,51.0,8057,10077,7440,0
c1_019,1990-02-28,LANDSAT_4,LT04_L2SP_020045_19900228_20200916_02_T1,20.0,45.0,51.0,9130,13844,5440,0
c1_020,1990-02-28,LANDSAT_4,LT04_L2SP_020045_19900228_20200916_02_T1,20.0,45.0,51.0,8589,10401,7440,0
c1_021,1990-02-28,LANDSAT_4,LT04_L2SP_020045_19900228_20200916_02_T1,20.0,45.0,51.0,24184,25667,5896,1
c1_022,1990-02-28,LANDSAT_4,LT04_L2SP_020045_19900228_20200916_02_T1,20.0,45.0,51.0,24299,26754,5896,1
c1_023,1990-02-28,LANDSAT_4,LT04_L2SP_020045_19900228_20200916_02_T1,20.0,45.0,51.0,65535,42009,5896,5
c1_024,1990-02-28,LANDSAT_4,LT04_L2SP_020045_19900228_20200916_02_T1,20.0,45.0,51.0,10586,19477,5442,0
c1_025,1990-02-28,LANDSAT_4,LT04_L2SP_020045_19900228_20200916_02_T1,20.0,45.0,51.0,8327,10735,7440,0
c1_026,1990-02-28,LANDSAT_4,LT04_L2SP_020045_19900228_20200916_02_T1,20.0,45.0,51.0,12560,14968,5896,0
c1_027,1990-02-28,LANDSAT_4,LT04_L2SP_020045_19900228_20200916_02_T1,20.0,45.0,51.0,13352,16754,5896,0
c1_028,1990-02-28,LANDSAT_4,LT04_L2SP_020045_19900228_20200916_02_T1,20.0,45.0,51.0,11644,21710,5896,0
c1_029,1990-02-28,LANDSAT_4,LT04_L2SP_020045_19900228_20200916_02_T1,20.0,45.0,51.0,65535,39176,5896,5
c1_030,1990-02-28,LANDSAT_4,LT04_L2SP_020045_19900228_20200916_02_T1,20.0,45.0,51.0,25052,28481,5896,1
c2_001,1990-02-28,LANDSAT_4,LT04_L2SP_020045_19900228_20200916_02_T1,20.0,45.0,51.0,8051,10070,7440,0
c2_002,1990-02-28,LANDSAT_4,LT04_L2SP_020045_19900228_20200916_02_T1,20.0,45.0,51.0,9129,10901,5440,0
c2_003,1990-02-28,LANDSAT_4,LT04_L2SP_020045_19900228_20200916_02_T1,20.0,45.0,51.0,9398,14007,7440,0
c2_004,1990-02-28,LANDSAT_4,LT04_L2SP_020045_19900228_20200916_02_T1,20.0,45.0,51.0,26284,28636,5896,1
c2_005,1990-02-28,LANDSAT_4,LT04_L2SP_020045_19900228_20200916_02_T1,20.0,45.0,51.0,14009,14655,5896,0
c2_006,1990-02-28,LANDSAT_4,LT04_L2SP_020045_19900228_20200916_02_T1,20.0,45.0,51.0,65535,65535,5896,7
c2_007,1990-02-28,LANDSAT_4,LT04_L2SP_020045_19900228_20200916_02_T1,20.0,45.0,51.0,9524,15296,5440,0
c2_008,1990-02-28,LANDSAT_4,LT04_L2SP_020045_19900228_20200916_02_T1,20.0,45.0,51.0,8592,10403,7442,0
c2_009,1990-02-28,LANDSAT_4,LT04_L2SP_020045_19900228_20200916_02_T1,20.0,45.0,51.0,9664,14658,7440,0
c2_010,1990-02-28,LANDSAT_4,LT04_L2SP_020045_19900228_20200916_02_T1,20.0,45.0,51.0,8456,11386,7440,0
c2_011,1990-02-28,LANDSAT_4,LT04_L2SP_020045_19900228_20200916_02_T1,20.0,45.0,51.0,9390,16583,7440,0
c2_012,1990-02-28,LANDSAT_4,LT04_L2SP_020045_19900228_20200916_02_T1,20.0,45.0,51.0,22184,25504,5896,0
c2_013,1990-02-28,LANDSAT_4,LT04_L2SP_020045_19900228_20200916_02_T1,20.0,45.0,51.0,9125,11878,7442,0
c2_014,1990-02-28,LANDSAT_4,LT04_L2SP_020045_19900228_20200916_02_T1,20.0,45.0,51.0,9129,16763,5440,0
c2_015,1990-02-28,LANDSAT_4,LT04_L2SP_020045_19900228_20200916_02_T1,20.0,45.0,51.0,28100,31709,5896,1
c2_016,1990-02-28,LANDSAT_4,LT04_L2SP_020045_19900228_20200916_02_T1,20.0,45.0,51.0,15945,18516,5896,0
c2_017,1990-02-28,LANDSAT_4,LT04_L2SP_020045_19900228_20200916_02_T1,20.0,45.0,51.0,11510,19478,5698,0
c2_018,1990-02-28,LANDSAT_4,LT04_L2SP_020045_19900228_20200916_02_T1,20.0,45.0,51.0,16596,18043,5896,0
c2_019,1990-02-28,LANDSAT_4,LT04_L2SP_020045_19900228_20200916_02_T1,20.0,45.0,51.0,8195,10408,7440,0
c2_020,1990-02-28,LANDSAT_4,LT04_L2SP_020045_19900228_20200916_02_T1,20.0,45.0,51.0,9259,14325,7440,0
c2_021,1990-02-28,LANDSAT_4,LT04_L2SP_020045_19900228_20200916_02_T1,20.0,45.0,51.0,34327,36293,5896,1
c2_022,1990-02-28,LANDSAT_4,LT04_L2SP_020045_19900228_20200916_02_T1,20.0,45.0,51.0,11252,16274,7442,0
c2_023,1990-02-28,LANDSAT_4,LT04_L2SP_020045_19900228_20200916_02_T1,20.0,45.0,51.0,8722,10564,7440,0
c2_024,1990-02-28,LANDSAT_4,LT04_L2SP_020045_19900228_20200916_02_T1,20.0,45.0,51.0,8460,9912,7440,0
c2_025,1990-02-28,LANDSAT_4,LT04_L2SP_020045_19900228_20200916_02_T1,20.0,45.0,51.0,65535,41560,5896,5
c2_026,1990-02-28,LANDSAT_4,LT04_L2SP_020045_19900228_20200916_02_T1,20.0,45.0,51.0,8996,12376,5440,0
c2_027,1990-02-28,LANDSAT_4,LT04_L2SP_020045_19900228_20200916_02_T1,20.0,45.0,51.0,9258,21233,5440,0
c2_028,1990-02-28,LANDSAT_4,LT04_L2SP_020045_19900228_20200916_02_T1,20.0,45.0,51.0,10184,12854,5896,0
c2_029,1990-02-28,LANDSAT_4,LT04_L2SP_020045_19900228_20200916_02_T1,20.0,45.0,51.0,9256,17389,5440,0
c2_030,1990-02-28,LANDSAT_4,LT04_L2SP_020045_19900228_20200916_02_T1,20.0,45.0,51.0,14133,15783,5896,0
c10_001,1990-02-28,LANDSAT_4,LT04_L2SP_020045_19900228_20200916_02_T1,20.0,45.0,51.0,15684,20590,5896,0
c10_002,1990-02-28,LANDSAT_4,LT04_L2SP_020045_19900228_20200916_02_T1,20.0,45.0,51.0,10855,13025,5896,0
c10_003,1990-02-28,LANDSAT_4,LT04_L2SP_020045_19900228_20200916_02_T1,20.0,45.0,51.0,14266,15624,5896,0
c10_004,1990-02-28,LANDSAT_4,LT04_L2SP_020045_19900228_20200916_02_T1,20.0,45.0,51.0,10855,11882,5696,0
c10_005,1990-02-28,LANDSAT_4,LT04_L2SP_020045_19900228_20200916_02_T1,20.0,45.0,51.0,10722,12698,5698,0
c3_001,1990-02-28,LANDSAT_4,LT04_L2SP_020045_19900228_20200916_02_T1,20.0,45.0,51.0,65535,39010,5896,5
c3_002,1990-02-28,LANDSAT_4,LT04_L2SP_020045_19900228_20200916_02_T1,20.0,45.0,51.0,13218,16266,5896,0
c3_003,1990-02-28,LANDSAT_4,LT04_L2SP_020045_19900228_20200916_02_T1,20.0,45.0,51.0,8589,11223,7442,0
c3_004,1990-02-28,LANDSAT_4,LT04_L2SP_020045_19900228_20200916_02_T1,20.0,45.0,51.0,9392,12532,7442,0
c3_005,1990-02-28,LANDSAT_4,LT04_L2SP_020045_19900228_20200916_02_T1,20.0,45.0,51.0,8323,10897,7440,0
c3_006,1990-02-28,LANDSAT_4,LT04_L2SP_020045_19900228_20200916_02_T1,20.0,45.0,51.0,9790,16749,5442,0
c3_007,1990-02-28,LANDSAT_4,LT04_L2SP_020045_19900228_20200916_02_T1,20.0,45.0,51.0,14907,19792,5896,0
c3_008,1990-02-28,LANDSAT_4,LT04_L2SP_020045_19900228_20200916_02_T1,20.0,45.0,51.0,8589,10895,7442,0
c3_009,1990-02-28,LANDSAT_4,LT04_L2SP_020045_19900228_20200916_02_T1,20.0,45.0,51.0,14131,21866,5896,0
c3_010,1990-02-28,LANDSAT_4,LT04_L2SP_020045_19900228_20200916_02_T1,20.0,45.0,51.0,18001,20914,5896,0
c3_011,1990-02-28,LANDSAT_4,LT04_L2SP_020045_19900228_20200916_02_T1,20.0,45.0,51.0,32894,35823,5896,1
c3_012,1990-02-28,LANDSAT_4,LT04_L2SP_020045_19900228_20200916_02_T1,20.0,45.0,51.0,8456,11059,7442,0
c3_013,1990-02-28,LANDSAT_4,LT04_L2SP_020045_19900228_20200916_02_T1,20.0,45.0,51.0,8858,11060,7440,0
c3_014,1990-02-28,LANDSAT_4,LT04_L2SP_020045_19900228_20200916_02_T1,20.0,45.0,51.0,9790,17875,5440,0
c3_015,1990-02-28,LANDSAT_4,LT04_L2SP_020045_19900228_20200916_02_T1,20.0,45.0,51.0,65535,45682,5896,23
c3_016,1990-02-28,LANDSAT_4,LT04_L2SP_020045_19900228_20200916_02_T1,20.0,45.0,51.0,9790,18999,5442,0
c3_017,1990-02-28,LANDSAT_4,LT04_L2SP_020045_19900228_20200916_02_T1,20.0,45.0,51.0,9922,17230,5440,0
c3_018,1990-02-28,LANDSAT_4,LT04_L2SP_020045_19900228_20200916_02_T1,20.0,45.0,51.0,8860,13189,7440,0
c3_019,1990-02-28,LANDSAT_4,LT04_L2SP_020045_19900228_20200916_02_T1,20.0,45.0,51.0,18758,18991,5896,0
c3_020,1990-02-28,LANDSAT_4,LT04_L2SP_020045_19900228_20200916_02_T1,20.0,45.0,51.0,9124,12532,5442,0
c3_021,1990-02-28,LANDSAT_4,LT04_L2SP_020045_19900228_20200916_02_T1,20.0,45.0,51.0,8856,11058,7440,0
c3_022,1990-02-28,LANDSAT_4,LT04_L2SP_020045_19900228_20200916_02_T1,20.0,45.0,51.0,26266,28461,5896,1
c3_023,1990-02-28,LANDSAT_4,LT04_L2SP_020045_19900228_20200916_02_T1,20.0,45.0,51.0,8456,10566,7440,0
c3_024,1990-02-28,LANDSAT_4,LT04_L2SP_020045_19900228_20200916_02_T1,20.0,45.0,51.0,8327,9253,7440,0
c3_025,1990-02-28,LANDSAT_4,LT04_L2SP_020045_19900228_20200916_02_T1,20.0,45.0,51.0,12823,15454,5896,0
c3_026,1990-02-28,LANDSAT_4,LT04_L2SP_020045_19900228_20200916_02_T1,20.0,45.0,51.0,19780,21865,5896,0
c3_027,1990-02-28,LANDSAT_4,LT04_L2SP_020045_19900228_20200916_02_T1,20.0,45.0,51.0,29910,31858,5896,1
c3_028,1990-02-28,LANDSAT_4,LT04_L2SP_020045_19900228_20200916_02_T1,20.0,45.0,51.0,33263,34164,5896,1
c3_029,1990-02-28,LANDSAT_4,LT04_L2SP_020045_19900228_20200916_02_T1,20.0,45.0,51.0,8596,9749,7440,0
c3_030,1990-02-28,LANDSAT_4,LT04_L2SP_020045_19900228_20200916_02_T1,20.0,45.0,51.0,32564,34787,5896,1
c4_001,1990-02-28,LANDSAT_4,LT04_L2SP_020045_19900228_20200916_02_T1,20.0,45.0,51.0,14781,14485,7442,0
c4_002,1990-02-28,LANDSAT_4,LT04_L2SP_020045_19900228_20200916_02_T1,20.0,45.0,51.0,10719,10731,7440,0
c4_003,1990-02-28,LANDSAT_4,LT04_L2SP_020045_19900228_20200916_02_T1,20.0,45.0,51.0,14780,14484,7698,0
c4_004,1990-02-28,LANDSAT_4,LT04_L2SP_020045_19900228_20200916_02_T1,20.0,45.0,51.0,13613,14163,5896,0
c4_005,1990-02-28,LANDSAT_4,LT04_L2SP_020045_19900228_20200916_02_T1,20.0,45.0,51.0,14521,11386,5504,0
c4_006,1990-02-28,LANDSAT_4,LT04_L2SP_020045_19900228_20200916_02_T1,20.0,45.0,51.0,17488,14647,5440,0
c4_007,1990-02-28,LANDSAT_4,LT04_L2SP_020045_19900228_20200916_02_T1,20.0,45.0,51.0,16340,19007,5896,0
c4_008,1990-02-28,LANDSAT_4,LT04_L2SP_020045_19900228_20200916_02_T1,20.0,45.0,51.0,22672,24548,5896,1
c4_009,1990-02-28,LANDSAT_4,LT04_L2SP_020045_19900228_20200916_02_T1,20.0,45.0,51.0,65535,42454,5896,5
c4_010,1990-02-28,LANDSAT_4,LT04_L2SP_020045_19900228_20200916_02_T1,20.0,45.0,51.0,11514,10241,5506,0
c4_011,1990-02-28,LANDSAT_4,LT04_L2SP_020045_19900228_20200916_02_T1,20.0,45.0,51.0,19028,21239,5896,0
c4_012,1990-02-28,LANDSAT_4,LT04_L2SP_020045_19900228_20200916_02_T1,20.0,45.0,51.0,16342,19647,5896,0
c4_013,1990-02-28,LANDSAT_4,LT04_L2SP_020045_19900228_20200916_02_T1,20.0,45.0,51.0,16461,13835,5440,0
c4_014,1990-02-28,LANDSAT_4,LT04_L2SP_020045_19900228_20200916_02_T1,20.0,45.0,51.0,11114,10566,7442,0
c4_015,1990-02-28,LANDSAT_4,LT04_L2SP_020045_19900228_20200916_02_T1,20.0,45.0,51.0,10857,13516,5896,0
c4_016,1990-02-28,LANDSAT_4,LT04_L2SP_020045_19900228_20200916_02_T1,20.0,45.0,51.0,13870,11386,5504,0
c4_017,1990-02-28,LANDSAT_4,LT04_L2SP_020045_19900228_20200916_02_T1,20.0,45.0,51.0,28112,28786,5896,1
c4_018,1990-02-28,LANDSAT_4,LT04_L2SP_020045_19900228_20200916_02_T1,20.0,45.0,51.0,10983,15621,5696,0
c4_019,1990-02-28,LANDSAT_4,LT04_L2SP_020045_19900228_20200916_02_T1,20.0,45.0,51.0,11778,13024,5896,0
c4_020,1990-02-28,LANDSAT_4,LT04_L2SP_020045_19900228_20200916_02_T1,20.0,45.0,51.0,15818,19159,5896,0
c4_021,1990-02-28,LANDSAT_4,LT04_L2SP_020045_19900228_20200916_02_T1,20.0,45.0,51.0,17876,18360,5896,0
c4_022,1990-02-28,LANDSAT_4,LT04_L2SP_020045_19900228_20200916_02_T1,20.0,45.0,51.0,8989,11220,7442,0
c4_023,1990-02-28,LANDSAT_4,LT04_L2SP_020045_19900228_20200916_02_T1,20.0,45.0,51.0,10320,10073,7442,0
c4_024,1990-02-28,LANDSAT_4,LT04_L2SP_020045_19900228_20200916_02_T1,20.0,45.0,51.0,17104,15618,5440,0
c4_025,1990-02-28,LANDSAT_4,LT04_L2SP_020045_19900228_20200916_02_T1,20.0,45.0,51.0,15688,16588,5896,0
c4_026,1990-02-28,LANDSAT_4,LT04_L2SP_020045_19900228_20200916_02_T1,20.0,45.0,51.0,10855,11226,7442,0
c4_027,1990-02-28,LANDSAT_4,LT04_L2SP_020045_19900228_20200916_02_T1,20.0,45.0,51.0,14262,13673,5442,0
c4_028,1990-02-28,LANDSAT_4,LT04_L2SP_020045_19900228_20200916_02_T1,20.0,45.0,51.0,13348,13184,7440,0
c4_029,1990-02-28,LANDSAT_4,LT04_L2SP_020045_19900228_20200916_02_T1,20.0,45.0,51.0,24057,25665,5896,1
c4_030,1990-02-28,LANDSAT_4,LT04_L2SP_020045_19900228_20200916_02_T1,20.0,45.0,51.0,11775,11878,5440,0
c5_001,1990-02-28,LANDSAT_4,LT04_L2SP_020045_19900228_20200916_02_T1,20.0,45.0,51.0,23684,24564,5896,1
c5_002,1990-02-28,LANDSAT_4,LT04_L2SP_020045_19900228_20200916_02_T1,20.0,45.0,51.0,8594,9419,7442,0
c5_003,1990-02-28,LANDSAT_4,LT04_L2SP_020045_19900228_20200916_02_T1,20.0,45.0,51.0,16848,21550,5896,0
c5_004,1990-02-28,LANDSAT_4,LT04_L2SP_020045_19900228_20200916_02_T1,20.0,45.0,51.0,9260,10076,7442,0
c5_005,1990-02-28,LANDSAT_4,LT04_L2SP_020045_19900228_20200916_02_T1,20.0,45.0,51.0,15562,16753,5896,0
c5_006,1990-02-28,LANDSAT_4,LT04_L2SP_020045_19900228_20200916_02_T1,20.0,45.0,51.0,9792,11224,5442,0
c5_007,1990-02-28,LANDSAT_4,LT04_L2SP_020045_19900228_20200916_02_T1,20.0,45.0,51.0,12439,13517,5896,0
c5_008,1990-02-28,LANDSAT_4,LT04_L2SP_020045_19900228_20200916_02_T1,20.0,45.0,51.0,8861,9088,7440,0
c5_009,1990-02-28,LANDSAT_4,LT04_L2SP_020045_19900228_20200916_02_T1,20.0,45.0,51.0,11514,12209,5896,0
c5_010,1990-02-28,LANDSAT_4,LT04_L2SP_020045_19900228_20200916_02_T1,20.0,45.0,51.0,11514,12209,5896,0
c5_011,1990-02-28,LANDSAT_4,LT04_L2SP_020045_19900228_20200916_02_T1,20.0,45.0,51.0,8862,9582,7440,0
c5_012,1990-02-28,LANDSAT_4,LT04_L2SP_020045_19900228_20200916_02_T1,20.0,45.0,51.0,9524,13349,5440,0
c5_013,1990-02-28,LANDSAT_4,LT04_L2SP_020045_19900228_20200916_02_T1,20.0,45.0,51.0,17493,19322,5896,0
c5_014,1990-02-28,LANDSAT_4,LT04_L2SP_020045_19900228_20200916_02_T1,20.0,45.0,51.0,20675,22033,5896,0
c5_015,1990-02-28,LANDSAT_4,LT04_L2SP_020045_19900228_20200916_02_T1,20.0,45.0,51.0,9529,9912,7440,0
c5_016,1990-02-28,LANDSAT_4,LT04_L2SP_020045_19900228_20200916_02_T1,20.0,45.0,51.0,11119,11882,5896,0
c5_017,1990-02-28,LANDSAT_4,LT04_L2SP_020045_19900228_20200916_02_T1,20.0,45.0,51.0,16081,17721,5896,0
c5_018,1990-02-28,LANDSAT_4,LT04_L2SP_020045_19900228_20200916_02_T1,20.0,45.0,51.0,10721,14813,5696,0
c5_019,1990-02-28,LANDSAT_4,LT04_L2SP_020045_19900228_20200916_02_T1,20.0,45.0,51.0,12961,14327,5896,0
c5_020,1990-02-28,LANDSAT_4,LT04_L2SP_020045_19900228_20200916_02_T1,20.0,45.0,51.0,9259,19322,5440,0
c5_021,1990-02-28,LANDSAT_4,LT04_L2SP_020045_19900228_20200916_02_T1,20.0,45.0,51.0,9529,9747,7440,0
c5_022,1990-02-28,LANDSAT_4,LT04_L2SP_020045_19900228_20200916_02_T1,20.0,45.0,51.0,10323,11880,5696,0
c5_023,1990-02-28,LANDSAT_4,LT04_L2SP_020045_19900228_20200916_02_T1,20.0,45.0,51.0,11910,13840,5896,0
c5_024,1990-02-28,LANDSAT_4,LT04_L2SP_020045_19900228_20200916_02_T1,20.0,45.0,51.0,14783,19480,5896,0
c5_025,1990-02-28,LANDSAT_4,LT04_L2SP_020045_19900228_20200916_02_T1,20.0,45.0,51.0,17628,18849,5896,0
c5_026,1990-02-28,LANDSAT_4,LT04_L2SP_020045_19900228_20200916_02_T1,20.0,45.0,51.0,10852,14973,5698,0
c5_027,1990-02-28,LANDSAT_4,LT04_L2SP_020045_19900228_20200916_02_T1,20.0,45.0,51.0,11514,14977,5896,0
c5_028,1990-02-28,LANDSAT_4,LT04_L2SP_020045_19900228_20200916_02_T1,20.0,45.0,51.0,12305,13677,5896,0
c5_029,1990-02-28,LANDSAT_4,LT04_L2SP_020045_19900228_20200916_02_T1,20.0,45.0,51.0,15047,16271,5896,0
c5_030,1990-02-28,LANDSAT_4,LT04_L2SP_020045_19900228_20200916_02_T1,20.0,45.0,51.0,10457,14490,5698,0
c1_001,1990-03-16,LANDSAT_4,LT04_L2SP_020045_19900316_20200916_02_T1,20.0,45.0,23.0,9144,17070,5440,0
c1_002,1990-03-16,LANDSAT_4,LT04_L2SP_020045_19900316_20200916_02_T1,20.0,45.0,23.0,9153,15849,5440,0
c1_003,1990-03-16,LANDSAT_4,LT04_L2SP_020045_19900316_20200916_02_T1,20.0,45.0,23.0,9014,17078,5440,0
c1_004,1990-03-16,LANDSAT_4,LT04_L2SP_020045_19900316_20200916_02_T1,20.0,45.0,23.0,9267,17061,5440,0
c1_005,1990-03-16,LANDSAT_4,LT04_L2SP_020045_19900316_20200916_02_T1,20.0,45.0,23.0,9378,17380,5440,0
c1_006,1990-03-16,LANDSAT_4,LT04_L2SP_020045_19900316_20200916_02_T1,20.0,45.0,23.0,9513,17206,5440,0
c1_007,1990-03-16,LANDSAT_4,LT04_L2SP_020045_19900316_20200916_02_T1,20.0,45.0,23.0,9502,17659,5440,0
c1_008,1990-03-16,LANDSAT_4,LT04_L2SP_020045_19900316_20200916_02_T1,20.0,45.0,23.0,9144,17500,5440,0
c1_009,1990-03-16,LANDSAT_4,LT04_L2SP_020045_19900316_20200916_02_T1,20.0,45.0,23.0,9019,17659,5440,0
c1_010,1990-03-16,LANDSAT_4,LT04_L2SP_020045_19900316_20200916_02_T1,20.0,45.0,23.0,9883,15697,5440,0
c1_011,1990-03-16,LANDSAT_4,LT04_L2SP_020045_19900316_20200916_02_T1,20.0,45.0,23.0,8909,17345,5440,0
c1_012,1990-03-16,LANDSAT_4,LT04_L2SP_020045_19900316_20200916_02_T1,20.0,45.0,23.0,8772,15564,5440,0
c1_013,1990-03-16,LANDSAT_4,LT04_L2SP_020045_19900316_20200916_02_T1,20.0,45.0,23.0,9516,15240,5440,0
c1_014,1990-03-16,LANDSAT_4,LT04_L2SP_020045_19900316_20200916_02_T1,20.0,45.0,23.0,8666,17804,5440,0
c1_015,1990-03-16,LANDSAT_4,LT04_L2SP_020045_19900316_20200916_02_T1,20.0,45.0,23.0,9144,16163,5440,0
c1_016,1990-03-16,LANDSAT_4,LT04_L2SP_020045_19900316_20200916_02_T1,20.0,45.0,23.0,8925,18063,5440,0
c1_017,1990-03-16,LANDSAT_4,LT04_L2SP_020045_19900316_20200916_02_T1,20.0,45.0,23.0,9151,17337,5440,0
c1_018,1990-03-16,LANDSAT_4,LT04_L2SP_020045_19900316_20200916_02_T1,20.0,45.0,23.0,8777,18268,5440,0
c1_019,1990-03-16,LANDSAT_4,LT04_L2SP_020045_19900316_20200916_02_T1,20.0,45.0,23.0,9253,14057,5440,0
c1_020,1990-03-16,LANDSAT_4,LT04_L2SP_020045_19900316_20200916_02_T1,20.0,45.0,23.0,9378,15857,5440,0
c1_021,1990-03-16,LANDSAT_4,LT04_L2SP_020045_19900316_20200916_02_T1,20.0,45.0,23.0,8531,16015,5440,0
c1_022,1990-03-16,LANDSAT_4,LT04_L2SP_020045_19900316_20200916_02_T1,20.0,45.0,23.0,8665,18403,5440,0
c1_023,1990-03-16,LANDSAT_4,LT04_L2SP_020045_19900316_20200916_02_T1,20.0,45.0,23.0,8789,18098,5440,0
c1_024,1990-03-16,LANDSAT_4,LT04_L2SP_020045_19900316_20200916_02_T1,20.0,45.0,23.0,9034,18380,5440,0
c1_025,1990-03-16,LANDSAT_4,LT04_L2SP_020045_19900316_20200916_02_T1,20.0,45.0,23.0,9136,17079,5440,0
c1_026,1990-03-16,LANDSAT_4,LT04_L2SP_020045_19900316_20200916_02_T1,20.0,45.0,23.0,9409,16422,5440,0
c1_027,1990-03-16,LANDSAT_4,LT04_L2SP_020045_19900316_20200916_02_T1,20.0,45.0,23.0,8792,17646,5440,0
c1_028,1990-03-16,LANDSAT_4,LT04_L2SP_020045_19900316_20200916_02_T1,20.0,45.0,23.0,8665,20332,5440,0
c1_029,1990-03-16,LANDSAT_4,LT04_L2SP_020045_19900316_20200916_02_T1,20.0,45.0,23.0,8881,17840,5440,0
c1_030,1990-03-16,LANDSAT_4,LT04_L2SP_020045_19900316_20200916_02_T1,20.0,45.0,23.0,9258,16326,5440,0
c2_001,1990-03-16,LANDSAT_4,LT04_L2SP_020045_19900316_20200916_02_T1,20.0,45.0,23.0,9173,17309,5440,0
c2_002,1990-03-16,LANDSAT_4,LT04_L2SP_020045_19900316_20200916_02_T1,20.0,45.0,23.0,8772,11922,5440,0
c2_003,1990-03-16,LANDSAT_4,LT04_L2SP_020045_19900316_20200916_02_T1,20.0,45.0,23.0,8893,14359,5440,0
c2_004,1990-03-16,LANDSAT_4,LT04_L2SP_020045_19900316_20200916_02_T1,20.0,45.0,23.0,9501,15422,5440,0
c2_005,1990-03-16,LANDSAT_4,LT04_L2SP_020045_19900316_20200916_02_T1,20.0,45.0,23.0,8895,16620,5440,0
c2_006,1990-03-16,LANDSAT_4,LT04_L2SP_020045_19900316_20200916_02_T1,20.0,45.0,23.0,9016,17368,5440,0
c2_007,1990-03-16,LANDSAT_4,LT04_L2SP_020045_19900316_20200916_02_T1,20.0,45.0,23.0,9386,17206,5440,0
c2_008,1990-03-16,LANDSAT_4,LT04_L2SP_020045_19900316_20200916_02_T1,20.0,45.0,23.0,9642,15243,5440,0
c2_009,1990-03-16,LANDSAT_4,LT04_L2SP_020045_19900316_20200916_02_T1,20.0,45.0,23.0,9136,14055,5440,0
c2_010,1990-03-16,LANDSAT_4,LT04_L2SP_020045_19900316_20200916_02_T1,20.0,45.0,23.0,9518,17344,5440,0
c2_011,1990-03-16,LANDSAT_4,LT04_L2SP_020045_19900316_20200916_02_T1,20.0,45.0,23.0,9031,17488,5440,0
c2_012,1990-03-16,LANDSAT_4,LT04_L2SP_020045_19900316_20200916_02_T1,20.0,45.0,23.0,9367,16638,5440,0
c2_013,1990-03-16,LANDSAT_4,LT04_L2SP_020045_19900316_20200916_02_T1,20.0,45.0,23.0,10002,16293,5440,0
c2_014,1990-03-16,LANDSAT_4,LT04_L2SP_020045_19900316_20200916_02_T1,20.0,45.0,23.0,8895,17978,5440,0
c2_015,1990-03-16,LANDSAT_4,LT04_L2SP_020045_19900316_20200916_02_T1,20.0,45.0,23.0,9520,16895,5440,0
c2_016,1990-03-16,LANDSAT_4,LT04_L2SP_020045_19900316_20200916_02_T1,20.0,45.0,23.0,10247,12368,5440,0
c2_017,1990-03-16,LANDSAT_4,LT04_L2SP_020045_19900316_20200916_02_T1,20.0,45.0,23.0,9388,17202,5440,0
c2_018,1990-03-16,LANDSAT_4,LT04_L2SP_020045_19900316_20200916_02_T1,20.0,45.0,23.0,9636,15250,5440,0
c2_019,1990-03-16,LANDSAT_4,LT04_L2SP_020045_19900316_20200916_02_T1,20.0,45.0,23.0,9007,16786,5440,0
c2_020,1990-03-16,LANDSAT_4,LT04_L2SP_020045_19900316_20200916_02_T1,20.0,45.0,23.0,9151,18697,5440,0
c2_021,1990-03-16,LANDSAT_4,LT04_L2SP_020045_19900316_20200916_02_T1,20.0,45.0,23.0,9259,17220,5440,0
c2_022,1990-03-16,LANDSAT_4,LT04_L2SP_020045_19900316_20200916_02_T1,20.0,45.0,23.0,10476,16324,5440,0
c2_023,1990-03-16,LANDSAT_4,LT04_L2SP_020045_19900316_20200916_02_T1,20.0,45.0,23.0,9128,17065,5440,0
c2_024,1990-03-16,LANDSAT_4,LT04_L2SP_020045_19900316_20200916_02_T1,20.0,45.0,23.0,9384,15111,5440,0
c2_025,1990-03-16,LANDSAT_4,LT04_L2SP_020045_19900316_20200916_02_T1,20.0,45.0,23.0,9376,17376,5440,0
c2_026,1990-03-16,LANDSAT_4,LT04_L2SP_020045_19900316_20200916_02_T1,20.0,45.0,23.0,8772,12988,5440,0
c2_027,1990-03-16,LANDSAT_4,LT04_L2SP_020045_19900316_20200916_02_T1,20.0,45.0,23.0,8778,19745,5440,0
c2_028,1990-03-16,LANDSAT_4,LT04_L2SP_020045_19900316_20200916_02_T1,20.0,45.0,23.0,8769,18256,5440,0
c2_029,1990-03-16,LANDSAT_4,LT04_L2SP_020045_19900316_20200916_02_T1,20.0,45.0,23.0,9006,17219,5440,0
c2_030,1990-03-16,LANDSAT_4,LT04_L2SP_020045_19900316_20200916_02_T1,20.0,45.0,23.0,9410,17327,5440,0
c10_001,1990-03-16,LANDSAT_4,LT04_L2SP_020045_19900316_20200916_02_T1,20.0,45.0,23.0,10366,15535,5440,0
c10_002,1990-03-16,LANDSAT_4,LT04_L2SP_020045_19900316_20200916_02_T1,20.0,45.0,23.0,9636,11308,5440,0
c10_003,1990-03-16,LANDSAT_4,LT04_L2SP_020045_19900316_20200916_02_T1,20.0,45.0,23.0,9636,10394,5440,0
c10_004,1990-03-16,LANDSAT_4,LT04_L2SP_020045_19900316_20200916_02_T1,20.0,45.0,23.0,10001,10547,5504,0
c10_005,1990-03-16,LANDSAT_4,LT04_L2SP_020045_19900316_20200916_02_T1,20.0,45.0,23.0,9879,11156,5440,0
c3_001,1990-03-16,LANDSAT_4,LT04_L2SP_020045_19900316_20200916_02_T1,20.0,45.0,23.0,9138,16617,5440,0
c3_002,1990-03-16,LANDSAT_4,LT04_L2SP_020045_19900316_20200916_02_T1,20.0,45.0,23.0,8931,17318,5440,0
c3_003,1990-03-16,LANDSAT_4,LT04_L2SP_020045_19900316_20200916_02_T1,20.0,45.0,23.0,8930,17915,5440,0
c3_004,1990-03-16,LANDSAT_4,LT04_L2SP_020045_19900316_20200916_02_T1,20.0,45.0,23.0,10006,16591,5440,0
c3_005,1990-03-16,LANDSAT_4,LT04_L2SP_020045_19900316_20200916_02_T1,20.0,45.0,23.0,8911,18393,5440,0
c3_006,1990-03-16,LANDSAT_4,LT04_L2SP_020045_19900316_20200916_02_T1,20.0,45.0,23.0,9155,17639,5440,0
c3_007,1990-03-16,LANDSAT_4,LT04_L2SP_020045_19900316_20200916_02_T1,20.0,45.0,23.0,9044,17024,5440,0
c3_008,1990-03-16,LANDSAT_4,LT04_L2SP_020045_19900316_20200916_02_T1,20.0,45.0,23.0,9156,18384,5440,0
c3_009,1990-03-16,LANDSAT_4,LT04_L2SP_020045_19900316_20200916_02_T1,20.0,45.0,23.0,9144,18999,5440,0
c3_010,1990-03-16,LANDSAT_4,LT04_L2SP_020045_19900316_20200916_02_T1,20.0,45.0,23.0,9153,17043,5440,0
c3_011,1990-03-16,LANDSAT_4,LT04_L2SP_020045_19900316_20200916_02_T1,20.0,45.0,23.0,9750,16152,5440,0
c3_012,1990-03-16,LANDSAT_4,LT04_L2SP_020045_19900316_20200916_02_T1,20.0,45.0,23.0,9151,16745,5440,0
c3_013,1990-03-16,LANDSAT_4,LT04_L2SP_020045_19900316_20200916_02_T1,20.0,45.0,23.0,9882,17488,5440,0
c3_014,1990-03-16,LANDSAT_4,LT04_L2SP_020045_19900316_20200916_02_T1,20.0,45.0,23.0,9397,17788,5440,0
c3_015,1990-03-16,LANDSAT_4,LT04_L2SP_020045_19900316_20200916_02_T1,20.0,45.0,23.0,9508,16904,5440,0
c3_016,1990-03-16,LANDSAT_4,LT04_L2SP_020045_19900316_20200916_02_T1,20.0,45.0,23.0,9277,17638,5440,0
c3_017,1990-03-16,LANDSAT_4,LT04_L2SP_020045_19900316_20200916_02_T1,20.0,45.0,23.0,9638,16442,5440,0
c3_018,1990-03-16,LANDSAT_4,LT04_L2SP_020045_19900316_20200916_02_T1,20.0,45.0,23.0,8874,18600,5440,0
c3_019,1990-03-16,LANDSAT_4,LT04_L2SP_020045_19900316_20200916_02_T1,20.0,45.0,23.0,8393,19314,5440,0
c3_020,1990-03-16,LANDSAT_4,LT04_L2SP_020045_19900316_20200916_02_T1,20.0,45.0,23.0,8899,18255,5440,0
c3_021,1990-03-16,LANDSAT_4,LT04_L2SP_020045_19900316_20200916_02_T1,20.0,45.0,23.0,10003,17189,5440,0
c3_022,1990-03-16,LANDSAT_4,LT04_L2SP_020045_19900316_20200916_02_T1,20.0,45.0,23.0,9513,16000,5440,0
c3_023,1990-03-16,LANDSAT_4,LT04_L2SP_020045_19900316_20200916_02_T1,20.0,45.0,23.0,9271,16449,5440,0
c3_024,1990-03-16,LANDSAT_4,LT04_L2SP_020045_19900316_20200916_02_T1,20.0,45.0,23.0,9020,11004,5440,0
c3_025,1990-03-16,LANDSAT_4,LT04_L2SP_020045_19900316_20200916_02_T1,20.0,45.0,23.0,9636,15840,5440,0
c3_026,1990-03-16,LANDSAT_4,LT04_L2SP_020045_19900316_20200916_02_T1,20.0,45.0,23.0,9875,16001,5440,0
c3_027,1990-03-16,LANDSAT_4,LT04_L2SP_020045_19900316_20200916_02_T1,20.0,45.0,23.0,9759,16596,5440,0
c3_028,1990-03-16,LANDSAT_4,LT04_L2SP_020045_19900316_20200916_02_T1,20.0,45.0,23.0,8913,18090,5440,0
c3_029,1990-03-16,LANDSAT_4,LT04_L2SP_020045_19900316_20200916_02_T1,20.0,45.0,23.0,9386,12073,5440,0
c3_030,1990-03-16,LANDSAT_4,LT04_L2SP_020045_19900316_20200916_02_T1,20.0,45.0,23.0,9985,15119,5440,0
c4_001,1990-03-16,LANDSAT_4,LT04_L2SP_020045_19900316_20200916_02_T1,20.0,45.0,23.0,18192,18829,5440,0
c4_002,1990-03-16,LANDSAT_4,LT04_L2SP_020045_19900316_20200916_02_T1,20.0,45.0,23.0,13125,13582,5440,0
c4_003,1990-03-16,LANDSAT_4,LT04_L2SP_020045_19900316_20200916_02_T1,20.0,45.0,23.0,12287,11459,5504,0
c4_004,1990-03-16,LANDSAT_4,LT04_L2SP_020045_19900316_20200916_02_T1,20.0,45.0,23.0,11811,9938,5504,0
c4_005,1990-03-16,LANDSAT_4,LT04_L2SP_020045_19900316_20200916_02_T1,20.0,45.0,23.0,13004,10241,5504,0
c4_006,1990-03-16,LANDSAT_4,LT04_L2SP_020045_19900316_20200916_02_T1,20.0,45.0,23.0,14194,11155,5504,0
c4_007,1990-03-16,LANDSAT_4,LT04_L2SP_020045_19900316_20200916_02_T1,20.0,45.0,23.0,9749,15866,5440,0
c4_008,1990-03-16,LANDSAT_4,LT04_L2SP_020045_19900316_20200916_02_T1,20.0,45.0,23.0,11090,17184,5440,0
c4_009,1990-03-16,LANDSAT_4,LT04_L2SP_020045_19900316_20200916_02_T1,20.0,45.0,23.0,10483,16155,5440,0
c4_010,1990-03-16,LANDSAT_4,LT04_L2SP_020045_19900316_20200916_02_T1,20.0,45.0,23.0,10122,9935,5504,0
c4_011,1990-03-16,LANDSAT_4,LT04_L2SP_020045_19900316_20200916_02_T1,20.0,45.0,23.0,10485,15852,5440,0
c4_012,1990-03-16,LANDSAT_4,LT04_L2SP_020045_19900316_20200916_02_T1,20.0,45.0,23.0,10599,15419,5440,0
c4_013,1990-03-16,LANDSAT_4,LT04_L2SP_020045_19900316_20200916_02_T1,20.0,45.0,23.0,13957,10698,5504,0
c4_014,1990-03-16,LANDSAT_4,LT04_L2SP_020045_19900316_20200916_02_T1,20.0,45.0,23.0,14669,13127,5440,0
c4_015,1990-03-16,LANDSAT_4,LT04_L2SP_020045_19900316_20200916_02_T1,20.0,45.0,23.0,10112,16024,5440,0
c4_016,1990-03-16,LANDSAT_4,LT04_L2SP_020045_19900316_20200916_02_T1,20.0,45.0,23.0,12168,9937,5504,0
c4_017,1990-03-16,LANDSAT_4,LT04_L2SP_020045_19900316_20200916_02_T1,20.0,45.0,23.0,10235,15715,5440,0
c4_018,1990-03-16,LANDSAT_4,LT04_L2SP_020045_19900316_20200916_02_T1,20.0,45.0,23.0,10358,14796,5440,0
c4_019,1990-03-16,LANDSAT_4,LT04_L2SP_020045_19900316_20200916_02_T1,20.0,45.0,23.0,10367,11157,5440,0
c4_020,1990-03-16,LANDSAT_4,LT04_L2SP_020045_19900316_20200916_02_T1,20.0,45.0,23.0,11209,12976,5440,0
c4_021,1990-03-16,LANDSAT_4,LT04_L2SP_020045_19900316_20200916_02_T1,20.0,45.0,23.0,11090,11158,5504,0
c4_022,1990-03-16,LANDSAT_4,LT04_L2SP_020045_19900316_20200916_02_T1,20.0,45.0,23.0,9641,16437,5440,0
c4_023,1990-03-16,LANDSAT_4,LT04_L2SP_020045_19900316_20200916_02_T1,20.0,45.0,23.0,12287,12673,5440,0
c4_024,1990-03-16,LANDSAT_4,LT04_L2SP_020045_19900316_20200916_02_T1,20.0,45.0,23.0,13720,12673,5440,0
c4_025,1990-03-16,LANDSAT_4,LT04_L2SP_020045_19900316_20200916_02_T1,20.0,45.0,23.0,16437,19129,5440,0
c4_026,1990-03-16,LANDSAT_4,LT04_L2SP_020045_19900316_20200916_02_T1,20.0,45.0,23.0,9756,11309,5440,0
c4_027,1990-03-16,LANDSAT_4,LT04_L2SP_020045_19900316_20200916_02_T1,20.0,45.0,23.0,12528,11308,5504,0
c4_028,1990-03-16,LANDSAT_4,LT04_L2SP_020045_19900316_20200916_02_T1,20.0,45.0,23.0,16435,17485,5440,0
c4_029,1990-03-16,LANDSAT_4,LT04_L2SP_020045_19900316_20200916_02_T1,20.0,45.0,23.0,9871,14806,5440,0
c4_030,1990-03-16,LANDSAT_4,LT04_L2SP_020045_19900316_20200916_02_T1,20.0,45.0,23.0,11810,11916,5440,0
c5_001,1990-03-16,LANDSAT_4,LT04_L2SP_020045_19900316_20200916_02_T1,20.0,45.0,23.0,9029,14043,5440,0
c5_002,1990-03-16,LANDSAT_4,LT04_L2SP_020045_19900316_20200916_02_T1,20.0,45.0,23.0,9145,11462,5440,0
c5_003,1990-03-16,LANDSAT_4,LT04_L2SP_020045_19900316_20200916_02_T1,20.0,45.0,23.0,15616,20471,5440,0
c5_004,1990-03-16,LANDSAT_4,LT04_L2SP_020045_19900316_20200916_02_T1,20.0,45.0,23.0,9878,11461,5440,0
c5_005,1990-03-16,LANDSAT_4,LT04_L2SP_020045_19900316_20200916_02_T1,20.0,45.0,23.0,10486,11004,5504,0
c5_006,1990-03-16,LANDSAT_4,LT04_L2SP_020045_19900316_20200916_02_T1,20.0,45.0,23.0,9635,11460,5440,0
c5_007,1990-03-16,LANDSAT_4,LT04_L2SP_020045_19900316_20200916_02_T1,20.0,45.0,23.0,8898,12226,5440,0
c5_008,1990-03-16,LANDSAT_4,LT04_L2SP_020045_19900316_20200916_02_T1,20.0,45.0,23.0,9758,11309,5440,0
c5_009,1990-03-16,LANDSAT_4,LT04_L2SP_020045_19900316_20200916_02_T1,20.0,45.0,23.0,10000,12679,5440,0
c5_010,1990-03-16,LANDSAT_4,LT04_L2SP_020045_19900316_20200916_02_T1,20.0,45.0,23.0,9636,9781,5504,0
c5_011,1990-03-16,LANDSAT_4,LT04_L2SP_020045_19900316_20200916_02_T1,20.0,45.0,23.0,9876,11767,5440,0
c5_012,1990-03-16,LANDSAT_4,LT04_L2SP_020045_19900316_20200916_02_T1,20.0,45.0,23.0,9387,14948,5440,0
c5_013,1990-03-16,LANDSAT_4,LT04_L2SP_020045_19900316_20200916_02_T1,20.0,45.0,23.0,9400,19283,5440,0
c5_014,1990-03-16,LANDSAT_4,LT04_L2SP_020045_19900316_20200916_02_T1,20.0,45.0,23.0,9515,11309,5440,0
c5_015,1990-03-16,LANDSAT_4,LT04_L2SP_020045_19900316_20200916_02_T1,20.0,45.0,23.0,9877,10546,5440,0
c5_016,1990-03-16,LANDSAT_4,LT04_L2SP_020045_19900316_20200916_02_T1,20.0,45.0,23.0,9999,10852,5440,0
c5_017,1990-03-16,LANDSAT_4,LT04_L2SP_020045_19900316_20200916_02_T1,20.0,45.0,23.0,9514,13740,5440,0
c5_018,1990-03-16,LANDSAT_4,LT04_L2SP_020045_19900316_20200916_02_T1,20.0,45.0,23.0,9881,12221,5440,0
c5_019,1990-03-16,LANDSAT_4,LT04_L2SP_020045_19900316_20200916_02_T1,20.0,45.0,23.0,9878,11918,5440,0
c5_020,1990-03-16,LANDSAT_4,LT04_L2SP_020045_19900316_20200916_02_T1,20.0,45.0,23.0,8905,17052,5440,0
c5_021,1990-03-16,LANDSAT_4,LT04_L2SP_020045_19900316_20200916_02_T1,20.0,45.0,23.0,9998,10699,5440,0
c5_022,1990-03-16,LANDSAT_4,LT04_L2SP_020045_19900316_20200916_02_T1,20.0,45.0,23.0,9392,11003,5440,0
c5_023,1990-03-16,LANDSAT_4,LT04_L2SP_020045_19900316_20200916_02_T1,20.0,45.0,23.0,9758,11156,5440,0
c5_024,1990-03-16,LANDSAT_4,LT04_L2SP_020045_19900316_20200916_02_T1,20.0,45.0,23.0,8780,18251,5440,0
c5_025,1990-03-16,LANDSAT_4,LT04_L2SP_020045_19900316_20200916_02_T1,20.0,45.0,23.0,9264,13138,5440,0
c5_026,1990-03-16,LANDSAT_4,LT04_L2SP_020045_19900316_20200916_02_T1,20.0,45.0,23.0,9997,12221,5440,0
c5_027,1990-03-16,LANDSAT_4,LT04_L2SP_020045_19900316_20200916_02_T1,20.0,45.0,23.0,9878,11614,5440,0
c5_028,1990-03-16,LANDSAT_4,LT04_L2SP_020045_19900316_20200916_02_T1,20.0,45.0,23.0,9636,11615,5440,0
c5_029,1990-03-16,LANDSAT_4,LT04_L2SP_020045_19900316_20200916_02_T1,20.0,45.0,23.0,10121,12071,5440,0
c5_030,1990-03-16,LANDSAT_4,LT04_L2SP_020045_19900316_20200916_02_T1,20.0,45.0,23.0,9637,12222,5440,0
c1_001,1990-04-01,LANDSAT_4,LT04_L2SP_020045_19900401_20200916_02_T1,20.0,45.0,6.0,9719,17410,5440,0
c1_002,1990-04-01,LANDSAT_4,LT04_L2SP_020045_19900401_20200916_02_T1,20.0,45.0,6.0,9387,15987,5440,0
c1_003,1990-04-01,LANDSAT_4,LT04_L2SP_020045_19900401_20200916_02_T1,20.0,45.0,6.0,9138,16155,5440,0
c1_004,1990-04-01,LANDSAT_4,LT04_L2SP_020045_19900401_20200916_02_T1,20.0,45.0,6.0,9145,16284,5440,0
c1_005,1990-04-01,LANDSAT_4,LT04_L2SP_020045_19900401_20200916_02_T1,20.0,45.0,6.0,9248,17426,5440,0
c1_006,1990-04-01,LANDSAT_4,LT04_L2SP_020045_19900401_20200916_02_T1,20.0,45.0,6.0,9255,17270,5440,0
c1_007,1990-04-01,LANDSAT_4,LT04_L2SP_020045_19900401_20200916_02_T1,20.0,45.0,6.0,9485,17537,5440,0
c1_008,1990-04-01,LANDSAT_4,LT04_L2SP_020045_19900401_20200916_02_T1,20.0,45.0,6.0,8916,17397,5440,0
c1_009,1990-04-01,LANDSAT_4,LT04_L2SP_020045_19900401_20200916_02_T1,20.0,45.0,6.0,8794,16565,5440,0
c1_010,1990-04-01,LANDSAT_4,LT04_L2SP_020045_19900401_20200916_02_T1,20.0,45.0,6.0,10175,16138,5440,0
c1_011,1990-04-01,LANDSAT_4,LT04_L2SP_020045_19900401_20200916_02_T1,20.0,45.0,6.0,9046,17380,5440,0
c1_012,1990-04-01,LANDSAT_4,LT04_L2SP_020045_19900401_20200916_02_T1,20.0,45.0,6.0,8929,15432,5440,0
c1_013,1990-04-01,LANDSAT_4,LT04_L2SP_020045_19900401_20200916_02_T1,20.0,45.0,6.0,9699,15589,5440,0
c1_014,1990-04-01,LANDSAT_4,LT04_L2SP_020045_19900401_20200916_02_T1,20.0,45.0,6.0,8806,17544,5440,0
c1_015,1990-04-01,LANDSAT_4,LT04_L2SP_020045_19900401_20200916_02_T1,20.0,45.0,6.0,8818,15851,5440,0
c1_016,1990-04-01,LANDSAT_4,LT04_L2SP_020045_19900401_20200916_02_T1,20.0,45.0,6.0,8701,18492,5440,0
c1_017,1990-04-01,LANDSAT_4,LT04_L2SP_020045_19900401_20200916_02_T1,20.0,45.0,6.0,9151,17522,5440,0
c1_018,1990-04-01,LANDSAT_4,LT04_L2SP_020045_19900401_20200916_02_T1,20.0,45.0,6.0,8697,17679,5440,0
c1_019,1990-04-01,LANDSAT_4,LT04_L2SP_020045_19900401_20200916_02_T1,20.0,45.0,6.0,10055,15311,5440,0
c1_020,1990-04-01,LANDSAT_4,LT04_L2SP_020045_19900401_20200916_02_T1,20.0,45.0,6.0,9361,15299,5440,0
c1_021,1990-04-01,LANDSAT_4,LT04_L2SP_020045_19900401_20200916_02_T1,20.0,45.0,6.0,8705,16131,5440,0
c1_022,1990-04-01,LANDSAT_4,LT04_L2SP_020045_19900401_20200916_02_T1,20.0,45.0,6.0,8818,18504,5440,0
c1_023,1990-04-01,LANDSAT_4,LT04_L2SP_020045_19900401_20200916_02_T1,20.0,45.0,6.0,8832,17930,5440,0
c1_024,1990-04-01,LANDSAT_4,LT04_L2SP_020045_19900401_20200916_02_T1,20.0,45.0,6.0,9034,17529,5440,0
c1_025,1990-04-01,LANDSAT_4,LT04_L2SP_020045_19900401_20200916_02_T1,20.0,45.0,6.0,9146,16429,5440,0
c1_026,1990-04-01,LANDSAT_4,LT04_L2SP_020045_19900401_20200916_02_T1,20.0,45.0,6.0,9486,16551,5440,0
c1_027,1990-04-01,LANDSAT_4,LT04_L2SP_020045_19900401_20200916_02_T1,20.0,45.0,6.0,8925,17955,5440,0
c1_028,1990-04-01,LANDSAT_4,LT04_L2SP_020045_19900401_20200916_02_T1,20.0,45.0,6.0,8580,19209,5440,0
c1_029,1990-04-01,LANDSAT_4,LT04_L2SP_020045_19900401_20200916_02_T1,20.0,45.0,6.0,9019,19249,5440,0
c1_030,1990-04-01,LANDSAT_4,LT04_L2SP_020045_19900401_20200916_02_T1,20.0,45.0,6.0,9378,16147,5440,0
c2_001,1990-04-01,LANDSAT_4,LT04_L2SP_020045_19900401_20200916_02_T1,20.0,45.0,6.0,9264,17524,5440,0
c2_002,1990-04-01,LANDSAT_4,LT04_L2SP_020045_19900401_20200916_02_T1,20.0,45.0,6.0,9036,12046,5440,0
c2_003,1990-04-01,LANDSAT_4,LT04_L2SP_020045_19900401_20200916_02_T1,20.0,45.0,6.0,8921,14314,5440,0
c2_004,1990-04-01,LANDSAT_4,LT04_L2SP_020045_19900401_20200916_02_T1,20.0,45.0,6.0,9601,15447,5440,0
c2_005,1990-04-01,LANDSAT_4,LT04_L2SP_020045_19900401_20200916_02_T1,20.0,45.0,6.0,9135,18267,5440,0
c2_006,1990-04-01,LANDSAT_4,LT04_L2SP_020045_19900401_20200916_02_T1,20.0,45.0,6.0,9130,17566,5440,0
c2_007,1990-04-01,LANDSAT_4,LT04_L2SP_020045_19900401_20200916_02_T1,20.0,45.0,6.0,9372,16699,5440,0
c2_008,1990-04-01,LANDSAT_4,LT04_L2SP_020045_19900401_20200916_02_T1,20.0,45.0,6.0,9819,15024,5440,0
c2_009,1990-04-01,LANDSAT_4,LT04_L2SP_020045_19900401_20200916_02_T1,20.0,45.0,6.0,9374,14316,5440,0
c2_010,1990-04-01,LANDSAT_4,LT04_L2SP_020045_19900401_20200916_02_T1,20.0,45.0,6.0,9389,16960,5440,0
c2_011,1990-04-01,LANDSAT_4,LT04_L2SP_020045_19900401_20200916_02_T1,20.0,45.0,6.0,9268,17522,5440,0
c2_012,1990-04-01,LANDSAT_4,LT04_L2SP_020045_19900401_20200916_02_T1,20.0,45.0,6.0,9485,16713,5440,0
c2_013,1990-04-01,LANDSAT_4,LT04_L2SP_020045_19900401_20200916_02_T1,20.0,45.0,6.0,9954,16405,5440,0
c2_014,1990-04-01,LANDSAT_4,LT04_L2SP_020045_19900401_20200916_02_T1,20.0,45.0,6.0,8691,17689,5440,0
c2_015,1990-04-01,LANDSAT_4,LT04_L2SP_020045_19900401_20200916_02_T1,20.0,45.0,6.0,9377,17119,5440,0
c2_016,1990-04-01,LANDSAT_4,LT04_L2SP_020045_19900401_20200916_02_T1,20.0,45.0,6.0,10969,12746,5440,0
c2_017,1990-04-01,LANDSAT_4,LT04_L2SP_020045_19900401_20200916_02_T1,20.0,45.0,6.0,9372,16980,5440,0
c2_018,1990-04-01,LANDSAT_4,LT04_L2SP_020045_19900401_20200916_02_T1,20.0,45.0,6.0,9268,15290,5440,0
c2_019,1990-04-01,LANDSAT_4,LT04_L2SP_020045_19900401_20200916_02_T1,20.0,45.0,6.0,9827,17704,5440,0
c2_020,1990-04-01,LANDSAT_4,LT04_L2SP_020045_19900401_20200916_02_T1,20.0,45.0,6.0,9248,18680,5440,0
c2_021,1990-04-01,LANDSAT_4,LT04_L2SP_020045_19900401_20200916_02_T1,20.0,45.0,6.0,9375,17263,5440,0
c2_022,1990-04-01,LANDSAT_4,LT04_L2SP_020045_19900401_20200916_02_T1,20.0,45.0,6.0,10285,16152,5440,0
c2_023,1990-04-01,LANDSAT_4,LT04_L2SP_020045_19900401_20200916_02_T1,20.0,45.0,6.0,9481,17402,5440,0
c2_024,1990-04-01,LANDSAT_4,LT04_L2SP_020045_19900401_20200916_02_T1,20.0,45.0,6.0,9484,15446,5440,0
c2_025,1990-04-01,LANDSAT_4,LT04_L2SP_020045_19900401_20200916_02_T1,20.0,45.0,6.0,9251,17417,5440,0
c2_026,1990-04-01,LANDSAT_4,LT04_L2SP_020045_19900401_20200916_02_T1,20.0,45.0,6.0,8922,13039,5440,0
c2_027,1990-04-01,LANDSAT_4,LT04_L2SP_020045_19900401_20200916_02_T1,20.0,45.0,6.0,8681,18945,5440,0
c2_028,1990-04-01,LANDSAT_4,LT04_L2SP_020045_19900401_20200916_02_T1,20.0,45.0,6.0,8929,18910,5440,0
c2_029,1990-04-01,LANDSAT_4,LT04_L2SP_020045_19900401_20200916_02_T1,20.0,45.0,6.0,9028,16977,5440,0
c2_030,1990-04-01,LANDSAT_4,LT04_L2SP_020045_19900401_20200916_02_T1,20.0,45.0,6.0,9353,17429,5440,0
c10_001,1990-04-01,LANDSAT_4,LT04_L2SP_020045_19900401_20200916_02_T1,20.0,45.0,6.0,10291,15001,5440,0
c10_002,1990-04-01,LANDSAT_4,LT04_L2SP_020045_19900401_20200916_02_T1,20.0,45.0,6.0,9730,11192,5440,0
c10_003,1990-04-01,LANDSAT_4,LT04_L2SP_020045_19900401_20200916_02_T1,20.0,45.0,6.0,9618,10625,5440,0
c10_004,1990-04-01,LANDSAT_4,LT04_L2SP_020045_19900401_20200916_02_T1,20.0,45.0,6.0,10182,10907,5440,0
c10_005,1990-04-01,LANDSAT_4,LT04_L2SP_020045_19900401_20200916_02_T1,20.0,45.0,6.0,9842,11191,5440,0
c3_001,1990-04-01,LANDSAT_4,LT04_L2SP_020045_19900401_20200916_02_T1,20.0,45.0,6.0,9270,16552,5440,0
c3_002,1990-04-01,LANDSAT_4,LT04_L2SP_020045_19900401_20200916_02_T1,20.0,45.0,6.0,8938,17652,5440,0
c3_003,1990-04-01,LANDSAT_4,LT04_L2SP_020045_19900401_20200916_02_T1,20.0,45.0,6.0,9060,18475,5440,0
c3_004,1990-04-01,LANDSAT_4,LT04_L2SP_020045_19900401_20200916_02_T1,20.0,45.0,6.0,9961,16120,5440,0
c3_005,1990-04-01,LANDSAT_4,LT04_L2SP_020045_19900401_20200916_02_T1,20.0,45.0,6.0,9029,18804,5440,0
c3_006,1990-04-01,LANDSAT_4,LT04_L2SP_020045_19900401_20200916_02_T1,20.0,45.0,6.0,9265,18368,5440,0
c3_007,1990-04-01,LANDSAT_4,LT04_L2SP_020045_19900401_20200916_02_T1,20.0,45.0,6.0,8915,16835,5440,0
c3_008,1990-04-01,LANDSAT_4,LT04_L2SP_020045_19900401_20200916_02_T1,20.0,45.0,6.0,9153,17946,5440,0
c3_009,1990-04-01,LANDSAT_4,LT04_L2SP_020045_19900401_20200916_02_T1,20.0,45.0,6.0,9148,18930,5440,0
c3_010,1990-04-01,LANDSAT_4,LT04_L2SP_020045_19900401_20200916_02_T1,20.0,45.0,6.0,9491,16973,5440,0
c3_011,1990-04-01,LANDSAT_4,LT04_L2SP_020045_19900401_20200916_02_T1,20.0,45.0,6.0,9963,16670,5440,0
c3_012,1990-04-01,LANDSAT_4,LT04_L2SP_020045_19900401_20200916_02_T1,20.0,45.0,6.0,9144,17400,5440,0
c3_013,1990-04-01,LANDSAT_4,LT04_L2SP_020045_19900401_20200916_02_T1,20.0,45.0,6.0,9721,17527,5440,0
c3_014,1990-04-01,LANDSAT_4,LT04_L2SP_020045_19900401_20200916_02_T1,20.0,45.0,6.0,9381,17805,5440,0
c3_015,1990-04-01,LANDSAT_4,LT04_L2SP_020045_19900401_20200916_02_T1,20.0,45.0,6.0,9396,16950,5440,0
c3_016,1990-04-01,LANDSAT_4,LT04_L2SP_020045_19900401_20200916_02_T1,20.0,45.0,6.0,9381,18085,5440,0
c3_017,1990-04-01,LANDSAT_4,LT04_L2SP_020045_19900401_20200916_02_T1,20.0,45.0,6.0,9730,16536,5440,0
c3_018,1990-04-01,LANDSAT_4,LT04_L2SP_020045_19900401_20200916_02_T1,20.0,45.0,6.0,8785,18832,5440,0
c3_019,1990-04-01,LANDSAT_4,LT04_L2SP_020045_19900401_20200916_02_T1,20.0,45.0,6.0,8564,20610,5440,0
c3_020,1990-04-01,LANDSAT_4,LT04_L2SP_020045_19900401_20200916_02_T1,20.0,45.0,6.0,8909,17547,5440,0
c3_021,1990-04-01,LANDSAT_4,LT04_L2SP_020045_19900401_20200916_02_T1,20.0,45.0,6.0,9835,16687,5440,0
c3_022,1990-04-01,LANDSAT_4,LT04_L2SP_020045_19900401_20200916_02_T1,20.0,45.0,6.0,9849,15834,5440,0
c3_023,1990-04-01,LANDSAT_4,LT04_L2SP_020045_19900401_20200916_02_T1,20.0,45.0,6.0,9393,16118,5440,0
c3_024,1990-04-01,LANDSAT_4,LT04_L2SP_020045_19900401_20200916_02_T1,20.0,45.0,6.0,9037,10194,5440,0
c3_025,1990-04-01,LANDSAT_4,LT04_L2SP_020045_19900401_20200916_02_T1,20.0,45.0,6.0,9380,15704,5440,0
c3_026,1990-04-01,LANDSAT_4,LT04_L2SP_020045_19900401_20200916_02_T1,20.0,45.0,6.0,9613,16544,5440,0
c3_027,1990-04-01,LANDSAT_4,LT04_L2SP_020045_19900401_20200916_02_T1,20.0,45.0,6.0,9947,16554,5440,0
c3_028,1990-04-01,LANDSAT_4,LT04_L2SP_020045_19900401_20200916_02_T1,20.0,45.0,6.0,8922,18369,5440,0
c3_029,1990-04-01,LANDSAT_4,LT04_L2SP_020045_19900401_20200916_02_T1,20.0,45.0,6.0,9837,12896,5440,0
c3_030,1990-04-01,LANDSAT_4,LT04_L2SP_020045_19900401_20200916_02_T1,20.0,45.0,6.0,10052,15735,5440,0
c4_001,1990-04-01,LANDSAT_4,LT04_L2SP_020045_19900401_20200916_02_T1,20.0,45.0,6.0,18976,20033,5440,0
c4_002,1990-04-01,LANDSAT_4,LT04_L2SP_020045_19900401_20200916_02_T1,20.0,45.0,6.0,15900,17813,5440,0
c4_003,1990-04-01,LANDSAT_4,LT04_L2SP_020045_19900401_20200916_02_T1,20.0,45.0,6.0,12997,13171,5440,0
c4_004,1990-04-01,LANDSAT_4,LT04_L2SP_020045_19900401_20200916_02_T1,20.0,45.0,6.0,12549,10904,5504,0
c4_005,1990-04-01,LANDSAT_4,LT04_L2SP_020045_19900401_20200916_02_T1,20.0,45.0,6.0,13890,11613,5440,0
c4_006,1990-04-01,LANDSAT_4,LT04_L2SP_020045_19900401_20200916_02_T1,20.0,45.0,6.0,16113,13452,5440,0
c4_007,1990-04-01,LANDSAT_4,LT04_L2SP_020045_19900401_20200916_02_T1,20.0,45.0,6.0,9837,15856,5440,0
c4_008,1990-04-01,LANDSAT_4,LT04_L2SP_020045_19900401_20200916_02_T1,20.0,45.0,6.0,10629,16829,5440,0
c4_009,1990-04-01,LANDSAT_4,LT04_L2SP_020045_19900401_20200916_02_T1,20.0,45.0,6.0,10405,16275,5440,0
c4_010,1990-04-01,LANDSAT_4,LT04_L2SP_020045_19900401_20200916_02_T1,20.0,45.0,6.0,10298,9773,5504,0
c4_011,1990-04-01,LANDSAT_4,LT04_L2SP_020045_19900401_20200916_02_T1,20.0,45.0,6.0,10518,15572,5440,0
c4_012,1990-04-01,LANDSAT_4,LT04_L2SP_020045_19900401_20200916_02_T1,20.0,45.0,6.0,10518,14876,5440,0
c4_013,1990-04-01,LANDSAT_4,LT04_L2SP_020045_19900401_20200916_02_T1,20.0,45.0,6.0,16447,13170,5440,0
c4_014,1990-04-01,LANDSAT_4,LT04_L2SP_020045_19900401_20200916_02_T1,20.0,45.0,6.0,16341,15006,5440,0
c4_015,1990-04-01,LANDSAT_4,LT04_L2SP_020045_19900401_20200916_02_T1,20.0,45.0,6.0,10062,15863,5440,0
c4_016,1990-04-01,LANDSAT_4,LT04_L2SP_020045_19900401_20200916_02_T1,20.0,45.0,6.0,13556,11613,5440,0
c4_017,1990-04-01,LANDSAT_4,LT04_L2SP_020045_19900401_20200916_02_T1,20.0,45.0,6.0,10181,15713,5440,0
c4_018,1990-04-01,LANDSAT_4,LT04_L2SP_020045_19900401_20200916_02_T1,20.0,45.0,6.0,10283,14308,5440,0
c4_019,1990-04-01,LANDSAT_4,LT04_L2SP_020045_19900401_20200916_02_T1,20.0,45.0,6.0,11200,11758,5440,0
c4_020,1990-04-01,LANDSAT_4,LT04_L2SP_020045_19900401_20200916_02_T1,20.0,45.0,6.0,12098,13882,5440,0
c4_021,1990-04-01,LANDSAT_4,LT04_L2SP_020045_19900401_20200916_02_T1,20.0,45.0,6.0,11536,11616,5440,0
c4_022,1990-04-01,LANDSAT_4,LT04_L2SP_020045_19900401_20200916_02_T1,20.0,45.0,6.0,10054,16841,5440,0
c4_023,1990-04-01,LANDSAT_4,LT04_L2SP_020045_19900401_20200916_02_T1,20.0,45.0,6.0,13222,13736,5440,0
c4_024,1990-04-01,LANDSAT_4,LT04_L2SP_020045_19900401_20200916_02_T1,20.0,45.0,6.0,15788,15851,5440,0
c4_025,1990-04-01,LANDSAT_4,LT04_L2SP_020045_19900401_20200916_02_T1,20.0,45.0,6.0,18870,21006,5440,0
c4_026,1990-04-01,LANDSAT_4,LT04_L2SP_020045_19900401_20200916_02_T1,20.0,45.0,6.0,10074,11051,5440,0
c4_027,1990-04-01,LANDSAT_4,LT04_L2SP_020045_19900401_20200916_02_T1,20.0,45.0,6.0,12998,12182,5440,0
c4_028,1990-04-01,LANDSAT_4,LT04_L2SP_020045_19900401_20200916_02_T1,20.0,45.0,6.0,17879,18502,5440,0
c4_029,1990-04-01,LANDSAT_4,LT04_L2SP_020045_19900401_20200916_02_T1,20.0,45.0,6.0,10066,15011,5440,0
c4_030,1990-04-01,LANDSAT_4,LT04_L2SP_020045_19900401_20200916_02_T1,20.0,45.0,6.0,12774,13455,5440,0
c5_001,1990-04-01,LANDSAT_4,LT04_L2SP_020045_19900401_20200916_02_T1,20.0,45.0,6.0,9160,13880,5440,0
c5_002,1990-04-01,LANDSAT_4,LT04_L2SP_020045_19900401_20200916_02_T1,20.0,45.0,6.0,9271,11477,5440,0
c5_003,1990-04-01,LANDSAT_4,LT04_L2SP_020045_19900401_20200916_02_T1,20.0,45.0,6.0,14788,19901,5440,0
c5_004,1990-04-01,LANDSAT_4,LT04_L2SP_020045_19900401_20200916_02_T1,20.0,45.0,6.0,9844,11476,5440,0
c5_005,1990-04-01,LANDSAT_4,LT04_L2SP_020045_19900401_20200916_02_T1,20.0,45.0,6.0,11088,12182,5440,0
c5_006,1990-04-01,LANDSAT_4,LT04_L2SP_020045_19900401_20200916_02_T1,20.0,45.0,6.0,9950,11758,5440,0
c5_007,1990-04-01,LANDSAT_4,LT04_L2SP_020045_19900401_20200916_02_T1,20.0,45.0,6.0,9155,12045,5440,0
c5_008,1990-04-01,LANDSAT_4,LT04_L2SP_020045_19900401_20200916_02_T1,20.0,45.0,6.0,10182,11477,5440,0
c5_009,1990-04-01,LANDSAT_4,LT04_L2SP_020045_19900401_20200916_02_T1,20.0,45.0,6.0,10073,12608,5440,0
c5_010,1990-04-01,LANDSAT_4,LT04_L2SP_020045_19900401_20200916_02_T1,20.0,45.0,6.0,9731,10199,5504,0
c5_011,1990-04-01,LANDSAT_4,LT04_L2SP_020045_19900401_20200916_02_T1,20.0,45.0,6.0,9954,11902,5440,0
c5_012,1990-04-01,LANDSAT_4,LT04_L2SP_020045_19900401_20200916_02_T1,20.0,45.0,6.0,9480,15440,5440,0
c5_013,1990-04-01,LANDSAT_4,LT04_L2SP_020045_19900401_20200916_02_T1,20.0,45.0,6.0,9724,18506,5440,0
c5_014,1990-04-01,LANDSAT_4,LT04_L2SP_020045_19900401_20200916_02_T1,20.0,45.0,6.0,9844,11759,5440,0
c5_015,1990-04-01,LANDSAT_4,LT04_L2SP_020045_19900401_20200916_02_T1,20.0,45.0,6.0,10295,10908,5440,0
c5_016,1990-04-01,LANDSAT_4,LT04_L2SP_020045_19900401_20200916_02_T1,20.0,45.0,6.0,9844,10766,5440,0
c5_017,1990-04-01,LANDSAT_4,LT04_L2SP_020045_19900401_20200916_02_T1,20.0,45.0,6.0,9953,14161,5440,0
c5_018,1990-04-01,LANDSAT_4,LT04_L2SP_020045_19900401_20200916_02_T1,20.0,45.0,6.0,10181,12608,5440,0
c5_019,1990-04-01,LANDSAT_4,LT04_L2SP_020045_19900401_20200916_02_T1,20.0,45.0,6.0,9961,12185,5440,0
c5_020,1990-04-01,LANDSAT_4,LT04_L2SP_020045_19900401_20200916_02_T1,20.0,45.0,6.0,8921,17117,5440,0
c5_021,1990-04-01,LANDSAT_4,LT04_L2SP_020045_19900401_20200916_02_T1,20.0,45.0,6.0,10181,10909,5440,0
c5_022,1990-04-01,LANDSAT_4,LT04_L2SP_020045_19900401_20200916_02_T1,20.0,45.0,6.0,9949,12041,5440,0
c5_023,1990-04-01,LANDSAT_4,LT04_L2SP_020045_19900401_20200916_02_T1,20.0,45.0,6.0,9843,11334,5440,0
c5_024,1990-04-01,LANDSAT_4,LT04_L2SP_020045_19900401_20200916_02_T1,20.0,45.0,6.0,8792,17831,5440,0
c5_025,1990-04-01,LANDSAT_4,LT04_L2SP_020045_19900401_20200916_02_T1,20.0,45.0,6.0,9273,13177,5440,0
c5_026,1990-04-01,LANDSAT_4,LT04_L2SP_020045_19900401_20200916_02_T1,20.0,45.0,6.0,10280,12467,5440,0
c5_027,1990-04-01,LANDSAT_4,LT04_L2SP_020045_19900401_20200916_02_T1,20.0,45.0,6.0,10529,12043,5440,0
c5_028,1990-04-01,LANDSAT_4,LT04_L2SP_020045_19900401_20200916_02_T1,20.0,45.0,6.0,10069,11901,5440,0
c5_029,1990-04-01,LANDSAT_4,LT04_L2SP_020045_19900401_20200916_02_T1,20.0,45.0,6.0,10296,12042,5440,0
c5_030,1990-04-01,LANDSAT_4,LT04_L2SP_020045_19900401_20200916_02_T1,20.0,45.0,6.0,9842,12467,5440,0
c1_002,1987-12-21,LANDSAT_4,LT04_L2SP_020046_19871221_20201014_02_T1,20.0,46.0,31.0,8949,17704,5440,0
c1_003,1987-12-21,LANDSAT_4,LT04_L2SP_020046_19871221_20201014_02_T1,20.0,46.0,31.0,8780,16692,5440,0
c1_005,1987-12-21,LANDSAT_4,LT04_L2SP_020046_19871221_20201014_02_T1,20.0,46.0,31.0,8777,18525,5440,0
c1_006,1987-12-21,LANDSAT_4,LT04_L2SP_020046_19871221_20201014_02_T1,20.0,46.0,31.0,8768,16689,5440,0
c1_010,1987-12-21,LANDSAT_4,LT04_L2SP_020046_19871221_20201014_02_T1,20.0,46.0,31.0,8600,14429,5440,0
c1_019,1987-12-21,LANDSAT_4,LT04_L2SP_020046_19871221_20201014_02_T1,20.0,46.0,31.0,8613,14022,5440,0
c1_022,1987-12-21,LANDSAT_4,LT04_L2SP_020046_19871221_20201014_02_T1,20.0,46.0,31.0,8605,18729,5440,0
c1_023,1987-12-21,LANDSAT_4,LT04_L2SP_020046_19871221_20201014_02_T1,20.0,46.0,31.0,7594,10908,5440,0
c1_025,1987-12-21,LANDSAT_4,LT04_L2SP_020046_19871221_20201014_02_T1,20.0,46.0,31.0,8948,18327,5440,0
c1_027,1987-12-21,LANDSAT_4,LT04_L2SP_020046_19871221_20201014_02_T1,20.0,46.0,31.0,8606,18521,5440,0
c1_029,1987-12-21,LANDSAT_4,LT04_L2SP_020046_19871221_20201014_02_T1,20.0,46.0,31.0,8777,18726,5440,0
c1_030,1987-12-21,LANDSAT_4,LT04_L2SP_020046_19871221_20201014_02_T1,20.0,46.0,31.0,9118,17305,5440,0
c2_004,1987-12-21,LANDSAT_4,LT04_L2SP_020046_19871221_20201014_02_T1,20.0,46.0,31.0,9288,15870,5440,0
c2_005,1987-12-21,LANDSAT_4,LT04_L2SP_020046_19871221_20201014_02_T1,20.0,46.0,31.0,8946,17913,5440,0
c2_006,1987-12-21,LANDSAT_4,LT04_L2SP_020046_19871221_20201014_02_T1,20.0,46.0,31.0,8765,18531,5440,0
c2_008,1987-12-21,LANDSAT_4,LT04_L2SP_020046_19871221_20201014_02_T1,20.0,46.0,31.0,9109,15662,5440,0
c2_009,1987-12-21,LANDSAT_4,LT04_L2SP_020046_19871221_20201014_02_T1,20.0,46.0,31.0,9293,12162,5440,0
c2_012,1987-12-21,LANDSAT_4,LT04_L2SP_020046_19871221_20201014_02_T1,20.0,46.0,31.0,8620,14832,5440,0
c2_015,1987-12-21,LANDSAT_4,LT04_L2SP_020046_19871221_20201014_02_T1,20.0,46.0,31.0,8773,18518,5440,0
c2_019,1987-12-21,LANDSAT_4,LT04_L2SP_020046_19871221_20201014_02_T1,20.0,46.0,31.0,8781,15258,5440,0
c2_020,1987-12-21,LANDSAT_4,LT04_L2SP_020046_19871221_20201014_02_T1,20.0,46.0,31.0,8767,19343,5440,0
c2_021,1987-12-21,LANDSAT_4,LT04_L2SP_020046_19871221_20201014_02_T1,20.0,46.0,31.0,8764,17920,5440,0
c2_022,1987-12-21,LANDSAT_4,LT04_L2SP_020046_19871221_20201014_02_T1,20.0,46.0,31.0,9954,15258,5440,0
c2_024,1987-12-21,LANDSAT_4,LT04_L2SP_020046_19871221_20201014_02_T1,20.0,46.0,31.0,9284,14638,5440,0
c2_025,1987-12-21,LANDSAT_4,LT04_L2SP_020046_19871221_20201014_02_T1,20.0,46.0,31.0,8595,18329,5440,0
c2_030,1987-12-21,LANDSAT_4,LT04_L2SP_020046_19871221_20201014_02_T1,20.0,46.0,31.0,8606,17907,5440,0
c3_001,1987-12-21,LANDSAT_4,LT04_L2SP_020046_19871221_20201014_02_T1,20.0,46.0,31.0,8595,17713,5440,0
c3_004,1987-12-21,LANDSAT_4,LT04_L2SP_020046_19871221_20201014_02_T1,20.0,46.0,31.0,8779,17495,5440,0
c3_011,1987-12-21,LANDSAT_4,LT04_L2SP_020046_19871221_20201014_02_T1,20.0,46.0,31.0,9109,17293,5440,0
c3_015,1987-12-21,LANDSAT_4,LT04_L2SP_020046_19871221_20201014_02_T1,20.0,46.0,31.0,8601,18111,5440,0
c3_018,1987-12-21,LANDSAT_4,LT04_L2SP_020046_19871221_20201014_02_T1,20.0,46.0,31.0,8610,18927,5440,0
c3_022,1987-12-21,LANDSAT_4,LT04_L2SP_020046_19871221_20201014_02_T1,20.0,46.0,31.0,8939,17502,5440,0
c3_026,1987-12-21,LANDSAT_4,LT04_L2SP_020046_19871221_20201014_02_T1,20.0,46.0,31.0,9107,18518,5440,0
c3_027,1987-12-21,LANDSAT_4,LT04_L2SP_020046_19871221_20201014_02_T1,20.0,46.0,31.0,8940,17909,5440,0
c3_030,1987-12-21,LANDSAT_4,LT04_L2SP_020046_19871221_20201014_02_T1,20.0,46.0,31.0,9112,15254,5440,0
c4_008,1987-12-21,LANDSAT_4,LT04_L2SP_020046_19871221_20201014_02_T1,20.0,46.0,31.0,10286,18507,5440,0
c4_012,1987-12-21,LANDSAT_4,LT04_L2SP_020046_19871221_20201014_02_T1,20.0,46.0,31.0,9787,14843,5440,0
c4_015,1987-12-21,LANDSAT_4,LT04_L2SP_020046_19871221_20201014_02_T1,20.0,46.0,31.0,9788,15873,5440,0
c1_001,1988-05-29,LANDSAT_4,LT04_L2SP_020046_19880529_20200917_02_T1,20.0,46.0,50.0,13463,21522,5440,0
c1_002,1988-05-29,LANDSAT_4,LT04_L2SP_020046_19880529_20200917_02_T1,20.0,46.0,50.0,11641,19680,5440,0
c1_003,1988-05-29,LANDSAT_4,LT04_L2SP_020046_19880529_20200917_02_T1,20.0,46.0,50.0,12824,21387,5440,0
c1_005,1988-05-29,LANDSAT_4,LT04_L2SP_020046_19880529_20200917_02_T1,20.0,46.0,50.0,13037,20041,7442,0
c1_006,1988-05-29,LANDSAT_4,LT04_L2SP_020046_19880529_20200917_02_T1,20.0,46.0,50.0,11210,19813,7440,0
c1_007,1988-05-29,LANDSAT_4,LT04_L2SP_020046_19880529_20200917_02_T1,20.0,46.0,50.0,10548,20495,5440,0
c1_010,1988-05-29,LANDSAT_4,LT04_L2SP_020046_19880529_20200917_02_T1,20.0,46.0,50.0,11209,14970,7440,0
c1_018,1988-05-29,LANDSAT_4,LT04_L2SP_020046_19880529_20200917_02_T1,20.0,46.0,50.0,10027,19799,5440,0
c1_019,1988-05-29,LANDSAT_4,LT04_L2SP_020046_19880529_20200917_02_T1,20.0,46.0,50.0,19552,24810,5440,0
c1_022,1988-05-29,LANDSAT_4,LT04_L2SP_020046_19880529_20200917_02_T1,20.0,46.0,50.0,9807,22333,5440,0
c1_023,1988-05-29,LANDSAT_4,LT04_L2SP_020046_19880529_20200917_02_T1,20.0,46.0,50.0,9913,21675,5440,0
c1_025,1988-05-29,LANDSAT_4,LT04_L2SP_020046_19880529_20200917_02_T1,20.0,46.0,50.0,9708,18588,5440,0
c1_027,1988-05-29,LANDSAT_4,LT04_L2SP_020046_19880529_20200917_02_T1,20.0,46.0,50.0,9584,20615,5440,0
c1_029,1988-05-29,LANDSAT_4,LT04_L2SP_020046_19880529_20200917_02_T1,20.0,46.0,50.0,10685,15496,7442,0
c1_030,1988-05-29,LANDSAT_4,LT04_L2SP_020046_19880529_20200917_02_T1,20.0,46.0,50.0,14416,21772,5896,0
c2_003,1988-05-29,LANDSAT_4,LT04_L2SP_020046_19880529_20200917_02_T1,20.0,46.0,50.0,12076,17777,5440,0
c2_004,1988-05-29,LANDSAT_4,LT04_L2SP_020046_19880529_20200917_02_T1,20.0,46.0,50.0,10472,16300,7440,0
c2_005,1988-05-29,LANDSAT_4,LT04_L2SP_020046_19880529_20200917_02_T1,20.0,46.0,50.0,16836,21238,5896,0
c2_006,1988-05-29,LANDSAT_4,LT04_L2SP_020046_19880529_20200917_02_T1,20.0,46.0,50.0,9695,15780,7440,0
c2_008,1988-05-29,LANDSAT_4,LT04_L2SP_020046_19880529_20200917_02_T1,20.0,46.0,50.0,10990,17402,5440,0
c2_009,1988-05-29,LANDSAT_4,LT04_L2SP_020046_19880529_20200917_02_T1,20.0,46.0,50.0,14098,18710,5440,0
c2_012,1988-05-29,LANDSAT_4,LT04_L2SP_020046_19880529_20200917_02_T1,20.0,46.0,50.0,65535,36622,5896,5
c2_015,1988-05-29,LANDSAT_4,LT04_L2SP_020046_19880529_20200917_02_T1,20.0,46.0,50.0,15388,19821,5896,0
c2_019,1988-05-29,LANDSAT_4,LT04_L2SP_020046_19880529_20200917_02_T1,20.0,46.0,50.0,14415,22956,5440,0
c2_020,1988-05-29,LANDSAT_4,LT04_L2SP_020046_19880529_20200917_02_T1,20.0,46.0,50.0,14853,22349,5896,0
c2_021,1988-05-29,LANDSAT_4,LT04_L2SP_020046_19880529_20200917_02_T1,20.0,46.0,50.0,30287,33601,5896,1
c2_022,1988-05-29,LANDSAT_4,LT04_L2SP_020046_19880529_20200917_02_T1,20.0,46.0,50.0,12182,18992,5440,0
c2_024,1988-05-29,LANDSAT_4,LT04_L2SP_020046_19880529_20200917_02_T1,20.0,46.0,50.0,10999,17792,5440,0
c2_025,1988-05-29,LANDSAT_4,LT04_L2SP_020046_19880529_20200917_02_T1,20.0,46.0,50.0,31962,35136,5896,17
c2_028,1988-05-29,LANDSAT_4,LT04_L2SP_020046_19880529_20200917_02_T1,20.0,46.0,50.0,10437,20634,5440,0
c2_030,1988-05-29,LANDSAT_4,LT04_L2SP_020046_19880529_20200917_02_T1,20.0,46.0,50.0,9793,12525,7440,0
c3_001,1988-05-29,LANDSAT_4,LT04_L2SP_020046_19880529_20200917_02_T1,20.0,46.0,50.0,65535,34884,5896,5
c3_004,1988-05-29,LANDSAT_4,LT04_L2SP_020046_19880529_20200917_02_T1,20.0,46.0,50.0,16978,23023,5896,0
c3_005,1988-05-29,LANDSAT_4,LT04_L2SP_020046_19880529_20200917_02_T1,20.0,46.0,50.0,9248,22360,5440,0
c3_011,1988-05-29,LANDSAT_4,LT04_L2SP_020046_19880529_20200917_02_T1,20.0,46.0,50.0,28721,31558,5896,1
c3_015,1988-05-29,LANDSAT_4,LT04_L2SP_020046_19880529_20200917_02_T1,20.0,46.0,50.0,29322,30909,5896,1
c3_018,1988-05-29,LANDSAT_4,LT04_L2SP_020046_19880529_20200917_02_T1,20.0,46.0,50.0,28425,30438,5896,1
c3_022,1988-05-29,LANDSAT_4,LT04_L2SP_020046_19880529_20200917_02_T1,20.0,46.0,50.0,11421,19018,5440,0
c3_026,1988-05-29,LANDSAT_4,LT04_L2SP_020046_19880529_20200917_02_T1,20.0,46.0,50.0,23953,27383,5896,1
c3_027,1988-05-29,LANDSAT_4,LT04_L2SP_020046_19880529_20200917_02_T1,20.0,46.0,50.0,65535,34403,5896,5
c3_030,1988-05-29,LANDSAT_4,LT04_L2SP_020046_19880529_20200917_02_T1,20.0,46.0,50.0,30319,31735,5896,1
c4_007,1988-05-29,LANDSAT_4,LT04_L2SP_020046_19880529_20200917_02_T1,20.0,46.0,50.0,11966,17796,5440,0
c4_008,1988-05-29,LANDSAT_4,LT04_L2SP_020046_19880529_20200917_02_T1,20.0,46.0,50.0,12174,18752,5442,0
c4_012,1988-05-29,LANDSAT_4,LT04_L2SP_020046_19880529_20200917_02_T1,20.0,46.0,50.0,12610,18315,5440,0
c4_015,1988-05-29,LANDSAT_4,LT04_L2SP_020046_19880529_20200917_02_T1,20.0,46.0,50.0,11219,18450,5440,0
c4_017,1988-05-29,LANDSAT_4,LT04_L2SP_020046_19880529_20200917_02_T1,20.0,46.0,50.0,10997,16988,5440,0
c4_022,1988-05-29,LANDSAT_4,LT04_L2SP_020046_19880529_20200917_02_T1,20.0,46.0,50.0,11309,18619,5440,0
c4_029,1988-05-29,LANDSAT_4,LT04_L2SP_020046_19880529_20200917_02_T1,20.0,46.0,50.0,10673,18465,5440,0
c1_001,1988-10-20,LANDSAT_4,LT04_L2SP_020046_19881020_20200917_02_T1,20.0,46.0,19.0,9448,12626,7442,0
c1_002,1988-10-20,LANDSAT_4,LT04_L2SP_020046_19881020_20200917_02_T1,20.0,46.0,19.0,8048,10592,7440,0
c1_003,1988-10-20,LANDSAT_4,LT04_L2SP_020046_19881020_20200917_02_T1,20.0,46.0,19.0,17905,18340,5896,0
c1_005,1988-10-20,LANDSAT_4,LT04_L2SP_020046_19881020_20200917_02_T1,20.0,46.0,19.0,9194,18030,7440,0
c1_006,1988-10-20,LANDSAT_4,LT04_L2SP_020046_19881020_20200917_02_T1,20.0,46.0,19.0,8684,14484,7440,0
c1_007,1988-10-20,LANDSAT_4,LT04_L2SP_020046_19881020_20200917_02_T1,20.0,46.0,19.0,16789,20151,5896,0
c1_010,1988-10-20,LANDSAT_4,LT04_L2SP_020046_19881020_20200917_02_T1,20.0,46.0,19.0,8938,11530,7442,0
c1_013,1988-10-20,LANDSAT_4,LT04_L2SP_020046_19881020_20200917_02_T1,20.0,46.0,19.0,10583,16024,5896,0
c1_018,1988-10-20,LANDSAT_4,LT04_L2SP_020046_19881020_20200917_02_T1,20.0,46.0,19.0,7919,12002,7440,0
c1_019,1988-10-20,LANDSAT_4,LT04_L2SP_020046_19881020_20200917_02_T1,20.0,46.0,19.0,30789,32429,5896,1
c1_022,1988-10-20,LANDSAT_4,LT04_L2SP_020046_19881020_20200917_02_T1,20.0,46.0,19.0,9192,21835,5440,0
c1_023,1988-10-20,LANDSAT_4,LT04_L2SP_020046_19881020_20200917_02_T1,20.0,46.0,19.0,24144,29026,5896,1
c1_025,1988-10-20,LANDSAT_4,LT04_L2SP_020046_19881020_20200917_02_T1,20.0,46.0,19.0,17538,21993,5896,0
c1_027,1988-10-20,LANDSAT_4,LT04_L2SP_020046_19881020_20200917_02_T1,20.0,46.0,19.0,25085,28875,5896,1
c1_029,1988-10-20,LANDSAT_4,LT04_L2SP_020046_19881020_20200917_02_T1,20.0,46.0,19.0,11341,16955,7696,0
c1_030,1988-10-20,LANDSAT_4,LT04_L2SP_020046_19881020_20200917_02_T1,20.0,46.0,19.0,9320,18186,7440,0
c2_003,1988-10-20,LANDSAT_4,LT04_L2SP_020046_19881020_20200917_02_T1,20.0,46.0,19.0,7920,10595,7440,0
c2_004,1988-10-20,LANDSAT_4,LT04_L2SP_020046_19881020_20200917_02_T1,20.0,46.0,19.0,16559,19867,5896,0
c2_005,1988-10-20,LANDSAT_4,LT04_L2SP_020046_19881020_20200917_02_T1,20.0,46.0,19.0,9321,20472,5440,0
c2_006,1988-10-20,LANDSAT_4,LT04_L2SP_020046_19881020_20200917_02_T1,20.0,46.0,19.0,8302,14793,7440,0
c2_008,1988-10-20,LANDSAT_4,LT04_L2SP_020046_19881020_20200917_02_T1,20.0,46.0,19.0,9572,15874,5440,0
c2_009,1988-10-20,LANDSAT_4,LT04_L2SP_020046_19881020_20200917_02_T1,20.0,46.0,19.0,10965,11691,5896,0
c2_012,1988-10-20,LANDSAT_4,LT04_L2SP_020046_19881020_20200917_02_T1,20.0,46.0,19.0,20925,26348,5896,1
c2_013,1988-10-20,LANDSAT_4,LT04_L2SP_020046_19881020_20200917_02_T1,20.0,46.0,19.0,16549,20615,5896,0
c2_015,1988-10-20,LANDSAT_4,LT04_L2SP_020046_19881020_20200917_02_T1,20.0,46.0,19.0,32931,35033,5896,1
c2_019,1988-10-20,LANDSAT_4,LT04_L2SP_020046_19881020_20200917_02_T1,20.0,46.0,19.0,8432,10909,7442,0
c2_020,1988-10-20,LANDSAT_4,LT04_L2SP_020046_19881020_20200917_02_T1,20.0,46.0,19.0,25669,30792,5896,1
c2_021,1988-10-20,LANDSAT_4,LT04_L2SP_020046_19881020_20200917_02_T1,20.0,46.0,19.0,8811,17411,5440,0
c2_022,1988-10-20,LANDSAT_4,LT04_L2SP_020046_19881020_20200917_02_T1,20.0,46.0,19.0,65535,65535,5896,31
c2_024,1988-10-20,LANDSAT_4,LT04_L2SP_020046_19881020_20200917_02_T1,20.0,46.0,19.0,65535,65535,5896,31
c2_025,1988-10-20,LANDSAT_4,LT04_L2SP_020046_19881020_20200917_02_T1,20.0,46.0,19.0,9066,20619,5440,0
c2_028,1988-10-20,LANDSAT_4,LT04_L2SP_020046_19881020_20200917_02_T1,20.0,46.0,19.0,65535,65535,5896,31
c2_030,1988-10-20,LANDSAT_4,LT04_L2SP_020046_19881020_20200917_02_T1,20.0,46.0,19.0,15813,22736,5896,0
c3_001,1988-10-20,LANDSAT_4,LT04_L2SP_020046_19881020_20200917_02_T1,20.0,46.0,19.0,8939,19858,5440,0
c3_004,1988-10-20,LANDSAT_4,LT04_L2SP_020046_19881020_20200917_02_T1,20.0,46.0,19.0,9064,19703,5440,0
c3_005,1988-10-20,LANDSAT_4,LT04_L2SP_020046_19881020_20200917_02_T1,20.0,46.0,19.0,11213,18789,5896,0
c3_011,1988-10-20,LANDSAT_4,LT04_L2SP_020046_19881020_20200917_02_T1,20.0,46.0,19.0,9824,13707,7698,0
c3_015,1988-10-20,LANDSAT_4,LT04_L2SP_020046_19881020_20200917_02_T1,20.0,46.0,19.0,9318,20614,7442,0
c3_018,1988-10-20,LANDSAT_4,LT04_L2SP_020046_19881020_20200917_02_T1,20.0,46.0,19.0,8813,23046,7440,0
c3_022,1988-10-20,LANDSAT_4,LT04_L2SP_020046_19881020_20200917_02_T1,20.0,46.0,19.0,8174,10434,5440,0
c3_026,1988-10-20,LANDSAT_4,LT04_L2SP_020046_19881020_20200917_02_T1,20.0,46.0,19.0,8810,13862,7442,0
c3_027,1988-10-20,LANDSAT_4,LT04_L2SP_020046_19881020_20200917_02_T1,20.0,46.0,19.0,8174,11840,7440,0
c3_030,1988-10-20,LANDSAT_4,LT04_L2SP_020046_19881020_20200917_02_T1,20.0,46.0,19.0,9575,15106,5442,0
c4_007,1988-10-20,LANDSAT_4,LT04_L2SP_020046_19881020_20200917_02_T1,20.0,46.0,19.0,18753,21687,5896,0
c4_008,1988-10-20,LANDSAT_4,LT04_L2SP_020046_19881020_20200917_02_T1,20.0,46.0,19.0,8938,12308,7698,0
c4_012,1988-10-20,LANDSAT_4,LT04_L2SP_020046_19881020_20200917_02_T1,20.0,46.0,19.0,8302,10281,7440,0
c4_015,1988-10-20,LANDSAT_4,LT04_L2SP_020046_19881020_20200917_02_T1,20.0,46.0,19.0,8940,13092,7440,0
c4_017,1988-10-20,LANDSAT_4,LT04_L2SP_020046_19881020_20200917_02_T1,20.0,46.0,19.0,9066,11533,7442,0
c4_022,1988-10-20,LANDSAT_4,LT04_L2SP_020046_19881020_20200917_02_T1,20.0,46.0,19.0,15809,21065,5896,0
c4_029,1988-10-20,LANDSAT_4,LT04_L2SP_020046_19881020_20200917_02_T1,20.0,46.0,19.0,12219,14332,5896,0
c1_001,1988-11-05,LANDSAT_4,LT04_L2SP_020046_19881105_20200917_02_T1,20.0,46.0,24.0,8315,14897,5440,0
c1_002,1988-11-05,LANDSAT_4,LT04_L2SP_020046_19881105_20200917_02_T1,20.0,46.0,24.0,8456,14892,5440,0
c1_003,1988-11-05,LANDSAT_4,LT04_L2SP_020046_19881105_20200917_02_T1,20.0,46.0,24.0,10458,18632,5698,0
c1_005,1988-11-05,LANDSAT_4,LT04_L2SP_020046_19881105_20200917_02_T1,20.0,46.0,24.0,8882,17449,7440,0
c1_006,1988-11-05,LANDSAT_4,LT04_L2SP_020046_19881105_20200917_02_T1,20.0,46.0,24.0,14801,23297,5896,0
c1_007,1988-11-05,LANDSAT_4,LT04_L2SP_020046_19881105_20200917_02_T1,20.0,46.0,24.0,8322,20282,5440,0
c1_010,1988-11-05,LANDSAT_4,LT04_L2SP_020046_19881105_20200917_02_T1,20.0,46.0,24.0,9743,16424,7442,0
c1_018,1988-11-05,LANDSAT_4,LT04_L2SP_020046_19881105_20200917_02_T1,20.0,46.0,24.0,8459,17787,5440,0
c1_019,1988-11-05,LANDSAT_4,LT04_L2SP_020046_19881105_20200917_02_T1,20.0,46.0,24.0,8460,11279,5440,0
c1_022,1988-11-05,LANDSAT_4,LT04_L2SP_020046_19881105_20200917_02_T1,20.0,46.0,24.0,8600,21141,5440,0
c1_023,1988-11-05,LANDSAT_4,LT04_L2SP_020046_19881105_20200917_02_T1,20.0,46.0,24.0,8601,20806,7440,0
c1_025,1988-11-05,LANDSAT_4,LT04_L2SP_020046_19881105_20200917_02_T1,20.0,46.0,24.0,12155,17788,5896,0
c1_027,1988-11-05,LANDSAT_4,LT04_L2SP_020046_19881105_20200917_02_T1,20.0,46.0,24.0,8023,15575,5440,0
c1_029,1988-11-05,LANDSAT_4,LT04_L2SP_020046_19881105_20200917_02_T1,20.0,46.0,24.0,16874,23809,5896,0
c1_030,1988-11-05,LANDSAT_4,LT04_L2SP_020046_19881105_20200917_02_T1,20.0,46.0,24.0,7738,10931,7440,0
c2_003,1988-11-05,LANDSAT_4,LT04_L2SP_020046_19881105_20200917_02_T1,20.0,46.0,24.0,8029,12146,5440,0
c2_004,1988-11-05,LANDSAT_4,LT04_L2SP_020046_19881105_20200917_02_T1,20.0,46.0,24.0,9029,15921,5440,0
c2_005,1988-11-05,LANDSAT_4,LT04_L2SP_020046_19881105_20200917_02_T1,20.0,46.0,24.0,8739,20146,7440,0
c2_006,1988-11-05,LANDSAT_4,LT04_L2SP_020046_19881105_20200917_02_T1,20.0,46.0,24.0,13551,20135,5896,0
c2_008,1988-11-05,LANDSAT_4,LT04_L2SP_020046_19881105_20200917_02_T1,20.0,46.0,24.0,16180,21802,5896,0
c2_009,1988-11-05,LANDSAT_4,LT04_L2SP_020046_19881105_20200917_02_T1,20.0,46.0,24.0,8170,13010,5440,0
c2_012,1988-11-05,LANDSAT_4,LT04_L2SP_020046_19881105_20200917_02_T1,20.0,46.0,24.0,12572,18292,5896,0
c2_015,1988-11-05,LANDSAT_4,LT04_L2SP_020046_19881105_20200917_02_T1,20.0,46.0,24.0,8735,19807,5440,0
c2_019,1988-11-05,LANDSAT_4,LT04_L2SP_020046_19881105_20200917_02_T1,20.0,46.0,24.0,8312,15412,5440,0
c2_020,1988-11-05,LANDSAT_4,LT04_L2SP_020046_19881105_20200917_02_T1,20.0,46.0,24.0,8884,20975,5440,0
c2_021,1988-11-05,LANDSAT_4,LT04_L2SP_020046_19881105_20200917_02_T1,20.0,46.0,24.0,15907,23466,5896,0
c2_022,1988-11-05,LANDSAT_4,LT04_L2SP_020046_19881105_20200917_02_T1,20.0,46.0,24.0,9887,14896,5440,0
c2_024,1988-11-05,LANDSAT_4,LT04_L2SP_020046_19881105_20200917_02_T1,20.0,46.0,24.0,9316,16260,5440,0
c2_025,1988-11-05,LANDSAT_4,LT04_L2SP_020046_19881105_20200917_02_T1,20.0,46.0,24.0,7880,13175,7442,0
c2_028,1988-11-05,LANDSAT_4,LT04_L2SP_020046_19881105_20200917_02_T1,20.0,46.0,24.0,8604,17595,5440,0
c2_030,1988-11-05,LANDSAT_4,LT04_L2SP_020046_19881105_20200917_02_T1,20.0,46.0,24.0,12850,20631,5896,0
c3_001,1988-11-05,LANDSAT_4,LT04_L2SP_020046_19881105_20200917_02_T1,20.0,46.0,24.0,9027,20974,5442,0
c3_004,1988-11-05,LANDSAT_4,LT04_L2SP_020046_19881105_20200917_02_T1,20.0,46.0,24.0,9741,19130,7698,0
c3_005,1988-11-05,LANDSAT_4,LT04_L2SP_020046_19881105_20200917_02_T1,20.0,46.0,24.0,8460,20632,5440,0
c3_011,1988-11-05,LANDSAT_4,LT04_L2SP_020046_19881105_20200917_02_T1,20.0,46.0,24.0,9034,17939,5440,0
c3_015,1988-11-05,LANDSAT_4,LT04_L2SP_020046_19881105_20200917_02_T1,20.0,46.0,24.0,8317,18444,5440,0
c3_018,1988-11-05,LANDSAT_4,LT04_L2SP_020046_19881105_20200917_02_T1,20.0,46.0,24.0,14388,21647,5896,0
c3_022,1988-11-05,LANDSAT_4,LT04_L2SP_020046_19881105_20200917_02_T1,20.0,46.0,24.0,8598,16082,5440,0
c3_026,1988-11-05,LANDSAT_4,LT04_L2SP_020046_19881105_20200917_02_T1,20.0,46.0,24.0,8603,19623,5440,0
c3_027,1988-11-05,LANDSAT_4,LT04_L2SP_020046_19881105_20200917_02_T1,20.0,46.0,24.0,8602,18617,5440,0
c3_030,1988-11-05,LANDSAT_4,LT04_L2SP_020046_19881105_20200917_02_T1,20.0,46.0,24.0,12292,17446,5896,0
c4_007,1988-11-05,LANDSAT_4,LT04_L2SP_020046_19881105_20200917_02_T1,20.0,46.0,24.0,14944,20977,5896,0
c4_008,1988-11-05,LANDSAT_4,LT04_L2SP_020046_19881105_20200917_02_T1,20.0,46.0,24.0,9886,19121,5440,0
c4_012,1988-11-05,LANDSAT_4,LT04_L2SP_020046_19881105_20200917_02_T1,20.0,46.0,24.0,12576,18463,5698,0
c4_015,1988-11-05,LANDSAT_4,LT04_L2SP_020046_19881105_20200917_02_T1,20.0,46.0,24.0,9460,16430,5440,0
c4_017,1988-11-05,LANDSAT_4,LT04_L2SP_020046_19881105_20200917_02_T1,20.0,46.0,24.0,12013,17107,7696,0
c4_022,1988-11-05,LANDSAT_4,LT04_L2SP_020046_19881105_20200917_02_T1,20.0,46.0,24.0,8605,18106,5442,0
c4_029,1988-11-05,LANDSAT_4,LT04_L2SP_020046_19881105_20200917_02_T1,20.0,46.0,24.0,11731,19470,5440,0
c1_002,1988-12-07,LANDSAT_4,LT04_L2SP_020046_19881207_20200917_02_T1,20.0,46.0,15.0,11332,19183,5896,0
c1_003,1988-12-07,LANDSAT_4,LT04_L2SP_020046_19881207_20200917_02_T1,20.0,46.0,15.0,10427,16210,5896,0
c1_005,1988-12-07,LANDSAT_4,LT04_L2SP_020046_19881207_20200917_02_T1,20.0,46.0,15.0,10296,17638,5896,0
c1_006,1988-12-07,LANDSAT_4,LT04_L2SP_020046_19881207_20200917_02_T1,20.0,46.0,15.0,10787,18751,5896,0
c1_010,1988-12-07,LANDSAT_4,LT04_L2SP_020046_19881207_20200917_02_T1,20.0,46.0,15.0,10784,17483,5896,0
c1_019,1988-12-07,LANDSAT_4,LT04_L2SP_020046_19881207_20200917_02_T1,20.0,46.0,15.0,10433,14706,5896,0
c1_022,1988-12-07,LANDSAT_4,LT04_L2SP_020046_19881207_20200917_02_T1,20.0,46.0,15.0,10423,19387,5896,0
c1_023,1988-12-07,LANDSAT_4,LT04_L2SP_020046_19881207_20200917_02_T1,20.0,46.0,15.0,10421,20231,5896,0
c1_025,1988-12-07,LANDSAT_4,LT04_L2SP_020046_19881207_20200917_02_T1,20.0,46.0,15.0,10251,17267,5896,0
c1_027,1988-12-07,LANDSAT_4,LT04_L2SP_020046_19881207_20200917_02_T1,20.0,46.0,15.0,11149,20656,5896,0
c1_029,1988-12-07,LANDSAT_4,LT04_L2SP_020046_19881207_20200917_02_T1,20.0,46.0,15.0,10108,18688,5896,0
c1_030,1988-12-07,LANDSAT_4,LT04_L2SP_020046_19881207_20200917_02_T1,20.0,46.0,15.0,10623,17470,5896,0
c2_004,1988-12-07,LANDSAT_4,LT04_L2SP_020046_19881207_20200917_02_T1,20.0,46.0,15.0,10268,16618,5896,0
c2_005,1988-12-07,LANDSAT_4,LT04_L2SP_020046_19881207_20200917_02_T1,20.0,46.0,15.0,10473,18270,5896,0
c2_006,1988-12-07,LANDSAT_4,LT04_L2SP_020046_19881207_20200917_02_T1,20.0,46.0,15.0,10611,20004,5896,0
c2_008,1988-12-07,LANDSAT_4,LT04_L2SP_020046_19881207_20200917_02_T1,20.0,46.0,15.0,11336,17478,5896,0
c2_012,1988-12-07,LANDSAT_4,LT04_L2SP_020046_19881207_20200917_02_T1,20.0,46.0,15.0,10457,17020,5896,0
c2_015,1988-12-07,LANDSAT_4,LT04_L2SP_020046_19881207_20200917_02_T1,20.0,46.0,15.0,10955,20458,5896,0
c2_019,1988-12-07,LANDSAT_4,LT04_L2SP_020046_19881207_20200917_02_T1,20.0,46.0,15.0,10258,15988,5896,0
c2_020,1988-12-07,LANDSAT_4,LT04_L2SP_020046_19881207_20200917_02_T1,20.0,46.0,15.0,11142,21294,5896,0
c2_021,1988-12-07,LANDSAT_4,LT04_L2SP_020046_19881207_20200917_02_T1,20.0,46.0,15.0,10250,19578,5896,0
c2_022,1988-12-07,LANDSAT_4,LT04_L2SP_020046_19881207_20200917_02_T1,20.0,46.0,15.0,10979,16207,5896,0
c2_024,1988-12-07,LANDSAT_4,LT04_L2SP_020046_19881207_20200917_02_T1,20.0,46.0,15.0,10428,15778,5896,0
c2_025,1988-12-07,LANDSAT_4,LT04_L2SP_020046_19881207_20200917_02_T1,20.0,46.0,15.0,10432,19579,5896,0
c2_030,1988-12-07,LANDSAT_4,LT04_L2SP_020046_19881207_20200917_02_T1,20.0,46.0,15.0,11148,20226,5896,0
c3_001,1988-12-07,LANDSAT_4,LT04_L2SP_020046_19881207_20200917_02_T1,20.0,46.0,15.0,10067,19571,5896,0
c3_004,1988-12-07,LANDSAT_4,LT04_L2SP_020046_19881207_20200917_02_T1,20.0,46.0,15.0,10959,20028,5896,0
c3_011,1988-12-07,LANDSAT_4,LT04_L2SP_020046_19881207_20200917_02_T1,20.0,46.0,15.0,10959,19179,5896,0
c3_015,1988-12-07,LANDSAT_4,LT04_L2SP_020046_19881207_20200917_02_T1,20.0,46.0,15.0,11142,20444,5896,0
c3_018,1988-12-07,LANDSAT_4,LT04_L2SP_020046_19881207_20200917_02_T1,20.0,46.0,15.0,10278,18284,5896,0
c3_022,1988-12-07,LANDSAT_4,LT04_L2SP_020046_19881207_20200917_02_T1,20.0,46.0,15.0,10964,19178,5896,0
c3_026,1988-12-07,LANDSAT_4,LT04_L2SP_020046_19881207_20200917_02_T1,20.0,46.0,15.0,11325,21079,5896,0
c3_027,1988-12-07,LANDSAT_4,LT04_L2SP_020046_19881207_20200917_02_T1,20.0,46.0,15.0,11324,20662,5896,0
c3_030,1988-12-07,LANDSAT_4,LT04_L2SP_020046_19881207_20200917_02_T1,20.0,46.0,15.0,10636,15755,5896,0
c4_012,1988-12-07,LANDSAT_4,LT04_L2SP_020046_19881207_20200917_02_T1,20.0,46.0,15.0,10985,15556,5896,0
c4_015,1988-12-07,LANDSAT_4,LT04_L2SP_020046_19881207_20200917_02_T1,20.0,46.0,15.0,10801,17263,5896,0
c1_002,1988-12-23,LANDSAT_4,LT04_L2SP_020046_19881223_20200917_02_T1,20.0,46.0,20.0,8743,15720,5440,0
c1_003,1988-12-23,LANDSAT_4,LT04_L2SP_020046_19881223_20200917_02_T1,20.0,46.0,20.0,8296,14959,5440,0
c1_005,1988-12-23,LANDSAT_4,LT04_L2SP_020046_19881223_20200917_02_T1,20.0,46.0,20.0,8760,16272,5440,0
c1_006,1988-12-23,LANDSAT_4,LT04_L2SP_020046_19881223_20200917_02_T1,20.0,46.0,20.0,8594,15524,5440,0
c1_010,1988-12-23,LANDSAT_4,LT04_L2SP_020046_19881223_20200917_02_T1,20.0,46.0,20.0,8747,14012,5440,0
c1_019,1988-12-23,LANDSAT_4,LT04_L2SP_020046_19881223_20200917_02_T1,20.0,46.0,20.0,8300,11551,5440,0
c1_022,1988-12-23,LANDSAT_4,LT04_L2SP_020046_19881223_20200917_02_T1,20.0,46.0,20.0,8285,18160,5440,0
c1_023,1988-12-23,LANDSAT_4,LT04_L2SP_020046_19881223_20200917_02_T1,20.0,46.0,20.0,8437,17598,5440,0
c1_025,1988-12-23,LANDSAT_4,LT04_L2SP_020046_19881223_20200917_02_T1,20.0,46.0,20.0,8609,16837,5440,0
c1_027,1988-12-23,LANDSAT_4,LT04_L2SP_020046_19881223_20200917_02_T1,20.0,46.0,20.0,8432,17601,5440,0
c1_029,1988-12-23,LANDSAT_4,LT04_L2SP_020046_19881223_20200917_02_T1,20.0,46.0,20.0,8447,18151,5440,0
c1_030,1988-12-23,LANDSAT_4,LT04_L2SP_020046_19881223_20200917_02_T1,20.0,46.0,20.0,8764,15520,5440,0
c2_004,1988-12-23,LANDSAT_4,LT04_L2SP_020046_19881223_20200917_02_T1,20.0,46.0,20.0,8918,15334,5440,0
c2_005,1988-12-23,LANDSAT_4,LT04_L2SP_020046_19881223_20200917_02_T1,20.0,46.0,20.0,8606,17961,5440,0
c2_006,1988-12-23,LANDSAT_4,LT04_L2SP_020046_19881223_20200917_02_T1,20.0,46.0,20.0,8594,17783,5440,0
c2_008,1988-12-23,LANDSAT_4,LT04_L2SP_020046_19881223_20200917_02_T1,20.0,46.0,20.0,8896,14395,5440,0
c2_012,1988-12-23,LANDSAT_4,LT04_L2SP_020046_19881223_20200917_02_T1,20.0,46.0,20.0,8598,16462,5440,0
c2_015,1988-12-23,LANDSAT_4,LT04_L2SP_020046_19881223_20200917_02_T1,20.0,46.0,20.0,8594,17590,5440,0
c2_019,1988-12-23,LANDSAT_4,LT04_L2SP_020046_19881223_20200917_02_T1,20.0,46.0,20.0,8299,14772,5440,0
c2_020,1988-12-23,LANDSAT_4,LT04_L2SP_020046_19881223_20200917_02_T1,20.0,46.0,20.0,8588,18726,5440,0
c2_021,1988-12-23,LANDSAT_4,LT04_L2SP_020046_19881223_20200917_02_T1,20.0,46.0,20.0,8437,17029,5440,0
c2_022,1988-12-23,LANDSAT_4,LT04_L2SP_020046_19881223_20200917_02_T1,20.0,46.0,20.0,9534,14955,5440,0
c2_024,1988-12-23,LANDSAT_4,LT04_L2SP_020046_19881223_20200917_02_T1,20.0,46.0,20.0,8905,14585,5440,0
c2_025,1988-12-23,LANDSAT_4,LT04_L2SP_020046_19881223_20200917_02_T1,20.0,46.0,20.0,8439,17783,5440,0
c2_030,1988-12-23,LANDSAT_4,LT04_L2SP_020046_19881223_20200917_02_T1,20.0,46.0,20.0,8423,16476,5440,0
c3_001,1988-12-23,LANDSAT_4,LT04_L2SP_020046_19881223_20200917_02_T1,20.0,46.0,20.0,8592,17029,5440,0
c3_004,1988-12-23,LANDSAT_4,LT04_L2SP_020046_19881223_20200917_02_T1,20.0,46.0,20.0,8590,17404,5440,0
c3_011,1988-12-23,LANDSAT_4,LT04_L2SP_020046_19881223_20200917_02_T1,20.0,46.0,20.0,8583,15903,5440,0
c3_015,1988-12-23,LANDSAT_4,LT04_L2SP_020046_19881223_20200917_02_T1,20.0,46.0,20.0,8427,17600,5440,0
c3_018,1988-12-23,LANDSAT_4,LT04_L2SP_020046_19881223_20200917_02_T1,20.0,46.0,20.0,8439,18347,5440,0
c3_022,1988-12-23,LANDSAT_4,LT04_L2SP_020046_19881223_20200917_02_T1,20.0,46.0,20.0,8591,15897,5440,0
c3_026,1988-12-23,LANDSAT_4,LT04_L2SP_020046_19881223_20200917_02_T1,20.0,46.0,20.0,8581,17789,5440,0
c3_027,1988-12-23,LANDSAT_4,LT04_L2SP_020046_19881223_20200917_02_T1,20.0,46.0,20.0,8737,17417,5440,0
c3_030,1988-12-23,LANDSAT_4,LT04_L2SP_020046_19881223_20200917_02_T1,20.0,46.0,20.0,8914,13633,5440,0
c4_012,1988-12-23,LANDSAT_4,LT04_L2SP_020046_19881223_20200917_02_T1,20.0,46.0,20.0,9534,13823,5440,0
c4_015,1988-12-23,LANDSAT_4,LT04_L2SP_020046_19881223_20200917_02_T1,20.0,46.0,20.0,9225,15332,5440,0
c1_002,1989-01-08,LANDSAT_4,LT04_L2SP_020046_19890108_20200916_02_T1,20.0,46.0,23.0,13059,20469,5896,0
c1_003,1989-01-08,LANDSAT_4,LT04_L2SP_020046_19890108_20200916_02_T1,20.0,46.0,23.0,8377,15626,5440,0
c1_005,1989-01-08,LANDSAT_4,LT04_L2SP_020046_19890108_20200916_02_T1,20.0,46.0,23.0,8554,12487,7442,0
c1_006,1989-01-08,LANDSAT_4,LT04_L2SP_020046_19890108_20200916_02_T1,20.0,46.0,23.0,8529,14058,7440,0
c1_010,1989-01-08,LANDSAT_4,LT04_L2SP_020046_19890108_20200916_02_T1,20.0,46.0,23.0,8366,11301,7440,0
c1_019,1989-01-08,LANDSAT_4,LT04_L2SP_020046_19890108_20200916_02_T1,20.0,46.0,23.0,30081,35116,5896,1
c1_022,1989-01-08,LANDSAT_4,LT04_L2SP_020046_19890108_20200916_02_T1,20.0,46.0,23.0,10322,15230,7698,0
c1_023,1989-01-08,LANDSAT_4,LT04_L2SP_020046_19890108_20200916_02_T1,20.0,46.0,23.0,9672,19692,5440,0
c1_025,1989-01-08,LANDSAT_4,LT04_L2SP_020046_19890108_20200916_02_T1,20.0,46.0,23.0,8530,14260,7440,0
c1_027,1989-01-08,LANDSAT_4,LT04_L2SP_020046_19890108_20200916_02_T1,20.0,46.0,23.0,8368,13076,7440,0
c1_029,1989-01-08,LANDSAT_4,LT04_L2SP_020046_19890108_20200916_02_T1,20.0,46.0,23.0,19797,25574,5896,0
c1_030,1989-01-08,LANDSAT_4,LT04_L2SP_020046_19890108_20200916_02_T1,20.0,46.0,23.0,8218,11701,7440,0
c2_004,1989-01-08,LANDSAT_4,LT04_L2SP_020046_19890108_20200916_02_T1,20.0,46.0,23.0,9850,17174,5440,0
c2_005,1989-01-08,LANDSAT_4,LT04_L2SP_020046_19890108_20200916_02_T1,20.0,46.0,23.0,8227,11701,5440,0
c2_006,1989-01-08,LANDSAT_4,LT04_L2SP_020046_19890108_20200916_02_T1,20.0,46.0,23.0,18893,22763,5896,0
c2_008,1989-01-08,LANDSAT_4,LT04_L2SP_020046_19890108_20200916_02_T1,20.0,46.0,23.0,9345,15230,5440,0
c2_009,1989-01-08,LANDSAT_4,LT04_L2SP_020046_19890108_20200916_02_T1,20.0,46.0,23.0,8059,9727,7442,0
c2_012,1989-01-08,LANDSAT_4,LT04_L2SP_020046_19890108_20200916_02_T1,20.0,46.0,23.0,29015,34526,5896,1
c2_015,1989-01-08,LANDSAT_4,LT04_L2SP_020046_19890108_20200916_02_T1,20.0,46.0,23.0,9017,13271,7442,0
c2_019,1989-01-08,LANDSAT_4,LT04_L2SP_020046_19890108_20200916_02_T1,20.0,46.0,23.0,11463,17178,5896,0
c2_020,1989-01-08,LANDSAT_4,LT04_L2SP_020046_19890108_20200916_02_T1,20.0,46.0,23.0,8203,14643,7440,0
c2_021,1989-01-08,LANDSAT_4,LT04_L2SP_020046_19890108_20200916_02_T1,20.0,46.0,23.0,10965,20656,5698,0
c2_022,1989-01-08,LANDSAT_4,LT04_L2SP_020046_19890108_20200916_02_T1,20.0,46.0,23.0,9836,17187,5440,0
c2_024,1989-01-08,LANDSAT_4,LT04_L2SP_020046_19890108_20200916_02_T1,20.0,46.0,23.0,8859,12095,5440,0
c2_025,1989-01-08,LANDSAT_4,LT04_L2SP_020046_19890108_20200916_02_T1,20.0,46.0,23.0,9182,15622,5698,0
c2_028,1989-01-08,LANDSAT_4,LT04_L2SP_020046_19890108_20200916_02_T1,20.0,46.0,23.0,8198,13657,7440,0
c2_030,1989-01-08,LANDSAT_4,LT04_L2SP_020046_19890108_20200916_02_T1,20.0,46.0,23.0,10643,17178,5896,0
c3_001,1989-01-08,LANDSAT_4,LT04_L2SP_020046_19890108_20200916_02_T1,20.0,46.0,23.0,8036,11892,7440,0
c3_004,1989-01-08,LANDSAT_4,LT04_L2SP_020046_19890108_20200916_02_T1,20.0,46.0,23.0,23354,26368,5896,0
c3_005,1989-01-08,LANDSAT_4,LT04_L2SP_020046_19890108_20200916_02_T1,20.0,46.0,23.0,8367,13469,7440,0
c3_011,1989-01-08,LANDSAT_4,LT04_L2SP_020046_19890108_20200916_02_T1,20.0,46.0,23.0,10640,15616,7698,0
c3_015,1989-01-08,LANDSAT_4,LT04_L2SP_020046_19890108_20200916_02_T1,20.0,46.0,23.0,28013,34010,5896,1
c3_018,1989-01-08,LANDSAT_4,LT04_L2SP_020046_19890108_20200916_02_T1,20.0,46.0,23.0,23481,28971,5896,0
c3_022,1989-01-08,LANDSAT_4,LT04_L2SP_020046_19890108_20200916_02_T1,20.0,46.0,23.0,18112,20846,5896,0
c3_026,1989-01-08,LANDSAT_4,LT04_L2SP_020046_19890108_20200916_02_T1,20.0,46.0,23.0,16070,20843,5896,0
c3_027,1989-01-08,LANDSAT_4,LT04_L2SP_020046_19890108_20200916_02_T1,20.0,46.0,23.0,37882,41118,5896,1
c3_030,1989-01-08,LANDSAT_4,LT04_L2SP_020046_19890108_20200916_02_T1,20.0,46.0,23.0,20271,25213,5896,0
c4_007,1989-01-08,LANDSAT_4,LT04_L2SP_020046_19890108_20200916_02_T1,20.0,46.0,23.0,9835,14845,5440,0
c4_008,1989-01-08,LANDSAT_4,LT04_L2SP_020046_19890108_20200916_02_T1,20.0,46.0,23.0,17169,21992,5896,0
c4_012,1989-01-08,LANDSAT_4,LT04_L2SP_020046_19890108_20200916_02_T1,20.0,46.0,23.0,9190,11897,7442,0
c4_015,1989-01-08,LANDSAT_4,LT04_L2SP_020046_19890108_20200916_02_T1,20.0,46.0,23.0,8862,13276,7440,0
c4_022,1989-01-08,LANDSAT_4,LT04_L2SP_020046_19890108_20200916_02_T1,20.0,46.0,23.0,8689,15226,7440,0
c4_029,1989-01-08,LANDSAT_4,LT04_L2SP_020046_19890108_20200916_02_T1,20.0,46.0,23.0,19059,25819,5896,0
c1_002,1989-10-07,LANDSAT_4,LT04_L2SP_020046_19891007_20200916_02_T1,20.0,46.0,22.0,10789,18342,5440,0
c1_003,1989-10-07,LANDSAT_4,LT04_L2SP_020046_19891007_20200916_02_T1,20.0,46.0,22.0,9722,17166,5442,0
c1_005,1989-10-07,LANDSAT_4,LT04_L2SP_020046_19891007_20200916_02_T1,20.0,46.0,22.0,8645,12576,7442,0
c1_006,1989-10-07,LANDSAT_4,LT04_L2SP_020046_19891007_20200916_02_T1,20.0,46.0,22.0,11976,20092,7698,0
c1_010,1989-10-07,LANDSAT_4,LT04_L2SP_020046_19891007_20200916_02_T1,20.0,46.0,22.0,32736,36348,5896,1
c1_019,1989-10-07,LANDSAT_4,LT04_L2SP_020046_19891007_20200916_02_T1,20.0,46.0,22.0,8765,11833,7442,0
c1_022,1989-10-07,LANDSAT_4,LT04_L2SP_020046_19891007_20200916_02_T1,20.0,46.0,22.0,8882,20237,5440,0
c1_023,1989-10-07,LANDSAT_4,LT04_L2SP_020046_19891007_20200916_02_T1,20.0,46.0,22.0,7803,10934,7442,0
c1_025,1989-10-07,LANDSAT_4,LT04_L2SP_020046_19891007_20200916_02_T1,20.0,46.0,22.0,12688,17018,5896,0
c1_027,1989-10-07,LANDSAT_4,LT04_L2SP_020046_19891007_20200916_02_T1,20.0,46.0,22.0,13156,21843,5896,0
c1_029,1989-10-07,LANDSAT_4,LT04_L2SP_020046_19891007_20200916_02_T1,20.0,46.0,22.0,11504,21983,5442,0
c1_030,1989-10-07,LANDSAT_4,LT04_L2SP_020046_19891007_20200916_02_T1,20.0,46.0,22.0,7925,10336,7440,0
c2_004,1989-10-07,LANDSAT_4,LT04_L2SP_020046_19891007_20200916_02_T1,20.0,46.0,22.0,23612,28315,5896,1
c2_005,1989-10-07,LANDSAT_4,LT04_L2SP_020046_19891007_20200916_02_T1,20.0,46.0,22.0,8764,19948,5440,0
c2_006,1989-10-07,LANDSAT_4,LT04_L2SP_020046_19891007_20200916_02_T1,20.0,46.0,22.0,8641,20384,5440,0
c2_008,1989-10-07,LANDSAT_4,LT04_L2SP_020046_19891007_20200916_02_T1,20.0,46.0,22.0,8873,15101,5442,0
c2_009,1989-10-07,LANDSAT_4,LT04_L2SP_020046_19891007_20200916_02_T1,20.0,46.0,22.0,9485,13472,5440,0
c2_012,1989-10-07,LANDSAT_4,LT04_L2SP_020046_19891007_20200916_02_T1,20.0,46.0,22.0,23945,27739,5896,1
c2_015,1989-10-07,LANDSAT_4,LT04_L2SP_020046_19891007_20200916_02_T1,20.0,46.0,22.0,21355,27172,5896,1
c2_019,1989-10-07,LANDSAT_4,LT04_L2SP_020046_19891007_20200916_02_T1,20.0,46.0,22.0,9484,14656,5442,0
c2_020,1989-10-07,LANDSAT_4,LT04_L2SP_020046_19891007_20200916_02_T1,20.0,46.0,22.0,11739,22861,5442,0
c2_021,1989-10-07,LANDSAT_4,LT04_L2SP_020046_19891007_20200916_02_T1,20.0,46.0,22.0,8880,19509,5440,0
c2_022,1989-10-07,LANDSAT_4,LT04_L2SP_020046_19891007_20200916_02_T1,20.0,46.0,22.0,9483,16872,7440,0
c2_024,1989-10-07,LANDSAT_4,LT04_L2SP_020046_19891007_20200916_02_T1,20.0,46.0,22.0,8884,11234,7442,0
c2_025,1989-10-07,LANDSAT_4,LT04_L2SP_020046_19891007_20200916_02_T1,20.0,46.0,22.0,8520,19654,5440,0
c2_030,1989-10-07,LANDSAT_4,LT04_L2SP_020046_19891007_20200916_02_T1,20.0,46.0,22.0,12446,21273,5696,0
c3_001,1989-10-07,LANDSAT_4,LT04_L2SP_020046_19891007_20200916_02_T1,20.0,46.0,22.0,8400,19509,5440,0
c3_004,1989-10-07,LANDSAT_4,LT04_L2SP_020046_19891007_20200916_02_T1,20.0,46.0,22.0,9952,20830,5442,0
c3_011,1989-10-07,LANDSAT_4,LT04_L2SP_020046_19891007_20200916_02_T1,20.0,46.0,22.0,8621,16587,5440,0
c3_015,1989-10-07,LANDSAT_4,LT04_L2SP_020046_19891007_20200916_02_T1,20.0,46.0,22.0,8622,19234,5440,0
c3_018,1989-10-07,LANDSAT_4,LT04_L2SP_020046_19891007_20200916_02_T1,20.0,46.0,22.0,7803,11532,7440,0
c3_022,1989-10-07,LANDSAT_4,LT04_L2SP_020046_19891007_20200916_02_T1,20.0,46.0,22.0,8867,18056,5440,0
c3_026,1989-10-07,LANDSAT_4,LT04_L2SP_020046_19891007_20200916_02_T1,20.0,46.0,22.0,8624,19818,5440,0
c3_027,1989-10-07,LANDSAT_4,LT04_L2SP_020046_19891007_20200916_02_T1,20.0,46.0,22.0,8625,18498,5440,0
c3_030,1989-10-07,LANDSAT_4,LT04_L2SP_020046_19891007_20200916_02_T1,20.0,46.0,22.0,8884,14507,5440,0
c4_012,1989-10-07,LANDSAT_4,LT04_L2SP_020046_19891007_20200916_02_T1,20.0,46.0,22.0,11861,16135,5896,0
c4_015,1989-10-07,LANDSAT_4,LT04_L2SP_020046_19891007_20200916_02_T1,20.0,46.0,22.0,9363,14804,5440,0
c1_001,1989-10-23,LANDSAT_4,LT04_L2SP_020046_19891023_20200916_02_T1,20.0,46.0,8.0,8379,15685,5440,0
c1_002,1989-10-23,LANDSAT_4,LT04_L2SP_020046_19891023_20200916_02_T1,20.0,46.0,8.0,8509,15992,5440,0
c1_003,1989-10-23,LANDSAT_4,LT04_L2SP_020046_19891023_20200916_02_T1,20.0,46.0,8.0,8247,15685,5440,0
c1_004,1989-10-23,LANDSAT_4,LT04_L2SP_020046_19891023_20200916_02_T1,20.0,46.0,8.0,8769,16153,5440,0
c1_005,1989-10-23,LANDSAT_4,LT04_L2SP_020046_19891023_20200916_02_T1,20.0,46.0,8.0,8896,10925,7442,0
c1_006,1989-10-23,LANDSAT_4,LT04_L2SP_020046_19891023_20200916_02_T1,20.0,46.0,8.0,7856,10764,7440,0
c1_007,1989-10-23,LANDSAT_4,LT04_L2SP_020046_19891023_20200916_02_T1,20.0,46.0,8.0,8389,19870,5440,0
c1_008,1989-10-23,LANDSAT_4,LT04_L2SP_020046_19891023_20200916_02_T1,20.0,46.0,8.0,8655,18002,5440,0
c1_010,1989-10-23,LANDSAT_4,LT04_L2SP_020046_19891023_20200916_02_T1,20.0,46.0,8.0,7857,10125,7440,0
c1_011,1989-10-23,LANDSAT_4,LT04_L2SP_020046_19891023_20200916_02_T1,20.0,46.0,8.0,8516,17547,5440,0
c1_012,1989-10-23,LANDSAT_4,LT04_L2SP_020046_19891023_20200916_02_T1,20.0,46.0,8.0,8378,16311,5440,0
c1_013,1989-10-23,LANDSAT_4,LT04_L2SP_020046_19891023_20200916_02_T1,20.0,46.0,8.0,9040,14880,5440,0
c1_018,1989-10-23,LANDSAT_4,LT04_L2SP_020046_19891023_20200916_02_T1,20.0,46.0,8.0,8379,18502,5440,0
c1_019,1989-10-23,LANDSAT_4,LT04_L2SP_020046_19891023_20200916_02_T1,20.0,46.0,8.0,7985,11247,5440,0
c1_020,1989-10-23,LANDSAT_4,LT04_L2SP_020046_19891023_20200916_02_T1,20.0,46.0,8.0,8783,16287,5440,0
c1_021,1989-10-23,LANDSAT_4,LT04_L2SP_020046_19891023_20200916_02_T1,20.0,46.0,8.0,8510,16312,5440,0
c1_022,1989-10-23,LANDSAT_4,LT04_L2SP_020046_19891023_20200916_02_T1,20.0,46.0,8.0,8636,19899,7442,0
c1_023,1989-10-23,LANDSAT_4,LT04_L2SP_020046_19891023_20200916_02_T1,20.0,46.0,8.0,7725,10444,7440,0
c1_025,1989-10-23,LANDSAT_4,LT04_L2SP_020046_19891023_20200916_02_T1,20.0,46.0,8.0,8639,17252,7440,0
c1_027,1989-10-23,LANDSAT_4,LT04_L2SP_020046_19891023_20200916_02_T1,20.0,46.0,8.0,8248,17559,7440,0
c1_029,1989-10-23,LANDSAT_4,LT04_L2SP_020046_19891023_20200916_02_T1,20.0,46.0,8.0,22108,23454,5896,1
c1_030,1989-10-23,LANDSAT_4,LT04_L2SP_020046_19891023_20200916_02_T1,20.0,46.0,8.0,8768,15526,5440,0
c2_002,1989-10-23,LANDSAT_4,LT04_L2SP_020046_19891023_20200916_02_T1,20.0,46.0,8.0,8119,11087,5440,0
c2_003,1989-10-23,LANDSAT_4,LT04_L2SP_020046_19891023_20200916_02_T1,20.0,46.0,8.0,10583,14425,5896,0
c2_004,1989-10-23,LANDSAT_4,LT04_L2SP_020046_19891023_20200916_02_T1,20.0,46.0,8.0,9028,15686,5440,0
c2_005,1989-10-23,LANDSAT_4,LT04_L2SP_020046_19891023_20200916_02_T1,20.0,46.0,8.0,7721,9483,7440,0
c2_006,1989-10-23,LANDSAT_4,LT04_L2SP_020046_19891023_20200916_02_T1,20.0,46.0,8.0,11222,21287,5896,0
c2_008,1989-10-23,LANDSAT_4,LT04_L2SP_020046_19891023_20200916_02_T1,20.0,46.0,8.0,9155,14733,5440,0
c2_009,1989-10-23,LANDSAT_4,LT04_L2SP_020046_19891023_20200916_02_T1,20.0,46.0,8.0,8117,11247,5440,0
c2_010,1989-10-23,LANDSAT_4,LT04_L2SP_020046_19891023_20200916_02_T1,20.0,46.0,8.0,8515,16454,5440,0
c2_012,1989-10-23,LANDSAT_4,LT04_L2SP_020046_19891023_20200916_02_T1,20.0,46.0,8.0,25240,32366,5896,1
c2_013,1989-10-23,LANDSAT_4,LT04_L2SP_020046_19891023_20200916_02_T1,20.0,46.0,8.0,8643,13939,5440,0
c2_015,1989-10-23,LANDSAT_4,LT04_L2SP_020046_19891023_20200916_02_T1,20.0,46.0,8.0,8899,20974,7442,0
c2_019,1989-10-23,LANDSAT_4,LT04_L2SP_020046_19891023_20200916_02_T1,20.0,46.0,8.0,8116,14267,5440,0
c2_020,1989-10-23,LANDSAT_4,LT04_L2SP_020046_19891023_20200916_02_T1,20.0,46.0,8.0,7464,10284,7440,0
c2_021,1989-10-23,LANDSAT_4,LT04_L2SP_020046_19891023_20200916_02_T1,20.0,46.0,8.0,65535,42308,5896,5
c2_022,1989-10-23,LANDSAT_4,LT04_L2SP_020046_19891023_20200916_02_T1,20.0,46.0,8.0,9547,14738,5440,0
c2_023,1989-10-23,LANDSAT_4,LT04_L2SP_020046_19891023_20200916_02_T1,20.0,46.0,8.0,9687,17687,7442,0
c2_024,1989-10-23,LANDSAT_4,LT04_L2SP_020046_19891023_20200916_02_T1,20.0,46.0,8.0,8899,14423,5440,0
c2_025,1989-10-23,LANDSAT_4,LT04_L2SP_020046_19891023_20200916_02_T1,20.0,46.0,8.0,25835,27711,5896,1
c2_026,1989-10-23,LANDSAT_4,LT04_L2SP_020046_19891023_20200916_02_T1,20.0,46.0,8.0,8119,12521,5440,0
c2_028,1989-10-23,LANDSAT_4,LT04_L2SP_020046_19891023_20200916_02_T1,20.0,46.0,8.0,8391,20328,5440,0
c2_030,1989-10-23,LANDSAT_4,LT04_L2SP_020046_19891023_20200916_02_T1,20.0,46.0,8.0,8507,17556,5440,0
c3_001,1989-10-23,LANDSAT_4,LT04_L2SP_020046_19891023_20200916_02_T1,20.0,46.0,8.0,65535,44030,5896,31
c3_004,1989-10-23,LANDSAT_4,LT04_L2SP_020046_19891023_20200916_02_T1,20.0,46.0,8.0,21484,26338,5896,0
c3_005,1989-10-23,LANDSAT_4,LT04_L2SP_020046_19891023_20200916_02_T1,20.0,46.0,8.0,8383,19111,5440,0
c3_011,1989-10-23,LANDSAT_4,LT04_L2SP_020046_19891023_20200916_02_T1,20.0,46.0,8.0,7727,9644,5440,0
c3_012,1989-10-23,LANDSAT_4,LT04_L2SP_020046_19891023_20200916_02_T1,20.0,46.0,8.0,8649,15981,5440,0
c3_015,1989-10-23,LANDSAT_4,LT04_L2SP_020046_19891023_20200916_02_T1,20.0,46.0,8.0,8508,18179,5440,0
c3_018,1989-10-23,LANDSAT_4,LT04_L2SP_020046_19891023_20200916_02_T1,20.0,46.0,8.0,65535,40449,5896,5
c3_019,1989-10-23,LANDSAT_4,LT04_L2SP_020046_19891023_20200916_02_T1,20.0,46.0,8.0,8530,19543,5440,0
c3_022,1989-10-23,LANDSAT_4,LT04_L2SP_020046_19891023_20200916_02_T1,20.0,46.0,8.0,12118,16460,5896,0
c3_024,1989-10-23,LANDSAT_4,LT04_L2SP_020046_19891023_20200916_02_T1,20.0,46.0,8.0,7989,9807,5440,0
c3_026,1989-10-23,LANDSAT_4,LT04_L2SP_020046_19891023_20200916_02_T1,20.0,46.0,8.0,8378,19890,5440,0
c3_027,1989-10-23,LANDSAT_4,LT04_L2SP_020046_19891023_20200916_02_T1,20.0,46.0,8.0,8508,17555,5440,0
c3_030,1989-10-23,LANDSAT_4,LT04_L2SP_020046_19891023_20200916_02_T1,20.0,46.0,8.0,7984,9804,7440,0
c4_007,1989-10-23,LANDSAT_4,LT04_L2SP_020046_19891023_20200916_02_T1,20.0,46.0,8.0,8379,12678,5440,0
c4_008,1989-10-23,LANDSAT_4,LT04_L2SP_020046_19891023_20200916_02_T1,20.0,46.0,8.0,8127,10924,7440,0
c4_012,1989-10-23,LANDSAT_4,LT04_L2SP_020046_19891023_20200916_02_T1,20.0,46.0,8.0,8900,12042,5440,0
c4_015,1989-10-23,LANDSAT_4,LT04_L2SP_020046_19891023_20200916_02_T1,20.0,46.0,8.0,9289,15211,5440,0
c4_017,1989-10-23,LANDSAT_4,LT04_L2SP_020046_19891023_20200916_02_T1,20.0,46.0,8.0,9159,13472,5440,0
c4_022,1989-10-23,LANDSAT_4,LT04_L2SP_020046_19891023_20200916_02_T1,20.0,46.0,8.0,7478,10128,7440,0
c4_029,1989-10-23,LANDSAT_4,LT04_L2SP_020046_19891023_20200916_02_T1,20.0,46.0,8.0,9419,16155,5440,0
c1_002,1990-02-12,LANDSAT_4,LT04_L2SP_020046_19900212_20200916_02_T1,20.0,46.0,28.0,9119,17200,5440,0
c1_003,1990-02-12,LANDSAT_4,LT04_L2SP_020046_19900212_20200916_02_T1,20.0,46.0,28.0,8816,16300,5440,0
c1_005,1990-02-12,LANDSAT_4,LT04_L2SP_020046_19900212_20200916_02_T1,20.0,46.0,28.0,37665,42335,5896,17
c1_006,1990-02-12,LANDSAT_4,LT04_L2SP_020046_19900212_20200916_02_T1,20.0,46.0,28.0,19361,25035,5896,0
c1_010,1990-02-12,LANDSAT_4,LT04_L2SP_020046_19900212_20200916_02_T1,20.0,46.0,28.0,12301,18280,5896,0
c1_019,1990-02-12,LANDSAT_4,LT04_L2SP_020046_19900212_20200916_02_T1,20.0,46.0,28.0,8202,11530,5440,0
c1_022,1990-02-12,LANDSAT_4,LT04_L2SP_020046_19900212_20200916_02_T1,20.0,46.0,28.0,8968,20434,7440,0
c1_023,1990-02-12,LANDSAT_4,LT04_L2SP_020046_19900212_20200916_02_T1,20.0,46.0,28.0,8509,19360,5440,0
c1_025,1990-02-12,LANDSAT_4,LT04_L2SP_020046_19900212_20200916_02_T1,20.0,46.0,28.0,8045,10971,5440,0
c1_027,1990-02-12,LANDSAT_4,LT04_L2SP_020046_19900212_20200916_02_T1,20.0,46.0,28.0,8508,18462,5440,0
c1_029,1990-02-12,LANDSAT_4,LT04_L2SP_020046_19900212_20200916_02_T1,20.0,46.0,28.0,8657,13004,7442,0
c1_030,1990-02-12,LANDSAT_4,LT04_L2SP_020046_19900212_20200916_02_T1,20.0,46.0,28.0,9120,17387,5442,0
c2_004,1990-02-12,LANDSAT_4,LT04_L2SP_020046_19900212_20200916_02_T1,20.0,46.0,28.0,9428,17208,7440,0
c2_005,1990-02-12,LANDSAT_4,LT04_L2SP_020046_19900212_20200916_02_T1,20.0,46.0,28.0,65535,65535,5896,31
c2_006,1990-02-12,LANDSAT_4,LT04_L2SP_020046_19900212_20200916_02_T1,20.0,46.0,28.0,8966,19361,5440,0
c2_008,1990-02-12,LANDSAT_4,LT04_L2SP_020046_19900212_20200916_02_T1,20.0,46.0,28.0,9134,15189,5440,0
c2_012,1990-02-12,LANDSAT_4,LT04_L2SP_020046_19900212_20200916_02_T1,20.0,46.0,28.0,8660,13368,5442,0
c2_015,1990-02-12,LANDSAT_4,LT04_L2SP_020046_19900212_20200916_02_T1,20.0,46.0,28.0,8661,16650,5440,0
c2_019,1990-02-12,LANDSAT_4,LT04_L2SP_020046_19900212_20200916_02_T1,20.0,46.0,28.0,9886,13744,5896,0
c2_020,1990-02-12,LANDSAT_4,LT04_L2SP_020046_19900212_20200916_02_T1,20.0,46.0,28.0,8666,19711,5440,0
c2_021,1990-02-12,LANDSAT_4,LT04_L2SP_020046_19900212_20200916_02_T1,20.0,46.0,28.0,8964,18822,5440,0
c2_022,1990-02-12,LANDSAT_4,LT04_L2SP_020046_19900212_20200916_02_T1,20.0,46.0,28.0,9884,17388,5440,0
c2_024,1990-02-12,LANDSAT_4,LT04_L2SP_020046_19900212_20200916_02_T1,20.0,46.0,28.0,7890,9480,7440,0
c2_025,1990-02-12,LANDSAT_4,LT04_L2SP_020046_19900212_20200916_02_T1,20.0,46.0,28.0,9117,18822,5440,0
c2_030,1990-02-12,LANDSAT_4,LT04_L2SP_020046_19900212_20200916_02_T1,20.0,46.0,28.0,8697,17700,5440,0
c3_001,1990-02-12,LANDSAT_4,LT04_L2SP_020046_19900212_20200916_02_T1,20.0,46.0,28.0,9116,18644,5440,0
c3_004,1990-02-12,LANDSAT_4,LT04_L2SP_020046_19900212_20200916_02_T1,20.0,46.0,28.0,9126,18269,5440,0
c3_011,1990-02-12,LANDSAT_4,LT04_L2SP_020046_19900212_20200916_02_T1,20.0,46.0,28.0,9615,17148,5440,0
c3_015,1990-02-12,LANDSAT_4,LT04_L2SP_020046_19900212_20200916_02_T1,20.0,46.0,28.0,8858,18404,5440,0
c3_018,1990-02-12,LANDSAT_4,LT04_L2SP_020046_19900212_20200916_02_T1,20.0,46.0,28.0,8659,16658,5440,0
c3_022,1990-02-12,LANDSAT_4,LT04_L2SP_020046_19900212_20200916_02_T1,20.0,46.0,28.0,9286,16999,5440,0
c3_026,1990-02-12,LANDSAT_4,LT04_L2SP_020046_19900212_20200916_02_T1,20.0,46.0,28.0,9462,17691,5440,0
c3_027,1990-02-12,LANDSAT_4,LT04_L2SP_020046_19900212_20200916_02_T1,20.0,46.0,28.0,9159,17691,5440,0
c3_030,1990-02-12,LANDSAT_4,LT04_L2SP_020046_19900212_20200916_02_T1,20.0,46.0,28.0,8812,11711,7440,0
c4_012,1990-02-12,LANDSAT_4,LT04_L2SP_020046_19900212_20200916_02_T1,20.0,46.0,28.0,10189,15388,5440,0
c4_015,1990-02-12,LANDSAT_4,LT04_L2SP_020046_19900212_20200916_02_T1,20.0,46.0,28.0,9884,16843,5440,0
c1_001,1990-04-01,LANDSAT_4,LT04_L2SP_020046_19900401_20200916_02_T1,20.0,46.0,10.0,9728,17409,5440,0
c1_002,1990-04-01,LANDSAT_4,LT04_L2SP_020046_19900401_20200916_02_T1,20.0,46.0,10.0,9400,15987,5440,0
c1_003,1990-04-01,LANDSAT_4,LT04_L2SP_020046_19900401_20200916_02_T1,20.0,46.0,10.0,9143,16021,5440,0
c1_005,1990-04-01,LANDSAT_4,LT04_L2SP_020046_19900401_20200916_02_T1,20.0,46.0,10.0,9243,17448,5440,0
c1_006,1990-04-01,LANDSAT_4,LT04_L2SP_020046_19900401_20200916_02_T1,20.0,46.0,10.0,9390,17258,5440,0
c1_007,1990-04-01,LANDSAT_4,LT04_L2SP_020046_19900401_20200916_02_T1,20.0,46.0,10.0,9485,17551,5440,0
c1_010,1990-04-01,LANDSAT_4,LT04_L2SP_020046_19900401_20200916_02_T1,20.0,46.0,10.0,10189,16128,5440,0
c1_011,1990-04-01,LANDSAT_4,LT04_L2SP_020046_19900401_20200916_02_T1,20.0,46.0,10.0,9114,17312,5440,0
c1_012,1990-04-01,LANDSAT_4,LT04_L2SP_020046_19900401_20200916_02_T1,20.0,46.0,10.0,8946,15433,5440,0
c1_013,1990-04-01,LANDSAT_4,LT04_L2SP_020046_19900401_20200916_02_T1,20.0,46.0,10.0,9691,15609,5440,0
c1_018,1990-04-01,LANDSAT_4,LT04_L2SP_020046_19900401_20200916_02_T1,20.0,46.0,10.0,8706,17685,5440,0
c1_019,1990-04-01,LANDSAT_4,LT04_L2SP_020046_19900401_20200916_02_T1,20.0,46.0,10.0,10052,15325,5440,0
c1_020,1990-04-01,LANDSAT_4,LT04_L2SP_020046_19900401_20200916_02_T1,20.0,46.0,10.0,9380,15296,5440,0
c1_021,1990-04-01,LANDSAT_4,LT04_L2SP_020046_19900401_20200916_02_T1,20.0,46.0,10.0,8716,16137,5440,0
c1_022,1990-04-01,LANDSAT_4,LT04_L2SP_020046_19900401_20200916_02_T1,20.0,46.0,10.0,8834,18500,5440,0
c1_023,1990-04-01,LANDSAT_4,LT04_L2SP_020046_19900401_20200916_02_T1,20.0,46.0,10.0,8723,17941,5440,0
c1_025,1990-04-01,LANDSAT_4,LT04_L2SP_020046_19900401_20200916_02_T1,20.0,46.0,10.0,9141,16447,5440,0
c1_027,1990-04-01,LANDSAT_4,LT04_L2SP_020046_19900401_20200916_02_T1,20.0,46.0,10.0,8944,17947,5440,0
c1_029,1990-04-01,LANDSAT_4,LT04_L2SP_020046_19900401_20200916_02_T1,20.0,46.0,10.0,9017,19269,5440,0
c1_030,1990-04-01,LANDSAT_4,LT04_L2SP_020046_19900401_20200916_02_T1,20.0,46.0,10.0,9373,16305,5440,0
c2_002,1990-04-01,LANDSAT_4,LT04_L2SP_020046_19900401_20200916_02_T1,20.0,46.0,10.0,9042,12055,5440,0
c2_003,1990-04-01,LANDSAT_4,LT04_L2SP_020046_19900401_20200916_02_T1,20.0,46.0,10.0,8918,14327,5440,0
c2_004,1990-04-01,LANDSAT_4,LT04_L2SP_020046_19900401_20200916_02_T1,20.0,46.0,10.0,9599,15461,5440,0
c2_005,1990-04-01,LANDSAT_4,LT04_L2SP_020046_19900401_20200916_02_T1,20.0,46.0,10.0,9010,18436,5440,0
c2_006,1990-04-01,LANDSAT_4,LT04_L2SP_020046_19900401_20200916_02_T1,20.0,46.0,10.0,9143,17565,5440,0
c2_008,1990-04-01,LANDSAT_4,LT04_L2SP_020046_19900401_20200916_02_T1,20.0,46.0,10.0,9816,15039,5440,0
c2_009,1990-04-01,LANDSAT_4,LT04_L2SP_020046_19900401_20200916_02_T1,20.0,46.0,10.0,9487,14470,5440,0
c2_010,1990-04-01,LANDSAT_4,LT04_L2SP_020046_19900401_20200916_02_T1,20.0,46.0,10.0,9568,16886,5440,0
c2_012,1990-04-01,LANDSAT_4,LT04_L2SP_020046_19900401_20200916_02_T1,20.0,46.0,10.0,9475,16738,5440,0
c2_013,1990-04-01,LANDSAT_4,LT04_L2SP_020046_19900401_20200916_02_T1,20.0,46.0,10.0,9980,16378,5440,0
c2_015,1990-04-01,LANDSAT_4,LT04_L2SP_020046_19900401_20200916_02_T1,20.0,46.0,10.0,9379,17131,5440,0
c2_019,1990-04-01,LANDSAT_4,LT04_L2SP_020046_19900401_20200916_02_T1,20.0,46.0,10.0,9819,17729,5440,0
c2_020,1990-04-01,LANDSAT_4,LT04_L2SP_020046_19900401_20200916_02_T1,20.0,46.0,10.0,9140,18687,5440,0
c2_021,1990-04-01,LANDSAT_4,LT04_L2SP_020046_19900401_20200916_02_T1,20.0,46.0,10.0,9370,17284,5440,0
c2_022,1990-04-01,LANDSAT_4,LT04_L2SP_020046_19900401_20200916_02_T1,20.0,46.0,10.0,10166,16311,5440,0
c2_023,1990-04-01,LANDSAT_4,LT04_L2SP_020046_19900401_20200916_02_T1,20.0,46.0,10.0,9492,17401,5440,0
c2_024,1990-04-01,LANDSAT_4,LT04_L2SP_020046_19900401_20200916_02_T1,20.0,46.0,10.0,9482,15460,5440,0
c2_025,1990-04-01,LANDSAT_4,LT04_L2SP_020046_19900401_20200916_02_T1,20.0,46.0,10.0,9243,17301,5440,0
c2_026,1990-04-01,LANDSAT_4,LT04_L2SP_020046_19900401_20200916_02_T1,20.0,46.0,10.0,8927,13190,5440,0
c2_028,1990-04-01,LANDSAT_4,LT04_L2SP_020046_19900401_20200916_02_T1,20.0,46.0,10.0,8919,18941,5440,0
c2_030,1990-04-01,LANDSAT_4,LT04_L2SP_020046_19900401_20200916_02_T1,20.0,46.0,10.0,9366,17427,5440,0
c3_001,1990-04-01,LANDSAT_4,LT04_L2SP_020046_19900401_20200916_02_T1,20.0,46.0,10.0,9260,16436,5440,0
c3_004,1990-04-01,LANDSAT_4,LT04_L2SP_020046_19900401_20200916_02_T1,20.0,46.0,10.0,9954,16140,5440,0
c3_005,1990-04-01,LANDSAT_4,LT04_L2SP_020046_19900401_20200916_02_T1,20.0,46.0,10.0,9050,18929,5440,0
c3_011,1990-04-01,LANDSAT_4,LT04_L2SP_020046_19900401_20200916_02_T1,20.0,46.0,10.0,9962,16683,5440,0
c3_012,1990-04-01,LANDSAT_4,LT04_L2SP_020046_19900401_20200916_02_T1,20.0,46.0,10.0,9314,17203,5440,0
c3_015,1990-04-01,LANDSAT_4,LT04_L2SP_020046_19900401_20200916_02_T1,20.0,46.0,10.0,9396,16964,5440,0
c3_018,1990-04-01,LANDSAT_4,LT04_L2SP_020046_19900401_20200916_02_T1,20.0,46.0,10.0,8784,18851,5440,0
c3_019,1990-04-01,LANDSAT_4,LT04_L2SP_020046_19900401_20200916_02_T1,20.0,46.0,10.0,8584,20599,5440,0
c3_022,1990-04-01,LANDSAT_4,LT04_L2SP_020046_19900401_20200916_02_T1,20.0,46.0,10.0,9834,15863,5440,0
c3_024,1990-04-01,LANDSAT_4,LT04_L2SP_020046_19900401_20200916_02_T1,20.0,46.0,10.0,9050,10065,5440,0
c3_026,1990-04-01,LANDSAT_4,LT04_L2SP_020046_19900401_20200916_02_T1,20.0,46.0,10.0,9616,16554,5440,0
c3_027,1990-04-01,LANDSAT_4,LT04_L2SP_020046_19900401_20200916_02_T1,20.0,46.0,10.0,10065,16559,5440,0
c3_030,1990-04-01,LANDSAT_4,LT04_L2SP_020046_19900401_20200916_02_T1,20.0,46.0,10.0,10050,15748,5440,0
c4_007,1990-04-01,LANDSAT_4,LT04_L2SP_020046_19900401_20200916_02_T1,20.0,46.0,10.0,9840,15864,5440,0
c4_008,1990-04-01,LANDSAT_4,LT04_L2SP_020046_19900401_20200916_02_T1,20.0,46.0,10.0,10642,16809,5440,0
c4_012,1990-04-01,LANDSAT_4,LT04_L2SP_020046_19900401_20200916_02_T1,20.0,46.0,10.0,10512,14892,5440,0
c4_015,1990-04-01,LANDSAT_4,LT04_L2SP_020046_19900401_20200916_02_T1,20.0,46.0,10.0,10057,15881,5440,0
c4_017,1990-04-01,LANDSAT_4,LT04_L2SP_020046_19900401_20200916_02_T1,20.0,46.0,10.0,10179,15725,5440,0
c4_022,1990-04-01,LANDSAT_4,LT04_L2SP_020046_19900401_20200916_02_T1,20.0,46.0,10.0,10074,16819,5440,0
c4_029,1990-04-01,LANDSAT_4,LT04_L2SP_020046_19900401_20200916_02_T1,20.0,46.0,10.0,10065,15023,5440,0
c1_001,1987-12-12,LANDSAT_4,LT04_L2SP_021045_19871212_20201014_02_T1,21.0,45.0,31.0,10160,16444,5896,0
c1_002,1987-12-12,LANDSAT_4,LT04_L2SP_021045_19871212_20201014_02_T1,21.0,45.0,31.0,9535,15690,5696,0
c1_003,1987-12-12,LANDSAT_4,LT04_L2SP_021045_19871212_20201014_02_T1,21.0,45.0,31.0,9841,15891,5896,0
c1_004,1987-12-12,LANDSAT_4,LT04_L2SP_021045_19871212_20201014_02_T1,21.0,45.0,31.0,9850,16621,5440,0
c1_005,1987-12-12,LANDSAT_4,LT04_L2SP_021045_19871212_20201014_02_T1,21.0,45.0,31.0,9940,18213,5896,0
c1_006,1987-12-12,LANDSAT_4,LT04_L2SP_021045_19871212_20201014_02_T1,21.0,45.0,31.0,9222,16989,5440,0
c1_007,1987-12-12,LANDSAT_4,LT04_L2SP_021045_19871212_20201014_02_T1,21.0,45.0,31.0,8944,18044,5440,0
c1_008,1987-12-12,LANDSAT_4,LT04_L2SP_021045_19871212_20201014_02_T1,21.0,45.0,31.0,8925,17520,5440,0
c1_009,1987-12-12,LANDSAT_4,LT04_L2SP_021045_19871212_20201014_02_T1,21.0,45.0,31.0,9107,16394,5440,0
c1_010,1987-12-12,LANDSAT_4,LT04_L2SP_021045_19871212_20201014_02_T1,21.0,45.0,31.0,9694,15125,5440,0
c1_011,1987-12-12,LANDSAT_4,LT04_L2SP_021045_19871212_20201014_02_T1,21.0,45.0,31.0,8753,16615,5440,0
c1_012,1987-12-12,LANDSAT_4,LT04_L2SP_021045_19871212_20201014_02_T1,21.0,45.0,31.0,9850,15509,5896,0
c1_013,1987-12-12,LANDSAT_4,LT04_L2SP_021045_19871212_20201014_02_T1,21.0,45.0,31.0,9067,15310,5440,0
c1_014,1987-12-12,LANDSAT_4,LT04_L2SP_021045_19871212_20201014_02_T1,21.0,45.0,31.0,9848,17925,7698,0
c1_015,1987-12-12,LANDSAT_4,LT04_L2SP_021045_19871212_20201014_02_T1,21.0,45.0,31.0,9537,16071,5442,0
c1_016,1987-12-12,LANDSAT_4,LT04_L2SP_021045_19871212_20201014_02_T1,21.0,45.0,31.0,8831,18178,5440,0
c1_017,1987-12-12,LANDSAT_4,LT04_L2SP_021045_19871212_20201014_02_T1,21.0,45.0,31.0,9138,16533,5440,0
c1_018,1987-12-12,LANDSAT_4,LT04_L2SP_021045_19871212_20201014_02_T1,21.0,45.0,31.0,9849,17923,5896,0
c1_019,1987-12-12,LANDSAT_4,LT04_L2SP_021045_19871212_20201014_02_T1,21.0,45.0,31.0,9521,12710,5896,0
c1_020,1987-12-12,LANDSAT_4,LT04_L2SP_021045_19871212_20201014_02_T1,21.0,45.0,31.0,8932,15851,5440,0
c1_021,1987-12-12,LANDSAT_4,LT04_L2SP_021045_19871212_20201014_02_T1,21.0,45.0,31.0,9694,15695,5896,0
c1_022,1987-12-12,LANDSAT_4,LT04_L2SP_021045_19871212_20201014_02_T1,21.0,45.0,31.0,9532,18475,5440,0
c1_023,1987-12-12,LANDSAT_4,LT04_L2SP_021045_19871212_20201014_02_T1,21.0,45.0,31.0,9539,17911,5440,0
c1_024,1987-12-12,LANDSAT_4,LT04_L2SP_021045_19871212_20201014_02_T1,21.0,45.0,31.0,9020,17776,5440,0
c1_025,1987-12-12,LANDSAT_4,LT04_L2SP_021045_19871212_20201014_02_T1,21.0,45.0,31.0,9986,17398,5896,0
c1_026,1987-12-12,LANDSAT_4,LT04_L2SP_021045_19871212_20201014_02_T1,21.0,45.0,31.0,8995,15792,5440,0
c1_027,1987-12-12,LANDSAT_4,LT04_L2SP_021045_19871212_20201014_02_T1,21.0,45.0,31.0,9072,17540,5440,0
c1_028,1987-12-12,LANDSAT_4,LT04_L2SP_021045_19871212_20201014_02_T1,21.0,45.0,31.0,8920,18094,5440,0
c1_029,1987-12-12,LANDSAT_4,LT04_L2SP_021045_19871212_20201014_02_T1,21.0,45.0,31.0,10096,18030,5896,0
c1_030,1987-12-12,LANDSAT_4,LT04_L2SP_021045_19871212_20201014_02_T1,21.0,45.0,31.0,9493,16489,7696,0
c2_001,1987-12-12,LANDSAT_4,LT04_L2SP_021045_19871212_20201014_02_T1,21.0,45.0,31.0,8996,16885,5440,0
c2_002,1987-12-12,LANDSAT_4,LT04_L2SP_021045_19871212_20201014_02_T1,21.0,45.0,31.0,10309,13839,5896,0
c2_003,1987-12-12,LANDSAT_4,LT04_L2SP_021045_19871212_20201014_02_T1,21.0,45.0,31.0,9994,14591,5896,0
c2_004,1987-12-12,LANDSAT_4,LT04_L2SP_021045_19871212_20201014_02_T1,21.0,45.0,31.0,9801,15557,5896,0
c2_005,1987-12-12,LANDSAT_4,LT04_L2SP_021045_19871212_20201014_02_T1,21.0,45.0,31.0,9786,18016,5896,0
c2_006,1987-12-12,LANDSAT_4,LT04_L2SP_021045_19871212_20201014_02_T1,21.0,45.0,31.0,9211,18484,5440,0
c2_007,1987-12-12,LANDSAT_4,LT04_L2SP_021045_19871212_20201014_02_T1,21.0,45.0,31.0,9243,16225,5440,0
c2_008,1987-12-12,LANDSAT_4,LT04_L2SP_021045_19871212_20201014_02_T1,21.0,45.0,31.0,9537,15314,5440,0
c2_009,1987-12-12,LANDSAT_4,LT04_L2SP_021045_19871212_20201014_02_T1,21.0,45.0,31.0,10149,12899,5896,0
c2_010,1987-12-12,LANDSAT_4,LT04_L2SP_021045_19871212_20201014_02_T1,21.0,45.0,31.0,8909,16061,5440,0
c2_011,1987-12-12,LANDSAT_4,LT04_L2SP_021045_19871212_20201014_02_T1,21.0,45.0,31.0,9170,16866,5440,0
c2_012,1987-12-12,LANDSAT_4,LT04_L2SP_021045_19871212_20201014_02_T1,21.0,45.0,31.0,9775,17464,5896,0
c2_013,1987-12-12,LANDSAT_4,LT04_L2SP_021045_19871212_20201014_02_T1,21.0,45.0,31.0,9224,14381,5440,0
c2_014,1987-12-12,LANDSAT_4,LT04_L2SP_021045_19871212_20201014_02_T1,21.0,45.0,31.0,9843,18497,5896,0
c2_015,1987-12-12,LANDSAT_4,LT04_L2SP_021045_19871212_20201014_02_T1,21.0,45.0,31.0,9070,17905,5440,0
c2_016,1987-12-12,LANDSAT_4,LT04_L2SP_021045_19871212_20201014_02_T1,21.0,45.0,31.0,9007,14329,5440,0
c2_017,1987-12-12,LANDSAT_4,LT04_L2SP_021045_19871212_20201014_02_T1,21.0,45.0,31.0,9258,15840,5440,0
c2_018,1987-12-12,LANDSAT_4,LT04_L2SP_021045_19871212_20201014_02_T1,21.0,45.0,31.0,9536,16067,5696,0
c2_019,1987-12-12,LANDSAT_4,LT04_L2SP_021045_19871212_20201014_02_T1,21.0,45.0,31.0,9658,15922,5896,0
c2_020,1987-12-12,LANDSAT_4,LT04_L2SP_021045_19871212_20201014_02_T1,21.0,45.0,31.0,9229,18827,5440,0
c2_021,1987-12-12,LANDSAT_4,LT04_L2SP_021045_19871212_20201014_02_T1,21.0,45.0,31.0,9362,17379,5440,0
c2_022,1987-12-12,LANDSAT_4,LT04_L2SP_021045_19871212_20201014_02_T1,21.0,45.0,31.0,10617,15523,5442,0
c2_023,1987-12-12,LANDSAT_4,LT04_L2SP_021045_19871212_20201014_02_T1,21.0,45.0,31.0,8960,15823,5440,0
c2_024,1987-12-12,LANDSAT_4,LT04_L2SP_021045_19871212_20201014_02_T1,21.0,45.0,31.0,10617,16080,5896,0
c2_025,1987-12-12,LANDSAT_4,LT04_L2SP_021045_19871212_20201014_02_T1,21.0,45.0,31.0,9360,17382,5440,0
c2_026,1987-12-12,LANDSAT_4,LT04_L2SP_021045_19871212_20201014_02_T1,21.0,45.0,31.0,9995,14965,5896,0
c2_027,1987-12-12,LANDSAT_4,LT04_L2SP_021045_19871212_20201014_02_T1,21.0,45.0,31.0,9090,18807,5440,0
c2_028,1987-12-12,LANDSAT_4,LT04_L2SP_021045_19871212_20201014_02_T1,21.0,45.0,31.0,8784,18048,5440,0
c2_029,1987-12-12,LANDSAT_4,LT04_L2SP_021045_19871212_20201014_02_T1,21.0,45.0,31.0,8939,17320,5440,0
c2_030,1987-12-12,LANDSAT_4,LT04_L2SP_021045_19871212_20201014_02_T1,21.0,45.0,31.0,9225,16796,5440,0
c10_001,1987-12-12,LANDSAT_4,LT04_L2SP_021045_19871212_20201014_02_T1,21.0,45.0,31.0,9922,14872,5440,0
c10_002,1987-12-12,LANDSAT_4,LT04_L2SP_021045_19871212_20201014_02_T1,21.0,45.0,31.0,9222,17925,5442,0
c10_003,1987-12-12,LANDSAT_4,LT04_L2SP_021045_19871212_20201014_02_T1,21.0,45.0,31.0,9845,12516,5442,0
c10_004,1987-12-12,LANDSAT_4,LT04_L2SP_021045_19871212_20201014_02_T1,21.0,45.0,31.0,10623,12141,5440,0
c10_005,1987-12-12,LANDSAT_4,LT04_L2SP_021045_19871212_20201014_02_T1,21.0,45.0,31.0,9689,16441,5698,0
c3_001,1987-12-12,LANDSAT_4,LT04_L2SP_021045_19871212_20201014_02_T1,21.0,45.0,31.0,9356,17573,5440,0
c3_002,1987-12-12,LANDSAT_4,LT04_L2SP_021045_19871212_20201014_02_T1,21.0,45.0,31.0,8446,17355,5440,0
c3_003,1987-12-12,LANDSAT_4,LT04_L2SP_021045_19871212_20201014_02_T1,21.0,45.0,31.0,8758,16056,5440,0
c3_004,1987-12-12,LANDSAT_4,LT04_L2SP_021045_19871212_20201014_02_T1,21.0,45.0,31.0,9380,17353,5440,0
c3_005,1987-12-12,LANDSAT_4,LT04_L2SP_021045_19871212_20201014_02_T1,21.0,45.0,31.0,9215,17738,5440,0
c3_006,1987-12-12,LANDSAT_4,LT04_L2SP_021045_19871212_20201014_02_T1,21.0,45.0,31.0,8975,18015,5440,0
c3_007,1987-12-12,LANDSAT_4,LT04_L2SP_021045_19871212_20201014_02_T1,21.0,45.0,31.0,8971,16000,5440,0
c3_008,1987-12-12,LANDSAT_4,LT04_L2SP_021045_19871212_20201014_02_T1,21.0,45.0,31.0,9172,18323,5440,0
c3_009,1987-12-12,LANDSAT_4,LT04_L2SP_021045_19871212_20201014_02_T1,21.0,45.0,31.0,9249,18796,5440,0
c3_010,1987-12-12,LANDSAT_4,LT04_L2SP_021045_19871212_20201014_02_T1,21.0,45.0,31.0,9321,19414,5440,0
c3_011,1987-12-12,LANDSAT_4,LT04_L2SP_021045_19871212_20201014_02_T1,21.0,45.0,31.0,9233,17339,5440,0
c3_012,1987-12-12,LANDSAT_4,LT04_L2SP_021045_19871212_20201014_02_T1,21.0,45.0,31.0,8596,16429,5440,0
c3_013,1987-12-12,LANDSAT_4,LT04_L2SP_021045_19871212_20201014_02_T1,21.0,45.0,31.0,9474,19043,5440,0
c3_014,1987-12-12,LANDSAT_4,LT04_L2SP_021045_19871212_20201014_02_T1,21.0,45.0,31.0,9018,19410,5440,0
c3_015,1987-12-12,LANDSAT_4,LT04_L2SP_021045_19871212_20201014_02_T1,21.0,45.0,31.0,9237,17149,5440,0
c3_016,1987-12-12,LANDSAT_4,LT04_L2SP_021045_19871212_20201014_02_T1,21.0,45.0,31.0,9321,18143,5440,0
c3_017,1987-12-12,LANDSAT_4,LT04_L2SP_021045_19871212_20201014_02_T1,21.0,45.0,31.0,9248,17507,5440,0
c3_018,1987-12-12,LANDSAT_4,LT04_L2SP_021045_19871212_20201014_02_T1,21.0,45.0,31.0,10260,18394,5896,0
c3_019,1987-12-12,LANDSAT_4,LT04_L2SP_021045_19871212_20201014_02_T1,21.0,45.0,31.0,8671,17636,5440,0
c3_020,1987-12-12,LANDSAT_4,LT04_L2SP_021045_19871212_20201014_02_T1,21.0,45.0,31.0,8954,17311,5440,0
c3_021,1987-12-12,LANDSAT_4,LT04_L2SP_021045_19871212_20201014_02_T1,21.0,45.0,31.0,9474,17597,5440,0
c3_022,1987-12-12,LANDSAT_4,LT04_L2SP_021045_19871212_20201014_02_T1,21.0,45.0,31.0,9231,16606,5440,0
c3_023,1987-12-12,LANDSAT_4,LT04_L2SP_021045_19871212_20201014_02_T1,21.0,45.0,31.0,9076,15309,5440,0
c3_024,1987-12-12,LANDSAT_4,LT04_L2SP_021045_19871212_20201014_02_T1,21.0,45.0,31.0,10472,14952,5896,0
c3_025,1987-12-12,LANDSAT_4,LT04_L2SP_021045_19871212_20201014_02_T1,21.0,45.0,31.0,9162,17605,5440,0
c3_026,1987-12-12,LANDSAT_4,LT04_L2SP_021045_19871212_20201014_02_T1,21.0,45.0,31.0,9081,17523,5440,0
c3_027,1987-12-12,LANDSAT_4,LT04_L2SP_021045_19871212_20201014_02_T1,21.0,45.0,31.0,9388,16787,5440,0
c3_028,1987-12-12,LANDSAT_4,LT04_L2SP_021045_19871212_20201014_02_T1,21.0,45.0,31.0,9003,19802,5440,0
c3_029,1987-12-12,LANDSAT_4,LT04_L2SP_021045_19871212_20201014_02_T1,21.0,45.0,31.0,10315,13083,5896,0
c3_030,1987-12-12,LANDSAT_4,LT04_L2SP_021045_19871212_20201014_02_T1,21.0,45.0,31.0,9799,15929,7696,0
c4_001,1987-12-12,LANDSAT_4,LT04_L2SP_021045_19871212_20201014_02_T1,21.0,45.0,31.0,13671,16159,5440,0
c4_002,1987-12-12,LANDSAT_4,LT04_L2SP_021045_19871212_20201014_02_T1,21.0,45.0,31.0,11579,15417,5440,0
c4_003,1987-12-12,LANDSAT_4,LT04_L2SP_021045_19871212_20201014_02_T1,21.0,45.0,31.0,10830,10850,5504,0
c4_004,1987-12-12,LANDSAT_4,LT04_L2SP_021045_19871212_20201014_02_T1,21.0,45.0,31.0,11414,10277,5504,0
c4_005,1987-12-12,LANDSAT_4,LT04_L2SP_021045_19871212_20201014_02_T1,21.0,45.0,31.0,10829,10297,5504,0
c4_006,1987-12-12,LANDSAT_4,LT04_L2SP_021045_19871212_20201014_02_T1,21.0,45.0,31.0,12476,12683,5440,0
c4_007,1987-12-12,LANDSAT_4,LT04_L2SP_021045_19871212_20201014_02_T1,21.0,45.0,31.0,10778,14951,5896,0
c4_008,1987-12-12,LANDSAT_4,LT04_L2SP_021045_19871212_20201014_02_T1,21.0,45.0,31.0,10471,17710,5440,0
c4_009,1987-12-12,LANDSAT_4,LT04_L2SP_021045_19871212_20201014_02_T1,21.0,45.0,31.0,10317,14571,5440,0
c4_010,1987-12-12,LANDSAT_4,LT04_L2SP_021045_19871212_20201014_02_T1,21.0,45.0,31.0,11398,12893,5440,0
c4_011,1987-12-12,LANDSAT_4,LT04_L2SP_021045_19871212_20201014_02_T1,21.0,45.0,31.0,10160,14575,5440,0
c4_012,1987-12-12,LANDSAT_4,LT04_L2SP_021045_19871212_20201014_02_T1,21.0,45.0,31.0,9973,14413,7440,0
c4_013,1987-12-12,LANDSAT_4,LT04_L2SP_021045_19871212_20201014_02_T1,21.0,45.0,31.0,12326,12682,5440,0
c4_014,1987-12-12,LANDSAT_4,LT04_L2SP_021045_19871212_20201014_02_T1,21.0,45.0,31.0,12177,12864,5440,0
c4_015,1987-12-12,LANDSAT_4,LT04_L2SP_021045_19871212_20201014_02_T1,21.0,45.0,31.0,10134,15726,7442,0
c4_016,1987-12-12,LANDSAT_4,LT04_L2SP_021045_19871212_20201014_02_T1,21.0,45.0,31.0,11429,11032,5504,0
c4_017,1987-12-12,LANDSAT_4,LT04_L2SP_021045_19871212_20201014_02_T1,21.0,45.0,31.0,10625,15694,5896,0
c4_018,1987-12-12,LANDSAT_4,LT04_L2SP_021045_19871212_20201014_02_T1,21.0,45.0,31.0,10016,14188,5440,0
c4_019,1987-12-12,LANDSAT_4,LT04_L2SP_021045_19871212_20201014_02_T1,21.0,45.0,31.0,10624,12329,5440,0
c4_020,1987-12-12,LANDSAT_4,LT04_L2SP_021045_19871212_20201014_02_T1,21.0,45.0,31.0,9884,13433,5440,0
c4_021,1987-12-12,LANDSAT_4,LT04_L2SP_021045_19871212_20201014_02_T1,21.0,45.0,31.0,11101,10831,5504,0
c4_022,1987-12-12,LANDSAT_4,LT04_L2SP_021045_19871212_20201014_02_T1,21.0,45.0,31.0,9074,17526,5440,0
c4_023,1987-12-12,LANDSAT_4,LT04_L2SP_021045_19871212_20201014_02_T1,21.0,45.0,31.0,10981,11949,5440,0
c4_024,1987-12-12,LANDSAT_4,LT04_L2SP_021045_19871212_20201014_02_T1,21.0,45.0,31.0,12176,13234,5440,0
c4_025,1987-12-12,LANDSAT_4,LT04_L2SP_021045_19871212_20201014_02_T1,21.0,45.0,31.0,12028,14324,5440,0
c4_026,1987-12-12,LANDSAT_4,LT04_L2SP_021045_19871212_20201014_02_T1,21.0,45.0,31.0,10468,12894,7440,0
c4_027,1987-12-12,LANDSAT_4,LT04_L2SP_021045_19871212_20201014_02_T1,21.0,45.0,31.0,12027,12133,5440,0
c4_028,1987-12-12,LANDSAT_4,LT04_L2SP_021045_19871212_20201014_02_T1,21.0,45.0,31.0,12775,14700,5440,0
c4_029,1987-12-12,LANDSAT_4,LT04_L2SP_021045_19871212_20201014_02_T1,21.0,45.0,31.0,10623,16441,5896,0
c4_030,1987-12-12,LANDSAT_4,LT04_L2SP_021045_19871212_20201014_02_T1,21.0,45.0,31.0,11114,12318,5440,0
c5_001,1987-12-12,LANDSAT_4,LT04_L2SP_021045_19871212_20201014_02_T1,21.0,45.0,31.0,9534,16444,5440,0
c5_002,1987-12-12,LANDSAT_4,LT04_L2SP_021045_19871212_20201014_02_T1,21.0,45.0,31.0,9846,13646,5896,0
c5_003,1987-12-12,LANDSAT_4,LT04_L2SP_021045_19871212_20201014_02_T1,21.0,45.0,31.0,10972,15617,5440,0
c5_004,1987-12-12,LANDSAT_4,LT04_L2SP_021045_19871212_20201014_02_T1,21.0,45.0,31.0,9690,17554,5696,0
c5_005,1987-12-12,LANDSAT_4,LT04_L2SP_021045_19871212_20201014_02_T1,21.0,45.0,31.0,10317,12141,5440,0
c5_006,1987-12-12,LANDSAT_4,LT04_L2SP_021045_19871212_20201014_02_T1,21.0,45.0,31.0,9546,12887,5440,0
c5_007,1987-12-12,LANDSAT_4,LT04_L2SP_021045_19871212_20201014_02_T1,21.0,45.0,31.0,10159,14393,5896,0
c5_008,1987-12-12,LANDSAT_4,LT04_L2SP_021045_19871212_20201014_02_T1,21.0,45.0,31.0,10622,12706,5896,0
c5_009,1987-12-12,LANDSAT_4,LT04_L2SP_021045_19871212_20201014_02_T1,21.0,45.0,31.0,9690,16815,5696,0
c5_010,1987-12-12,LANDSAT_4,LT04_L2SP_021045_19871212_20201014_02_T1,21.0,45.0,31.0,9845,11765,5442,0
c5_011,1987-12-12,LANDSAT_4,LT04_L2SP_021045_19871212_20201014_02_T1,21.0,45.0,31.0,10156,13084,5896,0
c5_012,1987-12-12,LANDSAT_4,LT04_L2SP_021045_19871212_20201014_02_T1,21.0,45.0,31.0,9093,16223,5440,0
c5_013,1987-12-12,LANDSAT_4,LT04_L2SP_021045_19871212_20201014_02_T1,21.0,45.0,31.0,9263,18051,5440,0
c5_014,1987-12-12,LANDSAT_4,LT04_L2SP_021045_19871212_20201014_02_T1,21.0,45.0,31.0,9378,16444,5696,0
c5_015,1987-12-12,LANDSAT_4,LT04_L2SP_021045_19871212_20201014_02_T1,21.0,45.0,31.0,10468,11956,5896,0
c5_016,1987-12-12,LANDSAT_4,LT04_L2SP_021045_19871212_20201014_02_T1,21.0,45.0,31.0,9378,16812,5440,0
c5_017,1987-12-12,LANDSAT_4,LT04_L2SP_021045_19871212_20201014_02_T1,21.0,45.0,31.0,9536,16996,5440,0
c5_018,1987-12-12,LANDSAT_4,LT04_L2SP_021045_19871212_20201014_02_T1,21.0,45.0,31.0,9379,17368,5440,0
c5_019,1987-12-12,LANDSAT_4,LT04_L2SP_021045_19871212_20201014_02_T1,21.0,45.0,31.0,9378,17744,5440,0
c5_020,1987-12-12,LANDSAT_4,LT04_L2SP_021045_19871212_20201014_02_T1,21.0,45.0,31.0,9084,16790,5440,0
c5_021,1987-12-12,LANDSAT_4,LT04_L2SP_021045_19871212_20201014_02_T1,21.0,45.0,31.0,10312,11767,5896,0
c5_022,1987-12-12,LANDSAT_4,LT04_L2SP_021045_19871212_20201014_02_T1,21.0,45.0,31.0,9547,13447,5440,0
c5_023,1987-12-12,LANDSAT_4,LT04_L2SP_021045_19871212_20201014_02_T1,21.0,45.0,31.0,9689,13829,5896,0
c5_024,1987-12-12,LANDSAT_4,LT04_L2SP_021045_19871212_20201014_02_T1,21.0,45.0,31.0,8799,18963,5440,0
c5_025,1987-12-12,LANDSAT_4,LT04_L2SP_021045_19871212_20201014_02_T1,21.0,45.0,31.0,10002,15329,5896,0
c5_026,1987-12-12,LANDSAT_4,LT04_L2SP_021045_19871212_20201014_02_T1,21.0,45.0,31.0,9713,14745,5440,0
c5_027,1987-12-12,LANDSAT_4,LT04_L2SP_021045_19871212_20201014_02_T1,21.0,45.0,31.0,10002,13645,5440,0
c5_028,1987-12-12,LANDSAT_4,LT04_L2SP_021045_19871212_20201014_02_T1,21.0,45.0,31.0,9535,17739,5440,0
c5_029,1987-12-12,LANDSAT_4,LT04_L2SP_021045_19871212_20201014_02_T1,21.0,45.0,31.0,9379,16997,5440,0
c5_030,1987-12-12,LANDSAT_4,LT04_L2SP_021045_19871212_20201014_02_T1,21.0,45.0,31.0,9222,18294,5442,0
c1_001,1988-02-14,LANDSAT_4,LT04_L2SP_021045_19880214_20201008_02_T1,21.0,45.0,1.0,8332,15579,5440,32
c1_002,1988-02-14,LANDSAT_4,LT04_L2SP_021045_19880214_20201008_02_T1,21.0,45.0,1.0,8609,14900,5440,0
c1_003,1988-02-14,LANDSAT_4,LT04_L2SP_021045_19880214_20201008_02_T1,21.0,45.0,1.0,8466,16076,5440,32
c1_004,1988-02-14,LANDSAT_4,LT04_L2SP_021045_19880214_20201008_02_T1,21.0,45.0,1.0,8880,15894,5440,0
c1_005,1988-02-14,LANDSAT_4,LT04_L2SP_021045_19880214_20201008_02_T1,21.0,45.0,1.0,8868,17066,5440,32
c1_006,1988-02-14,LANDSAT_4,LT04_L2SP_021045_19880214_20201008_02_T1,21.0,45.0,1.0,8738,16393,5440,32
c1_007,1988-02-14,LANDSAT_4,LT04_L2SP_021045_19880214_20201008_02_T1,21.0,45.0,1.0,8898,16517,5440,32
c1_008,1988-02-14,LANDSAT_4,LT04_L2SP_021045_19880214_20201008_02_T1,21.0,45.0,1.0,8764,16192,5440,32
c1_009,1988-02-14,LANDSAT_4,LT04_L2SP_021045_19880214_20201008_02_T1,21.0,45.0,1.0,8764,15869,5440,32
c1_010,1988-02-14,LANDSAT_4,LT04_L2SP_021045_19880214_20201008_02_T1,21.0,45.0,1.0,8871,13906,5440,32
c1_011,1988-02-14,LANDSAT_4,LT04_L2SP_021045_19880214_20201008_02_T1,21.0,45.0,1.0,8629,16200,5440,32
c1_012,1988-02-14,LANDSAT_4,LT04_L2SP_021045_19880214_20201008_02_T1,21.0,45.0,1.0,8472,15074,5440,0
c1_013,1988-02-14,LANDSAT_4,LT04_L2SP_021045_19880214_20201008_02_T1,21.0,45.0,1.0,8896,14383,5440,32
c1_014,1988-02-14,LANDSAT_4,LT04_L2SP_021045_19880214_20201008_02_T1,21.0,45.0,1.0,8610,17549,5440,32
c1_015,1988-02-14,LANDSAT_4,LT04_L2SP_021045_19880214_20201008_02_T1,21.0,45.0,1.0,8471,14744,5440,32
c1_016,1988-02-14,LANDSAT_4,LT04_L2SP_021045_19880214_20201008_02_T1,21.0,45.0,1.0,8634,16844,5440,0
c1_017,1988-02-14,LANDSAT_4,LT04_L2SP_021045_19880214_20201008_02_T1,21.0,45.0,1.0,8765,15200,5440,32
c1_018,1988-02-14,LANDSAT_4,LT04_L2SP_021045_19880214_20201008_02_T1,21.0,45.0,1.0,8468,17890,5440,32
c1_019,1988-02-14,LANDSAT_4,LT04_L2SP_021045_19880214_20201008_02_T1,21.0,45.0,1.0,8466,12919,5440,32
c1_020,1988-02-14,LANDSAT_4,LT04_L2SP_021045_19880214_20201008_02_T1,21.0,45.0,1.0,8764,14877,5440,32
c1_021,1988-02-14,LANDSAT_4,LT04_L2SP_021045_19880214_20201008_02_T1,21.0,45.0,1.0,8469,13580,5440,32
c1_022,1988-02-14,LANDSAT_4,LT04_L2SP_021045_19880214_20201008_02_T1,21.0,45.0,1.0,8469,17059,5440,32
c1_023,1988-02-14,LANDSAT_4,LT04_L2SP_021045_19880214_20201008_02_T1,21.0,45.0,1.0,8469,16726,5440,32
c1_024,1988-02-14,LANDSAT_4,LT04_L2SP_021045_19880214_20201008_02_T1,21.0,45.0,1.0,8767,16687,5440,32
c1_025,1988-02-14,LANDSAT_4,LT04_L2SP_021045_19880214_20201008_02_T1,21.0,45.0,1.0,8733,15577,5440,32
c1_026,1988-02-14,LANDSAT_4,LT04_L2SP_021045_19880214_20201008_02_T1,21.0,45.0,1.0,8636,15363,5440,32
c1_027,1988-02-14,LANDSAT_4,LT04_L2SP_021045_19880214_20201008_02_T1,21.0,45.0,1.0,8608,16721,5440,32
c1_028,1988-02-14,LANDSAT_4,LT04_L2SP_021045_19880214_20201008_02_T1,21.0,45.0,1.0,8760,18832,5440,32
c1_029,1988-02-14,LANDSAT_4,LT04_L2SP_021045_19880214_20201008_02_T1,21.0,45.0,1.0,8464,16735,5440,0
c1_030,1988-02-14,LANDSAT_4,LT04_L2SP_021045_19880214_20201008_02_T1,21.0,45.0,1.0,8730,15583,5440,32
c2_001,1988-02-14,LANDSAT_4,LT04_L2SP_021045_19880214_20201008_02_T1,21.0,45.0,1.0,8635,16184,5440,32
c2_002,1988-02-14,LANDSAT_4,LT04_L2SP_021045_19880214_20201008_02_T1,21.0,45.0,1.0,8600,11584,5440,32
c2_003,1988-02-14,LANDSAT_4,LT04_L2SP_021045_19880214_20201008_02_T1,21.0,45.0,1.0,8598,13420,5440,0
c2_004,1988-02-14,LANDSAT_4,LT04_L2SP_021045_19880214_20201008_02_T1,21.0,45.0,1.0,9134,14085,5440,32
c2_005,1988-02-14,LANDSAT_4,LT04_L2SP_021045_19880214_20201008_02_T1,21.0,45.0,1.0,8599,16737,5440,32
c2_006,1988-02-14,LANDSAT_4,LT04_L2SP_021045_19880214_20201008_02_T1,21.0,45.0,1.0,8606,16888,5440,32
c2_007,1988-02-14,LANDSAT_4,LT04_L2SP_021045_19880214_20201008_02_T1,21.0,45.0,1.0,8896,15210,5440,32
c2_008,1988-02-14,LANDSAT_4,LT04_L2SP_021045_19880214_20201008_02_T1,21.0,45.0,1.0,8883,14067,5440,0
c2_009,1988-02-14,LANDSAT_4,LT04_L2SP_021045_19880214_20201008_02_T1,21.0,45.0,1.0,9000,11752,5440,32
c2_010,1988-02-14,LANDSAT_4,LT04_L2SP_021045_19880214_20201008_02_T1,21.0,45.0,1.0,8628,16201,5440,32
c2_011,1988-02-14,LANDSAT_4,LT04_L2SP_021045_19880214_20201008_02_T1,21.0,45.0,1.0,8765,15863,5440,32
c2_012,1988-02-14,LANDSAT_4,LT04_L2SP_021045_19880214_20201008_02_T1,21.0,45.0,1.0,8716,15588,5440,32
c2_013,1988-02-14,LANDSAT_4,LT04_L2SP_021045_19880214_20201008_02_T1,21.0,45.0,1.0,9027,14717,5440,32
c2_014,1988-02-14,LANDSAT_4,LT04_L2SP_021045_19880214_20201008_02_T1,21.0,45.0,1.0,8468,17897,5440,32
c2_015,1988-02-14,LANDSAT_4,LT04_L2SP_021045_19880214_20201008_02_T1,21.0,45.0,1.0,8612,16715,5440,0
c2_016,1988-02-14,LANDSAT_4,LT04_L2SP_021045_19880214_20201008_02_T1,21.0,45.0,1.0,8897,13394,5440,32
c2_017,1988-02-14,LANDSAT_4,LT04_L2SP_021045_19880214_20201008_02_T1,21.0,45.0,1.0,8765,15540,5440,32
c2_018,1988-02-14,LANDSAT_4,LT04_L2SP_021045_19880214_20201008_02_T1,21.0,45.0,1.0,8619,15228,5440,32
c2_019,1988-02-14,LANDSAT_4,LT04_L2SP_021045_19880214_20201008_02_T1,21.0,45.0,1.0,8465,15581,5440,32
c2_020,1988-02-14,LANDSAT_4,LT04_L2SP_021045_19880214_20201008_02_T1,21.0,45.0,1.0,8610,17870,5440,32
c2_021,1988-02-14,LANDSAT_4,LT04_L2SP_021045_19880214_20201008_02_T1,21.0,45.0,1.0,8607,16389,5440,32
c2_022,1988-02-14,LANDSAT_4,LT04_L2SP_021045_19880214_20201008_02_T1,21.0,45.0,1.0,9673,14247,5440,32
c2_023,1988-02-14,LANDSAT_4,LT04_L2SP_021045_19880214_20201008_02_T1,21.0,45.0,1.0,8765,14872,5440,32
c2_024,1988-02-14,LANDSAT_4,LT04_L2SP_021045_19880214_20201008_02_T1,21.0,45.0,1.0,9006,14080,5440,32
c2_025,1988-02-14,LANDSAT_4,LT04_L2SP_021045_19880214_20201008_02_T1,21.0,45.0,1.0,8605,16228,5440,0
c2_026,1988-02-14,LANDSAT_4,LT04_L2SP_021045_19880214_20201008_02_T1,21.0,45.0,1.0,8599,13752,5440,32
c2_027,1988-02-14,LANDSAT_4,LT04_L2SP_021045_19880214_20201008_02_T1,21.0,45.0,1.0,8630,18993,5440,32
c2_028,1988-02-14,LANDSAT_4,LT04_L2SP_021045_19880214_20201008_02_T1,21.0,45.0,1.0,8636,16512,5440,32
c2_029,1988-02-14,LANDSAT_4,LT04_L2SP_021045_19880214_20201008_02_T1,21.0,45.0,1.0,8632,16192,5440,32
c2_030,1988-02-14,LANDSAT_4,LT04_L2SP_021045_19880214_20201008_02_T1,21.0,45.0,1.0,8758,16369,5440,0
c10_001,1988-02-14,LANDSAT_4,LT04_L2SP_021045_19880214_20201008_02_T1,21.0,45.0,1.0,9030,13228,5440,32
c10_002,1988-02-14,LANDSAT_4,LT04_L2SP_021045_19880214_20201008_02_T1,21.0,45.0,1.0,8620,17204,5440,32
c10_003,1988-02-14,LANDSAT_4,LT04_L2SP_021045_19880214_20201008_02_T1,21.0,45.0,1.0,9420,11415,5440,32
c10_004,1988-02-14,LANDSAT_4,LT04_L2SP_021045_19880214_20201008_02_T1,21.0,45.0,1.0,9818,10084,5504,32
c10_005,1988-02-14,LANDSAT_4,LT04_L2SP_021045_19880214_20201008_02_T1,21.0,45.0,1.0,8755,16214,5440,32
c3_001,1988-02-14,LANDSAT_4,LT04_L2SP_021045_19880214_20201008_02_T1,21.0,45.0,1.0,8606,16060,5440,32
c3_002,1988-02-14,LANDSAT_4,LT04_L2SP_021045_19880214_20201008_02_T1,21.0,45.0,1.0,8497,16034,5440,0
c3_003,1988-02-14,LANDSAT_4,LT04_L2SP_021045_19880214_20201008_02_T1,21.0,45.0,1.0,8763,16033,5440,32
c3_004,1988-02-14,LANDSAT_4,LT04_L2SP_021045_19880214_20201008_02_T1,21.0,45.0,1.0,8881,15555,5440,32
c3_005,1988-02-14,LANDSAT_4,LT04_L2SP_021045_19880214_20201008_02_T1,21.0,45.0,1.0,8755,16539,5440,32
c3_006,1988-02-14,LANDSAT_4,LT04_L2SP_021045_19880214_20201008_02_T1,21.0,45.0,1.0,8632,16522,5440,32
c3_007,1988-02-14,LANDSAT_4,LT04_L2SP_021045_19880214_20201008_02_T1,21.0,45.0,1.0,8898,15862,5440,32
c3_008,1988-02-14,LANDSAT_4,LT04_L2SP_021045_19880214_20201008_02_T1,21.0,45.0,1.0,8898,17347,5442,32
c3_009,1988-02-14,LANDSAT_4,LT04_L2SP_021045_19880214_20201008_02_T1,21.0,45.0,1.0,8631,18003,5440,32
c3_010,1988-02-14,LANDSAT_4,LT04_L2SP_021045_19880214_20201008_02_T1,21.0,45.0,1.0,9030,16856,5442,32
c3_011,1988-02-14,LANDSAT_4,LT04_L2SP_021045_19880214_20201008_02_T1,21.0,45.0,1.0,8892,15870,5440,32
c3_012,1988-02-14,LANDSAT_4,LT04_L2SP_021045_19880214_20201008_02_T1,21.0,45.0,1.0,8762,16033,5440,32
c3_013,1988-02-14,LANDSAT_4,LT04_L2SP_021045_19880214_20201008_02_T1,21.0,45.0,1.0,9296,18003,5440,32
c3_014,1988-02-14,LANDSAT_4,LT04_L2SP_021045_19880214_20201008_02_T1,21.0,45.0,1.0,8898,18003,5442,32
c3_015,1988-02-14,LANDSAT_4,LT04_L2SP_021045_19880214_20201008_02_T1,21.0,45.0,1.0,8892,15705,5440,32
c3_016,1988-02-14,LANDSAT_4,LT04_L2SP_021045_19880214_20201008_02_T1,21.0,45.0,1.0,9032,16854,5442,32
c3_017,1988-02-14,LANDSAT_4,LT04_L2SP_021045_19880214_20201008_02_T1,21.0,45.0,1.0,9162,15866,5440,32
c3_018,1988-02-14,LANDSAT_4,LT04_L2SP_021045_19880214_20201008_02_T1,21.0,45.0,1.0,8592,16738,5440,32
c3_019,1988-02-14,LANDSAT_4,LT04_L2SP_021045_19880214_20201008_02_T1,21.0,45.0,1.0,8500,16515,5440,32
c3_020,1988-02-14,LANDSAT_4,LT04_L2SP_021045_19880214_20201008_02_T1,21.0,45.0,1.0,8764,16690,5440,0
c3_021,1988-02-14,LANDSAT_4,LT04_L2SP_021045_19880214_20201008_02_T1,21.0,45.0,1.0,9164,16690,5440,32
c3_022,1988-02-14,LANDSAT_4,LT04_L2SP_021045_19880214_20201008_02_T1,21.0,45.0,1.0,8748,15719,5440,32
c3_023,1988-02-14,LANDSAT_4,LT04_L2SP_021045_19880214_20201008_02_T1,21.0,45.0,1.0,8895,14717,5440,32
c3_024,1988-02-14,LANDSAT_4,LT04_L2SP_021045_19880214_20201008_02_T1,21.0,45.0,1.0,8736,12752,5440,32
c3_025,1988-02-14,LANDSAT_4,LT04_L2SP_021045_19880214_20201008_02_T1,21.0,45.0,1.0,8633,16683,5440,32
c3_026,1988-02-14,LANDSAT_4,LT04_L2SP_021045_19880214_20201008_02_T1,21.0,45.0,1.0,8892,15871,5440,0
c3_027,1988-02-14,LANDSAT_4,LT04_L2SP_021045_19880214_20201008_02_T1,21.0,45.0,1.0,9025,16200,5440,32
c3_028,1988-02-14,LANDSAT_4,LT04_L2SP_021045_19880214_20201008_02_T1,21.0,45.0,1.0,8763,18173,5440,32
c3_029,1988-02-14,LANDSAT_4,LT04_L2SP_021045_19880214_20201008_02_T1,21.0,45.0,1.0,8737,10916,5440,32
c3_030,1988-02-14,LANDSAT_4,LT04_L2SP_021045_19880214_20201008_02_T1,21.0,45.0,1.0,8999,14249,5440,0
c4_001,1988-02-14,LANDSAT_4,LT04_L2SP_021045_19880214_20201008_02_T1,21.0,45.0,1.0,12851,12239,13600,32
c4_002,1988-02-14,LANDSAT_4,LT04_L2SP_021045_19880214_20201008_02_T1,21.0,45.0,1.0,11539,13397,13600,32
c4_003,1988-02-14,LANDSAT_4,LT04_L2SP_021045_19880214_20201008_02_T1,21.0,45.0,1.0,11801,9922,5504,32
c4_004,1988-02-14,LANDSAT_4,LT04_L2SP_021045_19880214_20201008_02_T1,21.0,45.0,1.0,11013,9256,5504,32
c4_005,1988-02-14,LANDSAT_4,LT04_L2SP_021045_19880214_20201008_02_T1,21.0,45.0,1.0,11801,9755,5504,32
c4_006,1988-02-14,LANDSAT_4,LT04_L2SP_021045_19880214_20201008_02_T1,21.0,45.0,1.0,12719,10915,5504,32
c4_007,1988-02-14,LANDSAT_4,LT04_L2SP_021045_19880214_20201008_02_T1,21.0,45.0,1.0,9541,13745,5440,32
c4_008,1988-02-14,LANDSAT_4,LT04_L2SP_021045_19880214_20201008_02_T1,21.0,45.0,1.0,10350,16523,5440,32
c4_009,1988-02-14,LANDSAT_4,LT04_L2SP_021045_19880214_20201008_02_T1,21.0,45.0,1.0,9816,14565,5440,32
c4_010,1988-02-14,LANDSAT_4,LT04_L2SP_021045_19880214_20201008_02_T1,21.0,45.0,1.0,10747,11082,5504,32
c4_011,1988-02-14,LANDSAT_4,LT04_L2SP_021045_19880214_20201008_02_T1,21.0,45.0,1.0,9551,13406,5440,32
c4_012,1988-02-14,LANDSAT_4,LT04_L2SP_021045_19880214_20201008_02_T1,21.0,45.0,1.0,9399,13418,5440,32
c4_013,1988-02-14,LANDSAT_4,LT04_L2SP_021045_19880214_20201008_02_T1,21.0,45.0,1.0,12719,10750,5504,32
c4_014,1988-02-14,LANDSAT_4,LT04_L2SP_021045_19880214_20201008_02_T1,21.0,45.0,1.0,12588,10750,5504,32
c4_015,1988-02-14,LANDSAT_4,LT04_L2SP_021045_19880214_20201008_02_T1,21.0,45.0,1.0,9400,14749,5440,32
c4_016,1988-02-14,LANDSAT_4,LT04_L2SP_021045_19880214_20201008_02_T1,21.0,45.0,1.0,12063,9921,5504,32
c4_017,1988-02-14,LANDSAT_4,LT04_L2SP_021045_19880214_20201008_02_T1,21.0,45.0,1.0,9541,14578,5440,32
c4_018,1988-02-14,LANDSAT_4,LT04_L2SP_021045_19880214_20201008_02_T1,21.0,45.0,1.0,9690,13562,5440,32
c4_019,1988-02-14,LANDSAT_4,LT04_L2SP_021045_19880214_20201008_02_T1,21.0,45.0,1.0,9953,10084,5504,32
c4_020,1988-02-14,LANDSAT_4,LT04_L2SP_021045_19880214_20201008_02_T1,21.0,45.0,1.0,9427,11413,5440,32
c4_021,1988-02-14,LANDSAT_4,LT04_L2SP_021045_19880214_20201008_02_T1,21.0,45.0,1.0,10484,10418,5504,32
c4_022,1988-02-14,LANDSAT_4,LT04_L2SP_021045_19880214_20201008_02_T1,21.0,45.0,1.0,8896,16028,5440,0
c4_023,1988-02-14,LANDSAT_4,LT04_L2SP_021045_19880214_20201008_02_T1,21.0,45.0,1.0,10748,10087,5504,32
c4_024,1988-02-14,LANDSAT_4,LT04_L2SP_021045_19880214_20201008_02_T1,21.0,45.0,1.0,12063,11246,5504,32
c4_025,1988-02-14,LANDSAT_4,LT04_L2SP_021045_19880214_20201008_02_T1,21.0,45.0,1.0,11669,11412,5504,32
c4_026,1988-02-14,LANDSAT_4,LT04_L2SP_021045_19880214_20201008_02_T1,21.0,45.0,1.0,9818,11415,5440,32
c4_027,1988-02-14,LANDSAT_4,LT04_L2SP_021045_19880214_20201008_02_T1,21.0,45.0,1.0,11275,10253,5504,32
c4_028,1988-02-14,LANDSAT_4,LT04_L2SP_021045_19880214_20201008_02_T1,21.0,45.0,1.0,12064,10915,5504,32
c4_029,1988-02-14,LANDSAT_4,LT04_L2SP_021045_19880214_20201008_02_T1,21.0,45.0,1.0,9540,15736,5440,32
c4_030,1988-02-14,LANDSAT_4,LT04_L2SP_021045_19880214_20201008_02_T1,21.0,45.0,1.0,10880,9921,5504,32
c5_001,1988-02-14,LANDSAT_4,LT04_L2SP_021045_19880214_20201008_02_T1,21.0,45.0,1.0,8483,15561,5440,0
c5_002,1988-02-14,LANDSAT_4,LT04_L2SP_021045_19880214_20201008_02_T1,21.0,45.0,1.0,8475,12248,5440,32
c5_003,1988-02-14,LANDSAT_4,LT04_L2SP_021045_19880214_20201008_02_T1,21.0,45.0,1.0,10881,14718,5440,32
c5_004,1988-02-14,LANDSAT_4,LT04_L2SP_021045_19880214_20201008_02_T1,21.0,45.0,1.0,8485,16714,5440,32
c5_005,1988-02-14,LANDSAT_4,LT04_L2SP_021045_19880214_20201008_02_T1,21.0,45.0,1.0,9955,10418,5504,32
c5_006,1988-02-14,LANDSAT_4,LT04_L2SP_021045_19880214_20201008_02_T1,21.0,45.0,1.0,9159,12076,5440,32
c5_007,1988-02-14,LANDSAT_4,LT04_L2SP_021045_19880214_20201008_02_T1,21.0,45.0,1.0,8872,13082,5440,32
c5_008,1988-02-14,LANDSAT_4,LT04_L2SP_021045_19880214_20201008_02_T1,21.0,45.0,1.0,9148,10749,5440,32
c5_009,1988-02-14,LANDSAT_4,LT04_L2SP_021045_19880214_20201008_02_T1,21.0,45.0,1.0,9151,15559,5440,32
c5_010,1988-02-14,LANDSAT_4,LT04_L2SP_021045_19880214_20201008_02_T1,21.0,45.0,1.0,9686,10418,5440,32
c5_011,1988-02-14,LANDSAT_4,LT04_L2SP_021045_19880214_20201008_02_T1,21.0,45.0,1.0,9011,10915,5440,32
c5_012,1988-02-14,LANDSAT_4,LT04_L2SP_021045_19880214_20201008_02_T1,21.0,45.0,1.0,8895,14719,5440,32
c5_013,1988-02-14,LANDSAT_4,LT04_L2SP_021045_19880214_20201008_02_T1,21.0,45.0,1.0,9160,17847,5440,32
c5_014,1988-02-14,LANDSAT_4,LT04_L2SP_021045_19880214_20201008_02_T1,21.0,45.0,1.0,8617,16056,5440,32
c5_015,1988-02-14,LANDSAT_4,LT04_L2SP_021045_19880214_20201008_02_T1,21.0,45.0,1.0,9012,9580,5440,32
c5_016,1988-02-14,LANDSAT_4,LT04_L2SP_021045_19880214_20201008_02_T1,21.0,45.0,1.0,8753,16383,5440,32
c5_017,1988-02-14,LANDSAT_4,LT04_L2SP_021045_19880214_20201008_02_T1,21.0,45.0,1.0,8886,16710,5440,32
c5_018,1988-02-14,LANDSAT_4,LT04_L2SP_021045_19880214_20201008_02_T1,21.0,45.0,1.0,8622,16707,5440,0
c5_019,1988-02-14,LANDSAT_4,LT04_L2SP_021045_19880214_20201008_02_T1,21.0,45.0,1.0,8619,17043,5440,0
c5_020,1988-02-14,LANDSAT_4,LT04_L2SP_021045_19880214_20201008_02_T1,21.0,45.0,1.0,8495,17024,5440,32
c5_021,1988-02-14,LANDSAT_4,LT04_L2SP_021045_19880214_20201008_02_T1,21.0,45.0,1.0,9012,9914,5440,32
c5_022,1988-02-14,LANDSAT_4,LT04_L2SP_021045_19880214_20201008_02_T1,21.0,45.0,1.0,9291,11910,5440,32
c5_023,1988-02-14,LANDSAT_4,LT04_L2SP_021045_19880214_20201008_02_T1,21.0,45.0,1.0,9154,12908,5440,32
c5_024,1988-02-14,LANDSAT_4,LT04_L2SP_021045_19880214_20201008_02_T1,21.0,45.0,1.0,8631,19646,5440,32
c5_025,1988-02-14,LANDSAT_4,LT04_L2SP_021045_19880214_20201008_02_T1,21.0,45.0,1.0,8607,13913,5440,32
c5_026,1988-02-14,LANDSAT_4,LT04_L2SP_021045_19880214_20201008_02_T1,21.0,45.0,1.0,9160,13233,5440,32
c5_027,1988-02-14,LANDSAT_4,LT04_L2SP_021045_19880214_20201008_02_T1,21.0,45.0,1.0,8886,13242,5440,32
c5_028,1988-02-14,LANDSAT_4,LT04_L2SP_021045_19880214_20201008_02_T1,21.0,45.0,1.0,8752,17208,5440,32
c5_029,1988-02-14,LANDSAT_4,LT04_L2SP_021045_19880214_20201008_02_T1,21.0,45.0,1.0,9019,16381,5440,32
c5_030,1988-02-14,LANDSAT_4,LT04_L2SP_021045_19880214_20201008_02_T1,21.0,45.0,1.0,8755,18355,5440,0
c1_001,1988-04-02,LANDSAT_4,LT04_L2SP_021045_19880402_20200917_02_T1,21.0,45.0,2.0,8829,16240,5440,0
c1_002,1988-04-02,LANDSAT_4,LT04_L2SP_021045_19880402_20200917_02_T1,21.0,45.0,2.0,9272,16223,5440,0
c1_003,1988-04-02,LANDSAT_4,LT04_L2SP_021045_19880402_20200917_02_T1,21.0,45.0,2.0,8716,17059,5440,0
c1_004,1988-04-02,LANDSAT_4,LT04_L2SP_021045_19880402_20200917_02_T1,21.0,45.0,2.0,9031,16659,5440,0
c1_005,1988-04-02,LANDSAT_4,LT04_L2SP_021045_19880402_20200917_02_T1,21.0,45.0,2.0,9363,17334,5440,0
c1_006,1988-04-02,LANDSAT_4,LT04_L2SP_021045_19880402_20200917_02_T1,21.0,45.0,2.0,9054,16904,5440,0
c1_007,1988-04-02,LANDSAT_4,LT04_L2SP_021045_19880402_20200917_02_T1,21.0,45.0,2.0,9548,16816,5440,0
c1_008,1988-04-02,LANDSAT_4,LT04_L2SP_021045_19880402_20200917_02_T1,21.0,45.0,2.0,9137,17466,5440,0
c1_009,1988-04-02,LANDSAT_4,LT04_L2SP_021045_19880402_20200917_02_T1,21.0,45.0,2.0,9324,17649,5440,0
c1_010,1988-04-02,LANDSAT_4,LT04_L2SP_021045_19880402_20200917_02_T1,21.0,45.0,2.0,9809,15273,5440,0
c1_011,1988-04-02,LANDSAT_4,LT04_L2SP_021045_19880402_20200917_02_T1,21.0,45.0,2.0,9033,17058,5440,0
c1_012,1988-04-02,LANDSAT_4,LT04_L2SP_021045_19880402_20200917_02_T1,21.0,45.0,2.0,8710,16521,5440,0
c1_013,1988-04-02,LANDSAT_4,LT04_L2SP_021045_19880402_20200917_02_T1,21.0,45.0,2.0,9457,15295,5440,0
c1_014,1988-04-02,LANDSAT_4,LT04_L2SP_021045_19880402_20200917_02_T1,21.0,45.0,2.0,8811,18021,5440,0
c1_015,1988-04-02,LANDSAT_4,LT04_L2SP_021045_19880402_20200917_02_T1,21.0,45.0,2.0,8827,16647,5440,0
c1_016,1988-04-02,LANDSAT_4,LT04_L2SP_021045_19880402_20200917_02_T1,21.0,45.0,2.0,8916,18415,5440,0
c1_017,1988-04-02,LANDSAT_4,LT04_L2SP_021045_19880402_20200917_02_T1,21.0,45.0,2.0,9774,16529,5440,0
c1_018,1988-04-02,LANDSAT_4,LT04_L2SP_021045_19880402_20200917_02_T1,21.0,45.0,2.0,8501,18816,5440,0
c1_019,1988-04-02,LANDSAT_4,LT04_L2SP_021045_19880402_20200917_02_T1,21.0,45.0,2.0,9688,13525,5440,0
c1_020,1988-04-02,LANDSAT_4,LT04_L2SP_021045_19880402_20200917_02_T1,21.0,45.0,2.0,9342,15710,5440,0
c1_021,1988-04-02,LANDSAT_4,LT04_L2SP_021045_19880402_20200917_02_T1,21.0,45.0,2.0,8500,14611,5440,0
c1_022,1988-04-02,LANDSAT_4,LT04_L2SP_021045_19880402_20200917_02_T1,21.0,45.0,2.0,8950,17979,5440,0
c1_023,1988-04-02,LANDSAT_4,LT04_L2SP_021045_19880402_20200917_02_T1,21.0,45.0,2.0,8952,17572,5440,0
c1_024,1988-04-02,LANDSAT_4,LT04_L2SP_021045_19880402_20200917_02_T1,21.0,45.0,2.0,15406,20526,5896,0
c1_025,1988-04-02,LANDSAT_4,LT04_L2SP_021045_19880402_20200917_02_T1,21.0,45.0,2.0,9152,15969,5440,0
c1_026,1988-04-02,LANDSAT_4,LT04_L2SP_021045_19880402_20200917_02_T1,21.0,45.0,2.0,9338,16120,5440,0
c1_027,1988-04-02,LANDSAT_4,LT04_L2SP_021045_19880402_20200917_02_T1,21.0,45.0,2.0,8950,17167,5440,0
c1_028,1988-04-02,LANDSAT_4,LT04_L2SP_021045_19880402_20200917_02_T1,21.0,45.0,2.0,9021,18702,5440,0
c1_029,1988-04-02,LANDSAT_4,LT04_L2SP_021045_19880402_20200917_02_T1,21.0,45.0,2.0,9030,17886,5440,0
c1_030,1988-04-02,LANDSAT_4,LT04_L2SP_021045_19880402_20200917_02_T1,21.0,45.0,2.0,9479,16511,5440,0
c2_001,1988-04-02,LANDSAT_4,LT04_L2SP_021045_19880402_20200917_02_T1,21.0,45.0,2.0,9215,16956,5440,0
c2_002,1988-04-02,LANDSAT_4,LT04_L2SP_021045_19880402_20200917_02_T1,21.0,45.0,2.0,9692,12021,5440,0
c2_003,1988-04-02,LANDSAT_4,LT04_L2SP_021045_19880402_20200917_02_T1,21.0,45.0,2.0,9369,13794,5440,0
c2_004,1988-04-02,LANDSAT_4,LT04_L2SP_021045_19880402_20200917_02_T1,21.0,45.0,2.0,9368,14477,5440,0
c2_005,1988-04-02,LANDSAT_4,LT04_L2SP_021045_19880402_20200917_02_T1,21.0,45.0,2.0,9038,17063,5440,0
c2_006,1988-04-02,LANDSAT_4,LT04_L2SP_021045_19880402_20200917_02_T1,21.0,45.0,2.0,9155,17046,5440,0
c2_007,1988-04-02,LANDSAT_4,LT04_L2SP_021045_19880402_20200917_02_T1,21.0,45.0,2.0,9341,16398,5440,0
c2_008,1988-04-02,LANDSAT_4,LT04_L2SP_021045_19880402_20200917_02_T1,21.0,45.0,2.0,9463,14615,5440,0
c2_009,1988-04-02,LANDSAT_4,LT04_L2SP_021045_19880402_20200917_02_T1,21.0,45.0,2.0,10016,12568,5440,0
c2_010,1988-04-02,LANDSAT_4,LT04_L2SP_021045_19880402_20200917_02_T1,21.0,45.0,2.0,9358,17057,5440,0
c2_011,1988-04-02,LANDSAT_4,LT04_L2SP_021045_19880402_20200917_02_T1,21.0,45.0,2.0,9966,17805,5440,0
c2_012,1988-04-02,LANDSAT_4,LT04_L2SP_021045_19880402_20200917_02_T1,21.0,45.0,2.0,9356,15436,5440,0
c2_013,1988-04-02,LANDSAT_4,LT04_L2SP_021045_19880402_20200917_02_T1,21.0,45.0,2.0,9578,16510,5440,0
c2_014,1988-04-02,LANDSAT_4,LT04_L2SP_021045_19880402_20200917_02_T1,21.0,45.0,2.0,8825,16923,5440,0
c2_015,1988-04-02,LANDSAT_4,LT04_L2SP_021045_19880402_20200917_02_T1,21.0,45.0,2.0,9370,16908,5440,0
c2_016,1988-04-02,LANDSAT_4,LT04_L2SP_021045_19880402_20200917_02_T1,21.0,45.0,2.0,11396,15737,7442,0
c2_017,1988-04-02,LANDSAT_4,LT04_L2SP_021045_19880402_20200917_02_T1,21.0,45.0,2.0,9446,17083,5440,0
c2_018,1988-04-02,LANDSAT_4,LT04_L2SP_021045_19880402_20200917_02_T1,21.0,45.0,2.0,9143,15702,5440,0
c2_019,1988-04-02,LANDSAT_4,LT04_L2SP_021045_19880402_20200917_02_T1,21.0,45.0,2.0,9146,17338,5440,0
c2_020,1988-04-02,LANDSAT_4,LT04_L2SP_021045_19880402_20200917_02_T1,21.0,45.0,2.0,9044,18401,5440,0
c2_021,1988-04-02,LANDSAT_4,LT04_L2SP_021045_19880402_20200917_02_T1,21.0,45.0,2.0,9370,16776,5440,0
c2_022,1988-04-02,LANDSAT_4,LT04_L2SP_021045_19880402_20200917_02_T1,21.0,45.0,2.0,10768,15837,5440,0
c2_023,1988-04-02,LANDSAT_4,LT04_L2SP_021045_19880402_20200917_02_T1,21.0,45.0,2.0,9220,16131,5440,0
c2_024,1988-04-02,LANDSAT_4,LT04_L2SP_021045_19880402_20200917_02_T1,21.0,45.0,2.0,9582,14746,5440,0
c2_025,1988-04-02,LANDSAT_4,LT04_L2SP_021045_19880402_20200917_02_T1,21.0,45.0,2.0,9263,16641,5440,0
c2_026,1988-04-02,LANDSAT_4,LT04_L2SP_021045_19880402_20200917_02_T1,21.0,45.0,2.0,9153,13659,5440,0
c2_027,1988-04-02,LANDSAT_4,LT04_L2SP_021045_19880402_20200917_02_T1,21.0,45.0,2.0,8785,19815,5440,0
c2_028,1988-04-02,LANDSAT_4,LT04_L2SP_021045_19880402_20200917_02_T1,21.0,45.0,2.0,9666,17076,5440,0
c2_029,1988-04-02,LANDSAT_4,LT04_L2SP_021045_19880402_20200917_02_T1,21.0,45.0,2.0,9141,17188,5440,0
c2_030,1988-04-02,LANDSAT_4,LT04_L2SP_021045_19880402_20200917_02_T1,21.0,45.0,2.0,9352,16523,5440,0
c10_001,1988-04-02,LANDSAT_4,LT04_L2SP_021045_19880402_20200917_02_T1,21.0,45.0,2.0,12484,18486,5896,0
c10_002,1988-04-02,LANDSAT_4,LT04_L2SP_021045_19880402_20200917_02_T1,21.0,45.0,2.0,9035,17602,5440,0
c10_003,1988-04-02,LANDSAT_4,LT04_L2SP_021045_19880402_20200917_02_T1,21.0,45.0,2.0,9900,13248,5440,0
c10_004,1988-04-02,LANDSAT_4,LT04_L2SP_021045_19880402_20200917_02_T1,21.0,45.0,2.0,11196,13247,5440,0
c10_005,1988-04-02,LANDSAT_4,LT04_L2SP_021045_19880402_20200917_02_T1,21.0,45.0,2.0,9253,16650,5440,0
c3_001,1988-04-02,LANDSAT_4,LT04_L2SP_021045_19880402_20200917_02_T1,21.0,45.0,2.0,9268,16363,5440,0
c3_002,1988-04-02,LANDSAT_4,LT04_L2SP_021045_19880402_20200917_02_T1,21.0,45.0,2.0,9026,18285,5440,0
c3_003,1988-04-02,LANDSAT_4,LT04_L2SP_021045_19880402_20200917_02_T1,21.0,45.0,2.0,9351,18013,5440,0
c3_004,1988-04-02,LANDSAT_4,LT04_L2SP_021045_19880402_20200917_02_T1,21.0,45.0,2.0,9913,15681,5440,0
c3_005,1988-04-02,LANDSAT_4,LT04_L2SP_021045_19880402_20200917_02_T1,21.0,45.0,2.0,8950,17570,5440,0
c3_006,1988-04-02,LANDSAT_4,LT04_L2SP_021045_19880402_20200917_02_T1,21.0,45.0,2.0,8958,18241,5440,0
c3_007,1988-04-02,LANDSAT_4,LT04_L2SP_021045_19880402_20200917_02_T1,21.0,45.0,2.0,9131,17743,5440,0
c3_008,1988-04-02,LANDSAT_4,LT04_L2SP_021045_19880402_20200917_02_T1,21.0,45.0,2.0,15625,19169,5896,0
c3_009,1988-04-02,LANDSAT_4,LT04_L2SP_021045_19880402_20200917_02_T1,21.0,45.0,2.0,9234,18843,5440,0
c3_010,1988-04-02,LANDSAT_4,LT04_L2SP_021045_19880402_20200917_02_T1,21.0,45.0,2.0,9643,15742,7442,0
c3_011,1988-04-02,LANDSAT_4,LT04_L2SP_021045_19880402_20200917_02_T1,21.0,45.0,2.0,9694,16360,5440,0
c3_012,1988-04-02,LANDSAT_4,LT04_L2SP_021045_19880402_20200917_02_T1,21.0,45.0,2.0,9030,18007,5440,0
c3_013,1988-04-02,LANDSAT_4,LT04_L2SP_021045_19880402_20200917_02_T1,21.0,45.0,2.0,15301,19169,5896,0
c3_014,1988-04-02,LANDSAT_4,LT04_L2SP_021045_19880402_20200917_02_T1,21.0,45.0,2.0,18517,21486,5896,0
c3_015,1988-04-02,LANDSAT_4,LT04_L2SP_021045_19880402_20200917_02_T1,21.0,45.0,2.0,9475,16096,5440,0
c3_016,1988-04-02,LANDSAT_4,LT04_L2SP_021045_19880402_20200917_02_T1,21.0,45.0,2.0,15949,19033,5896,0
c3_017,1988-04-02,LANDSAT_4,LT04_L2SP_021045_19880402_20200917_02_T1,21.0,45.0,2.0,9571,17194,5440,0
c3_018,1988-04-02,LANDSAT_4,LT04_L2SP_021045_19880402_20200917_02_T1,21.0,45.0,2.0,8920,17616,5440,0
c3_019,1988-04-02,LANDSAT_4,LT04_L2SP_021045_19880402_20200917_02_T1,21.0,45.0,2.0,8790,18577,5440,0
c3_020,1988-04-02,LANDSAT_4,LT04_L2SP_021045_19880402_20200917_02_T1,21.0,45.0,2.0,9215,18055,5440,0
c3_021,1988-04-02,LANDSAT_4,LT04_L2SP_021045_19880402_20200917_02_T1,21.0,45.0,2.0,15301,18896,5896,0
c3_022,1988-04-02,LANDSAT_4,LT04_L2SP_021045_19880402_20200917_02_T1,21.0,45.0,2.0,9800,15825,5440,0
c3_023,1988-04-02,LANDSAT_4,LT04_L2SP_021045_19880402_20200917_02_T1,21.0,45.0,2.0,9460,15841,5440,0
c3_024,1988-04-02,LANDSAT_4,LT04_L2SP_021045_19880402_20200917_02_T1,21.0,45.0,2.0,9260,12430,5440,0
c3_025,1988-04-02,LANDSAT_4,LT04_L2SP_021045_19880402_20200917_02_T1,21.0,45.0,2.0,10840,18227,5896,0
c3_026,1988-04-02,LANDSAT_4,LT04_L2SP_021045_19880402_20200917_02_T1,21.0,45.0,2.0,9687,16508,5440,0
c3_027,1988-04-02,LANDSAT_4,LT04_L2SP_021045_19880402_20200917_02_T1,21.0,45.0,2.0,9902,16372,5440,0
c3_028,1988-04-02,LANDSAT_4,LT04_L2SP_021045_19880402_20200917_02_T1,21.0,45.0,2.0,8983,17391,5440,0
c3_029,1988-04-02,LANDSAT_4,LT04_L2SP_021045_19880402_20200917_02_T1,21.0,45.0,2.0,9474,12019,5440,0
c3_030,1988-04-02,LANDSAT_4,LT04_L2SP_021045_19880402_20200917_02_T1,21.0,45.0,2.0,10011,15296,5440,0
c4_001,1988-04-02,LANDSAT_4,LT04_L2SP_021045_19880402_20200917_02_T1,21.0,45.0,2.0,23353,25794,5896,0
c4_002,1988-04-02,LANDSAT_4,LT04_L2SP_021045_19880402_20200917_02_T1,21.0,45.0,2.0,15302,17390,5896,0
c4_003,1988-04-02,LANDSAT_4,LT04_L2SP_021045_19880402_20200917_02_T1,21.0,45.0,2.0,18835,20803,5896,0
c4_004,1988-04-02,LANDSAT_4,LT04_L2SP_021045_19880402_20200917_02_T1,21.0,45.0,2.0,15086,15469,5440,0
c4_005,1988-04-02,LANDSAT_4,LT04_L2SP_021045_19880402_20200917_02_T1,21.0,45.0,2.0,20534,22300,5896,1
c4_006,1988-04-02,LANDSAT_4,LT04_L2SP_021045_19880402_20200917_02_T1,21.0,45.0,2.0,19899,21757,5896,0
c4_007,1988-04-02,LANDSAT_4,LT04_L2SP_021045_19880402_20200917_02_T1,21.0,45.0,2.0,9795,15020,5440,0
c4_008,1988-04-02,LANDSAT_4,LT04_L2SP_021045_19880402_20200917_02_T1,21.0,45.0,2.0,11198,16221,5440,0
c4_009,1988-04-02,LANDSAT_4,LT04_L2SP_021045_19880402_20200917_02_T1,21.0,45.0,2.0,10658,15562,5440,0
c4_010,1988-04-02,LANDSAT_4,LT04_L2SP_021045_19880402_20200917_02_T1,21.0,45.0,2.0,12591,13385,5440,0
c4_011,1988-04-02,LANDSAT_4,LT04_L2SP_021045_19880402_20200917_02_T1,21.0,45.0,2.0,10009,14883,5440,0
c4_012,1988-04-02,LANDSAT_4,LT04_L2SP_021045_19880402_20200917_02_T1,21.0,45.0,2.0,10234,14337,5440,0
c4_013,1988-04-02,LANDSAT_4,LT04_L2SP_021045_19880402_20200917_02_T1,21.0,45.0,2.0,20217,22166,5896,0
c4_014,1988-04-02,LANDSAT_4,LT04_L2SP_021045_19880402_20200917_02_T1,21.0,45.0,2.0,18941,20939,5896,0
c4_015,1988-04-02,LANDSAT_4,LT04_L2SP_021045_19880402_20200917_02_T1,21.0,45.0,2.0,9587,15289,5440,0
c4_016,1988-04-02,LANDSAT_4,LT04_L2SP_021045_19880402_20200917_02_T1,21.0,45.0,2.0,20746,22572,5896,0
c4_017,1988-04-02,LANDSAT_4,LT04_L2SP_021045_19880402_20200917_02_T1,21.0,45.0,2.0,10118,15704,5440,0
c4_018,1988-04-02,LANDSAT_4,LT04_L2SP_021045_19880402_20200917_02_T1,21.0,45.0,2.0,10318,14760,5440,0
c4_019,1988-04-02,LANDSAT_4,LT04_L2SP_021045_19880402_20200917_02_T1,21.0,45.0,2.0,12805,14883,5440,0
c4_020,1988-04-02,LANDSAT_4,LT04_L2SP_021045_19880402_20200917_02_T1,21.0,45.0,2.0,12810,15866,5440,0
c4_021,1988-04-02,LANDSAT_4,LT04_L2SP_021045_19880402_20200917_02_T1,21.0,45.0,2.0,13246,14362,5440,0
c4_022,1988-04-02,LANDSAT_4,LT04_L2SP_021045_19880402_20200917_02_T1,21.0,45.0,2.0,9911,16489,5440,0
c4_023,1988-04-02,LANDSAT_4,LT04_L2SP_021045_19880402_20200917_02_T1,21.0,45.0,2.0,17233,19576,5896,0
c4_024,1988-04-02,LANDSAT_4,LT04_L2SP_021045_19880402_20200917_02_T1,21.0,45.0,2.0,18934,20660,5896,0
c4_025,1988-04-02,LANDSAT_4,LT04_L2SP_021045_19880402_20200917_02_T1,21.0,45.0,2.0,18728,21074,5896,0
c4_026,1988-04-02,LANDSAT_4,LT04_L2SP_021045_19880402_20200917_02_T1,21.0,45.0,2.0,10548,14069,5440,0
c4_027,1988-04-02,LANDSAT_4,LT04_L2SP_021045_19880402_20200917_02_T1,21.0,45.0,2.0,17764,18890,5896,0
c4_028,1988-04-02,LANDSAT_4,LT04_L2SP_021045_19880402_20200917_02_T1,21.0,45.0,2.0,22199,24850,5896,0
c4_029,1988-04-02,LANDSAT_4,LT04_L2SP_021045_19880402_20200917_02_T1,21.0,45.0,2.0,9904,17060,5440,0
c4_030,1988-04-02,LANDSAT_4,LT04_L2SP_021045_19880402_20200917_02_T1,21.0,45.0,2.0,17438,18610,5440,0
c5_001,1988-04-02,LANDSAT_4,LT04_L2SP_021045_19880402_20200917_02_T1,21.0,45.0,2.0,9254,15427,5440,0
c5_002,1988-04-02,LANDSAT_4,LT04_L2SP_021045_19880402_20200917_02_T1,21.0,45.0,2.0,9364,13385,5440,0
c5_003,1988-04-02,LANDSAT_4,LT04_L2SP_021045_19880402_20200917_02_T1,21.0,45.0,2.0,14547,18893,7440,0
c5_004,1988-04-02,LANDSAT_4,LT04_L2SP_021045_19880402_20200917_02_T1,21.0,45.0,2.0,9359,16654,5440,0
c5_005,1988-04-02,LANDSAT_4,LT04_L2SP_021045_19880402_20200917_02_T1,21.0,45.0,2.0,12916,14486,5440,0
c5_006,1988-04-02,LANDSAT_4,LT04_L2SP_021045_19880402_20200917_02_T1,21.0,45.0,2.0,10318,14077,5440,0
c5_007,1988-04-02,LANDSAT_4,LT04_L2SP_021045_19880402_20200917_02_T1,21.0,45.0,2.0,9042,13793,5440,0
c5_008,1988-04-02,LANDSAT_4,LT04_L2SP_021045_19880402_20200917_02_T1,21.0,45.0,2.0,10120,12155,5440,0
c5_009,1988-04-02,LANDSAT_4,LT04_L2SP_021045_19880402_20200917_02_T1,21.0,45.0,2.0,10117,14613,5440,0
c5_010,1988-04-02,LANDSAT_4,LT04_L2SP_021045_19880402_20200917_02_T1,21.0,45.0,2.0,10440,11744,5440,0
c5_011,1988-04-02,LANDSAT_4,LT04_L2SP_021045_19880402_20200917_02_T1,21.0,45.0,2.0,9689,12155,5440,0
c5_012,1988-04-02,LANDSAT_4,LT04_L2SP_021045_19880402_20200917_02_T1,21.0,45.0,2.0,9764,16962,5440,0
c5_013,1988-04-02,LANDSAT_4,LT04_L2SP_021045_19880402_20200917_02_T1,21.0,45.0,2.0,9975,18208,5440,0
c5_014,1988-04-02,LANDSAT_4,LT04_L2SP_021045_19880402_20200917_02_T1,21.0,45.0,2.0,8928,16516,5440,0
c5_015,1988-04-02,LANDSAT_4,LT04_L2SP_021045_19880402_20200917_02_T1,21.0,45.0,2.0,10338,11472,5440,0
c5_016,1988-04-02,LANDSAT_4,LT04_L2SP_021045_19880402_20200917_02_T1,21.0,45.0,2.0,9252,16654,5440,0
c5_017,1988-04-02,LANDSAT_4,LT04_L2SP_021045_19880402_20200917_02_T1,21.0,45.0,2.0,9577,16108,5440,0
c5_018,1988-04-02,LANDSAT_4,LT04_L2SP_021045_19880402_20200917_02_T1,21.0,45.0,2.0,9256,17866,5440,0
c5_019,1988-04-02,LANDSAT_4,LT04_L2SP_021045_19880402_20200917_02_T1,21.0,45.0,2.0,9141,16927,5440,0
c5_020,1988-04-02,LANDSAT_4,LT04_L2SP_021045_19880402_20200917_02_T1,21.0,45.0,2.0,9113,17639,5440,0
c5_021,1988-04-02,LANDSAT_4,LT04_L2SP_021045_19880402_20200917_02_T1,21.0,45.0,2.0,10336,11472,5440,0
c5_022,1988-04-02,LANDSAT_4,LT04_L2SP_021045_19880402_20200917_02_T1,21.0,45.0,2.0,10968,14217,5440,0
c5_023,1988-04-02,LANDSAT_4,LT04_L2SP_021045_19880402_20200917_02_T1,21.0,45.0,2.0,9469,14610,5440,0
c5_024,1988-04-02,LANDSAT_4,LT04_L2SP_021045_19880402_20200917_02_T1,21.0,45.0,2.0,9212,19016,5440,0
c5_025,1988-04-02,LANDSAT_4,LT04_L2SP_021045_19880402_20200917_02_T1,21.0,45.0,2.0,9151,14747,5440,0
c5_026,1988-04-02,LANDSAT_4,LT04_L2SP_021045_19880402_20200917_02_T1,21.0,45.0,2.0,11181,15047,5440,0
c5_027,1988-04-02,LANDSAT_4,LT04_L2SP_021045_19880402_20200917_02_T1,21.0,45.0,2.0,9791,15023,5440,0
c5_028,1988-04-02,LANDSAT_4,LT04_L2SP_021045_19880402_20200917_02_T1,21.0,45.0,2.0,9359,17062,5440,0
c5_029,1988-04-02,LANDSAT_4,LT04_L2SP_021045_19880402_20200917_02_T1,21.0,45.0,2.0,9468,16516,5440,0
c5_030,1988-04-02,LANDSAT_4,LT04_L2SP_021045_19880402_20200917_02_T1,21.0,45.0,2.0,9037,18275,5440,0
c1_001,1988-05-20,LANDSAT_4,LT04_L2SP_021045_19880520_20200917_02_T1,21.0,45.0,1.0,11767,18919,5440,0
c1_002,1988-05-20,LANDSAT_4,LT04_L2SP_021045_19880520_20200917_02_T1,21.0,45.0,1.0,11290,18334,5440,0
c1_003,1988-05-20,LANDSAT_4,LT04_L2SP_021045_19880520_20200917_02_T1,21.0,45.0,1.0,11045,19066,5440,0
c1_004,1988-05-20,LANDSAT_4,LT04_L2SP_021045_19880520_20200917_02_T1,21.0,45.0,1.0,10101,17031,5440,0
c1_005,1988-05-20,LANDSAT_4,LT04_L2SP_021045_19880520_20200917_02_T1,21.0,45.0,1.0,9832,17789,5440,0
c1_006,1988-05-20,LANDSAT_4,LT04_L2SP_021045_19880520_20200917_02_T1,21.0,45.0,1.0,9962,17486,5440,0
c1_007,1988-05-20,LANDSAT_4,LT04_L2SP_021045_19880520_20200917_02_T1,21.0,45.0,1.0,10368,17410,5440,0
c1_008,1988-05-20,LANDSAT_4,LT04_L2SP_021045_19880520_20200917_02_T1,21.0,45.0,1.0,9892,16989,5440,0
c1_009,1988-05-20,LANDSAT_4,LT04_L2SP_021045_19880520_20200917_02_T1,21.0,45.0,1.0,10841,17695,5440,0
c1_010,1988-05-20,LANDSAT_4,LT04_L2SP_021045_19880520_20200917_02_T1,21.0,45.0,1.0,10927,16909,5440,0
c1_011,1988-05-20,LANDSAT_4,LT04_L2SP_021045_19880520_20200917_02_T1,21.0,45.0,1.0,10125,16997,5440,0
c1_012,1988-05-20,LANDSAT_4,LT04_L2SP_021045_19880520_20200917_02_T1,21.0,45.0,1.0,11651,18756,5440,0
c1_013,1988-05-20,LANDSAT_4,LT04_L2SP_021045_19880520_20200917_02_T1,21.0,45.0,1.0,10482,15998,5440,0
c1_014,1988-05-20,LANDSAT_4,LT04_L2SP_021045_19880520_20200917_02_T1,21.0,45.0,1.0,10222,17888,5440,0
c1_015,1988-05-20,LANDSAT_4,LT04_L2SP_021045_19880520_20200917_02_T1,21.0,45.0,1.0,12838,19746,5440,0
c1_016,1988-05-20,LANDSAT_4,LT04_L2SP_021045_19880520_20200917_02_T1,21.0,45.0,1.0,9664,18525,5440,0
c1_018,1988-05-20,LANDSAT_4,LT04_L2SP_021045_19880520_20200917_02_T1,21.0,45.0,1.0,9966,18626,5440,0
c1_019,1988-05-20,LANDSAT_4,LT04_L2SP_021045_19880520_20200917_02_T1,21.0,45.0,1.0,14379,20067,5440,0
c1_020,1988-05-20,LANDSAT_4,LT04_L2SP_021045_19880520_20200917_02_T1,21.0,45.0,1.0,10249,15849,5440,0
c1_021,1988-05-20,LANDSAT_4,LT04_L2SP_021045_19880520_20200917_02_T1,21.0,45.0,1.0,11769,17335,5440,0
c1_022,1988-05-20,LANDSAT_4,LT04_L2SP_021045_19880520_20200917_02_T1,21.0,45.0,1.0,9716,18778,5440,0
c1_023,1988-05-20,LANDSAT_4,LT04_L2SP_021045_19880520_20200917_02_T1,21.0,45.0,1.0,9597,18346,5440,0
c1_024,1988-05-20,LANDSAT_4,LT04_L2SP_021045_19880520_20200917_02_T1,21.0,45.0,1.0,11665,17825,5440,0
c1_025,1988-05-20,LANDSAT_4,LT04_L2SP_021045_19880520_20200917_02_T1,21.0,45.0,1.0,10200,16919,5440,0
c1_027,1988-05-20,LANDSAT_4,LT04_L2SP_021045_19880520_20200917_02_T1,21.0,45.0,1.0,9729,17904,5440,0
c1_028,1988-05-20,LANDSAT_4,LT04_L2SP_021045_19880520_20200917_02_T1,21.0,45.0,1.0,10356,18141,5440,0
c1_029,1988-05-20,LANDSAT_4,LT04_L2SP_021045_19880520_20200917_02_T1,21.0,45.0,1.0,9710,18650,5440,0
c1_030,1988-05-20,LANDSAT_4,LT04_L2SP_021045_19880520_20200917_02_T1,21.0,45.0,1.0,10561,17068,5440,0
c2_002,1988-05-20,LANDSAT_4,LT04_L2SP_021045_19880520_20200917_02_T1,21.0,45.0,1.0,14962,18062,5440,0
c2_003,1988-05-20,LANDSAT_4,LT04_L2SP_021045_19880520_20200917_02_T1,21.0,45.0,1.0,12841,17064,5440,0
c2_004,1988-05-20,LANDSAT_4,LT04_L2SP_021045_19880520_20200917_02_T1,21.0,45.0,1.0,10320,15623,5440,0
c2_005,1988-05-20,LANDSAT_4,LT04_L2SP_021045_19880520_20200917_02_T1,21.0,45.0,1.0,9711,18505,5440,0
c2_006,1988-05-20,LANDSAT_4,LT04_L2SP_021045_19880520_20200917_02_T1,21.0,45.0,1.0,9961,17487,5440,0
c2_007,1988-05-20,LANDSAT_4,LT04_L2SP_021045_19880520_20200917_02_T1,21.0,45.0,1.0,10482,16570,5440,0
c2_008,1988-05-20,LANDSAT_4,LT04_L2SP_021045_19880520_20200917_02_T1,21.0,45.0,1.0,10460,15884,5440,0
c2_009,1988-05-20,LANDSAT_4,LT04_L2SP_021045_19880520_20200917_02_T1,21.0,45.0,1.0,14496,17928,5440,0
c2_010,1988-05-20,LANDSAT_4,LT04_L2SP_021045_19880520_20200917_02_T1,21.0,45.0,1.0,10126,17140,5440,0
c2_012,1988-05-20,LANDSAT_4,LT04_L2SP_021045_19880520_20200917_02_T1,21.0,45.0,1.0,10318,16347,5440,0
c2_013,1988-05-20,LANDSAT_4,LT04_L2SP_021045_19880520_20200917_02_T1,21.0,45.0,1.0,10715,16433,5440,0
c2_014,1988-05-20,LANDSAT_4,LT04_L2SP_021045_19880520_20200917_02_T1,21.0,45.0,1.0,10688,17344,5440,0
c2_015,1988-05-20,LANDSAT_4,LT04_L2SP_021045_19880520_20200917_02_T1,21.0,45.0,1.0,10326,16619,5440,0
c2_016,1988-05-20,LANDSAT_4,LT04_L2SP_021045_19880520_20200917_02_T1,21.0,45.0,1.0,12833,17120,5440,0
c2_017,1988-05-20,LANDSAT_4,LT04_L2SP_021045_19880520_20200917_02_T1,21.0,45.0,1.0,10602,16849,5440,0
c2_018,1988-05-20,LANDSAT_4,LT04_L2SP_021045_19880520_20200917_02_T1,21.0,45.0,1.0,10229,16305,5440,0
c2_019,1988-05-20,LANDSAT_4,LT04_L2SP_021045_19880520_20200917_02_T1,21.0,45.0,1.0,13079,20355,5440,0
c2_020,1988-05-20,LANDSAT_4,LT04_L2SP_021045_19880520_20200917_02_T1,21.0,45.0,1.0,9853,18609,5440,0
c2_021,1988-05-20,LANDSAT_4,LT04_L2SP_021045_19880520_20200917_02_T1,21.0,45.0,1.0,9961,16913,5440,0
c2_022,1988-05-20,LANDSAT_4,LT04_L2SP_021045_19880520_20200917_02_T1,21.0,45.0,1.0,11526,16774,5440,0
c2_023,1988-05-20,LANDSAT_4,LT04_L2SP_021045_19880520_20200917_02_T1,21.0,45.0,1.0,9900,16836,5440,0
c2_024,1988-05-20,LANDSAT_4,LT04_L2SP_021045_19880520_20200917_02_T1,21.0,45.0,1.0,10685,16049,5440,0
c2_025,1988-05-20,LANDSAT_4,LT04_L2SP_021045_19880520_20200917_02_T1,21.0,45.0,1.0,9960,17201,5440,0
c2_026,1988-05-20,LANDSAT_4,LT04_L2SP_021045_19880520_20200917_02_T1,21.0,45.0,1.0,12602,17920,5440,0
c2_027,1988-05-20,LANDSAT_4,LT04_L2SP_021045_19880520_20200917_02_T1,21.0,45.0,1.0,10243,18272,5440,0
c2_028,1988-05-20,LANDSAT_4,LT04_L2SP_021045_19880520_20200917_02_T1,21.0,45.0,1.0,10133,16984,5440,0
c2_029,1988-05-20,LANDSAT_4,LT04_L2SP_021045_19880520_20200917_02_T1,21.0,45.0,1.0,10012,16844,5440,0
c2_030,1988-05-20,LANDSAT_4,LT04_L2SP_021045_19880520_20200917_02_T1,21.0,45.0,1.0,10106,17164,5440,0
c10_001,1988-05-20,LANDSAT_4,LT04_L2SP_021045_19880520_20200917_02_T1,21.0,45.0,1.0,12950,18108,5440,0
c10_002,1988-05-20,LANDSAT_4,LT04_L2SP_021045_19880520_20200917_02_T1,21.0,45.0,1.0,10948,17155,5440,0
c10_003,1988-05-20,LANDSAT_4,LT04_L2SP_021045_19880520_20200917_02_T1,21.0,45.0,1.0,13656,16870,5440,0
c10_004,1988-05-20,LANDSAT_4,LT04_L2SP_021045_19880520_20200917_02_T1,21.0,45.0,1.0,15510,18572,5440,0
c10_005,1988-05-20,LANDSAT_4,LT04_L2SP_021045_19880520_20200917_02_T1,21.0,45.0,1.0,11067,16726,5440,0
c3_001,1988-05-20,LANDSAT_4,LT04_L2SP_021045_19880520_20200917_02_T1,21.0,45.0,1.0,10081,16482,5440,0
c3_002,1988-05-20,LANDSAT_4,LT04_L2SP_021045_19880520_20200917_02_T1,21.0,45.0,1.0,9656,19245,5440,0
c3_003,1988-05-20,LANDSAT_4,LT04_L2SP_021045_19880520_20200917_02_T1,21.0,45.0,1.0,10130,17272,5440,0
c3_004,1988-05-20,LANDSAT_4,LT04_L2SP_021045_19880520_20200917_02_T1,21.0,45.0,1.0,10684,16334,5440,0
c3_005,1988-05-20,LANDSAT_4,LT04_L2SP_021045_19880520_20200917_02_T1,21.0,45.0,1.0,9750,18866,5440,0
c3_006,1988-05-20,LANDSAT_4,LT04_L2SP_021045_19880520_20200917_02_T1,21.0,45.0,1.0,10606,17974,5440,0
c3_007,1988-05-20,LANDSAT_4,LT04_L2SP_021045_19880520_20200917_02_T1,21.0,45.0,1.0,9894,17550,5440,0
c3_008,1988-05-20,LANDSAT_4,LT04_L2SP_021045_19880520_20200917_02_T1,21.0,45.0,1.0,11314,17260,5440,0
c3_009,1988-05-20,LANDSAT_4,LT04_L2SP_021045_19880520_20200917_02_T1,21.0,45.0,1.0,10008,19812,5440,0
c3_010,1988-05-20,LANDSAT_4,LT04_L2SP_021045_19880520_20200917_02_T1,21.0,45.0,1.0,11195,16701,5440,0
c3_011,1988-05-20,LANDSAT_4,LT04_L2SP_021045_19880520_20200917_02_T1,21.0,45.0,1.0,10226,16876,5440,0
c3_012,1988-05-20,LANDSAT_4,LT04_L2SP_021045_19880520_20200917_02_T1,21.0,45.0,1.0,9888,18553,5440,0
c3_013,1988-05-20,LANDSAT_4,LT04_L2SP_021045_19880520_20200917_02_T1,21.0,45.0,1.0,11665,17260,5440,0
c3_014,1988-05-20,LANDSAT_4,LT04_L2SP_021045_19880520_20200917_02_T1,21.0,45.0,1.0,11078,17966,5440,0
c3_015,1988-05-20,LANDSAT_4,LT04_L2SP_021045_19880520_20200917_02_T1,21.0,45.0,1.0,10345,16450,5440,0
c3_016,1988-05-20,LANDSAT_4,LT04_L2SP_021045_19880520_20200917_02_T1,21.0,45.0,1.0,11196,16694,5440,0
c3_017,1988-05-20,LANDSAT_4,LT04_L2SP_021045_19880520_20200917_02_T1,21.0,45.0,1.0,10246,17417,5440,0
c3_018,1988-05-20,LANDSAT_4,LT04_L2SP_021045_19880520_20200917_02_T1,21.0,45.0,1.0,9589,18933,5440,0
c3_019,1988-05-20,LANDSAT_4,LT04_L2SP_021045_19880520_20200917_02_T1,21.0,45.0,1.0,9550,19221,5440,0
c3_020,1988-05-20,LANDSAT_4,LT04_L2SP_021045_19880520_20200917_02_T1,21.0,45.0,1.0,11076,17836,5440,0
c3_021,1988-05-20,LANDSAT_4,LT04_L2SP_021045_19880520_20200917_02_T1,21.0,45.0,1.0,11900,16410,5440,0
c3_022,1988-05-20,LANDSAT_4,LT04_L2SP_021045_19880520_20200917_02_T1,21.0,45.0,1.0,10450,16470,5440,0
c3_023,1988-05-20,LANDSAT_4,LT04_L2SP_021045_19880520_20200917_02_T1,21.0,45.0,1.0,10250,16278,5440,0
c3_024,1988-05-20,LANDSAT_4,LT04_L2SP_021045_19880520_20200917_02_T1,21.0,45.0,1.0,13076,15901,5440,0
c3_026,1988-05-20,LANDSAT_4,LT04_L2SP_021045_19880520_20200917_02_T1,21.0,45.0,1.0,10465,16591,5440,0
c3_027,1988-05-20,LANDSAT_4,LT04_L2SP_021045_19880520_20200917_02_T1,21.0,45.0,1.0,10466,16590,5440,0
c3_028,1988-05-20,LANDSAT_4,LT04_L2SP_021045_19880520_20200917_02_T1,21.0,45.0,1.0,10720,17981,5440,0
c3_029,1988-05-20,LANDSAT_4,LT04_L2SP_021045_19880520_20200917_02_T1,21.0,45.0,1.0,14019,17765,5440,0
c3_030,1988-05-20,LANDSAT_4,LT04_L2SP_021045_19880520_20200917_02_T1,21.0,45.0,1.0,10803,16346,5440,0
c4_001,1988-05-20,LANDSAT_4,LT04_L2SP_021045_19880520_20200917_02_T1,21.0,45.0,1.0,21655,25043,5440,0
c4_002,1988-05-20,LANDSAT_4,LT04_L2SP_021045_19880520_20200917_02_T1,21.0,45.0,1.0,17532,20771,5440,0
c4_003,1988-05-20,LANDSAT_4,LT04_L2SP_021045_19880520_20200917_02_T1,21.0,45.0,1.0,18542,20906,5440,0
c4_004,1988-05-20,LANDSAT_4,LT04_L2SP_021045_19880520_20200917_02_T1,21.0,45.0,1.0,19229,21894,5440,0
c4_005,1988-05-20,LANDSAT_4,LT04_L2SP_021045_19880520_20200917_02_T1,21.0,45.0,1.0,22303,25169,5440,0
c4_006,1988-05-20,LANDSAT_4,LT04_L2SP_021045_19880520_20200917_02_T1,21.0,45.0,1.0,21646,24214,5440,0
c4_007,1988-05-20,LANDSAT_4,LT04_L2SP_021045_19880520_20200917_02_T1,21.0,45.0,1.0,11410,16473,5440,0
c4_008,1988-05-20,LANDSAT_4,LT04_L2SP_021045_19880520_20200917_02_T1,21.0,45.0,1.0,11654,16447,5440,0
c4_009,1988-05-20,LANDSAT_4,LT04_L2SP_021045_19880520_20200917_02_T1,21.0,45.0,1.0,11421,16161,5440,0
c4_010,1988-05-20,LANDSAT_4,LT04_L2SP_021045_19880520_20200917_02_T1,21.0,45.0,1.0,16884,19273,5440,0
c4_011,1988-05-20,LANDSAT_4,LT04_L2SP_021045_19880520_20200917_02_T1,21.0,45.0,1.0,11183,15876,5440,0
c4_012,1988-05-20,LANDSAT_4,LT04_L2SP_021045_19880520_20200917_02_T1,21.0,45.0,1.0,11404,16201,5440,0
c4_013,1988-05-20,LANDSAT_4,LT04_L2SP_021045_19880520_20200917_02_T1,21.0,45.0,1.0,20654,24076,5440,0
c4_014,1988-05-20,LANDSAT_4,LT04_L2SP_021045_19880520_20200917_02_T1,21.0,45.0,1.0,20660,23535,5440,0
c4_015,1988-05-20,LANDSAT_4,LT04_L2SP_021045_19880520_20200917_02_T1,21.0,45.0,1.0,10683,16488,5440,0
c4_016,1988-05-20,LANDSAT_4,LT04_L2SP_021045_19880520_20200917_02_T1,21.0,45.0,1.0,22740,26122,5440,0
c4_017,1988-05-20,LANDSAT_4,LT04_L2SP_021045_19880520_20200917_02_T1,21.0,45.0,1.0,10691,16041,5440,0
c4_018,1988-05-20,LANDSAT_4,LT04_L2SP_021045_19880520_20200917_02_T1,21.0,45.0,1.0,11662,15859,5440,0
c4_019,1988-05-20,LANDSAT_4,LT04_L2SP_021045_19880520_20200917_02_T1,21.0,45.0,1.0,15625,18571,5440,0
c4_020,1988-05-20,LANDSAT_4,LT04_L2SP_021045_19880520_20200917_02_T1,21.0,45.0,1.0,14110,17691,5440,0
c4_021,1988-05-20,LANDSAT_4,LT04_L2SP_021045_19880520_20200917_02_T1,21.0,45.0,1.0,17884,21206,5440,0
c4_022,1988-05-20,LANDSAT_4,LT04_L2SP_021045_19880520_20200917_02_T1,21.0,45.0,1.0,10589,16584,5440,0
c4_023,1988-05-20,LANDSAT_4,LT04_L2SP_021045_19880520_20200917_02_T1,21.0,45.0,1.0,18879,21739,5440,0
c4_024,1988-05-20,LANDSAT_4,LT04_L2SP_021045_19880520_20200917_02_T1,21.0,45.0,1.0,19667,22577,5440,0
c4_025,1988-05-20,LANDSAT_4,LT04_L2SP_021045_19880520_20200917_02_T1,21.0,45.0,1.0,17642,20906,5440,0
c4_026,1988-05-20,LANDSAT_4,LT04_L2SP_021045_19880520_20200917_02_T1,21.0,45.0,1.0,15626,19418,5440,0
c4_027,1988-05-20,LANDSAT_4,LT04_L2SP_021045_19880520_20200917_02_T1,21.0,45.0,1.0,19555,22301,5440,0
c4_028,1988-05-20,LANDSAT_4,LT04_L2SP_021045_19880520_20200917_02_T1,21.0,45.0,1.0,21875,25180,5440,0
c4_029,1988-05-20,LANDSAT_4,LT04_L2SP_021045_19880520_20200917_02_T1,21.0,45.0,1.0,10690,17192,5440,0
c4_030,1988-05-20,LANDSAT_4,LT04_L2SP_021045_19880520_20200917_02_T1,21.0,45.0,1.0,18883,21744,5440,0
c5_001,1988-05-20,LANDSAT_4,LT04_L2SP_021045_19880520_20200917_02_T1,21.0,45.0,1.0,10827,17162,5440,0
c5_002,1988-05-20,LANDSAT_4,LT04_L2SP_021045_19880520_20200917_02_T1,21.0,45.0,1.0,15411,20157,5440,0
c5_003,1988-05-20,LANDSAT_4,LT04_L2SP_021045_19880520_20200917_02_T1,21.0,45.0,1.0,15264,19666,5440,0
c5_004,1988-05-20,LANDSAT_4,LT04_L2SP_021045_19880520_20200917_02_T1,21.0,45.0,1.0,10590,16874,5440,0
c5_005,1988-05-20,LANDSAT_4,LT04_L2SP_021045_19880520_20200917_02_T1,21.0,45.0,1.0,17665,21075,5440,0
c5_006,1988-05-20,LANDSAT_4,LT04_L2SP_021045_19880520_20200917_02_T1,21.0,45.0,1.0,12719,16717,5440,0
c5_007,1988-05-20,LANDSAT_4,LT04_L2SP_021045_19880520_20200917_02_T1,21.0,45.0,1.0,11770,16472,5440,0
c5_008,1988-05-20,LANDSAT_4,LT04_L2SP_021045_19880520_20200917_02_T1,21.0,45.0,1.0,13660,16452,5440,0
c5_009,1988-05-20,LANDSAT_4,LT04_L2SP_021045_19880520_20200917_02_T1,21.0,45.0,1.0,11185,15011,5440,0
c5_010,1988-05-20,LANDSAT_4,LT04_L2SP_021045_19880520_20200917_02_T1,21.0,45.0,1.0,14818,17581,5440,0
c5_011,1988-05-20,LANDSAT_4,LT04_L2SP_021045_19880520_20200917_02_T1,21.0,45.0,1.0,13895,17458,5440,0
c5_012,1988-05-20,LANDSAT_4,LT04_L2SP_021045_19880520_20200917_02_T1,21.0,45.0,1.0,11898,17986,5440,0
c5_013,1988-05-20,LANDSAT_4,LT04_L2SP_021045_19880520_20200917_02_T1,21.0,45.0,1.0,11665,16565,5440,0
c5_014,1988-05-20,LANDSAT_4,LT04_L2SP_021045_19880520_20200917_02_T1,21.0,45.0,1.0,11302,17587,5440,0
c5_015,1988-05-20,LANDSAT_4,LT04_L2SP_021045_19880520_20200917_02_T1,21.0,45.0,1.0,16099,18874,5440,0
c5_016,1988-05-20,LANDSAT_4,LT04_L2SP_021045_19880520_20200917_02_T1,21.0,45.0,1.0,11895,17584,5440,0
c5_017,1988-05-20,LANDSAT_4,LT04_L2SP_021045_19880520_20200917_02_T1,21.0,45.0,1.0,10589,16160,5440,0
c5_018,1988-05-20,LANDSAT_4,LT04_L2SP_021045_19880520_20200917_02_T1,21.0,45.0,1.0,10710,17013,5440,0
c5_019,1988-05-20,LANDSAT_4,LT04_L2SP_021045_19880520_20200917_02_T1,21.0,45.0,1.0,10948,16728,5440,0
c5_020,1988-05-20,LANDSAT_4,LT04_L2SP_021045_19880520_20200917_02_T1,21.0,45.0,1.0,10836,17142,5440,0
c5_021,1988-05-20,LANDSAT_4,LT04_L2SP_021045_19880520_20200917_02_T1,21.0,45.0,1.0,17136,20430,5440,0
c5_022,1988-05-20,LANDSAT_4,LT04_L2SP_021045_19880520_20200917_02_T1,21.0,45.0,1.0,13303,16573,5440,0
c5_023,1988-05-20,LANDSAT_4,LT04_L2SP_021045_19880520_20200917_02_T1,21.0,45.0,1.0,11896,16156,5440,0
c5_024,1988-05-20,LANDSAT_4,LT04_L2SP_021045_19880520_20200917_02_T1,21.0,45.0,1.0,10960,18116,5440,0
c5_025,1988-05-20,LANDSAT_4,LT04_L2SP_021045_19880520_20200917_02_T1,21.0,45.0,1.0,12009,17326,5440,0
c5_026,1988-05-20,LANDSAT_4,LT04_L2SP_021045_19880520_20200917_02_T1,21.0,45.0,1.0,13766,17275,5440,0
c5_027,1988-05-20,LANDSAT_4,LT04_L2SP_021045_19880520_20200917_02_T1,21.0,45.0,1.0,12250,17011,5440,0
c5_028,1988-05-20,LANDSAT_4,LT04_L2SP_021045_19880520_20200917_02_T1,21.0,45.0,1.0,10590,16874,5440,0
c5_029,1988-05-20,LANDSAT_4,LT04_L2SP_021045_19880520_20200917_02_T1,21.0,45.0,1.0,10710,16588,5440,0
c5_030,1988-05-20,LANDSAT_4,LT04_L2SP_021045_19880520_20200917_02_T1,21.0,45.0,1.0,10592,17440,5440,0
c1_001,1988-12-14,LANDSAT_4,LT04_L2SP_021045_19881214_20200917_02_T1,21.0,45.0,32.0,8341,13995,5440,0
c1_002,1988-12-14,LANDSAT_4,LT04_L2SP_021045_19881214_20200917_02_T1,21.0,45.0,32.0,8624,13988,5440,0
c1_003,1988-12-14,LANDSAT_4,LT04_L2SP_021045_19881214_20200917_02_T1,21.0,45.0,32.0,8340,14348,5440,0
c1_004,1988-12-14,LANDSAT_4,LT04_L2SP_021045_19881214_20200917_02_T1,21.0,45.0,32.0,8621,15591,5440,0
c1_005,1988-12-14,LANDSAT_4,LT04_L2SP_021045_19881214_20200917_02_T1,21.0,45.0,32.0,8628,15937,5440,0
c1_006,1988-12-14,LANDSAT_4,LT04_L2SP_021045_19881214_20200917_02_T1,21.0,45.0,32.0,8480,15584,5440,0
c1_007,1988-12-14,LANDSAT_4,LT04_L2SP_021045_19881214_20200917_02_T1,21.0,45.0,32.0,8478,16992,5440,0
c1_008,1988-12-14,LANDSAT_4,LT04_L2SP_021045_19881214_20200917_02_T1,21.0,45.0,32.0,8473,16117,5440,0
c1_009,1988-12-14,LANDSAT_4,LT04_L2SP_021045_19881214_20200917_02_T1,21.0,45.0,32.0,8619,14701,5440,0
c1_010,1988-12-14,LANDSAT_4,LT04_L2SP_021045_19881214_20200917_02_T1,21.0,45.0,32.0,8622,12564,5440,0
c1_011,1988-12-14,LANDSAT_4,LT04_L2SP_021045_19881214_20200917_02_T1,21.0,45.0,32.0,8475,15587,5440,0
c1_012,1988-12-14,LANDSAT_4,LT04_L2SP_021045_19881214_20200917_02_T1,21.0,45.0,32.0,8340,14526,5440,0
c1_013,1988-12-14,LANDSAT_4,LT04_L2SP_021045_19881214_20200917_02_T1,21.0,45.0,32.0,8615,13810,5440,0
c1_014,1988-12-14,LANDSAT_4,LT04_L2SP_021045_19881214_20200917_02_T1,21.0,45.0,32.0,8479,14350,5440,0
c1_015,1988-12-14,LANDSAT_4,LT04_L2SP_021045_19881214_20200917_02_T1,21.0,45.0,32.0,8340,13461,5440,0
c1_016,1988-12-14,LANDSAT_4,LT04_L2SP_021045_19881214_20200917_02_T1,21.0,45.0,32.0,8479,16994,5440,0
c1_017,1988-12-14,LANDSAT_4,LT04_L2SP_021045_19881214_20200917_02_T1,21.0,45.0,32.0,8469,15407,5440,0
c1_018,1988-12-14,LANDSAT_4,LT04_L2SP_021045_19881214_20200917_02_T1,21.0,45.0,32.0,8340,16477,5440,0
c1_019,1988-12-14,LANDSAT_4,LT04_L2SP_021045_19881214_20200917_02_T1,21.0,45.0,32.0,8199,11678,5440,0
c1_020,1988-12-14,LANDSAT_4,LT04_L2SP_021045_19881214_20200917_02_T1,21.0,45.0,32.0,8473,14341,5440,0
c1_021,1988-12-14,LANDSAT_4,LT04_L2SP_021045_19881214_20200917_02_T1,21.0,45.0,32.0,8197,11855,5440,0
c1_022,1988-12-14,LANDSAT_4,LT04_L2SP_021045_19881214_20200917_02_T1,21.0,45.0,32.0,8341,17175,5440,0
c1_023,1988-12-14,LANDSAT_4,LT04_L2SP_021045_19881214_20200917_02_T1,21.0,45.0,32.0,8339,16647,5440,0
c1_024,1988-12-14,LANDSAT_4,LT04_L2SP_021045_19881214_20200917_02_T1,21.0,45.0,32.0,8493,15754,5440,0
c1_025,1988-12-14,LANDSAT_4,LT04_L2SP_021045_19881214_20200917_02_T1,21.0,45.0,32.0,8622,15238,5440,0
c1_026,1988-12-14,LANDSAT_4,LT04_L2SP_021045_19881214_20200917_02_T1,21.0,45.0,32.0,8482,15400,5440,0
c1_027,1988-12-14,LANDSAT_4,LT04_L2SP_021045_19881214_20200917_02_T1,21.0,45.0,32.0,8341,16469,5440,0
c1_028,1988-12-14,LANDSAT_4,LT04_L2SP_021045_19881214_20200917_02_T1,21.0,45.0,32.0,8336,16299,5440,0
c1_029,1988-12-14,LANDSAT_4,LT04_L2SP_021045_19881214_20200917_02_T1,21.0,45.0,32.0,8489,16816,5440,0
c1_030,1988-12-14,LANDSAT_4,LT04_L2SP_021045_19881214_20200917_02_T1,21.0,45.0,32.0,8616,14887,5440,0
c2_001,1988-12-14,LANDSAT_4,LT04_L2SP_021045_19881214_20200917_02_T1,21.0,45.0,32.0,8477,16110,5440,0
c2_002,1988-12-14,LANDSAT_4,LT04_L2SP_021045_19881214_20200917_02_T1,21.0,45.0,32.0,8339,11679,5440,0
c2_003,1988-12-14,LANDSAT_4,LT04_L2SP_021045_19881214_20200917_02_T1,21.0,45.0,32.0,8481,12750,5440,0
c2_004,1988-12-14,LANDSAT_4,LT04_L2SP_021045_19881214_20200917_02_T1,21.0,45.0,32.0,8619,14173,5440,0
c2_005,1988-12-14,LANDSAT_4,LT04_L2SP_021045_19881214_20200917_02_T1,21.0,45.0,32.0,8484,16116,5440,0
c2_006,1988-12-14,LANDSAT_4,LT04_L2SP_021045_19881214_20200917_02_T1,21.0,45.0,32.0,8339,16999,5440,0
c2_007,1988-12-14,LANDSAT_4,LT04_L2SP_021045_19881214_20200917_02_T1,21.0,45.0,32.0,8763,15763,5440,0
c2_008,1988-12-14,LANDSAT_4,LT04_L2SP_021045_19881214_20200917_02_T1,21.0,45.0,32.0,8765,13631,5440,0
c2_009,1988-12-14,LANDSAT_4,LT04_L2SP_021045_19881214_20200917_02_T1,21.0,45.0,32.0,8197,11679,5440,0
c2_010,1988-12-14,LANDSAT_4,LT04_L2SP_021045_19881214_20200917_02_T1,21.0,45.0,32.0,8475,15232,5440,0
c2_011,1988-12-14,LANDSAT_4,LT04_L2SP_021045_19881214_20200917_02_T1,21.0,45.0,32.0,8344,16110,5440,0
c2_012,1988-12-14,LANDSAT_4,LT04_L2SP_021045_19881214_20200917_02_T1,21.0,45.0,32.0,8452,15962,5440,0
c2_013,1988-12-14,LANDSAT_4,LT04_L2SP_021045_19881214_20200917_02_T1,21.0,45.0,32.0,8899,13812,5440,0
c2_014,1988-12-14,LANDSAT_4,LT04_L2SP_021045_19881214_20200917_02_T1,21.0,45.0,32.0,8482,16128,5440,0
c2_015,1988-12-14,LANDSAT_4,LT04_L2SP_021045_19881214_20200917_02_T1,21.0,45.0,32.0,8341,16816,5440,0
c2_016,1988-12-14,LANDSAT_4,LT04_L2SP_021045_19881214_20200917_02_T1,21.0,45.0,32.0,8908,10601,5440,0
c2_017,1988-12-14,LANDSAT_4,LT04_L2SP_021045_19881214_20200917_02_T1,21.0,45.0,32.0,8623,14698,5440,0
c2_018,1988-12-14,LANDSAT_4,LT04_L2SP_021045_19881214_20200917_02_T1,21.0,45.0,32.0,8761,13103,5440,0
c2_019,1988-12-14,LANDSAT_4,LT04_L2SP_021045_19881214_20200917_02_T1,21.0,45.0,32.0,8340,14706,5440,0
c2_020,1988-12-14,LANDSAT_4,LT04_L2SP_021045_19881214_20200917_02_T1,21.0,45.0,32.0,8484,16996,5440,0
c2_021,1988-12-14,LANDSAT_4,LT04_L2SP_021045_19881214_20200917_02_T1,21.0,45.0,32.0,8481,15937,5440,0
c2_022,1988-12-14,LANDSAT_4,LT04_L2SP_021045_19881214_20200917_02_T1,21.0,45.0,32.0,9048,13460,5440,0
c2_023,1988-12-14,LANDSAT_4,LT04_L2SP_021045_19881214_20200917_02_T1,21.0,45.0,32.0,8611,15052,5440,0
c2_024,1988-12-14,LANDSAT_4,LT04_L2SP_021045_19881214_20200917_02_T1,21.0,45.0,32.0,8766,13458,5440,0
c2_025,1988-12-14,LANDSAT_4,LT04_L2SP_021045_19881214_20200917_02_T1,21.0,45.0,32.0,8341,16112,5440,0
c2_026,1988-12-14,LANDSAT_4,LT04_L2SP_021045_19881214_20200917_02_T1,21.0,45.0,32.0,8339,12928,5440,0
c2_027,1988-12-14,LANDSAT_4,LT04_L2SP_021045_19881214_20200917_02_T1,21.0,45.0,32.0,8334,16120,5440,0
c2_028,1988-12-14,LANDSAT_4,LT04_L2SP_021045_19881214_20200917_02_T1,21.0,45.0,32.0,8342,16457,5440,0
c2_029,1988-12-14,LANDSAT_4,LT04_L2SP_021045_19881214_20200917_02_T1,21.0,45.0,32.0,8336,16113,5440,0
c2_030,1988-12-14,LANDSAT_4,LT04_L2SP_021045_19881214_20200917_02_T1,21.0,45.0,32.0,8476,16118,5440,0
c10_001,1988-12-14,LANDSAT_4,LT04_L2SP_021045_19881214_20200917_02_T1,21.0,45.0,32.0,9897,13629,5440,0
c10_002,1988-12-14,LANDSAT_4,LT04_L2SP_021045_19881214_20200917_02_T1,21.0,45.0,32.0,8902,11677,5440,0
c10_003,1988-12-14,LANDSAT_4,LT04_L2SP_021045_19881214_20200917_02_T1,21.0,45.0,32.0,8760,9885,5440,0
c10_004,1988-12-14,LANDSAT_4,LT04_L2SP_021045_19881214_20200917_02_T1,21.0,45.0,32.0,9185,9526,5504,0
c10_005,1988-12-14,LANDSAT_4,LT04_L2SP_021045_19881214_20200917_02_T1,21.0,45.0,32.0,9044,10960,5440,0
c3_001,1988-12-14,LANDSAT_4,LT04_L2SP_021045_19881214_20200917_02_T1,21.0,45.0,32.0,8341,16290,5440,0
c3_002,1988-12-14,LANDSAT_4,LT04_L2SP_021045_19881214_20200917_02_T1,21.0,45.0,32.0,8476,17534,5440,0
c3_003,1988-12-14,LANDSAT_4,LT04_L2SP_021045_19881214_20200917_02_T1,21.0,45.0,32.0,8617,15054,5440,0
c3_004,1988-12-14,LANDSAT_4,LT04_L2SP_021045_19881214_20200917_02_T1,21.0,45.0,32.0,8486,16106,5440,0
c3_005,1988-12-14,LANDSAT_4,LT04_L2SP_021045_19881214_20200917_02_T1,21.0,45.0,32.0,8471,17542,5440,0
c3_006,1988-12-14,LANDSAT_4,LT04_L2SP_021045_19881214_20200917_02_T1,21.0,45.0,32.0,8769,15935,5440,0
c3_007,1988-12-14,LANDSAT_4,LT04_L2SP_021045_19881214_20200917_02_T1,21.0,45.0,32.0,8766,14516,5440,0
c3_008,1988-12-14,LANDSAT_4,LT04_L2SP_021045_19881214_20200917_02_T1,21.0,45.0,32.0,8914,16291,5440,0
c3_009,1988-12-14,LANDSAT_4,LT04_L2SP_021045_19881214_20200917_02_T1,21.0,45.0,32.0,8623,18055,5440,0
c3_010,1988-12-14,LANDSAT_4,LT04_L2SP_021045_19881214_20200917_02_T1,21.0,45.0,32.0,9481,15049,5440,0
c3_011,1988-12-14,LANDSAT_4,LT04_L2SP_021045_19881214_20200917_02_T1,21.0,45.0,32.0,8620,16817,5440,0
c3_012,1988-12-14,LANDSAT_4,LT04_L2SP_021045_19881214_20200917_02_T1,21.0,45.0,32.0,8474,16120,5440,0
c3_013,1988-12-14,LANDSAT_4,LT04_L2SP_021045_19881214_20200917_02_T1,21.0,45.0,32.0,9195,16644,5440,0
c3_014,1988-12-14,LANDSAT_4,LT04_L2SP_021045_19881214_20200917_02_T1,21.0,45.0,32.0,8773,16466,5440,0
c3_015,1988-12-14,LANDSAT_4,LT04_L2SP_021045_19881214_20200917_02_T1,21.0,45.0,32.0,8478,16290,5440,0
c3_016,1988-12-14,LANDSAT_4,LT04_L2SP_021045_19881214_20200917_02_T1,21.0,45.0,32.0,9337,15582,5440,0
c3_017,1988-12-14,LANDSAT_4,LT04_L2SP_021045_19881214_20200917_02_T1,21.0,45.0,32.0,8912,16283,5440,0
c3_018,1988-12-14,LANDSAT_4,LT04_L2SP_021045_19881214_20200917_02_T1,21.0,45.0,32.0,8181,17194,5440,0
c3_019,1988-12-14,LANDSAT_4,LT04_L2SP_021045_19881214_20200917_02_T1,21.0,45.0,32.0,8329,16646,5440,0
c3_020,1988-12-14,LANDSAT_4,LT04_L2SP_021045_19881214_20200917_02_T1,21.0,45.0,32.0,8620,15588,5440,0
c3_021,1988-12-14,LANDSAT_4,LT04_L2SP_021045_19881214_20200917_02_T1,21.0,45.0,32.0,9195,15229,5440,0
c3_022,1988-12-14,LANDSAT_4,LT04_L2SP_021045_19881214_20200917_02_T1,21.0,45.0,32.0,8487,15222,5440,0
c3_023,1988-12-14,LANDSAT_4,LT04_L2SP_021045_19881214_20200917_02_T1,21.0,45.0,32.0,8617,14699,5440,0
c3_024,1988-12-14,LANDSAT_4,LT04_L2SP_021045_19881214_20200917_02_T1,21.0,45.0,32.0,8482,10962,5440,0
c3_025,1988-12-14,LANDSAT_4,LT04_L2SP_021045_19881214_20200917_02_T1,21.0,45.0,32.0,8626,17345,5440,0
c3_026,1988-12-14,LANDSAT_4,LT04_L2SP_021045_19881214_20200917_02_T1,21.0,45.0,32.0,8477,16999,5440,0
c3_027,1988-12-14,LANDSAT_4,LT04_L2SP_021045_19881214_20200917_02_T1,21.0,45.0,32.0,8617,16293,5440,0
c3_028,1988-12-14,LANDSAT_4,LT04_L2SP_021045_19881214_20200917_02_T1,21.0,45.0,32.0,8633,17699,5440,0
c3_029,1988-12-14,LANDSAT_4,LT04_L2SP_021045_19881214_20200917_02_T1,21.0,45.0,32.0,8482,10068,5440,0
c3_030,1988-12-14,LANDSAT_4,LT04_L2SP_021045_19881214_20200917_02_T1,21.0,45.0,32.0,8625,13455,5440,0
c4_001,1988-12-14,LANDSAT_4,LT04_L2SP_021045_19881214_20200917_02_T1,21.0,45.0,32.0,10743,10603,5504,0
c4_002,1988-12-14,LANDSAT_4,LT04_L2SP_021045_19881214_20200917_02_T1,21.0,45.0,32.0,11166,11675,5440,0
c4_003,1988-12-14,LANDSAT_4,LT04_L2SP_021045_19881214_20200917_02_T1,21.0,45.0,32.0,11863,9533,5504,0
c4_004,1988-12-14,LANDSAT_4,LT04_L2SP_021045_19881214_20200917_02_T1,21.0,45.0,32.0,8910,9888,5440,0
c4_005,1988-12-14,LANDSAT_4,LT04_L2SP_021045_19881214_20200917_02_T1,21.0,45.0,32.0,10181,8995,5504,0
c4_006,1988-12-14,LANDSAT_4,LT04_L2SP_021045_19881214_20200917_02_T1,21.0,45.0,32.0,11025,9890,5504,0
c4_007,1988-12-14,LANDSAT_4,LT04_L2SP_021045_19881214_20200917_02_T1,21.0,45.0,32.0,9050,12567,5440,0
c4_008,1988-12-14,LANDSAT_4,LT04_L2SP_021045_19881214_20200917_02_T1,21.0,45.0,32.0,9749,17175,5440,0
c4_009,1988-12-14,LANDSAT_4,LT04_L2SP_021045_19881214_20200917_02_T1,21.0,45.0,32.0,9187,13993,5440,0
c4_010,1988-12-14,LANDSAT_4,LT04_L2SP_021045_19881214_20200917_02_T1,21.0,45.0,32.0,9327,10781,5440,0
c4_011,1988-12-14,LANDSAT_4,LT04_L2SP_021045_19881214_20200917_02_T1,21.0,45.0,32.0,9328,13281,5440,0
c4_012,1988-12-14,LANDSAT_4,LT04_L2SP_021045_19881214_20200917_02_T1,21.0,45.0,32.0,9183,12926,5440,0
c4_013,1988-12-14,LANDSAT_4,LT04_L2SP_021045_19881214_20200917_02_T1,21.0,45.0,32.0,9901,10247,5504,0
c4_014,1988-12-14,LANDSAT_4,LT04_L2SP_021045_19881214_20200917_02_T1,21.0,45.0,32.0,8775,12919,5440,0
c4_015,1988-12-14,LANDSAT_4,LT04_L2SP_021045_19881214_20200917_02_T1,21.0,45.0,32.0,8902,14530,5440,0
c4_016,1988-12-14,LANDSAT_4,LT04_L2SP_021045_19881214_20200917_02_T1,21.0,45.0,32.0,10464,8995,5504,0
c4_017,1988-12-14,LANDSAT_4,LT04_L2SP_021045_19881214_20200917_02_T1,21.0,45.0,32.0,9191,14348,5440,0
c4_018,1988-12-14,LANDSAT_4,LT04_L2SP_021045_19881214_20200917_02_T1,21.0,45.0,32.0,9186,12565,5440,0
c4_019,1988-12-14,LANDSAT_4,LT04_L2SP_021045_19881214_20200917_02_T1,21.0,45.0,32.0,9045,9526,5504,0
c4_020,1988-12-14,LANDSAT_4,LT04_L2SP_021045_19881214_20200917_02_T1,21.0,45.0,32.0,8905,10243,5440,0
c4_021,1988-12-14,LANDSAT_4,LT04_L2SP_021045_19881214_20200917_02_T1,21.0,45.0,32.0,9048,10424,5440,0
c4_022,1988-12-14,LANDSAT_4,LT04_L2SP_021045_19881214_20200917_02_T1,21.0,45.0,32.0,8475,16999,5440,0
c4_023,1988-12-14,LANDSAT_4,LT04_L2SP_021045_19881214_20200917_02_T1,21.0,45.0,32.0,9621,9534,5504,0
c4_024,1988-12-14,LANDSAT_4,LT04_L2SP_021045_19881214_20200917_02_T1,21.0,45.0,32.0,8774,12564,5440,0
c4_025,1988-12-14,LANDSAT_4,LT04_L2SP_021045_19881214_20200917_02_T1,21.0,45.0,32.0,10884,10962,5504,0
c4_026,1988-12-14,LANDSAT_4,LT04_L2SP_021045_19881214_20200917_02_T1,21.0,45.0,32.0,8759,10423,5440,0
c4_027,1988-12-14,LANDSAT_4,LT04_L2SP_021045_19881214_20200917_02_T1,21.0,45.0,32.0,8915,10248,5440,0
c4_028,1988-12-14,LANDSAT_4,LT04_L2SP_021045_19881214_20200917_02_T1,21.0,45.0,32.0,10040,9889,5504,0
c4_029,1988-12-14,LANDSAT_4,LT04_L2SP_021045_19881214_20200917_02_T1,21.0,45.0,32.0,9050,15588,5440,0
c4_030,1988-12-14,LANDSAT_4,LT04_L2SP_021045_19881214_20200917_02_T1,21.0,45.0,32.0,9050,8813,5504,0
c5_001,1988-12-14,LANDSAT_4,LT04_L2SP_021045_19881214_20200917_02_T1,21.0,45.0,32.0,8476,12927,5440,0
c5_002,1988-12-14,LANDSAT_4,LT04_L2SP_021045_19881214_20200917_02_T1,21.0,45.0,32.0,8480,10067,5440,0
c5_003,1988-12-14,LANDSAT_4,LT04_L2SP_021045_19881214_20200917_02_T1,21.0,45.0,32.0,10324,12743,5440,0
c5_004,1988-12-14,LANDSAT_4,LT04_L2SP_021045_19881214_20200917_02_T1,21.0,45.0,32.0,8760,11855,5440,0
c5_005,1988-12-14,LANDSAT_4,LT04_L2SP_021045_19881214_20200917_02_T1,21.0,45.0,32.0,8904,9347,5504,0
c5_006,1988-12-14,LANDSAT_4,LT04_L2SP_021045_19881214_20200917_02_T1,21.0,45.0,32.0,8902,10243,5440,0
c5_007,1988-12-14,LANDSAT_4,LT04_L2SP_021045_19881214_20200917_02_T1,21.0,45.0,32.0,8766,11678,5440,0
c5_008,1988-12-14,LANDSAT_4,LT04_L2SP_021045_19881214_20200917_02_T1,21.0,45.0,32.0,8904,10424,5440,0
c5_009,1988-12-14,LANDSAT_4,LT04_L2SP_021045_19881214_20200917_02_T1,21.0,45.0,32.0,8902,12927,5440,0
c5_010,1988-12-14,LANDSAT_4,LT04_L2SP_021045_19881214_20200917_02_T1,21.0,45.0,32.0,8902,9347,5504,0
c5_011,1988-12-14,LANDSAT_4,LT04_L2SP_021045_19881214_20200917_02_T1,21.0,45.0,32.0,8763,10962,5440,0
c5_012,1988-12-14,LANDSAT_4,LT04_L2SP_021045_19881214_20200917_02_T1,21.0,45.0,32.0,8618,13990,5440,0
c5_013,1988-12-14,LANDSAT_4,LT04_L2SP_021045_19881214_20200917_02_T1,21.0,45.0,32.0,8909,18589,5440,0
c5_014,1988-12-14,LANDSAT_4,LT04_L2SP_021045_19881214_20200917_02_T1,21.0,45.0,32.0,8618,12213,5440,0
c5_015,1988-12-14,LANDSAT_4,LT04_L2SP_021045_19881214_20200917_02_T1,21.0,45.0,32.0,8762,9168,5504,0
c5_016,1988-12-14,LANDSAT_4,LT04_L2SP_021045_19881214_20200917_02_T1,21.0,45.0,32.0,8760,10781,5440,0
c5_017,1988-12-14,LANDSAT_4,LT04_L2SP_021045_19881214_20200917_02_T1,21.0,45.0,32.0,8619,14172,5440,0
c5_018,1988-12-14,LANDSAT_4,LT04_L2SP_021045_19881214_20200917_02_T1,21.0,45.0,32.0,8761,12925,5440,0
c5_019,1988-12-14,LANDSAT_4,LT04_L2SP_021045_19881214_20200917_02_T1,21.0,45.0,32.0,8759,13640,5440,0
c5_020,1988-12-14,LANDSAT_4,LT04_L2SP_021045_19881214_20200917_02_T1,21.0,45.0,32.0,8476,14170,5440,0
c5_021,1988-12-14,LANDSAT_4,LT04_L2SP_021045_19881214_20200917_02_T1,21.0,45.0,32.0,8479,9169,5440,0
c5_022,1988-12-14,LANDSAT_4,LT04_L2SP_021045_19881214_20200917_02_T1,21.0,45.0,32.0,8902,10601,5440,0
c5_023,1988-12-14,LANDSAT_4,LT04_L2SP_021045_19881214_20200917_02_T1,21.0,45.0,32.0,8902,10781,5440,0
c5_024,1988-12-14,LANDSAT_4,LT04_L2SP_021045_19881214_20200917_02_T1,21.0,45.0,32.0,8620,15057,5440,0
c5_025,1988-12-14,LANDSAT_4,LT04_L2SP_021045_19881214_20200917_02_T1,21.0,45.0,32.0,8766,12391,5440,0
c5_026,1988-12-14,LANDSAT_4,LT04_L2SP_021045_19881214_20200917_02_T1,21.0,45.0,32.0,9044,10601,5440,0
c5_027,1988-12-14,LANDSAT_4,LT04_L2SP_021045_19881214_20200917_02_T1,21.0,45.0,32.0,8759,11855,5440,0
c5_028,1988-12-14,LANDSAT_4,LT04_L2SP_021045_19881214_20200917_02_T1,21.0,45.0,32.0,8618,13462,5440,0
c5_029,1988-12-14,LANDSAT_4,LT04_L2SP_021045_19881214_20200917_02_T1,21.0,45.0,32.0,8902,12748,5440,0
c5_030,1988-12-14,LANDSAT_4,LT04_L2SP_021045_19881214_20200917_02_T1,21.0,45.0,32.0,9044,12390,5440,0
c1_001,1988-12-30,LANDSAT_4,LT04_L2SP_021045_19881230_20200916_02_T1,21.0,45.0,1.0,8346,15309,5440,0
c1_002,1988-12-30,LANDSAT_4,LT04_L2SP_021045_19881230_20200916_02_T1,21.0,45.0,1.0,7898,9998,7440,0
c1_003,1988-12-30,LANDSAT_4,LT04_L2SP_021045_19881230_20200916_02_T1,21.0,45.0,1.0,8199,15491,5440,0
c1_004,1988-12-30,LANDSAT_4,LT04_L2SP_021045_19881230_20200916_02_T1,21.0,45.0,1.0,8941,16217,5440,0
c1_005,1988-12-30,LANDSAT_4,LT04_L2SP_021045_19881230_20200916_02_T1,21.0,45.0,1.0,8639,15490,5440,0
c1_006,1988-12-30,LANDSAT_4,LT04_L2SP_021045_19881230_20200916_02_T1,21.0,45.0,1.0,8494,15483,5440,0
c1_007,1988-12-30,LANDSAT_4,LT04_L2SP_021045_19881230_20200916_02_T1,21.0,45.0,1.0,8488,18384,5440,0
c1_008,1988-12-30,LANDSAT_4,LT04_L2SP_021045_19881230_20200916_02_T1,21.0,45.0,1.0,8489,16390,5440,0
c1_009,1988-12-30,LANDSAT_4,LT04_L2SP_021045_19881230_20200916_02_T1,21.0,45.0,1.0,9084,15487,5440,0
c1_010,1988-12-30,LANDSAT_4,LT04_L2SP_021045_19881230_20200916_02_T1,21.0,45.0,1.0,9087,13477,5440,0
c1_011,1988-12-30,LANDSAT_4,LT04_L2SP_021045_19881230_20200916_02_T1,21.0,45.0,1.0,8042,11281,5440,0
c1_012,1988-12-30,LANDSAT_4,LT04_L2SP_021045_19881230_20200916_02_T1,21.0,45.0,1.0,8495,15493,7440,0
c1_013,1988-12-30,LANDSAT_4,LT04_L2SP_021045_19881230_20200916_02_T1,21.0,45.0,1.0,8787,14752,5440,0
c1_014,1988-12-30,LANDSAT_4,LT04_L2SP_021045_19881230_20200916_02_T1,21.0,45.0,1.0,8791,16584,5440,0
c1_015,1988-12-30,LANDSAT_4,LT04_L2SP_021045_19881230_20200916_02_T1,21.0,45.0,1.0,8495,14033,5440,0
c1_016,1988-12-30,LANDSAT_4,LT04_L2SP_021045_19881230_20200916_02_T1,21.0,45.0,1.0,8787,16934,5440,0
c1_017,1988-12-30,LANDSAT_4,LT04_L2SP_021045_19881230_20200916_02_T1,21.0,45.0,1.0,7896,10180,5440,0
c1_018,1988-12-30,LANDSAT_4,LT04_L2SP_021045_19881230_20200916_02_T1,21.0,45.0,1.0,8346,17492,5440,0
c1_019,1988-12-30,LANDSAT_4,LT04_L2SP_021045_19881230_20200916_02_T1,21.0,45.0,1.0,8050,12387,5440,0
c1_020,1988-12-30,LANDSAT_4,LT04_L2SP_021045_19881230_20200916_02_T1,21.0,45.0,1.0,8637,14753,5440,0
c1_021,1988-12-30,LANDSAT_4,LT04_L2SP_021045_19881230_20200916_02_T1,21.0,45.0,1.0,8345,12937,5440,0
c1_022,1988-12-30,LANDSAT_4,LT04_L2SP_021045_19881230_20200916_02_T1,21.0,45.0,1.0,8345,17303,5440,0
c1_023,1988-12-30,LANDSAT_4,LT04_L2SP_021045_19881230_20200916_02_T1,21.0,45.0,1.0,8344,16759,5440,0
c1_024,1988-12-30,LANDSAT_4,LT04_L2SP_021045_19881230_20200916_02_T1,21.0,45.0,1.0,8788,16215,5440,0
c1_025,1988-12-30,LANDSAT_4,LT04_L2SP_021045_19881230_20200916_02_T1,21.0,45.0,1.0,8641,15128,5440,0
c1_026,1988-12-30,LANDSAT_4,LT04_L2SP_021045_19881230_20200916_02_T1,21.0,45.0,1.0,8786,14022,5440,0
c1_027,1988-12-30,LANDSAT_4,LT04_L2SP_021045_19881230_20200916_02_T1,21.0,45.0,1.0,9974,18570,5440,0
c1_028,1988-12-30,LANDSAT_4,LT04_L2SP_021045_19881230_20200916_02_T1,21.0,45.0,1.0,8491,16942,5440,0
c1_029,1988-12-30,LANDSAT_4,LT04_L2SP_021045_19881230_20200916_02_T1,21.0,45.0,1.0,8487,16946,5440,0
c1_030,1988-12-30,LANDSAT_4,LT04_L2SP_021045_19881230_20200916_02_T1,21.0,45.0,1.0,8642,14762,5440,0
c2_001,1988-12-30,LANDSAT_4,LT04_L2SP_021045_19881230_20200916_02_T1,21.0,45.0,1.0,8491,13656,5440,0
c2_002,1988-12-30,LANDSAT_4,LT04_L2SP_021045_19881230_20200916_02_T1,21.0,45.0,1.0,7898,10921,5440,0
c2_003,1988-12-30,LANDSAT_4,LT04_L2SP_021045_19881230_20200916_02_T1,21.0,45.0,1.0,8496,12939,5440,0
c2_004,1988-12-30,LANDSAT_4,LT04_L2SP_021045_19881230_20200916_02_T1,21.0,45.0,1.0,8790,14216,5440,0
c2_005,1988-12-30,LANDSAT_4,LT04_L2SP_021045_19881230_20200916_02_T1,21.0,45.0,1.0,8346,16398,5440,0
c2_006,1988-12-30,LANDSAT_4,LT04_L2SP_021045_19881230_20200916_02_T1,21.0,45.0,1.0,7900,13295,5440,0
c2_007,1988-12-30,LANDSAT_4,LT04_L2SP_021045_19881230_20200916_02_T1,21.0,45.0,1.0,8637,13845,5440,0
c2_008,1988-12-30,LANDSAT_4,LT04_L2SP_021045_19881230_20200916_02_T1,21.0,45.0,1.0,8196,10733,7440,0
c2_009,1988-12-30,LANDSAT_4,LT04_L2SP_021045_19881230_20200916_02_T1,21.0,45.0,1.0,8199,12756,5440,0
c2_010,1988-12-30,LANDSAT_4,LT04_L2SP_021045_19881230_20200916_02_T1,21.0,45.0,1.0,8043,10915,5440,0
c2_011,1988-12-30,LANDSAT_4,LT04_L2SP_021045_19881230_20200916_02_T1,21.0,45.0,1.0,8342,13660,5440,0
c2_012,1988-12-30,LANDSAT_4,LT04_L2SP_021045_19881230_20200916_02_T1,21.0,45.0,1.0,10268,17667,5440,0
c2_013,1988-12-30,LANDSAT_4,LT04_L2SP_021045_19881230_20200916_02_T1,21.0,45.0,1.0,9230,14572,5440,0
c2_014,1988-12-30,LANDSAT_4,LT04_L2SP_021045_19881230_20200916_02_T1,21.0,45.0,1.0,8494,16772,5440,0
c2_015,1988-12-30,LANDSAT_4,LT04_L2SP_021045_19881230_20200916_02_T1,21.0,45.0,1.0,8644,17296,5440,0
c2_016,1988-12-30,LANDSAT_4,LT04_L2SP_021045_19881230_20200916_02_T1,21.0,45.0,1.0,29867,32883,5896,1
c2_017,1988-12-30,LANDSAT_4,LT04_L2SP_021045_19881230_20200916_02_T1,21.0,45.0,1.0,8637,15850,5440,0
c2_018,1988-12-30,LANDSAT_4,LT04_L2SP_021045_19881230_20200916_02_T1,21.0,45.0,1.0,8791,14032,5440,0
c2_019,1988-12-30,LANDSAT_4,LT04_L2SP_021045_19881230_20200916_02_T1,21.0,45.0,1.0,8195,15131,5440,0
c2_020,1988-12-30,LANDSAT_4,LT04_L2SP_021045_19881230_20200916_02_T1,21.0,45.0,1.0,8346,15846,5440,0
c2_021,1988-12-30,LANDSAT_4,LT04_L2SP_021045_19881230_20200916_02_T1,21.0,45.0,1.0,8641,16936,5440,0
c2_022,1988-12-30,LANDSAT_4,LT04_L2SP_021045_19881230_20200916_02_T1,21.0,45.0,1.0,9385,14033,5440,0
c2_023,1988-12-30,LANDSAT_4,LT04_L2SP_021045_19881230_20200916_02_T1,21.0,45.0,1.0,8635,15663,5440,0
c2_024,1988-12-30,LANDSAT_4,LT04_L2SP_021045_19881230_20200916_02_T1,21.0,45.0,1.0,8493,14214,5440,0
c2_025,1988-12-30,LANDSAT_4,LT04_L2SP_021045_19881230_20200916_02_T1,21.0,45.0,1.0,8196,16029,5440,0
c2_026,1988-12-30,LANDSAT_4,LT04_L2SP_021045_19881230_20200916_02_T1,21.0,45.0,1.0,8197,13305,5440,0
c2_027,1988-12-30,LANDSAT_4,LT04_L2SP_021045_19881230_20200916_02_T1,21.0,45.0,1.0,8490,17125,5440,0
c2_028,1988-12-30,LANDSAT_4,LT04_L2SP_021045_19881230_20200916_02_T1,21.0,45.0,1.0,8336,17116,5440,0
c2_029,1988-12-30,LANDSAT_4,LT04_L2SP_021045_19881230_20200916_02_T1,21.0,45.0,1.0,7896,10547,7440,0
c2_030,1988-12-30,LANDSAT_4,LT04_L2SP_021045_19881230_20200916_02_T1,21.0,45.0,1.0,26654,30572,5896,1
c10_001,1988-12-30,LANDSAT_4,LT04_L2SP_021045_19881230_20200916_02_T1,21.0,45.0,1.0,7896,9629,7440,0
c10_002,1988-12-30,LANDSAT_4,LT04_L2SP_021045_19881230_20200916_02_T1,21.0,45.0,1.0,8790,12019,5440,0
c10_003,1988-12-30,LANDSAT_4,LT04_L2SP_021045_19881230_20200916_02_T1,21.0,45.0,1.0,8938,10001,5440,0
c10_004,1988-12-30,LANDSAT_4,LT04_L2SP_021045_19881230_20200916_02_T1,21.0,45.0,1.0,9086,9449,5504,0
c10_005,1988-12-30,LANDSAT_4,LT04_L2SP_021045_19881230_20200916_02_T1,21.0,45.0,1.0,9086,11469,5440,0
c3_001,1988-12-30,LANDSAT_4,LT04_L2SP_021045_19881230_20200916_02_T1,21.0,45.0,1.0,8341,16392,5440,0
c3_002,1988-12-30,LANDSAT_4,LT04_L2SP_021045_19881230_20200916_02_T1,21.0,45.0,1.0,8491,17301,5440,0
c3_003,1988-12-30,LANDSAT_4,LT04_L2SP_021045_19881230_20200916_02_T1,21.0,45.0,1.0,8787,15485,5440,0
c3_004,1988-12-30,LANDSAT_4,LT04_L2SP_021045_19881230_20200916_02_T1,21.0,45.0,1.0,8642,16935,5440,0
c3_005,1988-12-30,LANDSAT_4,LT04_L2SP_021045_19881230_20200916_02_T1,21.0,45.0,1.0,8641,17483,5440,0
c3_006,1988-12-30,LANDSAT_4,LT04_L2SP_021045_19881230_20200916_02_T1,21.0,45.0,1.0,9675,15668,5440,0
c3_007,1988-12-30,LANDSAT_4,LT04_L2SP_021045_19881230_20200916_02_T1,21.0,45.0,1.0,20289,26300,5896,0
c3_008,1988-12-30,LANDSAT_4,LT04_L2SP_021045_19881230_20200916_02_T1,21.0,45.0,1.0,8195,11468,5442,0
c3_009,1988-12-30,LANDSAT_4,LT04_L2SP_021045_19881230_20200916_02_T1,21.0,45.0,1.0,8637,18393,5440,0
c3_010,1988-12-30,LANDSAT_4,LT04_L2SP_021045_19881230_20200916_02_T1,21.0,45.0,1.0,7896,9815,5440,0
c3_011,1988-12-30,LANDSAT_4,LT04_L2SP_021045_19881230_20200916_02_T1,21.0,45.0,1.0,8491,17658,5440,0
c3_012,1988-12-30,LANDSAT_4,LT04_L2SP_021045_19881230_20200916_02_T1,21.0,45.0,1.0,8638,17483,5440,0
c3_013,1988-12-30,LANDSAT_4,LT04_L2SP_021045_19881230_20200916_02_T1,21.0,45.0,1.0,12771,15670,5896,0
c3_014,1988-12-30,LANDSAT_4,LT04_L2SP_021045_19881230_20200916_02_T1,21.0,45.0,1.0,18722,21468,5896,0
c3_015,1988-12-30,LANDSAT_4,LT04_L2SP_021045_19881230_20200916_02_T1,21.0,45.0,1.0,8196,11647,5440,0
c3_016,1988-12-30,LANDSAT_4,LT04_L2SP_021045_19881230_20200916_02_T1,21.0,45.0,1.0,8641,13299,5440,0
c3_017,1988-12-30,LANDSAT_4,LT04_L2SP_021045_19881230_20200916_02_T1,21.0,45.0,1.0,9082,16394,5440,0
c3_018,1988-12-30,LANDSAT_4,LT04_L2SP_021045_19881230_20200916_02_T1,21.0,45.0,1.0,8042,15307,5440,0
c3_019,1988-12-30,LANDSAT_4,LT04_L2SP_021045_19881230_20200916_02_T1,21.0,45.0,1.0,8189,16569,5440,0
c3_020,1988-12-30,LANDSAT_4,LT04_L2SP_021045_19881230_20200916_02_T1,21.0,45.0,1.0,13063,19482,5698,0
c3_021,1988-12-30,LANDSAT_4,LT04_L2SP_021045_19881230_20200916_02_T1,21.0,45.0,1.0,8938,12018,5440,0
c3_022,1988-12-30,LANDSAT_4,LT04_L2SP_021045_19881230_20200916_02_T1,21.0,45.0,1.0,8491,13294,5440,0
c3_023,1988-12-30,LANDSAT_4,LT04_L2SP_021045_19881230_20200916_02_T1,21.0,45.0,1.0,8786,14939,5440,0
c3_024,1988-12-30,LANDSAT_4,LT04_L2SP_021045_19881230_20200916_02_T1,21.0,45.0,1.0,8494,10369,5440,0
c3_025,1988-12-30,LANDSAT_4,LT04_L2SP_021045_19881230_20200916_02_T1,21.0,45.0,1.0,8788,18387,5440,0
c3_026,1988-12-30,LANDSAT_4,LT04_L2SP_021045_19881230_20200916_02_T1,21.0,45.0,1.0,8642,18018,5440,0
c3_027,1988-12-30,LANDSAT_4,LT04_L2SP_021045_19881230_20200916_02_T1,21.0,45.0,1.0,8644,17114,5440,0
c3_028,1988-12-30,LANDSAT_4,LT04_L2SP_021045_19881230_20200916_02_T1,21.0,45.0,1.0,8491,18759,5440,0
c3_029,1988-12-30,LANDSAT_4,LT04_L2SP_021045_19881230_20200916_02_T1,21.0,45.0,1.0,8643,10186,5440,0
c3_030,1988-12-30,LANDSAT_4,LT04_L2SP_021045_19881230_20200916_02_T1,21.0,45.0,1.0,8793,13481,5440,0
c4_001,1988-12-30,LANDSAT_4,LT04_L2SP_021045_19881230_20200916_02_T1,21.0,45.0,1.0,11153,11650,7442,0
c4_002,1988-12-30,LANDSAT_4,LT04_L2SP_021045_19881230_20200916_02_T1,21.0,45.0,1.0,8491,8342,7440,0
c4_003,1988-12-30,LANDSAT_4,LT04_L2SP_021045_19881230_20200916_02_T1,21.0,45.0,1.0,11596,9815,7440,0
c4_004,1988-12-30,LANDSAT_4,LT04_L2SP_021045_19881230_20200916_02_T1,21.0,45.0,1.0,8938,10183,5440,0
c4_005,1988-12-30,LANDSAT_4,LT04_L2SP_021045_19881230_20200916_02_T1,21.0,45.0,1.0,10713,9448,5504,0
c4_006,1988-12-30,LANDSAT_4,LT04_L2SP_021045_19881230_20200916_02_T1,21.0,45.0,1.0,12917,12933,5442,0
c4_007,1988-12-30,LANDSAT_4,LT04_L2SP_021045_19881230_20200916_02_T1,21.0,45.0,1.0,9237,13299,5440,0
c4_008,1988-12-30,LANDSAT_4,LT04_L2SP_021045_19881230_20200916_02_T1,21.0,45.0,1.0,9823,18023,5440,0
c4_009,1988-12-30,LANDSAT_4,LT04_L2SP_021045_19881230_20200916_02_T1,21.0,45.0,1.0,9975,15124,5440,0
c4_010,1988-12-30,LANDSAT_4,LT04_L2SP_021045_19881230_20200916_02_T1,21.0,45.0,1.0,9383,10735,5440,0
c4_011,1988-12-30,LANDSAT_4,LT04_L2SP_021045_19881230_20200916_02_T1,21.0,45.0,1.0,9087,12202,5440,0
c4_012,1988-12-30,LANDSAT_4,LT04_L2SP_021045_19881230_20200916_02_T1,21.0,45.0,1.0,8937,12386,5440,0
c4_013,1988-12-30,LANDSAT_4,LT04_L2SP_021045_19881230_20200916_02_T1,21.0,45.0,1.0,10270,11101,5440,0
c4_014,1988-12-30,LANDSAT_4,LT04_L2SP_021045_19881230_20200916_02_T1,21.0,45.0,1.0,9233,12201,7440,0
c4_015,1988-12-30,LANDSAT_4,LT04_L2SP_021045_19881230_20200916_02_T1,21.0,45.0,1.0,9085,14398,5440,0
c4_016,1988-12-30,LANDSAT_4,LT04_L2SP_021045_19881230_20200916_02_T1,21.0,45.0,1.0,10270,8712,5504,0
c4_017,1988-12-30,LANDSAT_4,LT04_L2SP_021045_19881230_20200916_02_T1,21.0,45.0,1.0,9385,14579,5440,0
c4_018,1988-12-30,LANDSAT_4,LT04_L2SP_021045_19881230_20200916_02_T1,21.0,45.0,1.0,9824,13479,5440,0
c4_019,1988-12-30,LANDSAT_4,LT04_L2SP_021045_19881230_20200916_02_T1,21.0,45.0,1.0,16415,19664,5896,0
c4_020,1988-12-30,LANDSAT_4,LT04_L2SP_021045_19881230_20200916_02_T1,21.0,45.0,1.0,9232,10916,5440,0
c4_021,1988-12-30,LANDSAT_4,LT04_L2SP_021045_19881230_20200916_02_T1,21.0,45.0,1.0,9234,9999,5440,0
c4_022,1988-12-30,LANDSAT_4,LT04_L2SP_021045_19881230_20200916_02_T1,21.0,45.0,1.0,9085,17297,5442,0
c4_023,1988-12-30,LANDSAT_4,LT04_L2SP_021045_19881230_20200916_02_T1,21.0,45.0,1.0,10269,9815,7440,0
c4_024,1988-12-30,LANDSAT_4,LT04_L2SP_021045_19881230_20200916_02_T1,21.0,45.0,1.0,7896,8342,7442,0
c4_025,1988-12-30,LANDSAT_4,LT04_L2SP_021045_19881230_20200916_02_T1,21.0,45.0,1.0,11301,11835,5440,0
c4_026,1988-12-30,LANDSAT_4,LT04_L2SP_021045_19881230_20200916_02_T1,21.0,45.0,1.0,8939,11469,5440,0
c4_027,1988-12-30,LANDSAT_4,LT04_L2SP_021045_19881230_20200916_02_T1,21.0,45.0,1.0,7896,8526,7440,0
c4_028,1988-12-30,LANDSAT_4,LT04_L2SP_021045_19881230_20200916_02_T1,21.0,45.0,1.0,8788,8711,7442,0
c4_029,1988-12-30,LANDSAT_4,LT04_L2SP_021045_19881230_20200916_02_T1,21.0,45.0,1.0,9088,16035,5440,0
c4_030,1988-12-30,LANDSAT_4,LT04_L2SP_021045_19881230_20200916_02_T1,21.0,45.0,1.0,8937,8712,7440,0
c5_001,1988-12-30,LANDSAT_4,LT04_L2SP_021045_19881230_20200916_02_T1,21.0,45.0,1.0,8791,13665,5440,0
c5_002,1988-12-30,LANDSAT_4,LT04_L2SP_021045_19881230_20200916_02_T1,21.0,45.0,1.0,8346,10553,5440,0
c5_003,1988-12-30,LANDSAT_4,LT04_L2SP_021045_19881230_20200916_02_T1,21.0,45.0,1.0,10417,13665,5440,0
c5_004,1988-12-30,LANDSAT_4,LT04_L2SP_021045_19881230_20200916_02_T1,21.0,45.0,1.0,8939,12751,5440,0
c5_005,1988-12-30,LANDSAT_4,LT04_L2SP_021045_19881230_20200916_02_T1,21.0,45.0,1.0,9085,9264,5504,0
c5_006,1988-12-30,LANDSAT_4,LT04_L2SP_021045_19881230_20200916_02_T1,21.0,45.0,1.0,9084,10549,5440,0
c5_007,1988-12-30,LANDSAT_4,LT04_L2SP_021045_19881230_20200916_02_T1,21.0,45.0,1.0,9088,11838,5440,0
c5_008,1988-12-30,LANDSAT_4,LT04_L2SP_021045_19881230_20200916_02_T1,21.0,45.0,1.0,8941,10185,5440,0
c5_009,1988-12-30,LANDSAT_4,LT04_L2SP_021045_19881230_20200916_02_T1,21.0,45.0,1.0,8939,13117,5440,0
c5_010,1988-12-30,LANDSAT_4,LT04_L2SP_021045_19881230_20200916_02_T1,21.0,45.0,1.0,9086,9633,5504,0
c5_011,1988-12-30,LANDSAT_4,LT04_L2SP_021045_19881230_20200916_02_T1,21.0,45.0,1.0,11011,12936,5896,0
c5_012,1988-12-30,LANDSAT_4,LT04_L2SP_021045_19881230_20200916_02_T1,21.0,45.0,1.0,8639,14212,5440,0
c5_013,1988-12-30,LANDSAT_4,LT04_L2SP_021045_19881230_20200916_02_T1,21.0,45.0,1.0,9086,19120,5440,0
c5_014,1988-12-30,LANDSAT_4,LT04_L2SP_021045_19881230_20200916_02_T1,21.0,45.0,1.0,8791,13117,5440,0
c5_015,1988-12-30,LANDSAT_4,LT04_L2SP_021045_19881230_20200916_02_T1,21.0,45.0,1.0,8792,9082,7440,0
c5_016,1988-12-30,LANDSAT_4,LT04_L2SP_021045_19881230_20200916_02_T1,21.0,45.0,1.0,8939,11286,5440,0
c5_017,1988-12-30,LANDSAT_4,LT04_L2SP_021045_19881230_20200916_02_T1,21.0,45.0,1.0,8643,14579,5440,0
c5_018,1988-12-30,LANDSAT_4,LT04_L2SP_021045_19881230_20200916_02_T1,21.0,45.0,1.0,8938,13666,5440,0
c5_019,1988-12-30,LANDSAT_4,LT04_L2SP_021045_19881230_20200916_02_T1,21.0,45.0,1.0,8791,13665,5440,0
c5_020,1988-12-30,LANDSAT_4,LT04_L2SP_021045_19881230_20200916_02_T1,21.0,45.0,1.0,8045,10916,5440,0
c5_021,1988-12-30,LANDSAT_4,LT04_L2SP_021045_19881230_20200916_02_T1,21.0,45.0,1.0,10568,12020,5442,0
c5_022,1988-12-30,LANDSAT_4,LT04_L2SP_021045_19881230_20200916_02_T1,21.0,45.0,1.0,8194,8895,5504,0
c5_023,1988-12-30,LANDSAT_4,LT04_L2SP_021045_19881230_20200916_02_T1,21.0,45.0,1.0,8938,10919,5440,0
c5_024,1988-12-30,LANDSAT_4,LT04_L2SP_021045_19881230_20200916_02_T1,21.0,45.0,1.0,9084,17850,5442,0
c5_025,1988-12-30,LANDSAT_4,LT04_L2SP_021045_19881230_20200916_02_T1,21.0,45.0,1.0,9385,13120,5442,0
c5_026,1988-12-30,LANDSAT_4,LT04_L2SP_021045_19881230_20200916_02_T1,21.0,45.0,1.0,9677,10916,5442,0
c5_027,1988-12-30,LANDSAT_4,LT04_L2SP_021045_19881230_20200916_02_T1,21.0,45.0,1.0,8791,12019,5440,0
c5_028,1988-12-30,LANDSAT_4,LT04_L2SP_021045_19881230_20200916_02_T1,21.0,45.0,1.0,9532,14397,5440,0
c5_029,1988-12-30,LANDSAT_4,LT04_L2SP_021045_19881230_20200916_02_T1,21.0,45.0,1.0,9087,12934,5440,0
c5_030,1988-12-30,LANDSAT_4,LT04_L2SP_021045_19881230_20200916_02_T1,21.0,45.0,1.0,8938,12568,5440,0
c1_001,1989-11-15,LANDSAT_4,LT04_L2SP_021045_19891115_20200916_02_T1,21.0,45.0,5.0,8327,14562,5440,0
c1_002,1989-11-15,LANDSAT_4,LT04_L2SP_021045_19891115_20200916_02_T1,21.0,45.0,5.0,8323,13590,5440,0
c1_003,1989-11-15,LANDSAT_4,LT04_L2SP_021045_19891115_20200916_02_T1,21.0,45.0,5.0,8199,14561,5440,0
c1_004,1989-11-15,LANDSAT_4,LT04_L2SP_021045_19891115_20200916_02_T1,21.0,45.0,5.0,9226,15532,5440,0
c1_005,1989-11-15,LANDSAT_4,LT04_L2SP_021045_19891115_20200916_02_T1,21.0,45.0,5.0,8460,15361,5440,0
c1_006,1989-11-15,LANDSAT_4,LT04_L2SP_021045_19891115_20200916_02_T1,21.0,45.0,5.0,8323,15042,5440,0
c1_007,1989-11-15,LANDSAT_4,LT04_L2SP_021045_19891115_20200916_02_T1,21.0,45.0,5.0,8308,17789,5440,0
c1_008,1989-11-15,LANDSAT_4,LT04_L2SP_021045_19891115_20200916_02_T1,21.0,45.0,5.0,8440,17144,5440,0
c1_009,1989-11-15,LANDSAT_4,LT04_L2SP_021045_19891115_20200916_02_T1,21.0,45.0,5.0,8441,15859,5440,0
c1_010,1989-11-15,LANDSAT_4,LT04_L2SP_021045_19891115_20200916_02_T1,21.0,45.0,5.0,8452,12942,5440,0
c1_011,1989-11-15,LANDSAT_4,LT04_L2SP_021045_19891115_20200916_02_T1,21.0,45.0,5.0,8313,16982,5440,0
c1_012,1989-11-15,LANDSAT_4,LT04_L2SP_021045_19891115_20200916_02_T1,21.0,45.0,5.0,8454,15368,5440,0
c1_013,1989-11-15,LANDSAT_4,LT04_L2SP_021045_19891115_20200916_02_T1,21.0,45.0,5.0,8699,14239,5440,0
c1_014,1989-11-15,LANDSAT_4,LT04_L2SP_021045_19891115_20200916_02_T1,21.0,45.0,5.0,8323,16338,5440,0
c1_015,1989-11-15,LANDSAT_4,LT04_L2SP_021045_19891115_20200916_02_T1,21.0,45.0,5.0,8197,13755,5440,0
c1_016,1989-11-15,LANDSAT_4,LT04_L2SP_021045_19891115_20200916_02_T1,21.0,45.0,5.0,8308,17308,5440,0
c1_018,1989-11-15,LANDSAT_4,LT04_L2SP_021045_19891115_20200916_02_T1,21.0,45.0,5.0,8455,17142,5440,0
c1_019,1989-11-15,LANDSAT_4,LT04_L2SP_021045_19891115_20200916_02_T1,21.0,45.0,5.0,7812,10351,5440,0
c1_020,1989-11-15,LANDSAT_4,LT04_L2SP_021045_19891115_20200916_02_T1,21.0,45.0,5.0,8439,14562,5440,0
c1_021,1989-11-15,LANDSAT_4,LT04_L2SP_021045_19891115_20200916_02_T1,21.0,45.0,5.0,8198,13593,5440,0
c1_022,1989-11-15,LANDSAT_4,LT04_L2SP_021045_19891115_20200916_02_T1,21.0,45.0,5.0,8196,16814,5440,0
c1_023,1989-11-15,LANDSAT_4,LT04_L2SP_021045_19891115_20200916_02_T1,21.0,45.0,5.0,8197,16651,5440,0
c1_024,1989-11-15,LANDSAT_4,LT04_L2SP_021045_19891115_20200916_02_T1,21.0,45.0,5.0,8439,16184,5440,0
c1_025,1989-11-15,LANDSAT_4,LT04_L2SP_021045_19891115_20200916_02_T1,21.0,45.0,5.0,8587,14720,5440,0
c1_027,1989-11-15,LANDSAT_4,LT04_L2SP_021045_19891115_20200916_02_T1,21.0,45.0,5.0,8323,16654,5440,0
c1_028,1989-11-15,LANDSAT_4,LT04_L2SP_021045_19891115_20200916_02_T1,21.0,45.0,5.0,8312,18760,5440,0
c1_029,1989-11-15,LANDSAT_4,LT04_L2SP_021045_19891115_20200916_02_T1,21.0,45.0,5.0,8331,16970,5440,0
c1_030,1989-11-15,LANDSAT_4,LT04_L2SP_021045_19891115_20200916_02_T1,21.0,45.0,5.0,8332,13912,5440,0
c2_002,1989-11-15,LANDSAT_4,LT04_L2SP_021045_19891115_20200916_02_T1,21.0,45.0,5.0,7813,11326,5440,0
c2_003,1989-11-15,LANDSAT_4,LT04_L2SP_021045_19891115_20200916_02_T1,21.0,45.0,5.0,8070,12136,5440,0
c2_004,1989-11-15,LANDSAT_4,LT04_L2SP_021045_19891115_20200916_02_T1,21.0,45.0,5.0,8719,13912,5440,0
c2_005,1989-11-15,LANDSAT_4,LT04_L2SP_021045_19891115_20200916_02_T1,21.0,45.0,5.0,8330,16168,5440,0
c2_006,1989-11-15,LANDSAT_4,LT04_L2SP_021045_19891115_20200916_02_T1,21.0,45.0,5.0,8195,17296,5440,0
c2_007,1989-11-15,LANDSAT_4,LT04_L2SP_021045_19891115_20200916_02_T1,21.0,45.0,5.0,8700,16342,5440,0
c2_008,1989-11-15,LANDSAT_4,LT04_L2SP_021045_19891115_20200916_02_T1,21.0,45.0,5.0,8708,13104,5440,0
c2_009,1989-11-15,LANDSAT_4,LT04_L2SP_021045_19891115_20200916_02_T1,21.0,45.0,5.0,7940,11164,5440,0
c2_010,1989-11-15,LANDSAT_4,LT04_L2SP_021045_19891115_20200916_02_T1,21.0,45.0,5.0,8443,11969,5440,0
c2_012,1989-11-15,LANDSAT_4,LT04_L2SP_021045_19891115_20200916_02_T1,21.0,45.0,5.0,8331,16646,5440,0
c2_013,1989-11-15,LANDSAT_4,LT04_L2SP_021045_19891115_20200916_02_T1,21.0,45.0,5.0,8312,13267,7440,0
c2_014,1989-11-15,LANDSAT_4,LT04_L2SP_021045_19891115_20200916_02_T1,21.0,45.0,5.0,8070,15693,5440,0
c2_015,1989-11-15,LANDSAT_4,LT04_L2SP_021045_19891115_20200916_02_T1,21.0,45.0,5.0,8319,16976,5440,0
c2_016,1989-11-15,LANDSAT_4,LT04_L2SP_021045_19891115_20200916_02_T1,21.0,45.0,5.0,8699,9854,5440,0
c2_017,1989-11-15,LANDSAT_4,LT04_L2SP_021045_19891115_20200916_02_T1,21.0,45.0,5.0,9217,16181,5440,0
c2_018,1989-11-15,LANDSAT_4,LT04_L2SP_021045_19891115_20200916_02_T1,21.0,45.0,5.0,8185,15376,5440,0
c2_019,1989-11-15,LANDSAT_4,LT04_L2SP_021045_19891115_20200916_02_T1,21.0,45.0,5.0,8074,14075,5440,0
c2_020,1989-11-15,LANDSAT_4,LT04_L2SP_021045_19891115_20200916_02_T1,21.0,45.0,5.0,8451,17941,5440,0
c2_021,1989-11-15,LANDSAT_4,LT04_L2SP_021045_19891115_20200916_02_T1,21.0,45.0,5.0,8452,16651,5440,0
c2_022,1989-11-15,LANDSAT_4,LT04_L2SP_021045_19891115_20200916_02_T1,21.0,45.0,5.0,8715,12458,5440,0
c2_023,1989-11-15,LANDSAT_4,LT04_L2SP_021045_19891115_20200916_02_T1,21.0,45.0,5.0,8568,14885,5440,0
c2_024,1989-11-15,LANDSAT_4,LT04_L2SP_021045_19891115_20200916_02_T1,21.0,45.0,5.0,8585,13914,5440,0
c2_025,1989-11-15,LANDSAT_4,LT04_L2SP_021045_19891115_20200916_02_T1,21.0,45.0,5.0,8324,15364,5440,0
c2_026,1989-11-15,LANDSAT_4,LT04_L2SP_021045_19891115_20200916_02_T1,21.0,45.0,5.0,8071,12783,5440,0
c2_027,1989-11-15,LANDSAT_4,LT04_L2SP_021045_19891115_20200916_02_T1,21.0,45.0,5.0,8311,18438,5440,0
c2_028,1989-11-15,LANDSAT_4,LT04_L2SP_021045_19891115_20200916_02_T1,21.0,45.0,5.0,9730,16175,5442,0
c2_029,1989-11-15,LANDSAT_4,LT04_L2SP_021045_19891115_20200916_02_T1,21.0,45.0,5.0,8439,16500,5440,0
c2_030,1989-11-15,LANDSAT_4,LT04_L2SP_021045_19891115_20200916_02_T1,21.0,45.0,5.0,7795,11807,5440,0
c10_001,1989-11-15,LANDSAT_4,LT04_L2SP_021045_19891115_20200916_02_T1,21.0,45.0,5.0,10634,13106,5440,0
c10_002,1989-11-15,LANDSAT_4,LT04_L2SP_021045_19891115_20200916_02_T1,21.0,45.0,5.0,8961,9857,5440,0
c10_003,1989-11-15,LANDSAT_4,LT04_L2SP_021045_19891115_20200916_02_T1,21.0,45.0,5.0,8574,9042,5504,0
c10_004,1989-11-15,LANDSAT_4,LT04_L2SP_021045_19891115_20200916_02_T1,21.0,45.0,5.0,8444,8551,5504,0
c10_005,1989-11-15,LANDSAT_4,LT04_L2SP_021045_19891115_20200916_02_T1,21.0,45.0,5.0,8832,9857,5440,0
c3_001,1989-11-15,LANDSAT_4,LT04_L2SP_021045_19891115_20200916_02_T1,21.0,45.0,5.0,8324,16811,5440,0
c3_002,1989-11-15,LANDSAT_4,LT04_L2SP_021045_19891115_20200916_02_T1,21.0,45.0,5.0,7923,14239,7440,0
c3_003,1989-11-15,LANDSAT_4,LT04_L2SP_021045_19891115_20200916_02_T1,21.0,45.0,5.0,8053,10180,7440,0
c3_004,1989-11-15,LANDSAT_4,LT04_L2SP_021045_19891115_20200916_02_T1,21.0,45.0,5.0,8447,16653,5440,0
c3_005,1989-11-15,LANDSAT_4,LT04_L2SP_021045_19891115_20200916_02_T1,21.0,45.0,5.0,8313,16340,5440,0
c3_006,1989-11-15,LANDSAT_4,LT04_L2SP_021045_19891115_20200916_02_T1,21.0,45.0,5.0,8700,16503,5440,0
c3_007,1989-11-15,LANDSAT_4,LT04_L2SP_021045_19891115_20200916_02_T1,21.0,45.0,5.0,8697,15695,5440,0
c3_008,1989-11-15,LANDSAT_4,LT04_L2SP_021045_19891115_20200916_02_T1,21.0,45.0,5.0,8571,18280,5440,0
c3_009,1989-11-15,LANDSAT_4,LT04_L2SP_021045_19891115_20200916_02_T1,21.0,45.0,5.0,8441,18436,5440,0
c3_010,1989-11-15,LANDSAT_4,LT04_L2SP_021045_19891115_20200916_02_T1,21.0,45.0,5.0,8440,19084,5440,0
c3_011,1989-11-15,LANDSAT_4,LT04_L2SP_021045_19891115_20200916_02_T1,21.0,45.0,5.0,8313,17624,7440,0
c3_012,1989-11-15,LANDSAT_4,LT04_L2SP_021045_19891115_20200916_02_T1,21.0,45.0,5.0,8572,15047,5440,0
c3_013,1989-11-15,LANDSAT_4,LT04_L2SP_021045_19891115_20200916_02_T1,21.0,45.0,5.0,8830,18602,5440,0
c3_014,1989-11-15,LANDSAT_4,LT04_L2SP_021045_19891115_20200916_02_T1,21.0,45.0,5.0,8311,18441,5440,0
c3_015,1989-11-15,LANDSAT_4,LT04_L2SP_021045_19891115_20200916_02_T1,21.0,45.0,5.0,8314,16980,5440,0
c3_016,1989-11-15,LANDSAT_4,LT04_L2SP_021045_19891115_20200916_02_T1,21.0,45.0,5.0,8311,19084,5440,0
c3_017,1989-11-15,LANDSAT_4,LT04_L2SP_021045_19891115_20200916_02_T1,21.0,45.0,5.0,8699,16341,5440,0
c3_018,1989-11-15,LANDSAT_4,LT04_L2SP_021045_19891115_20200916_02_T1,21.0,45.0,5.0,8201,17131,5440,0
c3_019,1989-11-15,LANDSAT_4,LT04_L2SP_021045_19891115_20200916_02_T1,21.0,45.0,5.0,8049,14398,5440,0
c3_020,1989-11-15,LANDSAT_4,LT04_L2SP_021045_19891115_20200916_02_T1,21.0,45.0,5.0,9218,16666,5440,0
c3_021,1989-11-15,LANDSAT_4,LT04_L2SP_021045_19891115_20200916_02_T1,21.0,45.0,5.0,8700,17797,5440,0
c3_022,1989-11-15,LANDSAT_4,LT04_L2SP_021045_19891115_20200916_02_T1,21.0,45.0,5.0,7800,10344,5440,0
c3_023,1989-11-15,LANDSAT_4,LT04_L2SP_021045_19891115_20200916_02_T1,21.0,45.0,5.0,8572,14563,5440,0
c3_024,1989-11-15,LANDSAT_4,LT04_L2SP_021045_19891115_20200916_02_T1,21.0,45.0,5.0,8199,11650,5440,0
c3_026,1989-11-15,LANDSAT_4,LT04_L2SP_021045_19891115_20200916_02_T1,21.0,45.0,5.0,8313,17141,5440,0
c3_027,1989-11-15,LANDSAT_4,LT04_L2SP_021045_19891115_20200916_02_T1,21.0,45.0,5.0,8443,16338,5440,0
c3_028,1989-11-15,LANDSAT_4,LT04_L2SP_021045_19891115_20200916_02_T1,21.0,45.0,5.0,8311,19244,5440,0
c3_029,1989-11-15,LANDSAT_4,LT04_L2SP_021045_19891115_20200916_02_T1,21.0,45.0,5.0,8069,9863,5440,0
c3_030,1989-11-15,LANDSAT_4,LT04_L2SP_021045_19891115_20200916_02_T1,21.0,45.0,5.0,8584,12456,5440,0
c4_001,1989-11-15,LANDSAT_4,LT04_L2SP_021045_19891115_20200916_02_T1,21.0,45.0,5.0,11408,9692,5504,0
c4_002,1989-11-15,LANDSAT_4,LT04_L2SP_021045_19891115_20200916_02_T1,21.0,45.0,5.0,10637,11972,5440,0
c4_003,1989-11-15,LANDSAT_4,LT04_L2SP_021045_19891115_20200916_02_T1,21.0,45.0,5.0,11280,9039,5504,0
c4_004,1989-11-15,LANDSAT_4,LT04_L2SP_021045_19891115_20200916_02_T1,21.0,45.0,5.0,9607,8223,5504,0
c4_005,1989-11-15,LANDSAT_4,LT04_L2SP_021045_19891115_20200916_02_T1,21.0,45.0,5.0,11152,8713,5504,0
c4_006,1989-11-15,LANDSAT_4,LT04_L2SP_021045_19891115_20200916_02_T1,21.0,45.0,5.0,11665,9529,5504,0
c4_007,1989-11-15,LANDSAT_4,LT04_L2SP_021045_19891115_20200916_02_T1,21.0,45.0,5.0,7676,8394,7440,0
c4_008,1989-11-15,LANDSAT_4,LT04_L2SP_021045_19891115_20200916_02_T1,21.0,45.0,5.0,12941,20360,5696,0
c4_009,1989-11-15,LANDSAT_4,LT04_L2SP_021045_19891115_20200916_02_T1,21.0,45.0,5.0,8965,12946,5440,0
c4_010,1989-11-15,LANDSAT_4,LT04_L2SP_021045_19891115_20200916_02_T1,21.0,45.0,5.0,8963,10672,5440,0
c4_011,1989-11-15,LANDSAT_4,LT04_L2SP_021045_19891115_20200916_02_T1,21.0,45.0,5.0,8444,10834,5440,0
c4_012,1989-11-15,LANDSAT_4,LT04_L2SP_021045_19891115_20200916_02_T1,21.0,45.0,5.0,8589,11324,5440,0
c4_013,1989-11-15,LANDSAT_4,LT04_L2SP_021045_19891115_20200916_02_T1,21.0,45.0,5.0,12050,8876,5504,0
c4_014,1989-11-15,LANDSAT_4,LT04_L2SP_021045_19891115_20200916_02_T1,21.0,45.0,5.0,11280,8875,5504,0
c4_015,1989-11-15,LANDSAT_4,LT04_L2SP_021045_19891115_20200916_02_T1,21.0,45.0,5.0,8846,13266,5440,0
c4_016,1989-11-15,LANDSAT_4,LT04_L2SP_021045_19891115_20200916_02_T1,21.0,45.0,5.0,11023,8548,5504,0
c4_017,1989-11-15,LANDSAT_4,LT04_L2SP_021045_19891115_20200916_02_T1,21.0,45.0,5.0,9615,14401,5440,0
c4_018,1989-11-15,LANDSAT_4,LT04_L2SP_021045_19891115_20200916_02_T1,21.0,45.0,5.0,8700,10669,7440,0
c4_019,1989-11-15,LANDSAT_4,LT04_L2SP_021045_19891115_20200916_02_T1,21.0,45.0,5.0,9349,9367,5506,0
c4_020,1989-11-15,LANDSAT_4,LT04_L2SP_021045_19891115_20200916_02_T1,21.0,45.0,5.0,9993,10344,5504,0
c4_021,1989-11-15,LANDSAT_4,LT04_L2SP_021045_19891115_20200916_02_T1,21.0,45.0,5.0,9478,10020,5504,0
c4_022,1989-11-15,LANDSAT_4,LT04_L2SP_021045_19891115_20200916_02_T1,21.0,45.0,5.0,8308,16662,5440,0
c4_023,1989-11-15,LANDSAT_4,LT04_L2SP_021045_19891115_20200916_02_T1,21.0,45.0,5.0,11023,9854,5504,0
c4_024,1989-11-15,LANDSAT_4,LT04_L2SP_021045_19891115_20200916_02_T1,21.0,45.0,5.0,11794,9366,5504,0
c4_025,1989-11-15,LANDSAT_4,LT04_L2SP_021045_19891115_20200916_02_T1,21.0,45.0,5.0,10637,10344,5504,0
c4_026,1989-11-15,LANDSAT_4,LT04_L2SP_021045_19891115_20200916_02_T1,21.0,45.0,5.0,8445,11323,5440,0
c4_027,1989-11-15,LANDSAT_4,LT04_L2SP_021045_19891115_20200916_02_T1,21.0,45.0,5.0,10766,8712,5504,0
c4_028,1989-11-15,LANDSAT_4,LT04_L2SP_021045_19891115_20200916_02_T1,21.0,45.0,5.0,10765,9855,5504,0
c4_029,1989-11-15,LANDSAT_4,LT04_L2SP_021045_19891115_20200916_02_T1,21.0,45.0,5.0,9227,15208,5440,0
c4_030,1989-11-15,LANDSAT_4,LT04_L2SP_021045_19891115_20200916_02_T1,21.0,45.0,5.0,10765,9365,7440,0
c5_001,1989-11-15,LANDSAT_4,LT04_L2SP_021045_19891115_20200916_02_T1,21.0,45.0,5.0,8314,10834,5440,0
c5_002,1989-11-15,LANDSAT_4,LT04_L2SP_021045_19891115_20200916_02_T1,21.0,45.0,5.0,8065,10675,5440,0
c5_003,1989-11-15,LANDSAT_4,LT04_L2SP_021045_19891115_20200916_02_T1,21.0,45.0,5.0,10638,12297,5440,0
c5_004,1989-11-15,LANDSAT_4,LT04_L2SP_021045_19891115_20200916_02_T1,21.0,45.0,5.0,8832,9857,5440,0
c5_005,1989-11-15,LANDSAT_4,LT04_L2SP_021045_19891115_20200916_02_T1,21.0,45.0,5.0,9093,8716,5504,0
c5_006,1989-11-15,LANDSAT_4,LT04_L2SP_021045_19891115_20200916_02_T1,21.0,45.0,5.0,8700,9692,5440,0
c5_007,1989-11-15,LANDSAT_4,LT04_L2SP_021045_19891115_20200916_02_T1,21.0,45.0,5.0,8327,11163,5440,0
c5_008,1989-11-15,LANDSAT_4,LT04_L2SP_021045_19891115_20200916_02_T1,21.0,45.0,5.0,8322,9860,5440,0
c5_009,1989-11-15,LANDSAT_4,LT04_L2SP_021045_19891115_20200916_02_T1,21.0,45.0,5.0,8962,11485,5440,0
c5_010,1989-11-15,LANDSAT_4,LT04_L2SP_021045_19891115_20200916_02_T1,21.0,45.0,5.0,8445,8715,5504,0
c5_011,1989-11-15,LANDSAT_4,LT04_L2SP_021045_19891115_20200916_02_T1,21.0,45.0,5.0,7935,9209,5440,0
c5_012,1989-11-15,LANDSAT_4,LT04_L2SP_021045_19891115_20200916_02_T1,21.0,45.0,5.0,8700,13432,5440,0
c5_013,1989-11-15,LANDSAT_4,LT04_L2SP_021045_19891115_20200916_02_T1,21.0,45.0,5.0,8702,20525,5440,0
c5_014,1989-11-15,LANDSAT_4,LT04_L2SP_021045_19891115_20200916_02_T1,21.0,45.0,5.0,8832,10346,5440,0
c5_015,1989-11-15,LANDSAT_4,LT04_L2SP_021045_19891115_20200916_02_T1,21.0,45.0,5.0,8193,8883,5504,0
c5_016,1989-11-15,LANDSAT_4,LT04_L2SP_021045_19891115_20200916_02_T1,21.0,45.0,5.0,14986,17636,5896,0
c5_017,1989-11-15,LANDSAT_4,LT04_L2SP_021045_19891115_20200916_02_T1,21.0,45.0,5.0,8701,13110,5440,0
c5_018,1989-11-15,LANDSAT_4,LT04_L2SP_021045_19891115_20200916_02_T1,21.0,45.0,5.0,8961,11485,5440,0
c5_019,1989-11-15,LANDSAT_4,LT04_L2SP_021045_19891115_20200916_02_T1,21.0,45.0,5.0,8833,10347,5442,0
c5_020,1989-11-15,LANDSAT_4,LT04_L2SP_021045_19891115_20200916_02_T1,21.0,45.0,5.0,8571,14080,5440,0
c5_021,1989-11-15,LANDSAT_4,LT04_L2SP_021045_19891115_20200916_02_T1,21.0,45.0,5.0,7935,8394,5504,0
c5_022,1989-11-15,LANDSAT_4,LT04_L2SP_021045_19891115_20200916_02_T1,21.0,45.0,5.0,8701,10181,5440,0
c5_023,1989-11-15,LANDSAT_4,LT04_L2SP_021045_19891115_20200916_02_T1,21.0,45.0,5.0,8703,9694,5440,0
c5_024,1989-11-15,LANDSAT_4,LT04_L2SP_021045_19891115_20200916_02_T1,21.0,45.0,5.0,8572,15212,5440,0
c5_025,1989-11-15,LANDSAT_4,LT04_L2SP_021045_19891115_20200916_02_T1,21.0,45.0,5.0,8454,11975,5440,0
c5_026,1989-11-15,LANDSAT_4,LT04_L2SP_021045_19891115_20200916_02_T1,21.0,45.0,5.0,8960,10181,5440,0
c5_027,1989-11-15,LANDSAT_4,LT04_L2SP_021045_19891115_20200916_02_T1,21.0,45.0,5.0,8575,10672,5440,0
c5_028,1989-11-15,LANDSAT_4,LT04_L2SP_021045_19891115_20200916_02_T1,21.0,45.0,5.0,8831,10509,5440,0
c5_029,1989-11-15,LANDSAT_4,LT04_L2SP_021045_19891115_20200916_02_T1,21.0,45.0,5.0,9219,10834,5442,0
c5_030,1989-11-15,LANDSAT_4,LT04_L2SP_021045_19891115_20200916_02_T1,21.0,45.0,5.0,8961,10998,5440,0
c1_001,1989-12-01,LANDSAT_4,LT04_L2SP_021045_19891201_20200916_02_T1,21.0,45.0,76.0,19311,24760,5896,0
c1_002,1989-12-01,LANDSAT_4,LT04_L2SP_021045_19891201_20200916_02_T1,21.0,45.0,76.0,8421,10951,7440,0
c1_003,1989-12-01,LANDSAT_4,LT04_L2SP_021045_19891201_20200916_02_T1,21.0,45.0,76.0,9545,18041,5440,0
c1_004,1989-12-01,LANDSAT_4,LT04_L2SP_021045_19891201_20200916_02_T1,21.0,45.0,76.0,11287,14999,5896,0
c1_005,1989-12-01,LANDSAT_4,LT04_L2SP_021045_19891201_20200916_02_T1,21.0,45.0,76.0,41040,43525,5896,17
c1_006,1989-12-01,LANDSAT_4,LT04_L2SP_021045_19891201_20200916_02_T1,21.0,45.0,76.0,10181,18592,5442,0
c1_008,1989-12-01,LANDSAT_4,LT04_L2SP_021045_19891201_20200916_02_T1,21.0,45.0,76.0,8435,17642,5440,0
c1_009,1989-12-01,LANDSAT_4,LT04_L2SP_021045_19891201_20200916_02_T1,21.0,45.0,76.0,8435,16513,5440,0
c1_010,1989-12-01,LANDSAT_4,LT04_L2SP_021045_19891201_20200916_02_T1,21.0,45.0,76.0,15794,21773,5896,0
c1_011,1989-12-01,LANDSAT_4,LT04_L2SP_021045_19891201_20200916_02_T1,21.0,45.0,76.0,8435,17834,5440,0
c1_012,1989-12-01,LANDSAT_4,LT04_L2SP_021045_19891201_20200916_02_T1,21.0,45.0,76.0,9224,13082,5440,0
c1_013,1989-12-01,LANDSAT_4,LT04_L2SP_021045_19891201_20200916_02_T1,21.0,45.0,76.0,8437,15747,5440,0
c1_014,1989-12-01,LANDSAT_4,LT04_L2SP_021045_19891201_20200916_02_T1,21.0,45.0,76.0,16270,18989,5896,0
c1_015,1989-12-01,LANDSAT_4,LT04_L2SP_021045_19891201_20200916_02_T1,21.0,45.0,76.0,9223,15004,5440,0
c1_018,1989-12-01,LANDSAT_4,LT04_L2SP_021045_19891201_20200916_02_T1,21.0,45.0,76.0,8906,14810,5440,0
c1_019,1989-12-01,LANDSAT_4,LT04_L2SP_021045_19891201_20200916_02_T1,21.0,45.0,76.0,21556,24942,5896,0
c1_021,1989-12-01,LANDSAT_4,LT04_L2SP_021045_19891201_20200916_02_T1,21.0,45.0,76.0,8904,17666,5440,0
c1_022,1989-12-01,LANDSAT_4,LT04_L2SP_021045_19891201_20200916_02_T1,21.0,45.0,76.0,8747,18975,5440,0
c1_023,1989-12-01,LANDSAT_4,LT04_L2SP_021045_19891201_20200916_02_T1,21.0,45.0,76.0,8585,12501,7440,0
c1_025,1989-12-01,LANDSAT_4,LT04_L2SP_021045_19891201_20200916_02_T1,21.0,45.0,76.0,12547,18800,7698,0
c1_027,1989-12-01,LANDSAT_4,LT04_L2SP_021045_19891201_20200916_02_T1,21.0,45.0,76.0,20953,24566,5896,0
c1_028,1989-12-01,LANDSAT_4,LT04_L2SP_021045_19891201_20200916_02_T1,21.0,45.0,76.0,8749,20101,5440,0
c1_029,1989-12-01,LANDSAT_4,LT04_L2SP_021045_19891201_20200916_02_T1,21.0,45.0,76.0,18544,22154,5896,0
c1_030,1989-12-01,LANDSAT_4,LT04_L2SP_021045_19891201_20200916_02_T1,21.0,45.0,76.0,34873,38213,5896,1
c2_002,1989-12-01,LANDSAT_4,LT04_L2SP_021045_19891201_20200916_02_T1,21.0,45.0,76.0,28003,29883,5896,1
c2_003,1989-12-01,LANDSAT_4,LT04_L2SP_021045_19891201_20200916_02_T1,21.0,45.0,76.0,19316,21245,5896,0
c2_004,1989-12-01,LANDSAT_4,LT04_L2SP_021045_19891201_20200916_02_T1,21.0,45.0,76.0,32084,34862,5896,1
c2_005,1989-12-01,LANDSAT_4,LT04_L2SP_021045_19891201_20200916_02_T1,21.0,45.0,76.0,21245,24376,5896,0
c2_006,1989-12-01,LANDSAT_4,LT04_L2SP_021045_19891201_20200916_02_T1,21.0,45.0,76.0,8751,19717,5440,0
c2_007,1989-12-01,LANDSAT_4,LT04_L2SP_021045_19891201_20200916_02_T1,21.0,45.0,76.0,8908,16895,5440,0
c2_008,1989-12-01,LANDSAT_4,LT04_L2SP_021045_19891201_20200916_02_T1,21.0,45.0,76.0,18393,24744,5896,0
c2_009,1989-12-01,LANDSAT_4,LT04_L2SP_021045_19891201_20200916_02_T1,21.0,45.0,76.0,42006,44590,5896,21
c2_010,1989-12-01,LANDSAT_4,LT04_L2SP_021045_19891201_20200916_02_T1,21.0,45.0,76.0,8434,14417,5440,0
c2_012,1989-12-01,LANDSAT_4,LT04_L2SP_021045_19891201_20200916_02_T1,21.0,45.0,76.0,24211,28592,5896,0
c2_013,1989-12-01,LANDSAT_4,LT04_L2SP_021045_19891201_20200916_02_T1,21.0,45.0,76.0,7794,9401,7440,0
c2_014,1989-12-01,LANDSAT_4,LT04_L2SP_021045_19891201_20200916_02_T1,21.0,45.0,76.0,30843,32573,5896,1
c2_015,1989-12-01,LANDSAT_4,LT04_L2SP_021045_19891201_20200916_02_T1,21.0,45.0,76.0,20631,28912,5896,0
c2_017,1989-12-01,LANDSAT_4,LT04_L2SP_021045_19891201_20200916_02_T1,21.0,45.0,76.0,8592,16515,5440,0
c2_018,1989-12-01,LANDSAT_4,LT04_L2SP_021045_19891201_20200916_02_T1,21.0,45.0,76.0,19001,21042,5896,0
c2_019,1989-12-01,LANDSAT_4,LT04_L2SP_021045_19891201_20200916_02_T1,21.0,45.0,76.0,33894,37328,5896,1
c2_020,1989-12-01,LANDSAT_4,LT04_L2SP_021045_19891201_20200916_02_T1,21.0,45.0,76.0,27524,31630,5896,1
c2_021,1989-12-01,LANDSAT_4,LT04_L2SP_021045_19891201_20200916_02_T1,21.0,45.0,76.0,8591,19156,5440,0
c2_022,1989-12-01,LANDSAT_4,LT04_L2SP_021045_19891201_20200916_02_T1,21.0,45.0,76.0,10022,16716,5440,0
c2_024,1989-12-01,LANDSAT_4,LT04_L2SP_021045_19891201_20200916_02_T1,21.0,45.0,76.0,8908,17281,5440,0
c2_025,1989-12-01,LANDSAT_4,LT04_L2SP_021045_19891201_20200916_02_T1,21.0,45.0,76.0,8593,18966,5440,0
c2_026,1989-12-01,LANDSAT_4,LT04_L2SP_021045_19891201_20200916_02_T1,21.0,45.0,76.0,18411,22180,5896,0
c2_027,1989-12-01,LANDSAT_4,LT04_L2SP_021045_19891201_20200916_02_T1,21.0,45.0,76.0,8593,19534,5440,0
c2_030,1989-12-01,LANDSAT_4,LT04_L2SP_021045_19891201_20200916_02_T1,21.0,45.0,76.0,8425,16897,5440,0
c10_002,1989-12-01,LANDSAT_4,LT04_L2SP_021045_19891201_20200916_02_T1,21.0,45.0,76.0,9070,9790,7442,0
c10_003,1989-12-01,LANDSAT_4,LT04_L2SP_021045_19891201_20200916_02_T1,21.0,45.0,76.0,15804,17281,5896,0
c10_004,1989-12-01,LANDSAT_4,LT04_L2SP_021045_19891201_20200916_02_T1,21.0,45.0,76.0,14723,16520,5896,0
c10_005,1989-12-01,LANDSAT_4,LT04_L2SP_021045_19891201_20200916_02_T1,21.0,45.0,76.0,9549,10762,7440,0
c3_001,1989-12-01,LANDSAT_4,LT04_L2SP_021045_19891201_20200916_02_T1,21.0,45.0,76.0,8907,18971,5440,0
c3_002,1989-12-01,LANDSAT_4,LT04_L2SP_021045_19891201_20200916_02_T1,21.0,45.0,76.0,8431,18215,5440,0
c3_003,1989-12-01,LANDSAT_4,LT04_L2SP_021045_19891201_20200916_02_T1,21.0,45.0,76.0,8590,17271,5440,0
c3_004,1989-12-01,LANDSAT_4,LT04_L2SP_021045_19891201_20200916_02_T1,21.0,45.0,76.0,8433,15560,5440,0
c3_005,1989-12-01,LANDSAT_4,LT04_L2SP_021045_19891201_20200916_02_T1,21.0,45.0,76.0,8913,18027,5440,0
c3_006,1989-12-01,LANDSAT_4,LT04_L2SP_021045_19891201_20200916_02_T1,21.0,45.0,76.0,8756,16701,5440,0
c3_009,1989-12-01,LANDSAT_4,LT04_L2SP_021045_19891201_20200916_02_T1,21.0,45.0,76.0,8589,18219,5440,0
c3_010,1989-12-01,LANDSAT_4,LT04_L2SP_021045_19891201_20200916_02_T1,21.0,45.0,76.0,8594,20847,5440,0
c3_011,1989-12-01,LANDSAT_4,LT04_L2SP_021045_19891201_20200916_02_T1,21.0,45.0,76.0,7619,10754,7440,0
c3_012,1989-12-01,LANDSAT_4,LT04_L2SP_021045_19891201_20200916_02_T1,21.0,45.0,76.0,8595,16700,5440,0
c3_015,1989-12-01,LANDSAT_4,LT04_L2SP_021045_19891201_20200916_02_T1,21.0,45.0,76.0,7781,10950,7440,0
c3_017,1989-12-01,LANDSAT_4,LT04_L2SP_021045_19891201_20200916_02_T1,21.0,45.0,76.0,8744,16517,5440,0
c3_018,1989-12-01,LANDSAT_4,LT04_L2SP_021045_19891201_20200916_02_T1,21.0,45.0,76.0,31092,35026,5896,1
c3_020,1989-12-01,LANDSAT_4,LT04_L2SP_021045_19891201_20200916_02_T1,21.0,45.0,76.0,8595,17081,5440,0
c3_022,1989-12-01,LANDSAT_4,LT04_L2SP_021045_19891201_20200916_02_T1,21.0,45.0,76.0,8752,17078,5440,0
c3_023,1989-12-01,LANDSAT_4,LT04_L2SP_021045_19891201_20200916_02_T1,21.0,45.0,76.0,8909,15373,5440,0
c3_024,1989-12-01,LANDSAT_4,LT04_L2SP_021045_19891201_20200916_02_T1,21.0,45.0,76.0,10178,12698,5440,0
c3_026,1989-12-01,LANDSAT_4,LT04_L2SP_021045_19891201_20200916_02_T1,21.0,45.0,76.0,7781,12496,7440,0
c3_027,1989-12-01,LANDSAT_4,LT04_L2SP_021045_19891201_20200916_02_T1,21.0,45.0,76.0,7783,10368,7440,0
c3_028,1989-12-01,LANDSAT_4,LT04_L2SP_021045_19891201_20200916_02_T1,21.0,45.0,76.0,8588,20293,5440,0
c3_029,1989-12-01,LANDSAT_4,LT04_L2SP_021045_19891201_20200916_02_T1,21.0,45.0,76.0,9064,11732,5440,0
c3_030,1989-12-01,LANDSAT_4,LT04_L2SP_021045_19891201_20200916_02_T1,21.0,45.0,76.0,9067,11922,7440,0
c4_004,1989-12-01,LANDSAT_4,LT04_L2SP_021045_19891201_20200916_02_T1,21.0,45.0,76.0,10498,8617,5504,0
c4_007,1989-12-01,LANDSAT_4,LT04_L2SP_021045_19891201_20200916_02_T1,21.0,45.0,76.0,9068,13466,5440,0
c4_008,1989-12-01,LANDSAT_4,LT04_L2SP_021045_19891201_20200916_02_T1,21.0,45.0,76.0,9706,20462,5440,0
c4_009,1989-12-01,LANDSAT_4,LT04_L2SP_021045_19891201_20200916_02_T1,21.0,45.0,76.0,20357,23831,5896,0
c4_010,1989-12-01,LANDSAT_4,LT04_L2SP_021045_19891201_20200916_02_T1,21.0,45.0,76.0,11133,12118,7698,0
c4_011,1989-12-01,LANDSAT_4,LT04_L2SP_021045_19891201_20200916_02_T1,21.0,45.0,76.0,23470,26399,5896,0
c4_012,1989-12-01,LANDSAT_4,LT04_L2SP_021045_19891201_20200916_02_T1,21.0,45.0,76.0,34186,37165,5896,1
c4_015,1989-12-01,LANDSAT_4,LT04_L2SP_021045_19891201_20200916_02_T1,21.0,45.0,76.0,25977,30417,5896,1
c4_017,1989-12-01,LANDSAT_4,LT04_L2SP_021045_19891201_20200916_02_T1,21.0,45.0,76.0,9705,15001,5440,0
c4_018,1989-12-01,LANDSAT_4,LT04_L2SP_021045_19891201_20200916_02_T1,21.0,45.0,76.0,9386,13270,5440,0
c4_019,1989-12-01,LANDSAT_4,LT04_L2SP_021045_19891201_20200916_02_T1,21.0,45.0,76.0,11605,12887,5896,0
c4_020,1989-12-01,LANDSAT_4,LT04_L2SP_021045_19891201_20200916_02_T1,21.0,45.0,76.0,9391,10956,5440,0
c4_021,1989-12-01,LANDSAT_4,LT04_L2SP_021045_19891201_20200916_02_T1,21.0,45.0,76.0,10183,10567,5504,0
c4_022,1989-12-01,LANDSAT_4,LT04_L2SP_021045_19891201_20200916_02_T1,21.0,45.0,76.0,8911,18206,5440,0
c4_026,1989-12-01,LANDSAT_4,LT04_L2SP_021045_19891201_20200916_02_T1,21.0,45.0,76.0,14260,15762,5896,0
c4_029,1989-12-01,LANDSAT_4,LT04_L2SP_021045_19891201_20200916_02_T1,21.0,45.0,76.0,9546,16522,5440,0
c4_030,1989-12-01,LANDSAT_4,LT04_L2SP_021045_19891201_20200916_02_T1,21.0,45.0,76.0,10024,9399,5504,0
c5_001,1989-12-01,LANDSAT_4,LT04_L2SP_021045_19891201_20200916_02_T1,21.0,45.0,76.0,24203,26217,5896,0
c5_002,1989-12-01,LANDSAT_4,LT04_L2SP_021045_19891201_20200916_02_T1,21.0,45.0,76.0,8426,9592,5440,0
c5_003,1989-12-01,LANDSAT_4,LT04_L2SP_021045_19891201_20200916_02_T1,21.0,45.0,76.0,10339,12310,5440,0
c5_004,1989-12-01,LANDSAT_4,LT04_L2SP_021045_19891201_20200916_02_T1,21.0,45.0,76.0,10659,11925,7698,0
c5_005,1989-12-01,LANDSAT_4,LT04_L2SP_021045_19891201_20200916_02_T1,21.0,45.0,76.0,9867,9790,5506,0
c5_006,1989-12-01,LANDSAT_4,LT04_L2SP_021045_19891201_20200916_02_T1,21.0,45.0,76.0,9390,11149,5440,0
c5_007,1989-12-01,LANDSAT_4,LT04_L2SP_021045_19891201_20200916_02_T1,21.0,45.0,76.0,9383,12506,5440,0
c5_008,1989-12-01,LANDSAT_4,LT04_L2SP_021045_19891201_20200916_02_T1,21.0,45.0,76.0,10975,11926,7440,0
c5_009,1989-12-01,LANDSAT_4,LT04_L2SP_021045_19891201_20200916_02_T1,21.0,45.0,76.0,30241,32537,5896,1
c5_010,1989-12-01,LANDSAT_4,LT04_L2SP_021045_19891201_20200916_02_T1,21.0,45.0,76.0,12391,13466,5896,0
c5_011,1989-12-01,LANDSAT_4,LT04_L2SP_021045_19891201_20200916_02_T1,21.0,45.0,76.0,8748,9788,5440,0
c5_012,1989-12-01,LANDSAT_4,LT04_L2SP_021045_19891201_20200916_02_T1,21.0,45.0,76.0,8913,14994,5440,0
c5_013,1989-12-01,LANDSAT_4,LT04_L2SP_021045_19891201_20200916_02_T1,21.0,45.0,76.0,9388,18978,5440,0
c5_014,1989-12-01,LANDSAT_4,LT04_L2SP_021045_19891201_20200916_02_T1,21.0,45.0,76.0,33877,36785,5896,1
c5_015,1989-12-01,LANDSAT_4,LT04_L2SP_021045_19891201_20200916_02_T1,21.0,45.0,76.0,8588,8615,7440,0
c5_016,1989-12-01,LANDSAT_4,LT04_L2SP_021045_19891201_20200916_02_T1,21.0,45.0,76.0,11449,12504,7698,0
c5_017,1989-12-01,LANDSAT_4,LT04_L2SP_021045_19891201_20200916_02_T1,21.0,45.0,76.0,12545,14807,5896,0
c5_018,1989-12-01,LANDSAT_4,LT04_L2SP_021045_19891201_20200916_02_T1,21.0,45.0,76.0,10975,12695,7698,0
c5_019,1989-12-01,LANDSAT_4,LT04_L2SP_021045_19891201_20200916_02_T1,21.0,45.0,76.0,27248,29667,5896,1
c5_020,1989-12-01,LANDSAT_4,LT04_L2SP_021045_19891201_20200916_02_T1,21.0,45.0,76.0,8753,15565,5440,0
c5_021,1989-12-01,LANDSAT_4,LT04_L2SP_021045_19891201_20200916_02_T1,21.0,45.0,76.0,8427,8811,5504,0
c5_022,1989-12-01,LANDSAT_4,LT04_L2SP_021045_19891201_20200916_02_T1,21.0,45.0,76.0,9231,10374,5440,0
c5_023,1989-12-01,LANDSAT_4,LT04_L2SP_021045_19891201_20200916_02_T1,21.0,45.0,76.0,9230,9790,7442,0
c5_024,1989-12-01,LANDSAT_4,LT04_L2SP_021045_19891201_20200916_02_T1,21.0,45.0,76.0,8595,17463,5440,0
c5_025,1989-12-01,LANDSAT_4,LT04_L2SP_021045_19891201_20200916_02_T1,21.0,45.0,76.0,9225,13854,5440,0
c5_026,1989-12-01,LANDSAT_4,LT04_L2SP_021045_19891201_20200916_02_T1,21.0,45.0,76.0,9231,9985,5504,0
c5_027,1989-12-01,LANDSAT_4,LT04_L2SP_021045_19891201_20200916_02_T1,21.0,45.0,76.0,38642,40785,5896,17
c5_028,1989-12-01,LANDSAT_4,LT04_L2SP_021045_19891201_20200916_02_T1,21.0,45.0,76.0,16570,18793,5896,0
c5_029,1989-12-01,LANDSAT_4,LT04_L2SP_021045_19891201_20200916_02_T1,21.0,45.0,76.0,14415,16333,5896,0
c5_030,1989-12-01,LANDSAT_4,LT04_L2SP_021045_19891201_20200916_02_T1,21.0,45.0,76.0,9867,11924,7440,0
c1_001,1989-12-17,LANDSAT_4,LT04_L2SP_021045_19891217_20200916_02_T1,21.0,45.0,24.0,8301,13800,7440,0
c1_002,1989-12-17,LANDSAT_4,LT04_L2SP_021045_19891217_20200916_02_T1,21.0,45.0,24.0,8446,13794,5440,0
c1_003,1989-12-17,LANDSAT_4,LT04_L2SP_021045_19891217_20200916_02_T1,21.0,45.0,24.0,8301,16518,5440,0
c1_004,1989-12-17,LANDSAT_4,LT04_L2SP_021045_19891217_20200916_02_T1,21.0,45.0,24.0,8592,15974,5440,0
c1_005,1989-12-17,LANDSAT_4,LT04_L2SP_021045_19891217_20200916_02_T1,21.0,45.0,24.0,8592,15789,5440,0
c1_006,1989-12-17,LANDSAT_4,LT04_L2SP_021045_19891217_20200916_02_T1,21.0,45.0,24.0,8299,16147,5440,0
c1_010,1989-12-17,LANDSAT_4,LT04_L2SP_021045_19891217_20200916_02_T1,21.0,45.0,24.0,8737,13974,5440,0
c1_011,1989-12-17,LANDSAT_4,LT04_L2SP_021045_19891217_20200916_02_T1,21.0,45.0,24.0,8448,17225,5440,0
c1_012,1989-12-17,LANDSAT_4,LT04_L2SP_021045_19891217_20200916_02_T1,21.0,45.0,24.0,8300,15070,5440,0
c1_014,1989-12-17,LANDSAT_4,LT04_L2SP_021045_19891217_20200916_02_T1,21.0,45.0,24.0,8447,17242,5440,0
c1_015,1989-12-17,LANDSAT_4,LT04_L2SP_021045_19891217_20200916_02_T1,21.0,45.0,24.0,8446,14162,5440,0
c1_018,1989-12-17,LANDSAT_4,LT04_L2SP_021045_19891217_20200916_02_T1,21.0,45.0,24.0,8301,17783,5440,0
c1_019,1989-12-17,LANDSAT_4,LT04_L2SP_021045_19891217_20200916_02_T1,21.0,45.0,24.0,8447,12891,5440,0
c1_021,1989-12-17,LANDSAT_4,LT04_L2SP_021045_19891217_20200916_02_T1,21.0,45.0,24.0,8300,13981,5440,0
c1_022,1989-12-17,LANDSAT_4,LT04_L2SP_021045_19891217_20200916_02_T1,21.0,45.0,24.0,9323,17595,5440,0
c1_023,1989-12-17,LANDSAT_4,LT04_L2SP_021045_19891217_20200916_02_T1,21.0,45.0,24.0,8298,17235,5440,0
c1_025,1989-12-17,LANDSAT_4,LT04_L2SP_021045_19891217_20200916_02_T1,21.0,45.0,24.0,8445,15068,5440,0
c1_027,1989-12-17,LANDSAT_4,LT04_L2SP_021045_19891217_20200916_02_T1,21.0,45.0,24.0,8151,15062,5440,0
c1_028,1989-12-17,LANDSAT_4,LT04_L2SP_021045_19891217_20200916_02_T1,21.0,45.0,24.0,8301,18853,5440,0
c1_029,1989-12-17,LANDSAT_4,LT04_L2SP_021045_19891217_20200916_02_T1,21.0,45.0,24.0,8297,16694,5440,0
c1_030,1989-12-17,LANDSAT_4,LT04_L2SP_021045_19891217_20200916_02_T1,21.0,45.0,24.0,7563,9053,5440,0
c2_002,1989-12-17,LANDSAT_4,LT04_L2SP_021045_19891217_20200916_02_T1,21.0,45.0,24.0,7861,9788,5440,0
c2_003,1989-12-17,LANDSAT_4,LT04_L2SP_021045_19891217_20200916_02_T1,21.0,45.0,24.0,8153,11799,5440,0
c2_004,1989-12-17,LANDSAT_4,LT04_L2SP_021045_19891217_20200916_02_T1,21.0,45.0,24.0,8591,14343,5440,0
c2_005,1989-12-17,LANDSAT_4,LT04_L2SP_021045_19891217_20200916_02_T1,21.0,45.0,24.0,8446,16152,5440,0
c2_006,1989-12-17,LANDSAT_4,LT04_L2SP_021045_19891217_20200916_02_T1,21.0,45.0,24.0,8592,18311,5442,0
c2_008,1989-12-17,LANDSAT_4,LT04_L2SP_021045_19891217_20200916_02_T1,21.0,45.0,24.0,8593,13792,5440,0
c2_009,1989-12-17,LANDSAT_4,LT04_L2SP_021045_19891217_20200916_02_T1,21.0,45.0,24.0,7860,10337,5440,0
c2_010,1989-12-17,LANDSAT_4,LT04_L2SP_021045_19891217_20200916_02_T1,21.0,45.0,24.0,9032,16504,5440,0
c2_012,1989-12-17,LANDSAT_4,LT04_L2SP_021045_19891217_20200916_02_T1,21.0,45.0,24.0,8442,16693,5440,0
c2_013,1989-12-17,LANDSAT_4,LT04_L2SP_021045_19891217_20200916_02_T1,21.0,45.0,24.0,9031,14152,5442,0
c2_014,1989-12-17,LANDSAT_4,LT04_L2SP_021045_19891217_20200916_02_T1,21.0,45.0,24.0,8448,16886,5440,0
c2_015,1989-12-17,LANDSAT_4,LT04_L2SP_021045_19891217_20200916_02_T1,21.0,45.0,24.0,8445,18130,5440,0
c2_018,1989-12-17,LANDSAT_4,LT04_L2SP_021045_19891217_20200916_02_T1,21.0,45.0,24.0,8448,15066,5440,0
c2_019,1989-12-17,LANDSAT_4,LT04_L2SP_021045_19891217_20200916_02_T1,21.0,45.0,24.0,8153,14525,5440,0
c2_020,1989-12-17,LANDSAT_4,LT04_L2SP_021045_19891217_20200916_02_T1,21.0,45.0,24.0,8445,19213,5440,0
c2_021,1989-12-17,LANDSAT_4,LT04_L2SP_021045_19891217_20200916_02_T1,21.0,45.0,24.0,14668,21360,5896,0
c2_022,1989-12-17,LANDSAT_4,LT04_L2SP_021045_19891217_20200916_02_T1,21.0,45.0,24.0,9324,13070,5440,0
c2_024,1989-12-17,LANDSAT_4,LT04_L2SP_021045_19891217_20200916_02_T1,21.0,45.0,24.0,8594,14524,5440,0
c2_025,1989-12-17,LANDSAT_4,LT04_L2SP_021045_19891217_20200916_02_T1,21.0,45.0,24.0,8300,13792,5440,0
c2_026,1989-12-17,LANDSAT_4,LT04_L2SP_021045_19891217_20200916_02_T1,21.0,45.0,24.0,8007,11432,7440,0
c2_027,1989-12-17,LANDSAT_4,LT04_L2SP_021045_19891217_20200916_02_T1,21.0,45.0,24.0,8594,20111,5440,0
c2_030,1989-12-17,LANDSAT_4,LT04_L2SP_021045_19891217_20200916_02_T1,21.0,45.0,24.0,8739,17047,5442,0
c10_002,1989-12-17,LANDSAT_4,LT04_L2SP_021045_19891217_20200916_02_T1,21.0,45.0,24.0,11070,12888,5896,0
c10_003,1989-12-17,LANDSAT_4,LT04_L2SP_021045_19891217_20200916_02_T1,21.0,45.0,24.0,16248,18140,5896,0
c10_004,1989-12-17,LANDSAT_4,LT04_L2SP_021045_19891217_20200916_02_T1,21.0,45.0,24.0,8886,9422,5504,0
c10_005,1989-12-17,LANDSAT_4,LT04_L2SP_021045_19891217_20200916_02_T1,21.0,45.0,24.0,9616,11067,5440,0
c3_001,1989-12-17,LANDSAT_4,LT04_L2SP_021045_19891217_20200916_02_T1,21.0,45.0,24.0,8446,18129,5440,0
c3_004,1989-12-17,LANDSAT_4,LT04_L2SP_021045_19891217_20200916_02_T1,21.0,45.0,24.0,8446,16688,5440,0
c3_005,1989-12-17,LANDSAT_4,LT04_L2SP_021045_19891217_20200916_02_T1,21.0,45.0,24.0,7715,9419,7440,0
c3_011,1989-12-17,LANDSAT_4,LT04_L2SP_021045_19891217_20200916_02_T1,21.0,45.0,24.0,7862,10515,5440,0
c3_015,1989-12-17,LANDSAT_4,LT04_L2SP_021045_19891217_20200916_02_T1,21.0,45.0,24.0,8301,16863,5440,0
c3_018,1989-12-17,LANDSAT_4,LT04_L2SP_021045_19891217_20200916_02_T1,21.0,45.0,24.0,8151,17055,5440,0
c3_022,1989-12-17,LANDSAT_4,LT04_L2SP_021045_19891217_20200916_02_T1,21.0,45.0,24.0,8590,15601,5440,0
c3_023,1989-12-17,LANDSAT_4,LT04_L2SP_021045_19891217_20200916_02_T1,21.0,45.0,24.0,8740,15059,5440,0
c3_024,1989-12-17,LANDSAT_4,LT04_L2SP_021045_19891217_20200916_02_T1,21.0,45.0,24.0,8153,9970,5440,0
c3_026,1989-12-17,LANDSAT_4,LT04_L2SP_021045_19891217_20200916_02_T1,21.0,45.0,24.0,8446,17043,5440,0
c3_027,1989-12-17,LANDSAT_4,LT04_L2SP_021045_19891217_20200916_02_T1,21.0,45.0,24.0,8447,17046,5440,0
c3_029,1989-12-17,LANDSAT_4,LT04_L2SP_021045_19891217_20200916_02_T1,21.0,45.0,24.0,8446,10885,5440,0
c3_030,1989-12-17,LANDSAT_4,LT04_L2SP_021045_19891217_20200916_02_T1,21.0,45.0,24.0,8299,11247,5440,0
c4_004,1989-12-17,LANDSAT_4,LT04_L2SP_021045_19891217_20200916_02_T1,21.0,45.0,24.0,9763,9056,5504,0
c4_007,1989-12-17,LANDSAT_4,LT04_L2SP_021045_19891217_20200916_02_T1,21.0,45.0,24.0,8593,12888,5440,0
c4_009,1989-12-17,LANDSAT_4,LT04_L2SP_021045_19891217_20200916_02_T1,21.0,45.0,24.0,7862,8688,7440,0
c4_010,1989-12-17,LANDSAT_4,LT04_L2SP_021045_19891217_20200916_02_T1,21.0,45.0,24.0,9616,9604,5504,0
c4_011,1989-12-17,LANDSAT_4,LT04_L2SP_021045_19891217_20200916_02_T1,21.0,45.0,24.0,8741,12160,5440,0
c4_012,1989-12-17,LANDSAT_4,LT04_L2SP_021045_19891217_20200916_02_T1,21.0,45.0,24.0,9029,12343,5440,0
c4_015,1989-12-17,LANDSAT_4,LT04_L2SP_021045_19891217_20200916_02_T1,21.0,45.0,24.0,9175,14706,5440,0
c4_017,1989-12-17,LANDSAT_4,LT04_L2SP_021045_19891217_20200916_02_T1,21.0,45.0,24.0,9031,13797,5440,0
c4_018,1989-12-17,LANDSAT_4,LT04_L2SP_021045_19891217_20200916_02_T1,21.0,45.0,24.0,9615,13793,5440,0
c4_019,1989-12-17,LANDSAT_4,LT04_L2SP_021045_19891217_20200916_02_T1,21.0,45.0,24.0,9178,9238,5504,0
c4_021,1989-12-17,LANDSAT_4,LT04_L2SP_021045_19891217_20200916_02_T1,21.0,45.0,24.0,9763,10518,5440,0
c4_026,1989-12-17,LANDSAT_4,LT04_L2SP_021045_19891217_20200916_02_T1,21.0,45.0,24.0,9907,12160,7442,0
c4_029,1989-12-17,LANDSAT_4,LT04_L2SP_021045_19891217_20200916_02_T1,21.0,45.0,24.0,8300,9421,5440,0
c5_001,1989-12-17,LANDSAT_4,LT04_L2SP_021045_19891217_20200916_02_T1,21.0,45.0,24.0,9034,12525,5440,0
c5_002,1989-12-17,LANDSAT_4,LT04_L2SP_021045_19891217_20200916_02_T1,21.0,45.0,24.0,8447,11066,5440,0
c5_004,1989-12-17,LANDSAT_4,LT04_L2SP_021045_19891217_20200916_02_T1,21.0,45.0,24.0,7863,8138,7440,0
c5_005,1989-12-17,LANDSAT_4,LT04_L2SP_021045_19891217_20200916_02_T1,21.0,45.0,24.0,9470,8871,5504,0
c5_006,1989-12-17,LANDSAT_4,LT04_L2SP_021045_19891217_20200916_02_T1,21.0,45.0,24.0,8887,10153,5440,0
c5_007,1989-12-17,LANDSAT_4,LT04_L2SP_021045_19891217_20200916_02_T1,21.0,45.0,24.0,8594,11980,5440,0
c5_008,1989-12-17,LANDSAT_4,LT04_L2SP_021045_19891217_20200916_02_T1,21.0,45.0,24.0,8741,10154,5440,0
c5_009,1989-12-17,LANDSAT_4,LT04_L2SP_021045_19891217_20200916_02_T1,21.0,45.0,24.0,7863,8138,7440,0
c5_010,1989-12-17,LANDSAT_4,LT04_L2SP_021045_19891217_20200916_02_T1,21.0,45.0,24.0,13238,14341,5896,0
c5_011,1989-12-17,LANDSAT_4,LT04_L2SP_021045_19891217_20200916_02_T1,21.0,45.0,24.0,8740,10519,5440,0
c5_012,1989-12-17,LANDSAT_4,LT04_L2SP_021045_19891217_20200916_02_T1,21.0,45.0,24.0,9032,14519,5440,0
c5_013,1989-12-17,LANDSAT_4,LT04_L2SP_021045_19891217_20200916_02_T1,21.0,45.0,24.0,8742,19037,5440,0
c5_014,1989-12-17,LANDSAT_4,LT04_L2SP_021045_19891217_20200916_02_T1,21.0,45.0,24.0,8887,10701,5440,0
c5_015,1989-12-17,LANDSAT_4,LT04_L2SP_021045_19891217_20200916_02_T1,21.0,45.0,24.0,8888,8873,5504,0
c5_016,1989-12-17,LANDSAT_4,LT04_L2SP_021045_19891217_20200916_02_T1,21.0,45.0,24.0,9032,9787,7440,0
c5_017,1989-12-17,LANDSAT_4,LT04_L2SP_021045_19891217_20200916_02_T1,21.0,45.0,24.0,8302,10701,7440,0
c5_018,1989-12-17,LANDSAT_4,LT04_L2SP_021045_19891217_20200916_02_T1,21.0,45.0,24.0,9032,12342,5440,0
c5_019,1989-12-17,LANDSAT_4,LT04_L2SP_021045_19891217_20200916_02_T1,21.0,45.0,24.0,9178,10518,5440,0
c5_020,1989-12-17,LANDSAT_4,LT04_L2SP_021045_19891217_20200916_02_T1,21.0,45.0,24.0,8448,15787,5440,0
c5_021,1989-12-17,LANDSAT_4,LT04_L2SP_021045_19891217_20200916_02_T1,21.0,45.0,24.0,8448,9055,5440,0
c5_022,1989-12-17,LANDSAT_4,LT04_L2SP_021045_19891217_20200916_02_T1,21.0,45.0,24.0,8740,9603,5440,0
c5_023,1989-12-17,LANDSAT_4,LT04_L2SP_021045_19891217_20200916_02_T1,21.0,45.0,24.0,9325,10701,5442,0
c5_025,1989-12-17,LANDSAT_4,LT04_L2SP_021045_19891217_20200916_02_T1,21.0,45.0,24.0,8447,12345,5440,0
c5_026,1989-12-17,LANDSAT_4,LT04_L2SP_021045_19891217_20200916_02_T1,21.0,45.0,24.0,9034,9604,5504,0
c5_027,1989-12-17,LANDSAT_4,LT04_L2SP_021045_19891217_20200916_02_T1,21.0,45.0,24.0,10200,13436,7442,0
c5_028,1989-12-17,LANDSAT_4,LT04_L2SP_021045_19891217_20200916_02_T1,21.0,45.0,24.0,7863,8322,7440,0
c5_029,1989-12-17,LANDSAT_4,LT04_L2SP_021045_19891217_20200916_02_T1,21.0,45.0,24.0,9471,11430,5440,0
c5_030,1989-12-17,LANDSAT_4,LT04_L2SP_021045_19891217_20200916_02_T1,21.0,45.0,24.0,9178,11795,5440,0
c1_001,1990-04-24,LANDSAT_4,LT04_L2SP_021045_19900424_20200916_02_T1,21.0,45.0,34.0,11578,18537,5896,0
c1_002,1990-04-24,LANDSAT_4,LT04_L2SP_021045_19900424_20200916_02_T1,21.0,45.0,34.0,9753,12770,5896,0
c1_003,1990-04-24,LANDSAT_4,LT04_L2SP_021045_19900424_20200916_02_T1,21.0,45.0,34.0,9756,12773,5896,0
c1_004,1990-04-24,LANDSAT_4,LT04_L2SP_021045_19900424_20200916_02_T1,21.0,45.0,34.0,9413,12771,5896,0
c1_005,1990-04-24,LANDSAT_4,LT04_L2SP_021045_19900424_20200916_02_T1,21.0,45.0,34.0,12254,18146,5896,0
c1_006,1990-04-24,LANDSAT_4,LT04_L2SP_021045_19900424_20200916_02_T1,21.0,45.0,34.0,23669,25745,5896,1
c1_009,1990-04-24,LANDSAT_4,LT04_L2SP_021045_19900424_20200916_02_T1,21.0,45.0,34.0,9553,12212,5896,0
c1_010,1990-04-24,LANDSAT_4,LT04_L2SP_021045_19900424_20200916_02_T1,21.0,45.0,34.0,30957,32744,5896,1
c1_011,1990-04-24,LANDSAT_4,LT04_L2SP_021045_19900424_20200916_02_T1,21.0,45.0,34.0,10232,17819,5896,0
c1_012,1990-04-24,LANDSAT_4,LT04_L2SP_021045_19900424_20200916_02_T1,21.0,45.0,34.0,10099,15672,5896,0
c1_014,1990-04-24,LANDSAT_4,LT04_L2SP_021045_19900424_20200916_02_T1,21.0,45.0,34.0,9867,14711,5896,0
c1_015,1990-04-24,LANDSAT_4,LT04_L2SP_021045_19900424_20200916_02_T1,21.0,45.0,34.0,10438,16364,5896,0
c1_018,1990-04-24,LANDSAT_4,LT04_L2SP_021045_19900424_20200916_02_T1,21.0,45.0,34.0,12141,17313,5896,0
c1_019,1990-04-24,LANDSAT_4,LT04_L2SP_021045_19900424_20200916_02_T1,21.0,45.0,34.0,12142,15262,5896,0
c1_021,1990-04-24,LANDSAT_4,LT04_L2SP_021045_19900424_20200916_02_T1,21.0,45.0,34.0,16152,20706,5896,0
c1_022,1990-04-24,LANDSAT_4,LT04_L2SP_021045_19900424_20200916_02_T1,21.0,45.0,34.0,12253,15392,5896,0
c1_023,1990-04-24,LANDSAT_4,LT04_L2SP_021045_19900424_20200916_02_T1,21.0,45.0,34.0,17349,21498,5896,0
c1_025,1990-04-24,LANDSAT_4,LT04_L2SP_021045_19900424_20200916_02_T1,21.0,45.0,34.0,9290,11657,5896,0
c1_027,1990-04-24,LANDSAT_4,LT04_L2SP_021045_19900424_20200916_02_T1,21.0,45.0,34.0,11010,18126,5896,0
c1_028,1990-04-24,LANDSAT_4,LT04_L2SP_021045_19900424_20200916_02_T1,21.0,45.0,34.0,14699,19319,5896,0
c1_029,1990-04-24,LANDSAT_4,LT04_L2SP_021045_19900424_20200916_02_T1,21.0,45.0,34.0,13491,20310,5896,0
c1_030,1990-04-24,LANDSAT_4,LT04_L2SP_021045_19900424_20200916_02_T1,21.0,45.0,34.0,18234,20841,5896,0
c2_002,1990-04-24,LANDSAT_4,LT04_L2SP_021045_19900424_20200916_02_T1,21.0,45.0,34.0,9871,11520,5896,0
c2_003,1990-04-24,LANDSAT_4,LT04_L2SP_021045_19900424_20200916_02_T1,21.0,45.0,34.0,12593,16217,5896,0
c2_004,1990-04-24,LANDSAT_4,LT04_L2SP_021045_19900424_20200916_02_T1,21.0,45.0,34.0,11919,15259,5896,0
c2_005,1990-04-24,LANDSAT_4,LT04_L2SP_021045_19900424_20200916_02_T1,21.0,45.0,34.0,14610,15130,7442,0
c2_006,1990-04-24,LANDSAT_4,LT04_L2SP_021045_19900424_20200916_02_T1,21.0,45.0,34.0,12139,17316,5896,0
c2_007,1990-04-24,LANDSAT_4,LT04_L2SP_021045_19900424_20200916_02_T1,21.0,45.0,34.0,12252,17955,5896,0
c2_008,1990-04-24,LANDSAT_4,LT04_L2SP_021045_19900424_20200916_02_T1,21.0,45.0,34.0,12475,17036,5896,0
c2_009,1990-04-24,LANDSAT_4,LT04_L2SP_021045_19900424_20200916_02_T1,21.0,45.0,34.0,14266,17439,5896,0
c2_010,1990-04-24,LANDSAT_4,LT04_L2SP_021045_19900424_20200916_02_T1,21.0,45.0,34.0,10343,17415,5896,0
c2_012,1990-04-24,LANDSAT_4,LT04_L2SP_021045_19900424_20200916_02_T1,21.0,45.0,34.0,13824,19084,5896,0
c2_013,1990-04-24,LANDSAT_4,LT04_L2SP_021045_19900424_20200916_02_T1,21.0,45.0,34.0,15571,20778,5896,0
c2_014,1990-04-24,LANDSAT_4,LT04_L2SP_021045_19900424_20200916_02_T1,21.0,45.0,34.0,9754,13745,5896,0
c2_015,1990-04-24,LANDSAT_4,LT04_L2SP_021045_19900424_20200916_02_T1,21.0,45.0,34.0,11126,18384,5896,0
c2_018,1990-04-24,LANDSAT_4,LT04_L2SP_021045_19900424_20200916_02_T1,21.0,45.0,34.0,14160,18552,5896,0
c2_019,1990-04-24,LANDSAT_4,LT04_L2SP_021045_19900424_20200916_02_T1,21.0,45.0,34.0,11350,16227,5896,0
c2_020,1990-04-24,LANDSAT_4,LT04_L2SP_021045_19900424_20200916_02_T1,21.0,45.0,34.0,9878,17845,5896,0
c2_021,1990-04-24,LANDSAT_4,LT04_L2SP_021045_19900424_20200916_02_T1,21.0,45.0,34.0,13040,19231,5896,0
c2_022,1990-04-24,LANDSAT_4,LT04_L2SP_021045_19900424_20200916_02_T1,21.0,45.0,34.0,9633,11936,5896,0
c2_024,1990-04-24,LANDSAT_4,LT04_L2SP_021045_19900424_20200916_02_T1,21.0,45.0,34.0,13827,18284,5896,0
c2_025,1990-04-24,LANDSAT_4,LT04_L2SP_021045_19900424_20200916_02_T1,21.0,45.0,34.0,13039,18955,5896,0
c2_026,1990-04-24,LANDSAT_4,LT04_L2SP_021045_19900424_20200916_02_T1,21.0,45.0,34.0,9758,11799,5896,0
c2_027,1990-04-24,LANDSAT_4,LT04_L2SP_021045_19900424_20200916_02_T1,21.0,45.0,34.0,20651,22514,5896,1
c2_030,1990-04-24,LANDSAT_4,LT04_L2SP_021045_19900424_20200916_02_T1,21.0,45.0,34.0,11129,18240,5896,0
c10_002,1990-04-24,LANDSAT_4,LT04_L2SP_021045_19900424_20200916_02_T1,21.0,45.0,34.0,16702,18271,5896,0
c10_003,1990-04-24,LANDSAT_4,LT04_L2SP_021045_19900424_20200916_02_T1,21.0,45.0,34.0,11573,12213,5896,0
c10_004,1990-04-24,LANDSAT_4,LT04_L2SP_021045_19900424_20200916_02_T1,21.0,45.0,34.0,11233,11516,7442,0
c10_005,1990-04-24,LANDSAT_4,LT04_L2SP_021045_19900424_20200916_02_T1,21.0,45.0,34.0,11911,13464,5896,0
c3_001,1990-04-24,LANDSAT_4,LT04_L2SP_021045_19900424_20200916_02_T1,21.0,45.0,34.0,12589,18825,5896,0
c3_002,1990-04-24,LANDSAT_4,LT04_L2SP_021045_19900424_20200916_02_T1,21.0,45.0,34.0,9434,13041,7442,0
c3_003,1990-04-24,LANDSAT_4,LT04_L2SP_021045_19900424_20200916_02_T1,21.0,45.0,34.0,9432,13317,5896,0
c3_004,1990-04-24,LANDSAT_4,LT04_L2SP_021045_19900424_20200916_02_T1,21.0,45.0,34.0,12700,17971,5896,0
c3_005,1990-04-24,LANDSAT_4,LT04_L2SP_021045_19900424_20200916_02_T1,21.0,45.0,34.0,24895,27290,5896,1
c3_011,1990-04-24,LANDSAT_4,LT04_L2SP_021045_19900424_20200916_02_T1,21.0,45.0,34.0,20231,24113,5896,1
c3_012,1990-04-24,LANDSAT_4,LT04_L2SP_021045_19900424_20200916_02_T1,21.0,45.0,34.0,10233,18088,5896,0
c3_015,1990-04-24,LANDSAT_4,LT04_L2SP_021045_19900424_20200916_02_T1,21.0,45.0,34.0,11691,18099,5896,0
c3_018,1990-04-24,LANDSAT_4,LT04_L2SP_021045_19900424_20200916_02_T1,21.0,45.0,34.0,14830,20853,5896,0
c3_020,1990-04-24,LANDSAT_4,LT04_L2SP_021045_19900424_20200916_02_T1,21.0,45.0,34.0,9552,12626,5896,0
c3_022,1990-04-24,LANDSAT_4,LT04_L2SP_021045_19900424_20200916_02_T1,21.0,45.0,34.0,13480,18236,5896,0
c3_023,1990-04-24,LANDSAT_4,LT04_L2SP_021045_19900424_20200916_02_T1,21.0,45.0,34.0,10338,16334,5896,0
c3_024,1990-04-24,LANDSAT_4,LT04_L2SP_021045_19900424_20200916_02_T1,21.0,45.0,34.0,17694,20444,5896,0
c3_026,1990-04-24,LANDSAT_4,LT04_L2SP_021045_19900424_20200916_02_T1,21.0,45.0,34.0,10452,14556,5896,0
c3_027,1990-04-24,LANDSAT_4,LT04_L2SP_021045_19900424_20200916_02_T1,21.0,45.0,34.0,10227,13732,5896,0
c3_028,1990-04-24,LANDSAT_4,LT04_L2SP_021045_19900424_20200916_02_T1,21.0,45.0,34.0,9657,19584,5440,0
c3_029,1990-04-24,LANDSAT_4,LT04_L2SP_021045_19900424_20200916_02_T1,21.0,45.0,34.0,24136,26318,5896,1
c3_030,1990-04-24,LANDSAT_4,LT04_L2SP_021045_19900424_20200916_02_T1,21.0,45.0,34.0,14381,17862,5896,0
c4_004,1990-04-24,LANDSAT_4,LT04_L2SP_021045_19900424_20200916_02_T1,21.0,45.0,34.0,65535,37928,5896,21
c4_007,1990-04-24,LANDSAT_4,LT04_L2SP_021045_19900424_20200916_02_T1,21.0,45.0,34.0,10328,13603,5896,0
c4_008,1990-04-24,LANDSAT_4,LT04_L2SP_021045_19900424_20200916_02_T1,21.0,45.0,34.0,11696,19018,5896,0
c4_009,1990-04-24,LANDSAT_4,LT04_L2SP_021045_19900424_20200916_02_T1,21.0,45.0,34.0,13484,17853,5896,0
c4_010,1990-04-24,LANDSAT_4,LT04_L2SP_021045_19900424_20200916_02_T1,21.0,45.0,34.0,12700,12075,7442,0
c4_011,1990-04-24,LANDSAT_4,LT04_L2SP_021045_19900424_20200916_02_T1,21.0,45.0,34.0,13823,17868,5896,0
c4_012,1990-04-24,LANDSAT_4,LT04_L2SP_021045_19900424_20200916_02_T1,21.0,45.0,34.0,10328,12912,5896,0
c4_015,1990-04-24,LANDSAT_4,LT04_L2SP_021045_19900424_20200916_02_T1,21.0,45.0,34.0,9754,13052,7440,0
c4_017,1990-04-24,LANDSAT_4,LT04_L2SP_021045_19900424_20200916_02_T1,21.0,45.0,34.0,9989,12910,5896,0
c4_018,1990-04-24,LANDSAT_4,LT04_L2SP_021045_19900424_20200916_02_T1,21.0,45.0,34.0,10454,12904,5896,0
c4_019,1990-04-24,LANDSAT_4,LT04_L2SP_021045_19900424_20200916_02_T1,21.0,45.0,34.0,11575,11518,5442,0
c4_021,1990-04-24,LANDSAT_4,LT04_L2SP_021045_19900424_20200916_02_T1,21.0,45.0,34.0,12699,12352,5442,0
c4_026,1990-04-24,LANDSAT_4,LT04_L2SP_021045_19900424_20200916_02_T1,21.0,45.0,34.0,13821,15258,5896,0
c4_029,1990-04-24,LANDSAT_4,LT04_L2SP_021045_19900424_20200916_02_T1,21.0,45.0,34.0,11237,15809,5896,0
c5_001,1990-04-24,LANDSAT_4,LT04_L2SP_021045_19900424_20200916_02_T1,21.0,45.0,34.0,12588,15127,5896,0
c5_002,1990-04-24,LANDSAT_4,LT04_L2SP_021045_19900424_20200916_02_T1,21.0,45.0,34.0,10548,13189,5896,0
c5_004,1990-04-24,LANDSAT_4,LT04_L2SP_021045_19900424_20200916_02_T1,21.0,45.0,34.0,19114,21123,5896,0
c5_005,1990-04-24,LANDSAT_4,LT04_L2SP_021045_19900424_20200916_02_T1,21.0,45.0,34.0,11127,11658,5896,0
c5_006,1990-04-24,LANDSAT_4,LT04_L2SP_021045_19900424_20200916_02_T1,21.0,45.0,34.0,9888,10825,5896,0
c5_007,1990-04-24,LANDSAT_4,LT04_L2SP_021045_19900424_20200916_02_T1,21.0,45.0,34.0,10437,13883,5896,0
c5_008,1990-04-24,LANDSAT_4,LT04_L2SP_021045_19900424_20200916_02_T1,21.0,45.0,34.0,10432,11515,5896,0
c5_009,1990-04-24,LANDSAT_4,LT04_L2SP_021045_19900424_20200916_02_T1,21.0,45.0,34.0,24238,25257,5896,1
c5_010,1990-04-24,LANDSAT_4,LT04_L2SP_021045_19900424_20200916_02_T1,21.0,45.0,34.0,11119,11516,5896,0
c5_011,1990-04-24,LANDSAT_4,LT04_L2SP_021045_19900424_20200916_02_T1,21.0,45.0,34.0,11117,12772,7442,0
c5_012,1990-04-24,LANDSAT_4,LT04_L2SP_021045_19900424_20200916_02_T1,21.0,45.0,34.0,20224,22514,5896,0
c5_013,1990-04-24,LANDSAT_4,LT04_L2SP_021045_19900424_20200916_02_T1,21.0,45.0,34.0,11913,12905,5896,0
c5_014,1990-04-24,LANDSAT_4,LT04_L2SP_021045_19900424_20200916_02_T1,21.0,45.0,34.0,19332,20990,5896,1
c5_015,1990-04-24,LANDSAT_4,LT04_L2SP_021045_19900424_20200916_02_T1,21.0,45.0,34.0,11458,11656,7442,0
c5_016,1990-04-24,LANDSAT_4,LT04_L2SP_021045_19900424_20200916_02_T1,21.0,45.0,34.0,10890,11655,5896,0
c5_017,1990-04-24,LANDSAT_4,LT04_L2SP_021045_19900424_20200916_02_T1,21.0,45.0,34.0,15607,18690,5896,0
c5_018,1990-04-24,LANDSAT_4,LT04_L2SP_021045_19900424_20200916_02_T1,21.0,45.0,34.0,10892,13880,5896,0
c5_019,1990-04-24,LANDSAT_4,LT04_L2SP_021045_19900424_20200916_02_T1,21.0,45.0,34.0,11005,12632,5896,0
c5_020,1990-04-24,LANDSAT_4,LT04_L2SP_021045_19900424_20200916_02_T1,21.0,45.0,34.0,15247,17691,5896,0
c5_021,1990-04-24,LANDSAT_4,LT04_L2SP_021045_19900424_20200916_02_T1,21.0,45.0,34.0,11457,12354,7442,0
c5_022,1990-04-24,LANDSAT_4,LT04_L2SP_021045_19900424_20200916_02_T1,21.0,45.0,34.0,10565,11242,5896,0
c5_023,1990-04-24,LANDSAT_4,LT04_L2SP_021045_19900424_20200916_02_T1,21.0,45.0,34.0,16042,17863,5896,0
c5_024,1990-04-24,LANDSAT_4,LT04_L2SP_021045_19900424_20200916_02_T1,21.0,45.0,34.0,10341,15783,5896,0
c5_025,1990-04-24,LANDSAT_4,LT04_L2SP_021045_19900424_20200916_02_T1,21.0,45.0,34.0,10435,14299,5896,0
c5_026,1990-04-24,LANDSAT_4,LT04_L2SP_021045_19900424_20200916_02_T1,21.0,45.0,34.0,17756,19311,5896,0
c5_027,1990-04-24,LANDSAT_4,LT04_L2SP_021045_19900424_20200916_02_T1,21.0,45.0,34.0,11121,12909,5896,0
c5_028,1990-04-24,LANDSAT_4,LT04_L2SP_021045_19900424_20200916_02_T1,21.0,45.0,34.0,11003,12632,5896,0
c5_029,1990-04-24,LANDSAT_4,LT04_L2SP_021045_19900424_20200916_02_T1,21.0,45.0,34.0,14826,17048,5896,0
c5_030,1990-04-24,LANDSAT_4,LT04_L2SP_021045_19900424_20200916_02_T1,21.0,45.0,34.0,10549,12909,5896,0
