point_id,traj,lon,lat,year,ndvi_max,n_images_that_year
c1_001,1,-90.056184,21.12301254272461,1985.0,0.7408540844917297,6
c1_002,1,-89.984506,21.126246,1985.0,0.7344622611999512,6
c1_003,1,-90.070197,21.140798,1985.0,0.772276759147644,6
c1_004,1,-90.057801,21.145648,1985.0,0.7862095236778259,6
c1_005,1,-90.024926,21.145379,1985.0,0.6613618731498718,6
c1_006,1,-89.979386,21.130288,1985.0,0.7005257606506348,6
c1_007,1,-90.08636474609375,21.137025,1985.0,0.8064375519752502,6
c1_008,1,-89.952169,21.14322280883789,1985.0,0.7446337938308716,6
c1_009,1,-90.055106,21.138911,1985.0,0.531893789768219,6
c1_010,1,-89.945702,21.14322280883789,1985.0,0.7295476794242859,6
c1_011,1,-89.958098,21.149151,1985.0,0.7286386489868164,6
c1_012,1,-90.036783,21.117354,1985.0,0.7714957594871521,6
c1_013,1,-90.113042,21.085018157958984,1985.0,0.773796558380127,6
c1_014,1,-89.944085,21.154002,1985.0,0.7958336472511292,6
c1_015,1,-90.065885,21.113581,1985.0,0.7270751595497131,6
c1_016,1,-90.064538,21.121126174926758,1985.0,0.7280204892158508,6
c1_017,1,-90.01280212402344,21.122474,1985.0,0.704245924949646,6
c1_018,1,-90.013608,21.150499,1985.0,0.7422580122947693,6
c1_019,1,-90.075856,21.141876220703125,1985.0,0.7419984340667725,6
c1_020,1,-90.063729,21.119510650634766,1985.0,0.7229192852973938,6
c1_021,1,-90.112234,21.128671646118164,1985.0,0.6817981600761414,6
c1_022,1,-89.970224,21.131635665893555,1985.0,0.6630123257637024,6
c1_023,1,-90.049448,21.111425399780273,1985.0,0.6554846167564392,6
c1_024,1,-90.076933,21.135408401489258,1985.0,0.7293924689292908,6
c1_025,1,-90.09391021728516,21.143762,1985.0,0.8405565619468689,6
c1_026,1,-89.940852,21.145917892456055,1985.0,0.7752930521965027,6
c1_027,1,-89.945163,21.154002,1985.0,0.7551718950271606,6
c1_028,1,-90.098491,21.127324,1985.0,0.7974536418914795,6
c1_029,1,-90.003368,21.149421,1985.0,0.6947789788246155,6
c1_030,1,-89.972918,21.124629,1985.0,0.7380471229553223,6
c1_031,1,-90.003907,21.124359130859375,1985.0,0.749589741230011,6
c1_032,1,-90.066694,21.0987606048584,1985.0,0.7387255430221558,6
c1_033,1,-89.994745,21.123552322387695,1985.0,0.6545988321304321,6
c1_034,1,-90.08879089355469,21.142953,1985.0,0.8117710947990417,6
c1_035,1,-90.063191,21.110887,1985.0,0.7384644746780396,6
c1_036,1,-89.960523,21.137563705444336,1985.0,0.7627540230751038,6
c1_037,1,-90.094179,21.093371,1985.0,0.7351162433624268,6
c1_038,1,-90.0025634765625,21.122743,1985.0,0.6841621994972229,6
c1_039,1,-90.051334,21.132714,1985.0,0.6213943362236023,6
c1_040,1,-90.066694,21.13837242126465,1985.0,0.757201075553894,6
c1_041,1,-90.116815,21.0882511138916,1985.0,0.7407971620559692,6
c1_042,1,-90.057801,21.148612,1985.0,0.7656252980232239,6
c1_043,1,-90.080706,21.141876220703125,1985.0,0.7126521468162537,6
c1_044,1,-89.947319,21.188493728637695,1985.0,0.7669764757156372,6
c1_045,1,-89.981811,21.124091,1985.0,0.746790885925293,6
c1_046,1,-90.058879,21.128671646118164,1985.0,0.6572414040565491,6
c1_047,1,-90.075317,21.10361099243164,1985.0,0.756715714931488,6
c1_048,1,-90.003638,21.150768280029297,1985.0,0.759951651096344,6
c1_049,1,-90.026543,21.122743,1985.0,0.7778482437133789,6
c1_050,1,-90.108731,21.117623,1985.0,0.807518720626831,6
c2_001,2,-89.960253,21.154002,1985.0,0.705399215221405,6
c2_002,2,-90.117623,21.133522033691406,1985.0,0.6129714250564575,6
c2_003,2,-90.07881927490234,21.09229278564453,1985.0,0.7177547812461853,6
c2_004,2,-89.978847,21.15022850036621,1985.0,0.768383264541626,6
c2_005,2,-90.089329,21.09364128112793,1985.0,0.7768441438674927,6
c2_006,2,-90.11412048339844,21.100377,1985.0,0.680546760559082,6
c2_007,2,-90.106036,21.131635665893555,1985.0,0.8362257480621338,6
c2_008,2,-90.001213,21.145379,1985.0,0.7113925814628601,6
c2_009,2,-89.963217,21.183913,1985.0,0.5705807209014893,6
c2_010,2,-90.10226440429688,21.144301,1985.0,0.7831825613975525,6
c2_011,2,-89.958636,21.125438,1985.0,0.7069568634033203,6
c2_012,2,-90.097413,21.149959564208984,1985.0,0.8434292078018188,6
c2_013,2,-90.100647,21.106845,1985.0,0.6911670565605164,6
c2_014,2,-90.04594421386719,21.111156463623047,1985.0,0.6131470799446106,6
c2_015,2,-90.068849,21.102802276611328,1985.0,0.8056408762931824,6
c2_016,2,-90.118162,21.135947,1985.0,0.6331062316894531,6
c2_017,2,-89.96214294433594,21.120587,1985.0,0.7029125690460205,6
c2_018,2,-89.981541,21.148343,1985.0,0.6943329572677612,6
c2_019,2,-90.041364,21.101186,1985.0,0.7358502149581909,6
c2_020,2,-90.082592,21.10064697265625,1985.0,0.7804486155509949,6
c2_021,2,-89.945163,21.161008,1985.0,0.7493320107460022,6
c2_022,2,-90.01280212402344,21.118162155151367,1985.0,0.7159568071365356,6
c2_023,2,-89.94165802001953,21.17879295349121,1985.0,0.6378964185714722,6
c2_024,2,-89.940043,21.179332,1985.0,0.7383708357810974,6
c2_025,2,-89.942199,21.169092178344727,1985.0,0.6946179270744324,6
c2_026,2,-90.04837036132812,21.15858268737793,1985.0,0.6278380155563354,6
c2_027,2,-90.018189,21.155078887939453,1985.0,0.7973594665527344,6
c2_028,2,-90.018998,21.118701,1985.0,0.6615703105926514,6
c2_029,2,-89.960253,21.166936,1985.0,0.8157526254653931,6
c2_030,2,-90.08636474609375,21.13918113708496,1985.0,0.8219926953315735,6
c2_031,2,-90.006871,21.167745,1985.0,0.5268298983573914,6
c2_032,2,-89.9599838256836,21.15750503540039,1985.0,0.5652115941047668,6
c2_033,2,-90.052412,21.115737,1985.0,0.6966803073883057,6
c2_034,2,-90.075586,21.099569,1985.0,0.7197954654693604,6
c2_035,2,-90.108731,21.095796,1985.0,0.6695785522460938,6
c2_036,2,-90.026543,21.155078887939453,1985.0,0.7769014835357666,6
c2_037,2,-90.006871,21.131097,1985.0,0.7159190773963928,6
c2_038,2,-90.080167,21.099838256835938,1985.0,0.7773902416229248,6
c2_039,2,-89.947588,21.136486053466797,1985.0,0.7298222780227661,6
c2_040,2,-90.061304,21.10468864440918,1985.0,0.7395514249801636,6
c2_041,2,-90.075856,21.134868621826172,1985.0,0.7574564814567566,6
c2_042,2,-89.99959564208984,21.12004852294922,1985.0,0.5696823596954346,6
c2_043,2,-90.101725,21.08043670654297,1985.0,0.7273840308189392,6
c2_044,2,-90.026004,21.113851,1985.0,0.7304587960243225,6
c2_045,2,-90.118162,21.129209518432617,1985.0,0.8235975503921509,6
c2_046,2,-89.94139099121094,21.172056198120117,1985.0,0.7499596476554871,6
c2_047,2,-89.969685,21.1402587890625,1985.0,0.7605696320533752,6
c2_048,2,-90.1038818359375,21.095527,1985.0,0.6468208432197571,6
c2_049,2,-89.99231719970703,21.149690628051758,1985.0,0.6684139966964722,6
c2_050,2,-89.950822,21.121396,1985.0,0.7159579992294312,6
c3_045,3,-89.992859,21.161815643310547,1985.0,0.6138839721679688,6
c3_003,3,-90.034357,21.15858268737793,1985.0,0.8212577104568481,6
c3_026,3,-89.986931,21.149959564208984,1985.0,0.7916618585586548,6
c3_008,3,-90.084209,21.151576,1985.0,0.7618038058280945,6
c3_017,3,-89.970493,21.159929275512695,1985.0,0.6194866895675659,6
c3_004,3,-89.982619,21.180679,1985.0,0.7936692833900452,6
c3_040,3,-89.9742660522461,21.185529708862305,1985.0,0.7589457631111145,6
c3_024,3,-89.97722625732422,21.183913,1985.0,0.7743702530860901,6
c3_013,3,-89.995823,21.13837242126465,1985.0,0.7848291993141174,6
c3_018,3,-90.062113,21.107114,1985.0,0.7795814871788025,6
c3_007,3,-90.088521,21.146995,1985.0,0.7682508826255798,6
c3_014,3,-89.951361,21.199003219604492,1985.0,0.7424352765083313,6
c3_042,3,-89.950283,21.199003219604492,1985.0,0.7158504128456116,6
c3_029,3,-90.000135,21.137563705444336,1985.0,0.6882606744766235,6
c3_005,3,-90.003638,21.111964,1985.0,0.6678493618965149,6
c3_022,3,-90.005524,21.112503051757812,1985.0,0.6955011487007141,6
c3_002,3,-89.953786,21.197656,1985.0,0.6698691248893738,6
c3_015,3,-89.940852,21.162086486816406,1985.0,0.7527106404304504,6
c3_020,3,-90.016842,21.116006,1985.0,0.7013287544250488,6
c3_027,3,-89.982619,21.149421,1985.0,0.6916901469230652,6
c3_030,3,-89.942738,21.1674747467041,1985.0,0.7153266072273254,6
c3_050,3,-89.941929,21.168553,1985.0,0.6057370901107788,6
c3_009,3,-89.986392,21.149959564208984,1985.0,0.7961433529853821,6
c3_033,3,-90.039208,21.102802276611328,1985.0,0.6683011054992676,6
c3_038,3,-89.976152,21.169361114501953,1985.0,0.6198738813400269,6
c3_023,3,-89.97183990478516,21.169361114501953,1985.0,0.6740203499794006,6
c3_032,3,-90.00040435791016,21.138642,1985.0,0.6779760122299194,6
c3_046,3,-89.994476,21.137832641601562,1985.0,0.6327527165412903,6
c3_025,3,-89.947049,21.157235,1985.0,0.7309789061546326,6
c3_028,3,-89.976421,21.165858,1985.0,0.7529674768447876,6
c3_036,3,-89.95189666748047,21.162894,1985.0,0.6731703877449036,6
c3_021,3,-90.007141,21.131635665893555,1985.0,0.7006564140319824,6
c3_035,3,-90.000943,21.144569396972656,1985.0,0.7005035877227783,6
c3_037,3,-89.97183990478516,21.162086486816406,1985.0,0.757770836353302,6
c3_039,3,-89.976691,21.168283462524414,1985.0,0.61820387840271,6
c3_041,3,-89.973996,21.137563705444336,1985.0,0.6839701533317566,6
c3_034,3,-90.041364,21.1402587890625,1985.0,0.6784082651138306,6
c3_047,3,-90.028698,21.126246,1985.0,0.7739952206611633,6
c3_048,3,-90.030315,21.124359130859375,1985.0,0.717466413974762,6
c3_011,3,-90.035974,21.099299,1985.0,0.6765826344490051,6
c3_001,3,-90.080437,21.100377,1985.0,0.743305504322052,6
c3_006,3,-89.94677734375,21.202237,1985.0,0.797673225402832,6
c3_019,3,-89.958367,21.172056198120117,1985.0,0.7803636789321899,6
c3_031,3,-90.00740814208984,21.113042,1985.0,0.6826376914978027,6
c3_010,3,-90.01252746582031,21.114659,1985.0,0.7207393050193787,6
c3_012,3,-90.00768280029297,21.114389419555664,1985.0,0.6122108697891235,6
c3_016,3,-90.045675,21.097951889038086,1985.0,0.6170132160186768,6
c3_043,3,-89.967259,21.189841,1985.0,0.7564436197280884,6
c3_044,3,-90.046214,21.097413,1985.0,0.6588032841682434,6
c3_049,3,-90.016033,21.116006,1985.0,0.685305655002594,6
c4_001,4,-90.002021,21.168822,1985.0,0.4581645131111145,6
c4_002,4,-90.013878,21.166397094726562,1985.0,0.3998347818851471,6
c4_003,4,-90.040286,21.149421,1985.0,0.45587146282196045,6
c4_004,4,-89.94139099121094,21.181487,1985.0,0.3070789575576782,6
c4_005,4,-89.967529,21.183643341064453,1985.0,0.2642183005809784,6
c4_006,4,-89.943277,21.200620651245117,1985.0,0.10499461740255356,6
c4_007,4,-89.968068,21.171248,1985.0,0.34064748883247375,6
c4_008,4,-90.035705,21.15346336364746,1985.0,0.6309102177619934,6
c4_009,4,-89.967798,21.179332,1985.0,0.046047478914260864,6
c4_010,4,-89.949205,21.194961,1985.0,0.11476004868745804,6
c4_011,4,-89.943007,21.202506,1985.0,0.050637952983379364,6
c4_012,4,-89.945163,21.199811,1985.0,0.06426083296537399,6
c4_013,4,-89.972379,21.174481,1985.0,0.1463584154844284,6
c4_014,4,-90.041633,21.148612,1985.0,0.44195789098739624,6
c4_015,4,-89.960792,21.190380096435547,1985.0,0.11235121637582779,6
c4_016,4,-89.958098,21.184452056884766,1985.0,0.08424779027700424,6
c4_017,4,-90.074239,21.133790969848633,1985.0,0.5853123664855957,6
c4_018,4,-89.950822,21.1922664642334,1985.0,0.0933268740773201,6
c4_019,4,-89.996901,21.149959564208984,1985.0,0.45004358887672424,6
c4_020,4,-89.960523,21.186338424682617,1985.0,0.11869668960571289,6
c4_021,4,-89.9465103149414,21.185529708862305,1985.0,0.12394703924655914,6
c4_022,4,-89.957828,21.185529708862305,1985.0,0.11209084093570709,6
c4_023,4,-90.035705,21.144301,1985.0,0.5281272530555725,6
c4_024,4,-90.022501,21.156966,1985.0,0.3250439167022705,6
c4_025,4,-89.981002,21.165319,1985.0,0.7115203142166138,6
c4_026,4,-90.027621,21.162355422973633,1985.0,0.5004382729530334,6
c4_027,4,-89.949475,21.19415283203125,1985.0,0.022238725796341896,6
c4_028,4,-89.940852,21.201428,1985.0,0.10845407098531723,6
c4_029,4,-89.961601,21.190919,1985.0,0.129317045211792,6
c4_030,4,-90.041364,21.151576,1985.0,0.5470104217529297,6
c4_031,4,-90.062382,21.153732299804688,1985.0,0.5742905735969543,6
c4_032,4,-89.944085,21.193883,1985.0,0.17132587730884552,6
c4_033,4,-89.981811,21.164511,1985.0,0.7527651786804199,6
c4_034,4,-89.940313,21.199811,1985.0,0.1069011390209198,6
c4_035,4,-90.072622,21.132714,1985.0,0.5968227386474609,6
c4_036,4,-89.942738,21.183643341064453,1985.0,0.19553250074386597,6
c4_037,4,-89.9742660522461,21.173673,1985.0,0.4898603856563568,6
c4_038,4,-89.966451,21.182565,1985.0,0.08305441588163376,6
c4_039,4,-90.014147,21.163972,1985.0,0.20576339960098267,6
c4_040,4,-89.944355,21.201428,1985.0,0.04245195537805557,6
c4_041,4,-90.011183,21.148881912231445,1985.0,0.615071177482605,6
c4_042,4,-90.071814,21.131635665893555,1985.0,0.5516918897628784,6
c4_043,4,-90.11438751220703,21.11061668395996,1985.0,0.5815238356590271,6
c4_044,4,-89.956481,21.189302444458008,1985.0,0.126666858792305,6
c4_045,4,-90.036513,21.153732299804688,1985.0,0.589069128036499,6
c4_046,4,-89.98235321044922,21.169092178344727,1985.0,0.5895566344261169,6
c4_047,4,-89.992859,21.172864,1985.0,0.34336164593696594,6
c4_048,4,-89.948127,21.191457748413086,1985.0,0.19263437390327454,6
c4_049,4,-90.1195068359375,21.108461380004883,1985.0,0.49247509241104126,6
c4_050,4,-90.094718,21.12301254272461,1985.0,0.5378840565681458,6
c5_045,5,-90.018998,21.166128158569336,1985.0,0.602164089679718,6
c5_008,5,-90.034357,21.155618,1985.0,0.7475928068161011,6
c5_010,5,-89.957289,21.163703,1985.0,0.5633010864257812,6
c5_011,5,-90.004985,21.156696319580078,1985.0,0.6631919741630554,6
c5_012,5,-90.066424,21.154809951782227,1985.0,0.7861281633377075,6
c5_014,5,-90.006871,21.155887603759766,1985.0,0.7458242177963257,6
c5_016,5,-90.002829,21.15642738342285,1985.0,0.8289361596107483,6
c5_022,5,-90.044597,21.154809951782227,1985.0,0.7562088370323181,6
c5_024,5,-89.995284,21.15642738342285,1985.0,0.7785617113113403,6
c5_003,5,-90.056993,21.154541015625,1985.0,0.6830118298530579,6
c5_013,5,-90.020614,21.157235,1985.0,0.6173970699310303,6
c5_020,5,-90.027621,21.156966,1985.0,0.7024252414703369,6
c5_025,5,-90.03301239013672,21.15966033935547,1985.0,0.5626662373542786,6
c5_034,5,-90.012261,21.166397094726562,1985.0,0.5727006196975708,6
c5_040,5,-90.069658,21.154541015625,1985.0,0.7964674234390259,6
c5_041,5,-89.998787,21.156156539916992,1985.0,0.7972252368927002,6
c5_043,5,-90.113042,21.13729476928711,1985.0,0.6962302327156067,6
c5_002,5,-90.042172,21.156156539916992,1985.0,0.7928903102874756,6
c5_004,5,-90.034088,21.156966,1985.0,0.7253339290618896,6
c5_001,5,-89.996093,21.155887603759766,1985.0,0.7730236053466797,6
c5_006,5,-90.035435,21.154809951782227,1985.0,0.6242750883102417,6
c5_015,5,-89.942738,21.172864,1985.0,0.5946743488311768,6
c5_018,5,-90.0685806274414,21.152385,1985.0,0.6878807544708252,6
c5_026,5,-89.998248,21.172326,1985.0,0.7034509778022766,6
c5_033,5,-90.01980590820312,21.156966,1985.0,0.7785202860832214,6
c5_036,5,-90.041902,21.15750503540039,1985.0,0.6680636405944824,6
c5_039,5,-90.060496,21.15642738342285,1985.0,0.7889068722724915,6
c5_005,5,-90.041633,21.159929275512695,1985.0,0.711890459060669,6
c5_009,5,-90.038938,21.154271,1985.0,0.7926987409591675,6
c5_019,5,-90.057262,21.155349,1985.0,0.6869486570358276,6
c5_021,5,-90.089598,21.148073196411133,1985.0,0.8020617961883545,6
c5_030,5,-90.071814,21.151845932006836,1985.0,0.7369279265403748,6
c5_031,5,-90.003099,21.155618,1985.0,0.8433758616447449,6
c5_035,5,-90.095527,21.151845932006836,1985.0,0.7583608627319336,6
c5_037,5,-89.996632,21.160469,1985.0,0.8056408762931824,6
c5_023,5,-89.978038,21.180139541625977,1985.0,0.4806101322174072,6
c5_017,5,-90.040555,21.145917892456055,1985.0,0.4410940706729889,6
c5_027,5,-90.08879089355469,21.150768280029297,1985.0,0.7971764206886292,6
c5_047,5,-90.001213,21.154541015625,1985.0,0.8285756707191467,6
c5_048,5,-90.028429,21.156696319580078,1985.0,0.7917855381965637,6
c5_029,5,-90.090407,21.149421,1985.0,0.7581507563591003,6
c5_032,5,-90.079359,21.150768280029297,1985.0,0.8027929663658142,6
c5_038,5,-90.04082489013672,21.156966,1985.0,0.7220922112464905,6
c5_046,5,-90.067233,21.152114868164062,1985.0,0.6806848645210266,6
c5_028,5,-90.095527,21.150499,1985.0,0.8039352297782898,6
c5_044,5,-89.973188,21.183374404907227,1985.0,0.596550703048706,6
c5_042,5,-90.08124542236328,21.149421,1985.0,0.7824514508247375,6
c5_007,5,-90.021962,21.143491744995117,1985.0,0.6143044233322144,6
c10_001,3,-90.028968,21.158313,1985.0,0.7281951904296875,6
c10_005,3,-89.954594,21.163972,1985.0,0.6251938939094543,6
c10_002,3,-90.033549,21.15858268737793,1985.0,0.791347861289978,6
c10_003,3,-90.030046,21.158044,1985.0,0.8282719850540161,6
c10_004,3,-90.029507,21.157773971557617,1985.0,0.8380140066146851,6
c10_006,3,-90.03301239013672,21.159122467041016,1985.0,0.7986935973167419,6
c10_007,3,-90.03301239013672,21.158044,1985.0,0.7971948385238647,6
c10_009,3,-90.032741,21.15858268737793,1985.0,0.7975772023200989,6
c10_010,3,-90.030585,21.158044,1985.0,0.8327985405921936,6
c10_008,3,-89.95405578613281,21.163972,1985.0,0.5633114576339722,6
c1_051,1,-90.064538,21.118162155151367,1985.0,0.6627535820007324,6
c1_052,1,-90.05322265625,21.112234115600586,1985.0,0.7287093997001648,6
c1_053,1,-90.068041,21.142953,1985.0,0.6572232842445374,6
c1_054,1,-90.00040435791016,21.124359130859375,1985.0,0.6621526479721069,6
c1_055,1,-90.049178,21.1402587890625,1985.0,0.6556081771850586,6
c2_051,2,-90.111695,21.123821258544922,1985.0,0.7509114146232605,6
c2_052,2,-90.02277374267578,21.139720916748047,1985.0,0.4891650378704071,6
c2_053,2,-89.941929,21.138911,1985.0,0.795408308506012,6
c2_054,2,-89.950013,21.130019,1985.0,0.7233274579048157,6
c2_055,2,-90.106306,21.128941,1985.0,0.7762874364852905,6
c3_062,3,-90.086634,21.149690628051758,1985.0,0.7475042343139648,6
c3_051,3,-90.010914,21.144301,1985.0,0.8129401803016663,6
c3_055,3,-90.079359,21.150499,1985.0,0.8027929663658142,6
c3_058,3,-90.000943,21.171248,1985.0,0.6970649361610413,6
c3_052,3,-90.094179,21.114929,1985.0,0.675079882144928,6
c3_059,3,-90.039208,21.1402587890625,1985.0,0.7350135445594788,6
c3_053,3,-90.013608,21.152114868164062,1985.0,0.8189607262611389,6
c3_060,3,-89.958906,21.12489891052246,1985.0,0.8227336406707764,6
c3_057,3,-90.058071,21.159929275512695,1985.0,0.7218132615089417,6
c3_061,3,-89.973457,21.138911,1985.0,0.7254273891448975,6
c3_064,3,-89.989625,21.149959564208984,1985.0,0.5937361121177673,6
c3_063,3,-90.030046,21.125707,1985.0,0.7740651965141296,6
c3_065,3,-89.972379,21.162086486816406,1985.0,0.8031799793243408,6
c3_054,3,-90.029237,21.101455,1985.0,0.7217538952827454,6
c3_056,3,-90.008758,21.114120483398438,1985.0,0.6909126043319702,6
c4_051,4,-89.958906,21.191997,1985.0,0.1364656388759613,6
c4_052,4,-89.957828,21.178254,1985.0,0.15818583965301514,6
c4_053,4,-89.994476,21.172864,1985.0,0.4164993464946747,6
c4_054,4,-89.994745,21.168822,1985.0,0.00994107685983181,6
c4_055,4,-90.0025634765625,21.169631,1985.0,0.2750146985054016,6
c1_001,1,-90.056184,21.12301254272461,1986.0,0.7899463176727295,26
c1_002,1,-89.984506,21.126246,1986.0,0.734552264213562,26
c1_003,1,-90.070197,21.140798,1986.0,0.7230409383773804,26
c1_004,1,-90.057801,21.145648,1986.0,0.8043577671051025,26
c1_005,1,-90.024926,21.145379,1986.0,0.6592540740966797,26
c1_006,1,-89.979386,21.130288,1986.0,0.6630451679229736,26
c1_007,1,-90.08636474609375,21.137025,1986.0,0.7579811811447144,26
c1_008,1,-89.952169,21.14322280883789,1986.0,0.7523261904716492,26
c1_009,1,-90.055106,21.138911,1986.0,0.5320214033126831,26
c1_010,1,-89.945702,21.14322280883789,1986.0,0.7283064126968384,26
c1_011,1,-89.958098,21.149151,1986.0,0.7824370861053467,26
c1_012,1,-90.036783,21.117354,1986.0,0.7967545390129089,26
c1_013,1,-90.113042,21.085018157958984,1986.0,0.794316828250885,26
c1_014,1,-89.944085,21.154002,1986.0,0.802568256855011,26
c1_015,1,-90.065885,21.113581,1986.0,0.7854062914848328,26
c1_016,1,-90.064538,21.121126174926758,1986.0,0.7412348985671997,26
c1_017,1,-90.01280212402344,21.122474,1986.0,0.6905813217163086,26
c1_018,1,-90.013608,21.150499,1986.0,0.7286213636398315,26
c1_019,1,-90.075856,21.141876220703125,1986.0,0.7108850479125977,26
c1_020,1,-90.063729,21.119510650634766,1986.0,0.7834275364875793,26
c1_021,1,-90.112234,21.128671646118164,1986.0,0.73433518409729,26
c1_022,1,-89.970224,21.131635665893555,1986.0,0.695254921913147,26
c1_023,1,-90.049448,21.111425399780273,1986.0,0.7018858790397644,26
c1_024,1,-90.076933,21.135408401489258,1986.0,0.7277294397354126,26
c1_025,1,-90.09391021728516,21.143762,1986.0,0.8481774926185608,26
c1_026,1,-89.940852,21.145917892456055,1986.0,0.7555714249610901,26
c1_027,1,-89.945163,21.154002,1986.0,0.7783970236778259,26
c1_028,1,-90.098491,21.127324,1986.0,0.776663601398468,26
c1_029,1,-90.003368,21.149421,1986.0,0.712519109249115,26
c1_030,1,-89.972918,21.124629,1986.0,0.7536880373954773,26
c1_031,1,-90.003907,21.124359130859375,1986.0,0.7754560708999634,26
c1_032,1,-90.066694,21.0987606048584,1986.0,0.7685208320617676,26
c1_033,1,-89.994745,21.123552322387695,1986.0,0.6769942045211792,26
c1_034,1,-90.08879089355469,21.142953,1986.0,0.8477532863616943,26
c1_035,1,-90.063191,21.110887,1986.0,0.7554540634155273,26
c1_036,1,-89.960523,21.137563705444336,1986.0,0.7832604646682739,26
c1_037,1,-90.094179,21.093371,1986.0,0.7380976676940918,26
c1_038,1,-90.0025634765625,21.122743,1986.0,0.7176744937896729,26
c1_039,1,-90.051334,21.132714,1986.0,0.6457003355026245,26
c1_040,1,-90.066694,21.13837242126465,1986.0,0.7642443180084229,26
c1_041,1,-90.116815,21.0882511138916,1986.0,0.7386942505836487,26
c1_042,1,-90.057801,21.148612,1986.0,0.7775492668151855,26
c1_043,1,-90.080706,21.141876220703125,1986.0,0.7777149081230164,26
c1_044,1,-89.947319,21.188493728637695,1986.0,0.7783743143081665,26
c1_045,1,-89.981811,21.124091,1986.0,0.7791337966918945,26
c1_046,1,-90.058879,21.128671646118164,1986.0,0.729985773563385,26
c1_047,1,-90.075317,21.10361099243164,1986.0,0.7762693166732788,26
c1_048,1,-90.003638,21.150768280029297,1986.0,0.7289028763771057,26
c1_049,1,-90.026543,21.122743,1986.0,0.812879204750061,26
c1_050,1,-90.108731,21.117623,1986.0,0.8138643503189087,26
c2_001,2,-89.960253,21.154002,1986.0,0.6938766837120056,26
c2_002,2,-90.117623,21.133522033691406,1986.0,0.7260785102844238,26
c2_003,2,-90.07881927490234,21.09229278564453,1986.0,0.7413467764854431,26
c2_004,2,-89.978847,21.15022850036621,1986.0,0.7667500376701355,26
c2_005,2,-90.089329,21.09364128112793,1986.0,0.7957258820533752,26
c2_006,2,-90.11412048339844,21.100377,1986.0,0.6773117780685425,26
c2_007,2,-90.106036,21.131635665893555,1986.0,0.819640576839447,26
c2_008,2,-90.001213,21.145379,1986.0,0.7174147963523865,26
c2_009,2,-89.963217,21.183913,1986.0,0.555547833442688,26
c2_010,2,-90.10226440429688,21.144301,1986.0,0.7829659581184387,26
c2_011,2,-89.958636,21.125438,1986.0,0.7397816181182861,26
c2_012,2,-90.097413,21.149959564208984,1986.0,0.8760395050048828,26
c2_013,2,-90.100647,21.106845,1986.0,0.7060927748680115,26
c2_014,2,-90.04594421386719,21.111156463623047,1986.0,0.5788617730140686,26
c2_015,2,-90.068849,21.102802276611328,1986.0,0.8280682563781738,26
c2_016,2,-90.118162,21.135947,1986.0,0.7700228691101074,26
c2_017,2,-89.96214294433594,21.120587,1986.0,0.7743829488754272,26
c2_018,2,-89.981541,21.148343,1986.0,0.7274991869926453,26
c2_019,2,-90.041364,21.101186,1986.0,0.7984980344772339,26
c2_020,2,-90.082592,21.10064697265625,1986.0,0.8115803599357605,26
c2_021,2,-89.945163,21.161008,1986.0,0.7012467384338379,26
c2_022,2,-90.01280212402344,21.118162155151367,1986.0,0.7161109447479248,26
c2_023,2,-89.94165802001953,21.17879295349121,1986.0,0.7118454575538635,26
c2_024,2,-89.940043,21.179332,1986.0,0.751574695110321,26
c2_025,2,-89.942199,21.169092178344727,1986.0,0.6452945470809937,26
c2_026,2,-90.04837036132812,21.15858268737793,1986.0,0.7263764142990112,26
c2_027,2,-90.018189,21.155078887939453,1986.0,0.8083482384681702,26
c2_028,2,-90.018998,21.118701,1986.0,0.7106204032897949,26
c2_029,2,-89.960253,21.166936,1986.0,0.8354533910751343,26
c2_030,2,-90.08636474609375,21.13918113708496,1986.0,0.7837611436843872,26
c2_031,2,-90.006871,21.167745,1986.0,0.5883322358131409,26
c2_032,2,-89.9599838256836,21.15750503540039,1986.0,0.5615884065628052,26
c2_033,2,-90.052412,21.115737,1986.0,0.7440302968025208,26
c2_034,2,-90.075586,21.099569,1986.0,0.6861218214035034,26
c2_035,2,-90.108731,21.095796,1986.0,0.6359472274780273,26
c2_036,2,-90.026543,21.155078887939453,1986.0,0.8135082125663757,26
c2_037,2,-90.006871,21.131097,1986.0,0.7249826788902283,26
c2_038,2,-90.080167,21.099838256835938,1986.0,0.8040811419487,26
c2_039,2,-89.947588,21.136486053466797,1986.0,0.7676473259925842,26
c2_040,2,-90.061304,21.10468864440918,1986.0,0.7489718198776245,26
c2_041,2,-90.075856,21.134868621826172,1986.0,0.7671750783920288,26
c2_042,2,-89.99959564208984,21.12004852294922,1986.0,0.7431840896606445,26
c2_043,2,-90.101725,21.08043670654297,1986.0,0.7749151587486267,26
c2_044,2,-90.026004,21.113851,1986.0,0.7851168513298035,26
c2_045,2,-90.118162,21.129209518432617,1986.0,0.8185348510742188,26
c2_046,2,-89.94139099121094,21.172056198120117,1986.0,0.7629702091217041,26
c2_047,2,-89.969685,21.1402587890625,1986.0,0.787258505821228,26
c2_048,2,-90.1038818359375,21.095527,1986.0,0.7156131863594055,26
c2_049,2,-89.99231719970703,21.149690628051758,1986.0,0.668590784072876,26
c2_050,2,-89.950822,21.121396,1986.0,0.7727003693580627,26
c3_045,3,-89.992859,21.161815643310547,1986.0,0.6429385542869568,26
c3_003,3,-90.034357,21.15858268737793,1986.0,0.8309746980667114,26
c3_026,3,-89.986931,21.149959564208984,1986.0,0.8309746980667114,26
c3_008,3,-90.084209,21.151576,1986.0,0.8024800419807434,26
c3_017,3,-89.970493,21.159929275512695,1986.0,0.6306756734848022,26
c3_004,3,-89.982619,21.180679,1986.0,0.8499990701675415,26
c3_040,3,-89.9742660522461,21.185529708862305,1986.0,0.8189184665679932,26
c3_024,3,-89.97722625732422,21.183913,1986.0,0.7999832034111023,26
c3_013,3,-89.995823,21.13837242126465,1986.0,0.7317023873329163,26
c3_018,3,-90.062113,21.107114,1986.0,0.8204734921455383,26
c3_007,3,-90.088521,21.146995,1986.0,0.8137297034263611,26
c3_014,3,-89.951361,21.199003219604492,1986.0,0.780301034450531,26
c3_042,3,-89.950283,21.199003219604492,1986.0,0.7371314167976379,26
c3_029,3,-90.000135,21.137563705444336,1986.0,0.7385343313217163,26
c3_005,3,-90.003638,21.111964,1986.0,0.7511541843414307,26
c3_022,3,-90.005524,21.112503051757812,1986.0,0.7511541843414307,26
c3_002,3,-89.953786,21.197656,1986.0,0.7591354250907898,26
c3_015,3,-89.940852,21.162086486816406,1986.0,0.718978762626648,26
c3_020,3,-90.016842,21.116006,1986.0,0.7557145953178406,26
c3_027,3,-89.982619,21.149421,1986.0,0.7244073152542114,26
c3_030,3,-89.942738,21.1674747467041,1986.0,0.7287194132804871,26
c3_050,3,-89.941929,21.168553,1986.0,0.6202052235603333,26
c3_009,3,-89.986392,21.149959564208984,1986.0,0.8121364116668701,26
c3_033,3,-90.039208,21.102802276611328,1986.0,0.7587074637413025,26
c3_038,3,-89.976152,21.169361114501953,1986.0,0.6759266257286072,26
c3_023,3,-89.97183990478516,21.169361114501953,1986.0,0.686647891998291,26
c3_032,3,-90.00040435791016,21.138642,1986.0,0.6958639621734619,26
c3_046,3,-89.994476,21.137832641601562,1986.0,0.6486508250236511,26
c3_025,3,-89.947049,21.157235,1986.0,0.7217843532562256,26
c3_028,3,-89.976421,21.165858,1986.0,0.768943727016449,26
c3_036,3,-89.95189666748047,21.162894,1986.0,0.6989810466766357,26
c3_021,3,-90.007141,21.131635665893555,1986.0,0.6550875306129456,26
c3_035,3,-90.000943,21.144569396972656,1986.0,0.7387934923171997,26
c3_037,3,-89.97183990478516,21.162086486816406,1986.0,0.8175168037414551,26
c3_039,3,-89.976691,21.168283462524414,1986.0,0.624991774559021,26
c3_041,3,-89.973996,21.137563705444336,1986.0,0.6822689175605774,26
c3_034,3,-90.041364,21.1402587890625,1986.0,0.6722770929336548,26
c3_047,3,-90.028698,21.126246,1986.0,0.7665364146232605,26
c3_048,3,-90.030315,21.124359130859375,1986.0,0.7230628132820129,26
c3_011,3,-90.035974,21.099299,1986.0,0.7328433394432068,26
c3_001,3,-90.080437,21.100377,1986.0,0.7687009572982788,26
c3_006,3,-89.94677734375,21.202237,1986.0,0.8130491375923157,26
c3_019,3,-89.958367,21.172056198120117,1986.0,0.8159038424491882,26
c3_031,3,-90.00740814208984,21.113042,1986.0,0.7556820511817932,26
c3_010,3,-90.01252746582031,21.114659,1986.0,0.747133195400238,26
c3_012,3,-90.00768280029297,21.114389419555664,1986.0,0.7157440185546875,26
c3_016,3,-90.045675,21.097951889038086,1986.0,0.6837986707687378,26
c3_043,3,-89.967259,21.189841,1986.0,0.7869575619697571,26
c3_044,3,-90.046214,21.097413,1986.0,0.7552386522293091,26
c3_049,3,-90.016033,21.116006,1986.0,0.7598598599433899,26
c4_001,4,-90.002021,21.168822,1986.0,0.5141783952713013,26
c4_002,4,-90.013878,21.166397094726562,1986.0,0.5490528345108032,26
c4_003,4,-90.040286,21.149421,1986.0,0.45962709188461304,26
c4_004,4,-89.94139099121094,21.181487,1986.0,0.558104395866394,26
c4_005,4,-89.967529,21.183643341064453,1986.0,0.3160581588745117,26
c4_006,4,-89.943277,21.200620651245117,1986.0,0.18487900495529175,26
c4_007,4,-89.968068,21.171248,1986.0,0.2047336995601654,26
c4_008,4,-90.035705,21.15346336364746,1986.0,0.6371136903762817,26
c4_009,4,-89.967798,21.179332,1986.0,0.18273916840553284,26
c4_010,4,-89.949205,21.194961,1986.0,0.13697388768196106,26
c4_011,4,-89.943007,21.202506,1986.0,0.23194611072540283,26
c4_012,4,-89.945163,21.199811,1986.0,0.45472097396850586,26
c4_013,4,-89.972379,21.174481,1986.0,0.30045419931411743,26
c4_014,4,-90.041633,21.148612,1986.0,0.45695391297340393,26
c4_015,4,-89.960792,21.190380096435547,1986.0,0.1669062077999115,26
c4_016,4,-89.958098,21.184452056884766,1986.0,0.14594878256320953,26
c4_017,4,-90.074239,21.133790969848633,1986.0,0.624992847442627,26
c4_018,4,-89.950822,21.1922664642334,1986.0,0.17931027710437775,26
c4_019,4,-89.996901,21.149959564208984,1986.0,0.5177185535430908,26
c4_020,4,-89.960523,21.186338424682617,1986.0,0.15905092656612396,26
c4_021,4,-89.9465103149414,21.185529708862305,1986.0,0.1061985045671463,26
c4_022,4,-89.957828,21.185529708862305,1986.0,0.14275941252708435,26
c4_023,4,-90.035705,21.144301,1986.0,0.5119118094444275,26
c4_024,4,-90.022501,21.156966,1986.0,0.34244710206985474,26
c4_025,4,-89.981002,21.165319,1986.0,0.7236712574958801,26
c4_026,4,-90.027621,21.162355422973633,1986.0,0.6568620800971985,26
c4_027,4,-89.949475,21.19415283203125,1986.0,0.17060618102550507,26
c4_028,4,-89.940852,21.201428,1986.0,0.14264504611492157,26
c4_029,4,-89.961601,21.190919,1986.0,0.22799052298069,26
c4_030,4,-90.041364,21.151576,1986.0,0.6423540115356445,26
c4_031,4,-90.062382,21.153732299804688,1986.0,0.7431577444076538,26
c4_032,4,-89.944085,21.193883,1986.0,0.218405619263649,26
c4_033,4,-89.981811,21.164511,1986.0,0.6735197305679321,26
c4_034,4,-89.940313,21.199811,1986.0,0.11605800688266754,26
c4_035,4,-90.072622,21.132714,1986.0,0.5867038369178772,26
c4_036,4,-89.942738,21.183643341064453,1986.0,0.2668074369430542,26
c4_037,4,-89.9742660522461,21.173673,1986.0,0.33518266677856445,26
c4_038,4,-89.966451,21.182565,1986.0,0.20314361155033112,26
c4_039,4,-90.014147,21.163972,1986.0,0.2840941548347473,26
c4_040,4,-89.944355,21.201428,1986.0,0.28109505772590637,26
c4_041,4,-90.011183,21.148881912231445,1986.0,0.5876278281211853,26
c4_042,4,-90.071814,21.131635665893555,1986.0,0.5573620200157166,26
c4_043,4,-90.11438751220703,21.11061668395996,1986.0,0.6574826836585999,26
c4_044,4,-89.956481,21.189302444458008,1986.0,0.12351074814796448,26
c4_045,4,-90.036513,21.153732299804688,1986.0,0.6488898396492004,26
c4_046,4,-89.98235321044922,21.169092178344727,1986.0,0.6752415895462036,26
c4_047,4,-89.992859,21.172864,1986.0,0.4451408386230469,26
c4_048,4,-89.948127,21.191457748413086,1986.0,0.18313159048557281,26
c4_049,4,-90.1195068359375,21.108461380004883,1986.0,0.5212597250938416,26
c4_050,4,-90.094718,21.12301254272461,1986.0,0.5553547739982605,26
c5_045,5,-90.018998,21.166128158569336,1986.0,0.5377212166786194,26
c5_008,5,-90.034357,21.155618,1986.0,0.7348567247390747,26
c5_010,5,-89.957289,21.163703,1986.0,0.6009126901626587,26
c5_011,5,-90.004985,21.156696319580078,1986.0,0.6653913259506226,26
c5_012,5,-90.066424,21.154809951782227,1986.0,0.7986747622489929,26
c5_014,5,-90.006871,21.155887603759766,1986.0,0.7520052790641785,26
c5_016,5,-90.002829,21.15642738342285,1986.0,0.8293720483779907,26
c5_022,5,-90.044597,21.154809951782227,1986.0,0.796926736831665,26
c5_024,5,-89.995284,21.15642738342285,1986.0,0.8052505254745483,26
c5_003,5,-90.056993,21.154541015625,1986.0,0.720732569694519,26
c5_013,5,-90.020614,21.157235,1986.0,0.6273658275604248,26
c5_020,5,-90.027621,21.156966,1986.0,0.7449734210968018,26
c5_025,5,-90.03301239013672,21.15966033935547,1986.0,0.6008091568946838,26
c5_034,5,-90.012261,21.166397094726562,1986.0,0.6384398341178894,26
c5_040,5,-90.069658,21.154541015625,1986.0,0.8573161959648132,26
c5_041,5,-89.998787,21.156156539916992,1986.0,0.7928191423416138,26
c5_043,5,-90.113042,21.13729476928711,1986.0,0.7829240560531616,26
c5_002,5,-90.042172,21.156156539916992,1986.0,0.78488689661026,26
c5_004,5,-90.034088,21.156966,1986.0,0.7424522638320923,26
c5_001,5,-89.996093,21.155887603759766,1986.0,0.7929171919822693,26
c5_006,5,-90.035435,21.154809951782227,1986.0,0.6261615753173828,26
c5_015,5,-89.942738,21.172864,1986.0,0.6407101154327393,26
c5_018,5,-90.0685806274414,21.152385,1986.0,0.7895694971084595,26
c5_026,5,-89.998248,21.172326,1986.0,0.8005800843238831,26
c5_033,5,-90.01980590820312,21.156966,1986.0,0.8142171502113342,26
c5_036,5,-90.041902,21.15750503540039,1986.0,0.6861532926559448,26
c5_039,5,-90.060496,21.15642738342285,1986.0,0.8124089241027832,26
c5_005,5,-90.041633,21.159929275512695,1986.0,0.7112593650817871,26
c5_009,5,-90.038938,21.154271,1986.0,0.7811795473098755,26
c5_019,5,-90.057262,21.155349,1986.0,0.720732569694519,26
c5_021,5,-90.089598,21.148073196411133,1986.0,0.8360263109207153,26
c5_030,5,-90.071814,21.151845932006836,1986.0,0.8017724752426147,26
c5_031,5,-90.003099,21.155618,1986.0,0.8439030051231384,26
c5_035,5,-90.095527,21.151845932006836,1986.0,0.7527463436126709,26
c5_037,5,-89.996632,21.160469,1986.0,0.7822765707969666,26
c5_023,5,-89.978038,21.180139541625977,1986.0,0.5300445556640625,26
c5_017,5,-90.040555,21.145917892456055,1986.0,0.47339850664138794,26
c5_027,5,-90.08879089355469,21.150768280029297,1986.0,0.7571125030517578,26
c5_047,5,-90.001213,21.154541015625,1986.0,0.7655339241027832,26
c5_048,5,-90.028429,21.156696319580078,1986.0,0.813941240310669,26
c5_029,5,-90.090407,21.149421,1986.0,0.7898238301277161,26
c5_032,5,-90.079359,21.150768280029297,1986.0,0.8553159236907959,26
c5_038,5,-90.04082489013672,21.156966,1986.0,0.7165895104408264,26
c5_046,5,-90.067233,21.152114868164062,1986.0,0.778241753578186,26
c5_028,5,-90.095527,21.150499,1986.0,0.8224988579750061,26
c5_044,5,-89.973188,21.183374404907227,1986.0,0.6427974104881287,26
c5_042,5,-90.08124542236328,21.149421,1986.0,0.8253704905509949,26
c5_007,5,-90.021962,21.143491744995117,1986.0,0.6505670547485352,26
c10_001,3,-90.028968,21.158313,1986.0,0.7651664614677429,26
c10_005,3,-89.954594,21.163972,1986.0,0.6398165822029114,26
c10_002,3,-90.033549,21.15858268737793,1986.0,0.8199643492698669,26
c10_003,3,-90.030046,21.158044,1986.0,0.8452929854393005,26
c10_004,3,-90.029507,21.157773971557617,1986.0,0.8439667820930481,26
c10_006,3,-90.03301239013672,21.159122467041016,1986.0,0.8422630429267883,26
c10_007,3,-90.03301239013672,21.158044,1986.0,0.8309746980667114,26
c10_009,3,-90.032741,21.15858268737793,1986.0,0.8035272359848022,26
c10_010,3,-90.030585,21.158044,1986.0,0.8385280966758728,26
c10_008,3,-89.95405578613281,21.163972,1986.0,0.5431402921676636,26
c1_051,1,-90.064538,21.118162155151367,1986.0,0.7377742528915405,26
c1_052,1,-90.05322265625,21.112234115600586,1986.0,0.7771627306938171,26
c1_053,1,-90.068041,21.142953,1986.0,0.7404366135597229,26
c1_054,1,-90.00040435791016,21.124359130859375,1986.0,0.7061179280281067,26
c1_055,1,-90.049178,21.1402587890625,1986.0,0.6790196299552917,26
c2_051,2,-90.111695,21.123821258544922,1986.0,0.7647707462310791,26
c2_052,2,-90.02277374267578,21.139720916748047,1986.0,0.5758374333381653,26
c2_053,2,-89.941929,21.138911,1986.0,0.7706142067909241,26
c2_054,2,-89.950013,21.130019,1986.0,0.7750617861747742,26
c2_055,2,-90.106306,21.128941,1986.0,0.799996018409729,26
c3_062,3,-90.086634,21.149690628051758,1986.0,0.7970223426818848,26
c3_051,3,-90.010914,21.144301,1986.0,0.7798510789871216,26
c3_055,3,-90.079359,21.150499,1986.0,0.8553159236907959,26
c3_058,3,-90.000943,21.171248,1986.0,0.756704568862915,26
c3_052,3,-90.094179,21.114929,1986.0,0.6761580109596252,26
c3_059,3,-90.039208,21.1402587890625,1986.0,0.7812411785125732,26
c3_053,3,-90.013608,21.152114868164062,1986.0,0.8222036957740784,26
c3_060,3,-89.958906,21.12489891052246,1986.0,0.8222776055335999,26
c3_057,3,-90.058071,21.159929275512695,1986.0,0.7815040349960327,26
c3_061,3,-89.973457,21.138911,1986.0,0.7445892095565796,26
c3_064,3,-89.989625,21.149959564208984,1986.0,0.642611026763916,26
c3_063,3,-90.030046,21.125707,1986.0,0.7599204778671265,26
c3_065,3,-89.972379,21.162086486816406,1986.0,0.828261137008667,26
c3_054,3,-90.029237,21.101455,1986.0,0.7557036280632019,26
c3_056,3,-90.008758,21.114120483398438,1986.0,0.7279987335205078,26
c4_051,4,-89.958906,21.191997,1986.0,0.117802195250988,26
c4_052,4,-89.957828,21.178254,1986.0,0.21502187848091125,26
c4_053,4,-89.994476,21.172864,1986.0,0.5004854202270508,26
c4_054,4,-89.994745,21.168822,1986.0,0.11703385412693024,26
c4_055,4,-90.0025634765625,21.169631,1986.0,0.2443903088569641,26
c1_001,1,-90.056184,21.12301254272461,1987.0,0.7353593707084656,14
c1_002,1,-89.984506,21.126246,1987.0,0.7572557926177979,14
c1_003,1,-90.070197,21.140798,1987.0,0.7177985310554504,14
c1_004,1,-90.057801,21.145648,1987.0,0.749121367931366,14
c1_005,1,-90.024926,21.145379,1987.0,0.5720661282539368,14
c1_006,1,-89.979386,21.130288,1987.0,0.7537358403205872,14
c1_007,1,-90.08636474609375,21.137025,1987.0,0.8004350066184998,14
c1_008,1,-89.952169,21.14322280883789,1987.0,0.7657257318496704,14
c1_009,1,-90.055106,21.138911,1987.0,0.5945410132408142,14
c1_010,1,-89.945702,21.14322280883789,1987.0,0.7444472908973694,14
c1_011,1,-89.958098,21.149151,1987.0,0.7694819569587708,14
c1_012,1,-90.036783,21.117354,1987.0,0.7946582436561584,14
c1_013,1,-90.113042,21.085018157958984,1987.0,0.7992006540298462,14
c1_014,1,-89.944085,21.154002,1987.0,0.7944622039794922,14
c1_015,1,-90.065885,21.113581,1987.0,0.7636638283729553,14
c1_016,1,-90.064538,21.121126174926758,1987.0,0.7154395580291748,14
c1_017,1,-90.01280212402344,21.122474,1987.0,0.7694007158279419,14
c1_018,1,-90.013608,21.150499,1987.0,0.7527276277542114,14
c1_019,1,-90.075856,21.141876220703125,1987.0,0.7069920897483826,14
c1_020,1,-90.063729,21.119510650634766,1987.0,0.703956663608551,14
c1_021,1,-90.112234,21.128671646118164,1987.0,0.6499916911125183,14
c1_022,1,-89.970224,21.131635665893555,1987.0,0.6748192310333252,14
c1_023,1,-90.049448,21.111425399780273,1987.0,0.7191423177719116,14
c1_024,1,-90.076933,21.135408401489258,1987.0,0.6909911632537842,14
c1_025,1,-90.09391021728516,21.143762,1987.0,0.7490842342376709,14
c1_026,1,-89.940852,21.145917892456055,1987.0,0.7864415049552917,14
c1_027,1,-89.945163,21.154002,1987.0,0.7836567163467407,14
c1_028,1,-90.098491,21.127324,1987.0,0.8149784207344055,14
c1_029,1,-90.003368,21.149421,1987.0,0.6861985921859741,14
c1_030,1,-89.972918,21.124629,1987.0,0.7793945074081421,14
c1_031,1,-90.003907,21.124359130859375,1987.0,0.7612724900245667,14
c1_032,1,-90.066694,21.0987606048584,1987.0,0.7749795317649841,14
c1_033,1,-89.994745,21.123552322387695,1987.0,0.713837206363678,14
c1_034,1,-90.08879089355469,21.142953,1987.0,0.6794408559799194,14
c1_035,1,-90.063191,21.110887,1987.0,0.7488526105880737,14
c1_036,1,-89.960523,21.137563705444336,1987.0,0.7865465879440308,14
c1_037,1,-90.094179,21.093371,1987.0,0.7749061584472656,14
c1_038,1,-90.0025634765625,21.122743,1987.0,0.720616340637207,14
c1_039,1,-90.051334,21.132714,1987.0,0.6632035970687866,14
c1_040,1,-90.066694,21.13837242126465,1987.0,0.6689601540565491,14
c1_041,1,-90.116815,21.0882511138916,1987.0,0.7671001553535461,14
c1_042,1,-90.057801,21.148612,1987.0,0.7648866772651672,14
c1_043,1,-90.080706,21.141876220703125,1987.0,0.7399125099182129,14
c1_044,1,-89.947319,21.188493728637695,1987.0,0.7550073266029358,14
c1_045,1,-89.981811,21.124091,1987.0,0.801809549331665,14
c1_046,1,-90.058879,21.128671646118164,1987.0,0.6565147042274475,14
c1_047,1,-90.075317,21.10361099243164,1987.0,0.7907554507255554,14
c1_048,1,-90.003638,21.150768280029297,1987.0,0.749588131904602,14
c1_049,1,-90.026543,21.122743,1987.0,0.7879428267478943,14
c1_050,1,-90.108731,21.117623,1987.0,0.7779695391654968,14
c2_001,2,-89.960253,21.154002,1987.0,0.7192807197570801,14
c2_002,2,-90.117623,21.133522033691406,1987.0,0.5832640528678894,14
c2_003,2,-90.07881927490234,21.09229278564453,1987.0,0.7972983121871948,14
c2_004,2,-89.978847,21.15022850036621,1987.0,0.7810661792755127,14
c2_005,2,-90.089329,21.09364128112793,1987.0,0.812568187713623,14
c2_006,2,-90.11412048339844,21.100377,1987.0,0.7345959544181824,14
c2_007,2,-90.106036,21.131635665893555,1987.0,0.8022750616073608,14
c2_008,2,-90.001213,21.145379,1987.0,0.7745909094810486,14
c2_009,2,-89.963217,21.183913,1987.0,0.49279215931892395,14
c2_010,2,-90.10226440429688,21.144301,1987.0,0.7028789520263672,14
c2_011,2,-89.958636,21.125438,1987.0,0.7870232462882996,14
c2_012,2,-90.097413,21.149959564208984,1987.0,0.7533995509147644,14
c2_013,2,-90.100647,21.106845,1987.0,0.6976879835128784,14
c2_014,2,-90.04594421386719,21.111156463623047,1987.0,0.5986402630805969,14
c2_015,2,-90.068849,21.102802276611328,1987.0,0.8347125053405762,14
c2_016,2,-90.118162,21.135947,1987.0,0.7033361792564392,14
c2_017,2,-89.96214294433594,21.120587,1987.0,0.8180319666862488,14
c2_018,2,-89.981541,21.148343,1987.0,0.7152574062347412,14
c2_019,2,-90.041364,21.101186,1987.0,0.8212280869483948,14
c2_020,2,-90.082592,21.10064697265625,1987.0,0.8050287961959839,14
c2_021,2,-89.945163,21.161008,1987.0,0.6523957252502441,14
c2_022,2,-90.01280212402344,21.118162155151367,1987.0,0.772476077079773,14
c2_023,2,-89.94165802001953,21.17879295349121,1987.0,0.5693625211715698,14
c2_024,2,-89.940043,21.179332,1987.0,0.6872023344039917,14
c2_025,2,-89.942199,21.169092178344727,1987.0,0.7466457486152649,14
c2_026,2,-90.04837036132812,21.15858268737793,1987.0,0.5873012542724609,14
c2_027,2,-90.018189,21.155078887939453,1987.0,0.7655446529388428,14
c2_028,2,-90.018998,21.118701,1987.0,0.7100902795791626,14
c2_029,2,-89.960253,21.166936,1987.0,0.8255394101142883,14
c2_030,2,-90.08636474609375,21.13918113708496,1987.0,0.8128719329833984,14
c2_031,2,-90.006871,21.167745,1987.0,0.45851677656173706,14
c2_032,2,-89.9599838256836,21.15750503540039,1987.0,0.6014737486839294,14
c2_033,2,-90.052412,21.115737,1987.0,0.7483219504356384,14
c2_034,2,-90.075586,21.099569,1987.0,0.7684363126754761,14
c2_035,2,-90.108731,21.095796,1987.0,0.7068232893943787,14
c2_036,2,-90.026543,21.155078887939453,1987.0,0.8167822360992432,14
c2_037,2,-90.006871,21.131097,1987.0,0.7245879769325256,14
c2_038,2,-90.080167,21.099838256835938,1987.0,0.8236389756202698,14
c2_039,2,-89.947588,21.136486053466797,1987.0,0.8218777775764465,14
c2_040,2,-90.061304,21.10468864440918,1987.0,0.7949745655059814,14
c2_041,2,-90.075856,21.134868621826172,1987.0,0.7490049004554749,14
c2_042,2,-89.99959564208984,21.12004852294922,1987.0,0.69609135389328,14
c2_043,2,-90.101725,21.08043670654297,1987.0,0.774406909942627,14
c2_044,2,-90.026004,21.113851,1987.0,0.7842099070549011,14
c2_045,2,-90.118162,21.129209518432617,1987.0,0.7712816596031189,14
c2_046,2,-89.94139099121094,21.172056198120117,1987.0,0.7672232389450073,14
c2_047,2,-89.969685,21.1402587890625,1987.0,0.8142079710960388,14
c2_048,2,-90.1038818359375,21.095527,1987.0,0.6873911619186401,14
c2_049,2,-89.99231719970703,21.149690628051758,1987.0,0.6591086983680725,14
c2_050,2,-89.950822,21.121396,1987.0,0.8129855990409851,14
c3_045,3,-89.992859,21.161815643310547,1987.0,0.4456605613231659,14
c3_003,3,-90.034357,21.15858268737793,1987.0,0.7698045969009399,14
c3_026,3,-89.986931,21.149959564208984,1987.0,0.825340986251831,14
c3_008,3,-90.084209,21.151576,1987.0,0.6032074689865112,14
c3_017,3,-89.970493,21.159929275512695,1987.0,0.6776583194732666,14
c3_004,3,-89.982619,21.180679,1987.0,0.8275498747825623,14
c3_040,3,-89.9742660522461,21.185529708862305,1987.0,0.7728168964385986,14
c3_024,3,-89.97722625732422,21.183913,1987.0,0.7999249696731567,14
c3_013,3,-89.995823,21.13837242126465,1987.0,0.8102651834487915,14
c3_018,3,-90.062113,21.107114,1987.0,0.8409473896026611,14
c3_007,3,-90.088521,21.146995,1987.0,0.5855304598808289,14
c3_014,3,-89.951361,21.199003219604492,1987.0,0.7620711922645569,14
c3_042,3,-89.950283,21.199003219604492,1987.0,0.6980165243148804,14
c3_029,3,-90.000135,21.137563705444336,1987.0,0.7282785773277283,14
c3_005,3,-90.003638,21.111964,1987.0,0.7724069952964783,14
c3_022,3,-90.005524,21.112503051757812,1987.0,0.7752233743667603,14
c3_002,3,-89.953786,21.197656,1987.0,0.6497836709022522,14
c3_015,3,-89.940852,21.162086486816406,1987.0,0.7069109678268433,14
c3_020,3,-90.016842,21.116006,1987.0,0.7883098721504211,14
c3_027,3,-89.982619,21.149421,1987.0,0.7064459323883057,14
c3_030,3,-89.942738,21.1674747467041,1987.0,0.7565839290618896,14
c3_050,3,-89.941929,21.168553,1987.0,0.5954552888870239,14
c3_009,3,-89.986392,21.149959564208984,1987.0,0.8191899657249451,14
c3_033,3,-90.039208,21.102802276611328,1987.0,0.7346513867378235,14
c3_038,3,-89.976152,21.169361114501953,1987.0,0.7030699253082275,14
c3_023,3,-89.97183990478516,21.169361114501953,1987.0,0.625899612903595,14
c3_032,3,-90.00040435791016,21.138642,1987.0,0.6622130870819092,14
c3_046,3,-89.994476,21.137832641601562,1987.0,0.6033700704574585,14
c3_025,3,-89.947049,21.157235,1987.0,0.7560155987739563,14
c3_028,3,-89.976421,21.165858,1987.0,0.7635838985443115,14
c3_036,3,-89.95189666748047,21.162894,1987.0,0.6629595160484314,14
c3_021,3,-90.007141,21.131635665893555,1987.0,0.7363347411155701,14
c3_035,3,-90.000943,21.144569396972656,1987.0,0.7472699880599976,14
c3_037,3,-89.97183990478516,21.162086486816406,1987.0,0.8115707635879517,14
c3_039,3,-89.976691,21.168283462524414,1987.0,0.6326773762702942,14
c3_041,3,-89.973996,21.137563705444336,1987.0,0.7313187122344971,14
c3_034,3,-90.041364,21.1402587890625,1987.0,0.6333444714546204,14
c3_047,3,-90.028698,21.126246,1987.0,0.8015548586845398,14
c3_048,3,-90.030315,21.124359130859375,1987.0,0.7570016980171204,14
c3_011,3,-90.035974,21.099299,1987.0,0.7522138357162476,14
c3_001,3,-90.080437,21.100377,1987.0,0.7519341111183167,14
c3_006,3,-89.94677734375,21.202237,1987.0,0.8034154772758484,14
c3_019,3,-89.958367,21.172056198120117,1987.0,0.8451186418533325,14
c3_031,3,-90.00740814208984,21.113042,1987.0,0.7933581471443176,14
c3_010,3,-90.01252746582031,21.114659,1987.0,0.780250608921051,14
c3_012,3,-90.00768280029297,21.114389419555664,1987.0,0.65151447057724,14
c3_016,3,-90.045675,21.097951889038086,1987.0,0.6990999579429626,14
c3_043,3,-89.967259,21.189841,1987.0,0.7877918481826782,14
c3_044,3,-90.046214,21.097413,1987.0,0.7639064788818359,14
c3_049,3,-90.016033,21.116006,1987.0,0.7749921679496765,14
c4_001,4,-90.002021,21.168822,1987.0,0.3881250321865082,14
c4_002,4,-90.013878,21.166397094726562,1987.0,0.3335632383823395,14
c4_003,4,-90.040286,21.149421,1987.0,0.48199203610420227,14
c4_004,4,-89.94139099121094,21.181487,1987.0,0.26938682794570923,14
c4_005,4,-89.967529,21.183643341064453,1987.0,0.3115198612213135,14
c4_006,4,-89.943277,21.200620651245117,1987.0,0.1877075880765915,14
c4_007,4,-89.968068,21.171248,1987.0,0.3557610809803009,14
c4_008,4,-90.035705,21.15346336364746,1987.0,0.615031361579895,14
c4_009,4,-89.967798,21.179332,1987.0,0.10497438907623291,14
c4_010,4,-89.949205,21.194961,1987.0,0.2812215983867645,14
c4_011,4,-89.943007,21.202506,1987.0,0.25931689143180847,14
c4_012,4,-89.945163,21.199811,1987.0,0.2357451468706131,14
c4_013,4,-89.972379,21.174481,1987.0,0.1672554463148117,14
c4_014,4,-90.041633,21.148612,1987.0,0.4356444478034973,14
c4_015,4,-89.960792,21.190380096435547,1987.0,0.3014898896217346,14
c4_016,4,-89.958098,21.184452056884766,1987.0,0.17857539653778076,14
c4_017,4,-90.074239,21.133790969848633,1987.0,0.5810845494270325,14
c4_018,4,-89.950822,21.1922664642334,1987.0,0.25925999879837036,14
c4_019,4,-89.996901,21.149959564208984,1987.0,0.4714342951774597,14
c4_020,4,-89.960523,21.186338424682617,1987.0,0.14190717041492462,14
c4_021,4,-89.9465103149414,21.185529708862305,1987.0,0.17145170271396637,14
c4_022,4,-89.957828,21.185529708862305,1987.0,0.23470637202262878,14
c4_023,4,-90.035705,21.144301,1987.0,0.4939286410808563,14
c4_024,4,-90.022501,21.156966,1987.0,0.3211067318916321,14
c4_025,4,-89.981002,21.165319,1987.0,0.4439798891544342,14
c4_026,4,-90.027621,21.162355422973633,1987.0,0.37453094124794006,14
c4_027,4,-89.949475,21.19415283203125,1987.0,0.17597699165344238,14
c4_028,4,-89.940852,21.201428,1987.0,0.19925634562969208,14
c4_029,4,-89.961601,21.190919,1987.0,0.28518277406692505,14
c4_030,4,-90.041364,21.151576,1987.0,0.6611353158950806,14
c4_031,4,-90.062382,21.153732299804688,1987.0,0.35783082246780396,14
c4_032,4,-89.944085,21.193883,1987.0,0.21289579570293427,14
c4_033,4,-89.981811,21.164511,1987.0,0.6459921002388,14
c4_034,4,-89.940313,21.199811,1987.0,0.18217800557613373,14
c4_035,4,-90.072622,21.132714,1987.0,0.5658798217773438,14
c4_036,4,-89.942738,21.183643341064453,1987.0,0.22997403144836426,14
c4_037,4,-89.9742660522461,21.173673,1987.0,0.35439416766166687,14
c4_038,4,-89.966451,21.182565,1987.0,0.3060777485370636,14
c4_039,4,-90.014147,21.163972,1987.0,0.18951690196990967,14
c4_040,4,-89.944355,21.201428,1987.0,0.22712363302707672,14
c4_041,4,-90.011183,21.148881912231445,1987.0,0.5921715497970581,14
c4_042,4,-90.071814,21.131635665893555,1987.0,0.5544252991676331,14
c4_043,4,-90.11438751220703,21.11061668395996,1987.0,0.6760375499725342,14
c4_044,4,-89.956481,21.189302444458008,1987.0,0.2524067759513855,14
c4_045,4,-90.036513,21.153732299804688,1987.0,0.6209450960159302,14
c4_046,4,-89.98235321044922,21.169092178344727,1987.0,0.5738332271575928,14
c4_047,4,-89.992859,21.172864,1987.0,0.36548739671707153,14
c4_048,4,-89.948127,21.191457748413086,1987.0,0.2936646342277527,14
c4_049,4,-90.1195068359375,21.108461380004883,1987.0,0.5166558027267456,14
c4_050,4,-90.094718,21.12301254272461,1987.0,0.5394481420516968,14
c5_045,5,-90.018998,21.166128158569336,1987.0,0.3802333474159241,14
c5_008,5,-90.034357,21.155618,1987.0,0.7385344505310059,14
c5_010,5,-89.957289,21.163703,1987.0,0.5613048076629639,14
c5_011,5,-90.004985,21.156696319580078,1987.0,0.5020602345466614,14
c5_012,5,-90.066424,21.154809951782227,1987.0,0.39704638719558716,14
c5_014,5,-90.006871,21.155887603759766,1987.0,0.5618363618850708,14
c5_016,5,-90.002829,21.15642738342285,1987.0,0.7956995368003845,14
c5_022,5,-90.044597,21.154809951782227,1987.0,0.7525670528411865,14
c5_024,5,-89.995284,21.15642738342285,1987.0,0.7664574384689331,14
c5_003,5,-90.056993,21.154541015625,1987.0,0.3668174743652344,14
c5_013,5,-90.020614,21.157235,1987.0,0.44660329818725586,14
c5_020,5,-90.027621,21.156966,1987.0,0.532380223274231,14
c5_025,5,-90.03301239013672,21.15966033935547,1987.0,0.29475024342536926,14
c5_034,5,-90.012261,21.166397094726562,1987.0,0.5359110832214355,14
c5_040,5,-90.069658,21.154541015625,1987.0,0.562388002872467,14
c5_041,5,-89.998787,21.156156539916992,1987.0,0.7375522255897522,14
c5_043,5,-90.113042,21.13729476928711,1987.0,0.6374839544296265,14
c5_002,5,-90.042172,21.156156539916992,1987.0,0.7783442735671997,14
c5_004,5,-90.034088,21.156966,1987.0,0.7496816515922546,14
c5_001,5,-89.996093,21.155887603759766,1987.0,0.7816826105117798,14
c5_006,5,-90.035435,21.154809951782227,1987.0,0.6571969389915466,14
c5_015,5,-89.942738,21.172864,1987.0,0.5634971261024475,14
c5_018,5,-90.0685806274414,21.152385,1987.0,0.6082703471183777,14
c5_026,5,-89.998248,21.172326,1987.0,0.7529079914093018,14
c5_033,5,-90.01980590820312,21.156966,1987.0,0.8032512664794922,14
c5_036,5,-90.041902,21.15750503540039,1987.0,0.6840336322784424,14
c5_039,5,-90.060496,21.15642738342285,1987.0,0.5200795531272888,14
c5_005,5,-90.041633,21.159929275512695,1987.0,0.6979569792747498,14
c5_009,5,-90.038938,21.154271,1987.0,0.8005581498146057,14
c5_019,5,-90.057262,21.155349,1987.0,0.28071239590644836,14
c5_021,5,-90.089598,21.148073196411133,1987.0,0.6188408136367798,14
c5_030,5,-90.071814,21.151845932006836,1987.0,0.5737625360488892,14
c5_031,5,-90.003099,21.155618,1987.0,0.8450339436531067,14
c5_035,5,-90.095527,21.151845932006836,1987.0,0.6066324710845947,14
c5_037,5,-89.996632,21.160469,1987.0,0.7267674803733826,14
c5_023,5,-89.978038,21.180139541625977,1987.0,0.4103759825229645,14
c5_017,5,-90.040555,21.145917892456055,1987.0,0.3989395201206207,14
c5_027,5,-90.08879089355469,21.150768280029297,1987.0,0.6048757433891296,14
c5_047,5,-90.001213,21.154541015625,1987.0,0.8258858323097229,14
c5_048,5,-90.028429,21.156696319580078,1987.0,0.76576828956604,14
c5_029,5,-90.090407,21.149421,1987.0,0.5431641340255737,14
c5_032,5,-90.079359,21.150768280029297,1987.0,0.57907634973526,14
c5_038,5,-90.04082489013672,21.156966,1987.0,0.7484030723571777,14
c5_046,5,-90.067233,21.152114868164062,1987.0,0.5711455941200256,14
c5_028,5,-90.095527,21.150499,1987.0,0.6785190105438232,14
c5_044,5,-89.973188,21.183374404907227,1987.0,0.43198513984680176,14
c5_042,5,-90.08124542236328,21.149421,1987.0,0.5888329744338989,14
c5_007,5,-90.021962,21.143491744995117,1987.0,0.6742534041404724,14
c10_001,3,-90.028968,21.158313,1987.0,0.2870060205459595,14
c10_005,3,-89.954594,21.163972,1987.0,0.5628023743629456,14
c10_002,3,-90.033549,21.15858268737793,1987.0,0.7754300236701965,14
c10_003,3,-90.030046,21.158044,1987.0,0.6967737078666687,14
c10_004,3,-90.029507,21.157773971557617,1987.0,0.7992573380470276,14
c10_006,3,-90.03301239013672,21.159122467041016,1987.0,0.6716738939285278,14
c10_007,3,-90.03301239013672,21.158044,1987.0,0.7893185019493103,14
c10_009,3,-90.032741,21.15858268737793,1987.0,0.710412323474884,14
c10_010,3,-90.030585,21.158044,1987.0,0.7150278091430664,14
c10_008,3,-89.95405578613281,21.163972,1987.0,0.5306373238563538,14
c1_051,1,-90.064538,21.118162155151367,1987.0,0.6756179928779602,14
c1_052,1,-90.05322265625,21.112234115600586,1987.0,0.7599024772644043,14
c1_053,1,-90.068041,21.142953,1987.0,0.6931335926055908,14
c1_054,1,-90.00040435791016,21.124359130859375,1987.0,0.714041531085968,14
c1_055,1,-90.049178,21.1402587890625,1987.0,0.6927036643028259,14
c2_051,2,-90.111695,21.123821258544922,1987.0,0.7340389490127563,14
c2_052,2,-90.02277374267578,21.139720916748047,1987.0,0.5459542274475098,14
c2_053,2,-89.941929,21.138911,1987.0,0.8199406862258911,14
c2_054,2,-89.950013,21.130019,1987.0,0.7962338924407959,14
c2_055,2,-90.106306,21.128941,1987.0,0.7137290835380554,14
c3_062,3,-90.086634,21.149690628051758,1987.0,0.5353904962539673,14
c3_051,3,-90.010914,21.144301,1987.0,0.7856448888778687,14
c3_055,3,-90.079359,21.150499,1987.0,0.57907634973526,14
c3_058,3,-90.000943,21.171248,1987.0,0.7365301251411438,14
c3_052,3,-90.094179,21.114929,1987.0,0.6769670248031616,14
c3_059,3,-90.039208,21.1402587890625,1987.0,0.7540050745010376,14
c3_053,3,-90.013608,21.152114868164062,1987.0,0.8431004285812378,14
c3_060,3,-89.958906,21.12489891052246,1987.0,0.8288399577140808,14
c3_057,3,-90.058071,21.159929275512695,1987.0,0.7606016397476196,14
c3_061,3,-89.973457,21.138911,1987.0,0.739006519317627,14
c3_064,3,-89.989625,21.149959564208984,1987.0,0.6497098803520203,14
c3_063,3,-90.030046,21.125707,1987.0,0.8138402104377747,14
c3_065,3,-89.972379,21.162086486816406,1987.0,0.8205728530883789,14
c3_054,3,-90.029237,21.101455,1987.0,0.7990785837173462,14
c3_056,3,-90.008758,21.114120483398438,1987.0,0.759723961353302,14
c4_051,4,-89.958906,21.191997,1987.0,0.26429733633995056,14
c4_052,4,-89.957828,21.178254,1987.0,0.24634556472301483,14
c4_053,4,-89.994476,21.172864,1987.0,0.26064592599868774,14
c4_054,4,-89.994745,21.168822,1987.0,0.1489727944135666,14
c4_055,4,-90.0025634765625,21.169631,1987.0,0.23743890225887299,14
c1_001,1,-90.056184,21.12301254272461,1989.0,0.6423510313034058,1
c1_002,1,-89.984506,21.126246,1989.0,0.7732800841331482,1
c1_003,1,-90.070197,21.140798,1989.0,0.6697086095809937,1
c1_004,1,-90.057801,21.145648,1989.0,0.9376999139785767,1
c1_005,1,-90.024926,21.145379,1989.0,-0.04593950882554054,1
c1_006,1,-89.979386,21.130288,1989.0,0.7302870750427246,1
c1_007,1,-90.08636474609375,21.137025,1989.0,0.7324393391609192,1
c1_008,1,-89.952169,21.14322280883789,1989.0,0.7927733659744263,1
c1_009,1,-90.055106,21.138911,1989.0,0.8562635779380798,1
c1_010,1,-89.945702,21.14322280883789,1989.0,0.7020610570907593,1
c1_011,1,-89.958098,21.149151,1989.0,0.768975555896759,1
c1_012,1,-90.036783,21.117354,1989.0,0.8387354016304016,1
c1_013,1,-90.113042,21.085018157958984,1989.0,0.7851302623748779,1
c1_015,1,-90.065885,21.113581,1989.0,0.7300984859466553,1
c1_016,1,-90.064538,21.121126174926758,1989.0,0.7850795984268188,1
c1_017,1,-90.01280212402344,21.122474,1989.0,0.7359966039657593,1
c1_019,1,-90.075856,21.141876220703125,1989.0,0.840614914894104,1
c1_020,1,-90.063729,21.119510650634766,1989.0,0.7132177948951721,1
c1_021,1,-90.112234,21.128671646118164,1989.0,-0.5548190474510193,1
c1_023,1,-90.049448,21.111425399780273,1989.0,0.7131119966506958,1
c1_026,1,-89.940852,21.145917892456055,1989.0,0.7996668219566345,1
c1_027,1,-89.945163,21.154002,1989.0,0.7544621229171753,1
c1_028,1,-90.098491,21.127324,1989.0,0.8017114996910095,1
c1_029,1,-90.003368,21.149421,1989.0,-0.2620958387851715,1
c1_030,1,-89.972918,21.124629,1989.0,0.8225245475769043,1
c1_031,1,-90.003907,21.124359130859375,1989.0,0.8177590370178223,1
c1_032,1,-90.066694,21.0987606048584,1989.0,0.9080839157104492,1
c1_033,1,-89.994745,21.123552322387695,1989.0,0.6899772882461548,1
c1_034,1,-90.08879089355469,21.142953,1989.0,0.6636053323745728,1
c1_035,1,-90.063191,21.110887,1989.0,0.7438629269599915,1
c1_036,1,-89.960523,21.137563705444336,1989.0,0.6772661209106445,1
c1_037,1,-90.094179,21.093371,1989.0,0.8125289678573608,1
c1_038,1,-90.0025634765625,21.122743,1989.0,0.5351119637489319,1
c1_039,1,-90.051334,21.132714,1989.0,0.8333452939987183,1
c1_040,1,-90.066694,21.13837242126465,1989.0,0.7384159564971924,1
c1_041,1,-90.116815,21.0882511138916,1989.0,0.7280957102775574,1
c1_042,1,-90.057801,21.148612,1989.0,0.1871831864118576,1
c1_043,1,-90.080706,21.141876220703125,1989.0,0.7627162337303162,1
c1_044,1,-89.947319,21.188493728637695,1989.0,0.8059921264648438,1
c1_045,1,-89.981811,21.124091,1989.0,0.7635882496833801,1
c1_046,1,-90.058879,21.128671646118164,1989.0,0.706251859664917,1
c1_048,1,-90.003638,21.150768280029297,1989.0,0.6769633889198303,1
c1_049,1,-90.026543,21.122743,1989.0,0.8362091183662415,1
c1_050,1,-90.108731,21.117623,1989.0,0.781623363494873,1
c2_001,2,-89.960253,21.154002,1989.0,0.7037817239761353,1
c2_002,2,-90.117623,21.133522033691406,1989.0,0.7758141756057739,1
c2_003,2,-90.07881927490234,21.09229278564453,1989.0,0.6382753849029541,1
c2_005,2,-90.089329,21.09364128112793,1989.0,0.7852510213851929,1
c2_006,2,-90.11412048339844,21.100377,1989.0,0.7450814843177795,1
c2_007,2,-90.106036,21.131635665893555,1989.0,0.9951525926589966,1
c2_008,2,-90.001213,21.145379,1989.0,0.7927612662315369,1
c2_009,2,-89.963217,21.183913,1989.0,-0.016800768673419952,1
c2_010,2,-90.10226440429688,21.144301,1989.0,-0.3421308994293213,1
c2_011,2,-89.958636,21.125438,1989.0,0.7733429670333862,1
c2_012,2,-90.097413,21.149959564208984,1989.0,0.8361225128173828,1
c2_013,2,-90.100647,21.106845,1989.0,0.718189537525177,1
c2_014,2,-90.04594421386719,21.111156463623047,1989.0,0.5652682185173035,1
c2_015,2,-90.068849,21.102802276611328,1989.0,0.8336023688316345,1
c2_016,2,-90.118162,21.135947,1989.0,0.6814429759979248,1
c2_017,2,-89.96214294433594,21.120587,1989.0,0.996698260307312,1
c2_018,2,-89.981541,21.148343,1989.0,0.6423377394676208,1
c2_019,2,-90.041364,21.101186,1989.0,0.9092462062835693,1
c2_020,2,-90.082592,21.10064697265625,1989.0,0.8089049458503723,1
c2_021,2,-89.945163,21.161008,1989.0,0.6362135410308838,1
c2_022,2,-90.01280212402344,21.118162155151367,1989.0,0.7020676136016846,1
c2_025,2,-89.942199,21.169092178344727,1989.0,0.7355433702468872,1
c2_026,2,-90.04837036132812,21.15858268737793,1989.0,0.4174765944480896,1
c2_027,2,-90.018189,21.155078887939453,1989.0,0.6866055130958557,1
c2_029,2,-89.960253,21.166936,1989.0,0.9647258520126343,1
c2_030,2,-90.08636474609375,21.13918113708496,1989.0,0.7424561381340027,1
c2_031,2,-90.006871,21.167745,1989.0,0.43410545587539673,1
c2_032,2,-89.9599838256836,21.15750503540039,1989.0,-0.35451868176460266,1
c2_033,2,-90.052412,21.115737,1989.0,0.7938529253005981,1
c2_034,2,-90.075586,21.099569,1989.0,0.7759251594543457,1
c2_035,2,-90.108731,21.095796,1989.0,0.7006152272224426,1
c2_036,2,-90.026543,21.155078887939453,1989.0,0.8565112352371216,1
c2_038,2,-90.080167,21.099838256835938,1989.0,0.8118894696235657,1
c2_039,2,-89.947588,21.136486053466797,1989.0,0.9345912337303162,1
c2_040,2,-90.061304,21.10468864440918,1989.0,0.745415210723877,1
c2_042,2,-89.99959564208984,21.12004852294922,1989.0,0.635994553565979,1
c2_044,2,-90.026004,21.113851,1989.0,0.7941184639930725,1
c2_046,2,-89.94139099121094,21.172056198120117,1989.0,0.7192414402961731,1
c2_048,2,-90.1038818359375,21.095527,1989.0,0.7264084219932556,1
c2_049,2,-89.99231719970703,21.149690628051758,1989.0,0.8349138498306274,1
c2_050,2,-89.950822,21.121396,1989.0,0.828354001045227,1
c3_045,3,-89.992859,21.161815643310547,1989.0,0.06823762506246567,1
c3_003,3,-90.034357,21.15858268737793,1989.0,0.3939318060874939,1
c3_026,3,-89.986931,21.149959564208984,1989.0,0.8437556028366089,1
c3_008,3,-90.084209,21.151576,1989.0,0.719836413860321,1
c3_017,3,-89.970493,21.159929275512695,1989.0,0.714120090007782,1
c3_004,3,-89.982619,21.180679,1989.0,0.8088064193725586,1
c3_040,3,-89.9742660522461,21.185529708862305,1989.0,0.17806249856948853,1
c3_024,3,-89.97722625732422,21.183913,1989.0,0.3949415683746338,1
c3_013,3,-89.995823,21.13837242126465,1989.0,0.8159995079040527,1
c3_018,3,-90.062113,21.107114,1989.0,0.8336023688316345,1
c3_014,3,-89.951361,21.199003219604492,1989.0,0.7414252758026123,1
c3_029,3,-90.000135,21.137563705444336,1989.0,0.6481606364250183,1
c3_005,3,-90.003638,21.111964,1989.0,0.7144471406936646,1
c3_022,3,-90.005524,21.112503051757812,1989.0,0.46132662892341614,1
c3_002,3,-89.953786,21.197656,1989.0,0.7287454009056091,1
c3_015,3,-89.940852,21.162086486816406,1989.0,0.7404964566230774,1
c3_027,3,-89.982619,21.149421,1989.0,0.252946138381958,1
c3_030,3,-89.942738,21.1674747467041,1989.0,0.6866881847381592,1
c3_009,3,-89.986392,21.149959564208984,1989.0,0.8178165555000305,1
c3_033,3,-90.039208,21.102802276611328,1989.0,0.5440726280212402,1
c3_038,3,-89.976152,21.169361114501953,1989.0,0.84084552526474,1
c3_023,3,-89.97183990478516,21.169361114501953,1989.0,0.7308973073959351,1
c3_046,3,-89.994476,21.137832641601562,1989.0,0.6976158022880554,1
c3_025,3,-89.947049,21.157235,1989.0,0.7879783511161804,1
c3_028,3,-89.976421,21.165858,1989.0,0.5440789461135864,1
c3_036,3,-89.95189666748047,21.162894,1989.0,-0.09053634107112885,1
c3_021,3,-90.007141,21.131635665893555,1989.0,0.745415210723877,1
c3_035,3,-90.000943,21.144569396972656,1989.0,0.6544437408447266,1
c3_037,3,-89.97183990478516,21.162086486816406,1989.0,-0.9634782075881958,1
c3_039,3,-89.976691,21.168283462524414,1989.0,0.5882857441902161,1
c3_041,3,-89.973996,21.137563705444336,1989.0,0.6924310326576233,1
c3_034,3,-90.041364,21.1402587890625,1989.0,-0.43747273087501526,1
c3_047,3,-90.028698,21.126246,1989.0,0.7593820095062256,1
c3_011,3,-90.035974,21.099299,1989.0,0.7132225036621094,1
c3_001,3,-90.080437,21.100377,1989.0,0.60858553647995,1
c3_019,3,-89.958367,21.172056198120117,1989.0,0.621195375919342,1
c3_031,3,-90.00740814208984,21.113042,1989.0,0.778228759765625,1
c3_010,3,-90.01252746582031,21.114659,1989.0,0.9642257690429688,1
c3_012,3,-90.00768280029297,21.114389419555664,1989.0,0.6885517835617065,1
c3_016,3,-90.045675,21.097951889038086,1989.0,0.48266640305519104,1
c3_043,3,-89.967259,21.189841,1989.0,0.5847052931785583,1
c3_044,3,-90.046214,21.097413,1989.0,0.7249038219451904,1
c3_049,3,-90.016033,21.116006,1989.0,0.8590936064720154,1
c4_001,4,-90.002021,21.168822,1989.0,0.15400028228759766,1
c4_002,4,-90.013878,21.166397094726562,1989.0,0.004487964324653149,1
c4_003,4,-90.040286,21.149421,1989.0,0.5341559648513794,1
c4_005,4,-89.967529,21.183643341064453,1989.0,-0.05232463404536247,1
c4_006,4,-89.943277,21.200620651245117,1989.0,0.2838509976863861,1
c4_007,4,-89.968068,21.171248,1989.0,-0.5354295372962952,1
c4_008,4,-90.035705,21.15346336364746,1989.0,0.5105983018875122,1
c4_009,4,-89.967798,21.179332,1989.0,-0.4404296875,1
c4_010,4,-89.949205,21.194961,1989.0,-0.11574028432369232,1
c4_011,4,-89.943007,21.202506,1989.0,-0.34485363960266113,1
c4_012,4,-89.945163,21.199811,1989.0,-0.31506210565567017,1
c4_014,4,-90.041633,21.148612,1989.0,0.3566581904888153,1
c4_015,4,-89.960792,21.190380096435547,1989.0,-0.3274000883102417,1
c4_016,4,-89.958098,21.184452056884766,1989.0,-0.1360829472541809,1
c4_017,4,-90.074239,21.133790969848633,1989.0,0.7728955149650574,1
c4_018,4,-89.950822,21.1922664642334,1989.0,-0.09588044881820679,1
c4_019,4,-89.996901,21.149959564208984,1989.0,0.40584102272987366,1
c4_020,4,-89.960523,21.186338424682617,1989.0,-0.5718898773193359,1
c4_021,4,-89.9465103149414,21.185529708862305,1989.0,-0.16415031254291534,1
c4_022,4,-89.957828,21.185529708862305,1989.0,0.5785573720932007,1
c4_023,4,-90.035705,21.144301,1989.0,0.6080992817878723,1
c4_025,4,-89.981002,21.165319,1989.0,0.1988387554883957,1
c4_026,4,-90.027621,21.162355422973633,1989.0,-0.06219446286559105,1
c4_027,4,-89.949475,21.19415283203125,1989.0,-0.751402735710144,1
c4_028,4,-89.940852,21.201428,1989.0,0.29179880023002625,1
c4_030,4,-90.041364,21.151576,1989.0,0.5315589904785156,1
c4_031,4,-90.062382,21.153732299804688,1989.0,0.21913057565689087,1
c4_032,4,-89.944085,21.193883,1989.0,0.9049747586250305,1
c4_033,4,-89.981811,21.164511,1989.0,0.3773057460784912,1
c4_034,4,-89.940313,21.199811,1989.0,-0.8109157681465149,1
c4_035,4,-90.072622,21.132714,1989.0,0.6311525106430054,1
c4_036,4,-89.942738,21.183643341064453,1989.0,0.02715188078582287,1
c4_038,4,-89.966451,21.182565,1989.0,-0.36082619428634644,1
c4_039,4,-90.014147,21.163972,1989.0,-0.20121951401233673,1
c4_040,4,-89.944355,21.201428,1989.0,-6.120518664829433E-4,1
c4_041,4,-90.011183,21.148881912231445,1989.0,0.5745261311531067,1
c4_042,4,-90.071814,21.131635665893555,1989.0,0.6924470663070679,1
c4_043,4,-90.11438751220703,21.11061668395996,1989.0,0.6896916031837463,1
c4_045,4,-90.036513,21.153732299804688,1989.0,0.8931323289871216,1
c4_046,4,-89.98235321044922,21.169092178344727,1989.0,0.11488250643014908,1
c4_047,4,-89.992859,21.172864,1989.0,-0.4693552553653717,1
c4_048,4,-89.948127,21.191457748413086,1989.0,0.4724605679512024,1
c4_049,4,-90.1195068359375,21.108461380004883,1989.0,0.5467489957809448,1
c4_050,4,-90.094718,21.12301254272461,1989.0,0.6856788396835327,1
c5_045,5,-90.018998,21.166128158569336,1989.0,0.318386048078537,1
c5_010,5,-89.957289,21.163703,1989.0,0.5018347501754761,1
c5_011,5,-90.004985,21.156696319580078,1989.0,0.3786219358444214,1
c5_012,5,-90.066424,21.154809951782227,1989.0,0.41972988843917847,1
c5_014,5,-90.006871,21.155887603759766,1989.0,0.6733397245407104,1
c5_016,5,-90.002829,21.15642738342285,1989.0,0.7540319561958313,1
c5_022,5,-90.044597,21.154809951782227,1989.0,0.8519788384437561,1
c5_024,5,-89.995284,21.15642738342285,1989.0,0.22449670732021332,1
c5_013,5,-90.020614,21.157235,1989.0,0.2224593311548233,1
c5_020,5,-90.027621,21.156966,1989.0,0.20527958869934082,1
c5_025,5,-90.03301239013672,21.15966033935547,1989.0,0.05587368458509445,1
c5_034,5,-90.012261,21.166397094726562,1989.0,0.8636473417282104,1
c5_040,5,-90.069658,21.154541015625,1989.0,0.3414444923400879,1
c5_041,5,-89.998787,21.156156539916992,1989.0,-0.623172402381897,1
c5_043,5,-90.113042,21.13729476928711,1989.0,0.5544085502624512,1
c5_002,5,-90.042172,21.156156539916992,1989.0,0.6089445352554321,1
c5_001,5,-89.996093,21.155887603759766,1989.0,0.7419846057891846,1
c5_006,5,-90.035435,21.154809951782227,1989.0,0.2932053506374359,1
c5_015,5,-89.942738,21.172864,1989.0,0.5058598518371582,1
c5_018,5,-90.0685806274414,21.152385,1989.0,0.5832310318946838,1
c5_026,5,-89.998248,21.172326,1989.0,0.5593889951705933,1
c5_033,5,-90.01980590820312,21.156966,1989.0,0.6960283517837524,1
c5_036,5,-90.041902,21.15750503540039,1989.0,0.3499676287174225,1
c5_039,5,-90.060496,21.15642738342285,1989.0,0.5380871891975403,1
c5_005,5,-90.041633,21.159929275512695,1989.0,0.5145189166069031,1
c5_009,5,-90.038938,21.154271,1989.0,0.5454742908477783,1
c5_019,5,-90.057262,21.155349,1989.0,0.5382755398750305,1
c5_021,5,-90.089598,21.148073196411133,1989.0,0.6559244990348816,1
c5_031,5,-90.003099,21.155618,1989.0,0.8147822022438049,1
c5_035,5,-90.095527,21.151845932006836,1989.0,0.6636481285095215,1
c5_037,5,-89.996632,21.160469,1989.0,0.2592475414276123,1
c5_017,5,-90.040555,21.145917892456055,1989.0,0.43817806243896484,1
c5_027,5,-90.08879089355469,21.150768280029297,1989.0,0.6928335428237915,1
c5_047,5,-90.001213,21.154541015625,1989.0,0.7960096597671509,1
c5_048,5,-90.028429,21.156696319580078,1989.0,0.47717469930648804,1
c5_029,5,-90.090407,21.149421,1989.0,0.5094151496887207,1
c5_032,5,-90.079359,21.150768280029297,1989.0,0.6051547527313232,1
c5_038,5,-90.04082489013672,21.156966,1989.0,0.5545082092285156,1
c5_046,5,-90.067233,21.152114868164062,1989.0,0.5832310318946838,1
c5_028,5,-90.095527,21.150499,1989.0,0.7323628664016724,1
c5_044,5,-89.973188,21.183374404907227,1989.0,0.44731539487838745,1
c5_042,5,-90.08124542236328,21.149421,1989.0,0.5344414710998535,1
c5_007,5,-90.021962,21.143491744995117,1989.0,0.565213680267334,1
c10_001,3,-90.028968,21.158313,1989.0,0.023090986534953117,1
c10_005,3,-89.954594,21.163972,1989.0,0.0989212915301323,1
c10_002,3,-90.033549,21.15858268737793,1989.0,0.3939318060874939,1
c10_003,3,-90.030046,21.158044,1989.0,0.20527958869934082,1
c10_004,3,-90.029507,21.157773971557617,1989.0,0.27010253071784973,1
c10_006,3,-90.03301239013672,21.159122467041016,1989.0,0.3962439000606537,1
c10_007,3,-90.03301239013672,21.158044,1989.0,0.37137341499328613,1
c10_009,3,-90.032741,21.15858268737793,1989.0,0.14289896190166473,1
c10_010,3,-90.030585,21.158044,1989.0,0.28221291303634644,1
c10_008,3,-89.95405578613281,21.163972,1989.0,0.38105541467666626,1
c1_051,1,-90.064538,21.118162155151367,1989.0,0.7383567690849304,1
c1_052,1,-90.05322265625,21.112234115600586,1989.0,-0.01580851338803768,1
c1_053,1,-90.068041,21.142953,1989.0,0.7491971254348755,1
c1_054,1,-90.00040435791016,21.124359130859375,1989.0,-0.3726046085357666,1
c1_055,1,-90.049178,21.1402587890625,1989.0,0.6601278185844421,1
c2_054,2,-89.950013,21.130019,1989.0,0.8613948822021484,1
c2_055,2,-90.106306,21.128941,1989.0,0.7848775386810303,1
c3_062,3,-90.086634,21.149690628051758,1989.0,0.8657948970794678,1
c3_051,3,-90.010914,21.144301,1989.0,0.781186044216156,1
c3_055,3,-90.079359,21.150499,1989.0,0.6051547527313232,1
c3_058,3,-90.000943,21.171248,1989.0,0.5145859718322754,1
c3_059,3,-90.039208,21.1402587890625,1989.0,0.7782844305038452,1
c3_060,3,-89.958906,21.12489891052246,1989.0,0.6597740650177002,1
c3_057,3,-90.058071,21.159929275512695,1989.0,0.8033339381217957,1
c3_061,3,-89.973457,21.138911,1989.0,0.7544621229171753,1
c3_064,3,-89.989625,21.149959564208984,1989.0,0.9554576873779297,1
c3_065,3,-89.972379,21.162086486816406,1989.0,0.7783408164978027,1
c3_054,3,-90.029237,21.101455,1989.0,0.7330323457717896,1
c4_051,4,-89.958906,21.191997,1989.0,-0.6110008955001831,1
c4_053,4,-89.994476,21.172864,1989.0,-0.3933994770050049,1
c4_054,4,-89.994745,21.168822,1989.0,-0.34403857588768005,1
c4_055,4,-90.0025634765625,21.169631,1989.0,-0.7641767859458923,1
c1_001,1,-90.056184,21.12301254272461,1990.0,0.7023199200630188,6
c1_002,1,-89.984506,21.126246,1990.0,0.820522129535675,6
c1_003,1,-90.070197,21.140798,1990.0,0.6509012579917908,6
c1_004,1,-90.057801,21.145648,1990.0,0.7346540093421936,6
c1_005,1,-90.024926,21.145379,1990.0,0.6310352683067322,6
c1_006,1,-89.979386,21.130288,1990.0,0.7077931761741638,6
c1_007,1,-90.08636474609375,21.137025,1990.0,0.684543788433075,6
c1_008,1,-89.952169,21.14322280883789,1990.0,0.756962239742279,6
c1_009,1,-90.055106,21.138911,1990.0,0.49657008051872253,6
c1_010,1,-89.945702,21.14322280883789,1990.0,0.5148563981056213,6
c1_011,1,-89.958098,21.149151,1990.0,0.7085686326026917,6
c1_012,1,-90.036783,21.117354,1990.0,0.7511369585990906,6
c1_013,1,-90.113042,21.085018157958984,1990.0,0.7776302099227905,6
c1_014,1,-89.944085,21.154002,1990.0,0.7684661149978638,6
c1_015,1,-90.065885,21.113581,1990.0,0.6907147765159607,6
c1_016,1,-90.064538,21.121126174926758,1990.0,0.7137355208396912,6
c1_017,1,-90.01280212402344,21.122474,1990.0,0.7180531024932861,6
c1_018,1,-90.013608,21.150499,1990.0,0.5468891859054565,6
c1_019,1,-90.075856,21.141876220703125,1990.0,0.7481542825698853,6
c1_020,1,-90.063729,21.119510650634766,1990.0,0.650620698928833,6
c1_021,1,-90.112234,21.128671646118164,1990.0,0.5412439703941345,6
c1_022,1,-89.970224,21.131635665893555,1990.0,0.6288667917251587,6
c1_023,1,-90.049448,21.111425399780273,1990.0,0.6908242106437683,6
c1_024,1,-90.076933,21.135408401489258,1990.0,0.657421886920929,6
c1_025,1,-90.09391021728516,21.143762,1990.0,0.7219424843788147,6
c1_026,1,-89.940852,21.145917892456055,1990.0,0.9503418207168579,6
c1_027,1,-89.945163,21.154002,1990.0,0.43401607871055603,6
c1_028,1,-90.098491,21.127324,1990.0,0.7674126029014587,6
c1_029,1,-90.003368,21.149421,1990.0,0.6638848781585693,6
c1_030,1,-89.972918,21.124629,1990.0,0.7482436895370483,6
c1_031,1,-90.003907,21.124359130859375,1990.0,0.6658005118370056,6
c1_032,1,-90.066694,21.0987606048584,1990.0,0.6908242106437683,6
c1_033,1,-89.994745,21.123552322387695,1990.0,0.6506736278533936,6
c1_034,1,-90.08879089355469,21.142953,1990.0,0.6032766103744507,6
c1_035,1,-90.063191,21.110887,1990.0,0.7308798432350159,6
c1_036,1,-89.960523,21.137563705444336,1990.0,0.7278260588645935,6
c1_037,1,-90.094179,21.093371,1990.0,0.6885216236114502,6
c1_038,1,-90.0025634765625,21.122743,1990.0,0.8981115818023682,6
c1_039,1,-90.051334,21.132714,1990.0,0.6163887977600098,6
c1_040,1,-90.066694,21.13837242126465,1990.0,0.6434510946273804,6
c1_041,1,-90.116815,21.0882511138916,1990.0,0.6931898593902588,6
c1_042,1,-90.057801,21.148612,1990.0,0.7220756411552429,6
c1_043,1,-90.080706,21.141876220703125,1990.0,0.6468597054481506,6
c1_044,1,-89.947319,21.188493728637695,1990.0,0.6999850869178772,6
c1_045,1,-89.981811,21.124091,1990.0,0.24871176481246948,6
c1_046,1,-90.058879,21.128671646118164,1990.0,0.642225444316864,6
c1_047,1,-90.075317,21.10361099243164,1990.0,0.7567076683044434,6
c1_048,1,-90.003638,21.150768280029297,1990.0,0.7096053957939148,6
c1_049,1,-90.026543,21.122743,1990.0,0.75664222240448,6
c1_050,1,-90.108731,21.117623,1990.0,0.722148060798645,6
c2_001,2,-89.960253,21.154002,1990.0,0.6747292876243591,6
c2_002,2,-90.117623,21.133522033691406,1990.0,0.45228493213653564,6
c2_003,2,-90.07881927490234,21.09229278564453,1990.0,0.7130305171012878,6
c2_004,2,-89.978847,21.15022850036621,1990.0,0.9269370436668396,6
c2_005,2,-90.089329,21.09364128112793,1990.0,0.7700884938240051,6
c2_006,2,-90.11412048339844,21.100377,1990.0,0.6270463466644287,6
c2_007,2,-90.106036,21.131635665893555,1990.0,0.7363764047622681,6
c2_008,2,-90.001213,21.145379,1990.0,0.7035120725631714,6
c2_009,2,-89.963217,21.183913,1990.0,0.5100601315498352,6
c2_010,2,-90.10226440429688,21.144301,1990.0,0.6396343111991882,6
c2_011,2,-89.958636,21.125438,1990.0,0.708010196685791,6
c2_012,2,-90.097413,21.149959564208984,1990.0,0.7684481143951416,6
c2_013,2,-90.100647,21.106845,1990.0,0.6892817616462708,6
c2_014,2,-90.04594421386719,21.111156463623047,1990.0,0.5739363431930542,6
c2_015,2,-90.068849,21.102802276611328,1990.0,0.8327658772468567,6
c2_016,2,-90.118162,21.135947,1990.0,0.6868532299995422,6
c2_017,2,-89.96214294433594,21.120587,1990.0,0.7279325723648071,6
c2_018,2,-89.981541,21.148343,1990.0,0.6333445310592651,6
c2_019,2,-90.041364,21.101186,1990.0,0.7685451507568359,6
c2_020,2,-90.082592,21.10064697265625,1990.0,0.7791714072227478,6
c2_021,2,-89.945163,21.161008,1990.0,0.5624260306358337,6
c2_022,2,-90.01280212402344,21.118162155151367,1990.0,0.7077411413192749,6
c2_023,2,-89.94165802001953,21.17879295349121,1990.0,0.69410240650177,6
c2_024,2,-89.940043,21.179332,1990.0,0.6098678708076477,6
c2_025,2,-89.942199,21.169092178344727,1990.0,0.8430725932121277,6
c2_026,2,-90.04837036132812,21.15858268737793,1990.0,0.25012680888175964,6
c2_027,2,-90.018189,21.155078887939453,1990.0,0.9786884188652039,6
c2_028,2,-90.018998,21.118701,1990.0,0.6638832092285156,6
c2_029,2,-89.960253,21.166936,1990.0,0.6901159882545471,6
c2_030,2,-90.08636474609375,21.13918113708496,1990.0,0.7139776349067688,6
c2_031,2,-90.006871,21.167745,1990.0,0.34044840931892395,6
c2_032,2,-89.9599838256836,21.15750503540039,1990.0,0.5380985140800476,6
c2_033,2,-90.052412,21.115737,1990.0,0.7238381505012512,6
c2_034,2,-90.075586,21.099569,1990.0,0.6782363653182983,6
c2_035,2,-90.108731,21.095796,1990.0,0.6284160614013672,6
c2_036,2,-90.026543,21.155078887939453,1990.0,0.7830139398574829,6
c2_037,2,-90.006871,21.131097,1990.0,0.6762469410896301,6
c2_038,2,-90.080167,21.099838256835938,1990.0,0.8233416080474854,6
c2_039,2,-89.947588,21.136486053466797,1990.0,0.7531516551971436,6
c2_040,2,-90.061304,21.10468864440918,1990.0,0.7288382649421692,6
c2_041,2,-90.075856,21.134868621826172,1990.0,0.703472912311554,6
c2_042,2,-89.99959564208984,21.12004852294922,1990.0,0.7638664245605469,6
c2_043,2,-90.101725,21.08043670654297,1990.0,0.6677364706993103,6
c2_044,2,-90.026004,21.113851,1990.0,0.7728003263473511,6
c2_045,2,-90.118162,21.129209518432617,1990.0,0.7657320499420166,6
c2_046,2,-89.94139099121094,21.172056198120117,1990.0,0.5981460809707642,6
c2_047,2,-89.969685,21.1402587890625,1990.0,0.7684661149978638,6
c2_048,2,-90.1038818359375,21.095527,1990.0,0.7128238677978516,6
c2_049,2,-89.99231719970703,21.149690628051758,1990.0,0.6456533074378967,6
c2_050,2,-89.950822,21.121396,1990.0,0.7410995364189148,6
c3_045,3,-89.992859,21.161815643310547,1990.0,0.2137046754360199,6
c3_003,3,-90.034357,21.15858268737793,1990.0,0.5022035241127014,6
c3_026,3,-89.986931,21.149959564208984,1990.0,0.763866126537323,6
c3_008,3,-90.084209,21.151576,1990.0,0.5529354810714722,6
c3_017,3,-89.970493,21.159929275512695,1990.0,0.561876654624939,6
c3_004,3,-89.982619,21.180679,1990.0,0.7512471079826355,6
c3_040,3,-89.9742660522461,21.185529708862305,1990.0,0.7366471290588379,6
c3_024,3,-89.97722625732422,21.183913,1990.0,0.7351024746894836,6
c3_013,3,-89.995823,21.13837242126465,1990.0,0.698378324508667,6
c3_018,3,-90.062113,21.107114,1990.0,0.7528616189956665,6
c3_007,3,-90.088521,21.146995,1990.0,0.3136592507362366,6
c3_014,3,-89.951361,21.199003219604492,1990.0,0.6811727285385132,6
c3_042,3,-89.950283,21.199003219604492,1990.0,0.6570777297019958,6
c3_029,3,-90.000135,21.137563705444336,1990.0,0.6968896985054016,6
c3_005,3,-90.003638,21.111964,1990.0,0.7277195453643799,6
c3_022,3,-90.005524,21.112503051757812,1990.0,0.6821329593658447,6
c3_002,3,-89.953786,21.197656,1990.0,0.6719627976417542,6
c3_015,3,-89.940852,21.162086486816406,1990.0,0.6910117864608765,6
c3_020,3,-90.016842,21.116006,1990.0,0.7276621460914612,6
c3_027,3,-89.982619,21.149421,1990.0,0.66347336769104,6
c3_030,3,-89.942738,21.1674747467041,1990.0,0.6241040229797363,6
c3_050,3,-89.941929,21.168553,1990.0,0.5499954223632812,6
c3_009,3,-89.986392,21.149959564208984,1990.0,0.8232816457748413,6
c3_033,3,-90.039208,21.102802276611328,1990.0,0.6877042651176453,6
c3_038,3,-89.976152,21.169361114501953,1990.0,0.6520353555679321,6
c3_023,3,-89.97183990478516,21.169361114501953,1990.0,0.6227940917015076,6
c3_032,3,-90.00040435791016,21.138642,1990.0,0.6221387982368469,6
c3_046,3,-89.994476,21.137832641601562,1990.0,0.6457368731498718,6
c3_025,3,-89.947049,21.157235,1990.0,0.7411277890205383,6
c3_028,3,-89.976421,21.165858,1990.0,0.7972312569618225,6
c3_036,3,-89.95189666748047,21.162894,1990.0,0.6513107419013977,6
c3_021,3,-90.007141,21.131635665893555,1990.0,0.6762469410896301,6
c3_035,3,-90.000943,21.144569396972656,1990.0,0.6932044625282288,6
c3_037,3,-89.97183990478516,21.162086486816406,1990.0,0.8516373634338379,6
c3_039,3,-89.976691,21.168283462524414,1990.0,0.6290234923362732,6
c3_041,3,-89.973996,21.137563705444336,1990.0,0.6931909322738647,6
c3_034,3,-90.041364,21.1402587890625,1990.0,0.5076499581336975,6
c3_047,3,-90.028698,21.126246,1990.0,0.7752507328987122,6
c3_048,3,-90.030315,21.124359130859375,1990.0,0.7094765305519104,6
c3_011,3,-90.035974,21.099299,1990.0,0.6762469410896301,6
c3_001,3,-90.080437,21.100377,1990.0,0.7276047468185425,6
c3_006,3,-89.94677734375,21.202237,1990.0,0.7385826706886292,6
c3_019,3,-89.958367,21.172056198120117,1990.0,0.6923856139183044,6
c3_031,3,-90.00740814208984,21.113042,1990.0,0.7230098247528076,6
c3_010,3,-90.01252746582031,21.114659,1990.0,0.7340784072875977,6
c3_012,3,-90.00768280029297,21.114389419555664,1990.0,0.6446132063865662,6
c3_016,3,-90.045675,21.097951889038086,1990.0,0.5808916091918945,6
c3_043,3,-89.967259,21.189841,1990.0,0.7402679324150085,6
c3_044,3,-90.046214,21.097413,1990.0,0.7180531024932861,6
c3_049,3,-90.016033,21.116006,1990.0,0.640781581401825,6
c4_001,4,-90.002021,21.168822,1990.0,0.5774093270301819,6
c4_002,4,-90.013878,21.166397094726562,1990.0,0.17341098189353943,6
c4_003,4,-90.040286,21.149421,1990.0,0.40800410509109497,6
c4_004,4,-89.94139099121094,21.181487,1990.0,0.37291061878204346,6
c4_005,4,-89.967529,21.183643341064453,1990.0,0.035058893263339996,6
c4_006,4,-89.943277,21.200620651245117,1990.0,0.1699863076210022,6
c4_007,4,-89.968068,21.171248,1990.0,0.20373772084712982,6
c4_008,4,-90.035705,21.15346336364746,1990.0,0.5419259667396545,6
c4_009,4,-89.967798,21.179332,1990.0,-0.20569685101509094,6
c4_010,4,-89.949205,21.194961,1990.0,-0.08122989535331726,6
c4_011,4,-89.943007,21.202506,1990.0,-0.20318786799907684,6
c4_012,4,-89.945163,21.199811,1990.0,-0.2585655748844147,6
c4_013,4,-89.972379,21.174481,1990.0,-0.06796640157699585,6
c4_014,4,-90.041633,21.148612,1990.0,0.39785343408584595,6
c4_015,4,-89.960792,21.190380096435547,1990.0,-0.13436685502529144,6
c4_016,4,-89.958098,21.184452056884766,1990.0,-0.0632777288556099,6
c4_017,4,-90.074239,21.133790969848633,1990.0,0.5720344185829163,6
c4_018,4,-89.950822,21.1922664642334,1990.0,-0.07917984575033188,6
c4_019,4,-89.996901,21.149959564208984,1990.0,0.4664077162742615,6
c4_020,4,-89.960523,21.186338424682617,1990.0,-0.13606685400009155,6
c4_021,4,-89.9465103149414,21.185529708862305,1990.0,0.06923280656337738,6
c4_022,4,-89.957828,21.185529708862305,1990.0,0.04893467575311661,6
c4_023,4,-90.035705,21.144301,1990.0,0.5147032141685486,6
c4_024,4,-90.022501,21.156966,1990.0,0.1236777976155281,6
c4_025,4,-89.981002,21.165319,1990.0,0.20359393954277039,6
c4_026,4,-90.027621,21.162355422973633,1990.0,-0.01934410259127617,6
c4_027,4,-89.949475,21.19415283203125,1990.0,-0.21596048772335052,6
c4_028,4,-89.940852,21.201428,1990.0,-0.12995092570781708,6
c4_029,4,-89.961601,21.190919,1990.0,-0.014804327860474586,6
c4_030,4,-90.041364,21.151576,1990.0,0.580642580986023,6
c4_031,4,-90.062382,21.153732299804688,1990.0,0.17453274130821228,6
c4_032,4,-89.944085,21.193883,1990.0,0.003671304089948535,6
c4_033,4,-89.981811,21.164511,1990.0,0.4557463526725769,6
c4_034,4,-89.940313,21.199811,1990.0,-0.20970536768436432,6
c4_035,4,-90.072622,21.132714,1990.0,0.6006648540496826,6
c4_036,4,-89.942738,21.183643341064453,1990.0,0.21399487555027008,6
c4_037,4,-89.9742660522461,21.173673,1990.0,0.18153256177902222,6
c4_038,4,-89.966451,21.182565,1990.0,-0.04751495271921158,6
c4_039,4,-90.014147,21.163972,1990.0,-0.11780837923288345,6
c4_040,4,-89.944355,21.201428,1990.0,-0.25004997849464417,6
c4_041,4,-90.011183,21.148881912231445,1990.0,0.5069835186004639,6
c4_042,4,-90.071814,21.131635665893555,1990.0,0.5277743935585022,6
c4_043,4,-90.11438751220703,21.11061668395996,1990.0,0.7847504019737244,6
c4_044,4,-89.956481,21.189302444458008,1990.0,0.1127835214138031,6
c4_045,4,-90.036513,21.153732299804688,1990.0,0.35044655203819275,6
c4_046,4,-89.98235321044922,21.169092178344727,1990.0,0.1760745495557785,6
c4_047,4,-89.992859,21.172864,1990.0,0.26805147528648376,6
c4_048,4,-89.948127,21.191457748413086,1990.0,0.09183055907487869,6
c4_049,4,-90.1195068359375,21.108461380004883,1990.0,0.6028169989585876,6
c4_050,4,-90.094718,21.12301254272461,1990.0,0.4553198516368866,6
c5_045,5,-90.018998,21.166128158569336,1990.0,0.34993112087249756,6
c5_008,5,-90.034357,21.155618,1990.0,0.5899534821510315,6
c5_010,5,-89.957289,21.163703,1990.0,0.5164471864700317,6
c5_011,5,-90.004985,21.156696319580078,1990.0,0.2789999544620514,6
c5_012,5,-90.066424,21.154809951782227,1990.0,0.316267728805542,6
c5_014,5,-90.006871,21.155887603759766,1990.0,0.2347198873758316,6
c5_016,5,-90.002829,21.15642738342285,1990.0,0.680662214756012,6
c5_022,5,-90.044597,21.154809951782227,1990.0,0.6120314002037048,6
c5_024,5,-89.995284,21.15642738342285,1990.0,0.23537153005599976,6
c5_003,5,-90.056993,21.154541015625,1990.0,0.21743440628051758,6
c5_013,5,-90.020614,21.157235,1990.0,0.23918910324573517,6
c5_020,5,-90.027621,21.156966,1990.0,0.45812153816223145,6
c5_025,5,-90.03301239013672,21.15966033935547,1990.0,0.6966153383255005,6
c5_034,5,-90.012261,21.166397094726562,1990.0,0.023589471355080605,6
c5_040,5,-90.069658,21.154541015625,1990.0,0.3397829532623291,6
c5_041,5,-89.998787,21.156156539916992,1990.0,0.3128030300140381,6
c5_043,5,-90.113042,21.13729476928711,1990.0,0.6110554933547974,6
c5_002,5,-90.042172,21.156156539916992,1990.0,0.2804258465766907,6
c5_004,5,-90.034088,21.156966,1990.0,0.4188002645969391,6
c5_001,5,-89.996093,21.155887603759766,1990.0,0.7129226326942444,6
c5_006,5,-90.035435,21.154809951782227,1990.0,0.3660464286804199,6
c5_015,5,-89.942738,21.172864,1990.0,0.5023114085197449,6
c5_018,5,-90.0685806274414,21.152385,1990.0,0.31247180700302124,6
c5_026,5,-89.998248,21.172326,1990.0,0.7564561367034912,6
c5_033,5,-90.01980590820312,21.156966,1990.0,0.7016578912734985,6
c5_036,5,-90.041902,21.15750503540039,1990.0,0.3393257260322571,6
c5_039,5,-90.060496,21.15642738342285,1990.0,0.42212405800819397,6
c5_005,5,-90.041633,21.159929275512695,1990.0,0.47942548990249634,6
c5_009,5,-90.038938,21.154271,1990.0,0.5022168755531311,6
c5_019,5,-90.057262,21.155349,1990.0,0.1623467206954956,6
c5_021,5,-90.089598,21.148073196411133,1990.0,0.5238964557647705,6
c5_030,5,-90.071814,21.151845932006836,1990.0,0.5346984267234802,6
c5_031,5,-90.003099,21.155618,1990.0,0.7176517248153687,6
c5_035,5,-90.095527,21.151845932006836,1990.0,0.6034174561500549,6
c5_037,5,-89.996632,21.160469,1990.0,0.44763174653053284,6
c5_023,5,-89.978038,21.180139541625977,1990.0,0.40251171588897705,6
c5_017,5,-90.040555,21.145917892456055,1990.0,0.3861505091190338,6
c5_027,5,-90.08879089355469,21.150768280029297,1990.0,0.6339751482009888,6
c5_047,5,-90.001213,21.154541015625,1990.0,0.7737984657287598,6
c5_048,5,-90.028429,21.156696319580078,1990.0,0.38947901129722595,6
c5_029,5,-90.090407,21.149421,1990.0,0.3312672972679138,6
c5_032,5,-90.079359,21.150768280029297,1990.0,0.47231727838516235,6
c5_038,5,-90.04082489013672,21.156966,1990.0,0.42150968313217163,6
c5_046,5,-90.067233,21.152114868164062,1990.0,0.4678102433681488,6
c5_028,5,-90.095527,21.150499,1990.0,0.655864417552948,6
c5_044,5,-89.973188,21.183374404907227,1990.0,0.4411413371562958,6
c5_042,5,-90.08124542236328,21.149421,1990.0,0.4559518098831177,6
c5_007,5,-90.021962,21.143491744995117,1990.0,0.5884184837341309,6
c10_001,3,-90.028968,21.158313,1990.0,0.1285237818956375,6
c10_005,3,-89.954594,21.163972,1990.0,0.5499954223632812,6
c10_002,3,-90.033549,21.15858268737793,1990.0,0.13627216219902039,6
c10_003,3,-90.030046,21.158044,1990.0,0.26761916279792786,6
c10_004,3,-90.029507,21.157773971557617,1990.0,0.25657737255096436,6
c10_006,3,-90.03301239013672,21.159122467041016,1990.0,0.18834257125854492,6
c10_007,3,-90.03301239013672,21.158044,1990.0,0.27869662642478943,6
c10_009,3,-90.032741,21.15858268737793,1990.0,0.18834257125854492,6
c10_010,3,-90.030585,21.158044,1990.0,0.218850240111351,6
c10_008,3,-89.95405578613281,21.163972,1990.0,0.4588712453842163,6
c1_051,1,-90.064538,21.118162155151367,1990.0,0.6647828817367554,6
c1_052,1,-90.05322265625,21.112234115600586,1990.0,0.7076892256736755,6
c1_053,1,-90.068041,21.142953,1990.0,0.623752236366272,6
c1_054,1,-90.00040435791016,21.124359130859375,1990.0,0.6341015696525574,6
c1_055,1,-90.049178,21.1402587890625,1990.0,0.6762045621871948,6
c2_051,2,-90.111695,21.123821258544922,1990.0,0.5469767451286316,6
c2_052,2,-90.02277374267578,21.139720916748047,1990.0,0.5022553205490112,6
c2_053,2,-89.941929,21.138911,1990.0,0.7391753196716309,6
c2_054,2,-89.950013,21.130019,1990.0,0.7648739218711853,6
c2_055,2,-90.106306,21.128941,1990.0,0.6753994822502136,6
c3_062,3,-90.086634,21.149690628051758,1990.0,0.48780521750450134,6
c3_051,3,-90.010914,21.144301,1990.0,0.7046000361442566,6
c3_055,3,-90.079359,21.150499,1990.0,0.47231727838516235,6
c3_058,3,-90.000943,21.171248,1990.0,0.6998539566993713,6
c3_052,3,-90.094179,21.114929,1990.0,0.5402153730392456,6
c3_059,3,-90.039208,21.1402587890625,1990.0,0.8401755094528198,6
c3_053,3,-90.013608,21.152114868164062,1990.0,0.6531045436859131,6
c3_060,3,-89.958906,21.12489891052246,1990.0,0.767704427242279,6
c3_057,3,-90.058071,21.159929275512695,1990.0,0.7691594362258911,6
c3_061,3,-89.973457,21.138911,1990.0,0.718108057975769,6
c3_064,3,-89.989625,21.149959564208984,1990.0,0.6129397749900818,6
c3_063,3,-90.030046,21.125707,1990.0,0.7752507328987122,6
c3_065,3,-89.972379,21.162086486816406,1990.0,0.6932044625282288,6
c3_054,3,-90.029237,21.101455,1990.0,0.6984499096870422,6
c3_056,3,-90.008758,21.114120483398438,1990.0,0.7290582656860352,6
c4_051,4,-89.958906,21.191997,1990.0,-0.10411015152931213,6
c4_052,4,-89.957828,21.178254,1990.0,0.12694507837295532,6
c4_053,4,-89.994476,21.172864,1990.0,-0.05767570063471794,6
c4_054,4,-89.994745,21.168822,1990.0,-0.08055482059717178,6
c4_055,4,-90.0025634765625,21.169631,1990.0,-0.11427344381809235,6
c1_001,1,-90.056184,21.12301254272461,1991.0,0.6544268727302551,8
c1_002,1,-89.984506,21.126246,1991.0,0.7501003742218018,8
c1_003,1,-90.070197,21.140798,1991.0,0.7639461159706116,8
c1_004,1,-90.057801,21.145648,1991.0,0.7004260420799255,8
c1_005,1,-90.024926,21.145379,1991.0,0.5956611633300781,8
c1_006,1,-89.979386,21.130288,1991.0,0.7037498950958252,8
c1_007,1,-90.08636474609375,21.137025,1991.0,0.7514379024505615,8
c1_008,1,-89.952169,21.14322280883789,1991.0,0.7559760808944702,8
c1_009,1,-90.055106,21.138911,1991.0,0.5775380730628967,8
c1_010,1,-89.945702,21.14322280883789,1991.0,0.7031729221343994,8
c1_011,1,-89.958098,21.149151,1991.0,0.7464825510978699,8
c1_012,1,-90.036783,21.117354,1991.0,0.7673912048339844,8
c1_013,1,-90.113042,21.085018157958984,1991.0,0.8544987440109253,8
c1_014,1,-89.944085,21.154002,1991.0,0.7915758490562439,8
c1_015,1,-90.065885,21.113581,1991.0,0.7559884190559387,8
c1_016,1,-90.064538,21.121126174926758,1991.0,0.7032913565635681,8
c1_017,1,-90.01280212402344,21.122474,1991.0,0.6953921914100647,8
c1_018,1,-90.013608,21.150499,1991.0,0.8092321753501892,8
c1_019,1,-90.075856,21.141876220703125,1991.0,0.7281686067581177,8
c1_020,1,-90.063729,21.119510650634766,1991.0,0.5578390955924988,8
c1_021,1,-90.112234,21.128671646118164,1991.0,0.561137855052948,8
c1_022,1,-89.970224,21.131635665893555,1991.0,0.6024066805839539,8
c1_023,1,-90.049448,21.111425399780273,1991.0,0.5671326518058777,8
c1_024,1,-90.076933,21.135408401489258,1991.0,0.693778395652771,8
c1_025,1,-90.09391021728516,21.143762,1991.0,0.619939386844635,8
c1_026,1,-89.940852,21.145917892456055,1991.0,0.814294159412384,8
c1_027,1,-89.945163,21.154002,1991.0,0.691802978515625,8
c1_028,1,-90.098491,21.127324,1991.0,0.7616700530052185,8
c1_029,1,-90.003368,21.149421,1991.0,0.9725165367126465,8
c1_030,1,-89.972918,21.124629,1991.0,0.752780556678772,8
c1_031,1,-90.003907,21.124359130859375,1991.0,0.6643924117088318,8
c1_032,1,-90.066694,21.0987606048584,1991.0,0.6814905405044556,8
c1_033,1,-89.994745,21.123552322387695,1991.0,0.6374227404594421,8
c1_034,1,-90.08879089355469,21.142953,1991.0,0.6093259453773499,8
c1_035,1,-90.063191,21.110887,1991.0,0.7131307721138,8
c1_036,1,-89.960523,21.137563705444336,1991.0,0.7064432501792908,8
c1_037,1,-90.094179,21.093371,1991.0,0.7101843953132629,8
c1_038,1,-90.0025634765625,21.122743,1991.0,0.6350380778312683,8
c1_039,1,-90.051334,21.132714,1991.0,0.6318677067756653,8
c1_040,1,-90.066694,21.13837242126465,1991.0,0.6026396751403809,8
c1_041,1,-90.116815,21.0882511138916,1991.0,0.7008325457572937,8
c1_042,1,-90.057801,21.148612,1991.0,0.729459822177887,8
c1_043,1,-90.080706,21.141876220703125,1991.0,0.7039796710014343,8
c1_044,1,-89.947319,21.188493728637695,1991.0,0.6886461973190308,8
c1_045,1,-89.981811,21.124091,1991.0,0.6896520256996155,8
c1_046,1,-90.058879,21.128671646118164,1991.0,0.6429281830787659,8
c1_047,1,-90.075317,21.10361099243164,1991.0,0.7723918557167053,8
c1_048,1,-90.003638,21.150768280029297,1991.0,0.6475925445556641,8
c1_049,1,-90.026543,21.122743,1991.0,0.7113441824913025,8
c1_050,1,-90.108731,21.117623,1991.0,0.739171028137207,8
c2_001,2,-89.960253,21.154002,1991.0,0.682490348815918,8
c2_002,2,-90.117623,21.133522033691406,1991.0,0.21185219287872314,8
c2_003,2,-90.07881927490234,21.09229278564453,1991.0,0.6989124417304993,8
c2_004,2,-89.978847,21.15022850036621,1991.0,0.5633216500282288,8
c2_005,2,-90.089329,21.09364128112793,1991.0,0.7886640429496765,8
c2_006,2,-90.11412048339844,21.100377,1991.0,0.6682558059692383,8
c2_007,2,-90.106036,21.131635665893555,1991.0,0.6269345283508301,8
c2_008,2,-90.001213,21.145379,1991.0,0.735783576965332,8
c2_009,2,-89.963217,21.183913,1991.0,0.15747815370559692,8
c2_010,2,-90.10226440429688,21.144301,1991.0,0.4068877696990967,8
c2_011,2,-89.958636,21.125438,1991.0,0.7228836417198181,8
c2_012,2,-90.097413,21.149959564208984,1991.0,0.5893272757530212,8
c2_013,2,-90.100647,21.106845,1991.0,0.7822484374046326,8
c2_014,2,-90.04594421386719,21.111156463623047,1991.0,0.6047341227531433,8
c2_015,2,-90.068849,21.102802276611328,1991.0,0.8168142437934875,8
c2_016,2,-90.118162,21.135947,1991.0,0.2707156538963318,8
c2_017,2,-89.96214294433594,21.120587,1991.0,0.7106456160545349,8
c2_018,2,-89.981541,21.148343,1991.0,0.642461895942688,8
c2_019,2,-90.041364,21.101186,1991.0,0.7113441824913025,8
c2_020,2,-90.082592,21.10064697265625,1991.0,0.75555819272995,8
c2_021,2,-89.945163,21.161008,1991.0,0.6993027329444885,8
c2_022,2,-90.01280212402344,21.118162155151367,1991.0,0.7203827500343323,8
c2_023,2,-89.94165802001953,21.17879295349121,1991.0,0.5280031561851501,8
c2_024,2,-89.940043,21.179332,1991.0,0.6281165480613708,8
c2_025,2,-89.942199,21.169092178344727,1991.0,0.5189061164855957,8
c2_026,2,-90.04837036132812,21.15858268737793,1991.0,0.3126959502696991,8
c2_027,2,-90.018189,21.155078887939453,1991.0,0.5593889355659485,8
c2_028,2,-90.018998,21.118701,1991.0,0.6563225984573364,8
c2_029,2,-89.960253,21.166936,1991.0,0.7461218237876892,8
c2_030,2,-90.08636474609375,21.13918113708496,1991.0,0.77976393699646,8
c2_031,2,-90.006871,21.167745,1991.0,0.20348872244358063,8
c2_032,2,-89.9599838256836,21.15750503540039,1991.0,0.5712851285934448,8
c2_033,2,-90.052412,21.115737,1991.0,0.7035408020019531,8
c2_034,2,-90.075586,21.099569,1991.0,0.6944453716278076,8
c2_035,2,-90.108731,21.095796,1991.0,0.6105257868766785,8
c2_036,2,-90.026543,21.155078887939453,1991.0,0.9809706211090088,8
c2_037,2,-90.006871,21.131097,1991.0,0.652546226978302,8
c2_038,2,-90.080167,21.099838256835938,1991.0,0.7835047841072083,8
c2_039,2,-89.947588,21.136486053466797,1991.0,0.7413589954376221,8
c2_040,2,-90.061304,21.10468864440918,1991.0,0.7295132279396057,8
c2_041,2,-90.075856,21.134868621826172,1991.0,0.894071102142334,8
c2_042,2,-89.99959564208984,21.12004852294922,1991.0,0.7246226072311401,8
c2_043,2,-90.101725,21.08043670654297,1991.0,0.7111946940422058,8
c2_044,2,-90.026004,21.113851,1991.0,0.7727034091949463,8
c2_045,2,-90.118162,21.129209518432617,1991.0,0.5552042126655579,8
c2_046,2,-89.94139099121094,21.172056198120117,1991.0,0.6575376987457275,8
c2_047,2,-89.969685,21.1402587890625,1991.0,0.7335183620452881,8
c2_048,2,-90.1038818359375,21.095527,1991.0,0.6473961472511292,8
c2_049,2,-89.99231719970703,21.149690628051758,1991.0,0.6327721476554871,8
c2_050,2,-89.950822,21.121396,1991.0,0.4684509336948395,8
c3_045,3,-89.992859,21.161815643310547,1991.0,0.12632063031196594,8
c3_003,3,-90.034357,21.15858268737793,1991.0,0.157705157995224,8
c3_026,3,-89.986931,21.149959564208984,1991.0,0.7335270643234253,8
c3_008,3,-90.084209,21.151576,1991.0,0.4845418632030487,8
c3_017,3,-89.970493,21.159929275512695,1991.0,0.6525948643684387,8
c3_004,3,-89.982619,21.180679,1991.0,0.6949782371520996,8
c3_040,3,-89.9742660522461,21.185529708862305,1991.0,0.7628368735313416,8
c3_024,3,-89.97722625732422,21.183913,1991.0,0.6957471370697021,8
c3_013,3,-89.995823,21.13837242126465,1991.0,0.7726463675498962,8
c3_018,3,-90.062113,21.107114,1991.0,0.6352087259292603,8
c3_007,3,-90.088521,21.146995,1991.0,0.2701914608478546,8
c3_014,3,-89.951361,21.199003219604492,1991.0,0.5754044651985168,8
c3_042,3,-89.950283,21.199003219604492,1991.0,0.5771201252937317,8
c3_029,3,-90.000135,21.137563705444336,1991.0,0.6622609496116638,8
c3_005,3,-90.003638,21.111964,1991.0,0.7297152876853943,8
c3_022,3,-90.005524,21.112503051757812,1991.0,0.6877183318138123,8
c3_002,3,-89.953786,21.197656,1991.0,0.5329819321632385,8
c3_015,3,-89.940852,21.162086486816406,1991.0,0.7069934010505676,8
c3_020,3,-90.016842,21.116006,1991.0,0.6607273817062378,8
c3_027,3,-89.982619,21.149421,1991.0,0.6470995545387268,8
c3_030,3,-89.942738,21.1674747467041,1991.0,0.6114634275436401,8
c3_050,3,-89.941929,21.168553,1991.0,0.4577959179878235,8
c3_009,3,-89.986392,21.149959564208984,1991.0,0.7204458713531494,8
c3_033,3,-90.039208,21.102802276611328,1991.0,0.6958169937133789,8
c3_038,3,-89.976152,21.169361114501953,1991.0,0.5506561398506165,8
c3_023,3,-89.97183990478516,21.169361114501953,1991.0,0.6111066937446594,8
c3_032,3,-90.00040435791016,21.138642,1991.0,0.5818799138069153,8
c3_046,3,-89.994476,21.137832641601562,1991.0,0.7152746319770813,8
c3_025,3,-89.947049,21.157235,1991.0,0.6810668110847473,8
c3_028,3,-89.976421,21.165858,1991.0,0.7029181122779846,8
c3_036,3,-89.95189666748047,21.162894,1991.0,0.5417957901954651,8
c3_021,3,-90.007141,21.131635665893555,1991.0,0.608321487903595,8
c3_035,3,-90.000943,21.144569396972656,1991.0,0.7666908502578735,8
c3_037,3,-89.97183990478516,21.162086486816406,1991.0,0.6953190565109253,8
c3_039,3,-89.976691,21.168283462524414,1991.0,0.5851102471351624,8
c3_041,3,-89.973996,21.137563705444336,1991.0,0.6728302836418152,8
c3_034,3,-90.041364,21.1402587890625,1991.0,0.5498896241188049,8
c3_047,3,-90.028698,21.126246,1991.0,0.7526337504386902,8
c3_048,3,-90.030315,21.124359130859375,1991.0,0.6625375747680664,8
c3_011,3,-90.035974,21.099299,1991.0,0.5592103004455566,8
c3_001,3,-90.080437,21.100377,1991.0,0.6776500344276428,8
c3_006,3,-89.94677734375,21.202237,1991.0,0.7707155346870422,8
c3_019,3,-89.958367,21.172056198120117,1991.0,0.6337323188781738,8
c3_031,3,-90.00740814208984,21.113042,1991.0,0.6980559229850769,8
c3_010,3,-90.01252746582031,21.114659,1991.0,0.7203827500343323,8
c3_012,3,-90.00768280029297,21.114389419555664,1991.0,0.5723830461502075,8
c3_016,3,-90.045675,21.097951889038086,1991.0,0.5924160480499268,8
c3_043,3,-89.967259,21.189841,1991.0,0.7345705032348633,8
c3_044,3,-90.046214,21.097413,1991.0,0.6161851286888123,8
c3_049,3,-90.016033,21.116006,1991.0,0.6308856010437012,8
c4_001,4,-90.002021,21.168822,1991.0,0.06679542362689972,8
c4_002,4,-90.013878,21.166397094726562,1991.0,-0.010228345170617104,8
c4_003,4,-90.040286,21.149421,1991.0,0.40383777022361755,8
c4_004,4,-89.94139099121094,21.181487,1991.0,0.08930226415395737,8
c4_005,4,-89.967529,21.183643341064453,1991.0,0.08938074856996536,8
c4_006,4,-89.943277,21.200620651245117,1991.0,0.12330889701843262,8
c4_007,4,-89.968068,21.171248,1991.0,-0.13603626191616058,8
c4_008,4,-90.035705,21.15346336364746,1991.0,0.2361985445022583,8
c4_009,4,-89.967798,21.179332,1991.0,0.09766335040330887,8
c4_010,4,-89.949205,21.194961,1991.0,0.16867560148239136,8
c4_011,4,-89.943007,21.202506,1991.0,0.09203631430864334,8
c4_012,4,-89.945163,21.199811,1991.0,0.07872699946165085,8
c4_013,4,-89.972379,21.174481,1991.0,0.10702677816152573,8
c4_014,4,-90.041633,21.148612,1991.0,0.34284621477127075,8
c4_015,4,-89.960792,21.190380096435547,1991.0,0.0779748484492302,8
c4_016,4,-89.958098,21.184452056884766,1991.0,0.11349452286958694,8
c4_017,4,-90.074239,21.133790969848633,1991.0,0.5556759834289551,8
c4_018,4,-89.950822,21.1922664642334,1991.0,0.1881697028875351,8
c4_019,4,-89.996901,21.149959564208984,1991.0,0.43692073225975037,8
c4_020,4,-89.960523,21.186338424682617,1991.0,0.5208969712257385,8
c4_021,4,-89.9465103149414,21.185529708862305,1991.0,0.12151205539703369,8
c4_022,4,-89.957828,21.185529708862305,1991.0,0.10042763501405716,8
c4_023,4,-90.035705,21.144301,1991.0,0.474836140871048,8
c4_024,4,-90.022501,21.156966,1991.0,0.07757624238729477,8
c4_025,4,-89.981002,21.165319,1991.0,0.15980280935764313,8
c4_026,4,-90.027621,21.162355422973633,1991.0,0.009791117161512375,8
c4_027,4,-89.949475,21.19415283203125,1991.0,0.03211060166358948,8
c4_028,4,-89.940852,21.201428,1991.0,0.15895751118659973,8
c4_029,4,-89.961601,21.190919,1991.0,0.09898938238620758,8
c4_030,4,-90.041364,21.151576,1991.0,0.5819321274757385,8
c4_031,4,-90.062382,21.153732299804688,1991.0,0.1678190976381302,8
c4_032,4,-89.944085,21.193883,1991.0,0.11305593699216843,8
c4_033,4,-89.981811,21.164511,1991.0,0.31186869740486145,8
c4_034,4,-89.940313,21.199811,1991.0,0.10390125215053558,8
c4_035,4,-90.072622,21.132714,1991.0,0.5819642543792725,8
c4_036,4,-89.942738,21.183643341064453,1991.0,0.15770000219345093,8
c4_037,4,-89.9742660522461,21.173673,1991.0,0.11146429181098938,8
c4_038,4,-89.966451,21.182565,1991.0,0.022204319015145302,8
c4_039,4,-90.014147,21.163972,1991.0,-0.05211348831653595,8
c4_040,4,-89.944355,21.201428,1991.0,0.03071475774049759,8
c4_041,4,-90.011183,21.148881912231445,1991.0,0.5443710684776306,8
c4_042,4,-90.071814,21.131635665893555,1991.0,0.5206207036972046,8
c4_043,4,-90.11438751220703,21.11061668395996,1991.0,0.6267377138137817,8
c4_044,4,-89.956481,21.189302444458008,1991.0,0.1561664193868637,8
c4_045,4,-90.036513,21.153732299804688,1991.0,0.16016528010368347,8
c4_046,4,-89.98235321044922,21.169092178344727,1991.0,0.2577298879623413,8
c4_047,4,-89.992859,21.172864,1991.0,0.002614149358123541,8
c4_048,4,-89.948127,21.191457748413086,1991.0,0.1300116926431656,8
c4_049,4,-90.1195068359375,21.108461380004883,1991.0,0.5135238170623779,8
c4_050,4,-90.094718,21.12301254272461,1991.0,0.46388956904411316,8
c5_045,5,-90.018998,21.166128158569336,1991.0,0.7692615389823914,8
c5_008,5,-90.034357,21.155618,1991.0,0.2855475842952728,8
c5_010,5,-89.957289,21.163703,1991.0,0.4109874665737152,8
c5_011,5,-90.004985,21.156696319580078,1991.0,0.20548859238624573,8
c5_012,5,-90.066424,21.154809951782227,1991.0,0.16615787148475647,8
c5_014,5,-90.006871,21.155887603759766,1991.0,0.1788172721862793,8
c5_016,5,-90.002829,21.15642738342285,1991.0,0.35572344064712524,8
c5_022,5,-90.044597,21.154809951782227,1991.0,0.48727530241012573,8
c5_024,5,-89.995284,21.15642738342285,1991.0,0.20420163869857788,8
c5_003,5,-90.056993,21.154541015625,1991.0,0.7602525353431702,8
c5_013,5,-90.020614,21.157235,1991.0,0.16621775925159454,8
c5_020,5,-90.027621,21.156966,1991.0,0.09676989167928696,8
c5_025,5,-90.03301239013672,21.15966033935547,1991.0,-0.01681053265929222,8
c5_034,5,-90.012261,21.166397094726562,1991.0,0.05580136552453041,8
c5_040,5,-90.069658,21.154541015625,1991.0,0.31504446268081665,8
c5_041,5,-89.998787,21.156156539916992,1991.0,0.21951858699321747,8
c5_043,5,-90.113042,21.13729476928711,1991.0,0.4277767539024353,8
c5_002,5,-90.042172,21.156156539916992,1991.0,0.1644352376461029,8
c5_004,5,-90.034088,21.156966,1991.0,0.21207061409950256,8
c5_001,5,-89.996093,21.155887603759766,1991.0,0.4068174362182617,8
c5_006,5,-90.035435,21.154809951782227,1991.0,0.20663045346736908,8
c5_015,5,-89.942738,21.172864,1991.0,0.5502222776412964,8
c5_018,5,-90.0685806274414,21.152385,1991.0,0.2655177712440491,8
c5_026,5,-89.998248,21.172326,1991.0,0.698696494102478,8
c5_033,5,-90.01980590820312,21.156966,1991.0,0.41002559661865234,8
c5_036,5,-90.041902,21.15750503540039,1991.0,0.34268906712532043,8
c5_039,5,-90.060496,21.15642738342285,1991.0,0.2905929684638977,8
c5_005,5,-90.041633,21.159929275512695,1991.0,0.2773136496543884,8
c5_009,5,-90.038938,21.154271,1991.0,0.342911958694458,8
c5_019,5,-90.057262,21.155349,1991.0,0.14632755517959595,8
c5_021,5,-90.089598,21.148073196411133,1991.0,0.3604927062988281,8
c5_030,5,-90.071814,21.151845932006836,1991.0,0.42524227499961853,8
c5_031,5,-90.003099,21.155618,1991.0,0.7364780306816101,8
c5_035,5,-90.095527,21.151845932006836,1991.0,0.5120827555656433,8
c5_037,5,-89.996632,21.160469,1991.0,0.3222680389881134,8
c5_023,5,-89.978038,21.180139541625977,1991.0,0.2631457448005676,8
c5_017,5,-90.040555,21.145917892456055,1991.0,0.32314854860305786,8
c5_027,5,-90.08879089355469,21.150768280029297,1991.0,0.5862449407577515,8
c5_047,5,-90.001213,21.154541015625,1991.0,0.7041764259338379,8
c5_048,5,-90.028429,21.156696319580078,1991.0,0.3946724236011505,8
c5_029,5,-90.090407,21.149421,1991.0,0.3296622633934021,8
c5_032,5,-90.079359,21.150768280029297,1991.0,0.3533073365688324,8
c5_038,5,-90.04082489013672,21.156966,1991.0,0.2405853569507599,8
c5_046,5,-90.067233,21.152114868164062,1991.0,0.3148425221443176,8
c5_028,5,-90.095527,21.150499,1991.0,0.40830832719802856,8
c5_044,5,-89.973188,21.183374404907227,1991.0,0.4392765462398529,8
c5_042,5,-90.08124542236328,21.149421,1991.0,0.43672603368759155,8
c5_007,5,-90.021962,21.143491744995117,1991.0,0.6011675596237183,8
c10_001,3,-90.028968,21.158313,1991.0,0.4959668815135956,8
c10_005,3,-89.954594,21.163972,1991.0,0.4697349965572357,8
c10_002,3,-90.033549,21.15858268737793,1991.0,0.10849170386791229,8
c10_003,3,-90.030046,21.158044,1991.0,0.17768114805221558,8
c10_004,3,-90.029507,21.157773971557617,1991.0,0.21643587946891785,8
c10_006,3,-90.03301239013672,21.159122467041016,1991.0,0.10768410563468933,8
c10_007,3,-90.03301239013672,21.158044,1991.0,0.21611511707305908,8
c10_009,3,-90.032741,21.15858268737793,1991.0,0.25310617685317993,8
c10_010,3,-90.030585,21.158044,1991.0,0.21157455444335938,8
c10_008,3,-89.95405578613281,21.163972,1991.0,0.4378325045108795,8
c1_051,1,-90.064538,21.118162155151367,1991.0,0.5285916924476624,8
c1_052,1,-90.05322265625,21.112234115600586,1991.0,0.7123796939849854,8
c1_053,1,-90.068041,21.142953,1991.0,0.5871996879577637,8
c1_054,1,-90.00040435791016,21.124359130859375,1991.0,0.5048193335533142,8
c1_055,1,-90.049178,21.1402587890625,1991.0,0.6869477033615112,8
c2_051,2,-90.111695,21.123821258544922,1991.0,0.4625639319419861,8
c2_052,2,-90.02277374267578,21.139720916748047,1991.0,0.5769734382629395,8
c2_053,2,-89.941929,21.138911,1991.0,0.6681966185569763,8
c2_054,2,-89.950013,21.130019,1991.0,0.745011568069458,8
c2_055,2,-90.106306,21.128941,1991.0,0.6699339151382446,8
c3_062,3,-90.086634,21.149690628051758,1991.0,0.43672603368759155,8
c3_051,3,-90.010914,21.144301,1991.0,0.9555454254150391,8
c3_055,3,-90.079359,21.150499,1991.0,0.38522499799728394,8
c3_058,3,-90.000943,21.171248,1991.0,0.373335063457489,8
c3_052,3,-90.094179,21.114929,1991.0,0.6201236844062805,8
c3_059,3,-90.039208,21.1402587890625,1991.0,0.6671484708786011,8
c3_053,3,-90.013608,21.152114868164062,1991.0,0.8836227655410767,8
c3_060,3,-89.958906,21.12489891052246,1991.0,0.8464917540550232,8
c3_057,3,-90.058071,21.159929275512695,1991.0,0.5959494709968567,8
c3_061,3,-89.973457,21.138911,1991.0,0.7203827500343323,8
c3_064,3,-89.989625,21.149959564208984,1991.0,0.529741644859314,8
c3_063,3,-90.030046,21.125707,1991.0,0.7052909731864929,8
c3_065,3,-89.972379,21.162086486816406,1991.0,0.6992933750152588,8
c3_054,3,-90.029237,21.101455,1991.0,0.6475925445556641,8
c3_056,3,-90.008758,21.114120483398438,1991.0,0.5630574226379395,8
c4_051,4,-89.958906,21.191997,1991.0,0.12088402360677719,8
c4_052,4,-89.957828,21.178254,1991.0,0.1347091645002365,8
c4_053,4,-89.994476,21.172864,1991.0,0.0075825052335858345,8
c4_054,4,-89.994745,21.168822,1991.0,-0.07852397859096527,8
c4_055,4,-90.0025634765625,21.169631,1991.0,-0.06932432949542999,8
c1_001,1,-90.056184,21.12301254272461,1992.0,0.6726331114768982,18
c1_002,1,-89.984506,21.126246,1992.0,0.6924837231636047,18
c1_003,1,-90.070197,21.140798,1992.0,0.7182232141494751,18
c1_004,1,-90.057801,21.145648,1992.0,0.7625907063484192,18
c1_005,1,-90.024926,21.145379,1992.0,0.6391293406486511,18
c1_006,1,-89.979386,21.130288,1992.0,0.6669941544532776,18
c1_007,1,-90.08636474609375,21.137025,1992.0,0.6959490180015564,18
c1_008,1,-89.952169,21.14322280883789,1992.0,0.7258996963500977,18
c1_009,1,-90.055106,21.138911,1992.0,0.6193825602531433,18
c1_010,1,-89.945702,21.14322280883789,1992.0,0.6934453845024109,18
c1_011,1,-89.958098,21.149151,1992.0,0.7176419496536255,18
c1_012,1,-90.036783,21.117354,1992.0,0.7757774591445923,18
c1_013,1,-90.113042,21.085018157958984,1992.0,0.791646420955658,18
c1_014,1,-89.944085,21.154002,1992.0,0.7550202012062073,18
c1_015,1,-90.065885,21.113581,1992.0,0.6783667802810669,18
c1_016,1,-90.064538,21.121126174926758,1992.0,0.651719868183136,18
c1_017,1,-90.01280212402344,21.122474,1992.0,0.7667551040649414,18
c1_018,1,-90.013608,21.150499,1992.0,0.8047148585319519,18
c1_019,1,-90.075856,21.141876220703125,1992.0,0.7470762133598328,18
c1_020,1,-90.063729,21.119510650634766,1992.0,0.668501615524292,18
c1_021,1,-90.112234,21.128671646118164,1992.0,0.47520947456359863,18
c1_022,1,-89.970224,21.131635665893555,1992.0,0.5856487154960632,18
c1_023,1,-90.049448,21.111425399780273,1992.0,0.713890552520752,18
c1_024,1,-90.076933,21.135408401489258,1992.0,0.7435035705566406,18
c1_025,1,-90.09391021728516,21.143762,1992.0,0.7376888394355774,18
c1_026,1,-89.940852,21.145917892456055,1992.0,0.7238896489143372,18
c1_027,1,-89.945163,21.154002,1992.0,0.6517186760902405,18
c1_028,1,-90.098491,21.127324,1992.0,0.7309828996658325,18
c1_029,1,-90.003368,21.149421,1992.0,0.6862725615501404,18
c1_030,1,-89.972918,21.124629,1992.0,0.7378353476524353,18
c1_031,1,-90.003907,21.124359130859375,1992.0,0.5658443570137024,18
c1_032,1,-90.066694,21.0987606048584,1992.0,0.7785808444023132,18
c1_033,1,-89.994745,21.123552322387695,1992.0,0.6550469398498535,18
c1_034,1,-90.08879089355469,21.142953,1992.0,0.46913906931877136,18
c1_035,1,-90.063191,21.110887,1992.0,0.7219486832618713,18
c1_036,1,-89.960523,21.137563705444336,1992.0,0.7242101430892944,18
c1_037,1,-90.094179,21.093371,1992.0,0.765719473361969,18
c1_038,1,-90.0025634765625,21.122743,1992.0,0.6235628724098206,18
c1_039,1,-90.051334,21.132714,1992.0,0.6453742384910583,18
c1_040,1,-90.066694,21.13837242126465,1992.0,0.6729329824447632,18
c1_041,1,-90.116815,21.0882511138916,1992.0,0.7534074783325195,18
c1_042,1,-90.057801,21.148612,1992.0,0.7360621690750122,18
c1_043,1,-90.080706,21.141876220703125,1992.0,0.5527153611183167,18
c1_044,1,-89.947319,21.188493728637695,1992.0,0.7123352289199829,18
c1_045,1,-89.981811,21.124091,1992.0,0.7637470364570618,18
c1_046,1,-90.058879,21.128671646118164,1992.0,0.6695595383644104,18
c1_047,1,-90.075317,21.10361099243164,1992.0,0.773472249507904,18
c1_048,1,-90.003638,21.150768280029297,1992.0,0.6877738833427429,18
c1_049,1,-90.026543,21.122743,1992.0,0.7772026658058167,18
c1_050,1,-90.108731,21.117623,1992.0,0.765862762928009,18
c2_001,2,-89.960253,21.154002,1992.0,0.6613150238990784,18
c2_002,2,-90.117623,21.133522033691406,1992.0,0.6171822547912598,18
c2_003,2,-90.07881927490234,21.09229278564453,1992.0,0.7799553275108337,18
c2_004,2,-89.978847,21.15022850036621,1992.0,0.7284557819366455,18
c2_005,2,-90.089329,21.09364128112793,1992.0,0.8080220222473145,18
c2_006,2,-90.11412048339844,21.100377,1992.0,0.6615427732467651,18
c2_007,2,-90.106036,21.131635665893555,1992.0,0.6512895226478577,18
c2_008,2,-90.001213,21.145379,1992.0,0.7252597212791443,18
c2_009,2,-89.963217,21.183913,1992.0,0.604107141494751,18
c2_010,2,-90.10226440429688,21.144301,1992.0,0.5805870890617371,18
c2_011,2,-89.958636,21.125438,1992.0,0.7154200673103333,18
c2_012,2,-90.097413,21.149959564208984,1992.0,0.5579783320426941,18
c2_013,2,-90.100647,21.106845,1992.0,0.6503061652183533,18
c2_014,2,-90.04594421386719,21.111156463623047,1992.0,0.621940016746521,18
c2_015,2,-90.068849,21.102802276611328,1992.0,0.818213701248169,18
c2_016,2,-90.118162,21.135947,1992.0,0.6527022123336792,18
c2_017,2,-89.96214294433594,21.120587,1992.0,0.783972442150116,18
c2_018,2,-89.981541,21.148343,1992.0,0.5949455499649048,18
c2_019,2,-90.041364,21.101186,1992.0,0.7320728302001953,18
c2_020,2,-90.082592,21.10064697265625,1992.0,0.7861469984054565,18
c2_021,2,-89.945163,21.161008,1992.0,0.6517723798751831,18
c2_022,2,-90.01280212402344,21.118162155151367,1992.0,0.7524704337120056,18
c2_023,2,-89.94165802001953,21.17879295349121,1992.0,0.461960107088089,18
c2_024,2,-89.940043,21.179332,1992.0,0.5244971513748169,18
c2_025,2,-89.942199,21.169092178344727,1992.0,0.6270592212677002,18
c2_026,2,-90.04837036132812,21.15858268737793,1992.0,0.2767591178417206,18
c2_027,2,-90.018189,21.155078887939453,1992.0,0.6632493138313293,18
c2_028,2,-90.018998,21.118701,1992.0,0.6550270318984985,18
c2_029,2,-89.960253,21.166936,1992.0,0.7908114194869995,18
c2_030,2,-90.08636474609375,21.13918113708496,1992.0,0.7177642583847046,18
c2_031,2,-90.006871,21.167745,1992.0,0.3136506974697113,18
c2_032,2,-89.9599838256836,21.15750503540039,1992.0,0.47822001576423645,18
c2_033,2,-90.052412,21.115737,1992.0,0.7152876257896423,18
c2_034,2,-90.075586,21.099569,1992.0,0.7259613275527954,18
c2_035,2,-90.108731,21.095796,1992.0,0.6909195780754089,18
c2_036,2,-90.026543,21.155078887939453,1992.0,0.8116832375526428,18
c2_037,2,-90.006871,21.131097,1992.0,0.6417655348777771,18
c2_038,2,-90.080167,21.099838256835938,1992.0,0.7677386403083801,18
c2_039,2,-89.947588,21.136486053466797,1992.0,0.783561646938324,18
c2_040,2,-90.061304,21.10468864440918,1992.0,0.7719852328300476,18
c2_041,2,-90.075856,21.134868621826172,1992.0,0.7716444730758667,18
c2_042,2,-89.99959564208984,21.12004852294922,1992.0,0.6591081619262695,18
c2_043,2,-90.101725,21.08043670654297,1992.0,0.782276451587677,18
c2_044,2,-90.026004,21.113851,1992.0,0.7786321640014648,18
c2_045,2,-90.118162,21.129209518432617,1992.0,0.6725506782531738,18
c2_046,2,-89.94139099121094,21.172056198120117,1992.0,0.6942001581192017,18
c2_047,2,-89.969685,21.1402587890625,1992.0,0.7555938959121704,18
c2_048,2,-90.1038818359375,21.095527,1992.0,0.6813738346099854,18
c2_049,2,-89.99231719970703,21.149690628051758,1992.0,0.5640566349029541,18
c2_050,2,-89.950822,21.121396,1992.0,0.7687463164329529,18
c3_045,3,-89.992859,21.161815643310547,1992.0,0.1442738175392151,18
c3_003,3,-90.034357,21.15858268737793,1992.0,0.28003063797950745,18
c3_026,3,-89.986931,21.149959564208984,1992.0,0.8070341944694519,18
c3_008,3,-90.084209,21.151576,1992.0,0.3614445626735687,18
c3_017,3,-89.970493,21.159929275512695,1992.0,0.6067931056022644,18
c3_004,3,-89.982619,21.180679,1992.0,0.8189644813537598,18
c3_040,3,-89.9742660522461,21.185529708862305,1992.0,0.8138529658317566,18
c3_024,3,-89.97722625732422,21.183913,1992.0,0.8138657212257385,18
c3_013,3,-89.995823,21.13837242126465,1992.0,0.7185465097427368,18
c3_018,3,-90.062113,21.107114,1992.0,0.8118147253990173,18
c3_007,3,-90.088521,21.146995,1992.0,0.455914169549942,18
c3_014,3,-89.951361,21.199003219604492,1992.0,0.5733201503753662,18
c3_042,3,-89.950283,21.199003219604492,1992.0,0.5299701690673828,18
c3_029,3,-90.000135,21.137563705444336,1992.0,0.6785759925842285,18
c3_005,3,-90.003638,21.111964,1992.0,0.6606380343437195,18
c3_022,3,-90.005524,21.112503051757812,1992.0,0.6554989218711853,18
c3_002,3,-89.953786,21.197656,1992.0,0.6443322896957397,18
c3_015,3,-89.940852,21.162086486816406,1992.0,0.6909051537513733,18
c3_020,3,-90.016842,21.116006,1992.0,0.7862735390663147,18
c3_027,3,-89.982619,21.149421,1992.0,0.6635661125183105,18
c3_030,3,-89.942738,21.1674747467041,1992.0,0.6782273650169373,18
c3_050,3,-89.941929,21.168553,1992.0,0.5422158241271973,18
c3_009,3,-89.986392,21.149959564208984,1992.0,0.7738481760025024,18
c3_033,3,-90.039208,21.102802276611328,1992.0,0.7430611252784729,18
c3_038,3,-89.976152,21.169361114501953,1992.0,0.5530993938446045,18
c3_023,3,-89.97183990478516,21.169361114501953,1992.0,0.5945113301277161,18
c3_032,3,-90.00040435791016,21.138642,1992.0,0.6579140424728394,18
c3_046,3,-89.994476,21.137832641601562,1992.0,0.5368896722793579,18
c3_025,3,-89.947049,21.157235,1992.0,0.7074224352836609,18
c3_028,3,-89.976421,21.165858,1992.0,0.702130913734436,18
c3_036,3,-89.95189666748047,21.162894,1992.0,0.5786564350128174,18
c3_021,3,-90.007141,21.131635665893555,1992.0,0.6550180315971375,18
c3_035,3,-90.000943,21.144569396972656,1992.0,0.7114739418029785,18
c3_037,3,-89.97183990478516,21.162086486816406,1992.0,0.7406911253929138,18
c3_039,3,-89.976691,21.168283462524414,1992.0,0.6288585066795349,18
c3_041,3,-89.973996,21.137563705444336,1992.0,0.6831120848655701,18
c3_034,3,-90.041364,21.1402587890625,1992.0,0.6012222170829773,18
c3_047,3,-90.028698,21.126246,1992.0,0.7856746315956116,18
c3_048,3,-90.030315,21.124359130859375,1992.0,0.764806866645813,18
c3_011,3,-90.035974,21.099299,1992.0,0.7176287174224854,18
c3_001,3,-90.080437,21.100377,1992.0,0.7343723177909851,18
c3_006,3,-89.94677734375,21.202237,1992.0,0.7999976277351379,18
c3_019,3,-89.958367,21.172056198120117,1992.0,0.7308920621871948,18
c3_031,3,-90.00740814208984,21.113042,1992.0,0.7288094758987427,18
c3_010,3,-90.01252746582031,21.114659,1992.0,0.7462449669837952,18
c3_012,3,-90.00768280029297,21.114389419555664,1992.0,0.6851998567581177,18
c3_016,3,-90.045675,21.097951889038086,1992.0,0.6606490612030029,18
c3_043,3,-89.967259,21.189841,1992.0,0.7330877184867859,18
c3_044,3,-90.046214,21.097413,1992.0,0.7095351815223694,18
c3_049,3,-90.016033,21.116006,1992.0,0.7317897081375122,18
c4_001,4,-90.002021,21.168822,1992.0,0.1788744181394577,18
c4_002,4,-90.013878,21.166397094726562,1992.0,0.1462770700454712,18
c4_003,4,-90.040286,21.149421,1992.0,0.532059371471405,18
c4_004,4,-89.94139099121094,21.181487,1992.0,0.14565053582191467,18
c4_005,4,-89.967529,21.183643341064453,1992.0,0.23632313311100006,18
c4_006,4,-89.943277,21.200620651245117,1992.0,0.5594884753227234,18
c4_007,4,-89.968068,21.171248,1992.0,0.37213608622550964,18
c4_008,4,-90.035705,21.15346336364746,1992.0,0.4039664566516876,18
c4_009,4,-89.967798,21.179332,1992.0,0.21497777104377747,18
c4_010,4,-89.949205,21.194961,1992.0,0.1519658863544464,18
c4_011,4,-89.943007,21.202506,1992.0,0.3337640166282654,18
c4_012,4,-89.945163,21.199811,1992.0,0.22068947553634644,18
c4_013,4,-89.972379,21.174481,1992.0,0.23190979659557343,18
c4_014,4,-90.041633,21.148612,1992.0,0.3990681767463684,18
c4_015,4,-89.960792,21.190380096435547,1992.0,0.13298000395298004,18
c4_016,4,-89.958098,21.184452056884766,1992.0,0.4031530022621155,18
c4_017,4,-90.074239,21.133790969848633,1992.0,0.4794272184371948,18
c4_018,4,-89.950822,21.1922664642334,1992.0,0.25738656520843506,18
c4_019,4,-89.996901,21.149959564208984,1992.0,0.31960731744766235,18
c4_020,4,-89.960523,21.186338424682617,1992.0,0.22411441802978516,18
c4_021,4,-89.9465103149414,21.185529708862305,1992.0,0.14474476873874664,18
c4_022,4,-89.957828,21.185529708862305,1992.0,0.15626581013202667,18
c4_023,4,-90.035705,21.144301,1992.0,0.5620925426483154,18
c4_024,4,-90.022501,21.156966,1992.0,0.18174411356449127,18
c4_025,4,-89.981002,21.165319,1992.0,0.27493420243263245,18
c4_026,4,-90.027621,21.162355422973633,1992.0,0.24526242911815643,18
c4_027,4,-89.949475,21.19415283203125,1992.0,0.10266581922769547,18
c4_028,4,-89.940852,21.201428,1992.0,0.20099304616451263,18
c4_029,4,-89.961601,21.190919,1992.0,0.5445530414581299,18
c4_030,4,-90.041364,21.151576,1992.0,0.7082143425941467,18
c4_031,4,-90.062382,21.153732299804688,1992.0,0.16609081625938416,18
c4_032,4,-89.944085,21.193883,1992.0,0.22584016621112823,18
c4_033,4,-89.981811,21.164511,1992.0,0.37679168581962585,18
c4_034,4,-89.940313,21.199811,1992.0,0.19554860889911652,18
c4_035,4,-90.072622,21.132714,1992.0,0.5367781519889832,18
c4_036,4,-89.942738,21.183643341064453,1992.0,0.21893149614334106,18
c4_037,4,-89.9742660522461,21.173673,1992.0,0.3671005964279175,18
c4_038,4,-89.966451,21.182565,1992.0,0.3634958267211914,18
c4_039,4,-90.014147,21.163972,1992.0,0.1376127153635025,18
c4_040,4,-89.944355,21.201428,1992.0,0.34193167090415955,18
c4_041,4,-90.011183,21.148881912231445,1992.0,0.5533972382545471,18
c4_042,4,-90.071814,21.131635665893555,1992.0,0.4985419511795044,18
c4_043,4,-90.11438751220703,21.11061668395996,1992.0,0.6349378228187561,18
c4_044,4,-89.956481,21.189302444458008,1992.0,0.4380960762500763,18
c4_045,4,-90.036513,21.153732299804688,1992.0,0.20782019197940826,18
c4_046,4,-89.98235321044922,21.169092178344727,1992.0,0.6766151189804077,18
c4_047,4,-89.992859,21.172864,1992.0,0.23323750495910645,18
c4_048,4,-89.948127,21.191457748413086,1992.0,0.24214397370815277,18
c4_049,4,-90.1195068359375,21.108461380004883,1992.0,0.539131760597229,18
c4_050,4,-90.094718,21.12301254272461,1992.0,0.4903029203414917,18
c5_045,5,-90.018998,21.166128158569336,1992.0,0.2900625467300415,18
c5_008,5,-90.034357,21.155618,1992.0,0.2578585147857666,18
c5_010,5,-89.957289,21.163703,1992.0,0.33383965492248535,18
c5_011,5,-90.004985,21.156696319580078,1992.0,0.18895089626312256,18
c5_012,5,-90.066424,21.154809951782227,1992.0,0.24034246802330017,18
c5_014,5,-90.006871,21.155887603759766,1992.0,0.1918274462223053,18
c5_016,5,-90.002829,21.15642738342285,1992.0,0.239500030875206,18
c5_022,5,-90.044597,21.154809951782227,1992.0,0.3059106767177582,18
c5_024,5,-89.995284,21.15642738342285,1992.0,0.16208970546722412,18
c5_003,5,-90.056993,21.154541015625,1992.0,0.28276264667510986,18
c5_013,5,-90.020614,21.157235,1992.0,0.20982979238033295,18
c5_020,5,-90.027621,21.156966,1992.0,0.2601485252380371,18
c5_025,5,-90.03301239013672,21.15966033935547,1992.0,0.16931889951229095,18
c5_034,5,-90.012261,21.166397094726562,1992.0,0.19808846712112427,18
c5_040,5,-90.069658,21.154541015625,1992.0,0.28327247500419617,18
c5_041,5,-89.998787,21.156156539916992,1992.0,0.1739819049835205,18
c5_043,5,-90.113042,21.13729476928711,1992.0,0.5415287613868713,18
c5_002,5,-90.042172,21.156156539916992,1992.0,0.25317856669425964,18
c5_004,5,-90.034088,21.156966,1992.0,0.2689262330532074,18
c5_001,5,-89.996093,21.155887603759766,1992.0,0.2646805942058563,18
c5_006,5,-90.035435,21.154809951782227,1992.0,0.24696609377861023,18
c5_015,5,-89.942738,21.172864,1992.0,0.40069055557250977,18
c5_018,5,-90.0685806274414,21.152385,1992.0,0.29770591855049133,18
c5_026,5,-89.998248,21.172326,1992.0,0.6624881625175476,18
c5_033,5,-90.01980590820312,21.156966,1992.0,0.35535722970962524,18
c5_036,5,-90.041902,21.15750503540039,1992.0,0.305711954832077,18
c5_039,5,-90.060496,21.15642738342285,1992.0,0.32069578766822815,18
c5_005,5,-90.041633,21.159929275512695,1992.0,0.3855355679988861,18
c5_009,5,-90.038938,21.154271,1992.0,0.2937677502632141,18
c5_019,5,-90.057262,21.155349,1992.0,0.18201103806495667,18
c5_021,5,-90.089598,21.148073196411133,1992.0,0.29936766624450684,18
c5_030,5,-90.071814,21.151845932006836,1992.0,0.2866286635398865,18
c5_031,5,-90.003099,21.155618,1992.0,0.2853390574455261,18
c5_035,5,-90.095527,21.151845932006836,1992.0,0.4055321216583252,18
c5_037,5,-89.996632,21.160469,1992.0,0.3227522671222687,18
c5_023,5,-89.978038,21.180139541625977,1992.0,0.5054216980934143,18
c5_017,5,-90.040555,21.145917892456055,1992.0,0.4169125556945801,18
c5_027,5,-90.08879089355469,21.150768280029297,1992.0,0.47078758478164673,18
c5_047,5,-90.001213,21.154541015625,1992.0,0.547548234462738,18
c5_048,5,-90.028429,21.156696319580078,1992.0,0.26056230068206787,18
c5_029,5,-90.090407,21.149421,1992.0,0.3879390060901642,18
c5_032,5,-90.079359,21.150768280029297,1992.0,0.35153666138648987,18
c5_038,5,-90.04082489013672,21.156966,1992.0,0.25581395626068115,18
c5_046,5,-90.067233,21.152114868164062,1992.0,0.3047415018081665,18
c5_028,5,-90.095527,21.150499,1992.0,0.3452211022377014,18
c5_044,5,-89.973188,21.183374404907227,1992.0,0.5584462285041809,18
c5_042,5,-90.08124542236328,21.149421,1992.0,0.3412257432937622,18
c5_007,5,-90.021962,21.143491744995117,1992.0,0.6399922370910645,18
c10_001,3,-90.028968,21.158313,1992.0,0.22697418928146362,18
c10_005,3,-89.954594,21.163972,1992.0,0.3544681966304779,18
c10_002,3,-90.033549,21.15858268737793,1992.0,0.3049064874649048,18
c10_003,3,-90.030046,21.158044,1992.0,0.24696609377861023,18
c10_004,3,-90.029507,21.157773971557617,1992.0,0.23829229176044464,18
c10_006,3,-90.03301239013672,21.159122467041016,1992.0,0.27105340361595154,18
c10_007,3,-90.03301239013672,21.158044,1992.0,0.305711954832077,18
c10_009,3,-90.032741,21.15858268737793,1992.0,0.31368911266326904,18
c10_010,3,-90.030585,21.158044,1992.0,0.27139005064964294,18
c10_008,3,-89.95405578613281,21.163972,1992.0,0.3422601819038391,18
c1_051,1,-90.064538,21.118162155151367,1992.0,0.6596415042877197,18
c1_052,1,-90.05322265625,21.112234115600586,1992.0,0.701888382434845,18
c1_053,1,-90.068041,21.142953,1992.0,0.6812652945518494,18
c1_054,1,-90.00040435791016,21.124359130859375,1992.0,0.618460476398468,18
c1_055,1,-90.049178,21.1402587890625,1992.0,0.698344349861145,18
c2_051,2,-90.111695,21.123821258544922,1992.0,0.57989501953125,18
c2_052,2,-90.02277374267578,21.139720916748047,1992.0,0.5883659720420837,18
c2_053,2,-89.941929,21.138911,1992.0,0.7417786717414856,18
c2_054,2,-89.950013,21.130019,1992.0,0.7366167902946472,18
c2_055,2,-90.106306,21.128941,1992.0,0.6296345591545105,18
c3_062,3,-90.086634,21.149690628051758,1992.0,0.30598926544189453,18
c3_051,3,-90.010914,21.144301,1992.0,0.7404496073722839,18
c3_055,3,-90.079359,21.150499,1992.0,0.3879390060901642,18
c3_058,3,-90.000943,21.171248,1992.0,0.6199615597724915,18
c3_052,3,-90.094179,21.114929,1992.0,0.633284330368042,18
c3_059,3,-90.039208,21.1402587890625,1992.0,0.7168123722076416,18
c3_053,3,-90.013608,21.152114868164062,1992.0,0.7941907644271851,18
c3_060,3,-89.958906,21.12489891052246,1992.0,0.8162611722946167,18
c3_057,3,-90.058071,21.159929275512695,1992.0,0.7739407420158386,18
c3_061,3,-89.973457,21.138911,1992.0,0.7149912714958191,18
c3_064,3,-89.989625,21.149959564208984,1992.0,0.575545072555542,18
c3_063,3,-90.030046,21.125707,1992.0,0.7678927779197693,18
c3_065,3,-89.972379,21.162086486816406,1992.0,0.7557404637336731,18
c3_054,3,-90.029237,21.101455,1992.0,0.7382292747497559,18
c3_056,3,-90.008758,21.114120483398438,1992.0,0.7085989117622375,18
c4_051,4,-89.958906,21.191997,1992.0,0.20821011066436768,18
c4_052,4,-89.957828,21.178254,1992.0,0.31968843936920166,18
c4_053,4,-89.994476,21.172864,1992.0,0.1713559627532959,18
c4_054,4,-89.994745,21.168822,1992.0,0.06737209111452103,18
c4_055,4,-90.0025634765625,21.169631,1992.0,0.10278304666280746,18
c1_001,1,-90.056184,21.12301254272461,1993.0,0.7728602886199951,50
c1_002,1,-89.984506,21.126246,1993.0,0.7837343215942383,50
c1_003,1,-90.070197,21.140798,1993.0,0.730955958366394,50
c1_004,1,-90.057801,21.145648,1993.0,0.8220398426055908,50
c1_005,1,-90.024926,21.145379,1993.0,0.6740894913673401,50
c1_006,1,-89.979386,21.130288,1993.0,0.7575106024742126,50
c1_007,1,-90.08636474609375,21.137025,1993.0,0.8277137279510498,50
c1_008,1,-89.952169,21.14322280883789,1993.0,0.8085804581642151,50
c1_009,1,-90.055106,21.138911,1993.0,0.6327196359634399,50
c1_010,1,-89.945702,21.14322280883789,1993.0,0.8092928528785706,50
c1_011,1,-89.958098,21.149151,1993.0,0.8013116121292114,50
c1_012,1,-90.036783,21.117354,1993.0,0.8360253572463989,50
c1_013,1,-90.113042,21.085018157958984,1993.0,0.8193649053573608,50
c1_014,1,-89.944085,21.154002,1993.0,0.8114342093467712,50
c1_015,1,-90.065885,21.113581,1993.0,0.7355867028236389,50
c1_016,1,-90.064538,21.121126174926758,1993.0,0.7814012765884399,50
c1_017,1,-90.01280212402344,21.122474,1993.0,0.8162716627120972,50
c1_018,1,-90.013608,21.150499,1993.0,0.8310869932174683,50
c1_019,1,-90.075856,21.141876220703125,1993.0,0.7796186208724976,50
c1_020,1,-90.063729,21.119510650634766,1993.0,0.7366770505905151,50
c1_021,1,-90.112234,21.128671646118164,1993.0,0.6706393361091614,50
c1_022,1,-89.970224,21.131635665893555,1993.0,0.7503437995910645,50
c1_023,1,-90.049448,21.111425399780273,1993.0,0.7617712020874023,50
c1_024,1,-90.076933,21.135408401489258,1993.0,0.7813617587089539,50
c1_025,1,-90.09391021728516,21.143762,1993.0,0.8105916976928711,50
c1_026,1,-89.940852,21.145917892456055,1993.0,0.8398990035057068,50
c1_027,1,-89.945163,21.154002,1993.0,0.8170856833457947,50
c1_028,1,-90.098491,21.127324,1993.0,0.8024886846542358,50
c1_029,1,-90.003368,21.149421,1993.0,0.8085294365882874,50
c1_030,1,-89.972918,21.124629,1993.0,0.8014430999755859,50
c1_031,1,-90.003907,21.124359130859375,1993.0,0.7685462236404419,50
c1_032,1,-90.066694,21.0987606048584,1993.0,0.8260574340820312,50
c1_033,1,-89.994745,21.123552322387695,1993.0,0.7234114408493042,50
c1_034,1,-90.08879089355469,21.142953,1993.0,0.7971668839454651,50
c1_035,1,-90.063191,21.110887,1993.0,0.7756659388542175,50
c1_036,1,-89.960523,21.137563705444336,1993.0,0.8111892342567444,50
c1_037,1,-90.094179,21.093371,1993.0,0.7963315844535828,50
c1_038,1,-90.0025634765625,21.122743,1993.0,0.7702925801277161,50
c1_039,1,-90.051334,21.132714,1993.0,0.6979531645774841,50
c1_040,1,-90.066694,21.13837242126465,1993.0,0.6178857088088989,50
c1_041,1,-90.116815,21.0882511138916,1993.0,0.7794502377510071,50
c1_042,1,-90.057801,21.148612,1993.0,0.8264766335487366,50
c1_043,1,-90.080706,21.141876220703125,1993.0,0.8082363605499268,50
c1_044,1,-89.947319,21.188493728637695,1993.0,0.8037048578262329,50
c1_045,1,-89.981811,21.124091,1993.0,0.8117865324020386,50
c1_046,1,-90.058879,21.128671646118164,1993.0,0.737122118473053,50
c1_047,1,-90.075317,21.10361099243164,1993.0,0.8015894293785095,50
c1_048,1,-90.003638,21.150768280029297,1993.0,0.8036779165267944,50
c1_049,1,-90.026543,21.122743,1993.0,0.7979989051818848,50
c1_050,1,-90.108731,21.117623,1993.0,0.8351449966430664,50
c2_001,2,-89.960253,21.154002,1993.0,0.7306808829307556,50
c2_002,2,-90.117623,21.133522033691406,1993.0,0.7070057988166809,50
c2_003,2,-90.07881927490234,21.09229278564453,1993.0,0.7771601676940918,50
c2_004,2,-89.978847,21.15022850036621,1993.0,0.7890865206718445,50
c2_005,2,-90.089329,21.09364128112793,1993.0,0.8272408843040466,50
c2_006,2,-90.11412048339844,21.100377,1993.0,0.7208075523376465,50
c2_007,2,-90.106036,21.131635665893555,1993.0,0.7698250412940979,50
c2_008,2,-90.001213,21.145379,1993.0,0.8032488822937012,50
c2_009,2,-89.963217,21.183913,1993.0,0.5684950947761536,50
c2_010,2,-90.10226440429688,21.144301,1993.0,0.716862678527832,50
c2_011,2,-89.958636,21.125438,1993.0,0.7840784788131714,50
c2_012,2,-90.097413,21.149959564208984,1993.0,0.7082586884498596,50
c2_013,2,-90.100647,21.106845,1993.0,0.7410869002342224,50
c2_014,2,-90.04594421386719,21.111156463623047,1993.0,0.637347936630249,50
c2_015,2,-90.068849,21.102802276611328,1993.0,0.8452995419502258,50
c2_016,2,-90.118162,21.135947,1993.0,0.6954242587089539,50
c2_017,2,-89.96214294433594,21.120587,1993.0,0.8232030272483826,50
c2_018,2,-89.981541,21.148343,1993.0,0.7606426477432251,50
c2_019,2,-90.041364,21.101186,1993.0,0.8245618343353271,50
c2_020,2,-90.082592,21.10064697265625,1993.0,0.8345942497253418,50
c2_021,2,-89.945163,21.161008,1993.0,0.7486571669578552,50
c2_022,2,-90.01280212402344,21.118162155151367,1993.0,0.7817627787590027,50
c2_023,2,-89.94165802001953,21.17879295349121,1993.0,0.6474046111106873,50
c2_024,2,-89.940043,21.179332,1993.0,0.7233715653419495,50
c2_025,2,-89.942199,21.169092178344727,1993.0,0.7278256416320801,50
c2_026,2,-90.04837036132812,21.15858268737793,1993.0,0.6143692135810852,50
c2_027,2,-90.018189,21.155078887939453,1993.0,0.6479211449623108,50
c2_028,2,-90.018998,21.118701,1993.0,0.7547434568405151,50
c2_029,2,-89.960253,21.166936,1993.0,0.8371687531471252,50
c2_030,2,-90.08636474609375,21.13918113708496,1993.0,0.8704696297645569,50
c2_031,2,-90.006871,21.167745,1993.0,0.4581049978733063,50
c2_032,2,-89.9599838256836,21.15750503540039,1993.0,0.6535886526107788,50
c2_033,2,-90.052412,21.115737,1993.0,0.7549272775650024,50
c2_034,2,-90.075586,21.099569,1993.0,0.752557098865509,50
c2_035,2,-90.108731,21.095796,1993.0,0.7165833115577698,50
c2_036,2,-90.026543,21.155078887939453,1993.0,0.8735036253929138,50
c2_037,2,-90.006871,21.131097,1993.0,0.7868248820304871,50
c2_038,2,-90.080167,21.099838256835938,1993.0,0.8192281126976013,50
c2_039,2,-89.947588,21.136486053466797,1993.0,0.8234401941299438,50
c2_040,2,-90.061304,21.10468864440918,1993.0,0.8156849145889282,50
c2_041,2,-90.075856,21.134868621826172,1993.0,0.7974332571029663,50
c2_042,2,-89.99959564208984,21.12004852294922,1993.0,0.7637826800346375,50
c2_043,2,-90.101725,21.08043670654297,1993.0,0.7928645014762878,50
c2_044,2,-90.026004,21.113851,1993.0,0.8243672251701355,50
c2_045,2,-90.118162,21.129209518432617,1993.0,0.785699188709259,50
c2_046,2,-89.94139099121094,21.172056198120117,1993.0,0.7739611268043518,50
c2_047,2,-89.969685,21.1402587890625,1993.0,0.8291060924530029,50
c2_048,2,-90.1038818359375,21.095527,1993.0,0.7162870168685913,50
c2_049,2,-89.99231719970703,21.149690628051758,1993.0,0.7190923690795898,50
c2_050,2,-89.950822,21.121396,1993.0,0.8312634229660034,50
c3_045,3,-89.992859,21.161815643310547,1993.0,0.22252963483333588,50
c3_003,3,-90.034357,21.15858268737793,1993.0,0.11332304775714874,50
c3_026,3,-89.986931,21.149959564208984,1993.0,0.8251236081123352,50
c3_008,3,-90.084209,21.151576,1993.0,0.45616742968559265,50
c3_017,3,-89.970493,21.159929275512695,1993.0,0.7203848361968994,50
c3_004,3,-89.982619,21.180679,1993.0,0.8449378609657288,50
c3_040,3,-89.9742660522461,21.185529708862305,1993.0,0.8462064862251282,50
c3_024,3,-89.97722625732422,21.183913,1993.0,0.8451710343360901,50
c3_013,3,-89.995823,21.13837242126465,1993.0,0.8096734881401062,50
c3_018,3,-90.062113,21.107114,1993.0,0.8603371381759644,50
c3_007,3,-90.088521,21.146995,1993.0,0.4734141230583191,50
c3_014,3,-89.951361,21.199003219604492,1993.0,0.793540358543396,50
c3_042,3,-89.950283,21.199003219604492,1993.0,0.7544758915901184,50
c3_029,3,-90.000135,21.137563705444336,1993.0,0.7194097638130188,50
c3_005,3,-90.003638,21.111964,1993.0,0.7871430516242981,50
c3_022,3,-90.005524,21.112503051757812,1993.0,0.7871604561805725,50
c3_002,3,-89.953786,21.197656,1993.0,0.7404749989509583,50
c3_015,3,-89.940852,21.162086486816406,1993.0,0.7465477585792542,50
c3_020,3,-90.016842,21.116006,1993.0,0.8115546107292175,50
c3_027,3,-89.982619,21.149421,1993.0,0.7192180156707764,50
c3_030,3,-89.942738,21.1674747467041,1993.0,0.7771922945976257,50
c3_050,3,-89.941929,21.168553,1993.0,0.6621432304382324,50
c3_009,3,-89.986392,21.149959564208984,1993.0,0.8181210160255432,50
c3_033,3,-90.039208,21.102802276611328,1993.0,0.7737948894500732,50
c3_038,3,-89.976152,21.169361114501953,1993.0,0.7243416905403137,50
c3_023,3,-89.97183990478516,21.169361114501953,1993.0,0.7091543674468994,50
c3_032,3,-90.00040435791016,21.138642,1993.0,0.7698157429695129,50
c3_046,3,-89.994476,21.137832641601562,1993.0,0.6210211515426636,50
c3_025,3,-89.947049,21.157235,1993.0,0.783102810382843,50
c3_028,3,-89.976421,21.165858,1993.0,0.7847895622253418,50
c3_036,3,-89.95189666748047,21.162894,1993.0,0.7382271885871887,50
c3_021,3,-90.007141,21.131635665893555,1993.0,0.7475330829620361,50
c3_035,3,-90.000943,21.144569396972656,1993.0,0.7861005663871765,50
c3_037,3,-89.97183990478516,21.162086486816406,1993.0,0.798811137676239,50
c3_039,3,-89.976691,21.168283462524414,1993.0,0.7025068998336792,50
c3_041,3,-89.973996,21.137563705444336,1993.0,0.766694188117981,50
c3_034,3,-90.041364,21.1402587890625,1993.0,0.635959804058075,50
c3_047,3,-90.028698,21.126246,1993.0,0.7985251545906067,50
c3_048,3,-90.030315,21.124359130859375,1993.0,0.762897789478302,50
c3_011,3,-90.035974,21.099299,1993.0,0.7665759921073914,50
c3_001,3,-90.080437,21.100377,1993.0,0.8027796149253845,50
c3_006,3,-89.94677734375,21.202237,1993.0,0.8503594994544983,50
c3_019,3,-89.958367,21.172056198120117,1993.0,0.7976143956184387,50
c3_031,3,-90.00740814208984,21.113042,1993.0,0.8143211007118225,50
c3_010,3,-90.01252746582031,21.114659,1993.0,0.7956269383430481,50
c3_012,3,-90.00768280029297,21.114389419555664,1993.0,0.7380058765411377,50
c3_016,3,-90.045675,21.097951889038086,1993.0,0.7176032662391663,50
c3_043,3,-89.967259,21.189841,1993.0,0.8417984247207642,50
c3_044,3,-90.046214,21.097413,1993.0,0.7588812112808228,50
c3_049,3,-90.016033,21.116006,1993.0,0.7867757081985474,50
c4_001,4,-90.002021,21.168822,1993.0,0.32966378331184387,50
c4_002,4,-90.013878,21.166397094726562,1993.0,0.17500951886177063,50
c4_003,4,-90.040286,21.149421,1993.0,0.4416179358959198,50
c4_004,4,-89.94139099121094,21.181487,1993.0,0.3363071382045746,50
c4_005,4,-89.967529,21.183643341064453,1993.0,0.26208919286727905,50
c4_006,4,-89.943277,21.200620651245117,1993.0,0.32996654510498047,50
c4_007,4,-89.968068,21.171248,1993.0,0.4040474593639374,50
c4_008,4,-90.035705,21.15346336364746,1993.0,0.3055351972579956,50
c4_009,4,-89.967798,21.179332,1993.0,0.011727137491106987,50
c4_010,4,-89.949205,21.194961,1993.0,0.4186474680900574,50
c4_011,4,-89.943007,21.202506,1993.0,0.25192275643348694,50
c4_012,4,-89.945163,21.199811,1993.0,0.22199776768684387,50
c4_013,4,-89.972379,21.174481,1993.0,0.054194074124097824,50
c4_014,4,-90.041633,21.148612,1993.0,0.4351344406604767,50
c4_015,4,-89.960792,21.190380096435547,1993.0,0.07522094249725342,50
c4_016,4,-89.958098,21.184452056884766,1993.0,0.2857886850833893,50
c4_017,4,-90.074239,21.133790969848633,1993.0,0.5783658623695374,50
c4_018,4,-89.950822,21.1922664642334,1993.0,0.1395741105079651,50
c4_019,4,-89.996901,21.149959564208984,1993.0,0.39485594630241394,50
c4_020,4,-89.960523,21.186338424682617,1993.0,0.34423866868019104,50
c4_021,4,-89.9465103149414,21.185529708862305,1993.0,0.36283332109451294,50
c4_022,4,-89.957828,21.185529708862305,1993.0,0.1553947478532791,50
c4_023,4,-90.035705,21.144301,1993.0,0.575564980506897,50
c4_024,4,-90.022501,21.156966,1993.0,0.17529070377349854,50
c4_025,4,-89.981002,21.165319,1993.0,0.2898309528827667,50
c4_026,4,-90.027621,21.162355422973633,1993.0,0.10161462426185608,50
c4_027,4,-89.949475,21.19415283203125,1993.0,-0.011467790231108665,50
c4_028,4,-89.940852,21.201428,1993.0,0.5449961423873901,50
c4_029,4,-89.961601,21.190919,1993.0,0.3201148808002472,50
c4_030,4,-90.041364,21.151576,1993.0,0.6952511072158813,50
c4_031,4,-90.062382,21.153732299804688,1993.0,0.26626062393188477,50
c4_032,4,-89.944085,21.193883,1993.0,0.4336155354976654,50
c4_033,4,-89.981811,21.164511,1993.0,0.3799319863319397,50
c4_034,4,-89.940313,21.199811,1993.0,0.06885338574647903,50
c4_035,4,-90.072622,21.132714,1993.0,0.7126205563545227,50
c4_036,4,-89.942738,21.183643341064453,1993.0,0.33510345220565796,50
c4_037,4,-89.9742660522461,21.173673,1993.0,0.4194777309894562,50
c4_038,4,-89.966451,21.182565,1993.0,0.3659675121307373,50
c4_039,4,-90.014147,21.163972,1993.0,-0.056684959679841995,50
c4_040,4,-89.944355,21.201428,1993.0,0.23043659329414368,50
c4_041,4,-90.011183,21.148881912231445,1993.0,0.5640020966529846,50
c4_042,4,-90.071814,21.131635665893555,1993.0,0.5506991147994995,50
c4_043,4,-90.11438751220703,21.11061668395996,1993.0,0.7149149775505066,50
c4_044,4,-89.956481,21.189302444458008,1993.0,0.20608794689178467,50
c4_045,4,-90.036513,21.153732299804688,1993.0,0.20740050077438354,50
c4_046,4,-89.98235321044922,21.169092178344727,1993.0,0.6426039934158325,50
c4_047,4,-89.992859,21.172864,1993.0,0.36463242769241333,50
c4_048,4,-89.948127,21.191457748413086,1993.0,0.2907938063144684,50
c4_049,4,-90.1195068359375,21.108461380004883,1993.0,0.7029873132705688,50
c4_050,4,-90.094718,21.12301254272461,1993.0,0.3888472616672516,50
c5_045,5,-90.018998,21.166128158569336,1993.0,0.37006911635398865,50
c5_008,5,-90.034357,21.155618,1993.0,0.257362425327301,50
c5_010,5,-89.957289,21.163703,1993.0,0.4631248712539673,50
c5_011,5,-90.004985,21.156696319580078,1993.0,0.2056044191122055,50
c5_012,5,-90.066424,21.154809951782227,1993.0,0.3186558485031128,50
c5_014,5,-90.006871,21.155887603759766,1993.0,0.212934672832489,50
c5_016,5,-90.002829,21.15642738342285,1993.0,0.30505433678627014,50
c5_022,5,-90.044597,21.154809951782227,1993.0,0.27875450253486633,50
c5_024,5,-89.995284,21.15642738342285,1993.0,0.20540741086006165,50
c5_003,5,-90.056993,21.154541015625,1993.0,0.33619365096092224,50
c5_013,5,-90.020614,21.157235,1993.0,0.18810737133026123,50
c5_020,5,-90.027621,21.156966,1993.0,0.1913231760263443,50
c5_025,5,-90.03301239013672,21.15966033935547,1993.0,-0.092207171022892,50
c5_034,5,-90.012261,21.166397094726562,1993.0,0.22325514256954193,50
c5_040,5,-90.069658,21.154541015625,1993.0,0.2994953691959381,50
c5_041,5,-89.998787,21.156156539916992,1993.0,0.2650504410266876,50
c5_043,5,-90.113042,21.13729476928711,1993.0,0.5823441743850708,50
c5_002,5,-90.042172,21.156156539916992,1993.0,0.21831944584846497,50
c5_004,5,-90.034088,21.156966,1993.0,0.22970053553581238,50
c5_001,5,-89.996093,21.155887603759766,1993.0,0.3126116693019867,50
c5_006,5,-90.035435,21.154809951782227,1993.0,0.26611167192459106,50
c5_015,5,-89.942738,21.172864,1993.0,0.6130170226097107,50
c5_018,5,-90.0685806274414,21.152385,1993.0,0.4062653183937073,50
c5_026,5,-89.998248,21.172326,1993.0,0.7967018485069275,50
c5_033,5,-90.01980590820312,21.156966,1993.0,0.30140364170074463,50
c5_036,5,-90.041902,21.15750503540039,1993.0,0.3124692142009735,50
c5_039,5,-90.060496,21.15642738342285,1993.0,0.4062653183937073,50
c5_005,5,-90.041633,21.159929275512695,1993.0,0.46213746070861816,50
c5_009,5,-90.038938,21.154271,1993.0,0.25841662287712097,50
c5_019,5,-90.057262,21.155349,1993.0,0.31817176938056946,50
c5_021,5,-90.089598,21.148073196411133,1993.0,0.3853869140148163,50
c5_030,5,-90.071814,21.151845932006836,1993.0,0.37763845920562744,50
c5_031,5,-90.003099,21.155618,1993.0,0.36324143409729004,50
c5_035,5,-90.095527,21.151845932006836,1993.0,0.5060742497444153,50
c5_037,5,-89.996632,21.160469,1993.0,0.6345109343528748,50
c5_023,5,-89.978038,21.180139541625977,1993.0,0.6137058138847351,50
c5_017,5,-90.040555,21.145917892456055,1993.0,0.47789156436920166,50
c5_027,5,-90.08879089355469,21.150768280029297,1993.0,0.7136014699935913,50
c5_047,5,-90.001213,21.154541015625,1993.0,0.7250803709030151,50
c5_048,5,-90.028429,21.156696319580078,1993.0,0.2614123821258545,50
c5_029,5,-90.090407,21.149421,1993.0,0.5110781192779541,50
c5_032,5,-90.079359,21.150768280029297,1993.0,0.40672630071640015,50
c5_038,5,-90.04082489013672,21.156966,1993.0,0.26836302876472473,50
c5_046,5,-90.067233,21.152114868164062,1993.0,0.43604665994644165,50
c5_028,5,-90.095527,21.150499,1993.0,0.5052949786186218,50
c5_044,5,-89.973188,21.183374404907227,1993.0,0.6244248151779175,50
c5_042,5,-90.08124542236328,21.149421,1993.0,0.5300585627555847,50
c5_007,5,-90.021962,21.143491744995117,1993.0,0.680871307849884,50
c10_001,3,-90.028968,21.158313,1993.0,0.09897943586111069,50
c10_005,3,-89.954594,21.163972,1993.0,0.5127695798873901,50
c10_002,3,-90.033549,21.15858268737793,1993.0,0.1104709655046463,50
c10_003,3,-90.030046,21.158044,1993.0,0.2209155112504959,50
c10_004,3,-90.029507,21.157773971557617,1993.0,0.25206759572029114,50
c10_006,3,-90.03301239013672,21.159122467041016,1993.0,0.09535257518291473,50
c10_007,3,-90.03301239013672,21.158044,1993.0,0.1572195440530777,50
c10_009,3,-90.032741,21.15858268737793,1993.0,0.13108891248703003,50
c10_010,3,-90.030585,21.158044,1993.0,0.16448722779750824,50
c10_008,3,-89.95405578613281,21.163972,1993.0,0.445595920085907,50
c1_051,1,-90.064538,21.118162155151367,1993.0,0.7326747179031372,50
c1_052,1,-90.05322265625,21.112234115600586,1993.0,0.7563490271568298,50
c1_053,1,-90.068041,21.142953,1993.0,0.7388680577278137,50
c1_054,1,-90.00040435791016,21.124359130859375,1993.0,0.7682734727859497,50
c1_055,1,-90.049178,21.1402587890625,1993.0,0.7509799003601074,50
c2_051,2,-90.111695,21.123821258544922,1993.0,0.7473364472389221,50
c2_052,2,-90.02277374267578,21.139720916748047,1993.0,0.6366989612579346,50
c2_053,2,-89.941929,21.138911,1993.0,0.8312864303588867,50
c2_054,2,-89.950013,21.130019,1993.0,0.8464002013206482,50
c2_055,2,-90.106306,21.128941,1993.0,0.8209521174430847,50
c3_062,3,-90.086634,21.149690628051758,1993.0,0.4620053470134735,50
c3_051,3,-90.010914,21.144301,1993.0,0.7950960993766785,50
c3_055,3,-90.079359,21.150499,1993.0,0.40639835596084595,50
c3_058,3,-90.000943,21.171248,1993.0,0.7979636788368225,50
c3_052,3,-90.094179,21.114929,1993.0,0.7008169293403625,50
c3_059,3,-90.039208,21.1402587890625,1993.0,0.7909649014472961,50
c3_053,3,-90.013608,21.152114868164062,1993.0,0.8572952747344971,50
c3_060,3,-89.958906,21.12489891052246,1993.0,0.8514164090156555,50
c3_057,3,-90.058071,21.159929275512695,1993.0,0.8329245448112488,50
c3_061,3,-89.973457,21.138911,1993.0,0.7777966260910034,50
c3_064,3,-89.989625,21.149959564208984,1993.0,0.7496859431266785,50
c3_063,3,-90.030046,21.125707,1993.0,0.7259747982025146,50
c3_065,3,-89.972379,21.162086486816406,1993.0,0.7901445031166077,50
c3_054,3,-90.029237,21.101455,1993.0,0.811622679233551,50
c3_056,3,-90.008758,21.114120483398438,1993.0,0.7771922945976257,50
c4_051,4,-89.958906,21.191997,1993.0,0.3702503740787506,50
c4_052,4,-89.957828,21.178254,1993.0,0.32897812128067017,50
c4_053,4,-89.994476,21.172864,1993.0,0.2117815613746643,50
c4_054,4,-89.994745,21.168822,1993.0,-0.013465859927237034,50
c4_055,4,-90.0025634765625,21.169631,1993.0,0.06841770559549332,50
c1_001,1,-90.056184,21.12301254272461,1994.0,0.7769503593444824,53
c1_002,1,-89.984506,21.126246,1994.0,0.7997710108757019,53
c1_003,1,-90.070197,21.140798,1994.0,0.7989277243614197,53
c1_004,1,-90.057801,21.145648,1994.0,0.8470333814620972,53
c1_005,1,-90.024926,21.145379,1994.0,0.7095534801483154,53
c1_006,1,-89.979386,21.130288,1994.0,0.7686234712600708,53
c1_007,1,-90.08636474609375,21.137025,1994.0,0.8207533359527588,53
c1_008,1,-89.952169,21.14322280883789,1994.0,0.7730477452278137,53
c1_009,1,-90.055106,21.138911,1994.0,0.7546217441558838,53
c1_010,1,-89.945702,21.14322280883789,1994.0,0.7896241545677185,53
c1_011,1,-89.958098,21.149151,1994.0,0.8005906343460083,53
c1_012,1,-90.036783,21.117354,1994.0,0.8150114417076111,53
c1_013,1,-90.113042,21.085018157958984,1994.0,0.8184899687767029,53
c1_014,1,-89.944085,21.154002,1994.0,0.8336291909217834,53
c1_015,1,-90.065885,21.113581,1994.0,0.7773057222366333,53
c1_016,1,-90.064538,21.121126174926758,1994.0,0.8130975365638733,53
c1_017,1,-90.01280212402344,21.122474,1994.0,0.7622848153114319,53
c1_018,1,-90.013608,21.150499,1994.0,0.8498166799545288,53
c1_019,1,-90.075856,21.141876220703125,1994.0,0.8230024576187134,53
c1_020,1,-90.063729,21.119510650634766,1994.0,0.8023334741592407,53
c1_021,1,-90.112234,21.128671646118164,1994.0,0.6760846376419067,53
c1_022,1,-89.970224,21.131635665893555,1994.0,0.7281336784362793,53
c1_023,1,-90.049448,21.111425399780273,1994.0,0.746774435043335,53
c1_024,1,-90.076933,21.135408401489258,1994.0,0.7994378805160522,53
c1_025,1,-90.09391021728516,21.143762,1994.0,0.8394550085067749,53
c1_026,1,-89.940852,21.145917892456055,1994.0,0.787858247756958,53
c1_027,1,-89.945163,21.154002,1994.0,0.8088542819023132,53
c1_028,1,-90.098491,21.127324,1994.0,0.8090474009513855,53
c1_029,1,-90.003368,21.149421,1994.0,0.7653844356536865,53
c1_030,1,-89.972918,21.124629,1994.0,0.7797625660896301,53
c1_031,1,-90.003907,21.124359130859375,1994.0,0.7591765522956848,53
c1_032,1,-90.066694,21.0987606048584,1994.0,0.7878929972648621,53
c1_033,1,-89.994745,21.123552322387695,1994.0,0.7523627281188965,53
c1_034,1,-90.08879089355469,21.142953,1994.0,0.7961565256118774,53
c1_035,1,-90.063191,21.110887,1994.0,0.7949039340019226,53
c1_036,1,-89.960523,21.137563705444336,1994.0,0.8183253407478333,53
c1_037,1,-90.094179,21.093371,1994.0,0.7792080640792847,53
c1_038,1,-90.0025634765625,21.122743,1994.0,0.7462499141693115,53
c1_039,1,-90.051334,21.132714,1994.0,0.7445992231369019,53
c1_040,1,-90.066694,21.13837242126465,1994.0,0.7312608361244202,53
c1_041,1,-90.116815,21.0882511138916,1994.0,0.7891097664833069,53
c1_042,1,-90.057801,21.148612,1994.0,0.8461538553237915,53
c1_043,1,-90.080706,21.141876220703125,1994.0,0.7818124890327454,53
c1_044,1,-89.947319,21.188493728637695,1994.0,0.7306783199310303,53
c1_045,1,-89.981811,21.124091,1994.0,0.8368765711784363,53
c1_046,1,-90.058879,21.128671646118164,1994.0,0.7724711298942566,53
c1_047,1,-90.075317,21.10361099243164,1994.0,0.7899042963981628,53
c1_048,1,-90.003638,21.150768280029297,1994.0,0.7879242300987244,53
c1_049,1,-90.026543,21.122743,1994.0,0.8208779692649841,53
c1_050,1,-90.108731,21.117623,1994.0,0.8092800378799438,53
c2_001,2,-89.960253,21.154002,1994.0,0.722287654876709,53
c2_002,2,-90.117623,21.133522033691406,1994.0,0.6796082854270935,53
c2_003,2,-90.07881927490234,21.09229278564453,1994.0,0.7658264636993408,53
c2_004,2,-89.978847,21.15022850036621,1994.0,0.7706121206283569,53
c2_005,2,-90.089329,21.09364128112793,1994.0,0.8384489417076111,53
c2_006,2,-90.11412048339844,21.100377,1994.0,0.708878219127655,53
c2_007,2,-90.106036,21.131635665893555,1994.0,0.8521050810813904,53
c2_008,2,-90.001213,21.145379,1994.0,0.804409921169281,53
c2_009,2,-89.963217,21.183913,1994.0,0.6008734107017517,53
c2_010,2,-90.10226440429688,21.144301,1994.0,0.6967935562133789,53
c2_011,2,-89.958636,21.125438,1994.0,0.7848153710365295,53
c2_012,2,-90.097413,21.149959564208984,1994.0,0.7123403549194336,53
c2_013,2,-90.100647,21.106845,1994.0,0.7401901483535767,53
c2_014,2,-90.04594421386719,21.111156463623047,1994.0,0.6104763746261597,53
c2_015,2,-90.068849,21.102802276611328,1994.0,0.8264345526695251,53
c2_016,2,-90.118162,21.135947,1994.0,0.6435317993164062,53
c2_017,2,-89.96214294433594,21.120587,1994.0,0.8123350739479065,53
c2_018,2,-89.981541,21.148343,1994.0,0.7492124438285828,53
c2_019,2,-90.041364,21.101186,1994.0,0.8019592761993408,53
c2_020,2,-90.082592,21.10064697265625,1994.0,0.8163957595825195,53
c2_021,2,-89.945163,21.161008,1994.0,0.761559784412384,53
c2_022,2,-90.01280212402344,21.118162155151367,1994.0,0.7737723588943481,53
c2_023,2,-89.94165802001953,21.17879295349121,1994.0,0.6617986559867859,53
c2_024,2,-89.940043,21.179332,1994.0,0.7125850915908813,53
c2_025,2,-89.942199,21.169092178344727,1994.0,0.7280610203742981,53
c2_026,2,-90.04837036132812,21.15858268737793,1994.0,0.6023880243301392,53
c2_027,2,-90.018189,21.155078887939453,1994.0,0.7198052406311035,53
c2_028,2,-90.018998,21.118701,1994.0,0.7323265671730042,53
c2_029,2,-89.960253,21.166936,1994.0,0.8043802976608276,53
c2_030,2,-90.08636474609375,21.13918113708496,1994.0,0.8338026404380798,53
c2_031,2,-90.006871,21.167745,1994.0,0.46378058195114136,53
c2_032,2,-89.9599838256836,21.15750503540039,1994.0,0.6229572296142578,53
c2_033,2,-90.052412,21.115737,1994.0,0.7575477361679077,53
c2_034,2,-90.075586,21.099569,1994.0,0.7504592537879944,53
c2_035,2,-90.108731,21.095796,1994.0,0.6938014626502991,53
c2_036,2,-90.026543,21.155078887939453,1994.0,0.84192955493927,53
c2_037,2,-90.006871,21.131097,1994.0,0.7750513553619385,53
c2_038,2,-90.080167,21.099838256835938,1994.0,0.8085623979568481,53
c2_039,2,-89.947588,21.136486053466797,1994.0,0.8277157545089722,53
c2_040,2,-90.061304,21.10468864440918,1994.0,0.7818127274513245,53
c2_041,2,-90.075856,21.134868621826172,1994.0,0.8149022459983826,53
c2_042,2,-89.99959564208984,21.12004852294922,1994.0,0.7476004958152771,53
c2_043,2,-90.101725,21.08043670654297,1994.0,0.7963406443595886,53
c2_044,2,-90.026004,21.113851,1994.0,0.8270690441131592,53
c2_045,2,-90.118162,21.129209518432617,1994.0,0.7835665345191956,53
c2_046,2,-89.94139099121094,21.172056198120117,1994.0,0.7419342994689941,53
c2_047,2,-89.969685,21.1402587890625,1994.0,0.8190618753433228,53
c2_048,2,-90.1038818359375,21.095527,1994.0,0.7663823366165161,53
c2_049,2,-89.99231719970703,21.149690628051758,1994.0,0.7228143215179443,53
c2_050,2,-89.950822,21.121396,1994.0,0.8455764055252075,53
c3_045,3,-89.992859,21.161815643310547,1994.0,0.20471800863742828,53
c3_003,3,-90.034357,21.15858268737793,1994.0,0.15579110383987427,53
c3_026,3,-89.986931,21.149959564208984,1994.0,0.8318527340888977,53
c3_008,3,-90.084209,21.151576,1994.0,0.47699323296546936,53
c3_017,3,-89.970493,21.159929275512695,1994.0,0.6136898398399353,53
c3_004,3,-89.982619,21.180679,1994.0,0.8264862895011902,53
c3_040,3,-89.9742660522461,21.185529708862305,1994.0,0.8285717964172363,53
c3_024,3,-89.97722625732422,21.183913,1994.0,0.8339227437973022,53
c3_013,3,-89.995823,21.13837242126465,1994.0,0.802848219871521,53
c3_018,3,-90.062113,21.107114,1994.0,0.8319499492645264,53
c3_007,3,-90.088521,21.146995,1994.0,0.6585189700126648,53
c3_014,3,-89.951361,21.199003219604492,1994.0,0.7381654381752014,53
c3_042,3,-89.950283,21.199003219604492,1994.0,0.6834148168563843,53
c3_029,3,-90.000135,21.137563705444336,1994.0,0.7346416711807251,53
c3_005,3,-90.003638,21.111964,1994.0,0.7627809047698975,53
c3_022,3,-90.005524,21.112503051757812,1994.0,0.7820093035697937,53
c3_002,3,-89.953786,21.197656,1994.0,0.7042846083641052,53
c3_015,3,-89.940852,21.162086486816406,1994.0,0.7376939654350281,53
c3_020,3,-90.016842,21.116006,1994.0,0.8095268607139587,53
c3_027,3,-89.982619,21.149421,1994.0,0.7176011800765991,53
c3_030,3,-89.942738,21.1674747467041,1994.0,0.7115796804428101,53
c3_050,3,-89.941929,21.168553,1994.0,0.6326850056648254,53
c3_009,3,-89.986392,21.149959564208984,1994.0,0.839978039264679,53
c3_033,3,-90.039208,21.102802276611328,1994.0,0.8018243908882141,53
c3_038,3,-89.976152,21.169361114501953,1994.0,0.7160974144935608,53
c3_023,3,-89.97183990478516,21.169361114501953,1994.0,0.6804394721984863,53
c3_032,3,-90.00040435791016,21.138642,1994.0,0.7113094329833984,53
c3_046,3,-89.994476,21.137832641601562,1994.0,0.6517521739006042,53
c3_025,3,-89.947049,21.157235,1994.0,0.7429571151733398,53
c3_028,3,-89.976421,21.165858,1994.0,0.7886186242103577,53
c3_036,3,-89.95189666748047,21.162894,1994.0,0.7012863159179688,53
c3_021,3,-90.007141,21.131635665893555,1994.0,0.7411075830459595,53
c3_035,3,-90.000943,21.144569396972656,1994.0,0.7894293069839478,53
c3_037,3,-89.97183990478516,21.162086486816406,1994.0,0.7759677767753601,53
c3_039,3,-89.976691,21.168283462524414,1994.0,0.6630362272262573,53
c3_041,3,-89.973996,21.137563705444336,1994.0,0.7502055764198303,53
c3_034,3,-90.041364,21.1402587890625,1994.0,0.6610120534896851,53
c3_047,3,-90.028698,21.126246,1994.0,0.8304322957992554,53
c3_048,3,-90.030315,21.124359130859375,1994.0,0.7570740580558777,53
c3_011,3,-90.035974,21.099299,1994.0,0.7587306499481201,53
c3_001,3,-90.080437,21.100377,1994.0,0.8007166385650635,53
c3_006,3,-89.94677734375,21.202237,1994.0,0.8240411281585693,53
c3_019,3,-89.958367,21.172056198120117,1994.0,0.7978389263153076,53
c3_031,3,-90.00740814208984,21.113042,1994.0,0.7968055009841919,53
c3_010,3,-90.01252746582031,21.114659,1994.0,0.782357931137085,53
c3_012,3,-90.00768280029297,21.114389419555664,1994.0,0.7361858487129211,53
c3_016,3,-90.045675,21.097951889038086,1994.0,0.7045227885246277,53
c3_043,3,-89.967259,21.189841,1994.0,0.8306238055229187,53
c3_044,3,-90.046214,21.097413,1994.0,0.7675539255142212,53
c3_049,3,-90.016033,21.116006,1994.0,0.8009400367736816,53
c4_001,4,-90.002021,21.168822,1994.0,0.21572913229465485,53
c4_002,4,-90.013878,21.166397094726562,1994.0,0.1847032904624939,53
c4_003,4,-90.040286,21.149421,1994.0,0.47973892092704773,53
c4_004,4,-89.94139099121094,21.181487,1994.0,0.2578270137310028,53
c4_005,4,-89.967529,21.183643341064453,1994.0,0.3374168276786804,53
c4_006,4,-89.943277,21.200620651245117,1994.0,0.44636258482933044,53
c4_007,4,-89.968068,21.171248,1994.0,0.48036491870880127,53
c4_008,4,-90.035705,21.15346336364746,1994.0,0.44059881567955017,53
c4_009,4,-89.967798,21.179332,1994.0,0.11345718801021576,53
c4_010,4,-89.949205,21.194961,1994.0,0.5870792269706726,53
c4_011,4,-89.943007,21.202506,1994.0,0.2644258737564087,53
c4_012,4,-89.945163,21.199811,1994.0,0.37593308091163635,53
c4_013,4,-89.972379,21.174481,1994.0,0.11592792719602585,53
c4_014,4,-90.041633,21.148612,1994.0,0.2986345887184143,53
c4_015,4,-89.960792,21.190380096435547,1994.0,0.16440986096858978,53
c4_016,4,-89.958098,21.184452056884766,1994.0,0.427009642124176,53
c4_017,4,-90.074239,21.133790969848633,1994.0,0.581319272518158,53
c4_018,4,-89.950822,21.1922664642334,1994.0,0.15794695913791656,53
c4_019,4,-89.996901,21.149959564208984,1994.0,0.394199013710022,53
c4_020,4,-89.960523,21.186338424682617,1994.0,0.1953444629907608,53
c4_021,4,-89.9465103149414,21.185529708862305,1994.0,0.1291269212961197,53
c4_022,4,-89.957828,21.185529708862305,1994.0,0.18315884470939636,53
c4_023,4,-90.035705,21.144301,1994.0,0.5787737369537354,53
c4_024,4,-90.022501,21.156966,1994.0,0.17556941509246826,53
c4_025,4,-89.981002,21.165319,1994.0,0.4685308635234833,53
c4_026,4,-90.027621,21.162355422973633,1994.0,0.1405411958694458,53
c4_027,4,-89.949475,21.19415283203125,1994.0,0.044477786868810654,53
c4_028,4,-89.940852,21.201428,1994.0,0.4227309823036194,53
c4_029,4,-89.961601,21.190919,1994.0,0.25758156180381775,53
c4_030,4,-90.041364,21.151576,1994.0,0.7240077257156372,53
c4_031,4,-90.062382,21.153732299804688,1994.0,0.2706359624862671,53
c4_032,4,-89.944085,21.193883,1994.0,0.5731265544891357,53
c4_033,4,-89.981811,21.164511,1994.0,0.5182968378067017,53
c4_034,4,-89.940313,21.199811,1994.0,0.22295933961868286,53
c4_035,4,-90.072622,21.132714,1994.0,0.6412032842636108,53
c4_036,4,-89.942738,21.183643341064453,1994.0,0.24429526925086975,53
c4_037,4,-89.9742660522461,21.173673,1994.0,0.47735339403152466,53
c4_038,4,-89.966451,21.182565,1994.0,0.2400832623243332,53
c4_039,4,-90.014147,21.163972,1994.0,0.05406525731086731,53
c4_040,4,-89.944355,21.201428,1994.0,0.33847856521606445,53
c4_041,4,-90.011183,21.148881912231445,1994.0,0.6285954117774963,53
c4_042,4,-90.071814,21.131635665893555,1994.0,0.6824355125427246,53
c4_043,4,-90.11438751220703,21.11061668395996,1994.0,0.7260749340057373,53
c4_044,4,-89.956481,21.189302444458008,1994.0,0.2758309543132782,53
c4_045,4,-90.036513,21.153732299804688,1994.0,0.2839658260345459,53
c4_046,4,-89.98235321044922,21.169092178344727,1994.0,0.6520055532455444,53
c4_047,4,-89.992859,21.172864,1994.0,0.3510129153728485,53
c4_048,4,-89.948127,21.191457748413086,1994.0,0.1508626788854599,53
c4_049,4,-90.1195068359375,21.108461380004883,1994.0,0.7383057475090027,53
c4_050,4,-90.094718,21.12301254272461,1994.0,0.6237000823020935,53
c5_045,5,-90.018998,21.166128158569336,1994.0,0.28024154901504517,53
c5_008,5,-90.034357,21.155618,1994.0,0.2608741819858551,53
c5_010,5,-89.957289,21.163703,1994.0,0.499715656042099,53
c5_011,5,-90.004985,21.156696319580078,1994.0,0.184356227517128,53
c5_012,5,-90.066424,21.154809951782227,1994.0,0.3508736193180084,53
c5_014,5,-90.006871,21.155887603759766,1994.0,0.2562359571456909,53
c5_016,5,-90.002829,21.15642738342285,1994.0,0.36220142245292664,53
c5_022,5,-90.044597,21.154809951782227,1994.0,0.26651981472969055,53
c5_024,5,-89.995284,21.15642738342285,1994.0,0.2810788154602051,53
c5_003,5,-90.056993,21.154541015625,1994.0,0.3164319396018982,53
c5_013,5,-90.020614,21.157235,1994.0,0.27943193912506104,53
c5_020,5,-90.027621,21.156966,1994.0,0.2828253507614136,53
c5_025,5,-90.03301239013672,21.15966033935547,1994.0,0.11145595461130142,53
c5_034,5,-90.012261,21.166397094726562,1994.0,0.4465632438659668,53
c5_040,5,-90.069658,21.154541015625,1994.0,0.2899717688560486,53
c5_041,5,-89.998787,21.156156539916992,1994.0,0.30693864822387695,53
c5_043,5,-90.113042,21.13729476928711,1994.0,0.5956037640571594,53
c5_002,5,-90.042172,21.156156539916992,1994.0,0.19962605834007263,53
c5_004,5,-90.034088,21.156966,1994.0,0.2490917295217514,53
c5_001,5,-89.996093,21.155887603759766,1994.0,0.3958612084388733,53
c5_006,5,-90.035435,21.154809951782227,1994.0,0.2801980972290039,53
c5_015,5,-89.942738,21.172864,1994.0,0.6106902360916138,53
c5_018,5,-90.0685806274414,21.152385,1994.0,0.4068622887134552,53
c5_026,5,-89.998248,21.172326,1994.0,0.7719055414199829,53
c5_033,5,-90.01980590820312,21.156966,1994.0,0.39439690113067627,53
c5_036,5,-90.041902,21.15750503540039,1994.0,0.36164477467536926,53
c5_039,5,-90.060496,21.15642738342285,1994.0,0.39238783717155457,53
c5_005,5,-90.041633,21.159929275512695,1994.0,0.4452430307865143,53
c5_009,5,-90.038938,21.154271,1994.0,0.3317316174507141,53
c5_019,5,-90.057262,21.155349,1994.0,0.3647642135620117,53
c5_021,5,-90.089598,21.148073196411133,1994.0,0.6227031946182251,53
c5_030,5,-90.071814,21.151845932006836,1994.0,0.4264039099216461,53
c5_031,5,-90.003099,21.155618,1994.0,0.4068981111049652,53
c5_035,5,-90.095527,21.151845932006836,1994.0,0.4193941652774811,53
c5_037,5,-89.996632,21.160469,1994.0,0.7016332149505615,53
c5_023,5,-89.978038,21.180139541625977,1994.0,0.4403477609157562,53
c5_017,5,-90.040555,21.145917892456055,1994.0,0.4515126347541809,53
c5_027,5,-90.08879089355469,21.150768280029297,1994.0,0.6533209681510925,53
c5_047,5,-90.001213,21.154541015625,1994.0,0.7203360199928284,53
c5_048,5,-90.028429,21.156696319580078,1994.0,0.31636688113212585,53
c5_029,5,-90.090407,21.149421,1994.0,0.5149010419845581,53
c5_032,5,-90.079359,21.150768280029297,1994.0,0.4536899924278259,53
c5_038,5,-90.04082489013672,21.156966,1994.0,0.30561575293540955,53
c5_046,5,-90.067233,21.152114868164062,1994.0,0.32814159989356995,53
c5_028,5,-90.095527,21.150499,1994.0,0.5211155414581299,53
c5_044,5,-89.973188,21.183374404907227,1994.0,0.5959646105766296,53
c5_042,5,-90.08124542236328,21.149421,1994.0,0.5371666550636292,53
c5_007,5,-90.021962,21.143491744995117,1994.0,0.7120567560195923,53
c10_001,3,-90.028968,21.158313,1994.0,0.18282687664031982,53
c10_005,3,-89.954594,21.163972,1994.0,0.6162326335906982,53
c10_002,3,-90.033549,21.15858268737793,1994.0,0.21371357142925262,53
c10_003,3,-90.030046,21.158044,1994.0,0.22549457848072052,53
c10_004,3,-90.029507,21.157773971557617,1994.0,0.24099858105182648,53
c10_006,3,-90.03301239013672,21.159122467041016,1994.0,0.1950298696756363,53
c10_007,3,-90.03301239013672,21.158044,1994.0,0.30580514669418335,53
c10_009,3,-90.032741,21.15858268737793,1994.0,0.20362436771392822,53
c10_010,3,-90.030585,21.158044,1994.0,0.21852843463420868,53
c10_008,3,-89.95405578613281,21.163972,1994.0,0.5666823387145996,53
c1_051,1,-90.064538,21.118162155151367,1994.0,0.7639803886413574,53
c1_052,1,-90.05322265625,21.112234115600586,1994.0,0.8105822801589966,53
c1_053,1,-90.068041,21.142953,1994.0,0.7626435160636902,53
c1_054,1,-90.00040435791016,21.124359130859375,1994.0,0.7404700517654419,53
c1_055,1,-90.049178,21.1402587890625,1994.0,0.7708547115325928,53
c2_051,2,-90.111695,21.123821258544922,1994.0,0.8127140998840332,53
c2_052,2,-90.02277374267578,21.139720916748047,1994.0,0.6521579027175903,53
c2_053,2,-89.941929,21.138911,1994.0,0.8199819326400757,53
c2_054,2,-89.950013,21.130019,1994.0,0.8144178986549377,53
c2_055,2,-90.106306,21.128941,1994.0,0.8119705319404602,53
c3_062,3,-90.086634,21.149690628051758,1994.0,0.42045921087265015,53
c3_051,3,-90.010914,21.144301,1994.0,0.785442590713501,53
c3_055,3,-90.079359,21.150499,1994.0,0.4536899924278259,53
c3_058,3,-90.000943,21.171248,1994.0,0.7621706128120422,53
c3_052,3,-90.094179,21.114929,1994.0,0.706612229347229,53
c3_059,3,-90.039208,21.1402587890625,1994.0,0.7822884917259216,53
c3_053,3,-90.013608,21.152114868164062,1994.0,0.8326264023780823,53
c3_060,3,-89.958906,21.12489891052246,1994.0,0.8364531397819519,53
c3_057,3,-90.058071,21.159929275512695,1994.0,0.8090268969535828,53
c3_061,3,-89.973457,21.138911,1994.0,0.7761780619621277,53
c3_064,3,-89.989625,21.149959564208984,1994.0,0.7401797771453857,53
c3_063,3,-90.030046,21.125707,1994.0,0.7918514013290405,53
c3_065,3,-89.972379,21.162086486816406,1994.0,0.7960575819015503,53
c3_054,3,-90.029237,21.101455,1994.0,0.7934494614601135,53
c3_056,3,-90.008758,21.114120483398438,1994.0,0.7536638975143433,53
c4_051,4,-89.958906,21.191997,1994.0,0.45093584060668945,53
c4_052,4,-89.957828,21.178254,1994.0,0.38188448548316956,53
c4_053,4,-89.994476,21.172864,1994.0,0.2808797061443329,53
c4_054,4,-89.994745,21.168822,1994.0,0.06926067173480988,53
c4_055,4,-90.0025634765625,21.169631,1994.0,0.13015976548194885,53
c1_001,1,-90.056184,21.12301254272461,1995.0,0.8268259167671204,50
c1_002,1,-89.984506,21.126246,1995.0,0.7882135510444641,50
c1_003,1,-90.070197,21.140798,1995.0,0.7987018823623657,50
c1_004,1,-90.057801,21.145648,1995.0,0.8244466185569763,50
c1_005,1,-90.024926,21.145379,1995.0,0.7162399291992188,50
c1_006,1,-89.979386,21.130288,1995.0,0.7687234282493591,50
c1_007,1,-90.08636474609375,21.137025,1995.0,0.8387061953544617,50
c1_008,1,-89.952169,21.14322280883789,1995.0,0.839464008808136,50
c1_009,1,-90.055106,21.138911,1995.0,0.6663471460342407,50
c1_010,1,-89.945702,21.14322280883789,1995.0,0.8021628260612488,50
c1_011,1,-89.958098,21.149151,1995.0,0.8158281445503235,50
c1_012,1,-90.036783,21.117354,1995.0,0.8047282099723816,50
c1_013,1,-90.113042,21.085018157958984,1995.0,0.8256602883338928,50
c1_014,1,-89.944085,21.154002,1995.0,0.8611157536506653,50
c1_015,1,-90.065885,21.113581,1995.0,0.7899999022483826,50
c1_016,1,-90.064538,21.121126174926758,1995.0,0.8143040537834167,50
c1_017,1,-90.01280212402344,21.122474,1995.0,0.7705681324005127,50
c1_018,1,-90.013608,21.150499,1995.0,0.8441750407218933,50
c1_019,1,-90.075856,21.141876220703125,1995.0,0.8222144246101379,50
c1_020,1,-90.063729,21.119510650634766,1995.0,0.792574942111969,50
c1_021,1,-90.112234,21.128671646118164,1995.0,0.7716248631477356,50
c1_022,1,-89.970224,21.131635665893555,1995.0,0.7275236248970032,50
c1_023,1,-90.049448,21.111425399780273,1995.0,0.7475187182426453,50
c1_024,1,-90.076933,21.135408401489258,1995.0,0.8167498111724854,50
c1_025,1,-90.09391021728516,21.143762,1995.0,0.8255928158760071,50
c1_026,1,-89.940852,21.145917892456055,1995.0,0.8166175484657288,50
c1_027,1,-89.945163,21.154002,1995.0,0.7792031168937683,50
c1_028,1,-90.098491,21.127324,1995.0,0.8430007100105286,50
c1_029,1,-90.003368,21.149421,1995.0,0.7565888166427612,50
c1_030,1,-89.972918,21.124629,1995.0,0.79380202293396,50
c1_031,1,-90.003907,21.124359130859375,1995.0,0.762492299079895,50
c1_032,1,-90.066694,21.0987606048584,1995.0,0.7547457218170166,50
c1_033,1,-89.994745,21.123552322387695,1995.0,0.7191243171691895,50
c1_034,1,-90.08879089355469,21.142953,1995.0,0.7966187000274658,50
c1_035,1,-90.063191,21.110887,1995.0,0.7827707529067993,50
c1_036,1,-89.960523,21.137563705444336,1995.0,0.7961264252662659,50
c1_037,1,-90.094179,21.093371,1995.0,0.7727639675140381,50
c1_038,1,-90.0025634765625,21.122743,1995.0,0.7473834156990051,50
c1_039,1,-90.051334,21.132714,1995.0,0.7344403862953186,50
c1_040,1,-90.066694,21.13837242126465,1995.0,0.6891348361968994,50
c1_041,1,-90.116815,21.0882511138916,1995.0,0.7425949573516846,50
c1_042,1,-90.057801,21.148612,1995.0,0.8511285781860352,50
c1_043,1,-90.080706,21.141876220703125,1995.0,0.8078224658966064,50
c1_044,1,-89.947319,21.188493728637695,1995.0,0.7614948749542236,50
c1_045,1,-89.981811,21.124091,1995.0,0.7909206748008728,50
c1_046,1,-90.058879,21.128671646118164,1995.0,0.7913063764572144,50
c1_047,1,-90.075317,21.10361099243164,1995.0,0.818223774433136,50
c1_048,1,-90.003638,21.150768280029297,1995.0,0.7561630606651306,50
c1_049,1,-90.026543,21.122743,1995.0,0.8533822894096375,50
c1_050,1,-90.108731,21.117623,1995.0,0.8340031504631042,50
c2_001,2,-89.960253,21.154002,1995.0,0.7245041728019714,50
c2_002,2,-90.117623,21.133522033691406,1995.0,0.7146592736244202,50
c2_003,2,-90.07881927490234,21.09229278564453,1995.0,0.776604950428009,50
c2_004,2,-89.978847,21.15022850036621,1995.0,0.7647200226783752,50
c2_005,2,-90.089329,21.09364128112793,1995.0,0.7840486168861389,50
c2_006,2,-90.11412048339844,21.100377,1995.0,0.7427269816398621,50
c2_007,2,-90.106036,21.131635665893555,1995.0,0.8459528088569641,50
c2_008,2,-90.001213,21.145379,1995.0,0.7774038314819336,50
c2_009,2,-89.963217,21.183913,1995.0,0.6285523772239685,50
c2_010,2,-90.10226440429688,21.144301,1995.0,0.7691932916641235,50
c2_011,2,-89.958636,21.125438,1995.0,0.8073886036872864,50
c2_012,2,-90.097413,21.149959564208984,1995.0,0.7545842528343201,50
c2_013,2,-90.100647,21.106845,1995.0,0.7260261178016663,50
c2_014,2,-90.04594421386719,21.111156463623047,1995.0,0.6613597869873047,50
c2_015,2,-90.068849,21.102802276611328,1995.0,0.8945810794830322,50
c2_016,2,-90.118162,21.135947,1995.0,0.6795292496681213,50
c2_017,2,-89.96214294433594,21.120587,1995.0,0.8127087354660034,50
c2_018,2,-89.981541,21.148343,1995.0,0.7347957491874695,50
c2_019,2,-90.041364,21.101186,1995.0,0.8547300100326538,50
c2_020,2,-90.082592,21.10064697265625,1995.0,0.8058163523674011,50
c2_021,2,-89.945163,21.161008,1995.0,0.7902538180351257,50
c2_022,2,-90.01280212402344,21.118162155151367,1995.0,0.763541579246521,50
c2_023,2,-89.94165802001953,21.17879295349121,1995.0,0.6364968419075012,50
c2_024,2,-89.940043,21.179332,1995.0,0.711296021938324,50
c2_025,2,-89.942199,21.169092178344727,1995.0,0.7166570425033569,50
c2_026,2,-90.04837036132812,21.15858268737793,1995.0,0.6362016201019287,50
c2_027,2,-90.018189,21.155078887939453,1995.0,0.7294109463691711,50
c2_028,2,-90.018998,21.118701,1995.0,0.7322813272476196,50
c2_029,2,-89.960253,21.166936,1995.0,0.8514191508293152,50
c2_030,2,-90.08636474609375,21.13918113708496,1995.0,0.8060254454612732,50
c2_031,2,-90.006871,21.167745,1995.0,0.4935838580131531,50
c2_032,2,-89.9599838256836,21.15750503540039,1995.0,0.5711203217506409,50
c2_033,2,-90.052412,21.115737,1995.0,0.7638847231864929,50
c2_034,2,-90.075586,21.099569,1995.0,0.7282711267471313,50
c2_035,2,-90.108731,21.095796,1995.0,0.6859686374664307,50
c2_036,2,-90.026543,21.155078887939453,1995.0,0.8225247859954834,50
c2_037,2,-90.006871,21.131097,1995.0,0.7643065452575684,50
c2_038,2,-90.080167,21.099838256835938,1995.0,0.8329508900642395,50
c2_039,2,-89.947588,21.136486053466797,1995.0,0.8486083149909973,50
c2_040,2,-90.061304,21.10468864440918,1995.0,0.8163607716560364,50
c2_041,2,-90.075856,21.134868621826172,1995.0,0.8411968946456909,50
c2_042,2,-89.99959564208984,21.12004852294922,1995.0,0.739051103591919,50
c2_043,2,-90.101725,21.08043670654297,1995.0,0.8178046941757202,50
c2_044,2,-90.026004,21.113851,1995.0,0.8093746304512024,50
c2_045,2,-90.118162,21.129209518432617,1995.0,0.8303555846214294,50
c2_046,2,-89.94139099121094,21.172056198120117,1995.0,0.797386646270752,50
c2_047,2,-89.969685,21.1402587890625,1995.0,0.8237989544868469,50
c2_048,2,-90.1038818359375,21.095527,1995.0,0.7204405665397644,50
c2_049,2,-89.99231719970703,21.149690628051758,1995.0,0.7278897762298584,50
c2_050,2,-89.950822,21.121396,1995.0,0.819129467010498,50
c3_045,3,-89.992859,21.161815643310547,1995.0,0.3510878384113312,50
c3_003,3,-90.034357,21.15858268737793,1995.0,0.24759702384471893,50
c3_026,3,-89.986931,21.149959564208984,1995.0,0.8393816947937012,50
c3_008,3,-90.084209,21.151576,1995.0,0.6291356682777405,50
c3_017,3,-89.970493,21.159929275512695,1995.0,0.6747890710830688,50
c3_004,3,-89.982619,21.180679,1995.0,0.8203717470169067,50
c3_040,3,-89.9742660522461,21.185529708862305,1995.0,0.8282047510147095,50
c3_024,3,-89.97722625732422,21.183913,1995.0,0.805500328540802,50
c3_013,3,-89.995823,21.13837242126465,1995.0,0.7809651494026184,50
c3_018,3,-90.062113,21.107114,1995.0,0.8432955741882324,50
c3_007,3,-90.088521,21.146995,1995.0,0.6517314314842224,50
c3_014,3,-89.951361,21.199003219604492,1995.0,0.732657253742218,50
c3_042,3,-89.950283,21.199003219604492,1995.0,0.6741697788238525,50
c3_029,3,-90.000135,21.137563705444336,1995.0,0.7354279160499573,50
c3_005,3,-90.003638,21.111964,1995.0,0.7366346716880798,50
c3_022,3,-90.005524,21.112503051757812,1995.0,0.7760370969772339,50
c3_002,3,-89.953786,21.197656,1995.0,0.7910592555999756,50
c3_015,3,-89.940852,21.162086486816406,1995.0,0.7235895991325378,50
c3_020,3,-90.016842,21.116006,1995.0,0.7523314356803894,50
c3_027,3,-89.982619,21.149421,1995.0,0.7171167731285095,50
c3_030,3,-89.942738,21.1674747467041,1995.0,0.7367462515830994,50
c3_050,3,-89.941929,21.168553,1995.0,0.6653610467910767,50
c3_009,3,-89.986392,21.149959564208984,1995.0,0.8367758989334106,50
c3_033,3,-90.039208,21.102802276611328,1995.0,0.7931138873100281,50
c3_038,3,-89.976152,21.169361114501953,1995.0,0.667716920375824,50
c3_023,3,-89.97183990478516,21.169361114501953,1995.0,0.6516786813735962,50
c3_032,3,-90.00040435791016,21.138642,1995.0,0.6898393630981445,50
c3_046,3,-89.994476,21.137832641601562,1995.0,0.6397467851638794,50
c3_025,3,-89.947049,21.157235,1995.0,0.7694166898727417,50
c3_028,3,-89.976421,21.165858,1995.0,0.781857967376709,50
c3_036,3,-89.95189666748047,21.162894,1995.0,0.6957027912139893,50
c3_021,3,-90.007141,21.131635665893555,1995.0,0.7363608479499817,50
c3_035,3,-90.000943,21.144569396972656,1995.0,0.7763324975967407,50
c3_037,3,-89.97183990478516,21.162086486816406,1995.0,0.79965740442276,50
c3_039,3,-89.976691,21.168283462524414,1995.0,0.6663479804992676,50
c3_041,3,-89.973996,21.137563705444336,1995.0,0.7499187588691711,50
c3_034,3,-90.041364,21.1402587890625,1995.0,0.6774784326553345,50
c3_047,3,-90.028698,21.126246,1995.0,0.8019733428955078,50
c3_048,3,-90.030315,21.124359130859375,1995.0,0.7925801873207092,50
c3_011,3,-90.035974,21.099299,1995.0,0.7363862991333008,50
c3_001,3,-90.080437,21.100377,1995.0,0.7841965556144714,50
c3_006,3,-89.94677734375,21.202237,1995.0,0.8354794979095459,50
c3_019,3,-89.958367,21.172056198120117,1995.0,0.8148231506347656,50
c3_031,3,-90.00740814208984,21.113042,1995.0,0.7964357733726501,50
c3_010,3,-90.01252746582031,21.114659,1995.0,0.7679635286331177,50
c3_012,3,-90.00768280029297,21.114389419555664,1995.0,0.7310713529586792,50
c3_016,3,-90.045675,21.097951889038086,1995.0,0.7132237553596497,50
c3_043,3,-89.967259,21.189841,1995.0,0.8441711068153381,50
c3_044,3,-90.046214,21.097413,1995.0,0.746618926525116,50
c3_049,3,-90.016033,21.116006,1995.0,0.7613750696182251,50
c4_001,4,-90.002021,21.168822,1995.0,0.33330315351486206,50
c4_002,4,-90.013878,21.166397094726562,1995.0,0.4700106978416443,50
c4_003,4,-90.040286,21.149421,1995.0,0.4524523913860321,50
c4_004,4,-89.94139099121094,21.181487,1995.0,0.402056485414505,50
c4_005,4,-89.967529,21.183643341064453,1995.0,0.35347139835357666,50
c4_006,4,-89.943277,21.200620651245117,1995.0,0.4861047863960266,50
c4_007,4,-89.968068,21.171248,1995.0,0.44606372714042664,50
c4_008,4,-90.035705,21.15346336364746,1995.0,0.43056127429008484,50
c4_009,4,-89.967798,21.179332,1995.0,0.13313482701778412,50
c4_010,4,-89.949205,21.194961,1995.0,0.37119320034980774,50
c4_011,4,-89.943007,21.202506,1995.0,0.4024311304092407,50
c4_012,4,-89.945163,21.199811,1995.0,0.4512774348258972,50
c4_013,4,-89.972379,21.174481,1995.0,0.13846370577812195,50
c4_014,4,-90.041633,21.148612,1995.0,0.39339855313301086,50
c4_015,4,-89.960792,21.190380096435547,1995.0,0.19769704341888428,50
c4_016,4,-89.958098,21.184452056884766,1995.0,0.5688796043395996,50
c4_017,4,-90.074239,21.133790969848633,1995.0,0.41778767108917236,50
c4_018,4,-89.950822,21.1922664642334,1995.0,0.18191519379615784,50
c4_019,4,-89.996901,21.149959564208984,1995.0,0.47128358483314514,50
c4_020,4,-89.960523,21.186338424682617,1995.0,0.20782853662967682,50
c4_021,4,-89.9465103149414,21.185529708862305,1995.0,0.2860659062862396,50
c4_022,4,-89.957828,21.185529708862305,1995.0,0.34479862451553345,50
c4_023,4,-90.035705,21.144301,1995.0,0.5665927529335022,50
c4_024,4,-90.022501,21.156966,1995.0,0.47181373834609985,50
c4_025,4,-89.981002,21.165319,1995.0,0.4515542984008789,50
c4_026,4,-90.027621,21.162355422973633,1995.0,0.5512747168540955,50
c4_027,4,-89.949475,21.19415283203125,1995.0,0.15958386659622192,50
c4_028,4,-89.940852,21.201428,1995.0,0.48593929409980774,50
c4_029,4,-89.961601,21.190919,1995.0,0.22229640185832977,50
c4_030,4,-90.041364,21.151576,1995.0,0.7221100926399231,50
c4_031,4,-90.062382,21.153732299804688,1995.0,0.4905138611793518,50
c4_032,4,-89.944085,21.193883,1995.0,0.18735159933567047,50
c4_033,4,-89.981811,21.164511,1995.0,0.5029038786888123,50
c4_034,4,-89.940313,21.199811,1995.0,0.16000618040561676,50
c4_035,4,-90.072622,21.132714,1995.0,0.4888244867324829,50
c4_036,4,-89.942738,21.183643341064453,1995.0,0.4532518982887268,50
c4_037,4,-89.9742660522461,21.173673,1995.0,0.45368117094039917,50
c4_038,4,-89.966451,21.182565,1995.0,0.31690675020217896,50
c4_039,4,-90.014147,21.163972,1995.0,0.27763769030570984,50
c4_040,4,-89.944355,21.201428,1995.0,0.5249589681625366,50
c4_041,4,-90.011183,21.148881912231445,1995.0,0.6529318690299988,50
c4_042,4,-90.071814,21.131635665893555,1995.0,0.47355183959007263,50
c4_043,4,-90.11438751220703,21.11061668395996,1995.0,0.7476019263267517,50
c4_044,4,-89.956481,21.189302444458008,1995.0,0.4456104636192322,50
c4_045,4,-90.036513,21.153732299804688,1995.0,0.3075999617576599,50
c4_046,4,-89.98235321044922,21.169092178344727,1995.0,0.6772086024284363,50
c4_047,4,-89.992859,21.172864,1995.0,0.4033752679824829,50
c4_048,4,-89.948127,21.191457748413086,1995.0,0.33001306653022766,50
c4_049,4,-90.1195068359375,21.108461380004883,1995.0,0.5493860840797424,50
c4_050,4,-90.094718,21.12301254272461,1995.0,0.5201929807662964,50
c5_045,5,-90.018998,21.166128158569336,1995.0,0.2677431106567383,50
c5_008,5,-90.034357,21.155618,1995.0,0.26055002212524414,50
c5_010,5,-89.957289,21.163703,1995.0,0.45514681935310364,50
c5_011,5,-90.004985,21.156696319580078,1995.0,0.34214961528778076,50
c5_012,5,-90.066424,21.154809951782227,1995.0,0.5089207291603088,50
c5_014,5,-90.006871,21.155887603759766,1995.0,0.3469969630241394,50
c5_016,5,-90.002829,21.15642738342285,1995.0,0.42466792464256287,50
c5_022,5,-90.044597,21.154809951782227,1995.0,0.2914929687976837,50
c5_024,5,-89.995284,21.15642738342285,1995.0,0.24309292435646057,50
c5_003,5,-90.056993,21.154541015625,1995.0,0.5850786566734314,50
c5_013,5,-90.020614,21.157235,1995.0,0.443174809217453,50
c5_020,5,-90.027621,21.156966,1995.0,0.3814474642276764,50
c5_025,5,-90.03301239013672,21.15966033935547,1995.0,0.19097457826137543,50
c5_034,5,-90.012261,21.166397094726562,1995.0,0.29402902722358704,50
c5_040,5,-90.069658,21.154541015625,1995.0,0.490233838558197,50
c5_041,5,-89.998787,21.156156539916992,1995.0,0.34796079993247986,50
c5_043,5,-90.113042,21.13729476928711,1995.0,0.694774866104126,50
c5_002,5,-90.042172,21.156156539916992,1995.0,0.2367367297410965,50
c5_004,5,-90.034088,21.156966,1995.0,0.2810857892036438,50
c5_001,5,-89.996093,21.155887603759766,1995.0,0.39826714992523193,50
c5_006,5,-90.035435,21.154809951782227,1995.0,0.3483048975467682,50
c5_015,5,-89.942738,21.172864,1995.0,0.60149085521698,50
c5_018,5,-90.0685806274414,21.152385,1995.0,0.6202394366264343,50
c5_026,5,-89.998248,21.172326,1995.0,0.7281411290168762,50
c5_033,5,-90.01980590820312,21.156966,1995.0,0.43101686239242554,50
c5_036,5,-90.041902,21.15750503540039,1995.0,0.44033461809158325,50
c5_039,5,-90.060496,21.15642738342285,1995.0,0.5674529671669006,50
c5_005,5,-90.041633,21.159929275512695,1995.0,0.4356115460395813,50
c5_009,5,-90.038938,21.154271,1995.0,0.33709707856178284,50
c5_019,5,-90.057262,21.155349,1995.0,0.5302393436431885,50
c5_021,5,-90.089598,21.148073196411133,1995.0,0.47219380736351013,50
c5_030,5,-90.071814,21.151845932006836,1995.0,0.6202394366264343,50
c5_031,5,-90.003099,21.155618,1995.0,0.3681207597255707,50
c5_035,5,-90.095527,21.151845932006836,1995.0,0.5345728397369385,50
c5_037,5,-89.996632,21.160469,1995.0,0.6202210783958435,50
c5_023,5,-89.978038,21.180139541625977,1995.0,0.4803623557090759,50
c5_017,5,-90.040555,21.145917892456055,1995.0,0.43121981620788574,50
c5_027,5,-90.08879089355469,21.150768280029297,1995.0,0.6990898251533508,50
c5_047,5,-90.001213,21.154541015625,1995.0,0.6888831853866577,50
c5_048,5,-90.028429,21.156696319580078,1995.0,0.30904319882392883,50
c5_029,5,-90.090407,21.149421,1995.0,0.6700212955474854,50
c5_032,5,-90.079359,21.150768280029297,1995.0,0.6049429774284363,50
c5_038,5,-90.04082489013672,21.156966,1995.0,0.31905052065849304,50
c5_046,5,-90.067233,21.152114868164062,1995.0,0.5089207291603088,50
c5_028,5,-90.095527,21.150499,1995.0,0.5050326585769653,50
c5_044,5,-89.973188,21.183374404907227,1995.0,0.49205899238586426,50
c5_042,5,-90.08124542236328,21.149421,1995.0,0.6854812502861023,50
c5_007,5,-90.021962,21.143491744995117,1995.0,0.7033301591873169,50
c10_001,3,-90.028968,21.158313,1995.0,0.381277471780777,50
c10_005,3,-89.954594,21.163972,1995.0,0.643406331539154,50
c10_002,3,-90.033549,21.15858268737793,1995.0,0.23403871059417725,50
c10_003,3,-90.030046,21.158044,1995.0,0.3018336892127991,50
c10_004,3,-90.029507,21.157773971557617,1995.0,0.2917180061340332,50
c10_006,3,-90.03301239013672,21.159122467041016,1995.0,0.25234749913215637,50
c10_007,3,-90.03301239013672,21.158044,1995.0,0.30631640553474426,50
c10_009,3,-90.032741,21.15858268737793,1995.0,0.24524644017219543,50
c10_010,3,-90.030585,21.158044,1995.0,0.22538338601589203,50
c10_008,3,-89.95405578613281,21.163972,1995.0,0.5394317507743835,50
c1_051,1,-90.064538,21.118162155151367,1995.0,0.769244372844696,50
c1_052,1,-90.05322265625,21.112234115600586,1995.0,0.7716430425643921,50
c1_053,1,-90.068041,21.142953,1995.0,0.8016262054443359,50
c1_054,1,-90.00040435791016,21.124359130859375,1995.0,0.7494335174560547,50
c1_055,1,-90.049178,21.1402587890625,1995.0,0.7617952823638916,50
c2_051,2,-90.111695,21.123821258544922,1995.0,0.7459490895271301,50
c2_052,2,-90.02277374267578,21.139720916748047,1995.0,0.7085646986961365,50
c2_053,2,-89.941929,21.138911,1995.0,0.8427729606628418,50
c2_054,2,-89.950013,21.130019,1995.0,0.8143275380134583,50
c2_055,2,-90.106306,21.128941,1995.0,0.7543459534645081,50
c3_062,3,-90.086634,21.149690628051758,1995.0,0.4918859302997589,50
c3_051,3,-90.010914,21.144301,1995.0,0.8249210715293884,50
c3_055,3,-90.079359,21.150499,1995.0,0.6049429774284363,50
c3_058,3,-90.000943,21.171248,1995.0,0.7447132468223572,50
c3_052,3,-90.094179,21.114929,1995.0,0.7073128819465637,50
c3_059,3,-90.039208,21.1402587890625,1995.0,0.7967908978462219,50
c3_053,3,-90.013608,21.152114868164062,1995.0,0.8763394355773926,50
c3_060,3,-89.958906,21.12489891052246,1995.0,0.8706265091896057,50
c3_057,3,-90.058071,21.159929275512695,1995.0,0.8579884767532349,50
c3_061,3,-89.973457,21.138911,1995.0,0.7495613098144531,50
c3_064,3,-89.989625,21.149959564208984,1995.0,0.7677822113037109,50
c3_063,3,-90.030046,21.125707,1995.0,0.7929933667182922,50
c3_065,3,-89.972379,21.162086486816406,1995.0,0.7858641743659973,50
c3_054,3,-90.029237,21.101455,1995.0,0.7818157076835632,50
c3_056,3,-90.008758,21.114120483398438,1995.0,0.7653934955596924,50
c4_051,4,-89.958906,21.191997,1995.0,0.24723272025585175,50
c4_052,4,-89.957828,21.178254,1995.0,0.4551714360713959,50
c4_053,4,-89.994476,21.172864,1995.0,0.22442397475242615,50
c4_054,4,-89.994745,21.168822,1995.0,0.4435305893421173,50
c4_055,4,-90.0025634765625,21.169631,1995.0,0.3031414747238159,50
c1_001,1,-90.056184,21.12301254272461,1996.0,0.8601938486099243,51
c1_002,1,-89.984506,21.126246,1996.0,0.7678915858268738,51
c1_003,1,-90.070197,21.140798,1996.0,0.7544652223587036,51
c1_004,1,-90.057801,21.145648,1996.0,0.791118860244751,51
c1_005,1,-90.024926,21.145379,1996.0,0.7016350030899048,51
c1_006,1,-89.979386,21.130288,1996.0,0.7608435750007629,51
c1_007,1,-90.08636474609375,21.137025,1996.0,0.7363224029541016,51
c1_008,1,-89.952169,21.14322280883789,1996.0,0.8072454929351807,51
c1_009,1,-90.055106,21.138911,1996.0,0.7142263054847717,51
c1_010,1,-89.945702,21.14322280883789,1996.0,0.8003540635108948,51
c1_011,1,-89.958098,21.149151,1996.0,0.789078950881958,51
c1_012,1,-90.036783,21.117354,1996.0,0.82535320520401,51
c1_013,1,-90.113042,21.085018157958984,1996.0,0.8758476972579956,51
c1_014,1,-89.944085,21.154002,1996.0,0.8512750267982483,51
c1_015,1,-90.065885,21.113581,1996.0,0.77251136302948,51
c1_016,1,-90.064538,21.121126174926758,1996.0,0.7968783378601074,51
c1_017,1,-90.01280212402344,21.122474,1996.0,0.7947245836257935,51
c1_018,1,-90.013608,21.150499,1996.0,0.8332930207252502,51
c1_019,1,-90.075856,21.141876220703125,1996.0,0.7981817722320557,51
c1_020,1,-90.063729,21.119510650634766,1996.0,0.7781060338020325,51
c1_021,1,-90.112234,21.128671646118164,1996.0,0.8438911437988281,51
c1_022,1,-89.970224,21.131635665893555,1996.0,0.6806429028511047,51
c1_023,1,-90.049448,21.111425399780273,1996.0,0.7670690417289734,51
c1_024,1,-90.076933,21.135408401489258,1996.0,0.7912361025810242,51
c1_025,1,-90.09391021728516,21.143762,1996.0,0.8430773615837097,51
c1_026,1,-89.940852,21.145917892456055,1996.0,0.8665471076965332,51
c1_027,1,-89.945163,21.154002,1996.0,0.804244339466095,51
c1_028,1,-90.098491,21.127324,1996.0,0.7682783603668213,51
c1_029,1,-90.003368,21.149421,1996.0,0.686471700668335,51
c1_030,1,-89.972918,21.124629,1996.0,0.8706281185150146,51
c1_031,1,-90.003907,21.124359130859375,1996.0,0.8373761773109436,51
c1_032,1,-90.066694,21.0987606048584,1996.0,0.8178878426551819,51
c1_033,1,-89.994745,21.123552322387695,1996.0,0.7361127138137817,51
c1_034,1,-90.08879089355469,21.142953,1996.0,0.811337947845459,51
c1_035,1,-90.063191,21.110887,1996.0,0.7670367956161499,51
c1_036,1,-89.960523,21.137563705444336,1996.0,0.8111831545829773,51
c1_037,1,-90.094179,21.093371,1996.0,0.8055954575538635,51
c1_038,1,-90.0025634765625,21.122743,1996.0,0.8188493251800537,51
c1_039,1,-90.051334,21.132714,1996.0,0.7162744402885437,51
c1_040,1,-90.066694,21.13837242126465,1996.0,0.6922347545623779,51
c1_041,1,-90.116815,21.0882511138916,1996.0,0.8041731715202332,51
c1_042,1,-90.057801,21.148612,1996.0,0.8033992648124695,51
c1_043,1,-90.080706,21.141876220703125,1996.0,0.7855581045150757,51
c1_044,1,-89.947319,21.188493728637695,1996.0,0.8033875823020935,51
c1_045,1,-89.981811,21.124091,1996.0,0.8291354775428772,51
c1_046,1,-90.058879,21.128671646118164,1996.0,0.7424997091293335,51
c1_047,1,-90.075317,21.10361099243164,1996.0,0.8452394604682922,51
c1_048,1,-90.003638,21.150768280029297,1996.0,0.7956302165985107,51
c1_049,1,-90.026543,21.122743,1996.0,0.8198903203010559,51
c1_050,1,-90.108731,21.117623,1996.0,0.8148278594017029,51
c2_001,2,-89.960253,21.154002,1996.0,0.7232593297958374,51
c2_002,2,-90.117623,21.133522033691406,1996.0,0.7406907081604004,51
c2_003,2,-90.07881927490234,21.09229278564453,1996.0,0.8024120926856995,51
c2_004,2,-89.978847,21.15022850036621,1996.0,0.7949452996253967,51
c2_005,2,-90.089329,21.09364128112793,1996.0,0.8471550345420837,51
c2_006,2,-90.11412048339844,21.100377,1996.0,0.757183849811554,51
c2_007,2,-90.106036,21.131635665893555,1996.0,0.8188477754592896,51
c2_008,2,-90.001213,21.145379,1996.0,0.8269805908203125,51
c2_009,2,-89.963217,21.183913,1996.0,0.6523569226264954,51
c2_010,2,-90.10226440429688,21.144301,1996.0,0.7544115781784058,51
c2_011,2,-89.958636,21.125438,1996.0,0.8242589831352234,51
c2_012,2,-90.097413,21.149959564208984,1996.0,0.7603455185890198,51
c2_013,2,-90.100647,21.106845,1996.0,0.7184462547302246,51
c2_014,2,-90.04594421386719,21.111156463623047,1996.0,0.6547777652740479,51
c2_015,2,-90.068849,21.102802276611328,1996.0,0.8589940667152405,51
c2_016,2,-90.118162,21.135947,1996.0,0.7490755915641785,51
c2_017,2,-89.96214294433594,21.120587,1996.0,0.815035343170166,51
c2_018,2,-89.981541,21.148343,1996.0,0.7250809669494629,51
c2_019,2,-90.041364,21.101186,1996.0,0.8438737392425537,51
c2_020,2,-90.082592,21.10064697265625,1996.0,0.8268325328826904,51
c2_021,2,-89.945163,21.161008,1996.0,0.746610701084137,51
c2_022,2,-90.01280212402344,21.118162155151367,1996.0,0.7685155272483826,51
c2_023,2,-89.94165802001953,21.17879295349121,1996.0,0.6458008885383606,51
c2_024,2,-89.940043,21.179332,1996.0,0.6863614916801453,51
c2_025,2,-89.942199,21.169092178344727,1996.0,0.7835207581520081,51
c2_026,2,-90.04837036132812,21.15858268737793,1996.0,0.6275168061256409,51
c2_027,2,-90.018189,21.155078887939453,1996.0,0.7811799645423889,51
c2_028,2,-90.018998,21.118701,1996.0,0.7570832371711731,51
c2_029,2,-89.960253,21.166936,1996.0,0.8760015964508057,51
c2_030,2,-90.08636474609375,21.13918113708496,1996.0,0.8316172957420349,51
c2_031,2,-90.006871,21.167745,1996.0,0.5524280071258545,51
c2_032,2,-89.9599838256836,21.15750503540039,1996.0,0.6005041003227234,51
c2_033,2,-90.052412,21.115737,1996.0,0.8137081265449524,51
c2_034,2,-90.075586,21.099569,1996.0,0.7525960803031921,51
c2_035,2,-90.108731,21.095796,1996.0,0.6830589771270752,51
c2_036,2,-90.026543,21.155078887939453,1996.0,0.8130324482917786,51
c2_037,2,-90.006871,21.131097,1996.0,0.7984494566917419,51
c2_038,2,-90.080167,21.099838256835938,1996.0,0.8169403672218323,51
c2_039,2,-89.947588,21.136486053466797,1996.0,0.8438840508460999,51
c2_040,2,-90.061304,21.10468864440918,1996.0,0.8384172320365906,51
c2_041,2,-90.075856,21.134868621826172,1996.0,0.8149540424346924,51
c2_042,2,-89.99959564208984,21.12004852294922,1996.0,0.7423785328865051,51
c2_043,2,-90.101725,21.08043670654297,1996.0,0.8362061381340027,51
c2_044,2,-90.026004,21.113851,1996.0,0.825075089931488,51
c2_045,2,-90.118162,21.129209518432617,1996.0,0.8375991582870483,51
c2_046,2,-89.94139099121094,21.172056198120117,1996.0,0.768468976020813,51
c2_047,2,-89.969685,21.1402587890625,1996.0,0.8132365345954895,51
c2_048,2,-90.1038818359375,21.095527,1996.0,0.7370913624763489,51
c2_049,2,-89.99231719970703,21.149690628051758,1996.0,0.7219654321670532,51
c2_050,2,-89.950822,21.121396,1996.0,0.8503317832946777,51
c3_045,3,-89.992859,21.161815643310547,1996.0,0.33677443861961365,51
c3_003,3,-90.034357,21.15858268737793,1996.0,0.18834438920021057,51
c3_026,3,-89.986931,21.149959564208984,1996.0,0.8496434092521667,51
c3_008,3,-90.084209,21.151576,1996.0,0.6241294741630554,51
c3_017,3,-89.970493,21.159929275512695,1996.0,0.7330024242401123,51
c3_004,3,-89.982619,21.180679,1996.0,0.18803457915782928,51
c3_040,3,-89.9742660522461,21.185529708862305,1996.0,0.8502163290977478,51
c3_024,3,-89.97722625732422,21.183913,1996.0,0.8118726015090942,51
c3_013,3,-89.995823,21.13837242126465,1996.0,0.8373815417289734,51
c3_018,3,-90.062113,21.107114,1996.0,0.8593907356262207,51
c3_007,3,-90.088521,21.146995,1996.0,0.6943521499633789,51
c3_014,3,-89.951361,21.199003219604492,1996.0,0.7811673879623413,51
c3_042,3,-89.950283,21.199003219604492,1996.0,0.6910556554794312,51
c3_029,3,-90.000135,21.137563705444336,1996.0,0.7542703747749329,51
c3_005,3,-90.003638,21.111964,1996.0,0.7730469107627869,51
c3_022,3,-90.005524,21.112503051757812,1996.0,0.7916430830955505,51
c3_002,3,-89.953786,21.197656,1996.0,0.757439374923706,51
c3_015,3,-89.940852,21.162086486816406,1996.0,0.797301709651947,51
c3_020,3,-90.016842,21.116006,1996.0,0.8214164972305298,51
c3_027,3,-89.982619,21.149421,1996.0,0.7137103080749512,51
c3_030,3,-89.942738,21.1674747467041,1996.0,0.7715885639190674,51
c3_050,3,-89.941929,21.168553,1996.0,0.6490268111228943,51
c3_009,3,-89.986392,21.149959564208984,1996.0,0.8512714505195618,51
c3_033,3,-90.039208,21.102802276611328,1996.0,0.7804285883903503,51
c3_038,3,-89.976152,21.169361114501953,1996.0,0.6566397547721863,51
c3_023,3,-89.97183990478516,21.169361114501953,1996.0,0.7034077644348145,51
c3_032,3,-90.00040435791016,21.138642,1996.0,0.7560092210769653,51
c3_046,3,-89.994476,21.137832641601562,1996.0,0.5898316502571106,51
c3_025,3,-89.947049,21.157235,1996.0,0.8050896525382996,51
c3_028,3,-89.976421,21.165858,1996.0,0.8084089756011963,51
c3_036,3,-89.95189666748047,21.162894,1996.0,0.6789220571517944,51
c3_021,3,-90.007141,21.131635665893555,1996.0,0.7984494566917419,51
c3_035,3,-90.000943,21.144569396972656,1996.0,0.780753493309021,51
c3_037,3,-89.97183990478516,21.162086486816406,1996.0,0.7564300894737244,51
c3_039,3,-89.976691,21.168283462524414,1996.0,0.6947406530380249,51
c3_041,3,-89.973996,21.137563705444336,1996.0,0.7403005361557007,51
c3_034,3,-90.041364,21.1402587890625,1996.0,0.7332455515861511,51
c3_047,3,-90.028698,21.126246,1996.0,0.8232976794242859,51
c3_048,3,-90.030315,21.124359130859375,1996.0,0.7931427955627441,51
c3_011,3,-90.035974,21.099299,1996.0,0.7438331842422485,51
c3_001,3,-90.080437,21.100377,1996.0,0.8316990733146667,51
c3_006,3,-89.94677734375,21.202237,1996.0,0.8350775837898254,51
c3_019,3,-89.958367,21.172056198120117,1996.0,0.8426060080528259,51
c3_031,3,-90.00740814208984,21.113042,1996.0,0.7937421798706055,51
c3_010,3,-90.01252746582031,21.114659,1996.0,0.8251878619194031,51
c3_012,3,-90.00768280029297,21.114389419555664,1996.0,0.7331810593605042,51
c3_016,3,-90.045675,21.097951889038086,1996.0,0.6806944608688354,51
c3_043,3,-89.967259,21.189841,1996.0,0.8609563708305359,51
c3_044,3,-90.046214,21.097413,1996.0,0.7576935887336731,51
c3_049,3,-90.016033,21.116006,1996.0,0.7886591553688049,51
c4_001,4,-90.002021,21.168822,1996.0,0.4115756154060364,51
c4_002,4,-90.013878,21.166397094726562,1996.0,0.41552048921585083,51
c4_003,4,-90.040286,21.149421,1996.0,0.4206083416938782,51
c4_004,4,-89.94139099121094,21.181487,1996.0,0.34754905104637146,51
c4_005,4,-89.967529,21.183643341064453,1996.0,0.3544650077819824,51
c4_006,4,-89.943277,21.200620651245117,1996.0,0.208938866853714,51
c4_007,4,-89.968068,21.171248,1996.0,0.3513706624507904,51
c4_008,4,-90.035705,21.15346336364746,1996.0,0.5407975912094116,51
c4_009,4,-89.967798,21.179332,1996.0,0.14446362853050232,51
c4_010,4,-89.949205,21.194961,1996.0,0.21523766219615936,51
c4_011,4,-89.943007,21.202506,1996.0,0.2509849965572357,51
c4_012,4,-89.945163,21.199811,1996.0,0.15805263817310333,51
c4_013,4,-89.972379,21.174481,1996.0,0.15172111988067627,51
c4_014,4,-90.041633,21.148612,1996.0,0.25641709566116333,51
c4_015,4,-89.960792,21.190380096435547,1996.0,0.23059481382369995,51
c4_016,4,-89.958098,21.184452056884766,1996.0,0.49742400646209717,51
c4_017,4,-90.074239,21.133790969848633,1996.0,0.44053375720977783,51
c4_018,4,-89.950822,21.1922664642334,1996.0,0.2632608115673065,51
c4_019,4,-89.996901,21.149959564208984,1996.0,0.5401512980461121,51
c4_020,4,-89.960523,21.186338424682617,1996.0,0.21247103810310364,51
c4_021,4,-89.9465103149414,21.185529708862305,1996.0,0.1251259595155716,51
c4_022,4,-89.957828,21.185529708862305,1996.0,0.345436692237854,51
c4_023,4,-90.035705,21.144301,1996.0,0.5961359143257141,51
c4_024,4,-90.022501,21.156966,1996.0,0.3668871223926544,51
c4_025,4,-89.981002,21.165319,1996.0,0.3603943884372711,51
c4_026,4,-90.027621,21.162355422973633,1996.0,0.4141962230205536,51
c4_027,4,-89.949475,21.19415283203125,1996.0,0.15488757193088531,51
c4_028,4,-89.940852,21.201428,1996.0,0.220381498336792,51
c4_029,4,-89.961601,21.190919,1996.0,0.23419155180454254,51
c4_030,4,-90.041364,21.151576,1996.0,0.7159389853477478,51
c4_031,4,-90.062382,21.153732299804688,1996.0,0.5598132014274597,51
c4_032,4,-89.944085,21.193883,1996.0,0.13325217366218567,51
c4_033,4,-89.981811,21.164511,1996.0,0.5078200101852417,51
c4_034,4,-89.940313,21.199811,1996.0,0.10587625205516815,51
c4_035,4,-90.072622,21.132714,1996.0,0.5325489640235901,51
c4_036,4,-89.942738,21.183643341064453,1996.0,0.2444557547569275,51
c4_037,4,-89.9742660522461,21.173673,1996.0,0.5214164853096008,51
c4_038,4,-89.966451,21.182565,1996.0,0.21437586843967438,51
c4_039,4,-90.014147,21.163972,1996.0,0.21709267795085907,51
c4_040,4,-89.944355,21.201428,1996.0,0.2557760775089264,51
c4_041,4,-90.011183,21.148881912231445,1996.0,0.6340596079826355,51
c4_042,4,-90.071814,21.131635665893555,1996.0,0.4930824637413025,51
c4_043,4,-90.11438751220703,21.11061668395996,1996.0,0.7156493663787842,51
c4_044,4,-89.956481,21.189302444458008,1996.0,0.38378533720970154,51
c4_045,4,-90.036513,21.153732299804688,1996.0,0.5514498353004456,51
c4_046,4,-89.98235321044922,21.169092178344727,1996.0,0.7300391793251038,51
c4_047,4,-89.992859,21.172864,1996.0,0.41439250111579895,51
c4_048,4,-89.948127,21.191457748413086,1996.0,0.3135926425457001,51
c4_049,4,-90.1195068359375,21.108461380004883,1996.0,0.5759415626525879,51
c4_050,4,-90.094718,21.12301254272461,1996.0,0.42193737626075745,51
c5_045,5,-90.018998,21.166128158569336,1996.0,0.37535467743873596,51
c5_008,5,-90.034357,21.155618,1996.0,0.3212406039237976,51
c5_010,5,-89.957289,21.163703,1996.0,0.37575703859329224,51
c5_011,5,-90.004985,21.156696319580078,1996.0,0.33049678802490234,51
c5_012,5,-90.066424,21.154809951782227,1996.0,0.49147582054138184,51
c5_014,5,-90.006871,21.155887603759766,1996.0,0.39087575674057007,51
c5_016,5,-90.002829,21.15642738342285,1996.0,0.39157387614250183,51
c5_022,5,-90.044597,21.154809951782227,1996.0,0.2814287543296814,51
c5_024,5,-89.995284,21.15642738342285,1996.0,0.38162896037101746,51
c5_003,5,-90.056993,21.154541015625,1996.0,0.5191529989242554,51
c5_013,5,-90.020614,21.157235,1996.0,0.4078481197357178,51
c5_020,5,-90.027621,21.156966,1996.0,0.42747655510902405,51
c5_025,5,-90.03301239013672,21.15966033935547,1996.0,0.1271001398563385,51
c5_034,5,-90.012261,21.166397094726562,1996.0,0.4648880064487457,51
c5_040,5,-90.069658,21.154541015625,1996.0,0.48574331402778625,51
c5_041,5,-89.998787,21.156156539916992,1996.0,0.3686782717704773,51
c5_043,5,-90.113042,21.13729476928711,1996.0,0.6761892437934875,51
c5_002,5,-90.042172,21.156156539916992,1996.0,0.220722034573555,51
c5_004,5,-90.034088,21.156966,1996.0,0.3412799835205078,51
c5_001,5,-89.996093,21.155887603759766,1996.0,0.4039904475212097,51
c5_006,5,-90.035435,21.154809951782227,1996.0,0.45940446853637695,51
c5_015,5,-89.942738,21.172864,1996.0,0.536547064781189,51
c5_018,5,-90.0685806274414,21.152385,1996.0,0.4927724003791809,51
c5_026,5,-89.998248,21.172326,1996.0,0.7251428961753845,51
c5_033,5,-90.01980590820312,21.156966,1996.0,0.4339381456375122,51
c5_036,5,-90.041902,21.15750503540039,1996.0,0.3961559236049652,51
c5_039,5,-90.060496,21.15642738342285,1996.0,0.5802834630012512,51
c5_005,5,-90.041633,21.159929275512695,1996.0,0.5236167907714844,51
c5_009,5,-90.038938,21.154271,1996.0,0.38646337389945984,51
c5_019,5,-90.057262,21.155349,1996.0,0.525780975818634,51
c5_021,5,-90.089598,21.148073196411133,1996.0,0.45798259973526,51
c5_030,5,-90.071814,21.151845932006836,1996.0,0.5476236939430237,51
c5_031,5,-90.003099,21.155618,1996.0,0.42944005131721497,51
c5_035,5,-90.095527,21.151845932006836,1996.0,0.4956433176994324,51
c5_037,5,-89.996632,21.160469,1996.0,0.7658281326293945,51
c5_023,5,-89.978038,21.180139541625977,1996.0,0.2506076395511627,51
c5_017,5,-90.040555,21.145917892456055,1996.0,0.3578471541404724,51
c5_027,5,-90.08879089355469,21.150768280029297,1996.0,0.6765391826629639,51
c5_047,5,-90.001213,21.154541015625,1996.0,0.72967529296875,51
c5_048,5,-90.028429,21.156696319580078,1996.0,0.3170850872993469,51
c5_029,5,-90.090407,21.149421,1996.0,0.6232150793075562,51
c5_032,5,-90.079359,21.150768280029297,1996.0,0.6122829914093018,51
c5_038,5,-90.04082489013672,21.156966,1996.0,0.38558512926101685,51
c5_046,5,-90.067233,21.152114868164062,1996.0,0.5072928071022034,51
c5_028,5,-90.095527,21.150499,1996.0,0.5118324160575867,51
c5_044,5,-89.973188,21.183374404907227,1996.0,0.27951937913894653,51
c5_042,5,-90.08124542236328,21.149421,1996.0,0.7025676965713501,51
c5_007,5,-90.021962,21.143491744995117,1996.0,0.6909130215644836,51
c10_001,3,-90.028968,21.158313,1996.0,0.46964848041534424,51
c10_005,3,-89.954594,21.163972,1996.0,0.49734097719192505,51
c10_002,3,-90.033549,21.15858268737793,1996.0,0.15624478459358215,51
c10_003,3,-90.030046,21.158044,1996.0,0.30130502581596375,51
c10_004,3,-90.029507,21.157773971557617,1996.0,0.30693382024765015,51
c10_006,3,-90.03301239013672,21.159122467041016,1996.0,0.1679338812828064,51
c10_007,3,-90.03301239013672,21.158044,1996.0,0.234143927693367,51
c10_009,3,-90.032741,21.15858268737793,1996.0,0.2242603749036789,51
c10_010,3,-90.030585,21.158044,1996.0,0.281354159116745,51
c10_008,3,-89.95405578613281,21.163972,1996.0,0.4627445638179779,51
c1_051,1,-90.064538,21.118162155151367,1996.0,0.7840392589569092,51
c1_052,1,-90.05322265625,21.112234115600586,1996.0,0.7877078652381897,51
c1_053,1,-90.068041,21.142953,1996.0,0.7262833118438721,51
c1_054,1,-90.00040435791016,21.124359130859375,1996.0,0.7778273224830627,51
c1_055,1,-90.049178,21.1402587890625,1996.0,0.7670055627822876,51
c2_051,2,-90.111695,21.123821258544922,1996.0,0.7779302000999451,51
c2_052,2,-90.02277374267578,21.139720916748047,1996.0,0.7379588484764099,51
c2_053,2,-89.941929,21.138911,1996.0,0.8362627029418945,51
c2_054,2,-89.950013,21.130019,1996.0,0.8771156072616577,51
c2_055,2,-90.106306,21.128941,1996.0,0.7882913947105408,51
c3_062,3,-90.086634,21.149690628051758,1996.0,0.5987007021903992,51
c3_051,3,-90.010914,21.144301,1996.0,0.8600541949272156,51
c3_055,3,-90.079359,21.150499,1996.0,0.6122829914093018,51
c3_058,3,-90.000943,21.171248,1996.0,0.711968719959259,51
c3_052,3,-90.094179,21.114929,1996.0,0.6789494156837463,51
c3_059,3,-90.039208,21.1402587890625,1996.0,0.8534229397773743,51
c3_053,3,-90.013608,21.152114868164062,1996.0,0.8606767058372498,51
c3_060,3,-89.958906,21.12489891052246,1996.0,0.889349102973938,51
c3_057,3,-90.058071,21.159929275512695,1996.0,0.8303566575050354,51
c3_061,3,-89.973457,21.138911,1996.0,0.8050594925880432,51
c3_064,3,-89.989625,21.149959564208984,1996.0,0.7270808815956116,51
c3_063,3,-90.030046,21.125707,1996.0,0.8157210350036621,51
c3_065,3,-89.972379,21.162086486816406,1996.0,0.7772229313850403,51
c3_054,3,-90.029237,21.101455,1996.0,0.7807823419570923,51
c3_056,3,-90.008758,21.114120483398438,1996.0,0.7714618444442749,51
c4_051,4,-89.958906,21.191997,1996.0,0.23961471021175385,51
c4_052,4,-89.957828,21.178254,1996.0,0.19632168114185333,51
c4_053,4,-89.994476,21.172864,1996.0,0.2799663245677948,51
c4_054,4,-89.994745,21.168822,1996.0,0.3594454228878021,51
c4_055,4,-90.0025634765625,21.169631,1996.0,0.19295445084571838,51
c1_001,1,-90.056184,21.12301254272461,1997.0,0.7673880457878113,59
c1_002,1,-89.984506,21.126246,1997.0,0.7850061058998108,59
c1_003,1,-90.070197,21.140798,1997.0,0.8922431468963623,59
c1_004,1,-90.057801,21.145648,1997.0,0.8213428854942322,59
c1_005,1,-90.024926,21.145379,1997.0,0.6905076503753662,59
c1_006,1,-89.979386,21.130288,1997.0,0.7875048518180847,59
c1_007,1,-90.08636474609375,21.137025,1997.0,0.7938361763954163,59
c1_008,1,-89.952169,21.14322280883789,1997.0,0.8391659259796143,59
c1_009,1,-90.055106,21.138911,1997.0,0.6777284145355225,59
c1_010,1,-89.945702,21.14322280883789,1997.0,0.817451536655426,59
c1_011,1,-89.958098,21.149151,1997.0,0.785099446773529,59
c1_012,1,-90.036783,21.117354,1997.0,0.8189492225646973,59
c1_013,1,-90.113042,21.085018157958984,1997.0,0.8374620079994202,59
c1_014,1,-89.944085,21.154002,1997.0,0.8445158004760742,59
c1_015,1,-90.065885,21.113581,1997.0,0.7412969470024109,59
c1_016,1,-90.064538,21.121126174926758,1997.0,0.7995453476905823,59
c1_017,1,-90.01280212402344,21.122474,1997.0,0.7990288734436035,59
c1_018,1,-90.013608,21.150499,1997.0,0.8422622680664062,59
c1_019,1,-90.075856,21.141876220703125,1997.0,0.8396381735801697,59
c1_020,1,-90.063729,21.119510650634766,1997.0,0.7361218333244324,59
c1_021,1,-90.112234,21.128671646118164,1997.0,0.7404192686080933,59
c1_022,1,-89.970224,21.131635665893555,1997.0,0.6982027292251587,59
c1_023,1,-90.049448,21.111425399780273,1997.0,0.7776707410812378,59
c1_024,1,-90.076933,21.135408401489258,1997.0,0.7997413873672485,59
c1_025,1,-90.09391021728516,21.143762,1997.0,0.8419492840766907,59
c1_026,1,-89.940852,21.145917892456055,1997.0,0.8351714015007019,59
c1_027,1,-89.945163,21.154002,1997.0,0.8050069212913513,59
c1_028,1,-90.098491,21.127324,1997.0,0.8055050373077393,59
c1_029,1,-90.003368,21.149421,1997.0,0.7884961366653442,59
c1_030,1,-89.972918,21.124629,1997.0,0.8900240659713745,59
c1_031,1,-90.003907,21.124359130859375,1997.0,0.8228088617324829,59
c1_032,1,-90.066694,21.0987606048584,1997.0,0.7943117618560791,59
c1_033,1,-89.994745,21.123552322387695,1997.0,0.7267757058143616,59
c1_034,1,-90.08879089355469,21.142953,1997.0,0.8446528315544128,59
c1_035,1,-90.063191,21.110887,1997.0,0.7547173500061035,59
c1_036,1,-89.960523,21.137563705444336,1997.0,0.8143455982208252,59
c1_037,1,-90.094179,21.093371,1997.0,0.7781498432159424,59
c1_038,1,-90.0025634765625,21.122743,1997.0,0.7690547108650208,59
c1_039,1,-90.051334,21.132714,1997.0,0.7002831697463989,59
c1_040,1,-90.066694,21.13837242126465,1997.0,0.7784637808799744,59
c1_041,1,-90.116815,21.0882511138916,1997.0,0.8224567174911499,59
c1_042,1,-90.057801,21.148612,1997.0,0.8434348106384277,59
c1_043,1,-90.080706,21.141876220703125,1997.0,0.8346121311187744,59
c1_044,1,-89.947319,21.188493728637695,1997.0,0.7420666813850403,59
c1_045,1,-89.981811,21.124091,1997.0,0.8324177265167236,59
c1_046,1,-90.058879,21.128671646118164,1997.0,0.7380077838897705,59
c1_047,1,-90.075317,21.10361099243164,1997.0,0.8004533648490906,59
c1_048,1,-90.003638,21.150768280029297,1997.0,0.787200927734375,59
c1_049,1,-90.026543,21.122743,1997.0,0.8243910670280457,59
c1_050,1,-90.108731,21.117623,1997.0,0.8338809013366699,59
c2_001,2,-89.960253,21.154002,1997.0,0.7248474955558777,59
c2_002,2,-90.117623,21.133522033691406,1997.0,0.7133961915969849,59
c2_003,2,-90.07881927490234,21.09229278564453,1997.0,0.8134210109710693,59
c2_004,2,-89.978847,21.15022850036621,1997.0,0.778505265712738,59
c2_005,2,-90.089329,21.09364128112793,1997.0,0.835857093334198,59
c2_006,2,-90.11412048339844,21.100377,1997.0,0.744398832321167,59
c2_007,2,-90.106036,21.131635665893555,1997.0,0.835037112236023,59
c2_008,2,-90.001213,21.145379,1997.0,0.8264220952987671,59
c2_009,2,-89.963217,21.183913,1997.0,0.6238952279090881,59
c2_010,2,-90.10226440429688,21.144301,1997.0,0.7538103461265564,59
c2_011,2,-89.958636,21.125438,1997.0,0.8011298775672913,59
c2_012,2,-90.097413,21.149959564208984,1997.0,0.8228852152824402,59
c2_013,2,-90.100647,21.106845,1997.0,0.715335488319397,59
c2_014,2,-90.04594421386719,21.111156463623047,1997.0,0.7130028605461121,59
c2_015,2,-90.068849,21.102802276611328,1997.0,0.8586719632148743,59
c2_016,2,-90.118162,21.135947,1997.0,0.6753098964691162,59
c2_017,2,-89.96214294433594,21.120587,1997.0,0.8350334763526917,59
c2_018,2,-89.981541,21.148343,1997.0,0.7205683588981628,59
c2_019,2,-90.041364,21.101186,1997.0,0.7907676696777344,59
c2_020,2,-90.082592,21.10064697265625,1997.0,0.8226527571678162,59
c2_021,2,-89.945163,21.161008,1997.0,0.7851918935775757,59
c2_022,2,-90.01280212402344,21.118162155151367,1997.0,0.8261834979057312,59
c2_023,2,-89.94165802001953,21.17879295349121,1997.0,0.6072238087654114,59
c2_024,2,-89.940043,21.179332,1997.0,0.6522690653800964,59
c2_025,2,-89.942199,21.169092178344727,1997.0,0.756085991859436,59
c2_026,2,-90.04837036132812,21.15858268737793,1997.0,0.624630331993103,59
c2_027,2,-90.018189,21.155078887939453,1997.0,0.7817074656486511,59
c2_028,2,-90.018998,21.118701,1997.0,0.7555864453315735,59
c2_029,2,-89.960253,21.166936,1997.0,0.8632730841636658,59
c2_030,2,-90.08636474609375,21.13918113708496,1997.0,0.8197236061096191,59
c2_031,2,-90.006871,21.167745,1997.0,0.5214114785194397,59
c2_032,2,-89.9599838256836,21.15750503540039,1997.0,0.6147213578224182,59
c2_033,2,-90.052412,21.115737,1997.0,0.7951189279556274,59
c2_034,2,-90.075586,21.099569,1997.0,0.7641241550445557,59
c2_035,2,-90.108731,21.095796,1997.0,0.721035897731781,59
c2_036,2,-90.026543,21.155078887939453,1997.0,0.8528999090194702,59
c2_037,2,-90.006871,21.131097,1997.0,0.7863208055496216,59
c2_038,2,-90.080167,21.099838256835938,1997.0,0.8162739276885986,59
c2_039,2,-89.947588,21.136486053466797,1997.0,0.8465161919593811,59
c2_040,2,-90.061304,21.10468864440918,1997.0,0.8278595209121704,59
c2_041,2,-90.075856,21.134868621826172,1997.0,0.8213528394699097,59
c2_042,2,-89.99959564208984,21.12004852294922,1997.0,0.7979532480239868,59
c2_043,2,-90.101725,21.08043670654297,1997.0,0.8052991032600403,59
c2_044,2,-90.026004,21.113851,1997.0,0.8172206282615662,59
c2_045,2,-90.118162,21.129209518432617,1997.0,0.8544216752052307,59
c2_046,2,-89.94139099121094,21.172056198120117,1997.0,0.8114817142486572,59
c2_047,2,-89.969685,21.1402587890625,1997.0,0.8102240562438965,59
c2_048,2,-90.1038818359375,21.095527,1997.0,0.7297370433807373,59
c2_049,2,-89.99231719970703,21.149690628051758,1997.0,0.7603092789649963,59
c2_050,2,-89.950822,21.121396,1997.0,0.8354669809341431,59
c3_045,3,-89.992859,21.161815643310547,1997.0,0.4905501902103424,59
c3_003,3,-90.034357,21.15858268737793,1997.0,0.2327071726322174,59
c3_026,3,-89.986931,21.149959564208984,1997.0,0.8484342694282532,59
c3_008,3,-90.084209,21.151576,1997.0,0.6167157888412476,59
c3_017,3,-89.970493,21.159929275512695,1997.0,0.7559791803359985,59
c3_004,3,-89.982619,21.180679,1997.0,0.20903699100017548,59
c3_040,3,-89.9742660522461,21.185529708862305,1997.0,0.8606677055358887,59
c3_024,3,-89.97722625732422,21.183913,1997.0,0.8240257501602173,59
c3_013,3,-89.995823,21.13837242126465,1997.0,0.821524977684021,59
c3_018,3,-90.062113,21.107114,1997.0,0.8682417869567871,59
c3_007,3,-90.088521,21.146995,1997.0,0.6501033306121826,59
c3_014,3,-89.951361,21.199003219604492,1997.0,0.7799800634384155,59
c3_042,3,-89.950283,21.199003219604492,1997.0,0.7438510656356812,59
c3_029,3,-90.000135,21.137563705444336,1997.0,0.7752236127853394,59
c3_005,3,-90.003638,21.111964,1997.0,0.7896555066108704,59
c3_022,3,-90.005524,21.112503051757812,1997.0,0.7789573073387146,59
c3_002,3,-89.953786,21.197656,1997.0,0.7670984864234924,59
c3_015,3,-89.940852,21.162086486816406,1997.0,0.7802479267120361,59
c3_020,3,-90.016842,21.116006,1997.0,0.8078921437263489,59
c3_027,3,-89.982619,21.149421,1997.0,0.7232468724250793,59
c3_030,3,-89.942738,21.1674747467041,1997.0,0.7686178684234619,59
c3_050,3,-89.941929,21.168553,1997.0,0.6577930450439453,59
c3_009,3,-89.986392,21.149959564208984,1997.0,0.8954201936721802,59
c3_033,3,-90.039208,21.102802276611328,1997.0,0.7754926085472107,59
c3_038,3,-89.976152,21.169361114501953,1997.0,0.6722296476364136,59
c3_023,3,-89.97183990478516,21.169361114501953,1997.0,0.7358502745628357,59
c3_032,3,-90.00040435791016,21.138642,1997.0,0.7280107736587524,59
c3_046,3,-89.994476,21.137832641601562,1997.0,0.6512641906738281,59
c3_025,3,-89.947049,21.157235,1997.0,0.7847626209259033,59
c3_028,3,-89.976421,21.165858,1997.0,0.814686119556427,59
c3_036,3,-89.95189666748047,21.162894,1997.0,0.7135841250419617,59
c3_021,3,-90.007141,21.131635665893555,1997.0,0.7937363982200623,59
c3_035,3,-90.000943,21.144569396972656,1997.0,0.8120052814483643,59
c3_037,3,-89.97183990478516,21.162086486816406,1997.0,0.7757385969161987,59
c3_039,3,-89.976691,21.168283462524414,1997.0,0.7164727449417114,59
c3_041,3,-89.973996,21.137563705444336,1997.0,0.7494274377822876,59
c3_034,3,-90.041364,21.1402587890625,1997.0,0.7390223145484924,59
c3_047,3,-90.028698,21.126246,1997.0,0.8201658129692078,59
c3_048,3,-90.030315,21.124359130859375,1997.0,0.798643946647644,59
c3_011,3,-90.035974,21.099299,1997.0,0.7338094711303711,59
c3_001,3,-90.080437,21.100377,1997.0,0.7767228484153748,59
c3_006,3,-89.94677734375,21.202237,1997.0,0.8649449348449707,59
c3_019,3,-89.958367,21.172056198120117,1997.0,0.8623400330543518,59
c3_031,3,-90.00740814208984,21.113042,1997.0,0.7904369235038757,59
c3_010,3,-90.01252746582031,21.114659,1997.0,0.8075287938117981,59
c3_012,3,-90.00768280029297,21.114389419555664,1997.0,0.7496297955513,59
c3_016,3,-90.045675,21.097951889038086,1997.0,0.6944642066955566,59
c3_043,3,-89.967259,21.189841,1997.0,0.8625200390815735,59
c3_044,3,-90.046214,21.097413,1997.0,0.7380361557006836,59
c3_049,3,-90.016033,21.116006,1997.0,0.7857442498207092,59
c4_001,4,-90.002021,21.168822,1997.0,0.3696829378604889,59
c4_002,4,-90.013878,21.166397094726562,1997.0,0.3321939706802368,59
c4_003,4,-90.040286,21.149421,1997.0,0.4541438817977905,59
c4_004,4,-89.94139099121094,21.181487,1997.0,0.278923362493515,59
c4_005,4,-89.967529,21.183643341064453,1997.0,0.24678201973438263,59
c4_006,4,-89.943277,21.200620651245117,1997.0,0.32808536291122437,59
c4_007,4,-89.968068,21.171248,1997.0,0.30982133746147156,59
c4_008,4,-90.035705,21.15346336364746,1997.0,0.5481115579605103,59
c4_009,4,-89.967798,21.179332,1997.0,0.10064323246479034,59
c4_010,4,-89.949205,21.194961,1997.0,0.16305120289325714,59
c4_011,4,-89.943007,21.202506,1997.0,0.2516316771507263,59
c4_012,4,-89.945163,21.199811,1997.0,0.24158193171024323,59
c4_013,4,-89.972379,21.174481,1997.0,0.14280728995800018,59
c4_014,4,-90.041633,21.148612,1997.0,0.3471616208553314,59
c4_015,4,-89.960792,21.190380096435547,1997.0,0.26439985632896423,59
c4_016,4,-89.958098,21.184452056884766,1997.0,0.14899735152721405,59
c4_017,4,-90.074239,21.133790969848633,1997.0,0.508679211139679,59
c4_018,4,-89.950822,21.1922664642334,1997.0,0.16611306369304657,59
c4_019,4,-89.996901,21.149959564208984,1997.0,0.5244461297988892,59
c4_020,4,-89.960523,21.186338424682617,1997.0,0.21241065859794617,59
c4_021,4,-89.9465103149414,21.185529708862305,1997.0,0.19344288110733032,59
c4_022,4,-89.957828,21.185529708862305,1997.0,0.19448716938495636,59
c4_023,4,-90.035705,21.144301,1997.0,0.6222416162490845,59
c4_024,4,-90.022501,21.156966,1997.0,0.32065194845199585,59
c4_025,4,-89.981002,21.165319,1997.0,0.4602219760417938,59
c4_026,4,-90.027621,21.162355422973633,1997.0,0.36564403772354126,59
c4_027,4,-89.949475,21.19415283203125,1997.0,0.12700912356376648,59
c4_028,4,-89.940852,21.201428,1997.0,0.20361438393592834,59
c4_029,4,-89.961601,21.190919,1997.0,0.25733670592308044,59
c4_030,4,-90.041364,21.151576,1997.0,0.7639782428741455,59
c4_031,4,-90.062382,21.153732299804688,1997.0,0.7848122119903564,59
c4_032,4,-89.944085,21.193883,1997.0,0.159715935587883,59
c4_033,4,-89.981811,21.164511,1997.0,0.5440133213996887,59
c4_034,4,-89.940313,21.199811,1997.0,0.18962231278419495,59
c4_035,4,-90.072622,21.132714,1997.0,0.5353263020515442,59
c4_036,4,-89.942738,21.183643341064453,1997.0,0.3190694749355316,59
c4_037,4,-89.9742660522461,21.173673,1997.0,0.4260816276073456,59
c4_038,4,-89.966451,21.182565,1997.0,0.2861386835575104,59
c4_039,4,-90.014147,21.163972,1997.0,0.1909722238779068,59
c4_040,4,-89.944355,21.201428,1997.0,0.2771379351615906,59
c4_041,4,-90.011183,21.148881912231445,1997.0,0.6433171629905701,59
c4_042,4,-90.071814,21.131635665893555,1997.0,0.5508847236633301,59
c4_043,4,-90.11438751220703,21.11061668395996,1997.0,0.7295525670051575,59
c4_044,4,-89.956481,21.189302444458008,1997.0,0.25026246905326843,59
c4_045,4,-90.036513,21.153732299804688,1997.0,0.5140678882598877,59
c4_046,4,-89.98235321044922,21.169092178344727,1997.0,0.6284912824630737,59
c4_047,4,-89.992859,21.172864,1997.0,0.4437142312526703,59
c4_048,4,-89.948127,21.191457748413086,1997.0,0.2432880997657776,59
c4_049,4,-90.1195068359375,21.108461380004883,1997.0,0.5854954123497009,59
c4_050,4,-90.094718,21.12301254272461,1997.0,0.48968005180358887,59
c5_045,5,-90.018998,21.166128158569336,1997.0,0.3690229058265686,59
c5_008,5,-90.034357,21.155618,1997.0,0.30153951048851013,59
c5_010,5,-89.957289,21.163703,1997.0,0.41522759199142456,59
c5_011,5,-90.004985,21.156696319580078,1997.0,0.42807531356811523,59
c5_012,5,-90.066424,21.154809951782227,1997.0,0.5268062353134155,59
c5_014,5,-90.006871,21.155887603759766,1997.0,0.44984933733940125,59
c5_016,5,-90.002829,21.15642738342285,1997.0,0.4526219964027405,59
c5_022,5,-90.044597,21.154809951782227,1997.0,0.3536098301410675,59
c5_024,5,-89.995284,21.15642738342285,1997.0,0.4073827564716339,59
c5_003,5,-90.056993,21.154541015625,1997.0,0.5405662059783936,59
c5_013,5,-90.020614,21.157235,1997.0,0.32952654361724854,59
c5_020,5,-90.027621,21.156966,1997.0,0.3228624165058136,59
c5_025,5,-90.03301239013672,21.15966033935547,1997.0,0.19160115718841553,59
c5_034,5,-90.012261,21.166397094726562,1997.0,0.3421887457370758,59
c5_040,5,-90.069658,21.154541015625,1997.0,0.45217254757881165,59
c5_041,5,-89.998787,21.156156539916992,1997.0,0.443413645029068,59
c5_043,5,-90.113042,21.13729476928711,1997.0,0.6362298727035522,59
c5_002,5,-90.042172,21.156156539916992,1997.0,0.26055869460105896,59
c5_004,5,-90.034088,21.156966,1997.0,0.3424311876296997,59
c5_001,5,-89.996093,21.155887603759766,1997.0,0.5208597779273987,59
c5_006,5,-90.035435,21.154809951782227,1997.0,0.5570425391197205,59
c5_015,5,-89.942738,21.172864,1997.0,0.5771704316139221,59
c5_018,5,-90.0685806274414,21.152385,1997.0,0.5376766920089722,59
c5_026,5,-89.998248,21.172326,1997.0,0.6744111776351929,59
c5_033,5,-90.01980590820312,21.156966,1997.0,0.5238839983940125,59
c5_036,5,-90.041902,21.15750503540039,1997.0,0.44789940118789673,59
c5_039,5,-90.060496,21.15642738342285,1997.0,0.626727819442749,59
c5_005,5,-90.041633,21.159929275512695,1997.0,0.5281171202659607,59
c5_009,5,-90.038938,21.154271,1997.0,0.43335258960723877,59
c5_019,5,-90.057262,21.155349,1997.0,0.6009764075279236,59
c5_021,5,-90.089598,21.148073196411133,1997.0,0.4610714018344879,59
c5_030,5,-90.071814,21.151845932006836,1997.0,0.6208947896957397,59
c5_031,5,-90.003099,21.155618,1997.0,0.4617679715156555,59
c5_035,5,-90.095527,21.151845932006836,1997.0,0.5311625003814697,59
c5_037,5,-89.996632,21.160469,1997.0,0.7106882929801941,59
c5_023,5,-89.978038,21.180139541625977,1997.0,0.21124671399593353,59
c5_017,5,-90.040555,21.145917892456055,1997.0,0.47046104073524475,59
c5_027,5,-90.08879089355469,21.150768280029297,1997.0,0.6944595575332642,59
c5_047,5,-90.001213,21.154541015625,1997.0,0.748096764087677,59
c5_048,5,-90.028429,21.156696319580078,1997.0,0.404189795255661,59
c5_029,5,-90.090407,21.149421,1997.0,0.614515483379364,59
c5_032,5,-90.079359,21.150768280029297,1997.0,0.6291120052337646,59
c5_038,5,-90.04082489013672,21.156966,1997.0,0.49589741230010986,59
c5_046,5,-90.067233,21.152114868164062,1997.0,0.5620050430297852,59
c5_028,5,-90.095527,21.150499,1997.0,0.5618941783905029,59
c5_044,5,-89.973188,21.183374404907227,1997.0,0.4096289277076721,59
c5_042,5,-90.08124542236328,21.149421,1997.0,0.6898523569107056,59
c5_007,5,-90.021962,21.143491744995117,1997.0,0.4081839621067047,59
c10_001,3,-90.028968,21.158313,1997.0,0.28179386258125305,59
c10_005,3,-89.954594,21.163972,1997.0,0.4963323473930359,59
c10_002,3,-90.033549,21.15858268737793,1997.0,0.22722876071929932,59
c10_003,3,-90.030046,21.158044,1997.0,0.31335777044296265,59
c10_004,3,-90.029507,21.157773971557617,1997.0,0.3414716124534607,59
c10_006,3,-90.03301239013672,21.159122467041016,1997.0,0.2630687355995178,59
c10_007,3,-90.03301239013672,21.158044,1997.0,0.2924940288066864,59
c10_009,3,-90.032741,21.15858268737793,1997.0,0.28044864535331726,59
c10_010,3,-90.030585,21.158044,1997.0,0.2577115297317505,59
c10_008,3,-89.95405578613281,21.163972,1997.0,0.4574383795261383,59
c1_051,1,-90.064538,21.118162155151367,1997.0,0.7314844727516174,59
c1_052,1,-90.05322265625,21.112234115600586,1997.0,0.7471166253089905,59
c1_053,1,-90.068041,21.142953,1997.0,0.7839482426643372,59
c1_054,1,-90.00040435791016,21.124359130859375,1997.0,0.7499392628669739,59
c1_055,1,-90.049178,21.1402587890625,1997.0,0.7666531205177307,59
c2_051,2,-90.111695,21.123821258544922,1997.0,0.7461910247802734,59
c2_052,2,-90.02277374267578,21.139720916748047,1997.0,0.8986456394195557,59
c2_053,2,-89.941929,21.138911,1997.0,0.839527428150177,59
c2_054,2,-89.950013,21.130019,1997.0,0.8370620608329773,59
c2_055,2,-90.106306,21.128941,1997.0,0.7416530847549438,59
c3_062,3,-90.086634,21.149690628051758,1997.0,0.5023019909858704,59
c3_051,3,-90.010914,21.144301,1997.0,0.8256205320358276,59
c3_055,3,-90.079359,21.150499,1997.0,0.6291120052337646,59
c3_058,3,-90.000943,21.171248,1997.0,0.7297401428222656,59
c3_052,3,-90.094179,21.114929,1997.0,0.7254258990287781,59
c3_059,3,-90.039208,21.1402587890625,1997.0,0.7914926409721375,59
c3_053,3,-90.013608,21.152114868164062,1997.0,0.8864219784736633,59
c3_060,3,-89.958906,21.12489891052246,1997.0,0.8802062273025513,59
c3_057,3,-90.058071,21.159929275512695,1997.0,0.8258341550827026,59
c3_061,3,-89.973457,21.138911,1997.0,0.7715587615966797,59
c3_064,3,-89.989625,21.149959564208984,1997.0,0.7982986569404602,59
c3_063,3,-90.030046,21.125707,1997.0,0.8147470355033875,59
c3_065,3,-89.972379,21.162086486816406,1997.0,0.8057891130447388,59
c3_054,3,-90.029237,21.101455,1997.0,0.8035972714424133,59
c3_056,3,-90.008758,21.114120483398438,1997.0,0.7822822332382202,59
c4_051,4,-89.958906,21.191997,1997.0,0.16055147349834442,59
c4_052,4,-89.957828,21.178254,1997.0,0.29405638575553894,59
c4_053,4,-89.994476,21.172864,1997.0,0.3462662994861603,59
c4_054,4,-89.994745,21.168822,1997.0,0.1471812129020691,59
c4_055,4,-90.0025634765625,21.169631,1997.0,0.22239799797534943,59
c1_001,1,-90.056184,21.12301254272461,1998.0,0.7568081021308899,53
c1_002,1,-89.984506,21.126246,1998.0,0.7835874557495117,53
c1_003,1,-90.070197,21.140798,1998.0,0.7987112402915955,53
c1_004,1,-90.057801,21.145648,1998.0,0.8094407320022583,53
c1_005,1,-90.024926,21.145379,1998.0,0.652708888053894,53
c1_006,1,-89.979386,21.130288,1998.0,0.7880979180335999,53
c1_007,1,-90.08636474609375,21.137025,1998.0,0.7863652110099792,53
c1_008,1,-89.952169,21.14322280883789,1998.0,0.7914531826972961,53
c1_009,1,-90.055106,21.138911,1998.0,0.7013797163963318,53
c1_010,1,-89.945702,21.14322280883789,1998.0,0.8058383464813232,53
c1_011,1,-89.958098,21.149151,1998.0,0.7861589193344116,53
c1_012,1,-90.036783,21.117354,1998.0,0.8112308382987976,53
c1_013,1,-90.113042,21.085018157958984,1998.0,0.8386885523796082,53
c1_014,1,-89.944085,21.154002,1998.0,0.8346765041351318,53
c1_015,1,-90.065885,21.113581,1998.0,0.7273954153060913,53
c1_016,1,-90.064538,21.121126174926758,1998.0,0.8117871880531311,53
c1_017,1,-90.01280212402344,21.122474,1998.0,0.7985570430755615,53
c1_018,1,-90.013608,21.150499,1998.0,0.8088245987892151,53
c1_019,1,-90.075856,21.141876220703125,1998.0,0.8374928832054138,53
c1_020,1,-90.063729,21.119510650634766,1998.0,0.7346904277801514,53
c1_021,1,-90.112234,21.128671646118164,1998.0,0.7125350832939148,53
c1_022,1,-89.970224,21.131635665893555,1998.0,0.7436708211898804,53
c1_023,1,-90.049448,21.111425399780273,1998.0,0.7410702705383301,53
c1_024,1,-90.076933,21.135408401489258,1998.0,0.8794528245925903,53
c1_025,1,-90.09391021728516,21.143762,1998.0,0.8380340337753296,53
c1_026,1,-89.940852,21.145917892456055,1998.0,0.838726282119751,53
c1_027,1,-89.945163,21.154002,1998.0,0.7947912216186523,53
c1_028,1,-90.098491,21.127324,1998.0,0.8167456388473511,53
c1_029,1,-90.003368,21.149421,1998.0,0.7344746589660645,53
c1_030,1,-89.972918,21.124629,1998.0,0.805095911026001,53
c1_031,1,-90.003907,21.124359130859375,1998.0,0.7810773253440857,53
c1_032,1,-90.066694,21.0987606048584,1998.0,0.7986049652099609,53
c1_033,1,-89.994745,21.123552322387695,1998.0,0.771909773349762,53
c1_034,1,-90.08879089355469,21.142953,1998.0,0.8564848303794861,53
c1_035,1,-90.063191,21.110887,1998.0,0.7515392303466797,53
c1_036,1,-89.960523,21.137563705444336,1998.0,0.8044639229774475,53
c1_037,1,-90.094179,21.093371,1998.0,0.7840129733085632,53
c1_038,1,-90.0025634765625,21.122743,1998.0,0.766000509262085,53
c1_039,1,-90.051334,21.132714,1998.0,0.7435054779052734,53
c1_040,1,-90.066694,21.13837242126465,1998.0,0.7560245394706726,53
c1_041,1,-90.116815,21.0882511138916,1998.0,0.7724501490592957,53
c1_042,1,-90.057801,21.148612,1998.0,0.7881976962089539,53
c1_043,1,-90.080706,21.141876220703125,1998.0,0.7887228727340698,53
c1_044,1,-89.947319,21.188493728637695,1998.0,0.757377028465271,53
c1_045,1,-89.981811,21.124091,1998.0,0.8248876929283142,53
c1_046,1,-90.058879,21.128671646118164,1998.0,0.7004737854003906,53
c1_047,1,-90.075317,21.10361099243164,1998.0,0.8004534244537354,53
c1_048,1,-90.003638,21.150768280029297,1998.0,0.7915850877761841,53
c1_049,1,-90.026543,21.122743,1998.0,0.8117727637290955,53
c1_050,1,-90.108731,21.117623,1998.0,0.7886861562728882,53
c2_001,2,-89.960253,21.154002,1998.0,0.7782119512557983,53
c2_002,2,-90.117623,21.133522033691406,1998.0,0.7629013657569885,53
c2_003,2,-90.07881927490234,21.09229278564453,1998.0,0.8004297018051147,53
c2_004,2,-89.978847,21.15022850036621,1998.0,0.7891226410865784,53
c2_005,2,-90.089329,21.09364128112793,1998.0,0.8042454123497009,53
c2_006,2,-90.11412048339844,21.100377,1998.0,0.7541027069091797,53
c2_007,2,-90.106036,21.131635665893555,1998.0,0.8447579145431519,53
c2_008,2,-90.001213,21.145379,1998.0,0.8545615673065186,53
c2_009,2,-89.963217,21.183913,1998.0,0.7027615904808044,53
c2_010,2,-90.10226440429688,21.144301,1998.0,0.7534170150756836,53
c2_011,2,-89.958636,21.125438,1998.0,0.7981747984886169,53
c2_012,2,-90.097413,21.149959564208984,1998.0,0.8462993502616882,53
c2_013,2,-90.100647,21.106845,1998.0,0.7241681218147278,53
c2_014,2,-90.04594421386719,21.111156463623047,1998.0,0.6650328636169434,53
c2_015,2,-90.068849,21.102802276611328,1998.0,0.8286488652229309,53
c2_016,2,-90.118162,21.135947,1998.0,0.7907808423042297,53
c2_017,2,-89.96214294433594,21.120587,1998.0,0.8016521334648132,53
c2_018,2,-89.981541,21.148343,1998.0,0.7096867561340332,53
c2_019,2,-90.041364,21.101186,1998.0,0.7988759875297546,53
c2_020,2,-90.082592,21.10064697265625,1998.0,0.7990906238555908,53
c2_021,2,-89.945163,21.161008,1998.0,0.7344557046890259,53
c2_022,2,-90.01280212402344,21.118162155151367,1998.0,0.7828299403190613,53
c2_023,2,-89.94165802001953,21.17879295349121,1998.0,0.6417140960693359,53
c2_024,2,-89.940043,21.179332,1998.0,0.6441178321838379,53
c2_025,2,-89.942199,21.169092178344727,1998.0,0.7560579776763916,53
c2_026,2,-90.04837036132812,21.15858268737793,1998.0,0.714310348033905,53
c2_027,2,-90.018189,21.155078887939453,1998.0,0.811440110206604,53
c2_028,2,-90.018998,21.118701,1998.0,0.7724397778511047,53
c2_029,2,-89.960253,21.166936,1998.0,0.8705023527145386,53
c2_030,2,-90.08636474609375,21.13918113708496,1998.0,0.8296611905097961,53
c2_031,2,-90.006871,21.167745,1998.0,0.620125949382782,53
c2_032,2,-89.9599838256836,21.15750503540039,1998.0,0.6063892245292664,53
c2_033,2,-90.052412,21.115737,1998.0,0.7773913145065308,53
c2_034,2,-90.075586,21.099569,1998.0,0.7617530226707458,53
c2_035,2,-90.108731,21.095796,1998.0,0.7458890676498413,53
c2_036,2,-90.026543,21.155078887939453,1998.0,0.8603229522705078,53
c2_037,2,-90.006871,21.131097,1998.0,0.7882390022277832,53
c2_038,2,-90.080167,21.099838256835938,1998.0,0.8119067549705505,53
c2_039,2,-89.947588,21.136486053466797,1998.0,0.8474770784378052,53
c2_040,2,-90.061304,21.10468864440918,1998.0,0.7774989008903503,53
c2_041,2,-90.075856,21.134868621826172,1998.0,0.7837744951248169,53
c2_042,2,-89.99959564208984,21.12004852294922,1998.0,0.7943145036697388,53
c2_043,2,-90.101725,21.08043670654297,1998.0,0.7946892976760864,53
c2_044,2,-90.026004,21.113851,1998.0,0.79930180311203,53
c2_045,2,-90.118162,21.129209518432617,1998.0,0.8305032253265381,53
c2_046,2,-89.94139099121094,21.172056198120117,1998.0,0.7986546158790588,53
c2_047,2,-89.969685,21.1402587890625,1998.0,0.8490179181098938,53
c2_048,2,-90.1038818359375,21.095527,1998.0,0.7710046172142029,53
c2_049,2,-89.99231719970703,21.149690628051758,1998.0,0.7898650169372559,53
c2_050,2,-89.950822,21.121396,1998.0,0.8814920783042908,53
c3_045,3,-89.992859,21.161815643310547,1998.0,0.24184350669384003,53
c3_003,3,-90.034357,21.15858268737793,1998.0,0.26545509696006775,53
c3_026,3,-89.986931,21.149959564208984,1998.0,0.8610472679138184,53
c3_008,3,-90.084209,21.151576,1998.0,0.7170271277427673,53
c3_017,3,-89.970493,21.159929275512695,1998.0,0.7310141921043396,53
c3_004,3,-89.982619,21.180679,1998.0,0.18470808863639832,53
c3_040,3,-89.9742660522461,21.185529708862305,1998.0,0.8743513822555542,53
c3_024,3,-89.97722625732422,21.183913,1998.0,0.8678317070007324,53
c3_013,3,-89.995823,21.13837242126465,1998.0,0.8307712078094482,53
c3_018,3,-90.062113,21.107114,1998.0,0.8473621606826782,53
c3_007,3,-90.088521,21.146995,1998.0,0.7565687894821167,53
c3_014,3,-89.951361,21.199003219604492,1998.0,0.8240865468978882,53
c3_042,3,-89.950283,21.199003219604492,1998.0,0.7891722321510315,53
c3_029,3,-90.000135,21.137563705444336,1998.0,0.9835172295570374,53
c3_005,3,-90.003638,21.111964,1998.0,0.7753066420555115,53
c3_022,3,-90.005524,21.112503051757812,1998.0,0.7734100818634033,53
c3_002,3,-89.953786,21.197656,1998.0,0.7838994860649109,53
c3_015,3,-89.940852,21.162086486816406,1998.0,0.7364726066589355,53
c3_020,3,-90.016842,21.116006,1998.0,0.8126112818717957,53
c3_027,3,-89.982619,21.149421,1998.0,0.669719398021698,53
c3_030,3,-89.942738,21.1674747467041,1998.0,0.714138925075531,53
c3_050,3,-89.941929,21.168553,1998.0,0.5964722037315369,53
c3_009,3,-89.986392,21.149959564208984,1998.0,0.8572750687599182,53
c3_033,3,-90.039208,21.102802276611328,1998.0,0.7688353061676025,53
c3_038,3,-89.976152,21.169361114501953,1998.0,0.690481424331665,53
c3_023,3,-89.97183990478516,21.169361114501953,1998.0,0.7076713442802429,53
c3_032,3,-90.00040435791016,21.138642,1998.0,0.8425376415252686,53
c3_046,3,-89.994476,21.137832641601562,1998.0,0.7751161456108093,53
c3_025,3,-89.947049,21.157235,1998.0,0.7346240878105164,53
c3_028,3,-89.976421,21.165858,1998.0,0.7912521362304688,53
c3_036,3,-89.95189666748047,21.162894,1998.0,0.6999372243881226,53
c3_021,3,-90.007141,21.131635665893555,1998.0,0.7780821919441223,53
c3_035,3,-90.000943,21.144569396972656,1998.0,0.8648324012756348,53
c3_037,3,-89.97183990478516,21.162086486816406,1998.0,0.7999474406242371,53
c3_039,3,-89.976691,21.168283462524414,1998.0,0.7129876017570496,53
c3_041,3,-89.973996,21.137563705444336,1998.0,0.7494615912437439,53
c3_034,3,-90.041364,21.1402587890625,1998.0,0.694852888584137,53
c3_047,3,-90.028698,21.126246,1998.0,0.8378010988235474,53
c3_048,3,-90.030315,21.124359130859375,1998.0,0.7819932103157043,53
c3_011,3,-90.035974,21.099299,1998.0,0.7615931630134583,53
c3_001,3,-90.080437,21.100377,1998.0,0.7643643617630005,53
c3_006,3,-89.94677734375,21.202237,1998.0,0.8561320900917053,53
c3_019,3,-89.958367,21.172056198120117,1998.0,0.8403556942939758,53
c3_031,3,-90.00740814208984,21.113042,1998.0,0.8022575974464417,53
c3_010,3,-90.01252746582031,21.114659,1998.0,0.7808924317359924,53
c3_012,3,-90.00768280029297,21.114389419555664,1998.0,0.7726488709449768,53
c3_016,3,-90.045675,21.097951889038086,1998.0,0.7029207348823547,53
c3_043,3,-89.967259,21.189841,1998.0,0.8910077810287476,53
c3_044,3,-90.046214,21.097413,1998.0,0.7232589721679688,53
c3_049,3,-90.016033,21.116006,1998.0,0.787615180015564,53
c4_001,4,-90.002021,21.168822,1998.0,0.4831443130970001,53
c4_002,4,-90.013878,21.166397094726562,1998.0,0.5431269407272339,53
c4_003,4,-90.040286,21.149421,1998.0,0.2767181694507599,53
c4_004,4,-89.94139099121094,21.181487,1998.0,0.5054956674575806,53
c4_005,4,-89.967529,21.183643341064453,1998.0,0.40518689155578613,53
c4_006,4,-89.943277,21.200620651245117,1998.0,0.4883003830909729,53
c4_007,4,-89.968068,21.171248,1998.0,0.5233740210533142,53
c4_008,4,-90.035705,21.15346336364746,1998.0,0.5930987596511841,53
c4_009,4,-89.967798,21.179332,1998.0,0.15868906676769257,53
c4_010,4,-89.949205,21.194961,1998.0,0.22708113491535187,53
c4_011,4,-89.943007,21.202506,1998.0,0.47229430079460144,53
c4_012,4,-89.945163,21.199811,1998.0,0.16996055841445923,53
c4_013,4,-89.972379,21.174481,1998.0,0.19520047307014465,53
c4_014,4,-90.041633,21.148612,1998.0,0.3010959327220917,53
c4_015,4,-89.960792,21.190380096435547,1998.0,0.26031941175460815,53
c4_016,4,-89.958098,21.184452056884766,1998.0,0.3483651876449585,53
c4_017,4,-90.074239,21.133790969848633,1998.0,0.5202102065086365,53
c4_018,4,-89.950822,21.1922664642334,1998.0,0.2251470386981964,53
c4_019,4,-89.996901,21.149959564208984,1998.0,0.7650228142738342,53
c4_020,4,-89.960523,21.186338424682617,1998.0,0.26599782705307007,53
c4_021,4,-89.9465103149414,21.185529708862305,1998.0,0.19794681668281555,53
c4_022,4,-89.957828,21.185529708862305,1998.0,0.16617701947689056,53
c4_023,4,-90.035705,21.144301,1998.0,0.6117556691169739,53
c4_024,4,-90.022501,21.156966,1998.0,0.23810836672782898,53
c4_025,4,-89.981002,21.165319,1998.0,0.4416220188140869,53
c4_026,4,-90.027621,21.162355422973633,1998.0,0.5131322145462036,53
c4_027,4,-89.949475,21.19415283203125,1998.0,0.1434689164161682,53
c4_028,4,-89.940852,21.201428,1998.0,0.506296694278717,53
c4_029,4,-89.961601,21.190919,1998.0,0.39707645773887634,53
c4_030,4,-90.041364,21.151576,1998.0,0.8549912571907043,53
c4_031,4,-90.062382,21.153732299804688,1998.0,0.5361344814300537,53
c4_032,4,-89.944085,21.193883,1998.0,0.16231806576251984,53
c4_033,4,-89.981811,21.164511,1998.0,0.6167958378791809,53
c4_034,4,-89.940313,21.199811,1998.0,0.24862298369407654,53
c4_035,4,-90.072622,21.132714,1998.0,0.5640319585800171,53
c4_036,4,-89.942738,21.183643341064453,1998.0,0.36722540855407715,53
c4_037,4,-89.9742660522461,21.173673,1998.0,0.4069412648677826,53
c4_038,4,-89.966451,21.182565,1998.0,0.4474453032016754,53
c4_039,4,-90.014147,21.163972,1998.0,0.16277778148651123,53
c4_040,4,-89.944355,21.201428,1998.0,0.5979564785957336,53
c4_041,4,-90.011183,21.148881912231445,1998.0,0.6587725281715393,53
c4_042,4,-90.071814,21.131635665893555,1998.0,0.5000268220901489,53
c4_043,4,-90.11438751220703,21.11061668395996,1998.0,0.6640570163726807,53
c4_044,4,-89.956481,21.189302444458008,1998.0,0.4266379475593567,53
c4_045,4,-90.036513,21.153732299804688,1998.0,0.5346010327339172,53
c4_046,4,-89.98235321044922,21.169092178344727,1998.0,0.7365596890449524,53
c4_047,4,-89.992859,21.172864,1998.0,0.5250021815299988,53
c4_048,4,-89.948127,21.191457748413086,1998.0,0.27182865142822266,53
c4_049,4,-90.1195068359375,21.108461380004883,1998.0,0.6045932173728943,53
c4_050,4,-90.094718,21.12301254272461,1998.0,0.5646474361419678,53
c5_045,5,-90.018998,21.166128158569336,1998.0,0.3729616403579712,53
c5_008,5,-90.034357,21.155618,1998.0,0.36978238821029663,53
c5_010,5,-89.957289,21.163703,1998.0,0.3919457197189331,53
c5_011,5,-90.004985,21.156696319580078,1998.0,0.36349138617515564,53
c5_012,5,-90.066424,21.154809951782227,1998.0,0.5958924293518066,53
c5_014,5,-90.006871,21.155887603759766,1998.0,0.41641783714294434,53
c5_016,5,-90.002829,21.15642738342285,1998.0,0.543811023235321,53
c5_022,5,-90.044597,21.154809951782227,1998.0,0.4483948051929474,53
c5_024,5,-89.995284,21.15642738342285,1998.0,0.2729405462741852,53
c5_003,5,-90.056993,21.154541015625,1998.0,0.7255936861038208,53
c5_013,5,-90.020614,21.157235,1998.0,0.3262386620044708,53
c5_020,5,-90.027621,21.156966,1998.0,0.39227095246315,53
c5_025,5,-90.03301239013672,21.15966033935547,1998.0,0.26545509696006775,53
c5_034,5,-90.012261,21.166397094726562,1998.0,0.5584325194358826,53
c5_040,5,-90.069658,21.154541015625,1998.0,0.509837806224823,53
c5_041,5,-89.998787,21.156156539916992,1998.0,0.8945913910865784,53
c5_043,5,-90.113042,21.13729476928711,1998.0,0.7364771962165833,53
c5_002,5,-90.042172,21.156156539916992,1998.0,0.27123820781707764,53
c5_004,5,-90.034088,21.156966,1998.0,0.2980584502220154,53
c5_001,5,-89.996093,21.155887603759766,1998.0,0.6262352466583252,53
c5_006,5,-90.035435,21.154809951782227,1998.0,0.5134086608886719,53
c5_015,5,-89.942738,21.172864,1998.0,0.49431586265563965,53
c5_018,5,-90.0685806274414,21.152385,1998.0,0.5958924293518066,53
c5_026,5,-89.998248,21.172326,1998.0,0.4487217366695404,53
c5_033,5,-90.01980590820312,21.156966,1998.0,0.5889379382133484,53
c5_036,5,-90.041902,21.15750503540039,1998.0,0.6084950566291809,53
c5_039,5,-90.060496,21.15642738342285,1998.0,0.7028661370277405,53
c5_005,5,-90.041633,21.159929275512695,1998.0,0.637636125087738,53
c5_009,5,-90.038938,21.154271,1998.0,0.4634520411491394,53
c5_019,5,-90.057262,21.155349,1998.0,0.626188337802887,53
c5_021,5,-90.089598,21.148073196411133,1998.0,0.7170324325561523,53
c5_030,5,-90.071814,21.151845932006836,1998.0,0.6228519678115845,53
c5_031,5,-90.003099,21.155618,1998.0,0.5462027192115784,53
c5_035,5,-90.095527,21.151845932006836,1998.0,0.5961849689483643,53
c5_037,5,-89.996632,21.160469,1998.0,0.8282645344734192,53
c5_023,5,-89.978038,21.180139541625977,1998.0,0.2576165199279785,53
c5_017,5,-90.040555,21.145917892456055,1998.0,0.3499230444431305,53
c5_027,5,-90.08879089355469,21.150768280029297,1998.0,0.7573866844177246,53
c5_047,5,-90.001213,21.154541015625,1998.0,0.8869972229003906,53
c5_048,5,-90.028429,21.156696319580078,1998.0,0.6046887636184692,53
c5_029,5,-90.090407,21.149421,1998.0,0.8085122108459473,53
c5_032,5,-90.079359,21.150768280029297,1998.0,0.7663235664367676,53
c5_038,5,-90.04082489013672,21.156966,1998.0,0.4874700903892517,53
c5_046,5,-90.067233,21.152114868164062,1998.0,0.5771862864494324,53
c5_028,5,-90.095527,21.150499,1998.0,0.6309338212013245,53
c5_044,5,-89.973188,21.183374404907227,1998.0,0.4809178411960602,53
c5_042,5,-90.08124542236328,21.149421,1998.0,0.7611778378486633,53
c5_007,5,-90.021962,21.143491744995117,1998.0,0.39699044823646545,53
c10_001,3,-90.028968,21.158313,1998.0,0.39227095246315,53
c10_005,3,-89.954594,21.163972,1998.0,0.476968914270401,53
c10_002,3,-90.033549,21.15858268737793,1998.0,0.2468508929014206,53
c10_003,3,-90.030046,21.158044,1998.0,0.43096184730529785,53
c10_004,3,-90.029507,21.157773971557617,1998.0,0.4031732380390167,53
c10_006,3,-90.03301239013672,21.159122467041016,1998.0,0.44141849875450134,53
c10_007,3,-90.03301239013672,21.158044,1998.0,0.2770806550979614,53
c10_009,3,-90.032741,21.15858268737793,1998.0,0.32066860795021057,53
c10_010,3,-90.030585,21.158044,1998.0,0.3589443564414978,53
c10_008,3,-89.95405578613281,21.163972,1998.0,0.472297728061676,53
c1_051,1,-90.064538,21.118162155151367,1998.0,0.6868607401847839,53
c1_052,1,-90.05322265625,21.112234115600586,1998.0,0.75278240442276,53
c1_053,1,-90.068041,21.142953,1998.0,0.7895120978355408,53
c1_054,1,-90.00040435791016,21.124359130859375,1998.0,0.7564487457275391,53
c1_055,1,-90.049178,21.1402587890625,1998.0,0.7667666077613831,53
c2_051,2,-90.111695,21.123821258544922,1998.0,0.7494843006134033,53
c2_052,2,-90.02277374267578,21.139720916748047,1998.0,0.7951275110244751,53
c2_053,2,-89.941929,21.138911,1998.0,0.8106393218040466,53
c2_054,2,-89.950013,21.130019,1998.0,0.8388912677764893,53
c2_055,2,-90.106306,21.128941,1998.0,0.786479651927948,53
c3_062,3,-90.086634,21.149690628051758,1998.0,0.653165876865387,53
c3_051,3,-90.010914,21.144301,1998.0,0.8221612572669983,53
c3_055,3,-90.079359,21.150499,1998.0,0.7663235664367676,53
c3_058,3,-90.000943,21.171248,1998.0,0.8144420981407166,53
c3_052,3,-90.094179,21.114929,1998.0,0.6822549104690552,53
c3_059,3,-90.039208,21.1402587890625,1998.0,0.8599348664283752,53
c3_053,3,-90.013608,21.152114868164062,1998.0,0.9005905985832214,53
c3_060,3,-89.958906,21.12489891052246,1998.0,0.8667985200881958,53
c3_057,3,-90.058071,21.159929275512695,1998.0,0.8565473556518555,53
c3_061,3,-89.973457,21.138911,1998.0,0.7831984162330627,53
c3_064,3,-89.989625,21.149959564208984,1998.0,0.8411740660667419,53
c3_063,3,-90.030046,21.125707,1998.0,0.7991979122161865,53
c3_065,3,-89.972379,21.162086486816406,1998.0,0.806970477104187,53
c3_054,3,-90.029237,21.101455,1998.0,0.8057016134262085,53
c3_056,3,-90.008758,21.114120483398438,1998.0,0.780278205871582,53
c4_051,4,-89.958906,21.191997,1998.0,0.21488410234451294,53
c4_052,4,-89.957828,21.178254,1998.0,0.3349234461784363,53
c4_053,4,-89.994476,21.172864,1998.0,0.3718979060649872,53
c4_054,4,-89.994745,21.168822,1998.0,0.34150221943855286,53
c4_055,4,-90.0025634765625,21.169631,1998.0,0.47280240058898926,53
c1_001,1,-90.056184,21.12301254272461,1999.0,0.7608790397644043,62
c1_002,1,-89.984506,21.126246,1999.0,0.7878285646438599,62
c1_003,1,-90.070197,21.140798,1999.0,0.779777467250824,62
c1_004,1,-90.057801,21.145648,1999.0,0.8039761185646057,62
c1_005,1,-90.024926,21.145379,1999.0,0.6348559856414795,62
c1_006,1,-89.979386,21.130288,1999.0,0.7764291167259216,62
c1_007,1,-90.08636474609375,21.137025,1999.0,0.8057466745376587,62
c1_008,1,-89.952169,21.14322280883789,1999.0,0.8332716822624207,62
c1_009,1,-90.055106,21.138911,1999.0,0.7196143269538879,62
c1_010,1,-89.945702,21.14322280883789,1999.0,0.8128498196601868,62
c1_011,1,-89.958098,21.149151,1999.0,0.7882385849952698,62
c1_012,1,-90.036783,21.117354,1999.0,0.8308910727500916,62
c1_013,1,-90.113042,21.085018157958984,1999.0,0.8372271060943604,62
c1_014,1,-89.944085,21.154002,1999.0,0.8362793922424316,62
c1_015,1,-90.065885,21.113581,1999.0,0.6986701488494873,62
c1_016,1,-90.064538,21.121126174926758,1999.0,0.7525675296783447,62
c1_017,1,-90.01280212402344,21.122474,1999.0,0.8079007863998413,62
c1_018,1,-90.013608,21.150499,1999.0,0.8095505237579346,62
c1_019,1,-90.075856,21.141876220703125,1999.0,0.8324156403541565,62
c1_020,1,-90.063729,21.119510650634766,1999.0,0.6939168572425842,62
c1_021,1,-90.112234,21.128671646118164,1999.0,0.8607509136199951,62
c1_022,1,-89.970224,21.131635665893555,1999.0,0.7456958293914795,62
c1_023,1,-90.049448,21.111425399780273,1999.0,0.784481406211853,62
c1_024,1,-90.076933,21.135408401489258,1999.0,0.8055227994918823,62
c1_025,1,-90.09391021728516,21.143762,1999.0,0.8488475680351257,62
c1_026,1,-89.940852,21.145917892456055,1999.0,0.8586701154708862,62
c1_027,1,-89.945163,21.154002,1999.0,0.804394543170929,62
c1_028,1,-90.098491,21.127324,1999.0,0.7647929191589355,62
c1_029,1,-90.003368,21.149421,1999.0,0.6966545581817627,62
c1_030,1,-89.972918,21.124629,1999.0,0.8138116598129272,62
c1_031,1,-90.003907,21.124359130859375,1999.0,0.8325110077857971,62
c1_032,1,-90.066694,21.0987606048584,1999.0,0.7817502021789551,62
c1_033,1,-89.994745,21.123552322387695,1999.0,0.7428896427154541,62
c1_034,1,-90.08879089355469,21.142953,1999.0,0.8408623337745667,62
c1_035,1,-90.063191,21.110887,1999.0,0.7448460459709167,62
c1_036,1,-89.960523,21.137563705444336,1999.0,0.8274502754211426,62
c1_037,1,-90.094179,21.093371,1999.0,0.8264879584312439,62
c1_038,1,-90.0025634765625,21.122743,1999.0,0.7863086462020874,62
c1_039,1,-90.051334,21.132714,1999.0,0.706892192363739,62
c1_040,1,-90.066694,21.13837242126465,1999.0,0.7869296073913574,62
c1_041,1,-90.116815,21.0882511138916,1999.0,0.7962024211883545,62
c1_042,1,-90.057801,21.148612,1999.0,0.799554169178009,62
c1_043,1,-90.080706,21.141876220703125,1999.0,0.8195570707321167,62
c1_044,1,-89.947319,21.188493728637695,1999.0,0.7615348100662231,62
c1_045,1,-89.981811,21.124091,1999.0,0.8354865312576294,62
c1_046,1,-90.058879,21.128671646118164,1999.0,0.6933901906013489,62
c1_047,1,-90.075317,21.10361099243164,1999.0,0.7970178127288818,62
c1_048,1,-90.003638,21.150768280029297,1999.0,0.7766894698143005,62
c1_049,1,-90.026543,21.122743,1999.0,0.825078010559082,62
c1_050,1,-90.108731,21.117623,1999.0,0.7984845638275146,62
c2_001,2,-89.960253,21.154002,1999.0,0.7509512901306152,62
c2_002,2,-90.117623,21.133522033691406,1999.0,0.7902185320854187,62
c2_003,2,-90.07881927490234,21.09229278564453,1999.0,0.7897899150848389,62
c2_004,2,-89.978847,21.15022850036621,1999.0,0.7720646262168884,62
c2_005,2,-90.089329,21.09364128112793,1999.0,0.8392759561538696,62
c2_006,2,-90.11412048339844,21.100377,1999.0,0.775611162185669,62
c2_007,2,-90.106036,21.131635665893555,1999.0,0.834559440612793,62
c2_008,2,-90.001213,21.145379,1999.0,0.8083354830741882,62
c2_009,2,-89.963217,21.183913,1999.0,0.7453693151473999,62
c2_010,2,-90.10226440429688,21.144301,1999.0,0.7809572815895081,62
c2_011,2,-89.958636,21.125438,1999.0,0.8727811574935913,62
c2_012,2,-90.097413,21.149959564208984,1999.0,0.844304084777832,62
c2_013,2,-90.100647,21.106845,1999.0,0.708958089351654,62
c2_014,2,-90.04594421386719,21.111156463623047,1999.0,0.7072843313217163,62
c2_015,2,-90.068849,21.102802276611328,1999.0,0.8349326252937317,62
c2_016,2,-90.118162,21.135947,1999.0,0.8049888610839844,62
c2_017,2,-89.96214294433594,21.120587,1999.0,0.8651856780052185,62
c2_018,2,-89.981541,21.148343,1999.0,0.6837078928947449,62
c2_019,2,-90.041364,21.101186,1999.0,0.8386048674583435,62
c2_020,2,-90.082592,21.10064697265625,1999.0,0.8227137923240662,62
c2_021,2,-89.945163,21.161008,1999.0,0.7552428245544434,62
c2_022,2,-90.01280212402344,21.118162155151367,1999.0,0.8119198083877563,62
c2_023,2,-89.94165802001953,21.17879295349121,1999.0,0.6513515114784241,62
c2_024,2,-89.940043,21.179332,1999.0,0.6263885498046875,62
c2_025,2,-89.942199,21.169092178344727,1999.0,0.7496172189712524,62
c2_026,2,-90.04837036132812,21.15858268737793,1999.0,0.7114904522895813,62
c2_027,2,-90.018189,21.155078887939453,1999.0,0.7765907645225525,62
c2_028,2,-90.018998,21.118701,1999.0,0.820121705532074,62
c2_029,2,-89.960253,21.166936,1999.0,0.8679226040840149,62
c2_030,2,-90.08636474609375,21.13918113708496,1999.0,0.7955367565155029,62
c2_031,2,-90.006871,21.167745,1999.0,0.6582064032554626,62
c2_032,2,-89.9599838256836,21.15750503540039,1999.0,0.5931898355484009,62
c2_033,2,-90.052412,21.115737,1999.0,0.807700514793396,62
c2_034,2,-90.075586,21.099569,1999.0,0.8094332218170166,62
c2_035,2,-90.108731,21.095796,1999.0,0.7804637551307678,62
c2_036,2,-90.026543,21.155078887939453,1999.0,0.869510293006897,62
c2_037,2,-90.006871,21.131097,1999.0,0.8099019527435303,62
c2_038,2,-90.080167,21.099838256835938,1999.0,0.8130845427513123,62
c2_039,2,-89.947588,21.136486053466797,1999.0,0.8566580414772034,62
c2_040,2,-90.061304,21.10468864440918,1999.0,0.8163396120071411,62
c2_041,2,-90.075856,21.134868621826172,1999.0,0.7924122214317322,62
c2_042,2,-89.99959564208984,21.12004852294922,1999.0,0.8122372627258301,62
c2_043,2,-90.101725,21.08043670654297,1999.0,0.8397806286811829,62
c2_044,2,-90.026004,21.113851,1999.0,0.8517701029777527,62
c2_045,2,-90.118162,21.129209518432617,1999.0,0.8230755925178528,62
c2_046,2,-89.94139099121094,21.172056198120117,1999.0,0.8021395802497864,62
c2_047,2,-89.969685,21.1402587890625,1999.0,0.8466396331787109,62
c2_048,2,-90.1038818359375,21.095527,1999.0,0.7320000529289246,62
c2_049,2,-89.99231719970703,21.149690628051758,1999.0,0.7016125321388245,62
c2_050,2,-89.950822,21.121396,1999.0,0.8704798221588135,62
c3_045,3,-89.992859,21.161815643310547,1999.0,0.2902499735355377,62
c3_003,3,-90.034357,21.15858268737793,1999.0,0.26422229409217834,62
c3_026,3,-89.986931,21.149959564208984,1999.0,0.8744831681251526,62
c3_008,3,-90.084209,21.151576,1999.0,0.7883824706077576,62
c3_017,3,-89.970493,21.159929275512695,1999.0,0.7433372735977173,62
c3_004,3,-89.982619,21.180679,1999.0,0.24488721787929535,62
c3_040,3,-89.9742660522461,21.185529708862305,1999.0,0.8626058101654053,62
c3_024,3,-89.97722625732422,21.183913,1999.0,0.8479697704315186,62
c3_013,3,-89.995823,21.13837242126465,1999.0,0.8248646259307861,62
c3_018,3,-90.062113,21.107114,1999.0,0.872657299041748,62
c3_007,3,-90.088521,21.146995,1999.0,0.7947161197662354,62
c3_014,3,-89.951361,21.199003219604492,1999.0,0.8226293921470642,62
c3_042,3,-89.950283,21.199003219604492,1999.0,0.7803462147712708,62
c3_029,3,-90.000135,21.137563705444336,1999.0,0.8005390763282776,62
c3_005,3,-90.003638,21.111964,1999.0,0.817996621131897,62
c3_022,3,-90.005524,21.112503051757812,1999.0,0.8232356309890747,62
c3_002,3,-89.953786,21.197656,1999.0,0.7970026135444641,62
c3_015,3,-89.940852,21.162086486816406,1999.0,0.7266194224357605,62
c3_020,3,-90.016842,21.116006,1999.0,0.8961106538772583,62
c3_027,3,-89.982619,21.149421,1999.0,0.6832430362701416,62
c3_030,3,-89.942738,21.1674747467041,1999.0,0.7404255867004395,62
c3_050,3,-89.941929,21.168553,1999.0,0.5541056394577026,62
c3_009,3,-89.986392,21.149959564208984,1999.0,0.8660708069801331,62
c3_033,3,-90.039208,21.102802276611328,1999.0,0.8264526128768921,62
c3_038,3,-89.976152,21.169361114501953,1999.0,0.6758612394332886,62
c3_023,3,-89.97183990478516,21.169361114501953,1999.0,0.6882665157318115,62
c3_032,3,-90.00040435791016,21.138642,1999.0,0.7021365761756897,62
c3_046,3,-89.994476,21.137832641601562,1999.0,0.6514816880226135,62
c3_025,3,-89.947049,21.157235,1999.0,0.753231942653656,62
c3_028,3,-89.976421,21.165858,1999.0,0.7798320651054382,62
c3_036,3,-89.95189666748047,21.162894,1999.0,0.7000764012336731,62
c3_021,3,-90.007141,21.131635665893555,1999.0,0.781560480594635,62
c3_035,3,-90.000943,21.144569396972656,1999.0,0.8081687092781067,62
c3_037,3,-89.97183990478516,21.162086486816406,1999.0,0.7913260459899902,62
c3_039,3,-89.976691,21.168283462524414,1999.0,0.6993709206581116,62
c3_041,3,-89.973996,21.137563705444336,1999.0,0.7598938345909119,62
c3_034,3,-90.041364,21.1402587890625,1999.0,0.7179044485092163,62
c3_047,3,-90.028698,21.126246,1999.0,0.845426082611084,62
c3_048,3,-90.030315,21.124359130859375,1999.0,0.8520334959030151,62
c3_011,3,-90.035974,21.099299,1999.0,0.7806439995765686,62
c3_001,3,-90.080437,21.100377,1999.0,0.7582350969314575,62
c3_006,3,-89.94677734375,21.202237,1999.0,0.858047366142273,62
c3_019,3,-89.958367,21.172056198120117,1999.0,0.8606923818588257,62
c3_031,3,-90.00740814208984,21.113042,1999.0,0.8531745076179504,62
c3_010,3,-90.01252746582031,21.114659,1999.0,0.8242408037185669,62
c3_012,3,-90.00768280029297,21.114389419555664,1999.0,0.8256110548973083,62
c3_016,3,-90.045675,21.097951889038086,1999.0,0.7485203742980957,62
c3_043,3,-89.967259,21.189841,1999.0,0.888921856880188,62
c3_044,3,-90.046214,21.097413,1999.0,0.8016590476036072,62
c3_049,3,-90.016033,21.116006,1999.0,0.8630760312080383,62
c4_001,4,-90.002021,21.168822,1999.0,0.4367075562477112,62
c4_002,4,-90.013878,21.166397094726562,1999.0,0.5271013379096985,62
c4_003,4,-90.040286,21.149421,1999.0,0.4064503610134125,62
c4_004,4,-89.94139099121094,21.181487,1999.0,0.27072674036026,62
c4_005,4,-89.967529,21.183643341064453,1999.0,0.5009027123451233,62
c4_006,4,-89.943277,21.200620651245117,1999.0,0.597129225730896,62
c4_007,4,-89.968068,21.171248,1999.0,0.4287507236003876,62
c4_008,4,-90.035705,21.15346336364746,1999.0,0.5546587109565735,62
c4_009,4,-89.967798,21.179332,1999.0,0.6061266660690308,62
c4_010,4,-89.949205,21.194961,1999.0,0.461147665977478,62
c4_011,4,-89.943007,21.202506,1999.0,0.4023951590061188,62
c4_012,4,-89.945163,21.199811,1999.0,0.18946105241775513,62
c4_013,4,-89.972379,21.174481,1999.0,0.452328085899353,62
c4_014,4,-90.041633,21.148612,1999.0,0.40460067987442017,62
c4_015,4,-89.960792,21.190380096435547,1999.0,0.3469439744949341,62
c4_016,4,-89.958098,21.184452056884766,1999.0,0.6557985544204712,62
c4_017,4,-90.074239,21.133790969848633,1999.0,0.5898602604866028,62
c4_018,4,-89.950822,21.1922664642334,1999.0,0.18140079081058502,62
c4_019,4,-89.996901,21.149959564208984,1999.0,0.6091052293777466,62
c4_020,4,-89.960523,21.186338424682617,1999.0,0.21247835457324982,62
c4_021,4,-89.9465103149414,21.185529708862305,1999.0,0.1995578557252884,62
c4_022,4,-89.957828,21.185529708862305,1999.0,0.3400743901729584,62
c4_023,4,-90.035705,21.144301,1999.0,0.6038243174552917,62
c4_024,4,-90.022501,21.156966,1999.0,0.31738826632499695,62
c4_025,4,-89.981002,21.165319,1999.0,0.3958553671836853,62
c4_026,4,-90.027621,21.162355422973633,1999.0,0.27632617950439453,62
c4_027,4,-89.949475,21.19415283203125,1999.0,0.06616439670324326,62
c4_028,4,-89.940852,21.201428,1999.0,0.4837544560432434,62
c4_029,4,-89.961601,21.190919,1999.0,0.49488672614097595,62
c4_030,4,-90.041364,21.151576,1999.0,0.7979629039764404,62
c4_031,4,-90.062382,21.153732299804688,1999.0,0.6736041903495789,62
c4_032,4,-89.944085,21.193883,1999.0,0.16042675077915192,62
c4_033,4,-89.981811,21.164511,1999.0,0.6579301953315735,62
c4_034,4,-89.940313,21.199811,1999.0,0.23493605852127075,62
c4_035,4,-90.072622,21.132714,1999.0,0.667040228843689,62
c4_036,4,-89.942738,21.183643341064453,1999.0,0.22074660658836365,62
c4_037,4,-89.9742660522461,21.173673,1999.0,0.600085437297821,62
c4_038,4,-89.966451,21.182565,1999.0,0.42927080392837524,62
c4_039,4,-90.014147,21.163972,1999.0,0.14220307767391205,62
c4_040,4,-89.944355,21.201428,1999.0,0.5598469376564026,62
c4_041,4,-90.011183,21.148881912231445,1999.0,0.6511751413345337,62
c4_042,4,-90.071814,21.131635665893555,1999.0,0.5389049053192139,62
c4_043,4,-90.11438751220703,21.11061668395996,1999.0,0.7041386961936951,62
c4_044,4,-89.956481,21.189302444458008,1999.0,0.479756236076355,62
c4_045,4,-90.036513,21.153732299804688,1999.0,0.4802154302597046,62
c4_046,4,-89.98235321044922,21.169092178344727,1999.0,0.7413561344146729,62
c4_047,4,-89.992859,21.172864,1999.0,0.5511050820350647,62
c4_048,4,-89.948127,21.191457748413086,1999.0,0.24844196438789368,62
c4_049,4,-90.1195068359375,21.108461380004883,1999.0,0.5803883671760559,62
c4_050,4,-90.094718,21.12301254272461,1999.0,0.5587014555931091,62
c5_045,5,-90.018998,21.166128158569336,1999.0,0.36290881037712097,62
c5_008,5,-90.034357,21.155618,1999.0,0.359784334897995,62
c5_010,5,-89.957289,21.163703,1999.0,0.37115851044654846,62
c5_011,5,-90.004985,21.156696319580078,1999.0,0.4461003541946411,62
c5_012,5,-90.066424,21.154809951782227,1999.0,0.603166401386261,62
c5_014,5,-90.006871,21.155887603759766,1999.0,0.46167969703674316,62
c5_016,5,-90.002829,21.15642738342285,1999.0,0.47265246510505676,62
c5_022,5,-90.044597,21.154809951782227,1999.0,0.39750146865844727,62
c5_024,5,-89.995284,21.15642738342285,1999.0,0.3430183231830597,62
c5_003,5,-90.056993,21.154541015625,1999.0,0.6869365572929382,62
c5_013,5,-90.020614,21.157235,1999.0,0.39041516184806824,62
c5_020,5,-90.027621,21.156966,1999.0,0.325482040643692,62
c5_025,5,-90.03301239013672,21.15966033935547,1999.0,0.3692575693130493,62
c5_034,5,-90.012261,21.166397094726562,1999.0,0.4903956949710846,62
c5_040,5,-90.069658,21.154541015625,1999.0,0.5833845734596252,62
c5_041,5,-89.998787,21.156156539916992,1999.0,0.4144710302352905,62
c5_043,5,-90.113042,21.13729476928711,1999.0,0.7023302912712097,62
c5_002,5,-90.042172,21.156156539916992,1999.0,0.34386372566223145,62
c5_004,5,-90.034088,21.156966,1999.0,0.31310370564460754,62
c5_001,5,-89.996093,21.155887603759766,1999.0,0.46123644709587097,62
c5_006,5,-90.035435,21.154809951782227,1999.0,0.5592550039291382,62
c5_015,5,-89.942738,21.172864,1999.0,0.448803186416626,62
c5_018,5,-90.0685806274414,21.152385,1999.0,0.6090692281723022,62
c5_026,5,-89.998248,21.172326,1999.0,0.5404741168022156,62
c5_033,5,-90.01980590820312,21.156966,1999.0,0.7578364610671997,62
c5_036,5,-90.041902,21.15750503540039,1999.0,0.5337069034576416,62
c5_039,5,-90.060496,21.15642738342285,1999.0,0.7093487977981567,62
c5_005,5,-90.041633,21.159929275512695,1999.0,0.673051118850708,62
c5_009,5,-90.038938,21.154271,1999.0,0.5901621580123901,62
c5_019,5,-90.057262,21.155349,1999.0,0.5876956582069397,62
c5_021,5,-90.089598,21.148073196411133,1999.0,0.5517008304595947,62
c5_030,5,-90.071814,21.151845932006836,1999.0,0.7167401909828186,62
c5_031,5,-90.003099,21.155618,1999.0,0.5518664717674255,62
c5_035,5,-90.095527,21.151845932006836,1999.0,0.6370269060134888,62
c5_037,5,-89.996632,21.160469,1999.0,0.7700835466384888,62
c5_023,5,-89.978038,21.180139541625977,1999.0,0.4736587405204773,62
c5_017,5,-90.040555,21.145917892456055,1999.0,0.4446137845516205,62
c5_027,5,-90.08879089355469,21.150768280029297,1999.0,0.8202213048934937,62
c5_047,5,-90.001213,21.154541015625,1999.0,0.805570125579834,62
c5_048,5,-90.028429,21.156696319580078,1999.0,0.45557326078414917,62
c5_029,5,-90.090407,21.149421,1999.0,0.6981333494186401,62
c5_032,5,-90.079359,21.150768280029297,1999.0,0.6411111950874329,62
c5_038,5,-90.04082489013672,21.156966,1999.0,0.43229010701179504,62
c5_046,5,-90.067233,21.152114868164062,1999.0,0.8109657764434814,62
c5_028,5,-90.095527,21.150499,1999.0,0.7371953129768372,62
c5_044,5,-89.973188,21.183374404907227,1999.0,0.589749276638031,62
c5_042,5,-90.08124542236328,21.149421,1999.0,0.7150514721870422,62
c5_007,5,-90.021962,21.143491744995117,1999.0,0.4580830931663513,62
c10_001,3,-90.028968,21.158313,1999.0,0.18599192798137665,62
c10_005,3,-89.954594,21.163972,1999.0,0.46408987045288086,62
c10_002,3,-90.033549,21.15858268737793,1999.0,0.2104722112417221,62
c10_003,3,-90.030046,21.158044,1999.0,0.3085583746433258,62
c10_004,3,-90.029507,21.157773971557617,1999.0,0.3176283538341522,62
c10_006,3,-90.03301239013672,21.159122467041016,1999.0,0.27987152338027954,62
c10_007,3,-90.03301239013672,21.158044,1999.0,0.28056901693344116,62
c10_009,3,-90.032741,21.15858268737793,1999.0,0.2361687272787094,62
c10_010,3,-90.030585,21.158044,1999.0,0.2686518132686615,62
c10_008,3,-89.95405578613281,21.163972,1999.0,0.4708099365234375,62
c1_051,1,-90.064538,21.118162155151367,1999.0,0.7181226015090942,62
c1_052,1,-90.05322265625,21.112234115600586,1999.0,0.8531153798103333,62
c1_053,1,-90.068041,21.142953,1999.0,0.7730960249900818,62
c1_054,1,-90.00040435791016,21.124359130859375,1999.0,0.7952450513839722,62
c1_055,1,-90.049178,21.1402587890625,1999.0,0.769163966178894,62
c2_051,2,-90.111695,21.123821258544922,1999.0,0.742644727230072,62
c2_052,2,-90.02277374267578,21.139720916748047,1999.0,0.6954846382141113,62
c2_053,2,-89.941929,21.138911,1999.0,0.8626917004585266,62
c2_054,2,-89.950013,21.130019,1999.0,0.8731882572174072,62
c2_055,2,-90.106306,21.128941,1999.0,0.7861967086791992,62
c3_062,3,-90.086634,21.149690628051758,1999.0,0.6671109795570374,62
c3_051,3,-90.010914,21.144301,1999.0,0.8698933124542236,62
c3_055,3,-90.079359,21.150499,1999.0,0.6411111950874329,62
c3_058,3,-90.000943,21.171248,1999.0,0.793084442615509,62
c3_052,3,-90.094179,21.114929,1999.0,0.7071344256401062,62
c3_059,3,-90.039208,21.1402587890625,1999.0,0.832611083984375,62
c3_053,3,-90.013608,21.152114868164062,1999.0,0.8891397714614868,62
c3_060,3,-89.958906,21.12489891052246,1999.0,0.8949239253997803,62
c3_057,3,-90.058071,21.159929275512695,1999.0,0.8446294665336609,62
c3_061,3,-89.973457,21.138911,1999.0,0.7905796766281128,62
c3_064,3,-89.989625,21.149959564208984,1999.0,0.7240949273109436,62
c3_063,3,-90.030046,21.125707,1999.0,0.8112094402313232,62
c3_065,3,-89.972379,21.162086486816406,1999.0,0.8177393674850464,62
c3_054,3,-90.029237,21.101455,1999.0,0.8100376725196838,62
c3_056,3,-90.008758,21.114120483398438,1999.0,0.7977582216262817,62
c4_051,4,-89.958906,21.191997,1999.0,0.21189506351947784,62
c4_052,4,-89.957828,21.178254,1999.0,0.4148673415184021,62
c4_053,4,-89.994476,21.172864,1999.0,0.5246595144271851,62
c4_054,4,-89.994745,21.168822,1999.0,0.4527727961540222,62
c4_055,4,-90.0025634765625,21.169631,1999.0,0.2890560030937195,62
c1_001,1,-90.056184,21.12301254272461,2000.0,0.7181621789932251,69
c1_002,1,-89.984506,21.126246,2000.0,0.7641171216964722,69
c1_003,1,-90.070197,21.140798,2000.0,0.8590317368507385,69
c1_004,1,-90.057801,21.145648,2000.0,0.7907459139823914,69
c1_005,1,-90.024926,21.145379,2000.0,0.6339017152786255,69
c1_006,1,-89.979386,21.130288,2000.0,0.7987629771232605,69
c1_007,1,-90.08636474609375,21.137025,2000.0,0.8712221384048462,69
c1_008,1,-89.952169,21.14322280883789,2000.0,0.7912175059318542,69
c1_009,1,-90.055106,21.138911,2000.0,0.7109706401824951,69
c1_010,1,-89.945702,21.14322280883789,2000.0,0.828814685344696,69
c1_011,1,-89.958098,21.149151,2000.0,0.797616183757782,69
c1_012,1,-90.036783,21.117354,2000.0,0.8446756601333618,69
c1_013,1,-90.113042,21.085018157958984,2000.0,0.8431504964828491,69
c1_014,1,-89.944085,21.154002,2000.0,0.8245557546615601,69
c1_015,1,-90.065885,21.113581,2000.0,0.736712634563446,69
c1_016,1,-90.064538,21.121126174926758,2000.0,0.693402111530304,69
c1_017,1,-90.01280212402344,21.122474,2000.0,0.8143208026885986,69
c1_018,1,-90.013608,21.150499,2000.0,0.8161754608154297,69
c1_019,1,-90.075856,21.141876220703125,2000.0,0.8651848435401917,69
c1_020,1,-90.063729,21.119510650634766,2000.0,0.671370804309845,69
c1_021,1,-90.112234,21.128671646118164,2000.0,0.814201831817627,69
c1_022,1,-89.970224,21.131635665893555,2000.0,0.7273017168045044,69
c1_023,1,-90.049448,21.111425399780273,2000.0,0.7603840827941895,69
c1_024,1,-90.076933,21.135408401489258,2000.0,0.8117268085479736,69
c1_025,1,-90.09391021728516,21.143762,2000.0,0.9010279178619385,69
c1_026,1,-89.940852,21.145917892456055,2000.0,0.8438601493835449,69
c1_027,1,-89.945163,21.154002,2000.0,0.7560639977455139,69
c1_028,1,-90.098491,21.127324,2000.0,0.7398805618286133,69
c1_029,1,-90.003368,21.149421,2000.0,0.7188637256622314,69
c1_030,1,-89.972918,21.124629,2000.0,0.834649384021759,69
c1_031,1,-90.003907,21.124359130859375,2000.0,0.8116288781166077,69
c1_032,1,-90.066694,21.0987606048584,2000.0,0.7645271420478821,69
c1_033,1,-89.994745,21.123552322387695,2000.0,0.7293258309364319,69
c1_034,1,-90.08879089355469,21.142953,2000.0,0.8918789625167847,69
c1_035,1,-90.063191,21.110887,2000.0,0.7446330785751343,69
c1_036,1,-89.960523,21.137563705444336,2000.0,0.8107867240905762,69
c1_037,1,-90.094179,21.093371,2000.0,0.8321301937103271,69
c1_038,1,-90.0025634765625,21.122743,2000.0,0.8256189227104187,69
c1_039,1,-90.051334,21.132714,2000.0,0.7016792297363281,69
c1_040,1,-90.066694,21.13837242126465,2000.0,0.759344220161438,69
c1_041,1,-90.116815,21.0882511138916,2000.0,0.7807332277297974,69
c1_042,1,-90.057801,21.148612,2000.0,0.8300581574440002,69
c1_043,1,-90.080706,21.141876220703125,2000.0,0.8488872647285461,69
c1_044,1,-89.947319,21.188493728637695,2000.0,0.7365355491638184,69
c1_045,1,-89.981811,21.124091,2000.0,0.8094024062156677,69
c1_046,1,-90.058879,21.128671646118164,2000.0,0.6458336114883423,69
c1_047,1,-90.075317,21.10361099243164,2000.0,0.8349099159240723,69
c1_048,1,-90.003638,21.150768280029297,2000.0,0.7862284779548645,69
c1_049,1,-90.026543,21.122743,2000.0,0.8441919088363647,69
c1_050,1,-90.108731,21.117623,2000.0,0.8039600849151611,69
c2_001,2,-89.960253,21.154002,2000.0,0.7902050614356995,69
c2_002,2,-90.117623,21.133522033691406,2000.0,0.8984625935554504,69
c2_003,2,-90.07881927490234,21.09229278564453,2000.0,0.8394525051116943,69
c2_004,2,-89.978847,21.15022850036621,2000.0,0.7630376815795898,69
c2_005,2,-90.089329,21.09364128112793,2000.0,0.860537588596344,69
c2_006,2,-90.11412048339844,21.100377,2000.0,0.7586545944213867,69
c2_007,2,-90.106036,21.131635665893555,2000.0,0.9109876155853271,69
c2_008,2,-90.001213,21.145379,2000.0,0.7830471992492676,69
c2_009,2,-89.963217,21.183913,2000.0,0.7196794152259827,69
c2_010,2,-90.10226440429688,21.144301,2000.0,0.8159117698669434,69
c2_011,2,-89.958636,21.125438,2000.0,0.8332582116127014,69
c2_012,2,-90.097413,21.149959564208984,2000.0,0.8570987582206726,69
c2_013,2,-90.100647,21.106845,2000.0,0.7470612525939941,69
c2_014,2,-90.04594421386719,21.111156463623047,2000.0,0.6467669010162354,69
c2_015,2,-90.068849,21.102802276611328,2000.0,0.8672897219657898,69
c2_016,2,-90.118162,21.135947,2000.0,0.8764572143554688,69
c2_017,2,-89.96214294433594,21.120587,2000.0,0.8681485652923584,69
c2_018,2,-89.981541,21.148343,2000.0,0.646050751209259,69
c2_019,2,-90.041364,21.101186,2000.0,0.7974157333374023,69
c2_020,2,-90.082592,21.10064697265625,2000.0,0.8247374296188354,69
c2_021,2,-89.945163,21.161008,2000.0,0.748410165309906,69
c2_022,2,-90.01280212402344,21.118162155151367,2000.0,0.8141273260116577,69
c2_023,2,-89.94165802001953,21.17879295349121,2000.0,0.6174365878105164,69
c2_024,2,-89.940043,21.179332,2000.0,0.601077675819397,69
c2_025,2,-89.942199,21.169092178344727,2000.0,0.7352211475372314,69
c2_026,2,-90.04837036132812,21.15858268737793,2000.0,0.6675676703453064,69
c2_027,2,-90.018189,21.155078887939453,2000.0,0.7641741037368774,69
c2_028,2,-90.018998,21.118701,2000.0,0.7783781290054321,69
c2_029,2,-89.960253,21.166936,2000.0,0.8726681470870972,69
c2_030,2,-90.08636474609375,21.13918113708496,2000.0,0.8713161945343018,69
c2_031,2,-90.006871,21.167745,2000.0,0.5847002863883972,69
c2_032,2,-89.9599838256836,21.15750503540039,2000.0,0.6479567885398865,69
c2_033,2,-90.052412,21.115737,2000.0,0.7925875782966614,69
c2_034,2,-90.075586,21.099569,2000.0,0.7890770435333252,69
c2_035,2,-90.108731,21.095796,2000.0,0.7277303338050842,69
c2_036,2,-90.026543,21.155078887939453,2000.0,0.8745449781417847,69
c2_037,2,-90.006871,21.131097,2000.0,0.7801175117492676,69
c2_038,2,-90.080167,21.099838256835938,2000.0,0.8347145318984985,69
c2_039,2,-89.947588,21.136486053466797,2000.0,0.8735904693603516,69
c2_040,2,-90.061304,21.10468864440918,2000.0,0.8206271529197693,69
c2_041,2,-90.075856,21.134868621826172,2000.0,0.8962576985359192,69
c2_042,2,-89.99959564208984,21.12004852294922,2000.0,0.7867522835731506,69
c2_043,2,-90.101725,21.08043670654297,2000.0,0.8182684779167175,69
c2_044,2,-90.026004,21.113851,2000.0,0.8852431774139404,69
c2_045,2,-90.118162,21.129209518432617,2000.0,0.8390609622001648,69
c2_046,2,-89.94139099121094,21.172056198120117,2000.0,0.7776660919189453,69
c2_047,2,-89.969685,21.1402587890625,2000.0,0.8213211297988892,69
c2_048,2,-90.1038818359375,21.095527,2000.0,0.7761157155036926,69
c2_049,2,-89.99231719970703,21.149690628051758,2000.0,0.686877429485321,69
c2_050,2,-89.950822,21.121396,2000.0,0.872544527053833,69
c3_045,3,-89.992859,21.161815643310547,2000.0,0.25541216135025024,69
c3_003,3,-90.034357,21.15858268737793,2000.0,0.19003351032733917,69
c3_026,3,-89.986931,21.149959564208984,2000.0,0.8682063817977905,69
c3_008,3,-90.084209,21.151576,2000.0,0.6775169968605042,69
c3_017,3,-89.970493,21.159929275512695,2000.0,0.7523918151855469,69
c3_004,3,-89.982619,21.180679,2000.0,0.23291337490081787,69
c3_040,3,-89.9742660522461,21.185529708862305,2000.0,0.8727979063987732,69
c3_024,3,-89.97722625732422,21.183913,2000.0,0.8358083367347717,69
c3_013,3,-89.995823,21.13837242126465,2000.0,0.8437559604644775,69
c3_018,3,-90.062113,21.107114,2000.0,0.8774651288986206,69
c3_007,3,-90.088521,21.146995,2000.0,0.7031059861183167,69
c3_014,3,-89.951361,21.199003219604492,2000.0,0.7875415682792664,69
c3_042,3,-89.950283,21.199003219604492,2000.0,0.7718596458435059,69
c3_029,3,-90.000135,21.137563705444336,2000.0,0.7890998125076294,69
c3_005,3,-90.003638,21.111964,2000.0,0.8314500451087952,69
c3_022,3,-90.005524,21.112503051757812,2000.0,0.7616665959358215,69
c3_002,3,-89.953786,21.197656,2000.0,0.7727686762809753,69
c3_015,3,-89.940852,21.162086486816406,2000.0,0.7317453026771545,69
c3_020,3,-90.016842,21.116006,2000.0,0.8248308897018433,69
c3_027,3,-89.982619,21.149421,2000.0,0.6351449489593506,69
c3_030,3,-89.942738,21.1674747467041,2000.0,0.6811894178390503,69
c3_050,3,-89.941929,21.168553,2000.0,0.5201476216316223,69
c3_009,3,-89.986392,21.149959564208984,2000.0,0.868312418460846,69
c3_033,3,-90.039208,21.102802276611328,2000.0,0.8267852067947388,69
c3_038,3,-89.976152,21.169361114501953,2000.0,0.6461367607116699,69
c3_023,3,-89.97183990478516,21.169361114501953,2000.0,0.7032385468482971,69
c3_032,3,-90.00040435791016,21.138642,2000.0,0.6435012221336365,69
c3_046,3,-89.994476,21.137832641601562,2000.0,0.6146698594093323,69
c3_025,3,-89.947049,21.157235,2000.0,0.7823059558868408,69
c3_028,3,-89.976421,21.165858,2000.0,0.806396484375,69
c3_036,3,-89.95189666748047,21.162894,2000.0,0.6469797492027283,69
c3_021,3,-90.007141,21.131635665893555,2000.0,0.8033925294876099,69
c3_035,3,-90.000943,21.144569396972656,2000.0,0.7772715091705322,69
c3_037,3,-89.97183990478516,21.162086486816406,2000.0,0.8088880181312561,69
c3_039,3,-89.976691,21.168283462524414,2000.0,0.711376965045929,69
c3_041,3,-89.973996,21.137563705444336,2000.0,0.726782500743866,69
c3_034,3,-90.041364,21.1402587890625,2000.0,0.7079469561576843,69
c3_047,3,-90.028698,21.126246,2000.0,0.8106953501701355,69
c3_048,3,-90.030315,21.124359130859375,2000.0,0.7614727020263672,69
c3_011,3,-90.035974,21.099299,2000.0,0.7602039575576782,69
c3_001,3,-90.080437,21.100377,2000.0,0.7908524870872498,69
c3_006,3,-89.94677734375,21.202237,2000.0,0.8765012621879578,69
c3_019,3,-89.958367,21.172056198120117,2000.0,0.871123731136322,69
c3_031,3,-90.00740814208984,21.113042,2000.0,0.852531909942627,69
c3_010,3,-90.01252746582031,21.114659,2000.0,0.8050605654716492,69
c3_012,3,-90.00768280029297,21.114389419555664,2000.0,0.7933432459831238,69
c3_016,3,-90.045675,21.097951889038086,2000.0,0.7058515548706055,69
c3_043,3,-89.967259,21.189841,2000.0,0.8693949580192566,69
c3_044,3,-90.046214,21.097413,2000.0,0.7637211084365845,69
c3_049,3,-90.016033,21.116006,2000.0,0.8156592845916748,69
c4_001,4,-90.002021,21.168822,2000.0,0.3962404727935791,69
c4_002,4,-90.013878,21.166397094726562,2000.0,0.35093510150909424,69
c4_003,4,-90.040286,21.149421,2000.0,0.4417159855365753,69
c4_004,4,-89.94139099121094,21.181487,2000.0,0.4070568084716797,69
c4_005,4,-89.967529,21.183643341064453,2000.0,0.53822922706604,69
c4_006,4,-89.943277,21.200620651245117,2000.0,0.5542776584625244,69
c4_007,4,-89.968068,21.171248,2000.0,0.43140411376953125,69
c4_008,4,-90.035705,21.15346336364746,2000.0,0.7045783400535583,69
c4_009,4,-89.967798,21.179332,2000.0,0.31190571188926697,69
c4_010,4,-89.949205,21.194961,2000.0,0.514377772808075,69
c4_011,4,-89.943007,21.202506,2000.0,0.40111178159713745,69
c4_012,4,-89.945163,21.199811,2000.0,0.1288556307554245,69
c4_013,4,-89.972379,21.174481,2000.0,0.2144758105278015,69
c4_014,4,-90.041633,21.148612,2000.0,0.38983437418937683,69
c4_015,4,-89.960792,21.190380096435547,2000.0,0.21398800611495972,69
c4_016,4,-89.958098,21.184452056884766,2000.0,0.595610499382019,69
c4_017,4,-90.074239,21.133790969848633,2000.0,0.6163396835327148,69
c4_018,4,-89.950822,21.1922664642334,2000.0,0.1802227646112442,69
c4_019,4,-89.996901,21.149959564208984,2000.0,0.6226800084114075,69
c4_020,4,-89.960523,21.186338424682617,2000.0,0.24634720385074615,69
c4_021,4,-89.9465103149414,21.185529708862305,2000.0,0.18265394866466522,69
c4_022,4,-89.957828,21.185529708862305,2000.0,0.2806257903575897,69
c4_023,4,-90.035705,21.144301,2000.0,0.588525116443634,69
c4_024,4,-90.022501,21.156966,2000.0,0.23807601630687714,69
c4_025,4,-89.981002,21.165319,2000.0,0.43205729126930237,69
c4_026,4,-90.027621,21.162355422973633,2000.0,0.3395749032497406,69
c4_027,4,-89.949475,21.19415283203125,2000.0,0.07353127002716064,69
c4_028,4,-89.940852,21.201428,2000.0,0.5107195973396301,69
c4_029,4,-89.961601,21.190919,2000.0,0.6218327879905701,69
c4_030,4,-90.041364,21.151576,2000.0,0.8106236457824707,69
c4_031,4,-90.062382,21.153732299804688,2000.0,0.545436441898346,69
c4_032,4,-89.944085,21.193883,2000.0,0.18908566236495972,69
c4_033,4,-89.981811,21.164511,2000.0,0.6903480291366577,69
c4_034,4,-89.940313,21.199811,2000.0,0.18398098647594452,69
c4_035,4,-90.072622,21.132714,2000.0,0.649189829826355,69
c4_036,4,-89.942738,21.183643341064453,2000.0,0.3444178104400635,69
c4_037,4,-89.9742660522461,21.173673,2000.0,0.6222283244132996,69
c4_038,4,-89.966451,21.182565,2000.0,0.5026999115943909,69
c4_039,4,-90.014147,21.163972,2000.0,0.10544294118881226,69
c4_040,4,-89.944355,21.201428,2000.0,0.5516132116317749,69
c4_041,4,-90.011183,21.148881912231445,2000.0,0.7027021050453186,69
c4_042,4,-90.071814,21.131635665893555,2000.0,0.5734177231788635,69
c4_043,4,-90.11438751220703,21.11061668395996,2000.0,0.7071950435638428,69
c4_044,4,-89.956481,21.189302444458008,2000.0,0.56757652759552,69
c4_045,4,-90.036513,21.153732299804688,2000.0,0.45489537715911865,69
c4_046,4,-89.98235321044922,21.169092178344727,2000.0,0.7243261933326721,69
c4_047,4,-89.992859,21.172864,2000.0,0.3952385187149048,69
c4_048,4,-89.948127,21.191457748413086,2000.0,0.28902608156204224,69
c4_049,4,-90.1195068359375,21.108461380004883,2000.0,0.5899053812026978,69
c4_050,4,-90.094718,21.12301254272461,2000.0,0.48144271969795227,69
c5_045,5,-90.018998,21.166128158569336,2000.0,0.39498069882392883,69
c5_008,5,-90.034357,21.155618,2000.0,0.4263765215873718,69
c5_010,5,-89.957289,21.163703,2000.0,0.42493659257888794,69
c5_011,5,-90.004985,21.156696319580078,2000.0,0.482028067111969,69
c5_012,5,-90.066424,21.154809951782227,2000.0,0.49936947226524353,69
c5_014,5,-90.006871,21.155887603759766,2000.0,0.38927382230758667,69
c5_016,5,-90.002829,21.15642738342285,2000.0,0.45959845185279846,69
c5_022,5,-90.044597,21.154809951782227,2000.0,0.38934749364852905,69
c5_024,5,-89.995284,21.15642738342285,2000.0,0.34901857376098633,69
c5_003,5,-90.056993,21.154541015625,2000.0,0.6162795424461365,69
c5_013,5,-90.020614,21.157235,2000.0,0.334309846162796,69
c5_020,5,-90.027621,21.156966,2000.0,0.3237355649471283,69
c5_025,5,-90.03301239013672,21.15966033935547,2000.0,0.24960146844387054,69
c5_034,5,-90.012261,21.166397094726562,2000.0,0.4089924395084381,69
c5_040,5,-90.069658,21.154541015625,2000.0,0.5890325307846069,69
c5_041,5,-89.998787,21.156156539916992,2000.0,0.3621368408203125,69
c5_043,5,-90.113042,21.13729476928711,2000.0,0.8567326664924622,69
c5_002,5,-90.042172,21.156156539916992,2000.0,0.2428828328847885,69
c5_004,5,-90.034088,21.156966,2000.0,0.3041532635688782,69
c5_001,5,-89.996093,21.155887603759766,2000.0,0.5246981978416443,69
c5_006,5,-90.035435,21.154809951782227,2000.0,0.5028069615364075,69
c5_015,5,-89.942738,21.172864,2000.0,0.4381357431411743,69
c5_018,5,-90.0685806274414,21.152385,2000.0,0.7947590947151184,69
c5_026,5,-89.998248,21.172326,2000.0,0.35138338804244995,69
c5_033,5,-90.01980590820312,21.156966,2000.0,0.5659915804862976,69
c5_036,5,-90.041902,21.15750503540039,2000.0,0.5217087864875793,69
c5_039,5,-90.060496,21.15642738342285,2000.0,0.5723923444747925,69
c5_005,5,-90.041633,21.159929275512695,2000.0,0.6096309423446655,69
c5_009,5,-90.038938,21.154271,2000.0,0.5509389638900757,69
c5_019,5,-90.057262,21.155349,2000.0,0.6197183132171631,69
c5_021,5,-90.089598,21.148073196411133,2000.0,0.6241655349731445,69
c5_030,5,-90.071814,21.151845932006836,2000.0,0.8031867146492004,69
c5_031,5,-90.003099,21.155618,2000.0,0.6512617468833923,69
c5_035,5,-90.095527,21.151845932006836,2000.0,0.7668238282203674,69
c5_037,5,-89.996632,21.160469,2000.0,0.7223999500274658,69
c5_023,5,-89.978038,21.180139541625977,2000.0,0.2434546798467636,69
c5_017,5,-90.040555,21.145917892456055,2000.0,0.46089890599250793,69
c5_027,5,-90.08879089355469,21.150768280029297,2000.0,0.8580433130264282,69
c5_047,5,-90.001213,21.154541015625,2000.0,0.8002958297729492,69
c5_048,5,-90.028429,21.156696319580078,2000.0,0.5643030405044556,69
c5_029,5,-90.090407,21.149421,2000.0,0.8052625060081482,69
c5_032,5,-90.079359,21.150768280029297,2000.0,0.5770840048789978,69
c5_038,5,-90.04082489013672,21.156966,2000.0,0.45716729760169983,69
c5_046,5,-90.067233,21.152114868164062,2000.0,0.6883978843688965,69
c5_028,5,-90.095527,21.150499,2000.0,0.7454040050506592,69
c5_044,5,-89.973188,21.183374404907227,2000.0,0.4171190559864044,69
c5_042,5,-90.08124542236328,21.149421,2000.0,0.7494071125984192,69
c5_007,5,-90.021962,21.143491744995117,2000.0,0.40626397728919983,69
c10_001,3,-90.028968,21.158313,2000.0,0.2696467936038971,69
c10_005,3,-89.954594,21.163972,2000.0,0.5115147233009338,69
c10_002,3,-90.033549,21.15858268737793,2000.0,0.17360363900661469,69
c10_003,3,-90.030046,21.158044,2000.0,0.25794875621795654,69
c10_004,3,-90.029507,21.157773971557617,2000.0,0.2769874036312103,69
c10_006,3,-90.03301239013672,21.159122467041016,2000.0,0.18017466366291046,69
c10_007,3,-90.03301239013672,21.158044,2000.0,0.21160511672496796,69
c10_009,3,-90.032741,21.15858268737793,2000.0,0.187322735786438,69
c10_010,3,-90.030585,21.158044,2000.0,0.23624493181705475,69
c10_008,3,-89.95405578613281,21.163972,2000.0,0.43548494577407837,69
c1_051,1,-90.064538,21.118162155151367,2000.0,0.6900275349617004,69
c1_052,1,-90.05322265625,21.112234115600586,2000.0,0.7470845580101013,69
c1_053,1,-90.068041,21.142953,2000.0,0.9651517271995544,69
c1_054,1,-90.00040435791016,21.124359130859375,2000.0,0.7856235504150391,69
c1_055,1,-90.049178,21.1402587890625,2000.0,0.7662415504455566,69
c2_051,2,-90.111695,21.123821258544922,2000.0,0.7334967851638794,69
c2_052,2,-90.02277374267578,21.139720916748047,2000.0,0.7862284779548645,69
c2_053,2,-89.941929,21.138911,2000.0,0.8762410283088684,69
c2_054,2,-89.950013,21.130019,2000.0,0.8429664373397827,69
c2_055,2,-90.106306,21.128941,2000.0,0.8134208917617798,69
c3_062,3,-90.086634,21.149690628051758,2000.0,0.5086007118225098,69
c3_051,3,-90.010914,21.144301,2000.0,0.8521835207939148,69
c3_055,3,-90.079359,21.150499,2000.0,0.5770840048789978,69
c3_058,3,-90.000943,21.171248,2000.0,0.8024055361747742,69
c3_052,3,-90.094179,21.114929,2000.0,0.7132694125175476,69
c3_059,3,-90.039208,21.1402587890625,2000.0,0.8487587571144104,69
c3_053,3,-90.013608,21.152114868164062,2000.0,0.90576171875,69
c3_060,3,-89.958906,21.12489891052246,2000.0,0.9081052541732788,69
c3_057,3,-90.058071,21.159929275512695,2000.0,0.8579251170158386,69
c3_061,3,-89.973457,21.138911,2000.0,0.7908573150634766,69
c3_064,3,-89.989625,21.149959564208984,2000.0,0.7250003814697266,69
c3_063,3,-90.030046,21.125707,2000.0,0.838105320930481,69
c3_065,3,-89.972379,21.162086486816406,2000.0,0.8162948489189148,69
c3_054,3,-90.029237,21.101455,2000.0,0.819434404373169,69
c3_056,3,-90.008758,21.114120483398438,2000.0,0.7902309894561768,69
c4_051,4,-89.958906,21.191997,2000.0,0.23873405158519745,69
c4_052,4,-89.957828,21.178254,2000.0,0.4861597418785095,69
c4_053,4,-89.994476,21.172864,2000.0,0.4734524190425873,69
c4_054,4,-89.994745,21.168822,2000.0,0.47157660126686096,69
c4_055,4,-90.0025634765625,21.169631,2000.0,0.09826831519603729,69
c1_001,1,-90.056184,21.12301254272461,2001.0,0.7495062947273254,63
c1_002,1,-89.984506,21.126246,2001.0,0.7715385556221008,63
c1_003,1,-90.070197,21.140798,2001.0,0.783379316329956,63
c1_004,1,-90.057801,21.145648,2001.0,0.7986523509025574,63
c1_005,1,-90.024926,21.145379,2001.0,0.6223511099815369,63
c1_006,1,-89.979386,21.130288,2001.0,0.7597236633300781,63
c1_007,1,-90.08636474609375,21.137025,2001.0,0.8346469402313232,63
c1_008,1,-89.952169,21.14322280883789,2001.0,0.9648773670196533,63
c1_009,1,-90.055106,21.138911,2001.0,0.7072081565856934,63
c1_010,1,-89.945702,21.14322280883789,2001.0,0.8084009885787964,63
c1_011,1,-89.958098,21.149151,2001.0,0.8151783347129822,63
c1_012,1,-90.036783,21.117354,2001.0,0.8224163055419922,63
c1_013,1,-90.113042,21.085018157958984,2001.0,0.8353254199028015,63
c1_014,1,-89.944085,21.154002,2001.0,0.8481343388557434,63
c1_015,1,-90.065885,21.113581,2001.0,0.6824755668640137,63
c1_016,1,-90.064538,21.121126174926758,2001.0,0.6956587433815002,63
c1_017,1,-90.01280212402344,21.122474,2001.0,0.7942051291465759,63
c1_018,1,-90.013608,21.150499,2001.0,0.822123646736145,63
c1_019,1,-90.075856,21.141876220703125,2001.0,0.866687536239624,63
c1_020,1,-90.063729,21.119510650634766,2001.0,0.6676734685897827,63
c1_021,1,-90.112234,21.128671646118164,2001.0,0.7821651101112366,63
c1_022,1,-89.970224,21.131635665893555,2001.0,0.7103089094161987,63
c1_023,1,-90.049448,21.111425399780273,2001.0,0.7671753764152527,63
c1_024,1,-90.076933,21.135408401489258,2001.0,0.8123728632926941,63
c1_025,1,-90.09391021728516,21.143762,2001.0,0.8757669925689697,63
c1_026,1,-89.940852,21.145917892456055,2001.0,0.8141810297966003,63
c1_027,1,-89.945163,21.154002,2001.0,0.7798123955726624,63
c1_028,1,-90.098491,21.127324,2001.0,0.838900089263916,63
c1_029,1,-90.003368,21.149421,2001.0,0.6679058074951172,63
c1_030,1,-89.972918,21.124629,2001.0,0.8296024799346924,63
c1_031,1,-90.003907,21.124359130859375,2001.0,0.792746365070343,63
c1_032,1,-90.066694,21.0987606048584,2001.0,0.7911213636398315,63
c1_033,1,-89.994745,21.123552322387695,2001.0,0.7628928422927856,63
c1_034,1,-90.08879089355469,21.142953,2001.0,0.8267297744750977,63
c1_035,1,-90.063191,21.110887,2001.0,0.6803132891654968,63
c1_036,1,-89.960523,21.137563705444336,2001.0,0.7930166125297546,63
c1_037,1,-90.094179,21.093371,2001.0,0.7821719646453857,63
c1_038,1,-90.0025634765625,21.122743,2001.0,0.7787630558013916,63
c1_039,1,-90.051334,21.132714,2001.0,0.6997198462486267,63
c1_040,1,-90.066694,21.13837242126465,2001.0,0.778439462184906,63
c1_041,1,-90.116815,21.0882511138916,2001.0,0.7995091676712036,63
c1_042,1,-90.057801,21.148612,2001.0,0.8748739957809448,63
c1_043,1,-90.080706,21.141876220703125,2001.0,0.8177451491355896,63
c1_044,1,-89.947319,21.188493728637695,2001.0,0.7119377851486206,63
c1_045,1,-89.981811,21.124091,2001.0,0.8197073936462402,63
c1_046,1,-90.058879,21.128671646118164,2001.0,0.691825270652771,63
c1_047,1,-90.075317,21.10361099243164,2001.0,0.7900834083557129,63
c1_048,1,-90.003638,21.150768280029297,2001.0,0.7292425036430359,63
c1_049,1,-90.026543,21.122743,2001.0,0.8098205327987671,63
c1_050,1,-90.108731,21.117623,2001.0,0.8115180134773254,63
c2_001,2,-89.960253,21.154002,2001.0,0.768396258354187,63
c2_002,2,-90.117623,21.133522033691406,2001.0,0.6108998656272888,63
c2_003,2,-90.07881927490234,21.09229278564453,2001.0,0.8035260438919067,63
c2_004,2,-89.978847,21.15022850036621,2001.0,0.7670673727989197,63
c2_005,2,-90.089329,21.09364128112793,2001.0,0.9015669822692871,63
c2_006,2,-90.11412048339844,21.100377,2001.0,0.725161612033844,63
c2_007,2,-90.106036,21.131635665893555,2001.0,0.8596233129501343,63
c2_008,2,-90.001213,21.145379,2001.0,0.8309379816055298,63
c2_009,2,-89.963217,21.183913,2001.0,0.6659533977508545,63
c2_010,2,-90.10226440429688,21.144301,2001.0,0.7855687737464905,63
c2_011,2,-89.958636,21.125438,2001.0,0.8096129298210144,63
c2_012,2,-90.097413,21.149959564208984,2001.0,0.8631150126457214,63
c2_013,2,-90.100647,21.106845,2001.0,0.7397102117538452,63
c2_014,2,-90.04594421386719,21.111156463623047,2001.0,0.5995020866394043,63
c2_015,2,-90.068849,21.102802276611328,2001.0,0.8920611143112183,63
c2_016,2,-90.118162,21.135947,2001.0,0.5092874765396118,63
c2_017,2,-89.96214294433594,21.120587,2001.0,0.8475199937820435,63
c2_018,2,-89.981541,21.148343,2001.0,0.7258895039558411,63
c2_019,2,-90.041364,21.101186,2001.0,0.8026386499404907,63
c2_020,2,-90.082592,21.10064697265625,2001.0,0.8414473533630371,63
c2_021,2,-89.945163,21.161008,2001.0,0.7117817997932434,63
c2_022,2,-90.01280212402344,21.118162155151367,2001.0,0.8067958354949951,63
c2_023,2,-89.94165802001953,21.17879295349121,2001.0,0.611749529838562,63
c2_024,2,-89.940043,21.179332,2001.0,0.6493356823921204,63
c2_025,2,-89.942199,21.169092178344727,2001.0,0.7510434985160828,63
c2_026,2,-90.04837036132812,21.15858268737793,2001.0,0.6803907752037048,63
c2_027,2,-90.018189,21.155078887939453,2001.0,0.7449213862419128,63
c2_028,2,-90.018998,21.118701,2001.0,0.7312807440757751,63
c2_029,2,-89.960253,21.166936,2001.0,0.8937993049621582,63
c2_030,2,-90.08636474609375,21.13918113708496,2001.0,0.8431271314620972,63
c2_031,2,-90.006871,21.167745,2001.0,0.565870463848114,63
c2_032,2,-89.9599838256836,21.15750503540039,2001.0,0.6414780020713806,63
c2_033,2,-90.052412,21.115737,2001.0,0.7516443133354187,63
c2_034,2,-90.075586,21.099569,2001.0,0.7459602355957031,63
c2_035,2,-90.108731,21.095796,2001.0,0.7190488576889038,63
c2_036,2,-90.026543,21.155078887939453,2001.0,0.8711577653884888,63
c2_037,2,-90.006871,21.131097,2001.0,0.7591250538825989,63
c2_038,2,-90.080167,21.099838256835938,2001.0,0.7933300137519836,63
c2_039,2,-89.947588,21.136486053466797,2001.0,0.8411506414413452,63
c2_040,2,-90.061304,21.10468864440918,2001.0,0.8089078068733215,63
c2_041,2,-90.075856,21.134868621826172,2001.0,0.8023470640182495,63
c2_042,2,-89.99959564208984,21.12004852294922,2001.0,0.7664514780044556,63
c2_043,2,-90.101725,21.08043670654297,2001.0,0.8136050701141357,63
c2_044,2,-90.026004,21.113851,2001.0,0.8323035836219788,63
c2_045,2,-90.118162,21.129209518432617,2001.0,0.7935998439788818,63
c2_046,2,-89.94139099121094,21.172056198120117,2001.0,0.8097289204597473,63
c2_047,2,-89.969685,21.1402587890625,2001.0,0.8053100109100342,63
c2_048,2,-90.1038818359375,21.095527,2001.0,0.7281352281570435,63
c2_049,2,-89.99231719970703,21.149690628051758,2001.0,0.8790496587753296,63
c2_050,2,-89.950822,21.121396,2001.0,0.8590101003646851,63
c3_045,3,-89.992859,21.161815643310547,2001.0,0.22931401431560516,63
c3_003,3,-90.034357,21.15858268737793,2001.0,0.1919422447681427,63
c3_026,3,-89.986931,21.149959564208984,2001.0,0.8674627542495728,63
c3_008,3,-90.084209,21.151576,2001.0,0.6255345940589905,63
c3_017,3,-89.970493,21.159929275512695,2001.0,0.7749516367912292,63
c3_004,3,-89.982619,21.180679,2001.0,0.2299848198890686,63
c3_040,3,-89.9742660522461,21.185529708862305,2001.0,0.8233019709587097,63
c3_024,3,-89.97722625732422,21.183913,2001.0,0.8339821696281433,63
c3_013,3,-89.995823,21.13837242126465,2001.0,0.8794441223144531,63
c3_018,3,-90.062113,21.107114,2001.0,0.8708715438842773,63
c3_007,3,-90.088521,21.146995,2001.0,0.8892402648925781,63
c3_014,3,-89.951361,21.199003219604492,2001.0,0.7854484915733337,63
c3_042,3,-89.950283,21.199003219604492,2001.0,0.7498914003372192,63
c3_029,3,-90.000135,21.137563705444336,2001.0,0.8046449422836304,63
c3_005,3,-90.003638,21.111964,2001.0,0.7932525873184204,63
c3_022,3,-90.005524,21.112503051757812,2001.0,0.7808747887611389,63
c3_002,3,-89.953786,21.197656,2001.0,0.7337509989738464,63
c3_015,3,-89.940852,21.162086486816406,2001.0,0.7857999801635742,63
c3_020,3,-90.016842,21.116006,2001.0,0.8302580714225769,63
c3_027,3,-89.982619,21.149421,2001.0,0.6591516733169556,63
c3_030,3,-89.942738,21.1674747467041,2001.0,0.7308095693588257,63
c3_050,3,-89.941929,21.168553,2001.0,0.6104190349578857,63
c3_009,3,-89.986392,21.149959564208984,2001.0,0.8733081817626953,63
c3_033,3,-90.039208,21.102802276611328,2001.0,0.8152309060096741,63
c3_038,3,-89.976152,21.169361114501953,2001.0,0.7230170965194702,63
c3_023,3,-89.97183990478516,21.169361114501953,2001.0,0.732446551322937,63
c3_032,3,-90.00040435791016,21.138642,2001.0,0.7080689072608948,63
c3_046,3,-89.994476,21.137832641601562,2001.0,0.6093015670776367,63
c3_025,3,-89.947049,21.157235,2001.0,0.7854276299476624,63
c3_028,3,-89.976421,21.165858,2001.0,0.8221194744110107,63
c3_036,3,-89.95189666748047,21.162894,2001.0,0.6629267930984497,63
c3_021,3,-90.007141,21.131635665893555,2001.0,0.7770766615867615,63
c3_035,3,-90.000943,21.144569396972656,2001.0,0.799565851688385,63
c3_037,3,-89.97183990478516,21.162086486816406,2001.0,0.8139862418174744,63
c3_039,3,-89.976691,21.168283462524414,2001.0,0.7021022439002991,63
c3_041,3,-89.973996,21.137563705444336,2001.0,0.7288568019866943,63
c3_034,3,-90.041364,21.1402587890625,2001.0,0.7116550803184509,63
c3_047,3,-90.028698,21.126246,2001.0,0.8413119316101074,63
c3_048,3,-90.030315,21.124359130859375,2001.0,0.7460291981697083,63
c3_011,3,-90.035974,21.099299,2001.0,0.7422751188278198,63
c3_001,3,-90.080437,21.100377,2001.0,0.7771868109703064,63
c3_006,3,-89.94677734375,21.202237,2001.0,0.8419702649116516,63
c3_019,3,-89.958367,21.172056198120117,2001.0,0.8679826259613037,63
c3_031,3,-90.00740814208984,21.113042,2001.0,0.8179005980491638,63
c3_010,3,-90.01252746582031,21.114659,2001.0,0.8081583380699158,63
c3_012,3,-90.00768280029297,21.114389419555664,2001.0,0.7531766891479492,63
c3_016,3,-90.045675,21.097951889038086,2001.0,0.6933774352073669,63
c3_043,3,-89.967259,21.189841,2001.0,0.8800169229507446,63
c3_044,3,-90.046214,21.097413,2001.0,0.7545163035392761,63
c3_049,3,-90.016033,21.116006,2001.0,0.7849301099777222,63
c4_001,4,-90.002021,21.168822,2001.0,0.45709919929504395,63
c4_002,4,-90.013878,21.166397094726562,2001.0,0.2723938524723053,63
c4_003,4,-90.040286,21.149421,2001.0,0.42857736349105835,63
c4_004,4,-89.94139099121094,21.181487,2001.0,0.4026159942150116,63
c4_005,4,-89.967529,21.183643341064453,2001.0,0.4621541202068329,63
c4_006,4,-89.943277,21.200620651245117,2001.0,0.33487918972969055,63
c4_007,4,-89.968068,21.171248,2001.0,0.41569286584854126,63
c4_008,4,-90.035705,21.15346336364746,2001.0,0.6286560893058777,63
c4_009,4,-89.967798,21.179332,2001.0,0.18344223499298096,63
c4_010,4,-89.949205,21.194961,2001.0,0.1603149026632309,63
c4_011,4,-89.943007,21.202506,2001.0,0.31085237860679626,63
c4_012,4,-89.945163,21.199811,2001.0,0.23397816717624664,63
c4_013,4,-89.972379,21.174481,2001.0,0.22167633473873138,63
c4_014,4,-90.041633,21.148612,2001.0,0.3539750874042511,63
c4_015,4,-89.960792,21.190380096435547,2001.0,0.23093117773532867,63
c4_016,4,-89.958098,21.184452056884766,2001.0,0.27073344588279724,63
c4_017,4,-90.074239,21.133790969848633,2001.0,0.6748369336128235,63
c4_018,4,-89.950822,21.1922664642334,2001.0,0.21894048154354095,63
c4_019,4,-89.996901,21.149959564208984,2001.0,0.6739840507507324,63
c4_020,4,-89.960523,21.186338424682617,2001.0,0.22738663852214813,63
c4_021,4,-89.9465103149414,21.185529708862305,2001.0,0.1108691543340683,63
c4_022,4,-89.957828,21.185529708862305,2001.0,0.24242325127124786,63
c4_023,4,-90.035705,21.144301,2001.0,0.6351116299629211,63
c4_024,4,-90.022501,21.156966,2001.0,0.17341922223567963,63
c4_025,4,-89.981002,21.165319,2001.0,0.4386023283004761,63
c4_026,4,-90.027621,21.162355422973633,2001.0,0.14892584085464478,63
c4_027,4,-89.949475,21.19415283203125,2001.0,0.16908834874629974,63
c4_028,4,-89.940852,21.201428,2001.0,0.3196038603782654,63
c4_029,4,-89.961601,21.190919,2001.0,0.49584320187568665,63
c4_030,4,-90.041364,21.151576,2001.0,0.7998790740966797,63
c4_031,4,-90.062382,21.153732299804688,2001.0,0.6611390113830566,63
c4_032,4,-89.944085,21.193883,2001.0,0.14047440886497498,63
c4_033,4,-89.981811,21.164511,2001.0,0.7296304106712341,63
c4_034,4,-89.940313,21.199811,2001.0,0.15887632966041565,63
c4_035,4,-90.072622,21.132714,2001.0,0.7468920946121216,63
c4_036,4,-89.942738,21.183643341064453,2001.0,0.3126589059829712,63
c4_037,4,-89.9742660522461,21.173673,2001.0,0.6696235537528992,63
c4_038,4,-89.966451,21.182565,2001.0,0.30584582686424255,63
c4_039,4,-90.014147,21.163972,2001.0,0.13263793289661407,63
c4_040,4,-89.944355,21.201428,2001.0,0.38558387756347656,63
c4_041,4,-90.011183,21.148881912231445,2001.0,0.7226929068565369,63
c4_042,4,-90.071814,21.131635665893555,2001.0,0.6509064435958862,63
c4_043,4,-90.11438751220703,21.11061668395996,2001.0,0.7197729349136353,63
c4_044,4,-89.956481,21.189302444458008,2001.0,0.6189774870872498,63
c4_045,4,-90.036513,21.153732299804688,2001.0,0.5605458617210388,63
c4_046,4,-89.98235321044922,21.169092178344727,2001.0,0.707507848739624,63
c4_047,4,-89.992859,21.172864,2001.0,0.2991192042827606,63
c4_048,4,-89.948127,21.191457748413086,2001.0,0.34511107206344604,63
c4_049,4,-90.1195068359375,21.108461380004883,2001.0,0.5789594650268555,63
c4_050,4,-90.094718,21.12301254272461,2001.0,0.5141748785972595,63
c5_045,5,-90.018998,21.166128158569336,2001.0,0.30462324619293213,63
c5_008,5,-90.034357,21.155618,2001.0,0.36359256505966187,63
c5_010,5,-89.957289,21.163703,2001.0,0.43539783358573914,63
c5_011,5,-90.004985,21.156696319580078,2001.0,0.44471341371536255,63
c5_012,5,-90.066424,21.154809951782227,2001.0,0.6501780152320862,63
c5_014,5,-90.006871,21.155887603759766,2001.0,0.47471198439598083,63
c5_016,5,-90.002829,21.15642738342285,2001.0,0.45032936334609985,63
c5_022,5,-90.044597,21.154809951782227,2001.0,0.36335739493370056,63
c5_024,5,-89.995284,21.15642738342285,2001.0,0.33895400166511536,63
c5_003,5,-90.056993,21.154541015625,2001.0,0.619308352470398,63
c5_013,5,-90.020614,21.157235,2001.0,0.2790774405002594,63
c5_020,5,-90.027621,21.156966,2001.0,0.21972019970417023,63
c5_025,5,-90.03301239013672,21.15966033935547,2001.0,0.15473270416259766,63
c5_034,5,-90.012261,21.166397094726562,2001.0,0.2118605375289917,63
c5_040,5,-90.069658,21.154541015625,2001.0,0.5374271869659424,63
c5_041,5,-89.998787,21.156156539916992,2001.0,0.4333873987197876,63
c5_043,5,-90.113042,21.13729476928711,2001.0,0.5818748474121094,63
c5_002,5,-90.042172,21.156156539916992,2001.0,0.21313753724098206,63
c5_004,5,-90.034088,21.156966,2001.0,0.3030974268913269,63
c5_001,5,-89.996093,21.155887603759766,2001.0,0.5602136254310608,63
c5_006,5,-90.035435,21.154809951782227,2001.0,0.5685766935348511,63
c5_015,5,-89.942738,21.172864,2001.0,0.5015347003936768,63
c5_018,5,-90.0685806274414,21.152385,2001.0,0.5713316202163696,63
c5_026,5,-89.998248,21.172326,2001.0,0.33123722672462463,63
c5_033,5,-90.01980590820312,21.156966,2001.0,0.6763841509819031,63
c5_036,5,-90.041902,21.15750503540039,2001.0,0.49894994497299194,63
c5_039,5,-90.060496,21.15642738342285,2001.0,0.7771098613739014,63
c5_005,5,-90.041633,21.159929275512695,2001.0,0.6151103973388672,63
c5_009,5,-90.038938,21.154271,2001.0,0.5740108489990234,63
c5_019,5,-90.057262,21.155349,2001.0,0.5416650772094727,63
c5_021,5,-90.089598,21.148073196411133,2001.0,0.528450071811676,63
c5_030,5,-90.071814,21.151845932006836,2001.0,0.5812079310417175,63
c5_031,5,-90.003099,21.155618,2001.0,0.43657317757606506,63
c5_035,5,-90.095527,21.151845932006836,2001.0,0.5683297514915466,63
c5_037,5,-89.996632,21.160469,2001.0,0.7316364645957947,63
c5_023,5,-89.978038,21.180139541625977,2001.0,0.2582300007343292,63
c5_017,5,-90.040555,21.145917892456055,2001.0,0.46804672479629517,63
c5_027,5,-90.08879089355469,21.150768280029297,2001.0,0.7367174625396729,63
c5_047,5,-90.001213,21.154541015625,2001.0,0.7566601634025574,63
c5_048,5,-90.028429,21.156696319580078,2001.0,0.48751404881477356,63
c5_029,5,-90.090407,21.149421,2001.0,0.6114243268966675,63
c5_032,5,-90.079359,21.150768280029297,2001.0,0.49463629722595215,63
c5_038,5,-90.04082489013672,21.156966,2001.0,0.592867374420166,63
c5_046,5,-90.067233,21.152114868164062,2001.0,0.5275729894638062,63
c5_028,5,-90.095527,21.150499,2001.0,0.6848543882369995,63
c5_044,5,-89.973188,21.183374404907227,2001.0,0.25976869463920593,63
c5_042,5,-90.08124542236328,21.149421,2001.0,0.723784863948822,63
c5_007,5,-90.021962,21.143491744995117,2001.0,0.4789665639400482,63
c10_001,3,-90.028968,21.158313,2001.0,0.1587447077035904,63
c10_005,3,-89.954594,21.163972,2001.0,0.5025970935821533,63
c10_002,3,-90.033549,21.15858268737793,2001.0,0.18592606484889984,63
c10_003,3,-90.030046,21.158044,2001.0,0.19515100121498108,63
c10_004,3,-90.029507,21.157773971557617,2001.0,0.30543074011802673,63
c10_006,3,-90.03301239013672,21.159122467041016,2001.0,0.18233691155910492,63
c10_007,3,-90.03301239013672,21.158044,2001.0,0.20802859961986542,63
c10_009,3,-90.032741,21.15858268737793,2001.0,0.1749986857175827,63
c10_010,3,-90.030585,21.158044,2001.0,0.22938698530197144,63
c10_008,3,-89.95405578613281,21.163972,2001.0,0.46342921257019043,63
c1_051,1,-90.064538,21.118162155151367,2001.0,0.7101966142654419,63
c1_052,1,-90.05322265625,21.112234115600586,2001.0,0.7450891137123108,63
c1_053,1,-90.068041,21.142953,2001.0,0.7981895804405212,63
c1_054,1,-90.00040435791016,21.124359130859375,2001.0,0.7562312483787537,63
c1_055,1,-90.049178,21.1402587890625,2001.0,0.7638758420944214,63
c2_051,2,-90.111695,21.123821258544922,2001.0,0.7523207664489746,63
c2_052,2,-90.02277374267578,21.139720916748047,2001.0,0.6699280738830566,63
c2_053,2,-89.941929,21.138911,2001.0,0.8143702149391174,63
c2_054,2,-89.950013,21.130019,2001.0,0.8469687700271606,63
c2_055,2,-90.106306,21.128941,2001.0,0.7692577242851257,63
c3_062,3,-90.086634,21.149690628051758,2001.0,0.3981874883174896,63
c3_051,3,-90.010914,21.144301,2001.0,0.829793393611908,63
c3_055,3,-90.079359,21.150499,2001.0,0.5598322749137878,63
c3_058,3,-90.000943,21.171248,2001.0,0.7426553964614868,63
c3_052,3,-90.094179,21.114929,2001.0,0.7574636340141296,63
c3_059,3,-90.039208,21.1402587890625,2001.0,0.7970702648162842,63
c3_053,3,-90.013608,21.152114868164062,2001.0,0.8959129452705383,63
c3_060,3,-89.958906,21.12489891052246,2001.0,0.8800788521766663,63
c3_057,3,-90.058071,21.159929275512695,2001.0,0.7976608276367188,63
c3_061,3,-89.973457,21.138911,2001.0,0.7923337817192078,63
c3_064,3,-89.989625,21.149959564208984,2001.0,0.7224076986312866,63
c3_063,3,-90.030046,21.125707,2001.0,0.7986872792243958,63
c3_065,3,-89.972379,21.162086486816406,2001.0,0.865253746509552,63
c3_054,3,-90.029237,21.101455,2001.0,0.8070984482765198,63
c3_056,3,-90.008758,21.114120483398438,2001.0,0.7996054291725159,63
c4_051,4,-89.958906,21.191997,2001.0,0.2610166370868683,63
c4_052,4,-89.957828,21.178254,2001.0,0.14669962227344513,63
c4_053,4,-89.994476,21.172864,2001.0,0.3748546838760376,63
c4_054,4,-89.994745,21.168822,2001.0,0.19334688782691956,63
c4_055,4,-90.0025634765625,21.169631,2001.0,0.2259967178106308,63
c1_001,1,-90.056184,21.12301254272461,2002.0,0.7702533602714539,31
c1_002,1,-89.984506,21.126246,2002.0,0.7905671000480652,31
c1_003,1,-90.070197,21.140798,2002.0,0.8083750009536743,31
c1_004,1,-90.057801,21.145648,2002.0,0.7779874801635742,31
c1_005,1,-90.024926,21.145379,2002.0,0.560158371925354,31
c1_006,1,-89.979386,21.130288,2002.0,0.7497252821922302,31
c1_007,1,-90.08636474609375,21.137025,2002.0,0.8564855456352234,31
c1_008,1,-89.952169,21.14322280883789,2002.0,0.7794937491416931,31
c1_009,1,-90.055106,21.138911,2002.0,0.7311891913414001,31
c1_010,1,-89.945702,21.14322280883789,2002.0,0.7504214644432068,31
c1_011,1,-89.958098,21.149151,2002.0,0.7968646287918091,31
c1_012,1,-90.036783,21.117354,2002.0,0.8385822772979736,31
c1_013,1,-90.113042,21.085018157958984,2002.0,0.8416543006896973,31
c1_014,1,-89.944085,21.154002,2002.0,0.8417718410491943,31
c1_015,1,-90.065885,21.113581,2002.0,0.7311496138572693,31
c1_016,1,-90.064538,21.121126174926758,2002.0,0.6747904419898987,31
c1_017,1,-90.01280212402344,21.122474,2002.0,0.7925854325294495,31
c1_018,1,-90.013608,21.150499,2002.0,0.8087853789329529,31
c1_019,1,-90.075856,21.141876220703125,2002.0,0.8462576866149902,31
c1_020,1,-90.063729,21.119510650634766,2002.0,0.6386948227882385,31
c1_021,1,-90.112234,21.128671646118164,2002.0,0.7836289405822754,31
c1_022,1,-89.970224,21.131635665893555,2002.0,0.701811671257019,31
c1_023,1,-90.049448,21.111425399780273,2002.0,0.7663100957870483,31
c1_024,1,-90.076933,21.135408401489258,2002.0,0.8150590658187866,31
c1_025,1,-90.09391021728516,21.143762,2002.0,0.8301736116409302,31
c1_026,1,-89.940852,21.145917892456055,2002.0,0.7996444702148438,31
c1_027,1,-89.945163,21.154002,2002.0,0.7790554761886597,31
c1_028,1,-90.098491,21.127324,2002.0,0.7673485279083252,31
c1_029,1,-90.003368,21.149421,2002.0,0.6358896493911743,31
c1_030,1,-89.972918,21.124629,2002.0,0.8205456733703613,31
c1_031,1,-90.003907,21.124359130859375,2002.0,0.8000192046165466,31
c1_032,1,-90.066694,21.0987606048584,2002.0,0.7993142008781433,31
c1_033,1,-89.994745,21.123552322387695,2002.0,0.7388354539871216,31
c1_034,1,-90.08879089355469,21.142953,2002.0,0.7872229814529419,31
c1_035,1,-90.063191,21.110887,2002.0,0.7012901306152344,31
c1_036,1,-89.960523,21.137563705444336,2002.0,0.7906191945075989,31
c1_037,1,-90.094179,21.093371,2002.0,0.8087131977081299,31
c1_038,1,-90.0025634765625,21.122743,2002.0,0.7979615330696106,31
c1_039,1,-90.051334,21.132714,2002.0,0.6764501333236694,31
c1_040,1,-90.066694,21.13837242126465,2002.0,0.756945013999939,31
c1_041,1,-90.116815,21.0882511138916,2002.0,0.7793813943862915,31
c1_042,1,-90.057801,21.148612,2002.0,0.8421480655670166,31
c1_043,1,-90.080706,21.141876220703125,2002.0,0.7896127700805664,31
c1_044,1,-89.947319,21.188493728637695,2002.0,0.6747509837150574,31
c1_045,1,-89.981811,21.124091,2002.0,0.8374835252761841,31
c1_046,1,-90.058879,21.128671646118164,2002.0,0.7115251421928406,31
c1_047,1,-90.075317,21.10361099243164,2002.0,0.8304122090339661,31
c1_048,1,-90.003638,21.150768280029297,2002.0,0.736686110496521,31
c1_049,1,-90.026543,21.122743,2002.0,0.8289586901664734,31
c1_050,1,-90.108731,21.117623,2002.0,0.8002919554710388,31
c2_001,2,-89.960253,21.154002,2002.0,0.732237696647644,31
c2_002,2,-90.117623,21.133522033691406,2002.0,0.7925743460655212,31
c2_003,2,-90.07881927490234,21.09229278564453,2002.0,0.818760097026825,31
c2_004,2,-89.978847,21.15022850036621,2002.0,0.7485682368278503,31
c2_005,2,-90.089329,21.09364128112793,2002.0,0.844397246837616,31
c2_006,2,-90.11412048339844,21.100377,2002.0,0.757788896560669,31
c2_007,2,-90.106036,21.131635665893555,2002.0,0.826698362827301,31
c2_008,2,-90.001213,21.145379,2002.0,0.7644103765487671,31
c2_009,2,-89.963217,21.183913,2002.0,0.5899959802627563,31
c2_010,2,-90.10226440429688,21.144301,2002.0,0.8052125573158264,31
c2_011,2,-89.958636,21.125438,2002.0,0.8249017000198364,31
c2_012,2,-90.097413,21.149959564208984,2002.0,0.8116037845611572,31
c2_013,2,-90.100647,21.106845,2002.0,0.7292092442512512,31
c2_014,2,-90.04594421386719,21.111156463623047,2002.0,0.6490246057510376,31
c2_015,2,-90.068849,21.102802276611328,2002.0,0.847518265247345,31
c2_016,2,-90.118162,21.135947,2002.0,0.7722321152687073,31
c2_017,2,-89.96214294433594,21.120587,2002.0,0.832868754863739,31
c2_018,2,-89.981541,21.148343,2002.0,0.5455095171928406,31
c2_019,2,-90.041364,21.101186,2002.0,0.8232746124267578,31
c2_020,2,-90.082592,21.10064697265625,2002.0,0.8096441626548767,31
c2_021,2,-89.945163,21.161008,2002.0,0.6692432761192322,31
c2_022,2,-90.01280212402344,21.118162155151367,2002.0,0.8028181195259094,31
c2_023,2,-89.94165802001953,21.17879295349121,2002.0,0.5472052097320557,31
c2_024,2,-89.940043,21.179332,2002.0,0.5242829918861389,31
c2_025,2,-89.942199,21.169092178344727,2002.0,0.6793919801712036,31
c2_026,2,-90.04837036132812,21.15858268737793,2002.0,0.7617902159690857,31
c2_027,2,-90.018189,21.155078887939453,2002.0,0.6710033416748047,31
c2_028,2,-90.018998,21.118701,2002.0,0.7583556175231934,31
c2_029,2,-89.960253,21.166936,2002.0,0.8315780162811279,31
c2_030,2,-90.08636474609375,21.13918113708496,2002.0,0.8507275581359863,31
c2_031,2,-90.006871,21.167745,2002.0,0.6262059211730957,31
c2_032,2,-89.9599838256836,21.15750503540039,2002.0,0.6003692150115967,31
c2_033,2,-90.052412,21.115737,2002.0,0.810461163520813,31
c2_034,2,-90.075586,21.099569,2002.0,0.7841812372207642,31
c2_035,2,-90.108731,21.095796,2002.0,0.7198128700256348,31
c2_036,2,-90.026543,21.155078887939453,2002.0,0.8477481603622437,31
c2_037,2,-90.006871,21.131097,2002.0,0.7763987183570862,31
c2_038,2,-90.080167,21.099838256835938,2002.0,0.8509188294410706,31
c2_039,2,-89.947588,21.136486053466797,2002.0,0.8375903964042664,31
c2_040,2,-90.061304,21.10468864440918,2002.0,0.8142039775848389,31
c2_041,2,-90.075856,21.134868621826172,2002.0,0.7844840288162231,31
c2_042,2,-89.99959564208984,21.12004852294922,2002.0,0.7785596251487732,31
c2_043,2,-90.101725,21.08043670654297,2002.0,0.8159279227256775,31
c2_044,2,-90.026004,21.113851,2002.0,0.8313491344451904,31
c2_045,2,-90.118162,21.129209518432617,2002.0,0.8283986449241638,31
c2_046,2,-89.94139099121094,21.172056198120117,2002.0,0.7558309435844421,31
c2_047,2,-89.969685,21.1402587890625,2002.0,0.8442890644073486,31
c2_048,2,-90.1038818359375,21.095527,2002.0,0.7283299565315247,31
c2_049,2,-89.99231719970703,21.149690628051758,2002.0,0.6841421723365784,31
c2_050,2,-89.950822,21.121396,2002.0,0.8523263931274414,31
c3_045,3,-89.992859,21.161815643310547,2002.0,0.1296432465314865,31
c3_003,3,-90.034357,21.15858268737793,2002.0,0.15882480144500732,31
c3_026,3,-89.986931,21.149959564208984,2002.0,0.8555783033370972,31
c3_008,3,-90.084209,21.151576,2002.0,0.6203331351280212,31
c3_017,3,-89.970493,21.159929275512695,2002.0,0.7308580875396729,31
c3_004,3,-89.982619,21.180679,2002.0,0.2161654382944107,31
c3_040,3,-89.9742660522461,21.185529708862305,2002.0,0.8326817154884338,31
c3_024,3,-89.97722625732422,21.183913,2002.0,0.6358473896980286,31
c3_013,3,-89.995823,21.13837242126465,2002.0,0.8456657528877258,31
c3_018,3,-90.062113,21.107114,2002.0,0.8660086989402771,31
c3_007,3,-90.088521,21.146995,2002.0,0.6574493050575256,31
c3_014,3,-89.951361,21.199003219604492,2002.0,0.3099617063999176,31
c3_042,3,-89.950283,21.199003219604492,2002.0,0.25021108984947205,31
c3_029,3,-90.000135,21.137563705444336,2002.0,0.7417376041412354,31
c3_005,3,-90.003638,21.111964,2002.0,0.8394337892532349,31
c3_022,3,-90.005524,21.112503051757812,2002.0,0.8050921559333801,31
c3_002,3,-89.953786,21.197656,2002.0,0.6677376627922058,31
c3_015,3,-89.940852,21.162086486816406,2002.0,0.7432273030281067,31
c3_020,3,-90.016842,21.116006,2002.0,0.8322327733039856,31
c3_027,3,-89.982619,21.149421,2002.0,0.597745418548584,31
c3_030,3,-89.942738,21.1674747467041,2002.0,0.6947509050369263,31
c3_050,3,-89.941929,21.168553,2002.0,0.5623534321784973,31
c3_009,3,-89.986392,21.149959564208984,2002.0,0.8737776279449463,31
c3_033,3,-90.039208,21.102802276611328,2002.0,0.790993332862854,31
c3_038,3,-89.976152,21.169361114501953,2002.0,0.690543532371521,31
c3_023,3,-89.97183990478516,21.169361114501953,2002.0,0.6892333626747131,31
c3_032,3,-90.00040435791016,21.138642,2002.0,0.6658754348754883,31
c3_046,3,-89.994476,21.137832641601562,2002.0,0.6394156217575073,31
c3_025,3,-89.947049,21.157235,2002.0,0.7491083741188049,31
c3_028,3,-89.976421,21.165858,2002.0,0.751335084438324,31
c3_036,3,-89.95189666748047,21.162894,2002.0,0.6097114086151123,31
c3_021,3,-90.007141,21.131635665893555,2002.0,0.8079729676246643,31
c3_035,3,-90.000943,21.144569396972656,2002.0,0.7675663232803345,31
c3_037,3,-89.97183990478516,21.162086486816406,2002.0,0.8051257133483887,31
c3_039,3,-89.976691,21.168283462524414,2002.0,0.681454598903656,31
c3_041,3,-89.973996,21.137563705444336,2002.0,0.7341920137405396,31
c3_034,3,-90.041364,21.1402587890625,2002.0,0.6814250349998474,31
c3_047,3,-90.028698,21.126246,2002.0,0.8223258852958679,31
c3_048,3,-90.030315,21.124359130859375,2002.0,0.7660531997680664,31
c3_011,3,-90.035974,21.099299,2002.0,0.7734090089797974,31
c3_001,3,-90.080437,21.100377,2002.0,0.8026096820831299,31
c3_006,3,-89.94677734375,21.202237,2002.0,0.799970269203186,31
c3_019,3,-89.958367,21.172056198120117,2002.0,0.8112137317657471,31
c3_031,3,-90.00740814208984,21.113042,2002.0,0.8163563013076782,31
c3_010,3,-90.01252746582031,21.114659,2002.0,0.818457305431366,31
c3_012,3,-90.00768280029297,21.114389419555664,2002.0,0.7966898083686829,31
c3_016,3,-90.045675,21.097951889038086,2002.0,0.7464473247528076,31
c3_043,3,-89.967259,21.189841,2002.0,0.8567463159561157,31
c3_044,3,-90.046214,21.097413,2002.0,0.7894617915153503,31
c3_049,3,-90.016033,21.116006,2002.0,0.8204801678657532,31
c4_001,4,-90.002021,21.168822,2002.0,0.4206617474555969,31
c4_002,4,-90.013878,21.166397094726562,2002.0,0.4137182831764221,31
c4_003,4,-90.040286,21.149421,2002.0,0.5412106513977051,31
c4_004,4,-89.94139099121094,21.181487,2002.0,0.42724668979644775,31
c4_005,4,-89.967529,21.183643341064453,2002.0,0.23665235936641693,31
c4_006,4,-89.943277,21.200620651245117,2002.0,0.27428433299064636,31
c4_007,4,-89.968068,21.171248,2002.0,0.48713552951812744,31
c4_008,4,-90.035705,21.15346336364746,2002.0,0.5827181935310364,31
c4_009,4,-89.967798,21.179332,2002.0,0.1639607697725296,31
c4_010,4,-89.949205,21.194961,2002.0,0.4212188422679901,31
c4_011,4,-89.943007,21.202506,2002.0,0.3921990990638733,31
c4_012,4,-89.945163,21.199811,2002.0,0.13776592910289764,31
c4_013,4,-89.972379,21.174481,2002.0,0.41231638193130493,31
c4_014,4,-90.041633,21.148612,2002.0,0.515478789806366,31
c4_015,4,-89.960792,21.190380096435547,2002.0,0.18827345967292786,31
c4_016,4,-89.958098,21.184452056884766,2002.0,0.40499502420425415,31
c4_017,4,-90.074239,21.133790969848633,2002.0,0.6892496347427368,31
c4_018,4,-89.950822,21.1922664642334,2002.0,0.2090555876493454,31
c4_019,4,-89.996901,21.149959564208984,2002.0,0.6952245831489563,31
c4_020,4,-89.960523,21.186338424682617,2002.0,0.22050149738788605,31
c4_021,4,-89.9465103149414,21.185529708862305,2002.0,0.0930866003036499,31
c4_022,4,-89.957828,21.185529708862305,2002.0,0.1581004559993744,31
c4_023,4,-90.035705,21.144301,2002.0,0.6409424543380737,31
c4_024,4,-90.022501,21.156966,2002.0,0.23372581601142883,31
c4_025,4,-89.981002,21.165319,2002.0,0.27978289127349854,31
c4_026,4,-90.027621,21.162355422973633,2002.0,0.18044644594192505,31
c4_027,4,-89.949475,21.19415283203125,2002.0,0.03492138534784317,31
c4_028,4,-89.940852,21.201428,2002.0,0.15890023112297058,31
c4_029,4,-89.961601,21.190919,2002.0,0.4709388017654419,31
c4_030,4,-90.041364,21.151576,2002.0,0.803399920463562,31
c4_031,4,-90.062382,21.153732299804688,2002.0,0.5674849152565002,31
c4_032,4,-89.944085,21.193883,2002.0,0.1062474176287651,31
c4_033,4,-89.981811,21.164511,2002.0,0.604705274105072,31
c4_034,4,-89.940313,21.199811,2002.0,0.10065705329179764,31
c4_035,4,-90.072622,21.132714,2002.0,0.7692512273788452,31
c4_036,4,-89.942738,21.183643341064453,2002.0,0.38959813117980957,31
c4_037,4,-89.9742660522461,21.173673,2002.0,0.6407585144042969,31
c4_038,4,-89.966451,21.182565,2002.0,0.1947038769721985,31
c4_039,4,-90.014147,21.163972,2002.0,0.1062440499663353,31
c4_040,4,-89.944355,21.201428,2002.0,0.5254745483398438,31
c4_041,4,-90.011183,21.148881912231445,2002.0,0.6403976082801819,31
c4_042,4,-90.071814,21.131635665893555,2002.0,0.5974303483963013,31
c4_043,4,-90.11438751220703,21.11061668395996,2002.0,0.7034891247749329,31
c4_044,4,-89.956481,21.189302444458008,2002.0,0.3269180357456207,31
c4_045,4,-90.036513,21.153732299804688,2002.0,0.6408970952033997,31
c4_046,4,-89.98235321044922,21.169092178344727,2002.0,0.5700600743293762,31
c4_047,4,-89.992859,21.172864,2002.0,0.4740460515022278,31
c4_048,4,-89.948127,21.191457748413086,2002.0,0.1758187860250473,31
c4_049,4,-90.1195068359375,21.108461380004883,2002.0,0.6515898108482361,31
c4_050,4,-90.094718,21.12301254272461,2002.0,0.6143047213554382,31
c5_045,5,-90.018998,21.166128158569336,2002.0,0.3886706829071045,31
c5_008,5,-90.034357,21.155618,2002.0,0.4982568621635437,31
c5_010,5,-89.957289,21.163703,2002.0,0.44421878457069397,31
c5_011,5,-90.004985,21.156696319580078,2002.0,0.3755817413330078,31
c5_012,5,-90.066424,21.154809951782227,2002.0,0.7729336023330688,31
c5_014,5,-90.006871,21.155887603759766,2002.0,0.15388096868991852,31
c5_016,5,-90.002829,21.15642738342285,2002.0,0.2657468616962433,31
c5_022,5,-90.044597,21.154809951782227,2002.0,0.3785880208015442,31
c5_024,5,-89.995284,21.15642738342285,2002.0,0.24502913653850555,31
c5_003,5,-90.056993,21.154541015625,2002.0,0.5179439783096313,31
c5_013,5,-90.020614,21.157235,2002.0,0.3769492506980896,31
c5_020,5,-90.027621,21.156966,2002.0,0.1662123203277588,31
c5_025,5,-90.03301239013672,21.15966033935547,2002.0,0.071029432117939,31
c5_034,5,-90.012261,21.166397094726562,2002.0,0.34813815355300903,31
c5_040,5,-90.069658,21.154541015625,2002.0,0.7294747829437256,31
c5_041,5,-89.998787,21.156156539916992,2002.0,0.15785451233386993,31
c5_043,5,-90.113042,21.13729476928711,2002.0,0.7160186767578125,31
c5_002,5,-90.042172,21.156156539916992,2002.0,0.1767769753932953,31
c5_004,5,-90.034088,21.156966,2002.0,0.3364299237728119,31
c5_001,5,-89.996093,21.155887603759766,2002.0,0.4708552956581116,31
c5_006,5,-90.035435,21.154809951782227,2002.0,0.5977872014045715,31
c5_015,5,-89.942738,21.172864,2002.0,0.4524475634098053,31
c5_018,5,-90.0685806274414,21.152385,2002.0,0.6022346615791321,31
c5_026,5,-89.998248,21.172326,2002.0,0.19986972212791443,31
c5_033,5,-90.01980590820312,21.156966,2002.0,0.6601070165634155,31
c5_036,5,-90.041902,21.15750503540039,2002.0,0.4489421844482422,31
c5_039,5,-90.060496,21.15642738342285,2002.0,0.689379870891571,31
c5_005,5,-90.041633,21.159929275512695,2002.0,0.6464744806289673,31
c5_009,5,-90.038938,21.154271,2002.0,0.5359230637550354,31
c5_019,5,-90.057262,21.155349,2002.0,0.4746929109096527,31
c5_021,5,-90.089598,21.148073196411133,2002.0,0.5729711651802063,31
c5_030,5,-90.071814,21.151845932006836,2002.0,0.6114335060119629,31
c5_031,5,-90.003099,21.155618,2002.0,0.3116116225719452,31
c5_035,5,-90.095527,21.151845932006836,2002.0,0.550381600856781,31
c5_037,5,-89.996632,21.160469,2002.0,0.7116938829421997,31
c5_023,5,-89.978038,21.180139541625977,2002.0,0.4044596254825592,31
c5_017,5,-90.040555,21.145917892456055,2002.0,0.4828408360481262,31
c5_027,5,-90.08879089355469,21.150768280029297,2002.0,0.7194438576698303,31
c5_047,5,-90.001213,21.154541015625,2002.0,0.6759594678878784,31
c5_048,5,-90.028429,21.156696319580078,2002.0,0.5107134580612183,31
c5_029,5,-90.090407,21.149421,2002.0,0.6489986777305603,31
c5_032,5,-90.079359,21.150768280029297,2002.0,0.6094033718109131,31
c5_038,5,-90.04082489013672,21.156966,2002.0,0.6173548102378845,31
c5_046,5,-90.067233,21.152114868164062,2002.0,0.6329323649406433,31
c5_028,5,-90.095527,21.150499,2002.0,0.6679327487945557,31
c5_044,5,-89.973188,21.183374404907227,2002.0,0.6187424659729004,31
c5_042,5,-90.08124542236328,21.149421,2002.0,0.7043527960777283,31
c5_007,5,-90.021962,21.143491744995117,2002.0,0.44119182229042053,31
c10_001,3,-90.028968,21.158313,2002.0,0.10871654003858566,31
c10_005,3,-89.954594,21.163972,2002.0,0.47572511434555054,31
c10_002,3,-90.033549,21.15858268737793,2002.0,0.13849756121635437,31
c10_003,3,-90.030046,21.158044,2002.0,0.23372581601142883,31
c10_004,3,-90.029507,21.157773971557617,2002.0,0.30320048332214355,31
c10_006,3,-90.03301239013672,21.159122467041016,2002.0,0.15882480144500732,31
c10_007,3,-90.03301239013672,21.158044,2002.0,0.20240771770477295,31
c10_009,3,-90.032741,21.15858268737793,2002.0,0.10664258897304535,31
c10_010,3,-90.030585,21.158044,2002.0,0.24767138063907623,31
c10_008,3,-89.95405578613281,21.163972,2002.0,0.4602946937084198,31
c1_051,1,-90.064538,21.118162155151367,2002.0,0.7070928812026978,31
c1_052,1,-90.05322265625,21.112234115600586,2002.0,0.7366613149642944,31
c1_053,1,-90.068041,21.142953,2002.0,0.7759625315666199,31
c1_054,1,-90.00040435791016,21.124359130859375,2002.0,0.7456644773483276,31
c1_055,1,-90.049178,21.1402587890625,2002.0,0.6807747483253479,31
c2_051,2,-90.111695,21.123821258544922,2002.0,0.7315122485160828,31
c2_052,2,-90.02277374267578,21.139720916748047,2002.0,0.6548288464546204,31
c2_053,2,-89.941929,21.138911,2002.0,0.824347734451294,31
c2_054,2,-89.950013,21.130019,2002.0,0.8311071395874023,31
c2_055,2,-90.106306,21.128941,2002.0,0.816431999206543,31
c3_062,3,-90.086634,21.149690628051758,2002.0,0.47750964760780334,31
c3_051,3,-90.010914,21.144301,2002.0,0.8222512602806091,31
c3_055,3,-90.079359,21.150499,2002.0,0.5863076448440552,31
c3_058,3,-90.000943,21.171248,2002.0,0.3273885250091553,31
c3_052,3,-90.094179,21.114929,2002.0,0.6964715123176575,31
c3_059,3,-90.039208,21.1402587890625,2002.0,0.8409048318862915,31
c3_053,3,-90.013608,21.152114868164062,2002.0,0.8509767055511475,31
c3_060,3,-89.958906,21.12489891052246,2002.0,0.906154990196228,31
c3_057,3,-90.058071,21.159929275512695,2002.0,0.8207367062568665,31
c3_061,3,-89.973457,21.138911,2002.0,0.7667964100837708,31
c3_064,3,-89.989625,21.149959564208984,2002.0,0.6653400659561157,31
c3_063,3,-90.030046,21.125707,2002.0,0.8034408688545227,31
c3_065,3,-89.972379,21.162086486816406,2002.0,0.839512288570404,31
c3_054,3,-90.029237,21.101455,2002.0,0.8235934972763062,31
c3_056,3,-90.008758,21.114120483398438,2002.0,0.8150955438613892,31
c4_051,4,-89.958906,21.191997,2002.0,0.2095988243818283,31
c4_052,4,-89.957828,21.178254,2002.0,0.2760874927043915,31
c4_053,4,-89.994476,21.172864,2002.0,0.37495157122612,31
c4_054,4,-89.994745,21.168822,2002.0,0.09159000962972641,31
c4_055,4,-90.0025634765625,21.169631,2002.0,0.4035860300064087,31
c1_001,1,-90.056184,21.12301254272461,2003.0,0.743046760559082,34
c1_002,1,-89.984506,21.126246,2003.0,0.7836021780967712,34
c1_003,1,-90.070197,21.140798,2003.0,0.7628825306892395,34
c1_004,1,-90.057801,21.145648,2003.0,0.7842208743095398,34
c1_005,1,-90.024926,21.145379,2003.0,0.4915204346179962,34
c1_006,1,-89.979386,21.130288,2003.0,0.7507986426353455,34
c1_007,1,-90.08636474609375,21.137025,2003.0,0.6898110508918762,34
c1_008,1,-89.952169,21.14322280883789,2003.0,0.775656521320343,34
c1_009,1,-90.055106,21.138911,2003.0,0.6657983660697937,34
c1_010,1,-89.945702,21.14322280883789,2003.0,0.776714026927948,34
c1_011,1,-89.958098,21.149151,2003.0,0.7874432802200317,34
c1_012,1,-90.036783,21.117354,2003.0,0.8226420879364014,34
c1_013,1,-90.113042,21.085018157958984,2003.0,0.8704474568367004,34
c1_014,1,-89.944085,21.154002,2003.0,0.8610207438468933,34
c1_015,1,-90.065885,21.113581,2003.0,0.6217421889305115,34
c1_016,1,-90.064538,21.121126174926758,2003.0,0.6509878635406494,34
c1_017,1,-90.01280212402344,21.122474,2003.0,0.7647671699523926,34
c1_018,1,-90.013608,21.150499,2003.0,0.8202480673789978,34
c1_019,1,-90.075856,21.141876220703125,2003.0,0.7661982774734497,34
c1_020,1,-90.063729,21.119510650634766,2003.0,0.6414915323257446,34
c1_021,1,-90.112234,21.128671646118164,2003.0,0.8359785676002502,34
c1_022,1,-89.970224,21.131635665893555,2003.0,0.6485964059829712,34
c1_023,1,-90.049448,21.111425399780273,2003.0,0.7444007992744446,34
c1_024,1,-90.076933,21.135408401489258,2003.0,0.8355420231819153,34
c1_025,1,-90.09391021728516,21.143762,2003.0,0.8726776242256165,34
c1_026,1,-89.940852,21.145917892456055,2003.0,0.8286923170089722,34
c1_027,1,-89.945163,21.154002,2003.0,0.8237082362174988,34
c1_028,1,-90.098491,21.127324,2003.0,0.5475611686706543,34
c1_029,1,-90.003368,21.149421,2003.0,0.6356574892997742,34
c1_030,1,-89.972918,21.124629,2003.0,0.813728392124176,34
c1_031,1,-90.003907,21.124359130859375,2003.0,0.7987053394317627,34
c1_032,1,-90.066694,21.0987606048584,2003.0,0.8144617080688477,34
c1_033,1,-89.994745,21.123552322387695,2003.0,0.7064867615699768,34
c1_034,1,-90.08879089355469,21.142953,2003.0,0.7657114863395691,34
c1_035,1,-90.063191,21.110887,2003.0,0.7087381482124329,34
c1_036,1,-89.960523,21.137563705444336,2003.0,0.8442074060440063,34
c1_037,1,-90.094179,21.093371,2003.0,0.8991736769676208,34
c1_038,1,-90.0025634765625,21.122743,2003.0,0.7470164895057678,34
c1_039,1,-90.051334,21.132714,2003.0,0.6474523544311523,34
c1_040,1,-90.066694,21.13837242126465,2003.0,0.8677451610565186,34
c1_041,1,-90.116815,21.0882511138916,2003.0,0.7860578298568726,34
c1_042,1,-90.057801,21.148612,2003.0,0.7776570320129395,34
c1_043,1,-90.080706,21.141876220703125,2003.0,0.8694795370101929,34
c1_044,1,-89.947319,21.188493728637695,2003.0,0.7585487961769104,34
c1_045,1,-89.981811,21.124091,2003.0,0.8260942101478577,34
c1_046,1,-90.058879,21.128671646118164,2003.0,0.6552758812904358,34
c1_047,1,-90.075317,21.10361099243164,2003.0,0.8052634596824646,34
c1_048,1,-90.003638,21.150768280029297,2003.0,0.7228522896766663,34
c1_049,1,-90.026543,21.122743,2003.0,0.7937864065170288,34
c1_050,1,-90.108731,21.117623,2003.0,0.7803337574005127,34
c2_001,2,-89.960253,21.154002,2003.0,0.7417358160018921,34
c2_002,2,-90.117623,21.133522033691406,2003.0,0.77132648229599,34
c2_003,2,-90.07881927490234,21.09229278564453,2003.0,0.805594801902771,34
c2_004,2,-89.978847,21.15022850036621,2003.0,0.7183263897895813,34
c2_005,2,-90.089329,21.09364128112793,2003.0,0.851394534111023,34
c2_006,2,-90.11412048339844,21.100377,2003.0,0.7299234867095947,34
c2_007,2,-90.106036,21.131635665893555,2003.0,0.7883617877960205,34
c2_008,2,-90.001213,21.145379,2003.0,0.7766820788383484,34
c2_009,2,-89.963217,21.183913,2003.0,0.6273270845413208,34
c2_010,2,-90.10226440429688,21.144301,2003.0,0.7171217203140259,34
c2_011,2,-89.958636,21.125438,2003.0,0.8488150835037231,34
c2_012,2,-90.097413,21.149959564208984,2003.0,0.878070592880249,34
c2_013,2,-90.100647,21.106845,2003.0,0.6811459064483643,34
c2_014,2,-90.04594421386719,21.111156463623047,2003.0,0.6101779937744141,34
c2_015,2,-90.068849,21.102802276611328,2003.0,0.8498711585998535,34
c2_016,2,-90.118162,21.135947,2003.0,0.7478861212730408,34
c2_017,2,-89.96214294433594,21.120587,2003.0,0.8142384886741638,34
c2_018,2,-89.981541,21.148343,2003.0,0.5202357172966003,34
c2_019,2,-90.041364,21.101186,2003.0,0.7839034199714661,34
c2_020,2,-90.082592,21.10064697265625,2003.0,0.8256432414054871,34
c2_021,2,-89.945163,21.161008,2003.0,0.6916243433952332,34
c2_022,2,-90.01280212402344,21.118162155151367,2003.0,0.7914994359016418,34
c2_023,2,-89.94165802001953,21.17879295349121,2003.0,0.5643821954727173,34
c2_024,2,-89.940043,21.179332,2003.0,0.5447589755058289,34
c2_025,2,-89.942199,21.169092178344727,2003.0,0.7428538203239441,34
c2_026,2,-90.04837036132812,21.15858268737793,2003.0,0.6591472625732422,34
c2_027,2,-90.018189,21.155078887939453,2003.0,0.7475957870483398,34
c2_028,2,-90.018998,21.118701,2003.0,0.7651119828224182,34
c2_029,2,-89.960253,21.166936,2003.0,0.8372512459754944,34
c2_030,2,-90.08636474609375,21.13918113708496,2003.0,0.8228311538696289,34
c2_031,2,-90.006871,21.167745,2003.0,0.5635932087898254,34
c2_032,2,-89.9599838256836,21.15750503540039,2003.0,0.6072410941123962,34
c2_033,2,-90.052412,21.115737,2003.0,0.7691076397895813,34
c2_034,2,-90.075586,21.099569,2003.0,0.7700132727622986,34
c2_035,2,-90.108731,21.095796,2003.0,0.7415666580200195,34
c2_036,2,-90.026543,21.155078887939453,2003.0,0.7676877975463867,34
c2_037,2,-90.006871,21.131097,2003.0,0.7511695027351379,34
c2_038,2,-90.080167,21.099838256835938,2003.0,0.7945833206176758,34
c2_039,2,-89.947588,21.136486053466797,2003.0,0.8235266208648682,34
c2_040,2,-90.061304,21.10468864440918,2003.0,0.8255786895751953,34
c2_041,2,-90.075856,21.134868621826172,2003.0,0.8025216460227966,34
c2_042,2,-89.99959564208984,21.12004852294922,2003.0,0.7642802596092224,34
c2_043,2,-90.101725,21.08043670654297,2003.0,0.8135107159614563,34
c2_044,2,-90.026004,21.113851,2003.0,0.8367927670478821,34
c2_045,2,-90.118162,21.129209518432617,2003.0,0.8314663171768188,34
c2_046,2,-89.94139099121094,21.172056198120117,2003.0,0.7545540928840637,34
c2_047,2,-89.969685,21.1402587890625,2003.0,0.8260177969932556,34
c2_048,2,-90.1038818359375,21.095527,2003.0,0.7104845643043518,34
c2_049,2,-89.99231719970703,21.149690628051758,2003.0,0.6606701016426086,34
c2_050,2,-89.950822,21.121396,2003.0,0.8809254765510559,34
c3_045,3,-89.992859,21.161815643310547,2003.0,0.1893928498029709,34
c3_003,3,-90.034357,21.15858268737793,2003.0,0.20080772042274475,34
c3_026,3,-89.986931,21.149959564208984,2003.0,0.8538551330566406,34
c3_008,3,-90.084209,21.151576,2003.0,0.545589804649353,34
c3_017,3,-89.970493,21.159929275512695,2003.0,0.7423068881034851,34
c3_004,3,-89.982619,21.180679,2003.0,0.26279813051223755,34
c3_040,3,-89.9742660522461,21.185529708862305,2003.0,0.8402062058448792,34
c3_024,3,-89.97722625732422,21.183913,2003.0,0.5131472945213318,34
c3_013,3,-89.995823,21.13837242126465,2003.0,0.8382949829101562,34
c3_018,3,-90.062113,21.107114,2003.0,0.8656721115112305,34
c3_007,3,-90.088521,21.146995,2003.0,0.6155555248260498,34
c3_014,3,-89.951361,21.199003219604492,2003.0,0.06721943616867065,34
c3_042,3,-89.950283,21.199003219604492,2003.0,0.15801037847995758,34
c3_029,3,-90.000135,21.137563705444336,2003.0,0.7906941175460815,34
c3_005,3,-90.003638,21.111964,2003.0,0.7847046256065369,34
c3_022,3,-90.005524,21.112503051757812,2003.0,0.7657007575035095,34
c3_002,3,-89.953786,21.197656,2003.0,0.7056354284286499,34
c3_015,3,-89.940852,21.162086486816406,2003.0,0.7351678013801575,34
c3_020,3,-90.016842,21.116006,2003.0,0.805313229560852,34
c3_027,3,-89.982619,21.149421,2003.0,0.6024513840675354,34
c3_030,3,-89.942738,21.1674747467041,2003.0,0.6819318532943726,34
c3_050,3,-89.941929,21.168553,2003.0,0.5850290656089783,34
c3_009,3,-89.986392,21.149959564208984,2003.0,0.8667968511581421,34
c3_033,3,-90.039208,21.102802276611328,2003.0,0.8212485909461975,34
c3_038,3,-89.976152,21.169361114501953,2003.0,0.6915684938430786,34
c3_023,3,-89.97183990478516,21.169361114501953,2003.0,0.7207561731338501,34
c3_032,3,-90.00040435791016,21.138642,2003.0,0.658862292766571,34
c3_046,3,-89.994476,21.137832641601562,2003.0,0.6873416304588318,34
c3_025,3,-89.947049,21.157235,2003.0,0.7507933974266052,34
c3_028,3,-89.976421,21.165858,2003.0,0.7573536038398743,34
c3_036,3,-89.95189666748047,21.162894,2003.0,0.6147610545158386,34
c3_021,3,-90.007141,21.131635665893555,2003.0,0.8034523129463196,34
c3_035,3,-90.000943,21.144569396972656,2003.0,0.7565526962280273,34
c3_037,3,-89.97183990478516,21.162086486816406,2003.0,0.7731310129165649,34
c3_039,3,-89.976691,21.168283462524414,2003.0,0.7161062359809875,34
c3_041,3,-89.973996,21.137563705444336,2003.0,0.7311940789222717,34
c3_034,3,-90.041364,21.1402587890625,2003.0,0.6935166120529175,34
c3_047,3,-90.028698,21.126246,2003.0,0.8327685594558716,34
c3_048,3,-90.030315,21.124359130859375,2003.0,0.7611370086669922,34
c3_011,3,-90.035974,21.099299,2003.0,0.7436242699623108,34
c3_001,3,-90.080437,21.100377,2003.0,0.7775110006332397,34
c3_006,3,-89.94677734375,21.202237,2003.0,0.7417768836021423,34
c3_019,3,-89.958367,21.172056198120117,2003.0,0.7379754185676575,34
c3_031,3,-90.00740814208984,21.113042,2003.0,0.8164374232292175,34
c3_010,3,-90.01252746582031,21.114659,2003.0,0.7898913025856018,34
c3_012,3,-90.00768280029297,21.114389419555664,2003.0,0.7702608704566956,34
c3_016,3,-90.045675,21.097951889038086,2003.0,0.7732012271881104,34
c3_043,3,-89.967259,21.189841,2003.0,0.8660025000572205,34
c3_044,3,-90.046214,21.097413,2003.0,0.8228204846382141,34
c3_049,3,-90.016033,21.116006,2003.0,0.7770740389823914,34
c4_001,4,-90.002021,21.168822,2003.0,0.24356967210769653,34
c4_002,4,-90.013878,21.166397094726562,2003.0,0.25020933151245117,34
c4_003,4,-90.040286,21.149421,2003.0,0.49625110626220703,34
c4_004,4,-89.94139099121094,21.181487,2003.0,0.3569992780685425,34
c4_005,4,-89.967529,21.183643341064453,2003.0,0.18127217888832092,34
c4_006,4,-89.943277,21.200620651245117,2003.0,0.37777990102767944,34
c4_007,4,-89.968068,21.171248,2003.0,0.47725948691368103,34
c4_008,4,-90.035705,21.15346336364746,2003.0,0.5190947651863098,34
c4_009,4,-89.967798,21.179332,2003.0,0.0929354652762413,34
c4_010,4,-89.949205,21.194961,2003.0,0.17579343914985657,34
c4_011,4,-89.943007,21.202506,2003.0,0.414821058511734,34
c4_012,4,-89.945163,21.199811,2003.0,0.03367768973112106,34
c4_013,4,-89.972379,21.174481,2003.0,0.38399845361709595,34
c4_014,4,-90.041633,21.148612,2003.0,0.26714006066322327,34
c4_015,4,-89.960792,21.190380096435547,2003.0,0.10574562847614288,34
c4_016,4,-89.958098,21.184452056884766,2003.0,0.30142921209335327,34
c4_017,4,-90.074239,21.133790969848633,2003.0,0.5447819232940674,34
c4_018,4,-89.950822,21.1922664642334,2003.0,0.15313661098480225,34
c4_019,4,-89.996901,21.149959564208984,2003.0,0.6259154081344604,34
c4_020,4,-89.960523,21.186338424682617,2003.0,0.186485156416893,34
c4_021,4,-89.9465103149414,21.185529708862305,2003.0,0.13782520592212677,34
c4_022,4,-89.957828,21.185529708862305,2003.0,0.1659061759710312,34
c4_023,4,-90.035705,21.144301,2003.0,0.6305058598518372,34
c4_024,4,-90.022501,21.156966,2003.0,0.1668393909931183,34
c4_025,4,-89.981002,21.165319,2003.0,0.29645732045173645,34
c4_026,4,-90.027621,21.162355422973633,2003.0,0.08683376014232635,34
c4_027,4,-89.949475,21.19415283203125,2003.0,-0.16261383891105652,34
c4_028,4,-89.940852,21.201428,2003.0,0.13097931444644928,34
c4_029,4,-89.961601,21.190919,2003.0,0.6566872596740723,34
c4_030,4,-90.041364,21.151576,2003.0,0.8186286091804504,34
c4_031,4,-90.062382,21.153732299804688,2003.0,0.4168073534965515,34
c4_032,4,-89.944085,21.193883,2003.0,0.08091894537210464,34
c4_033,4,-89.981811,21.164511,2003.0,0.5941571593284607,34
c4_034,4,-89.940313,21.199811,2003.0,0.06752129644155502,34
c4_035,4,-90.072622,21.132714,2003.0,0.7067033052444458,34
c4_036,4,-89.942738,21.183643341064453,2003.0,0.17165395617485046,34
c4_037,4,-89.9742660522461,21.173673,2003.0,0.6628717184066772,34
c4_038,4,-89.966451,21.182565,2003.0,0.06294824182987213,34
c4_039,4,-90.014147,21.163972,2003.0,0.02962491102516651,34
c4_040,4,-89.944355,21.201428,2003.0,0.43571552634239197,34
c4_041,4,-90.011183,21.148881912231445,2003.0,0.7068958878517151,34
c4_042,4,-90.071814,21.131635665893555,2003.0,0.5019648671150208,34
c4_043,4,-90.11438751220703,21.11061668395996,2003.0,0.7260829210281372,34
c4_044,4,-89.956481,21.189302444458008,2003.0,0.4726567566394806,34
c4_045,4,-90.036513,21.153732299804688,2003.0,0.3746090531349182,34
c4_046,4,-89.98235321044922,21.169092178344727,2003.0,0.564461350440979,34
c4_047,4,-89.992859,21.172864,2003.0,0.2759079039096832,34
c4_048,4,-89.948127,21.191457748413086,2003.0,0.17376656830310822,34
c4_049,4,-90.1195068359375,21.108461380004883,2003.0,0.5918692946434021,34
c4_050,4,-90.094718,21.12301254272461,2003.0,0.879615068435669,34
c5_045,5,-90.018998,21.166128158569336,2003.0,0.2965310215950012,34
c5_008,5,-90.034357,21.155618,2003.0,0.3478684723377228,34
c5_010,5,-89.957289,21.163703,2003.0,0.3368522524833679,34
c5_011,5,-90.004985,21.156696319580078,2003.0,0.4469022750854492,34
c5_012,5,-90.066424,21.154809951782227,2003.0,0.632175087928772,34
c5_014,5,-90.006871,21.155887603759766,2003.0,0.4038700461387634,34
c5_016,5,-90.002829,21.15642738342285,2003.0,0.2835714817047119,34
c5_022,5,-90.044597,21.154809951782227,2003.0,0.21079935133457184,34
c5_024,5,-89.995284,21.15642738342285,2003.0,0.36863386631011963,34
c5_003,5,-90.056993,21.154541015625,2003.0,0.2011924833059311,34
c5_013,5,-90.020614,21.157235,2003.0,0.3506106734275818,34
c5_020,5,-90.027621,21.156966,2003.0,0.16434346139431,34
c5_025,5,-90.03301239013672,21.15966033935547,2003.0,-0.007957291789352894,34
c5_034,5,-90.012261,21.166397094726562,2003.0,0.3012813329696655,34
c5_040,5,-90.069658,21.154541015625,2003.0,0.72916579246521,34
c5_041,5,-89.998787,21.156156539916992,2003.0,0.32985278964042664,34
c5_043,5,-90.113042,21.13729476928711,2003.0,0.619973361492157,34
c5_002,5,-90.042172,21.156156539916992,2003.0,0.06632449477910995,34
c5_004,5,-90.034088,21.156966,2003.0,0.22241713106632233,34
c5_001,5,-89.996093,21.155887603759766,2003.0,0.5176909565925598,34
c5_006,5,-90.035435,21.154809951782227,2003.0,0.3741878867149353,34
c5_015,5,-89.942738,21.172864,2003.0,0.4784908592700958,34
c5_018,5,-90.0685806274414,21.152385,2003.0,0.38776785135269165,34
c5_026,5,-89.998248,21.172326,2003.0,0.12435117363929749,34
c5_033,5,-90.01980590820312,21.156966,2003.0,0.6129702925682068,34
c5_036,5,-90.041902,21.15750503540039,2003.0,0.26840418577194214,34
c5_039,5,-90.060496,21.15642738342285,2003.0,0.4626825749874115,34
c5_005,5,-90.041633,21.159929275512695,2003.0,0.5664159655570984,34
c5_009,5,-90.038938,21.154271,2003.0,0.5971688628196716,34
c5_019,5,-90.057262,21.155349,2003.0,0.3092113733291626,34
c5_021,5,-90.089598,21.148073196411133,2003.0,0.5732656717300415,34
c5_030,5,-90.071814,21.151845932006836,2003.0,0.6292762756347656,34
c5_031,5,-90.003099,21.155618,2003.0,0.2104668766260147,34
c5_035,5,-90.095527,21.151845932006836,2003.0,0.4352474510669708,34
c5_037,5,-89.996632,21.160469,2003.0,0.7241252660751343,34
c5_023,5,-89.978038,21.180139541625977,2003.0,0.20215734839439392,34
c5_017,5,-90.040555,21.145917892456055,2003.0,0.3697305917739868,34
c5_027,5,-90.08879089355469,21.150768280029297,2003.0,0.6723193526268005,34
c5_047,5,-90.001213,21.154541015625,2003.0,0.7101122736930847,34
c5_048,5,-90.028429,21.156696319580078,2003.0,0.3728097677230835,34
c5_029,5,-90.090407,21.149421,2003.0,0.6969786882400513,34
c5_032,5,-90.079359,21.150768280029297,2003.0,0.6740925312042236,34
c5_038,5,-90.04082489013672,21.156966,2003.0,0.46243447065353394,34
c5_046,5,-90.067233,21.152114868164062,2003.0,0.5308108925819397,34
c5_028,5,-90.095527,21.150499,2003.0,0.5677133798599243,34
c5_044,5,-89.973188,21.183374404907227,2003.0,0.31338977813720703,34
c5_042,5,-90.08124542236328,21.149421,2003.0,0.7161712646484375,34
c5_007,5,-90.021962,21.143491744995117,2003.0,0.5496389269828796,34
c10_001,3,-90.028968,21.158313,2003.0,0.10230410099029541,34
c10_005,3,-89.954594,21.163972,2003.0,0.44306424260139465,34
c10_002,3,-90.033549,21.15858268737793,2003.0,0.13440144062042236,34
c10_003,3,-90.030046,21.158044,2003.0,0.19700860977172852,34
c10_004,3,-90.029507,21.157773971557617,2003.0,0.23588868975639343,34
c10_006,3,-90.03301239013672,21.159122467041016,2003.0,0.08904661983251572,34
c10_007,3,-90.03301239013672,21.158044,2003.0,0.13894791901111603,34
c10_009,3,-90.032741,21.15858268737793,2003.0,0.11377152055501938,34
c10_010,3,-90.030585,21.158044,2003.0,0.1889818161725998,34
c10_008,3,-89.95405578613281,21.163972,2003.0,0.46555936336517334,34
c1_051,1,-90.064538,21.118162155151367,2003.0,0.6855484247207642,34
c1_052,1,-90.05322265625,21.112234115600586,2003.0,0.7362656593322754,34
c1_053,1,-90.068041,21.142953,2003.0,0.6904531717300415,34
c1_054,1,-90.00040435791016,21.124359130859375,2003.0,0.7677426934242249,34
c1_055,1,-90.049178,21.1402587890625,2003.0,0.8286031484603882,34
c2_051,2,-90.111695,21.123821258544922,2003.0,0.7070801258087158,34
c2_052,2,-90.02277374267578,21.139720916748047,2003.0,0.9310979247093201,34
c2_053,2,-89.941929,21.138911,2003.0,0.8045732975006104,34
c2_054,2,-89.950013,21.130019,2003.0,0.8100802898406982,34
c2_055,2,-90.106306,21.128941,2003.0,0.6822608113288879,34
c3_062,3,-90.086634,21.149690628051758,2003.0,0.27893346548080444,34
c3_051,3,-90.010914,21.144301,2003.0,0.8504502773284912,34
c3_055,3,-90.079359,21.150499,2003.0,0.6740925312042236,34
c3_058,3,-90.000943,21.171248,2003.0,0.29834893345832825,34
c3_052,3,-90.094179,21.114929,2003.0,0.7018749713897705,34
c3_059,3,-90.039208,21.1402587890625,2003.0,0.7835102081298828,34
c3_053,3,-90.013608,21.152114868164062,2003.0,0.8167586922645569,34
c3_060,3,-89.958906,21.12489891052246,2003.0,0.8671467900276184,34
c3_057,3,-90.058071,21.159929275512695,2003.0,0.850644588470459,34
c3_061,3,-89.973457,21.138911,2003.0,0.7659043669700623,34
c3_064,3,-89.989625,21.149959564208984,2003.0,0.6739044785499573,34
c3_063,3,-90.030046,21.125707,2003.0,0.8095877170562744,34
c3_065,3,-89.972379,21.162086486816406,2003.0,0.8341360688209534,34
c3_054,3,-90.029237,21.101455,2003.0,0.8267175555229187,34
c3_056,3,-90.008758,21.114120483398438,2003.0,0.8079875707626343,34
c4_051,4,-89.958906,21.191997,2003.0,0.25864338874816895,34
c4_052,4,-89.957828,21.178254,2003.0,0.2651524543762207,34
c4_053,4,-89.994476,21.172864,2003.0,0.23002712428569794,34
c4_054,4,-89.994745,21.168822,2003.0,0.247412770986557,34
c4_055,4,-90.0025634765625,21.169631,2003.0,0.06421487778425217,34
c1_001,1,-90.056184,21.12301254272461,2004.0,0.7664894461631775,50
c1_002,1,-89.984506,21.126246,2004.0,0.8550900220870972,50
c1_003,1,-90.070197,21.140798,2004.0,0.7986204028129578,50
c1_004,1,-90.057801,21.145648,2004.0,0.812957227230072,50
c1_005,1,-90.024926,21.145379,2004.0,0.6952595710754395,50
c1_006,1,-89.979386,21.130288,2004.0,0.7885611653327942,50
c1_007,1,-90.08636474609375,21.137025,2004.0,0.7392411231994629,50
c1_008,1,-89.952169,21.14322280883789,2004.0,0.8131940364837646,50
c1_009,1,-90.055106,21.138911,2004.0,0.6890706419944763,50
c1_010,1,-89.945702,21.14322280883789,2004.0,0.7723236083984375,50
c1_011,1,-89.958098,21.149151,2004.0,0.8196809887886047,50
c1_012,1,-90.036783,21.117354,2004.0,0.8957956433296204,50
c1_013,1,-90.113042,21.085018157958984,2004.0,0.8843903541564941,50
c1_014,1,-89.944085,21.154002,2004.0,0.9044204354286194,50
c1_015,1,-90.065885,21.113581,2004.0,0.926153302192688,50
c1_016,1,-90.064538,21.121126174926758,2004.0,0.7416925430297852,50
c1_017,1,-90.01280212402344,21.122474,2004.0,0.9367786049842834,50
c1_018,1,-90.013608,21.150499,2004.0,0.8868385553359985,50
c1_019,1,-90.075856,21.141876220703125,2004.0,0.8591817021369934,50
c1_020,1,-90.063729,21.119510650634766,2004.0,0.6552109122276306,50
c1_021,1,-90.112234,21.128671646118164,2004.0,0.7237250208854675,50
c1_022,1,-89.970224,21.131635665893555,2004.0,0.7357621788978577,50
c1_023,1,-90.049448,21.111425399780273,2004.0,0.7679917812347412,50
c1_024,1,-90.076933,21.135408401489258,2004.0,0.8587494492530823,50
c1_025,1,-90.09391021728516,21.143762,2004.0,0.92034512758255,50
c1_026,1,-89.940852,21.145917892456055,2004.0,0.8455042243003845,50
c1_027,1,-89.945163,21.154002,2004.0,0.8131791949272156,50
c1_028,1,-90.098491,21.127324,2004.0,0.7778632044792175,50
c1_029,1,-90.003368,21.149421,2004.0,0.8985915780067444,50
c1_030,1,-89.972918,21.124629,2004.0,0.8663249015808105,50
c1_031,1,-90.003907,21.124359130859375,2004.0,0.8287981152534485,50
c1_032,1,-90.066694,21.0987606048584,2004.0,0.8011764287948608,50
c1_033,1,-89.994745,21.123552322387695,2004.0,0.7263502478599548,50
c1_034,1,-90.08879089355469,21.142953,2004.0,0.8991180062294006,50
c1_035,1,-90.063191,21.110887,2004.0,0.7491312623023987,50
c1_036,1,-89.960523,21.137563705444336,2004.0,0.8968449234962463,50
c1_037,1,-90.094179,21.093371,2004.0,0.7996029853820801,50
c1_038,1,-90.0025634765625,21.122743,2004.0,0.782157301902771,50
c1_039,1,-90.051334,21.132714,2004.0,0.6711543798446655,50
c1_040,1,-90.066694,21.13837242126465,2004.0,0.7250158190727234,50
c1_041,1,-90.116815,21.0882511138916,2004.0,0.8265566229820251,50
c1_042,1,-90.057801,21.148612,2004.0,0.8536813259124756,50
c1_043,1,-90.080706,21.141876220703125,2004.0,0.8061602115631104,50
c1_044,1,-89.947319,21.188493728637695,2004.0,0.7426939606666565,50
c1_045,1,-89.981811,21.124091,2004.0,0.8391904830932617,50
c1_046,1,-90.058879,21.128671646118164,2004.0,0.6715426445007324,50
c1_047,1,-90.075317,21.10361099243164,2004.0,0.836421012878418,50
c1_048,1,-90.003638,21.150768280029297,2004.0,0.9089134931564331,50
c1_049,1,-90.026543,21.122743,2004.0,0.9955610632896423,50
c1_050,1,-90.108731,21.117623,2004.0,0.840970516204834,50
c2_001,2,-89.960253,21.154002,2004.0,0.7382777333259583,50
c2_002,2,-90.117623,21.133522033691406,2004.0,0.6699268221855164,50
c2_003,2,-90.07881927490234,21.09229278564453,2004.0,0.8184968829154968,50
c2_004,2,-89.978847,21.15022850036621,2004.0,0.7286649346351624,50
c2_005,2,-90.089329,21.09364128112793,2004.0,0.8728939890861511,50
c2_006,2,-90.11412048339844,21.100377,2004.0,0.7511181831359863,50
c2_007,2,-90.106036,21.131635665893555,2004.0,0.8604351282119751,50
c2_008,2,-90.001213,21.145379,2004.0,0.7861929535865784,50
c2_009,2,-89.963217,21.183913,2004.0,0.6066395044326782,50
c2_010,2,-90.10226440429688,21.144301,2004.0,0.7776005268096924,50
c2_011,2,-89.958636,21.125438,2004.0,0.8861515522003174,50
c2_012,2,-90.097413,21.149959564208984,2004.0,0.8328519463539124,50
c2_013,2,-90.100647,21.106845,2004.0,0.7366803288459778,50
c2_014,2,-90.04594421386719,21.111156463623047,2004.0,0.8796435594558716,50
c2_015,2,-90.068849,21.102802276611328,2004.0,0.8908687233924866,50
c2_016,2,-90.118162,21.135947,2004.0,0.5433930158615112,50
c2_017,2,-89.96214294433594,21.120587,2004.0,0.8678674697875977,50
c2_018,2,-89.981541,21.148343,2004.0,0.5926156044006348,50
c2_019,2,-90.041364,21.101186,2004.0,0.8378066420555115,50
c2_020,2,-90.082592,21.10064697265625,2004.0,0.8438185453414917,50
c2_021,2,-89.945163,21.161008,2004.0,0.670598566532135,50
c2_022,2,-90.01280212402344,21.118162155151367,2004.0,0.8380230665206909,50
c2_023,2,-89.94165802001953,21.17879295349121,2004.0,0.6111292839050293,50
c2_024,2,-89.940043,21.179332,2004.0,0.6306298971176147,50
c2_025,2,-89.942199,21.169092178344727,2004.0,0.6572548747062683,50
c2_026,2,-90.04837036132812,21.15858268737793,2004.0,0.7033922672271729,50
c2_027,2,-90.018189,21.155078887939453,2004.0,0.7705936431884766,50
c2_028,2,-90.018998,21.118701,2004.0,0.9590629935264587,50
c2_029,2,-89.960253,21.166936,2004.0,0.8529507517814636,50
c2_030,2,-90.08636474609375,21.13918113708496,2004.0,0.8557449579238892,50
c2_031,2,-90.006871,21.167745,2004.0,0.605724573135376,50
c2_032,2,-89.9599838256836,21.15750503540039,2004.0,0.6377133727073669,50
c2_033,2,-90.052412,21.115737,2004.0,0.7972005009651184,50
c2_034,2,-90.075586,21.099569,2004.0,0.7862074375152588,50
c2_035,2,-90.108731,21.095796,2004.0,0.8170797228813171,50
c2_036,2,-90.026543,21.155078887939453,2004.0,0.8319499492645264,50
c2_037,2,-90.006871,21.131097,2004.0,0.8205022215843201,50
c2_038,2,-90.080167,21.099838256835938,2004.0,0.8651739358901978,50
c2_039,2,-89.947588,21.136486053466797,2004.0,0.9151780009269714,50
c2_040,2,-90.061304,21.10468864440918,2004.0,0.8817939758300781,50
c2_041,2,-90.075856,21.134868621826172,2004.0,0.8402488231658936,50
c2_042,2,-89.99959564208984,21.12004852294922,2004.0,0.7705307006835938,50
c2_043,2,-90.101725,21.08043670654297,2004.0,0.8559346199035645,50
c2_044,2,-90.026004,21.113851,2004.0,0.8484317064285278,50
c2_045,2,-90.118162,21.129209518432617,2004.0,0.8557913303375244,50
c2_046,2,-89.94139099121094,21.172056198120117,2004.0,0.7717562317848206,50
c2_047,2,-89.969685,21.1402587890625,2004.0,0.845291256904602,50
c2_048,2,-90.1038818359375,21.095527,2004.0,0.7635429501533508,50
c2_049,2,-89.99231719970703,21.149690628051758,2004.0,0.7830007076263428,50
c2_050,2,-89.950822,21.121396,2004.0,0.8563826680183411,50
c3_045,3,-89.992859,21.161815643310547,2004.0,0.10669664293527603,50
c3_003,3,-90.034357,21.15858268737793,2004.0,-0.0010205028811469674,50
c3_026,3,-89.986931,21.149959564208984,2004.0,0.8851802945137024,50
c3_008,3,-90.084209,21.151576,2004.0,0.5625458359718323,50
c3_017,3,-89.970493,21.159929275512695,2004.0,0.7163645029067993,50
c3_004,3,-89.982619,21.180679,2004.0,0.2937411665916443,50
c3_040,3,-89.9742660522461,21.185529708862305,2004.0,0.810745894908905,50
c3_024,3,-89.97722625732422,21.183913,2004.0,0.547511875629425,50
c3_013,3,-89.995823,21.13837242126465,2004.0,0.8756273984909058,50
c3_018,3,-90.062113,21.107114,2004.0,0.9212325811386108,50
c3_007,3,-90.088521,21.146995,2004.0,0.6331015825271606,50
c3_014,3,-89.951361,21.199003219604492,2004.0,0.06793349236249924,50
c3_042,3,-89.950283,21.199003219604492,2004.0,0.2590576112270355,50
c3_029,3,-90.000135,21.137563705444336,2004.0,0.7584393620491028,50
c3_005,3,-90.003638,21.111964,2004.0,0.8995686173439026,50
c3_022,3,-90.005524,21.112503051757812,2004.0,0.9550628066062927,50
c3_002,3,-89.953786,21.197656,2004.0,0.6711161732673645,50
c3_015,3,-89.940852,21.162086486816406,2004.0,0.6578652262687683,50
c3_020,3,-90.016842,21.116006,2004.0,0.8583467602729797,50
c3_027,3,-89.982619,21.149421,2004.0,0.6017677783966064,50
c3_030,3,-89.942738,21.1674747467041,2004.0,0.6646898984909058,50
c3_050,3,-89.941929,21.168553,2004.0,0.5093691945075989,50
c3_009,3,-89.986392,21.149959564208984,2004.0,0.8788211345672607,50
c3_033,3,-90.039208,21.102802276611328,2004.0,0.8171071410179138,50
c3_038,3,-89.976152,21.169361114501953,2004.0,0.7103391289710999,50
c3_023,3,-89.97183990478516,21.169361114501953,2004.0,0.68707674741745,50
c3_032,3,-90.00040435791016,21.138642,2004.0,0.6451539993286133,50
c3_046,3,-89.994476,21.137832641601562,2004.0,0.7614943385124207,50
c3_025,3,-89.947049,21.157235,2004.0,0.7558332085609436,50
c3_028,3,-89.976421,21.165858,2004.0,0.7965574264526367,50
c3_036,3,-89.95189666748047,21.162894,2004.0,0.6092630624771118,50
c3_021,3,-90.007141,21.131635665893555,2004.0,0.8270891904830933,50
c3_035,3,-90.000943,21.144569396972656,2004.0,0.7980276346206665,50
c3_037,3,-89.97183990478516,21.162086486816406,2004.0,0.8041433095932007,50
c3_039,3,-89.976691,21.168283462524414,2004.0,0.9926539659500122,50
c3_041,3,-89.973996,21.137563705444336,2004.0,0.7873762249946594,50
c3_034,3,-90.041364,21.1402587890625,2004.0,0.7335078716278076,50
c3_047,3,-90.028698,21.126246,2004.0,0.859134316444397,50
c3_048,3,-90.030315,21.124359130859375,2004.0,0.8522904515266418,50
c3_011,3,-90.035974,21.099299,2004.0,0.8726328015327454,50
c3_001,3,-90.080437,21.100377,2004.0,0.8121568560600281,50
c3_006,3,-89.94677734375,21.202237,2004.0,0.777555525302887,50
c3_019,3,-89.958367,21.172056198120117,2004.0,0.8384110927581787,50
c3_031,3,-90.00740814208984,21.113042,2004.0,0.8714126348495483,50
c3_010,3,-90.01252746582031,21.114659,2004.0,0.8239585757255554,50
c3_012,3,-90.00768280029297,21.114389419555664,2004.0,0.7765763998031616,50
c3_016,3,-90.045675,21.097951889038086,2004.0,0.7221390008926392,50
c3_043,3,-89.967259,21.189841,2004.0,0.8847357630729675,50
c3_044,3,-90.046214,21.097413,2004.0,0.7828941941261292,50
c3_049,3,-90.016033,21.116006,2004.0,0.8367169499397278,50
c4_001,4,-90.002021,21.168822,2004.0,0.19576172530651093,50
c4_002,4,-90.013878,21.166397094726562,2004.0,0.18646140396595,50
c4_003,4,-90.040286,21.149421,2004.0,0.5441785454750061,50
c4_004,4,-89.94139099121094,21.181487,2004.0,0.5052937269210815,50
c4_005,4,-89.967529,21.183643341064453,2004.0,0.3479420244693756,50
c4_006,4,-89.943277,21.200620651245117,2004.0,0.5272359251976013,50
c4_007,4,-89.968068,21.171248,2004.0,0.47003820538520813,50
c4_008,4,-90.035705,21.15346336364746,2004.0,0.5900694131851196,50
c4_009,4,-89.967798,21.179332,2004.0,0.03666342794895172,50
c4_010,4,-89.949205,21.194961,2004.0,0.15961232781410217,50
c4_011,4,-89.943007,21.202506,2004.0,0.21412086486816406,50
c4_012,4,-89.945163,21.199811,2004.0,0.19213639199733734,50
c4_013,4,-89.972379,21.174481,2004.0,0.07285985350608826,50
c4_014,4,-90.041633,21.148612,2004.0,0.3731732666492462,50
c4_015,4,-89.960792,21.190380096435547,2004.0,0.22743050754070282,50
c4_016,4,-89.958098,21.184452056884766,2004.0,0.2068789154291153,50
c4_017,4,-90.074239,21.133790969848633,2004.0,0.6194354295730591,50
c4_018,4,-89.950822,21.1922664642334,2004.0,0.1593920737504959,50
c4_019,4,-89.996901,21.149959564208984,2004.0,0.7540314793586731,50
c4_020,4,-89.960523,21.186338424682617,2004.0,0.14138615131378174,50
c4_021,4,-89.9465103149414,21.185529708862305,2004.0,0.05651063472032547,50
c4_022,4,-89.957828,21.185529708862305,2004.0,0.20042209327220917,50
c4_023,4,-90.035705,21.144301,2004.0,0.6051302552223206,50
c4_024,4,-90.022501,21.156966,2004.0,0.12987402081489563,50
c4_025,4,-89.981002,21.165319,2004.0,0.43331456184387207,50
c4_026,4,-90.027621,21.162355422973633,2004.0,0.249033123254776,50
c4_027,4,-89.949475,21.19415283203125,2004.0,0.09510353207588196,50
c4_028,4,-89.940852,21.201428,2004.0,0.5206729173660278,50
c4_029,4,-89.961601,21.190919,2004.0,0.6942853331565857,50
c4_030,4,-90.041364,21.151576,2004.0,0.8444765210151672,50
c4_031,4,-90.062382,21.153732299804688,2004.0,0.3077085018157959,50
c4_032,4,-89.944085,21.193883,2004.0,-0.13614577054977417,50
c4_033,4,-89.981811,21.164511,2004.0,0.6095516681671143,50
c4_034,4,-89.940313,21.199811,2004.0,0.15398474037647247,50
c4_035,4,-90.072622,21.132714,2004.0,0.6390430927276611,50
c4_036,4,-89.942738,21.183643341064453,2004.0,0.3998737037181854,50
c4_037,4,-89.9742660522461,21.173673,2004.0,0.6284122467041016,50
c4_038,4,-89.966451,21.182565,2004.0,0.204371839761734,50
c4_039,4,-90.014147,21.163972,2004.0,0.0407172366976738,50
c4_040,4,-89.944355,21.201428,2004.0,0.22352385520935059,50
c4_041,4,-90.011183,21.148881912231445,2004.0,0.7319814562797546,50
c4_042,4,-90.071814,21.131635665893555,2004.0,0.5643882751464844,50
c4_043,4,-90.11438751220703,21.11061668395996,2004.0,0.6966461539268494,50
c4_044,4,-89.956481,21.189302444458008,2004.0,0.6860397458076477,50
c4_045,4,-90.036513,21.153732299804688,2004.0,0.41200533509254456,50
c4_046,4,-89.98235321044922,21.169092178344727,2004.0,0.5720525979995728,50
c4_047,4,-89.992859,21.172864,2004.0,0.08213295787572861,50
c4_048,4,-89.948127,21.191457748413086,2004.0,0.3432071805000305,50
c4_049,4,-90.1195068359375,21.108461380004883,2004.0,0.5762863159179688,50
c4_050,4,-90.094718,21.12301254272461,2004.0,0.5037926435470581,50
c5_045,5,-90.018998,21.166128158569336,2004.0,0.3298376202583313,50
c5_008,5,-90.034357,21.155618,2004.0,0.4624939262866974,50
c5_010,5,-89.957289,21.163703,2004.0,0.5655609369277954,50
c5_011,5,-90.004985,21.156696319580078,2004.0,0.5518965721130371,50
c5_012,5,-90.066424,21.154809951782227,2004.0,0.5792946815490723,50
c5_014,5,-90.006871,21.155887603759766,2004.0,0.30308669805526733,50
c5_016,5,-90.002829,21.15642738342285,2004.0,0.35848039388656616,50
c5_022,5,-90.044597,21.154809951782227,2004.0,0.2515357732772827,50
c5_024,5,-89.995284,21.15642738342285,2004.0,0.4298649728298187,50
c5_003,5,-90.056993,21.154541015625,2004.0,0.6043592691421509,50
c5_013,5,-90.020614,21.157235,2004.0,0.21770742535591125,50
c5_020,5,-90.027621,21.156966,2004.0,0.20711681246757507,50
c5_025,5,-90.03301239013672,21.15966033935547,2004.0,-0.07611353695392609,50
c5_034,5,-90.012261,21.166397094726562,2004.0,0.3279089033603668,50
c5_040,5,-90.069658,21.154541015625,2004.0,0.5068821310997009,50
c5_041,5,-89.998787,21.156156539916992,2004.0,0.4905419945716858,50
c5_043,5,-90.113042,21.13729476928711,2004.0,0.4707781672477722,50
c5_002,5,-90.042172,21.156156539916992,2004.0,0.21002914011478424,50
c5_004,5,-90.034088,21.156966,2004.0,0.2107681781053543,50
c5_001,5,-89.996093,21.155887603759766,2004.0,0.7599223852157593,50
c5_006,5,-90.035435,21.154809951782227,2004.0,0.5572395324707031,50
c5_015,5,-89.942738,21.172864,2004.0,0.5227766633033752,50
c5_018,5,-90.0685806274414,21.152385,2004.0,0.46147391200065613,50
c5_026,5,-89.998248,21.172326,2004.0,0.153189554810524,50
c5_033,5,-90.01980590820312,21.156966,2004.0,0.6507747769355774,50
c5_036,5,-90.041902,21.15750503540039,2004.0,0.5275375247001648,50
c5_039,5,-90.060496,21.15642738342285,2004.0,0.4657179117202759,50
c5_005,5,-90.041633,21.159929275512695,2004.0,0.5606793165206909,50
c5_009,5,-90.038938,21.154271,2004.0,0.6219121813774109,50
c5_019,5,-90.057262,21.155349,2004.0,0.263417512178421,50
c5_021,5,-90.089598,21.148073196411133,2004.0,0.23194441199302673,50
c5_030,5,-90.071814,21.151845932006836,2004.0,0.5003899335861206,50
c5_031,5,-90.003099,21.155618,2004.0,0.4066694974899292,50
c5_035,5,-90.095527,21.151845932006836,2004.0,0.4309879243373871,50
c5_037,5,-89.996632,21.160469,2004.0,0.7676388025283813,50
c5_023,5,-89.978038,21.180139541625977,2004.0,0.23909655213356018,50
c5_017,5,-90.040555,21.145917892456055,2004.0,0.4318457841873169,50
c5_027,5,-90.08879089355469,21.150768280029297,2004.0,0.6758289933204651,50
c5_047,5,-90.001213,21.154541015625,2004.0,0.7175995707511902,50
c5_048,5,-90.028429,21.156696319580078,2004.0,0.563800573348999,50
c5_029,5,-90.090407,21.149421,2004.0,0.37722471356391907,50
c5_032,5,-90.079359,21.150768280029297,2004.0,0.5290716290473938,50
c5_038,5,-90.04082489013672,21.156966,2004.0,0.598371684551239,50
c5_046,5,-90.067233,21.152114868164062,2004.0,0.6381089091300964,50
c5_028,5,-90.095527,21.150499,2004.0,0.5571146011352539,50
c5_044,5,-89.973188,21.183374404907227,2004.0,0.375223845243454,50
c5_042,5,-90.08124542236328,21.149421,2004.0,0.5931182503700256,50
c5_007,5,-90.021962,21.143491744995117,2004.0,0.7637511491775513,50
c10_001,3,-90.028968,21.158313,2004.0,0.03185632452368736,50
c10_005,3,-89.954594,21.163972,2004.0,0.5073764324188232,50
c10_002,3,-90.033549,21.15858268737793,2004.0,0.044605351984500885,50
c10_003,3,-90.030046,21.158044,2004.0,0.1818932443857193,50
c10_004,3,-90.029507,21.157773971557617,2004.0,0.21992740035057068,50
c10_006,3,-90.03301239013672,21.159122467041016,2004.0,0.04134102165699005,50
c10_007,3,-90.03301239013672,21.158044,2004.0,0.04242736101150513,50
c10_009,3,-90.032741,21.15858268737793,2004.0,0.028254905715584755,50
c10_010,3,-90.030585,21.158044,2004.0,0.1277284324169159,50
c10_008,3,-89.95405578613281,21.163972,2004.0,0.5920441150665283,50
c1_051,1,-90.064538,21.118162155151367,2004.0,0.7060126662254333,50
c1_052,1,-90.05322265625,21.112234115600586,2004.0,0.7690842151641846,50
c1_053,1,-90.068041,21.142953,2004.0,0.7872289419174194,50
c1_054,1,-90.00040435791016,21.124359130859375,2004.0,0.8885972499847412,50
c1_055,1,-90.049178,21.1402587890625,2004.0,0.7070023417472839,50
c2_051,2,-90.111695,21.123821258544922,2004.0,0.8432310223579407,50
c2_052,2,-90.02277374267578,21.139720916748047,2004.0,0.7954568266868591,50
c2_053,2,-89.941929,21.138911,2004.0,0.9220361709594727,50
c2_054,2,-89.950013,21.130019,2004.0,0.9234575629234314,50
c2_055,2,-90.106306,21.128941,2004.0,0.7496445178985596,50
c3_062,3,-90.086634,21.149690628051758,2004.0,0.21541111171245575,50
c3_051,3,-90.010914,21.144301,2004.0,0.9066593647003174,50
c3_055,3,-90.079359,21.150499,2004.0,0.5290716290473938,50
c3_058,3,-90.000943,21.171248,2004.0,0.3327992558479309,50
c3_052,3,-90.094179,21.114929,2004.0,0.687513530254364,50
c3_059,3,-90.039208,21.1402587890625,2004.0,0.8891796469688416,50
c3_053,3,-90.013608,21.152114868164062,2004.0,0.8574020266532898,50
c3_060,3,-89.958906,21.12489891052246,2004.0,0.8855925798416138,50
c3_057,3,-90.058071,21.159929275512695,2004.0,0.791388213634491,50
c3_061,3,-89.973457,21.138911,2004.0,0.8134735226631165,50
c3_064,3,-89.989625,21.149959564208984,2004.0,0.738344132900238,50
c3_063,3,-90.030046,21.125707,2004.0,0.8613597750663757,50
c3_065,3,-89.972379,21.162086486816406,2004.0,0.824023962020874,50
c3_054,3,-90.029237,21.101455,2004.0,0.813474714756012,50
c3_056,3,-90.008758,21.114120483398438,2004.0,0.8654255867004395,50
c4_051,4,-89.958906,21.191997,2004.0,0.39610734581947327,50
c4_052,4,-89.957828,21.178254,2004.0,0.27135419845581055,50
c4_053,4,-89.994476,21.172864,2004.0,0.177656888961792,50
c4_054,4,-89.994745,21.168822,2004.0,0.12621569633483887,50
c4_055,4,-90.0025634765625,21.169631,2004.0,0.11214296519756317,50
c1_001,1,-90.056184,21.12301254272461,2005.0,0.9997293949127197,44
c1_002,1,-89.984506,21.126246,2005.0,0.8280577063560486,44
c1_003,1,-90.070197,21.140798,2005.0,0.8257078528404236,44
c1_004,1,-90.057801,21.145648,2005.0,0.8087403774261475,44
c1_005,1,-90.024926,21.145379,2005.0,0.6500620245933533,44
c1_006,1,-89.979386,21.130288,2005.0,0.7701513171195984,44
c1_007,1,-90.08636474609375,21.137025,2005.0,0.874103844165802,44
c1_008,1,-89.952169,21.14322280883789,2005.0,0.8013314604759216,44
c1_009,1,-90.055106,21.138911,2005.0,0.774308979511261,44
c1_010,1,-89.945702,21.14322280883789,2005.0,0.8272359371185303,44
c1_011,1,-89.958098,21.149151,2005.0,0.7962863445281982,44
c1_012,1,-90.036783,21.117354,2005.0,0.847881555557251,44
c1_013,1,-90.113042,21.085018157958984,2005.0,0.8507850170135498,44
c1_014,1,-89.944085,21.154002,2005.0,0.8492723703384399,44
c1_015,1,-90.065885,21.113581,2005.0,0.7898486256599426,44
c1_016,1,-90.064538,21.121126174926758,2005.0,0.7809877395629883,44
c1_017,1,-90.01280212402344,21.122474,2005.0,0.8023399710655212,44
c1_018,1,-90.013608,21.150499,2005.0,0.8814007639884949,44
c1_019,1,-90.075856,21.141876220703125,2005.0,0.9075566530227661,44
c1_020,1,-90.063729,21.119510650634766,2005.0,0.7808592915534973,44
c1_021,1,-90.112234,21.128671646118164,2005.0,0.7202794551849365,44
c1_022,1,-89.970224,21.131635665893555,2005.0,0.6993003487586975,44
c1_023,1,-90.049448,21.111425399780273,2005.0,0.773078203201294,44
c1_024,1,-90.076933,21.135408401489258,2005.0,0.8118814826011658,44
c1_025,1,-90.09391021728516,21.143762,2005.0,0.9128738641738892,44
c1_026,1,-89.940852,21.145917892456055,2005.0,0.8155649900436401,44
c1_027,1,-89.945163,21.154002,2005.0,0.8720845580101013,44
c1_028,1,-90.098491,21.127324,2005.0,0.7967369556427002,44
c1_029,1,-90.003368,21.149421,2005.0,0.7110145688056946,44
c1_030,1,-89.972918,21.124629,2005.0,0.935400128364563,44
c1_031,1,-90.003907,21.124359130859375,2005.0,0.7792903780937195,44
c1_032,1,-90.066694,21.0987606048584,2005.0,0.8248977661132812,44
c1_033,1,-89.994745,21.123552322387695,2005.0,0.7412833571434021,44
c1_034,1,-90.08879089355469,21.142953,2005.0,0.9315357208251953,44
c1_035,1,-90.063191,21.110887,2005.0,0.7416754364967346,44
c1_036,1,-89.960523,21.137563705444336,2005.0,0.8267437815666199,44
c1_037,1,-90.094179,21.093371,2005.0,0.8440143465995789,44
c1_038,1,-90.0025634765625,21.122743,2005.0,0.775566816329956,44
c1_039,1,-90.051334,21.132714,2005.0,0.677278995513916,44
c1_040,1,-90.066694,21.13837242126465,2005.0,0.8031390905380249,44
c1_041,1,-90.116815,21.0882511138916,2005.0,0.8038241267204285,44
c1_042,1,-90.057801,21.148612,2005.0,0.8433510065078735,44
c1_043,1,-90.080706,21.141876220703125,2005.0,0.9136486053466797,44
c1_044,1,-89.947319,21.188493728637695,2005.0,0.7900345325469971,44
c1_045,1,-89.981811,21.124091,2005.0,0.8463249206542969,44
c1_046,1,-90.058879,21.128671646118164,2005.0,0.778547465801239,44
c1_047,1,-90.075317,21.10361099243164,2005.0,0.8282626867294312,44
c1_048,1,-90.003638,21.150768280029297,2005.0,0.7969390749931335,44
c1_049,1,-90.026543,21.122743,2005.0,0.8370721340179443,44
c1_050,1,-90.108731,21.117623,2005.0,0.8773095607757568,44
c2_001,2,-89.960253,21.154002,2005.0,0.693654477596283,44
c2_002,2,-90.117623,21.133522033691406,2005.0,0.7275406122207642,44
c2_003,2,-90.07881927490234,21.09229278564453,2005.0,0.8467804193496704,44
c2_004,2,-89.978847,21.15022850036621,2005.0,0.7094073295593262,44
c2_005,2,-90.089329,21.09364128112793,2005.0,0.8765465021133423,44
c2_006,2,-90.11412048339844,21.100377,2005.0,0.720862627029419,44
c2_007,2,-90.106036,21.131635665893555,2005.0,0.8302167654037476,44
c2_008,2,-90.001213,21.145379,2005.0,0.7949469685554504,44
c2_009,2,-89.963217,21.183913,2005.0,0.6482457518577576,44
c2_010,2,-90.10226440429688,21.144301,2005.0,0.9031522274017334,44
c2_011,2,-89.958636,21.125438,2005.0,0.8506932258605957,44
c2_012,2,-90.097413,21.149959564208984,2005.0,0.905297040939331,44
c2_013,2,-90.100647,21.106845,2005.0,0.7952893376350403,44
c2_014,2,-90.04594421386719,21.111156463623047,2005.0,0.6920225024223328,44
c2_015,2,-90.068849,21.102802276611328,2005.0,0.8816562294960022,44
c2_016,2,-90.118162,21.135947,2005.0,0.6036192774772644,44
c2_017,2,-89.96214294433594,21.120587,2005.0,0.8806536793708801,44
c2_018,2,-89.981541,21.148343,2005.0,0.6996960639953613,44
c2_019,2,-90.041364,21.101186,2005.0,0.8359973430633545,44
c2_020,2,-90.082592,21.10064697265625,2005.0,0.8675249218940735,44
c2_021,2,-89.945163,21.161008,2005.0,0.726130485534668,44
c2_022,2,-90.01280212402344,21.118162155151367,2005.0,0.8230569362640381,44
c2_023,2,-89.94165802001953,21.17879295349121,2005.0,0.6715545654296875,44
c2_024,2,-89.940043,21.179332,2005.0,0.6986721754074097,44
c2_025,2,-89.942199,21.169092178344727,2005.0,0.7363359332084656,44
c2_026,2,-90.04837036132812,21.15858268737793,2005.0,0.7710827589035034,44
c2_027,2,-90.018189,21.155078887939453,2005.0,0.8294850587844849,44
c2_028,2,-90.018998,21.118701,2005.0,0.7434541583061218,44
c2_029,2,-89.960253,21.166936,2005.0,0.8520665168762207,44
c2_030,2,-90.08636474609375,21.13918113708496,2005.0,0.869853138923645,44
c2_031,2,-90.006871,21.167745,2005.0,0.5551847219467163,44
c2_032,2,-89.9599838256836,21.15750503540039,2005.0,0.6652544140815735,44
c2_033,2,-90.052412,21.115737,2005.0,0.8193244934082031,44
c2_034,2,-90.075586,21.099569,2005.0,0.8792892694473267,44
c2_035,2,-90.108731,21.095796,2005.0,0.7109065651893616,44
c2_036,2,-90.026543,21.155078887939453,2005.0,0.8935450315475464,44
c2_037,2,-90.006871,21.131097,2005.0,0.7778013944625854,44
c2_038,2,-90.080167,21.099838256835938,2005.0,0.8377647399902344,44
c2_039,2,-89.947588,21.136486053466797,2005.0,0.850430965423584,44
c2_040,2,-90.061304,21.10468864440918,2005.0,0.8600043058395386,44
c2_041,2,-90.075856,21.134868621826172,2005.0,0.8294811844825745,44
c2_042,2,-89.99959564208984,21.12004852294922,2005.0,0.8168317079544067,44
c2_043,2,-90.101725,21.08043670654297,2005.0,0.8256336450576782,44
c2_044,2,-90.026004,21.113851,2005.0,0.8613595962524414,44
c2_045,2,-90.118162,21.129209518432617,2005.0,0.894820511341095,44
c2_046,2,-89.94139099121094,21.172056198120117,2005.0,0.814708948135376,44
c2_047,2,-89.969685,21.1402587890625,2005.0,0.8420172929763794,44
c2_048,2,-90.1038818359375,21.095527,2005.0,0.7297549247741699,44
c2_049,2,-89.99231719970703,21.149690628051758,2005.0,0.7351001501083374,44
c2_050,2,-89.950822,21.121396,2005.0,0.8021999597549438,44
c3_045,3,-89.992859,21.161815643310547,2005.0,0.22633974254131317,44
c3_003,3,-90.034357,21.15858268737793,2005.0,0.15186940133571625,44
c3_026,3,-89.986931,21.149959564208984,2005.0,0.9133617877960205,44
c3_008,3,-90.084209,21.151576,2005.0,0.6750285625457764,44
c3_017,3,-89.970493,21.159929275512695,2005.0,0.7323564887046814,44
c3_004,3,-89.982619,21.180679,2005.0,0.20736971497535706,44
c3_040,3,-89.9742660522461,21.185529708862305,2005.0,0.8097888827323914,44
c3_024,3,-89.97722625732422,21.183913,2005.0,0.5761375427246094,44
c3_013,3,-89.995823,21.13837242126465,2005.0,0.8531110882759094,44
c3_018,3,-90.062113,21.107114,2005.0,0.9329462051391602,44
c3_007,3,-90.088521,21.146995,2005.0,0.6659647226333618,44
c3_014,3,-89.951361,21.199003219604492,2005.0,0.15465454757213593,44
c3_042,3,-89.950283,21.199003219604492,2005.0,0.22790654003620148,44
c3_029,3,-90.000135,21.137563705444336,2005.0,0.7755292654037476,44
c3_005,3,-90.003638,21.111964,2005.0,0.8653441667556763,44
c3_022,3,-90.005524,21.112503051757812,2005.0,0.7933058738708496,44
c3_002,3,-89.953786,21.197656,2005.0,0.6978328824043274,44
c3_015,3,-89.940852,21.162086486816406,2005.0,0.7936657071113586,44
c3_020,3,-90.016842,21.116006,2005.0,0.8600136637687683,44
c3_027,3,-89.982619,21.149421,2005.0,0.6297890543937683,44
c3_030,3,-89.942738,21.1674747467041,2005.0,0.6315983533859253,44
c3_050,3,-89.941929,21.168553,2005.0,0.5285404324531555,44
c3_009,3,-89.986392,21.149959564208984,2005.0,0.8998478651046753,44
c3_033,3,-90.039208,21.102802276611328,2005.0,0.8188671469688416,44
c3_038,3,-89.976152,21.169361114501953,2005.0,0.7021445631980896,44
c3_023,3,-89.97183990478516,21.169361114501953,2005.0,0.6763140559196472,44
c3_032,3,-90.00040435791016,21.138642,2005.0,0.7689180374145508,44
c3_046,3,-89.994476,21.137832641601562,2005.0,0.6963191032409668,44
c3_025,3,-89.947049,21.157235,2005.0,0.7477555274963379,44
c3_028,3,-89.976421,21.165858,2005.0,0.8362361192703247,44
c3_036,3,-89.95189666748047,21.162894,2005.0,0.6492993235588074,44
c3_021,3,-90.007141,21.131635665893555,2005.0,0.8252217769622803,44
c3_035,3,-90.000943,21.144569396972656,2005.0,0.7825340628623962,44
c3_037,3,-89.97183990478516,21.162086486816406,2005.0,0.746233344078064,44
c3_039,3,-89.976691,21.168283462524414,2005.0,0.7163088321685791,44
c3_041,3,-89.973996,21.137563705444336,2005.0,0.7539348602294922,44
c3_034,3,-90.041364,21.1402587890625,2005.0,0.7224708795547485,44
c3_047,3,-90.028698,21.126246,2005.0,0.8562214374542236,44
c3_048,3,-90.030315,21.124359130859375,2005.0,0.7554694414138794,44
c3_011,3,-90.035974,21.099299,2005.0,0.772147536277771,44
c3_001,3,-90.080437,21.100377,2005.0,0.8061602115631104,44
c3_006,3,-89.94677734375,21.202237,2005.0,0.79698246717453,44
c3_019,3,-89.958367,21.172056198120117,2005.0,0.8549907803535461,44
c3_031,3,-90.00740814208984,21.113042,2005.0,0.795254111289978,44
c3_010,3,-90.01252746582031,21.114659,2005.0,0.803715169429779,44
c3_012,3,-90.00768280029297,21.114389419555664,2005.0,0.7708855271339417,44
c3_016,3,-90.045675,21.097951889038086,2005.0,0.704398512840271,44
c3_043,3,-89.967259,21.189841,2005.0,0.8924486637115479,44
c3_044,3,-90.046214,21.097413,2005.0,0.8624082207679749,44
c3_049,3,-90.016033,21.116006,2005.0,0.8188256621360779,44
c4_001,4,-90.002021,21.168822,2005.0,0.27048200368881226,44
c4_002,4,-90.013878,21.166397094726562,2005.0,0.18495939671993256,44
c4_003,4,-90.040286,21.149421,2005.0,0.6195650696754456,44
c4_004,4,-89.94139099121094,21.181487,2005.0,0.4658260941505432,44
c4_005,4,-89.967529,21.183643341064453,2005.0,0.301799476146698,44
c4_006,4,-89.943277,21.200620651245117,2005.0,0.40941178798675537,44
c4_007,4,-89.968068,21.171248,2005.0,0.46613603830337524,44
c4_008,4,-90.035705,21.15346336364746,2005.0,0.6160698533058167,44
c4_009,4,-89.967798,21.179332,2005.0,-0.04800093173980713,44
c4_010,4,-89.949205,21.194961,2005.0,0.16546538472175598,44
c4_011,4,-89.943007,21.202506,2005.0,0.3079124093055725,44
c4_012,4,-89.945163,21.199811,2005.0,0.10901076346635818,44
c4_013,4,-89.972379,21.174481,2005.0,0.14000238478183746,44
c4_014,4,-90.041633,21.148612,2005.0,0.6152544617652893,44
c4_015,4,-89.960792,21.190380096435547,2005.0,0.3178427219390869,44
c4_016,4,-89.958098,21.184452056884766,2005.0,0.16902479529380798,44
c4_017,4,-90.074239,21.133790969848633,2005.0,0.7909781336784363,44
c4_018,4,-89.950822,21.1922664642334,2005.0,0.23709054291248322,44
c4_019,4,-89.996901,21.149959564208984,2005.0,0.8260100483894348,44
c4_020,4,-89.960523,21.186338424682617,2005.0,0.1829841434955597,44
c4_021,4,-89.9465103149414,21.185529708862305,2005.0,0.10540486127138138,44
c4_022,4,-89.957828,21.185529708862305,2005.0,0.20376594364643097,44
c4_023,4,-90.035705,21.144301,2005.0,0.6066285967826843,44
c4_024,4,-90.022501,21.156966,2005.0,0.1746312826871872,44
c4_025,4,-89.981002,21.165319,2005.0,0.4205520749092102,44
c4_026,4,-90.027621,21.162355422973633,2005.0,0.23883628845214844,44
c4_027,4,-89.949475,21.19415283203125,2005.0,-0.05580535903573036,44
c4_028,4,-89.940852,21.201428,2005.0,0.308639258146286,44
c4_029,4,-89.961601,21.190919,2005.0,0.8242453932762146,44
c4_030,4,-90.041364,21.151576,2005.0,0.8972856998443604,44
c4_031,4,-90.062382,21.153732299804688,2005.0,0.4122529923915863,44
c4_032,4,-89.944085,21.193883,2005.0,0.15253335237503052,44
c4_033,4,-89.981811,21.164511,2005.0,0.5571630001068115,44
c4_034,4,-89.940313,21.199811,2005.0,0.1322769820690155,44
c4_035,4,-90.072622,21.132714,2005.0,0.7720986604690552,44
c4_036,4,-89.942738,21.183643341064453,2005.0,0.2931421101093292,44
c4_037,4,-89.9742660522461,21.173673,2005.0,0.6928120255470276,44
c4_038,4,-89.966451,21.182565,2005.0,0.226447194814682,44
c4_039,4,-90.014147,21.163972,2005.0,0.029786400496959686,44
c4_040,4,-89.944355,21.201428,2005.0,0.3047342300415039,44
c4_041,4,-90.011183,21.148881912231445,2005.0,0.7240543961524963,44
c4_042,4,-90.071814,21.131635665893555,2005.0,0.5373870134353638,44
c4_043,4,-90.11438751220703,21.11061668395996,2005.0,0.69468754529953,44
c4_044,4,-89.956481,21.189302444458008,2005.0,0.6551949977874756,44
c4_045,4,-90.036513,21.153732299804688,2005.0,0.315865159034729,44
c4_046,4,-89.98235321044922,21.169092178344727,2005.0,0.5331491231918335,44
c4_047,4,-89.992859,21.172864,2005.0,0.32423916459083557,44
c4_048,4,-89.948127,21.191457748413086,2005.0,0.2711867392063141,44
c4_049,4,-90.1195068359375,21.108461380004883,2005.0,0.6165536642074585,44
c4_050,4,-90.094718,21.12301254272461,2005.0,0.8738463521003723,44
c5_045,5,-90.018998,21.166128158569336,2005.0,0.4243905544281006,44
c5_008,5,-90.034357,21.155618,2005.0,0.434080570936203,44
c5_010,5,-89.957289,21.163703,2005.0,0.5685619711875916,44
c5_011,5,-90.004985,21.156696319580078,2005.0,0.6370700597763062,44
c5_012,5,-90.066424,21.154809951782227,2005.0,0.3493984043598175,44
c5_014,5,-90.006871,21.155887603759766,2005.0,0.2491307258605957,44
c5_016,5,-90.002829,21.15642738342285,2005.0,0.2979792654514313,44
c5_022,5,-90.044597,21.154809951782227,2005.0,0.4958353638648987,44
c5_024,5,-89.995284,21.15642738342285,2005.0,0.2346678376197815,44
c5_003,5,-90.056993,21.154541015625,2005.0,0.4355546832084656,44
c5_013,5,-90.020614,21.157235,2005.0,0.20263436436653137,44
c5_020,5,-90.027621,21.156966,2005.0,0.2142273187637329,44
c5_025,5,-90.03301239013672,21.15966033935547,2005.0,0.0936642661690712,44
c5_034,5,-90.012261,21.166397094726562,2005.0,0.1657315194606781,44
c5_040,5,-90.069658,21.154541015625,2005.0,0.36066174507141113,44
c5_041,5,-89.998787,21.156156539916992,2005.0,0.14122387766838074,44
c5_043,5,-90.113042,21.13729476928711,2005.0,0.8531203866004944,44
c5_002,5,-90.042172,21.156156539916992,2005.0,0.18244482576847076,44
c5_004,5,-90.034088,21.156966,2005.0,0.16297194361686707,44
c5_001,5,-89.996093,21.155887603759766,2005.0,0.5905702710151672,44
c5_006,5,-90.035435,21.154809951782227,2005.0,0.5038105845451355,44
c5_015,5,-89.942738,21.172864,2005.0,0.5601195096969604,44
c5_018,5,-90.0685806274414,21.152385,2005.0,0.5269577503204346,44
c5_026,5,-89.998248,21.172326,2005.0,0.1412409096956253,44
c5_033,5,-90.01980590820312,21.156966,2005.0,0.5673293471336365,44
c5_036,5,-90.041902,21.15750503540039,2005.0,0.7121555805206299,44
c5_039,5,-90.060496,21.15642738342285,2005.0,0.767736554145813,44
c5_005,5,-90.041633,21.159929275512695,2005.0,0.6075049042701721,44
c5_009,5,-90.038938,21.154271,2005.0,0.7825453877449036,44
c5_019,5,-90.057262,21.155349,2005.0,0.47611454129219055,44
c5_021,5,-90.089598,21.148073196411133,2005.0,0.6453456282615662,44
c5_030,5,-90.071814,21.151845932006836,2005.0,0.6874197125434875,44
c5_031,5,-90.003099,21.155618,2005.0,0.34616684913635254,44
c5_035,5,-90.095527,21.151845932006836,2005.0,0.6890300512313843,44
c5_037,5,-89.996632,21.160469,2005.0,0.7772733569145203,44
c5_023,5,-89.978038,21.180139541625977,2005.0,0.23907209932804108,44
c5_017,5,-90.040555,21.145917892456055,2005.0,0.5002825856208801,44
c5_027,5,-90.08879089355469,21.150768280029297,2005.0,0.8783342838287354,44
c5_047,5,-90.001213,21.154541015625,2005.0,0.6899638175964355,44
c5_048,5,-90.028429,21.156696319580078,2005.0,0.5377798676490784,44
c5_029,5,-90.090407,21.149421,2005.0,0.5349984169006348,44
c5_032,5,-90.079359,21.150768280029297,2005.0,0.6095012426376343,44
c5_038,5,-90.04082489013672,21.156966,2005.0,0.6078475117683411,44
c5_046,5,-90.067233,21.152114868164062,2005.0,0.803608775138855,44
c5_028,5,-90.095527,21.150499,2005.0,0.6699357032775879,44
c5_044,5,-89.973188,21.183374404907227,2005.0,0.6225841045379639,44
c5_042,5,-90.08124542236328,21.149421,2005.0,0.638271152973175,44
c5_007,5,-90.021962,21.143491744995117,2005.0,0.5207047462463379,44
c10_001,3,-90.028968,21.158313,2005.0,0.11355748027563095,44
c10_005,3,-89.954594,21.163972,2005.0,0.5904483795166016,44
c10_002,3,-90.033549,21.15858268737793,2005.0,0.17000408470630646,44
c10_003,3,-90.030046,21.158044,2005.0,0.18912716209888458,44
c10_004,3,-90.029507,21.157773971557617,2005.0,0.20816199481487274,44
c10_006,3,-90.03301239013672,21.159122467041016,2005.0,0.1310531497001648,44
c10_007,3,-90.03301239013672,21.158044,2005.0,0.1280360072851181,44
c10_009,3,-90.032741,21.15858268737793,2005.0,0.12489418685436249,44
c10_010,3,-90.030585,21.158044,2005.0,0.173370823264122,44
c10_008,3,-89.95405578613281,21.163972,2005.0,0.5402224063873291,44
c1_051,1,-90.064538,21.118162155151367,2005.0,0.7207138538360596,44
c1_052,1,-90.05322265625,21.112234115600586,2005.0,0.8079795241355896,44
c1_053,1,-90.068041,21.142953,2005.0,0.8195374608039856,44
c1_054,1,-90.00040435791016,21.124359130859375,2005.0,0.7515949010848999,44
c1_055,1,-90.049178,21.1402587890625,2005.0,0.7416141629219055,44
c2_051,2,-90.111695,21.123821258544922,2005.0,0.7453227043151855,44
c2_052,2,-90.02277374267578,21.139720916748047,2005.0,0.8747313618659973,44
c2_053,2,-89.941929,21.138911,2005.0,0.8759210705757141,44
c2_054,2,-89.950013,21.130019,2005.0,0.8419651389122009,44
c2_055,2,-90.106306,21.128941,2005.0,0.8167933821678162,44
c3_062,3,-90.086634,21.149690628051758,2005.0,0.388671338558197,44
c3_051,3,-90.010914,21.144301,2005.0,0.8749920129776001,44
c3_055,3,-90.079359,21.150499,2005.0,0.6095012426376343,44
c3_058,3,-90.000943,21.171248,2005.0,0.3930276930332184,44
c3_052,3,-90.094179,21.114929,2005.0,0.8228417038917542,44
c3_059,3,-90.039208,21.1402587890625,2005.0,0.8117031455039978,44
c3_053,3,-90.013608,21.152114868164062,2005.0,0.9133148789405823,44
c3_060,3,-89.958906,21.12489891052246,2005.0,0.8722327351570129,44
c3_057,3,-90.058071,21.159929275512695,2005.0,0.8393718004226685,44
c3_061,3,-89.973457,21.138911,2005.0,0.7998619675636292,44
c3_064,3,-89.989625,21.149959564208984,2005.0,0.7829679250717163,44
c3_063,3,-90.030046,21.125707,2005.0,0.7924357056617737,44
c3_065,3,-89.972379,21.162086486816406,2005.0,0.831483781337738,44
c3_054,3,-90.029237,21.101455,2005.0,0.8461538553237915,44
c3_056,3,-90.008758,21.114120483398438,2005.0,0.7809900045394897,44
c4_051,4,-89.958906,21.191997,2005.0,0.35841161012649536,44
c4_052,4,-89.957828,21.178254,2005.0,0.1926426738500595,44
c4_053,4,-89.994476,21.172864,2005.0,0.13342928886413574,44
c4_054,4,-89.994745,21.168822,2005.0,0.063518226146698,44
c4_055,4,-90.0025634765625,21.169631,2005.0,0.07471919059753418,44
c1_001,1,-90.056184,21.12301254272461,2006.0,0.7512161731719971,45
c1_002,1,-89.984506,21.126246,2006.0,0.8333220481872559,45
c1_003,1,-90.070197,21.140798,2006.0,0.770260214805603,45
c1_004,1,-90.057801,21.145648,2006.0,0.8009598851203918,45
c1_005,1,-90.024926,21.145379,2006.0,0.6345166563987732,45
c1_006,1,-89.979386,21.130288,2006.0,0.7641950845718384,45
c1_007,1,-90.08636474609375,21.137025,2006.0,0.6793392896652222,45
c1_008,1,-89.952169,21.14322280883789,2006.0,0.7366430759429932,45
c1_009,1,-90.055106,21.138911,2006.0,0.693336009979248,45
c1_010,1,-89.945702,21.14322280883789,2006.0,0.7939080595970154,45
c1_011,1,-89.958098,21.149151,2006.0,0.7614231109619141,45
c1_012,1,-90.036783,21.117354,2006.0,0.8610970973968506,45
c1_013,1,-90.113042,21.085018157958984,2006.0,0.8587633967399597,45
c1_014,1,-89.944085,21.154002,2006.0,0.8510057330131531,45
c1_015,1,-90.065885,21.113581,2006.0,0.6286672949790955,45
c1_016,1,-90.064538,21.121126174926758,2006.0,0.7060815095901489,45
c1_017,1,-90.01280212402344,21.122474,2006.0,0.7643463015556335,45
c1_018,1,-90.013608,21.150499,2006.0,0.8472960591316223,45
c1_019,1,-90.075856,21.141876220703125,2006.0,0.816268265247345,45
c1_020,1,-90.063729,21.119510650634766,2006.0,0.6627449989318848,45
c1_021,1,-90.112234,21.128671646118164,2006.0,0.5045338273048401,45
c1_022,1,-89.970224,21.131635665893555,2006.0,0.7469909191131592,45
c1_023,1,-90.049448,21.111425399780273,2006.0,0.7370659708976746,45
c1_024,1,-90.076933,21.135408401489258,2006.0,0.8090603947639465,45
c1_025,1,-90.09391021728516,21.143762,2006.0,0.850353479385376,45
c1_026,1,-89.940852,21.145917892456055,2006.0,0.8400951623916626,45
c1_027,1,-89.945163,21.154002,2006.0,0.7921761274337769,45
c1_028,1,-90.098491,21.127324,2006.0,0.7347093820571899,45
c1_029,1,-90.003368,21.149421,2006.0,0.6553769707679749,45
c1_030,1,-89.972918,21.124629,2006.0,0.8246216177940369,45
c1_031,1,-90.003907,21.124359130859375,2006.0,0.7125593423843384,45
c1_032,1,-90.066694,21.0987606048584,2006.0,0.7988998889923096,45
c1_033,1,-89.994745,21.123552322387695,2006.0,0.7455430030822754,45
c1_034,1,-90.08879089355469,21.142953,2006.0,0.7607452273368835,45
c1_035,1,-90.063191,21.110887,2006.0,0.7535892724990845,45
c1_036,1,-89.960523,21.137563705444336,2006.0,0.809664785861969,45
c1_037,1,-90.094179,21.093371,2006.0,0.8914881944656372,45
c1_038,1,-90.0025634765625,21.122743,2006.0,0.7170120477676392,45
c1_039,1,-90.051334,21.132714,2006.0,0.6814071536064148,45
c1_040,1,-90.066694,21.13837242126465,2006.0,0.7401880621910095,45
c1_041,1,-90.116815,21.0882511138916,2006.0,0.8335076570510864,45
c1_042,1,-90.057801,21.148612,2006.0,0.8283700346946716,45
c1_043,1,-90.080706,21.141876220703125,2006.0,0.7711514830589294,45
c1_044,1,-89.947319,21.188493728637695,2006.0,0.690758466720581,45
c1_045,1,-89.981811,21.124091,2006.0,0.83943772315979,45
c1_046,1,-90.058879,21.128671646118164,2006.0,0.7049908638000488,45
c1_047,1,-90.075317,21.10361099243164,2006.0,0.8547338843345642,45
c1_048,1,-90.003638,21.150768280029297,2006.0,0.6945767998695374,45
c1_049,1,-90.026543,21.122743,2006.0,0.8462275862693787,45
c1_050,1,-90.108731,21.117623,2006.0,0.8531458377838135,45
c2_001,2,-89.960253,21.154002,2006.0,0.6629252433776855,45
c2_002,2,-90.117623,21.133522033691406,2006.0,0.6750093698501587,45
c2_003,2,-90.07881927490234,21.09229278564453,2006.0,0.8235531449317932,45
c2_004,2,-89.978847,21.15022850036621,2006.0,0.7383934259414673,45
c2_005,2,-90.089329,21.09364128112793,2006.0,0.9660171270370483,45
c2_006,2,-90.11412048339844,21.100377,2006.0,0.7185013294219971,45
c2_007,2,-90.106036,21.131635665893555,2006.0,0.8597060441970825,45
c2_008,2,-90.001213,21.145379,2006.0,0.7979503273963928,45
c2_009,2,-89.963217,21.183913,2006.0,0.7409020066261292,45
c2_010,2,-90.10226440429688,21.144301,2006.0,0.6790060997009277,45
c2_011,2,-89.958636,21.125438,2006.0,0.7904651761054993,45
c2_012,2,-90.097413,21.149959564208984,2006.0,0.8510150909423828,45
c2_013,2,-90.100647,21.106845,2006.0,0.753861129283905,45
c2_014,2,-90.04594421386719,21.111156463623047,2006.0,0.6012287735939026,45
c2_015,2,-90.068849,21.102802276611328,2006.0,0.8924317955970764,45
c2_016,2,-90.118162,21.135947,2006.0,0.42952919006347656,45
c2_017,2,-89.96214294433594,21.120587,2006.0,0.8265044689178467,45
c2_018,2,-89.981541,21.148343,2006.0,0.6091857552528381,45
c2_019,2,-90.041364,21.101186,2006.0,0.8445626497268677,45
c2_020,2,-90.082592,21.10064697265625,2006.0,0.8763309121131897,45
c2_021,2,-89.945163,21.161008,2006.0,0.6279647946357727,45
c2_022,2,-90.01280212402344,21.118162155151367,2006.0,0.8134270310401917,45
c2_023,2,-89.94165802001953,21.17879295349121,2006.0,0.5970491170883179,45
c2_024,2,-89.940043,21.179332,2006.0,0.597935676574707,45
c2_025,2,-89.942199,21.169092178344727,2006.0,0.5962756276130676,45
c2_026,2,-90.04837036132812,21.15858268737793,2006.0,0.5285530686378479,45
c2_027,2,-90.018189,21.155078887939453,2006.0,0.7605569362640381,45
c2_028,2,-90.018998,21.118701,2006.0,0.7161176800727844,45
c2_029,2,-89.960253,21.166936,2006.0,0.8662810921669006,45
c2_030,2,-90.08636474609375,21.13918113708496,2006.0,0.7970304489135742,45
c2_031,2,-90.006871,21.167745,2006.0,0.4540577232837677,45
c2_032,2,-89.9599838256836,21.15750503540039,2006.0,0.6237364411354065,45
c2_033,2,-90.052412,21.115737,2006.0,0.8181918263435364,45
c2_034,2,-90.075586,21.099569,2006.0,0.803276777267456,45
c2_035,2,-90.108731,21.095796,2006.0,0.7350726127624512,45
c2_036,2,-90.026543,21.155078887939453,2006.0,0.8423575758934021,45
c2_037,2,-90.006871,21.131097,2006.0,0.812499463558197,45
c2_038,2,-90.080167,21.099838256835938,2006.0,0.9429855346679688,45
c2_039,2,-89.947588,21.136486053466797,2006.0,0.8528193235397339,45
c2_040,2,-90.061304,21.10468864440918,2006.0,0.8147926926612854,45
c2_041,2,-90.075856,21.134868621826172,2006.0,0.7976472973823547,45
c2_042,2,-89.99959564208984,21.12004852294922,2006.0,0.7008851170539856,45
c2_043,2,-90.101725,21.08043670654297,2006.0,0.8341126441955566,45
c2_044,2,-90.026004,21.113851,2006.0,0.8511171936988831,45
c2_045,2,-90.118162,21.129209518432617,2006.0,0.8369616866111755,45
c2_046,2,-89.94139099121094,21.172056198120117,2006.0,0.8219761848449707,45
c2_047,2,-89.969685,21.1402587890625,2006.0,0.8672759532928467,45
c2_048,2,-90.1038818359375,21.095527,2006.0,0.7327006459236145,45
c2_049,2,-89.99231719970703,21.149690628051758,2006.0,0.6903386116027832,45
c2_050,2,-89.950822,21.121396,2006.0,0.8234145045280457,45
c3_045,3,-89.992859,21.161815643310547,2006.0,0.13079199194908142,45
c3_003,3,-90.034357,21.15858268737793,2006.0,0.1352682262659073,45
c3_026,3,-89.986931,21.149959564208984,2006.0,0.8646448254585266,45
c3_008,3,-90.084209,21.151576,2006.0,0.4859735369682312,45
c3_017,3,-89.970493,21.159929275512695,2006.0,0.6431823372840881,45
c3_004,3,-89.982619,21.180679,2006.0,0.19992922246456146,45
c3_040,3,-89.9742660522461,21.185529708862305,2006.0,0.8354625701904297,45
c3_024,3,-89.97722625732422,21.183913,2006.0,0.5236461162567139,45
c3_013,3,-89.995823,21.13837242126465,2006.0,0.8718762397766113,45
c3_018,3,-90.062113,21.107114,2006.0,0.8800527453422546,45
c3_007,3,-90.088521,21.146995,2006.0,0.6392648816108704,45
c3_014,3,-89.951361,21.199003219604492,2006.0,0.028328919783234596,45
c3_042,3,-89.950283,21.199003219604492,2006.0,0.20933642983436584,45
c3_029,3,-90.000135,21.137563705444336,2006.0,0.7646535634994507,45
c3_005,3,-90.003638,21.111964,2006.0,0.8081479668617249,45
c3_022,3,-90.005524,21.112503051757812,2006.0,0.7596318125724792,45
c3_002,3,-89.953786,21.197656,2006.0,0.5058506727218628,45
c3_015,3,-89.940852,21.162086486816406,2006.0,0.7223088145256042,45
c3_020,3,-90.016842,21.116006,2006.0,0.8119422793388367,45
c3_027,3,-89.982619,21.149421,2006.0,0.6176835894584656,45
c3_030,3,-89.942738,21.1674747467041,2006.0,0.6759494543075562,45
c3_050,3,-89.941929,21.168553,2006.0,0.5274003744125366,45
c3_009,3,-89.986392,21.149959564208984,2006.0,0.85885089635849,45
c3_033,3,-90.039208,21.102802276611328,2006.0,0.7861077785491943,45
c3_038,3,-89.976152,21.169361114501953,2006.0,0.7152222394943237,45
c3_023,3,-89.97183990478516,21.169361114501953,2006.0,0.7115256786346436,45
c3_032,3,-90.00040435791016,21.138642,2006.0,0.6681520342826843,45
c3_046,3,-89.994476,21.137832641601562,2006.0,0.6666638255119324,45
c3_025,3,-89.947049,21.157235,2006.0,0.7704625725746155,45
c3_028,3,-89.976421,21.165858,2006.0,0.8424383401870728,45
c3_036,3,-89.95189666748047,21.162894,2006.0,0.6416658163070679,45
c3_021,3,-90.007141,21.131635665893555,2006.0,0.7800657153129578,45
c3_035,3,-90.000943,21.144569396972656,2006.0,0.7897109985351562,45
c3_037,3,-89.97183990478516,21.162086486816406,2006.0,0.7808184623718262,45
c3_039,3,-89.976691,21.168283462524414,2006.0,0.745011031627655,45
c3_041,3,-89.973996,21.137563705444336,2006.0,0.7198425531387329,45
c3_034,3,-90.041364,21.1402587890625,2006.0,0.7785239815711975,45
c3_047,3,-90.028698,21.126246,2006.0,0.8376162648200989,45
c3_048,3,-90.030315,21.124359130859375,2006.0,0.7769770622253418,45
c3_011,3,-90.035974,21.099299,2006.0,0.7298307418823242,45
c3_001,3,-90.080437,21.100377,2006.0,0.8516812324523926,45
c3_006,3,-89.94677734375,21.202237,2006.0,0.8100182414054871,45
c3_019,3,-89.958367,21.172056198120117,2006.0,0.8258670568466187,45
c3_031,3,-90.00740814208984,21.113042,2006.0,0.7893194556236267,45
c3_010,3,-90.01252746582031,21.114659,2006.0,0.806430995464325,45
c3_012,3,-90.00768280029297,21.114389419555664,2006.0,0.7245122790336609,45
c3_016,3,-90.045675,21.097951889038086,2006.0,0.6933584809303284,45
c3_043,3,-89.967259,21.189841,2006.0,0.8507365584373474,45
c3_044,3,-90.046214,21.097413,2006.0,0.7812635898590088,45
c3_049,3,-90.016033,21.116006,2006.0,0.8055139780044556,45
c4_001,4,-90.002021,21.168822,2006.0,0.17301926016807556,45
c4_002,4,-90.013878,21.166397094726562,2006.0,0.21646808087825775,45
c4_003,4,-90.040286,21.149421,2006.0,0.6992640495300293,45
c4_004,4,-89.94139099121094,21.181487,2006.0,0.430934339761734,45
c4_005,4,-89.967529,21.183643341064453,2006.0,0.5638934373855591,45
c4_006,4,-89.943277,21.200620651245117,2006.0,0.6430251598358154,45
c4_007,4,-89.968068,21.171248,2006.0,0.5180833339691162,45
c4_008,4,-90.035705,21.15346336364746,2006.0,0.6214392185211182,45
c4_009,4,-89.967798,21.179332,2006.0,0.11016496270895004,45
c4_010,4,-89.949205,21.194961,2006.0,0.19776886701583862,45
c4_011,4,-89.943007,21.202506,2006.0,0.42701587080955505,45
c4_012,4,-89.945163,21.199811,2006.0,0.14422598481178284,45
c4_013,4,-89.972379,21.174481,2006.0,0.16677267849445343,45
c4_014,4,-90.041633,21.148612,2006.0,0.4539259076118469,45
c4_015,4,-89.960792,21.190380096435547,2006.0,0.3641359806060791,45
c4_016,4,-89.958098,21.184452056884766,2006.0,0.08415701240301132,45
c4_017,4,-90.074239,21.133790969848633,2006.0,0.7203636765480042,45
c4_018,4,-89.950822,21.1922664642334,2006.0,0.21893362700939178,45
c4_019,4,-89.996901,21.149959564208984,2006.0,0.6848551034927368,45
c4_020,4,-89.960523,21.186338424682617,2006.0,0.23483513295650482,45
c4_021,4,-89.9465103149414,21.185529708862305,2006.0,0.12479833513498306,45
c4_022,4,-89.957828,21.185529708862305,2006.0,0.11601495742797852,45
c4_023,4,-90.035705,21.144301,2006.0,0.5924017429351807,45
c4_024,4,-90.022501,21.156966,2006.0,0.16776318848133087,45
c4_025,4,-89.981002,21.165319,2006.0,0.23408469557762146,45
c4_026,4,-90.027621,21.162355422973633,2006.0,0.29242366552352905,45
c4_027,4,-89.949475,21.19415283203125,2006.0,0.11255848407745361,45
c4_028,4,-89.940852,21.201428,2006.0,0.5713238716125488,45
c4_029,4,-89.961601,21.190919,2006.0,0.7399625182151794,45
c4_030,4,-90.041364,21.151576,2006.0,0.8639673590660095,45
c4_031,4,-90.062382,21.153732299804688,2006.0,0.1656019687652588,45
c4_032,4,-89.944085,21.193883,2006.0,0.1705438494682312,45
c4_033,4,-89.981811,21.164511,2006.0,0.6228446960449219,45
c4_034,4,-89.940313,21.199811,2006.0,0.2021956890821457,45
c4_035,4,-90.072622,21.132714,2006.0,0.6885247230529785,45
c4_036,4,-89.942738,21.183643341064453,2006.0,0.2824295163154602,45
c4_037,4,-89.9742660522461,21.173673,2006.0,0.5144208669662476,45
c4_038,4,-89.966451,21.182565,2006.0,0.14341028034687042,45
c4_039,4,-90.014147,21.163972,2006.0,0.12390566617250443,45
c4_040,4,-89.944355,21.201428,2006.0,0.512791097164154,45
c4_041,4,-90.011183,21.148881912231445,2006.0,0.698508083820343,45
c4_042,4,-90.071814,21.131635665893555,2006.0,0.601776123046875,45
c4_043,4,-90.11438751220703,21.11061668395996,2006.0,0.7022973895072937,45
c4_044,4,-89.956481,21.189302444458008,2006.0,0.44233933091163635,45
c4_045,4,-90.036513,21.153732299804688,2006.0,0.4648643434047699,45
c4_046,4,-89.98235321044922,21.169092178344727,2006.0,0.5251075029373169,45
c4_047,4,-89.992859,21.172864,2006.0,0.026667939499020576,45
c4_048,4,-89.948127,21.191457748413086,2006.0,0.27425992488861084,45
c4_049,4,-90.1195068359375,21.108461380004883,2006.0,0.5906822681427002,45
c4_050,4,-90.094718,21.12301254272461,2006.0,0.5906150937080383,45
c5_045,5,-90.018998,21.166128158569336,2006.0,0.3272859752178192,45
c5_008,5,-90.034357,21.155618,2006.0,0.43691134452819824,45
c5_010,5,-89.957289,21.163703,2006.0,0.5322111248970032,45
c5_011,5,-90.004985,21.156696319580078,2006.0,0.6523920297622681,45
c5_012,5,-90.066424,21.154809951782227,2006.0,0.5813841819763184,45
c5_014,5,-90.006871,21.155887603759766,2006.0,0.20533734560012817,45
c5_016,5,-90.002829,21.15642738342285,2006.0,0.3886246085166931,45
c5_022,5,-90.044597,21.154809951782227,2006.0,0.20241783559322357,45
c5_024,5,-89.995284,21.15642738342285,2006.0,0.3246209919452667,45
c5_003,5,-90.056993,21.154541015625,2006.0,0.17658433318138123,45
c5_013,5,-90.020614,21.157235,2006.0,0.2449745535850525,45
c5_020,5,-90.027621,21.156966,2006.0,0.20419196784496307,45
c5_025,5,-90.03301239013672,21.15966033935547,2006.0,0.1331029236316681,45
c5_034,5,-90.012261,21.166397094726562,2006.0,0.23261240124702454,45
c5_040,5,-90.069658,21.154541015625,2006.0,0.40243270993232727,45
c5_041,5,-89.998787,21.156156539916992,2006.0,0.18045549094676971,45
c5_043,5,-90.113042,21.13729476928711,2006.0,0.41828641295433044,45
c5_002,5,-90.042172,21.156156539916992,2006.0,0.14353978633880615,45
c5_004,5,-90.034088,21.156966,2006.0,0.1694411188364029,45
c5_001,5,-89.996093,21.155887603759766,2006.0,0.6653489470481873,45
c5_006,5,-90.035435,21.154809951782227,2006.0,0.4647124707698822,45
c5_015,5,-89.942738,21.172864,2006.0,0.5792090892791748,45
c5_018,5,-90.0685806274414,21.152385,2006.0,0.3179875612258911,45
c5_026,5,-89.998248,21.172326,2006.0,0.1447737216949463,45
c5_033,5,-90.01980590820312,21.156966,2006.0,0.5875087976455688,45
c5_036,5,-90.041902,21.15750503540039,2006.0,0.3799775242805481,45
c5_039,5,-90.060496,21.15642738342285,2006.0,0.42533406615257263,45
c5_005,5,-90.041633,21.159929275512695,2006.0,0.45610758662223816,45
c5_009,5,-90.038938,21.154271,2006.0,0.7027724981307983,45
c5_019,5,-90.057262,21.155349,2006.0,0.2520899176597595,45
c5_021,5,-90.089598,21.148073196411133,2006.0,0.2681974172592163,45
c5_030,5,-90.071814,21.151845932006836,2006.0,0.47826087474823,45
c5_031,5,-90.003099,21.155618,2006.0,0.36866307258605957,45
c5_035,5,-90.095527,21.151845932006836,2006.0,0.28960368037223816,45
c5_037,5,-89.996632,21.160469,2006.0,0.7505771517753601,45
c5_023,5,-89.978038,21.180139541625977,2006.0,0.23341579735279083,45
c5_017,5,-90.040555,21.145917892456055,2006.0,0.4184257984161377,45
c5_027,5,-90.08879089355469,21.150768280029297,2006.0,0.6196927428245544,45
c5_047,5,-90.001213,21.154541015625,2006.0,0.7138850688934326,45
c5_048,5,-90.028429,21.156696319580078,2006.0,0.6265742778778076,45
c5_029,5,-90.090407,21.149421,2006.0,0.3018434941768646,45
c5_032,5,-90.079359,21.150768280029297,2006.0,0.28464123606681824,45
c5_038,5,-90.04082489013672,21.156966,2006.0,0.5189146399497986,45
c5_046,5,-90.067233,21.152114868164062,2006.0,0.37348949909210205,45
c5_028,5,-90.095527,21.150499,2006.0,0.5944585204124451,45
c5_044,5,-89.973188,21.183374404907227,2006.0,0.4024238586425781,45
c5_042,5,-90.08124542236328,21.149421,2006.0,0.3774740993976593,45
c5_007,5,-90.021962,21.143491744995117,2006.0,0.4382559657096863,45
c10_001,3,-90.028968,21.158313,2006.0,0.1372043341398239,45
c10_005,3,-89.954594,21.163972,2006.0,0.5686826109886169,45
c10_002,3,-90.033549,21.15858268737793,2006.0,0.15049289166927338,45
c10_003,3,-90.030046,21.158044,2006.0,0.11161569505929947,45
c10_004,3,-90.029507,21.157773971557617,2006.0,0.15948718786239624,45
c10_006,3,-90.03301239013672,21.159122467041016,2006.0,0.12226513028144836,45
c10_007,3,-90.03301239013672,21.158044,2006.0,0.13802053034305573,45
c10_009,3,-90.032741,21.15858268737793,2006.0,0.12518282234668732,45
c10_010,3,-90.030585,21.158044,2006.0,0.14294873178005219,45
c10_008,3,-89.95405578613281,21.163972,2006.0,0.5225961804389954,45
c1_051,1,-90.064538,21.118162155151367,2006.0,0.6664229035377502,45
c1_052,1,-90.05322265625,21.112234115600586,2006.0,0.6676461100578308,45
c1_053,1,-90.068041,21.142953,2006.0,0.7511806488037109,45
c1_054,1,-90.00040435791016,21.124359130859375,2006.0,0.7819976210594177,45
c1_055,1,-90.049178,21.1402587890625,2006.0,0.6799182295799255,45
c2_051,2,-90.111695,21.123821258544922,2006.0,0.7853509783744812,45
c2_052,2,-90.02277374267578,21.139720916748047,2006.0,0.6986794471740723,45
c2_053,2,-89.941929,21.138911,2006.0,0.8507423400878906,45
c2_054,2,-89.950013,21.130019,2006.0,0.8277333974838257,45
c2_055,2,-90.106306,21.128941,2006.0,0.78350430727005,45
c3_062,3,-90.086634,21.149690628051758,2006.0,0.14151564240455627,45
c3_051,3,-90.010914,21.144301,2006.0,0.8379364013671875,45
c3_055,3,-90.079359,21.150499,2006.0,0.22355005145072937,45
c3_058,3,-90.000943,21.171248,2006.0,0.28114771842956543,45
c3_052,3,-90.094179,21.114929,2006.0,0.7348499894142151,45
c3_059,3,-90.039208,21.1402587890625,2006.0,0.8242619037628174,45
c3_053,3,-90.013608,21.152114868164062,2006.0,0.8433954119682312,45
c3_060,3,-89.958906,21.12489891052246,2006.0,0.8881244659423828,45
c3_057,3,-90.058071,21.159929275512695,2006.0,0.6516833901405334,45
c3_061,3,-89.973457,21.138911,2006.0,0.7834668755531311,45
c3_064,3,-89.989625,21.149959564208984,2006.0,0.6953691244125366,45
c3_063,3,-90.030046,21.125707,2006.0,0.8190059661865234,45
c3_065,3,-89.972379,21.162086486816406,2006.0,0.8140122890472412,45
c3_054,3,-90.029237,21.101455,2006.0,0.7804299592971802,45
c3_056,3,-90.008758,21.114120483398438,2006.0,0.7285892367362976,45
c4_051,4,-89.958906,21.191997,2006.0,0.43109753727912903,45
c4_052,4,-89.957828,21.178254,2006.0,0.14207684993743896,45
c4_053,4,-89.994476,21.172864,2006.0,0.26272615790367126,45
c4_054,4,-89.994745,21.168822,2006.0,0.12553179264068604,45
c4_055,4,-90.0025634765625,21.169631,2006.0,0.0887104719877243,45
c1_001,1,-90.056184,21.12301254272461,2007.0,0.9713139533996582,40
c1_002,1,-89.984506,21.126246,2007.0,0.982936680316925,40
c1_003,1,-90.070197,21.140798,2007.0,0.856038510799408,40
c1_004,1,-90.057801,21.145648,2007.0,0.799741268157959,40
c1_005,1,-90.024926,21.145379,2007.0,0.6133317947387695,40
c1_006,1,-89.979386,21.130288,2007.0,0.7519961595535278,40
c1_007,1,-90.08636474609375,21.137025,2007.0,0.8611035943031311,40
c1_008,1,-89.952169,21.14322280883789,2007.0,0.8296577334403992,40
c1_009,1,-90.055106,21.138911,2007.0,0.740385890007019,40
c1_010,1,-89.945702,21.14322280883789,2007.0,0.8064938187599182,40
c1_011,1,-89.958098,21.149151,2007.0,0.8196201920509338,40
c1_012,1,-90.036783,21.117354,2007.0,0.8439164757728577,40
c1_013,1,-90.113042,21.085018157958984,2007.0,0.86651211977005,40
c1_014,1,-89.944085,21.154002,2007.0,0.857734203338623,40
c1_015,1,-90.065885,21.113581,2007.0,0.7001667022705078,40
c1_016,1,-90.064538,21.121126174926758,2007.0,0.7334059476852417,40
c1_017,1,-90.01280212402344,21.122474,2007.0,0.7995590567588806,40
c1_018,1,-90.013608,21.150499,2007.0,0.8740710020065308,40
c1_019,1,-90.075856,21.141876220703125,2007.0,0.8982203602790833,40
c1_020,1,-90.063729,21.119510650634766,2007.0,0.7698684334754944,40
c1_021,1,-90.112234,21.128671646118164,2007.0,0.8033934235572815,40
c1_022,1,-89.970224,21.131635665893555,2007.0,0.7448654770851135,40
c1_023,1,-90.049448,21.111425399780273,2007.0,0.8681538105010986,40
c1_024,1,-90.076933,21.135408401489258,2007.0,0.8673884272575378,40
c1_025,1,-90.09391021728516,21.143762,2007.0,0.9045765399932861,40
c1_026,1,-89.940852,21.145917892456055,2007.0,0.8121383786201477,40
c1_027,1,-89.945163,21.154002,2007.0,0.8386714458465576,40
c1_028,1,-90.098491,21.127324,2007.0,0.8278698921203613,40
c1_029,1,-90.003368,21.149421,2007.0,0.6978616714477539,40
c1_030,1,-89.972918,21.124629,2007.0,0.8540049195289612,40
c1_031,1,-90.003907,21.124359130859375,2007.0,0.8782623410224915,40
c1_032,1,-90.066694,21.0987606048584,2007.0,0.8438936471939087,40
c1_033,1,-89.994745,21.123552322387695,2007.0,0.75847989320755,40
c1_034,1,-90.08879089355469,21.142953,2007.0,0.8539213538169861,40
c1_035,1,-90.063191,21.110887,2007.0,0.8018553853034973,40
c1_036,1,-89.960523,21.137563705444336,2007.0,0.8379790186882019,40
c1_037,1,-90.094179,21.093371,2007.0,0.7999961376190186,40
c1_038,1,-90.0025634765625,21.122743,2007.0,0.8336259126663208,40
c1_039,1,-90.051334,21.132714,2007.0,0.6992033123970032,40
c1_040,1,-90.066694,21.13837242126465,2007.0,0.7961264252662659,40
c1_041,1,-90.116815,21.0882511138916,2007.0,0.8010854125022888,40
c1_042,1,-90.057801,21.148612,2007.0,0.8421763777732849,40
c1_043,1,-90.080706,21.141876220703125,2007.0,0.8116758465766907,40
c1_044,1,-89.947319,21.188493728637695,2007.0,0.7828494906425476,40
c1_045,1,-89.981811,21.124091,2007.0,0.8209928274154663,40
c1_046,1,-90.058879,21.128671646118164,2007.0,0.7295209765434265,40
c1_047,1,-90.075317,21.10361099243164,2007.0,0.9776138067245483,40
c1_048,1,-90.003638,21.150768280029297,2007.0,0.7573705911636353,40
c1_049,1,-90.026543,21.122743,2007.0,0.8966553211212158,40
c1_050,1,-90.108731,21.117623,2007.0,0.8338575959205627,40
c2_001,2,-89.960253,21.154002,2007.0,0.542948305606842,40
c2_002,2,-90.117623,21.133522033691406,2007.0,0.7934531569480896,40
c2_003,2,-90.07881927490234,21.09229278564453,2007.0,0.9888185858726501,40
c2_004,2,-89.978847,21.15022850036621,2007.0,0.7445327043533325,40
c2_005,2,-90.089329,21.09364128112793,2007.0,0.86522376537323,40
c2_006,2,-90.11412048339844,21.100377,2007.0,0.7371864914894104,40
c2_007,2,-90.106036,21.131635665893555,2007.0,0.8754358291625977,40
c2_008,2,-90.001213,21.145379,2007.0,0.7924247980117798,40
c2_009,2,-89.963217,21.183913,2007.0,0.7769623398780823,40
c2_010,2,-90.10226440429688,21.144301,2007.0,0.8256479501724243,40
c2_011,2,-89.958636,21.125438,2007.0,0.868513286113739,40
c2_012,2,-90.097413,21.149959564208984,2007.0,0.8713849186897278,40
c2_013,2,-90.100647,21.106845,2007.0,0.7796406149864197,40
c2_014,2,-90.04594421386719,21.111156463623047,2007.0,0.662582516670227,40
c2_015,2,-90.068849,21.102802276611328,2007.0,0.9585001468658447,40
c2_016,2,-90.118162,21.135947,2007.0,0.6808944344520569,40
c2_017,2,-89.96214294433594,21.120587,2007.0,0.8325121998786926,40
c2_018,2,-89.981541,21.148343,2007.0,0.6164224147796631,40
c2_019,2,-90.041364,21.101186,2007.0,0.8474705815315247,40
c2_020,2,-90.082592,21.10064697265625,2007.0,0.8660821914672852,40
c2_021,2,-89.945163,21.161008,2007.0,0.7437739372253418,40
c2_022,2,-90.01280212402344,21.118162155151367,2007.0,0.8396450877189636,40
c2_023,2,-89.94165802001953,21.17879295349121,2007.0,0.6770678758621216,40
c2_024,2,-89.940043,21.179332,2007.0,0.7333333492279053,40
c2_025,2,-89.942199,21.169092178344727,2007.0,0.7309146523475647,40
c2_026,2,-90.04837036132812,21.15858268737793,2007.0,0.7776117324829102,40
c2_027,2,-90.018189,21.155078887939453,2007.0,0.8262956738471985,40
c2_028,2,-90.018998,21.118701,2007.0,0.8134108185768127,40
c2_029,2,-89.960253,21.166936,2007.0,0.8641574382781982,40
c2_030,2,-90.08636474609375,21.13918113708496,2007.0,0.8408342599868774,40
c2_031,2,-90.006871,21.167745,2007.0,0.5962640047073364,40
c2_032,2,-89.9599838256836,21.15750503540039,2007.0,0.6400673389434814,40
c2_033,2,-90.052412,21.115737,2007.0,0.844205379486084,40
c2_034,2,-90.075586,21.099569,2007.0,0.8136796951293945,40
c2_035,2,-90.108731,21.095796,2007.0,0.7609211206436157,40
c2_036,2,-90.026543,21.155078887939453,2007.0,0.8624584078788757,40
c2_037,2,-90.006871,21.131097,2007.0,0.794115424156189,40
c2_038,2,-90.080167,21.099838256835938,2007.0,0.8680725693702698,40
c2_039,2,-89.947588,21.136486053466797,2007.0,0.9256264567375183,40
c2_040,2,-90.061304,21.10468864440918,2007.0,0.8524866700172424,40
c2_041,2,-90.075856,21.134868621826172,2007.0,0.841655969619751,40
c2_042,2,-89.99959564208984,21.12004852294922,2007.0,0.7606922388076782,40
c2_043,2,-90.101725,21.08043670654297,2007.0,0.8291018009185791,40
c2_044,2,-90.026004,21.113851,2007.0,0.9678965210914612,40
c2_045,2,-90.118162,21.129209518432617,2007.0,0.9029276371002197,40
c2_046,2,-89.94139099121094,21.172056198120117,2007.0,0.814351499080658,40
c2_047,2,-89.969685,21.1402587890625,2007.0,0.8373278379440308,40
c2_048,2,-90.1038818359375,21.095527,2007.0,0.7355175614356995,40
c2_049,2,-89.99231719970703,21.149690628051758,2007.0,0.7265335917472839,40
c2_050,2,-89.950822,21.121396,2007.0,0.8747153878211975,40
c3_045,3,-89.992859,21.161815643310547,2007.0,0.1771235316991806,40
c3_003,3,-90.034357,21.15858268737793,2007.0,0.11448486894369125,40
c3_026,3,-89.986931,21.149959564208984,2007.0,0.8784175515174866,40
c3_008,3,-90.084209,21.151576,2007.0,0.5742524266242981,40
c3_017,3,-89.970493,21.159929275512695,2007.0,0.728843092918396,40
c3_004,3,-89.982619,21.180679,2007.0,0.3802017867565155,40
c3_040,3,-89.9742660522461,21.185529708862305,2007.0,0.8723844289779663,40
c3_024,3,-89.97722625732422,21.183913,2007.0,0.6718772649765015,40
c3_013,3,-89.995823,21.13837242126465,2007.0,0.8701341152191162,40
c3_018,3,-90.062113,21.107114,2007.0,0.9759129285812378,40
c3_007,3,-90.088521,21.146995,2007.0,0.6280808448791504,40
c3_014,3,-89.951361,21.199003219604492,2007.0,0.0933084562420845,40
c3_042,3,-89.950283,21.199003219604492,2007.0,0.34284526109695435,40
c3_029,3,-90.000135,21.137563705444336,2007.0,0.7709237337112427,40
c3_005,3,-90.003638,21.111964,2007.0,0.853095531463623,40
c3_022,3,-90.005524,21.112503051757812,2007.0,0.8186585903167725,40
c3_002,3,-89.953786,21.197656,2007.0,0.7352131009101868,40
c3_015,3,-89.940852,21.162086486816406,2007.0,0.7397117018699646,40
c3_020,3,-90.016842,21.116006,2007.0,0.8687495589256287,40
c3_027,3,-89.982619,21.149421,2007.0,0.60843425989151,40
c3_030,3,-89.942738,21.1674747467041,2007.0,0.7123458385467529,40
c3_050,3,-89.941929,21.168553,2007.0,0.6999489068984985,40
c3_009,3,-89.986392,21.149959564208984,2007.0,0.8709216117858887,40
c3_033,3,-90.039208,21.102802276611328,2007.0,0.8191103339195251,40
c3_038,3,-89.976152,21.169361114501953,2007.0,0.6948533654212952,40
c3_023,3,-89.97183990478516,21.169361114501953,2007.0,0.7206330895423889,40
c3_032,3,-90.00040435791016,21.138642,2007.0,0.7069247961044312,40
c3_046,3,-89.994476,21.137832641601562,2007.0,0.6851537227630615,40
c3_025,3,-89.947049,21.157235,2007.0,0.7633780837059021,40
c3_028,3,-89.976421,21.165858,2007.0,0.8055610656738281,40
c3_036,3,-89.95189666748047,21.162894,2007.0,0.6905675530433655,40
c3_021,3,-90.007141,21.131635665893555,2007.0,0.7891313433647156,40
c3_035,3,-90.000943,21.144569396972656,2007.0,0.8017417192459106,40
c3_037,3,-89.97183990478516,21.162086486816406,2007.0,0.775941014289856,40
c3_039,3,-89.976691,21.168283462524414,2007.0,0.7098034620285034,40
c3_041,3,-89.973996,21.137563705444336,2007.0,0.7695547938346863,40
c3_034,3,-90.041364,21.1402587890625,2007.0,0.7498567700386047,40
c3_047,3,-90.028698,21.126246,2007.0,0.846340537071228,40
c3_048,3,-90.030315,21.124359130859375,2007.0,0.7772553563117981,40
c3_011,3,-90.035974,21.099299,2007.0,0.7783946990966797,40
c3_001,3,-90.080437,21.100377,2007.0,0.818524956703186,40
c3_006,3,-89.94677734375,21.202237,2007.0,0.7828132510185242,40
c3_019,3,-89.958367,21.172056198120117,2007.0,0.8666715621948242,40
c3_031,3,-90.00740814208984,21.113042,2007.0,0.8430128693580627,40
c3_010,3,-90.01252746582031,21.114659,2007.0,0.8331523537635803,40
c3_012,3,-90.00768280029297,21.114389419555664,2007.0,0.8231121897697449,40
c3_016,3,-90.045675,21.097951889038086,2007.0,0.7299000024795532,40
c3_043,3,-89.967259,21.189841,2007.0,0.8685325384140015,40
c3_044,3,-90.046214,21.097413,2007.0,0.8132262229919434,40
c3_049,3,-90.016033,21.116006,2007.0,0.8420858383178711,40
c4_001,4,-90.002021,21.168822,2007.0,0.39383646845817566,40
c4_002,4,-90.013878,21.166397094726562,2007.0,0.30417320132255554,40
c4_003,4,-90.040286,21.149421,2007.0,0.8120958805084229,40
c4_004,4,-89.94139099121094,21.181487,2007.0,0.6931271553039551,40
c4_005,4,-89.967529,21.183643341064453,2007.0,0.6997511386871338,40
c4_006,4,-89.943277,21.200620651245117,2007.0,0.7622907757759094,40
c4_007,4,-89.968068,21.171248,2007.0,0.6663573384284973,40
c4_008,4,-90.035705,21.15346336364746,2007.0,0.7346926927566528,40
c4_009,4,-89.967798,21.179332,2007.0,0.3783314824104309,40
c4_010,4,-89.949205,21.194961,2007.0,0.42647624015808105,40
c4_011,4,-89.943007,21.202506,2007.0,0.6734215617179871,40
c4_012,4,-89.945163,21.199811,2007.0,0.21600157022476196,40
c4_013,4,-89.972379,21.174481,2007.0,0.45222872495651245,40
c4_014,4,-90.041633,21.148612,2007.0,0.7174389958381653,40
c4_015,4,-89.960792,21.190380096435547,2007.0,0.3990500569343567,40
c4_016,4,-89.958098,21.184452056884766,2007.0,0.6117334961891174,40
c4_017,4,-90.074239,21.133790969848633,2007.0,0.8692216277122498,40
c4_018,4,-89.950822,21.1922664642334,2007.0,0.2832429111003876,40
c4_019,4,-89.996901,21.149959564208984,2007.0,0.7223474979400635,40
c4_020,4,-89.960523,21.186338424682617,2007.0,0.23495857417583466,40
c4_021,4,-89.9465103149414,21.185529708862305,2007.0,0.18007071316242218,40
c4_022,4,-89.957828,21.185529708862305,2007.0,0.22432298958301544,40
c4_023,4,-90.035705,21.144301,2007.0,0.5842804312705994,40
c4_024,4,-90.022501,21.156966,2007.0,0.13046489655971527,40
c4_025,4,-89.981002,21.165319,2007.0,0.6958151459693909,40
c4_026,4,-90.027621,21.162355422973633,2007.0,0.2699933350086212,40
c4_027,4,-89.949475,21.19415283203125,2007.0,0.1181856021285057,40
c4_028,4,-89.940852,21.201428,2007.0,0.7485225796699524,40
c4_029,4,-89.961601,21.190919,2007.0,0.8638409376144409,40
c4_030,4,-90.041364,21.151576,2007.0,0.8756906390190125,40
c4_031,4,-90.062382,21.153732299804688,2007.0,0.3503703773021698,40
c4_032,4,-89.944085,21.193883,2007.0,0.17033545672893524,40
c4_033,4,-89.981811,21.164511,2007.0,0.7578099966049194,40
c4_034,4,-89.940313,21.199811,2007.0,0.22747042775154114,40
c4_035,4,-90.072622,21.132714,2007.0,0.8451851606369019,40
c4_036,4,-89.942738,21.183643341064453,2007.0,0.5163322687149048,40
c4_037,4,-89.9742660522461,21.173673,2007.0,0.8030151128768921,40
c4_038,4,-89.966451,21.182565,2007.0,0.5745401978492737,40
c4_039,4,-90.014147,21.163972,2007.0,0.048522088676691055,40
c4_040,4,-89.944355,21.201428,2007.0,0.630626380443573,40
c4_041,4,-90.011183,21.148881912231445,2007.0,0.709250271320343,40
c4_042,4,-90.071814,21.131635665893555,2007.0,0.7294946312904358,40
c4_043,4,-90.11438751220703,21.11061668395996,2007.0,0.7379433512687683,40
c4_044,4,-89.956481,21.189302444458008,2007.0,0.6988378763198853,40
c4_045,4,-90.036513,21.153732299804688,2007.0,0.5569024085998535,40
c4_046,4,-89.98235321044922,21.169092178344727,2007.0,0.7344005703926086,40
c4_047,4,-89.992859,21.172864,2007.0,0.19247275590896606,40
c4_048,4,-89.948127,21.191457748413086,2007.0,0.3034232556819916,40
c4_049,4,-90.1195068359375,21.108461380004883,2007.0,0.6943418979644775,40
c4_050,4,-90.094718,21.12301254272461,2007.0,0.6306499242782593,40
c5_045,5,-90.018998,21.166128158569336,2007.0,0.44271716475486755,40
c5_008,5,-90.034357,21.155618,2007.0,0.5459872484207153,40
c5_010,5,-89.957289,21.163703,2007.0,0.6327493190765381,40
c5_011,5,-90.004985,21.156696319580078,2007.0,0.7274267673492432,40
c5_012,5,-90.066424,21.154809951782227,2007.0,0.6016116142272949,40
c5_014,5,-90.006871,21.155887603759766,2007.0,0.2827993631362915,40
c5_016,5,-90.002829,21.15642738342285,2007.0,0.5749377608299255,40
c5_022,5,-90.044597,21.154809951782227,2007.0,0.43043771386146545,40
c5_024,5,-89.995284,21.15642738342285,2007.0,0.32435840368270874,40
c5_003,5,-90.056993,21.154541015625,2007.0,0.5527608394622803,40
c5_013,5,-90.020614,21.157235,2007.0,0.23993489146232605,40
c5_020,5,-90.027621,21.156966,2007.0,0.24785608053207397,40
c5_025,5,-90.03301239013672,21.15966033935547,2007.0,0.041758205741643906,40
c5_034,5,-90.012261,21.166397094726562,2007.0,0.430050790309906,40
c5_040,5,-90.069658,21.154541015625,2007.0,0.47445788979530334,40
c5_041,5,-89.998787,21.156156539916992,2007.0,0.15231549739837646,40
c5_043,5,-90.113042,21.13729476928711,2007.0,0.6198667883872986,40
c5_002,5,-90.042172,21.156156539916992,2007.0,0.3123380243778229,40
c5_004,5,-90.034088,21.156966,2007.0,0.3291195333003998,40
c5_001,5,-89.996093,21.155887603759766,2007.0,0.7105036973953247,40
c5_006,5,-90.035435,21.154809951782227,2007.0,0.568216860294342,40
c5_015,5,-89.942738,21.172864,2007.0,0.5737873911857605,40
c5_018,5,-90.0685806274414,21.152385,2007.0,0.1479150503873825,40
c5_026,5,-89.998248,21.172326,2007.0,0.17996005713939667,40
c5_033,5,-90.01980590820312,21.156966,2007.0,0.7124171853065491,40
c5_036,5,-90.041902,21.15750503540039,2007.0,0.6605256199836731,40
c5_039,5,-90.060496,21.15642738342285,2007.0,0.7050716876983643,40
c5_005,5,-90.041633,21.159929275512695,2007.0,0.667823851108551,40
c5_009,5,-90.038938,21.154271,2007.0,0.8380213379859924,40
c5_019,5,-90.057262,21.155349,2007.0,0.3936498761177063,40
c5_021,5,-90.089598,21.148073196411133,2007.0,0.6213462352752686,40
c5_030,5,-90.071814,21.151845932006836,2007.0,0.5020700693130493,40
c5_031,5,-90.003099,21.155618,2007.0,0.5618658661842346,40
c5_035,5,-90.095527,21.151845932006836,2007.0,0.6204066872596741,40
c5_037,5,-89.996632,21.160469,2007.0,0.8160649538040161,40
c5_023,5,-89.978038,21.180139541625977,2007.0,0.5121476054191589,40
c5_017,5,-90.040555,21.145917892456055,2007.0,0.4989565908908844,40
c5_027,5,-90.08879089355469,21.150768280029297,2007.0,0.7093325257301331,40
c5_047,5,-90.001213,21.154541015625,2007.0,0.7800102233886719,40
c5_048,5,-90.028429,21.156696319580078,2007.0,0.7857069969177246,40
c5_029,5,-90.090407,21.149421,2007.0,0.51463782787323,40
c5_032,5,-90.079359,21.150768280029297,2007.0,0.518610417842865,40
c5_038,5,-90.04082489013672,21.156966,2007.0,0.6922636032104492,40
c5_046,5,-90.067233,21.152114868164062,2007.0,0.45594272017478943,40
c5_028,5,-90.095527,21.150499,2007.0,0.6539995670318604,40
c5_044,5,-89.973188,21.183374404907227,2007.0,0.5005688071250916,40
c5_042,5,-90.08124542236328,21.149421,2007.0,0.5933817028999329,40
c5_007,5,-90.021962,21.143491744995117,2007.0,0.4491461217403412,40
c10_001,3,-90.028968,21.158313,2007.0,0.10517000406980515,40
c10_005,3,-89.954594,21.163972,2007.0,0.5956027507781982,40
c10_002,3,-90.033549,21.15858268737793,2007.0,0.07327605783939362,40
c10_003,3,-90.030046,21.158044,2007.0,0.1045595034956932,40
c10_004,3,-90.029507,21.157773971557617,2007.0,0.176496684551239,40
c10_006,3,-90.03301239013672,21.159122467041016,2007.0,0.05443938076496124,40
c10_007,3,-90.03301239013672,21.158044,2007.0,0.09522201865911484,40
c10_009,3,-90.032741,21.15858268737793,2007.0,0.06591036170721054,40
c10_010,3,-90.030585,21.158044,2007.0,0.08084937930107117,40
c10_008,3,-89.95405578613281,21.163972,2007.0,0.5552313923835754,40
c1_051,1,-90.064538,21.118162155151367,2007.0,0.8036181330680847,40
c1_052,1,-90.05322265625,21.112234115600586,2007.0,0.7940415143966675,40
c1_053,1,-90.068041,21.142953,2007.0,0.8310333490371704,40
c1_054,1,-90.00040435791016,21.124359130859375,2007.0,0.7581747174263,40
c1_055,1,-90.049178,21.1402587890625,2007.0,0.7397817373275757,40
c2_051,2,-90.111695,21.123821258544922,2007.0,0.8750035166740417,40
c2_052,2,-90.02277374267578,21.139720916748047,2007.0,0.727633535861969,40
c2_053,2,-89.941929,21.138911,2007.0,0.8469718098640442,40
c2_054,2,-89.950013,21.130019,2007.0,0.902610719203949,40
c2_055,2,-90.106306,21.128941,2007.0,0.8248800039291382,40
c3_062,3,-90.086634,21.149690628051758,2007.0,0.32216665148735046,40
c3_051,3,-90.010914,21.144301,2007.0,0.8869856595993042,40
c3_055,3,-90.079359,21.150499,2007.0,0.3057118356227875,40
c3_058,3,-90.000943,21.171248,2007.0,0.37486696243286133,40
c3_052,3,-90.094179,21.114929,2007.0,0.7218137979507446,40
c3_059,3,-90.039208,21.1402587890625,2007.0,0.8680779933929443,40
c3_053,3,-90.013608,21.152114868164062,2007.0,0.8900957703590393,40
c3_060,3,-89.958906,21.12489891052246,2007.0,0.9382320046424866,40
c3_057,3,-90.058071,21.159929275512695,2007.0,0.7737715244293213,40
c3_061,3,-89.973457,21.138911,2007.0,0.7793040871620178,40
c3_064,3,-89.989625,21.149959564208984,2007.0,0.787384569644928,40
c3_063,3,-90.030046,21.125707,2007.0,0.8200013041496277,40
c3_065,3,-89.972379,21.162086486816406,2007.0,0.8172301054000854,40
c3_054,3,-90.029237,21.101455,2007.0,0.9677258729934692,40
c3_056,3,-90.008758,21.114120483398438,2007.0,0.815492570400238,40
c4_051,4,-89.958906,21.191997,2007.0,0.46225160360336304,40
c4_052,4,-89.957828,21.178254,2007.0,0.5159898996353149,40
c4_053,4,-89.994476,21.172864,2007.0,0.5001928210258484,40
c4_054,4,-89.994745,21.168822,2007.0,0.5795695185661316,40
c4_055,4,-90.0025634765625,21.169631,2007.0,0.22579288482666016,40
c1_001,1,-90.056184,21.12301254272461,2008.0,0.8259755373001099,42
c1_002,1,-89.984506,21.126246,2008.0,0.8346928358078003,42
c1_003,1,-90.070197,21.140798,2008.0,0.8513325452804565,42
c1_004,1,-90.057801,21.145648,2008.0,0.8301300406455994,42
c1_005,1,-90.024926,21.145379,2008.0,0.6731347441673279,42
c1_006,1,-89.979386,21.130288,2008.0,0.760105550289154,42
c1_007,1,-90.08636474609375,21.137025,2008.0,0.8125825524330139,42
c1_008,1,-89.952169,21.14322280883789,2008.0,0.7885095477104187,42
c1_009,1,-90.055106,21.138911,2008.0,0.734715461730957,42
c1_010,1,-89.945702,21.14322280883789,2008.0,0.8113564848899841,42
c1_011,1,-89.958098,21.149151,2008.0,0.7929887771606445,42
c1_012,1,-90.036783,21.117354,2008.0,0.8624270558357239,42
c1_013,1,-90.113042,21.085018157958984,2008.0,0.8591318726539612,42
c1_014,1,-89.944085,21.154002,2008.0,0.882630467414856,42
c1_015,1,-90.065885,21.113581,2008.0,0.7367246747016907,42
c1_016,1,-90.064538,21.121126174926758,2008.0,0.7482243180274963,42
c1_017,1,-90.01280212402344,21.122474,2008.0,0.9044080972671509,42
c1_018,1,-90.013608,21.150499,2008.0,0.8456752300262451,42
c1_019,1,-90.075856,21.141876220703125,2008.0,0.9674436450004578,42
c1_020,1,-90.063729,21.119510650634766,2008.0,0.7806433439254761,42
c1_021,1,-90.112234,21.128671646118164,2008.0,0.7629460096359253,42
c1_022,1,-89.970224,21.131635665893555,2008.0,0.7274800539016724,42
c1_023,1,-90.049448,21.111425399780273,2008.0,0.7605007886886597,42
c1_024,1,-90.076933,21.135408401489258,2008.0,0.8632116913795471,42
c1_025,1,-90.09391021728516,21.143762,2008.0,0.8897759914398193,42
c1_026,1,-89.940852,21.145917892456055,2008.0,0.8647506237030029,42
c1_027,1,-89.945163,21.154002,2008.0,0.868137001991272,42
c1_028,1,-90.098491,21.127324,2008.0,0.8154918551445007,42
c1_029,1,-90.003368,21.149421,2008.0,0.6431155800819397,42
c1_030,1,-89.972918,21.124629,2008.0,0.8238877058029175,42
c1_031,1,-90.003907,21.124359130859375,2008.0,0.8238537907600403,42
c1_032,1,-90.066694,21.0987606048584,2008.0,0.8330221176147461,42
c1_033,1,-89.994745,21.123552322387695,2008.0,0.7583353519439697,42
c1_034,1,-90.08879089355469,21.142953,2008.0,0.9032646417617798,42
c1_035,1,-90.063191,21.110887,2008.0,0.78682541847229,42
c1_036,1,-89.960523,21.137563705444336,2008.0,0.8230339884757996,42
c1_037,1,-90.094179,21.093371,2008.0,0.8337007164955139,42
c1_038,1,-90.0025634765625,21.122743,2008.0,0.7729109525680542,42
c1_039,1,-90.051334,21.132714,2008.0,0.8856868743896484,42
c1_040,1,-90.066694,21.13837242126465,2008.0,0.8378210067749023,42
c1_041,1,-90.116815,21.0882511138916,2008.0,0.8253319263458252,42
c1_042,1,-90.057801,21.148612,2008.0,0.8259121179580688,42
c1_043,1,-90.080706,21.141876220703125,2008.0,0.8503451943397522,42
c1_044,1,-89.947319,21.188493728637695,2008.0,0.7472783923149109,42
c1_045,1,-89.981811,21.124091,2008.0,0.8616582751274109,42
c1_046,1,-90.058879,21.128671646118164,2008.0,0.762855589389801,42
c1_047,1,-90.075317,21.10361099243164,2008.0,0.8315075039863586,42
c1_048,1,-90.003638,21.150768280029297,2008.0,0.7719742059707642,42
c1_049,1,-90.026543,21.122743,2008.0,0.8343300223350525,42
c1_050,1,-90.108731,21.117623,2008.0,0.8634299635887146,42
c2_001,2,-89.960253,21.154002,2008.0,0.7141363024711609,42
c2_002,2,-90.117623,21.133522033691406,2008.0,0.7144984006881714,42
c2_003,2,-90.07881927490234,21.09229278564453,2008.0,0.8351613879203796,42
c2_004,2,-89.978847,21.15022850036621,2008.0,0.7338944673538208,42
c2_005,2,-90.089329,21.09364128112793,2008.0,0.8915000557899475,42
c2_006,2,-90.11412048339844,21.100377,2008.0,0.8805450201034546,42
c2_007,2,-90.106036,21.131635665893555,2008.0,0.8395383358001709,42
c2_008,2,-90.001213,21.145379,2008.0,0.7988937497138977,42
c2_009,2,-89.963217,21.183913,2008.0,0.7736027836799622,42
c2_010,2,-90.10226440429688,21.144301,2008.0,0.8117445111274719,42
c2_011,2,-89.958636,21.125438,2008.0,0.8435357213020325,42
c2_012,2,-90.097413,21.149959564208984,2008.0,0.8876799941062927,42
c2_013,2,-90.100647,21.106845,2008.0,0.7700706720352173,42
c2_014,2,-90.04594421386719,21.111156463623047,2008.0,0.7089959383010864,42
c2_015,2,-90.068849,21.102802276611328,2008.0,0.9369145631790161,42
c2_016,2,-90.118162,21.135947,2008.0,0.6857521533966064,42
c2_017,2,-89.96214294433594,21.120587,2008.0,0.8622666001319885,42
c2_018,2,-89.981541,21.148343,2008.0,0.6183684468269348,42
c2_019,2,-90.041364,21.101186,2008.0,0.8639340996742249,42
c2_020,2,-90.082592,21.10064697265625,2008.0,0.8574954271316528,42
c2_021,2,-89.945163,21.161008,2008.0,0.7079389691352844,42
c2_022,2,-90.01280212402344,21.118162155151367,2008.0,0.8953949809074402,42
c2_023,2,-89.94165802001953,21.17879295349121,2008.0,0.652033805847168,42
c2_024,2,-89.940043,21.179332,2008.0,0.6707058548927307,42
c2_025,2,-89.942199,21.169092178344727,2008.0,0.7455703020095825,42
c2_026,2,-90.04837036132812,21.15858268737793,2008.0,0.9552521705627441,42
c2_027,2,-90.018189,21.155078887939453,2008.0,0.8028011322021484,42
c2_028,2,-90.018998,21.118701,2008.0,0.7254480123519897,42
c2_029,2,-89.960253,21.166936,2008.0,0.8981387615203857,42
c2_030,2,-90.08636474609375,21.13918113708496,2008.0,0.8529373407363892,42
c2_031,2,-90.006871,21.167745,2008.0,0.5438873767852783,42
c2_032,2,-89.9599838256836,21.15750503540039,2008.0,0.6289715766906738,42
c2_033,2,-90.052412,21.115737,2008.0,0.8360283374786377,42
c2_034,2,-90.075586,21.099569,2008.0,0.7655004262924194,42
c2_035,2,-90.108731,21.095796,2008.0,0.7826099395751953,42
c2_036,2,-90.026543,21.155078887939453,2008.0,0.8389220833778381,42
c2_037,2,-90.006871,21.131097,2008.0,0.8075920343399048,42
c2_038,2,-90.080167,21.099838256835938,2008.0,0.8487568497657776,42
c2_039,2,-89.947588,21.136486053466797,2008.0,0.8546345829963684,42
c2_040,2,-90.061304,21.10468864440918,2008.0,0.8360089659690857,42
c2_041,2,-90.075856,21.134868621826172,2008.0,0.8303117752075195,42
c2_042,2,-89.99959564208984,21.12004852294922,2008.0,0.83746737241745,42
c2_043,2,-90.101725,21.08043670654297,2008.0,0.8988807201385498,42
c2_044,2,-90.026004,21.113851,2008.0,0.8295727372169495,42
c2_045,2,-90.118162,21.129209518432617,2008.0,0.83656245470047,42
c2_046,2,-89.94139099121094,21.172056198120117,2008.0,0.8201645016670227,42
c2_047,2,-89.969685,21.1402587890625,2008.0,0.8240312337875366,42
c2_048,2,-90.1038818359375,21.095527,2008.0,0.7415479421615601,42
c2_049,2,-89.99231719970703,21.149690628051758,2008.0,0.7552636861801147,42
c2_050,2,-89.950822,21.121396,2008.0,0.8385806679725647,42
c3_045,3,-89.992859,21.161815643310547,2008.0,0.20120707154273987,42
c3_003,3,-90.034357,21.15858268737793,2008.0,0.12534195184707642,42
c3_026,3,-89.986931,21.149959564208984,2008.0,0.8799144625663757,42
c3_008,3,-90.084209,21.151576,2008.0,0.3488180339336395,42
c3_017,3,-89.970493,21.159929275512695,2008.0,0.6796417236328125,42
c3_004,3,-89.982619,21.180679,2008.0,0.33491674065589905,42
c3_040,3,-89.9742660522461,21.185529708862305,2008.0,0.8612082004547119,42
c3_024,3,-89.97722625732422,21.183913,2008.0,0.6796673536300659,42
c3_013,3,-89.995823,21.13837242126465,2008.0,0.8320654034614563,42
c3_018,3,-90.062113,21.107114,2008.0,0.9018523693084717,42
c3_007,3,-90.088521,21.146995,2008.0,0.7108473777770996,42
c3_014,3,-89.951361,21.199003219604492,2008.0,0.0679858848452568,42
c3_042,3,-89.950283,21.199003219604492,2008.0,0.3034968078136444,42
c3_029,3,-90.000135,21.137563705444336,2008.0,0.7853603363037109,42
c3_005,3,-90.003638,21.111964,2008.0,0.8069825172424316,42
c3_022,3,-90.005524,21.112503051757812,2008.0,0.7853612303733826,42
c3_002,3,-89.953786,21.197656,2008.0,0.7088858485221863,42
c3_015,3,-89.940852,21.162086486816406,2008.0,0.7394615411758423,42
c3_020,3,-90.016842,21.116006,2008.0,0.8777245283126831,42
c3_027,3,-89.982619,21.149421,2008.0,0.6183684468269348,42
c3_030,3,-89.942738,21.1674747467041,2008.0,0.6561062932014465,42
c3_050,3,-89.941929,21.168553,2008.0,0.5586721301078796,42
c3_009,3,-89.986392,21.149959564208984,2008.0,0.8917736411094666,42
c3_033,3,-90.039208,21.102802276611328,2008.0,0.7993651628494263,42
c3_038,3,-89.976152,21.169361114501953,2008.0,0.6982693076133728,42
c3_023,3,-89.97183990478516,21.169361114501953,2008.0,0.7181077003479004,42
c3_032,3,-90.00040435791016,21.138642,2008.0,0.6713391542434692,42
c3_046,3,-89.994476,21.137832641601562,2008.0,0.6496402025222778,42
c3_025,3,-89.947049,21.157235,2008.0,0.7672280073165894,42
c3_028,3,-89.976421,21.165858,2008.0,0.7840248942375183,42
c3_036,3,-89.95189666748047,21.162894,2008.0,0.6795225739479065,42
c3_021,3,-90.007141,21.131635665893555,2008.0,0.806219220161438,42
c3_035,3,-90.000943,21.144569396972656,2008.0,0.7529014348983765,42
c3_037,3,-89.97183990478516,21.162086486816406,2008.0,0.8114221096038818,42
c3_039,3,-89.976691,21.168283462524414,2008.0,0.6732078194618225,42
c3_041,3,-89.973996,21.137563705444336,2008.0,0.7083777189254761,42
c3_034,3,-90.041364,21.1402587890625,2008.0,0.7468443512916565,42
c3_047,3,-90.028698,21.126246,2008.0,0.8402278423309326,42
c3_048,3,-90.030315,21.124359130859375,2008.0,0.7837374806404114,42
c3_011,3,-90.035974,21.099299,2008.0,0.7877926230430603,42
c3_001,3,-90.080437,21.100377,2008.0,0.8198166489601135,42
c3_006,3,-89.94677734375,21.202237,2008.0,0.8208954930305481,42
c3_019,3,-89.958367,21.172056198120117,2008.0,0.8979166746139526,42
c3_031,3,-90.00740814208984,21.113042,2008.0,0.8134114742279053,42
c3_010,3,-90.01252746582031,21.114659,2008.0,0.8201321363449097,42
c3_012,3,-90.00768280029297,21.114389419555664,2008.0,0.7828671932220459,42
c3_016,3,-90.045675,21.097951889038086,2008.0,0.7621136903762817,42
c3_043,3,-89.967259,21.189841,2008.0,0.8556420207023621,42
c3_044,3,-90.046214,21.097413,2008.0,0.8000744581222534,42
c3_049,3,-90.016033,21.116006,2008.0,0.8107575178146362,42
c4_001,4,-90.002021,21.168822,2008.0,0.25518888235092163,42
c4_002,4,-90.013878,21.166397094726562,2008.0,0.2974914014339447,42
c4_003,4,-90.040286,21.149421,2008.0,0.8144172430038452,42
c4_004,4,-89.94139099121094,21.181487,2008.0,0.6437952518463135,42
c4_005,4,-89.967529,21.183643341064453,2008.0,0.7073832750320435,42
c4_006,4,-89.943277,21.200620651245117,2008.0,0.7518222332000732,42
c4_007,4,-89.968068,21.171248,2008.0,0.6735028624534607,42
c4_008,4,-90.035705,21.15346336364746,2008.0,0.7667945623397827,42
c4_009,4,-89.967798,21.179332,2008.0,0.26633667945861816,42
c4_010,4,-89.949205,21.194961,2008.0,0.19239462912082672,42
c4_011,4,-89.943007,21.202506,2008.0,0.5066988468170166,42
c4_012,4,-89.945163,21.199811,2008.0,0.11451081931591034,42
c4_013,4,-89.972379,21.174481,2008.0,0.2697383761405945,42
c4_014,4,-90.041633,21.148612,2008.0,0.6189380884170532,42
c4_015,4,-89.960792,21.190380096435547,2008.0,0.3545542061328888,42
c4_016,4,-89.958098,21.184452056884766,2008.0,0.5034806728363037,42
c4_017,4,-90.074239,21.133790969848633,2008.0,0.8044587969779968,42
c4_018,4,-89.950822,21.1922664642334,2008.0,0.25364160537719727,42
c4_019,4,-89.996901,21.149959564208984,2008.0,0.7501686811447144,42
c4_020,4,-89.960523,21.186338424682617,2008.0,0.22169937193393707,42
c4_021,4,-89.9465103149414,21.185529708862305,2008.0,0.08270572870969772,42
c4_022,4,-89.957828,21.185529708862305,2008.0,0.3797408938407898,42
c4_023,4,-90.035705,21.144301,2008.0,0.5686443448066711,42
c4_024,4,-90.022501,21.156966,2008.0,0.1697555035352707,42
c4_025,4,-89.981002,21.165319,2008.0,0.5611333847045898,42
c4_026,4,-90.027621,21.162355422973633,2008.0,0.3228016197681427,42
c4_027,4,-89.949475,21.19415283203125,2008.0,0.08854249864816666,42
c4_028,4,-89.940852,21.201428,2008.0,0.7410526275634766,42
c4_029,4,-89.961601,21.190919,2008.0,0.8528414368629456,42
c4_030,4,-90.041364,21.151576,2008.0,0.9164554476737976,42
c4_031,4,-90.062382,21.153732299804688,2008.0,0.35096433758735657,42
c4_032,4,-89.944085,21.193883,2008.0,0.1664675623178482,42
c4_033,4,-89.981811,21.164511,2008.0,0.7192866802215576,42
c4_034,4,-89.940313,21.199811,2008.0,0.24964775145053864,42
c4_035,4,-90.072622,21.132714,2008.0,0.7780212759971619,42
c4_036,4,-89.942738,21.183643341064453,2008.0,0.5024208426475525,42
c4_037,4,-89.9742660522461,21.173673,2008.0,0.753124475479126,42
c4_038,4,-89.966451,21.182565,2008.0,0.1599406599998474,42
c4_039,4,-90.014147,21.163972,2008.0,0.10972122102975845,42
c4_040,4,-89.944355,21.201428,2008.0,0.5672087073326111,42
c4_041,4,-90.011183,21.148881912231445,2008.0,0.6536369919776917,42
c4_042,4,-90.071814,21.131635665893555,2008.0,0.7129330635070801,42
c4_043,4,-90.11438751220703,21.11061668395996,2008.0,0.7911595702171326,42
c4_044,4,-89.956481,21.189302444458008,2008.0,0.7650125622749329,42
c4_045,4,-90.036513,21.153732299804688,2008.0,0.5313518643379211,42
c4_046,4,-89.98235321044922,21.169092178344727,2008.0,0.6936783194541931,42
c4_047,4,-89.992859,21.172864,2008.0,0.20262578129768372,42
c4_048,4,-89.948127,21.191457748413086,2008.0,0.4338774085044861,42
c4_049,4,-90.1195068359375,21.108461380004883,2008.0,0.6091212630271912,42
c4_050,4,-90.094718,21.12301254272461,2008.0,0.6148732304573059,42
c5_045,5,-90.018998,21.166128158569336,2008.0,0.4243624806404114,42
c5_008,5,-90.034357,21.155618,2008.0,0.5360713005065918,42
c5_010,5,-89.957289,21.163703,2008.0,0.6074120998382568,42
c5_011,5,-90.004985,21.156696319580078,2008.0,0.7431401610374451,42
c5_012,5,-90.066424,21.154809951782227,2008.0,0.6054620742797852,42
c5_014,5,-90.006871,21.155887603759766,2008.0,0.3443138301372528,42
c5_016,5,-90.002829,21.15642738342285,2008.0,0.6034924983978271,42
c5_022,5,-90.044597,21.154809951782227,2008.0,0.4496930241584778,42
c5_024,5,-89.995284,21.15642738342285,2008.0,0.44848954677581787,42
c5_003,5,-90.056993,21.154541015625,2008.0,0.5983352661132812,42
c5_013,5,-90.020614,21.157235,2008.0,0.23332348465919495,42
c5_020,5,-90.027621,21.156966,2008.0,0.341180682182312,42
c5_025,5,-90.03301239013672,21.15966033935547,2008.0,0.033977676182985306,42
c5_034,5,-90.012261,21.166397094726562,2008.0,0.49332764744758606,42
c5_040,5,-90.069658,21.154541015625,2008.0,0.5051632523536682,42
c5_041,5,-89.998787,21.156156539916992,2008.0,0.25223442912101746,42
c5_043,5,-90.113042,21.13729476928711,2008.0,0.6869763731956482,42
c5_002,5,-90.042172,21.156156539916992,2008.0,0.26858434081077576,42
c5_004,5,-90.034088,21.156966,2008.0,0.3572692275047302,42
c5_001,5,-89.996093,21.155887603759766,2008.0,0.7089247107505798,42
c5_006,5,-90.035435,21.154809951782227,2008.0,0.5482429265975952,42
c5_015,5,-89.942738,21.172864,2008.0,0.5893418788909912,42
c5_018,5,-90.0685806274414,21.152385,2008.0,0.2781999409198761,42
c5_026,5,-89.998248,21.172326,2008.0,0.2132585644721985,42
c5_033,5,-90.01980590820312,21.156966,2008.0,0.7027807831764221,42
c5_036,5,-90.041902,21.15750503540039,2008.0,0.6568283438682556,42
c5_039,5,-90.060496,21.15642738342285,2008.0,0.6540770530700684,42
c5_005,5,-90.041633,21.159929275512695,2008.0,0.6681850552558899,42
c5_009,5,-90.038938,21.154271,2008.0,0.8385517597198486,42
c5_019,5,-90.057262,21.155349,2008.0,0.5536001920700073,42
c5_021,5,-90.089598,21.148073196411133,2008.0,0.3599611818790436,42
c5_030,5,-90.071814,21.151845932006836,2008.0,0.8126686215400696,42
c5_031,5,-90.003099,21.155618,2008.0,0.5335069894790649,42
c5_035,5,-90.095527,21.151845932006836,2008.0,0.6152948141098022,42
c5_037,5,-89.996632,21.160469,2008.0,0.827052116394043,42
c5_023,5,-89.978038,21.180139541625977,2008.0,0.46491771936416626,42
c5_017,5,-90.040555,21.145917892456055,2008.0,0.4939071238040924,42
c5_027,5,-90.08879089355469,21.150768280029297,2008.0,0.712451696395874,42
c5_047,5,-90.001213,21.154541015625,2008.0,0.7731070518493652,42
c5_048,5,-90.028429,21.156696319580078,2008.0,0.7134909629821777,42
c5_029,5,-90.090407,21.149421,2008.0,0.689331591129303,42
c5_032,5,-90.079359,21.150768280029297,2008.0,0.39300090074539185,42
c5_038,5,-90.04082489013672,21.156966,2008.0,0.644469141960144,42
c5_046,5,-90.067233,21.152114868164062,2008.0,0.5963768362998962,42
c5_028,5,-90.095527,21.150499,2008.0,0.768661379814148,42
c5_044,5,-89.973188,21.183374404907227,2008.0,0.4495578110218048,42
c5_042,5,-90.08124542236328,21.149421,2008.0,0.5130055546760559,42
c5_007,5,-90.021962,21.143491744995117,2008.0,0.46597129106521606,42
c10_001,3,-90.028968,21.158313,2008.0,0.07027053087949753,42
c10_005,3,-89.954594,21.163972,2008.0,0.6289729475975037,42
c10_002,3,-90.033549,21.15858268737793,2008.0,0.08034256845712662,42
c10_003,3,-90.030046,21.158044,2008.0,0.17637288570404053,42
c10_004,3,-90.029507,21.157773971557617,2008.0,0.16796427965164185,42
c10_006,3,-90.03301239013672,21.159122467041016,2008.0,0.1065402403473854,42
c10_007,3,-90.03301239013672,21.158044,2008.0,0.11706563830375671,42
c10_009,3,-90.032741,21.15858268737793,2008.0,0.09658588469028473,42
c10_010,3,-90.030585,21.158044,2008.0,0.10002057254314423,42
c10_008,3,-89.95405578613281,21.163972,2008.0,0.5457221865653992,42
c1_051,1,-90.064538,21.118162155151367,2008.0,0.7096773982048035,42
c1_052,1,-90.05322265625,21.112234115600586,2008.0,0.804357647895813,42
c1_053,1,-90.068041,21.142953,2008.0,0.7857065796852112,42
c1_054,1,-90.00040435791016,21.124359130859375,2008.0,0.7848322987556458,42
c1_055,1,-90.049178,21.1402587890625,2008.0,0.7686207294464111,42
c2_051,2,-90.111695,21.123821258544922,2008.0,0.7582663297653198,42
c2_052,2,-90.02277374267578,21.139720916748047,2008.0,0.7524845004081726,42
c2_053,2,-89.941929,21.138911,2008.0,0.8555800318717957,42
c2_054,2,-89.950013,21.130019,2008.0,0.8409107327461243,42
c2_055,2,-90.106306,21.128941,2008.0,0.7857263684272766,42
c3_062,3,-90.086634,21.149690628051758,2008.0,0.28584569692611694,42
c3_051,3,-90.010914,21.144301,2008.0,0.8380225896835327,42
c3_055,3,-90.079359,21.150499,2008.0,0.39300090074539185,42
c3_058,3,-90.000943,21.171248,2008.0,0.36902907490730286,42
c3_052,3,-90.094179,21.114929,2008.0,0.745345413684845,42
c3_059,3,-90.039208,21.1402587890625,2008.0,0.801906168460846,42
c3_053,3,-90.013608,21.152114868164062,2008.0,0.9271233677864075,42
c3_060,3,-89.958906,21.12489891052246,2008.0,0.8984753489494324,42
c3_057,3,-90.058071,21.159929275512695,2008.0,0.822907030582428,42
c3_061,3,-89.973457,21.138911,2008.0,0.779019832611084,42
c3_064,3,-89.989625,21.149959564208984,2008.0,0.7354034781455994,42
c3_063,3,-90.030046,21.125707,2008.0,0.8148001432418823,42
c3_065,3,-89.972379,21.162086486816406,2008.0,0.8296283483505249,42
c3_054,3,-90.029237,21.101455,2008.0,0.9020540714263916,42
c3_056,3,-90.008758,21.114120483398438,2008.0,0.799405038356781,42
c4_051,4,-89.958906,21.191997,2008.0,0.33865684270858765,42
c4_052,4,-89.957828,21.178254,2008.0,0.17359820008277893,42
c4_053,4,-89.994476,21.172864,2008.0,0.4572661519050598,42
c4_054,4,-89.994745,21.168822,2008.0,0.19333212077617645,42
c4_055,4,-90.0025634765625,21.169631,2008.0,0.15345968306064606,42
c1_001,1,-90.056184,21.12301254272461,2009.0,0.7470295429229736,47
c1_002,1,-89.984506,21.126246,2009.0,0.8030363321304321,47
c1_003,1,-90.070197,21.140798,2009.0,0.796488881111145,47
c1_004,1,-90.057801,21.145648,2009.0,0.7905715703964233,47
c1_005,1,-90.024926,21.145379,2009.0,0.6265527606010437,47
c1_006,1,-89.979386,21.130288,2009.0,0.7505239844322205,47
c1_007,1,-90.08636474609375,21.137025,2009.0,0.7778303623199463,47
c1_008,1,-89.952169,21.14322280883789,2009.0,0.7267093062400818,47
c1_009,1,-90.055106,21.138911,2009.0,0.6578077077865601,47
c1_010,1,-89.945702,21.14322280883789,2009.0,0.6700167059898376,47
c1_011,1,-89.958098,21.149151,2009.0,0.8124197721481323,47
c1_012,1,-90.036783,21.117354,2009.0,0.8209192156791687,47
c1_013,1,-90.113042,21.085018157958984,2009.0,0.8317415118217468,47
c1_014,1,-89.944085,21.154002,2009.0,0.8472846746444702,47
c1_015,1,-90.065885,21.113581,2009.0,0.6495579481124878,47
c1_016,1,-90.064538,21.121126174926758,2009.0,0.7404733896255493,47
c1_017,1,-90.01280212402344,21.122474,2009.0,0.7909961342811584,47
c1_018,1,-90.013608,21.150499,2009.0,0.8358839154243469,47
c1_019,1,-90.075856,21.141876220703125,2009.0,0.8510589599609375,47
c1_020,1,-90.063729,21.119510650634766,2009.0,0.7166436910629272,47
c1_021,1,-90.112234,21.128671646118164,2009.0,0.7806167006492615,47
c1_022,1,-89.970224,21.131635665893555,2009.0,0.6962898969650269,47
c1_023,1,-90.049448,21.111425399780273,2009.0,0.7639354467391968,47
c1_024,1,-90.076933,21.135408401489258,2009.0,0.8281887769699097,47
c1_025,1,-90.09391021728516,21.143762,2009.0,0.8964189291000366,47
c1_026,1,-89.940852,21.145917892456055,2009.0,0.8199086785316467,47
c1_027,1,-89.945163,21.154002,2009.0,0.8235489726066589,47
c1_028,1,-90.098491,21.127324,2009.0,0.8868289589881897,47
c1_029,1,-90.003368,21.149421,2009.0,0.5916537642478943,47
c1_030,1,-89.972918,21.124629,2009.0,0.8363822102546692,47
c1_031,1,-90.003907,21.124359130859375,2009.0,0.6930812001228333,47
c1_032,1,-90.066694,21.0987606048584,2009.0,0.7749580144882202,47
c1_033,1,-89.994745,21.123552322387695,2009.0,0.6471267342567444,47
c1_034,1,-90.08879089355469,21.142953,2009.0,0.8426750898361206,47
c1_035,1,-90.063191,21.110887,2009.0,0.7206729054450989,47
c1_036,1,-89.960523,21.137563705444336,2009.0,0.7815268635749817,47
c1_037,1,-90.094179,21.093371,2009.0,0.9092957377433777,47
c1_038,1,-90.0025634765625,21.122743,2009.0,0.6394966244697571,47
c1_039,1,-90.051334,21.132714,2009.0,0.7144832015037537,47
c1_040,1,-90.066694,21.13837242126465,2009.0,0.7243198752403259,47
c1_041,1,-90.116815,21.0882511138916,2009.0,0.7691950798034668,47
c1_042,1,-90.057801,21.148612,2009.0,0.8246723413467407,47
c1_043,1,-90.080706,21.141876220703125,2009.0,0.812381386756897,47
c1_044,1,-89.947319,21.188493728637695,2009.0,0.6850318312644958,47
c1_045,1,-89.981811,21.124091,2009.0,0.7896750569343567,47
c1_046,1,-90.058879,21.128671646118164,2009.0,0.7062575817108154,47
c1_047,1,-90.075317,21.10361099243164,2009.0,0.8046779632568359,47
c1_048,1,-90.003638,21.150768280029297,2009.0,0.7364342212677002,47
c1_049,1,-90.026543,21.122743,2009.0,0.808912456035614,47
c1_050,1,-90.108731,21.117623,2009.0,0.8306270241737366,47
c2_001,2,-89.960253,21.154002,2009.0,0.708538293838501,47
c2_002,2,-90.117623,21.133522033691406,2009.0,0.7081156969070435,47
c2_003,2,-90.07881927490234,21.09229278564453,2009.0,0.8426133990287781,47
c2_004,2,-89.978847,21.15022850036621,2009.0,0.7506856918334961,47
c2_005,2,-90.089329,21.09364128112793,2009.0,0.847436249256134,47
c2_006,2,-90.11412048339844,21.100377,2009.0,0.7487502694129944,47
c2_007,2,-90.106036,21.131635665893555,2009.0,0.862881600856781,47
c2_008,2,-90.001213,21.145379,2009.0,0.8007420897483826,47
c2_009,2,-89.963217,21.183913,2009.0,0.8538496494293213,47
c2_010,2,-90.10226440429688,21.144301,2009.0,0.8326660990715027,47
c2_011,2,-89.958636,21.125438,2009.0,0.9097397327423096,47
c2_012,2,-90.097413,21.149959564208984,2009.0,0.8948333263397217,47
c2_013,2,-90.100647,21.106845,2009.0,0.7041481137275696,47
c2_014,2,-90.04594421386719,21.111156463623047,2009.0,0.5930601358413696,47
c2_015,2,-90.068849,21.102802276611328,2009.0,0.8806065320968628,47
c2_016,2,-90.118162,21.135947,2009.0,0.641757607460022,47
c2_017,2,-89.96214294433594,21.120587,2009.0,0.8251752853393555,47
c2_018,2,-89.981541,21.148343,2009.0,0.785379946231842,47
c2_019,2,-90.041364,21.101186,2009.0,0.8038560748100281,47
c2_020,2,-90.082592,21.10064697265625,2009.0,0.847436249256134,47
c2_021,2,-89.945163,21.161008,2009.0,0.6544055342674255,47
c2_022,2,-90.01280212402344,21.118162155151367,2009.0,0.795336127281189,47
c2_023,2,-89.94165802001953,21.17879295349121,2009.0,0.6103058457374573,47
c2_024,2,-89.940043,21.179332,2009.0,0.6558790802955627,47
c2_025,2,-89.942199,21.169092178344727,2009.0,0.7308377027511597,47
c2_026,2,-90.04837036132812,21.15858268737793,2009.0,0.6430410742759705,47
c2_027,2,-90.018189,21.155078887939453,2009.0,0.8418309688568115,47
c2_028,2,-90.018998,21.118701,2009.0,0.6028231978416443,47
c2_029,2,-89.960253,21.166936,2009.0,0.8873883485794067,47
c2_030,2,-90.08636474609375,21.13918113708496,2009.0,0.8088756799697876,47
c2_031,2,-90.006871,21.167745,2009.0,0.5780370235443115,47
c2_032,2,-89.9599838256836,21.15750503540039,2009.0,0.7056871652603149,47
c2_033,2,-90.052412,21.115737,2009.0,0.8154533505439758,47
c2_034,2,-90.075586,21.099569,2009.0,0.7642217874526978,47
c2_035,2,-90.108731,21.095796,2009.0,0.6360610723495483,47
c2_036,2,-90.026543,21.155078887939453,2009.0,0.823508083820343,47
c2_037,2,-90.006871,21.131097,2009.0,0.7688968777656555,47
c2_038,2,-90.080167,21.099838256835938,2009.0,0.8611066937446594,47
c2_039,2,-89.947588,21.136486053466797,2009.0,0.8326230645179749,47
c2_040,2,-90.061304,21.10468864440918,2009.0,0.8381937742233276,47
c2_041,2,-90.075856,21.134868621826172,2009.0,0.8090117573738098,47
c2_042,2,-89.99959564208984,21.12004852294922,2009.0,0.7768635153770447,47
c2_043,2,-90.101725,21.08043670654297,2009.0,0.8115149140357971,47
c2_044,2,-90.026004,21.113851,2009.0,0.8123223185539246,47
c2_045,2,-90.118162,21.129209518432617,2009.0,0.8617344498634338,47
c2_046,2,-89.94139099121094,21.172056198120117,2009.0,0.836754560470581,47
c2_047,2,-89.969685,21.1402587890625,2009.0,0.8344928026199341,47
c2_048,2,-90.1038818359375,21.095527,2009.0,0.7462798357009888,47
c2_049,2,-89.99231719970703,21.149690628051758,2009.0,0.6518145799636841,47
c2_050,2,-89.950822,21.121396,2009.0,0.8001088500022888,47
c3_045,3,-89.992859,21.161815643310547,2009.0,0.12887276709079742,47
c3_003,3,-90.034357,21.15858268737793,2009.0,0.10119020193815231,47
c3_026,3,-89.986931,21.149959564208984,2009.0,0.8934390544891357,47
c3_008,3,-90.084209,21.151576,2009.0,0.4891868829727173,47
c3_017,3,-89.970493,21.159929275512695,2009.0,0.7063138484954834,47
c3_004,3,-89.982619,21.180679,2009.0,0.4119894802570343,47
c3_040,3,-89.9742660522461,21.185529708862305,2009.0,0.9919261336326599,47
c3_024,3,-89.97722625732422,21.183913,2009.0,0.7265039682388306,47
c3_013,3,-89.995823,21.13837242126465,2009.0,0.8304392695426941,47
c3_018,3,-90.062113,21.107114,2009.0,0.8262871503829956,47
c3_007,3,-90.088521,21.146995,2009.0,0.49270355701446533,47
c3_014,3,-89.951361,21.199003219604492,2009.0,0.12544338405132294,47
c3_042,3,-89.950283,21.199003219604492,2009.0,0.40419214963912964,47
c3_029,3,-90.000135,21.137563705444336,2009.0,0.7441638112068176,47
c3_005,3,-90.003638,21.111964,2009.0,0.7739279866218567,47
c3_022,3,-90.005524,21.112503051757812,2009.0,0.7650378346443176,47
c3_002,3,-89.953786,21.197656,2009.0,0.6943044662475586,47
c3_015,3,-89.940852,21.162086486816406,2009.0,0.7483624815940857,47
c3_020,3,-90.016842,21.116006,2009.0,0.7827773094177246,47
c3_027,3,-89.982619,21.149421,2009.0,0.6670931577682495,47
c3_030,3,-89.942738,21.1674747467041,2009.0,0.7005147933959961,47
c3_050,3,-89.941929,21.168553,2009.0,0.6125736236572266,47
c3_009,3,-89.986392,21.149959564208984,2009.0,0.8774240612983704,47
c3_033,3,-90.039208,21.102802276611328,2009.0,0.6213499903678894,47
c3_038,3,-89.976152,21.169361114501953,2009.0,0.6949416995048523,47
c3_023,3,-89.97183990478516,21.169361114501953,2009.0,0.7291622757911682,47
c3_032,3,-90.00040435791016,21.138642,2009.0,0.6901919841766357,47
c3_046,3,-89.994476,21.137832641601562,2009.0,0.6634963750839233,47
c3_025,3,-89.947049,21.157235,2009.0,0.7565524578094482,47
c3_028,3,-89.976421,21.165858,2009.0,0.7639572024345398,47
c3_036,3,-89.95189666748047,21.162894,2009.0,0.7250905632972717,47
c3_021,3,-90.007141,21.131635665893555,2009.0,0.7818084359169006,47
c3_035,3,-90.000943,21.144569396972656,2009.0,0.7820451259613037,47
c3_037,3,-89.97183990478516,21.162086486816406,2009.0,0.8257436156272888,47
c3_039,3,-89.976691,21.168283462524414,2009.0,0.7333860993385315,47
c3_041,3,-89.973996,21.137563705444336,2009.0,0.7044976353645325,47
c3_034,3,-90.041364,21.1402587890625,2009.0,0.7466632127761841,47
c3_047,3,-90.028698,21.126246,2009.0,0.8400039672851562,47
c3_048,3,-90.030315,21.124359130859375,2009.0,0.7733867764472961,47
c3_011,3,-90.035974,21.099299,2009.0,0.7400359511375427,47
c3_001,3,-90.080437,21.100377,2009.0,0.7953552007675171,47
c3_006,3,-89.94677734375,21.202237,2009.0,0.8331117033958435,47
c3_019,3,-89.958367,21.172056198120117,2009.0,0.8631611466407776,47
c3_031,3,-90.00740814208984,21.113042,2009.0,0.8076037764549255,47
c3_010,3,-90.01252746582031,21.114659,2009.0,0.8247168064117432,47
c3_012,3,-90.00768280029297,21.114389419555664,2009.0,0.730646014213562,47
c3_016,3,-90.045675,21.097951889038086,2009.0,0.7345733046531677,47
c3_043,3,-89.967259,21.189841,2009.0,0.8716522455215454,47
c3_044,3,-90.046214,21.097413,2009.0,0.7394394278526306,47
c3_049,3,-90.016033,21.116006,2009.0,0.7401272654533386,47
c4_001,4,-90.002021,21.168822,2009.0,0.3103472590446472,47
c4_002,4,-90.013878,21.166397094726562,2009.0,0.3884621560573578,47
c4_003,4,-90.040286,21.149421,2009.0,0.8435619473457336,47
c4_004,4,-89.94139099121094,21.181487,2009.0,0.6913626790046692,47
c4_005,4,-89.967529,21.183643341064453,2009.0,0.7485162019729614,47
c4_006,4,-89.943277,21.200620651245117,2009.0,0.8219157457351685,47
c4_007,4,-89.968068,21.171248,2009.0,0.6232866644859314,47
c4_008,4,-90.035705,21.15346336364746,2009.0,0.7530968189239502,47
c4_009,4,-89.967798,21.179332,2009.0,0.1555297076702118,47
c4_010,4,-89.949205,21.194961,2009.0,0.3195461630821228,47
c4_011,4,-89.943007,21.202506,2009.0,0.4107883870601654,47
c4_012,4,-89.945163,21.199811,2009.0,0.2089240700006485,47
c4_013,4,-89.972379,21.174481,2009.0,0.36506879329681396,47
c4_014,4,-90.041633,21.148612,2009.0,0.6590636968612671,47
c4_015,4,-89.960792,21.190380096435547,2009.0,0.6368074417114258,47
c4_016,4,-89.958098,21.184452056884766,2009.0,0.37553223967552185,47
c4_017,4,-90.074239,21.133790969848633,2009.0,0.9205082058906555,47
c4_018,4,-89.950822,21.1922664642334,2009.0,0.30514103174209595,47
c4_019,4,-89.996901,21.149959564208984,2009.0,0.6881406307220459,47
c4_020,4,-89.960523,21.186338424682617,2009.0,0.3057245910167694,47
c4_021,4,-89.9465103149414,21.185529708862305,2009.0,0.15189409255981445,47
c4_022,4,-89.957828,21.185529708862305,2009.0,0.21587300300598145,47
c4_023,4,-90.035705,21.144301,2009.0,0.5929217338562012,47
c4_024,4,-90.022501,21.156966,2009.0,0.16670538485050201,47
c4_025,4,-89.981002,21.165319,2009.0,0.40068382024765015,47
c4_026,4,-90.027621,21.162355422973633,2009.0,0.30484887957572937,47
c4_027,4,-89.949475,21.19415283203125,2009.0,0.19281695783138275,47
c4_028,4,-89.940852,21.201428,2009.0,0.8155130743980408,47
c4_029,4,-89.961601,21.190919,2009.0,0.863959550857544,47
c4_030,4,-90.041364,21.151576,2009.0,0.8795907497406006,47
c4_031,4,-90.062382,21.153732299804688,2009.0,0.4244413673877716,47
c4_032,4,-89.944085,21.193883,2009.0,0.2448982298374176,47
c4_033,4,-89.981811,21.164511,2009.0,0.5279991626739502,47
c4_034,4,-89.940313,21.199811,2009.0,0.3770531713962555,47
c4_035,4,-90.072622,21.132714,2009.0,0.9509294033050537,47
c4_036,4,-89.942738,21.183643341064453,2009.0,0.530337929725647,47
c4_037,4,-89.9742660522461,21.173673,2009.0,0.7837948203086853,47
c4_038,4,-89.966451,21.182565,2009.0,0.4020136892795563,47
c4_039,4,-90.014147,21.163972,2009.0,0.08117231726646423,47
c4_040,4,-89.944355,21.201428,2009.0,0.5389100313186646,47
c4_041,4,-90.011183,21.148881912231445,2009.0,0.7087600231170654,47
c4_042,4,-90.071814,21.131635665893555,2009.0,0.7911662459373474,47
c4_043,4,-90.11438751220703,21.11061668395996,2009.0,0.7711623311042786,47
c4_044,4,-89.956481,21.189302444458008,2009.0,0.6970499753952026,47
c4_045,4,-90.036513,21.153732299804688,2009.0,0.6169156432151794,47
c4_046,4,-89.98235321044922,21.169092178344727,2009.0,0.7273791432380676,47
c4_047,4,-89.992859,21.172864,2009.0,0.32176673412323,47
c4_048,4,-89.948127,21.191457748413086,2009.0,0.581773579120636,47
c4_049,4,-90.1195068359375,21.108461380004883,2009.0,0.6794323921203613,47
c4_050,4,-90.094718,21.12301254272461,2009.0,0.5595245957374573,47
c5_045,5,-90.018998,21.166128158569336,2009.0,0.4466833174228668,47
c5_008,5,-90.034357,21.155618,2009.0,0.5404720902442932,47
c5_010,5,-89.957289,21.163703,2009.0,0.622116208076477,47
c5_011,5,-90.004985,21.156696319580078,2009.0,0.8289048671722412,47
c5_012,5,-90.066424,21.154809951782227,2009.0,0.6054664850234985,47
c5_014,5,-90.006871,21.155887603759766,2009.0,0.45882532000541687,47
c5_016,5,-90.002829,21.15642738342285,2009.0,0.6900034546852112,47
c5_022,5,-90.044597,21.154809951782227,2009.0,0.36065050959587097,47
c5_024,5,-89.995284,21.15642738342285,2009.0,0.4616277515888214,47
c5_003,5,-90.056993,21.154541015625,2009.0,0.3218938112258911,47
c5_013,5,-90.020614,21.157235,2009.0,0.19016887247562408,47
c5_020,5,-90.027621,21.156966,2009.0,0.2530677020549774,47
c5_025,5,-90.03301239013672,21.15966033935547,2009.0,0.0967114120721817,47
c5_034,5,-90.012261,21.166397094726562,2009.0,0.391986608505249,47
c5_040,5,-90.069658,21.154541015625,2009.0,0.549934983253479,47
c5_041,5,-89.998787,21.156156539916992,2009.0,0.21745389699935913,47
c5_043,5,-90.113042,21.13729476928711,2009.0,0.6514577865600586,47
c5_002,5,-90.042172,21.156156539916992,2009.0,0.1953294277191162,47
c5_004,5,-90.034088,21.156966,2009.0,0.22304095327854156,47
c5_001,5,-89.996093,21.155887603759766,2009.0,0.6930451989173889,47
c5_006,5,-90.035435,21.154809951782227,2009.0,0.4830159842967987,47
c5_015,5,-89.942738,21.172864,2009.0,0.5047070384025574,47
c5_018,5,-90.0685806274414,21.152385,2009.0,0.3217920958995819,47
c5_026,5,-89.998248,21.172326,2009.0,0.21675105392932892,47
c5_033,5,-90.01980590820312,21.156966,2009.0,0.5641670823097229,47
c5_036,5,-90.041902,21.15750503540039,2009.0,0.5842031836509705,47
c5_039,5,-90.060496,21.15642738342285,2009.0,0.6640488505363464,47
c5_005,5,-90.041633,21.159929275512695,2009.0,0.6003921627998352,47
c5_009,5,-90.038938,21.154271,2009.0,0.7851563692092896,47
c5_019,5,-90.057262,21.155349,2009.0,0.4059547185897827,47
c5_021,5,-90.089598,21.148073196411133,2009.0,0.4808445870876312,47
c5_030,5,-90.071814,21.151845932006836,2009.0,0.490639865398407,47
c5_031,5,-90.003099,21.155618,2009.0,0.6504993438720703,47
c5_035,5,-90.095527,21.151845932006836,2009.0,0.5730495452880859,47
c5_037,5,-89.996632,21.160469,2009.0,0.7725098133087158,47
c5_023,5,-89.978038,21.180139541625977,2009.0,0.49711501598358154,47
c5_017,5,-90.040555,21.145917892456055,2009.0,0.5589067339897156,47
c5_027,5,-90.08879089355469,21.150768280029297,2009.0,0.734031081199646,47
c5_047,5,-90.001213,21.154541015625,2009.0,0.7910845875740051,47
c5_048,5,-90.028429,21.156696319580078,2009.0,0.7295889854431152,47
c5_029,5,-90.090407,21.149421,2009.0,0.6288625597953796,47
c5_032,5,-90.079359,21.150768280029297,2009.0,0.38016852736473083,47
c5_038,5,-90.04082489013672,21.156966,2009.0,0.6181249618530273,47
c5_046,5,-90.067233,21.152114868164062,2009.0,0.2899460196495056,47
c5_028,5,-90.095527,21.150499,2009.0,0.6145649552345276,47
c5_044,5,-89.973188,21.183374404907227,2009.0,0.4508523643016815,47
c5_042,5,-90.08124542236328,21.149421,2009.0,0.4615015983581543,47
c5_007,5,-90.021962,21.143491744995117,2009.0,0.45728155970573425,47
c10_001,3,-90.028968,21.158313,2009.0,0.12613695859909058,47
c10_005,3,-89.954594,21.163972,2009.0,0.6098671555519104,47
c10_002,3,-90.033549,21.15858268737793,2009.0,0.10762885957956314,47
c10_003,3,-90.030046,21.158044,2009.0,0.12341007590293884,47
c10_004,3,-90.029507,21.157773971557617,2009.0,0.1407792717218399,47
c10_006,3,-90.03301239013672,21.159122467041016,2009.0,0.11698994040489197,47
c10_007,3,-90.03301239013672,21.158044,2009.0,0.09182708710432053,47
c10_009,3,-90.032741,21.15858268737793,2009.0,0.11789018660783768,47
c10_010,3,-90.030585,21.158044,2009.0,0.12237470597028732,47
c10_008,3,-89.95405578613281,21.163972,2009.0,0.4786682724952698,47
c1_051,1,-90.064538,21.118162155151367,2009.0,0.6717718839645386,47
c1_052,1,-90.05322265625,21.112234115600586,2009.0,0.7599253058433533,47
c1_053,1,-90.068041,21.142953,2009.0,0.706465482711792,47
c1_054,1,-90.00040435791016,21.124359130859375,2009.0,0.6286073923110962,47
c1_055,1,-90.049178,21.1402587890625,2009.0,0.6794657707214355,47
c2_051,2,-90.111695,21.123821258544922,2009.0,0.7452279329299927,47
c2_052,2,-90.02277374267578,21.139720916748047,2009.0,0.746408998966217,47
c2_053,2,-89.941929,21.138911,2009.0,0.8319035172462463,47
c2_054,2,-89.950013,21.130019,2009.0,0.8099766969680786,47
c2_055,2,-90.106306,21.128941,2009.0,0.8424343466758728,47
c3_062,3,-90.086634,21.149690628051758,2009.0,0.247982919216156,47
c3_051,3,-90.010914,21.144301,2009.0,0.8365811705589294,47
c3_055,3,-90.079359,21.150499,2009.0,0.38016852736473083,47
c3_058,3,-90.000943,21.171248,2009.0,0.47761252522468567,47
c3_052,3,-90.094179,21.114929,2009.0,0.7012767791748047,47
c3_059,3,-90.039208,21.1402587890625,2009.0,0.840567946434021,47
c3_053,3,-90.013608,21.152114868164062,2009.0,0.8712332248687744,47
c3_060,3,-89.958906,21.12489891052246,2009.0,0.9057821035385132,47
c3_057,3,-90.058071,21.159929275512695,2009.0,0.6651514768600464,47
c3_061,3,-89.973457,21.138911,2009.0,0.7507100105285645,47
c3_064,3,-89.989625,21.149959564208984,2009.0,0.7293593287467957,47
c3_063,3,-90.030046,21.125707,2009.0,0.8106981515884399,47
c3_065,3,-89.972379,21.162086486816406,2009.0,0.8576304316520691,47
c3_054,3,-90.029237,21.101455,2009.0,0.7446460127830505,47
c3_056,3,-90.008758,21.114120483398438,2009.0,0.7741250991821289,47
c4_051,4,-89.958906,21.191997,2009.0,0.5836431980133057,47
c4_052,4,-89.957828,21.178254,2009.0,0.17820382118225098,47
c4_053,4,-89.994476,21.172864,2009.0,0.4257007837295532,47
c4_054,4,-89.994745,21.168822,2009.0,0.11681491881608963,47
c4_055,4,-90.0025634765625,21.169631,2009.0,0.1891108900308609,47
c1_001,1,-90.056184,21.12301254272461,2010.0,0.817428469657898,42
c1_002,1,-89.984506,21.126246,2010.0,0.8621394038200378,42
c1_003,1,-90.070197,21.140798,2010.0,0.8665354251861572,42
c1_004,1,-90.057801,21.145648,2010.0,0.8383728265762329,42
c1_005,1,-90.024926,21.145379,2010.0,0.6426101922988892,42
c1_006,1,-89.979386,21.130288,2010.0,0.8956511616706848,42
c1_007,1,-90.08636474609375,21.137025,2010.0,0.8520307540893555,42
c1_008,1,-89.952169,21.14322280883789,2010.0,0.8501805067062378,42
c1_009,1,-90.055106,21.138911,2010.0,0.7269251942634583,42
c1_010,1,-89.945702,21.14322280883789,2010.0,0.806511402130127,42
c1_011,1,-89.958098,21.149151,2010.0,0.7779789566993713,42
c1_012,1,-90.036783,21.117354,2010.0,0.8420897722244263,42
c1_013,1,-90.113042,21.085018157958984,2010.0,0.8615698218345642,42
c1_014,1,-89.944085,21.154002,2010.0,0.8669878244400024,42
c1_015,1,-90.065885,21.113581,2010.0,0.7247112989425659,42
c1_016,1,-90.064538,21.121126174926758,2010.0,0.7617011666297913,42
c1_017,1,-90.01280212402344,21.122474,2010.0,0.8466954231262207,42
c1_018,1,-90.013608,21.150499,2010.0,0.8552945256233215,42
c1_019,1,-90.075856,21.141876220703125,2010.0,0.8794403076171875,42
c1_020,1,-90.063729,21.119510650634766,2010.0,0.7628703117370605,42
c1_021,1,-90.112234,21.128671646118164,2010.0,0.8304241299629211,42
c1_022,1,-89.970224,21.131635665893555,2010.0,0.7028930187225342,42
c1_023,1,-90.049448,21.111425399780273,2010.0,0.7627670168876648,42
c1_024,1,-90.076933,21.135408401489258,2010.0,0.8698720335960388,42
c1_025,1,-90.09391021728516,21.143762,2010.0,0.8830900192260742,42
c1_026,1,-89.940852,21.145917892456055,2010.0,0.8673022985458374,42
c1_027,1,-89.945163,21.154002,2010.0,0.8219631910324097,42
c1_028,1,-90.098491,21.127324,2010.0,0.8516271710395813,42
c1_029,1,-90.003368,21.149421,2010.0,0.5836024880409241,42
c1_030,1,-89.972918,21.124629,2010.0,0.8382905721664429,42
c1_031,1,-90.003907,21.124359130859375,2010.0,0.8213335871696472,42
c1_032,1,-90.066694,21.0987606048584,2010.0,0.7944947481155396,42
c1_033,1,-89.994745,21.123552322387695,2010.0,0.7535591721534729,42
c1_034,1,-90.08879089355469,21.142953,2010.0,0.8866919875144958,42
c1_035,1,-90.063191,21.110887,2010.0,0.74233478307724,42
c1_036,1,-89.960523,21.137563705444336,2010.0,0.8403476476669312,42
c1_037,1,-90.094179,21.093371,2010.0,0.836475133895874,42
c1_038,1,-90.0025634765625,21.122743,2010.0,0.8184478878974915,42
c1_039,1,-90.051334,21.132714,2010.0,0.6656485199928284,42
c1_040,1,-90.066694,21.13837242126465,2010.0,0.8143283724784851,42
c1_041,1,-90.116815,21.0882511138916,2010.0,0.8150846362113953,42
c1_042,1,-90.057801,21.148612,2010.0,0.8591257333755493,42
c1_043,1,-90.080706,21.141876220703125,2010.0,0.84160315990448,42
c1_044,1,-89.947319,21.188493728637695,2010.0,0.7616665959358215,42
c1_045,1,-89.981811,21.124091,2010.0,0.8355851173400879,42
c1_046,1,-90.058879,21.128671646118164,2010.0,0.7562034726142883,42
c1_047,1,-90.075317,21.10361099243164,2010.0,0.8394646048545837,42
c1_048,1,-90.003638,21.150768280029297,2010.0,0.701820969581604,42
c1_049,1,-90.026543,21.122743,2010.0,0.8198270201683044,42
c1_050,1,-90.108731,21.117623,2010.0,0.8501226902008057,42
c2_001,2,-89.960253,21.154002,2010.0,0.7557592391967773,42
c2_002,2,-90.117623,21.133522033691406,2010.0,0.8564414381980896,42
c2_003,2,-90.07881927490234,21.09229278564453,2010.0,0.8610122203826904,42
c2_004,2,-89.978847,21.15022850036621,2010.0,0.7323178648948669,42
c2_005,2,-90.089329,21.09364128112793,2010.0,0.861709475517273,42
c2_006,2,-90.11412048339844,21.100377,2010.0,0.7330684661865234,42
c2_007,2,-90.106036,21.131635665893555,2010.0,0.9040531516075134,42
c2_008,2,-90.001213,21.145379,2010.0,0.7701305747032166,42
c2_009,2,-89.963217,21.183913,2010.0,0.853355348110199,42
c2_010,2,-90.10226440429688,21.144301,2010.0,0.8602241277694702,42
c2_011,2,-89.958636,21.125438,2010.0,0.8504116535186768,42
c2_012,2,-90.097413,21.149959564208984,2010.0,0.9105939269065857,42
c2_013,2,-90.100647,21.106845,2010.0,0.7382993102073669,42
c2_014,2,-90.04594421386719,21.111156463623047,2010.0,0.6423230767250061,42
c2_015,2,-90.068849,21.102802276611328,2010.0,0.9080113768577576,42
c2_016,2,-90.118162,21.135947,2010.0,0.7629901766777039,42
c2_017,2,-89.96214294433594,21.120587,2010.0,0.975451648235321,42
c2_018,2,-89.981541,21.148343,2010.0,0.6039720773696899,42
c2_019,2,-90.041364,21.101186,2010.0,0.8592305183410645,42
c2_020,2,-90.082592,21.10064697265625,2010.0,0.8516170978546143,42
c2_021,2,-89.945163,21.161008,2010.0,0.7133474349975586,42
c2_022,2,-90.01280212402344,21.118162155151367,2010.0,0.8197378516197205,42
c2_023,2,-89.94165802001953,21.17879295349121,2010.0,0.6634063124656677,42
c2_024,2,-89.940043,21.179332,2010.0,0.6575406789779663,42
c2_025,2,-89.942199,21.169092178344727,2010.0,0.7471316456794739,42
c2_026,2,-90.04837036132812,21.15858268737793,2010.0,0.7916341423988342,42
c2_027,2,-90.018189,21.155078887939453,2010.0,0.848664402961731,42
c2_028,2,-90.018998,21.118701,2010.0,0.7392568588256836,42
c2_029,2,-89.960253,21.166936,2010.0,0.8861657977104187,42
c2_030,2,-90.08636474609375,21.13918113708496,2010.0,0.8674018979072571,42
c2_031,2,-90.006871,21.167745,2010.0,0.7332970499992371,42
c2_032,2,-89.9599838256836,21.15750503540039,2010.0,0.5945257544517517,42
c2_033,2,-90.052412,21.115737,2010.0,0.8037735223770142,42
c2_034,2,-90.075586,21.099569,2010.0,0.8099635243415833,42
c2_035,2,-90.108731,21.095796,2010.0,0.7634215354919434,42
c2_036,2,-90.026543,21.155078887939453,2010.0,0.8695551156997681,42
c2_037,2,-90.006871,21.131097,2010.0,0.8285235166549683,42
c2_038,2,-90.080167,21.099838256835938,2010.0,0.8583872318267822,42
c2_039,2,-89.947588,21.136486053466797,2010.0,0.8792126178741455,42
c2_040,2,-90.061304,21.10468864440918,2010.0,0.8643519282341003,42
c2_041,2,-90.075856,21.134868621826172,2010.0,0.8499523401260376,42
c2_042,2,-89.99959564208984,21.12004852294922,2010.0,0.786930501461029,42
c2_043,2,-90.101725,21.08043670654297,2010.0,0.8618423938751221,42
c2_044,2,-90.026004,21.113851,2010.0,0.8596207499504089,42
c2_045,2,-90.118162,21.129209518432617,2010.0,0.9236032366752625,42
c2_046,2,-89.94139099121094,21.172056198120117,2010.0,0.8210160732269287,42
c2_047,2,-89.969685,21.1402587890625,2010.0,0.8461827039718628,42
c2_048,2,-90.1038818359375,21.095527,2010.0,0.7317118048667908,42
c2_049,2,-89.99231719970703,21.149690628051758,2010.0,0.6953964233398438,42
c2_050,2,-89.950822,21.121396,2010.0,0.887395977973938,42
c3_045,3,-89.992859,21.161815643310547,2010.0,0.22977548837661743,42
c3_003,3,-90.034357,21.15858268737793,2010.0,0.3611801564693451,42
c3_026,3,-89.986931,21.149959564208984,2010.0,0.8819793462753296,42
c3_008,3,-90.084209,21.151576,2010.0,0.7583292126655579,42
c3_017,3,-89.970493,21.159929275512695,2010.0,0.7569357752799988,42
c3_004,3,-89.982619,21.180679,2010.0,0.5948825478553772,42
c3_040,3,-89.9742660522461,21.185529708862305,2010.0,0.8813442587852478,42
c3_024,3,-89.97722625732422,21.183913,2010.0,0.7297827005386353,42
c3_013,3,-89.995823,21.13837242126465,2010.0,0.843176543712616,42
c3_018,3,-90.062113,21.107114,2010.0,0.9019572734832764,42
c3_007,3,-90.088521,21.146995,2010.0,0.6988784074783325,42
c3_014,3,-89.951361,21.199003219604492,2010.0,0.03284434601664543,42
c3_042,3,-89.950283,21.199003219604492,2010.0,0.3768879175186157,42
c3_029,3,-90.000135,21.137563705444336,2010.0,0.8088148236274719,42
c3_005,3,-90.003638,21.111964,2010.0,0.8371926546096802,42
c3_022,3,-90.005524,21.112503051757812,2010.0,0.7698968648910522,42
c3_002,3,-89.953786,21.197656,2010.0,0.7501246333122253,42
c3_015,3,-89.940852,21.162086486816406,2010.0,0.7874240875244141,42
c3_020,3,-90.016842,21.116006,2010.0,0.8144174218177795,42
c3_027,3,-89.982619,21.149421,2010.0,0.6344271302223206,42
c3_030,3,-89.942738,21.1674747467041,2010.0,0.7615799307823181,42
c3_050,3,-89.941929,21.168553,2010.0,0.605505645275116,42
c3_009,3,-89.986392,21.149959564208984,2010.0,0.8867586851119995,42
c3_033,3,-90.039208,21.102802276611328,2010.0,0.9267784953117371,42
c3_038,3,-89.976152,21.169361114501953,2010.0,0.6881480813026428,42
c3_023,3,-89.97183990478516,21.169361114501953,2010.0,0.7010560035705566,42
c3_032,3,-90.00040435791016,21.138642,2010.0,0.6751692295074463,42
c3_046,3,-89.994476,21.137832641601562,2010.0,0.7116168737411499,42
c3_025,3,-89.947049,21.157235,2010.0,0.7434737682342529,42
c3_028,3,-89.976421,21.165858,2010.0,0.8036229610443115,42
c3_036,3,-89.95189666748047,21.162894,2010.0,0.6614091396331787,42
c3_021,3,-90.007141,21.131635665893555,2010.0,0.9003533720970154,42
c3_035,3,-90.000943,21.144569396972656,2010.0,0.77129727602005,42
c3_037,3,-89.97183990478516,21.162086486816406,2010.0,0.8043710589408875,42
c3_039,3,-89.976691,21.168283462524414,2010.0,0.7321485280990601,42
c3_041,3,-89.973996,21.137563705444336,2010.0,0.7516348361968994,42
c3_034,3,-90.041364,21.1402587890625,2010.0,0.765929639339447,42
c3_047,3,-90.028698,21.126246,2010.0,0.8434632420539856,42
c3_048,3,-90.030315,21.124359130859375,2010.0,0.8027027249336243,42
c3_011,3,-90.035974,21.099299,2010.0,0.7431880831718445,42
c3_001,3,-90.080437,21.100377,2010.0,0.9457342624664307,42
c3_006,3,-89.94677734375,21.202237,2010.0,0.8777053952217102,42
c3_019,3,-89.958367,21.172056198120117,2010.0,0.8972724080085754,42
c3_031,3,-90.00740814208984,21.113042,2010.0,0.8198235630989075,42
c3_010,3,-90.01252746582031,21.114659,2010.0,0.8303681015968323,42
c3_012,3,-90.00768280029297,21.114389419555664,2010.0,0.7644883394241333,42
c3_016,3,-90.045675,21.097951889038086,2010.0,0.7584153413772583,42
c3_043,3,-89.967259,21.189841,2010.0,0.8989253044128418,42
c3_044,3,-90.046214,21.097413,2010.0,0.8481360077857971,42
c3_049,3,-90.016033,21.116006,2010.0,0.8297998309135437,42
c4_001,4,-90.002021,21.168822,2010.0,0.6202215552330017,42
c4_002,4,-90.013878,21.166397094726562,2010.0,0.6306037306785583,42
c4_003,4,-90.040286,21.149421,2010.0,0.8406421542167664,42
c4_004,4,-89.94139099121094,21.181487,2010.0,0.7608445882797241,42
c4_005,4,-89.967529,21.183643341064453,2010.0,0.7867205142974854,42
c4_006,4,-89.943277,21.200620651245117,2010.0,0.884765625,42
c4_007,4,-89.968068,21.171248,2010.0,0.8477907776832581,42
c4_008,4,-90.035705,21.15346336364746,2010.0,0.8007914423942566,42
c4_009,4,-89.967798,21.179332,2010.0,0.4434911906719208,42
c4_010,4,-89.949205,21.194961,2010.0,0.4784362316131592,42
c4_011,4,-89.943007,21.202506,2010.0,0.6391315460205078,42
c4_012,4,-89.945163,21.199811,2010.0,0.4193302392959595,42
c4_013,4,-89.972379,21.174481,2010.0,0.6680518984794617,42
c4_014,4,-90.041633,21.148612,2010.0,0.8129236102104187,42
c4_015,4,-89.960792,21.190380096435547,2010.0,0.6896021366119385,42
c4_016,4,-89.958098,21.184452056884766,2010.0,0.600561261177063,42
c4_017,4,-90.074239,21.133790969848633,2010.0,0.887785017490387,42
c4_018,4,-89.950822,21.1922664642334,2010.0,0.4151945412158966,42
c4_019,4,-89.996901,21.149959564208984,2010.0,0.765774130821228,42
c4_020,4,-89.960523,21.186338424682617,2010.0,0.2611373960971832,42
c4_021,4,-89.9465103149414,21.185529708862305,2010.0,0.3951926529407501,42
c4_022,4,-89.957828,21.185529708862305,2010.0,0.5157116055488586,42
c4_023,4,-90.035705,21.144301,2010.0,0.5442165732383728,42
c4_024,4,-90.022501,21.156966,2010.0,0.42294082045555115,42
c4_025,4,-89.981002,21.165319,2010.0,0.7036643028259277,42
c4_026,4,-90.027621,21.162355422973633,2010.0,0.5992306470870972,42
c4_027,4,-89.949475,21.19415283203125,2010.0,0.12797237932682037,42
c4_028,4,-89.940852,21.201428,2010.0,0.869744598865509,42
c4_029,4,-89.961601,21.190919,2010.0,0.8864290714263916,42
c4_030,4,-90.041364,21.151576,2010.0,0.8866986632347107,42
c4_031,4,-90.062382,21.153732299804688,2010.0,0.7038857340812683,42
c4_032,4,-89.944085,21.193883,2010.0,0.48432546854019165,42
c4_033,4,-89.981811,21.164511,2010.0,0.7877363562583923,42
c4_034,4,-89.940313,21.199811,2010.0,0.5526057481765747,42
c4_035,4,-90.072622,21.132714,2010.0,0.8328020572662354,42
c4_036,4,-89.942738,21.183643341064453,2010.0,0.6473305225372314,42
c4_037,4,-89.9742660522461,21.173673,2010.0,0.8292266130447388,42
c4_038,4,-89.966451,21.182565,2010.0,0.499929279088974,42
c4_039,4,-90.014147,21.163972,2010.0,0.48511290550231934,42
c4_040,4,-89.944355,21.201428,2010.0,0.7304520606994629,42
c4_041,4,-90.011183,21.148881912231445,2010.0,0.6665353178977966,42
c4_042,4,-90.071814,21.131635665893555,2010.0,0.78861403465271,42
c4_043,4,-90.11438751220703,21.11061668395996,2010.0,0.7499265670776367,42
c4_044,4,-89.956481,21.189302444458008,2010.0,0.8369156718254089,42
c4_045,4,-90.036513,21.153732299804688,2010.0,0.7391172051429749,42
c4_046,4,-89.98235321044922,21.169092178344727,2010.0,0.8077856302261353,42
c4_047,4,-89.992859,21.172864,2010.0,0.668205201625824,42
c4_048,4,-89.948127,21.191457748413086,2010.0,0.6055349707603455,42
c4_049,4,-90.1195068359375,21.108461380004883,2010.0,0.7424258589744568,42
c4_050,4,-90.094718,21.12301254272461,2010.0,0.6527228355407715,42
c5_045,5,-90.018998,21.166128158569336,2010.0,0.49440306425094604,42
c5_008,5,-90.034357,21.155618,2010.0,0.7097761631011963,42
c5_010,5,-89.957289,21.163703,2010.0,0.5491419434547424,42
c5_011,5,-90.004985,21.156696319580078,2010.0,0.849682629108429,42
c5_012,5,-90.066424,21.154809951782227,2010.0,0.7311390042304993,42
c5_014,5,-90.006871,21.155887603759766,2010.0,0.5611039996147156,42
c5_016,5,-90.002829,21.15642738342285,2010.0,0.7273954153060913,42
c5_022,5,-90.044597,21.154809951782227,2010.0,0.5809336304664612,42
c5_024,5,-89.995284,21.15642738342285,2010.0,0.5137202739715576,42
c5_003,5,-90.056993,21.154541015625,2010.0,0.5429484844207764,42
c5_013,5,-90.020614,21.157235,2010.0,0.577751636505127,42
c5_020,5,-90.027621,21.156966,2010.0,0.48530101776123047,42
c5_025,5,-90.03301239013672,21.15966033935547,2010.0,0.4264640510082245,42
c5_034,5,-90.012261,21.166397094726562,2010.0,0.5666506886482239,42
c5_040,5,-90.069658,21.154541015625,2010.0,0.6542695760726929,42
c5_041,5,-89.998787,21.156156539916992,2010.0,0.48657187819480896,42
c5_043,5,-90.113042,21.13729476928711,2010.0,0.8381807804107666,42
c5_002,5,-90.042172,21.156156539916992,2010.0,0.4804407060146332,42
c5_004,5,-90.034088,21.156966,2010.0,0.4841192960739136,42
c5_001,5,-89.996093,21.155887603759766,2010.0,0.7002277970314026,42
c5_006,5,-90.035435,21.154809951782227,2010.0,0.7105387449264526,42
c5_015,5,-89.942738,21.172864,2010.0,0.47717320919036865,42
c5_018,5,-90.0685806274414,21.152385,2010.0,0.5887938141822815,42
c5_026,5,-89.998248,21.172326,2010.0,0.2477082908153534,42
c5_033,5,-90.01980590820312,21.156966,2010.0,0.7958616614341736,42
c5_036,5,-90.041902,21.15750503540039,2010.0,0.6810239553451538,42
c5_039,5,-90.060496,21.15642738342285,2010.0,0.8119153380393982,42
c5_005,5,-90.041633,21.159929275512695,2010.0,0.6604413986206055,42
c5_009,5,-90.038938,21.154271,2010.0,0.8397281169891357,42
c5_019,5,-90.057262,21.155349,2010.0,0.6586048603057861,42
c5_021,5,-90.089598,21.148073196411133,2010.0,0.6983821392059326,42
c5_030,5,-90.071814,21.151845932006836,2010.0,0.5975950360298157,42
c5_031,5,-90.003099,21.155618,2010.0,0.680515468120575,42
c5_035,5,-90.095527,21.151845932006836,2010.0,0.6756669878959656,42
c5_037,5,-89.996632,21.160469,2010.0,0.8587881922721863,42
c5_023,5,-89.978038,21.180139541625977,2010.0,0.6435027718544006,42
c5_017,5,-90.040555,21.145917892456055,2010.0,0.5862334370613098,42
c5_027,5,-90.08879089355469,21.150768280029297,2010.0,0.8016851544380188,42
c5_047,5,-90.001213,21.154541015625,2010.0,0.8426558971405029,42
c5_048,5,-90.028429,21.156696319580078,2010.0,0.7775335907936096,42
c5_029,5,-90.090407,21.149421,2010.0,0.7653684020042419,42
c5_032,5,-90.079359,21.150768280029297,2010.0,0.7166988253593445,42
c5_038,5,-90.04082489013672,21.156966,2010.0,0.6683357954025269,42
c5_046,5,-90.067233,21.152114868164062,2010.0,0.7597300410270691,42
c5_028,5,-90.095527,21.150499,2010.0,0.7995192408561707,42
c5_044,5,-89.973188,21.183374404907227,2010.0,0.5986934304237366,42
c5_042,5,-90.08124542236328,21.149421,2010.0,0.7285550236701965,42
c5_007,5,-90.021962,21.143491744995117,2010.0,0.45872431993484497,42
c10_001,3,-90.028968,21.158313,2010.0,0.5296300649642944,42
c10_005,3,-89.954594,21.163972,2010.0,0.5400724411010742,42
c10_002,3,-90.033549,21.15858268737793,2010.0,0.22580790519714355,42
c10_003,3,-90.030046,21.158044,2010.0,0.36508649587631226,42
c10_004,3,-90.029507,21.157773971557617,2010.0,0.3576587438583374,42
c10_006,3,-90.03301239013672,21.159122467041016,2010.0,0.3740317225456238,42
c10_007,3,-90.03301239013672,21.158044,2010.0,0.32770562171936035,42
c10_009,3,-90.032741,21.15858268737793,2010.0,0.3712465167045593,42
c10_010,3,-90.030585,21.158044,2010.0,0.22513504326343536,42
c10_008,3,-89.95405578613281,21.163972,2010.0,0.4668211340904236,42
c1_051,1,-90.064538,21.118162155151367,2010.0,0.7329090237617493,42
c1_052,1,-90.05322265625,21.112234115600586,2010.0,0.7751821875572205,42
c1_053,1,-90.068041,21.142953,2010.0,0.8301981091499329,42
c1_054,1,-90.00040435791016,21.124359130859375,2010.0,0.7763711810112,42
c1_055,1,-90.049178,21.1402587890625,2010.0,0.7193419933319092,42
c2_051,2,-90.111695,21.123821258544922,2010.0,0.8926629424095154,42
c2_052,2,-90.02277374267578,21.139720916748047,2010.0,0.7269040942192078,42
c2_053,2,-89.941929,21.138911,2010.0,0.8612356185913086,42
c2_054,2,-89.950013,21.130019,2010.0,0.8619813323020935,42
c2_055,2,-90.106306,21.128941,2010.0,0.8304098844528198,42
c3_062,3,-90.086634,21.149690628051758,2010.0,0.6585085391998291,42
c3_051,3,-90.010914,21.144301,2010.0,0.8755474090576172,42
c3_055,3,-90.079359,21.150499,2010.0,0.7166988253593445,42
c3_058,3,-90.000943,21.171248,2010.0,0.54400634765625,42
c3_052,3,-90.094179,21.114929,2010.0,0.7263169884681702,42
c3_059,3,-90.039208,21.1402587890625,2010.0,0.8483779430389404,42
c3_053,3,-90.013608,21.152114868164062,2010.0,0.9053137302398682,42
c3_060,3,-89.958906,21.12489891052246,2010.0,0.9135174751281738,42
c3_057,3,-90.058071,21.159929275512695,2010.0,0.8294738531112671,42
c3_061,3,-89.973457,21.138911,2010.0,0.8189697861671448,42
c3_064,3,-89.989625,21.149959564208984,2010.0,0.7354811429977417,42
c3_063,3,-90.030046,21.125707,2010.0,0.9153038263320923,42
c3_065,3,-89.972379,21.162086486816406,2010.0,0.8730872273445129,42
c3_054,3,-90.029237,21.101455,2010.0,0.8266572952270508,42
c3_056,3,-90.008758,21.114120483398438,2010.0,0.7842214107513428,42
c4_051,4,-89.958906,21.191997,2010.0,0.5177255868911743,42
c4_052,4,-89.957828,21.178254,2010.0,0.40258967876434326,42
c4_053,4,-89.994476,21.172864,2010.0,0.6151501536369324,42
c4_054,4,-89.994745,21.168822,2010.0,0.6435947418212891,42
c4_055,4,-90.0025634765625,21.169631,2010.0,0.619563639163971,42
c1_001,1,-90.056184,21.12301254272461,2011.0,0.7817674875259399,50
c1_002,1,-89.984506,21.126246,2011.0,0.813092827796936,50
c1_003,1,-90.070197,21.140798,2011.0,0.9504684805870056,50
c1_004,1,-90.057801,21.145648,2011.0,0.8985851407051086,50
c1_005,1,-90.024926,21.145379,2011.0,0.6124691963195801,50
c1_006,1,-89.979386,21.130288,2011.0,0.764529824256897,50
c1_007,1,-90.08636474609375,21.137025,2011.0,0.7453047633171082,50
c1_008,1,-89.952169,21.14322280883789,2011.0,0.8424871563911438,50
c1_009,1,-90.055106,21.138911,2011.0,0.6812520027160645,50
c1_010,1,-89.945702,21.14322280883789,2011.0,0.7473486065864563,50
c1_011,1,-89.958098,21.149151,2011.0,0.8905588984489441,50
c1_012,1,-90.036783,21.117354,2011.0,0.8541088104248047,50
c1_013,1,-90.113042,21.085018157958984,2011.0,0.859796941280365,50
c1_014,1,-89.944085,21.154002,2011.0,0.8836385011672974,50
c1_015,1,-90.065885,21.113581,2011.0,0.7381758093833923,50
c1_016,1,-90.064538,21.121126174926758,2011.0,0.7688503861427307,50
c1_017,1,-90.01280212402344,21.122474,2011.0,0.7873559594154358,50
c1_018,1,-90.013608,21.150499,2011.0,0.8533168435096741,50
c1_019,1,-90.075856,21.141876220703125,2011.0,0.9461717009544373,50
c1_020,1,-90.063729,21.119510650634766,2011.0,0.9342119693756104,50
c1_021,1,-90.112234,21.128671646118164,2011.0,0.9285699129104614,50
c1_022,1,-89.970224,21.131635665893555,2011.0,0.7494403123855591,50
c1_023,1,-90.049448,21.111425399780273,2011.0,0.7412473559379578,50
c1_024,1,-90.076933,21.135408401489258,2011.0,0.9021643996238708,50
c1_025,1,-90.09391021728516,21.143762,2011.0,0.9624413847923279,50
c1_026,1,-89.940852,21.145917892456055,2011.0,0.8423480987548828,50
c1_027,1,-89.945163,21.154002,2011.0,0.8508081436157227,50
c1_028,1,-90.098491,21.127324,2011.0,0.8920137286186218,50
c1_029,1,-90.003368,21.149421,2011.0,0.5925858616828918,50
c1_030,1,-89.972918,21.124629,2011.0,0.8300693035125732,50
c1_031,1,-90.003907,21.124359130859375,2011.0,0.799035370349884,50
c1_032,1,-90.066694,21.0987606048584,2011.0,0.7791882157325745,50
c1_033,1,-89.994745,21.123552322387695,2011.0,0.7362616658210754,50
c1_034,1,-90.08879089355469,21.142953,2011.0,0.9042268991470337,50
c1_035,1,-90.063191,21.110887,2011.0,0.7858338952064514,50
c1_036,1,-89.960523,21.137563705444336,2011.0,0.7805367708206177,50
c1_037,1,-90.094179,21.093371,2011.0,0.842097818851471,50
c1_038,1,-90.0025634765625,21.122743,2011.0,0.791639506816864,50
c1_039,1,-90.051334,21.132714,2011.0,0.5673761963844299,50
c1_040,1,-90.066694,21.13837242126465,2011.0,0.8519129157066345,50
c1_041,1,-90.116815,21.0882511138916,2011.0,0.8087769746780396,50
c1_042,1,-90.057801,21.148612,2011.0,0.9515795707702637,50
c1_043,1,-90.080706,21.141876220703125,2011.0,0.9271706342697144,50
c1_044,1,-89.947319,21.188493728637695,2011.0,0.7052794694900513,50
c1_045,1,-89.981811,21.124091,2011.0,0.809322714805603,50
c1_046,1,-90.058879,21.128671646118164,2011.0,0.8132812976837158,50
c1_047,1,-90.075317,21.10361099243164,2011.0,0.8227301239967346,50
c1_048,1,-90.003638,21.150768280029297,2011.0,0.6812584400177002,50
c1_049,1,-90.026543,21.122743,2011.0,0.8401742577552795,50
c1_050,1,-90.108731,21.117623,2011.0,0.8912820219993591,50
c2_001,2,-89.960253,21.154002,2011.0,0.7405226230621338,50
c2_002,2,-90.117623,21.133522033691406,2011.0,0.8229143023490906,50
c2_003,2,-90.07881927490234,21.09229278564453,2011.0,0.939084529876709,50
c2_004,2,-89.978847,21.15022850036621,2011.0,0.9179739952087402,50
c2_005,2,-90.089329,21.09364128112793,2011.0,0.8889354467391968,50
c2_006,2,-90.11412048339844,21.100377,2011.0,0.7552773356437683,50
c2_007,2,-90.106036,21.131635665893555,2011.0,0.8903653621673584,50
c2_008,2,-90.001213,21.145379,2011.0,0.8030397891998291,50
c2_009,2,-89.963217,21.183913,2011.0,0.8786872029304504,50
c2_010,2,-90.10226440429688,21.144301,2011.0,0.9397865533828735,50
c2_011,2,-89.958636,21.125438,2011.0,0.9217998385429382,50
c2_012,2,-90.097413,21.149959564208984,2011.0,0.9564394950866699,50
c2_013,2,-90.100647,21.106845,2011.0,0.7472284436225891,50
c2_014,2,-90.04594421386719,21.111156463623047,2011.0,0.6478013396263123,50
c2_015,2,-90.068849,21.102802276611328,2011.0,0.9057563543319702,50
c2_016,2,-90.118162,21.135947,2011.0,0.7998456358909607,50
c2_017,2,-89.96214294433594,21.120587,2011.0,0.8209701180458069,50
c2_018,2,-89.981541,21.148343,2011.0,0.630106508731842,50
c2_019,2,-90.041364,21.101186,2011.0,0.8634589910507202,50
c2_020,2,-90.082592,21.10064697265625,2011.0,0.808417558670044,50
c2_021,2,-89.945163,21.161008,2011.0,0.7595670819282532,50
c2_022,2,-90.01280212402344,21.118162155151367,2011.0,0.8597099781036377,50
c2_023,2,-89.94165802001953,21.17879295349121,2011.0,0.6202053427696228,50
c2_024,2,-89.940043,21.179332,2011.0,0.6783328056335449,50
c2_025,2,-89.942199,21.169092178344727,2011.0,0.7226341366767883,50
c2_026,2,-90.04837036132812,21.15858268737793,2011.0,0.7621135711669922,50
c2_027,2,-90.018189,21.155078887939453,2011.0,0.791741669178009,50
c2_028,2,-90.018998,21.118701,2011.0,0.6665052771568298,50
c2_029,2,-89.960253,21.166936,2011.0,0.932194709777832,50
c2_030,2,-90.08636474609375,21.13918113708496,2011.0,0.9325401782989502,50
c2_031,2,-90.006871,21.167745,2011.0,0.7244920134544373,50
c2_032,2,-89.9599838256836,21.15750503540039,2011.0,0.6261083483695984,50
c2_033,2,-90.052412,21.115737,2011.0,0.8504680395126343,50
c2_034,2,-90.075586,21.099569,2011.0,0.7689232230186462,50
c2_035,2,-90.108731,21.095796,2011.0,0.6352018117904663,50
c2_036,2,-90.026543,21.155078887939453,2011.0,0.8802706003189087,50
c2_037,2,-90.006871,21.131097,2011.0,0.7902100682258606,50
c2_038,2,-90.080167,21.099838256835938,2011.0,0.8480602502822876,50
c2_039,2,-89.947588,21.136486053466797,2011.0,0.805152177810669,50
c2_040,2,-90.061304,21.10468864440918,2011.0,0.8331681489944458,50
c2_041,2,-90.075856,21.134868621826172,2011.0,0.8579894304275513,50
c2_042,2,-89.99959564208984,21.12004852294922,2011.0,0.8355420231819153,50
c2_043,2,-90.101725,21.08043670654297,2011.0,0.8482652306556702,50
c2_044,2,-90.026004,21.113851,2011.0,0.8531470894813538,50
c2_045,2,-90.118162,21.129209518432617,2011.0,0.9568096399307251,50
c2_046,2,-89.94139099121094,21.172056198120117,2011.0,0.8260300159454346,50
c2_047,2,-89.969685,21.1402587890625,2011.0,0.861579179763794,50
c2_048,2,-90.1038818359375,21.095527,2011.0,0.6776267886161804,50
c2_049,2,-89.99231719970703,21.149690628051758,2011.0,0.7039952278137207,50
c2_050,2,-89.950822,21.121396,2011.0,0.9303240776062012,50
c3_045,3,-89.992859,21.161815643310547,2011.0,0.3241577446460724,50
c3_003,3,-90.034357,21.15858268737793,2011.0,0.3457088768482208,50
c3_026,3,-89.986931,21.149959564208984,2011.0,0.9009411334991455,50
c3_008,3,-90.084209,21.151576,2011.0,0.7431187629699707,50
c3_017,3,-89.970493,21.159929275512695,2011.0,0.8030844926834106,50
c3_004,3,-89.982619,21.180679,2011.0,0.6493763327598572,50
c3_040,3,-89.9742660522461,21.185529708862305,2011.0,0.8839552998542786,50
c3_024,3,-89.97722625732422,21.183913,2011.0,0.6917906403541565,50
c3_013,3,-89.995823,21.13837242126465,2011.0,0.8721265196800232,50
c3_018,3,-90.062113,21.107114,2011.0,0.8410805463790894,50
c3_007,3,-90.088521,21.146995,2011.0,0.5592932105064392,50
c3_014,3,-89.951361,21.199003219604492,2011.0,0.0716211274266243,50
c3_042,3,-89.950283,21.199003219604492,2011.0,0.32916659116744995,50
c3_029,3,-90.000135,21.137563705444336,2011.0,0.9816157817840576,50
c3_005,3,-90.003638,21.111964,2011.0,0.8326925039291382,50
c3_022,3,-90.005524,21.112503051757812,2011.0,0.7878194451332092,50
c3_002,3,-89.953786,21.197656,2011.0,0.692419171333313,50
c3_015,3,-89.940852,21.162086486816406,2011.0,0.7692994475364685,50
c3_020,3,-90.016842,21.116006,2011.0,0.8816432356834412,50
c3_027,3,-89.982619,21.149421,2011.0,0.5478636622428894,50
c3_030,3,-89.942738,21.1674747467041,2011.0,0.8197454810142517,50
c3_050,3,-89.941929,21.168553,2011.0,0.6111111044883728,50
c3_009,3,-89.986392,21.149959564208984,2011.0,0.8961700797080994,50
c3_033,3,-90.039208,21.102802276611328,2011.0,0.7287485003471375,50
c3_038,3,-89.976152,21.169361114501953,2011.0,0.7100043892860413,50
c3_023,3,-89.97183990478516,21.169361114501953,2011.0,0.7302327156066895,50
c3_032,3,-90.00040435791016,21.138642,2011.0,0.7743895053863525,50
c3_046,3,-89.994476,21.137832641601562,2011.0,0.7051945328712463,50
c3_025,3,-89.947049,21.157235,2011.0,0.7554038166999817,50
c3_028,3,-89.976421,21.165858,2011.0,0.7887591123580933,50
c3_036,3,-89.95189666748047,21.162894,2011.0,0.678743839263916,50
c3_021,3,-90.007141,21.131635665893555,2011.0,0.8183426260948181,50
c3_035,3,-90.000943,21.144569396972656,2011.0,0.8182099461555481,50
c3_037,3,-89.97183990478516,21.162086486816406,2011.0,0.8440806269645691,50
c3_039,3,-89.976691,21.168283462524414,2011.0,0.7408151626586914,50
c3_041,3,-89.973996,21.137563705444336,2011.0,0.687986433506012,50
c3_034,3,-90.041364,21.1402587890625,2011.0,0.7077201008796692,50
c3_047,3,-90.028698,21.126246,2011.0,0.8540322780609131,50
c3_048,3,-90.030315,21.124359130859375,2011.0,0.8287177085876465,50
c3_011,3,-90.035974,21.099299,2011.0,0.8134679794311523,50
c3_001,3,-90.080437,21.100377,2011.0,0.8060827851295471,50
c3_006,3,-89.94677734375,21.202237,2011.0,0.8711227774620056,50
c3_019,3,-89.958367,21.172056198120117,2011.0,0.895283043384552,50
c3_031,3,-90.00740814208984,21.113042,2011.0,0.93697190284729,50
c3_010,3,-90.01252746582031,21.114659,2011.0,0.8601541519165039,50
c3_012,3,-90.00768280029297,21.114389419555664,2011.0,0.8160513043403625,50
c3_016,3,-90.045675,21.097951889038086,2011.0,0.6929324865341187,50
c3_043,3,-89.967259,21.189841,2011.0,0.9023265838623047,50
c3_044,3,-90.046214,21.097413,2011.0,0.8120260834693909,50
c3_049,3,-90.016033,21.116006,2011.0,0.806250810623169,50
c4_001,4,-90.002021,21.168822,2011.0,0.4873478412628174,50
c4_002,4,-90.013878,21.166397094726562,2011.0,0.6487346291542053,50
c4_003,4,-90.040286,21.149421,2011.0,0.8478946089744568,50
c4_004,4,-89.94139099121094,21.181487,2011.0,0.7478986978530884,50
c4_005,4,-89.967529,21.183643341064453,2011.0,0.804835855960846,50
c4_006,4,-89.943277,21.200620651245117,2011.0,0.9321867823600769,50
c4_007,4,-89.968068,21.171248,2011.0,0.777062714099884,50
c4_008,4,-90.035705,21.15346336364746,2011.0,0.8697529435157776,50
c4_009,4,-89.967798,21.179332,2011.0,0.15719889104366302,50
c4_010,4,-89.949205,21.194961,2011.0,0.2855670750141144,50
c4_011,4,-89.943007,21.202506,2011.0,0.7774032950401306,50
c4_012,4,-89.945163,21.199811,2011.0,0.3885384798049927,50
c4_013,4,-89.972379,21.174481,2011.0,0.4515050947666168,50
c4_014,4,-90.041633,21.148612,2011.0,0.694841206073761,50
c4_015,4,-89.960792,21.190380096435547,2011.0,0.6703431606292725,50
c4_016,4,-89.958098,21.184452056884766,2011.0,0.7107917666435242,50
c4_017,4,-90.074239,21.133790969848633,2011.0,0.8540900945663452,50
c4_018,4,-89.950822,21.1922664642334,2011.0,0.4653424620628357,50
c4_019,4,-89.996901,21.149959564208984,2011.0,0.7008583545684814,50
c4_020,4,-89.960523,21.186338424682617,2011.0,0.5757854580879211,50
c4_021,4,-89.9465103149414,21.185529708862305,2011.0,0.4005729556083679,50
c4_022,4,-89.957828,21.185529708862305,2011.0,0.6686499714851379,50
c4_023,4,-90.035705,21.144301,2011.0,0.5653831958770752,50
c4_024,4,-90.022501,21.156966,2011.0,0.39704152941703796,50
c4_025,4,-89.981002,21.165319,2011.0,0.6708989143371582,50
c4_026,4,-90.027621,21.162355422973633,2011.0,0.5629778504371643,50
c4_027,4,-89.949475,21.19415283203125,2011.0,0.22615043818950653,50
c4_028,4,-89.940852,21.201428,2011.0,0.9033094048500061,50
c4_029,4,-89.961601,21.190919,2011.0,0.8811829090118408,50
c4_030,4,-90.041364,21.151576,2011.0,0.9495337009429932,50
c4_031,4,-90.062382,21.153732299804688,2011.0,0.6059291362762451,50
c4_032,4,-89.944085,21.193883,2011.0,0.3666210472583771,50
c4_033,4,-89.981811,21.164511,2011.0,0.7823854088783264,50
c4_034,4,-89.940313,21.199811,2011.0,0.5994293689727783,50
c4_035,4,-90.072622,21.132714,2011.0,0.8510840535163879,50
c4_036,4,-89.942738,21.183643341064453,2011.0,0.6197293400764465,50
c4_037,4,-89.9742660522461,21.173673,2011.0,0.7383571863174438,50
c4_038,4,-89.966451,21.182565,2011.0,0.5004092454910278,50
c4_039,4,-90.014147,21.163972,2011.0,0.33823853731155396,50
c4_040,4,-89.944355,21.201428,2011.0,0.7956969141960144,50
c4_041,4,-90.011183,21.148881912231445,2011.0,0.7731764316558838,50
c4_042,4,-90.071814,21.131635665893555,2011.0,0.873131275177002,50
c4_043,4,-90.11438751220703,21.11061668395996,2011.0,0.7428981065750122,50
c4_044,4,-89.956481,21.189302444458008,2011.0,0.7524659633636475,50
c4_045,4,-90.036513,21.153732299804688,2011.0,0.8285056948661804,50
c4_046,4,-89.98235321044922,21.169092178344727,2011.0,0.7759969234466553,50
c4_047,4,-89.992859,21.172864,2011.0,0.5806790590286255,50
c4_048,4,-89.948127,21.191457748413086,2011.0,0.8675361275672913,50
c4_049,4,-90.1195068359375,21.108461380004883,2011.0,0.6791495680809021,50
c4_050,4,-90.094718,21.12301254272461,2011.0,0.6229252219200134,50
c5_045,5,-90.018998,21.166128158569336,2011.0,0.568827748298645,50
c5_008,5,-90.034357,21.155618,2011.0,0.6556262969970703,50
c5_010,5,-89.957289,21.163703,2011.0,0.5782828330993652,50
c5_011,5,-90.004985,21.156696319580078,2011.0,0.8200547099113464,50
c5_012,5,-90.066424,21.154809951782227,2011.0,0.7744272947311401,50
c5_014,5,-90.006871,21.155887603759766,2011.0,0.5422118902206421,50
c5_016,5,-90.002829,21.15642738342285,2011.0,0.7567910552024841,50
c5_022,5,-90.044597,21.154809951782227,2011.0,0.6165046691894531,50
c5_024,5,-89.995284,21.15642738342285,2011.0,0.5758354067802429,50
c5_003,5,-90.056993,21.154541015625,2011.0,0.6708818078041077,50
c5_013,5,-90.020614,21.157235,2011.0,0.4590842127799988,50
c5_020,5,-90.027621,21.156966,2011.0,0.5506453514099121,50
c5_025,5,-90.03301239013672,21.15966033935547,2011.0,0.4264606535434723,50
c5_034,5,-90.012261,21.166397094726562,2011.0,0.6121202111244202,50
c5_040,5,-90.069658,21.154541015625,2011.0,0.6053287386894226,50
c5_041,5,-89.998787,21.156156539916992,2011.0,0.48306480050086975,50
c5_043,5,-90.113042,21.13729476928711,2011.0,0.8483688235282898,50
c5_002,5,-90.042172,21.156156539916992,2011.0,0.38845622539520264,50
c5_004,5,-90.034088,21.156966,2011.0,0.40841469168663025,50
c5_001,5,-89.996093,21.155887603759766,2011.0,0.7946382761001587,50
c5_006,5,-90.035435,21.154809951782227,2011.0,0.7169327735900879,50
c5_015,5,-89.942738,21.172864,2011.0,0.559113621711731,50
c5_018,5,-90.0685806274414,21.152385,2011.0,0.5625012516975403,50
c5_026,5,-89.998248,21.172326,2011.0,0.3034849464893341,50
c5_033,5,-90.01980590820312,21.156966,2011.0,0.7490358948707581,50
c5_036,5,-90.041902,21.15750503540039,2011.0,0.6561439633369446,50
c5_039,5,-90.060496,21.15642738342285,2011.0,0.7396353483200073,50
c5_005,5,-90.041633,21.159929275512695,2011.0,0.6965581178665161,50
c5_009,5,-90.038938,21.154271,2011.0,0.8844416737556458,50
c5_019,5,-90.057262,21.155349,2011.0,0.7770538330078125,50
c5_021,5,-90.089598,21.148073196411133,2011.0,0.7259974479675293,50
c5_030,5,-90.071814,21.151845932006836,2011.0,0.6222211718559265,50
c5_031,5,-90.003099,21.155618,2011.0,0.7539461255073547,50
c5_035,5,-90.095527,21.151845932006836,2011.0,0.6855297684669495,50
c5_037,5,-89.996632,21.160469,2011.0,0.8431484699249268,50
c5_023,5,-89.978038,21.180139541625977,2011.0,0.5761286020278931,50
c5_017,5,-90.040555,21.145917892456055,2011.0,0.5744487047195435,50
c5_027,5,-90.08879089355469,21.150768280029297,2011.0,0.8407054543495178,50
c5_047,5,-90.001213,21.154541015625,2011.0,0.8847578167915344,50
c5_048,5,-90.028429,21.156696319580078,2011.0,0.858772337436676,50
c5_029,5,-90.090407,21.149421,2011.0,0.8417603969573975,50
c5_032,5,-90.079359,21.150768280029297,2011.0,0.8509470820426941,50
c5_038,5,-90.04082489013672,21.156966,2011.0,0.6652449369430542,50
c5_046,5,-90.067233,21.152114868164062,2011.0,0.48107245564460754,50
c5_028,5,-90.095527,21.150499,2011.0,0.78090900182724,50
c5_044,5,-89.973188,21.183374404907227,2011.0,0.4342971742153168,50
c5_042,5,-90.08124542236328,21.149421,2011.0,0.7583040595054626,50
c5_007,5,-90.021962,21.143491744995117,2011.0,0.46852344274520874,50
c10_001,3,-90.028968,21.158313,2011.0,0.4149015545845032,50
c10_005,3,-89.954594,21.163972,2011.0,0.5298281311988831,50
c10_002,3,-90.033549,21.15858268737793,2011.0,0.30093273520469666,50
c10_003,3,-90.030046,21.158044,2011.0,0.41929158568382263,50
c10_004,3,-90.029507,21.157773971557617,2011.0,0.4137150049209595,50
c10_006,3,-90.03301239013672,21.159122467041016,2011.0,0.34748131036758423,50
c10_007,3,-90.03301239013672,21.158044,2011.0,0.33188575506210327,50
c10_009,3,-90.032741,21.15858268737793,2011.0,0.43420645594596863,50
c10_010,3,-90.030585,21.158044,2011.0,0.32783547043800354,50
c10_008,3,-89.95405578613281,21.163972,2011.0,0.4819486141204834,50
c1_051,1,-90.064538,21.118162155151367,2011.0,0.8307203650474548,50
c1_052,1,-90.05322265625,21.112234115600586,2011.0,0.7833384275436401,50
c1_053,1,-90.068041,21.142953,2011.0,0.7765485644340515,50
c1_054,1,-90.00040435791016,21.124359130859375,2011.0,0.7258381247520447,50
c1_055,1,-90.049178,21.1402587890625,2011.0,0.7488519549369812,50
c2_051,2,-90.111695,21.123821258544922,2011.0,0.815657377243042,50
c2_052,2,-90.02277374267578,21.139720916748047,2011.0,0.7549538016319275,50
c2_053,2,-89.941929,21.138911,2011.0,0.8714296221733093,50
c2_054,2,-89.950013,21.130019,2011.0,0.8296147584915161,50
c2_055,2,-90.106306,21.128941,2011.0,0.7982933521270752,50
c3_062,3,-90.086634,21.149690628051758,2011.0,0.604491114616394,50
c3_051,3,-90.010914,21.144301,2011.0,0.832440197467804,50
c3_055,3,-90.079359,21.150499,2011.0,0.43106308579444885,50
c3_058,3,-90.000943,21.171248,2011.0,0.5816144943237305,50
c3_052,3,-90.094179,21.114929,2011.0,0.822658896446228,50
c3_059,3,-90.039208,21.1402587890625,2011.0,0.8397790789604187,50
c3_053,3,-90.013608,21.152114868164062,2011.0,0.8896321058273315,50
c3_060,3,-89.958906,21.12489891052246,2011.0,0.9665061831474304,50
c3_057,3,-90.058071,21.159929275512695,2011.0,0.8017075061798096,50
c3_061,3,-89.973457,21.138911,2011.0,0.7242301106452942,50
c3_064,3,-89.989625,21.149959564208984,2011.0,0.7796382308006287,50
c3_063,3,-90.030046,21.125707,2011.0,0.8161943554878235,50
c3_065,3,-89.972379,21.162086486816406,2011.0,0.8897853493690491,50
c3_054,3,-90.029237,21.101455,2011.0,0.7785888910293579,50
c3_056,3,-90.008758,21.114120483398438,2011.0,0.8379220962524414,50
c4_051,4,-89.958906,21.191997,2011.0,0.5751720070838928,50
c4_052,4,-89.957828,21.178254,2011.0,0.25288671255111694,50
c4_053,4,-89.994476,21.172864,2011.0,0.591657817363739,50
c4_054,4,-89.994745,21.168822,2011.0,0.41637545824050903,50
c4_055,4,-90.0025634765625,21.169631,2011.0,0.42998644709587097,50
c1_001,1,-90.056184,21.12301254272461,2012.0,0.8212213516235352,49
c1_002,1,-89.984506,21.126246,2012.0,0.8184449672698975,49
c1_003,1,-90.070197,21.140798,2012.0,0.8689962029457092,49
c1_004,1,-90.057801,21.145648,2012.0,0.8379427194595337,49
c1_005,1,-90.024926,21.145379,2012.0,0.636921226978302,49
c1_006,1,-89.979386,21.130288,2012.0,0.7364375591278076,49
c1_007,1,-90.08636474609375,21.137025,2012.0,0.87995445728302,49
c1_008,1,-89.952169,21.14322280883789,2012.0,0.8039173483848572,49
c1_009,1,-90.055106,21.138911,2012.0,0.664180338382721,49
c1_010,1,-89.945702,21.14322280883789,2012.0,0.7840549945831299,49
c1_011,1,-89.958098,21.149151,2012.0,0.7953118681907654,49
c1_012,1,-90.036783,21.117354,2012.0,0.8520084619522095,49
c1_013,1,-90.113042,21.085018157958984,2012.0,0.8483012914657593,49
c1_014,1,-89.944085,21.154002,2012.0,0.8759308457374573,49
c1_015,1,-90.065885,21.113581,2012.0,0.6784909963607788,49
c1_016,1,-90.064538,21.121126174926758,2012.0,0.7493428587913513,49
c1_017,1,-90.01280212402344,21.122474,2012.0,0.8228238821029663,49
c1_018,1,-90.013608,21.150499,2012.0,0.8326810002326965,49
c1_019,1,-90.075856,21.141876220703125,2012.0,0.8938757181167603,49
c1_020,1,-90.063729,21.119510650634766,2012.0,0.7246224284172058,49
c1_021,1,-90.112234,21.128671646118164,2012.0,0.7943047881126404,49
c1_022,1,-89.970224,21.131635665893555,2012.0,0.6880452036857605,49
c1_023,1,-90.049448,21.111425399780273,2012.0,0.74883633852005,49
c1_024,1,-90.076933,21.135408401489258,2012.0,0.8754796981811523,49
c1_025,1,-90.09391021728516,21.143762,2012.0,0.8826900124549866,49
c1_026,1,-89.940852,21.145917892456055,2012.0,0.8254851698875427,49
c1_027,1,-89.945163,21.154002,2012.0,0.8232875466346741,49
c1_028,1,-90.098491,21.127324,2012.0,0.8586447238922119,49
c1_029,1,-90.003368,21.149421,2012.0,0.5824512243270874,49
c1_030,1,-89.972918,21.124629,2012.0,0.8543479442596436,49
c1_031,1,-90.003907,21.124359130859375,2012.0,0.8061299324035645,49
c1_032,1,-90.066694,21.0987606048584,2012.0,0.8288671970367432,49
c1_033,1,-89.994745,21.123552322387695,2012.0,0.7344080209732056,49
c1_034,1,-90.08879089355469,21.142953,2012.0,0.826739490032196,49
c1_035,1,-90.063191,21.110887,2012.0,0.7349601984024048,49
c1_036,1,-89.960523,21.137563705444336,2012.0,0.8469913601875305,49
c1_037,1,-90.094179,21.093371,2012.0,0.8134943842887878,49
c1_038,1,-90.0025634765625,21.122743,2012.0,0.7621227502822876,49
c1_039,1,-90.051334,21.132714,2012.0,0.6131160259246826,49
c1_040,1,-90.066694,21.13837242126465,2012.0,0.7938447594642639,49
c1_041,1,-90.116815,21.0882511138916,2012.0,0.8117629885673523,49
c1_042,1,-90.057801,21.148612,2012.0,0.856140673160553,49
c1_043,1,-90.080706,21.141876220703125,2012.0,0.79246985912323,49
c1_044,1,-89.947319,21.188493728637695,2012.0,0.8174653053283691,49
c1_045,1,-89.981811,21.124091,2012.0,0.8443626165390015,49
c1_046,1,-90.058879,21.128671646118164,2012.0,0.7168564796447754,49
c1_047,1,-90.075317,21.10361099243164,2012.0,0.8056172728538513,49
c1_048,1,-90.003638,21.150768280029297,2012.0,0.6888169050216675,49
c1_049,1,-90.026543,21.122743,2012.0,0.8411852717399597,49
c1_050,1,-90.108731,21.117623,2012.0,0.8442410826683044,49
c2_001,2,-89.960253,21.154002,2012.0,0.7483608722686768,49
c2_002,2,-90.117623,21.133522033691406,2012.0,0.7997024059295654,49
c2_003,2,-90.07881927490234,21.09229278564453,2012.0,0.8133836984634399,49
c2_004,2,-89.978847,21.15022850036621,2012.0,0.6919443011283875,49
c2_005,2,-90.089329,21.09364128112793,2012.0,0.8550605177879333,49
c2_006,2,-90.11412048339844,21.100377,2012.0,0.7149571180343628,49
c2_007,2,-90.106036,21.131635665893555,2012.0,0.927793025970459,49
c2_008,2,-90.001213,21.145379,2012.0,0.7495227456092834,49
c2_009,2,-89.963217,21.183913,2012.0,0.8410947918891907,49
c2_010,2,-90.10226440429688,21.144301,2012.0,0.8342278599739075,49
c2_011,2,-89.958636,21.125438,2012.0,0.8664065599441528,49
c2_012,2,-90.097413,21.149959564208984,2012.0,0.8947480320930481,49
c2_013,2,-90.100647,21.106845,2012.0,0.7141916751861572,49
c2_014,2,-90.04594421386719,21.111156463623047,2012.0,0.6217449307441711,49
c2_015,2,-90.068849,21.102802276611328,2012.0,0.8857906460762024,49
c2_016,2,-90.118162,21.135947,2012.0,0.7669200897216797,49
c2_017,2,-89.96214294433594,21.120587,2012.0,0.8330974578857422,49
c2_018,2,-89.981541,21.148343,2012.0,0.5984190702438354,49
c2_019,2,-90.041364,21.101186,2012.0,0.8232482671737671,49
c2_020,2,-90.082592,21.10064697265625,2012.0,0.8361395597457886,49
c2_021,2,-89.945163,21.161008,2012.0,0.762916624546051,49
c2_022,2,-90.01280212402344,21.118162155151367,2012.0,0.7832015156745911,49
c2_023,2,-89.94165802001953,21.17879295349121,2012.0,0.6672533750534058,49
c2_024,2,-89.940043,21.179332,2012.0,0.6417033076286316,49
c2_025,2,-89.942199,21.169092178344727,2012.0,0.7673141956329346,49
c2_026,2,-90.04837036132812,21.15858268737793,2012.0,0.8239734768867493,49
c2_027,2,-90.018189,21.155078887939453,2012.0,0.8231870532035828,49
c2_028,2,-90.018998,21.118701,2012.0,0.7492054104804993,49
c2_029,2,-89.960253,21.166936,2012.0,0.8776015043258667,49
c2_030,2,-90.08636474609375,21.13918113708496,2012.0,0.9249123334884644,49
c2_031,2,-90.006871,21.167745,2012.0,0.6854762434959412,49
c2_032,2,-89.9599838256836,21.15750503540039,2012.0,0.6275526881217957,49
c2_033,2,-90.052412,21.115737,2012.0,0.8122405409812927,49
c2_034,2,-90.075586,21.099569,2012.0,0.7653852105140686,49
c2_035,2,-90.108731,21.095796,2012.0,0.7629042863845825,49
c2_036,2,-90.026543,21.155078887939453,2012.0,0.8393240571022034,49
c2_037,2,-90.006871,21.131097,2012.0,0.7751997709274292,49
c2_038,2,-90.080167,21.099838256835938,2012.0,0.8364182114601135,49
c2_039,2,-89.947588,21.136486053466797,2012.0,0.920718789100647,49
c2_040,2,-90.061304,21.10468864440918,2012.0,0.8464910984039307,49
c2_041,2,-90.075856,21.134868621826172,2012.0,0.8486325144767761,49
c2_042,2,-89.99959564208984,21.12004852294922,2012.0,0.7520880699157715,49
c2_043,2,-90.101725,21.08043670654297,2012.0,0.8239635825157166,49
c2_044,2,-90.026004,21.113851,2012.0,0.8185625672340393,49
c2_045,2,-90.118162,21.129209518432617,2012.0,0.8881150484085083,49
c2_046,2,-89.94139099121094,21.172056198120117,2012.0,0.8425737619400024,49
c2_047,2,-89.969685,21.1402587890625,2012.0,0.835810124874115,49
c2_048,2,-90.1038818359375,21.095527,2012.0,0.7061605453491211,49
c2_049,2,-89.99231719970703,21.149690628051758,2012.0,0.7020843029022217,49
c2_050,2,-89.950822,21.121396,2012.0,0.8653079271316528,49
c3_045,3,-89.992859,21.161815643310547,2012.0,0.12935121357440948,49
c3_003,3,-90.034357,21.15858268737793,2012.0,0.20219776034355164,49
c3_026,3,-89.986931,21.149959564208984,2012.0,0.8803064227104187,49
c3_008,3,-90.084209,21.151576,2012.0,0.6409146189689636,49
c3_017,3,-89.970493,21.159929275512695,2012.0,0.7305586338043213,49
c3_004,3,-89.982619,21.180679,2012.0,0.5942919254302979,49
c3_040,3,-89.9742660522461,21.185529708862305,2012.0,0.876069962978363,49
c3_024,3,-89.97722625732422,21.183913,2012.0,0.7811798453330994,49
c3_013,3,-89.995823,21.13837242126465,2012.0,0.8723239302635193,49
c3_018,3,-90.062113,21.107114,2012.0,0.9120102524757385,49
c3_007,3,-90.088521,21.146995,2012.0,0.5942002534866333,49
c3_014,3,-89.951361,21.199003219604492,2012.0,0.24975445866584778,49
c3_042,3,-89.950283,21.199003219604492,2012.0,0.4016357660293579,49
c3_029,3,-90.000135,21.137563705444336,2012.0,0.7810424566268921,49
c3_005,3,-90.003638,21.111964,2012.0,0.802859902381897,49
c3_022,3,-90.005524,21.112503051757812,2012.0,0.7520718574523926,49
c3_002,3,-89.953786,21.197656,2012.0,0.7815560102462769,49
c3_015,3,-89.940852,21.162086486816406,2012.0,0.7621539235115051,49
c3_020,3,-90.016842,21.116006,2012.0,0.8120343089103699,49
c3_027,3,-89.982619,21.149421,2012.0,0.6144980192184448,49
c3_030,3,-89.942738,21.1674747467041,2012.0,0.6984842419624329,49
c3_050,3,-89.941929,21.168553,2012.0,0.6846354007720947,49
c3_009,3,-89.986392,21.149959564208984,2012.0,0.8662652969360352,49
c3_033,3,-90.039208,21.102802276611328,2012.0,0.8074220418930054,49
c3_038,3,-89.976152,21.169361114501953,2012.0,0.6654161214828491,49
c3_023,3,-89.97183990478516,21.169361114501953,2012.0,0.6872380375862122,49
c3_032,3,-90.00040435791016,21.138642,2012.0,0.647888720035553,49
c3_046,3,-89.994476,21.137832641601562,2012.0,0.6716834306716919,49
c3_025,3,-89.947049,21.157235,2012.0,0.7446751594543457,49
c3_028,3,-89.976421,21.165858,2012.0,0.7978733777999878,49
c3_036,3,-89.95189666748047,21.162894,2012.0,0.6424547433853149,49
c3_021,3,-90.007141,21.131635665893555,2012.0,0.7970897555351257,49
c3_035,3,-90.000943,21.144569396972656,2012.0,0.7440979480743408,49
c3_037,3,-89.97183990478516,21.162086486816406,2012.0,0.7977055311203003,49
c3_039,3,-89.976691,21.168283462524414,2012.0,0.6870684623718262,49
c3_041,3,-89.973996,21.137563705444336,2012.0,0.718914806842804,49
c3_034,3,-90.041364,21.1402587890625,2012.0,0.7504079937934875,49
c3_047,3,-90.028698,21.126246,2012.0,0.8405648469924927,49
c3_048,3,-90.030315,21.124359130859375,2012.0,0.7456827163696289,49
c3_011,3,-90.035974,21.099299,2012.0,0.7593353986740112,49
c3_001,3,-90.080437,21.100377,2012.0,0.8133546710014343,49
c3_006,3,-89.94677734375,21.202237,2012.0,0.8943831920623779,49
c3_019,3,-89.958367,21.172056198120117,2012.0,0.9008822441101074,49
c3_031,3,-90.00740814208984,21.113042,2012.0,0.7756947875022888,49
c3_010,3,-90.01252746582031,21.114659,2012.0,0.803902804851532,49
c3_012,3,-90.00768280029297,21.114389419555664,2012.0,0.7154114246368408,49
c3_016,3,-90.045675,21.097951889038086,2012.0,0.8613964319229126,49
c3_043,3,-89.967259,21.189841,2012.0,0.8802440166473389,49
c3_044,3,-90.046214,21.097413,2012.0,0.985785186290741,49
c3_049,3,-90.016033,21.116006,2012.0,0.7613259553909302,49
c4_001,4,-90.002021,21.168822,2012.0,0.3994523882865906,49
c4_002,4,-90.013878,21.166397094726562,2012.0,0.43928197026252747,49
c4_003,4,-90.040286,21.149421,2012.0,0.8135766386985779,49
c4_004,4,-89.94139099121094,21.181487,2012.0,0.7492361664772034,49
c4_005,4,-89.967529,21.183643341064453,2012.0,0.7797166705131531,49
c4_006,4,-89.943277,21.200620651245117,2012.0,0.8339033722877502,49
c4_007,4,-89.968068,21.171248,2012.0,0.7540189623832703,49
c4_008,4,-90.035705,21.15346336364746,2012.0,0.7977539896965027,49
c4_009,4,-89.967798,21.179332,2012.0,-0.18526776134967804,49
c4_010,4,-89.949205,21.194961,2012.0,0.1598130315542221,49
c4_011,4,-89.943007,21.202506,2012.0,0.7037189602851868,49
c4_012,4,-89.945163,21.199811,2012.0,0.35829561948776245,49
c4_013,4,-89.972379,21.174481,2012.0,0.6881616711616516,49
c4_014,4,-90.041633,21.148612,2012.0,0.8225504755973816,49
c4_015,4,-89.960792,21.190380096435547,2012.0,0.7706617116928101,49
c4_016,4,-89.958098,21.184452056884766,2012.0,0.6280675530433655,49
c4_017,4,-90.074239,21.133790969848633,2012.0,0.8605195879936218,49
c4_018,4,-89.950822,21.1922664642334,2012.0,0.3547089397907257,49
c4_019,4,-89.996901,21.149959564208984,2012.0,0.739358127117157,49
c4_020,4,-89.960523,21.186338424682617,2012.0,0.4925493001937866,49
c4_021,4,-89.9465103149414,21.185529708862305,2012.0,0.12831267714500427,49
c4_022,4,-89.957828,21.185529708862305,2012.0,0.6381142139434814,49
c4_023,4,-90.035705,21.144301,2012.0,0.5855146646499634,49
c4_024,4,-90.022501,21.156966,2012.0,0.34926480054855347,49
c4_025,4,-89.981002,21.165319,2012.0,0.6877166628837585,49
c4_026,4,-90.027621,21.162355422973633,2012.0,0.3697337210178375,49
c4_027,4,-89.949475,21.19415283203125,2012.0,-0.06596571207046509,49
c4_028,4,-89.940852,21.201428,2012.0,0.8320400714874268,49
c4_029,4,-89.961601,21.190919,2012.0,0.8550159335136414,49
c4_030,4,-90.041364,21.151576,2012.0,0.8397946357727051,49
c4_031,4,-90.062382,21.153732299804688,2012.0,0.6372401714324951,49
c4_032,4,-89.944085,21.193883,2012.0,0.2105991542339325,49
c4_033,4,-89.981811,21.164511,2012.0,0.7274491786956787,49
c4_034,4,-89.940313,21.199811,2012.0,0.5470312833786011,49
c4_035,4,-90.072622,21.132714,2012.0,0.8122473955154419,49
c4_036,4,-89.942738,21.183643341064453,2012.0,0.5271406173706055,49
c4_037,4,-89.9742660522461,21.173673,2012.0,0.8241992592811584,49
c4_038,4,-89.966451,21.182565,2012.0,0.38520506024360657,49
c4_039,4,-90.014147,21.163972,2012.0,0.07454709708690643,49
c4_040,4,-89.944355,21.201428,2012.0,0.7520616054534912,49
c4_041,4,-90.011183,21.148881912231445,2012.0,0.6625064611434937,49
c4_042,4,-90.071814,21.131635665893555,2012.0,0.7954358458518982,49
c4_043,4,-90.11438751220703,21.11061668395996,2012.0,0.6687853932380676,49
c4_044,4,-89.956481,21.189302444458008,2012.0,0.8228909969329834,49
c4_045,4,-90.036513,21.153732299804688,2012.0,0.7306587100028992,49
c4_046,4,-89.98235321044922,21.169092178344727,2012.0,0.7538581490516663,49
c4_047,4,-89.992859,21.172864,2012.0,0.1902073323726654,49
c4_048,4,-89.948127,21.191457748413086,2012.0,0.7723212838172913,49
c4_049,4,-90.1195068359375,21.108461380004883,2012.0,0.6408982276916504,49
c4_050,4,-90.094718,21.12301254272461,2012.0,0.5873810648918152,49
c5_045,5,-90.018998,21.166128158569336,2012.0,0.5095046162605286,49
c5_008,5,-90.034357,21.155618,2012.0,0.6992650628089905,49
c5_010,5,-89.957289,21.163703,2012.0,0.6182408332824707,49
c5_011,5,-90.004985,21.156696319580078,2012.0,0.8273175358772278,49
c5_012,5,-90.066424,21.154809951782227,2012.0,0.677722692489624,49
c5_014,5,-90.006871,21.155887603759766,2012.0,0.47539016604423523,49
c5_016,5,-90.002829,21.15642738342285,2012.0,0.6814568042755127,49
c5_022,5,-90.044597,21.154809951782227,2012.0,0.7042682766914368,49
c5_024,5,-89.995284,21.15642738342285,2012.0,0.5777112245559692,49
c5_003,5,-90.056993,21.154541015625,2012.0,0.60738205909729,49
c5_013,5,-90.020614,21.157235,2012.0,0.4256294369697571,49
c5_020,5,-90.027621,21.156966,2012.0,0.5665719509124756,49
c5_025,5,-90.03301239013672,21.15966033935547,2012.0,0.1994571089744568,49
c5_034,5,-90.012261,21.166397094726562,2012.0,0.6042227149009705,49
c5_040,5,-90.069658,21.154541015625,2012.0,0.635951817035675,49
c5_041,5,-89.998787,21.156156539916992,2012.0,0.5200929641723633,49
c5_043,5,-90.113042,21.13729476928711,2012.0,0.6588425636291504,49
c5_002,5,-90.042172,21.156156539916992,2012.0,0.32275593280792236,49
c5_004,5,-90.034088,21.156966,2012.0,0.48958122730255127,49
c5_001,5,-89.996093,21.155887603759766,2012.0,0.7602495551109314,49
c5_006,5,-90.035435,21.154809951782227,2012.0,0.7559418678283691,49
c5_015,5,-89.942738,21.172864,2012.0,0.4825161397457123,49
c5_018,5,-90.0685806274414,21.152385,2012.0,0.3882697820663452,49
c5_026,5,-89.998248,21.172326,2012.0,0.30600473284721375,49
c5_033,5,-90.01980590820312,21.156966,2012.0,0.7265831232070923,49
c5_036,5,-90.041902,21.15750503540039,2012.0,0.6954271197319031,49
c5_039,5,-90.060496,21.15642738342285,2012.0,0.6655944585800171,49
c5_005,5,-90.041633,21.159929275512695,2012.0,0.6074257493019104,49
c5_009,5,-90.038938,21.154271,2012.0,0.8409017324447632,49
c5_019,5,-90.057262,21.155349,2012.0,0.5483413338661194,49
c5_021,5,-90.089598,21.148073196411133,2012.0,0.5407941341400146,49
c5_030,5,-90.071814,21.151845932006836,2012.0,0.45973971486091614,49
c5_031,5,-90.003099,21.155618,2012.0,0.7500842213630676,49
c5_035,5,-90.095527,21.151845932006836,2012.0,0.6435844302177429,49
c5_037,5,-89.996632,21.160469,2012.0,0.816648542881012,49
c5_023,5,-89.978038,21.180139541625977,2012.0,0.6514410972595215,49
c5_017,5,-90.040555,21.145917892456055,2012.0,0.5986542105674744,49
c5_027,5,-90.08879089355469,21.150768280029297,2012.0,0.7637580037117004,49
c5_047,5,-90.001213,21.154541015625,2012.0,0.8249021172523499,49
c5_048,5,-90.028429,21.156696319580078,2012.0,0.7856471538543701,49
c5_029,5,-90.090407,21.149421,2012.0,0.5699755549430847,49
c5_032,5,-90.079359,21.150768280029297,2012.0,0.4643632471561432,49
c5_038,5,-90.04082489013672,21.156966,2012.0,0.7613226771354675,49
c5_046,5,-90.067233,21.152114868164062,2012.0,0.5549741387367249,49
c5_028,5,-90.095527,21.150499,2012.0,0.7370138764381409,49
c5_044,5,-89.973188,21.183374404907227,2012.0,0.5299968719482422,49
c5_042,5,-90.08124542236328,21.149421,2012.0,0.47773072123527527,49
c5_007,5,-90.021962,21.143491744995117,2012.0,0.46274620294570923,49
c10_001,3,-90.028968,21.158313,2012.0,0.22257737815380096,49
c10_005,3,-89.954594,21.163972,2012.0,0.6004341244697571,49
c10_002,3,-90.033549,21.15858268737793,2012.0,0.17847611010074615,49
c10_003,3,-90.030046,21.158044,2012.0,0.3978072702884674,49
c10_004,3,-90.029507,21.157773971557617,2012.0,0.39591872692108154,49
c10_006,3,-90.03301239013672,21.159122467041016,2012.0,0.2120017558336258,49
c10_007,3,-90.03301239013672,21.158044,2012.0,0.2858864367008209,49
c10_009,3,-90.032741,21.15858268737793,2012.0,0.24637100100517273,49
c10_010,3,-90.030585,21.158044,2012.0,0.3181394934654236,49
c10_008,3,-89.95405578613281,21.163972,2012.0,0.4610527455806732,49
c1_051,1,-90.064538,21.118162155151367,2012.0,0.7167816758155823,49
c1_052,1,-90.05322265625,21.112234115600586,2012.0,0.7464893460273743,49
c1_053,1,-90.068041,21.142953,2012.0,0.8480154275894165,49
c1_054,1,-90.00040435791016,21.124359130859375,2012.0,0.7719318270683289,49
c1_055,1,-90.049178,21.1402587890625,2012.0,0.6850197315216064,49
c2_051,2,-90.111695,21.123821258544922,2012.0,0.8821057081222534,49
c2_052,2,-90.02277374267578,21.139720916748047,2012.0,0.8254249691963196,49
c2_053,2,-89.941929,21.138911,2012.0,0.8823257684707642,49
c2_054,2,-89.950013,21.130019,2012.0,0.8371217250823975,49
c2_055,2,-90.106306,21.128941,2012.0,0.8353832364082336,49
c3_062,3,-90.086634,21.149690628051758,2012.0,0.4719568192958832,49
c3_051,3,-90.010914,21.144301,2012.0,0.8490489721298218,49
c3_055,3,-90.079359,21.150499,2012.0,0.4643632471561432,49
c3_058,3,-90.000943,21.171248,2012.0,0.5894694924354553,49
c3_052,3,-90.094179,21.114929,2012.0,0.7102489471435547,49
c3_059,3,-90.039208,21.1402587890625,2012.0,0.7970353960990906,49
c3_053,3,-90.013608,21.152114868164062,2012.0,0.8899691700935364,49
c3_060,3,-89.958906,21.12489891052246,2012.0,0.9043374061584473,49
c3_057,3,-90.058071,21.159929275512695,2012.0,0.8175755739212036,49
c3_061,3,-89.973457,21.138911,2012.0,0.779313325881958,49
c3_064,3,-89.989625,21.149959564208984,2012.0,0.7263064980506897,49
c3_063,3,-90.030046,21.125707,2012.0,0.76413893699646,49
c3_065,3,-89.972379,21.162086486816406,2012.0,0.8438805937767029,49
c3_054,3,-90.029237,21.101455,2012.0,0.8002147674560547,49
c3_056,3,-90.008758,21.114120483398438,2012.0,0.7503448724746704,49
c4_051,4,-89.958906,21.191997,2012.0,0.5420712232589722,49
c4_052,4,-89.957828,21.178254,2012.0,0.19953081011772156,49
c4_053,4,-89.994476,21.172864,2012.0,0.4852460026741028,49
c4_054,4,-89.994745,21.168822,2012.0,0.41851383447647095,49
c4_055,4,-90.0025634765625,21.169631,2012.0,0.4100198745727539,49
c1_001,1,-90.056184,21.12301254272461,2013.0,0.8575266003608704,73
c1_002,1,-89.984506,21.126246,2013.0,0.8329256176948547,73
c1_003,1,-90.070197,21.140798,2013.0,0.8449229598045349,73
c1_004,1,-90.057801,21.145648,2013.0,0.8571723699569702,73
c1_005,1,-90.024926,21.145379,2013.0,0.7109385132789612,73
c1_006,1,-89.979386,21.130288,2013.0,0.7838955521583557,73
c1_007,1,-90.08636474609375,21.137025,2013.0,0.9791758060455322,73
c1_008,1,-89.952169,21.14322280883789,2013.0,0.83861243724823,73
c1_009,1,-90.055106,21.138911,2013.0,0.8623989820480347,73
c1_010,1,-89.945702,21.14322280883789,2013.0,0.8843462467193604,73
c1_011,1,-89.958098,21.149151,2013.0,0.833124041557312,73
c1_012,1,-90.036783,21.117354,2013.0,0.8750160336494446,73
c1_013,1,-90.113042,21.085018157958984,2013.0,0.8656333684921265,73
c1_014,1,-89.944085,21.154002,2013.0,0.8765774965286255,73
c1_015,1,-90.065885,21.113581,2013.0,0.7745938301086426,73
c1_016,1,-90.064538,21.121126174926758,2013.0,0.8051284551620483,73
c1_017,1,-90.01280212402344,21.122474,2013.0,0.8255334496498108,73
c1_018,1,-90.013608,21.150499,2013.0,0.9145440459251404,73
c1_019,1,-90.075856,21.141876220703125,2013.0,0.8773038387298584,73
c1_020,1,-90.063729,21.119510650634766,2013.0,0.8762734532356262,73
c1_021,1,-90.112234,21.128671646118164,2013.0,0.7876304984092712,73
c1_022,1,-89.970224,21.131635665893555,2013.0,0.7372071743011475,73
c1_023,1,-90.049448,21.111425399780273,2013.0,0.807827889919281,73
c1_024,1,-90.076933,21.135408401489258,2013.0,0.9773741364479065,73
c1_025,1,-90.09391021728516,21.143762,2013.0,0.8587211966514587,73
c1_026,1,-89.940852,21.145917892456055,2013.0,0.8613698482513428,73
c1_027,1,-89.945163,21.154002,2013.0,0.9952722191810608,73
c1_028,1,-90.098491,21.127324,2013.0,0.8661789894104004,73
c1_029,1,-90.003368,21.149421,2013.0,0.6618967056274414,73
c1_030,1,-89.972918,21.124629,2013.0,0.8785483837127686,73
c1_031,1,-90.003907,21.124359130859375,2013.0,0.9095050096511841,73
c1_032,1,-90.066694,21.0987606048584,2013.0,0.8126692771911621,73
c1_033,1,-89.994745,21.123552322387695,2013.0,0.8025067448616028,73
c1_034,1,-90.08879089355469,21.142953,2013.0,0.8917165398597717,73
c1_035,1,-90.063191,21.110887,2013.0,0.7937410473823547,73
c1_036,1,-89.960523,21.137563705444336,2013.0,0.8543689250946045,73
c1_037,1,-90.094179,21.093371,2013.0,0.7983719110488892,73
c1_038,1,-90.0025634765625,21.122743,2013.0,0.8189149498939514,73
c1_039,1,-90.051334,21.132714,2013.0,0.7244586944580078,73
c1_040,1,-90.066694,21.13837242126465,2013.0,0.839188814163208,73
c1_041,1,-90.116815,21.0882511138916,2013.0,0.7928045392036438,73
c1_042,1,-90.057801,21.148612,2013.0,0.8926830291748047,73
c1_043,1,-90.080706,21.141876220703125,2013.0,0.905040442943573,73
c1_044,1,-89.947319,21.188493728637695,2013.0,0.7758964896202087,73
c1_045,1,-89.981811,21.124091,2013.0,0.851546049118042,73
c1_046,1,-90.058879,21.128671646118164,2013.0,0.8166617751121521,73
c1_047,1,-90.075317,21.10361099243164,2013.0,0.8102603554725647,73
c1_048,1,-90.003638,21.150768280029297,2013.0,0.7551388144493103,73
c1_049,1,-90.026543,21.122743,2013.0,0.8765762448310852,73
c1_050,1,-90.108731,21.117623,2013.0,0.8404194116592407,73
c2_001,2,-89.960253,21.154002,2013.0,0.7774779200553894,73
c2_002,2,-90.117623,21.133522033691406,2013.0,0.8871309757232666,73
c2_003,2,-90.07881927490234,21.09229278564453,2013.0,0.828420102596283,73
c2_004,2,-89.978847,21.15022850036621,2013.0,0.6510993838310242,73
c2_005,2,-90.089329,21.09364128112793,2013.0,0.8615607619285583,73
c2_006,2,-90.11412048339844,21.100377,2013.0,0.7369071245193481,73
c2_007,2,-90.106036,21.131635665893555,2013.0,0.9612172842025757,73
c2_008,2,-90.001213,21.145379,2013.0,0.7758582830429077,73
c2_009,2,-89.963217,21.183913,2013.0,0.8918120265007019,73
c2_010,2,-90.10226440429688,21.144301,2013.0,0.8864007592201233,73
c2_011,2,-89.958636,21.125438,2013.0,0.9132010340690613,73
c2_012,2,-90.097413,21.149959564208984,2013.0,0.9209458231925964,73
c2_013,2,-90.100647,21.106845,2013.0,0.7165448069572449,73
c2_014,2,-90.04594421386719,21.111156463623047,2013.0,0.6917729377746582,73
c2_015,2,-90.068849,21.102802276611328,2013.0,0.9808691143989563,73
c2_016,2,-90.118162,21.135947,2013.0,0.8518921732902527,73
c2_017,2,-89.96214294433594,21.120587,2013.0,0.8808645606040955,73
c2_018,2,-89.981541,21.148343,2013.0,0.5821272134780884,73
c2_019,2,-90.041364,21.101186,2013.0,0.8664354681968689,73
c2_020,2,-90.082592,21.10064697265625,2013.0,0.8577727675437927,73
c2_021,2,-89.945163,21.161008,2013.0,0.8180522322654724,73
c2_022,2,-90.01280212402344,21.118162155151367,2013.0,0.8311193585395813,73
c2_023,2,-89.94165802001953,21.17879295349121,2013.0,0.6959372758865356,73
c2_024,2,-89.940043,21.179332,2013.0,0.6513237357139587,73
c2_025,2,-89.942199,21.169092178344727,2013.0,0.7674418687820435,73
c2_026,2,-90.04837036132812,21.15858268737793,2013.0,0.9126363396644592,73
c2_027,2,-90.018189,21.155078887939453,2013.0,0.8979510068893433,73
c2_028,2,-90.018998,21.118701,2013.0,0.8851796388626099,73
c2_029,2,-89.960253,21.166936,2013.0,0.8953659534454346,73
c2_030,2,-90.08636474609375,21.13918113708496,2013.0,0.9741983413696289,73
c2_031,2,-90.006871,21.167745,2013.0,0.8766700029373169,73
c2_032,2,-89.9599838256836,21.15750503540039,2013.0,0.6900278329849243,73
c2_033,2,-90.052412,21.115737,2013.0,0.8208531141281128,73
c2_034,2,-90.075586,21.099569,2013.0,0.802559494972229,73
c2_035,2,-90.108731,21.095796,2013.0,0.7206628918647766,73
c2_036,2,-90.026543,21.155078887939453,2013.0,0.8973050713539124,73
c2_037,2,-90.006871,21.131097,2013.0,0.8406681418418884,73
c2_038,2,-90.080167,21.099838256835938,2013.0,0.8433172702789307,73
c2_039,2,-89.947588,21.136486053466797,2013.0,0.8567653894424438,73
c2_040,2,-90.061304,21.10468864440918,2013.0,0.8320584297180176,73
c2_041,2,-90.075856,21.134868621826172,2013.0,0.844093918800354,73
c2_042,2,-89.99959564208984,21.12004852294922,2013.0,0.8049410581588745,73
c2_043,2,-90.101725,21.08043670654297,2013.0,0.8211250305175781,73
c2_044,2,-90.026004,21.113851,2013.0,0.8701316118240356,73
c2_045,2,-90.118162,21.129209518432617,2013.0,0.900705873966217,73
c2_046,2,-89.94139099121094,21.172056198120117,2013.0,0.8359153270721436,73
c2_047,2,-89.969685,21.1402587890625,2013.0,0.830400824546814,73
c2_048,2,-90.1038818359375,21.095527,2013.0,0.6924988031387329,73
c2_049,2,-89.99231719970703,21.149690628051758,2013.0,0.7186549305915833,73
c2_050,2,-89.950822,21.121396,2013.0,0.8796019554138184,73
c3_045,3,-89.992859,21.161815643310547,2013.0,0.149214506149292,73
c3_003,3,-90.034357,21.15858268737793,2013.0,0.11152054369449615,73
c3_026,3,-89.986931,21.149959564208984,2013.0,0.8931161165237427,73
c3_008,3,-90.084209,21.151576,2013.0,0.8523228764533997,73
c3_017,3,-89.970493,21.159929275512695,2013.0,0.7713035941123962,73
c3_004,3,-89.982619,21.180679,2013.0,0.7056547403335571,73
c3_040,3,-89.9742660522461,21.185529708862305,2013.0,0.8974834680557251,73
c3_024,3,-89.97722625732422,21.183913,2013.0,0.9263025522232056,73
c3_013,3,-89.995823,21.13837242126465,2013.0,0.8592850565910339,73
c3_018,3,-90.062113,21.107114,2013.0,0.9084039926528931,73
c3_007,3,-90.088521,21.146995,2013.0,0.8735656142234802,73
c3_014,3,-89.951361,21.199003219604492,2013.0,0.31143829226493835,73
c3_042,3,-89.950283,21.199003219604492,2013.0,0.4925660490989685,73
c3_029,3,-90.000135,21.137563705444336,2013.0,0.7376685738563538,73
c3_005,3,-90.003638,21.111964,2013.0,0.8415928483009338,73
c3_022,3,-90.005524,21.112503051757812,2013.0,0.949895441532135,73
c3_002,3,-89.953786,21.197656,2013.0,0.8069524765014648,73
c3_015,3,-89.940852,21.162086486816406,2013.0,0.7890624403953552,73
c3_020,3,-90.016842,21.116006,2013.0,0.8802821636199951,73
c3_027,3,-89.982619,21.149421,2013.0,0.5905348658561707,73
c3_030,3,-89.942738,21.1674747467041,2013.0,0.727095901966095,73
c3_050,3,-89.941929,21.168553,2013.0,0.6232025027275085,73
c3_009,3,-89.986392,21.149959564208984,2013.0,0.8732509613037109,73
c3_033,3,-90.039208,21.102802276611328,2013.0,0.8259817361831665,73
c3_038,3,-89.976152,21.169361114501953,2013.0,0.6920979022979736,73
c3_023,3,-89.97183990478516,21.169361114501953,2013.0,0.6125655770301819,73
c3_032,3,-90.00040435791016,21.138642,2013.0,0.8119364976882935,73
c3_046,3,-89.994476,21.137832641601562,2013.0,0.6891019940376282,73
c3_025,3,-89.947049,21.157235,2013.0,0.7472590804100037,73
c3_028,3,-89.976421,21.165858,2013.0,0.7428130507469177,73
c3_036,3,-89.95189666748047,21.162894,2013.0,0.6264428496360779,73
c3_021,3,-90.007141,21.131635665893555,2013.0,0.8003243803977966,73
c3_035,3,-90.000943,21.144569396972656,2013.0,0.7861247062683105,73
c3_037,3,-89.97183990478516,21.162086486816406,2013.0,0.7870312929153442,73
c3_039,3,-89.976691,21.168283462524414,2013.0,0.6616097688674927,73
c3_041,3,-89.973996,21.137563705444336,2013.0,0.723598301410675,73
c3_034,3,-90.041364,21.1402587890625,2013.0,0.7430774569511414,73
c3_047,3,-90.028698,21.126246,2013.0,0.8677800893783569,73
c3_048,3,-90.030315,21.124359130859375,2013.0,0.7714263200759888,73
c3_011,3,-90.035974,21.099299,2013.0,0.8303707838058472,73
c3_001,3,-90.080437,21.100377,2013.0,0.8118853569030762,73
c3_006,3,-89.94677734375,21.202237,2013.0,0.9821954369544983,73
c3_019,3,-89.958367,21.172056198120117,2013.0,0.8847222924232483,73
c3_031,3,-90.00740814208984,21.113042,2013.0,0.9853343963623047,73
c3_010,3,-90.01252746582031,21.114659,2013.0,0.8637961149215698,73
c3_012,3,-90.00768280029297,21.114389419555664,2013.0,0.9138004779815674,73
c3_016,3,-90.045675,21.097951889038086,2013.0,0.825570285320282,73
c3_043,3,-89.967259,21.189841,2013.0,0.8915878534317017,73
c3_044,3,-90.046214,21.097413,2013.0,0.8459821939468384,73
c3_049,3,-90.016033,21.116006,2013.0,0.8535046577453613,73
c4_001,4,-90.002021,21.168822,2013.0,0.6981166005134583,73
c4_002,4,-90.013878,21.166397094726562,2013.0,0.8875373005867004,73
c4_003,4,-90.040286,21.149421,2013.0,0.8836078643798828,73
c4_004,4,-89.94139099121094,21.181487,2013.0,0.8429762125015259,73
c4_005,4,-89.967529,21.183643341064453,2013.0,0.8584343791007996,73
c4_006,4,-89.943277,21.200620651245117,2013.0,0.8979083895683289,73
c4_007,4,-89.968068,21.171248,2013.0,0.8447394371032715,73
c4_008,4,-90.035705,21.15346336364746,2013.0,0.9284149408340454,73
c4_009,4,-89.967798,21.179332,2013.0,0.16825175285339355,73
c4_010,4,-89.949205,21.194961,2013.0,0.23291829228401184,73
c4_011,4,-89.943007,21.202506,2013.0,0.8405677676200867,73
c4_012,4,-89.945163,21.199811,2013.0,0.5033091306686401,73
c4_013,4,-89.972379,21.174481,2013.0,0.8925923705101013,73
c4_014,4,-90.041633,21.148612,2013.0,0.8530102372169495,73
c4_015,4,-89.960792,21.190380096435547,2013.0,0.8867592215538025,73
c4_016,4,-89.958098,21.184452056884766,2013.0,0.7854861617088318,73
c4_017,4,-90.074239,21.133790969848633,2013.0,0.8725222945213318,73
c4_018,4,-89.950822,21.1922664642334,2013.0,0.330960214138031,73
c4_019,4,-89.996901,21.149959564208984,2013.0,0.8013069033622742,73
c4_020,4,-89.960523,21.186338424682617,2013.0,0.7972071170806885,73
c4_021,4,-89.9465103149414,21.185529708862305,2013.0,0.24340128898620605,73
c4_022,4,-89.957828,21.185529708862305,2013.0,0.7688454985618591,73
c4_023,4,-90.035705,21.144301,2013.0,0.7107860445976257,73
c4_024,4,-90.022501,21.156966,2013.0,0.3978354334831238,73
c4_025,4,-89.981002,21.165319,2013.0,0.7981228232383728,73
c4_026,4,-90.027621,21.162355422973633,2013.0,0.7647375464439392,73
c4_027,4,-89.949475,21.19415283203125,2013.0,0.1694299876689911,73
c4_028,4,-89.940852,21.201428,2013.0,0.9125028252601624,73
c4_029,4,-89.961601,21.190919,2013.0,0.8965598940849304,73
c4_030,4,-90.041364,21.151576,2013.0,0.8904779553413391,73
c4_031,4,-90.062382,21.153732299804688,2013.0,0.9360800981521606,73
c4_032,4,-89.944085,21.193883,2013.0,0.7772493362426758,73
c4_033,4,-89.981811,21.164511,2013.0,0.8853998184204102,73
c4_034,4,-89.940313,21.199811,2013.0,0.7385010123252869,73
c4_035,4,-90.072622,21.132714,2013.0,0.7872374057769775,73
c4_036,4,-89.942738,21.183643341064453,2013.0,0.6543527245521545,73
c4_037,4,-89.9742660522461,21.173673,2013.0,0.8890530467033386,73
c4_038,4,-89.966451,21.182565,2013.0,0.5976524949073792,73
c4_039,4,-90.014147,21.163972,2013.0,0.30487146973609924,73
c4_040,4,-89.944355,21.201428,2013.0,0.8246329426765442,73
c4_041,4,-90.011183,21.148881912231445,2013.0,0.7440806031227112,73
c4_042,4,-90.071814,21.131635665893555,2013.0,0.8150967359542847,73
c4_043,4,-90.11438751220703,21.11061668395996,2013.0,0.7222025990486145,73
c4_044,4,-89.956481,21.189302444458008,2013.0,0.9094179272651672,73
c4_045,4,-90.036513,21.153732299804688,2013.0,0.9171091914176941,73
c4_046,4,-89.98235321044922,21.169092178344727,2013.0,0.8636502623558044,73
c4_047,4,-89.992859,21.172864,2013.0,0.6413455605506897,73
c4_048,4,-89.948127,21.191457748413086,2013.0,0.8844181299209595,73
c4_049,4,-90.1195068359375,21.108461380004883,2013.0,0.6180382966995239,73
c4_050,4,-90.094718,21.12301254272461,2013.0,0.9169687032699585,73
c5_045,5,-90.018998,21.166128158569336,2013.0,0.6387835741043091,73
c5_008,5,-90.034357,21.155618,2013.0,0.8697959184646606,73
c5_010,5,-89.957289,21.163703,2013.0,0.6706961393356323,73
c5_011,5,-90.004985,21.156696319580078,2013.0,0.8966172337532043,73
c5_012,5,-90.066424,21.154809951782227,2013.0,0.9123615026473999,73
c5_014,5,-90.006871,21.155887603759766,2013.0,0.9363506436347961,73
c5_016,5,-90.002829,21.15642738342285,2013.0,0.9093641042709351,73
c5_022,5,-90.044597,21.154809951782227,2013.0,0.8609421253204346,73
c5_024,5,-89.995284,21.15642738342285,2013.0,0.6798769235610962,73
c5_003,5,-90.056993,21.154541015625,2013.0,0.9409675002098083,73
c5_013,5,-90.020614,21.157235,2013.0,0.678447961807251,73
c5_020,5,-90.027621,21.156966,2013.0,0.7094218730926514,73
c5_025,5,-90.03301239013672,21.15966033935547,2013.0,0.30988192558288574,73
c5_034,5,-90.012261,21.166397094726562,2013.0,0.7701694369316101,73
c5_040,5,-90.069658,21.154541015625,2013.0,0.875300407409668,73
c5_041,5,-89.998787,21.156156539916992,2013.0,0.5999538898468018,73
c5_043,5,-90.113042,21.13729476928711,2013.0,0.8237206339836121,73
c5_002,5,-90.042172,21.156156539916992,2013.0,0.9006823301315308,73
c5_004,5,-90.034088,21.156966,2013.0,0.5439308881759644,73
c5_001,5,-89.996093,21.155887603759766,2013.0,0.8235260248184204,73
c5_006,5,-90.035435,21.154809951782227,2013.0,0.8825095295906067,73
c5_015,5,-89.942738,21.172864,2013.0,0.5717801451683044,73
c5_018,5,-90.0685806274414,21.152385,2013.0,0.8633812069892883,73
c5_026,5,-89.998248,21.172326,2013.0,0.3786582350730896,73
c5_033,5,-90.01980590820312,21.156966,2013.0,0.8810539245605469,73
c5_036,5,-90.041902,21.15750503540039,2013.0,0.8895857930183411,73
c5_039,5,-90.060496,21.15642738342285,2013.0,0.9403788447380066,73
c5_005,5,-90.041633,21.159929275512695,2013.0,0.8268994092941284,73
c5_009,5,-90.038938,21.154271,2013.0,0.9554120898246765,73
c5_019,5,-90.057262,21.155349,2013.0,0.9794576168060303,73
c5_021,5,-90.089598,21.148073196411133,2013.0,0.7717357873916626,73
c5_030,5,-90.071814,21.151845932006836,2013.0,0.9127042889595032,73
c5_031,5,-90.003099,21.155618,2013.0,0.8736608028411865,73
c5_035,5,-90.095527,21.151845932006836,2013.0,0.8706679940223694,73
c5_037,5,-89.996632,21.160469,2013.0,0.9884854555130005,73
c5_023,5,-89.978038,21.180139541625977,2013.0,0.7868938446044922,73
c5_017,5,-90.040555,21.145917892456055,2013.0,0.669224739074707,73
c5_027,5,-90.08879089355469,21.150768280029297,2013.0,0.9392402768135071,73
c5_047,5,-90.001213,21.154541015625,2013.0,0.96380215883255,73
c5_048,5,-90.028429,21.156696319580078,2013.0,0.9206477403640747,73
c5_029,5,-90.090407,21.149421,2013.0,0.8828977942466736,73
c5_032,5,-90.079359,21.150768280029297,2013.0,0.9342715740203857,73
c5_038,5,-90.04082489013672,21.156966,2013.0,0.9335632920265198,73
c5_046,5,-90.067233,21.152114868164062,2013.0,0.846366286277771,73
c5_028,5,-90.095527,21.150499,2013.0,0.8684157133102417,73
c5_044,5,-89.973188,21.183374404907227,2013.0,0.7635560035705566,73
c5_042,5,-90.08124542236328,21.149421,2013.0,0.9166666865348816,73
c5_007,5,-90.021962,21.143491744995117,2013.0,0.4884489178657532,73
c10_001,3,-90.028968,21.158313,2013.0,0.3623915910720825,73
c10_005,3,-89.954594,21.163972,2013.0,0.6015951037406921,73
c10_002,3,-90.033549,21.15858268737793,2013.0,0.3006435036659241,73
c10_003,3,-90.030046,21.158044,2013.0,0.4737757444381714,73
c10_004,3,-90.029507,21.157773971557617,2013.0,0.24911373853683472,73
c10_006,3,-90.03301239013672,21.159122467041016,2013.0,0.31595322489738464,73
c10_007,3,-90.03301239013672,21.158044,2013.0,0.32101091742515564,73
c10_009,3,-90.032741,21.15858268737793,2013.0,0.12230318039655685,73
c10_010,3,-90.030585,21.158044,2013.0,0.20173898339271545,73
c10_008,3,-89.95405578613281,21.163972,2013.0,0.5420354604721069,73
c1_051,1,-90.064538,21.118162155151367,2013.0,0.8041911125183105,73
c1_052,1,-90.05322265625,21.112234115600586,2013.0,0.8102185726165771,73
c1_053,1,-90.068041,21.142953,2013.0,0.8338788151741028,73
c1_054,1,-90.00040435791016,21.124359130859375,2013.0,0.8253214359283447,73
c1_055,1,-90.049178,21.1402587890625,2013.0,0.8809959292411804,73
c2_051,2,-90.111695,21.123821258544922,2013.0,0.8996154069900513,73
c2_052,2,-90.02277374267578,21.139720916748047,2013.0,0.7665310502052307,73
c2_053,2,-89.941929,21.138911,2013.0,0.8857232332229614,73
c2_054,2,-89.950013,21.130019,2013.0,0.865726888179779,73
c2_055,2,-90.106306,21.128941,2013.0,0.9013363718986511,73
c3_062,3,-90.086634,21.149690628051758,2013.0,0.7747213840484619,73
c3_051,3,-90.010914,21.144301,2013.0,0.8722379803657532,73
c3_055,3,-90.079359,21.150499,2013.0,0.6590946316719055,73
c3_058,3,-90.000943,21.171248,2013.0,0.6268306374549866,73
c3_052,3,-90.094179,21.114929,2013.0,0.7625805735588074,73
c3_059,3,-90.039208,21.1402587890625,2013.0,0.8554459810256958,73
c3_053,3,-90.013608,21.152114868164062,2013.0,0.9050789475440979,73
c3_060,3,-89.958906,21.12489891052246,2013.0,0.9102686643600464,73
c3_057,3,-90.058071,21.159929275512695,2013.0,0.8783280849456787,73
c3_061,3,-89.973457,21.138911,2013.0,0.766574501991272,73
c3_064,3,-89.989625,21.149959564208984,2013.0,0.8134028315544128,73
c3_063,3,-90.030046,21.125707,2013.0,0.8399624228477478,73
c3_065,3,-89.972379,21.162086486816406,2013.0,0.8534244298934937,73
c3_054,3,-90.029237,21.101455,2013.0,0.8959435224533081,73
c3_056,3,-90.008758,21.114120483398438,2013.0,0.9089391231536865,73
c4_051,4,-89.958906,21.191997,2013.0,0.7170866131782532,73
c4_052,4,-89.957828,21.178254,2013.0,0.6674723029136658,73
c4_053,4,-89.994476,21.172864,2013.0,0.6170762777328491,73
c4_054,4,-89.994745,21.168822,2013.0,0.16984036564826965,73
c4_055,4,-90.0025634765625,21.169631,2013.0,0.6882525086402893,73
c1_001,1,-90.056184,21.12301254272461,2014.0,0.8566827178001404,119
c1_002,1,-89.984506,21.126246,2014.0,0.8742479681968689,119
c1_003,1,-90.070197,21.140798,2014.0,0.8745744228363037,119
c1_004,1,-90.057801,21.145648,2014.0,0.8931659460067749,119
c1_005,1,-90.024926,21.145379,2014.0,0.8214102387428284,119
c1_006,1,-89.979386,21.130288,2014.0,0.7862060070037842,119
c1_007,1,-90.08636474609375,21.137025,2014.0,0.9091978073120117,119
c1_008,1,-89.952169,21.14322280883789,2014.0,0.8933849334716797,119
c1_009,1,-90.055106,21.138911,2014.0,0.7988225817680359,119
c1_010,1,-89.945702,21.14322280883789,2014.0,0.8491913080215454,119
c1_011,1,-89.958098,21.149151,2014.0,0.9553005695343018,119
c1_012,1,-90.036783,21.117354,2014.0,0.8550931215286255,119
c1_013,1,-90.113042,21.085018157958984,2014.0,0.8897115588188171,119
c1_014,1,-89.944085,21.154002,2014.0,0.9081661105155945,119
c1_015,1,-90.065885,21.113581,2014.0,0.7753774523735046,119
c1_016,1,-90.064538,21.121126174926758,2014.0,0.8387121558189392,119
c1_017,1,-90.01280212402344,21.122474,2014.0,0.8557014465332031,119
c1_018,1,-90.013608,21.150499,2014.0,0.9122003316879272,119
c1_019,1,-90.075856,21.141876220703125,2014.0,0.8757638335227966,119
c1_020,1,-90.063729,21.119510650634766,2014.0,0.8355371356010437,119
c1_021,1,-90.112234,21.128671646118164,2014.0,0.8679949641227722,119
c1_022,1,-89.970224,21.131635665893555,2014.0,0.7320577502250671,119
c1_023,1,-90.049448,21.111425399780273,2014.0,0.7941578030586243,119
c1_024,1,-90.076933,21.135408401489258,2014.0,0.5894599556922913,119
c1_025,1,-90.09391021728516,21.143762,2014.0,0.8651626110076904,119
c1_026,1,-89.940852,21.145917892456055,2014.0,0.8709104657173157,119
c1_027,1,-89.945163,21.154002,2014.0,0.8853921294212341,119
c1_028,1,-90.098491,21.127324,2014.0,0.7947832345962524,119
c1_029,1,-90.003368,21.149421,2014.0,0.699953556060791,119
c1_030,1,-89.972918,21.124629,2014.0,0.8503687977790833,119
c1_031,1,-90.003907,21.124359130859375,2014.0,0.9046928882598877,119
c1_032,1,-90.066694,21.0987606048584,2014.0,0.8428869247436523,119
c1_033,1,-89.994745,21.123552322387695,2014.0,0.7750251293182373,119
c1_034,1,-90.08879089355469,21.142953,2014.0,0.9098923802375793,119
c1_035,1,-90.063191,21.110887,2014.0,0.8193013668060303,119
c1_036,1,-89.960523,21.137563705444336,2014.0,0.8581023216247559,119
c1_037,1,-90.094179,21.093371,2014.0,0.8135383129119873,119
c1_038,1,-90.0025634765625,21.122743,2014.0,0.8348039388656616,119
c1_039,1,-90.051334,21.132714,2014.0,0.7185849547386169,119
c1_040,1,-90.066694,21.13837242126465,2014.0,0.8622705340385437,119
c1_041,1,-90.116815,21.0882511138916,2014.0,0.800711452960968,119
c1_042,1,-90.057801,21.148612,2014.0,0.9025434255599976,119
c1_043,1,-90.080706,21.141876220703125,2014.0,0.9601096510887146,119
c1_044,1,-89.947319,21.188493728637695,2014.0,0.7970415353775024,119
c1_045,1,-89.981811,21.124091,2014.0,0.8403254747390747,119
c1_046,1,-90.058879,21.128671646118164,2014.0,0.832588791847229,119
c1_047,1,-90.075317,21.10361099243164,2014.0,0.8370549082756042,119
c1_048,1,-90.003638,21.150768280029297,2014.0,0.7888686060905457,119
c1_049,1,-90.026543,21.122743,2014.0,0.8783292770385742,119
c1_050,1,-90.108731,21.117623,2014.0,0.840949296951294,119
c2_001,2,-89.960253,21.154002,2014.0,0.7731268405914307,119
c2_002,2,-90.117623,21.133522033691406,2014.0,0.8626678586006165,119
c2_003,2,-90.07881927490234,21.09229278564453,2014.0,0.8270541429519653,119
c2_004,2,-89.978847,21.15022850036621,2014.0,0.663345217704773,119
c2_005,2,-90.089329,21.09364128112793,2014.0,0.8696178793907166,119
c2_006,2,-90.11412048339844,21.100377,2014.0,0.7025319337844849,119
c2_007,2,-90.106036,21.131635665893555,2014.0,0.9299979209899902,119
c2_008,2,-90.001213,21.145379,2014.0,0.7990405559539795,119
c2_009,2,-89.963217,21.183913,2014.0,0.8778382539749146,119
c2_010,2,-90.10226440429688,21.144301,2014.0,0.9073007106781006,119
c2_011,2,-89.958636,21.125438,2014.0,0.8567712306976318,119
c2_012,2,-90.097413,21.149959564208984,2014.0,0.9321275949478149,119
c2_013,2,-90.100647,21.106845,2014.0,0.7801486253738403,119
c2_014,2,-90.04594421386719,21.111156463623047,2014.0,0.7100926637649536,119
c2_015,2,-90.068849,21.102802276611328,2014.0,0.8804839253425598,119
c2_016,2,-90.118162,21.135947,2014.0,0.7575105428695679,119
c2_017,2,-89.96214294433594,21.120587,2014.0,0.8928211331367493,119
c2_018,2,-89.981541,21.148343,2014.0,0.59616619348526,119
c2_019,2,-90.041364,21.101186,2014.0,0.8718119263648987,119
c2_020,2,-90.082592,21.10064697265625,2014.0,0.952285647392273,119
c2_021,2,-89.945163,21.161008,2014.0,0.8296788334846497,119
c2_022,2,-90.01280212402344,21.118162155151367,2014.0,0.9662882685661316,119
c2_023,2,-89.94165802001953,21.17879295349121,2014.0,0.6924712657928467,119
c2_024,2,-89.940043,21.179332,2014.0,0.6743214726448059,119
c2_025,2,-89.942199,21.169092178344727,2014.0,0.9388102293014526,119
c2_026,2,-90.04837036132812,21.15858268737793,2014.0,0.9024769067764282,119
c2_027,2,-90.018189,21.155078887939453,2014.0,0.9022384881973267,119
c2_028,2,-90.018998,21.118701,2014.0,0.7995048761367798,119
c2_029,2,-89.960253,21.166936,2014.0,0.8949070572853088,119
c2_030,2,-90.08636474609375,21.13918113708496,2014.0,0.913781464099884,119
c2_031,2,-90.006871,21.167745,2014.0,0.8638861179351807,119
c2_032,2,-89.9599838256836,21.15750503540039,2014.0,0.6791781783103943,119
c2_033,2,-90.052412,21.115737,2014.0,0.8206319808959961,119
c2_034,2,-90.075586,21.099569,2014.0,0.8151327967643738,119
c2_035,2,-90.108731,21.095796,2014.0,0.8299741744995117,119
c2_036,2,-90.026543,21.155078887939453,2014.0,0.8856611847877502,119
c2_037,2,-90.006871,21.131097,2014.0,0.8424256443977356,119
c2_038,2,-90.080167,21.099838256835938,2014.0,0.8827235698699951,119
c2_039,2,-89.947588,21.136486053466797,2014.0,0.888191282749176,119
c2_040,2,-90.061304,21.10468864440918,2014.0,0.8480281829833984,119
c2_041,2,-90.075856,21.134868621826172,2014.0,0.5946567058563232,119
c2_042,2,-89.99959564208984,21.12004852294922,2014.0,0.8759146332740784,119
c2_043,2,-90.101725,21.08043670654297,2014.0,0.8578144311904907,119
c2_044,2,-90.026004,21.113851,2014.0,0.9272211790084839,119
c2_045,2,-90.118162,21.129209518432617,2014.0,0.949452817440033,119
c2_046,2,-89.94139099121094,21.172056198120117,2014.0,0.8598790168762207,119
c2_047,2,-89.969685,21.1402587890625,2014.0,0.8701794147491455,119
c2_048,2,-90.1038818359375,21.095527,2014.0,0.7254943251609802,119
c2_049,2,-89.99231719970703,21.149690628051758,2014.0,0.7653781175613403,119
c2_050,2,-89.950822,21.121396,2014.0,0.8908596634864807,119
c3_045,3,-89.992859,21.161815643310547,2014.0,0.14641688764095306,119
c3_003,3,-90.034357,21.15858268737793,2014.0,0.42115238308906555,119
c3_026,3,-89.986931,21.149959564208984,2014.0,0.8941229581832886,119
c3_008,3,-90.084209,21.151576,2014.0,0.8985958099365234,119
c3_017,3,-89.970493,21.159929275512695,2014.0,0.7483893632888794,119
c3_004,3,-89.982619,21.180679,2014.0,0.7101365327835083,119
c3_040,3,-89.9742660522461,21.185529708862305,2014.0,0.8966752290725708,119
c3_024,3,-89.97722625732422,21.183913,2014.0,0.844825267791748,119
c3_013,3,-89.995823,21.13837242126465,2014.0,0.8686560392379761,119
c3_018,3,-90.062113,21.107114,2014.0,0.8774232268333435,119
c3_007,3,-90.088521,21.146995,2014.0,0.8521320819854736,119
c3_014,3,-89.951361,21.199003219604492,2014.0,0.1411084085702896,119
c3_042,3,-89.950283,21.199003219604492,2014.0,0.4009076654911041,119
c3_029,3,-90.000135,21.137563705444336,2014.0,0.7557979226112366,119
c3_005,3,-90.003638,21.111964,2014.0,0.8611868619918823,119
c3_022,3,-90.005524,21.112503051757812,2014.0,0.8371192216873169,119
c3_002,3,-89.953786,21.197656,2014.0,0.854496955871582,119
c3_015,3,-89.940852,21.162086486816406,2014.0,0.8029492497444153,119
c3_020,3,-90.016842,21.116006,2014.0,0.8782792091369629,119
c3_027,3,-89.982619,21.149421,2014.0,0.5091233849525452,119
c3_030,3,-89.942738,21.1674747467041,2014.0,0.7602069973945618,119
c3_050,3,-89.941929,21.168553,2014.0,0.6037040948867798,119
c3_009,3,-89.986392,21.149959564208984,2014.0,0.8677917718887329,119
c3_033,3,-90.039208,21.102802276611328,2014.0,0.8459652066230774,119
c3_038,3,-89.976152,21.169361114501953,2014.0,0.7260760068893433,119
c3_023,3,-89.97183990478516,21.169361114501953,2014.0,0.7026010751724243,119
c3_032,3,-90.00040435791016,21.138642,2014.0,0.7440942525863647,119
c3_046,3,-89.994476,21.137832641601562,2014.0,0.6989232301712036,119
c3_025,3,-89.947049,21.157235,2014.0,0.8030730485916138,119
c3_028,3,-89.976421,21.165858,2014.0,0.7626230716705322,119
c3_036,3,-89.95189666748047,21.162894,2014.0,0.8291053175926208,119
c3_021,3,-90.007141,21.131635665893555,2014.0,0.8299296498298645,119
c3_035,3,-90.000943,21.144569396972656,2014.0,0.762580156326294,119
c3_037,3,-89.97183990478516,21.162086486816406,2014.0,0.8258578181266785,119
c3_039,3,-89.976691,21.168283462524414,2014.0,0.6933526992797852,119
c3_041,3,-89.973996,21.137563705444336,2014.0,0.7344685196876526,119
c3_034,3,-90.041364,21.1402587890625,2014.0,0.7698193192481995,119
c3_047,3,-90.028698,21.126246,2014.0,0.8742689490318298,119
c3_048,3,-90.030315,21.124359130859375,2014.0,0.7695616483688354,119
c3_011,3,-90.035974,21.099299,2014.0,0.7983039021492004,119
c3_001,3,-90.080437,21.100377,2014.0,0.9475449323654175,119
c3_006,3,-89.94677734375,21.202237,2014.0,0.895426332950592,119
c3_019,3,-89.958367,21.172056198120117,2014.0,0.9038441181182861,119
c3_031,3,-90.00740814208984,21.113042,2014.0,0.8522710204124451,119
c3_010,3,-90.01252746582031,21.114659,2014.0,0.8643311262130737,119
c3_012,3,-90.00768280029297,21.114389419555664,2014.0,0.8169223070144653,119
c3_016,3,-90.045675,21.097951889038086,2014.0,0.7982046008110046,119
c3_043,3,-89.967259,21.189841,2014.0,0.902532160282135,119
c3_044,3,-90.046214,21.097413,2014.0,0.8328198194503784,119
c3_049,3,-90.016033,21.116006,2014.0,0.8507376909255981,119
c4_001,4,-90.002021,21.168822,2014.0,0.7662538886070251,119
c4_002,4,-90.013878,21.166397094726562,2014.0,0.7339640259742737,119
c4_003,4,-90.040286,21.149421,2014.0,0.8776519298553467,119
c4_004,4,-89.94139099121094,21.181487,2014.0,0.8559162616729736,119
c4_005,4,-89.967529,21.183643341064453,2014.0,0.8525497317314148,119
c4_006,4,-89.943277,21.200620651245117,2014.0,0.907264769077301,119
c4_007,4,-89.968068,21.171248,2014.0,0.8205004334449768,119
c4_008,4,-90.035705,21.15346336364746,2014.0,0.9359119534492493,119
c4_009,4,-89.967798,21.179332,2014.0,0.1292300671339035,119
c4_010,4,-89.949205,21.194961,2014.0,0.433062881231308,119
c4_011,4,-89.943007,21.202506,2014.0,0.8144101500511169,119
c4_012,4,-89.945163,21.199811,2014.0,0.5265793204307556,119
c4_013,4,-89.972379,21.174481,2014.0,0.820456326007843,119
c4_014,4,-90.041633,21.148612,2014.0,0.873870313167572,119
c4_015,4,-89.960792,21.190380096435547,2014.0,0.8732921481132507,119
c4_016,4,-89.958098,21.184452056884766,2014.0,0.8123261332511902,119
c4_017,4,-90.074239,21.133790969848633,2014.0,0.8744353652000427,119
c4_018,4,-89.950822,21.1922664642334,2014.0,0.4555605947971344,119
c4_019,4,-89.996901,21.149959564208984,2014.0,0.8227505087852478,119
c4_020,4,-89.960523,21.186338424682617,2014.0,0.7184417247772217,119
c4_021,4,-89.9465103149414,21.185529708862305,2014.0,0.3621200919151306,119
c4_022,4,-89.957828,21.185529708862305,2014.0,0.8115041851997375,119
c4_023,4,-90.035705,21.144301,2014.0,0.6293418407440186,119
c4_024,4,-90.022501,21.156966,2014.0,0.28156042098999023,119
c4_025,4,-89.981002,21.165319,2014.0,0.7900509238243103,119
c4_026,4,-90.027621,21.162355422973633,2014.0,0.7106947302818298,119
c4_027,4,-89.949475,21.19415283203125,2014.0,0.23163041472434998,119
c4_028,4,-89.940852,21.201428,2014.0,0.9080279469490051,119
c4_029,4,-89.961601,21.190919,2014.0,0.9078536629676819,119
c4_030,4,-90.041364,21.151576,2014.0,0.9084895849227905,119
c4_031,4,-90.062382,21.153732299804688,2014.0,0.8575565218925476,119
c4_032,4,-89.944085,21.193883,2014.0,0.5566855669021606,119
c4_033,4,-89.981811,21.164511,2014.0,0.8162363171577454,119
c4_034,4,-89.940313,21.199811,2014.0,0.6910210847854614,119
c4_035,4,-90.072622,21.132714,2014.0,0.8317561149597168,119
c4_036,4,-89.942738,21.183643341064453,2014.0,0.556903064250946,119
c4_037,4,-89.9742660522461,21.173673,2014.0,0.8927479982376099,119
c4_038,4,-89.966451,21.182565,2014.0,0.4209960103034973,119
c4_039,4,-90.014147,21.163972,2014.0,0.12899450957775116,119
c4_040,4,-89.944355,21.201428,2014.0,0.8774330615997314,119
c4_041,4,-90.011183,21.148881912231445,2014.0,0.7567349076271057,119
c4_042,4,-90.071814,21.131635665893555,2014.0,0.7972919940948486,119
c4_043,4,-90.11438751220703,21.11061668395996,2014.0,0.7560526728630066,119
c4_044,4,-89.956481,21.189302444458008,2014.0,0.8791804909706116,119
c4_045,4,-90.036513,21.153732299804688,2014.0,0.8982202410697937,119
c4_046,4,-89.98235321044922,21.169092178344727,2014.0,0.8703268766403198,119
c4_047,4,-89.992859,21.172864,2014.0,0.6417383551597595,119
c4_048,4,-89.948127,21.191457748413086,2014.0,0.9091445207595825,119
c4_049,4,-90.1195068359375,21.108461380004883,2014.0,0.7996070981025696,119
c4_050,4,-90.094718,21.12301254272461,2014.0,0.7112350463867188,119
c5_045,5,-90.018998,21.166128158569336,2014.0,0.6073500514030457,119
c5_008,5,-90.034357,21.155618,2014.0,0.8562862277030945,119
c5_010,5,-89.957289,21.163703,2014.0,0.6261187791824341,119
c5_011,5,-90.004985,21.156696319580078,2014.0,0.88596111536026,119
c5_012,5,-90.066424,21.154809951782227,2014.0,0.8894364833831787,119
c5_014,5,-90.006871,21.155887603759766,2014.0,0.6826217174530029,119
c5_016,5,-90.002829,21.15642738342285,2014.0,0.8572266101837158,119
c5_022,5,-90.044597,21.154809951782227,2014.0,0.9429485201835632,119
c5_024,5,-89.995284,21.15642738342285,2014.0,0.7542492747306824,119
c5_003,5,-90.056993,21.154541015625,2014.0,0.8146146535873413,119
c5_013,5,-90.020614,21.157235,2014.0,0.5917685031890869,119
c5_020,5,-90.027621,21.156966,2014.0,0.5587794184684753,119
c5_025,5,-90.03301239013672,21.15966033935547,2014.0,0.38872426748275757,119
c5_034,5,-90.012261,21.166397094726562,2014.0,0.7311683297157288,119
c5_040,5,-90.069658,21.154541015625,2014.0,0.7226393222808838,119
c5_041,5,-89.998787,21.156156539916992,2014.0,0.5768643617630005,119
c5_043,5,-90.113042,21.13729476928711,2014.0,0.8175689578056335,119
c5_002,5,-90.042172,21.156156539916992,2014.0,0.7075284719467163,119
c5_004,5,-90.034088,21.156966,2014.0,0.4779406189918518,119
c5_001,5,-89.996093,21.155887603759766,2014.0,0.8311618566513062,119
c5_006,5,-90.035435,21.154809951782227,2014.0,0.8943227529525757,119
c5_015,5,-89.942738,21.172864,2014.0,0.5617653131484985,119
c5_018,5,-90.0685806274414,21.152385,2014.0,0.582872748374939,119
c5_026,5,-89.998248,21.172326,2014.0,0.5202558636665344,119
c5_033,5,-90.01980590820312,21.156966,2014.0,0.8458841443061829,119
c5_036,5,-90.041902,21.15750503540039,2014.0,0.85032719373703,119
c5_039,5,-90.060496,21.15642738342285,2014.0,0.9363235831260681,119
c5_005,5,-90.041633,21.159929275512695,2014.0,0.9038231372833252,119
c5_009,5,-90.038938,21.154271,2014.0,0.9320860505104065,119
c5_019,5,-90.057262,21.155349,2014.0,0.925305962562561,119
c5_021,5,-90.089598,21.148073196411133,2014.0,0.8141790628433228,119
c5_030,5,-90.071814,21.151845932006836,2014.0,0.6489999890327454,119
c5_031,5,-90.003099,21.155618,2014.0,0.8403583765029907,119
c5_035,5,-90.095527,21.151845932006836,2014.0,0.8064722418785095,119
c5_037,5,-89.996632,21.160469,2014.0,0.9272376298904419,119
c5_023,5,-89.978038,21.180139541625977,2014.0,0.7559671401977539,119
c5_017,5,-90.040555,21.145917892456055,2014.0,0.621332049369812,119
c5_027,5,-90.08879089355469,21.150768280029297,2014.0,0.8835152387619019,119
c5_047,5,-90.001213,21.154541015625,2014.0,0.926349937915802,119
c5_048,5,-90.028429,21.156696319580078,2014.0,0.8725956678390503,119
c5_029,5,-90.090407,21.149421,2014.0,0.8128685355186462,119
c5_032,5,-90.079359,21.150768280029297,2014.0,0.5782949924468994,119
c5_038,5,-90.04082489013672,21.156966,2014.0,0.8644472360610962,119
c5_046,5,-90.067233,21.152114868164062,2014.0,0.7380136251449585,119
c5_028,5,-90.095527,21.150499,2014.0,0.7992766499519348,119
c5_044,5,-89.973188,21.183374404907227,2014.0,0.6998103260993958,119
c5_042,5,-90.08124542236328,21.149421,2014.0,0.8285338878631592,119
c5_007,5,-90.021962,21.143491744995117,2014.0,0.6441526412963867,119
c10_001,3,-90.028968,21.158313,2014.0,0.480945885181427,119
c10_005,3,-89.954594,21.163972,2014.0,0.6116146445274353,119
c10_002,3,-90.033549,21.15858268737793,2014.0,0.2544168531894684,119
c10_003,3,-90.030046,21.158044,2014.0,0.43707969784736633,119
c10_004,3,-90.029507,21.157773971557617,2014.0,0.3820051848888397,119
c10_006,3,-90.03301239013672,21.159122467041016,2014.0,0.2772696912288666,119
c10_007,3,-90.03301239013672,21.158044,2014.0,0.3287842273712158,119
c10_009,3,-90.032741,21.15858268737793,2014.0,0.35843226313591003,119
c10_010,3,-90.030585,21.158044,2014.0,0.24994279444217682,119
c10_008,3,-89.95405578613281,21.163972,2014.0,0.5597213506698608,119
c1_051,1,-90.064538,21.118162155151367,2014.0,0.8023998737335205,119
c1_052,1,-90.05322265625,21.112234115600586,2014.0,0.9981908798217773,119
c1_053,1,-90.068041,21.142953,2014.0,0.8583742380142212,119
c1_054,1,-90.00040435791016,21.124359130859375,2014.0,0.8164501786231995,119
c1_055,1,-90.049178,21.1402587890625,2014.0,0.7756560444831848,119
c2_051,2,-90.111695,21.123821258544922,2014.0,0.8738606572151184,119
c2_052,2,-90.02277374267578,21.139720916748047,2014.0,0.7803359627723694,119
c2_053,2,-89.941929,21.138911,2014.0,0.8865931630134583,119
c2_054,2,-89.950013,21.130019,2014.0,0.8767319917678833,119
c2_055,2,-90.106306,21.128941,2014.0,0.8909416794776917,119
c3_062,3,-90.086634,21.149690628051758,2014.0,0.769694447517395,119
c3_051,3,-90.010914,21.144301,2014.0,0.9553863406181335,119
c3_055,3,-90.079359,21.150499,2014.0,0.5720168948173523,119
c3_058,3,-90.000943,21.171248,2014.0,0.7347801327705383,119
c3_052,3,-90.094179,21.114929,2014.0,0.7555347681045532,119
c3_059,3,-90.039208,21.1402587890625,2014.0,0.851374089717865,119
c3_053,3,-90.013608,21.152114868164062,2014.0,0.9009220004081726,119
c3_060,3,-89.958906,21.12489891052246,2014.0,0.9374157786369324,119
c3_057,3,-90.058071,21.159929275512695,2014.0,0.879267156124115,119
c3_061,3,-89.973457,21.138911,2014.0,0.7838095426559448,119
c3_064,3,-89.989625,21.149959564208984,2014.0,0.681840717792511,119
c3_063,3,-90.030046,21.125707,2014.0,0.9044685959815979,119
c3_065,3,-89.972379,21.162086486816406,2014.0,0.8777641654014587,119
c3_054,3,-90.029237,21.101455,2014.0,0.9512717723846436,119
c3_056,3,-90.008758,21.114120483398438,2014.0,0.8424011468887329,119
c4_051,4,-89.958906,21.191997,2014.0,0.7138566374778748,119
c4_052,4,-89.957828,21.178254,2014.0,0.5349366068840027,119
c4_053,4,-89.994476,21.172864,2014.0,0.5060911178588867,119
c4_054,4,-89.994745,21.168822,2014.0,0.1616186797618866,119
c4_055,4,-90.0025634765625,21.169631,2014.0,0.6082495450973511,119
c1_001,1,-90.056184,21.12301254272461,2015.0,0.8564874529838562,116
c1_002,1,-89.984506,21.126246,2015.0,0.8534889817237854,116
c1_003,1,-90.070197,21.140798,2015.0,0.8703157901763916,116
c1_004,1,-90.057801,21.145648,2015.0,0.9753304719924927,116
c1_005,1,-90.024926,21.145379,2015.0,0.745445728302002,116
c1_006,1,-89.979386,21.130288,2015.0,0.802697479724884,116
c1_007,1,-90.08636474609375,21.137025,2015.0,0.8800594210624695,116
c1_008,1,-89.952169,21.14322280883789,2015.0,0.8515013456344604,116
c1_009,1,-90.055106,21.138911,2015.0,0.7608909010887146,116
c1_010,1,-89.945702,21.14322280883789,2015.0,0.8544831275939941,116
c1_011,1,-89.958098,21.149151,2015.0,0.8375413417816162,116
c1_012,1,-90.036783,21.117354,2015.0,0.8550825715065002,116
c1_013,1,-90.113042,21.085018157958984,2015.0,0.8677631616592407,116
c1_014,1,-89.944085,21.154002,2015.0,0.8820070624351501,116
c1_015,1,-90.065885,21.113581,2015.0,0.7748017311096191,116
c1_016,1,-90.064538,21.121126174926758,2015.0,0.7985864281654358,116
c1_017,1,-90.01280212402344,21.122474,2015.0,0.8509849905967712,116
c1_018,1,-90.013608,21.150499,2015.0,0.9053105115890503,116
c1_019,1,-90.075856,21.141876220703125,2015.0,0.8838798999786377,116
c1_020,1,-90.063729,21.119510650634766,2015.0,0.8387089967727661,116
c1_021,1,-90.112234,21.128671646118164,2015.0,0.8159151077270508,116
c1_022,1,-89.970224,21.131635665893555,2015.0,0.7427506446838379,116
c1_023,1,-90.049448,21.111425399780273,2015.0,0.8040534853935242,116
c1_024,1,-90.076933,21.135408401489258,2015.0,0.6511605978012085,116
c1_025,1,-90.09391021728516,21.143762,2015.0,0.8582780957221985,116
c1_026,1,-89.940852,21.145917892456055,2015.0,0.8941239714622498,116
c1_027,1,-89.945163,21.154002,2015.0,0.9551820755004883,116
c1_028,1,-90.098491,21.127324,2015.0,0.7886211276054382,116
c1_029,1,-90.003368,21.149421,2015.0,0.6950605511665344,116
c1_030,1,-89.972918,21.124629,2015.0,0.8918758034706116,116
c1_031,1,-90.003907,21.124359130859375,2015.0,0.857445240020752,116
c1_032,1,-90.066694,21.0987606048584,2015.0,0.823087215423584,116
c1_033,1,-89.994745,21.123552322387695,2015.0,0.7782530188560486,116
c1_034,1,-90.08879089355469,21.142953,2015.0,0.8758415579795837,116
c1_035,1,-90.063191,21.110887,2015.0,0.7964600920677185,116
c1_036,1,-89.960523,21.137563705444336,2015.0,0.8562697768211365,116
c1_037,1,-90.094179,21.093371,2015.0,0.7883940935134888,116
c1_038,1,-90.0025634765625,21.122743,2015.0,0.7988008260726929,116
c1_039,1,-90.051334,21.132714,2015.0,0.7168028950691223,116
c1_040,1,-90.066694,21.13837242126465,2015.0,0.845927894115448,116
c1_041,1,-90.116815,21.0882511138916,2015.0,0.8215551376342773,116
c1_042,1,-90.057801,21.148612,2015.0,0.9125697016716003,116
c1_043,1,-90.080706,21.141876220703125,2015.0,0.8260602355003357,116
c1_044,1,-89.947319,21.188493728637695,2015.0,0.7909157872200012,116
c1_045,1,-89.981811,21.124091,2015.0,0.8313436508178711,116
c1_046,1,-90.058879,21.128671646118164,2015.0,0.7970811724662781,116
c1_047,1,-90.075317,21.10361099243164,2015.0,0.8392664194107056,116
c1_048,1,-90.003638,21.150768280029297,2015.0,0.8069414496421814,116
c1_049,1,-90.026543,21.122743,2015.0,0.9694867134094238,116
c1_050,1,-90.108731,21.117623,2015.0,0.8346033096313477,116
c2_001,2,-89.960253,21.154002,2015.0,0.7900174856185913,116
c2_002,2,-90.117623,21.133522033691406,2015.0,0.8239548206329346,116
c2_003,2,-90.07881927490234,21.09229278564453,2015.0,0.8329551219940186,116
c2_004,2,-89.978847,21.15022850036621,2015.0,0.730424165725708,116
c2_005,2,-90.089329,21.09364128112793,2015.0,0.8609618544578552,116
c2_006,2,-90.11412048339844,21.100377,2015.0,0.7667864561080933,116
c2_007,2,-90.106036,21.131635665893555,2015.0,0.9187343120574951,116
c2_008,2,-90.001213,21.145379,2015.0,0.8006924390792847,116
c2_009,2,-89.963217,21.183913,2015.0,0.902571439743042,116
c2_010,2,-90.10226440429688,21.144301,2015.0,0.8838865160942078,116
c2_011,2,-89.958636,21.125438,2015.0,0.8702834248542786,116
c2_012,2,-90.097413,21.149959564208984,2015.0,0.9181155562400818,116
c2_013,2,-90.100647,21.106845,2015.0,0.7552294731140137,116
c2_014,2,-90.04594421386719,21.111156463623047,2015.0,0.6483409404754639,116
c2_015,2,-90.068849,21.102802276611328,2015.0,0.8791306018829346,116
c2_016,2,-90.118162,21.135947,2015.0,0.6871329545974731,116
c2_017,2,-89.96214294433594,21.120587,2015.0,0.8565021753311157,116
c2_018,2,-89.981541,21.148343,2015.0,0.6287556886672974,116
c2_019,2,-90.041364,21.101186,2015.0,0.8483448028564453,116
c2_020,2,-90.082592,21.10064697265625,2015.0,0.8399876952171326,116
c2_021,2,-89.945163,21.161008,2015.0,0.7642112970352173,116
c2_022,2,-90.01280212402344,21.118162155151367,2015.0,0.830952525138855,116
c2_023,2,-89.94165802001953,21.17879295349121,2015.0,0.7307804822921753,116
c2_024,2,-89.940043,21.179332,2015.0,0.7129199504852295,116
c2_025,2,-89.942199,21.169092178344727,2015.0,0.8195726275444031,116
c2_026,2,-90.04837036132812,21.15858268737793,2015.0,0.8926274180412292,116
c2_027,2,-90.018189,21.155078887939453,2015.0,0.8958064913749695,116
c2_028,2,-90.018998,21.118701,2015.0,0.7857301235198975,116
c2_029,2,-89.960253,21.166936,2015.0,0.8927104473114014,116
c2_030,2,-90.08636474609375,21.13918113708496,2015.0,0.883868932723999,116
c2_031,2,-90.006871,21.167745,2015.0,0.878298819065094,116
c2_032,2,-89.9599838256836,21.15750503540039,2015.0,0.6802871227264404,116
c2_033,2,-90.052412,21.115737,2015.0,0.9138047099113464,116
c2_034,2,-90.075586,21.099569,2015.0,0.7730038166046143,116
c2_035,2,-90.108731,21.095796,2015.0,0.7324179410934448,116
c2_036,2,-90.026543,21.155078887939453,2015.0,0.8541262745857239,116
c2_037,2,-90.006871,21.131097,2015.0,0.846619725227356,116
c2_038,2,-90.080167,21.099838256835938,2015.0,0.8419696092605591,116
c2_039,2,-89.947588,21.136486053466797,2015.0,0.8933519124984741,116
c2_040,2,-90.061304,21.10468864440918,2015.0,0.8249604105949402,116
c2_041,2,-90.075856,21.134868621826172,2015.0,0.5949682593345642,116
c2_042,2,-89.99959564208984,21.12004852294922,2015.0,0.7886011600494385,116
c2_043,2,-90.101725,21.08043670654297,2015.0,0.8671644926071167,116
c2_044,2,-90.026004,21.113851,2015.0,0.8893017768859863,116
c2_045,2,-90.118162,21.129209518432617,2015.0,0.8974294662475586,116
c2_046,2,-89.94139099121094,21.172056198120117,2015.0,0.8489287495613098,116
c2_047,2,-89.969685,21.1402587890625,2015.0,0.8482345938682556,116
c2_048,2,-90.1038818359375,21.095527,2015.0,0.6975456476211548,116
c2_049,2,-89.99231719970703,21.149690628051758,2015.0,0.782293438911438,116
c2_050,2,-89.950822,21.121396,2015.0,0.8777456879615784,116
c3_045,3,-89.992859,21.161815643310547,2015.0,0.15828675031661987,116
c3_003,3,-90.034357,21.15858268737793,2015.0,0.26480168104171753,116
c3_026,3,-89.986931,21.149959564208984,2015.0,0.8856652975082397,116
c3_008,3,-90.084209,21.151576,2015.0,0.8848665952682495,116
c3_017,3,-89.970493,21.159929275512695,2015.0,0.7820749878883362,116
c3_004,3,-89.982619,21.180679,2015.0,0.7311260104179382,116
c3_040,3,-89.9742660522461,21.185529708862305,2015.0,0.8951807022094727,116
c3_024,3,-89.97722625732422,21.183913,2015.0,0.8105015754699707,116
c3_013,3,-89.995823,21.13837242126465,2015.0,0.8710262775421143,116
c3_018,3,-90.062113,21.107114,2015.0,0.8872190713882446,116
c3_007,3,-90.088521,21.146995,2015.0,0.9847695231437683,116
c3_014,3,-89.951361,21.199003219604492,2015.0,0.48487621545791626,116
c3_042,3,-89.950283,21.199003219604492,2015.0,0.3978176712989807,116
c3_029,3,-90.000135,21.137563705444336,2015.0,0.7779781818389893,116
c3_005,3,-90.003638,21.111964,2015.0,0.8306645750999451,116
c3_022,3,-90.005524,21.112503051757812,2015.0,0.8266140818595886,116
c3_002,3,-89.953786,21.197656,2015.0,0.7792502641677856,116
c3_015,3,-89.940852,21.162086486816406,2015.0,0.8945666551589966,116
c3_020,3,-90.016842,21.116006,2015.0,0.8739389777183533,116
c3_027,3,-89.982619,21.149421,2015.0,0.5864405035972595,116
c3_030,3,-89.942738,21.1674747467041,2015.0,0.7626953125,116
c3_050,3,-89.941929,21.168553,2015.0,0.6419156193733215,116
c3_009,3,-89.986392,21.149959564208984,2015.0,0.8744404911994934,116
c3_033,3,-90.039208,21.102802276611328,2015.0,0.8362804651260376,116
c3_038,3,-89.976152,21.169361114501953,2015.0,0.7647831439971924,116
c3_023,3,-89.97183990478516,21.169361114501953,2015.0,0.7548503279685974,116
c3_032,3,-90.00040435791016,21.138642,2015.0,0.7095937728881836,116
c3_046,3,-89.994476,21.137832641601562,2015.0,0.6887814998626709,116
c3_025,3,-89.947049,21.157235,2015.0,0.79908287525177,116
c3_028,3,-89.976421,21.165858,2015.0,0.8005157709121704,116
c3_036,3,-89.95189666748047,21.162894,2015.0,0.6976808309555054,116
c3_021,3,-90.007141,21.131635665893555,2015.0,0.9037119746208191,116
c3_035,3,-90.000943,21.144569396972656,2015.0,0.80731600522995,116
c3_037,3,-89.97183990478516,21.162086486816406,2015.0,0.8211330771446228,116
c3_039,3,-89.976691,21.168283462524414,2015.0,0.7647106051445007,116
c3_041,3,-89.973996,21.137563705444336,2015.0,0.7635964751243591,116
c3_034,3,-90.041364,21.1402587890625,2015.0,0.7483848929405212,116
c3_047,3,-90.028698,21.126246,2015.0,0.8866515159606934,116
c3_048,3,-90.030315,21.124359130859375,2015.0,0.7946931719779968,116
c3_011,3,-90.035974,21.099299,2015.0,0.8076905608177185,116
c3_001,3,-90.080437,21.100377,2015.0,0.8360272645950317,116
c3_006,3,-89.94677734375,21.202237,2015.0,0.8724923133850098,116
c3_019,3,-89.958367,21.172056198120117,2015.0,0.8816177845001221,116
c3_031,3,-90.00740814208984,21.113042,2015.0,0.8453505039215088,116
c3_010,3,-90.01252746582031,21.114659,2015.0,0.8588977456092834,116
c3_012,3,-90.00768280029297,21.114389419555664,2015.0,0.822772741317749,116
c3_016,3,-90.045675,21.097951889038086,2015.0,0.7064663767814636,116
c3_043,3,-89.967259,21.189841,2015.0,0.8781002759933472,116
c3_044,3,-90.046214,21.097413,2015.0,0.8009960651397705,116
c3_049,3,-90.016033,21.116006,2015.0,0.8527591824531555,116
c4_001,4,-90.002021,21.168822,2015.0,0.7794991135597229,116
c4_002,4,-90.013878,21.166397094726562,2015.0,0.7396587133407593,116
c4_003,4,-90.040286,21.149421,2015.0,0.8531609773635864,116
c4_004,4,-89.94139099121094,21.181487,2015.0,0.8355785608291626,116
c4_005,4,-89.967529,21.183643341064453,2015.0,0.8392251133918762,116
c4_006,4,-89.943277,21.200620651245117,2015.0,0.8922778367996216,116
c4_007,4,-89.968068,21.171248,2015.0,0.8336668014526367,116
c4_008,4,-90.035705,21.15346336364746,2015.0,0.8983782529830933,116
c4_009,4,-89.967798,21.179332,2015.0,0.32919636368751526,116
c4_010,4,-89.949205,21.194961,2015.0,0.41257262229919434,116
c4_011,4,-89.943007,21.202506,2015.0,0.8709142804145813,116
c4_012,4,-89.945163,21.199811,2015.0,0.7300713658332825,116
c4_013,4,-89.972379,21.174481,2015.0,0.792003870010376,116
c4_014,4,-90.041633,21.148612,2015.0,0.9857497215270996,116
c4_015,4,-89.960792,21.190380096435547,2015.0,0.9234658479690552,116
c4_016,4,-89.958098,21.184452056884766,2015.0,0.8269881010055542,116
c4_017,4,-90.074239,21.133790969848633,2015.0,0.8668193817138672,116
c4_018,4,-89.950822,21.1922664642334,2015.0,0.6713870763778687,116
c4_019,4,-89.996901,21.149959564208984,2015.0,0.8450098633766174,116
c4_020,4,-89.960523,21.186338424682617,2015.0,0.8603351712226868,116
c4_021,4,-89.9465103149414,21.185529708862305,2015.0,0.3395969867706299,116
c4_022,4,-89.957828,21.185529708862305,2015.0,0.8401132225990295,116
c4_023,4,-90.035705,21.144301,2015.0,0.6566526293754578,116
c4_024,4,-90.022501,21.156966,2015.0,0.39373499155044556,116
c4_025,4,-89.981002,21.165319,2015.0,0.7336811423301697,116
c4_026,4,-90.027621,21.162355422973633,2015.0,0.7440813183784485,116
c4_027,4,-89.949475,21.19415283203125,2015.0,0.55287104845047,116
c4_028,4,-89.940852,21.201428,2015.0,0.8972702622413635,116
c4_029,4,-89.961601,21.190919,2015.0,0.899385929107666,116
c4_030,4,-90.041364,21.151576,2015.0,0.9437665939331055,116
c4_031,4,-90.062382,21.153732299804688,2015.0,0.7939866781234741,116
c4_032,4,-89.944085,21.193883,2015.0,0.5556368231773376,116
c4_033,4,-89.981811,21.164511,2015.0,0.799362301826477,116
c4_034,4,-89.940313,21.199811,2015.0,0.8000541925430298,116
c4_035,4,-90.072622,21.132714,2015.0,0.8142658472061157,116
c4_036,4,-89.942738,21.183643341064453,2015.0,0.5472398996353149,116
c4_037,4,-89.9742660522461,21.173673,2015.0,0.8842852115631104,116
c4_038,4,-89.966451,21.182565,2015.0,0.5488825440406799,116
c4_039,4,-90.014147,21.163972,2015.0,0.43598026037216187,116
c4_040,4,-89.944355,21.201428,2015.0,0.8611570000648499,116
c4_041,4,-90.011183,21.148881912231445,2015.0,0.7627515196800232,116
c4_042,4,-90.071814,21.131635665893555,2015.0,0.8560211658477783,116
c4_043,4,-90.11438751220703,21.11061668395996,2015.0,0.7311097383499146,116
c4_044,4,-89.956481,21.189302444458008,2015.0,0.8974702954292297,116
c4_045,4,-90.036513,21.153732299804688,2015.0,0.8923608064651489,116
c4_046,4,-89.98235321044922,21.169092178344727,2015.0,0.8509017825126648,116
c4_047,4,-89.992859,21.172864,2015.0,0.6269850730895996,116
c4_048,4,-89.948127,21.191457748413086,2015.0,0.9052901864051819,116
c4_049,4,-90.1195068359375,21.108461380004883,2015.0,0.689849317073822,116
c4_050,4,-90.094718,21.12301254272461,2015.0,0.7497614026069641,116
c5_045,5,-90.018998,21.166128158569336,2015.0,0.6722683906555176,116
c5_008,5,-90.034357,21.155618,2015.0,0.870539128780365,116
c5_010,5,-89.957289,21.163703,2015.0,0.6232690811157227,116
c5_011,5,-90.004985,21.156696319580078,2015.0,0.8765542507171631,116
c5_012,5,-90.066424,21.154809951782227,2015.0,0.8782542943954468,116
c5_014,5,-90.006871,21.155887603759766,2015.0,0.5911447405815125,116
c5_016,5,-90.002829,21.15642738342285,2015.0,0.889968752861023,116
c5_022,5,-90.044597,21.154809951782227,2015.0,0.8431294560432434,116
c5_024,5,-89.995284,21.15642738342285,2015.0,0.6986538767814636,116
c5_003,5,-90.056993,21.154541015625,2015.0,0.8559814095497131,116
c5_013,5,-90.020614,21.157235,2015.0,0.9543250799179077,116
c5_020,5,-90.027621,21.156966,2015.0,0.5268224477767944,116
c5_025,5,-90.03301239013672,21.15966033935547,2015.0,0.416509747505188,116
c5_034,5,-90.012261,21.166397094726562,2015.0,0.7835673093795776,116
c5_040,5,-90.069658,21.154541015625,2015.0,0.8146404027938843,116
c5_041,5,-89.998787,21.156156539916992,2015.0,0.5356764793395996,116
c5_043,5,-90.113042,21.13729476928711,2015.0,0.8341574668884277,116
c5_002,5,-90.042172,21.156156539916992,2015.0,0.6980694532394409,116
c5_004,5,-90.034088,21.156966,2015.0,0.5087665319442749,116
c5_001,5,-89.996093,21.155887603759766,2015.0,0.847062349319458,116
c5_006,5,-90.035435,21.154809951782227,2015.0,0.8944259285926819,116
c5_015,5,-89.942738,21.172864,2015.0,0.6145126819610596,116
c5_018,5,-90.0685806274414,21.152385,2015.0,0.6818398833274841,116
c5_026,5,-89.998248,21.172326,2015.0,0.6539856195449829,116
c5_033,5,-90.01980590820312,21.156966,2015.0,0.8836573958396912,116
c5_036,5,-90.041902,21.15750503540039,2015.0,0.7624672055244446,116
c5_039,5,-90.060496,21.15642738342285,2015.0,0.8832536339759827,116
c5_005,5,-90.041633,21.159929275512695,2015.0,0.853486180305481,116
c5_009,5,-90.038938,21.154271,2015.0,0.9212117195129395,116
c5_019,5,-90.057262,21.155349,2015.0,0.8707846999168396,116
c5_021,5,-90.089598,21.148073196411133,2015.0,0.9466853141784668,116
c5_030,5,-90.071814,21.151845932006836,2015.0,0.6995219588279724,116
c5_031,5,-90.003099,21.155618,2015.0,0.8731118440628052,116
c5_035,5,-90.095527,21.151845932006836,2015.0,0.8072355389595032,116
c5_037,5,-89.996632,21.160469,2015.0,0.9116848111152649,116
c5_023,5,-89.978038,21.180139541625977,2015.0,0.7497509717941284,116
c5_017,5,-90.040555,21.145917892456055,2015.0,0.6189557313919067,116
c5_027,5,-90.08879089355469,21.150768280029297,2015.0,0.8781065940856934,116
c5_047,5,-90.001213,21.154541015625,2015.0,0.8783589005470276,116
c5_048,5,-90.028429,21.156696319580078,2015.0,0.8190742135047913,116
c5_029,5,-90.090407,21.149421,2015.0,0.8375356197357178,116
c5_032,5,-90.079359,21.150768280029297,2015.0,0.9131731390953064,116
c5_038,5,-90.04082489013672,21.156966,2015.0,0.8671990633010864,116
c5_046,5,-90.067233,21.152114868164062,2015.0,0.7969549894332886,116
c5_028,5,-90.095527,21.150499,2015.0,0.8635455369949341,116
c5_044,5,-89.973188,21.183374404907227,2015.0,0.7159672975540161,116
c5_042,5,-90.08124542236328,21.149421,2015.0,0.8286446928977966,116
c5_007,5,-90.021962,21.143491744995117,2015.0,0.48728036880493164,116
c10_001,3,-90.028968,21.158313,2015.0,0.6067595481872559,116
c10_005,3,-89.954594,21.163972,2015.0,0.6252011656761169,116
c10_002,3,-90.033549,21.15858268737793,2015.0,0.23909661173820496,116
c10_003,3,-90.030046,21.158044,2015.0,0.5216271281242371,116
c10_004,3,-90.029507,21.157773971557617,2015.0,0.40780109167099,116
c10_006,3,-90.03301239013672,21.159122467041016,2015.0,0.25611117482185364,116
c10_007,3,-90.03301239013672,21.158044,2015.0,0.24943843483924866,116
c10_009,3,-90.032741,21.15858268737793,2015.0,0.28950896859169006,116
c10_010,3,-90.030585,21.158044,2015.0,0.25021302700042725,116
c10_008,3,-89.95405578613281,21.163972,2015.0,0.5127430558204651,116
c1_051,1,-90.064538,21.118162155151367,2015.0,0.7777803540229797,116
c1_052,1,-90.05322265625,21.112234115600586,2015.0,0.7957741022109985,116
c1_053,1,-90.068041,21.142953,2015.0,0.8370784521102905,116
c1_054,1,-90.00040435791016,21.124359130859375,2015.0,0.7822954654693604,116
c1_055,1,-90.049178,21.1402587890625,2015.0,0.7440325617790222,116
c2_051,2,-90.111695,21.123821258544922,2015.0,0.8567076325416565,116
c2_052,2,-90.02277374267578,21.139720916748047,2015.0,0.7553039193153381,116
c2_053,2,-89.941929,21.138911,2015.0,0.8799307942390442,116
c2_054,2,-89.950013,21.130019,2015.0,0.8515223264694214,116
c2_055,2,-90.106306,21.128941,2015.0,0.8454814553260803,116
c3_062,3,-90.086634,21.149690628051758,2015.0,0.8397833704948425,116
c3_051,3,-90.010914,21.144301,2015.0,0.8543230891227722,116
c3_055,3,-90.079359,21.150499,2015.0,0.9280774593353271,116
c3_058,3,-90.000943,21.171248,2015.0,0.657989501953125,116
c3_052,3,-90.094179,21.114929,2015.0,0.7669041156768799,116
c3_059,3,-90.039208,21.1402587890625,2015.0,0.9941951036453247,116
c3_053,3,-90.013608,21.152114868164062,2015.0,0.9018192887306213,116
c3_060,3,-89.958906,21.12489891052246,2015.0,0.9450335502624512,116
c3_057,3,-90.058071,21.159929275512695,2015.0,0.8790116906166077,116
c3_061,3,-89.973457,21.138911,2015.0,0.7917572259902954,116
c3_064,3,-89.989625,21.149959564208984,2015.0,0.7419214844703674,116
c3_063,3,-90.030046,21.125707,2015.0,0.8574881553649902,116
c3_065,3,-89.972379,21.162086486816406,2015.0,0.871844470500946,116
c3_054,3,-90.029237,21.101455,2015.0,0.8539404273033142,116
c3_056,3,-90.008758,21.114120483398438,2015.0,0.836192786693573,116
c4_051,4,-89.958906,21.191997,2015.0,0.7714098691940308,116
c4_052,4,-89.957828,21.178254,2015.0,0.49290966987609863,116
c4_053,4,-89.994476,21.172864,2015.0,0.6734637022018433,116
c4_054,4,-89.994745,21.168822,2015.0,0.6766700148582458,116
c4_055,4,-90.0025634765625,21.169631,2015.0,0.8370630145072937,116
c1_001,1,-90.056184,21.12301254272461,2016.0,0.9693741202354431,129
c1_002,1,-89.984506,21.126246,2016.0,0.911726176738739,129
c1_003,1,-90.070197,21.140798,2016.0,0.8987865447998047,129
c1_004,1,-90.057801,21.145648,2016.0,0.863871693611145,129
c1_005,1,-90.024926,21.145379,2016.0,0.8411322236061096,129
c1_006,1,-89.979386,21.130288,2016.0,0.8062033653259277,129
c1_007,1,-90.08636474609375,21.137025,2016.0,0.9230014085769653,129
c1_008,1,-89.952169,21.14322280883789,2016.0,0.9167636632919312,129
c1_009,1,-90.055106,21.138911,2016.0,0.7702734470367432,129
c1_010,1,-89.945702,21.14322280883789,2016.0,0.8527131676673889,129
c1_011,1,-89.958098,21.149151,2016.0,0.8381617069244385,129
c1_012,1,-90.036783,21.117354,2016.0,0.8771693110466003,129
c1_013,1,-90.113042,21.085018157958984,2016.0,0.8775152564048767,129
c1_014,1,-89.944085,21.154002,2016.0,0.8982627987861633,129
c1_015,1,-90.065885,21.113581,2016.0,0.9515849351882935,129
c1_016,1,-90.064538,21.121126174926758,2016.0,0.9023478627204895,129
c1_017,1,-90.01280212402344,21.122474,2016.0,0.8618946075439453,129
c1_018,1,-90.013608,21.150499,2016.0,0.8979151248931885,129
c1_019,1,-90.075856,21.141876220703125,2016.0,0.9052178263664246,129
c1_020,1,-90.063729,21.119510650634766,2016.0,0.8060631155967712,129
c1_021,1,-90.112234,21.128671646118164,2016.0,0.8773206472396851,129
c1_022,1,-89.970224,21.131635665893555,2016.0,0.8097013235092163,129
c1_023,1,-90.049448,21.111425399780273,2016.0,0.8749827146530151,129
c1_024,1,-90.076933,21.135408401489258,2016.0,0.6314123272895813,129
c1_025,1,-90.09391021728516,21.143762,2016.0,0.878612756729126,129
c1_026,1,-89.940852,21.145917892456055,2016.0,0.9383676052093506,129
c1_027,1,-89.945163,21.154002,2016.0,0.8766500949859619,129
c1_028,1,-90.098491,21.127324,2016.0,0.8512309789657593,129
c1_029,1,-90.003368,21.149421,2016.0,0.6537925601005554,129
c1_030,1,-89.972918,21.124629,2016.0,0.8411036729812622,129
c1_031,1,-90.003907,21.124359130859375,2016.0,0.888159990310669,129
c1_032,1,-90.066694,21.0987606048584,2016.0,0.9125942587852478,129
c1_033,1,-89.994745,21.123552322387695,2016.0,0.9054712653160095,129
c1_034,1,-90.08879089355469,21.142953,2016.0,0.9227796196937561,129
c1_035,1,-90.063191,21.110887,2016.0,0.841864287853241,129
c1_036,1,-89.960523,21.137563705444336,2016.0,0.8539561033248901,129
c1_037,1,-90.094179,21.093371,2016.0,0.8055502772331238,129
c1_038,1,-90.0025634765625,21.122743,2016.0,0.866632342338562,129
c1_039,1,-90.051334,21.132714,2016.0,0.7257032990455627,129
c1_040,1,-90.066694,21.13837242126465,2016.0,0.8779686093330383,129
c1_041,1,-90.116815,21.0882511138916,2016.0,0.8090871572494507,129
c1_042,1,-90.057801,21.148612,2016.0,0.9864975214004517,129
c1_043,1,-90.080706,21.141876220703125,2016.0,0.8965685367584229,129
c1_044,1,-89.947319,21.188493728637695,2016.0,0.7995432019233704,129
c1_045,1,-89.981811,21.124091,2016.0,0.8450767397880554,129
c1_046,1,-90.058879,21.128671646118164,2016.0,0.7726153135299683,129
c1_047,1,-90.075317,21.10361099243164,2016.0,0.8390563726425171,129
c1_048,1,-90.003638,21.150768280029297,2016.0,0.8803237676620483,129
c1_049,1,-90.026543,21.122743,2016.0,0.8973053097724915,129
c1_050,1,-90.108731,21.117623,2016.0,0.8341568112373352,129
c2_001,2,-89.960253,21.154002,2016.0,0.7713878750801086,129
c2_002,2,-90.117623,21.133522033691406,2016.0,0.8789505362510681,129
c2_003,2,-90.07881927490234,21.09229278564453,2016.0,0.8645851612091064,129
c2_004,2,-89.978847,21.15022850036621,2016.0,0.7420579791069031,129
c2_005,2,-90.089329,21.09364128112793,2016.0,0.942955493927002,129
c2_006,2,-90.11412048339844,21.100377,2016.0,0.7463985085487366,129
c2_007,2,-90.106036,21.131635665893555,2016.0,0.9271689653396606,129
c2_008,2,-90.001213,21.145379,2016.0,0.7874898910522461,129
c2_009,2,-89.963217,21.183913,2016.0,0.872641921043396,129
c2_010,2,-90.10226440429688,21.144301,2016.0,0.8817635178565979,129
c2_011,2,-89.958636,21.125438,2016.0,0.8725525736808777,129
c2_012,2,-90.097413,21.149959564208984,2016.0,0.9267863631248474,129
c2_013,2,-90.100647,21.106845,2016.0,0.74004727602005,129
c2_014,2,-90.04594421386719,21.111156463623047,2016.0,0.8146490454673767,129
c2_015,2,-90.068849,21.102802276611328,2016.0,0.8828644156455994,129
c2_016,2,-90.118162,21.135947,2016.0,0.6930105686187744,129
c2_017,2,-89.96214294433594,21.120587,2016.0,0.8736209869384766,129
c2_018,2,-89.981541,21.148343,2016.0,0.6621479392051697,129
c2_019,2,-90.041364,21.101186,2016.0,0.8607460260391235,129
c2_020,2,-90.082592,21.10064697265625,2016.0,0.9329243898391724,129
c2_021,2,-89.945163,21.161008,2016.0,0.8539223074913025,129
c2_022,2,-90.01280212402344,21.118162155151367,2016.0,0.8535125255584717,129
c2_023,2,-89.94165802001953,21.17879295349121,2016.0,0.7533197999000549,129
c2_024,2,-89.940043,21.179332,2016.0,0.7966402173042297,129
c2_025,2,-89.942199,21.169092178344727,2016.0,0.8215929269790649,129
c2_026,2,-90.04837036132812,21.15858268737793,2016.0,0.9038410186767578,129
c2_027,2,-90.018189,21.155078887939453,2016.0,0.9061650633811951,129
c2_028,2,-90.018998,21.118701,2016.0,0.9541679620742798,129
c2_029,2,-89.960253,21.166936,2016.0,0.8934375047683716,129
c2_030,2,-90.08636474609375,21.13918113708496,2016.0,0.918985903263092,129
c2_031,2,-90.006871,21.167745,2016.0,0.8647955060005188,129
c2_032,2,-89.9599838256836,21.15750503540039,2016.0,0.6973922252655029,129
c2_033,2,-90.052412,21.115737,2016.0,0.8279950618743896,129
c2_034,2,-90.075586,21.099569,2016.0,0.849066972732544,129
c2_035,2,-90.108731,21.095796,2016.0,0.746518075466156,129
c2_036,2,-90.026543,21.155078887939453,2016.0,0.8899509906768799,129
c2_037,2,-90.006871,21.131097,2016.0,0.9680039286613464,129
c2_038,2,-90.080167,21.099838256835938,2016.0,0.8677193522453308,129
c2_039,2,-89.947588,21.136486053466797,2016.0,0.898502767086029,129
c2_040,2,-90.061304,21.10468864440918,2016.0,0.8377348780632019,129
c2_041,2,-90.075856,21.134868621826172,2016.0,0.6784862875938416,129
c2_042,2,-89.99959564208984,21.12004852294922,2016.0,0.877932071685791,129
c2_043,2,-90.101725,21.08043670654297,2016.0,0.8942375779151917,129
c2_044,2,-90.026004,21.113851,2016.0,0.8961755633354187,129
c2_045,2,-90.118162,21.129209518432617,2016.0,0.9160370230674744,129
c2_046,2,-89.94139099121094,21.172056198120117,2016.0,0.8453113436698914,129
c2_047,2,-89.969685,21.1402587890625,2016.0,0.8448928594589233,129
c2_048,2,-90.1038818359375,21.095527,2016.0,0.7250247597694397,129
c2_049,2,-89.99231719970703,21.149690628051758,2016.0,0.7649493217468262,129
c2_050,2,-89.950822,21.121396,2016.0,0.9375036954879761,129
c3_045,3,-89.992859,21.161815643310547,2016.0,0.2808994948863983,129
c3_003,3,-90.034357,21.15858268737793,2016.0,0.45088768005371094,129
c3_026,3,-89.986931,21.149959564208984,2016.0,0.9707069993019104,129
c3_008,3,-90.084209,21.151576,2016.0,0.7872796058654785,129
c3_017,3,-89.970493,21.159929275512695,2016.0,0.7363391518592834,129
c3_004,3,-89.982619,21.180679,2016.0,0.895466148853302,129
c3_040,3,-89.9742660522461,21.185529708862305,2016.0,0.8930336236953735,129
c3_024,3,-89.97722625732422,21.183913,2016.0,0.8426622152328491,129
c3_013,3,-89.995823,21.13837242126465,2016.0,0.8713223338127136,129
c3_018,3,-90.062113,21.107114,2016.0,0.9013082385063171,129
c3_007,3,-90.088521,21.146995,2016.0,0.811058759689331,129
c3_014,3,-89.951361,21.199003219604492,2016.0,0.25901228189468384,129
c3_042,3,-89.950283,21.199003219604492,2016.0,0.4652688503265381,129
c3_029,3,-90.000135,21.137563705444336,2016.0,0.7868409752845764,129
c3_005,3,-90.003638,21.111964,2016.0,0.8783248066902161,129
c3_022,3,-90.005524,21.112503051757812,2016.0,0.9890104532241821,129
c3_002,3,-89.953786,21.197656,2016.0,0.7872955203056335,129
c3_015,3,-89.940852,21.162086486816406,2016.0,0.798182487487793,129
c3_020,3,-90.016842,21.116006,2016.0,0.8792231678962708,129
c3_027,3,-89.982619,21.149421,2016.0,0.6809386014938354,129
c3_030,3,-89.942738,21.1674747467041,2016.0,0.8386917114257812,129
c3_050,3,-89.941929,21.168553,2016.0,0.6283916234970093,129
c3_009,3,-89.986392,21.149959564208984,2016.0,0.8848469257354736,129
c3_033,3,-90.039208,21.102802276611328,2016.0,0.8386527895927429,129
c3_038,3,-89.976152,21.169361114501953,2016.0,0.7178472876548767,129
c3_023,3,-89.97183990478516,21.169361114501953,2016.0,0.7233279347419739,129
c3_032,3,-90.00040435791016,21.138642,2016.0,0.6764563918113708,129
c3_046,3,-89.994476,21.137832641601562,2016.0,0.7044012546539307,129
c3_025,3,-89.947049,21.157235,2016.0,0.7957446575164795,129
c3_028,3,-89.976421,21.165858,2016.0,0.7620929479598999,129
c3_036,3,-89.95189666748047,21.162894,2016.0,0.8394823670387268,129
c3_021,3,-90.007141,21.131635665893555,2016.0,0.8443700075149536,129
c3_035,3,-90.000943,21.144569396972656,2016.0,0.7813452482223511,129
c3_037,3,-89.97183990478516,21.162086486816406,2016.0,0.8562541007995605,129
c3_039,3,-89.976691,21.168283462524414,2016.0,0.7376134991645813,129
c3_041,3,-89.973996,21.137563705444336,2016.0,0.779456615447998,129
c3_034,3,-90.041364,21.1402587890625,2016.0,0.7557781934738159,129
c3_047,3,-90.028698,21.126246,2016.0,0.8729852437973022,129
c3_048,3,-90.030315,21.124359130859375,2016.0,0.8082038164138794,129
c3_011,3,-90.035974,21.099299,2016.0,0.8677899837493896,129
c3_001,3,-90.080437,21.100377,2016.0,0.8401573300361633,129
c3_006,3,-89.94677734375,21.202237,2016.0,0.8208736181259155,129
c3_019,3,-89.958367,21.172056198120117,2016.0,0.8923090696334839,129
c3_031,3,-90.00740814208984,21.113042,2016.0,0.9056503772735596,129
c3_010,3,-90.01252746582031,21.114659,2016.0,0.9120307564735413,129
c3_012,3,-90.00768280029297,21.114389419555664,2016.0,0.8996707797050476,129
c3_016,3,-90.045675,21.097951889038086,2016.0,0.7334717512130737,129
c3_043,3,-89.967259,21.189841,2016.0,0.8920707702636719,129
c3_044,3,-90.046214,21.097413,2016.0,0.811424970626831,129
c3_049,3,-90.016033,21.116006,2016.0,0.9301592707633972,129
c4_001,4,-90.002021,21.168822,2016.0,0.8553099632263184,129
c4_002,4,-90.013878,21.166397094726562,2016.0,0.7208983898162842,129
c4_003,4,-90.040286,21.149421,2016.0,0.8664523363113403,129
c4_004,4,-89.94139099121094,21.181487,2016.0,0.9357684254646301,129
c4_005,4,-89.967529,21.183643341064453,2016.0,0.9884941577911377,129
c4_006,4,-89.943277,21.200620651245117,2016.0,0.8883581757545471,129
c4_007,4,-89.968068,21.171248,2016.0,0.8265699744224548,129
c4_008,4,-90.035705,21.15346336364746,2016.0,0.9298896193504333,129
c4_009,4,-89.967798,21.179332,2016.0,0.40004146099090576,129
c4_010,4,-89.949205,21.194961,2016.0,0.4773455858230591,129
c4_011,4,-89.943007,21.202506,2016.0,0.8731933832168579,129
c4_012,4,-89.945163,21.199811,2016.0,0.7902190089225769,129
c4_013,4,-89.972379,21.174481,2016.0,0.900692880153656,129
c4_014,4,-90.041633,21.148612,2016.0,0.9277108311653137,129
c4_015,4,-89.960792,21.190380096435547,2016.0,0.9626706838607788,129
c4_016,4,-89.958098,21.184452056884766,2016.0,0.8532483577728271,129
c4_017,4,-90.074239,21.133790969848633,2016.0,0.8717666268348694,129
c4_018,4,-89.950822,21.1922664642334,2016.0,0.6906723976135254,129
c4_019,4,-89.996901,21.149959564208984,2016.0,0.9677620530128479,129
c4_020,4,-89.960523,21.186338424682617,2016.0,0.8925046324729919,129
c4_021,4,-89.9465103149414,21.185529708862305,2016.0,0.8167713284492493,129
c4_022,4,-89.957828,21.185529708862305,2016.0,0.8290243148803711,129
c4_023,4,-90.035705,21.144301,2016.0,0.6359606981277466,129
c4_024,4,-90.022501,21.156966,2016.0,0.6935840845108032,129
c4_025,4,-89.981002,21.165319,2016.0,0.8206473588943481,129
c4_026,4,-90.027621,21.162355422973633,2016.0,0.9212445616722107,129
c4_027,4,-89.949475,21.19415283203125,2016.0,0.8217200040817261,129
c4_028,4,-89.940852,21.201428,2016.0,0.8935883641242981,129
c4_029,4,-89.961601,21.190919,2016.0,0.9519287943840027,129
c4_030,4,-90.041364,21.151576,2016.0,0.8932015299797058,129
c4_031,4,-90.062382,21.153732299804688,2016.0,0.9704878926277161,129
c4_032,4,-89.944085,21.193883,2016.0,0.5118964910507202,129
c4_033,4,-89.981811,21.164511,2016.0,0.8261799812316895,129
c4_034,4,-89.940313,21.199811,2016.0,0.8412044048309326,129
c4_035,4,-90.072622,21.132714,2016.0,0.9013968110084534,129
c4_036,4,-89.942738,21.183643341064453,2016.0,0.6842249631881714,129
c4_037,4,-89.9742660522461,21.173673,2016.0,0.9012482762336731,129
c4_038,4,-89.966451,21.182565,2016.0,0.7020275592803955,129
c4_039,4,-90.014147,21.163972,2016.0,0.6517398357391357,129
c4_040,4,-89.944355,21.201428,2016.0,0.8677109479904175,129
c4_041,4,-90.011183,21.148881912231445,2016.0,0.756242573261261,129
c4_042,4,-90.071814,21.131635665893555,2016.0,0.8336605429649353,129
c4_043,4,-90.11438751220703,21.11061668395996,2016.0,0.7123955488204956,129
c4_044,4,-89.956481,21.189302444458008,2016.0,0.8727136850357056,129
c4_045,4,-90.036513,21.153732299804688,2016.0,0.930284321308136,129
c4_046,4,-89.98235321044922,21.169092178344727,2016.0,0.8863719701766968,129
c4_047,4,-89.992859,21.172864,2016.0,0.5383803844451904,129
c4_048,4,-89.948127,21.191457748413086,2016.0,0.9179481863975525,129
c4_049,4,-90.1195068359375,21.108461380004883,2016.0,0.6621935963630676,129
c4_050,4,-90.094718,21.12301254272461,2016.0,0.7116899490356445,129
c5_045,5,-90.018998,21.166128158569336,2016.0,0.7432850003242493,129
c5_008,5,-90.034357,21.155618,2016.0,0.8854422569274902,129
c5_010,5,-89.957289,21.163703,2016.0,0.6462672352790833,129
c5_011,5,-90.004985,21.156696319580078,2016.0,0.8919879794120789,129
c5_012,5,-90.066424,21.154809951782227,2016.0,0.9586395025253296,129
c5_014,5,-90.006871,21.155887603759766,2016.0,0.6391691565513611,129
c5_016,5,-90.002829,21.15642738342285,2016.0,0.901526689529419,129
c5_022,5,-90.044597,21.154809951782227,2016.0,0.9208374619483948,129
c5_024,5,-89.995284,21.15642738342285,2016.0,0.7147396206855774,129
c5_003,5,-90.056993,21.154541015625,2016.0,0.9388914704322815,129
c5_013,5,-90.020614,21.157235,2016.0,0.7457647919654846,129
c5_020,5,-90.027621,21.156966,2016.0,0.7047613859176636,129
c5_025,5,-90.03301239013672,21.15966033935547,2016.0,0.9881731271743774,129
c5_034,5,-90.012261,21.166397094726562,2016.0,0.7923771142959595,129
c5_040,5,-90.069658,21.154541015625,2016.0,0.9087902307510376,129
c5_041,5,-89.998787,21.156156539916992,2016.0,0.9361793398857117,129
c5_043,5,-90.113042,21.13729476928711,2016.0,0.7950844764709473,129
c5_002,5,-90.042172,21.156156539916992,2016.0,0.978546679019928,129
c5_004,5,-90.034088,21.156966,2016.0,0.6691275835037231,129
c5_001,5,-89.996093,21.155887603759766,2016.0,0.8360578417778015,129
c5_006,5,-90.035435,21.154809951782227,2016.0,0.8997989892959595,129
c5_015,5,-89.942738,21.172864,2016.0,0.5993423461914062,129
c5_018,5,-90.0685806274414,21.152385,2016.0,0.8029685616493225,129
c5_026,5,-89.998248,21.172326,2016.0,0.6471289992332458,129
c5_033,5,-90.01980590820312,21.156966,2016.0,0.8824864625930786,129
c5_036,5,-90.041902,21.15750503540039,2016.0,0.8615648746490479,129
c5_039,5,-90.060496,21.15642738342285,2016.0,0.8732303380966187,129
c5_005,5,-90.041633,21.159929275512695,2016.0,0.8870911002159119,129
c5_009,5,-90.038938,21.154271,2016.0,0.9526834487915039,129
c5_019,5,-90.057262,21.155349,2016.0,0.8128142952919006,129
c5_021,5,-90.089598,21.148073196411133,2016.0,0.9190136790275574,129
c5_030,5,-90.071814,21.151845932006836,2016.0,0.8514932990074158,129
c5_031,5,-90.003099,21.155618,2016.0,0.94126296043396,129
c5_035,5,-90.095527,21.151845932006836,2016.0,0.7769463062286377,129
c5_037,5,-89.996632,21.160469,2016.0,0.9588716626167297,129
c5_023,5,-89.978038,21.180139541625977,2016.0,0.7942105531692505,129
c5_017,5,-90.040555,21.145917892456055,2016.0,0.7093838453292847,129
c5_027,5,-90.08879089355469,21.150768280029297,2016.0,0.897857666015625,129
c5_047,5,-90.001213,21.154541015625,2016.0,0.9059654474258423,129
c5_048,5,-90.028429,21.156696319580078,2016.0,0.9020293354988098,129
c5_029,5,-90.090407,21.149421,2016.0,0.8683812022209167,129
c5_032,5,-90.079359,21.150768280029297,2016.0,0.8311693668365479,129
c5_038,5,-90.04082489013672,21.156966,2016.0,0.8978171348571777,129
c5_046,5,-90.067233,21.152114868164062,2016.0,0.9334242939949036,129
c5_028,5,-90.095527,21.150499,2016.0,0.8496995568275452,129
c5_044,5,-89.973188,21.183374404907227,2016.0,0.9453125,129
c5_042,5,-90.08124542236328,21.149421,2016.0,0.8934734463691711,129
c5_007,5,-90.021962,21.143491744995117,2016.0,0.5638085603713989,129
c10_001,3,-90.028968,21.158313,2016.0,0.714222252368927,129
c10_005,3,-89.954594,21.163972,2016.0,0.6076228618621826,129
c10_002,3,-90.033549,21.15858268737793,2016.0,0.6784104108810425,129
c10_003,3,-90.030046,21.158044,2016.0,0.5827585458755493,129
c10_004,3,-90.029507,21.157773971557617,2016.0,0.5522518157958984,129
c10_006,3,-90.03301239013672,21.159122467041016,2016.0,0.9020890593528748,129
c10_007,3,-90.03301239013672,21.158044,2016.0,0.8222908973693848,129
c10_009,3,-90.032741,21.15858268737793,2016.0,0.7221298813819885,129
c10_010,3,-90.030585,21.158044,2016.0,0.5092846751213074,129
c10_008,3,-89.95405578613281,21.163972,2016.0,0.5031782984733582,129
c1_051,1,-90.064538,21.118162155151367,2016.0,0.8395875692367554,129
c1_052,1,-90.05322265625,21.112234115600586,2016.0,0.8552358150482178,129
c1_053,1,-90.068041,21.142953,2016.0,0.9093400239944458,129
c1_054,1,-90.00040435791016,21.124359130859375,2016.0,0.8183765411376953,129
c1_055,1,-90.049178,21.1402587890625,2016.0,0.9762423634529114,129
c2_051,2,-90.111695,21.123821258544922,2016.0,0.8863856792449951,129
c2_052,2,-90.02277374267578,21.139720916748047,2016.0,0.7815784215927124,129
c2_053,2,-89.941929,21.138911,2016.0,0.9513486623764038,129
c2_054,2,-89.950013,21.130019,2016.0,0.875318706035614,129
c2_055,2,-90.106306,21.128941,2016.0,0.9131366610527039,129
c3_062,3,-90.086634,21.149690628051758,2016.0,0.7366742491722107,129
c3_051,3,-90.010914,21.144301,2016.0,0.9874333739280701,129
c3_055,3,-90.079359,21.150499,2016.0,0.8311693668365479,129
c3_058,3,-90.000943,21.171248,2016.0,0.6026983857154846,129
c3_052,3,-90.094179,21.114929,2016.0,0.7322744131088257,129
c3_059,3,-90.039208,21.1402587890625,2016.0,0.8443451523780823,129
c3_053,3,-90.013608,21.152114868164062,2016.0,0.9558922052383423,129
c3_060,3,-89.958906,21.12489891052246,2016.0,0.9128974676132202,129
c3_057,3,-90.058071,21.159929275512695,2016.0,0.8775491714477539,129
c3_061,3,-89.973457,21.138911,2016.0,0.7943558096885681,129
c3_064,3,-89.989625,21.149959564208984,2016.0,0.7448535561561584,129
c3_063,3,-90.030046,21.125707,2016.0,0.8632997274398804,129
c3_065,3,-89.972379,21.162086486816406,2016.0,0.9184820652008057,129
c3_054,3,-90.029237,21.101455,2016.0,0.9683105945587158,129
c3_056,3,-90.008758,21.114120483398438,2016.0,0.8647879958152771,129
c4_051,4,-89.958906,21.191997,2016.0,0.8122974634170532,129
c4_052,4,-89.957828,21.178254,2016.0,0.5881166458129883,129
c4_053,4,-89.994476,21.172864,2016.0,0.6580873727798462,129
c4_054,4,-89.994745,21.168822,2016.0,0.6109179854393005,129
c4_055,4,-90.0025634765625,21.169631,2016.0,0.8230211734771729,129
c1_001,1,-90.056184,21.12301254272461,2017.0,0.8933966755867004,126
c1_002,1,-89.984506,21.126246,2017.0,0.8583699464797974,126
c1_003,1,-90.070197,21.140798,2017.0,0.8780061602592468,126
c1_004,1,-90.057801,21.145648,2017.0,0.8641557693481445,126
c1_005,1,-90.024926,21.145379,2017.0,0.6888076663017273,126
c1_006,1,-89.979386,21.130288,2017.0,0.7919766306877136,126
c1_007,1,-90.08636474609375,21.137025,2017.0,0.904247522354126,126
c1_008,1,-89.952169,21.14322280883789,2017.0,0.9573262929916382,126
c1_009,1,-90.055106,21.138911,2017.0,0.7326303124427795,126
c1_010,1,-89.945702,21.14322280883789,2017.0,0.8593533635139465,126
c1_011,1,-89.958098,21.149151,2017.0,0.8276658058166504,126
c1_012,1,-90.036783,21.117354,2017.0,0.8780421018600464,126
c1_013,1,-90.113042,21.085018157958984,2017.0,0.8771278858184814,126
c1_014,1,-89.944085,21.154002,2017.0,0.8885958790779114,126
c1_015,1,-90.065885,21.113581,2017.0,0.8085610270500183,126
c1_016,1,-90.064538,21.121126174926758,2017.0,0.8400552272796631,126
c1_017,1,-90.01280212402344,21.122474,2017.0,0.8443909287452698,126
c1_018,1,-90.013608,21.150499,2017.0,0.895060658454895,126
c1_019,1,-90.075856,21.141876220703125,2017.0,0.892798125743866,126
c1_020,1,-90.063729,21.119510650634766,2017.0,0.8529717922210693,126
c1_021,1,-90.112234,21.128671646118164,2017.0,0.8619718551635742,126
c1_022,1,-89.970224,21.131635665893555,2017.0,0.7523123025894165,126
c1_023,1,-90.049448,21.111425399780273,2017.0,0.822502076625824,126
c1_024,1,-90.076933,21.135408401489258,2017.0,0.594433069229126,126
c1_025,1,-90.09391021728516,21.143762,2017.0,0.9063776731491089,126
c1_026,1,-89.940852,21.145917892456055,2017.0,0.8720449209213257,126
c1_027,1,-89.945163,21.154002,2017.0,0.8829646706581116,126
c1_028,1,-90.098491,21.127324,2017.0,0.9817624092102051,126
c1_029,1,-90.003368,21.149421,2017.0,0.6400958299636841,126
c1_030,1,-89.972918,21.124629,2017.0,0.8456048965454102,126
c1_031,1,-90.003907,21.124359130859375,2017.0,0.9321061372756958,126
c1_032,1,-90.066694,21.0987606048584,2017.0,0.8364174962043762,126
c1_033,1,-89.994745,21.123552322387695,2017.0,0.7978609800338745,126
c1_034,1,-90.08879089355469,21.142953,2017.0,0.9017117023468018,126
c1_035,1,-90.063191,21.110887,2017.0,0.8555687665939331,126
c1_036,1,-89.960523,21.137563705444336,2017.0,0.9854583144187927,126
c1_037,1,-90.094179,21.093371,2017.0,0.8358297348022461,126
c1_038,1,-90.0025634765625,21.122743,2017.0,0.8842560052871704,126
c1_039,1,-90.051334,21.132714,2017.0,0.7835216522216797,126
c1_040,1,-90.066694,21.13837242126465,2017.0,0.8677660226821899,126
c1_041,1,-90.116815,21.0882511138916,2017.0,0.8094415664672852,126
c1_042,1,-90.057801,21.148612,2017.0,0.9164965152740479,126
c1_043,1,-90.080706,21.141876220703125,2017.0,0.8912262916564941,126
c1_044,1,-89.947319,21.188493728637695,2017.0,0.7883138060569763,126
c1_045,1,-89.981811,21.124091,2017.0,0.8415630459785461,126
c1_046,1,-90.058879,21.128671646118164,2017.0,0.879308819770813,126
c1_047,1,-90.075317,21.10361099243164,2017.0,0.8592240214347839,126
c1_048,1,-90.003638,21.150768280029297,2017.0,0.7640640139579773,126
c1_049,1,-90.026543,21.122743,2017.0,0.8955076336860657,126
c1_050,1,-90.108731,21.117623,2017.0,0.8323515057563782,126
c2_001,2,-89.960253,21.154002,2017.0,0.7543275356292725,126
c2_002,2,-90.117623,21.133522033691406,2017.0,0.9297090172767639,126
c2_003,2,-90.07881927490234,21.09229278564453,2017.0,0.8458361029624939,126
c2_004,2,-89.978847,21.15022850036621,2017.0,0.6773236393928528,126
c2_005,2,-90.089329,21.09364128112793,2017.0,0.879797637462616,126
c2_006,2,-90.11412048339844,21.100377,2017.0,0.7329720854759216,126
c2_007,2,-90.106036,21.131635665893555,2017.0,0.9213998317718506,126
c2_008,2,-90.001213,21.145379,2017.0,0.786920964717865,126
c2_009,2,-89.963217,21.183913,2017.0,0.8849657773971558,126
c2_010,2,-90.10226440429688,21.144301,2017.0,0.884347677230835,126
c2_011,2,-89.958636,21.125438,2017.0,0.8749284744262695,126
c2_012,2,-90.097413,21.149959564208984,2017.0,0.9242863059043884,126
c2_013,2,-90.100647,21.106845,2017.0,0.7669417858123779,126
c2_014,2,-90.04594421386719,21.111156463623047,2017.0,0.6642231941223145,126
c2_015,2,-90.068849,21.102802276611328,2017.0,0.9171615839004517,126
c2_016,2,-90.118162,21.135947,2017.0,0.7978439927101135,126
c2_017,2,-89.96214294433594,21.120587,2017.0,0.8611350059509277,126
c2_018,2,-89.981541,21.148343,2017.0,0.6197838187217712,126
c2_019,2,-90.041364,21.101186,2017.0,0.8599514961242676,126
c2_020,2,-90.082592,21.10064697265625,2017.0,0.8545132875442505,126
c2_021,2,-89.945163,21.161008,2017.0,0.874262809753418,126
c2_022,2,-90.01280212402344,21.118162155151367,2017.0,0.8255051970481873,126
c2_023,2,-89.94165802001953,21.17879295349121,2017.0,0.6984683871269226,126
c2_024,2,-89.940043,21.179332,2017.0,0.6792730093002319,126
c2_025,2,-89.942199,21.169092178344727,2017.0,0.9163662195205688,126
c2_026,2,-90.04837036132812,21.15858268737793,2017.0,0.9345636367797852,126
c2_027,2,-90.018189,21.155078887939453,2017.0,0.8679229617118835,126
c2_028,2,-90.018998,21.118701,2017.0,0.7984159588813782,126
c2_029,2,-89.960253,21.166936,2017.0,0.8949992060661316,126
c2_030,2,-90.08636474609375,21.13918113708496,2017.0,0.987337052822113,126
c2_031,2,-90.006871,21.167745,2017.0,0.8754881620407104,126
c2_032,2,-89.9599838256836,21.15750503540039,2017.0,0.6645824313163757,126
c2_033,2,-90.052412,21.115737,2017.0,0.9101706147193909,126
c2_034,2,-90.075586,21.099569,2017.0,0.7957896590232849,126
c2_035,2,-90.108731,21.095796,2017.0,0.7375214695930481,126
c2_036,2,-90.026543,21.155078887939453,2017.0,0.8766059279441833,126
c2_037,2,-90.006871,21.131097,2017.0,0.8485398888587952,126
c2_038,2,-90.080167,21.099838256835938,2017.0,0.8543703556060791,126
c2_039,2,-89.947588,21.136486053466797,2017.0,0.8925718069076538,126
c2_040,2,-90.061304,21.10468864440918,2017.0,0.863873302936554,126
c2_041,2,-90.075856,21.134868621826172,2017.0,0.6422948241233826,126
c2_042,2,-89.99959564208984,21.12004852294922,2017.0,0.8338484168052673,126
c2_043,2,-90.101725,21.08043670654297,2017.0,0.9380552768707275,126
c2_044,2,-90.026004,21.113851,2017.0,0.8864513039588928,126
c2_045,2,-90.118162,21.129209518432617,2017.0,0.9098628759384155,126
c2_046,2,-89.94139099121094,21.172056198120117,2017.0,0.8515415787696838,126
c2_047,2,-89.969685,21.1402587890625,2017.0,0.8443653583526611,126
c2_048,2,-90.1038818359375,21.095527,2017.0,0.7299809455871582,126
c2_049,2,-89.99231719970703,21.149690628051758,2017.0,0.7462921738624573,126
c2_050,2,-89.950822,21.121396,2017.0,0.9859508872032166,126
c3_045,3,-89.992859,21.161815643310547,2017.0,0.20253854990005493,126
c3_003,3,-90.034357,21.15858268737793,2017.0,0.43443089723587036,126
c3_026,3,-89.986931,21.149959564208984,2017.0,0.883370041847229,126
c3_008,3,-90.084209,21.151576,2017.0,0.9148647785186768,126
c3_017,3,-89.970493,21.159929275512695,2017.0,0.6913073062896729,126
c3_004,3,-89.982619,21.180679,2017.0,0.69772869348526,126
c3_040,3,-89.9742660522461,21.185529708862305,2017.0,0.9522533416748047,126
c3_024,3,-89.97722625732422,21.183913,2017.0,0.9856727123260498,126
c3_013,3,-89.995823,21.13837242126465,2017.0,0.8660436868667603,126
c3_018,3,-90.062113,21.107114,2017.0,0.8864099979400635,126
c3_007,3,-90.088521,21.146995,2017.0,0.8808116912841797,126
c3_014,3,-89.951361,21.199003219604492,2017.0,0.23126135766506195,126
c3_042,3,-89.950283,21.199003219604492,2017.0,0.5135002732276917,126
c3_029,3,-90.000135,21.137563705444336,2017.0,0.7879972457885742,126
c3_005,3,-90.003638,21.111964,2017.0,0.8585125803947449,126
c3_022,3,-90.005524,21.112503051757812,2017.0,0.8293818831443787,126
c3_002,3,-89.953786,21.197656,2017.0,0.8158310055732727,126
c3_015,3,-89.940852,21.162086486816406,2017.0,0.7811107039451599,126
c3_020,3,-90.016842,21.116006,2017.0,0.8837710618972778,126
c3_027,3,-89.982619,21.149421,2017.0,0.5272855758666992,126
c3_030,3,-89.942738,21.1674747467041,2017.0,0.734108030796051,126
c3_050,3,-89.941929,21.168553,2017.0,0.6368727684020996,126
c3_009,3,-89.986392,21.149959564208984,2017.0,0.8725327253341675,126
c3_033,3,-90.039208,21.102802276611328,2017.0,0.8440327048301697,126
c3_038,3,-89.976152,21.169361114501953,2017.0,0.7050000429153442,126
c3_023,3,-89.97183990478516,21.169361114501953,2017.0,0.7256067991256714,126
c3_032,3,-90.00040435791016,21.138642,2017.0,0.7260665893554688,126
c3_046,3,-89.994476,21.137832641601562,2017.0,0.8419047594070435,126
c3_025,3,-89.947049,21.157235,2017.0,0.7586272358894348,126
c3_028,3,-89.976421,21.165858,2017.0,0.7639227509498596,126
c3_036,3,-89.95189666748047,21.162894,2017.0,0.674952507019043,126
c3_021,3,-90.007141,21.131635665893555,2017.0,0.8211118578910828,126
c3_035,3,-90.000943,21.144569396972656,2017.0,0.7617945671081543,126
c3_037,3,-89.97183990478516,21.162086486816406,2017.0,0.8229387998580933,126
c3_039,3,-89.976691,21.168283462524414,2017.0,0.7275298833847046,126
c3_041,3,-89.973996,21.137563705444336,2017.0,0.7248821258544922,126
c3_034,3,-90.041364,21.1402587890625,2017.0,0.7168048024177551,126
c3_047,3,-90.028698,21.126246,2017.0,0.9321279525756836,126
c3_048,3,-90.030315,21.124359130859375,2017.0,0.8419630527496338,126
c3_011,3,-90.035974,21.099299,2017.0,0.8143922686576843,126
c3_001,3,-90.080437,21.100377,2017.0,0.8440985083580017,126
c3_006,3,-89.94677734375,21.202237,2017.0,0.8628273606300354,126
c3_019,3,-89.958367,21.172056198120117,2017.0,0.8902198672294617,126
c3_031,3,-90.00740814208984,21.113042,2017.0,0.8402585387229919,126
c3_010,3,-90.01252746582031,21.114659,2017.0,0.8800832033157349,126
c3_012,3,-90.00768280029297,21.114389419555664,2017.0,0.8016887903213501,126
c3_016,3,-90.045675,21.097951889038086,2017.0,0.761906087398529,126
c3_043,3,-89.967259,21.189841,2017.0,0.8872365355491638,126
c3_044,3,-90.046214,21.097413,2017.0,0.8237563371658325,126
c3_049,3,-90.016033,21.116006,2017.0,0.9382696151733398,126
c4_001,4,-90.002021,21.168822,2017.0,0.83544921875,126
c4_002,4,-90.013878,21.166397094726562,2017.0,0.7770038843154907,126
c4_003,4,-90.040286,21.149421,2017.0,0.8277235627174377,126
c4_004,4,-89.94139099121094,21.181487,2017.0,0.8695513010025024,126
c4_005,4,-89.967529,21.183643341064453,2017.0,0.8757715821266174,126
c4_006,4,-89.943277,21.200620651245117,2017.0,0.9024059176445007,126
c4_007,4,-89.968068,21.171248,2017.0,0.8330419659614563,126
c4_008,4,-90.035705,21.15346336364746,2017.0,0.9396499395370483,126
c4_009,4,-89.967798,21.179332,2017.0,0.4680197536945343,126
c4_010,4,-89.949205,21.194961,2017.0,0.8553480505943298,126
c4_011,4,-89.943007,21.202506,2017.0,0.8449544906616211,126
c4_012,4,-89.945163,21.199811,2017.0,0.9304682612419128,126
c4_013,4,-89.972379,21.174481,2017.0,0.9234047532081604,126
c4_014,4,-90.041633,21.148612,2017.0,0.8464908003807068,126
c4_015,4,-89.960792,21.190380096435547,2017.0,0.9102566242218018,126
c4_016,4,-89.958098,21.184452056884766,2017.0,0.8834353089332581,126
c4_017,4,-90.074239,21.133790969848633,2017.0,0.8616663813591003,126
c4_018,4,-89.950822,21.1922664642334,2017.0,0.7899661660194397,126
c4_019,4,-89.996901,21.149959564208984,2017.0,0.803493320941925,126
c4_020,4,-89.960523,21.186338424682617,2017.0,0.913412868976593,126
c4_021,4,-89.9465103149414,21.185529708862305,2017.0,0.6444039940834045,126
c4_022,4,-89.957828,21.185529708862305,2017.0,0.8331090807914734,126
c4_023,4,-90.035705,21.144301,2017.0,0.6466782093048096,126
c4_024,4,-90.022501,21.156966,2017.0,0.5659046769142151,126
c4_025,4,-89.981002,21.165319,2017.0,0.8301980495452881,126
c4_026,4,-90.027621,21.162355422973633,2017.0,0.7842866778373718,126
c4_027,4,-89.949475,21.19415283203125,2017.0,0.796271800994873,126
c4_028,4,-89.940852,21.201428,2017.0,0.8876808881759644,126
c4_029,4,-89.961601,21.190919,2017.0,0.8791154623031616,126
c4_030,4,-90.041364,21.151576,2017.0,0.892426609992981,126
c4_031,4,-90.062382,21.153732299804688,2017.0,0.9614048004150391,126
c4_032,4,-89.944085,21.193883,2017.0,0.6136565208435059,126
c4_033,4,-89.981811,21.164511,2017.0,0.8427553176879883,126
c4_034,4,-89.940313,21.199811,2017.0,0.8822335004806519,126
c4_035,4,-90.072622,21.132714,2017.0,0.7659797072410583,126
c4_036,4,-89.942738,21.183643341064453,2017.0,0.6710138916969299,126
c4_037,4,-89.9742660522461,21.173673,2017.0,0.9043991565704346,126
c4_038,4,-89.966451,21.182565,2017.0,0.6348878145217896,126
c4_039,4,-90.014147,21.163972,2017.0,0.4718192517757416,126
c4_040,4,-89.944355,21.201428,2017.0,0.8757826089859009,126
c4_041,4,-90.011183,21.148881912231445,2017.0,0.729199230670929,126
c4_042,4,-90.071814,21.131635665893555,2017.0,0.8494272828102112,126
c4_043,4,-90.11438751220703,21.11061668395996,2017.0,0.731208860874176,126
c4_044,4,-89.956481,21.189302444458008,2017.0,0.8748620748519897,126
c4_045,4,-90.036513,21.153732299804688,2017.0,0.9278036952018738,126
c4_046,4,-89.98235321044922,21.169092178344727,2017.0,0.8767377138137817,126
c4_047,4,-89.992859,21.172864,2017.0,0.5922508835792542,126
c4_048,4,-89.948127,21.191457748413086,2017.0,0.9204789996147156,126
c4_049,4,-90.1195068359375,21.108461380004883,2017.0,0.678949773311615,126
c4_050,4,-90.094718,21.12301254272461,2017.0,0.7112421989440918,126
c5_045,5,-90.018998,21.166128158569336,2017.0,0.7577052712440491,126
c5_008,5,-90.034357,21.155618,2017.0,0.9161769151687622,126
c5_010,5,-89.957289,21.163703,2017.0,0.6172951459884644,126
c5_011,5,-90.004985,21.156696319580078,2017.0,0.8925685286521912,126
c5_012,5,-90.066424,21.154809951782227,2017.0,0.8515190482139587,126
c5_014,5,-90.006871,21.155887603759766,2017.0,0.6623643636703491,126
c5_016,5,-90.002829,21.15642738342285,2017.0,0.9026755094528198,126
c5_022,5,-90.044597,21.154809951782227,2017.0,0.9557024240493774,126
c5_024,5,-89.995284,21.15642738342285,2017.0,0.8252120614051819,126
c5_003,5,-90.056993,21.154541015625,2017.0,0.8952909111976624,126
c5_013,5,-90.020614,21.157235,2017.0,0.7892013788223267,126
c5_020,5,-90.027621,21.156966,2017.0,0.7869670987129211,126
c5_025,5,-90.03301239013672,21.15966033935547,2017.0,0.45481637120246887,126
c5_034,5,-90.012261,21.166397094726562,2017.0,0.8326207995414734,126
c5_040,5,-90.069658,21.154541015625,2017.0,0.8846901059150696,126
c5_041,5,-89.998787,21.156156539916992,2017.0,0.7717977166175842,126
c5_043,5,-90.113042,21.13729476928711,2017.0,0.9258310794830322,126
c5_002,5,-90.042172,21.156156539916992,2017.0,0.9243566393852234,126
c5_004,5,-90.034088,21.156966,2017.0,0.6388344764709473,126
c5_001,5,-89.996093,21.155887603759766,2017.0,0.8516836762428284,126
c5_006,5,-90.035435,21.154809951782227,2017.0,0.9202454686164856,126
c5_015,5,-89.942738,21.172864,2017.0,0.5897821187973022,126
c5_018,5,-90.0685806274414,21.152385,2017.0,0.8548396825790405,126
c5_026,5,-89.998248,21.172326,2017.0,0.6206877827644348,126
c5_033,5,-90.01980590820312,21.156966,2017.0,0.9194434285163879,126
c5_036,5,-90.041902,21.15750503540039,2017.0,0.8976850509643555,126
c5_039,5,-90.060496,21.15642738342285,2017.0,0.9324737787246704,126
c5_005,5,-90.041633,21.159929275512695,2017.0,0.8847844004631042,126
c5_009,5,-90.038938,21.154271,2017.0,0.9566305875778198,126
c5_019,5,-90.057262,21.155349,2017.0,0.9272030591964722,126
c5_021,5,-90.089598,21.148073196411133,2017.0,0.9174104928970337,126
c5_030,5,-90.071814,21.151845932006836,2017.0,0.8724981546401978,126
c5_031,5,-90.003099,21.155618,2017.0,0.8916323184967041,126
c5_035,5,-90.095527,21.151845932006836,2017.0,0.8519383072853088,126
c5_037,5,-89.996632,21.160469,2017.0,0.9128122925758362,126
c5_023,5,-89.978038,21.180139541625977,2017.0,0.7936788201332092,126
c5_017,5,-90.040555,21.145917892456055,2017.0,0.6806943416595459,126
c5_027,5,-90.08879089355469,21.150768280029297,2017.0,0.9130256175994873,126
c5_047,5,-90.001213,21.154541015625,2017.0,0.8872504830360413,126
c5_048,5,-90.028429,21.156696319580078,2017.0,0.863619863986969,126
c5_029,5,-90.090407,21.149421,2017.0,0.8741255402565002,126
c5_032,5,-90.079359,21.150768280029297,2017.0,0.8177458047866821,126
c5_038,5,-90.04082489013672,21.156966,2017.0,0.9407399892807007,126
c5_046,5,-90.067233,21.152114868164062,2017.0,0.871685266494751,126
c5_028,5,-90.095527,21.150499,2017.0,0.8797764182090759,126
c5_044,5,-89.973188,21.183374404907227,2017.0,0.7801501154899597,126
c5_042,5,-90.08124542236328,21.149421,2017.0,0.906385064125061,126
c5_007,5,-90.021962,21.143491744995117,2017.0,0.5150229334831238,126
c10_001,3,-90.028968,21.158313,2017.0,0.6999304890632629,126
c10_005,3,-89.954594,21.163972,2017.0,0.597101092338562,126
c10_002,3,-90.033549,21.15858268737793,2017.0,0.2866956889629364,126
c10_003,3,-90.030046,21.158044,2017.0,0.5668409466743469,126
c10_004,3,-90.029507,21.157773971557617,2017.0,0.551391065120697,126
c10_006,3,-90.03301239013672,21.159122467041016,2017.0,0.4289361834526062,126
c10_007,3,-90.03301239013672,21.158044,2017.0,0.35010844469070435,126
c10_009,3,-90.032741,21.15858268737793,2017.0,0.46619853377342224,126
c10_010,3,-90.030585,21.158044,2017.0,0.3397146463394165,126
c10_008,3,-89.95405578613281,21.163972,2017.0,0.5650622248649597,126
c1_051,1,-90.064538,21.118162155151367,2017.0,0.847983181476593,126
c1_052,1,-90.05322265625,21.112234115600586,2017.0,0.8355891108512878,126
c1_053,1,-90.068041,21.142953,2017.0,0.8657227158546448,126
c1_054,1,-90.00040435791016,21.124359130859375,2017.0,0.828065037727356,126
c1_055,1,-90.049178,21.1402587890625,2017.0,0.7235084176063538,126
c2_051,2,-90.111695,21.123821258544922,2017.0,0.9439722895622253,126
c2_052,2,-90.02277374267578,21.139720916748047,2017.0,0.867727518081665,126
c2_053,2,-89.941929,21.138911,2017.0,0.8903697729110718,126
c2_054,2,-89.950013,21.130019,2017.0,0.8840238451957703,126
c2_055,2,-90.106306,21.128941,2017.0,0.918658435344696,126
c3_062,3,-90.086634,21.149690628051758,2017.0,0.8681983947753906,126
c3_051,3,-90.010914,21.144301,2017.0,0.8533629775047302,126
c3_055,3,-90.079359,21.150499,2017.0,0.7569367289543152,126
c3_058,3,-90.000943,21.171248,2017.0,0.6298227906227112,126
c3_052,3,-90.094179,21.114929,2017.0,0.7625123262405396,126
c3_059,3,-90.039208,21.1402587890625,2017.0,0.8493697643280029,126
c3_053,3,-90.013608,21.152114868164062,2017.0,0.8993333578109741,126
c3_060,3,-89.958906,21.12489891052246,2017.0,0.9020815491676331,126
c3_057,3,-90.058071,21.159929275512695,2017.0,0.870725154876709,126
c3_061,3,-89.973457,21.138911,2017.0,0.7649438977241516,126
c3_064,3,-89.989625,21.149959564208984,2017.0,0.7330968976020813,126
c3_063,3,-90.030046,21.125707,2017.0,0.8752973675727844,126
c3_065,3,-89.972379,21.162086486816406,2017.0,0.8747543692588806,126
c3_054,3,-90.029237,21.101455,2017.0,0.8900691270828247,126
c3_056,3,-90.008758,21.114120483398438,2017.0,0.8326713442802429,126
c4_051,4,-89.958906,21.191997,2017.0,0.8519715070724487,126
c4_052,4,-89.957828,21.178254,2017.0,0.682472825050354,126
c4_053,4,-89.994476,21.172864,2017.0,0.8065170645713806,126
c4_054,4,-89.994745,21.168822,2017.0,0.8539080619812012,126
c4_055,4,-90.0025634765625,21.169631,2017.0,0.850836455821991,126
c1_001,1,-90.056184,21.12301254272461,2018.0,0.894562840461731,120
c1_002,1,-89.984506,21.126246,2018.0,0.8670281767845154,120
c1_003,1,-90.070197,21.140798,2018.0,0.9006887078285217,120
c1_004,1,-90.057801,21.145648,2018.0,0.8708055019378662,120
c1_005,1,-90.024926,21.145379,2018.0,0.683332622051239,120
c1_006,1,-89.979386,21.130288,2018.0,0.781489908695221,120
c1_007,1,-90.08636474609375,21.137025,2018.0,0.8951390981674194,120
c1_008,1,-89.952169,21.14322280883789,2018.0,0.8842014670372009,120
c1_009,1,-90.055106,21.138911,2018.0,0.7349444031715393,120
c1_010,1,-89.945702,21.14322280883789,2018.0,0.8653183579444885,120
c1_011,1,-89.958098,21.149151,2018.0,0.8221954107284546,120
c1_012,1,-90.036783,21.117354,2018.0,0.8876760601997375,120
c1_013,1,-90.113042,21.085018157958984,2018.0,0.9661508798599243,120
c1_014,1,-89.944085,21.154002,2018.0,0.8835907578468323,120
c1_015,1,-90.065885,21.113581,2018.0,0.8030261397361755,120
c1_016,1,-90.064538,21.121126174926758,2018.0,0.8782333731651306,120
c1_017,1,-90.01280212402344,21.122474,2018.0,0.8768222332000732,120
c1_018,1,-90.013608,21.150499,2018.0,0.8974337577819824,120
c1_019,1,-90.075856,21.141876220703125,2018.0,0.8779710531234741,120
c1_020,1,-90.063729,21.119510650634766,2018.0,0.8063338398933411,120
c1_021,1,-90.112234,21.128671646118164,2018.0,0.8956931233406067,120
c1_022,1,-89.970224,21.131635665893555,2018.0,0.7413632869720459,120
c1_023,1,-90.049448,21.111425399780273,2018.0,0.8133593797683716,120
c1_024,1,-90.076933,21.135408401489258,2018.0,0.6951068043708801,120
c1_025,1,-90.09391021728516,21.143762,2018.0,0.8749593496322632,120
c1_026,1,-89.940852,21.145917892456055,2018.0,0.9317945241928101,120
c1_027,1,-89.945163,21.154002,2018.0,0.8711166977882385,120
c1_028,1,-90.098491,21.127324,2018.0,0.8675364255905151,120
c1_029,1,-90.003368,21.149421,2018.0,0.6450256109237671,120
c1_030,1,-89.972918,21.124629,2018.0,0.8388878107070923,120
c1_031,1,-90.003907,21.124359130859375,2018.0,0.8850084543228149,120
c1_032,1,-90.066694,21.0987606048584,2018.0,0.8440126776695251,120
c1_033,1,-89.994745,21.123552322387695,2018.0,0.7926921844482422,120
c1_034,1,-90.08879089355469,21.142953,2018.0,0.9091138243675232,120
c1_035,1,-90.063191,21.110887,2018.0,0.8315494060516357,120
c1_036,1,-89.960523,21.137563705444336,2018.0,0.848050594329834,120
c1_037,1,-90.094179,21.093371,2018.0,0.8458533883094788,120
c1_038,1,-90.0025634765625,21.122743,2018.0,0.8623914122581482,120
c1_039,1,-90.051334,21.132714,2018.0,0.7084628343582153,120
c1_040,1,-90.066694,21.13837242126465,2018.0,0.8871694207191467,120
c1_041,1,-90.116815,21.0882511138916,2018.0,0.80816251039505,120
c1_042,1,-90.057801,21.148612,2018.0,0.9233724474906921,120
c1_043,1,-90.080706,21.141876220703125,2018.0,0.8758352994918823,120
c1_044,1,-89.947319,21.188493728637695,2018.0,0.7878701090812683,120
c1_045,1,-89.981811,21.124091,2018.0,0.8402331471443176,120
c1_046,1,-90.058879,21.128671646118164,2018.0,0.8124052882194519,120
c1_047,1,-90.075317,21.10361099243164,2018.0,0.8483380675315857,120
c1_048,1,-90.003638,21.150768280029297,2018.0,0.7732435464859009,120
c1_049,1,-90.026543,21.122743,2018.0,0.9012953639030457,120
c1_050,1,-90.108731,21.117623,2018.0,0.8472747802734375,120
c2_001,2,-89.960253,21.154002,2018.0,0.7563729286193848,120
c2_002,2,-90.117623,21.133522033691406,2018.0,0.8580676317214966,120
c2_003,2,-90.07881927490234,21.09229278564453,2018.0,0.8550042510032654,120
c2_004,2,-89.978847,21.15022850036621,2018.0,0.6865872740745544,120
c2_005,2,-90.089329,21.09364128112793,2018.0,0.8772478103637695,120
c2_006,2,-90.11412048339844,21.100377,2018.0,0.7318369746208191,120
c2_007,2,-90.106036,21.131635665893555,2018.0,0.9208819270133972,120
c2_008,2,-90.001213,21.145379,2018.0,0.8315651416778564,120
c2_009,2,-89.963217,21.183913,2018.0,0.8586527705192566,120
c2_010,2,-90.10226440429688,21.144301,2018.0,0.8731364011764526,120
c2_011,2,-89.958636,21.125438,2018.0,0.8663163185119629,120
c2_012,2,-90.097413,21.149959564208984,2018.0,0.9208453893661499,120
c2_013,2,-90.100647,21.106845,2018.0,0.7612423300743103,120
c2_014,2,-90.04594421386719,21.111156463623047,2018.0,0.7132577300071716,120
c2_015,2,-90.068849,21.102802276611328,2018.0,0.9305533766746521,120
c2_016,2,-90.118162,21.135947,2018.0,0.7460453510284424,120
c2_017,2,-89.96214294433594,21.120587,2018.0,0.861557126045227,120
c2_018,2,-89.981541,21.148343,2018.0,0.6301755905151367,120
c2_019,2,-90.041364,21.101186,2018.0,0.8859244585037231,120
c2_020,2,-90.082592,21.10064697265625,2018.0,0.8865640759468079,120
c2_021,2,-89.945163,21.161008,2018.0,0.8301659226417542,120
c2_022,2,-90.01280212402344,21.118162155151367,2018.0,0.9714375734329224,120
c2_023,2,-89.94165802001953,21.17879295349121,2018.0,0.6978263258934021,120
c2_024,2,-89.940043,21.179332,2018.0,0.6715712547302246,120
c2_025,2,-89.942199,21.169092178344727,2018.0,0.8124229907989502,120
c2_026,2,-90.04837036132812,21.15858268737793,2018.0,0.9178770184516907,120
c2_027,2,-90.018189,21.155078887939453,2018.0,0.889065682888031,120
c2_028,2,-90.018998,21.118701,2018.0,0.7965304851531982,120
c2_029,2,-89.960253,21.166936,2018.0,0.9214758276939392,120
c2_030,2,-90.08636474609375,21.13918113708496,2018.0,0.9059394001960754,120
c2_031,2,-90.006871,21.167745,2018.0,0.8730709552764893,120
c2_032,2,-89.9599838256836,21.15750503540039,2018.0,0.7079312801361084,120
c2_033,2,-90.052412,21.115737,2018.0,0.8106505274772644,120
c2_034,2,-90.075586,21.099569,2018.0,0.781923234462738,120
c2_035,2,-90.108731,21.095796,2018.0,0.7320619225502014,120
c2_036,2,-90.026543,21.155078887939453,2018.0,0.843362033367157,120
c2_037,2,-90.006871,21.131097,2018.0,0.8534814119338989,120
c2_038,2,-90.080167,21.099838256835938,2018.0,0.8713086247444153,120
c2_039,2,-89.947588,21.136486053466797,2018.0,0.8700165152549744,120
c2_040,2,-90.061304,21.10468864440918,2018.0,0.8496568202972412,120
c2_041,2,-90.075856,21.134868621826172,2018.0,0.7195671200752258,120
c2_042,2,-89.99959564208984,21.12004852294922,2018.0,0.8805443644523621,120
c2_043,2,-90.101725,21.08043670654297,2018.0,0.8516988158226013,120
c2_044,2,-90.026004,21.113851,2018.0,0.910052478313446,120
c2_045,2,-90.118162,21.129209518432617,2018.0,0.9090278744697571,120
c2_046,2,-89.94139099121094,21.172056198120117,2018.0,0.8507122993469238,120
c2_047,2,-89.969685,21.1402587890625,2018.0,0.8425488471984863,120
c2_048,2,-90.1038818359375,21.095527,2018.0,0.7285796999931335,120
c2_049,2,-89.99231719970703,21.149690628051758,2018.0,0.7505555152893066,120
c2_050,2,-89.950822,21.121396,2018.0,0.9049019813537598,120
c3_045,3,-89.992859,21.161815643310547,2018.0,0.27281293272972107,120
c3_003,3,-90.034357,21.15858268737793,2018.0,0.4147477149963379,120
c3_026,3,-89.986931,21.149959564208984,2018.0,0.9159572124481201,120
c3_008,3,-90.084209,21.151576,2018.0,0.833935022354126,120
c3_017,3,-89.970493,21.159929275512695,2018.0,0.7067413330078125,120
c3_004,3,-89.982619,21.180679,2018.0,0.6703115105628967,120
c3_040,3,-89.9742660522461,21.185529708862305,2018.0,0.8765876293182373,120
c3_024,3,-89.97722625732422,21.183913,2018.0,0.8503851890563965,120
c3_013,3,-89.995823,21.13837242126465,2018.0,0.857199490070343,120
c3_018,3,-90.062113,21.107114,2018.0,0.8882495760917664,120
c3_007,3,-90.088521,21.146995,2018.0,0.95082688331604,120
c3_014,3,-89.951361,21.199003219604492,2018.0,0.18979483842849731,120
c3_042,3,-89.950283,21.199003219604492,2018.0,0.34226009249687195,120
c3_029,3,-90.000135,21.137563705444336,2018.0,0.7521111369132996,120
c3_005,3,-90.003638,21.111964,2018.0,0.8693228960037231,120
c3_022,3,-90.005524,21.112503051757812,2018.0,0.8494163751602173,120
c3_002,3,-89.953786,21.197656,2018.0,0.7699304819107056,120
c3_015,3,-89.940852,21.162086486816406,2018.0,0.7867205142974854,120
c3_020,3,-90.016842,21.116006,2018.0,0.9385907649993896,120
c3_027,3,-89.982619,21.149421,2018.0,0.5510112643241882,120
c3_030,3,-89.942738,21.1674747467041,2018.0,0.7038828730583191,120
c3_050,3,-89.941929,21.168553,2018.0,0.5178210139274597,120
c3_009,3,-89.986392,21.149959564208984,2018.0,0.8804839253425598,120
c3_033,3,-90.039208,21.102802276611328,2018.0,0.848671019077301,120
c3_038,3,-89.976152,21.169361114501953,2018.0,0.7379940152168274,120
c3_023,3,-89.97183990478516,21.169361114501953,2018.0,0.7318187355995178,120
c3_032,3,-90.00040435791016,21.138642,2018.0,0.6976774334907532,120
c3_046,3,-89.994476,21.137832641601562,2018.0,0.7323520183563232,120
c3_025,3,-89.947049,21.157235,2018.0,0.7056792378425598,120
c3_028,3,-89.976421,21.165858,2018.0,0.7611553072929382,120
c3_036,3,-89.95189666748047,21.162894,2018.0,0.6221408843994141,120
c3_021,3,-90.007141,21.131635665893555,2018.0,0.8206958174705505,120
c3_035,3,-90.000943,21.144569396972656,2018.0,0.6906137466430664,120
c3_037,3,-89.97183990478516,21.162086486816406,2018.0,0.985969066619873,120
c3_039,3,-89.976691,21.168283462524414,2018.0,0.7146684527397156,120
c3_041,3,-89.973996,21.137563705444336,2018.0,0.658768892288208,120
c3_034,3,-90.041364,21.1402587890625,2018.0,0.7147229313850403,120
c3_047,3,-90.028698,21.126246,2018.0,0.9477372169494629,120
c3_048,3,-90.030315,21.124359130859375,2018.0,0.7899630665779114,120
c3_011,3,-90.035974,21.099299,2018.0,0.8280856013298035,120
c3_001,3,-90.080437,21.100377,2018.0,0.9737747311592102,120
c3_006,3,-89.94677734375,21.202237,2018.0,0.8285534977912903,120
c3_019,3,-89.958367,21.172056198120117,2018.0,0.9180524349212646,120
c3_031,3,-90.00740814208984,21.113042,2018.0,0.8724629282951355,120
c3_010,3,-90.01252746582031,21.114659,2018.0,0.8818828463554382,120
c3_012,3,-90.00768280029297,21.114389419555664,2018.0,0.8653566241264343,120
c3_016,3,-90.045675,21.097951889038086,2018.0,0.8453046083450317,120
c3_043,3,-89.967259,21.189841,2018.0,0.8787702322006226,120
c3_044,3,-90.046214,21.097413,2018.0,0.8465819954872131,120
c3_049,3,-90.016033,21.116006,2018.0,0.8753862977027893,120
c4_001,4,-90.002021,21.168822,2018.0,0.8147941827774048,120
c4_002,4,-90.013878,21.166397094726562,2018.0,0.7822980880737305,120
c4_003,4,-90.040286,21.149421,2018.0,0.9209423065185547,120
c4_004,4,-89.94139099121094,21.181487,2018.0,0.8767027258872986,120
c4_005,4,-89.967529,21.183643341064453,2018.0,0.8803950548171997,120
c4_006,4,-89.943277,21.200620651245117,2018.0,0.8644375801086426,120
c4_007,4,-89.968068,21.171248,2018.0,0.8287335634231567,120
c4_008,4,-90.035705,21.15346336364746,2018.0,0.9181782603263855,120
c4_009,4,-89.967798,21.179332,2018.0,0.3468480408191681,120
c4_010,4,-89.949205,21.194961,2018.0,0.7859412431716919,120
c4_011,4,-89.943007,21.202506,2018.0,0.9063605666160583,120
c4_012,4,-89.945163,21.199811,2018.0,0.8947721123695374,120
c4_013,4,-89.972379,21.174481,2018.0,0.928180992603302,120
c4_014,4,-90.041633,21.148612,2018.0,0.8921130895614624,120
c4_015,4,-89.960792,21.190380096435547,2018.0,0.9157556891441345,120
c4_016,4,-89.958098,21.184452056884766,2018.0,0.902083694934845,120
c4_017,4,-90.074239,21.133790969848633,2018.0,0.8614896535873413,120
c4_018,4,-89.950822,21.1922664642334,2018.0,0.8350721001625061,120
c4_019,4,-89.996901,21.149959564208984,2018.0,0.7932860255241394,120
c4_020,4,-89.960523,21.186338424682617,2018.0,0.9264047741889954,120
c4_021,4,-89.9465103149414,21.185529708862305,2018.0,0.5814362168312073,120
c4_022,4,-89.957828,21.185529708862305,2018.0,0.8650597929954529,120
c4_023,4,-90.035705,21.144301,2018.0,0.6473376750946045,120
c4_024,4,-90.022501,21.156966,2018.0,0.5312312841415405,120
c4_025,4,-89.981002,21.165319,2018.0,0.8244631886482239,120
c4_026,4,-90.027621,21.162355422973633,2018.0,0.9930980801582336,120
c4_027,4,-89.949475,21.19415283203125,2018.0,0.8338215947151184,120
c4_028,4,-89.940852,21.201428,2018.0,0.9517991542816162,120
c4_029,4,-89.961601,21.190919,2018.0,0.8758597373962402,120
c4_030,4,-90.041364,21.151576,2018.0,0.8860533833503723,120
c4_031,4,-90.062382,21.153732299804688,2018.0,0.91993248462677,120
c4_032,4,-89.944085,21.193883,2018.0,0.6202600598335266,120
c4_033,4,-89.981811,21.164511,2018.0,0.8580605387687683,120
c4_034,4,-89.940313,21.199811,2018.0,0.8811291456222534,120
c4_035,4,-90.072622,21.132714,2018.0,0.8056469559669495,120
c4_036,4,-89.942738,21.183643341064453,2018.0,0.6870406270027161,120
c4_037,4,-89.9742660522461,21.173673,2018.0,0.9073970913887024,120
c4_038,4,-89.966451,21.182565,2018.0,0.5985559225082397,120
c4_039,4,-90.014147,21.163972,2018.0,0.3554258346557617,120
c4_040,4,-89.944355,21.201428,2018.0,0.8708037734031677,120
c4_041,4,-90.011183,21.148881912231445,2018.0,0.725112795829773,120
c4_042,4,-90.071814,21.131635665893555,2018.0,0.8547564148902893,120
c4_043,4,-90.11438751220703,21.11061668395996,2018.0,0.7339590191841125,120
c4_044,4,-89.956481,21.189302444458008,2018.0,0.8619614839553833,120
c4_045,4,-90.036513,21.153732299804688,2018.0,0.9720413088798523,120
c4_046,4,-89.98235321044922,21.169092178344727,2018.0,0.8825207352638245,120
c4_047,4,-89.992859,21.172864,2018.0,0.6229527592658997,120
c4_048,4,-89.948127,21.191457748413086,2018.0,0.917517900466919,120
c4_049,4,-90.1195068359375,21.108461380004883,2018.0,0.6960331797599792,120
c4_050,4,-90.094718,21.12301254272461,2018.0,0.7479264140129089,120
c5_045,5,-90.018998,21.166128158569336,2018.0,0.8225391507148743,120
c5_008,5,-90.034357,21.155618,2018.0,0.9143756628036499,120
c5_010,5,-89.957289,21.163703,2018.0,0.6173704862594604,120
c5_011,5,-90.004985,21.156696319580078,2018.0,0.8588294386863708,120
c5_012,5,-90.066424,21.154809951782227,2018.0,0.9150410890579224,120
c5_014,5,-90.006871,21.155887603759766,2018.0,0.7195076942443848,120
c5_016,5,-90.002829,21.15642738342285,2018.0,0.9338810443878174,120
c5_022,5,-90.044597,21.154809951782227,2018.0,0.9444432258605957,120
c5_024,5,-89.995284,21.15642738342285,2018.0,0.7784550786018372,120
c5_003,5,-90.056993,21.154541015625,2018.0,0.8806560635566711,120
c5_013,5,-90.020614,21.157235,2018.0,0.7492766380310059,120
c5_020,5,-90.027621,21.156966,2018.0,0.8429568409919739,120
c5_025,5,-90.03301239013672,21.15966033935547,2018.0,0.2514481842517853,120
c5_034,5,-90.012261,21.166397094726562,2018.0,0.8380123972892761,120
c5_040,5,-90.069658,21.154541015625,2018.0,0.8336706161499023,120
c5_041,5,-89.998787,21.156156539916992,2018.0,0.6947922706604004,120
c5_043,5,-90.113042,21.13729476928711,2018.0,0.9989378452301025,120
c5_002,5,-90.042172,21.156156539916992,2018.0,0.7962064146995544,120
c5_004,5,-90.034088,21.156966,2018.0,0.6707085371017456,120
c5_001,5,-89.996093,21.155887603759766,2018.0,0.9438865780830383,120
c5_006,5,-90.035435,21.154809951782227,2018.0,0.9142072200775146,120
c5_015,5,-89.942738,21.172864,2018.0,0.6202378273010254,120
c5_018,5,-90.0685806274414,21.152385,2018.0,0.7092786431312561,120
c5_026,5,-89.998248,21.172326,2018.0,0.6252855062484741,120
c5_033,5,-90.01980590820312,21.156966,2018.0,0.8974594473838806,120
c5_036,5,-90.041902,21.15750503540039,2018.0,0.8759326338768005,120
c5_039,5,-90.060496,21.15642738342285,2018.0,0.9243996739387512,120
c5_005,5,-90.041633,21.159929275512695,2018.0,0.8890251517295837,120
c5_009,5,-90.038938,21.154271,2018.0,0.9393503069877625,120
c5_019,5,-90.057262,21.155349,2018.0,0.9157861471176147,120
c5_021,5,-90.089598,21.148073196411133,2018.0,0.7563190460205078,120
c5_030,5,-90.071814,21.151845932006836,2018.0,0.8663041591644287,120
c5_031,5,-90.003099,21.155618,2018.0,0.9040330052375793,120
c5_035,5,-90.095527,21.151845932006836,2018.0,0.7430052757263184,120
c5_037,5,-89.996632,21.160469,2018.0,0.8993719220161438,120
c5_023,5,-89.978038,21.180139541625977,2018.0,0.7438463568687439,120
c5_017,5,-90.040555,21.145917892456055,2018.0,0.7151039838790894,120
c5_027,5,-90.08879089355469,21.150768280029297,2018.0,0.8958296179771423,120
c5_047,5,-90.001213,21.154541015625,2018.0,0.8862480521202087,120
c5_048,5,-90.028429,21.156696319580078,2018.0,0.955375075340271,120
c5_029,5,-90.090407,21.149421,2018.0,0.7940526008605957,120
c5_032,5,-90.079359,21.150768280029297,2018.0,0.7288414835929871,120
c5_038,5,-90.04082489013672,21.156966,2018.0,0.9370461702346802,120
c5_046,5,-90.067233,21.152114868164062,2018.0,0.7979013323783875,120
c5_028,5,-90.095527,21.150499,2018.0,0.8837015628814697,120
c5_044,5,-89.973188,21.183374404907227,2018.0,0.7275802493095398,120
c5_042,5,-90.08124542236328,21.149421,2018.0,0.8596820831298828,120
c5_007,5,-90.021962,21.143491744995117,2018.0,0.5184705257415771,120
c10_001,3,-90.028968,21.158313,2018.0,0.6879704594612122,120
c10_005,3,-89.954594,21.163972,2018.0,0.5952437520027161,120
c10_002,3,-90.033549,21.15858268737793,2018.0,0.7295001745223999,120
c10_003,3,-90.030046,21.158044,2018.0,0.8754648566246033,120
c10_004,3,-90.029507,21.157773971557617,2018.0,0.8577893972396851,120
c10_006,3,-90.03301239013672,21.159122467041016,2018.0,0.4147477149963379,120
c10_007,3,-90.03301239013672,21.158044,2018.0,0.43557533621788025,120
c10_009,3,-90.032741,21.15858268737793,2018.0,0.9786993265151978,120
c10_010,3,-90.030585,21.158044,2018.0,0.4008170962333679,120
c10_008,3,-89.95405578613281,21.163972,2018.0,0.5393429398536682,120
c1_051,1,-90.064538,21.118162155151367,2018.0,0.8156883716583252,120
c1_052,1,-90.05322265625,21.112234115600586,2018.0,0.9571030139923096,120
c1_053,1,-90.068041,21.142953,2018.0,0.8734939098358154,120
c1_054,1,-90.00040435791016,21.124359130859375,2018.0,0.887554943561554,120
c1_055,1,-90.049178,21.1402587890625,2018.0,0.722028911113739,120
c2_051,2,-90.111695,21.123821258544922,2018.0,0.9188452959060669,120
c2_052,2,-90.02277374267578,21.139720916748047,2018.0,0.7538549304008484,120
c2_053,2,-89.941929,21.138911,2018.0,0.872015655040741,120
c2_054,2,-89.950013,21.130019,2018.0,0.9364641308784485,120
c2_055,2,-90.106306,21.128941,2018.0,0.8633955717086792,120
c3_062,3,-90.086634,21.149690628051758,2018.0,0.7268113493919373,120
c3_051,3,-90.010914,21.144301,2018.0,0.8672499060630798,120
c3_055,3,-90.079359,21.150499,2018.0,0.7288414835929871,120
c3_058,3,-90.000943,21.171248,2018.0,0.5845006108283997,120
c3_052,3,-90.094179,21.114929,2018.0,0.7036851644515991,120
c3_059,3,-90.039208,21.1402587890625,2018.0,0.8366063237190247,120
c3_053,3,-90.013608,21.152114868164062,2018.0,0.9234583377838135,120
c3_060,3,-89.958906,21.12489891052246,2018.0,0.9047536849975586,120
c3_057,3,-90.058071,21.159929275512695,2018.0,0.8344061970710754,120
c3_061,3,-89.973457,21.138911,2018.0,0.704789936542511,120
c3_064,3,-89.989625,21.149959564208984,2018.0,0.727684497833252,120
c3_063,3,-90.030046,21.125707,2018.0,0.8310795426368713,120
c3_065,3,-89.972379,21.162086486816406,2018.0,0.9258219003677368,120
c3_054,3,-90.029237,21.101455,2018.0,0.8805152177810669,120
c3_056,3,-90.008758,21.114120483398438,2018.0,0.9593151807785034,120
c4_051,4,-89.958906,21.191997,2018.0,0.8534103631973267,120
c4_052,4,-89.957828,21.178254,2018.0,0.6643000245094299,120
c4_053,4,-89.994476,21.172864,2018.0,0.81793212890625,120
c4_054,4,-89.994745,21.168822,2018.0,0.6693880558013916,120
c4_055,4,-90.0025634765625,21.169631,2018.0,0.9834797978401184,120
c1_001,1,-90.056184,21.12301254272461,2019.0,0.8657225966453552,129
c1_002,1,-89.984506,21.126246,2019.0,0.8370067477226257,129
c1_003,1,-90.070197,21.140798,2019.0,0.9099191427230835,129
c1_004,1,-90.057801,21.145648,2019.0,0.8904784917831421,129
c1_005,1,-90.024926,21.145379,2019.0,0.7315461039543152,129
c1_006,1,-89.979386,21.130288,2019.0,0.8000612854957581,129
c1_007,1,-90.08636474609375,21.137025,2019.0,0.9548935890197754,129
c1_008,1,-89.952169,21.14322280883789,2019.0,0.829007625579834,129
c1_009,1,-90.055106,21.138911,2019.0,0.7691032886505127,129
c1_010,1,-89.945702,21.14322280883789,2019.0,0.8429812788963318,129
c1_011,1,-89.958098,21.149151,2019.0,0.8433788418769836,129
c1_012,1,-90.036783,21.117354,2019.0,0.8762425184249878,129
c1_013,1,-90.113042,21.085018157958984,2019.0,0.8967203497886658,129
c1_014,1,-89.944085,21.154002,2019.0,0.8887602686882019,129
c1_015,1,-90.065885,21.113581,2019.0,0.7938880920410156,129
c1_016,1,-90.064538,21.121126174926758,2019.0,0.8569955229759216,129
c1_017,1,-90.01280212402344,21.122474,2019.0,0.8453080058097839,129
c1_018,1,-90.013608,21.150499,2019.0,0.911874532699585,129
c1_019,1,-90.075856,21.141876220703125,2019.0,0.8910068869590759,129
c1_020,1,-90.063729,21.119510650634766,2019.0,0.8553829193115234,129
c1_021,1,-90.112234,21.128671646118164,2019.0,0.8697500824928284,129
c1_022,1,-89.970224,21.131635665893555,2019.0,0.7477713227272034,129
c1_023,1,-90.049448,21.111425399780273,2019.0,0.8203393220901489,129
c1_024,1,-90.076933,21.135408401489258,2019.0,0.7450373768806458,129
c1_025,1,-90.09391021728516,21.143762,2019.0,0.8737554550170898,129
c1_026,1,-89.940852,21.145917892456055,2019.0,0.877310037612915,129
c1_027,1,-89.945163,21.154002,2019.0,0.8991773128509521,129
c1_028,1,-90.098491,21.127324,2019.0,0.886721134185791,129
c1_029,1,-90.003368,21.149421,2019.0,0.7278581857681274,129
c1_030,1,-89.972918,21.124629,2019.0,0.840829610824585,129
c1_031,1,-90.003907,21.124359130859375,2019.0,0.8629550933837891,129
c1_032,1,-90.066694,21.0987606048584,2019.0,0.8160958290100098,129
c1_033,1,-89.994745,21.123552322387695,2019.0,0.7959109544754028,129
c1_034,1,-90.08879089355469,21.142953,2019.0,0.8930891752243042,129
c1_035,1,-90.063191,21.110887,2019.0,0.837692379951477,129
c1_036,1,-89.960523,21.137563705444336,2019.0,0.8530768752098083,129
c1_037,1,-90.094179,21.093371,2019.0,0.8128944039344788,129
c1_038,1,-90.0025634765625,21.122743,2019.0,0.8381457328796387,129
c1_039,1,-90.051334,21.132714,2019.0,0.7608429789543152,129
c1_040,1,-90.066694,21.13837242126465,2019.0,0.8668615818023682,129
c1_041,1,-90.116815,21.0882511138916,2019.0,0.8228553533554077,129
c1_042,1,-90.057801,21.148612,2019.0,0.9225925803184509,129
c1_043,1,-90.080706,21.141876220703125,2019.0,0.8961349129676819,129
c1_044,1,-89.947319,21.188493728637695,2019.0,0.8929146528244019,129
c1_045,1,-89.981811,21.124091,2019.0,0.870698869228363,129
c1_046,1,-90.058879,21.128671646118164,2019.0,0.8755530118942261,129
c1_047,1,-90.075317,21.10361099243164,2019.0,0.8443827033042908,129
c1_048,1,-90.003638,21.150768280029297,2019.0,0.7962347269058228,129
c1_049,1,-90.026543,21.122743,2019.0,0.8939545750617981,129
c1_050,1,-90.108731,21.117623,2019.0,0.8685449957847595,129
c2_001,2,-89.960253,21.154002,2019.0,0.9814209938049316,129
c2_002,2,-90.117623,21.133522033691406,2019.0,0.873441755771637,129
c2_003,2,-90.07881927490234,21.09229278564453,2019.0,0.8211473226547241,129
c2_004,2,-89.978847,21.15022850036621,2019.0,0.6922168135643005,129
c2_005,2,-90.089329,21.09364128112793,2019.0,0.8779438734054565,129
c2_006,2,-90.11412048339844,21.100377,2019.0,0.7374662756919861,129
c2_007,2,-90.106036,21.131635665893555,2019.0,0.9058274030685425,129
c2_008,2,-90.001213,21.145379,2019.0,0.8214916586875916,129
c2_009,2,-89.963217,21.183913,2019.0,0.8691774010658264,129
c2_010,2,-90.10226440429688,21.144301,2019.0,0.8843421339988708,129
c2_011,2,-89.958636,21.125438,2019.0,0.8694653511047363,129
c2_012,2,-90.097413,21.149959564208984,2019.0,0.9126877188682556,129
c2_013,2,-90.100647,21.106845,2019.0,0.7524322271347046,129
c2_014,2,-90.04594421386719,21.111156463623047,2019.0,0.7479540109634399,129
c2_015,2,-90.068849,21.102802276611328,2019.0,0.8838861584663391,129
c2_016,2,-90.118162,21.135947,2019.0,0.802428126335144,129
c2_017,2,-89.96214294433594,21.120587,2019.0,0.863724410533905,129
c2_018,2,-89.981541,21.148343,2019.0,0.6459435820579529,129
c2_019,2,-90.041364,21.101186,2019.0,0.8689041137695312,129
c2_020,2,-90.082592,21.10064697265625,2019.0,0.8570863008499146,129
c2_021,2,-89.945163,21.161008,2019.0,0.8214138150215149,129
c2_022,2,-90.01280212402344,21.118162155151367,2019.0,0.8324112892150879,129
c2_023,2,-89.94165802001953,21.17879295349121,2019.0,0.7268787026405334,129
c2_024,2,-89.940043,21.179332,2019.0,0.8788166046142578,129
c2_025,2,-89.942199,21.169092178344727,2019.0,0.8337085843086243,129
c2_026,2,-90.04837036132812,21.15858268737793,2019.0,0.8912971615791321,129
c2_027,2,-90.018189,21.155078887939453,2019.0,0.8480027914047241,129
c2_028,2,-90.018998,21.118701,2019.0,0.7909709811210632,129
c2_029,2,-89.960253,21.166936,2019.0,0.8897912502288818,129
c2_030,2,-90.08636474609375,21.13918113708496,2019.0,0.9120646119117737,129
c2_031,2,-90.006871,21.167745,2019.0,0.8785574436187744,129
c2_032,2,-89.9599838256836,21.15750503540039,2019.0,0.6869757771492004,129
c2_033,2,-90.052412,21.115737,2019.0,0.8399940133094788,129
c2_034,2,-90.075586,21.099569,2019.0,0.8025218844413757,129
c2_035,2,-90.108731,21.095796,2019.0,0.8015377521514893,129
c2_036,2,-90.026543,21.155078887939453,2019.0,0.8386649489402771,129
c2_037,2,-90.006871,21.131097,2019.0,0.8213670253753662,129
c2_038,2,-90.080167,21.099838256835938,2019.0,0.8645890355110168,129
c2_039,2,-89.947588,21.136486053466797,2019.0,0.8691995143890381,129
c2_040,2,-90.061304,21.10468864440918,2019.0,0.8464460968971252,129
c2_041,2,-90.075856,21.134868621826172,2019.0,0.7675541043281555,129
c2_042,2,-89.99959564208984,21.12004852294922,2019.0,0.8103758096694946,129
c2_043,2,-90.101725,21.08043670654297,2019.0,0.8516358733177185,129
c2_044,2,-90.026004,21.113851,2019.0,0.9497891664505005,129
c2_045,2,-90.118162,21.129209518432617,2019.0,0.9091023802757263,129
c2_046,2,-89.94139099121094,21.172056198120117,2019.0,0.8352935910224915,129
c2_047,2,-89.969685,21.1402587890625,2019.0,0.8493187427520752,129
c2_048,2,-90.1038818359375,21.095527,2019.0,0.7458455562591553,129
c2_049,2,-89.99231719970703,21.149690628051758,2019.0,0.8657094240188599,129
c2_050,2,-89.950822,21.121396,2019.0,0.8621466755867004,129
c3_045,3,-89.992859,21.161815643310547,2019.0,0.19806700944900513,129
c3_003,3,-90.034357,21.15858268737793,2019.0,0.4168533980846405,129
c3_026,3,-89.986931,21.149959564208984,2019.0,0.9940012693405151,129
c3_008,3,-90.084209,21.151576,2019.0,0.9172269105911255,129
c3_017,3,-89.970493,21.159929275512695,2019.0,0.7762067317962646,129
c3_004,3,-89.982619,21.180679,2019.0,0.7119659185409546,129
c3_040,3,-89.9742660522461,21.185529708862305,2019.0,0.8740289807319641,129
c3_024,3,-89.97722625732422,21.183913,2019.0,0.8286360502243042,129
c3_013,3,-89.995823,21.13837242126465,2019.0,0.8708583116531372,129
c3_018,3,-90.062113,21.107114,2019.0,0.8862886428833008,129
c3_007,3,-90.088521,21.146995,2019.0,0.9685061573982239,129
c3_014,3,-89.951361,21.199003219604492,2019.0,0.1676250696182251,129
c3_042,3,-89.950283,21.199003219604492,2019.0,0.3213978707790375,129
c3_029,3,-90.000135,21.137563705444336,2019.0,0.8556457757949829,129
c3_005,3,-90.003638,21.111964,2019.0,0.8300783634185791,129
c3_022,3,-90.005524,21.112503051757812,2019.0,0.9598953127861023,129
c3_002,3,-89.953786,21.197656,2019.0,0.7447213530540466,129
c3_015,3,-89.940852,21.162086486816406,2019.0,0.8138777017593384,129
c3_020,3,-90.016842,21.116006,2019.0,0.8680524826049805,129
c3_027,3,-89.982619,21.149421,2019.0,0.6404123306274414,129
c3_030,3,-89.942738,21.1674747467041,2019.0,0.7333681583404541,129
c3_050,3,-89.941929,21.168553,2019.0,0.5912107825279236,129
c3_009,3,-89.986392,21.149959564208984,2019.0,0.8869100213050842,129
c3_033,3,-90.039208,21.102802276611328,2019.0,0.8494033813476562,129
c3_038,3,-89.976152,21.169361114501953,2019.0,0.7309667468070984,129
c3_023,3,-89.97183990478516,21.169361114501953,2019.0,0.7192719578742981,129
c3_032,3,-90.00040435791016,21.138642,2019.0,0.7742432951927185,129
c3_046,3,-89.994476,21.137832641601562,2019.0,0.6883261203765869,129
c3_025,3,-89.947049,21.157235,2019.0,0.729566752910614,129
c3_028,3,-89.976421,21.165858,2019.0,0.804695725440979,129
c3_036,3,-89.95189666748047,21.162894,2019.0,0.6839771270751953,129
c3_021,3,-90.007141,21.131635665893555,2019.0,0.8371296525001526,129
c3_035,3,-90.000943,21.144569396972656,2019.0,0.6649062037467957,129
c3_037,3,-89.97183990478516,21.162086486816406,2019.0,0.8147729635238647,129
c3_039,3,-89.976691,21.168283462524414,2019.0,0.7271080017089844,129
c3_041,3,-89.973996,21.137563705444336,2019.0,0.692806601524353,129
c3_034,3,-90.041364,21.1402587890625,2019.0,0.6731827259063721,129
c3_047,3,-90.028698,21.126246,2019.0,0.846091091632843,129
c3_048,3,-90.030315,21.124359130859375,2019.0,0.7816291451454163,129
c3_011,3,-90.035974,21.099299,2019.0,0.7975196838378906,129
c3_001,3,-90.080437,21.100377,2019.0,0.8392919301986694,129
c3_006,3,-89.94677734375,21.202237,2019.0,0.8047272562980652,129
c3_019,3,-89.958367,21.172056198120117,2019.0,0.9254082441329956,129
c3_031,3,-90.00740814208984,21.113042,2019.0,0.8474940657615662,129
c3_010,3,-90.01252746582031,21.114659,2019.0,0.8702514171600342,129
c3_012,3,-90.00768280029297,21.114389419555664,2019.0,0.8634055256843567,129
c3_016,3,-90.045675,21.097951889038086,2019.0,0.7947180271148682,129
c3_043,3,-89.967259,21.189841,2019.0,0.8826572299003601,129
c3_044,3,-90.046214,21.097413,2019.0,0.9874655604362488,129
c3_049,3,-90.016033,21.116006,2019.0,0.8543232679367065,129
c4_001,4,-90.002021,21.168822,2019.0,0.8071644902229309,129
c4_002,4,-90.013878,21.166397094726562,2019.0,0.866418182849884,129
c4_003,4,-90.040286,21.149421,2019.0,0.8315019011497498,129
c4_004,4,-89.94139099121094,21.181487,2019.0,0.9024918675422668,129
c4_005,4,-89.967529,21.183643341064453,2019.0,0.8944322466850281,129
c4_006,4,-89.943277,21.200620651245117,2019.0,0.8882745504379272,129
c4_007,4,-89.968068,21.171248,2019.0,0.8447221517562866,129
c4_008,4,-90.035705,21.15346336364746,2019.0,0.9221004247665405,129
c4_009,4,-89.967798,21.179332,2019.0,0.8936273455619812,129
c4_010,4,-89.949205,21.194961,2019.0,0.7863662242889404,129
c4_011,4,-89.943007,21.202506,2019.0,0.9026365280151367,129
c4_012,4,-89.945163,21.199811,2019.0,0.9968565106391907,129
c4_013,4,-89.972379,21.174481,2019.0,0.9566894769668579,129
c4_014,4,-90.041633,21.148612,2019.0,0.857238233089447,129
c4_015,4,-89.960792,21.190380096435547,2019.0,0.9217801094055176,129
c4_016,4,-89.958098,21.184452056884766,2019.0,0.8944181203842163,129
c4_017,4,-90.074239,21.133790969848633,2019.0,0.8776565790176392,129
c4_018,4,-89.950822,21.1922664642334,2019.0,0.8765081763267517,129
c4_019,4,-89.996901,21.149959564208984,2019.0,0.8105185031890869,129
c4_020,4,-89.960523,21.186338424682617,2019.0,0.9515205025672913,129
c4_021,4,-89.9465103149414,21.185529708862305,2019.0,0.6625986099243164,129
c4_022,4,-89.957828,21.185529708862305,2019.0,0.869320809841156,129
c4_023,4,-90.035705,21.144301,2019.0,0.6605820059776306,129
c4_024,4,-90.022501,21.156966,2019.0,0.7746654748916626,129
c4_025,4,-89.981002,21.165319,2019.0,0.9711661338806152,129
c4_026,4,-90.027621,21.162355422973633,2019.0,0.8840097784996033,129
c4_027,4,-89.949475,21.19415283203125,2019.0,0.8803452849388123,129
c4_028,4,-89.940852,21.201428,2019.0,0.898559033870697,129
c4_029,4,-89.961601,21.190919,2019.0,0.8963478803634644,129
c4_030,4,-90.041364,21.151576,2019.0,0.9740769267082214,129
c4_031,4,-90.062382,21.153732299804688,2019.0,0.9376076459884644,129
c4_032,4,-89.944085,21.193883,2019.0,0.860402524471283,129
c4_033,4,-89.981811,21.164511,2019.0,0.8572691679000854,129
c4_034,4,-89.940313,21.199811,2019.0,0.898202657699585,129
c4_035,4,-90.072622,21.132714,2019.0,0.806079626083374,129
c4_036,4,-89.942738,21.183643341064453,2019.0,0.7065436840057373,129
c4_037,4,-89.9742660522461,21.173673,2019.0,0.905282735824585,129
c4_038,4,-89.966451,21.182565,2019.0,0.6721885800361633,129
c4_039,4,-90.014147,21.163972,2019.0,0.474570631980896,129
c4_040,4,-89.944355,21.201428,2019.0,0.897363007068634,129
c4_041,4,-90.011183,21.148881912231445,2019.0,0.8693201541900635,129
c4_042,4,-90.071814,21.131635665893555,2019.0,0.8633166551589966,129
c4_043,4,-90.11438751220703,21.11061668395996,2019.0,0.7806071639060974,129
c4_044,4,-89.956481,21.189302444458008,2019.0,0.8875965476036072,129
c4_045,4,-90.036513,21.153732299804688,2019.0,0.9384248852729797,129
c4_046,4,-89.98235321044922,21.169092178344727,2019.0,0.8743899464607239,129
c4_047,4,-89.992859,21.172864,2019.0,0.7045007348060608,129
c4_048,4,-89.948127,21.191457748413086,2019.0,0.9285104274749756,129
c4_049,4,-90.1195068359375,21.108461380004883,2019.0,0.9091134071350098,129
c4_050,4,-90.094718,21.12301254272461,2019.0,0.783244788646698,129
c5_045,5,-90.018998,21.166128158569336,2019.0,0.7115251421928406,129
c5_008,5,-90.034357,21.155618,2019.0,0.9463986158370972,129
c5_010,5,-89.957289,21.163703,2019.0,0.6485649943351746,129
c5_011,5,-90.004985,21.156696319580078,2019.0,0.844836413860321,129
c5_012,5,-90.066424,21.154809951782227,2019.0,0.9524691700935364,129
c5_014,5,-90.006871,21.155887603759766,2019.0,0.7737187743186951,129
c5_016,5,-90.002829,21.15642738342285,2019.0,0.9224939942359924,129
c5_022,5,-90.044597,21.154809951782227,2019.0,0.9243558645248413,129
c5_024,5,-89.995284,21.15642738342285,2019.0,0.9016043543815613,129
c5_003,5,-90.056993,21.154541015625,2019.0,0.921692967414856,129
c5_013,5,-90.020614,21.157235,2019.0,0.8335369229316711,129
c5_020,5,-90.027621,21.156966,2019.0,0.8335174918174744,129
c5_025,5,-90.03301239013672,21.15966033935547,2019.0,0.4083270728588104,129
c5_034,5,-90.012261,21.166397094726562,2019.0,0.9289286136627197,129
c5_040,5,-90.069658,21.154541015625,2019.0,0.9181168079376221,129
c5_041,5,-89.998787,21.156156539916992,2019.0,0.8161157965660095,129
c5_043,5,-90.113042,21.13729476928711,2019.0,0.8699350953102112,129
c5_002,5,-90.042172,21.156156539916992,2019.0,0.9527730345726013,129
c5_004,5,-90.034088,21.156966,2019.0,0.7544086575508118,129
c5_001,5,-89.996093,21.155887603759766,2019.0,0.8609156608581543,129
c5_006,5,-90.035435,21.154809951782227,2019.0,0.9487470984458923,129
c5_015,5,-89.942738,21.172864,2019.0,0.5942288041114807,129
c5_018,5,-90.0685806274414,21.152385,2019.0,0.9226656556129456,129
c5_026,5,-89.998248,21.172326,2019.0,0.6773142218589783,129
c5_033,5,-90.01980590820312,21.156966,2019.0,0.9109957218170166,129
c5_036,5,-90.041902,21.15750503540039,2019.0,0.9351339936256409,129
c5_039,5,-90.060496,21.15642738342285,2019.0,0.9222021102905273,129
c5_005,5,-90.041633,21.159929275512695,2019.0,0.899940013885498,129
c5_009,5,-90.038938,21.154271,2019.0,0.9454261064529419,129
c5_019,5,-90.057262,21.155349,2019.0,0.9312373995780945,129
c5_021,5,-90.089598,21.148073196411133,2019.0,0.9604148268699646,129
c5_030,5,-90.071814,21.151845932006836,2019.0,0.9382352828979492,129
c5_031,5,-90.003099,21.155618,2019.0,0.9095612168312073,129
c5_035,5,-90.095527,21.151845932006836,2019.0,0.8788701891899109,129
c5_037,5,-89.996632,21.160469,2019.0,0.965276837348938,129
c5_023,5,-89.978038,21.180139541625977,2019.0,0.7357445955276489,129
c5_017,5,-90.040555,21.145917892456055,2019.0,0.7294842600822449,129
c5_027,5,-90.08879089355469,21.150768280029297,2019.0,0.914551317691803,129
c5_047,5,-90.001213,21.154541015625,2019.0,0.8962750434875488,129
c5_048,5,-90.028429,21.156696319580078,2019.0,0.9402980804443359,129
c5_029,5,-90.090407,21.149421,2019.0,0.9408009052276611,129
c5_032,5,-90.079359,21.150768280029297,2019.0,0.923285186290741,129
c5_038,5,-90.04082489013672,21.156966,2019.0,0.9404855370521545,129
c5_046,5,-90.067233,21.152114868164062,2019.0,0.9592563509941101,129
c5_028,5,-90.095527,21.150499,2019.0,0.8970533609390259,129
c5_044,5,-89.973188,21.183374404907227,2019.0,0.8480215072631836,129
c5_042,5,-90.08124542236328,21.149421,2019.0,0.9502044916152954,129
c5_007,5,-90.021962,21.143491744995117,2019.0,0.557368814945221,129
c10_001,3,-90.028968,21.158313,2019.0,0.8004576563835144,129
c10_005,3,-89.954594,21.163972,2019.0,0.615913450717926,129
c10_002,3,-90.033549,21.15858268737793,2019.0,0.5064326524734497,129
c10_003,3,-90.030046,21.158044,2019.0,0.7607938647270203,129
c10_004,3,-90.029507,21.157773971557617,2019.0,0.8016939759254456,129
c10_006,3,-90.03301239013672,21.159122467041016,2019.0,0.6026529669761658,129
c10_007,3,-90.03301239013672,21.158044,2019.0,0.5601446032524109,129
c10_009,3,-90.032741,21.15858268737793,2019.0,0.6725788116455078,129
c10_010,3,-90.030585,21.158044,2019.0,0.41080325841903687,129
c10_008,3,-89.95405578613281,21.163972,2019.0,0.6011630296707153,129
c1_051,1,-90.064538,21.118162155151367,2019.0,0.7824607491493225,129
c1_052,1,-90.05322265625,21.112234115600586,2019.0,0.8339301943778992,129
c1_053,1,-90.068041,21.142953,2019.0,0.8679896593093872,129
c1_054,1,-90.00040435791016,21.124359130859375,2019.0,0.8208162188529968,129
c1_055,1,-90.049178,21.1402587890625,2019.0,0.760924220085144,129
c2_051,2,-90.111695,21.123821258544922,2019.0,0.8614262938499451,129
c2_052,2,-90.02277374267578,21.139720916748047,2019.0,0.755615770816803,129
c2_053,2,-89.941929,21.138911,2019.0,0.8715326189994812,129
c2_054,2,-89.950013,21.130019,2019.0,0.8649430274963379,129
c2_055,2,-90.106306,21.128941,2019.0,0.8935896754264832,129
c3_062,3,-90.086634,21.149690628051758,2019.0,0.9249916672706604,129
c3_051,3,-90.010914,21.144301,2019.0,0.8801774978637695,129
c3_055,3,-90.079359,21.150499,2019.0,0.923285186290741,129
c3_058,3,-90.000943,21.171248,2019.0,0.6183067560195923,129
c3_052,3,-90.094179,21.114929,2019.0,0.934322714805603,129
c3_059,3,-90.039208,21.1402587890625,2019.0,0.8353382349014282,129
c3_053,3,-90.013608,21.152114868164062,2019.0,0.8895463347434998,129
c3_060,3,-89.958906,21.12489891052246,2019.0,0.9051796793937683,129
c3_057,3,-90.058071,21.159929275512695,2019.0,0.6627019047737122,129
c3_061,3,-89.973457,21.138911,2019.0,0.9791751503944397,129
c3_064,3,-89.989625,21.149959564208984,2019.0,0.9931336641311646,129
c3_063,3,-90.030046,21.125707,2019.0,0.8417195081710815,129
c3_065,3,-89.972379,21.162086486816406,2019.0,0.8826239109039307,129
c3_054,3,-90.029237,21.101455,2019.0,0.8588032722473145,129
c3_056,3,-90.008758,21.114120483398438,2019.0,0.8362822532653809,129
c4_051,4,-89.958906,21.191997,2019.0,0.9009700417518616,129
c4_052,4,-89.957828,21.178254,2019.0,0.7144752144813538,129
c4_053,4,-89.994476,21.172864,2019.0,0.7154814600944519,129
c4_054,4,-89.994745,21.168822,2019.0,0.6540976762771606,129
c4_055,4,-90.0025634765625,21.169631,2019.0,0.8714069128036499,129
c1_001,1,-90.056184,21.12301254272461,2020.0,0.8805058598518372,121
c1_002,1,-89.984506,21.126246,2020.0,0.856027364730835,121
c1_003,1,-90.070197,21.140798,2020.0,0.8512621521949768,121
c1_004,1,-90.057801,21.145648,2020.0,0.8824432492256165,121
c1_005,1,-90.024926,21.145379,2020.0,0.7500154972076416,121
c1_006,1,-89.979386,21.130288,2020.0,0.8039881587028503,121
c1_007,1,-90.08636474609375,21.137025,2020.0,0.9968981742858887,121
c1_008,1,-89.952169,21.14322280883789,2020.0,0.8556805849075317,121
c1_009,1,-90.055106,21.138911,2020.0,0.8662740588188171,121
c1_010,1,-89.945702,21.14322280883789,2020.0,0.9424043297767639,121
c1_011,1,-89.958098,21.149151,2020.0,0.844523549079895,121
c1_012,1,-90.036783,21.117354,2020.0,0.9422024488449097,121
c1_013,1,-90.113042,21.085018157958984,2020.0,0.8741332292556763,121
c1_014,1,-89.944085,21.154002,2020.0,0.8928686380386353,121
c1_015,1,-90.065885,21.113581,2020.0,0.914408266544342,121
c1_016,1,-90.064538,21.121126174926758,2020.0,0.867616593837738,121
c1_017,1,-90.01280212402344,21.122474,2020.0,0.8754174113273621,121
c1_018,1,-90.013608,21.150499,2020.0,0.9048232436180115,121
c1_019,1,-90.075856,21.141876220703125,2020.0,0.877765417098999,121
c1_020,1,-90.063729,21.119510650634766,2020.0,0.8824471235275269,121
c1_021,1,-90.112234,21.128671646118164,2020.0,0.9234803318977356,121
c1_022,1,-89.970224,21.131635665893555,2020.0,0.7806271910667419,121
c1_023,1,-90.049448,21.111425399780273,2020.0,0.8223642110824585,121
c1_024,1,-90.076933,21.135408401489258,2020.0,0.7669675350189209,121
c1_025,1,-90.09391021728516,21.143762,2020.0,0.8686540126800537,121
c1_026,1,-89.940852,21.145917892456055,2020.0,0.9640186429023743,121
c1_027,1,-89.945163,21.154002,2020.0,0.9385203719139099,121
c1_028,1,-90.098491,21.127324,2020.0,0.8630902767181396,121
c1_029,1,-90.003368,21.149421,2020.0,0.7744974493980408,121
c1_030,1,-89.972918,21.124629,2020.0,0.8827363848686218,121
c1_031,1,-90.003907,21.124359130859375,2020.0,0.8865947127342224,121
c1_032,1,-90.066694,21.0987606048584,2020.0,0.8340619206428528,121
c1_033,1,-89.994745,21.123552322387695,2020.0,0.8088768720626831,121
c1_034,1,-90.08879089355469,21.142953,2020.0,0.8932907581329346,121
c1_035,1,-90.063191,21.110887,2020.0,0.8160598874092102,121
c1_036,1,-89.960523,21.137563705444336,2020.0,0.8786628842353821,121
c1_037,1,-90.094179,21.093371,2020.0,0.8095885515213013,121
c1_038,1,-90.0025634765625,21.122743,2020.0,0.836062490940094,121
c1_039,1,-90.051334,21.132714,2020.0,0.7801550030708313,121
c1_040,1,-90.066694,21.13837242126465,2020.0,0.8902862668037415,121
c1_041,1,-90.116815,21.0882511138916,2020.0,0.834446907043457,121
c1_042,1,-90.057801,21.148612,2020.0,0.9236732125282288,121
c1_043,1,-90.080706,21.141876220703125,2020.0,0.8968755602836609,121
c1_044,1,-89.947319,21.188493728637695,2020.0,0.9822459816932678,121
c1_045,1,-89.981811,21.124091,2020.0,0.9501358270645142,121
c1_046,1,-90.058879,21.128671646118164,2020.0,0.8628672361373901,121
c1_047,1,-90.075317,21.10361099243164,2020.0,0.852669894695282,121
c1_048,1,-90.003638,21.150768280029297,2020.0,0.90340656042099,121
c1_049,1,-90.026543,21.122743,2020.0,0.9142958521842957,121
c1_050,1,-90.108731,21.117623,2020.0,0.8467596173286438,121
c2_001,2,-89.960253,21.154002,2020.0,0.778904139995575,121
c2_002,2,-90.117623,21.133522033691406,2020.0,0.8824362754821777,121
c2_003,2,-90.07881927490234,21.09229278564453,2020.0,0.8378681540489197,121
c2_004,2,-89.978847,21.15022850036621,2020.0,0.703879714012146,121
c2_005,2,-90.089329,21.09364128112793,2020.0,0.8944301605224609,121
c2_006,2,-90.11412048339844,21.100377,2020.0,0.7107064127922058,121
c2_007,2,-90.106036,21.131635665893555,2020.0,0.9099013805389404,121
c2_008,2,-90.001213,21.145379,2020.0,0.8076545000076294,121
c2_009,2,-89.963217,21.183913,2020.0,0.8614795207977295,121
c2_010,2,-90.10226440429688,21.144301,2020.0,0.9057385325431824,121
c2_011,2,-89.958636,21.125438,2020.0,0.8802024126052856,121
c2_012,2,-90.097413,21.149959564208984,2020.0,0.9297518730163574,121
c2_013,2,-90.100647,21.106845,2020.0,0.7755313515663147,121
c2_014,2,-90.04594421386719,21.111156463623047,2020.0,0.74361252784729,121
c2_015,2,-90.068849,21.102802276611328,2020.0,0.9250357747077942,121
c2_016,2,-90.118162,21.135947,2020.0,0.903535783290863,121
c2_017,2,-89.96214294433594,21.120587,2020.0,0.8562347292900085,121
c2_018,2,-89.981541,21.148343,2020.0,0.7184842824935913,121
c2_019,2,-90.041364,21.101186,2020.0,0.888867974281311,121
c2_020,2,-90.082592,21.10064697265625,2020.0,0.8927443623542786,121
c2_021,2,-89.945163,21.161008,2020.0,0.8390945196151733,121
c2_022,2,-90.01280212402344,21.118162155151367,2020.0,0.8331373929977417,121
c2_023,2,-89.94165802001953,21.17879295349121,2020.0,0.7437594532966614,121
c2_024,2,-89.940043,21.179332,2020.0,0.7182977199554443,121
c2_025,2,-89.942199,21.169092178344727,2020.0,0.8225840926170349,121
c2_026,2,-90.04837036132812,21.15858268737793,2020.0,0.9051380753517151,121
c2_027,2,-90.018189,21.155078887939453,2020.0,0.8707325458526611,121
c2_028,2,-90.018998,21.118701,2020.0,0.8486689925193787,121
c2_029,2,-89.960253,21.166936,2020.0,0.9062769412994385,121
c2_030,2,-90.08636474609375,21.13918113708496,2020.0,0.9084051847457886,121
c2_031,2,-90.006871,21.167745,2020.0,0.9065282940864563,121
c2_032,2,-89.9599838256836,21.15750503540039,2020.0,0.6954507827758789,121
c2_033,2,-90.052412,21.115737,2020.0,0.9481373429298401,121
c2_034,2,-90.075586,21.099569,2020.0,0.7886320948600769,121
c2_035,2,-90.108731,21.095796,2020.0,0.7421059012413025,121
c2_036,2,-90.026543,21.155078887939453,2020.0,0.8512600064277649,121
c2_037,2,-90.006871,21.131097,2020.0,0.8512107133865356,121
c2_038,2,-90.080167,21.099838256835938,2020.0,0.8536755442619324,121
c2_039,2,-89.947588,21.136486053466797,2020.0,0.9074403643608093,121
c2_040,2,-90.061304,21.10468864440918,2020.0,0.8504172563552856,121
c2_041,2,-90.075856,21.134868621826172,2020.0,0.7418914437294006,121
c2_042,2,-89.99959564208984,21.12004852294922,2020.0,0.7945753931999207,121
c2_043,2,-90.101725,21.08043670654297,2020.0,0.8534159064292908,121
c2_044,2,-90.026004,21.113851,2020.0,0.944068193435669,121
c2_045,2,-90.118162,21.129209518432617,2020.0,0.8901232481002808,121
c2_046,2,-89.94139099121094,21.172056198120117,2020.0,0.8651320934295654,121
c2_047,2,-89.969685,21.1402587890625,2020.0,0.8582417368888855,121
c2_048,2,-90.1038818359375,21.095527,2020.0,0.7048833966255188,121
c2_049,2,-89.99231719970703,21.149690628051758,2020.0,0.8061718940734863,121
c2_050,2,-89.950822,21.121396,2020.0,0.9744678139686584,121
c3_045,3,-89.992859,21.161815643310547,2020.0,0.18047760426998138,121
c3_003,3,-90.034357,21.15858268737793,2020.0,0.8150496482849121,121
c3_026,3,-89.986931,21.149959564208984,2020.0,0.898227870464325,121
c3_008,3,-90.084209,21.151576,2020.0,0.9292427897453308,121
c3_017,3,-89.970493,21.159929275512695,2020.0,0.7978782057762146,121
c3_004,3,-89.982619,21.180679,2020.0,0.7636188268661499,121
c3_040,3,-89.9742660522461,21.185529708862305,2020.0,0.9093828201293945,121
c3_024,3,-89.97722625732422,21.183913,2020.0,0.895234227180481,121
c3_013,3,-89.995823,21.13837242126465,2020.0,0.8835991621017456,121
c3_018,3,-90.062113,21.107114,2020.0,0.9223614931106567,121
c3_007,3,-90.088521,21.146995,2020.0,0.9224144220352173,121
c3_014,3,-89.951361,21.199003219604492,2020.0,0.37192246317863464,121
c3_042,3,-89.950283,21.199003219604492,2020.0,0.4109185039997101,121
c3_029,3,-90.000135,21.137563705444336,2020.0,0.8125731348991394,121
c3_005,3,-90.003638,21.111964,2020.0,0.9806573987007141,121
c3_022,3,-90.005524,21.112503051757812,2020.0,0.8523801565170288,121
c3_002,3,-89.953786,21.197656,2020.0,0.8538711071014404,121
c3_015,3,-89.940852,21.162086486816406,2020.0,0.8140823245048523,121
c3_020,3,-90.016842,21.116006,2020.0,0.9006643891334534,121
c3_027,3,-89.982619,21.149421,2020.0,0.6149951219558716,121
c3_030,3,-89.942738,21.1674747467041,2020.0,0.7437248229980469,121
c3_050,3,-89.941929,21.168553,2020.0,0.5969018936157227,121
c3_009,3,-89.986392,21.149959564208984,2020.0,0.893271803855896,121
c3_033,3,-90.039208,21.102802276611328,2020.0,0.8429760932922363,121
c3_038,3,-89.976152,21.169361114501953,2020.0,0.725095808506012,121
c3_023,3,-89.97183990478516,21.169361114501953,2020.0,0.699690580368042,121
c3_032,3,-90.00040435791016,21.138642,2020.0,0.7496885061264038,121
c3_046,3,-89.994476,21.137832641601562,2020.0,0.8096009492874146,121
c3_025,3,-89.947049,21.157235,2020.0,0.7428116202354431,121
c3_028,3,-89.976421,21.165858,2020.0,0.8376584053039551,121
c3_036,3,-89.95189666748047,21.162894,2020.0,0.6333456039428711,121
c3_021,3,-90.007141,21.131635665893555,2020.0,0.8531911373138428,121
c3_035,3,-90.000943,21.144569396972656,2020.0,0.8755451440811157,121
c3_037,3,-89.97183990478516,21.162086486816406,2020.0,0.820136308670044,121
c3_039,3,-89.976691,21.168283462524414,2020.0,0.7238467931747437,121
c3_041,3,-89.973996,21.137563705444336,2020.0,0.7029629349708557,121
c3_034,3,-90.041364,21.1402587890625,2020.0,0.7104381322860718,121
c3_047,3,-90.028698,21.126246,2020.0,0.8207955360412598,121
c3_048,3,-90.030315,21.124359130859375,2020.0,0.7524406313896179,121
c3_011,3,-90.035974,21.099299,2020.0,0.8117043375968933,121
c3_001,3,-90.080437,21.100377,2020.0,0.8472707867622375,121
c3_006,3,-89.94677734375,21.202237,2020.0,0.8556593060493469,121
c3_019,3,-89.958367,21.172056198120117,2020.0,0.8997316360473633,121
c3_031,3,-90.00740814208984,21.113042,2020.0,0.8714451193809509,121
c3_010,3,-90.01252746582031,21.114659,2020.0,0.9957342743873596,121
c3_012,3,-90.00768280029297,21.114389419555664,2020.0,0.8188296556472778,121
c3_016,3,-90.045675,21.097951889038086,2020.0,0.9071208834648132,121
c3_043,3,-89.967259,21.189841,2020.0,0.9045284986495972,121
c3_044,3,-90.046214,21.097413,2020.0,0.8549784421920776,121
c3_049,3,-90.016033,21.116006,2020.0,0.8602376580238342,121
c4_001,4,-90.002021,21.168822,2020.0,0.8552259206771851,121
c4_002,4,-90.013878,21.166397094726562,2020.0,0.8672732710838318,121
c4_003,4,-90.040286,21.149421,2020.0,0.8448500037193298,121
c4_004,4,-89.94139099121094,21.181487,2020.0,0.89455246925354,121
c4_005,4,-89.967529,21.183643341064453,2020.0,0.8634048104286194,121
c4_006,4,-89.943277,21.200620651245117,2020.0,0.8560634851455688,121
c4_007,4,-89.968068,21.171248,2020.0,0.8362743258476257,121
c4_008,4,-90.035705,21.15346336364746,2020.0,0.9007181525230408,121
c4_009,4,-89.967798,21.179332,2020.0,0.7325899600982666,121
c4_010,4,-89.949205,21.194961,2020.0,0.7881597876548767,121
c4_011,4,-89.943007,21.202506,2020.0,0.9188752770423889,121
c4_012,4,-89.945163,21.199811,2020.0,0.9068996906280518,121
c4_013,4,-89.972379,21.174481,2020.0,0.9380038976669312,121
c4_014,4,-90.041633,21.148612,2020.0,0.9019212126731873,121
c4_015,4,-89.960792,21.190380096435547,2020.0,0.9207779169082642,121
c4_016,4,-89.958098,21.184452056884766,2020.0,0.9571304321289062,121
c4_017,4,-90.074239,21.133790969848633,2020.0,0.865175724029541,121
c4_018,4,-89.950822,21.1922664642334,2020.0,0.9060268998146057,121
c4_019,4,-89.996901,21.149959564208984,2020.0,0.8119097948074341,121
c4_020,4,-89.960523,21.186338424682617,2020.0,0.926289975643158,121
c4_021,4,-89.9465103149414,21.185529708862305,2020.0,0.8251119256019592,121
c4_022,4,-89.957828,21.185529708862305,2020.0,0.907706618309021,121
c4_023,4,-90.035705,21.144301,2020.0,0.6389291286468506,121
c4_024,4,-90.022501,21.156966,2020.0,0.790398359298706,121
c4_025,4,-89.981002,21.165319,2020.0,0.8572899103164673,121
c4_026,4,-90.027621,21.162355422973633,2020.0,0.9267013072967529,121
c4_027,4,-89.949475,21.19415283203125,2020.0,0.8939996361732483,121
c4_028,4,-89.940852,21.201428,2020.0,0.8838019967079163,121
c4_029,4,-89.961601,21.190919,2020.0,0.8616722226142883,121
c4_030,4,-90.041364,21.151576,2020.0,0.8576003909111023,121
c4_031,4,-90.062382,21.153732299804688,2020.0,0.9532510042190552,121
c4_032,4,-89.944085,21.193883,2020.0,0.7836421728134155,121
c4_033,4,-89.981811,21.164511,2020.0,0.8953434824943542,121
c4_034,4,-89.940313,21.199811,2020.0,0.8984777331352234,121
c4_035,4,-90.072622,21.132714,2020.0,0.8357740640640259,121
c4_036,4,-89.942738,21.183643341064453,2020.0,0.8369295001029968,121
c4_037,4,-89.9742660522461,21.173673,2020.0,0.9005117416381836,121
c4_038,4,-89.966451,21.182565,2020.0,0.8236284852027893,121
c4_039,4,-90.014147,21.163972,2020.0,0.8680989742279053,121
c4_040,4,-89.944355,21.201428,2020.0,0.8570765852928162,121
c4_041,4,-90.011183,21.148881912231445,2020.0,0.7595667839050293,121
c4_042,4,-90.071814,21.131635665893555,2020.0,0.8429154753684998,121
c4_043,4,-90.11438751220703,21.11061668395996,2020.0,0.7911531329154968,121
c4_044,4,-89.956481,21.189302444458008,2020.0,0.858893632888794,121
c4_045,4,-90.036513,21.153732299804688,2020.0,0.9398588538169861,121
c4_046,4,-89.98235321044922,21.169092178344727,2020.0,0.8754805326461792,121
c4_047,4,-89.992859,21.172864,2020.0,0.8830500245094299,121
c4_048,4,-89.948127,21.191457748413086,2020.0,0.9158935546875,121
c4_049,4,-90.1195068359375,21.108461380004883,2020.0,0.7241801619529724,121
c4_050,4,-90.094718,21.12301254272461,2020.0,0.7858489155769348,121
c5_045,5,-90.018998,21.166128158569336,2020.0,0.8465650081634521,121
c5_008,5,-90.034357,21.155618,2020.0,0.9248073697090149,121
c5_010,5,-89.957289,21.163703,2020.0,0.7056582570075989,121
c5_011,5,-90.004985,21.156696319580078,2020.0,0.8816640377044678,121
c5_012,5,-90.066424,21.154809951782227,2020.0,0.9546613693237305,121
c5_014,5,-90.006871,21.155887603759766,2020.0,0.8955622315406799,121
c5_016,5,-90.002829,21.15642738342285,2020.0,0.9342761039733887,121
c5_022,5,-90.044597,21.154809951782227,2020.0,0.9374370574951172,121
c5_024,5,-89.995284,21.15642738342285,2020.0,0.8177194595336914,121
c5_003,5,-90.056993,21.154541015625,2020.0,0.9529727101325989,121
c5_013,5,-90.020614,21.157235,2020.0,0.9060695171356201,121
c5_020,5,-90.027621,21.156966,2020.0,0.8380489349365234,121
c5_025,5,-90.03301239013672,21.15966033935547,2020.0,0.8612775206565857,121
c5_034,5,-90.012261,21.166397094726562,2020.0,0.8579636812210083,121
c5_040,5,-90.069658,21.154541015625,2020.0,0.971551775932312,121
c5_041,5,-89.998787,21.156156539916992,2020.0,0.8545865416526794,121
c5_043,5,-90.113042,21.13729476928711,2020.0,0.8782644271850586,121
c5_002,5,-90.042172,21.156156539916992,2020.0,0.9360353946685791,121
c5_004,5,-90.034088,21.156966,2020.0,0.8103428483009338,121
c5_001,5,-89.996093,21.155887603759766,2020.0,0.8397168517112732,121
c5_006,5,-90.035435,21.154809951782227,2020.0,0.9251230955123901,121
c5_015,5,-89.942738,21.172864,2020.0,0.6906931400299072,121
c5_018,5,-90.0685806274414,21.152385,2020.0,0.9525820016860962,121
c5_026,5,-89.998248,21.172326,2020.0,0.686497688293457,121
c5_033,5,-90.01980590820312,21.156966,2020.0,0.9288531541824341,121
c5_036,5,-90.041902,21.15750503540039,2020.0,0.8990612626075745,121
c5_039,5,-90.060496,21.15642738342285,2020.0,0.9814389944076538,121
c5_005,5,-90.041633,21.159929275512695,2020.0,0.908691942691803,121
c5_009,5,-90.038938,21.154271,2020.0,0.9387153387069702,121
c5_019,5,-90.057262,21.155349,2020.0,0.9551320672035217,121
c5_021,5,-90.089598,21.148073196411133,2020.0,0.963604748249054,121
c5_030,5,-90.071814,21.151845932006836,2020.0,0.9454357028007507,121
c5_031,5,-90.003099,21.155618,2020.0,0.921360194683075,121
c5_035,5,-90.095527,21.151845932006836,2020.0,0.9165172576904297,121
c5_037,5,-89.996632,21.160469,2020.0,0.9285379648208618,121
c5_023,5,-89.978038,21.180139541625977,2020.0,0.8007254600524902,121
c5_017,5,-90.040555,21.145917892456055,2020.0,0.8385728001594543,121
c5_027,5,-90.08879089355469,21.150768280029297,2020.0,0.9631907343864441,121
c5_047,5,-90.001213,21.154541015625,2020.0,0.9034250974655151,121
c5_048,5,-90.028429,21.156696319580078,2020.0,0.8581544756889343,121
c5_029,5,-90.090407,21.149421,2020.0,0.9262485504150391,121
c5_032,5,-90.079359,21.150768280029297,2020.0,0.9496315717697144,121
c5_038,5,-90.04082489013672,21.156966,2020.0,0.9564966559410095,121
c5_046,5,-90.067233,21.152114868164062,2020.0,0.969264030456543,121
c5_028,5,-90.095527,21.150499,2020.0,0.9187235832214355,121
c5_044,5,-89.973188,21.183374404907227,2020.0,0.7997906804084778,121
c5_042,5,-90.08124542236328,21.149421,2020.0,0.9398828744888306,121
c5_007,5,-90.021962,21.143491744995117,2020.0,0.6057804822921753,121
c10_001,3,-90.028968,21.158313,2020.0,0.8431152701377869,121
c10_005,3,-89.954594,21.163972,2020.0,0.7268102765083313,121
c10_002,3,-90.033549,21.15858268737793,2020.0,0.8402528166770935,121
c10_003,3,-90.030046,21.158044,2020.0,0.8609091639518738,121
c10_004,3,-90.029507,21.157773971557617,2020.0,0.8235464692115784,121
c10_006,3,-90.03301239013672,21.159122467041016,2020.0,0.8834493160247803,121
c10_007,3,-90.03301239013672,21.158044,2020.0,0.9907927513122559,121
c10_009,3,-90.032741,21.15858268737793,2020.0,0.9140418171882629,121
c10_010,3,-90.030585,21.158044,2020.0,0.8315118551254272,121
c10_008,3,-89.95405578613281,21.163972,2020.0,0.6294644474983215,121
c1_051,1,-90.064538,21.118162155151367,2020.0,0.8691725134849548,121
c1_052,1,-90.05322265625,21.112234115600586,2020.0,0.8672788143157959,121
c1_053,1,-90.068041,21.142953,2020.0,0.8596546053886414,121
c1_054,1,-90.00040435791016,21.124359130859375,2020.0,0.786799430847168,121
c1_055,1,-90.049178,21.1402587890625,2020.0,0.769987165927887,121
c2_051,2,-90.111695,21.123821258544922,2020.0,0.8628849387168884,121
c2_052,2,-90.02277374267578,21.139720916748047,2020.0,0.7963660359382629,121
c2_053,2,-89.941929,21.138911,2020.0,0.8830817937850952,121
c2_054,2,-89.950013,21.130019,2020.0,0.870150625705719,121
c2_055,2,-90.106306,21.128941,2020.0,0.8761028051376343,121
c3_062,3,-90.086634,21.149690628051758,2020.0,0.9321566820144653,121
c3_051,3,-90.010914,21.144301,2020.0,0.8729517459869385,121
c3_055,3,-90.079359,21.150499,2020.0,0.9496315717697144,121
c3_058,3,-90.000943,21.171248,2020.0,0.6001706123352051,121
c3_052,3,-90.094179,21.114929,2020.0,0.7430548071861267,121
c3_059,3,-90.039208,21.1402587890625,2020.0,0.658990204334259,121
c3_053,3,-90.013608,21.152114868164062,2020.0,0.9066169857978821,121
c3_060,3,-89.958906,21.12489891052246,2020.0,0.9206008315086365,121
c3_057,3,-90.058071,21.159929275512695,2020.0,0.8147477507591248,121
c3_061,3,-89.973457,21.138911,2020.0,0.7582835555076599,121
c3_064,3,-89.989625,21.149959564208984,2020.0,0.7354727387428284,121
c3_063,3,-90.030046,21.125707,2020.0,0.8473829627037048,121
c3_065,3,-89.972379,21.162086486816406,2020.0,0.8782404065132141,121
c3_054,3,-90.029237,21.101455,2020.0,0.8560860753059387,121
c3_056,3,-90.008758,21.114120483398438,2020.0,0.8287489414215088,121
c4_051,4,-89.958906,21.191997,2020.0,0.8714390993118286,121
c4_052,4,-89.957828,21.178254,2020.0,0.814804196357727,121
c4_053,4,-89.994476,21.172864,2020.0,0.843612790107727,121
c4_054,4,-89.994745,21.168822,2020.0,0.8559055924415588,121
c4_055,4,-90.0025634765625,21.169631,2020.0,0.9114940762519836,121
c1_001,1,-90.056184,21.12301254272461,2021.0,0.8433555364608765,132
c1_002,1,-89.984506,21.126246,2021.0,0.8525243401527405,132
c1_003,1,-90.070197,21.140798,2021.0,0.8215067386627197,132
c1_004,1,-90.057801,21.145648,2021.0,0.8638035655021667,132
c1_005,1,-90.024926,21.145379,2021.0,0.7493992447853088,132
c1_006,1,-89.979386,21.130288,2021.0,0.7691359519958496,132
c1_007,1,-90.08636474609375,21.137025,2021.0,0.8934744596481323,132
c1_008,1,-89.952169,21.14322280883789,2021.0,0.9309800267219543,132
c1_009,1,-90.055106,21.138911,2021.0,0.7532719969749451,132
c1_010,1,-89.945702,21.14322280883789,2021.0,0.8512563109397888,132
c1_011,1,-89.958098,21.149151,2021.0,0.8441146612167358,132
c1_012,1,-90.036783,21.117354,2021.0,0.8619272112846375,132
c1_013,1,-90.113042,21.085018157958984,2021.0,0.8301924467086792,132
c1_014,1,-89.944085,21.154002,2021.0,0.9099650979042053,132
c1_015,1,-90.065885,21.113581,2021.0,0.7725651264190674,132
c1_016,1,-90.064538,21.121126174926758,2021.0,0.839073896408081,132
c1_017,1,-90.01280212402344,21.122474,2021.0,0.8580350279808044,132
c1_018,1,-90.013608,21.150499,2021.0,0.83113694190979,132
c1_019,1,-90.075856,21.141876220703125,2021.0,0.835211455821991,132
c1_020,1,-90.063729,21.119510650634766,2021.0,0.872327446937561,132
c1_021,1,-90.112234,21.128671646118164,2021.0,0.82611483335495,132
c1_022,1,-89.970224,21.131635665893555,2021.0,0.7881823182106018,132
c1_023,1,-90.049448,21.111425399780273,2021.0,0.9349527955055237,132
c1_024,1,-90.076933,21.135408401489258,2021.0,0.7696378827095032,132
c1_025,1,-90.09391021728516,21.143762,2021.0,0.8865078687667847,132
c1_026,1,-89.940852,21.145917892456055,2021.0,0.9767504334449768,132
c1_027,1,-89.945163,21.154002,2021.0,0.8686137795448303,132
c1_028,1,-90.098491,21.127324,2021.0,0.8501272797584534,132
c1_029,1,-90.003368,21.149421,2021.0,0.7031367421150208,132
c1_030,1,-89.972918,21.124629,2021.0,0.8811969757080078,132
c1_031,1,-90.003907,21.124359130859375,2021.0,0.907185971736908,132
c1_032,1,-90.066694,21.0987606048584,2021.0,0.8284342288970947,132
c1_033,1,-89.994745,21.123552322387695,2021.0,0.7507355809211731,132
c1_034,1,-90.08879089355469,21.142953,2021.0,0.9013887643814087,132
c1_035,1,-90.063191,21.110887,2021.0,0.8258726596832275,132
c1_036,1,-89.960523,21.137563705444336,2021.0,0.8760346174240112,132
c1_037,1,-90.094179,21.093371,2021.0,0.8214606642723083,132
c1_038,1,-90.0025634765625,21.122743,2021.0,0.9017196893692017,132
c1_039,1,-90.051334,21.132714,2021.0,0.730496346950531,132
c1_040,1,-90.066694,21.13837242126465,2021.0,0.8232367038726807,132
c1_041,1,-90.116815,21.0882511138916,2021.0,0.7781058549880981,132
c1_042,1,-90.057801,21.148612,2021.0,0.9025854468345642,132
c1_043,1,-90.080706,21.141876220703125,2021.0,0.9188712239265442,132
c1_044,1,-89.947319,21.188493728637695,2021.0,0.783035397529602,132
c1_045,1,-89.981811,21.124091,2021.0,0.8767071962356567,132
c1_046,1,-90.058879,21.128671646118164,2021.0,0.8269707560539246,132
c1_047,1,-90.075317,21.10361099243164,2021.0,0.8370696902275085,132
c1_048,1,-90.003638,21.150768280029297,2021.0,0.7858469486236572,132
c1_049,1,-90.026543,21.122743,2021.0,0.8491058349609375,132
c1_050,1,-90.108731,21.117623,2021.0,0.8282101154327393,132
c2_001,2,-89.960253,21.154002,2021.0,0.8167053461074829,132
c2_002,2,-90.117623,21.133522033691406,2021.0,0.8621817827224731,132
c2_003,2,-90.07881927490234,21.09229278564453,2021.0,0.8249145150184631,132
c2_004,2,-89.978847,21.15022850036621,2021.0,0.6461732983589172,132
c2_005,2,-90.089329,21.09364128112793,2021.0,0.8698621988296509,132
c2_006,2,-90.11412048339844,21.100377,2021.0,0.6853220462799072,132
c2_007,2,-90.106036,21.131635665893555,2021.0,0.9284675717353821,132
c2_008,2,-90.001213,21.145379,2021.0,0.9654356837272644,132
c2_009,2,-89.963217,21.183913,2021.0,0.845008134841919,132
c2_010,2,-90.10226440429688,21.144301,2021.0,0.9177045226097107,132
c2_011,2,-89.958636,21.125438,2021.0,0.974919855594635,132
c2_012,2,-90.097413,21.149959564208984,2021.0,0.9258989691734314,132
c2_013,2,-90.100647,21.106845,2021.0,0.847722589969635,132
c2_014,2,-90.04594421386719,21.111156463623047,2021.0,0.8446854948997498,132
c2_015,2,-90.068849,21.102802276611328,2021.0,0.9114001989364624,132
c2_016,2,-90.118162,21.135947,2021.0,0.7391623258590698,132
c2_017,2,-89.96214294433594,21.120587,2021.0,0.9842114448547363,132
c2_018,2,-89.981541,21.148343,2021.0,0.7573056221008301,132
c2_019,2,-90.041364,21.101186,2021.0,0.9464007019996643,132
c2_020,2,-90.082592,21.10064697265625,2021.0,0.7421780824661255,132
c2_021,2,-89.945163,21.161008,2021.0,0.8245126605033875,132
c2_022,2,-90.01280212402344,21.118162155151367,2021.0,0.8469304442405701,132
c2_023,2,-89.94165802001953,21.17879295349121,2021.0,0.6796380281448364,132
c2_024,2,-89.940043,21.179332,2021.0,0.7054658532142639,132
c2_025,2,-89.942199,21.169092178344727,2021.0,0.8379278182983398,132
c2_026,2,-90.04837036132812,21.15858268737793,2021.0,0.8670159578323364,132
c2_027,2,-90.018189,21.155078887939453,2021.0,0.8587707877159119,132
c2_028,2,-90.018998,21.118701,2021.0,0.7892847657203674,132
c2_029,2,-89.960253,21.166936,2021.0,0.8972568511962891,132
c2_030,2,-90.08636474609375,21.13918113708496,2021.0,0.9044820666313171,132
c2_031,2,-90.006871,21.167745,2021.0,0.8934638500213623,132
c2_032,2,-89.9599838256836,21.15750503540039,2021.0,0.6670840382575989,132
c2_033,2,-90.052412,21.115737,2021.0,0.8351338505744934,132
c2_034,2,-90.075586,21.099569,2021.0,0.7654297947883606,132
c2_035,2,-90.108731,21.095796,2021.0,0.7467702031135559,132
c2_036,2,-90.026543,21.155078887939453,2021.0,0.8659539222717285,132
c2_037,2,-90.006871,21.131097,2021.0,0.8795056939125061,132
c2_038,2,-90.080167,21.099838256835938,2021.0,0.7852197289466858,132
c2_039,2,-89.947588,21.136486053466797,2021.0,0.8741245269775391,132
c2_040,2,-90.061304,21.10468864440918,2021.0,0.8668059706687927,132
c2_041,2,-90.075856,21.134868621826172,2021.0,0.659214198589325,132
c2_042,2,-89.99959564208984,21.12004852294922,2021.0,0.824162483215332,132
c2_043,2,-90.101725,21.08043670654297,2021.0,0.9299334287643433,132
c2_044,2,-90.026004,21.113851,2021.0,0.9352332353591919,132
c2_045,2,-90.118162,21.129209518432617,2021.0,0.9140025973320007,132
c2_046,2,-89.94139099121094,21.172056198120117,2021.0,0.8415687084197998,132
c2_047,2,-89.969685,21.1402587890625,2021.0,0.8670091032981873,132
c2_048,2,-90.1038818359375,21.095527,2021.0,0.7150901556015015,132
c2_049,2,-89.99231719970703,21.149690628051758,2021.0,0.7580718994140625,132
c2_050,2,-89.950822,21.121396,2021.0,0.9408370852470398,132
c3_045,3,-89.992859,21.161815643310547,2021.0,0.08600078523159027,132
c3_003,3,-90.034357,21.15858268737793,2021.0,0.3530598282814026,132
c3_026,3,-89.986931,21.149959564208984,2021.0,0.8839511275291443,132
c3_008,3,-90.084209,21.151576,2021.0,0.7725425362586975,132
c3_017,3,-89.970493,21.159929275512695,2021.0,0.7304990291595459,132
c3_004,3,-89.982619,21.180679,2021.0,0.7933329343795776,132
c3_040,3,-89.9742660522461,21.185529708862305,2021.0,0.9085004329681396,132
c3_024,3,-89.97722625732422,21.183913,2021.0,0.8643314838409424,132
c3_013,3,-89.995823,21.13837242126465,2021.0,0.8615109920501709,132
c3_018,3,-90.062113,21.107114,2021.0,0.9233177900314331,132
c3_007,3,-90.088521,21.146995,2021.0,0.88347327709198,132
c3_014,3,-89.951361,21.199003219604492,2021.0,0.18790949881076813,132
c3_042,3,-89.950283,21.199003219604492,2021.0,0.4723394215106964,132
c3_029,3,-90.000135,21.137563705444336,2021.0,0.8562244772911072,132
c3_005,3,-90.003638,21.111964,2021.0,0.8638837337493896,132
c3_022,3,-90.005524,21.112503051757812,2021.0,0.8283700346946716,132
c3_002,3,-89.953786,21.197656,2021.0,0.8216095566749573,132
c3_015,3,-89.940852,21.162086486816406,2021.0,0.8139258027076721,132
c3_020,3,-90.016842,21.116006,2021.0,0.8880095481872559,132
c3_027,3,-89.982619,21.149421,2021.0,0.5514423251152039,132
c3_030,3,-89.942738,21.1674747467041,2021.0,0.753690242767334,132
c3_050,3,-89.941929,21.168553,2021.0,0.6827013492584229,132
c3_009,3,-89.986392,21.149959564208984,2021.0,0.8738124966621399,132
c3_033,3,-90.039208,21.102802276611328,2021.0,0.8858397006988525,132
c3_038,3,-89.976152,21.169361114501953,2021.0,0.7260663509368896,132
c3_023,3,-89.97183990478516,21.169361114501953,2021.0,0.8494848012924194,132
c3_032,3,-90.00040435791016,21.138642,2021.0,0.7071229219436646,132
c3_046,3,-89.994476,21.137832641601562,2021.0,0.7609864473342896,132
c3_025,3,-89.947049,21.157235,2021.0,0.9285502433776855,132
c3_028,3,-89.976421,21.165858,2021.0,0.770322322845459,132
c3_036,3,-89.95189666748047,21.162894,2021.0,0.5847824811935425,132
c3_021,3,-90.007141,21.131635665893555,2021.0,0.8539419770240784,132
c3_035,3,-90.000943,21.144569396972656,2021.0,0.6997418403625488,132
c3_037,3,-89.97183990478516,21.162086486816406,2021.0,0.9382319450378418,132
c3_039,3,-89.976691,21.168283462524414,2021.0,0.9048773646354675,132
c3_041,3,-89.973996,21.137563705444336,2021.0,0.6907333135604858,132
c3_034,3,-90.041364,21.1402587890625,2021.0,0.6617684960365295,132
c3_047,3,-90.028698,21.126246,2021.0,0.6952120065689087,132
c3_048,3,-90.030315,21.124359130859375,2021.0,0.7232394814491272,132
c3_011,3,-90.035974,21.099299,2021.0,0.8851666450500488,132
c3_001,3,-90.080437,21.100377,2021.0,0.5731791257858276,132
c3_006,3,-89.94677734375,21.202237,2021.0,0.9071422815322876,132
c3_019,3,-89.958367,21.172056198120117,2021.0,0.8828151822090149,132
c3_031,3,-90.00740814208984,21.113042,2021.0,0.8497218489646912,132
c3_010,3,-90.01252746582031,21.114659,2021.0,0.8897695541381836,132
c3_012,3,-90.00768280029297,21.114389419555664,2021.0,0.800666868686676,132
c3_016,3,-90.045675,21.097951889038086,2021.0,0.7951142191886902,132
c3_043,3,-89.967259,21.189841,2021.0,0.9096245765686035,132
c3_044,3,-90.046214,21.097413,2021.0,0.8606796264648438,132
c3_049,3,-90.016033,21.116006,2021.0,0.9823899269104004,132
c4_001,4,-90.002021,21.168822,2021.0,0.8053269386291504,132
c4_002,4,-90.013878,21.166397094726562,2021.0,0.8143036365509033,132
c4_003,4,-90.040286,21.149421,2021.0,0.8566383719444275,132
c4_004,4,-89.94139099121094,21.181487,2021.0,0.9057103991508484,132
c4_005,4,-89.967529,21.183643341064453,2021.0,0.8566319942474365,132
c4_006,4,-89.943277,21.200620651245117,2021.0,0.9415445327758789,132
c4_007,4,-89.968068,21.171248,2021.0,0.8478395342826843,132
c4_008,4,-90.035705,21.15346336364746,2021.0,0.9104816317558289,132
c4_009,4,-89.967798,21.179332,2021.0,0.60284423828125,132
c4_010,4,-89.949205,21.194961,2021.0,0.7339505553245544,132
c4_011,4,-89.943007,21.202506,2021.0,0.8734074234962463,132
c4_012,4,-89.945163,21.199811,2021.0,0.9237682223320007,132
c4_013,4,-89.972379,21.174481,2021.0,0.9177950620651245,132
c4_014,4,-90.041633,21.148612,2021.0,0.8428471684455872,132
c4_015,4,-89.960792,21.190380096435547,2021.0,0.8459101319313049,132
c4_016,4,-89.958098,21.184452056884766,2021.0,0.8692575693130493,132
c4_017,4,-90.074239,21.133790969848633,2021.0,0.8407959342002869,132
c4_018,4,-89.950822,21.1922664642334,2021.0,0.8966142535209656,132
c4_019,4,-89.996901,21.149959564208984,2021.0,0.8176354169845581,132
c4_020,4,-89.960523,21.186338424682617,2021.0,0.9179825782775879,132
c4_021,4,-89.9465103149414,21.185529708862305,2021.0,0.7211228013038635,132
c4_022,4,-89.957828,21.185529708862305,2021.0,0.8279653191566467,132
c4_023,4,-90.035705,21.144301,2021.0,0.6103024482727051,132
c4_024,4,-90.022501,21.156966,2021.0,0.5894266963005066,132
c4_025,4,-89.981002,21.165319,2021.0,0.7717475295066833,132
c4_026,4,-90.027621,21.162355422973633,2021.0,0.9026680588722229,132
c4_027,4,-89.949475,21.19415283203125,2021.0,0.8881149888038635,132
c4_028,4,-89.940852,21.201428,2021.0,0.9146450757980347,132
c4_029,4,-89.961601,21.190919,2021.0,0.838555097579956,132
c4_030,4,-90.041364,21.151576,2021.0,0.8758344650268555,132
c4_031,4,-90.062382,21.153732299804688,2021.0,0.8611356019973755,132
c4_032,4,-89.944085,21.193883,2021.0,0.7791149616241455,132
c4_033,4,-89.981811,21.164511,2021.0,0.8579897284507751,132
c4_034,4,-89.940313,21.199811,2021.0,0.8657394051551819,132
c4_035,4,-90.072622,21.132714,2021.0,0.7904207110404968,132
c4_036,4,-89.942738,21.183643341064453,2021.0,0.7056620717048645,132
c4_037,4,-89.9742660522461,21.173673,2021.0,0.8813925981521606,132
c4_038,4,-89.966451,21.182565,2021.0,0.6516167521476746,132
c4_039,4,-90.014147,21.163972,2021.0,0.6383626461029053,132
c4_040,4,-89.944355,21.201428,2021.0,0.8222218155860901,132
c4_041,4,-90.011183,21.148881912231445,2021.0,0.7362676858901978,132
c4_042,4,-90.071814,21.131635665893555,2021.0,0.9747959971427917,132
c4_043,4,-90.11438751220703,21.11061668395996,2021.0,0.7701912522315979,132
c4_044,4,-89.956481,21.189302444458008,2021.0,0.8403325080871582,132
c4_045,4,-90.036513,21.153732299804688,2021.0,0.9207549691200256,132
c4_046,4,-89.98235321044922,21.169092178344727,2021.0,0.8566334247589111,132
c4_047,4,-89.992859,21.172864,2021.0,0.7481489181518555,132
c4_048,4,-89.948127,21.191457748413086,2021.0,0.9098315834999084,132
c4_049,4,-90.1195068359375,21.108461380004883,2021.0,0.7247061729431152,132
c4_050,4,-90.094718,21.12301254272461,2021.0,0.8205726146697998,132
c5_045,5,-90.018998,21.166128158569336,2021.0,0.8350614309310913,132
c5_008,5,-90.034357,21.155618,2021.0,0.8923513293266296,132
c5_010,5,-89.957289,21.163703,2021.0,0.6382061243057251,132
c5_011,5,-90.004985,21.156696319580078,2021.0,0.8446444272994995,132
c5_012,5,-90.066424,21.154809951782227,2021.0,0.8820549249649048,132
c5_014,5,-90.006871,21.155887603759766,2021.0,0.7489176392555237,132
c5_016,5,-90.002829,21.15642738342285,2021.0,0.9138112664222717,132
c5_022,5,-90.044597,21.154809951782227,2021.0,0.9339564442634583,132
c5_024,5,-89.995284,21.15642738342285,2021.0,0.7849892377853394,132
c5_003,5,-90.056993,21.154541015625,2021.0,0.8205151557922363,132
c5_013,5,-90.020614,21.157235,2021.0,0.8969736099243164,132
c5_020,5,-90.027621,21.156966,2021.0,0.8267806768417358,132
c5_025,5,-90.03301239013672,21.15966033935547,2021.0,0.4944431483745575,132
c5_034,5,-90.012261,21.166397094726562,2021.0,0.8107675313949585,132
c5_040,5,-90.069658,21.154541015625,2021.0,0.8152396082878113,132
c5_041,5,-89.998787,21.156156539916992,2021.0,0.7495481371879578,132
c5_043,5,-90.113042,21.13729476928711,2021.0,0.8943292498588562,132
c5_002,5,-90.042172,21.156156539916992,2021.0,0.8595690131187439,132
c5_004,5,-90.034088,21.156966,2021.0,0.7335565090179443,132
c5_001,5,-89.996093,21.155887603759766,2021.0,0.8296405076980591,132
c5_006,5,-90.035435,21.154809951782227,2021.0,0.9085671305656433,132
c5_015,5,-89.942738,21.172864,2021.0,0.6696639060974121,132
c5_018,5,-90.0685806274414,21.152385,2021.0,0.8121317028999329,132
c5_026,5,-89.998248,21.172326,2021.0,0.6996862292289734,132
c5_033,5,-90.01980590820312,21.156966,2021.0,0.9136751294136047,132
c5_036,5,-90.041902,21.15750503540039,2021.0,0.9189434051513672,132
c5_039,5,-90.060496,21.15642738342285,2021.0,0.8754093050956726,132
c5_005,5,-90.041633,21.159929275512695,2021.0,0.8953574895858765,132
c5_009,5,-90.038938,21.154271,2021.0,0.9155612587928772,132
c5_019,5,-90.057262,21.155349,2021.0,0.8279486894607544,132
c5_021,5,-90.089598,21.148073196411133,2021.0,0.8924701809883118,132
c5_030,5,-90.071814,21.151845932006836,2021.0,0.930056095123291,132
c5_031,5,-90.003099,21.155618,2021.0,0.8635293841362,132
c5_035,5,-90.095527,21.151845932006836,2021.0,0.8931534886360168,132
c5_037,5,-89.996632,21.160469,2021.0,0.9759439826011658,132
c5_023,5,-89.978038,21.180139541625977,2021.0,0.7794876098632812,132
c5_017,5,-90.040555,21.145917892456055,2021.0,0.73953777551651,132
c5_027,5,-90.08879089355469,21.150768280029297,2021.0,0.9059224128723145,132
c5_047,5,-90.001213,21.154541015625,2021.0,0.8728512525558472,132
c5_048,5,-90.028429,21.156696319580078,2021.0,0.8370570540428162,132
c5_029,5,-90.090407,21.149421,2021.0,0.894079327583313,132
c5_032,5,-90.079359,21.150768280029297,2021.0,0.8402497172355652,132
c5_038,5,-90.04082489013672,21.156966,2021.0,0.9057506322860718,132
c5_046,5,-90.067233,21.152114868164062,2021.0,0.943591296672821,132
c5_028,5,-90.095527,21.150499,2021.0,0.9051819443702698,132
c5_044,5,-89.973188,21.183374404907227,2021.0,0.7829959988594055,132
c5_042,5,-90.08124542236328,21.149421,2021.0,0.8800180554389954,132
c5_007,5,-90.021962,21.143491744995117,2021.0,0.5763994455337524,132
c10_001,3,-90.028968,21.158313,2021.0,0.6702321767807007,132
c10_005,3,-89.954594,21.163972,2021.0,0.6404522657394409,132
c10_002,3,-90.033549,21.15858268737793,2021.0,0.47283002734184265,132
c10_003,3,-90.030046,21.158044,2021.0,0.6748548150062561,132
c10_004,3,-90.029507,21.157773971557617,2021.0,0.6701880097389221,132
c10_006,3,-90.03301239013672,21.159122467041016,2021.0,0.6339752078056335,132
c10_007,3,-90.03301239013672,21.158044,2021.0,0.4907408654689789,132
c10_009,3,-90.032741,21.15858268737793,2021.0,0.6186781525611877,132
c10_010,3,-90.030585,21.158044,2021.0,0.8681668639183044,132
c10_008,3,-89.95405578613281,21.163972,2021.0,0.598950207233429,132
c1_051,1,-90.064538,21.118162155151367,2021.0,0.8311934471130371,132
c1_052,1,-90.05322265625,21.112234115600586,2021.0,0.8753096461296082,132
c1_053,1,-90.068041,21.142953,2021.0,0.9936237931251526,132
c1_054,1,-90.00040435791016,21.124359130859375,2021.0,0.7838800549507141,132
c1_055,1,-90.049178,21.1402587890625,2021.0,0.7504811882972717,132
c2_051,2,-90.111695,21.123821258544922,2021.0,0.8599399924278259,132
c2_052,2,-90.02277374267578,21.139720916748047,2021.0,0.8006256222724915,132
c2_053,2,-89.941929,21.138911,2021.0,0.9089491963386536,132
c2_054,2,-89.950013,21.130019,2021.0,0.9786815643310547,132
c2_055,2,-90.106306,21.128941,2021.0,0.9042836427688599,132
c3_062,3,-90.086634,21.149690628051758,2021.0,0.902510404586792,132
c3_051,3,-90.010914,21.144301,2021.0,0.8425867557525635,132
c3_055,3,-90.079359,21.150499,2021.0,0.8402497172355652,132
c3_058,3,-90.000943,21.171248,2021.0,0.662605881690979,132
c3_052,3,-90.094179,21.114929,2021.0,0.8021608591079712,132
c3_059,3,-90.039208,21.1402587890625,2021.0,0.7225683927536011,132
c3_053,3,-90.013608,21.152114868164062,2021.0,0.9076917767524719,132
c3_060,3,-89.958906,21.12489891052246,2021.0,0.9113225936889648,132
c3_057,3,-90.058071,21.159929275512695,2021.0,0.7736676931381226,132
c3_061,3,-89.973457,21.138911,2021.0,0.7488105297088623,132
c3_064,3,-89.989625,21.149959564208984,2021.0,0.7597328424453735,132
c3_063,3,-90.030046,21.125707,2021.0,0.7478947639465332,132
c3_065,3,-89.972379,21.162086486816406,2021.0,0.9334796667098999,132
c3_054,3,-90.029237,21.101455,2021.0,0.9586208462715149,132
c3_056,3,-90.008758,21.114120483398438,2021.0,0.8807744979858398,132
c4_051,4,-89.958906,21.191997,2021.0,0.8571166396141052,132
c4_052,4,-89.957828,21.178254,2021.0,0.6494894623756409,132
c4_053,4,-89.994476,21.172864,2021.0,0.7709659934043884,132
c4_054,4,-89.994745,21.168822,2021.0,0.8228815793991089,132
c4_055,4,-90.0025634765625,21.169631,2021.0,0.8765497207641602,132
c1_001,1,-90.056184,21.12301254272461,2022.0,0.8604264855384827,151
c1_002,1,-89.984506,21.126246,2022.0,0.9213008284568787,151
c1_003,1,-90.070197,21.140798,2022.0,0.9846956133842468,151
c1_004,1,-90.057801,21.145648,2022.0,0.8772215843200684,151
c1_005,1,-90.024926,21.145379,2022.0,0.7648326754570007,151
c1_006,1,-89.979386,21.130288,2022.0,0.7749454975128174,151
c1_007,1,-90.08636474609375,21.137025,2022.0,0.9140100479125977,151
c1_008,1,-89.952169,21.14322280883789,2022.0,0.8692663908004761,151
c1_009,1,-90.055106,21.138911,2022.0,0.8569492697715759,151
c1_010,1,-89.945702,21.14322280883789,2022.0,0.8964623212814331,151
c1_011,1,-89.958098,21.149151,2022.0,0.9123823046684265,151
c1_012,1,-90.036783,21.117354,2022.0,0.8660700917243958,151
c1_013,1,-90.113042,21.085018157958984,2022.0,0.8509383797645569,151
c1_014,1,-89.944085,21.154002,2022.0,0.8779657483100891,151
c1_015,1,-90.065885,21.113581,2022.0,0.7923910021781921,151
c1_016,1,-90.064538,21.121126174926758,2022.0,0.8725816011428833,151
c1_017,1,-90.01280212402344,21.122474,2022.0,0.8631951808929443,151
c1_018,1,-90.013608,21.150499,2022.0,0.9163044095039368,151
c1_019,1,-90.075856,21.141876220703125,2022.0,0.8439504504203796,151
c1_020,1,-90.063729,21.119510650634766,2022.0,0.97397780418396,151
c1_021,1,-90.112234,21.128671646118164,2022.0,0.840546190738678,151
c1_022,1,-89.970224,21.131635665893555,2022.0,0.8866149187088013,151
c1_023,1,-90.049448,21.111425399780273,2022.0,0.8559668660163879,151
c1_024,1,-90.076933,21.135408401489258,2022.0,0.8161933422088623,151
c1_025,1,-90.09391021728516,21.143762,2022.0,0.8587108254432678,151
c1_026,1,-89.940852,21.145917892456055,2022.0,0.9371907114982605,151
c1_027,1,-89.945163,21.154002,2022.0,0.8856279253959656,151
c1_028,1,-90.098491,21.127324,2022.0,0.8588285446166992,151
c1_029,1,-90.003368,21.149421,2022.0,0.7437314391136169,151
c1_030,1,-89.972918,21.124629,2022.0,0.8581278920173645,151
c1_031,1,-90.003907,21.124359130859375,2022.0,0.825567364692688,151
c1_032,1,-90.066694,21.0987606048584,2022.0,0.828334391117096,151
c1_033,1,-89.994745,21.123552322387695,2022.0,0.7736771702766418,151
c1_034,1,-90.08879089355469,21.142953,2022.0,0.9039360880851746,151
c1_035,1,-90.063191,21.110887,2022.0,0.8261342644691467,151
c1_036,1,-89.960523,21.137563705444336,2022.0,0.9417445659637451,151
c1_037,1,-90.094179,21.093371,2022.0,0.812170684337616,151
c1_038,1,-90.0025634765625,21.122743,2022.0,0.8453192114830017,151
c1_039,1,-90.051334,21.132714,2022.0,0.7547562718391418,151
c1_040,1,-90.066694,21.13837242126465,2022.0,0.8729109764099121,151
c1_041,1,-90.116815,21.0882511138916,2022.0,0.7943985462188721,151
c1_042,1,-90.057801,21.148612,2022.0,0.9115278720855713,151
c1_043,1,-90.080706,21.141876220703125,2022.0,0.8599420785903931,151
c1_044,1,-89.947319,21.188493728637695,2022.0,0.8224087953567505,151
c1_045,1,-89.981811,21.124091,2022.0,0.8400868773460388,151
c1_046,1,-90.058879,21.128671646118164,2022.0,0.8565456867218018,151
c1_047,1,-90.075317,21.10361099243164,2022.0,0.8540058732032776,151
c1_048,1,-90.003638,21.150768280029297,2022.0,0.8182228207588196,151
c1_049,1,-90.026543,21.122743,2022.0,0.870664656162262,151
c1_050,1,-90.108731,21.117623,2022.0,0.8128933906555176,151
c2_001,2,-89.960253,21.154002,2022.0,0.7663329839706421,151
c2_002,2,-90.117623,21.133522033691406,2022.0,0.8817161917686462,151
c2_003,2,-90.07881927490234,21.09229278564453,2022.0,0.8375086784362793,151
c2_004,2,-89.978847,21.15022850036621,2022.0,0.6906644701957703,151
c2_005,2,-90.089329,21.09364128112793,2022.0,0.888314962387085,151
c2_006,2,-90.11412048339844,21.100377,2022.0,0.6844521760940552,151
c2_007,2,-90.106036,21.131635665893555,2022.0,0.9055946469306946,151
c2_008,2,-90.001213,21.145379,2022.0,0.8375187516212463,151
c2_009,2,-89.963217,21.183913,2022.0,0.849648118019104,151
c2_010,2,-90.10226440429688,21.144301,2022.0,0.8703218102455139,151
c2_011,2,-89.958636,21.125438,2022.0,0.8778343796730042,151
c2_012,2,-90.097413,21.149959564208984,2022.0,0.9797600507736206,151
c2_013,2,-90.100647,21.106845,2022.0,0.8006831407546997,151
c2_014,2,-90.04594421386719,21.111156463623047,2022.0,0.8483521938323975,151
c2_015,2,-90.068849,21.102802276611328,2022.0,0.893656849861145,151
c2_016,2,-90.118162,21.135947,2022.0,0.8260352611541748,151
c2_017,2,-89.96214294433594,21.120587,2022.0,0.9027696251869202,151
c2_018,2,-89.981541,21.148343,2022.0,0.6709190011024475,151
c2_019,2,-90.041364,21.101186,2022.0,0.9025517702102661,151
c2_020,2,-90.082592,21.10064697265625,2022.0,0.7610742449760437,151
c2_021,2,-89.945163,21.161008,2022.0,0.8523246645927429,151
c2_022,2,-90.01280212402344,21.118162155151367,2022.0,0.8822788596153259,151
c2_023,2,-89.94165802001953,21.17879295349121,2022.0,0.706295907497406,151
c2_024,2,-89.940043,21.179332,2022.0,0.7406811714172363,151
c2_025,2,-89.942199,21.169092178344727,2022.0,0.8135302662849426,151
c2_026,2,-90.04837036132812,21.15858268737793,2022.0,0.8818041086196899,151
c2_027,2,-90.018189,21.155078887939453,2022.0,0.8818491697311401,151
c2_028,2,-90.018998,21.118701,2022.0,0.8443034291267395,151
c2_029,2,-89.960253,21.166936,2022.0,0.8575137257575989,151
c2_030,2,-90.08636474609375,21.13918113708496,2022.0,0.9233616590499878,151
c2_031,2,-90.006871,21.167745,2022.0,0.9021177887916565,151
c2_032,2,-89.9599838256836,21.15750503540039,2022.0,0.8605564832687378,151
c2_033,2,-90.052412,21.115737,2022.0,0.8941632509231567,151
c2_034,2,-90.075586,21.099569,2022.0,0.8274255990982056,151
c2_035,2,-90.108731,21.095796,2022.0,0.7211552262306213,151
c2_036,2,-90.026543,21.155078887939453,2022.0,0.8870230317115784,151
c2_037,2,-90.006871,21.131097,2022.0,0.8732591867446899,151
c2_038,2,-90.080167,21.099838256835938,2022.0,0.8059609532356262,151
c2_039,2,-89.947588,21.136486053466797,2022.0,0.8750214576721191,151
c2_040,2,-90.061304,21.10468864440918,2022.0,0.8551076054573059,151
c2_041,2,-90.075856,21.134868621826172,2022.0,0.7326487302780151,151
c2_042,2,-89.99959564208984,21.12004852294922,2022.0,0.8581717014312744,151
c2_043,2,-90.101725,21.08043670654297,2022.0,0.8687995076179504,151
c2_044,2,-90.026004,21.113851,2022.0,0.8862511515617371,151
c2_045,2,-90.118162,21.129209518432617,2022.0,0.8878316879272461,151
c2_046,2,-89.94139099121094,21.172056198120117,2022.0,0.8253307938575745,151
c2_047,2,-89.969685,21.1402587890625,2022.0,0.8592827320098877,151
c2_048,2,-90.1038818359375,21.095527,2022.0,0.685710072517395,151
c2_049,2,-89.99231719970703,21.149690628051758,2022.0,0.7855377793312073,151
c2_050,2,-89.950822,21.121396,2022.0,0.889552116394043,151
c3_045,3,-89.992859,21.161815643310547,2022.0,0.20804302394390106,151
c3_003,3,-90.034357,21.15858268737793,2022.0,0.753413736820221,151
c3_026,3,-89.986931,21.149959564208984,2022.0,0.9024619460105896,151
c3_008,3,-90.084209,21.151576,2022.0,0.9299822449684143,151
c3_017,3,-89.970493,21.159929275512695,2022.0,0.742957353591919,151
c3_004,3,-89.982619,21.180679,2022.0,0.7700024247169495,151
c3_040,3,-89.9742660522461,21.185529708862305,2022.0,0.8957199454307556,151
c3_024,3,-89.97722625732422,21.183913,2022.0,0.8694533109664917,151
c3_013,3,-89.995823,21.13837242126465,2022.0,0.8451488018035889,151
c3_018,3,-90.062113,21.107114,2022.0,0.9313815832138062,151
c3_007,3,-90.088521,21.146995,2022.0,0.9157722592353821,151
c3_014,3,-89.951361,21.199003219604492,2022.0,0.769511878490448,151
c3_042,3,-89.950283,21.199003219604492,2022.0,0.45485106110572815,151
c3_029,3,-90.000135,21.137563705444336,2022.0,0.8374440670013428,151
c3_005,3,-90.003638,21.111964,2022.0,0.8802800178527832,151
c3_022,3,-90.005524,21.112503051757812,2022.0,0.8918002843856812,151
c3_002,3,-89.953786,21.197656,2022.0,0.8010590076446533,151
c3_015,3,-89.940852,21.162086486816406,2022.0,0.8138221502304077,151
c3_020,3,-90.016842,21.116006,2022.0,0.9186187982559204,151
c3_027,3,-89.982619,21.149421,2022.0,0.5845917463302612,151
c3_030,3,-89.942738,21.1674747467041,2022.0,0.8186758160591125,151
c3_050,3,-89.941929,21.168553,2022.0,0.5056174397468567,151
c3_009,3,-89.986392,21.149959564208984,2022.0,0.8626807332038879,151
c3_033,3,-90.039208,21.102802276611328,2022.0,0.8602218627929688,151
c3_038,3,-89.976152,21.169361114501953,2022.0,0.7378572225570679,151
c3_023,3,-89.97183990478516,21.169361114501953,2022.0,0.9090050458908081,151
c3_032,3,-90.00040435791016,21.138642,2022.0,0.7612190842628479,151
c3_046,3,-89.994476,21.137832641601562,2022.0,0.6665239334106445,151
c3_025,3,-89.947049,21.157235,2022.0,0.9735466241836548,151
c3_028,3,-89.976421,21.165858,2022.0,0.7680140137672424,151
c3_036,3,-89.95189666748047,21.162894,2022.0,0.6049753427505493,151
c3_021,3,-90.007141,21.131635665893555,2022.0,0.8496614694595337,151
c3_035,3,-90.000943,21.144569396972656,2022.0,0.7273837327957153,151
c3_037,3,-89.97183990478516,21.162086486816406,2022.0,0.7778424620628357,151
c3_039,3,-89.976691,21.168283462524414,2022.0,0.7114049196243286,151
c3_041,3,-89.973996,21.137563705444336,2022.0,0.6691098809242249,151
c3_034,3,-90.041364,21.1402587890625,2022.0,0.7126075029373169,151
c3_047,3,-90.028698,21.126246,2022.0,0.7120667695999146,151
c3_048,3,-90.030315,21.124359130859375,2022.0,0.8466610908508301,151
c3_011,3,-90.035974,21.099299,2022.0,0.8491838574409485,151
c3_001,3,-90.080437,21.100377,2022.0,0.5942535996437073,151
c3_006,3,-89.94677734375,21.202237,2022.0,0.8483829498291016,151
c3_019,3,-89.958367,21.172056198120117,2022.0,0.9107951521873474,151
c3_031,3,-90.00740814208984,21.113042,2022.0,0.9801394939422607,151
c3_010,3,-90.01252746582031,21.114659,2022.0,0.988150417804718,151
c3_012,3,-90.00768280029297,21.114389419555664,2022.0,0.8285657167434692,151
c3_016,3,-90.045675,21.097951889038086,2022.0,0.8390095829963684,151
c3_043,3,-89.967259,21.189841,2022.0,0.8926560878753662,151
c3_044,3,-90.046214,21.097413,2022.0,0.8831018209457397,151
c3_049,3,-90.016033,21.116006,2022.0,0.8912569284439087,151
c4_001,4,-90.002021,21.168822,2022.0,0.8453871607780457,151
c4_002,4,-90.013878,21.166397094726562,2022.0,0.874470591545105,151
c4_003,4,-90.040286,21.149421,2022.0,0.9753453135490417,151
c4_004,4,-89.94139099121094,21.181487,2022.0,0.8785994052886963,151
c4_005,4,-89.967529,21.183643341064453,2022.0,0.9755095839500427,151
c4_006,4,-89.943277,21.200620651245117,2022.0,0.8478116393089294,151
c4_007,4,-89.968068,21.171248,2022.0,0.8367781043052673,151
c4_008,4,-90.035705,21.15346336364746,2022.0,0.9082165360450745,151
c4_009,4,-89.967798,21.179332,2022.0,0.745008647441864,151
c4_010,4,-89.949205,21.194961,2022.0,0.8436250686645508,151
c4_011,4,-89.943007,21.202506,2022.0,0.8496054410934448,151
c4_012,4,-89.945163,21.199811,2022.0,0.9218083024024963,151
c4_013,4,-89.972379,21.174481,2022.0,0.973591685295105,151
c4_014,4,-90.041633,21.148612,2022.0,0.9011945128440857,151
c4_015,4,-89.960792,21.190380096435547,2022.0,0.8570253849029541,151
c4_016,4,-89.958098,21.184452056884766,2022.0,0.8781665563583374,151
c4_017,4,-90.074239,21.133790969848633,2022.0,0.8526864051818848,151
c4_018,4,-89.950822,21.1922664642334,2022.0,0.8989495635032654,151
c4_019,4,-89.996901,21.149959564208984,2022.0,0.8305761218070984,151
c4_020,4,-89.960523,21.186338424682617,2022.0,0.9128391146659851,151
c4_021,4,-89.9465103149414,21.185529708862305,2022.0,0.7651832103729248,151
c4_022,4,-89.957828,21.185529708862305,2022.0,0.793746829032898,151
c4_023,4,-90.035705,21.144301,2022.0,0.6342483162879944,151
c4_024,4,-90.022501,21.156966,2022.0,0.6360068321228027,151
c4_025,4,-89.981002,21.165319,2022.0,0.8084742426872253,151
c4_026,4,-90.027621,21.162355422973633,2022.0,0.9128122329711914,151
c4_027,4,-89.949475,21.19415283203125,2022.0,0.9231548309326172,151
c4_028,4,-89.940852,21.201428,2022.0,0.8258824944496155,151
c4_029,4,-89.961601,21.190919,2022.0,0.8379241228103638,151
c4_030,4,-90.041364,21.151576,2022.0,0.8808000683784485,151
c4_031,4,-90.062382,21.153732299804688,2022.0,0.9031763076782227,151
c4_032,4,-89.944085,21.193883,2022.0,0.8334053158760071,151
c4_033,4,-89.981811,21.164511,2022.0,0.8521395921707153,151
c4_034,4,-89.940313,21.199811,2022.0,0.8888413906097412,151
c4_035,4,-90.072622,21.132714,2022.0,0.8066300749778748,151
c4_036,4,-89.942738,21.183643341064453,2022.0,0.7249391674995422,151
c4_037,4,-89.9742660522461,21.173673,2022.0,0.8784436583518982,151
c4_038,4,-89.966451,21.182565,2022.0,0.7757998704910278,151
c4_039,4,-90.014147,21.163972,2022.0,0.7039657831192017,151
c4_040,4,-89.944355,21.201428,2022.0,0.8465266823768616,151
c4_041,4,-90.011183,21.148881912231445,2022.0,0.8575933575630188,151
c4_042,4,-90.071814,21.131635665893555,2022.0,0.8498582243919373,151
c4_043,4,-90.11438751220703,21.11061668395996,2022.0,0.7998180985450745,151
c4_044,4,-89.956481,21.189302444458008,2022.0,0.8431384563446045,151
c4_045,4,-90.036513,21.153732299804688,2022.0,0.9256995916366577,151
c4_046,4,-89.98235321044922,21.169092178344727,2022.0,0.8702007532119751,151
c4_047,4,-89.992859,21.172864,2022.0,0.8060514330863953,151
c4_048,4,-89.948127,21.191457748413086,2022.0,0.9184110164642334,151
c4_049,4,-90.1195068359375,21.108461380004883,2022.0,0.7707845568656921,151
c4_050,4,-90.094718,21.12301254272461,2022.0,0.8239595293998718,151
c5_045,5,-90.018998,21.166128158569336,2022.0,0.8794420957565308,151
c5_008,5,-90.034357,21.155618,2022.0,0.9169505834579468,151
c5_010,5,-89.957289,21.163703,2022.0,0.6860857605934143,151
c5_011,5,-90.004985,21.156696319580078,2022.0,0.9185624718666077,151
c5_012,5,-90.066424,21.154809951782227,2022.0,0.9946007132530212,151
c5_014,5,-90.006871,21.155887603759766,2022.0,0.870844841003418,151
c5_016,5,-90.002829,21.15642738342285,2022.0,0.8837376236915588,151
c5_022,5,-90.044597,21.154809951782227,2022.0,0.9234318137168884,151
c5_024,5,-89.995284,21.15642738342285,2022.0,0.7772159576416016,151
c5_003,5,-90.056993,21.154541015625,2022.0,0.8804344534873962,151
c5_013,5,-90.020614,21.157235,2022.0,0.8276059031486511,151
c5_020,5,-90.027621,21.156966,2022.0,0.8417654037475586,151
c5_025,5,-90.03301239013672,21.15966033935547,2022.0,0.6894549131393433,151
c5_034,5,-90.012261,21.166397094726562,2022.0,0.8493465781211853,151
c5_040,5,-90.069658,21.154541015625,2022.0,0.9634853005409241,151
c5_041,5,-89.998787,21.156156539916992,2022.0,0.808232307434082,151
c5_043,5,-90.113042,21.13729476928711,2022.0,0.9347127676010132,151
c5_002,5,-90.042172,21.156156539916992,2022.0,0.9212722182273865,151
c5_004,5,-90.034088,21.156966,2022.0,0.7457984089851379,151
c5_001,5,-89.996093,21.155887603759766,2022.0,0.8238327503204346,151
c5_006,5,-90.035435,21.154809951782227,2022.0,0.9335194230079651,151
c5_015,5,-89.942738,21.172864,2022.0,0.670444667339325,151
c5_018,5,-90.0685806274414,21.152385,2022.0,0.842264711856842,151
c5_026,5,-89.998248,21.172326,2022.0,0.7438985705375671,151
c5_033,5,-90.01980590820312,21.156966,2022.0,0.9541231393814087,151
c5_036,5,-90.041902,21.15750503540039,2022.0,0.9105892181396484,151
c5_039,5,-90.060496,21.15642738342285,2022.0,0.9285845756530762,151
c5_005,5,-90.041633,21.159929275512695,2022.0,0.8879683613777161,151
c5_009,5,-90.038938,21.154271,2022.0,0.9750304222106934,151
c5_019,5,-90.057262,21.155349,2022.0,0.9253503084182739,151
c5_021,5,-90.089598,21.148073196411133,2022.0,0.8462719321250916,151
c5_030,5,-90.071814,21.151845932006836,2022.0,0.9017826914787292,151
c5_031,5,-90.003099,21.155618,2022.0,0.868634819984436,151
c5_035,5,-90.095527,21.151845932006836,2022.0,0.8951870799064636,151
c5_037,5,-89.996632,21.160469,2022.0,0.8757560849189758,151
c5_023,5,-89.978038,21.180139541625977,2022.0,0.8267399072647095,151
c5_017,5,-90.040555,21.145917892456055,2022.0,0.7913135290145874,151
c5_027,5,-90.08879089355469,21.150768280029297,2022.0,0.9444143176078796,151
c5_047,5,-90.001213,21.154541015625,2022.0,0.898615300655365,151
c5_048,5,-90.028429,21.156696319580078,2022.0,0.8505802750587463,151
c5_029,5,-90.090407,21.149421,2022.0,0.8827258944511414,151
c5_032,5,-90.079359,21.150768280029297,2022.0,0.8279784917831421,151
c5_038,5,-90.04082489013672,21.156966,2022.0,0.9075155854225159,151
c5_046,5,-90.067233,21.152114868164062,2022.0,0.8975331783294678,151
c5_028,5,-90.095527,21.150499,2022.0,0.8986588716506958,151
c5_044,5,-89.973188,21.183374404907227,2022.0,0.8130412101745605,151
c5_042,5,-90.08124542236328,21.149421,2022.0,0.9612197279930115,151
c5_007,5,-90.021962,21.143491744995117,2022.0,0.5811217427253723,151
c10_001,3,-90.028968,21.158313,2022.0,0.7867791056632996,151
c10_005,3,-89.954594,21.163972,2022.0,0.6201269030570984,151
c10_002,3,-90.033549,21.15858268737793,2022.0,0.6759263873100281,151
c10_003,3,-90.030046,21.158044,2022.0,0.8124208450317383,151
c10_004,3,-90.029507,21.157773971557617,2022.0,0.7711740136146545,151
c10_006,3,-90.03301239013672,21.159122467041016,2022.0,0.7722971439361572,151
c10_007,3,-90.03301239013672,21.158044,2022.0,0.6536086797714233,151
c10_009,3,-90.032741,21.15858268737793,2022.0,0.7303873300552368,151
c10_010,3,-90.030585,21.158044,2022.0,0.6197102665901184,151
c10_008,3,-89.95405578613281,21.163972,2022.0,0.5815934538841248,151
c1_051,1,-90.064538,21.118162155151367,2022.0,0.838965117931366,151
c1_052,1,-90.05322265625,21.112234115600586,2022.0,0.7928248047828674,151
c1_053,1,-90.068041,21.142953,2022.0,0.8666308522224426,151
c1_054,1,-90.00040435791016,21.124359130859375,2022.0,0.9922972917556763,151
c1_055,1,-90.049178,21.1402587890625,2022.0,0.772552490234375,151
c2_051,2,-90.111695,21.123821258544922,2022.0,0.8514682650566101,151
c2_052,2,-90.02277374267578,21.139720916748047,2022.0,0.7913529276847839,151
c2_053,2,-89.941929,21.138911,2022.0,0.9202929139137268,151
c2_054,2,-89.950013,21.130019,2022.0,0.9209718108177185,151
c2_055,2,-90.106306,21.128941,2022.0,0.8599358201026917,151
c3_062,3,-90.086634,21.149690628051758,2022.0,0.8916515707969666,151
c3_051,3,-90.010914,21.144301,2022.0,0.8687427639961243,151
c3_055,3,-90.079359,21.150499,2022.0,0.803738534450531,151
c3_058,3,-90.000943,21.171248,2022.0,0.7256008982658386,151
c3_052,3,-90.094179,21.114929,2022.0,0.7364277243614197,151
c3_059,3,-90.039208,21.1402587890625,2022.0,0.7411316633224487,151
c3_053,3,-90.013608,21.152114868164062,2022.0,0.8976156711578369,151
c3_060,3,-89.958906,21.12489891052246,2022.0,0.862065315246582,151
c3_057,3,-90.058071,21.159929275512695,2022.0,0.794306218624115,151
c3_061,3,-89.973457,21.138911,2022.0,0.7358880043029785,151
c3_064,3,-89.989625,21.149959564208984,2022.0,0.7294996976852417,151
c3_063,3,-90.030046,21.125707,2022.0,0.7725957632064819,151
c3_065,3,-89.972379,21.162086486816406,2022.0,0.8610756993293762,151
c3_054,3,-90.029237,21.101455,2022.0,0.883166491985321,151
c3_056,3,-90.008758,21.114120483398438,2022.0,0.8663632273674011,151
c4_051,4,-89.958906,21.191997,2022.0,0.8950788378715515,151
c4_052,4,-89.957828,21.178254,2022.0,0.722009003162384,151
c4_053,4,-89.994476,21.172864,2022.0,0.8393819332122803,151
c4_054,4,-89.994745,21.168822,2022.0,0.8815190196037292,151
c4_055,4,-90.0025634765625,21.169631,2022.0,0.8948503732681274,151
c1_001,1,-90.056184,21.12301254272461,2023.0,0.8909479379653931,179
c1_002,1,-89.984506,21.126246,2023.0,0.9060820937156677,179
c1_003,1,-90.070197,21.140798,2023.0,0.8602943420410156,179
c1_004,1,-90.057801,21.145648,2023.0,0.9173784852027893,179
c1_005,1,-90.024926,21.145379,2023.0,0.8280803561210632,179
c1_006,1,-89.979386,21.130288,2023.0,0.7967729568481445,179
c1_007,1,-90.08636474609375,21.137025,2023.0,0.8948430418968201,179
c1_008,1,-89.952169,21.14322280883789,2023.0,0.9034331440925598,179
c1_009,1,-90.055106,21.138911,2023.0,0.825562596321106,179
c1_010,1,-89.945702,21.14322280883789,2023.0,0.8223063945770264,179
c1_011,1,-89.958098,21.149151,2023.0,0.866203784942627,179
c1_012,1,-90.036783,21.117354,2023.0,0.8685073256492615,179
c1_013,1,-90.113042,21.085018157958984,2023.0,0.8536822199821472,179
c1_014,1,-89.944085,21.154002,2023.0,0.9177590012550354,179
c1_015,1,-90.065885,21.113581,2023.0,0.8480176329612732,179
c1_016,1,-90.064538,21.121126174926758,2023.0,0.8537387847900391,179
c1_017,1,-90.01280212402344,21.122474,2023.0,0.8505994081497192,179
c1_018,1,-90.013608,21.150499,2023.0,0.8994874954223633,179
c1_019,1,-90.075856,21.141876220703125,2023.0,0.8830730319023132,179
c1_020,1,-90.063729,21.119510650634766,2023.0,0.8819516897201538,179
c1_021,1,-90.112234,21.128671646118164,2023.0,0.8993461728096008,179
c1_022,1,-89.970224,21.131635665893555,2023.0,0.8226230144500732,179
c1_023,1,-90.049448,21.111425399780273,2023.0,0.8587385416030884,179
c1_024,1,-90.076933,21.135408401489258,2023.0,0.8387417197227478,179
c1_025,1,-90.09391021728516,21.143762,2023.0,0.8685058951377869,179
c1_026,1,-89.940852,21.145917892456055,2023.0,0.8744260668754578,179
c1_027,1,-89.945163,21.154002,2023.0,0.9023051261901855,179
c1_028,1,-90.098491,21.127324,2023.0,0.861379086971283,179
c1_029,1,-90.003368,21.149421,2023.0,0.8585264086723328,179
c1_030,1,-89.972918,21.124629,2023.0,0.8682705760002136,179
c1_031,1,-90.003907,21.124359130859375,2023.0,0.975351095199585,179
c1_032,1,-90.066694,21.0987606048584,2023.0,0.8339072465896606,179
c1_033,1,-89.994745,21.123552322387695,2023.0,0.8651931881904602,179
c1_034,1,-90.08879089355469,21.142953,2023.0,0.8879229426383972,179
c1_035,1,-90.063191,21.110887,2023.0,0.8842601180076599,179
c1_036,1,-89.960523,21.137563705444336,2023.0,0.8923306465148926,179
c1_037,1,-90.094179,21.093371,2023.0,0.8240525722503662,179
c1_038,1,-90.0025634765625,21.122743,2023.0,0.9198795557022095,179
c1_039,1,-90.051334,21.132714,2023.0,0.8337165713310242,179
c1_040,1,-90.066694,21.13837242126465,2023.0,0.8788051605224609,179
c1_041,1,-90.116815,21.0882511138916,2023.0,0.7879249453544617,179
c1_042,1,-90.057801,21.148612,2023.0,0.9062567949295044,179
c1_043,1,-90.080706,21.141876220703125,2023.0,0.8731663227081299,179
c1_044,1,-89.947319,21.188493728637695,2023.0,0.8526593446731567,179
c1_045,1,-89.981811,21.124091,2023.0,0.8648044466972351,179
c1_046,1,-90.058879,21.128671646118164,2023.0,0.8578915596008301,179
c1_047,1,-90.075317,21.10361099243164,2023.0,0.8830447196960449,179
c1_048,1,-90.003638,21.150768280029297,2023.0,0.8246279358863831,179
c1_049,1,-90.026543,21.122743,2023.0,0.8639500737190247,179
c1_050,1,-90.108731,21.117623,2023.0,0.8214977383613586,179
c2_001,2,-89.960253,21.154002,2023.0,0.7932572364807129,179
c2_002,2,-90.117623,21.133522033691406,2023.0,0.8853691816329956,179
c2_003,2,-90.07881927490234,21.09229278564453,2023.0,0.868459939956665,179
c2_004,2,-89.978847,21.15022850036621,2023.0,0.7320443391799927,179
c2_005,2,-90.089329,21.09364128112793,2023.0,0.8626887798309326,179
c2_006,2,-90.11412048339844,21.100377,2023.0,0.6726936101913452,179
c2_007,2,-90.106036,21.131635665893555,2023.0,0.9032984972000122,179
c2_008,2,-90.001213,21.145379,2023.0,0.8430513739585876,179
c2_009,2,-89.963217,21.183913,2023.0,0.8544847965240479,179
c2_010,2,-90.10226440429688,21.144301,2023.0,0.8995227813720703,179
c2_011,2,-89.958636,21.125438,2023.0,0.8722749948501587,179
c2_012,2,-90.097413,21.149959564208984,2023.0,0.9079887270927429,179
c2_013,2,-90.100647,21.106845,2023.0,0.7836512923240662,179
c2_014,2,-90.04594421386719,21.111156463623047,2023.0,0.803378164768219,179
c2_015,2,-90.068849,21.102802276611328,2023.0,0.8735904097557068,179
c2_016,2,-90.118162,21.135947,2023.0,0.7722576260566711,179
c2_017,2,-89.96214294433594,21.120587,2023.0,0.8923456072807312,179
c2_018,2,-89.981541,21.148343,2023.0,0.6639160513877869,179
c2_019,2,-90.041364,21.101186,2023.0,0.9005597829818726,179
c2_020,2,-90.082592,21.10064697265625,2023.0,0.9779948592185974,179
c2_021,2,-89.945163,21.161008,2023.0,0.8532924056053162,179
c2_022,2,-90.01280212402344,21.118162155151367,2023.0,0.8185674548149109,179
c2_023,2,-89.94165802001953,21.17879295349121,2023.0,0.7462030053138733,179
c2_024,2,-89.940043,21.179332,2023.0,0.7886338233947754,179
c2_025,2,-89.942199,21.169092178344727,2023.0,0.8659964203834534,179
c2_026,2,-90.04837036132812,21.15858268737793,2023.0,0.9018045663833618,179
c2_027,2,-90.018189,21.155078887939453,2023.0,0.9182213544845581,179
c2_028,2,-90.018998,21.118701,2023.0,0.9454591870307922,179
c2_029,2,-89.960253,21.166936,2023.0,0.8636630773544312,179
c2_030,2,-90.08636474609375,21.13918113708496,2023.0,0.9001943469047546,179
c2_031,2,-90.006871,21.167745,2023.0,0.9284753203392029,179
c2_032,2,-89.9599838256836,21.15750503540039,2023.0,0.7665286064147949,179
c2_033,2,-90.052412,21.115737,2023.0,0.8316855430603027,179
c2_034,2,-90.075586,21.099569,2023.0,0.8369325995445251,179
c2_035,2,-90.108731,21.095796,2023.0,0.7651869058609009,179
c2_036,2,-90.026543,21.155078887939453,2023.0,0.9093982577323914,179
c2_037,2,-90.006871,21.131097,2023.0,0.9803688526153564,179
c2_038,2,-90.080167,21.099838256835938,2023.0,0.947150468826294,179
c2_039,2,-89.947588,21.136486053466797,2023.0,0.9704059958457947,179
c2_040,2,-90.061304,21.10468864440918,2023.0,0.8616753220558167,179
c2_041,2,-90.075856,21.134868621826172,2023.0,0.7684951424598694,179
c2_042,2,-89.99959564208984,21.12004852294922,2023.0,0.9141377210617065,179
c2_043,2,-90.101725,21.08043670654297,2023.0,0.9417888522148132,179
c2_044,2,-90.026004,21.113851,2023.0,0.8757233619689941,179
c2_045,2,-90.118162,21.129209518432617,2023.0,0.905889630317688,179
c2_046,2,-89.94139099121094,21.172056198120117,2023.0,0.8345233201980591,179
c2_047,2,-89.969685,21.1402587890625,2023.0,0.8622671365737915,179
c2_048,2,-90.1038818359375,21.095527,2023.0,0.9605265259742737,179
c2_049,2,-89.99231719970703,21.149690628051758,2023.0,0.8373574614524841,179
c2_050,2,-89.950822,21.121396,2023.0,0.8765910267829895,179
c3_045,3,-89.992859,21.161815643310547,2023.0,0.373462438583374,179
c3_003,3,-90.034357,21.15858268737793,2023.0,0.5691097378730774,179
c3_026,3,-89.986931,21.149959564208984,2023.0,0.8830968737602234,179
c3_008,3,-90.084209,21.151576,2023.0,0.9647359251976013,179
c3_017,3,-89.970493,21.159929275512695,2023.0,0.7535809278488159,179
c3_004,3,-89.982619,21.180679,2023.0,0.9104517698287964,179
c3_040,3,-89.9742660522461,21.185529708862305,2023.0,0.8998453617095947,179
c3_024,3,-89.97722625732422,21.183913,2023.0,0.8600936532020569,179
c3_013,3,-89.995823,21.13837242126465,2023.0,0.8682006001472473,179
c3_018,3,-90.062113,21.107114,2023.0,0.8803966641426086,179
c3_007,3,-90.088521,21.146995,2023.0,0.8687723278999329,179
c3_014,3,-89.951361,21.199003219604492,2023.0,0.45586255192756653,179
c3_042,3,-89.950283,21.199003219604492,2023.0,0.3825644552707672,179
c3_029,3,-90.000135,21.137563705444336,2023.0,0.8463206887245178,179
c3_005,3,-90.003638,21.111964,2023.0,0.8516234755516052,179
c3_022,3,-90.005524,21.112503051757812,2023.0,0.8629653453826904,179
c3_002,3,-89.953786,21.197656,2023.0,0.7881783843040466,179
c3_015,3,-89.940852,21.162086486816406,2023.0,0.8144015669822693,179
c3_020,3,-90.016842,21.116006,2023.0,0.9152355194091797,179
c3_027,3,-89.982619,21.149421,2023.0,0.5264177918434143,179
c3_030,3,-89.942738,21.1674747467041,2023.0,0.7386608123779297,179
c3_050,3,-89.941929,21.168553,2023.0,0.5963917970657349,179
c3_009,3,-89.986392,21.149959564208984,2023.0,0.8680320382118225,179
c3_033,3,-90.039208,21.102802276611328,2023.0,0.8670136332511902,179
c3_038,3,-89.976152,21.169361114501953,2023.0,0.7320732474327087,179
c3_023,3,-89.97183990478516,21.169361114501953,2023.0,0.7327395081520081,179
c3_032,3,-90.00040435791016,21.138642,2023.0,0.7772253155708313,179
c3_046,3,-89.994476,21.137832641601562,2023.0,0.689405083656311,179
c3_025,3,-89.947049,21.157235,2023.0,0.7877014875411987,179
c3_028,3,-89.976421,21.165858,2023.0,0.8108900785446167,179
c3_036,3,-89.95189666748047,21.162894,2023.0,0.7075187563896179,179
c3_021,3,-90.007141,21.131635665893555,2023.0,0.8682130575180054,179
c3_035,3,-90.000943,21.144569396972656,2023.0,0.7253390550613403,179
c3_037,3,-89.97183990478516,21.162086486816406,2023.0,0.8120939135551453,179
c3_039,3,-89.976691,21.168283462524414,2023.0,0.7323147058486938,179
c3_041,3,-89.973996,21.137563705444336,2023.0,0.7120301127433777,179
c3_034,3,-90.041364,21.1402587890625,2023.0,0.7725511789321899,179
c3_047,3,-90.028698,21.126246,2023.0,0.9028443098068237,179
c3_048,3,-90.030315,21.124359130859375,2023.0,0.8107801675796509,179
c3_011,3,-90.035974,21.099299,2023.0,0.8400079607963562,179
c3_001,3,-90.080437,21.100377,2023.0,0.6281237006187439,179
c3_006,3,-89.94677734375,21.202237,2023.0,0.8259793519973755,179
c3_019,3,-89.958367,21.172056198120117,2023.0,0.9038224816322327,179
c3_031,3,-90.00740814208984,21.113042,2023.0,0.9218823313713074,179
c3_010,3,-90.01252746582031,21.114659,2023.0,0.906875491142273,179
c3_012,3,-90.00768280029297,21.114389419555664,2023.0,0.7954221367835999,179
c3_016,3,-90.045675,21.097951889038086,2023.0,0.8151577711105347,179
c3_043,3,-89.967259,21.189841,2023.0,0.8849850296974182,179
c3_044,3,-90.046214,21.097413,2023.0,0.8483229875564575,179
c3_049,3,-90.016033,21.116006,2023.0,0.8654988408088684,179
c4_001,4,-90.002021,21.168822,2023.0,0.9032132625579834,179
c4_002,4,-90.013878,21.166397094726562,2023.0,0.9240762591362,179
c4_003,4,-90.040286,21.149421,2023.0,0.9163058996200562,179
c4_004,4,-89.94139099121094,21.181487,2023.0,0.8895365595817566,179
c4_005,4,-89.967529,21.183643341064453,2023.0,0.8828735947608948,179
c4_006,4,-89.943277,21.200620651245117,2023.0,0.8680450916290283,179
c4_007,4,-89.968068,21.171248,2023.0,0.9150320887565613,179
c4_008,4,-90.035705,21.15346336364746,2023.0,0.9227902293205261,179
c4_009,4,-89.967798,21.179332,2023.0,0.6894790530204773,179
c4_010,4,-89.949205,21.194961,2023.0,0.8862892985343933,179
c4_011,4,-89.943007,21.202506,2023.0,0.8461087346076965,179
c4_012,4,-89.945163,21.199811,2023.0,0.9350317120552063,179
c4_013,4,-89.972379,21.174481,2023.0,0.9354671835899353,179
c4_014,4,-90.041633,21.148612,2023.0,0.9132960438728333,179
c4_015,4,-89.960792,21.190380096435547,2023.0,0.913081169128418,179
c4_016,4,-89.958098,21.184452056884766,2023.0,0.8910231590270996,179
c4_017,4,-90.074239,21.133790969848633,2023.0,0.8651906251907349,179
c4_018,4,-89.950822,21.1922664642334,2023.0,0.9073476791381836,179
c4_019,4,-89.996901,21.149959564208984,2023.0,0.8230274319648743,179
c4_020,4,-89.960523,21.186338424682617,2023.0,0.9332275390625,179
c4_021,4,-89.9465103149414,21.185529708862305,2023.0,0.7940583825111389,179
c4_022,4,-89.957828,21.185529708862305,2023.0,0.8268406391143799,179
c4_023,4,-90.035705,21.144301,2023.0,0.6215448975563049,179
c4_024,4,-90.022501,21.156966,2023.0,0.7245574593544006,179
c4_025,4,-89.981002,21.165319,2023.0,0.8544405102729797,179
c4_026,4,-90.027621,21.162355422973633,2023.0,0.9405513405799866,179
c4_027,4,-89.949475,21.19415283203125,2023.0,0.928832471370697,179
c4_028,4,-89.940852,21.201428,2023.0,0.8136037588119507,179
c4_029,4,-89.961601,21.190919,2023.0,0.8453312516212463,179
c4_030,4,-90.041364,21.151576,2023.0,0.8932245969772339,179
c4_031,4,-90.062382,21.153732299804688,2023.0,0.9326373338699341,179
c4_032,4,-89.944085,21.193883,2023.0,0.835125744342804,179
c4_033,4,-89.981811,21.164511,2023.0,0.8714650869369507,179
c4_034,4,-89.940313,21.199811,2023.0,0.8945485353469849,179
c4_035,4,-90.072622,21.132714,2023.0,0.8545392155647278,179
c4_036,4,-89.942738,21.183643341064453,2023.0,0.7350780367851257,179
c4_037,4,-89.9742660522461,21.173673,2023.0,0.8936580419540405,179
c4_038,4,-89.966451,21.182565,2023.0,0.8468940258026123,179
c4_039,4,-90.014147,21.163972,2023.0,0.8382168412208557,179
c4_040,4,-89.944355,21.201428,2023.0,0.8706766963005066,179
c4_041,4,-90.011183,21.148881912231445,2023.0,0.794493556022644,179
c4_042,4,-90.071814,21.131635665893555,2023.0,0.8462613224983215,179
c4_043,4,-90.11438751220703,21.11061668395996,2023.0,0.8247085809707642,179
c4_044,4,-89.956481,21.189302444458008,2023.0,0.8652908802032471,179
c4_045,4,-90.036513,21.153732299804688,2023.0,0.940532922744751,179
c4_046,4,-89.98235321044922,21.169092178344727,2023.0,0.8885028958320618,179
c4_047,4,-89.992859,21.172864,2023.0,0.8036714792251587,179
c4_048,4,-89.948127,21.191457748413086,2023.0,0.9076436758041382,179
c4_049,4,-90.1195068359375,21.108461380004883,2023.0,0.8087032437324524,179
c4_050,4,-90.094718,21.12301254272461,2023.0,0.8473809957504272,179
c5_045,5,-90.018998,21.166128158569336,2023.0,0.8945067524909973,179
c5_008,5,-90.034357,21.155618,2023.0,0.9249487519264221,179
c5_010,5,-89.957289,21.163703,2023.0,0.6921968460083008,179
c5_011,5,-90.004985,21.156696319580078,2023.0,0.8667426109313965,179
c5_012,5,-90.066424,21.154809951782227,2023.0,0.9350233674049377,179
c5_014,5,-90.006871,21.155887603759766,2023.0,0.8226222395896912,179
c5_016,5,-90.002829,21.15642738342285,2023.0,0.9220415949821472,179
c5_022,5,-90.044597,21.154809951782227,2023.0,0.9557104706764221,179
c5_024,5,-89.995284,21.15642738342285,2023.0,0.805444598197937,179
c5_003,5,-90.056993,21.154541015625,2023.0,0.9224119782447815,179
c5_013,5,-90.020614,21.157235,2023.0,0.9560961723327637,179
c5_020,5,-90.027621,21.156966,2023.0,0.9224621057510376,179
c5_025,5,-90.03301239013672,21.15966033935547,2023.0,0.7471731901168823,179
c5_034,5,-90.012261,21.166397094726562,2023.0,0.907691240310669,179
c5_040,5,-90.069658,21.154541015625,2023.0,0.8814689517021179,179
c5_041,5,-89.998787,21.156156539916992,2023.0,0.8540359139442444,179
c5_043,5,-90.113042,21.13729476928711,2023.0,0.9079267382621765,179
c5_002,5,-90.042172,21.156156539916992,2023.0,0.9822145700454712,179
c5_004,5,-90.034088,21.156966,2023.0,0.7880012392997742,179
c5_001,5,-89.996093,21.155887603759766,2023.0,0.8567598462104797,179
c5_006,5,-90.035435,21.154809951782227,2023.0,0.9406681656837463,179
c5_015,5,-89.942738,21.172864,2023.0,0.7484123110771179,179
c5_018,5,-90.0685806274414,21.152385,2023.0,0.9994727373123169,179
c5_026,5,-89.998248,21.172326,2023.0,0.7175727486610413,179
c5_033,5,-90.01980590820312,21.156966,2023.0,0.9647231101989746,179
c5_036,5,-90.041902,21.15750503540039,2023.0,0.9335188269615173,179
c5_039,5,-90.060496,21.15642738342285,2023.0,0.9341729283332825,179
c5_005,5,-90.041633,21.159929275512695,2023.0,0.9224735498428345,179
c5_009,5,-90.038938,21.154271,2023.0,0.9335782527923584,179
c5_019,5,-90.057262,21.155349,2023.0,0.9431067705154419,179
c5_021,5,-90.089598,21.148073196411133,2023.0,0.8277592062950134,179
c5_030,5,-90.071814,21.151845932006836,2023.0,0.8912132382392883,179
c5_031,5,-90.003099,21.155618,2023.0,0.9145843386650085,179
c5_035,5,-90.095527,21.151845932006836,2023.0,0.8375953435897827,179
c5_037,5,-89.996632,21.160469,2023.0,0.9575908780097961,179
c5_023,5,-89.978038,21.180139541625977,2023.0,0.8128164410591125,179
c5_017,5,-90.040555,21.145917892456055,2023.0,0.9175615310668945,179
c5_027,5,-90.08879089355469,21.150768280029297,2023.0,0.9969857335090637,179
c5_047,5,-90.001213,21.154541015625,2023.0,0.8974212408065796,179
c5_048,5,-90.028429,21.156696319580078,2023.0,0.8831063508987427,179
c5_029,5,-90.090407,21.149421,2023.0,0.8828780651092529,179
c5_032,5,-90.079359,21.150768280029297,2023.0,0.8665369749069214,179
c5_038,5,-90.04082489013672,21.156966,2023.0,0.9204340577125549,179
c5_046,5,-90.067233,21.152114868164062,2023.0,0.9249188899993896,179
c5_028,5,-90.095527,21.150499,2023.0,0.8998401761054993,179
c5_044,5,-89.973188,21.183374404907227,2023.0,0.8114035725593567,179
c5_042,5,-90.08124542236328,21.149421,2023.0,0.9232264161109924,179
c5_007,5,-90.021962,21.143491744995117,2023.0,0.526380181312561,179
c10_001,3,-90.028968,21.158313,2023.0,0.880876362323761,179
c10_005,3,-89.954594,21.163972,2023.0,0.8188998699188232,179
c10_002,3,-90.033549,21.15858268737793,2023.0,0.7315219640731812,179
c10_003,3,-90.030046,21.158044,2023.0,0.8401933908462524,179
c10_004,3,-90.029507,21.157773971557617,2023.0,0.8033431768417358,179
c10_006,3,-90.03301239013672,21.159122467041016,2023.0,0.8449076414108276,179
c10_007,3,-90.03301239013672,21.158044,2023.0,0.7370713353157043,179
c10_009,3,-90.032741,21.15858268737793,2023.0,0.8080222010612488,179
c10_010,3,-90.030585,21.158044,2023.0,0.5343071818351746,179
c10_008,3,-89.95405578613281,21.163972,2023.0,0.6002103090286255,179
c1_051,1,-90.064538,21.118162155151367,2023.0,0.8214529156684875,179
c1_052,1,-90.05322265625,21.112234115600586,2023.0,0.8319091796875,179
c1_053,1,-90.068041,21.142953,2023.0,0.8646054267883301,179
c1_054,1,-90.00040435791016,21.124359130859375,2023.0,0.8304067850112915,179
c1_055,1,-90.049178,21.1402587890625,2023.0,0.8511167764663696,179
c2_051,2,-90.111695,21.123821258544922,2023.0,0.866658091545105,179
c2_052,2,-90.02277374267578,21.139720916748047,2023.0,0.8473466038703918,179
c2_053,2,-89.941929,21.138911,2023.0,0.9313124418258667,179
c2_054,2,-89.950013,21.130019,2023.0,0.8769703507423401,179
c2_055,2,-90.106306,21.128941,2023.0,0.8810480237007141,179
c3_062,3,-90.086634,21.149690628051758,2023.0,0.8992747068405151,179
c3_051,3,-90.010914,21.144301,2023.0,0.8731467127799988,179
c3_055,3,-90.079359,21.150499,2023.0,0.8665369749069214,179
c3_058,3,-90.000943,21.171248,2023.0,0.6954519152641296,179
c3_052,3,-90.094179,21.114929,2023.0,0.7931573390960693,179
c3_059,3,-90.039208,21.1402587890625,2023.0,0.8071776032447815,179
c3_053,3,-90.013608,21.152114868164062,2023.0,0.873184323310852,179
c3_060,3,-89.958906,21.12489891052246,2023.0,0.888451874256134,179
c3_057,3,-90.058071,21.159929275512695,2023.0,0.7847078442573547,179
c3_061,3,-89.973457,21.138911,2023.0,0.7635334730148315,179
c3_064,3,-89.989625,21.149959564208984,2023.0,0.7682923078536987,179
c3_063,3,-90.030046,21.125707,2023.0,0.7944960594177246,179
c3_065,3,-89.972379,21.162086486816406,2023.0,0.8657111525535583,179
c3_054,3,-90.029237,21.101455,2023.0,0.8738518953323364,179
c3_056,3,-90.008758,21.114120483398438,2023.0,0.8189076781272888,179
c4_051,4,-89.958906,21.191997,2023.0,0.9146244525909424,179
c4_052,4,-89.957828,21.178254,2023.0,0.8139050006866455,179
c4_053,4,-89.994476,21.172864,2023.0,0.8722864389419556,179
c4_054,4,-89.994745,21.168822,2023.0,0.8950034379959106,179
c4_055,4,-90.0025634765625,21.169631,2023.0,0.891463041305542,179
c1_001,1,-90.056184,21.12301254272461,2024.0,0.8970461487770081,105
c1_002,1,-89.984506,21.126246,2024.0,0.8878865242004395,105
c1_003,1,-90.070197,21.140798,2024.0,0.8709158897399902,105
c1_004,1,-90.057801,21.145648,2024.0,0.8965201377868652,105
c1_005,1,-90.024926,21.145379,2024.0,0.7911404371261597,105
c1_006,1,-89.979386,21.130288,2024.0,0.7846960425376892,105
c1_007,1,-90.08636474609375,21.137025,2024.0,0.8950269222259521,105
c1_008,1,-89.952169,21.14322280883789,2024.0,0.8970164060592651,105
c1_009,1,-90.055106,21.138911,2024.0,0.9188117980957031,105
c1_010,1,-89.945702,21.14322280883789,2024.0,0.8671048879623413,105
c1_011,1,-89.958098,21.149151,2024.0,0.8563743233680725,105
c1_012,1,-90.036783,21.117354,2024.0,0.9554082155227661,105
c1_013,1,-90.113042,21.085018157958984,2024.0,0.8637685775756836,105
c1_014,1,-89.944085,21.154002,2024.0,0.8865258693695068,105
c1_015,1,-90.065885,21.113581,2024.0,0.8629232048988342,105
c1_016,1,-90.064538,21.121126174926758,2024.0,0.8846091628074646,105
c1_017,1,-90.01280212402344,21.122474,2024.0,0.8820750713348389,105
c1_018,1,-90.013608,21.150499,2024.0,0.8989245295524597,105
c1_019,1,-90.075856,21.141876220703125,2024.0,0.8583565950393677,105
c1_020,1,-90.063729,21.119510650634766,2024.0,0.8863356709480286,105
c1_021,1,-90.112234,21.128671646118164,2024.0,0.8687922358512878,105
c1_022,1,-89.970224,21.131635665893555,2024.0,0.7396478652954102,105
c1_023,1,-90.049448,21.111425399780273,2024.0,0.8214594125747681,105
c1_024,1,-90.076933,21.135408401489258,2024.0,0.8286504149436951,105
c1_025,1,-90.09391021728516,21.143762,2024.0,0.852581799030304,105
c1_026,1,-89.940852,21.145917892456055,2024.0,0.8869177103042603,105
c1_027,1,-89.945163,21.154002,2024.0,0.8831456303596497,105
c1_028,1,-90.098491,21.127324,2024.0,0.8587782979011536,105
c1_029,1,-90.003368,21.149421,2024.0,0.7753738164901733,105
c1_030,1,-89.972918,21.124629,2024.0,0.8315759301185608,105
c1_031,1,-90.003907,21.124359130859375,2024.0,0.8514947295188904,105
c1_032,1,-90.066694,21.0987606048584,2024.0,0.8258225917816162,105
c1_033,1,-89.994745,21.123552322387695,2024.0,0.8009018301963806,105
c1_034,1,-90.08879089355469,21.142953,2024.0,0.88751620054245,105
c1_035,1,-90.063191,21.110887,2024.0,0.8482332229614258,105
c1_036,1,-89.960523,21.137563705444336,2024.0,0.8765135407447815,105
c1_037,1,-90.094179,21.093371,2024.0,0.802487313747406,105
c1_038,1,-90.0025634765625,21.122743,2024.0,0.9727967977523804,105
c1_039,1,-90.051334,21.132714,2024.0,0.7754157781600952,105
c1_040,1,-90.066694,21.13837242126465,2024.0,0.8871933817863464,105
c1_041,1,-90.116815,21.0882511138916,2024.0,0.7873364090919495,105
c1_042,1,-90.057801,21.148612,2024.0,0.9148215055465698,105
c1_043,1,-90.080706,21.141876220703125,2024.0,0.8692427277565002,105
c1_044,1,-89.947319,21.188493728637695,2024.0,0.8791281580924988,105
c1_045,1,-89.981811,21.124091,2024.0,0.842430055141449,105
c1_046,1,-90.058879,21.128671646118164,2024.0,0.8870111703872681,105
c1_047,1,-90.075317,21.10361099243164,2024.0,0.8403047323226929,105
c1_048,1,-90.003638,21.150768280029297,2024.0,0.8163792490959167,105
c1_049,1,-90.026543,21.122743,2024.0,0.9092591404914856,105
c1_050,1,-90.108731,21.117623,2024.0,0.8203688859939575,105
c2_001,2,-89.960253,21.154002,2024.0,0.7249643206596375,105
c2_002,2,-90.117623,21.133522033691406,2024.0,0.8856949210166931,105
c2_003,2,-90.07881927490234,21.09229278564453,2024.0,0.8289859890937805,105
c2_004,2,-89.978847,21.15022850036621,2024.0,0.7275264859199524,105
c2_005,2,-90.089329,21.09364128112793,2024.0,0.8514338731765747,105
c2_006,2,-90.11412048339844,21.100377,2024.0,0.7021661996841431,105
c2_007,2,-90.106036,21.131635665893555,2024.0,0.8942264318466187,105
c2_008,2,-90.001213,21.145379,2024.0,0.8931564688682556,105
c2_009,2,-89.963217,21.183913,2024.0,0.8480352759361267,105
c2_010,2,-90.10226440429688,21.144301,2024.0,0.9001414775848389,105
c2_011,2,-89.958636,21.125438,2024.0,0.8603455424308777,105
c2_012,2,-90.097413,21.149959564208984,2024.0,0.9152370691299438,105
c2_013,2,-90.100647,21.106845,2024.0,0.7701029181480408,105
c2_014,2,-90.04594421386719,21.111156463623047,2024.0,0.7353496551513672,105
c2_015,2,-90.068849,21.102802276611328,2024.0,0.8468757271766663,105
c2_016,2,-90.118162,21.135947,2024.0,0.8245332837104797,105
c2_017,2,-89.96214294433594,21.120587,2024.0,0.8832327127456665,105
c2_018,2,-89.981541,21.148343,2024.0,0.6471051573753357,105
c2_019,2,-90.041364,21.101186,2024.0,0.8729118704795837,105
c2_020,2,-90.082592,21.10064697265625,2024.0,0.7861676812171936,105
c2_021,2,-89.945163,21.161008,2024.0,0.8699734210968018,105
c2_022,2,-90.01280212402344,21.118162155151367,2024.0,0.8573943972587585,105
c2_023,2,-89.94165802001953,21.17879295349121,2024.0,0.7409926652908325,105
c2_024,2,-89.940043,21.179332,2024.0,0.7618786096572876,105
c2_025,2,-89.942199,21.169092178344727,2024.0,0.8612022399902344,105
c2_026,2,-90.04837036132812,21.15858268737793,2024.0,0.9231308698654175,105
c2_027,2,-90.018189,21.155078887939453,2024.0,0.9508712291717529,105
c2_028,2,-90.018998,21.118701,2024.0,0.8731319308280945,105
c2_029,2,-89.960253,21.166936,2024.0,0.8638076782226562,105
c2_030,2,-90.08636474609375,21.13918113708496,2024.0,0.9158858060836792,105
c2_031,2,-90.006871,21.167745,2024.0,0.894953191280365,105
c2_032,2,-89.9599838256836,21.15750503540039,2024.0,0.7356433272361755,105
c2_033,2,-90.052412,21.115737,2024.0,0.8644070029258728,105
c2_034,2,-90.075586,21.099569,2024.0,0.7990288734436035,105
c2_035,2,-90.108731,21.095796,2024.0,0.7056214213371277,105
c2_036,2,-90.026543,21.155078887939453,2024.0,0.9618164896965027,105
c2_037,2,-90.006871,21.131097,2024.0,0.8642609715461731,105
c2_038,2,-90.080167,21.099838256835938,2024.0,0.8037735223770142,105
c2_039,2,-89.947588,21.136486053466797,2024.0,0.8493437170982361,105
c2_040,2,-90.061304,21.10468864440918,2024.0,0.8278157114982605,105
c2_041,2,-90.075856,21.134868621826172,2024.0,0.7740822434425354,105
c2_042,2,-89.99959564208984,21.12004852294922,2024.0,0.862846314907074,105
c2_043,2,-90.101725,21.08043670654297,2024.0,0.8523740172386169,105
c2_044,2,-90.026004,21.113851,2024.0,0.9113515019416809,105
c2_045,2,-90.118162,21.129209518432617,2024.0,0.8808290958404541,105
c2_046,2,-89.94139099121094,21.172056198120117,2024.0,0.83893221616745,105
c2_047,2,-89.969685,21.1402587890625,2024.0,0.8609272241592407,105
c2_048,2,-90.1038818359375,21.095527,2024.0,0.7143400311470032,105
c2_049,2,-89.99231719970703,21.149690628051758,2024.0,0.8067284226417542,105
c2_050,2,-89.950822,21.121396,2024.0,0.8579150438308716,105
c3_045,3,-89.992859,21.161815643310547,2024.0,0.6565800905227661,105
c3_003,3,-90.034357,21.15858268737793,2024.0,0.849544107913971,105
c3_026,3,-89.986931,21.149959564208984,2024.0,0.9004665613174438,105
c3_008,3,-90.084209,21.151576,2024.0,0.9231383204460144,105
c3_017,3,-89.970493,21.159929275512695,2024.0,0.6935805082321167,105
c3_004,3,-89.982619,21.180679,2024.0,0.8061274886131287,105
c3_040,3,-89.9742660522461,21.185529708862305,2024.0,0.8842465281486511,105
c3_024,3,-89.97722625732422,21.183913,2024.0,0.8534381985664368,105
c3_013,3,-89.995823,21.13837242126465,2024.0,0.8537048697471619,105
c3_018,3,-90.062113,21.107114,2024.0,0.863715648651123,105
c3_007,3,-90.088521,21.146995,2024.0,0.9234635233879089,105
c3_014,3,-89.951361,21.199003219604492,2024.0,0.8911635875701904,105
c3_042,3,-89.950283,21.199003219604492,2024.0,0.39183318614959717,105
c3_029,3,-90.000135,21.137563705444336,2024.0,0.8010761737823486,105
c3_005,3,-90.003638,21.111964,2024.0,0.8524424433708191,105
c3_022,3,-90.005524,21.112503051757812,2024.0,0.8662363886833191,105
c3_002,3,-89.953786,21.197656,2024.0,0.7848169803619385,105
c3_015,3,-89.940852,21.162086486816406,2024.0,0.8114502429962158,105
c3_020,3,-90.016842,21.116006,2024.0,0.9022160768508911,105
c3_027,3,-89.982619,21.149421,2024.0,0.5495201945304871,105
c3_030,3,-89.942738,21.1674747467041,2024.0,0.8683886528015137,105
c3_050,3,-89.941929,21.168553,2024.0,0.636742889881134,105
c3_009,3,-89.986392,21.149959564208984,2024.0,0.8929973840713501,105
c3_033,3,-90.039208,21.102802276611328,2024.0,0.833148717880249,105
c3_038,3,-89.976152,21.169361114501953,2024.0,0.7093552947044373,105
c3_023,3,-89.97183990478516,21.169361114501953,2024.0,0.7186266779899597,105
c3_032,3,-90.00040435791016,21.138642,2024.0,0.768593430519104,105
c3_046,3,-89.994476,21.137832641601562,2024.0,0.7090058326721191,105
c3_025,3,-89.947049,21.157235,2024.0,0.7499038577079773,105
c3_028,3,-89.976421,21.165858,2024.0,0.7584208250045776,105
c3_036,3,-89.95189666748047,21.162894,2024.0,0.6513136625289917,105
c3_021,3,-90.007141,21.131635665893555,2024.0,0.9094982743263245,105
c3_035,3,-90.000943,21.144569396972656,2024.0,0.7309750914573669,105
c3_037,3,-89.97183990478516,21.162086486816406,2024.0,0.7862240672111511,105
c3_039,3,-89.976691,21.168283462524414,2024.0,0.708615779876709,105
c3_041,3,-89.973996,21.137563705444336,2024.0,0.6762474179267883,105
c3_034,3,-90.041364,21.1402587890625,2024.0,0.7382967472076416,105
c3_047,3,-90.028698,21.126246,2024.0,0.7603645324707031,105
c3_048,3,-90.030315,21.124359130859375,2024.0,0.786117672920227,105
c3_011,3,-90.035974,21.099299,2024.0,0.8493223190307617,105
c3_001,3,-90.080437,21.100377,2024.0,0.6789036989212036,105
c3_006,3,-89.94677734375,21.202237,2024.0,0.4931143820285797,105
c3_019,3,-89.958367,21.172056198120117,2024.0,0.9022254347801208,105
c3_031,3,-90.00740814208984,21.113042,2024.0,0.8497552871704102,105
c3_010,3,-90.01252746582031,21.114659,2024.0,0.9252029657363892,105
c3_012,3,-90.00768280029297,21.114389419555664,2024.0,0.8368775248527527,105
c3_016,3,-90.045675,21.097951889038086,2024.0,0.7699721455574036,105
c3_043,3,-89.967259,21.189841,2024.0,0.8919562101364136,105
c3_044,3,-90.046214,21.097413,2024.0,0.8271749019622803,105
c3_049,3,-90.016033,21.116006,2024.0,0.8760470151901245,105
c4_001,4,-90.002021,21.168822,2024.0,0.8899489045143127,105
c4_002,4,-90.013878,21.166397094726562,2024.0,0.919890284538269,105
c4_003,4,-90.040286,21.149421,2024.0,0.8853387236595154,105
c4_004,4,-89.94139099121094,21.181487,2024.0,0.8725818395614624,105
c4_005,4,-89.967529,21.183643341064453,2024.0,0.8774868249893188,105
c4_006,4,-89.943277,21.200620651245117,2024.0,0.840431272983551,105
c4_007,4,-89.968068,21.171248,2024.0,0.8669249415397644,105
c4_008,4,-90.035705,21.15346336364746,2024.0,0.916764497756958,105
c4_009,4,-89.967798,21.179332,2024.0,0.8155611753463745,105
c4_010,4,-89.949205,21.194961,2024.0,0.8462525606155396,105
c4_011,4,-89.943007,21.202506,2024.0,0.8356147408485413,105
c4_012,4,-89.945163,21.199811,2024.0,0.9420458674430847,105
c4_013,4,-89.972379,21.174481,2024.0,0.9231759905815125,105
c4_014,4,-90.041633,21.148612,2024.0,0.8625861406326294,105
c4_015,4,-89.960792,21.190380096435547,2024.0,0.9946808218955994,105
c4_016,4,-89.958098,21.184452056884766,2024.0,0.880573034286499,105
c4_017,4,-90.074239,21.133790969848633,2024.0,0.842450737953186,105
c4_018,4,-89.950822,21.1922664642334,2024.0,0.9069972634315491,105
c4_019,4,-89.996901,21.149959564208984,2024.0,0.8019535541534424,105
c4_020,4,-89.960523,21.186338424682617,2024.0,0.9319764375686646,105
c4_021,4,-89.9465103149414,21.185529708862305,2024.0,0.6842045783996582,105
c4_022,4,-89.957828,21.185529708862305,2024.0,0.813544750213623,105
c4_023,4,-90.035705,21.144301,2024.0,0.6163800954818726,105
c4_024,4,-90.022501,21.156966,2024.0,0.8841607570648193,105
c4_025,4,-89.981002,21.165319,2024.0,0.8573049902915955,105
c4_026,4,-90.027621,21.162355422973633,2024.0,0.9363265633583069,105
c4_027,4,-89.949475,21.19415283203125,2024.0,0.9161987900733948,105
c4_028,4,-89.940852,21.201428,2024.0,0.786530613899231,105
c4_029,4,-89.961601,21.190919,2024.0,0.8370693922042847,105
c4_030,4,-90.041364,21.151576,2024.0,0.8872396349906921,105
c4_031,4,-90.062382,21.153732299804688,2024.0,0.9817432165145874,105
c4_032,4,-89.944085,21.193883,2024.0,0.818390429019928,105
c4_033,4,-89.981811,21.164511,2024.0,0.8763036727905273,105
c4_034,4,-89.940313,21.199811,2024.0,0.8770387768745422,105
c4_035,4,-90.072622,21.132714,2024.0,0.8204748630523682,105
c4_036,4,-89.942738,21.183643341064453,2024.0,0.6927106380462646,105
c4_037,4,-89.9742660522461,21.173673,2024.0,0.8841267824172974,105
c4_038,4,-89.966451,21.182565,2024.0,0.8798381686210632,105
c4_039,4,-90.014147,21.163972,2024.0,0.9567564725875854,105
c4_040,4,-89.944355,21.201428,2024.0,0.8512235283851624,105
c4_041,4,-90.011183,21.148881912231445,2024.0,0.7677573561668396,105
c4_042,4,-90.071814,21.131635665893555,2024.0,0.8434903025627136,105
c4_043,4,-90.11438751220703,21.11061668395996,2024.0,0.8003130555152893,105
c4_044,4,-89.956481,21.189302444458008,2024.0,0.9953477382659912,105
c4_045,4,-90.036513,21.153732299804688,2024.0,0.93260657787323,105
c4_046,4,-89.98235321044922,21.169092178344727,2024.0,0.8780138492584229,105
c4_047,4,-89.992859,21.172864,2024.0,0.881822943687439,105
c4_048,4,-89.948127,21.191457748413086,2024.0,0.9033747315406799,105
c4_049,4,-90.1195068359375,21.108461380004883,2024.0,0.7837842702865601,105
c4_050,4,-90.094718,21.12301254272461,2024.0,0.8136672973632812,105
c5_045,5,-90.018998,21.166128158569336,2024.0,0.8762223720550537,105
c5_008,5,-90.034357,21.155618,2024.0,0.9358519911766052,105
c5_010,5,-89.957289,21.163703,2024.0,0.7081719636917114,105
c5_011,5,-90.004985,21.156696319580078,2024.0,0.8660162687301636,105
c5_012,5,-90.066424,21.154809951782227,2024.0,0.9528129696846008,105
c5_014,5,-90.006871,21.155887603759766,2024.0,0.8962700366973877,105
c5_016,5,-90.002829,21.15642738342285,2024.0,0.9146915674209595,105
c5_022,5,-90.044597,21.154809951782227,2024.0,0.9305620193481445,105
c5_024,5,-89.995284,21.15642738342285,2024.0,0.8316851258277893,105
c5_003,5,-90.056993,21.154541015625,2024.0,0.9381207227706909,105
c5_013,5,-90.020614,21.157235,2024.0,0.9824872016906738,105
c5_020,5,-90.027621,21.156966,2024.0,0.9153667688369751,105
c5_025,5,-90.03301239013672,21.15966033935547,2024.0,0.8683288097381592,105
c5_034,5,-90.012261,21.166397094726562,2024.0,0.8598865270614624,105
c5_040,5,-90.069658,21.154541015625,2024.0,0.9457349181175232,105
c5_041,5,-89.998787,21.156156539916992,2024.0,0.8822227716445923,105
c5_043,5,-90.113042,21.13729476928711,2024.0,0.9790428280830383,105
c5_002,5,-90.042172,21.156156539916992,2024.0,0.9466395974159241,105
c5_004,5,-90.034088,21.156966,2024.0,0.8980963826179504,105
c5_001,5,-89.996093,21.155887603759766,2024.0,0.8346500992774963,105
c5_006,5,-90.035435,21.154809951782227,2024.0,0.9127742648124695,105
c5_015,5,-89.942738,21.172864,2024.0,0.7014347314834595,105
c5_018,5,-90.0685806274414,21.152385,2024.0,0.9850704073905945,105
c5_026,5,-89.998248,21.172326,2024.0,0.7162402868270874,105
c5_033,5,-90.01980590820312,21.156966,2024.0,0.9998043179512024,105
c5_036,5,-90.041902,21.15750503540039,2024.0,0.9367336630821228,105
c5_039,5,-90.060496,21.15642738342285,2024.0,0.9408435225486755,105
c5_005,5,-90.041633,21.159929275512695,2024.0,0.9229819178581238,105
c5_009,5,-90.038938,21.154271,2024.0,0.9513399600982666,105
c5_019,5,-90.057262,21.155349,2024.0,0.9403643608093262,105
c5_021,5,-90.089598,21.148073196411133,2024.0,0.9067623615264893,105
c5_030,5,-90.071814,21.151845932006836,2024.0,0.9373878836631775,105
c5_031,5,-90.003099,21.155618,2024.0,0.9092223048210144,105
c5_035,5,-90.095527,21.151845932006836,2024.0,0.8890750408172607,105
c5_037,5,-89.996632,21.160469,2024.0,0.8953885436058044,105
c5_023,5,-89.978038,21.180139541625977,2024.0,0.8512502312660217,105
c5_017,5,-90.040555,21.145917892456055,2024.0,0.833021342754364,105
c5_027,5,-90.08879089355469,21.150768280029297,2024.0,0.9083817005157471,105
c5_047,5,-90.001213,21.154541015625,2024.0,0.8847429752349854,105
c5_048,5,-90.028429,21.156696319580078,2024.0,0.8755954504013062,105
c5_029,5,-90.090407,21.149421,2024.0,0.9078637361526489,105
c5_032,5,-90.079359,21.150768280029297,2024.0,0.928891122341156,105
c5_038,5,-90.04082489013672,21.156966,2024.0,0.9086892008781433,105
c5_046,5,-90.067233,21.152114868164062,2024.0,0.9652889966964722,105
c5_028,5,-90.095527,21.150499,2024.0,0.9230487942695618,105
c5_044,5,-89.973188,21.183374404907227,2024.0,0.8467159867286682,105
c5_042,5,-90.08124542236328,21.149421,2024.0,0.9443572163581848,105
c5_007,5,-90.021962,21.143491744995117,2024.0,0.47840645909309387,105
c10_001,3,-90.028968,21.158313,2024.0,0.9363739490509033,105
c10_005,3,-89.954594,21.163972,2024.0,0.6950647830963135,105
c10_002,3,-90.033549,21.15858268737793,2024.0,0.8950516581535339,105
c10_003,3,-90.030046,21.158044,2024.0,0.9283453822135925,105
c10_004,3,-90.029507,21.157773971557617,2024.0,0.9063611030578613,105
c10_006,3,-90.03301239013672,21.159122467041016,2024.0,0.937897264957428,105
c10_007,3,-90.03301239013672,21.158044,2024.0,0.915054976940155,105
c10_009,3,-90.032741,21.15858268737793,2024.0,0.9358134865760803,105
c10_010,3,-90.030585,21.158044,2024.0,0.8133630156517029,105
c10_008,3,-89.95405578613281,21.163972,2024.0,0.6544595956802368,105
c1_051,1,-90.064538,21.118162155151367,2024.0,0.8781089782714844,105
c1_052,1,-90.05322265625,21.112234115600586,2024.0,0.8331942558288574,105
c1_053,1,-90.068041,21.142953,2024.0,0.866841733455658,105
c1_054,1,-90.00040435791016,21.124359130859375,2024.0,0.8273860812187195,105
c1_055,1,-90.049178,21.1402587890625,2024.0,0.7859442830085754,105
c2_051,2,-90.111695,21.123821258544922,2024.0,0.8668517470359802,105
c2_052,2,-90.02277374267578,21.139720916748047,2024.0,0.891193151473999,105
c2_053,2,-89.941929,21.138911,2024.0,0.9268708825111389,105
c2_054,2,-89.950013,21.130019,2024.0,0.8707349896430969,105
c2_055,2,-90.106306,21.128941,2024.0,0.8676732182502747,105
c3_062,3,-90.086634,21.149690628051758,2024.0,0.933806300163269,105
c3_051,3,-90.010914,21.144301,2024.0,0.8649718761444092,105
c3_055,3,-90.079359,21.150499,2024.0,0.928891122341156,105
c3_058,3,-90.000943,21.171248,2024.0,0.6790123581886292,105
c3_052,3,-90.094179,21.114929,2024.0,0.719808042049408,105
c3_059,3,-90.039208,21.1402587890625,2024.0,0.7590275406837463,105
c3_053,3,-90.013608,21.152114868164062,2024.0,0.8687220215797424,105
c3_060,3,-89.958906,21.12489891052246,2024.0,0.9288761615753174,105
c3_057,3,-90.058071,21.159929275512695,2024.0,0.7754116058349609,105
c3_061,3,-89.973457,21.138911,2024.0,0.7275523543357849,105
c3_064,3,-89.989625,21.149959564208984,2024.0,0.7257172465324402,105
c3_063,3,-90.030046,21.125707,2024.0,0.8250159621238708,105
c3_065,3,-89.972379,21.162086486816406,2024.0,0.8593412041664124,105
c3_054,3,-90.029237,21.101455,2024.0,0.8658395409584045,105
c3_056,3,-90.008758,21.114120483398438,2024.0,0.8562819957733154,105
c4_051,4,-89.958906,21.191997,2024.0,0.9885706305503845,105
c4_052,4,-89.957828,21.178254,2024.0,0.7565611600875854,105
c4_053,4,-89.994476,21.172864,2024.0,0.8919042944908142,105
c4_054,4,-89.994745,21.168822,2024.0,0.906192421913147,105
c4_055,4,-90.0025634765625,21.169631,2024.0,0.9095731973648071,105
c1_001,1,-90.056184,21.12301254272461,2025.0,0.9071246981620789,125
c1_002,1,-89.984506,21.126246,2025.0,0.9125303626060486,125
c1_003,1,-90.070197,21.140798,2025.0,0.8585111498832703,125
c1_004,1,-90.057801,21.145648,2025.0,0.9310142397880554,125
c1_005,1,-90.024926,21.145379,2025.0,0.7658088803291321,125
c1_006,1,-89.979386,21.130288,2025.0,0.8378450274467468,125
c1_007,1,-90.08636474609375,21.137025,2025.0,0.8853776454925537,125
c1_008,1,-89.952169,21.14322280883789,2025.0,0.8645029067993164,125
c1_009,1,-90.055106,21.138911,2025.0,0.7759765386581421,125
c1_010,1,-89.945702,21.14322280883789,2025.0,0.8526623249053955,125
c1_011,1,-89.958098,21.149151,2025.0,0.8642979264259338,125
c1_012,1,-90.036783,21.117354,2025.0,0.8909334540367126,125
c1_013,1,-90.113042,21.085018157958984,2025.0,0.8626963496208191,125
c1_014,1,-89.944085,21.154002,2025.0,0.8950210213661194,125
c1_015,1,-90.065885,21.113581,2025.0,0.8337947726249695,125
c1_016,1,-90.064538,21.121126174926758,2025.0,0.8898388147354126,125
c1_017,1,-90.01280212402344,21.122474,2025.0,0.8491073250770569,125
c1_018,1,-90.013608,21.150499,2025.0,0.8980239033699036,125
c1_019,1,-90.075856,21.141876220703125,2025.0,0.8603038787841797,125
c1_020,1,-90.063729,21.119510650634766,2025.0,0.8698371648788452,125
c1_021,1,-90.112234,21.128671646118164,2025.0,0.8578004240989685,125
c1_022,1,-89.970224,21.131635665893555,2025.0,0.7594019770622253,125
c1_023,1,-90.049448,21.111425399780273,2025.0,0.9145417213439941,125
c1_024,1,-90.076933,21.135408401489258,2025.0,0.8535699248313904,125
c1_025,1,-90.09391021728516,21.143762,2025.0,0.9697748422622681,125
c1_026,1,-89.940852,21.145917892456055,2025.0,0.9098363518714905,125
c1_027,1,-89.945163,21.154002,2025.0,0.8804002404212952,125
c1_028,1,-90.098491,21.127324,2025.0,0.8622809648513794,125
c1_029,1,-90.003368,21.149421,2025.0,0.7426685690879822,125
c1_030,1,-89.972918,21.124629,2025.0,0.8055016398429871,125
c1_031,1,-90.003907,21.124359130859375,2025.0,0.859740674495697,125
c1_032,1,-90.066694,21.0987606048584,2025.0,0.8413865566253662,125
c1_033,1,-89.994745,21.123552322387695,2025.0,0.8355569243431091,125
c1_034,1,-90.08879089355469,21.142953,2025.0,0.8770811557769775,125
c1_035,1,-90.063191,21.110887,2025.0,0.8856369853019714,125
c1_036,1,-89.960523,21.137563705444336,2025.0,0.90030837059021,125
c1_037,1,-90.094179,21.093371,2025.0,0.8372126221656799,125
c1_038,1,-90.0025634765625,21.122743,2025.0,0.8583916425704956,125
c1_039,1,-90.051334,21.132714,2025.0,0.8418943285942078,125
c1_040,1,-90.066694,21.13837242126465,2025.0,0.889176070690155,125
c1_041,1,-90.116815,21.0882511138916,2025.0,0.9163884520530701,125
c1_042,1,-90.057801,21.148612,2025.0,0.8973842859268188,125
c1_043,1,-90.080706,21.141876220703125,2025.0,0.878227949142456,125
c1_044,1,-89.947319,21.188493728637695,2025.0,0.8270812630653381,125
c1_045,1,-89.981811,21.124091,2025.0,0.8928371071815491,125
c1_046,1,-90.058879,21.128671646118164,2025.0,0.9863526225090027,125
c1_047,1,-90.075317,21.10361099243164,2025.0,0.8489235639572144,125
c1_048,1,-90.003638,21.150768280029297,2025.0,0.7908170223236084,125
c1_049,1,-90.026543,21.122743,2025.0,0.9792760610580444,125
c1_050,1,-90.108731,21.117623,2025.0,0.8332236409187317,125
c2_001,2,-89.960253,21.154002,2025.0,0.7034134268760681,125
c2_002,2,-90.117623,21.133522033691406,2025.0,0.8839523792266846,125
c2_003,2,-90.07881927490234,21.09229278564453,2025.0,0.8419763445854187,125
c2_004,2,-89.978847,21.15022850036621,2025.0,0.761455774307251,125
c2_005,2,-90.089329,21.09364128112793,2025.0,0.8534658551216125,125
c2_006,2,-90.11412048339844,21.100377,2025.0,0.7352984547615051,125
c2_007,2,-90.106036,21.131635665893555,2025.0,0.8804381489753723,125
c2_008,2,-90.001213,21.145379,2025.0,0.8544687628746033,125
c2_009,2,-89.963217,21.183913,2025.0,0.8455508947372437,125
c2_010,2,-90.10226440429688,21.144301,2025.0,0.9061363339424133,125
c2_011,2,-89.958636,21.125438,2025.0,0.9167225360870361,125
c2_012,2,-90.097413,21.149959564208984,2025.0,0.9133850932121277,125
c2_013,2,-90.100647,21.106845,2025.0,0.7810406684875488,125
c2_014,2,-90.04594421386719,21.111156463623047,2025.0,0.927962064743042,125
c2_015,2,-90.068849,21.102802276611328,2025.0,0.8481205701828003,125
c2_016,2,-90.118162,21.135947,2025.0,0.8351274728775024,125
c2_017,2,-89.96214294433594,21.120587,2025.0,0.8801507353782654,125
c2_018,2,-89.981541,21.148343,2025.0,0.6254520416259766,125
c2_019,2,-90.041364,21.101186,2025.0,0.9083858132362366,125
c2_020,2,-90.082592,21.10064697265625,2025.0,0.7953354716300964,125
c2_021,2,-89.945163,21.161008,2025.0,0.9022936820983887,125
c2_022,2,-90.01280212402344,21.118162155151367,2025.0,0.8309243321418762,125
c2_023,2,-89.94165802001953,21.17879295349121,2025.0,0.7324720621109009,125
c2_024,2,-89.940043,21.179332,2025.0,0.7121425867080688,125
c2_025,2,-89.942199,21.169092178344727,2025.0,0.8528221249580383,125
c2_026,2,-90.04837036132812,21.15858268737793,2025.0,0.9823046326637268,125
c2_027,2,-90.018189,21.155078887939453,2025.0,0.8907490968704224,125
c2_028,2,-90.018998,21.118701,2025.0,0.862892210483551,125
c2_029,2,-89.960253,21.166936,2025.0,0.8683504462242126,125
c2_030,2,-90.08636474609375,21.13918113708496,2025.0,0.9003797769546509,125
c2_031,2,-90.006871,21.167745,2025.0,0.9445900321006775,125
c2_032,2,-89.9599838256836,21.15750503540039,2025.0,0.8531503081321716,125
c2_033,2,-90.052412,21.115737,2025.0,0.9919474720954895,125
c2_034,2,-90.075586,21.099569,2025.0,0.790187656879425,125
c2_035,2,-90.108731,21.095796,2025.0,0.7116827368736267,125
c2_036,2,-90.026543,21.155078887939453,2025.0,0.9379651546478271,125
c2_037,2,-90.006871,21.131097,2025.0,0.8559525609016418,125
c2_038,2,-90.080167,21.099838256835938,2025.0,0.813544750213623,125
c2_039,2,-89.947588,21.136486053466797,2025.0,0.9133563041687012,125
c2_040,2,-90.061304,21.10468864440918,2025.0,0.8048780560493469,125
c2_041,2,-90.075856,21.134868621826172,2025.0,0.9030144214630127,125
c2_042,2,-89.99959564208984,21.12004852294922,2025.0,0.8260320425033569,125
c2_043,2,-90.101725,21.08043670654297,2025.0,0.8419095873832703,125
c2_044,2,-90.026004,21.113851,2025.0,0.8823405504226685,125
c2_045,2,-90.118162,21.129209518432617,2025.0,0.8913885951042175,125
c2_046,2,-89.94139099121094,21.172056198120117,2025.0,0.8758088946342468,125
c2_047,2,-89.969685,21.1402587890625,2025.0,0.8728771209716797,125
c2_048,2,-90.1038818359375,21.095527,2025.0,0.6833493113517761,125
c2_049,2,-89.99231719970703,21.149690628051758,2025.0,0.7906537652015686,125
c2_050,2,-89.950822,21.121396,2025.0,0.9039766192436218,125
c3_045,3,-89.992859,21.161815643310547,2025.0,0.6646791696548462,125
c3_003,3,-90.034357,21.15858268737793,2025.0,0.7735335826873779,125
c3_026,3,-89.986931,21.149959564208984,2025.0,0.8945829272270203,125
c3_008,3,-90.084209,21.151576,2025.0,0.9753610491752625,125
c3_017,3,-89.970493,21.159929275512695,2025.0,0.7165433168411255,125
c3_004,3,-89.982619,21.180679,2025.0,0.7907315492630005,125
c3_040,3,-89.9742660522461,21.185529708862305,2025.0,0.9605486392974854,125
c3_024,3,-89.97722625732422,21.183913,2025.0,0.8525133728981018,125
c3_013,3,-89.995823,21.13837242126465,2025.0,0.8613629341125488,125
c3_018,3,-90.062113,21.107114,2025.0,0.8881198763847351,125
c3_007,3,-90.088521,21.146995,2025.0,0.9227650761604309,125
c3_014,3,-89.951361,21.199003219604492,2025.0,0.4071717858314514,125
c3_042,3,-89.950283,21.199003219604492,2025.0,0.7600799202919006,125
c3_029,3,-90.000135,21.137563705444336,2025.0,0.7575346827507019,125
c3_005,3,-90.003638,21.111964,2025.0,0.8969386219978333,125
c3_022,3,-90.005524,21.112503051757812,2025.0,0.8489826917648315,125
c3_002,3,-89.953786,21.197656,2025.0,0.8335265517234802,125
c3_015,3,-89.940852,21.162086486816406,2025.0,0.8399671316146851,125
c3_020,3,-90.016842,21.116006,2025.0,0.8760443925857544,125
c3_027,3,-89.982619,21.149421,2025.0,0.5722262263298035,125
c3_030,3,-89.942738,21.1674747467041,2025.0,0.7232491970062256,125
c3_050,3,-89.941929,21.168553,2025.0,0.5646648406982422,125
c3_009,3,-89.986392,21.149959564208984,2025.0,0.8814700245857239,125
c3_033,3,-90.039208,21.102802276611328,2025.0,0.8384692668914795,125
c3_038,3,-89.976152,21.169361114501953,2025.0,0.7588995695114136,125
c3_023,3,-89.97183990478516,21.169361114501953,2025.0,0.7152644991874695,125
c3_032,3,-90.00040435791016,21.138642,2025.0,0.7768010497093201,125
c3_046,3,-89.994476,21.137832641601562,2025.0,0.686598002910614,125
c3_025,3,-89.947049,21.157235,2025.0,0.8080817461013794,125
c3_028,3,-89.976421,21.165858,2025.0,0.7758505344390869,125
c3_036,3,-89.95189666748047,21.162894,2025.0,0.6829464435577393,125
c3_021,3,-90.007141,21.131635665893555,2025.0,0.8547080159187317,125
c3_035,3,-90.000943,21.144569396972656,2025.0,0.9796514511108398,125
c3_037,3,-89.97183990478516,21.162086486816406,2025.0,0.8036261200904846,125
c3_039,3,-89.976691,21.168283462524414,2025.0,0.7355745434761047,125
c3_041,3,-89.973996,21.137563705444336,2025.0,0.6636197566986084,125
c3_034,3,-90.041364,21.1402587890625,2025.0,0.7624766230583191,125
c3_047,3,-90.028698,21.126246,2025.0,0.8080917000770569,125
c3_048,3,-90.030315,21.124359130859375,2025.0,0.7565507888793945,125
c3_011,3,-90.035974,21.099299,2025.0,0.8356865048408508,125
c3_001,3,-90.080437,21.100377,2025.0,0.6921257972717285,125
c3_006,3,-89.94677734375,21.202237,2025.0,0.5699030160903931,125
c3_019,3,-89.958367,21.172056198120117,2025.0,0.9376705884933472,125
c3_031,3,-90.00740814208984,21.113042,2025.0,0.8408814072608948,125
c3_010,3,-90.01252746582031,21.114659,2025.0,0.9554942846298218,125
c3_012,3,-90.00768280029297,21.114389419555664,2025.0,0.802155077457428,125
c3_016,3,-90.045675,21.097951889038086,2025.0,0.7502362728118896,125
c3_043,3,-89.967259,21.189841,2025.0,0.8906506299972534,125
c3_044,3,-90.046214,21.097413,2025.0,0.9494806528091431,125
c3_049,3,-90.016033,21.116006,2025.0,0.861488401889801,125
c4_001,4,-90.002021,21.168822,2025.0,0.8845188021659851,125
c4_002,4,-90.013878,21.166397094726562,2025.0,0.938137948513031,125
c4_003,4,-90.040286,21.149421,2025.0,0.8600836396217346,125
c4_004,4,-89.94139099121094,21.181487,2025.0,0.9092212319374084,125
c4_005,4,-89.967529,21.183643341064453,2025.0,0.8807976245880127,125
c4_006,4,-89.943277,21.200620651245117,2025.0,0.9655144810676575,125
c4_007,4,-89.968068,21.171248,2025.0,0.8604604601860046,125
c4_008,4,-90.035705,21.15346336364746,2025.0,0.9215753078460693,125
c4_009,4,-89.967798,21.179332,2025.0,0.8680055141448975,125
c4_010,4,-89.949205,21.194961,2025.0,0.9021308422088623,125
c4_011,4,-89.943007,21.202506,2025.0,0.8593807816505432,125
c4_012,4,-89.945163,21.199811,2025.0,0.919095516204834,125
c4_013,4,-89.972379,21.174481,2025.0,0.9230434894561768,125
c4_014,4,-90.041633,21.148612,2025.0,0.8758625388145447,125
c4_015,4,-89.960792,21.190380096435547,2025.0,0.9250299334526062,125
c4_016,4,-89.958098,21.184452056884766,2025.0,0.9046835899353027,125
c4_017,4,-90.074239,21.133790969848633,2025.0,0.8392695188522339,125
c4_018,4,-89.950822,21.1922664642334,2025.0,0.916397213935852,125
c4_019,4,-89.996901,21.149959564208984,2025.0,0.7554216980934143,125
c4_020,4,-89.960523,21.186338424682617,2025.0,0.924510657787323,125
c4_021,4,-89.9465103149414,21.185529708862305,2025.0,0.7386695146560669,125
c4_022,4,-89.957828,21.185529708862305,2025.0,0.8209503293037415,125
c4_023,4,-90.035705,21.144301,2025.0,0.5989649891853333,125
c4_024,4,-90.022501,21.156966,2025.0,0.8365823030471802,125
c4_025,4,-89.981002,21.165319,2025.0,0.8256353139877319,125
c4_026,4,-90.027621,21.162355422973633,2025.0,0.9629198908805847,125
c4_027,4,-89.949475,21.19415283203125,2025.0,0.9208799004554749,125
c4_028,4,-89.940852,21.201428,2025.0,0.8081849813461304,125
c4_029,4,-89.961601,21.190919,2025.0,0.8321090340614319,125
c4_030,4,-90.041364,21.151576,2025.0,0.8762738108634949,125
c4_031,4,-90.062382,21.153732299804688,2025.0,0.9452018141746521,125
c4_032,4,-89.944085,21.193883,2025.0,0.8508083820343018,125
c4_033,4,-89.981811,21.164511,2025.0,0.8806689977645874,125
c4_034,4,-89.940313,21.199811,2025.0,0.8926838040351868,125
c4_035,4,-90.072622,21.132714,2025.0,0.8133249878883362,125
c4_036,4,-89.942738,21.183643341064453,2025.0,0.7574785351753235,125
c4_037,4,-89.9742660522461,21.173673,2025.0,0.8906347751617432,125
c4_038,4,-89.966451,21.182565,2025.0,0.8623642921447754,125
c4_039,4,-90.014147,21.163972,2025.0,0.8875913023948669,125
c4_040,4,-89.944355,21.201428,2025.0,0.98201984167099,125
c4_041,4,-90.011183,21.148881912231445,2025.0,0.7588369846343994,125
c4_042,4,-90.071814,21.131635665893555,2025.0,0.8121991753578186,125
c4_043,4,-90.11438751220703,21.11061668395996,2025.0,0.7903608083724976,125
c4_044,4,-89.956481,21.189302444458008,2025.0,0.8426644802093506,125
c4_045,4,-90.036513,21.153732299804688,2025.0,0.9316766262054443,125
c4_046,4,-89.98235321044922,21.169092178344727,2025.0,0.8755751252174377,125
c4_047,4,-89.992859,21.172864,2025.0,0.8144661784172058,125
c4_048,4,-89.948127,21.191457748413086,2025.0,0.903607964515686,125
c4_049,4,-90.1195068359375,21.108461380004883,2025.0,0.7595704197883606,125
c4_050,4,-90.094718,21.12301254272461,2025.0,0.8087581992149353,125
c5_045,5,-90.018998,21.166128158569336,2025.0,0.8914714455604553,125
c5_008,5,-90.034357,21.155618,2025.0,0.9145918488502502,125
c5_010,5,-89.957289,21.163703,2025.0,0.708722710609436,125
c5_011,5,-90.004985,21.156696319580078,2025.0,0.864402174949646,125
c5_012,5,-90.066424,21.154809951782227,2025.0,0.9438060522079468,125
c5_014,5,-90.006871,21.155887603759766,2025.0,0.806782066822052,125
c5_016,5,-90.002829,21.15642738342285,2025.0,0.9276819825172424,125
c5_022,5,-90.044597,21.154809951782227,2025.0,0.9411479234695435,125
c5_024,5,-89.995284,21.15642738342285,2025.0,0.8604249954223633,125
c5_003,5,-90.056993,21.154541015625,2025.0,0.9473535418510437,125
c5_013,5,-90.020614,21.157235,2025.0,0.8771827220916748,125
c5_020,5,-90.027621,21.156966,2025.0,0.9349656105041504,125
c5_025,5,-90.03301239013672,21.15966033935547,2025.0,0.7988240718841553,125
c5_034,5,-90.012261,21.166397094726562,2025.0,0.8778101205825806,125
c5_040,5,-90.069658,21.154541015625,2025.0,0.9688563346862793,125
c5_041,5,-89.998787,21.156156539916992,2025.0,0.8458556532859802,125
c5_043,5,-90.113042,21.13729476928711,2025.0,0.9120147228240967,125
c5_002,5,-90.042172,21.156156539916992,2025.0,0.9460483193397522,125
c5_004,5,-90.034088,21.156966,2025.0,0.9324046969413757,125
c5_001,5,-89.996093,21.155887603759766,2025.0,0.888262152671814,125
c5_006,5,-90.035435,21.154809951782227,2025.0,0.9130247235298157,125
c5_015,5,-89.942738,21.172864,2025.0,0.6647204160690308,125
c5_018,5,-90.0685806274414,21.152385,2025.0,0.9356020092964172,125
c5_026,5,-89.998248,21.172326,2025.0,0.8107788562774658,125
c5_033,5,-90.01980590820312,21.156966,2025.0,0.9345930814743042,125
c5_036,5,-90.041902,21.15750503540039,2025.0,0.9505174160003662,125
c5_039,5,-90.060496,21.15642738342285,2025.0,0.9263370633125305,125
c5_005,5,-90.041633,21.159929275512695,2025.0,0.9080812931060791,125
c5_009,5,-90.038938,21.154271,2025.0,0.921088695526123,125
c5_019,5,-90.057262,21.155349,2025.0,0.9330233931541443,125
c5_021,5,-90.089598,21.148073196411133,2025.0,0.9365172386169434,125
c5_030,5,-90.071814,21.151845932006836,2025.0,0.9393659830093384,125
c5_031,5,-90.003099,21.155618,2025.0,0.9320974946022034,125
c5_035,5,-90.095527,21.151845932006836,2025.0,0.9528581500053406,125
c5_037,5,-89.996632,21.160469,2025.0,0.9214392900466919,125
c5_023,5,-89.978038,21.180139541625977,2025.0,0.8201402425765991,125
c5_017,5,-90.040555,21.145917892456055,2025.0,0.7884142398834229,125
c5_027,5,-90.08879089355469,21.150768280029297,2025.0,0.9892179369926453,125
c5_047,5,-90.001213,21.154541015625,2025.0,0.8851448893547058,125
c5_048,5,-90.028429,21.156696319580078,2025.0,0.8707321882247925,125
c5_029,5,-90.090407,21.149421,2025.0,0.9054902195930481,125
c5_032,5,-90.079359,21.150768280029297,2025.0,0.9299595952033997,125
c5_038,5,-90.04082489013672,21.156966,2025.0,0.9064675569534302,125
c5_046,5,-90.067233,21.152114868164062,2025.0,0.9658700823783875,125
c5_028,5,-90.095527,21.150499,2025.0,0.9196463227272034,125
c5_044,5,-89.973188,21.183374404907227,2025.0,0.8158949017524719,125
c5_042,5,-90.08124542236328,21.149421,2025.0,0.9519765377044678,125
c5_007,5,-90.021962,21.143491744995117,2025.0,0.4941968619823456,125
c10_001,3,-90.028968,21.158313,2025.0,0.957434892654419,125
c10_005,3,-89.954594,21.163972,2025.0,0.6714393496513367,125
c10_002,3,-90.033549,21.15858268737793,2025.0,0.8055921792984009,125
c10_003,3,-90.030046,21.158044,2025.0,0.9247000217437744,125
c10_004,3,-90.029507,21.157773971557617,2025.0,0.8889813423156738,125
c10_006,3,-90.03301239013672,21.159122467041016,2025.0,0.895726203918457,125
c10_007,3,-90.03301239013672,21.158044,2025.0,0.8137431144714355,125
c10_009,3,-90.032741,21.15858268737793,2025.0,0.8757131695747375,125
c10_010,3,-90.030585,21.158044,2025.0,0.6885992884635925,125
c10_008,3,-89.95405578613281,21.163972,2025.0,0.5688613057136536,125
c1_051,1,-90.064538,21.118162155151367,2025.0,0.8534964919090271,125
c1_052,1,-90.05322265625,21.112234115600586,2025.0,0.8874556422233582,125
c1_053,1,-90.068041,21.142953,2025.0,0.8701151013374329,125
c1_054,1,-90.00040435791016,21.124359130859375,2025.0,0.8321671485900879,125
c1_055,1,-90.049178,21.1402587890625,2025.0,0.8063685894012451,125
c2_051,2,-90.111695,21.123821258544922,2025.0,0.9082467555999756,125
c2_052,2,-90.02277374267578,21.139720916748047,2025.0,0.7728187441825867,125
c2_053,2,-89.941929,21.138911,2025.0,0.8956035375595093,125
c2_054,2,-89.950013,21.130019,2025.0,0.8834454417228699,125
c2_055,2,-90.106306,21.128941,2025.0,0.8439492583274841,125
c3_062,3,-90.086634,21.149690628051758,2025.0,0.9522407054901123,125
c3_051,3,-90.010914,21.144301,2025.0,0.8739114999771118,125
c3_055,3,-90.079359,21.150499,2025.0,0.9299595952033997,125
c3_058,3,-90.000943,21.171248,2025.0,0.6806601285934448,125
c3_052,3,-90.094179,21.114929,2025.0,0.7099376916885376,125
c3_059,3,-90.039208,21.1402587890625,2025.0,0.7647207975387573,125
c3_053,3,-90.013608,21.152114868164062,2025.0,0.8813343048095703,125
c3_060,3,-89.958906,21.12489891052246,2025.0,0.9313713908195496,125
c3_057,3,-90.058071,21.159929275512695,2025.0,0.8433009386062622,125
c3_061,3,-89.973457,21.138911,2025.0,0.7341441512107849,125
c3_064,3,-89.989625,21.149959564208984,2025.0,0.7499108910560608,125
c3_063,3,-90.030046,21.125707,2025.0,0.8030152916908264,125
c3_065,3,-89.972379,21.162086486816406,2025.0,0.8695206046104431,125
c3_054,3,-90.029237,21.101455,2025.0,0.8636745810508728,125
c3_056,3,-90.008758,21.114120483398438,2025.0,0.8246315121650696,125
c4_051,4,-89.958906,21.191997,2025.0,0.8974378108978271,125
c4_052,4,-89.957828,21.178254,2025.0,0.7507352232933044,125
c4_053,4,-89.994476,21.172864,2025.0,0.8984364867210388,125
c4_054,4,-89.994745,21.168822,2025.0,0.9340299963951111,125
c4_055,4,-90.0025634765625,21.169631,2025.0,0.9162675738334656,125
c1_001,1,-90.056184,21.12301254272461,2026.0,0.8858581781387329,93
c1_002,1,-89.984506,21.126246,2026.0,0.8948076367378235,93
c1_003,1,-90.070197,21.140798,2026.0,0.8658753633499146,93
c1_004,1,-90.057801,21.145648,2026.0,0.8665536046028137,93
c1_005,1,-90.024926,21.145379,2026.0,0.7202942371368408,93
c1_006,1,-89.979386,21.130288,2026.0,0.7571866512298584,93
c1_007,1,-90.08636474609375,21.137025,2026.0,0.8884008526802063,93
c1_008,1,-89.952169,21.14322280883789,2026.0,0.9663467407226562,93
c1_009,1,-90.055106,21.138911,2026.0,0.787343442440033,93
c1_010,1,-89.945702,21.14322280883789,2026.0,0.8201817870140076,93
c1_011,1,-89.958098,21.149151,2026.0,0.8364756107330322,93
c1_012,1,-90.036783,21.117354,2026.0,0.9572241306304932,93
c1_013,1,-90.113042,21.085018157958984,2026.0,0.8592894673347473,93
c1_014,1,-89.944085,21.154002,2026.0,0.9650115966796875,93
c1_015,1,-90.065885,21.113581,2026.0,0.8208246827125549,93
c1_016,1,-90.064538,21.121126174926758,2026.0,0.8837991952896118,93
c1_017,1,-90.01280212402344,21.122474,2026.0,0.859600305557251,93
c1_018,1,-90.013608,21.150499,2026.0,0.8983675241470337,93
c1_019,1,-90.075856,21.141876220703125,2026.0,0.8694508075714111,93
c1_020,1,-90.063729,21.119510650634766,2026.0,0.8635253310203552,93
c1_021,1,-90.112234,21.128671646118164,2026.0,0.8573991656303406,93
c1_022,1,-89.970224,21.131635665893555,2026.0,0.6546027064323425,93
c1_023,1,-90.049448,21.111425399780273,2026.0,0.795023500919342,93
c1_024,1,-90.076933,21.135408401489258,2026.0,0.8531133532524109,93
c1_025,1,-90.09391021728516,21.143762,2026.0,0.8351752161979675,93
c1_026,1,-89.940852,21.145917892456055,2026.0,0.8734130859375,93
c1_027,1,-89.945163,21.154002,2026.0,0.9327525496482849,93
c1_028,1,-90.098491,21.127324,2026.0,0.8628387451171875,93
c1_029,1,-90.003368,21.149421,2026.0,0.7847259640693665,93
c1_030,1,-89.972918,21.124629,2026.0,0.8061189651489258,93
c1_031,1,-90.003907,21.124359130859375,2026.0,0.8512479662895203,93
c1_032,1,-90.066694,21.0987606048584,2026.0,0.8471420407295227,93
c1_033,1,-89.994745,21.123552322387695,2026.0,0.8184438943862915,93
c1_034,1,-90.08879089355469,21.142953,2026.0,0.9578957557678223,93
c1_035,1,-90.063191,21.110887,2026.0,0.8476184010505676,93
c1_036,1,-89.960523,21.137563705444336,2026.0,0.8982681632041931,93
c1_037,1,-90.094179,21.093371,2026.0,0.7946184873580933,93
c1_038,1,-90.0025634765625,21.122743,2026.0,0.8495847582817078,93
c1_039,1,-90.051334,21.132714,2026.0,0.7463397979736328,93
c1_040,1,-90.066694,21.13837242126465,2026.0,0.8928091526031494,93
c1_041,1,-90.116815,21.0882511138916,2026.0,0.7866365909576416,93
c1_042,1,-90.057801,21.148612,2026.0,0.9463828802108765,93
c1_043,1,-90.080706,21.141876220703125,2026.0,0.8907833695411682,93
c1_044,1,-89.947319,21.188493728637695,2026.0,0.8092554807662964,93
c1_045,1,-89.981811,21.124091,2026.0,0.8198368549346924,93
c1_046,1,-90.058879,21.128671646118164,2026.0,0.8509681820869446,93
c1_047,1,-90.075317,21.10361099243164,2026.0,0.8349108099937439,93
c1_048,1,-90.003638,21.150768280029297,2026.0,0.7435302734375,93
c1_049,1,-90.026543,21.122743,2026.0,0.8855478167533875,93
c1_050,1,-90.108731,21.117623,2026.0,0.8184486627578735,93
c2_001,2,-89.960253,21.154002,2026.0,0.6880704760551453,93
c2_002,2,-90.117623,21.133522033691406,2026.0,0.8942219018936157,93
c2_003,2,-90.07881927490234,21.09229278564453,2026.0,0.8299106955528259,93
c2_004,2,-89.978847,21.15022850036621,2026.0,0.770964503288269,93
c2_005,2,-90.089329,21.09364128112793,2026.0,0.895246684551239,93
c2_006,2,-90.11412048339844,21.100377,2026.0,0.7200227975845337,93
c2_007,2,-90.106036,21.131635665893555,2026.0,0.9014919996261597,93
c2_008,2,-90.001213,21.145379,2026.0,0.8313376307487488,93
c2_009,2,-89.963217,21.183913,2026.0,0.817110002040863,93
c2_010,2,-90.10226440429688,21.144301,2026.0,0.9195639491081238,93
c2_011,2,-89.958636,21.125438,2026.0,0.8649832606315613,93
c2_012,2,-90.097413,21.149959564208984,2026.0,0.903979480266571,93
c2_013,2,-90.100647,21.106845,2026.0,0.7671866416931152,93
c2_014,2,-90.04594421386719,21.111156463623047,2026.0,0.6467058658599854,93
c2_015,2,-90.068849,21.102802276611328,2026.0,0.8380771279335022,93
c2_016,2,-90.118162,21.135947,2026.0,0.8656935691833496,93
c2_017,2,-89.96214294433594,21.120587,2026.0,0.8611152768135071,93
c2_018,2,-89.981541,21.148343,2026.0,0.6579108834266663,93
c2_019,2,-90.041364,21.101186,2026.0,0.8854660391807556,93
c2_020,2,-90.082592,21.10064697265625,2026.0,0.7802240252494812,93
c2_021,2,-89.945163,21.161008,2026.0,0.880517303943634,93
c2_022,2,-90.01280212402344,21.118162155151367,2026.0,0.8097896575927734,93
c2_023,2,-89.94165802001953,21.17879295349121,2026.0,0.7234247326850891,93
c2_024,2,-89.940043,21.179332,2026.0,0.7613003849983215,93
c2_025,2,-89.942199,21.169092178344727,2026.0,0.8356028199195862,93
c2_026,2,-90.04837036132812,21.15858268737793,2026.0,0.8803104162216187,93
c2_027,2,-90.018189,21.155078887939453,2026.0,0.8872931599617004,93
c2_028,2,-90.018998,21.118701,2026.0,0.8201152682304382,93
c2_029,2,-89.960253,21.166936,2026.0,0.8893099427223206,93
c2_030,2,-90.08636474609375,21.13918113708496,2026.0,0.9117524027824402,93
c2_031,2,-90.006871,21.167745,2026.0,0.914710521697998,93
c2_032,2,-89.9599838256836,21.15750503540039,2026.0,0.6913096904754639,93
c2_033,2,-90.052412,21.115737,2026.0,0.9039761424064636,93
c2_034,2,-90.075586,21.099569,2026.0,0.8091021776199341,93
c2_035,2,-90.108731,21.095796,2026.0,0.6916283369064331,93
c2_036,2,-90.026543,21.155078887939453,2026.0,0.8809359669685364,93
c2_037,2,-90.006871,21.131097,2026.0,0.8397197127342224,93
c2_038,2,-90.080167,21.099838256835938,2026.0,0.8151673078536987,93
c2_039,2,-89.947588,21.136486053466797,2026.0,0.8616766333580017,93
c2_040,2,-90.061304,21.10468864440918,2026.0,0.797103762626648,93
c2_041,2,-90.075856,21.134868621826172,2026.0,0.8081193566322327,93
c2_042,2,-89.99959564208984,21.12004852294922,2026.0,0.8942344784736633,93
c2_043,2,-90.101725,21.08043670654297,2026.0,0.8443688750267029,93
c2_044,2,-90.026004,21.113851,2026.0,0.9164226055145264,93
c2_045,2,-90.118162,21.129209518432617,2026.0,0.8936840891838074,93
c2_046,2,-89.94139099121094,21.172056198120117,2026.0,0.8324484825134277,93
c2_047,2,-89.969685,21.1402587890625,2026.0,0.8427387475967407,93
c2_048,2,-90.1038818359375,21.095527,2026.0,0.6719712615013123,93
c2_049,2,-89.99231719970703,21.149690628051758,2026.0,0.7809728384017944,93
c2_050,2,-89.950822,21.121396,2026.0,0.8751582503318787,93
c3_045,3,-89.992859,21.161815643310547,2026.0,0.3334934115409851,93
c3_003,3,-90.034357,21.15858268737793,2026.0,0.8257284760475159,93
c3_026,3,-89.986931,21.149959564208984,2026.0,0.8833408951759338,93
c3_008,3,-90.084209,21.151576,2026.0,0.9393654465675354,93
c3_017,3,-89.970493,21.159929275512695,2026.0,0.6969797611236572,93
c3_004,3,-89.982619,21.180679,2026.0,0.6996538043022156,93
c3_040,3,-89.9742660522461,21.185529708862305,2026.0,0.8891313076019287,93
c3_024,3,-89.97722625732422,21.183913,2026.0,0.8352910876274109,93
c3_013,3,-89.995823,21.13837242126465,2026.0,0.8607942461967468,93
c3_018,3,-90.062113,21.107114,2026.0,0.8821098208427429,93
c3_007,3,-90.088521,21.146995,2026.0,0.9025995135307312,93
c3_014,3,-89.951361,21.199003219604492,2026.0,0.2226744145154953,93
c3_042,3,-89.950283,21.199003219604492,2026.0,0.5544107556343079,93
c3_029,3,-90.000135,21.137563705444336,2026.0,0.8236895203590393,93
c3_005,3,-90.003638,21.111964,2026.0,0.8525713086128235,93
c3_022,3,-90.005524,21.112503051757812,2026.0,0.819878101348877,93
c3_002,3,-89.953786,21.197656,2026.0,0.9391186237335205,93
c3_015,3,-89.940852,21.162086486816406,2026.0,0.8437692523002625,93
c3_020,3,-90.016842,21.116006,2026.0,0.863333523273468,93
c3_027,3,-89.982619,21.149421,2026.0,0.5030936598777771,93
c3_030,3,-89.942738,21.1674747467041,2026.0,0.7195530533790588,93
c3_050,3,-89.941929,21.168553,2026.0,0.5772293210029602,93
c3_009,3,-89.986392,21.149959564208984,2026.0,0.8734719753265381,93
c3_033,3,-90.039208,21.102802276611328,2026.0,0.832955539226532,93
c3_038,3,-89.976152,21.169361114501953,2026.0,0.7241994142532349,93
c3_023,3,-89.97183990478516,21.169361114501953,2026.0,0.7063978314399719,93
c3_032,3,-90.00040435791016,21.138642,2026.0,0.7585628628730774,93
c3_046,3,-89.994476,21.137832641601562,2026.0,0.68339604139328,93
c3_025,3,-89.947049,21.157235,2026.0,0.7472177743911743,93
c3_028,3,-89.976421,21.165858,2026.0,0.7786841988563538,93
c3_036,3,-89.95189666748047,21.162894,2026.0,0.7730547189712524,93
c3_021,3,-90.007141,21.131635665893555,2026.0,0.8310921788215637,93
c3_035,3,-90.000943,21.144569396972656,2026.0,0.7309826612472534,93
c3_037,3,-89.97183990478516,21.162086486816406,2026.0,0.7882108092308044,93
c3_039,3,-89.976691,21.168283462524414,2026.0,0.7233008742332458,93
c3_041,3,-89.973996,21.137563705444336,2026.0,0.7019103169441223,93
c3_034,3,-90.041364,21.1402587890625,2026.0,0.7546150088310242,93
c3_047,3,-90.028698,21.126246,2026.0,0.7452674508094788,93
c3_048,3,-90.030315,21.124359130859375,2026.0,0.7441264986991882,93
c3_011,3,-90.035974,21.099299,2026.0,0.8702473044395447,93
c3_001,3,-90.080437,21.100377,2026.0,0.7038872838020325,93
c3_006,3,-89.94677734375,21.202237,2026.0,0.609447717666626,93
c3_019,3,-89.958367,21.172056198120117,2026.0,0.8942832946777344,93
c3_031,3,-90.00740814208984,21.113042,2026.0,0.8225747346878052,93
c3_010,3,-90.01252746582031,21.114659,2026.0,0.8741703629493713,93
c3_012,3,-90.00768280029297,21.114389419555664,2026.0,0.7746138572692871,93
c3_016,3,-90.045675,21.097951889038086,2026.0,0.7213089466094971,93
c3_043,3,-89.967259,21.189841,2026.0,0.8931607007980347,93
c3_044,3,-90.046214,21.097413,2026.0,0.8447433114051819,93
c3_049,3,-90.016033,21.116006,2026.0,0.8367339372634888,93
c4_001,4,-90.002021,21.168822,2026.0,0.8877912163734436,93
c4_002,4,-90.013878,21.166397094726562,2026.0,0.9480602145195007,93
c4_003,4,-90.040286,21.149421,2026.0,0.8876357674598694,93
c4_004,4,-89.94139099121094,21.181487,2026.0,0.8947492241859436,93
c4_005,4,-89.967529,21.183643341064453,2026.0,0.8598760962486267,93
c4_006,4,-89.943277,21.200620651245117,2026.0,0.8396880626678467,93
c4_007,4,-89.968068,21.171248,2026.0,0.8560354709625244,93
c4_008,4,-90.035705,21.15346336364746,2026.0,0.9164817929267883,93
c4_009,4,-89.967798,21.179332,2026.0,0.795930802822113,93
c4_010,4,-89.949205,21.194961,2026.0,0.8975043892860413,93
c4_011,4,-89.943007,21.202506,2026.0,0.8535904884338379,93
c4_012,4,-89.945163,21.199811,2026.0,0.9162390232086182,93
c4_013,4,-89.972379,21.174481,2026.0,0.9362608790397644,93
c4_014,4,-90.041633,21.148612,2026.0,0.8488052487373352,93
c4_015,4,-89.960792,21.190380096435547,2026.0,0.9840368628501892,93
c4_016,4,-89.958098,21.184452056884766,2026.0,0.8988018035888672,93
c4_017,4,-90.074239,21.133790969848633,2026.0,0.819051206111908,93
c4_018,4,-89.950822,21.1922664642334,2026.0,0.9195082783699036,93
c4_019,4,-89.996901,21.149959564208984,2026.0,0.7411609888076782,93
c4_020,4,-89.960523,21.186338424682617,2026.0,0.9188902378082275,93
c4_021,4,-89.9465103149414,21.185529708862305,2026.0,0.7071641683578491,93
c4_022,4,-89.957828,21.185529708862305,2026.0,0.819547712802887,93
c4_023,4,-90.035705,21.144301,2026.0,0.5548393130302429,93
c4_024,4,-90.022501,21.156966,2026.0,0.8306120038032532,93
c4_025,4,-89.981002,21.165319,2026.0,0.8248324990272522,93
c4_026,4,-90.027621,21.162355422973633,2026.0,0.9741478562355042,93
c4_027,4,-89.949475,21.19415283203125,2026.0,0.9216154217720032,93
c4_028,4,-89.940852,21.201428,2026.0,0.8111869692802429,93
c4_029,4,-89.961601,21.190919,2026.0,0.829359769821167,93
c4_030,4,-90.041364,21.151576,2026.0,0.8706055879592896,93
c4_031,4,-90.062382,21.153732299804688,2026.0,0.934653639793396,93
c4_032,4,-89.944085,21.193883,2026.0,0.8583198189735413,93
c4_033,4,-89.981811,21.164511,2026.0,0.8640452027320862,93
c4_034,4,-89.940313,21.199811,2026.0,0.8831235766410828,93
c4_035,4,-90.072622,21.132714,2026.0,0.7749453186988831,93
c4_036,4,-89.942738,21.183643341064453,2026.0,0.7285659313201904,93
c4_037,4,-89.9742660522461,21.173673,2026.0,0.8996775150299072,93
c4_038,4,-89.966451,21.182565,2026.0,0.8486613035202026,93
c4_039,4,-90.014147,21.163972,2026.0,0.9038220643997192,93
c4_040,4,-89.944355,21.201428,2026.0,0.864511251449585,93
c4_041,4,-90.011183,21.148881912231445,2026.0,0.7248866558074951,93
c4_042,4,-90.071814,21.131635665893555,2026.0,0.8070442080497742,93
c4_043,4,-90.11438751220703,21.11061668395996,2026.0,0.7858647108078003,93
c4_044,4,-89.956481,21.189302444458008,2026.0,0.8353835940361023,93
c4_045,4,-90.036513,21.153732299804688,2026.0,0.919378936290741,93
c4_046,4,-89.98235321044922,21.169092178344727,2026.0,0.8694665431976318,93
c4_047,4,-89.992859,21.172864,2026.0,0.8175833821296692,93
c4_048,4,-89.948127,21.191457748413086,2026.0,0.8967540860176086,93
c4_049,4,-90.1195068359375,21.108461380004883,2026.0,0.7576581835746765,93
c4_050,4,-90.094718,21.12301254272461,2026.0,0.8002092838287354,93
c5_045,5,-90.018998,21.166128158569336,2026.0,0.8659213185310364,93
c5_008,5,-90.034357,21.155618,2026.0,0.906127393245697,93
c5_010,5,-89.957289,21.163703,2026.0,0.7480672001838684,93
c5_011,5,-90.004985,21.156696319580078,2026.0,0.8542392253875732,93
c5_012,5,-90.066424,21.154809951782227,2026.0,0.9127642512321472,93
c5_014,5,-90.006871,21.155887603759766,2026.0,0.8786745071411133,93
c5_016,5,-90.002829,21.15642738342285,2026.0,0.9477754831314087,93
c5_022,5,-90.044597,21.154809951782227,2026.0,0.9408314824104309,93
c5_024,5,-89.995284,21.15642738342285,2026.0,0.7896391749382019,93
c5_003,5,-90.056993,21.154541015625,2026.0,0.9109148979187012,93
c5_013,5,-90.020614,21.157235,2026.0,0.8904710412025452,93
c5_020,5,-90.027621,21.156966,2026.0,0.9415408968925476,93
c5_025,5,-90.03301239013672,21.15966033935547,2026.0,0.7952418923377991,93
c5_034,5,-90.012261,21.166397094726562,2026.0,0.8593566417694092,93
c5_040,5,-90.069658,21.154541015625,2026.0,0.8983578681945801,93
c5_041,5,-89.998787,21.156156539916992,2026.0,0.8565719723701477,93
c5_043,5,-90.113042,21.13729476928711,2026.0,0.9078766107559204,93
c5_002,5,-90.042172,21.156156539916992,2026.0,0.9466466307640076,93
c5_004,5,-90.034088,21.156966,2026.0,0.8338333964347839,93
c5_001,5,-89.996093,21.155887603759766,2026.0,0.8099053502082825,93
c5_006,5,-90.035435,21.154809951782227,2026.0,0.9139694571495056,93
c5_015,5,-89.942738,21.172864,2026.0,0.6245229244232178,93
c5_018,5,-90.0685806274414,21.152385,2026.0,0.9561164975166321,93
c5_026,5,-89.998248,21.172326,2026.0,0.7044809460639954,93
c5_033,5,-90.01980590820312,21.156966,2026.0,0.9277235269546509,93
c5_036,5,-90.041902,21.15750503540039,2026.0,0.9406844973564148,93
c5_039,5,-90.060496,21.15642738342285,2026.0,0.9177935123443604,93
c5_005,5,-90.041633,21.159929275512695,2026.0,0.9120905995368958,93
c5_009,5,-90.038938,21.154271,2026.0,0.9168063402175903,93
c5_019,5,-90.057262,21.155349,2026.0,0.8930063843727112,93
c5_021,5,-90.089598,21.148073196411133,2026.0,0.9004286527633667,93
c5_030,5,-90.071814,21.151845932006836,2026.0,0.9210522174835205,93
c5_031,5,-90.003099,21.155618,2026.0,0.9218609929084778,93
c5_035,5,-90.095527,21.151845932006836,2026.0,0.8988466262817383,93
c5_037,5,-89.996632,21.160469,2026.0,0.9092119336128235,93
c5_023,5,-89.978038,21.180139541625977,2026.0,0.7913550734519958,93
c5_017,5,-90.040555,21.145917892456055,2026.0,0.7973930835723877,93
c5_027,5,-90.08879089355469,21.150768280029297,2026.0,0.9306550025939941,93
c5_047,5,-90.001213,21.154541015625,2026.0,0.8771762847900391,93
c5_048,5,-90.028429,21.156696319580078,2026.0,0.8727672100067139,93
c5_029,5,-90.090407,21.149421,2026.0,0.9103966951370239,93
c5_032,5,-90.079359,21.150768280029297,2026.0,0.9569787383079529,93
c5_038,5,-90.04082489013672,21.156966,2026.0,0.909328043460846,93
c5_046,5,-90.067233,21.152114868164062,2026.0,0.9428069591522217,93
c5_028,5,-90.095527,21.150499,2026.0,0.9307608008384705,93
c5_044,5,-89.973188,21.183374404907227,2026.0,0.7632096409797668,93
c5_042,5,-90.08124542236328,21.149421,2026.0,0.9373142123222351,93
c5_007,5,-90.021962,21.143491744995117,2026.0,0.531794548034668,93
c10_001,3,-90.028968,21.158313,2026.0,0.8835731744766235,93
c10_005,3,-89.954594,21.163972,2026.0,0.7054546475410461,93
c10_002,3,-90.033549,21.15858268737793,2026.0,0.8176386952400208,93
c10_003,3,-90.030046,21.158044,2026.0,0.9542661309242249,93
c10_004,3,-90.029507,21.157773971557617,2026.0,0.8772032260894775,93
c10_006,3,-90.03301239013672,21.159122467041016,2026.0,0.9253397583961487,93
c10_007,3,-90.03301239013672,21.158044,2026.0,0.8508668541908264,93
c10_009,3,-90.032741,21.15858268737793,2026.0,0.881432056427002,93
c10_010,3,-90.030585,21.158044,2026.0,0.7345383763313293,93
c10_008,3,-89.95405578613281,21.163972,2026.0,0.6396230459213257,93
c1_051,1,-90.064538,21.118162155151367,2026.0,0.8002688884735107,93
c1_052,1,-90.05322265625,21.112234115600586,2026.0,0.9098008871078491,93
c1_053,1,-90.068041,21.142953,2026.0,0.8517395853996277,93
c1_054,1,-90.00040435791016,21.124359130859375,2026.0,0.8048099279403687,93
c1_055,1,-90.049178,21.1402587890625,2026.0,0.8224162459373474,93
c2_051,2,-90.111695,21.123821258544922,2026.0,0.851074755191803,93
c2_052,2,-90.02277374267578,21.139720916748047,2026.0,0.7976555228233337,93
c2_053,2,-89.941929,21.138911,2026.0,0.87501460313797,93
c2_054,2,-89.950013,21.130019,2026.0,0.8624641299247742,93
c2_055,2,-90.106306,21.128941,2026.0,0.8632245063781738,93
c3_062,3,-90.086634,21.149690628051758,2026.0,0.9566360116004944,93
c3_051,3,-90.010914,21.144301,2026.0,0.9235559105873108,93
c3_055,3,-90.079359,21.150499,2026.0,0.9569787383079529,93
c3_058,3,-90.000943,21.171248,2026.0,0.6586501598358154,93
c3_052,3,-90.094179,21.114929,2026.0,0.7043067812919617,93
c3_059,3,-90.039208,21.1402587890625,2026.0,0.7742239832878113,93
c3_053,3,-90.013608,21.152114868164062,2026.0,0.8609646558761597,93
c3_060,3,-89.958906,21.12489891052246,2026.0,0.9025555849075317,93
c3_057,3,-90.058071,21.159929275512695,2026.0,0.7877303957939148,93
c3_061,3,-89.973457,21.138911,2026.0,0.7182343006134033,93
c3_064,3,-89.989625,21.149959564208984,2026.0,0.720858097076416,93
c3_063,3,-90.030046,21.125707,2026.0,0.8280936479568481,93
c3_065,3,-89.972379,21.162086486816406,2026.0,0.8655998706817627,93
c3_054,3,-90.029237,21.101455,2026.0,0.8420585989952087,93
c3_056,3,-90.008758,21.114120483398438,2026.0,0.8002427220344543,93
c4_051,4,-89.958906,21.191997,2026.0,0.9331456422805786,93
c4_052,4,-89.957828,21.178254,2026.0,0.8165555000305176,93
c4_053,4,-89.994476,21.172864,2026.0,0.8968461751937866,93
c4_054,4,-89.994745,21.168822,2026.0,0.9270383715629578,93
c4_055,4,-90.0025634765625,21.169631,2026.0,0.9211801290512085,93
