point_id,traj,lon,lat,year,ndvi_max,n_images_that_year
c1_001,1,-90.092293,21.134868621826172,1985.0,0.804224967956543,6
c1_002,1,-90.057262,21.116815,1985.0,0.7289910912513733,6
c1_003,1,-90.097413,21.129209518432617,1985.0,0.7230442762374878,6
c1_004,1,-90.051873,21.142684,1985.0,0.6889398694038391,6
c1_005,1,-90.116815,21.0882511138916,1985.0,0.7407971620559692,6
c1_006,1,-90.066694,21.0987606048584,1985.0,0.7387255430221558,6
c1_007,1,-89.974805,21.120318,1985.0,0.7116936445236206,6
c1_008,1,-89.979925,21.132444381713867,1985.0,0.7424612045288086,6
c1_009,1,-89.988278,21.157773971557617,1985.0,0.7785823941230774,6
c1_010,1,-90.062921,21.101186,1985.0,0.5983904004096985,6
c1_011,1,-90.004177,21.130558013916016,1985.0,0.738029420375824,6
c1_012,1,-90.070197,21.140798,1985.0,0.772276759147644,6
c1_013,1,-89.989086,21.127055,1985.0,0.6251893639564514,6
c1_014,1,-90.05834197998047,21.147265,1985.0,0.7526185512542725,6
c1_015,1,-90.073969,21.147265,1985.0,0.8027929663658142,6
c1_016,1,-89.955672,21.141876220703125,1985.0,0.777799129486084,6
c1_017,1,-89.95162963867188,21.132444381713867,1985.0,0.7127110958099365,6
c1_018,1,-90.08124542236328,21.135408401489258,1985.0,0.7722848653793335,6
c1_019,1,-90.112234,21.128671646118164,1985.0,0.6817981600761414,6
c1_020,1,-89.977499,21.129480361938477,1985.0,0.6409295797348022,6
c1_021,1,-90.07855224609375,21.141337,1985.0,0.7304912209510803,6
c1_022,1,-90.075317,21.103341,1985.0,0.7640339732170105,6
c1_023,1,-90.067502,21.106845,1985.0,0.7817087173461914,6
c1_024,1,-89.947319,21.188493728637695,1985.0,0.7669764757156372,6
c1_025,1,-90.09876251220703,21.119779,1985.0,0.6168819665908813,6
c1_026,1,-89.945702,21.14322280883789,1985.0,0.7295476794242859,6
c1_027,1,-90.054837,21.112503051757812,1985.0,0.7568178176879883,6
c1_028,1,-90.010105,21.151576,1985.0,0.81873619556427,6
c1_029,1,-90.113042,21.085018157958984,1985.0,0.773796558380127,6
c1_030,1,-90.110348,21.111964,1985.0,0.684410572052002,6
c2_001,2,-89.941929,21.138911,1985.0,0.795408308506012,6
c2_002,2,-90.100647,21.146995,1985.0,0.6719651222229004,6
c2_003,2,-90.111964,21.138642,1985.0,0.7585262656211853,6
c2_004,2,-90.118971,21.110347747802734,1985.0,0.6142367720603943,6
c2_005,2,-90.117084,21.092023849487305,1985.0,0.783610999584198,6
c2_006,2,-90.070466,21.094718,1985.0,0.7581892013549805,6
c2_007,2,-89.99231719970703,21.149690628051758,1985.0,0.6684139966964722,6
c2_008,2,-90.042172,21.114389419555664,1985.0,0.6220952272415161,6
c2_009,2,-90.117893,21.135947,1985.0,0.696193277835846,6
c2_010,2,-90.006871,21.131097,1985.0,0.7159190773963928,6
c2_011,2,-89.946241,21.164511,1985.0,0.7520953416824341,6
c2_012,2,-90.101725,21.08043670654297,1985.0,0.7273840308189392,6
c2_013,2,-90.00768280029297,21.128133,1985.0,0.7062000632286072,6
c2_014,2,-90.097413,21.149959564208984,1985.0,0.8434292078018188,6
c2_015,2,-90.052412,21.098222,1985.0,0.7189556956291199,6
c2_016,2,-89.955672,21.166936,1985.0,0.6987340450286865,6
c2_017,2,-89.985853,21.152385,1985.0,0.7068055272102356,6
c2_018,2,-90.039477,21.152654,1985.0,0.705913782119751,6
c2_019,2,-90.120049,21.121396,1985.0,0.787992000579834,6
c2_020,2,-90.051334,21.10765266418457,1985.0,0.7793217301368713,6
c2_021,2,-90.070197,21.091215133666992,1985.0,0.7410470843315125,6
c2_022,2,-90.094988,21.123282,1985.0,0.4513646066188812,6
c2_023,2,-89.966182,21.124359130859375,1985.0,0.7069882750511169,6
c2_024,2,-90.085287,21.123552322387695,1985.0,0.7543929815292358,6
c2_025,2,-90.074239,21.092832,1985.0,0.7598918676376343,6
c2_026,2,-90.101455,21.144301,1985.0,0.7281455397605896,6
c2_027,2,-89.997979,21.154002,1985.0,0.8305738568305969,6
c2_028,2,-89.968607,21.116275787353516,1985.0,0.7604525089263916,6
c2_029,2,-89.975344,21.13729476928711,1985.0,0.7334821224212646,6
c2_030,2,-90.025195,21.116544723510742,1985.0,0.7186058163642883,6
c10_004,3,-90.028968,21.158313,1985.0,0.7281951904296875,6
c10_002,3,-90.03301239013672,21.158044,1985.0,0.7971948385238647,6
c10_003,3,-90.032741,21.159122467041016,1985.0,0.7954543828964233,6
c10_005,3,-90.030585,21.158044,1985.0,0.8327985405921936,6
c3_029,3,-90.08555603027344,21.149690628051758,1985.0,0.7050855755805969,6
c10_001,3,-89.95405578613281,21.163972,1985.0,0.5633114576339722,6
c3_009,3,-89.986931,21.149959564208984,1985.0,0.7916618585586548,6
c3_028,3,-89.982619,21.180679,1985.0,0.7936692833900452,6
c3_005,3,-90.031124,21.124629,1985.0,0.7755188941955566,6
c3_002,3,-89.995823,21.13837242126465,1985.0,0.7848291993141174,6
c3_008,3,-89.951091,21.200081,1985.0,0.7007114291191101,6
c3_013,3,-89.951361,21.199003219604492,1985.0,0.7424352765083313,6
c3_016,3,-89.949205,21.20115852355957,1985.0,0.731731653213501,6
c3_021,3,-89.950013,21.19927215576172,1985.0,0.7247359752655029,6
c3_018,3,-90.1038818359375,21.086095,1985.0,0.7970486283302307,6
c3_003,3,-89.995284,21.139720916748047,1985.0,0.7405165433883667,6
c3_007,3,-89.964834,21.14322280883789,1985.0,0.7487989664077759,6
c3_011,3,-90.008758,21.113311767578125,1985.0,0.7190515995025635,6
c3_017,3,-89.980733,21.145648,1985.0,0.654646635055542,6
c3_027,3,-90.016572,21.116006,1985.0,0.7062942981719971,6
c3_010,3,-89.973188,21.186607360839844,1985.0,0.743517279624939,6
c3_024,3,-90.088521,21.146726,1985.0,0.7050855755805969,6
c3_025,3,-89.943007,21.170978,1985.0,0.7949531674385071,6
c3_019,3,-89.958906,21.12489891052246,1985.0,0.8227336406707764,6
c3_023,3,-90.00040435791016,21.138642,1985.0,0.6779760122299194,6
c3_012,3,-90.000135,21.130826950073242,1985.0,0.7887852191925049,6
c3_020,3,-89.986392,21.159391403198242,1985.0,0.8046064376831055,6
c3_026,3,-90.014417,21.114659,1985.0,0.7076604962348938,6
c3_014,3,-89.945702,21.20331382751465,1985.0,0.7282987236976624,6
c3_030,3,-90.104958,21.09660530090332,1985.0,0.6064832210540771,6
c3_001,3,-90.072083,21.088790893554688,1985.0,0.7220520973205566,6
c3_004,3,-90.046214,21.096874237060547,1985.0,0.6951181292533875,6
c3_006,3,-89.973188,21.15966033935547,1985.0,0.8155871629714966,6
c3_015,3,-90.011722,21.112503051757812,1985.0,0.6906413435935974,6
c3_022,3,-90.041364,21.099029541015625,1985.0,0.7037992477416992,6
c4_001,4,-89.957828,21.178254,1985.0,0.15818583965301514,6
c4_002,4,-89.963217,21.190109252929688,1985.0,0.32604146003723145,6
c4_003,4,-89.950822,21.1922664642334,1985.0,0.0933268740773201,6
c4_004,4,-89.992859,21.172864,1985.0,0.34336164593696594,6
c4_005,4,-89.940313,21.199811,1985.0,0.1069011390209198,6
c4_006,4,-89.939774,21.204662322998047,1985.0,-0.006839903071522713,6
c4_007,4,-90.070736,21.130288,1985.0,0.557187020778656,6
c4_008,4,-89.998518,21.119239807128906,1985.0,0.5467886328697205,6
c4_009,4,-90.035705,21.144301,1985.0,0.5281272530555725,6
c4_010,4,-90.029776,21.160737991333008,1985.0,0.37472718954086304,6
c4_011,4,-90.036244,21.152114868164062,1985.0,0.4551714360713959,6
c4_012,4,-90.106306,21.113851,1985.0,0.458217054605484,6
c4_013,4,-89.943007,21.202506,1985.0,0.050637952983379364,6
c4_014,4,-89.956481,21.189302444458008,1985.0,0.126666858792305,6
c4_015,4,-90.1038818359375,21.116006,1985.0,0.5020747184753418,6
c4_016,4,-89.943277,21.199542,1985.0,0.03895341232419014,6
c4_017,4,-90.07369995117188,21.133522033691406,1985.0,0.5641763210296631,6
c4_018,4,-89.996632,21.15022850036621,1985.0,0.46451836824417114,6
c4_019,4,-90.022501,21.156966,1985.0,0.3250439167022705,6
c4_020,4,-89.981811,21.164511,1985.0,0.7527651786804199,6
c4_021,4,-90.001482,21.169092178344727,1985.0,0.4750867784023285,6
c4_022,4,-89.99259185791016,21.120318,1985.0,0.6544044613838196,6
c4_023,4,-89.955133,21.188493728637695,1985.0,0.14127717912197113,6
c4_024,4,-89.966182,21.181218,1985.0,0.08444510400295258,6
c4_025,4,-89.952439,21.1922664642334,1985.0,0.16919828951358795,6
c4_026,4,-90.034357,21.160199,1985.0,0.6639930605888367,6
c4_027,4,-89.966451,21.182565,1985.0,0.08305441588163376,6
c4_028,4,-89.958636,21.177175521850586,1985.0,0.11318952590227127,6
c4_029,4,-90.074778,21.130826950073242,1985.0,0.6167421936988831,6
c4_030,4,-89.976421,21.170978,1985.0,0.10591860115528107,6
c5_001,5,-90.044328,21.155349,1985.0,0.705913782119751,6
c5_005,5,-90.011722,21.165858,1985.0,0.36875104904174805,6
c5_020,5,-90.002829,21.15642738342285,1985.0,0.8289361596107483,6
c5_022,5,-90.004985,21.156696319580078,1985.0,0.6631919741630554,6
c5_002,5,-90.066424,21.152114868164062,1985.0,0.7291215658187866,6
c5_004,5,-90.039477,21.155618,1985.0,0.7231435775756836,6
c5_006,5,-90.006063,21.155078887939453,1985.0,0.788560152053833,6
c5_009,5,-90.039477,21.156966,1985.0,0.7477725148200989,6
c5_010,5,-90.032202,21.159391403198242,1985.0,0.7382661700248718,6
c5_012,5,-89.996093,21.155349,1985.0,0.7231818437576294,6
c5_014,5,-90.042711,21.155618,1985.0,0.7122861742973328,6
c5_015,5,-90.061304,21.156156539916992,1985.0,0.6783241629600525,6
c5_016,5,-90.036783,21.156966,1985.0,0.7522339224815369,6
c5_018,5,-90.02816009521484,21.156696319580078,1985.0,0.7790181636810303,6
c5_019,5,-90.037321,21.158313,1985.0,0.7894009947776794,6
c5_021,5,-90.062921,21.154541015625,1985.0,0.5480180382728577,6
c5_023,5,-90.031932,21.158044,1985.0,0.7855835556983948,6
c5_025,5,-90.074778,21.151845932006836,1985.0,0.8218187689781189,6
c5_027,5,-90.037052,21.159929275512695,1985.0,0.6413540244102478,6
c5_028,5,-90.03813171386719,21.155349,1985.0,0.7384382486343384,6
c5_029,5,-90.035166,21.156156539916992,1985.0,0.7402535080909729,6
c5_030,5,-90.030585,21.15750503540039,1985.0,0.7681668400764465,6
c5_011,5,-90.064538,21.154541015625,1985.0,0.7421260476112366,6
c5_013,5,-89.998248,21.172326,1985.0,0.7034509778022766,6
c5_024,5,-89.988009,21.162355422973633,1985.0,0.8552550673484802,6
c5_008,5,-90.057262,21.155349,1985.0,0.6869486570358276,6
c5_017,5,-90.036513,21.154271,1985.0,0.733527660369873,6
c5_026,5,-89.996632,21.160737991333008,1985.0,0.7784052491188049,6
c5_003,5,-89.978038,21.180139541625977,1985.0,0.4806101322174072,6
c5_007,5,-90.08124542236328,21.149421,1985.0,0.7824514508247375,6
c1_001,1,-90.092293,21.134868621826172,1986.0,0.7895614504814148,26
c1_002,1,-90.057262,21.116815,1986.0,0.7697108387947083,26
c1_003,1,-90.097413,21.129209518432617,1986.0,0.7072920799255371,26
c1_004,1,-90.051873,21.142684,1986.0,0.6899490356445312,26
c1_005,1,-90.116815,21.0882511138916,1986.0,0.7386942505836487,26
c1_006,1,-90.066694,21.0987606048584,1986.0,0.7685208320617676,26
c1_007,1,-89.974805,21.120318,1986.0,0.791764497756958,26
c1_008,1,-89.979925,21.132444381713867,1986.0,0.7655991315841675,26
c1_009,1,-89.988278,21.157773971557617,1986.0,0.787085235118866,26
c1_010,1,-90.062921,21.101186,1986.0,0.6518039107322693,26
c1_011,1,-90.004177,21.130558013916016,1986.0,0.7383725047111511,26
c1_012,1,-90.070197,21.140798,1986.0,0.7230409383773804,26
c1_013,1,-89.989086,21.127055,1986.0,0.599204957485199,26
c1_014,1,-90.05834197998047,21.147265,1986.0,0.7988845109939575,26
c1_015,1,-90.073969,21.147265,1986.0,0.8151974081993103,26
c1_016,1,-89.955672,21.141876220703125,1986.0,0.7862461805343628,26
c1_017,1,-89.95162963867188,21.132444381713867,1986.0,0.7345609068870544,26
c1_018,1,-90.08124542236328,21.135408401489258,1986.0,0.7946505546569824,26
c1_019,1,-90.112234,21.128671646118164,1986.0,0.73433518409729,26
c1_020,1,-89.977499,21.129480361938477,1986.0,0.6786619424819946,26
c1_021,1,-90.07855224609375,21.141337,1986.0,0.7600370645523071,26
c1_022,1,-90.075317,21.103341,1986.0,0.8012093901634216,26
c1_023,1,-90.067502,21.106845,1986.0,0.7979556322097778,26
c1_024,1,-89.947319,21.188493728637695,1986.0,0.7783743143081665,26
c1_025,1,-90.09876251220703,21.119779,1986.0,0.6947368383407593,26
c1_026,1,-89.945702,21.14322280883789,1986.0,0.7283064126968384,26
c1_027,1,-90.054837,21.112503051757812,1986.0,0.7955780029296875,26
c1_028,1,-90.010105,21.151576,1986.0,0.8415078520774841,26
c1_029,1,-90.113042,21.085018157958984,1986.0,0.794316828250885,26
c1_030,1,-90.110348,21.111964,1986.0,0.7197924852371216,26
c2_001,2,-89.941929,21.138911,1986.0,0.7706142067909241,26
c2_002,2,-90.100647,21.146995,1986.0,0.7220627069473267,26
c2_003,2,-90.111964,21.138642,1986.0,0.7305683493614197,26
c2_004,2,-90.118971,21.110347747802734,1986.0,0.6456165909767151,26
c2_005,2,-90.117084,21.092023849487305,1986.0,0.7835701107978821,26
c2_006,2,-90.070466,21.094718,1986.0,0.7840921878814697,26
c2_007,2,-89.99231719970703,21.149690628051758,1986.0,0.668590784072876,26
c2_008,2,-90.042172,21.114389419555664,1986.0,0.6101911664009094,26
c2_009,2,-90.117893,21.135947,1986.0,0.7610976099967957,26
c2_010,2,-90.006871,21.131097,1986.0,0.7249826788902283,26
c2_011,2,-89.946241,21.164511,1986.0,0.7659239768981934,26
c2_012,2,-90.101725,21.08043670654297,1986.0,0.7749151587486267,26
c2_013,2,-90.00768280029297,21.128133,1986.0,0.7220644354820251,26
c2_014,2,-90.097413,21.149959564208984,1986.0,0.8760395050048828,26
c2_015,2,-90.052412,21.098222,1986.0,0.7913899421691895,26
c2_016,2,-89.955672,21.166936,1986.0,0.7656564116477966,26
c2_017,2,-89.985853,21.152385,1986.0,0.7182872891426086,26
c2_018,2,-90.039477,21.152654,1986.0,0.7225660085678101,26
c2_019,2,-90.120049,21.121396,1986.0,0.8298513889312744,26
c2_020,2,-90.051334,21.10765266418457,1986.0,0.8111446499824524,26
c2_021,2,-90.070197,21.091215133666992,1986.0,0.8050181269645691,26
c2_022,2,-90.094988,21.123282,1986.0,0.5537999272346497,26
c2_023,2,-89.966182,21.124359130859375,1986.0,0.6575380563735962,26
c2_024,2,-90.085287,21.123552322387695,1986.0,0.7301849126815796,26
c2_025,2,-90.074239,21.092832,1986.0,0.7895528078079224,26
c2_026,2,-90.101455,21.144301,1986.0,0.7894716858863831,26
c2_027,2,-89.997979,21.154002,1986.0,0.8370631337165833,26
c2_028,2,-89.968607,21.116275787353516,1986.0,0.7617796063423157,26
c2_029,2,-89.975344,21.13729476928711,1986.0,0.7616782784461975,26
c2_030,2,-90.025195,21.116544723510742,1986.0,0.7847993969917297,26
c10_004,3,-90.028968,21.158313,1986.0,0.7651664614677429,26
c10_002,3,-90.03301239013672,21.158044,1986.0,0.8309746980667114,26
c10_003,3,-90.032741,21.159122467041016,1986.0,0.8144320249557495,26
c10_005,3,-90.030585,21.158044,1986.0,0.8385280966758728,26
c3_029,3,-90.08555603027344,21.149690628051758,1986.0,0.8068200349807739,26
c10_001,3,-89.95405578613281,21.163972,1986.0,0.5431402921676636,26
c3_009,3,-89.986931,21.149959564208984,1986.0,0.8309746980667114,26
c3_028,3,-89.982619,21.180679,1986.0,0.8499990701675415,26
c3_005,3,-90.031124,21.124629,1986.0,0.8064407706260681,26
c3_002,3,-89.995823,21.13837242126465,1986.0,0.7317023873329163,26
c3_008,3,-89.951091,21.200081,1986.0,0.7749230265617371,26
c3_013,3,-89.951361,21.199003219604492,1986.0,0.780301034450531,26
c3_016,3,-89.949205,21.20115852355957,1986.0,0.8134381771087646,26
c3_021,3,-89.950013,21.19927215576172,1986.0,0.7514098882675171,26
c3_018,3,-90.1038818359375,21.086095,1986.0,0.8270964026451111,26
c3_003,3,-89.995284,21.139720916748047,1986.0,0.7789838314056396,26
c3_007,3,-89.964834,21.14322280883789,1986.0,0.7869942784309387,26
c3_011,3,-90.008758,21.113311767578125,1986.0,0.7994202971458435,26
c3_017,3,-89.980733,21.145648,1986.0,0.675995409488678,26
c3_027,3,-90.016572,21.116006,1986.0,0.739637017250061,26
c3_010,3,-89.973188,21.186607360839844,1986.0,0.799968957901001,26
c3_024,3,-90.088521,21.146726,1986.0,0.7533490657806396,26
c3_025,3,-89.943007,21.170978,1986.0,0.6949325799942017,26
c3_019,3,-89.958906,21.12489891052246,1986.0,0.8222776055335999,26
c3_023,3,-90.00040435791016,21.138642,1986.0,0.6958639621734619,26
c3_012,3,-90.000135,21.130826950073242,1986.0,0.778931200504303,26
c3_020,3,-89.986392,21.159391403198242,1986.0,0.8539711236953735,26
c3_026,3,-90.014417,21.114659,1986.0,0.7515308856964111,26
c3_014,3,-89.945702,21.20331382751465,1986.0,0.8102511763572693,26
c3_030,3,-90.104958,21.09660530090332,1986.0,0.6476170420646667,26
c3_001,3,-90.072083,21.088790893554688,1986.0,0.7972580790519714,26
c3_004,3,-90.046214,21.096874237060547,1986.0,0.7594226002693176,26
c3_006,3,-89.973188,21.15966033935547,1986.0,0.8088703751564026,26
c3_015,3,-90.011722,21.112503051757812,1986.0,0.7857920527458191,26
c3_022,3,-90.041364,21.099029541015625,1986.0,0.7367990016937256,26
c4_001,4,-89.957828,21.178254,1986.0,0.21502187848091125,26
c4_002,4,-89.963217,21.190109252929688,1986.0,0.2735086977481842,26
c4_003,4,-89.950822,21.1922664642334,1986.0,0.17931027710437775,26
c4_004,4,-89.992859,21.172864,1986.0,0.4451408386230469,26
c4_005,4,-89.940313,21.199811,1986.0,0.11605800688266754,26
c4_006,4,-89.939774,21.204662322998047,1986.0,0.1840353161096573,26
c4_007,4,-90.070736,21.130288,1986.0,0.5559619665145874,26
c4_008,4,-89.998518,21.119239807128906,1986.0,0.5777709484100342,26
c4_009,4,-90.035705,21.144301,1986.0,0.5119118094444275,26
c4_010,4,-90.029776,21.160737991333008,1986.0,0.47943297028541565,26
c4_011,4,-90.036244,21.152114868164062,1986.0,0.49839600920677185,26
c4_012,4,-90.106306,21.113851,1986.0,0.516455352306366,26
c4_013,4,-89.943007,21.202506,1986.0,0.23194611072540283,26
c4_014,4,-89.956481,21.189302444458008,1986.0,0.12351074814796448,26
c4_015,4,-90.1038818359375,21.116006,1986.0,0.5843170285224915,26
c4_016,4,-89.943277,21.199542,1986.0,0.19813865423202515,26
c4_017,4,-90.07369995117188,21.133522033691406,1986.0,0.5785648226737976,26
c4_018,4,-89.996632,21.15022850036621,1986.0,0.4757193624973297,26
c4_019,4,-90.022501,21.156966,1986.0,0.34244710206985474,26
c4_020,4,-89.981811,21.164511,1986.0,0.6735197305679321,26
c4_021,4,-90.001482,21.169092178344727,1986.0,0.5880239605903625,26
c4_022,4,-89.99259185791016,21.120318,1986.0,0.73316890001297,26
c4_023,4,-89.955133,21.188493728637695,1986.0,0.19028930366039276,26
c4_024,4,-89.966182,21.181218,1986.0,0.2286107987165451,26
c4_025,4,-89.952439,21.1922664642334,1986.0,0.36898982524871826,26
c4_026,4,-90.034357,21.160199,1986.0,0.7256741523742676,26
c4_027,4,-89.966451,21.182565,1986.0,0.20314361155033112,26
c4_028,4,-89.958636,21.177175521850586,1986.0,0.17517660558223724,26
c4_029,4,-90.074778,21.130826950073242,1986.0,0.6422085762023926,26
c4_030,4,-89.976421,21.170978,1986.0,0.24475158751010895,26
c5_001,5,-90.044328,21.155349,1986.0,0.7135423421859741,26
c5_005,5,-90.011722,21.165858,1986.0,0.30331292748451233,26
c5_020,5,-90.002829,21.15642738342285,1986.0,0.8293720483779907,26
c5_022,5,-90.004985,21.156696319580078,1986.0,0.6653913259506226,26
c5_002,5,-90.066424,21.152114868164062,1986.0,0.8755110502243042,26
c5_004,5,-90.039477,21.155618,1986.0,0.7444608807563782,26
c5_006,5,-90.006063,21.155078887939453,1986.0,0.8266830444335938,26
c5_009,5,-90.039477,21.156966,1986.0,0.7165895104408264,26
c5_010,5,-90.032202,21.159391403198242,1986.0,0.7807173132896423,26
c5_012,5,-89.996093,21.155349,1986.0,0.7496138215065002,26
c5_014,5,-90.042711,21.155618,1986.0,0.7605682015419006,26
c5_015,5,-90.061304,21.156156539916992,1986.0,0.7428765296936035,26
c5_016,5,-90.036783,21.156966,1986.0,0.8139111995697021,26
c5_018,5,-90.02816009521484,21.156696319580078,1986.0,0.8064225316047668,26
c5_019,5,-90.037321,21.158313,1986.0,0.7985072135925293,26
c5_021,5,-90.062921,21.154541015625,1986.0,0.6453206539154053,26
c5_023,5,-90.031932,21.158044,1986.0,0.8016391396522522,26
c5_025,5,-90.074778,21.151845932006836,1986.0,0.8730559945106506,26
c5_027,5,-90.037052,21.159929275512695,1986.0,0.7630935907363892,26
c5_028,5,-90.03813171386719,21.155349,1986.0,0.7570286989212036,26
c5_029,5,-90.035166,21.156156539916992,1986.0,0.7513085603713989,26
c5_030,5,-90.030585,21.15750503540039,1986.0,0.8104766011238098,26
c5_011,5,-90.064538,21.154541015625,1986.0,0.737902820110321,26
c5_013,5,-89.998248,21.172326,1986.0,0.8005800843238831,26
c5_024,5,-89.988009,21.162355422973633,1986.0,0.8378362059593201,26
c5_008,5,-90.057262,21.155349,1986.0,0.720732569694519,26
c5_017,5,-90.036513,21.154271,1986.0,0.734729528427124,26
c5_026,5,-89.996632,21.160737991333008,1986.0,0.7661451697349548,26
c5_003,5,-89.978038,21.180139541625977,1986.0,0.5300445556640625,26
c5_007,5,-90.08124542236328,21.149421,1986.0,0.8253704905509949,26
c1_001,1,-90.092293,21.134868621826172,1987.0,0.7618533968925476,14
c1_002,1,-90.057262,21.116815,1987.0,0.7106378078460693,14
c1_003,1,-90.097413,21.129209518432617,1987.0,0.7555984854698181,14
c1_004,1,-90.051873,21.142684,1987.0,0.692711591720581,14
c1_005,1,-90.116815,21.0882511138916,1987.0,0.7671001553535461,14
c1_006,1,-90.066694,21.0987606048584,1987.0,0.7749795317649841,14
c1_007,1,-89.974805,21.120318,1987.0,0.8176199793815613,14
c1_008,1,-89.979925,21.132444381713867,1987.0,0.7638537883758545,14
c1_009,1,-89.988278,21.157773971557617,1987.0,0.7508071660995483,14
c1_010,1,-90.062921,21.101186,1987.0,0.6706632375717163,14
c1_011,1,-90.004177,21.130558013916016,1987.0,0.7670097351074219,14
c1_012,1,-90.070197,21.140798,1987.0,0.7177985310554504,14
c1_013,1,-89.989086,21.127055,1987.0,0.6796514391899109,14
c1_014,1,-90.05834197998047,21.147265,1987.0,0.7750829458236694,14
c1_015,1,-90.073969,21.147265,1987.0,0.7151209712028503,14
c1_016,1,-89.955672,21.141876220703125,1987.0,0.8283148407936096,14
c1_017,1,-89.95162963867188,21.132444381713867,1987.0,0.7834175229072571,14
c1_018,1,-90.08124542236328,21.135408401489258,1987.0,0.7815504670143127,14
c1_019,1,-90.112234,21.128671646118164,1987.0,0.6499916911125183,14
c1_020,1,-89.977499,21.129480361938477,1987.0,0.7203776836395264,14
c1_021,1,-90.07855224609375,21.141337,1987.0,0.7226187586784363,14
c1_022,1,-90.075317,21.103341,1987.0,0.8206855058670044,14
c1_023,1,-90.067502,21.106845,1987.0,0.8102471232414246,14
c1_024,1,-89.947319,21.188493728637695,1987.0,0.7550073266029358,14
c1_025,1,-90.09876251220703,21.119779,1987.0,0.6931874752044678,14
c1_026,1,-89.945702,21.14322280883789,1987.0,0.7444472908973694,14
c1_027,1,-90.054837,21.112503051757812,1987.0,0.8150016665458679,14
c1_028,1,-90.010105,21.151576,1987.0,0.8216558694839478,14
c1_029,1,-90.113042,21.085018157958984,1987.0,0.7992006540298462,14
c1_030,1,-90.110348,21.111964,1987.0,0.692977786064148,14
c2_001,2,-89.941929,21.138911,1987.0,0.8199406862258911,14
c2_002,2,-90.100647,21.146995,1987.0,0.5316922664642334,14
c2_003,2,-90.111964,21.138642,1987.0,0.6899333000183105,14
c2_004,2,-90.118971,21.110347747802734,1987.0,0.6608361005783081,14
c2_005,2,-90.117084,21.092023849487305,1987.0,0.8440955877304077,14
c2_006,2,-90.070466,21.094718,1987.0,0.8100972771644592,14
c2_007,2,-89.99231719970703,21.149690628051758,1987.0,0.6591086983680725,14
c2_008,2,-90.042172,21.114389419555664,1987.0,0.6618393659591675,14
c2_009,2,-90.117893,21.135947,1987.0,0.6513175368309021,14
c2_010,2,-90.006871,21.131097,1987.0,0.7245879769325256,14
c2_011,2,-89.946241,21.164511,1987.0,0.7612912058830261,14
c2_012,2,-90.101725,21.08043670654297,1987.0,0.774406909942627,14
c2_013,2,-90.00768280029297,21.128133,1987.0,0.7415522933006287,14
c2_014,2,-90.097413,21.149959564208984,1987.0,0.7533995509147644,14
c2_015,2,-90.052412,21.098222,1987.0,0.8146300911903381,14
c2_016,2,-89.955672,21.166936,1987.0,0.6518219709396362,14
c2_017,2,-89.985853,21.152385,1987.0,0.7132943868637085,14
c2_018,2,-90.039477,21.152654,1987.0,0.7449758648872375,14
c2_019,2,-90.120049,21.121396,1987.0,0.774601399898529,14
c2_020,2,-90.051334,21.10765266418457,1987.0,0.8383333086967468,14
c2_021,2,-90.070197,21.091215133666992,1987.0,0.801219642162323,14
c2_022,2,-90.094988,21.123282,1987.0,0.4883626699447632,14
c2_023,2,-89.966182,21.124359130859375,1987.0,0.724474310874939,14
c2_024,2,-90.085287,21.123552322387695,1987.0,0.7481223940849304,14
c2_025,2,-90.074239,21.092832,1987.0,0.8142015337944031,14
c2_026,2,-90.101455,21.144301,1987.0,0.6500350832939148,14
c2_027,2,-89.997979,21.154002,1987.0,0.8197121024131775,14
c2_028,2,-89.968607,21.116275787353516,1987.0,0.8336279392242432,14
c2_029,2,-89.975344,21.13729476928711,1987.0,0.7941040992736816,14
c2_030,2,-90.025195,21.116544723510742,1987.0,0.8009933233261108,14
c10_004,3,-90.028968,21.158313,1987.0,0.2870060205459595,14
c10_002,3,-90.03301239013672,21.158044,1987.0,0.7893185019493103,14
c10_003,3,-90.032741,21.159122467041016,1987.0,0.6412387490272522,14
c10_005,3,-90.030585,21.158044,1987.0,0.7150278091430664,14
c3_029,3,-90.08555603027344,21.149690628051758,1987.0,0.5060839653015137,14
c10_001,3,-89.95405578613281,21.163972,1987.0,0.5306373238563538,14
c3_009,3,-89.986931,21.149959564208984,1987.0,0.825340986251831,14
c3_028,3,-89.982619,21.180679,1987.0,0.8275498747825623,14
c3_005,3,-90.031124,21.124629,1987.0,0.8262045383453369,14
c3_002,3,-89.995823,21.13837242126465,1987.0,0.8102651834487915,14
c3_008,3,-89.951091,21.200081,1987.0,0.7207762598991394,14
c3_013,3,-89.951361,21.199003219604492,1987.0,0.7620711922645569,14
c3_016,3,-89.949205,21.20115852355957,1987.0,0.7668532133102417,14
c3_021,3,-89.950013,21.19927215576172,1987.0,0.6942750811576843,14
c3_018,3,-90.1038818359375,21.086095,1987.0,0.8320918679237366,14
c3_003,3,-89.995284,21.139720916748047,1987.0,0.7767593860626221,14
c3_007,3,-89.964834,21.14322280883789,1987.0,0.7567518353462219,14
c3_011,3,-90.008758,21.113311767578125,1987.0,0.7996522784233093,14
c3_017,3,-89.980733,21.145648,1987.0,0.6861652135848999,14
c3_027,3,-90.016572,21.116006,1987.0,0.7908730506896973,14
c3_010,3,-89.973188,21.186607360839844,1987.0,0.7799241542816162,14
c3_024,3,-90.088521,21.146726,1987.0,0.4868742823600769,14
c3_025,3,-89.943007,21.170978,1987.0,0.7845066785812378,14
c3_019,3,-89.958906,21.12489891052246,1987.0,0.8288399577140808,14
c3_023,3,-90.00040435791016,21.138642,1987.0,0.6622130870819092,14
c3_012,3,-90.000135,21.130826950073242,1987.0,0.8089786767959595,14
c3_020,3,-89.986392,21.159391403198242,1987.0,0.8478736281394958,14
c3_026,3,-90.014417,21.114659,1987.0,0.8018112182617188,14
c3_014,3,-89.945702,21.20331382751465,1987.0,0.8056105971336365,14
c3_030,3,-90.104958,21.09660530090332,1987.0,0.6736196875572205,14
c3_001,3,-90.072083,21.088790893554688,1987.0,0.8028230667114258,14
c3_004,3,-90.046214,21.096874237060547,1987.0,0.7707690000534058,14
c3_006,3,-89.973188,21.15966033935547,1987.0,0.8202182054519653,14
c3_015,3,-90.011722,21.112503051757812,1987.0,0.7870991826057434,14
c3_022,3,-90.041364,21.099029541015625,1987.0,0.7511585354804993,14
c4_001,4,-89.957828,21.178254,1987.0,0.24634556472301483,14
c4_002,4,-89.963217,21.190109252929688,1987.0,0.38539400696754456,14
c4_003,4,-89.950822,21.1922664642334,1987.0,0.25925999879837036,14
c4_004,4,-89.992859,21.172864,1987.0,0.36548739671707153,14
c4_005,4,-89.940313,21.199811,1987.0,0.18217800557613373,14
c4_006,4,-89.939774,21.204662322998047,1987.0,0.2602613568305969,14
c4_007,4,-90.070736,21.130288,1987.0,0.5587007999420166,14
c4_008,4,-89.998518,21.119239807128906,1987.0,0.6659418344497681,14
c4_009,4,-90.035705,21.144301,1987.0,0.4939286410808563,14
c4_010,4,-90.029776,21.160737991333008,1987.0,0.2497904896736145,14
c4_011,4,-90.036244,21.152114868164062,1987.0,0.5165368914604187,14
c4_012,4,-90.106306,21.113851,1987.0,0.505487322807312,14
c4_013,4,-89.943007,21.202506,1987.0,0.25931689143180847,14
c4_014,4,-89.956481,21.189302444458008,1987.0,0.2524067759513855,14
c4_015,4,-90.1038818359375,21.116006,1987.0,0.6139193177223206,14
c4_016,4,-89.943277,21.199542,1987.0,0.23124802112579346,14
c4_017,4,-90.07369995117188,21.133522033691406,1987.0,0.4979589879512787,14
c4_018,4,-89.996632,21.15022850036621,1987.0,0.4739982783794403,14
c4_019,4,-90.022501,21.156966,1987.0,0.3211067318916321,14
c4_020,4,-89.981811,21.164511,1987.0,0.6459921002388,14
c4_021,4,-90.001482,21.169092178344727,1987.0,0.5148255825042725,14
c4_022,4,-89.99259185791016,21.120318,1987.0,0.7537202835083008,14
c4_023,4,-89.955133,21.188493728637695,1987.0,0.31607958674430847,14
c4_024,4,-89.966182,21.181218,1987.0,0.28249412775039673,14
c4_025,4,-89.952439,21.1922664642334,1987.0,0.3121801018714905,14
c4_026,4,-90.034357,21.160199,1987.0,0.5540619492530823,14
c4_027,4,-89.966451,21.182565,1987.0,0.3060777485370636,14
c4_028,4,-89.958636,21.177175521850586,1987.0,0.2262089103460312,14
c4_029,4,-90.074778,21.130826950073242,1987.0,0.6118954420089722,14
c4_030,4,-89.976421,21.170978,1987.0,0.3759523332118988,14
c5_001,5,-90.044328,21.155349,1987.0,0.7561245560646057,14
c5_005,5,-90.011722,21.165858,1987.0,0.23831480741500854,14
c5_020,5,-90.002829,21.15642738342285,1987.0,0.7956995368003845,14
c5_022,5,-90.004985,21.156696319580078,1987.0,0.5020602345466614,14
c5_002,5,-90.066424,21.152114868164062,1987.0,0.6150571703910828,14
c5_004,5,-90.039477,21.155618,1987.0,0.7426208853721619,14
c5_006,5,-90.006063,21.155078887939453,1987.0,0.7598804235458374,14
c5_009,5,-90.039477,21.156966,1987.0,0.7390150427818298,14
c5_010,5,-90.032202,21.159391403198242,1987.0,0.33864521980285645,14
c5_012,5,-89.996093,21.155349,1987.0,0.6775528788566589,14
c5_014,5,-90.042711,21.155618,1987.0,0.7707483768463135,14
c5_015,5,-90.061304,21.156156539916992,1987.0,0.301118940114975,14
c5_016,5,-90.036783,21.156966,1987.0,0.79792320728302,14
c5_018,5,-90.02816009521484,21.156696319580078,1987.0,0.7280855774879456,14
c5_019,5,-90.037321,21.158313,1987.0,0.7626471519470215,14
c5_021,5,-90.062921,21.154541015625,1987.0,0.3169006407260895,14
c5_023,5,-90.031932,21.158044,1987.0,0.5846778750419617,14
c5_025,5,-90.074778,21.151845932006836,1987.0,0.6293231844902039,14
c5_027,5,-90.037052,21.159929275512695,1987.0,0.5672441720962524,14
c5_028,5,-90.03813171386719,21.155349,1987.0,0.7693436741828918,14
c5_029,5,-90.035166,21.156156539916992,1987.0,0.7783442735671997,14
c5_030,5,-90.030585,21.15750503540039,1987.0,0.7766313552856445,14
c5_011,5,-90.064538,21.154541015625,1987.0,0.4249946177005768,14
c5_013,5,-89.998248,21.172326,1987.0,0.7529079914093018,14
c5_024,5,-89.988009,21.162355422973633,1987.0,0.8331092596054077,14
c5_008,5,-90.057262,21.155349,1987.0,0.28071239590644836,14
c5_017,5,-90.036513,21.154271,1987.0,0.7427880764007568,14
c5_026,5,-89.996632,21.160737991333008,1987.0,0.8071359992027283,14
c5_003,5,-89.978038,21.180139541625977,1987.0,0.4103759825229645,14
c5_007,5,-90.08124542236328,21.149421,1987.0,0.5888329744338989,14
c1_001,1,-90.092293,21.134868621826172,1989.0,0.7685580849647522,1
c1_002,1,-90.057262,21.116815,1989.0,0.7492236495018005,1
c1_003,1,-90.097413,21.129209518432617,1989.0,0.15500134229660034,1
c1_004,1,-90.051873,21.142684,1989.0,0.1373538374900818,1
c1_005,1,-90.116815,21.0882511138916,1989.0,0.7280957102775574,1
c1_006,1,-90.066694,21.0987606048584,1989.0,0.9080839157104492,1
c1_007,1,-89.974805,21.120318,1989.0,0.8094080090522766,1
c1_008,1,-89.979925,21.132444381713867,1989.0,0.7928106188774109,1
c1_009,1,-89.988278,21.157773971557617,1989.0,-0.25053727626800537,1
c1_010,1,-90.062921,21.101186,1989.0,0.6244891285896301,1
c1_011,1,-90.004177,21.130558013916016,1989.0,-0.27420395612716675,1
c1_012,1,-90.070197,21.140798,1989.0,0.6697086095809937,1
c1_013,1,-89.989086,21.127055,1989.0,0.6405318379402161,1
c1_014,1,-90.05834197998047,21.147265,1989.0,0.4135381579399109,1
c1_015,1,-90.073969,21.147265,1989.0,0.9182011485099792,1
c1_016,1,-89.955672,21.141876220703125,1989.0,0.8160826563835144,1
c1_017,1,-89.95162963867188,21.132444381713867,1989.0,0.8333958983421326,1
c1_018,1,-90.08124542236328,21.135408401489258,1989.0,0.820264995098114,1
c1_019,1,-90.112234,21.128671646118164,1989.0,-0.5548190474510193,1
c1_020,1,-89.977499,21.129480361938477,1989.0,0.7133098244667053,1
c1_021,1,-90.07855224609375,21.141337,1989.0,0.7491971254348755,1
c1_023,1,-90.067502,21.106845,1989.0,0.8158653378486633,1
c1_024,1,-89.947319,21.188493728637695,1989.0,0.8059921264648438,1
c1_025,1,-90.09876251220703,21.119779,1989.0,0.7586080431938171,1
c1_026,1,-89.945702,21.14322280883789,1989.0,0.7020610570907593,1
c1_027,1,-90.054837,21.112503051757812,1989.0,0.8191014528274536,1
c1_028,1,-90.010105,21.151576,1989.0,0.8349778652191162,1
c1_029,1,-90.113042,21.085018157958984,1989.0,0.7851302623748779,1
c1_030,1,-90.110348,21.111964,1989.0,0.7017423510551453,1
c2_003,2,-90.111964,21.138642,1989.0,0.4967208802700043,1
c2_004,2,-90.118971,21.110347747802734,1989.0,0.6544831395149231,1
c2_006,2,-90.070466,21.094718,1989.0,0.7818491458892822,1
c2_007,2,-89.99231719970703,21.149690628051758,1989.0,0.8349138498306274,1
c2_008,2,-90.042172,21.114389419555664,1989.0,0.8588786125183105,1
c2_009,2,-90.117893,21.135947,1989.0,0.8032817244529724,1
c2_011,2,-89.946241,21.164511,1989.0,0.7283971309661865,1
c2_014,2,-90.097413,21.149959564208984,1989.0,0.8361225128173828,1
c2_015,2,-90.052412,21.098222,1989.0,-0.25667521357536316,1
c2_016,2,-89.955672,21.166936,1989.0,0.2979104220867157,1
c2_017,2,-89.985853,21.152385,1989.0,0.6596478223800659,1
c2_018,2,-90.039477,21.152654,1989.0,0.7264730930328369,1
c2_020,2,-90.051334,21.10765266418457,1989.0,0.8176731467247009,1
c2_021,2,-90.070197,21.091215133666992,1989.0,0.8542172312736511,1
c2_022,2,-90.094988,21.123282,1989.0,0.38117411732673645,1
c2_023,2,-89.966182,21.124359130859375,1989.0,0.5779174566268921,1
c2_024,2,-90.085287,21.123552322387695,1989.0,-0.33581918478012085,1
c2_025,2,-90.074239,21.092832,1989.0,-0.11793917417526245,1
c2_027,2,-89.997979,21.154002,1989.0,0.8393568992614746,1
c2_028,2,-89.968607,21.116275787353516,1989.0,0.8224608898162842,1
c2_029,2,-89.975344,21.13729476928711,1989.0,-0.04783626273274422,1
c2_030,2,-90.025195,21.116544723510742,1989.0,0.7453659772872925,1
c10_004,3,-90.028968,21.158313,1989.0,0.023090986534953117,1
c10_002,3,-90.03301239013672,21.158044,1989.0,0.37137341499328613,1
c10_003,3,-90.032741,21.159122467041016,1989.0,0.20527958869934082,1
c10_005,3,-90.030585,21.158044,1989.0,0.28221291303634644,1
c3_029,3,-90.08555603027344,21.149690628051758,1989.0,0.8688088655471802,1
c10_001,3,-89.95405578613281,21.163972,1989.0,0.38105541467666626,1
c3_009,3,-89.986931,21.149959564208984,1989.0,0.8437556028366089,1
c3_028,3,-89.982619,21.180679,1989.0,0.8088064193725586,1
c3_002,3,-89.995823,21.13837242126465,1989.0,0.8159995079040527,1
c3_008,3,-89.951091,21.200081,1989.0,0.750652551651001,1
c3_013,3,-89.951361,21.199003219604492,1989.0,0.7414252758026123,1
c3_016,3,-89.949205,21.20115852355957,1989.0,0.24456632137298584,1
c3_018,3,-90.1038818359375,21.086095,1989.0,0.85882568359375,1
c3_003,3,-89.995284,21.139720916748047,1989.0,0.5779381394386292,1
c3_007,3,-89.964834,21.14322280883789,1989.0,0.7462093830108643,1
c3_011,3,-90.008758,21.113311767578125,1989.0,0.6746005415916443,1
c3_017,3,-89.980733,21.145648,1989.0,0.6779776215553284,1
c3_010,3,-89.973188,21.186607360839844,1989.0,0.8007535338401794,1
c3_024,3,-90.088521,21.146726,1989.0,0.6885178685188293,1
c3_025,3,-89.943007,21.170978,1989.0,0.6628237366676331,1
c3_019,3,-89.958906,21.12489891052246,1989.0,0.6597740650177002,1
c3_012,3,-90.000135,21.130826950073242,1989.0,0.7629734873771667,1
c3_020,3,-89.986392,21.159391403198242,1989.0,0.8921888470649719,1
c3_026,3,-90.014417,21.114659,1989.0,0.8381022810935974,1
c3_014,3,-89.945702,21.20331382751465,1989.0,0.7756235599517822,1
c3_030,3,-90.104958,21.09660530090332,1989.0,0.5978047847747803,1
c3_001,3,-90.072083,21.088790893554688,1989.0,0.802779495716095,1
c3_004,3,-90.046214,21.096874237060547,1989.0,0.7960602045059204,1
c3_006,3,-89.973188,21.15966033935547,1989.0,0.5681197643280029,1
c3_015,3,-90.011722,21.112503051757812,1989.0,0.7717565298080444,1
c3_022,3,-90.041364,21.099029541015625,1989.0,0.7020676136016846,1
c4_003,4,-89.950822,21.1922664642334,1989.0,-0.09588044881820679,1
c4_004,4,-89.992859,21.172864,1989.0,-0.4693552553653717,1
c4_005,4,-89.940313,21.199811,1989.0,-0.8109157681465149,1
c4_006,4,-89.939774,21.204662322998047,1989.0,-0.1995105743408203,1
c4_007,4,-90.070736,21.130288,1989.0,0.5220498442649841,1
c4_008,4,-89.998518,21.119239807128906,1989.0,0.7008668780326843,1
c4_009,4,-90.035705,21.144301,1989.0,0.6080992817878723,1
c4_011,4,-90.036244,21.152114868164062,1989.0,0.5744240283966064,1
c4_012,4,-90.106306,21.113851,1989.0,0.5432681441307068,1
c4_013,4,-89.943007,21.202506,1989.0,-0.34485363960266113,1
c4_015,4,-90.1038818359375,21.116006,1989.0,0.07662560045719147,1
c4_016,4,-89.943277,21.199542,1989.0,-0.4008939862251282,1
c4_018,4,-89.996632,21.15022850036621,1989.0,0.6327131986618042,1
c4_020,4,-89.981811,21.164511,1989.0,0.3773057460784912,1
c4_021,4,-90.001482,21.169092178344727,1989.0,0.15729033946990967,1
c4_022,4,-89.99259185791016,21.120318,1989.0,0.7854285836219788,1
c4_023,4,-89.955133,21.188493728637695,1989.0,0.20528452098369598,1
c4_024,4,-89.966182,21.181218,1989.0,-0.22076064348220825,1
c4_025,4,-89.952439,21.1922664642334,1989.0,0.06329092383384705,1
c4_026,4,-90.034357,21.160199,1989.0,0.33388835191726685,1
c4_027,4,-89.966451,21.182565,1989.0,-0.36082619428634644,1
c4_028,4,-89.958636,21.177175521850586,1989.0,0.14577394723892212,1
c4_030,4,-89.976421,21.170978,1989.0,0.7459723949432373,1
c5_001,5,-90.044328,21.155349,1989.0,-0.5999057292938232,1
c5_005,5,-90.011722,21.165858,1989.0,-0.46818700432777405,1
c5_020,5,-90.002829,21.15642738342285,1989.0,0.7540319561958313,1
c5_022,5,-90.004985,21.156696319580078,1989.0,0.3786219358444214,1
c5_004,5,-90.039477,21.155618,1989.0,0.29418355226516724,1
c5_006,5,-90.006063,21.155078887939453,1989.0,0.5414917469024658,1
c5_009,5,-90.039477,21.156966,1989.0,0.3273019790649414,1
c5_012,5,-89.996093,21.155349,1989.0,0.28468745946884155,1
c5_014,5,-90.042711,21.155618,1989.0,0.30933675169944763,1
c5_015,5,-90.061304,21.156156539916992,1989.0,0.2818029820919037,1
c5_016,5,-90.036783,21.156966,1989.0,0.4812777042388916,1
c5_018,5,-90.02816009521484,21.156696319580078,1989.0,0.3998141884803772,1
c5_019,5,-90.037321,21.158313,1989.0,0.36204254627227783,1
c5_021,5,-90.062921,21.154541015625,1989.0,-0.07306806743144989,1
c5_023,5,-90.031932,21.158044,1989.0,0.18855859339237213,1
c5_027,5,-90.037052,21.159929275512695,1989.0,0.47849032282829285,1
c5_028,5,-90.03813171386719,21.155349,1989.0,0.3273019790649414,1
c5_029,5,-90.035166,21.156156539916992,1989.0,0.5415370464324951,1
c5_030,5,-90.030585,21.15750503540039,1989.0,0.44364359974861145,1
c5_011,5,-90.064538,21.154541015625,1989.0,0.5267569422721863,1
c5_013,5,-89.998248,21.172326,1989.0,0.5593889951705933,1
c5_024,5,-89.988009,21.162355422973633,1989.0,0.66944420337677,1
c5_008,5,-90.057262,21.155349,1989.0,0.5382755398750305,1
c5_026,5,-89.996632,21.160737991333008,1989.0,0.31910404562950134,1
c5_007,5,-90.08124542236328,21.149421,1989.0,0.5344414710998535,1
c1_001,1,-90.092293,21.134868621826172,1990.0,0.6687070727348328,6
c1_002,1,-90.057262,21.116815,1990.0,0.6845989227294922,6
c1_003,1,-90.097413,21.129209518432617,1990.0,0.7055588364601135,6
c1_004,1,-90.051873,21.142684,1990.0,0.8771983981132507,6
c1_005,1,-90.116815,21.0882511138916,1990.0,0.6931898593902588,6
c1_006,1,-90.066694,21.0987606048584,1990.0,0.6908242106437683,6
c1_007,1,-89.974805,21.120318,1990.0,0.7722718119621277,6
c1_008,1,-89.979925,21.132444381713867,1990.0,0.7322955131530762,6
c1_009,1,-89.988278,21.157773971557617,1990.0,0.7277111411094666,6
c1_010,1,-90.062921,21.101186,1990.0,0.5739363431930542,6
c1_011,1,-90.004177,21.130558013916016,1990.0,0.7229282259941101,6
c1_012,1,-90.070197,21.140798,1990.0,0.6509012579917908,6
c1_013,1,-89.989086,21.127055,1990.0,0.6006196141242981,6
c1_014,1,-90.05834197998047,21.147265,1990.0,0.740875244140625,6
c1_015,1,-90.073969,21.147265,1990.0,0.6965013146400452,6
c1_016,1,-89.955672,21.141876220703125,1990.0,0.7271632552146912,6
c1_017,1,-89.95162963867188,21.132444381713867,1990.0,0.8134869933128357,6
c1_018,1,-90.08124542236328,21.135408401489258,1990.0,0.7602034211158752,6
c1_019,1,-90.112234,21.128671646118164,1990.0,0.5412439703941345,6
c1_020,1,-89.977499,21.129480361938477,1990.0,0.6509092450141907,6
c1_021,1,-90.07855224609375,21.141337,1990.0,0.6508726477622986,6
c1_022,1,-90.075317,21.103341,1990.0,0.8060465455055237,6
c1_023,1,-90.067502,21.106845,1990.0,0.7717536687850952,6
c1_024,1,-89.947319,21.188493728637695,1990.0,0.6999850869178772,6
c1_025,1,-90.09876251220703,21.119779,1990.0,0.6506720185279846,6
c1_026,1,-89.945702,21.14322280883789,1990.0,0.5148563981056213,6
c1_027,1,-90.054837,21.112503051757812,1990.0,0.7603060007095337,6
c1_028,1,-90.010105,21.151576,1990.0,0.8086265325546265,6
c1_029,1,-90.113042,21.085018157958984,1990.0,0.7776302099227905,6
c1_030,1,-90.110348,21.111964,1990.0,0.657421886920929,6
c2_001,2,-89.941929,21.138911,1990.0,0.7391753196716309,6
c2_002,2,-90.100647,21.146995,1990.0,0.8334588408470154,6
c2_003,2,-90.111964,21.138642,1990.0,0.6421334743499756,6
c2_004,2,-90.118971,21.110347747802734,1990.0,0.6000993251800537,6
c2_005,2,-90.117084,21.092023849487305,1990.0,0.7508304715156555,6
c2_006,2,-90.070466,21.094718,1990.0,0.7607179880142212,6
c2_007,2,-89.99231719970703,21.149690628051758,1990.0,0.6456533074378967,6
c2_008,2,-90.042172,21.114389419555664,1990.0,0.5739363431930542,6
c2_009,2,-90.117893,21.135947,1990.0,0.5990200042724609,6
c2_010,2,-90.006871,21.131097,1990.0,0.6762469410896301,6
c2_011,2,-89.946241,21.164511,1990.0,0.788914680480957,6
c2_012,2,-90.101725,21.08043670654297,1990.0,0.6677364706993103,6
c2_013,2,-90.00768280029297,21.128133,1990.0,0.7077411413192749,6
c2_014,2,-90.097413,21.149959564208984,1990.0,0.7684481143951416,6
c2_015,2,-90.052412,21.098222,1990.0,0.80828857421875,6
c2_016,2,-89.955672,21.166936,1990.0,0.3522368371486664,6
c2_017,2,-89.985853,21.152385,1990.0,0.6379835605621338,6
c2_018,2,-90.039477,21.152654,1990.0,0.6120572686195374,6
c2_019,2,-90.120049,21.121396,1990.0,0.5807918906211853,6
c2_020,2,-90.051334,21.10765266418457,1990.0,0.7791354656219482,6
c2_021,2,-90.070197,21.091215133666992,1990.0,0.6769909262657166,6
c2_022,2,-90.094988,21.123282,1990.0,0.4971993863582611,6
c2_023,2,-89.966182,21.124359130859375,1990.0,0.644829273223877,6
c2_024,2,-90.085287,21.123552322387695,1990.0,0.7389078140258789,6
c2_025,2,-90.074239,21.092832,1990.0,0.7524477243423462,6
c2_026,2,-90.101455,21.144301,1990.0,0.6082640886306763,6
c2_027,2,-89.997979,21.154002,1990.0,0.7949668765068054,6
c2_028,2,-89.968607,21.116275787353516,1990.0,0.8114724159240723,6
c2_029,2,-89.975344,21.13729476928711,1990.0,0.736697256565094,6
c2_030,2,-90.025195,21.116544723510742,1990.0,0.7390163540840149,6
c10_004,3,-90.028968,21.158313,1990.0,0.1285237818956375,6
c10_002,3,-90.03301239013672,21.158044,1990.0,0.27869662642478943,6
c10_003,3,-90.032741,21.159122467041016,1990.0,0.1581253707408905,6
c10_005,3,-90.030585,21.158044,1990.0,0.218850240111351,6
c3_029,3,-90.08555603027344,21.149690628051758,1990.0,0.40035468339920044,6
c10_001,3,-89.95405578613281,21.163972,1990.0,0.4588712453842163,6
c3_009,3,-89.986931,21.149959564208984,1990.0,0.763866126537323,6
c3_028,3,-89.982619,21.180679,1990.0,0.7512471079826355,6
c3_005,3,-90.031124,21.124629,1990.0,0.7756674885749817,6
c3_002,3,-89.995823,21.13837242126465,1990.0,0.698378324508667,6
c3_008,3,-89.951091,21.200081,1990.0,0.668083131313324,6
c3_013,3,-89.951361,21.199003219604492,1990.0,0.6811727285385132,6
c3_016,3,-89.949205,21.20115852355957,1990.0,0.7490344643592834,6
c3_021,3,-89.950013,21.19927215576172,1990.0,0.6407474279403687,6
c3_018,3,-90.1038818359375,21.086095,1990.0,0.7870399951934814,6
c3_003,3,-89.995284,21.139720916748047,1990.0,0.698378324508667,6
c3_007,3,-89.964834,21.14322280883789,1990.0,0.693346381187439,6
c3_011,3,-90.008758,21.113311767578125,1990.0,0.7322955131530762,6
c3_017,3,-89.980733,21.145648,1990.0,0.6267998814582825,6
c3_027,3,-90.016572,21.116006,1990.0,0.7276621460914612,6
c3_010,3,-89.973188,21.186607360839844,1990.0,0.6326104998588562,6
c3_024,3,-90.088521,21.146726,1990.0,0.4536631107330322,6
c3_025,3,-89.943007,21.170978,1990.0,0.5981460809707642,6
c3_019,3,-89.958906,21.12489891052246,1990.0,0.767704427242279,6
c3_023,3,-90.00040435791016,21.138642,1990.0,0.6221387982368469,6
c3_012,3,-90.000135,21.130826950073242,1990.0,0.7320209741592407,6
c3_020,3,-89.986392,21.159391403198242,1990.0,0.7756674885749817,6
c3_026,3,-90.014417,21.114659,1990.0,0.7450803518295288,6
c3_014,3,-89.945702,21.20331382751465,1990.0,0.668083131313324,6
c3_030,3,-90.104958,21.09660530090332,1990.0,0.6254213452339172,6
c3_001,3,-90.072083,21.088790893554688,1990.0,0.7818819284439087,6
c3_004,3,-90.046214,21.096874237060547,1990.0,0.745019257068634,6
c3_006,3,-89.973188,21.15966033935547,1990.0,0.7277111411094666,6
c3_015,3,-90.011722,21.112503051757812,1990.0,0.7856312394142151,6
c3_022,3,-90.041364,21.099029541015625,1990.0,0.6638832092285156,6
c4_001,4,-89.957828,21.178254,1990.0,0.12694507837295532,6
c4_002,4,-89.963217,21.190109252929688,1990.0,0.11150438338518143,6
c4_003,4,-89.950822,21.1922664642334,1990.0,-0.07917984575033188,6
c4_004,4,-89.992859,21.172864,1990.0,0.26805147528648376,6
c4_005,4,-89.940313,21.199811,1990.0,-0.20970536768436432,6
c4_006,4,-89.939774,21.204662322998047,1990.0,-0.041347503662109375,6
c4_007,4,-90.070736,21.130288,1990.0,0.5941425561904907,6
c4_008,4,-89.998518,21.119239807128906,1990.0,0.6007828712463379,6
c4_009,4,-90.035705,21.144301,1990.0,0.5147032141685486,6
c4_010,4,-90.029776,21.160737991333008,1990.0,0.17313171923160553,6
c4_011,4,-90.036244,21.152114868164062,1990.0,0.6635335683822632,6
c4_012,4,-90.106306,21.113851,1990.0,0.4106006324291229,6
c4_013,4,-89.943007,21.202506,1990.0,-0.20318786799907684,6
c4_014,4,-89.956481,21.189302444458008,1990.0,0.1127835214138031,6
c4_015,4,-90.1038818359375,21.116006,1990.0,0.548477828502655,6
c4_016,4,-89.943277,21.199542,1990.0,-0.17333705723285675,6
c4_017,4,-90.07369995117188,21.133522033691406,1990.0,0.5312967896461487,6
c4_018,4,-89.996632,21.15022850036621,1990.0,0.44185957312583923,6
c4_019,4,-90.022501,21.156966,1990.0,0.1236777976155281,6
c4_020,4,-89.981811,21.164511,1990.0,0.4557463526725769,6
c4_021,4,-90.001482,21.169092178344727,1990.0,0.5808682441711426,6
c4_022,4,-89.99259185791016,21.120318,1990.0,0.6931909322738647,6
c4_023,4,-89.955133,21.188493728637695,1990.0,0.038140930235385895,6
c4_024,4,-89.966182,21.181218,1990.0,-0.03684546425938606,6
c4_025,4,-89.952439,21.1922664642334,1990.0,0.3819234073162079,6
c4_026,4,-90.034357,21.160199,1990.0,0.27150049805641174,6
c4_027,4,-89.966451,21.182565,1990.0,-0.04751495271921158,6
c4_028,4,-89.958636,21.177175521850586,1990.0,0.03631693124771118,6
c4_029,4,-90.074778,21.130826950073242,1990.0,0.4580751359462738,6
c4_030,4,-89.976421,21.170978,1990.0,0.047045134007930756,6
c5_001,5,-90.044328,21.155349,1990.0,0.5160743594169617,6
c5_005,5,-90.011722,21.165858,1990.0,0.21424895524978638,6
c5_020,5,-90.002829,21.15642738342285,1990.0,0.680662214756012,6
c5_022,5,-90.004985,21.156696319580078,1990.0,0.2789999544620514,6
c5_002,5,-90.066424,21.152114868164062,1990.0,0.37625551223754883,6
c5_004,5,-90.039477,21.155618,1990.0,0.23478443920612335,6
c5_006,5,-90.006063,21.155078887939453,1990.0,0.37786442041397095,6
c5_009,5,-90.039477,21.156966,1990.0,0.2751471698284149,6
c5_010,5,-90.032202,21.159391403198242,1990.0,0.37904176115989685,6
c5_012,5,-89.996093,21.155349,1990.0,0.5552136301994324,6
c5_014,5,-90.042711,21.155618,1990.0,0.3012639284133911,6
c5_015,5,-90.061304,21.156156539916992,1990.0,0.2157452404499054,6
c5_016,5,-90.036783,21.156966,1990.0,0.15130028128623962,6
c5_018,5,-90.02816009521484,21.156696319580078,1990.0,0.3012639284133911,6
c5_019,5,-90.037321,21.158313,1990.0,0.4386857748031616,6
c5_021,5,-90.062921,21.154541015625,1990.0,0.7721266746520996,6
c5_023,5,-90.031932,21.158044,1990.0,0.6891712546348572,6
c5_025,5,-90.074778,21.151845932006836,1990.0,0.5639891028404236,6
c5_027,5,-90.037052,21.159929275512695,1990.0,0.6330464482307434,6
c5_028,5,-90.03813171386719,21.155349,1990.0,0.31780725717544556,6
c5_029,5,-90.035166,21.156156539916992,1990.0,0.3277571499347687,6
c5_030,5,-90.030585,21.15750503540039,1990.0,0.848507821559906,6
c5_011,5,-90.064538,21.154541015625,1990.0,0.26382651925086975,6
c5_013,5,-89.998248,21.172326,1990.0,0.7564561367034912,6
c5_024,5,-89.988009,21.162355422973633,1990.0,0.7721654176712036,6
c5_008,5,-90.057262,21.155349,1990.0,0.1623467206954956,6
c5_017,5,-90.036513,21.154271,1990.0,0.5180838108062744,6
c5_026,5,-89.996632,21.160737991333008,1990.0,0.2681429088115692,6
c5_003,5,-89.978038,21.180139541625977,1990.0,0.40251171588897705,6
c5_007,5,-90.08124542236328,21.149421,1990.0,0.4559518098831177,6
c1_001,1,-90.092293,21.134868621826172,1991.0,0.8537976145744324,8
c1_002,1,-90.057262,21.116815,1991.0,0.5303110480308533,8
c1_003,1,-90.097413,21.129209518432617,1991.0,0.7265211343765259,8
c1_004,1,-90.051873,21.142684,1991.0,0.5730430483818054,8
c1_005,1,-90.116815,21.0882511138916,1991.0,0.7008325457572937,8
c1_006,1,-90.066694,21.0987606048584,1991.0,0.6814905405044556,8
c1_007,1,-89.974805,21.120318,1991.0,0.8333373069763184,8
c1_008,1,-89.979925,21.132444381713867,1991.0,0.7190285921096802,8
c1_009,1,-89.988278,21.157773971557617,1991.0,0.7783957719802856,8
c1_010,1,-90.062921,21.101186,1991.0,0.5501697659492493,8
c1_011,1,-90.004177,21.130558013916016,1991.0,0.8309781551361084,8
c1_012,1,-90.070197,21.140798,1991.0,0.7639461159706116,8
c1_013,1,-89.989086,21.127055,1991.0,0.5863634943962097,8
c1_014,1,-90.05834197998047,21.147265,1991.0,0.7054842710494995,8
c1_015,1,-90.073969,21.147265,1991.0,0.5409681797027588,8
c1_016,1,-89.955672,21.141876220703125,1991.0,0.7172739505767822,8
c1_017,1,-89.95162963867188,21.132444381713867,1991.0,0.7038149237632751,8
c1_018,1,-90.08124542236328,21.135408401489258,1991.0,0.6803181171417236,8
c1_019,1,-90.112234,21.128671646118164,1991.0,0.561137855052948,8
c1_020,1,-89.977499,21.129480361938477,1991.0,0.6943004727363586,8
c1_021,1,-90.07855224609375,21.141337,1991.0,0.7339273691177368,8
c1_022,1,-90.075317,21.103341,1991.0,0.7886640429496765,8
c1_023,1,-90.067502,21.106845,1991.0,0.7957049012184143,8
c1_024,1,-89.947319,21.188493728637695,1991.0,0.6886461973190308,8
c1_025,1,-90.09876251220703,21.119779,1991.0,0.6899368166923523,8
c1_026,1,-89.945702,21.14322280883789,1991.0,0.7031729221343994,8
c1_027,1,-90.054837,21.112503051757812,1991.0,0.7726121544837952,8
c1_028,1,-90.010105,21.151576,1991.0,0.8494898676872253,8
c1_029,1,-90.113042,21.085018157958984,1991.0,0.8544987440109253,8
c1_030,1,-90.110348,21.111964,1991.0,0.6634335517883301,8
c2_001,2,-89.941929,21.138911,1991.0,0.6681966185569763,8
c2_002,2,-90.100647,21.146995,1991.0,0.25397250056266785,8
c2_003,2,-90.111964,21.138642,1991.0,0.5911446809768677,8
c2_004,2,-90.118971,21.110347747802734,1991.0,0.5822038650512695,8
c2_005,2,-90.117084,21.092023849487305,1991.0,0.8637666702270508,8
c2_006,2,-90.070466,21.094718,1991.0,0.7426406145095825,8
c2_007,2,-89.99231719970703,21.149690628051758,1991.0,0.6327721476554871,8
c2_008,2,-90.042172,21.114389419555664,1991.0,0.5635387301445007,8
c2_009,2,-90.117893,21.135947,1991.0,0.3988869786262512,8
c2_010,2,-90.006871,21.131097,1991.0,0.652546226978302,8
c2_011,2,-89.946241,21.164511,1991.0,0.7104362845420837,8
c2_012,2,-90.101725,21.08043670654297,1991.0,0.7111946940422058,8
c2_013,2,-90.00768280029297,21.128133,1991.0,0.6950492858886719,8
c2_014,2,-90.097413,21.149959564208984,1991.0,0.5893272757530212,8
c2_015,2,-90.052412,21.098222,1991.0,0.6951018571853638,8
c2_016,2,-89.955672,21.166936,1991.0,0.27315565943717957,8
c2_017,2,-89.985853,21.152385,1991.0,0.6336742639541626,8
c2_018,2,-90.039477,21.152654,1991.0,0.6383776664733887,8
c2_019,2,-90.120049,21.121396,1991.0,0.7177673578262329,8
c2_020,2,-90.051334,21.10765266418457,1991.0,0.8029260635375977,8
c2_021,2,-90.070197,21.091215133666992,1991.0,0.5811688899993896,8
c2_022,2,-90.094988,21.123282,1991.0,0.47398602962493896,8
c2_023,2,-89.966182,21.124359130859375,1991.0,0.6374490261077881,8
c2_024,2,-90.085287,21.123552322387695,1991.0,0.691542387008667,8
c2_025,2,-90.074239,21.092832,1991.0,0.7317172288894653,8
c2_026,2,-90.101455,21.144301,1991.0,0.5833739042282104,8
c2_027,2,-89.997979,21.154002,1991.0,0.8401200771331787,8
c2_028,2,-89.968607,21.116275787353516,1991.0,0.7816123962402344,8
c2_029,2,-89.975344,21.13729476928711,1991.0,0.7668942809104919,8
c2_030,2,-90.025195,21.116544723510742,1991.0,0.7140461802482605,8
c10_004,3,-90.028968,21.158313,1991.0,0.4959668815135956,8
c10_002,3,-90.03301239013672,21.158044,1991.0,0.21611511707305908,8
c10_003,3,-90.032741,21.159122467041016,1991.0,0.0761248767375946,8
c10_005,3,-90.030585,21.158044,1991.0,0.21157455444335938,8
c3_029,3,-90.08555603027344,21.149690628051758,1991.0,0.4616223871707916,8
c10_001,3,-89.95405578613281,21.163972,1991.0,0.4378325045108795,8
c3_009,3,-89.986931,21.149959564208984,1991.0,0.7335270643234253,8
c3_028,3,-89.982619,21.180679,1991.0,0.6949782371520996,8
c3_005,3,-90.031124,21.124629,1991.0,0.7109934091567993,8
c3_002,3,-89.995823,21.13837242126465,1991.0,0.7726463675498962,8
c3_008,3,-89.951091,21.200081,1991.0,0.6664091348648071,8
c3_013,3,-89.951361,21.199003219604492,1991.0,0.5754044651985168,8
c3_016,3,-89.949205,21.20115852355957,1991.0,0.7130928635597229,8
c3_021,3,-89.950013,21.19927215576172,1991.0,0.5658361315727234,8
c3_018,3,-90.1038818359375,21.086095,1991.0,0.8144586682319641,8
c3_003,3,-89.995284,21.139720916748047,1991.0,0.7618033289909363,8
c3_007,3,-89.964834,21.14322280883789,1991.0,0.7262471914291382,8
c3_011,3,-90.008758,21.113311767578125,1991.0,0.7374534606933594,8
c3_017,3,-89.980733,21.145648,1991.0,0.5721955895423889,8
c3_027,3,-90.016572,21.116006,1991.0,0.6650207042694092,8
c3_010,3,-89.973188,21.186607360839844,1991.0,0.7097660303115845,8
c3_024,3,-90.088521,21.146726,1991.0,0.2516530156135559,8
c3_025,3,-89.943007,21.170978,1991.0,0.6073808073997498,8
c3_019,3,-89.958906,21.12489891052246,1991.0,0.8464917540550232,8
c3_023,3,-90.00040435791016,21.138642,1991.0,0.5818799138069153,8
c3_012,3,-90.000135,21.130826950073242,1991.0,0.7800279855728149,8
c3_020,3,-89.986392,21.159391403198242,1991.0,0.7727816104888916,8
c3_026,3,-90.014417,21.114659,1991.0,0.7159688472747803,8
c3_014,3,-89.945702,21.20331382751465,1991.0,0.7455430626869202,8
c3_030,3,-90.104958,21.09660530090332,1991.0,0.5757454633712769,8
c3_001,3,-90.072083,21.088790893554688,1991.0,0.7517586350440979,8
c3_004,3,-90.046214,21.096874237060547,1991.0,0.6126149296760559,8
c3_006,3,-89.973188,21.15966033935547,1991.0,0.7837755680084229,8
c3_015,3,-90.011722,21.112503051757812,1991.0,0.7875381112098694,8
c3_022,3,-90.041364,21.099029541015625,1991.0,0.6371274590492249,8
c4_001,4,-89.957828,21.178254,1991.0,0.1347091645002365,8
c4_002,4,-89.963217,21.190109252929688,1991.0,0.16576141119003296,8
c4_003,4,-89.950822,21.1922664642334,1991.0,0.1881697028875351,8
c4_004,4,-89.992859,21.172864,1991.0,0.002614149358123541,8
c4_005,4,-89.940313,21.199811,1991.0,0.10390125215053558,8
c4_006,4,-89.939774,21.204662322998047,1991.0,0.07578807324171066,8
c4_007,4,-90.070736,21.130288,1991.0,0.5684827566146851,8
c4_008,4,-89.998518,21.119239807128906,1991.0,0.5072404146194458,8
c4_009,4,-90.035705,21.144301,1991.0,0.474836140871048,8
c4_010,4,-90.029776,21.160737991333008,1991.0,0.002867321250960231,8
c4_011,4,-90.036244,21.152114868164062,1991.0,0.5101163983345032,8
c4_012,4,-90.106306,21.113851,1991.0,0.5002270340919495,8
c4_013,4,-89.943007,21.202506,1991.0,0.09203631430864334,8
c4_014,4,-89.956481,21.189302444458008,1991.0,0.1561664193868637,8
c4_015,4,-90.1038818359375,21.116006,1991.0,0.5002270340919495,8
c4_016,4,-89.943277,21.199542,1991.0,-0.0791696086525917,8
c4_017,4,-90.07369995117188,21.133522033691406,1991.0,0.49439993500709534,8
c4_018,4,-89.996632,21.15022850036621,1991.0,0.44463035464286804,8
c4_019,4,-90.022501,21.156966,1991.0,0.07757624238729477,8
c4_020,4,-89.981811,21.164511,1991.0,0.31186869740486145,8
c4_021,4,-90.001482,21.169092178344727,1991.0,-0.031081872060894966,8
c4_022,4,-89.99259185791016,21.120318,1991.0,0.614335298538208,8
c4_023,4,-89.955133,21.188493728637695,1991.0,0.12756511569023132,8
c4_025,4,-89.952439,21.1922664642334,1991.0,0.17369168996810913,8
c4_026,4,-90.034357,21.160199,1991.0,0.07299569249153137,8
c4_027,4,-89.966451,21.182565,1991.0,0.022204319015145302,8
c4_028,4,-89.958636,21.177175521850586,1991.0,0.10324232280254364,8
c4_029,4,-90.074778,21.130826950073242,1991.0,0.5500565767288208,8
c4_030,4,-89.976421,21.170978,1991.0,0.0753462091088295,8
c5_001,5,-90.044328,21.155349,1991.0,0.2671230435371399,8
c5_005,5,-90.011722,21.165858,1991.0,0.026806127279996872,8
c5_020,5,-90.002829,21.15642738342285,1991.0,0.35572344064712524,8
c5_022,5,-90.004985,21.156696319580078,1991.0,0.20548859238624573,8
c5_002,5,-90.066424,21.152114868164062,1991.0,0.3250853419303894,8
c5_004,5,-90.039477,21.155618,1991.0,0.33365368843078613,8
c5_006,5,-90.006063,21.155078887939453,1991.0,0.25880327820777893,8
c5_009,5,-90.039477,21.156966,1991.0,0.24291032552719116,8
c5_010,5,-90.032202,21.159391403198242,1991.0,0.1060858815908432,8
c5_012,5,-89.996093,21.155349,1991.0,0.36458125710487366,8
c5_014,5,-90.042711,21.155618,1991.0,0.4716320335865021,8
c5_015,5,-90.061304,21.156156539916992,1991.0,0.25421369075775146,8
c5_016,5,-90.036783,21.156966,1991.0,0.16444529592990875,8
c5_018,5,-90.02816009521484,21.156696319580078,1991.0,0.24990932643413544,8
c5_019,5,-90.037321,21.158313,1991.0,0.22153343260288239,8
c5_021,5,-90.062921,21.154541015625,1991.0,0.15640342235565186,8
c5_023,5,-90.031932,21.158044,1991.0,0.15268638730049133,8
c5_025,5,-90.074778,21.151845932006836,1991.0,0.4050157070159912,8
c5_027,5,-90.037052,21.159929275512695,1991.0,0.1378410905599594,8
c5_028,5,-90.03813171386719,21.155349,1991.0,0.34941166639328003,8
c5_029,5,-90.035166,21.156156539916992,1991.0,0.22674055397510529,8
c5_030,5,-90.030585,21.15750503540039,1991.0,0.2352597862482071,8
c5_011,5,-90.064538,21.154541015625,1991.0,0.14174312353134155,8
c5_013,5,-89.998248,21.172326,1991.0,0.698696494102478,8
c5_024,5,-89.988009,21.162355422973633,1991.0,0.6692067384719849,8
c5_008,5,-90.057262,21.155349,1991.0,0.14632755517959595,8
c5_017,5,-90.036513,21.154271,1991.0,0.29228705167770386,8
c5_026,5,-89.996632,21.160737991333008,1991.0,0.22847791016101837,8
c5_003,5,-89.978038,21.180139541625977,1991.0,0.2631457448005676,8
c5_007,5,-90.08124542236328,21.149421,1991.0,0.43672603368759155,8
c1_001,1,-90.092293,21.134868621826172,1992.0,0.7060216665267944,18
c1_002,1,-90.057262,21.116815,1992.0,0.6643893718719482,18
c1_003,1,-90.097413,21.129209518432617,1992.0,0.6780648827552795,18
c1_004,1,-90.051873,21.142684,1992.0,0.7360621690750122,18
c1_005,1,-90.116815,21.0882511138916,1992.0,0.7534074783325195,18
c1_006,1,-90.066694,21.0987606048584,1992.0,0.7785808444023132,18
c1_007,1,-89.974805,21.120318,1992.0,0.7281445264816284,18
c1_008,1,-89.979925,21.132444381713867,1992.0,0.7101507782936096,18
c1_009,1,-89.988278,21.157773971557617,1992.0,0.743160605430603,18
c1_010,1,-90.062921,21.101186,1992.0,0.6718011498451233,18
c1_011,1,-90.004177,21.130558013916016,1992.0,0.7000014781951904,18
c1_012,1,-90.070197,21.140798,1992.0,0.7182232141494751,18
c1_013,1,-89.989086,21.127055,1992.0,0.6048905849456787,18
c1_014,1,-90.05834197998047,21.147265,1992.0,0.7812331318855286,18
c1_015,1,-90.073969,21.147265,1992.0,0.6328086256980896,18
c1_016,1,-89.955672,21.141876220703125,1992.0,0.7704245448112488,18
c1_017,1,-89.95162963867188,21.132444381713867,1992.0,0.7276896238327026,18
c1_018,1,-90.08124542236328,21.135408401489258,1992.0,0.7626572251319885,18
c1_019,1,-90.112234,21.128671646118164,1992.0,0.47520947456359863,18
c1_020,1,-89.977499,21.129480361938477,1992.0,0.6669941544532776,18
c1_021,1,-90.07855224609375,21.141337,1992.0,0.6221001744270325,18
c1_022,1,-90.075317,21.103341,1992.0,0.7924957275390625,18
c1_023,1,-90.067502,21.106845,1992.0,0.7904593348503113,18
c1_024,1,-89.947319,21.188493728637695,1992.0,0.7123352289199829,18
c1_025,1,-90.09876251220703,21.119779,1992.0,0.6687490940093994,18
c1_026,1,-89.945702,21.14322280883789,1992.0,0.6934453845024109,18
c1_027,1,-90.054837,21.112503051757812,1992.0,0.7816887497901917,18
c1_028,1,-90.010105,21.151576,1992.0,0.6560954451560974,18
c1_029,1,-90.113042,21.085018157958984,1992.0,0.791646420955658,18
c1_030,1,-90.110348,21.111964,1992.0,0.6562292575836182,18
c2_001,2,-89.941929,21.138911,1992.0,0.7417786717414856,18
c2_002,2,-90.100647,21.146995,1992.0,0.4756285846233368,18
c2_003,2,-90.111964,21.138642,1992.0,0.5996439456939697,18
c2_004,2,-90.118971,21.110347747802734,1992.0,0.636964738368988,18
c2_005,2,-90.117084,21.092023849487305,1992.0,0.7865924835205078,18
c2_006,2,-90.070466,21.094718,1992.0,0.7962260246276855,18
c2_007,2,-89.99231719970703,21.149690628051758,1992.0,0.5640566349029541,18
c2_008,2,-90.042172,21.114389419555664,1992.0,0.6374000906944275,18
c2_009,2,-90.117893,21.135947,1992.0,0.5706061124801636,18
c2_010,2,-90.006871,21.131097,1992.0,0.6417655348777771,18
c2_011,2,-89.946241,21.164511,1992.0,0.735826849937439,18
c2_012,2,-90.101725,21.08043670654297,1992.0,0.782276451587677,18
c2_013,2,-90.00768280029297,21.128133,1992.0,0.7005863189697266,18
c2_014,2,-90.097413,21.149959564208984,1992.0,0.5579783320426941,18
c2_015,2,-90.052412,21.098222,1992.0,0.7633476853370667,18
c2_016,2,-89.955672,21.166936,1992.0,0.1815301924943924,18
c2_017,2,-89.985853,21.152385,1992.0,0.6861178278923035,18
c2_018,2,-90.039477,21.152654,1992.0,0.7180817723274231,18
c2_019,2,-90.120049,21.121396,1992.0,0.69890296459198,18
c2_020,2,-90.051334,21.10765266418457,1992.0,0.8081783652305603,18
c2_021,2,-90.070197,21.091215133666992,1992.0,0.7612071633338928,18
c2_022,2,-90.094988,21.123282,1992.0,0.4615533947944641,18
c2_023,2,-89.966182,21.124359130859375,1992.0,0.6575011610984802,18
c2_024,2,-90.085287,21.123552322387695,1992.0,0.7092688679695129,18
c2_025,2,-90.074239,21.092832,1992.0,0.7757015228271484,18
c2_026,2,-90.101455,21.144301,1992.0,0.5411479473114014,18
c2_027,2,-89.997979,21.154002,1992.0,0.6190513968467712,18
c2_028,2,-89.968607,21.116275787353516,1992.0,0.7901999354362488,18
c2_029,2,-89.975344,21.13729476928711,1992.0,0.7070631384849548,18
c2_030,2,-90.025195,21.116544723510742,1992.0,0.7615391612052917,18
c10_004,3,-90.028968,21.158313,1992.0,0.22697418928146362,18
c10_002,3,-90.03301239013672,21.158044,1992.0,0.305711954832077,18
c10_003,3,-90.032741,21.159122467041016,1992.0,0.2618509531021118,18
c10_005,3,-90.030585,21.158044,1992.0,0.27139005064964294,18
c3_029,3,-90.08555603027344,21.149690628051758,1992.0,0.22826746106147766,18
c10_001,3,-89.95405578613281,21.163972,1992.0,0.3422601819038391,18
c3_009,3,-89.986931,21.149959564208984,1992.0,0.8070341944694519,18
c3_028,3,-89.982619,21.180679,1992.0,0.8189644813537598,18
c3_005,3,-90.031124,21.124629,1992.0,0.7903609871864319,18
c3_002,3,-89.995823,21.13837242126465,1992.0,0.7185465097427368,18
c3_008,3,-89.951091,21.200081,1992.0,0.726767897605896,18
c3_013,3,-89.951361,21.199003219604492,1992.0,0.5733201503753662,18
c3_016,3,-89.949205,21.20115852355957,1992.0,0.7798793315887451,18
c3_021,3,-89.950013,21.19927215576172,1992.0,0.5264425873756409,18
c3_018,3,-90.1038818359375,21.086095,1992.0,0.8062300086021423,18
c3_003,3,-89.995284,21.139720916748047,1992.0,0.7273584008216858,18
c3_007,3,-89.964834,21.14322280883789,1992.0,0.6686111688613892,18
c3_011,3,-90.008758,21.113311767578125,1992.0,0.7733422517776489,18
c3_017,3,-89.980733,21.145648,1992.0,0.6827353835105896,18
c3_027,3,-90.016572,21.116006,1992.0,0.7473446130752563,18
c3_010,3,-89.973188,21.186607360839844,1992.0,0.7891262769699097,18
c3_024,3,-90.088521,21.146726,1992.0,0.3315260708332062,18
c3_025,3,-89.943007,21.170978,1992.0,0.6166954636573792,18
c3_019,3,-89.958906,21.12489891052246,1992.0,0.8162611722946167,18
c3_023,3,-90.00040435791016,21.138642,1992.0,0.6579140424728394,18
c3_012,3,-90.000135,21.130826950073242,1992.0,0.7525968551635742,18
c3_020,3,-89.986392,21.159391403198242,1992.0,0.7594591975212097,18
c3_026,3,-90.014417,21.114659,1992.0,0.7886930704116821,18
c3_014,3,-89.945702,21.20331382751465,1992.0,0.7946544289588928,18
c3_030,3,-90.104958,21.09660530090332,1992.0,0.6492665410041809,18
c3_001,3,-90.072083,21.088790893554688,1992.0,0.7622708082199097,18
c3_004,3,-90.046214,21.096874237060547,1992.0,0.7351655960083008,18
c3_006,3,-89.973188,21.15966033935547,1992.0,0.7508452534675598,18
c3_015,3,-90.011722,21.112503051757812,1992.0,0.7360261678695679,18
c3_022,3,-90.041364,21.099029541015625,1992.0,0.7136836051940918,18
c4_001,4,-89.957828,21.178254,1992.0,0.31968843936920166,18
c4_002,4,-89.963217,21.190109252929688,1992.0,0.1400860697031021,18
c4_003,4,-89.950822,21.1922664642334,1992.0,0.25738656520843506,18
c4_004,4,-89.992859,21.172864,1992.0,0.23323750495910645,18
c4_005,4,-89.940313,21.199811,1992.0,0.19554860889911652,18
c4_006,4,-89.939774,21.204662322998047,1992.0,0.21214354038238525,18
c4_007,4,-90.070736,21.130288,1992.0,0.5446441769599915,18
c4_008,4,-89.998518,21.119239807128906,1992.0,0.6700353026390076,18
c4_009,4,-90.035705,21.144301,1992.0,0.5620925426483154,18
c4_010,4,-90.029776,21.160737991333008,1992.0,0.22092615067958832,18
c4_011,4,-90.036244,21.152114868164062,1992.0,0.5686672925949097,18
c4_012,4,-90.106306,21.113851,1992.0,0.4671587347984314,18
c4_013,4,-89.943007,21.202506,1992.0,0.3337640166282654,18
c4_014,4,-89.956481,21.189302444458008,1992.0,0.4380960762500763,18
c4_015,4,-90.1038818359375,21.116006,1992.0,0.44812169671058655,18
c4_016,4,-89.943277,21.199542,1992.0,0.25785213708877563,18
c4_017,4,-90.07369995117188,21.133522033691406,1992.0,0.4453706741333008,18
c4_018,4,-89.996632,21.15022850036621,1992.0,0.27364975214004517,18
c4_019,4,-90.022501,21.156966,1992.0,0.18174411356449127,18
c4_020,4,-89.981811,21.164511,1992.0,0.37679168581962585,18
c4_021,4,-90.001482,21.169092178344727,1992.0,0.1683531105518341,18
c4_022,4,-89.99259185791016,21.120318,1992.0,0.7439471483230591,18
c4_023,4,-89.955133,21.188493728637695,1992.0,0.24181273579597473,18
c4_024,4,-89.966182,21.181218,1992.0,0.6142716407775879,18
c4_025,4,-89.952439,21.1922664642334,1992.0,0.4756940007209778,18
c4_026,4,-90.034357,21.160199,1992.0,0.28449177742004395,18
c4_027,4,-89.966451,21.182565,1992.0,0.3634958267211914,18
c4_028,4,-89.958636,21.177175521850586,1992.0,0.21047306060791016,18
c4_029,4,-90.074778,21.130826950073242,1992.0,0.6023399829864502,18
c4_030,4,-89.976421,21.170978,1992.0,0.12756991386413574,18
c5_001,5,-90.044328,21.155349,1992.0,0.2689262330532074,18
c5_005,5,-90.011722,21.165858,1992.0,0.1647220402956009,18
c5_020,5,-90.002829,21.15642738342285,1992.0,0.239500030875206,18
c5_022,5,-90.004985,21.156696319580078,1992.0,0.18895089626312256,18
c5_002,5,-90.066424,21.152114868164062,1992.0,0.3849218785762787,18
c5_004,5,-90.039477,21.155618,1992.0,0.2983725070953369,18
c5_006,5,-90.006063,21.155078887939453,1992.0,0.2751579284667969,18
c5_009,5,-90.039477,21.156966,1992.0,0.2572202980518341,18
c5_010,5,-90.032202,21.159391403198242,1992.0,0.20490600168704987,18
c5_012,5,-89.996093,21.155349,1992.0,0.19274742901325226,18
c5_014,5,-90.042711,21.155618,1992.0,0.3199918568134308,18
c5_015,5,-90.061304,21.156156539916992,1992.0,0.07852517068386078,18
c5_016,5,-90.036783,21.156966,1992.0,0.2908194363117218,18
c5_018,5,-90.02816009521484,21.156696319580078,1992.0,0.2467804253101349,18
c5_019,5,-90.037321,21.158313,1992.0,0.2572202980518341,18
c5_021,5,-90.062921,21.154541015625,1992.0,0.13842926919460297,18
c5_023,5,-90.031932,21.158044,1992.0,0.283831387758255,18
c5_025,5,-90.074778,21.151845932006836,1992.0,0.3131501376628876,18
c5_027,5,-90.037052,21.159929275512695,1992.0,0.249966099858284,18
c5_028,5,-90.03813171386719,21.155349,1992.0,0.2754882574081421,18
c5_029,5,-90.035166,21.156156539916992,1992.0,0.2689262330532074,18
c5_030,5,-90.030585,21.15750503540039,1992.0,0.3047320246696472,18
c5_011,5,-90.064538,21.154541015625,1992.0,0.34545207023620605,18
c5_013,5,-89.998248,21.172326,1992.0,0.6624881625175476,18
c5_024,5,-89.988009,21.162355422973633,1992.0,0.3045397698879242,18
c5_008,5,-90.057262,21.155349,1992.0,0.18201103806495667,18
c5_017,5,-90.036513,21.154271,1992.0,0.26288148760795593,18
c5_026,5,-89.996632,21.160737991333008,1992.0,0.23477639257907867,18
c5_003,5,-89.978038,21.180139541625977,1992.0,0.5054216980934143,18
c5_007,5,-90.08124542236328,21.149421,1992.0,0.3412257432937622,18
c1_001,1,-90.092293,21.134868621826172,1993.0,0.809454619884491,50
c1_002,1,-90.057262,21.116815,1993.0,0.7464649081230164,50
c1_003,1,-90.097413,21.129209518432617,1993.0,0.7034603357315063,50
c1_004,1,-90.051873,21.142684,1993.0,0.766196608543396,50
c1_005,1,-90.116815,21.0882511138916,1993.0,0.7794502377510071,50
c1_006,1,-90.066694,21.0987606048584,1993.0,0.8260574340820312,50
c1_007,1,-89.974805,21.120318,1993.0,0.8244728446006775,50
c1_008,1,-89.979925,21.132444381713867,1993.0,0.8033817410469055,50
c1_009,1,-89.988278,21.157773971557617,1993.0,0.8250215649604797,50
c1_010,1,-90.062921,21.101186,1993.0,0.6910830140113831,50
c1_011,1,-90.004177,21.130558013916016,1993.0,0.7996146082878113,50
c1_012,1,-90.070197,21.140798,1993.0,0.730955958366394,50
c1_013,1,-89.989086,21.127055,1993.0,0.7167925834655762,50
c1_014,1,-90.05834197998047,21.147265,1993.0,0.8349630832672119,50
c1_015,1,-90.073969,21.147265,1993.0,0.7972754836082458,50
c1_016,1,-89.955672,21.141876220703125,1993.0,0.8390933871269226,50
c1_017,1,-89.95162963867188,21.132444381713867,1993.0,0.8294450044631958,50
c1_018,1,-90.08124542236328,21.135408401489258,1993.0,0.7332096695899963,50
c1_019,1,-90.112234,21.128671646118164,1993.0,0.6706393361091614,50
c1_020,1,-89.977499,21.129480361938477,1993.0,0.7565190196037292,50
c1_021,1,-90.07855224609375,21.141337,1993.0,0.7419989109039307,50
c1_022,1,-90.075317,21.103341,1993.0,0.8114768862724304,50
c1_023,1,-90.067502,21.106845,1993.0,0.8259058594703674,50
c1_024,1,-89.947319,21.188493728637695,1993.0,0.8037048578262329,50
c1_025,1,-90.09876251220703,21.119779,1993.0,0.6722971200942993,50
c1_026,1,-89.945702,21.14322280883789,1993.0,0.8092928528785706,50
c1_027,1,-90.054837,21.112503051757812,1993.0,0.8224424123764038,50
c1_028,1,-90.010105,21.151576,1993.0,0.7938538789749146,50
c1_029,1,-90.113042,21.085018157958984,1993.0,0.8193649053573608,50
c1_030,1,-90.110348,21.111964,1993.0,0.736407995223999,50
c2_001,2,-89.941929,21.138911,1993.0,0.8312864303588867,50
c2_002,2,-90.100647,21.146995,1993.0,0.626750111579895,50
c2_003,2,-90.111964,21.138642,1993.0,0.7196313738822937,50
c2_004,2,-90.118971,21.110347747802734,1993.0,0.6506478786468506,50
c2_005,2,-90.117084,21.092023849487305,1993.0,0.8206964731216431,50
c2_006,2,-90.070466,21.094718,1993.0,0.8281161189079285,50
c2_007,2,-89.99231719970703,21.149690628051758,1993.0,0.7190923690795898,50
c2_008,2,-90.042172,21.114389419555664,1993.0,0.7068402767181396,50
c2_009,2,-90.117893,21.135947,1993.0,0.6834374666213989,50
c2_010,2,-90.006871,21.131097,1993.0,0.7868248820304871,50
c2_011,2,-89.946241,21.164511,1993.0,0.7789672613143921,50
c2_012,2,-90.101725,21.08043670654297,1993.0,0.7928645014762878,50
c2_013,2,-90.00768280029297,21.128133,1993.0,0.7667368054389954,50
c2_014,2,-90.097413,21.149959564208984,1993.0,0.7082586884498596,50
c2_015,2,-90.052412,21.098222,1993.0,0.7995414137840271,50
c2_016,2,-89.955672,21.166936,1993.0,0.4029372036457062,50
c2_017,2,-89.985853,21.152385,1993.0,0.7651643753051758,50
c2_018,2,-90.039477,21.152654,1993.0,0.7714329957962036,50
c2_019,2,-90.120049,21.121396,1993.0,0.8200178742408752,50
c2_020,2,-90.051334,21.10765266418457,1993.0,0.8308789134025574,50
c2_021,2,-90.070197,21.091215133666992,1993.0,0.8217020630836487,50
c2_022,2,-90.094988,21.123282,1993.0,0.6321284174919128,50
c2_023,2,-89.966182,21.124359130859375,1993.0,0.7252178192138672,50
c2_024,2,-90.085287,21.123552322387695,1993.0,0.790381669998169,50
c2_025,2,-90.074239,21.092832,1993.0,0.8245670199394226,50
c2_026,2,-90.101455,21.144301,1993.0,0.6868685483932495,50
c2_027,2,-89.997979,21.154002,1993.0,0.8134008049964905,50
c2_028,2,-89.968607,21.116275787353516,1993.0,0.8531486988067627,50
c2_029,2,-89.975344,21.13729476928711,1993.0,0.8041881322860718,50
c2_030,2,-90.025195,21.116544723510742,1993.0,0.8143395781517029,50
c10_004,3,-90.028968,21.158313,1993.0,0.09897943586111069,50
c10_002,3,-90.03301239013672,21.158044,1993.0,0.1572195440530777,50
c10_003,3,-90.032741,21.159122467041016,1993.0,0.11324260383844376,50
c10_005,3,-90.030585,21.158044,1993.0,0.16448722779750824,50
c3_029,3,-90.08555603027344,21.149690628051758,1993.0,0.2769978642463684,50
c10_001,3,-89.95405578613281,21.163972,1993.0,0.445595920085907,50
c3_009,3,-89.986931,21.149959564208984,1993.0,0.8251236081123352,50
c3_028,3,-89.982619,21.180679,1993.0,0.8449378609657288,50
c3_005,3,-90.031124,21.124629,1993.0,0.8334935903549194,50
c3_002,3,-89.995823,21.13837242126465,1993.0,0.8096734881401062,50
c3_008,3,-89.951091,21.200081,1993.0,0.8045898675918579,50
c3_013,3,-89.951361,21.199003219604492,1993.0,0.793540358543396,50
c3_016,3,-89.949205,21.20115852355957,1993.0,0.8327160477638245,50
c3_021,3,-89.950013,21.19927215576172,1993.0,0.7599750757217407,50
c3_018,3,-90.1038818359375,21.086095,1993.0,0.8525779843330383,50
c3_003,3,-89.995284,21.139720916748047,1993.0,0.7740664482116699,50
c3_007,3,-89.964834,21.14322280883789,1993.0,0.7391886711120605,50
c3_011,3,-90.008758,21.113311767578125,1993.0,0.8114811778068542,50
c3_017,3,-89.980733,21.145648,1993.0,0.7393798828125,50
c3_027,3,-90.016572,21.116006,1993.0,0.7924730181694031,50
c3_010,3,-89.973188,21.186607360839844,1993.0,0.8308030962944031,50
c3_024,3,-90.088521,21.146726,1993.0,0.4356555938720703,50
c3_025,3,-89.943007,21.170978,1993.0,0.7412161231040955,50
c3_019,3,-89.958906,21.12489891052246,1993.0,0.8514164090156555,50
c3_023,3,-90.00040435791016,21.138642,1993.0,0.7698157429695129,50
c3_012,3,-90.000135,21.130826950073242,1993.0,0.7986199259757996,50
c3_020,3,-89.986392,21.159391403198242,1993.0,0.8459429144859314,50
c3_026,3,-90.014417,21.114659,1993.0,0.8162235617637634,50
c3_014,3,-89.945702,21.20331382751465,1993.0,0.8519968390464783,50
c3_030,3,-90.104958,21.09660530090332,1993.0,0.6680428385734558,50
c3_001,3,-90.072083,21.088790893554688,1993.0,0.84046870470047,50
c3_004,3,-90.046214,21.096874237060547,1993.0,0.7862251996994019,50
c3_006,3,-89.973188,21.15966033935547,1993.0,0.8224765658378601,50
c3_015,3,-90.011722,21.112503051757812,1993.0,0.8079721331596375,50
c3_022,3,-90.041364,21.099029541015625,1993.0,0.7737948894500732,50
c4_001,4,-89.957828,21.178254,1993.0,0.32897812128067017,50
c4_002,4,-89.963217,21.190109252929688,1993.0,0.36826977133750916,50
c4_003,4,-89.950822,21.1922664642334,1993.0,0.1395741105079651,50
c4_004,4,-89.992859,21.172864,1993.0,0.36463242769241333,50
c4_005,4,-89.940313,21.199811,1993.0,0.06885338574647903,50
c4_006,4,-89.939774,21.204662322998047,1993.0,0.22727355360984802,50
c4_007,4,-90.070736,21.130288,1993.0,0.6941657662391663,50
c4_008,4,-89.998518,21.119239807128906,1993.0,0.7067757844924927,50
c4_009,4,-90.035705,21.144301,1993.0,0.575564980506897,50
c4_010,4,-90.029776,21.160737991333008,1993.0,0.26393648982048035,50
c4_011,4,-90.036244,21.152114868164062,1993.0,0.4894302487373352,50
c4_012,4,-90.106306,21.113851,1993.0,0.4777525067329407,50
c4_013,4,-89.943007,21.202506,1993.0,0.25192275643348694,50
c4_014,4,-89.956481,21.189302444458008,1993.0,0.20608794689178467,50
c4_015,4,-90.1038818359375,21.116006,1993.0,0.44275879859924316,50
c4_016,4,-89.943277,21.199542,1993.0,0.1345992088317871,50
c4_017,4,-90.07369995117188,21.133522033691406,1993.0,0.7327707409858704,50
c4_018,4,-89.996632,21.15022850036621,1993.0,0.3816005289554596,50
c4_019,4,-90.022501,21.156966,1993.0,0.17529070377349854,50
c4_020,4,-89.981811,21.164511,1993.0,0.3799319863319397,50
c4_021,4,-90.001482,21.169092178344727,1993.0,0.2608611285686493,50
c4_022,4,-89.99259185791016,21.120318,1993.0,0.7697213888168335,50
c4_023,4,-89.955133,21.188493728637695,1993.0,0.2585407793521881,50
c4_024,4,-89.966182,21.181218,1993.0,0.3421159088611603,50
c4_025,4,-89.952439,21.1922664642334,1993.0,0.6593515276908875,50
c4_026,4,-90.034357,21.160199,1993.0,0.3497872054576874,50
c4_027,4,-89.966451,21.182565,1993.0,0.3659675121307373,50
c4_028,4,-89.958636,21.177175521850586,1993.0,0.18712402880191803,50
c4_029,4,-90.074778,21.130826950073242,1993.0,0.5906480550765991,50
c4_030,4,-89.976421,21.170978,1993.0,0.3100338280200958,50
c5_001,5,-90.044328,21.155349,1993.0,0.26825544238090515,50
c5_005,5,-90.011722,21.165858,1993.0,0.07564732432365417,50
c5_020,5,-90.002829,21.15642738342285,1993.0,0.30505433678627014,50
c5_022,5,-90.004985,21.156696319580078,1993.0,0.2056044191122055,50
c5_002,5,-90.066424,21.152114868164062,1993.0,0.5017431974411011,50
c5_004,5,-90.039477,21.155618,1993.0,0.18272003531455994,50
c5_006,5,-90.006063,21.155078887939453,1993.0,0.31348177790641785,50
c5_009,5,-90.039477,21.156966,1993.0,0.22215810418128967,50
c5_010,5,-90.032202,21.159391403198242,1993.0,0.02706700563430786,50
c5_012,5,-89.996093,21.155349,1993.0,0.268817663192749,50
c5_014,5,-90.042711,21.155618,1993.0,0.1880447268486023,50
c5_015,5,-90.061304,21.156156539916992,1993.0,0.3018496036529541,50
c5_016,5,-90.036783,21.156966,1993.0,0.11460605263710022,50
c5_018,5,-90.02816009521484,21.156696319580078,1993.0,0.2446742206811905,50
c5_019,5,-90.037321,21.158313,1993.0,0.2221004068851471,50
c5_021,5,-90.062921,21.154541015625,1993.0,0.2778136134147644,50
c5_023,5,-90.031932,21.158044,1993.0,0.1157461553812027,50
c5_025,5,-90.074778,21.151845932006836,1993.0,0.4067177176475525,50
c5_027,5,-90.037052,21.159929275512695,1993.0,0.35406461358070374,50
c5_028,5,-90.03813171386719,21.155349,1993.0,0.21582694351673126,50
c5_029,5,-90.035166,21.156156539916992,1993.0,0.2430225908756256,50
c5_030,5,-90.030585,21.15750503540039,1993.0,0.24349965155124664,50
c5_011,5,-90.064538,21.154541015625,1993.0,0.34332260489463806,50
c5_013,5,-89.998248,21.172326,1993.0,0.7967018485069275,50
c5_024,5,-89.988009,21.162355422973633,1993.0,0.4148748815059662,50
c5_008,5,-90.057262,21.155349,1993.0,0.31817176938056946,50
c5_017,5,-90.036513,21.154271,1993.0,0.23704808950424194,50
c5_026,5,-89.996632,21.160737991333008,1993.0,0.26971951127052307,50
c5_003,5,-89.978038,21.180139541625977,1993.0,0.6137058138847351,50
c5_007,5,-90.08124542236328,21.149421,1993.0,0.5300585627555847,50
c1_001,1,-90.092293,21.134868621826172,1994.0,0.8135590553283691,53
c1_002,1,-90.057262,21.116815,1994.0,0.7851085066795349,53
c1_003,1,-90.097413,21.129209518432617,1994.0,0.7489590644836426,53
c1_004,1,-90.051873,21.142684,1994.0,0.7949866652488708,53
c1_005,1,-90.116815,21.0882511138916,1994.0,0.7891097664833069,53
c1_006,1,-90.066694,21.0987606048584,1994.0,0.7878929972648621,53
c1_007,1,-89.974805,21.120318,1994.0,0.803996741771698,53
c1_008,1,-89.979925,21.132444381713867,1994.0,0.8112229108810425,53
c1_009,1,-89.988278,21.157773971557617,1994.0,0.8335524797439575,53
c1_010,1,-90.062921,21.101186,1994.0,0.7185558676719666,53
c1_011,1,-90.004177,21.130558013916016,1994.0,0.7947948575019836,53
c1_012,1,-90.070197,21.140798,1994.0,0.7989277243614197,53
c1_013,1,-89.989086,21.127055,1994.0,0.7279251217842102,53
c1_014,1,-90.05834197998047,21.147265,1994.0,0.8300127983093262,53
c1_015,1,-90.073969,21.147265,1994.0,0.8076678514480591,53
c1_016,1,-89.955672,21.141876220703125,1994.0,0.8158699870109558,53
c1_017,1,-89.95162963867188,21.132444381713867,1994.0,0.8123350739479065,53
c1_018,1,-90.08124542236328,21.135408401489258,1994.0,0.7744749784469604,53
c1_019,1,-90.112234,21.128671646118164,1994.0,0.6760846376419067,53
c1_020,1,-89.977499,21.129480361938477,1994.0,0.7294164299964905,53
c1_021,1,-90.07855224609375,21.141337,1994.0,0.7666175961494446,53
c1_022,1,-90.075317,21.103341,1994.0,0.8120782375335693,53
c1_023,1,-90.067502,21.106845,1994.0,0.8162745833396912,53
c1_024,1,-89.947319,21.188493728637695,1994.0,0.7306783199310303,53
c1_025,1,-90.09876251220703,21.119779,1994.0,0.7297890186309814,53
c1_026,1,-89.945702,21.14322280883789,1994.0,0.7896241545677185,53
c1_027,1,-90.054837,21.112503051757812,1994.0,0.8025345802307129,53
c1_028,1,-90.010105,21.151576,1994.0,0.7620722651481628,53
c1_029,1,-90.113042,21.085018157958984,1994.0,0.8184899687767029,53
c1_030,1,-90.110348,21.111964,1994.0,0.7766346335411072,53
c2_001,2,-89.941929,21.138911,1994.0,0.8199819326400757,53
c2_002,2,-90.100647,21.146995,1994.0,0.5291422009468079,53
c2_003,2,-90.111964,21.138642,1994.0,0.6512065529823303,53
c2_004,2,-90.118971,21.110347747802734,1994.0,0.6618363261222839,53
c2_005,2,-90.117084,21.092023849487305,1994.0,0.7967917919158936,53
c2_006,2,-90.070466,21.094718,1994.0,0.8267263174057007,53
c2_007,2,-89.99231719970703,21.149690628051758,1994.0,0.7228143215179443,53
c2_008,2,-90.042172,21.114389419555664,1994.0,0.6801481246948242,53
c2_009,2,-90.117893,21.135947,1994.0,0.6353369951248169,53
c2_010,2,-90.006871,21.131097,1994.0,0.7750513553619385,53
c2_011,2,-89.946241,21.164511,1994.0,0.7696684002876282,53
c2_012,2,-90.101725,21.08043670654297,1994.0,0.7963406443595886,53
c2_013,2,-90.00768280029297,21.128133,1994.0,0.7724312543869019,53
c2_014,2,-90.097413,21.149959564208984,1994.0,0.7123403549194336,53
c2_015,2,-90.052412,21.098222,1994.0,0.8154986500740051,53
c2_016,2,-89.955672,21.166936,1994.0,0.5482380390167236,53
c2_017,2,-89.985853,21.152385,1994.0,0.7399716377258301,53
c2_018,2,-90.039477,21.152654,1994.0,0.7698555588722229,53
c2_019,2,-90.120049,21.121396,1994.0,0.8363785147666931,53
c2_020,2,-90.051334,21.10765266418457,1994.0,0.8325521349906921,53
c2_021,2,-90.070197,21.091215133666992,1994.0,0.8045742511749268,53
c2_022,2,-90.094988,21.123282,1994.0,0.5908616185188293,53
c2_023,2,-89.966182,21.124359130859375,1994.0,0.7209827303886414,53
c2_024,2,-90.085287,21.123552322387695,1994.0,0.7719590067863464,53
c2_025,2,-90.074239,21.092832,1994.0,0.8311992883682251,53
c2_026,2,-90.101455,21.144301,1994.0,0.5961437821388245,53
c2_027,2,-89.997979,21.154002,1994.0,0.8225324153900146,53
c2_028,2,-89.968607,21.116275787353516,1994.0,0.8446691036224365,53
c2_029,2,-89.975344,21.13729476928711,1994.0,0.8102346658706665,53
c2_030,2,-90.025195,21.116544723510742,1994.0,0.8028721213340759,53
c10_004,3,-90.028968,21.158313,1994.0,0.18282687664031982,53
c10_002,3,-90.03301239013672,21.158044,1994.0,0.30580514669418335,53
c10_003,3,-90.032741,21.159122467041016,1994.0,0.1950298696756363,53
c10_005,3,-90.030585,21.158044,1994.0,0.21852843463420868,53
c3_029,3,-90.08555603027344,21.149690628051758,1994.0,0.312407523393631,53
c10_001,3,-89.95405578613281,21.163972,1994.0,0.5666823387145996,53
c3_009,3,-89.986931,21.149959564208984,1994.0,0.8318527340888977,53
c3_028,3,-89.982619,21.180679,1994.0,0.8264862895011902,53
c3_005,3,-90.031124,21.124629,1994.0,0.83560711145401,53
c3_002,3,-89.995823,21.13837242126465,1994.0,0.802848219871521,53
c3_008,3,-89.951091,21.200081,1994.0,0.7794602513313293,53
c3_013,3,-89.951361,21.199003219604492,1994.0,0.7381654381752014,53
c3_016,3,-89.949205,21.20115852355957,1994.0,0.8035004734992981,53
c3_021,3,-89.950013,21.19927215576172,1994.0,0.7013439536094666,53
c3_018,3,-90.1038818359375,21.086095,1994.0,0.8314498066902161,53
c3_003,3,-89.995284,21.139720916748047,1994.0,0.7819015383720398,53
c3_007,3,-89.964834,21.14322280883789,1994.0,0.7351025938987732,53
c3_011,3,-90.008758,21.113311767578125,1994.0,0.7849196195602417,53
c3_017,3,-89.980733,21.145648,1994.0,0.7174288034439087,53
c3_027,3,-90.016572,21.116006,1994.0,0.7649694085121155,53
c3_010,3,-89.973188,21.186607360839844,1994.0,0.826501727104187,53
c3_024,3,-90.088521,21.146726,1994.0,0.43932050466537476,53
c3_025,3,-89.943007,21.170978,1994.0,0.7312471866607666,53
c3_019,3,-89.958906,21.12489891052246,1994.0,0.8364531397819519,53
c3_023,3,-90.00040435791016,21.138642,1994.0,0.7113094329833984,53
c3_012,3,-90.000135,21.130826950073242,1994.0,0.8156452178955078,53
c3_020,3,-89.986392,21.159391403198242,1994.0,0.8373953700065613,53
c3_026,3,-90.014417,21.114659,1994.0,0.8285938501358032,53
c3_014,3,-89.945702,21.20331382751465,1994.0,0.82073974609375,53
c3_030,3,-90.104958,21.09660530090332,1994.0,0.7259141802787781,53
c3_001,3,-90.072083,21.088790893554688,1994.0,0.80479496717453,53
c3_004,3,-90.046214,21.096874237060547,1994.0,0.7852798104286194,53
c3_006,3,-89.973188,21.15966033935547,1994.0,0.8251059055328369,53
c3_015,3,-90.011722,21.112503051757812,1994.0,0.8147696256637573,53
c3_022,3,-90.041364,21.099029541015625,1994.0,0.7617883682250977,53
c4_001,4,-89.957828,21.178254,1994.0,0.38188448548316956,53
c4_002,4,-89.963217,21.190109252929688,1994.0,0.4164869785308838,53
c4_003,4,-89.950822,21.1922664642334,1994.0,0.15794695913791656,53
c4_004,4,-89.992859,21.172864,1994.0,0.3510129153728485,53
c4_005,4,-89.940313,21.199811,1994.0,0.22295933961868286,53
c4_006,4,-89.939774,21.204662322998047,1994.0,0.23560293018817902,53
c4_007,4,-90.070736,21.130288,1994.0,0.6641225218772888,53
c4_008,4,-89.998518,21.119239807128906,1994.0,0.7275915145874023,53
c4_009,4,-90.035705,21.144301,1994.0,0.5787737369537354,53
c4_010,4,-90.029776,21.160737991333008,1994.0,0.20522178709506989,53
c4_011,4,-90.036244,21.152114868164062,1994.0,0.5403615832328796,53
c4_012,4,-90.106306,21.113851,1994.0,0.733074963092804,53
c4_013,4,-89.943007,21.202506,1994.0,0.2644258737564087,53
c4_014,4,-89.956481,21.189302444458008,1994.0,0.2758309543132782,53
c4_015,4,-90.1038818359375,21.116006,1994.0,0.6726366877555847,53
c4_016,4,-89.943277,21.199542,1994.0,0.28187233209609985,53
c4_017,4,-90.07369995117188,21.133522033691406,1994.0,0.6054233908653259,53
c4_018,4,-89.996632,21.15022850036621,1994.0,0.3295830190181732,53
c4_019,4,-90.022501,21.156966,1994.0,0.17556941509246826,53
c4_020,4,-89.981811,21.164511,1994.0,0.5182968378067017,53
c4_021,4,-90.001482,21.169092178344727,1994.0,0.2966204881668091,53
c4_022,4,-89.99259185791016,21.120318,1994.0,0.7728590369224548,53
c4_023,4,-89.955133,21.188493728637695,1994.0,0.21439731121063232,53
c4_024,4,-89.966182,21.181218,1994.0,0.4833950996398926,53
c4_025,4,-89.952439,21.1922664642334,1994.0,0.5134859085083008,53
c4_026,4,-90.034357,21.160199,1994.0,0.2722139060497284,53
c4_027,4,-89.966451,21.182565,1994.0,0.2400832623243332,53
c4_028,4,-89.958636,21.177175521850586,1994.0,0.14919240772724152,53
c4_029,4,-90.074778,21.130826950073242,1994.0,0.6346473693847656,53
c4_030,4,-89.976421,21.170978,1994.0,0.4106314778327942,53
c5_001,5,-90.044328,21.155349,1994.0,0.2376357913017273,53
c5_005,5,-90.011722,21.165858,1994.0,0.17633651196956635,53
c5_020,5,-90.002829,21.15642738342285,1994.0,0.36220142245292664,53
c5_022,5,-90.004985,21.156696319580078,1994.0,0.184356227517128,53
c5_002,5,-90.066424,21.152114868164062,1994.0,0.5013231635093689,53
c5_004,5,-90.039477,21.155618,1994.0,0.231560617685318,53
c5_006,5,-90.006063,21.155078887939453,1994.0,0.31346413493156433,53
c5_009,5,-90.039477,21.156966,1994.0,0.31358176469802856,53
c5_010,5,-90.032202,21.159391403198242,1994.0,0.1537858098745346,53
c5_012,5,-89.996093,21.155349,1994.0,0.3454534709453583,53
c5_014,5,-90.042711,21.155618,1994.0,0.2032870203256607,53
c5_015,5,-90.061304,21.156156539916992,1994.0,0.2846297025680542,53
c5_016,5,-90.036783,21.156966,1994.0,0.21720783412456512,53
c5_018,5,-90.02816009521484,21.156696319580078,1994.0,0.34301745891571045,53
c5_019,5,-90.037321,21.158313,1994.0,0.20662012696266174,53
c5_021,5,-90.062921,21.154541015625,1994.0,0.23090240359306335,53
c5_023,5,-90.031932,21.158044,1994.0,0.22860482335090637,53
c5_025,5,-90.074778,21.151845932006836,1994.0,0.48057031631469727,53
c5_027,5,-90.037052,21.159929275512695,1994.0,0.25876733660697937,53
c5_028,5,-90.03813171386719,21.155349,1994.0,0.2681519687175751,53
c5_029,5,-90.035166,21.156156539916992,1994.0,0.23079019784927368,53
c5_030,5,-90.030585,21.15750503540039,1994.0,0.27944982051849365,53
c5_011,5,-90.064538,21.154541015625,1994.0,0.333524227142334,53
c5_013,5,-89.998248,21.172326,1994.0,0.7719055414199829,53
c5_024,5,-89.988009,21.162355422973633,1994.0,0.4238894581794739,53
c5_008,5,-90.057262,21.155349,1994.0,0.3647642135620117,53
c5_017,5,-90.036513,21.154271,1994.0,0.251127153635025,53
c5_026,5,-89.996632,21.160737991333008,1994.0,0.3902919292449951,53
c5_003,5,-89.978038,21.180139541625977,1994.0,0.4403477609157562,53
c5_007,5,-90.08124542236328,21.149421,1994.0,0.5371666550636292,53
c1_001,1,-90.092293,21.134868621826172,1995.0,0.8180638551712036,50
c1_002,1,-90.057262,21.116815,1995.0,0.777658998966217,50
c1_003,1,-90.097413,21.129209518432617,1995.0,0.744136393070221,50
c1_004,1,-90.051873,21.142684,1995.0,0.7880187034606934,50
c1_005,1,-90.116815,21.0882511138916,1995.0,0.7425949573516846,50
c1_006,1,-90.066694,21.0987606048584,1995.0,0.7547457218170166,50
c1_007,1,-89.974805,21.120318,1995.0,0.8283452987670898,50
c1_008,1,-89.979925,21.132444381713867,1995.0,0.7950127720832825,50
c1_009,1,-89.988278,21.157773971557617,1995.0,0.8258779644966125,50
c1_010,1,-90.062921,21.101186,1995.0,0.6766144633293152,50
c1_011,1,-90.004177,21.130558013916016,1995.0,0.7966602444648743,50
c1_012,1,-90.070197,21.140798,1995.0,0.7987018823623657,50
c1_013,1,-89.989086,21.127055,1995.0,0.694211483001709,50
c1_014,1,-90.05834197998047,21.147265,1995.0,0.8488799333572388,50
c1_015,1,-90.073969,21.147265,1995.0,0.7932517528533936,50
c1_016,1,-89.955672,21.141876220703125,1995.0,0.8453482389450073,50
c1_017,1,-89.95162963867188,21.132444381713867,1995.0,0.7728397846221924,50
c1_018,1,-90.08124542236328,21.135408401489258,1995.0,0.7752854228019714,50
c1_019,1,-90.112234,21.128671646118164,1995.0,0.7716248631477356,50
c1_020,1,-89.977499,21.129480361938477,1995.0,0.7332431674003601,50
c1_021,1,-90.07855224609375,21.141337,1995.0,0.7530773282051086,50
c1_022,1,-90.075317,21.103341,1995.0,0.8331164121627808,50
c1_023,1,-90.067502,21.106845,1995.0,0.8482218384742737,50
c1_024,1,-89.947319,21.188493728637695,1995.0,0.7614948749542236,50
c1_025,1,-90.09876251220703,21.119779,1995.0,0.7397086024284363,50
c1_026,1,-89.945702,21.14322280883789,1995.0,0.8021628260612488,50
c1_027,1,-90.054837,21.112503051757812,1995.0,0.7977965474128723,50
c1_028,1,-90.010105,21.151576,1995.0,0.7174438834190369,50
c1_029,1,-90.113042,21.085018157958984,1995.0,0.8256602883338928,50
c1_030,1,-90.110348,21.111964,1995.0,0.7392810583114624,50
c2_001,2,-89.941929,21.138911,1995.0,0.8427729606628418,50
c2_002,2,-90.100647,21.146995,1995.0,0.6659933924674988,50
c2_003,2,-90.111964,21.138642,1995.0,0.7360360622406006,50
c2_004,2,-90.118971,21.110347747802734,1995.0,0.667596161365509,50
c2_005,2,-90.117084,21.092023849487305,1995.0,0.8206278681755066,50
c2_006,2,-90.070466,21.094718,1995.0,0.8346483707427979,50
c2_007,2,-89.99231719970703,21.149690628051758,1995.0,0.7278897762298584,50
c2_008,2,-90.042172,21.114389419555664,1995.0,0.6527159810066223,50
c2_009,2,-90.117893,21.135947,1995.0,0.7279979586601257,50
c2_010,2,-90.006871,21.131097,1995.0,0.7643065452575684,50
c2_011,2,-89.946241,21.164511,1995.0,0.7818586230278015,50
c2_012,2,-90.101725,21.08043670654297,1995.0,0.8178046941757202,50
c2_013,2,-90.00768280029297,21.128133,1995.0,0.7758690118789673,50
c2_014,2,-90.097413,21.149959564208984,1995.0,0.7545842528343201,50
c2_015,2,-90.052412,21.098222,1995.0,0.7949270606040955,50
c2_016,2,-89.955672,21.166936,1995.0,0.5372052192687988,50
c2_017,2,-89.985853,21.152385,1995.0,0.7304439544677734,50
c2_018,2,-90.039477,21.152654,1995.0,0.793870210647583,50
c2_019,2,-90.120049,21.121396,1995.0,0.8409315943717957,50
c2_020,2,-90.051334,21.10765266418457,1995.0,0.8053634166717529,50
c2_021,2,-90.070197,21.091215133666992,1995.0,0.8299534320831299,50
c2_022,2,-90.094988,21.123282,1995.0,0.5906608700752258,50
c2_023,2,-89.966182,21.124359130859375,1995.0,0.6947657465934753,50
c2_024,2,-90.085287,21.123552322387695,1995.0,0.785442054271698,50
c2_025,2,-90.074239,21.092832,1995.0,0.8037484884262085,50
c2_026,2,-90.101455,21.144301,1995.0,0.7089606523513794,50
c2_027,2,-89.997979,21.154002,1995.0,0.8213565349578857,50
c2_028,2,-89.968607,21.116275787353516,1995.0,0.8874511122703552,50
c2_029,2,-89.975344,21.13729476928711,1995.0,0.8251327872276306,50
c2_030,2,-90.025195,21.116544723510742,1995.0,0.7911219596862793,50
c10_004,3,-90.028968,21.158313,1995.0,0.381277471780777,50
c10_002,3,-90.03301239013672,21.158044,1995.0,0.30631640553474426,50
c10_003,3,-90.032741,21.159122467041016,1995.0,0.24704070389270782,50
c10_005,3,-90.030585,21.158044,1995.0,0.22538338601589203,50
c3_029,3,-90.08555603027344,21.149690628051758,1995.0,0.6828173398971558,50
c10_001,3,-89.95405578613281,21.163972,1995.0,0.5394317507743835,50
c3_009,3,-89.986931,21.149959564208984,1995.0,0.8393816947937012,50
c3_028,3,-89.982619,21.180679,1995.0,0.8203717470169067,50
c3_005,3,-90.031124,21.124629,1995.0,0.8688821792602539,50
c3_002,3,-89.995823,21.13837242126465,1995.0,0.7809651494026184,50
c3_008,3,-89.951091,21.200081,1995.0,0.7846367955207825,50
c3_013,3,-89.951361,21.199003219604492,1995.0,0.732657253742218,50
c3_016,3,-89.949205,21.20115852355957,1995.0,0.7878143787384033,50
c3_021,3,-89.950013,21.19927215576172,1995.0,0.6435011625289917,50
c3_018,3,-90.1038818359375,21.086095,1995.0,0.8271100521087646,50
c3_003,3,-89.995284,21.139720916748047,1995.0,0.7798833847045898,50
c3_007,3,-89.964834,21.14322280883789,1995.0,0.7581601142883301,50
c3_011,3,-90.008758,21.113311767578125,1995.0,0.8084718585014343,50
c3_017,3,-89.980733,21.145648,1995.0,0.7217381596565247,50
c3_027,3,-90.016572,21.116006,1995.0,0.7569373250007629,50
c3_010,3,-89.973188,21.186607360839844,1995.0,0.8329856991767883,50
c3_024,3,-90.088521,21.146726,1995.0,0.6377168893814087,50
c3_025,3,-89.943007,21.170978,1995.0,0.7534727454185486,50
c3_019,3,-89.958906,21.12489891052246,1995.0,0.8706265091896057,50
c3_023,3,-90.00040435791016,21.138642,1995.0,0.6898393630981445,50
c3_012,3,-90.000135,21.130826950073242,1995.0,0.8180127739906311,50
c3_020,3,-89.986392,21.159391403198242,1995.0,0.8350179195404053,50
c3_026,3,-90.014417,21.114659,1995.0,0.8076061010360718,50
c3_014,3,-89.945702,21.20331382751465,1995.0,0.810918927192688,50
c3_030,3,-90.104958,21.09660530090332,1995.0,0.6558967232704163,50
c3_001,3,-90.072083,21.088790893554688,1995.0,0.8259716629981995,50
c3_004,3,-90.046214,21.096874237060547,1995.0,0.789097249507904,50
c3_006,3,-89.973188,21.15966033935547,1995.0,0.8231597542762756,50
c3_015,3,-90.011722,21.112503051757812,1995.0,0.8256903886795044,50
c3_022,3,-90.041364,21.099029541015625,1995.0,0.7574960589408875,50
c4_001,4,-89.957828,21.178254,1995.0,0.4551714360713959,50
c4_002,4,-89.963217,21.190109252929688,1995.0,0.4024112820625305,50
c4_003,4,-89.950822,21.1922664642334,1995.0,0.18191519379615784,50
c4_004,4,-89.992859,21.172864,1995.0,0.4033752679824829,50
c4_005,4,-89.940313,21.199811,1995.0,0.16000618040561676,50
c4_006,4,-89.939774,21.204662322998047,1995.0,0.1355098932981491,50
c4_007,4,-90.070736,21.130288,1995.0,0.694425106048584,50
c4_008,4,-89.998518,21.119239807128906,1995.0,0.7098140716552734,50
c4_009,4,-90.035705,21.144301,1995.0,0.5665927529335022,50
c4_010,4,-90.029776,21.160737991333008,1995.0,0.36465588212013245,50
c4_011,4,-90.036244,21.152114868164062,1995.0,0.6098050475120544,50
c4_012,4,-90.106306,21.113851,1995.0,0.4801587164402008,50
c4_013,4,-89.943007,21.202506,1995.0,0.4024311304092407,50
c4_014,4,-89.956481,21.189302444458008,1995.0,0.4456104636192322,50
c4_015,4,-90.1038818359375,21.116006,1995.0,0.5698132514953613,50
c4_016,4,-89.943277,21.199542,1995.0,0.22834670543670654,50
c4_017,4,-90.07369995117188,21.133522033691406,1995.0,0.5224830508232117,50
c4_018,4,-89.996632,21.15022850036621,1995.0,0.343843013048172,50
c4_019,4,-90.022501,21.156966,1995.0,0.47181373834609985,50
c4_020,4,-89.981811,21.164511,1995.0,0.5029038786888123,50
c4_021,4,-90.001482,21.169092178344727,1995.0,0.4852012097835541,50
c4_022,4,-89.99259185791016,21.120318,1995.0,0.7527562379837036,50
c4_023,4,-89.955133,21.188493728637695,1995.0,0.4031846821308136,50
c4_024,4,-89.966182,21.181218,1995.0,0.17690077424049377,50
c4_025,4,-89.952439,21.1922664642334,1995.0,0.48197731375694275,50
c4_026,4,-90.034357,21.160199,1995.0,0.5196693539619446,50
c4_027,4,-89.966451,21.182565,1995.0,0.31690675020217896,50
c4_028,4,-89.958636,21.177175521850586,1995.0,0.40246811509132385,50
c4_029,4,-90.074778,21.130826950073242,1995.0,0.5822252631187439,50
c4_030,4,-89.976421,21.170978,1995.0,0.3436557650566101,50
c5_001,5,-90.044328,21.155349,1995.0,0.40124279260635376,50
c5_005,5,-90.011722,21.165858,1995.0,0.31462255120277405,50
c5_020,5,-90.002829,21.15642738342285,1995.0,0.42466792464256287,50
c5_022,5,-90.004985,21.156696319580078,1995.0,0.34214961528778076,50
c5_002,5,-90.066424,21.152114868164062,1995.0,0.6752744913101196,50
c5_004,5,-90.039477,21.155618,1995.0,0.27780449390411377,50
c5_006,5,-90.006063,21.155078887939453,1995.0,0.4199942350387573,50
c5_009,5,-90.039477,21.156966,1995.0,0.36192700266838074,50
c5_010,5,-90.032202,21.159391403198242,1995.0,0.266946405172348,50
c5_012,5,-89.996093,21.155349,1995.0,0.29373589158058167,50
c5_014,5,-90.042711,21.155618,1995.0,0.2816905975341797,50
c5_015,5,-90.061304,21.156156539916992,1995.0,0.6444963216781616,50
c5_016,5,-90.036783,21.156966,1995.0,0.25309011340141296,50
c5_018,5,-90.02816009521484,21.156696319580078,1995.0,0.2810857892036438,50
c5_019,5,-90.037321,21.158313,1995.0,0.29195138812065125,50
c5_021,5,-90.062921,21.154541015625,1995.0,0.599778950214386,50
c5_023,5,-90.031932,21.158044,1995.0,0.3571869730949402,50
c5_025,5,-90.074778,21.151845932006836,1995.0,0.6282169818878174,50
c5_027,5,-90.037052,21.159929275512695,1995.0,0.3420042097568512,50
c5_028,5,-90.03813171386719,21.155349,1995.0,0.30256086587905884,50
c5_029,5,-90.035166,21.156156539916992,1995.0,0.2821274697780609,50
c5_030,5,-90.030585,21.15750503540039,1995.0,0.29185909032821655,50
c5_011,5,-90.064538,21.154541015625,1995.0,0.5307906866073608,50
c5_013,5,-89.998248,21.172326,1995.0,0.7281411290168762,50
c5_024,5,-89.988009,21.162355422973633,1995.0,0.4211720824241638,50
c5_008,5,-90.057262,21.155349,1995.0,0.5302393436431885,50
c5_017,5,-90.036513,21.154271,1995.0,0.33572033047676086,50
c5_026,5,-89.996632,21.160737991333008,1995.0,0.4505743682384491,50
c5_003,5,-89.978038,21.180139541625977,1995.0,0.4803623557090759,50
c5_007,5,-90.08124542236328,21.149421,1995.0,0.6854812502861023,50
c1_001,1,-90.092293,21.134868621826172,1996.0,0.766902506351471,51
c1_002,1,-90.057262,21.116815,1996.0,0.7585836052894592,51
c1_003,1,-90.097413,21.129209518432617,1996.0,0.7393434047698975,51
c1_004,1,-90.051873,21.142684,1996.0,0.7903255820274353,51
c1_005,1,-90.116815,21.0882511138916,1996.0,0.8041731715202332,51
c1_006,1,-90.066694,21.0987606048584,1996.0,0.8178878426551819,51
c1_007,1,-89.974805,21.120318,1996.0,0.8465036749839783,51
c1_008,1,-89.979925,21.132444381713867,1996.0,0.791358470916748,51
c1_009,1,-89.988278,21.157773971557617,1996.0,0.8123031258583069,51
c1_010,1,-90.062921,21.101186,1996.0,0.7504027485847473,51
c1_011,1,-90.004177,21.130558013916016,1996.0,0.8116338849067688,51
c1_012,1,-90.070197,21.140798,1996.0,0.7544652223587036,51
c1_013,1,-89.989086,21.127055,1996.0,0.7081236839294434,51
c1_014,1,-90.05834197998047,21.147265,1996.0,0.7203320860862732,51
c1_015,1,-90.073969,21.147265,1996.0,0.7986416220664978,51
c1_016,1,-89.955672,21.141876220703125,1996.0,0.8548833727836609,51
c1_017,1,-89.95162963867188,21.132444381713867,1996.0,0.8312928676605225,51
c1_018,1,-90.08124542236328,21.135408401489258,1996.0,0.6894952058792114,51
c1_019,1,-90.112234,21.128671646118164,1996.0,0.8438911437988281,51
c1_020,1,-89.977499,21.129480361938477,1996.0,0.7188157439231873,51
c1_021,1,-90.07855224609375,21.141337,1996.0,0.6974590420722961,51
c1_022,1,-90.075317,21.103341,1996.0,0.853908896446228,51
c1_023,1,-90.067502,21.106845,1996.0,0.8445079922676086,51
c1_024,1,-89.947319,21.188493728637695,1996.0,0.8033875823020935,51
c1_025,1,-90.09876251220703,21.119779,1996.0,0.7694871425628662,51
c1_026,1,-89.945702,21.14322280883789,1996.0,0.8003540635108948,51
c1_027,1,-90.054837,21.112503051757812,1996.0,0.8182194232940674,51
c1_028,1,-90.010105,21.151576,1996.0,0.7882054448127747,51
c1_029,1,-90.113042,21.085018157958984,1996.0,0.8758476972579956,51
c1_030,1,-90.110348,21.111964,1996.0,0.780874490737915,51
c2_001,2,-89.941929,21.138911,1996.0,0.8362627029418945,51
c2_002,2,-90.100647,21.146995,1996.0,0.6944741606712341,51
c2_003,2,-90.111964,21.138642,1996.0,0.7309719920158386,51
c2_004,2,-90.118971,21.110347747802734,1996.0,0.723847508430481,51
c2_005,2,-90.117084,21.092023849487305,1996.0,0.8395273685455322,51
c2_006,2,-90.070466,21.094718,1996.0,0.8455531597137451,51
c2_007,2,-89.99231719970703,21.149690628051758,1996.0,0.7219654321670532,51
c2_008,2,-90.042172,21.114389419555664,1996.0,0.687605619430542,51
c2_009,2,-90.117893,21.135947,1996.0,0.7382827401161194,51
c2_010,2,-90.006871,21.131097,1996.0,0.7984494566917419,51
c2_011,2,-89.946241,21.164511,1996.0,0.8183963298797607,51
c2_012,2,-90.101725,21.08043670654297,1996.0,0.8362061381340027,51
c2_013,2,-90.00768280029297,21.128133,1996.0,0.8088019490242004,51
c2_014,2,-90.097413,21.149959564208984,1996.0,0.7603455185890198,51
c2_015,2,-90.052412,21.098222,1996.0,0.8425208330154419,51
c2_016,2,-89.955672,21.166936,1996.0,0.48892661929130554,51
c2_017,2,-89.985853,21.152385,1996.0,0.7694300413131714,51
c2_018,2,-90.039477,21.152654,1996.0,0.8185407519340515,51
c2_019,2,-90.120049,21.121396,1996.0,0.8089864253997803,51
c2_020,2,-90.051334,21.10765266418457,1996.0,0.8379384279251099,51
c2_021,2,-90.070197,21.091215133666992,1996.0,0.8149871826171875,51
c2_022,2,-90.094988,21.123282,1996.0,0.5281493067741394,51
c2_023,2,-89.966182,21.124359130859375,1996.0,0.7478235960006714,51
c2_024,2,-90.085287,21.123552322387695,1996.0,0.7643059492111206,51
c2_025,2,-90.074239,21.092832,1996.0,0.8512439131736755,51
c2_026,2,-90.101455,21.144301,1996.0,0.6527982354164124,51
c2_027,2,-89.997979,21.154002,1996.0,0.8270484805107117,51
c2_028,2,-89.968607,21.116275787353516,1996.0,0.8817327618598938,51
c2_029,2,-89.975344,21.13729476928711,1996.0,0.8167951107025146,51
c2_030,2,-90.025195,21.116544723510742,1996.0,0.8088019490242004,51
c10_004,3,-90.028968,21.158313,1996.0,0.46964848041534424,51
c10_002,3,-90.03301239013672,21.158044,1996.0,0.234143927693367,51
c10_003,3,-90.032741,21.159122467041016,1996.0,0.20971320569515228,51
c10_005,3,-90.030585,21.158044,1996.0,0.281354159116745,51
c3_029,3,-90.08555603027344,21.149690628051758,1996.0,0.4731360375881195,51
c10_001,3,-89.95405578613281,21.163972,1996.0,0.4627445638179779,51
c3_009,3,-89.986931,21.149959564208984,1996.0,0.8496434092521667,51
c3_028,3,-89.982619,21.180679,1996.0,0.18803457915782928,51
c3_005,3,-90.031124,21.124629,1996.0,0.8876597881317139,51
c3_002,3,-89.995823,21.13837242126465,1996.0,0.8373815417289734,51
c3_008,3,-89.951091,21.200081,1996.0,0.8304989337921143,51
c3_013,3,-89.951361,21.199003219604492,1996.0,0.7811673879623413,51
c3_016,3,-89.949205,21.20115852355957,1996.0,0.8537887930870056,51
c3_021,3,-89.950013,21.19927215576172,1996.0,0.7062826752662659,51
c3_018,3,-90.1038818359375,21.086095,1996.0,0.8616924285888672,51
c3_003,3,-89.995284,21.139720916748047,1996.0,0.7837473154067993,51
c3_007,3,-89.964834,21.14322280883789,1996.0,0.7556337714195251,51
c3_011,3,-90.008758,21.113311767578125,1996.0,0.8259411454200745,51
c3_017,3,-89.980733,21.145648,1996.0,0.7706473469734192,51
c3_027,3,-90.016572,21.116006,1996.0,0.8144625425338745,51
c3_010,3,-89.973188,21.186607360839844,1996.0,0.8397542238235474,51
c3_024,3,-90.088521,21.146726,1996.0,0.6801868081092834,51
c3_025,3,-89.943007,21.170978,1996.0,0.7757518887519836,51
c3_019,3,-89.958906,21.12489891052246,1996.0,0.889349102973938,51
c3_023,3,-90.00040435791016,21.138642,1996.0,0.7560092210769653,51
c3_012,3,-90.000135,21.130826950073242,1996.0,0.8085246682167053,51
c3_020,3,-89.986392,21.159391403198242,1996.0,0.8190164566040039,51
c3_026,3,-90.014417,21.114659,1996.0,0.8191351294517517,51
c3_014,3,-89.945702,21.20331382751465,1996.0,0.8703780174255371,51
c3_030,3,-90.104958,21.09660530090332,1996.0,0.6691247820854187,51
c3_001,3,-90.072083,21.088790893554688,1996.0,0.8151120543479919,51
c3_004,3,-90.046214,21.096874237060547,1996.0,0.8093348145484924,51
c3_006,3,-89.973188,21.15966033935547,1996.0,0.8404210209846497,51
c3_015,3,-90.011722,21.112503051757812,1996.0,0.848348081111908,51
c3_022,3,-90.041364,21.099029541015625,1996.0,0.7638436555862427,51
c4_001,4,-89.957828,21.178254,1996.0,0.19632168114185333,51
c4_002,4,-89.963217,21.190109252929688,1996.0,0.4479362666606903,51
c4_003,4,-89.950822,21.1922664642334,1996.0,0.2632608115673065,51
c4_004,4,-89.992859,21.172864,1996.0,0.41439250111579895,51
c4_005,4,-89.940313,21.199811,1996.0,0.10587625205516815,51
c4_006,4,-89.939774,21.204662322998047,1996.0,0.40994197130203247,51
c4_007,4,-90.070736,21.130288,1996.0,0.7120296955108643,51
c4_008,4,-89.998518,21.119239807128906,1996.0,0.7353852987289429,51
c4_009,4,-90.035705,21.144301,1996.0,0.5961359143257141,51
c4_010,4,-90.029776,21.160737991333008,1996.0,0.4073267877101898,51
c4_011,4,-90.036244,21.152114868164062,1996.0,0.5740119814872742,51
c4_012,4,-90.106306,21.113851,1996.0,0.5993595123291016,51
c4_013,4,-89.943007,21.202506,1996.0,0.2509849965572357,51
c4_014,4,-89.956481,21.189302444458008,1996.0,0.38378533720970154,51
c4_015,4,-90.1038818359375,21.116006,1996.0,0.6334745287895203,51
c4_016,4,-89.943277,21.199542,1996.0,0.1641288846731186,51
c4_017,4,-90.07369995117188,21.133522033691406,1996.0,0.5002731680870056,51
c4_018,4,-89.996632,21.15022850036621,1996.0,0.4582735002040863,51
c4_019,4,-90.022501,21.156966,1996.0,0.3668871223926544,51
c4_020,4,-89.981811,21.164511,1996.0,0.5078200101852417,51
c4_021,4,-90.001482,21.169092178344727,1996.0,0.5318609476089478,51
c4_022,4,-89.99259185791016,21.120318,1996.0,0.8218755125999451,51
c4_023,4,-89.955133,21.188493728637695,1996.0,0.32604584097862244,51
c4_024,4,-89.966182,21.181218,1996.0,0.2085919976234436,51
c4_025,4,-89.952439,21.1922664642334,1996.0,0.4619889259338379,51
c4_026,4,-90.034357,21.160199,1996.0,0.4104613959789276,51
c4_027,4,-89.966451,21.182565,1996.0,0.21437586843967438,51
c4_028,4,-89.958636,21.177175521850586,1996.0,0.17478880286216736,51
c4_029,4,-90.074778,21.130826950073242,1996.0,0.5956527590751648,51
c4_030,4,-89.976421,21.170978,1996.0,0.29273396730422974,51
c5_001,5,-90.044328,21.155349,1996.0,0.35079726576805115,51
c5_005,5,-90.011722,21.165858,1996.0,0.3364473879337311,51
c5_020,5,-90.002829,21.15642738342285,1996.0,0.39157387614250183,51
c5_022,5,-90.004985,21.156696319580078,1996.0,0.33049678802490234,51
c5_002,5,-90.066424,21.152114868164062,1996.0,0.6733188033103943,51
c5_004,5,-90.039477,21.155618,1996.0,0.24078911542892456,51
c5_006,5,-90.006063,21.155078887939453,1996.0,0.41431504487991333,51
c5_009,5,-90.039477,21.156966,1996.0,0.2925264537334442,51
c5_010,5,-90.032202,21.159391403198242,1996.0,0.15971188247203827,51
c5_012,5,-89.996093,21.155349,1996.0,0.38162896037101746,51
c5_014,5,-90.042711,21.155618,1996.0,0.2510095536708832,51
c5_015,5,-90.061304,21.156156539916992,1996.0,0.4414607286453247,51
c5_016,5,-90.036783,21.156966,1996.0,0.18834438920021057,51
c5_018,5,-90.02816009521484,21.156696319580078,1996.0,0.3441128730773926,51
c5_019,5,-90.037321,21.158313,1996.0,0.299579918384552,51
c5_021,5,-90.062921,21.154541015625,1996.0,0.49363210797309875,51
c5_023,5,-90.031932,21.158044,1996.0,0.2802993357181549,51
c5_025,5,-90.074778,21.151845932006836,1996.0,0.5600146651268005,51
c5_027,5,-90.037052,21.159929275512695,1996.0,0.4365359842777252,51
c5_028,5,-90.03813171386719,21.155349,1996.0,0.2685902416706085,51
c5_029,5,-90.035166,21.156156539916992,1996.0,0.31775549054145813,51
c5_030,5,-90.030585,21.15750503540039,1996.0,0.31244397163391113,51
c5_011,5,-90.064538,21.154541015625,1996.0,0.5063536167144775,51
c5_013,5,-89.998248,21.172326,1996.0,0.7251428961753845,51
c5_024,5,-89.988009,21.162355422973633,1996.0,0.4822751581668854,51
c5_008,5,-90.057262,21.155349,1996.0,0.525780975818634,51
c5_017,5,-90.036513,21.154271,1996.0,0.3983871638774872,51
c5_026,5,-89.996632,21.160737991333008,1996.0,0.5328148007392883,51
c5_003,5,-89.978038,21.180139541625977,1996.0,0.2506076395511627,51
c5_007,5,-90.08124542236328,21.149421,1996.0,0.7025676965713501,51
c1_001,1,-90.092293,21.134868621826172,1997.0,0.7798694372177124,59
c1_002,1,-90.057262,21.116815,1997.0,0.7893280982971191,59
c1_003,1,-90.097413,21.129209518432617,1997.0,0.7964380979537964,59
c1_004,1,-90.051873,21.142684,1997.0,0.7879138588905334,59
c1_005,1,-90.116815,21.0882511138916,1997.0,0.8224567174911499,59
c1_006,1,-90.066694,21.0987606048584,1997.0,0.7943117618560791,59
c1_007,1,-89.974805,21.120318,1997.0,0.8356562852859497,59
c1_008,1,-89.979925,21.132444381713867,1997.0,0.8025071620941162,59
c1_009,1,-89.988278,21.157773971557617,1997.0,0.8322453498840332,59
c1_010,1,-90.062921,21.101186,1997.0,0.723790168762207,59
c1_011,1,-90.004177,21.130558013916016,1997.0,0.8415288925170898,59
c1_012,1,-90.070197,21.140798,1997.0,0.8922431468963623,59
c1_013,1,-89.989086,21.127055,1997.0,0.6946884989738464,59
c1_014,1,-90.05834197998047,21.147265,1997.0,0.795122504234314,59
c1_015,1,-90.073969,21.147265,1997.0,0.8691112995147705,59
c1_016,1,-89.955672,21.141876220703125,1997.0,0.8561312556266785,59
c1_017,1,-89.95162963867188,21.132444381713867,1997.0,0.8035555481910706,59
c1_018,1,-90.08124542236328,21.135408401489258,1997.0,0.8081592917442322,59
c1_019,1,-90.112234,21.128671646118164,1997.0,0.7404192686080933,59
c1_020,1,-89.977499,21.129480361938477,1997.0,0.7530289888381958,59
c1_021,1,-90.07855224609375,21.141337,1997.0,0.7743754982948303,59
c1_022,1,-90.075317,21.103341,1997.0,0.8363256454467773,59
c1_023,1,-90.067502,21.106845,1997.0,0.836080014705658,59
c1_024,1,-89.947319,21.188493728637695,1997.0,0.7420666813850403,59
c1_025,1,-90.09876251220703,21.119779,1997.0,0.7377238273620605,59
c1_026,1,-89.945702,21.14322280883789,1997.0,0.817451536655426,59
c1_027,1,-90.054837,21.112503051757812,1997.0,0.8240901231765747,59
c1_028,1,-90.010105,21.151576,1997.0,0.7713680863380432,59
c1_029,1,-90.113042,21.085018157958984,1997.0,0.8374620079994202,59
c1_030,1,-90.110348,21.111964,1997.0,0.7671985030174255,59
c2_001,2,-89.941929,21.138911,1997.0,0.839527428150177,59
c2_002,2,-90.100647,21.146995,1997.0,0.7091375589370728,59
c2_003,2,-90.111964,21.138642,1997.0,0.712511420249939,59
c2_004,2,-90.118971,21.110347747802734,1997.0,0.7166790962219238,59
c2_005,2,-90.117084,21.092023849487305,1997.0,0.8344417214393616,59
c2_006,2,-90.070466,21.094718,1997.0,0.837074339389801,59
c2_007,2,-89.99231719970703,21.149690628051758,1997.0,0.7603092789649963,59
c2_008,2,-90.042172,21.114389419555664,1997.0,0.7187183499336243,59
c2_009,2,-90.117893,21.135947,1997.0,0.6951623558998108,59
c2_010,2,-90.006871,21.131097,1997.0,0.7863208055496216,59
c2_011,2,-89.946241,21.164511,1997.0,0.8666931986808777,59
c2_012,2,-90.101725,21.08043670654297,1997.0,0.8052991032600403,59
c2_013,2,-90.00768280029297,21.128133,1997.0,0.7715715169906616,59
c2_014,2,-90.097413,21.149959564208984,1997.0,0.8228852152824402,59
c2_015,2,-90.052412,21.098222,1997.0,0.79305100440979,59
c2_016,2,-89.955672,21.166936,1997.0,0.49692195653915405,59
c2_017,2,-89.985853,21.152385,1997.0,0.7805101871490479,59
c2_018,2,-90.039477,21.152654,1997.0,0.8658237457275391,59
c2_019,2,-90.120049,21.121396,1997.0,0.8294029235839844,59
c2_020,2,-90.051334,21.10765266418457,1997.0,0.8330153226852417,59
c2_021,2,-90.070197,21.091215133666992,1997.0,0.8093058466911316,59
c2_022,2,-90.094988,21.123282,1997.0,0.5465105175971985,59
c2_023,2,-89.966182,21.124359130859375,1997.0,0.7318846583366394,59
c2_024,2,-90.085287,21.123552322387695,1997.0,0.7599560618400574,59
c2_025,2,-90.074239,21.092832,1997.0,0.8306220769882202,59
c2_026,2,-90.101455,21.144301,1997.0,0.7220290899276733,59
c2_027,2,-89.997979,21.154002,1997.0,0.8198306560516357,59
c2_028,2,-89.968607,21.116275787353516,1997.0,0.8456782698631287,59
c2_029,2,-89.975344,21.13729476928711,1997.0,0.8081866502761841,59
c2_030,2,-90.025195,21.116544723510742,1997.0,0.8089215755462646,59
c10_004,3,-90.028968,21.158313,1997.0,0.28179386258125305,59
c10_002,3,-90.03301239013672,21.158044,1997.0,0.2924940288066864,59
c10_003,3,-90.032741,21.159122467041016,1997.0,0.2753223776817322,59
c10_005,3,-90.030585,21.158044,1997.0,0.2577115297317505,59
c3_029,3,-90.08555603027344,21.149690628051758,1997.0,0.31527137756347656,59
c10_001,3,-89.95405578613281,21.163972,1997.0,0.4574383795261383,59
c3_009,3,-89.986931,21.149959564208984,1997.0,0.8484342694282532,59
c3_028,3,-89.982619,21.180679,1997.0,0.20903699100017548,59
c3_005,3,-90.031124,21.124629,1997.0,0.8348771929740906,59
c3_002,3,-89.995823,21.13837242126465,1997.0,0.821524977684021,59
c3_008,3,-89.951091,21.200081,1997.0,0.8317216634750366,59
c3_013,3,-89.951361,21.199003219604492,1997.0,0.7799800634384155,59
c3_016,3,-89.949205,21.20115852355957,1997.0,0.8354536890983582,59
c3_021,3,-89.950013,21.19927215576172,1997.0,0.7276245951652527,59
c3_018,3,-90.1038818359375,21.086095,1997.0,0.8476232886314392,59
c3_003,3,-89.995284,21.139720916748047,1997.0,0.7908046841621399,59
c3_007,3,-89.964834,21.14322280883789,1997.0,0.7789345383644104,59
c3_011,3,-90.008758,21.113311767578125,1997.0,0.8233764171600342,59
c3_017,3,-89.980733,21.145648,1997.0,0.715901792049408,59
c3_027,3,-90.016572,21.116006,1997.0,0.814314067363739,59
c3_010,3,-89.973188,21.186607360839844,1997.0,0.8816112279891968,59
c3_024,3,-90.088521,21.146726,1997.0,0.6195762157440186,59
c3_025,3,-89.943007,21.170978,1997.0,0.7998088598251343,59
c3_019,3,-89.958906,21.12489891052246,1997.0,0.8802062273025513,59
c3_023,3,-90.00040435791016,21.138642,1997.0,0.7280107736587524,59
c3_012,3,-90.000135,21.130826950073242,1997.0,0.802925169467926,59
c3_020,3,-89.986392,21.159391403198242,1997.0,0.9351913928985596,59
c3_026,3,-90.014417,21.114659,1997.0,0.8293529152870178,59
c3_014,3,-89.945702,21.20331382751465,1997.0,0.8488320708274841,59
c3_030,3,-90.104958,21.09660530090332,1997.0,0.6958844065666199,59
c3_001,3,-90.072083,21.088790893554688,1997.0,0.8427234888076782,59
c3_004,3,-90.046214,21.096874237060547,1997.0,0.7510312795639038,59
c3_006,3,-89.973188,21.15966033935547,1997.0,0.9175353050231934,59
c3_015,3,-90.011722,21.112503051757812,1997.0,0.8073068261146545,59
c3_022,3,-90.041364,21.099029541015625,1997.0,0.7608209848403931,59
c4_001,4,-89.957828,21.178254,1997.0,0.29405638575553894,59
c4_002,4,-89.963217,21.190109252929688,1997.0,0.435444176197052,59
c4_003,4,-89.950822,21.1922664642334,1997.0,0.16611306369304657,59
c4_004,4,-89.992859,21.172864,1997.0,0.4437142312526703,59
c4_005,4,-89.940313,21.199811,1997.0,0.18962231278419495,59
c4_006,4,-89.939774,21.204662322998047,1997.0,0.21480609476566315,59
c4_007,4,-90.070736,21.130288,1997.0,0.7110286951065063,59
c4_008,4,-89.998518,21.119239807128906,1997.0,0.7023483514785767,59
c4_009,4,-90.035705,21.144301,1997.0,0.6222416162490845,59
c4_010,4,-90.029776,21.160737991333008,1997.0,0.3377465605735779,59
c4_011,4,-90.036244,21.152114868164062,1997.0,0.6334425210952759,59
c4_012,4,-90.106306,21.113851,1997.0,0.6726443767547607,59
c4_013,4,-89.943007,21.202506,1997.0,0.2516316771507263,59
c4_014,4,-89.956481,21.189302444458008,1997.0,0.25026246905326843,59
c4_015,4,-90.1038818359375,21.116006,1997.0,0.6426305174827576,59
c4_016,4,-89.943277,21.199542,1997.0,0.14733369648456573,59
c4_017,4,-90.07369995117188,21.133522033691406,1997.0,0.49702680110931396,59
c4_018,4,-89.996632,21.15022850036621,1997.0,0.5058391094207764,59
c4_019,4,-90.022501,21.156966,1997.0,0.32065194845199585,59
c4_020,4,-89.981811,21.164511,1997.0,0.5440133213996887,59
c4_021,4,-90.001482,21.169092178344727,1997.0,0.44645410776138306,59
c4_022,4,-89.99259185791016,21.120318,1997.0,0.8047286868095398,59
c4_023,4,-89.955133,21.188493728637695,1997.0,0.2990579605102539,59
c4_024,4,-89.966182,21.181218,1997.0,0.18182972073554993,59
c4_025,4,-89.952439,21.1922664642334,1997.0,0.3629416525363922,59
c4_026,4,-90.034357,21.160199,1997.0,0.47699621319770813,59
c4_027,4,-89.966451,21.182565,1997.0,0.2861386835575104,59
c4_028,4,-89.958636,21.177175521850586,1997.0,0.21437440812587738,59
c4_029,4,-90.074778,21.130826950073242,1997.0,0.5899707674980164,59
c4_030,4,-89.976421,21.170978,1997.0,0.24976930022239685,59
c5_001,5,-90.044328,21.155349,1997.0,0.3345378041267395,59
c5_005,5,-90.011722,21.165858,1997.0,0.31364330649375916,59
c5_020,5,-90.002829,21.15642738342285,1997.0,0.4526219964027405,59
c5_022,5,-90.004985,21.156696319580078,1997.0,0.42807531356811523,59
c5_002,5,-90.066424,21.152114868164062,1997.0,0.7558751702308655,59
c5_004,5,-90.039477,21.155618,1997.0,0.30288875102996826,59
c5_006,5,-90.006063,21.155078887939453,1997.0,0.5190096497535706,59
c5_009,5,-90.039477,21.156966,1997.0,0.2779795825481415,59
c5_010,5,-90.032202,21.159391403198242,1997.0,0.2096613198518753,59
c5_012,5,-89.996093,21.155349,1997.0,0.4600749611854553,59
c5_014,5,-90.042711,21.155618,1997.0,0.2774801552295685,59
c5_015,5,-90.061304,21.156156539916992,1997.0,0.4907984733581543,59
c5_016,5,-90.036783,21.156966,1997.0,0.2694975435733795,59
c5_018,5,-90.02816009521484,21.156696319580078,1997.0,0.35642677545547485,59
c5_019,5,-90.037321,21.158313,1997.0,0.28982633352279663,59
c5_021,5,-90.062921,21.154541015625,1997.0,0.5355949997901917,59
c5_023,5,-90.031932,21.158044,1997.0,0.28834378719329834,59
c5_025,5,-90.074778,21.151845932006836,1997.0,0.6149488687515259,59
c5_027,5,-90.037052,21.159929275512695,1997.0,0.3361453115940094,59
c5_028,5,-90.03813171386719,21.155349,1997.0,0.30855363607406616,59
c5_029,5,-90.035166,21.156156539916992,1997.0,0.33614662289619446,59
c5_030,5,-90.030585,21.15750503540039,1997.0,0.31676802039146423,59
c5_011,5,-90.064538,21.154541015625,1997.0,0.5823220610618591,59
c5_013,5,-89.998248,21.172326,1997.0,0.6744111776351929,59
c5_024,5,-89.988009,21.162355422973633,1997.0,0.601161003112793,59
c5_008,5,-90.057262,21.155349,1997.0,0.6009764075279236,59
c5_017,5,-90.036513,21.154271,1997.0,0.42120856046676636,59
c5_026,5,-89.996632,21.160737991333008,1997.0,0.5135318040847778,59
c5_003,5,-89.978038,21.180139541625977,1997.0,0.21124671399593353,59
c5_007,5,-90.08124542236328,21.149421,1997.0,0.6898523569107056,59
c1_001,1,-90.092293,21.134868621826172,1998.0,0.8275763988494873,53
c1_002,1,-90.057262,21.116815,1998.0,0.7008118033409119,53
c1_003,1,-90.097413,21.129209518432617,1998.0,0.8085231184959412,53
c1_004,1,-90.051873,21.142684,1998.0,0.8029165863990784,53
c1_005,1,-90.116815,21.0882511138916,1998.0,0.7724501490592957,53
c1_006,1,-90.066694,21.0987606048584,1998.0,0.7986049652099609,53
c1_007,1,-89.974805,21.120318,1998.0,0.8311274647712708,53
c1_008,1,-89.979925,21.132444381713867,1998.0,0.8012430667877197,53
c1_009,1,-89.988278,21.157773971557617,1998.0,0.7854957580566406,53
c1_010,1,-90.062921,21.101186,1998.0,0.6901529431343079,53
c1_011,1,-90.004177,21.130558013916016,1998.0,0.8452816605567932,53
c1_012,1,-90.070197,21.140798,1998.0,0.7987112402915955,53
c1_013,1,-89.989086,21.127055,1998.0,0.7185121774673462,53
c1_014,1,-90.05834197998047,21.147265,1998.0,0.7408229112625122,53
c1_015,1,-90.073969,21.147265,1998.0,0.8398973345756531,53
c1_016,1,-89.955672,21.141876220703125,1998.0,0.8690508604049683,53
c1_017,1,-89.95162963867188,21.132444381713867,1998.0,0.7924744486808777,53
c1_018,1,-90.08124542236328,21.135408401489258,1998.0,0.7652232050895691,53
c1_019,1,-90.112234,21.128671646118164,1998.0,0.7125350832939148,53
c1_020,1,-89.977499,21.129480361938477,1998.0,0.7525902986526489,53
c1_021,1,-90.07855224609375,21.141337,1998.0,0.7819427847862244,53
c1_022,1,-90.075317,21.103341,1998.0,0.8094983696937561,53
c1_023,1,-90.067502,21.106845,1998.0,0.8543144464492798,53
c1_024,1,-89.947319,21.188493728637695,1998.0,0.757377028465271,53
c1_025,1,-90.09876251220703,21.119779,1998.0,0.7211917042732239,53
c1_026,1,-89.945702,21.14322280883789,1998.0,0.8058383464813232,53
c1_027,1,-90.054837,21.112503051757812,1998.0,0.7919763326644897,53
c1_028,1,-90.010105,21.151576,1998.0,0.8008679151535034,53
c1_029,1,-90.113042,21.085018157958984,1998.0,0.8386885523796082,53
c1_030,1,-90.110348,21.111964,1998.0,0.7165577411651611,53
c2_001,2,-89.941929,21.138911,1998.0,0.8106393218040466,53
c2_002,2,-90.100647,21.146995,1998.0,0.7116783857345581,53
c2_003,2,-90.111964,21.138642,1998.0,0.7360792756080627,53
c2_004,2,-90.118971,21.110347747802734,1998.0,0.7063587307929993,53
c2_005,2,-90.117084,21.092023849487305,1998.0,0.8346613049507141,53
c2_006,2,-90.070466,21.094718,1998.0,0.8019261360168457,53
c2_007,2,-89.99231719970703,21.149690628051758,1998.0,0.7898650169372559,53
c2_008,2,-90.042172,21.114389419555664,1998.0,0.7110484838485718,53
c2_009,2,-90.117893,21.135947,1998.0,0.7671244740486145,53
c2_010,2,-90.006871,21.131097,1998.0,0.7882390022277832,53
c2_011,2,-89.946241,21.164511,1998.0,0.7779223322868347,53
c2_012,2,-90.101725,21.08043670654297,1998.0,0.7946892976760864,53
c2_013,2,-90.00768280029297,21.128133,1998.0,0.7851073145866394,53
c2_014,2,-90.097413,21.149959564208984,1998.0,0.8462993502616882,53
c2_015,2,-90.052412,21.098222,1998.0,0.8085129857063293,53
c2_016,2,-89.955672,21.166936,1998.0,0.5865167379379272,53
c2_017,2,-89.985853,21.152385,1998.0,0.7558628916740417,53
c2_018,2,-90.039477,21.152654,1998.0,0.8841545581817627,53
c2_019,2,-90.120049,21.121396,1998.0,0.8106144666671753,53
c2_020,2,-90.051334,21.10765266418457,1998.0,0.809629499912262,53
c2_021,2,-90.070197,21.091215133666992,1998.0,0.7908729910850525,53
c2_022,2,-90.094988,21.123282,1998.0,0.8128078579902649,53
c2_023,2,-89.966182,21.124359130859375,1998.0,0.6892135739326477,53
c2_024,2,-90.085287,21.123552322387695,1998.0,0.7818794846534729,53
c2_025,2,-90.074239,21.092832,1998.0,0.8390093445777893,53
c2_026,2,-90.101455,21.144301,1998.0,0.8123950362205505,53
c2_027,2,-89.997979,21.154002,1998.0,0.821351170539856,53
c2_028,2,-89.968607,21.116275787353516,1998.0,0.8492600917816162,53
c2_029,2,-89.975344,21.13729476928711,1998.0,0.823707640171051,53
c2_030,2,-90.025195,21.116544723510742,1998.0,0.7729849815368652,53
c10_004,3,-90.028968,21.158313,1998.0,0.39227095246315,53
c10_002,3,-90.03301239013672,21.158044,1998.0,0.2770806550979614,53
c10_003,3,-90.032741,21.159122467041016,1998.0,0.44141849875450134,53
c10_005,3,-90.030585,21.158044,1998.0,0.3589443564414978,53
c3_029,3,-90.08555603027344,21.149690628051758,1998.0,0.6616087555885315,53
c10_001,3,-89.95405578613281,21.163972,1998.0,0.472297728061676,53
c3_009,3,-89.986931,21.149959564208984,1998.0,0.8610472679138184,53
c3_028,3,-89.982619,21.180679,1998.0,0.18470808863639832,53
c3_005,3,-90.031124,21.124629,1998.0,0.8677601218223572,53
c3_002,3,-89.995823,21.13837242126465,1998.0,0.8307712078094482,53
c3_008,3,-89.951091,21.200081,1998.0,0.9049784541130066,53
c3_013,3,-89.951361,21.199003219604492,1998.0,0.8240865468978882,53
c3_016,3,-89.949205,21.20115852355957,1998.0,0.8437026739120483,53
c3_021,3,-89.950013,21.19927215576172,1998.0,0.7742146253585815,53
c3_018,3,-90.1038818359375,21.086095,1998.0,0.8270503282546997,53
c3_003,3,-89.995284,21.139720916748047,1998.0,0.7968354225158691,53
c3_007,3,-89.964834,21.14322280883789,1998.0,0.7571483850479126,53
c3_011,3,-90.008758,21.113311767578125,1998.0,0.8253190517425537,53
c3_017,3,-89.980733,21.145648,1998.0,0.7517092823982239,53
c3_027,3,-90.016572,21.116006,1998.0,0.8008567690849304,53
c3_010,3,-89.973188,21.186607360839844,1998.0,0.905083417892456,53
c3_024,3,-90.088521,21.146726,1998.0,0.74814373254776,53
c3_025,3,-89.943007,21.170978,1998.0,0.7631754875183105,53
c3_019,3,-89.958906,21.12489891052246,1998.0,0.8667985200881958,53
c3_023,3,-90.00040435791016,21.138642,1998.0,0.8425376415252686,53
c3_012,3,-90.000135,21.130826950073242,1998.0,0.8173311948776245,53
c3_020,3,-89.986392,21.159391403198242,1998.0,0.8173297047615051,53
c3_026,3,-90.014417,21.114659,1998.0,0.8068658709526062,53
c3_014,3,-89.945702,21.20331382751465,1998.0,0.8561224341392517,53
c3_030,3,-90.104958,21.09660530090332,1998.0,0.676796019077301,53
c3_001,3,-90.072083,21.088790893554688,1998.0,0.8115957379341125,53
c3_004,3,-90.046214,21.096874237060547,1998.0,0.772028386592865,53
c3_006,3,-89.973188,21.15966033935547,1998.0,0.8407886624336243,53
c3_015,3,-90.011722,21.112503051757812,1998.0,0.7999082803726196,53
c3_022,3,-90.041364,21.099029541015625,1998.0,0.7718763947486877,53
c4_001,4,-89.957828,21.178254,1998.0,0.3349234461784363,53
c4_002,4,-89.963217,21.190109252929688,1998.0,0.5297568440437317,53
c4_003,4,-89.950822,21.1922664642334,1998.0,0.2251470386981964,53
c4_004,4,-89.992859,21.172864,1998.0,0.5250021815299988,53
c4_005,4,-89.940313,21.199811,1998.0,0.24862298369407654,53
c4_006,4,-89.939774,21.204662322998047,1998.0,0.4732271134853363,53
c4_007,4,-90.070736,21.130288,1998.0,0.8162807822227478,53
c4_008,4,-89.998518,21.119239807128906,1998.0,0.7172338962554932,53
c4_009,4,-90.035705,21.144301,1998.0,0.6117556691169739,53
c4_010,4,-90.029776,21.160737991333008,1998.0,0.3714121878147125,53
c4_011,4,-90.036244,21.152114868164062,1998.0,0.6225453019142151,53
c4_012,4,-90.106306,21.113851,1998.0,0.5043007731437683,53
c4_013,4,-89.943007,21.202506,1998.0,0.47229430079460144,53
c4_014,4,-89.956481,21.189302444458008,1998.0,0.4266379475593567,53
c4_015,4,-90.1038818359375,21.116006,1998.0,0.6550676822662354,53
c4_016,4,-89.943277,21.199542,1998.0,0.18136799335479736,53
c4_017,4,-90.07369995117188,21.133522033691406,1998.0,0.6035226583480835,53
c4_018,4,-89.996632,21.15022850036621,1998.0,0.5259490013122559,53
c4_019,4,-90.022501,21.156966,1998.0,0.23810836672782898,53
c4_020,4,-89.981811,21.164511,1998.0,0.6167958378791809,53
c4_021,4,-90.001482,21.169092178344727,1998.0,0.5902577638626099,53
c4_022,4,-89.99259185791016,21.120318,1998.0,0.8046814799308777,53
c4_023,4,-89.955133,21.188493728637695,1998.0,0.5101721882820129,53
c4_024,4,-89.966182,21.181218,1998.0,0.5502309799194336,53
c4_025,4,-89.952439,21.1922664642334,1998.0,0.48651617765426636,53
c4_026,4,-90.034357,21.160199,1998.0,0.7026880383491516,53
c4_027,4,-89.966451,21.182565,1998.0,0.4474453032016754,53
c4_028,4,-89.958636,21.177175521850586,1998.0,0.3797440528869629,53
c4_029,4,-90.074778,21.130826950073242,1998.0,0.787209153175354,53
c4_030,4,-89.976421,21.170978,1998.0,0.2713238596916199,53
c5_001,5,-90.044328,21.155349,1998.0,0.5316123366355896,53
c5_005,5,-90.011722,21.165858,1998.0,0.4038436710834503,53
c5_020,5,-90.002829,21.15642738342285,1998.0,0.543811023235321,53
c5_022,5,-90.004985,21.156696319580078,1998.0,0.36349138617515564,53
c5_002,5,-90.066424,21.152114868164062,1998.0,0.8926963806152344,53
c5_004,5,-90.039477,21.155618,1998.0,0.3068417012691498,53
c5_006,5,-90.006063,21.155078887939453,1998.0,0.5111011862754822,53
c5_009,5,-90.039477,21.156966,1998.0,0.31009167432785034,53
c5_010,5,-90.032202,21.159391403198242,1998.0,0.3589443564414978,53
c5_012,5,-89.996093,21.155349,1998.0,0.3429943323135376,53
c5_014,5,-90.042711,21.155618,1998.0,0.43041548132896423,53
c5_015,5,-90.061304,21.156156539916992,1998.0,0.4858967661857605,53
c5_016,5,-90.036783,21.156966,1998.0,0.29604658484458923,53
c5_018,5,-90.02816009521484,21.156696319580078,1998.0,0.46041402220726013,53
c5_019,5,-90.037321,21.158313,1998.0,0.40511608123779297,53
c5_021,5,-90.062921,21.154541015625,1998.0,0.6365501880645752,53
c5_023,5,-90.031932,21.158044,1998.0,0.44141849875450134,53
c5_025,5,-90.074778,21.151845932006836,1998.0,0.6967421770095825,53
c5_027,5,-90.037052,21.159929275512695,1998.0,0.5849366188049316,53
c5_028,5,-90.03813171386719,21.155349,1998.0,0.3170385956764221,53
c5_029,5,-90.035166,21.156156539916992,1998.0,0.3068285882472992,53
c5_030,5,-90.030585,21.15750503540039,1998.0,0.36750736832618713,53
c5_011,5,-90.064538,21.154541015625,1998.0,0.7277493476867676,53
c5_013,5,-89.998248,21.172326,1998.0,0.4487217366695404,53
c5_024,5,-89.988009,21.162355422973633,1998.0,0.5222349166870117,53
c5_008,5,-90.057262,21.155349,1998.0,0.626188337802887,53
c5_017,5,-90.036513,21.154271,1998.0,0.5453980565071106,53
c5_026,5,-89.996632,21.160737991333008,1998.0,0.7193332314491272,53
c5_003,5,-89.978038,21.180139541625977,1998.0,0.2576165199279785,53
c5_007,5,-90.08124542236328,21.149421,1998.0,0.7611778378486633,53
c1_001,1,-90.092293,21.134868621826172,1999.0,0.7712805867195129,62
c1_002,1,-90.057262,21.116815,1999.0,0.7146009802818298,62
c1_003,1,-90.097413,21.129209518432617,1999.0,0.811833918094635,62
c1_004,1,-90.051873,21.142684,1999.0,0.8180575370788574,62
c1_005,1,-90.116815,21.0882511138916,1999.0,0.7962024211883545,62
c1_006,1,-90.066694,21.0987606048584,1999.0,0.7817502021789551,62
c1_007,1,-89.974805,21.120318,1999.0,0.863879919052124,62
c1_008,1,-89.979925,21.132444381713867,1999.0,0.8184196949005127,62
c1_009,1,-89.988278,21.157773971557617,1999.0,0.8022205233573914,62
c1_010,1,-90.062921,21.101186,1999.0,0.7262799143791199,62
c1_011,1,-90.004177,21.130558013916016,1999.0,0.8200682401657104,62
c1_012,1,-90.070197,21.140798,1999.0,0.779777467250824,62
c1_013,1,-89.989086,21.127055,1999.0,0.7288767099380493,62
c1_014,1,-90.05834197998047,21.147265,1999.0,0.7994213700294495,62
c1_015,1,-90.073969,21.147265,1999.0,0.8514769673347473,62
c1_016,1,-89.955672,21.141876220703125,1999.0,0.9149926900863647,62
c1_017,1,-89.95162963867188,21.132444381713867,1999.0,0.8184515237808228,62
c1_018,1,-90.08124542236328,21.135408401489258,1999.0,0.7540780901908875,62
c1_019,1,-90.112234,21.128671646118164,1999.0,0.8607509136199951,62
c1_020,1,-89.977499,21.129480361938477,1999.0,0.7433018684387207,62
c1_021,1,-90.07855224609375,21.141337,1999.0,0.8094459176063538,62
c1_022,1,-90.075317,21.103341,1999.0,0.8236821293830872,62
c1_023,1,-90.067502,21.106845,1999.0,0.8302197456359863,62
c1_024,1,-89.947319,21.188493728637695,1999.0,0.7615348100662231,62
c1_025,1,-90.09876251220703,21.119779,1999.0,0.7659289240837097,62
c1_026,1,-89.945702,21.14322280883789,1999.0,0.8128498196601868,62
c1_027,1,-90.054837,21.112503051757812,1999.0,0.8900699615478516,62
c1_028,1,-90.010105,21.151576,1999.0,0.7997850179672241,62
c1_029,1,-90.113042,21.085018157958984,1999.0,0.8372271060943604,62
c1_030,1,-90.110348,21.111964,1999.0,0.7763230800628662,62
c2_001,2,-89.941929,21.138911,1999.0,0.8626917004585266,62
c2_002,2,-90.100647,21.146995,1999.0,0.6309080123901367,62
c2_003,2,-90.111964,21.138642,1999.0,0.7516099810600281,62
c2_004,2,-90.118971,21.110347747802734,1999.0,0.7144436836242676,62
c2_005,2,-90.117084,21.092023849487305,1999.0,0.839378833770752,62
c2_006,2,-90.070466,21.094718,1999.0,0.8352049589157104,62
c2_007,2,-89.99231719970703,21.149690628051758,1999.0,0.7016125321388245,62
c2_008,2,-90.042172,21.114389419555664,1999.0,0.7509547472000122,62
c2_009,2,-90.117893,21.135947,1999.0,0.7019912004470825,62
c2_010,2,-90.006871,21.131097,1999.0,0.8099019527435303,62
c2_011,2,-89.946241,21.164511,1999.0,0.8070188760757446,62
c2_012,2,-90.101725,21.08043670654297,1999.0,0.8397806286811829,62
c2_013,2,-90.00768280029297,21.128133,1999.0,0.7966200709342957,62
c2_014,2,-90.097413,21.149959564208984,1999.0,0.844304084777832,62
c2_015,2,-90.052412,21.098222,1999.0,0.8277859091758728,62
c2_016,2,-89.955672,21.166936,1999.0,0.6340540647506714,62
c2_017,2,-89.985853,21.152385,1999.0,0.7558917999267578,62
c2_018,2,-90.039477,21.152654,1999.0,0.8411204814910889,62
c2_019,2,-90.120049,21.121396,1999.0,0.7978699803352356,62
c2_020,2,-90.051334,21.10765266418457,1999.0,0.8471801280975342,62
c2_021,2,-90.070197,21.091215133666992,1999.0,0.8137195706367493,62
c2_022,2,-90.094988,21.123282,1999.0,0.6328107714653015,62
c2_023,2,-89.966182,21.124359130859375,1999.0,0.7832580208778381,62
c2_024,2,-90.085287,21.123552322387695,1999.0,0.7905927896499634,62
c2_025,2,-90.074239,21.092832,1999.0,0.8332849740982056,62
c2_026,2,-90.101455,21.144301,1999.0,0.763079047203064,62
c2_027,2,-89.997979,21.154002,1999.0,0.8261920809745789,62
c2_028,2,-89.968607,21.116275787353516,1999.0,0.8764688968658447,62
c2_029,2,-89.975344,21.13729476928711,1999.0,0.8264235854148865,62
c2_030,2,-90.025195,21.116544723510742,1999.0,0.8273960947990417,62
c10_004,3,-90.028968,21.158313,1999.0,0.18599192798137665,62
c10_002,3,-90.03301239013672,21.158044,1999.0,0.28056901693344116,62
c10_003,3,-90.032741,21.159122467041016,1999.0,0.23022527992725372,62
c10_005,3,-90.030585,21.158044,1999.0,0.2686518132686615,62
c3_029,3,-90.08555603027344,21.149690628051758,1999.0,0.44059237837791443,62
c10_001,3,-89.95405578613281,21.163972,1999.0,0.4708099365234375,62
c3_009,3,-89.986931,21.149959564208984,1999.0,0.8744831681251526,62
c3_028,3,-89.982619,21.180679,1999.0,0.24488721787929535,62
c3_005,3,-90.031124,21.124629,1999.0,0.8495877385139465,62
c3_002,3,-89.995823,21.13837242126465,1999.0,0.8248646259307861,62
c3_008,3,-89.951091,21.200081,1999.0,0.8489449620246887,62
c3_013,3,-89.951361,21.199003219604492,1999.0,0.8226293921470642,62
c3_016,3,-89.949205,21.20115852355957,1999.0,0.8412981033325195,62
c3_021,3,-89.950013,21.19927215576172,1999.0,0.7947272062301636,62
c3_018,3,-90.1038818359375,21.086095,1999.0,0.9107269048690796,62
c3_003,3,-89.995284,21.139720916748047,1999.0,0.794906735420227,62
c3_007,3,-89.964834,21.14322280883789,1999.0,0.7645923495292664,62
c3_011,3,-90.008758,21.113311767578125,1999.0,0.852714478969574,62
c3_017,3,-89.980733,21.145648,1999.0,0.7479287981987,62
c3_027,3,-90.016572,21.116006,1999.0,0.8295279741287231,62
c3_010,3,-89.973188,21.186607360839844,1999.0,0.8634689450263977,62
c3_024,3,-90.088521,21.146726,1999.0,0.7359479665756226,62
c3_025,3,-89.943007,21.170978,1999.0,0.7824087142944336,62
c3_019,3,-89.958906,21.12489891052246,1999.0,0.8949239253997803,62
c3_023,3,-90.00040435791016,21.138642,1999.0,0.7021365761756897,62
c3_012,3,-90.000135,21.130826950073242,1999.0,0.8204705715179443,62
c3_020,3,-89.986392,21.159391403198242,1999.0,0.8379238843917847,62
c3_026,3,-90.014417,21.114659,1999.0,0.8616426587104797,62
c3_014,3,-89.945702,21.20331382751465,1999.0,0.8571401238441467,62
c3_030,3,-90.104958,21.09660530090332,1999.0,0.7453107237815857,62
c3_001,3,-90.072083,21.088790893554688,1999.0,0.8366647362709045,62
c3_004,3,-90.046214,21.096874237060547,1999.0,0.8090516328811646,62
c3_006,3,-89.973188,21.15966033935547,1999.0,0.893555223941803,62
c3_015,3,-90.011722,21.112503051757812,1999.0,0.8366730809211731,62
c3_022,3,-90.041364,21.099029541015625,1999.0,0.779927670955658,62
c4_001,4,-89.957828,21.178254,1999.0,0.4148673415184021,62
c4_002,4,-89.963217,21.190109252929688,1999.0,0.5518571138381958,62
c4_003,4,-89.950822,21.1922664642334,1999.0,0.18140079081058502,62
c4_004,4,-89.992859,21.172864,1999.0,0.5511050820350647,62
c4_005,4,-89.940313,21.199811,1999.0,0.23493605852127075,62
c4_006,4,-89.939774,21.204662322998047,1999.0,0.5471875071525574,62
c4_007,4,-90.070736,21.130288,1999.0,0.7520692348480225,62
c4_008,4,-89.998518,21.119239807128906,1999.0,0.7436931133270264,62
c4_009,4,-90.035705,21.144301,1999.0,0.6038243174552917,62
c4_010,4,-90.029776,21.160737991333008,1999.0,0.3904961049556732,62
c4_011,4,-90.036244,21.152114868164062,1999.0,0.5874859094619751,62
c4_012,4,-90.106306,21.113851,1999.0,0.5983905792236328,62
c4_013,4,-89.943007,21.202506,1999.0,0.4023951590061188,62
c4_014,4,-89.956481,21.189302444458008,1999.0,0.479756236076355,62
c4_015,4,-90.1038818359375,21.116006,1999.0,0.6518533825874329,62
c4_016,4,-89.943277,21.199542,1999.0,0.20085355639457703,62
c4_017,4,-90.07369995117188,21.133522033691406,1999.0,0.5685473084449768,62
c4_018,4,-89.996632,21.15022850036621,1999.0,0.6085989475250244,62
c4_019,4,-90.022501,21.156966,1999.0,0.31738826632499695,62
c4_020,4,-89.981811,21.164511,1999.0,0.6579301953315735,62
c4_021,4,-90.001482,21.169092178344727,1999.0,0.44253966212272644,62
c4_022,4,-89.99259185791016,21.120318,1999.0,0.8079768419265747,62
c4_023,4,-89.955133,21.188493728637695,1999.0,0.5312319397926331,62
c4_024,4,-89.966182,21.181218,1999.0,0.5526944398880005,62
c4_025,4,-89.952439,21.1922664642334,1999.0,0.57505863904953,62
c4_026,4,-90.034357,21.160199,1999.0,0.5728675723075867,62
c4_027,4,-89.966451,21.182565,1999.0,0.42927080392837524,62
c4_028,4,-89.958636,21.177175521850586,1999.0,0.261128693819046,62
c4_029,4,-90.074778,21.130826950073242,1999.0,0.6316294074058533,62
c4_030,4,-89.976421,21.170978,1999.0,0.3289036452770233,62
c5_001,5,-90.044328,21.155349,1999.0,0.5466735363006592,62
c5_005,5,-90.011722,21.165858,1999.0,0.4949935972690582,62
c5_020,5,-90.002829,21.15642738342285,1999.0,0.47265246510505676,62
c5_022,5,-90.004985,21.156696319580078,1999.0,0.4461003541946411,62
c5_002,5,-90.066424,21.152114868164062,1999.0,0.7744659185409546,62
c5_004,5,-90.039477,21.155618,1999.0,0.34329450130462646,62
c5_006,5,-90.006063,21.155078887939453,1999.0,0.45082956552505493,62
c5_009,5,-90.039477,21.156966,1999.0,0.32095062732696533,62
c5_010,5,-90.032202,21.159391403198242,1999.0,0.2345016747713089,62
c5_012,5,-89.996093,21.155349,1999.0,0.4027543067932129,62
c5_014,5,-90.042711,21.155618,1999.0,0.34955132007598877,62
c5_015,5,-90.061304,21.156156539916992,1999.0,0.5412067174911499,62
c5_016,5,-90.036783,21.156966,1999.0,0.2723734676837921,62
c5_018,5,-90.02816009521484,21.156696319580078,1999.0,0.35569578409194946,62
c5_019,5,-90.037321,21.158313,1999.0,0.38051679730415344,62
c5_021,5,-90.062921,21.154541015625,1999.0,0.7826781868934631,62
c5_023,5,-90.031932,21.158044,1999.0,0.2628985345363617,62
c5_025,5,-90.074778,21.151845932006836,1999.0,0.7345209717750549,62
c5_027,5,-90.037052,21.159929275512695,1999.0,0.4722822308540344,62
c5_028,5,-90.03813171386719,21.155349,1999.0,0.3176532983779907,62
c5_029,5,-90.035166,21.156156539916992,1999.0,0.338297963142395,62
c5_030,5,-90.030585,21.15750503540039,1999.0,0.3105388879776001,62
c5_011,5,-90.064538,21.154541015625,1999.0,0.6139243245124817,62
c5_013,5,-89.998248,21.172326,1999.0,0.5404741168022156,62
c5_024,5,-89.988009,21.162355422973633,1999.0,0.545788049697876,62
c5_008,5,-90.057262,21.155349,1999.0,0.5876956582069397,62
c5_017,5,-90.036513,21.154271,1999.0,0.502519428730011,62
c5_026,5,-89.996632,21.160737991333008,1999.0,0.6882084608078003,62
c5_003,5,-89.978038,21.180139541625977,1999.0,0.4736587405204773,62
c5_007,5,-90.08124542236328,21.149421,1999.0,0.7150514721870422,62
c1_001,1,-90.092293,21.134868621826172,2000.0,0.8098180890083313,69
c1_002,1,-90.057262,21.116815,2000.0,0.6780641078948975,69
c1_003,1,-90.097413,21.129209518432617,2000.0,0.7970549464225769,69
c1_004,1,-90.051873,21.142684,2000.0,0.7915506958961487,69
c1_005,1,-90.116815,21.0882511138916,2000.0,0.7807332277297974,69
c1_006,1,-90.066694,21.0987606048584,2000.0,0.7645271420478821,69
c1_007,1,-89.974805,21.120318,2000.0,0.8548280000686646,69
c1_008,1,-89.979925,21.132444381713867,2000.0,0.833051323890686,69
c1_009,1,-89.988278,21.157773971557617,2000.0,0.7718628644943237,69
c1_010,1,-90.062921,21.101186,2000.0,0.6864528656005859,69
c1_011,1,-90.004177,21.130558013916016,2000.0,0.802155077457428,69
c1_012,1,-90.070197,21.140798,2000.0,0.8590317368507385,69
c1_013,1,-89.989086,21.127055,2000.0,0.6962386965751648,69
c1_014,1,-90.05834197998047,21.147265,2000.0,0.7825266122817993,69
c1_015,1,-90.073969,21.147265,2000.0,0.9000992774963379,69
c1_016,1,-89.955672,21.141876220703125,2000.0,0.8649419546127319,69
c1_017,1,-89.95162963867188,21.132444381713867,2000.0,0.8251340389251709,69
c1_018,1,-90.08124542236328,21.135408401489258,2000.0,0.7793044447898865,69
c1_019,1,-90.112234,21.128671646118164,2000.0,0.814201831817627,69
c1_020,1,-89.977499,21.129480361938477,2000.0,0.7582885026931763,69
c1_021,1,-90.07855224609375,21.141337,2000.0,0.8713161945343018,69
c1_022,1,-90.075317,21.103341,2000.0,0.8773277997970581,69
c1_023,1,-90.067502,21.106845,2000.0,0.8498634696006775,69
c1_024,1,-89.947319,21.188493728637695,2000.0,0.7365355491638184,69
c1_025,1,-90.09876251220703,21.119779,2000.0,0.7632421851158142,69
c1_026,1,-89.945702,21.14322280883789,2000.0,0.828814685344696,69
c1_027,1,-90.054837,21.112503051757812,2000.0,0.850288987159729,69
c1_028,1,-90.010105,21.151576,2000.0,0.8187582492828369,69
c1_029,1,-90.113042,21.085018157958984,2000.0,0.8431504964828491,69
c1_030,1,-90.110348,21.111964,2000.0,0.764116644859314,69
c2_001,2,-89.941929,21.138911,2000.0,0.8762410283088684,69
c2_002,2,-90.100647,21.146995,2000.0,0.573126494884491,69
c2_003,2,-90.111964,21.138642,2000.0,0.8662754893302917,69
c2_004,2,-90.118971,21.110347747802734,2000.0,0.7098293900489807,69
c2_005,2,-90.117084,21.092023849487305,2000.0,0.8543312549591064,69
c2_006,2,-90.070466,21.094718,2000.0,0.8387770056724548,69
c2_007,2,-89.99231719970703,21.149690628051758,2000.0,0.686877429485321,69
c2_008,2,-90.042172,21.114389419555664,2000.0,0.6817594766616821,69
c2_009,2,-90.117893,21.135947,2000.0,0.7870381474494934,69
c2_010,2,-90.006871,21.131097,2000.0,0.7801175117492676,69
c2_011,2,-89.946241,21.164511,2000.0,0.7812742590904236,69
c2_012,2,-90.101725,21.08043670654297,2000.0,0.8182684779167175,69
c2_013,2,-90.00768280029297,21.128133,2000.0,0.7875854969024658,69
c2_014,2,-90.097413,21.149959564208984,2000.0,0.8570987582206726,69
c2_015,2,-90.052412,21.098222,2000.0,0.8018105626106262,69
c2_016,2,-89.955672,21.166936,2000.0,0.6882463097572327,69
c2_017,2,-89.985853,21.152385,2000.0,0.7550160884857178,69
c2_018,2,-90.039477,21.152654,2000.0,0.8380296230316162,69
c2_019,2,-90.120049,21.121396,2000.0,0.8341855406761169,69
c2_020,2,-90.051334,21.10765266418457,2000.0,0.8565923571586609,69
c2_021,2,-90.070197,21.091215133666992,2000.0,0.8387770056724548,69
c2_022,2,-90.094988,21.123282,2000.0,0.5539606809616089,69
c2_023,2,-89.966182,21.124359130859375,2000.0,0.731106162071228,69
c2_024,2,-90.085287,21.123552322387695,2000.0,0.8073713779449463,69
c2_025,2,-90.074239,21.092832,2000.0,0.8535798788070679,69
c2_026,2,-90.101455,21.144301,2000.0,0.7487057447433472,69
c2_027,2,-89.997979,21.154002,2000.0,0.8382338881492615,69
c2_028,2,-89.968607,21.116275787353516,2000.0,0.875527560710907,69
c2_029,2,-89.975344,21.13729476928711,2000.0,0.7772853374481201,69
c2_030,2,-90.025195,21.116544723510742,2000.0,0.8410376310348511,69
c10_004,3,-90.028968,21.158313,2000.0,0.2696467936038971,69
c10_002,3,-90.03301239013672,21.158044,2000.0,0.21160511672496796,69
c10_003,3,-90.032741,21.159122467041016,2000.0,0.22005242109298706,69
c10_005,3,-90.030585,21.158044,2000.0,0.23624493181705475,69
c3_029,3,-90.08555603027344,21.149690628051758,2000.0,0.3515763580799103,69
c10_001,3,-89.95405578613281,21.163972,2000.0,0.43548494577407837,69
c3_009,3,-89.986931,21.149959564208984,2000.0,0.8682063817977905,69
c3_028,3,-89.982619,21.180679,2000.0,0.23291337490081787,69
c3_005,3,-90.031124,21.124629,2000.0,0.8156166076660156,69
c3_002,3,-89.995823,21.13837242126465,2000.0,0.8437559604644775,69
c3_008,3,-89.951091,21.200081,2000.0,0.8561725616455078,69
c3_013,3,-89.951361,21.199003219604492,2000.0,0.7875415682792664,69
c3_016,3,-89.949205,21.20115852355957,2000.0,0.8447331190109253,69
c3_021,3,-89.950013,21.19927215576172,2000.0,0.7569113969802856,69
c3_018,3,-90.1038818359375,21.086095,2000.0,0.8916769623756409,69
c3_003,3,-89.995284,21.139720916748047,2000.0,0.7830874919891357,69
c3_007,3,-89.964834,21.14322280883789,2000.0,0.7713466286659241,69
c3_011,3,-90.008758,21.113311767578125,2000.0,0.877622663974762,69
c3_017,3,-89.980733,21.145648,2000.0,0.7415544390678406,69
c3_027,3,-90.016572,21.116006,2000.0,0.8545320630073547,69
c3_010,3,-89.973188,21.186607360839844,2000.0,0.8812781572341919,69
c3_024,3,-90.088521,21.146726,2000.0,0.8199699521064758,69
c3_025,3,-89.943007,21.170978,2000.0,0.7740760445594788,69
c3_019,3,-89.958906,21.12489891052246,2000.0,0.9081052541732788,69
c3_023,3,-90.00040435791016,21.138642,2000.0,0.6435012221336365,69
c3_012,3,-90.000135,21.130826950073242,2000.0,0.8351065516471863,69
c3_020,3,-89.986392,21.159391403198242,2000.0,0.8165760040283203,69
c3_026,3,-90.014417,21.114659,2000.0,0.8915275931358337,69
c3_014,3,-89.945702,21.20331382751465,2000.0,0.8801960349082947,69
c3_030,3,-90.104958,21.09660530090332,2000.0,0.707012951374054,69
c3_001,3,-90.072083,21.088790893554688,2000.0,0.8387905955314636,69
c3_004,3,-90.046214,21.096874237060547,2000.0,0.8006098866462708,69
c3_006,3,-89.973188,21.15966033935547,2000.0,0.8373648524284363,69
c3_015,3,-90.011722,21.112503051757812,2000.0,0.84669029712677,69
c3_022,3,-90.041364,21.099029541015625,2000.0,0.7620012164115906,69
c4_001,4,-89.957828,21.178254,2000.0,0.4861597418785095,69
c4_002,4,-89.963217,21.190109252929688,2000.0,0.6434820890426636,69
c4_003,4,-89.950822,21.1922664642334,2000.0,0.1802227646112442,69
c4_004,4,-89.992859,21.172864,2000.0,0.3952385187149048,69
c4_005,4,-89.940313,21.199811,2000.0,0.18398098647594452,69
c4_006,4,-89.939774,21.204662322998047,2000.0,0.4021289348602295,69
c4_007,4,-90.070736,21.130288,2000.0,0.721269965171814,69
c4_008,4,-89.998518,21.119239807128906,2000.0,0.6927587985992432,69
c4_009,4,-90.035705,21.144301,2000.0,0.588525116443634,69
c4_010,4,-90.029776,21.160737991333008,2000.0,0.23949454724788666,69
c4_011,4,-90.036244,21.152114868164062,2000.0,0.5959374904632568,69
c4_012,4,-90.106306,21.113851,2000.0,0.6284224390983582,69
c4_013,4,-89.943007,21.202506,2000.0,0.40111178159713745,69
c4_014,4,-89.956481,21.189302444458008,2000.0,0.56757652759552,69
c4_015,4,-90.1038818359375,21.116006,2000.0,0.6230146884918213,69
c4_016,4,-89.943277,21.199542,2000.0,0.1252630054950714,69
c4_017,4,-90.07369995117188,21.133522033691406,2000.0,0.5903066396713257,69
c4_018,4,-89.996632,21.15022850036621,2000.0,0.663994312286377,69
c4_019,4,-90.022501,21.156966,2000.0,0.23807601630687714,69
c4_020,4,-89.981811,21.164511,2000.0,0.6903480291366577,69
c4_021,4,-90.001482,21.169092178344727,2000.0,0.19304697215557098,69
c4_022,4,-89.99259185791016,21.120318,2000.0,0.8256145715713501,69
c4_023,4,-89.955133,21.188493728637695,2000.0,0.5891696810722351,69
c4_024,4,-89.966182,21.181218,2000.0,0.6345311403274536,69
c4_025,4,-89.952439,21.1922664642334,2000.0,0.4936314523220062,69
c4_026,4,-90.034357,21.160199,2000.0,0.44658151268959045,69
c4_027,4,-89.966451,21.182565,2000.0,0.5026999115943909,69
c4_028,4,-89.958636,21.177175521850586,2000.0,0.4031887948513031,69
c4_029,4,-90.074778,21.130826950073242,2000.0,0.6050517559051514,69
c4_030,4,-89.976421,21.170978,2000.0,0.2907147705554962,69
c5_001,5,-90.044328,21.155349,2000.0,0.5481134653091431,69
c5_005,5,-90.011722,21.165858,2000.0,0.21807456016540527,69
c5_020,5,-90.002829,21.15642738342285,2000.0,0.45959845185279846,69
c5_022,5,-90.004985,21.156696319580078,2000.0,0.482028067111969,69
c5_002,5,-90.066424,21.152114868164062,2000.0,0.9064826965332031,69
c5_004,5,-90.039477,21.155618,2000.0,0.27071550488471985,69
c5_006,5,-90.006063,21.155078887939453,2000.0,0.4278479814529419,69
c5_009,5,-90.039477,21.156966,2000.0,0.33473655581474304,69
c5_010,5,-90.032202,21.159391403198242,2000.0,0.19318795204162598,69
c5_012,5,-89.996093,21.155349,2000.0,0.41982075572013855,69
c5_014,5,-90.042711,21.155618,2000.0,0.24378743767738342,69
c5_015,5,-90.061304,21.156156539916992,2000.0,0.4665447771549225,69
c5_016,5,-90.036783,21.156966,2000.0,0.21883270144462585,69
c5_018,5,-90.02816009521484,21.156696319580078,2000.0,0.4559920132160187,69
c5_019,5,-90.037321,21.158313,2000.0,0.41381964087486267,69
c5_021,5,-90.062921,21.154541015625,2000.0,0.6196292638778687,69
c5_023,5,-90.031932,21.158044,2000.0,0.20127645134925842,69
c5_025,5,-90.074778,21.151845932006836,2000.0,0.7901818156242371,69
c5_027,5,-90.037052,21.159929275512695,2000.0,0.3768542408943176,69
c5_028,5,-90.03813171386719,21.155349,2000.0,0.26571714878082275,69
c5_029,5,-90.035166,21.156156539916992,2000.0,0.3007490634918213,69
c5_030,5,-90.030585,21.15750503540039,2000.0,0.3344665467739105,69
c5_011,5,-90.064538,21.154541015625,2000.0,0.8836565017700195,69
c5_013,5,-89.998248,21.172326,2000.0,0.35138338804244995,69
c5_024,5,-89.988009,21.162355422973633,2000.0,0.5838272571563721,69
c5_008,5,-90.057262,21.155349,2000.0,0.6197183132171631,69
c5_017,5,-90.036513,21.154271,2000.0,0.5505001544952393,69
c5_026,5,-89.996632,21.160737991333008,2000.0,0.7026728987693787,69
c5_003,5,-89.978038,21.180139541625977,2000.0,0.2434546798467636,69
c5_007,5,-90.08124542236328,21.149421,2000.0,0.7494071125984192,69
c1_001,1,-90.092293,21.134868621826172,2001.0,0.8331531882286072,63
c1_002,1,-90.057262,21.116815,2001.0,0.6910142302513123,63
c1_003,1,-90.097413,21.129209518432617,2001.0,0.8498335480690002,63
c1_004,1,-90.051873,21.142684,2001.0,0.775768518447876,63
c1_005,1,-90.116815,21.0882511138916,2001.0,0.7995091676712036,63
c1_006,1,-90.066694,21.0987606048584,2001.0,0.7911213636398315,63
c1_007,1,-89.974805,21.120318,2001.0,0.8371260166168213,63
c1_008,1,-89.979925,21.132444381713867,2001.0,0.7933253645896912,63
c1_009,1,-89.988278,21.157773971557617,2001.0,0.7832546830177307,63
c1_010,1,-90.062921,21.101186,2001.0,0.6983686685562134,63
c1_011,1,-90.004177,21.130558013916016,2001.0,0.805270254611969,63
c1_012,1,-90.070197,21.140798,2001.0,0.783379316329956,63
c1_013,1,-89.989086,21.127055,2001.0,0.6939151883125305,63
c1_014,1,-90.05834197998047,21.147265,2001.0,0.7643855810165405,63
c1_015,1,-90.073969,21.147265,2001.0,0.8216452598571777,63
c1_016,1,-89.955672,21.141876220703125,2001.0,0.8803355693817139,63
c1_017,1,-89.95162963867188,21.132444381713867,2001.0,0.827366828918457,63
c1_018,1,-90.08124542236328,21.135408401489258,2001.0,0.8020278215408325,63
c1_019,1,-90.112234,21.128671646118164,2001.0,0.7821651101112366,63
c1_020,1,-89.977499,21.129480361938477,2001.0,0.7255257964134216,63
c1_021,1,-90.07855224609375,21.141337,2001.0,0.8359314799308777,63
c1_022,1,-90.075317,21.103341,2001.0,0.8197011351585388,63
c1_023,1,-90.067502,21.106845,2001.0,0.8449210524559021,63
c1_024,1,-89.947319,21.188493728637695,2001.0,0.7119377851486206,63
c1_025,1,-90.09876251220703,21.119779,2001.0,0.7735140919685364,63
c1_026,1,-89.945702,21.14322280883789,2001.0,0.8084009885787964,63
c1_027,1,-90.054837,21.112503051757812,2001.0,0.8499794602394104,63
c1_028,1,-90.010105,21.151576,2001.0,0.8324844241142273,63
c1_029,1,-90.113042,21.085018157958984,2001.0,0.8353254199028015,63
c1_030,1,-90.110348,21.111964,2001.0,0.7432163953781128,63
c2_001,2,-89.941929,21.138911,2001.0,0.8143702149391174,63
c2_002,2,-90.100647,21.146995,2001.0,0.7364895939826965,63
c2_003,2,-90.111964,21.138642,2001.0,0.6535881161689758,63
c2_004,2,-90.118971,21.110347747802734,2001.0,0.7000257968902588,63
c2_005,2,-90.117084,21.092023849487305,2001.0,0.8197460174560547,63
c2_006,2,-90.070466,21.094718,2001.0,0.8340470194816589,63
c2_007,2,-89.99231719970703,21.149690628051758,2001.0,0.8790496587753296,63
c2_008,2,-90.042172,21.114389419555664,2001.0,0.7554910778999329,63
c2_009,2,-90.117893,21.135947,2001.0,0.7176376581192017,63
c2_010,2,-90.006871,21.131097,2001.0,0.7591250538825989,63
c2_011,2,-89.946241,21.164511,2001.0,0.806439995765686,63
c2_012,2,-90.101725,21.08043670654297,2001.0,0.8136050701141357,63
c2_013,2,-90.00768280029297,21.128133,2001.0,0.7705381512641907,63
c2_014,2,-90.097413,21.149959564208984,2001.0,0.8631150126457214,63
c2_015,2,-90.052412,21.098222,2001.0,0.8007425665855408,63
c2_016,2,-89.955672,21.166936,2001.0,0.6971129179000854,63
c2_017,2,-89.985853,21.152385,2001.0,0.7421702742576599,63
c2_018,2,-90.039477,21.152654,2001.0,0.9224831461906433,63
c2_019,2,-90.120049,21.121396,2001.0,0.8151213526725769,63
c2_020,2,-90.051334,21.10765266418457,2001.0,0.8330255746841431,63
c2_021,2,-90.070197,21.091215133666992,2001.0,0.8022996187210083,63
c2_022,2,-90.094988,21.123282,2001.0,0.708820104598999,63
c2_023,2,-89.966182,21.124359130859375,2001.0,0.7058478593826294,63
c2_024,2,-90.085287,21.123552322387695,2001.0,0.764525294303894,63
c2_025,2,-90.074239,21.092832,2001.0,0.8451719880104065,63
c2_026,2,-90.101455,21.144301,2001.0,0.748110830783844,63
c2_027,2,-89.997979,21.154002,2001.0,0.8625252842903137,63
c2_028,2,-89.968607,21.116275787353516,2001.0,0.8787695169448853,63
c2_029,2,-89.975344,21.13729476928711,2001.0,0.7916768193244934,63
c2_030,2,-90.025195,21.116544723510742,2001.0,0.8054401874542236,63
c10_004,3,-90.028968,21.158313,2001.0,0.1587447077035904,63
c10_002,3,-90.03301239013672,21.158044,2001.0,0.20802859961986542,63
c10_003,3,-90.032741,21.159122467041016,2001.0,0.19167955219745636,63
c10_005,3,-90.030585,21.158044,2001.0,0.22938698530197144,63
c3_029,3,-90.08555603027344,21.149690628051758,2001.0,0.4150029420852661,63
c10_001,3,-89.95405578613281,21.163972,2001.0,0.46342921257019043,63
c3_009,3,-89.986931,21.149959564208984,2001.0,0.8674627542495728,63
c3_028,3,-89.982619,21.180679,2001.0,0.2299848198890686,63
c3_005,3,-90.031124,21.124629,2001.0,0.8088694214820862,63
c3_002,3,-89.995823,21.13837242126465,2001.0,0.8794441223144531,63
c3_008,3,-89.951091,21.200081,2001.0,0.7986184358596802,63
c3_013,3,-89.951361,21.199003219604492,2001.0,0.7854484915733337,63
c3_016,3,-89.949205,21.20115852355957,2001.0,0.7976624369621277,63
c3_021,3,-89.950013,21.19927215576172,2001.0,0.7381601333618164,63
c3_018,3,-90.1038818359375,21.086095,2001.0,0.8629656434059143,63
c3_003,3,-89.995284,21.139720916748047,2001.0,0.7965227365493774,63
c3_007,3,-89.964834,21.14322280883789,2001.0,0.820246696472168,63
c3_011,3,-90.008758,21.113311767578125,2001.0,0.8249717950820923,63
c3_017,3,-89.980733,21.145648,2001.0,0.7645487785339355,63
c3_027,3,-90.016572,21.116006,2001.0,0.8174028396606445,63
c3_010,3,-89.973188,21.186607360839844,2001.0,0.8727774620056152,63
c3_024,3,-90.088521,21.146726,2001.0,0.8302298784255981,63
c3_025,3,-89.943007,21.170978,2001.0,0.8036304116249084,63
c3_019,3,-89.958906,21.12489891052246,2001.0,0.8800788521766663,63
c3_023,3,-90.00040435791016,21.138642,2001.0,0.7080689072608948,63
c3_012,3,-90.000135,21.130826950073242,2001.0,0.811055064201355,63
c3_020,3,-89.986392,21.159391403198242,2001.0,0.8024588227272034,63
c3_026,3,-90.014417,21.114659,2001.0,0.8290099501609802,63
c3_014,3,-89.945702,21.20331382751465,2001.0,0.8639712929725647,63
c3_030,3,-90.104958,21.09660530090332,2001.0,0.6731176376342773,63
c3_001,3,-90.072083,21.088790893554688,2001.0,0.8348860740661621,63
c3_004,3,-90.046214,21.096874237060547,2001.0,0.7585440874099731,63
c3_006,3,-89.973188,21.15966033935547,2001.0,0.8633192181587219,63
c3_015,3,-90.011722,21.112503051757812,2001.0,0.8160874247550964,63
c3_022,3,-90.041364,21.099029541015625,2001.0,0.7508146166801453,63
c4_001,4,-89.957828,21.178254,2001.0,0.14669962227344513,63
c4_002,4,-89.963217,21.190109252929688,2001.0,0.6567705273628235,63
c4_003,4,-89.950822,21.1922664642334,2001.0,0.21894048154354095,63
c4_004,4,-89.992859,21.172864,2001.0,0.2991192042827606,63
c4_005,4,-89.940313,21.199811,2001.0,0.15887632966041565,63
c4_006,4,-89.939774,21.204662322998047,2001.0,0.2987779974937439,63
c4_007,4,-90.070736,21.130288,2001.0,0.7579849362373352,63
c4_008,4,-89.998518,21.119239807128906,2001.0,0.6762273907661438,63
c4_009,4,-90.035705,21.144301,2001.0,0.6351116299629211,63
c4_010,4,-90.029776,21.160737991333008,2001.0,0.3005669116973877,63
c4_011,4,-90.036244,21.152114868164062,2001.0,0.631213903427124,63
c4_012,4,-90.106306,21.113851,2001.0,0.597787618637085,63
c4_013,4,-89.943007,21.202506,2001.0,0.31085237860679626,63
c4_014,4,-89.956481,21.189302444458008,2001.0,0.6189774870872498,63
c4_015,4,-90.1038818359375,21.116006,2001.0,0.6740317940711975,63
c4_016,4,-89.943277,21.199542,2001.0,0.11795089393854141,63
c4_017,4,-90.07369995117188,21.133522033691406,2001.0,0.7554170489311218,63
c4_018,4,-89.996632,21.15022850036621,2001.0,0.7169525027275085,63
c4_019,4,-90.022501,21.156966,2001.0,0.17341922223567963,63
c4_020,4,-89.981811,21.164511,2001.0,0.7296304106712341,63
c4_021,4,-90.001482,21.169092178344727,2001.0,0.3109239935874939,63
c4_022,4,-89.99259185791016,21.120318,2001.0,0.7663945555686951,63
c4_023,4,-89.955133,21.188493728637695,2001.0,0.6398927569389343,63
c4_024,4,-89.966182,21.181218,2001.0,0.41024652123451233,63
c4_025,4,-89.952439,21.1922664642334,2001.0,0.49969613552093506,63
c4_026,4,-90.034357,21.160199,2001.0,0.509099006652832,63
c4_027,4,-89.966451,21.182565,2001.0,0.30584582686424255,63
c4_028,4,-89.958636,21.177175521850586,2001.0,0.19790741801261902,63
c4_029,4,-90.074778,21.130826950073242,2001.0,0.6531105041503906,63
c4_030,4,-89.976421,21.170978,2001.0,0.34930098056793213,63
c5_001,5,-90.044328,21.155349,2001.0,0.4747792184352875,63
c5_005,5,-90.011722,21.165858,2001.0,0.2567172348499298,63
c5_020,5,-90.002829,21.15642738342285,2001.0,0.45032936334609985,63
c5_022,5,-90.004985,21.156696319580078,2001.0,0.44471341371536255,63
c5_002,5,-90.066424,21.152114868164062,2001.0,0.6756507754325867,63
c5_004,5,-90.039477,21.155618,2001.0,0.21174299716949463,63
c5_006,5,-90.006063,21.155078887939453,2001.0,0.5519388318061829,63
c5_009,5,-90.039477,21.156966,2001.0,0.29998791217803955,63
c5_010,5,-90.032202,21.159391403198242,2001.0,0.22097675502300262,63
c5_012,5,-89.996093,21.155349,2001.0,0.4832153618335724,63
c5_014,5,-90.042711,21.155618,2001.0,0.2107202261686325,63
c5_015,5,-90.061304,21.156156539916992,2001.0,0.6197548508644104,63
c5_016,5,-90.036783,21.156966,2001.0,0.14434733986854553,63
c5_018,5,-90.02816009521484,21.156696319580078,2001.0,0.3667815029621124,63
c5_019,5,-90.037321,21.158313,2001.0,0.4045599699020386,63
c5_021,5,-90.062921,21.154541015625,2001.0,0.7122586369514465,63
c5_023,5,-90.031932,21.158044,2001.0,0.1805790215730667,63
c5_025,5,-90.074778,21.151845932006836,2001.0,0.609921932220459,63
c5_027,5,-90.037052,21.159929275512695,2001.0,0.3425537645816803,63
c5_028,5,-90.03813171386719,21.155349,2001.0,0.29795292019844055,63
c5_029,5,-90.035166,21.156156539916992,2001.0,0.3050764203071594,63
c5_030,5,-90.030585,21.15750503540039,2001.0,0.3108570873737335,63
c5_011,5,-90.064538,21.154541015625,2001.0,0.7436370849609375,63
c5_013,5,-89.998248,21.172326,2001.0,0.33123722672462463,63
c5_024,5,-89.988009,21.162355422973633,2001.0,0.6691902279853821,63
c5_008,5,-90.057262,21.155349,2001.0,0.5416650772094727,63
c5_017,5,-90.036513,21.154271,2001.0,0.4877902865409851,63
c5_026,5,-89.996632,21.160737991333008,2001.0,0.7345283627510071,63
c5_003,5,-89.978038,21.180139541625977,2001.0,0.2582300007343292,63
c5_007,5,-90.08124542236328,21.149421,2001.0,0.723784863948822,63
c1_001,1,-90.092293,21.134868621826172,2002.0,0.8192821741104126,31
c1_002,1,-90.057262,21.116815,2002.0,0.6898837089538574,31
c1_003,1,-90.097413,21.129209518432617,2002.0,0.7979616522789001,31
c1_004,1,-90.051873,21.142684,2002.0,0.7465025186538696,31
c1_005,1,-90.116815,21.0882511138916,2002.0,0.7793813943862915,31
c1_006,1,-90.066694,21.0987606048584,2002.0,0.7993142008781433,31
c1_007,1,-89.974805,21.120318,2002.0,0.8450909852981567,31
c1_008,1,-89.979925,21.132444381713867,2002.0,0.8031523823738098,31
c1_009,1,-89.988278,21.157773971557617,2002.0,0.7565222382545471,31
c1_010,1,-90.062921,21.101186,2002.0,0.7284855246543884,31
c1_011,1,-90.004177,21.130558013916016,2002.0,0.7953109741210938,31
c1_012,1,-90.070197,21.140798,2002.0,0.8083750009536743,31
c1_013,1,-89.989086,21.127055,2002.0,0.7084916234016418,31
c1_014,1,-90.05834197998047,21.147265,2002.0,0.7621594071388245,31
c1_015,1,-90.073969,21.147265,2002.0,0.8263916969299316,31
c1_016,1,-89.955672,21.141876220703125,2002.0,0.8343591094017029,31
c1_017,1,-89.95162963867188,21.132444381713867,2002.0,0.7978272438049316,31
c1_018,1,-90.08124542236328,21.135408401489258,2002.0,0.8084424734115601,31
c1_019,1,-90.112234,21.128671646118164,2002.0,0.7836289405822754,31
c1_020,1,-89.977499,21.129480361938477,2002.0,0.7044783234596252,31
c1_021,1,-90.07855224609375,21.141337,2002.0,0.8264288902282715,31
c1_022,1,-90.075317,21.103341,2002.0,0.8403724431991577,31
c1_023,1,-90.067502,21.106845,2002.0,0.8503289222717285,31
c1_024,1,-89.947319,21.188493728637695,2002.0,0.6747509837150574,31
c1_025,1,-90.09876251220703,21.119779,2002.0,0.7321035861968994,31
c1_026,1,-89.945702,21.14322280883789,2002.0,0.7504214644432068,31
c1_027,1,-90.054837,21.112503051757812,2002.0,0.8325302600860596,31
c1_028,1,-90.010105,21.151576,2002.0,0.7846221923828125,31
c1_029,1,-90.113042,21.085018157958984,2002.0,0.8416543006896973,31
c1_030,1,-90.110348,21.111964,2002.0,0.7298065423965454,31
c2_001,2,-89.941929,21.138911,2002.0,0.824347734451294,31
c2_002,2,-90.100647,21.146995,2002.0,0.8376569151878357,31
c2_003,2,-90.111964,21.138642,2002.0,0.7609516978263855,31
c2_004,2,-90.118971,21.110347747802734,2002.0,0.7092639803886414,31
c2_005,2,-90.117084,21.092023849487305,2002.0,0.8834832310676575,31
c2_006,2,-90.070466,21.094718,2002.0,0.8575103878974915,31
c2_007,2,-89.99231719970703,21.149690628051758,2002.0,0.6841421723365784,31
c2_008,2,-90.042172,21.114389419555664,2002.0,0.7216338515281677,31
c2_009,2,-90.117893,21.135947,2002.0,0.7722101211547852,31
c2_010,2,-90.006871,21.131097,2002.0,0.7763987183570862,31
c2_011,2,-89.946241,21.164511,2002.0,0.7703901529312134,31
c2_012,2,-90.101725,21.08043670654297,2002.0,0.8159279227256775,31
c2_013,2,-90.00768280029297,21.128133,2002.0,0.7606813907623291,31
c2_014,2,-90.097413,21.149959564208984,2002.0,0.8116037845611572,31
c2_015,2,-90.052412,21.098222,2002.0,0.8408491015434265,31
c2_016,2,-89.955672,21.166936,2002.0,0.6881378889083862,31
c2_017,2,-89.985853,21.152385,2002.0,0.7151769995689392,31
c2_018,2,-90.039477,21.152654,2002.0,0.8010319471359253,31
c2_019,2,-90.120049,21.121396,2002.0,0.7768480181694031,31
c2_020,2,-90.051334,21.10765266418457,2002.0,0.8330421447753906,31
c2_021,2,-90.070197,21.091215133666992,2002.0,0.8383564352989197,31
c2_022,2,-90.094988,21.123282,2002.0,0.7379909753799438,31
c2_023,2,-89.966182,21.124359130859375,2002.0,0.7464986443519592,31
c2_024,2,-90.085287,21.123552322387695,2002.0,0.8066209554672241,31
c2_025,2,-90.074239,21.092832,2002.0,0.8603702187538147,31
c2_026,2,-90.101455,21.144301,2002.0,0.7655421495437622,31
c2_027,2,-89.997979,21.154002,2002.0,0.822870135307312,31
c2_028,2,-89.968607,21.116275787353516,2002.0,0.8663307428359985,31
c2_029,2,-89.975344,21.13729476928711,2002.0,0.8208587765693665,31
c2_030,2,-90.025195,21.116544723510742,2002.0,0.7996786236763,31
c10_004,3,-90.028968,21.158313,2002.0,0.10871654003858566,31
c10_002,3,-90.03301239013672,21.158044,2002.0,0.20240771770477295,31
c10_003,3,-90.032741,21.159122467041016,2002.0,0.13849756121635437,31
c10_005,3,-90.030585,21.158044,2002.0,0.24767138063907623,31
c3_029,3,-90.08555603027344,21.149690628051758,2002.0,0.4570481777191162,31
c10_001,3,-89.95405578613281,21.163972,2002.0,0.4602946937084198,31
c3_009,3,-89.986931,21.149959564208984,2002.0,0.8555783033370972,31
c3_028,3,-89.982619,21.180679,2002.0,0.2161654382944107,31
c3_005,3,-90.031124,21.124629,2002.0,0.8324822187423706,31
c3_002,3,-89.995823,21.13837242126465,2002.0,0.8456657528877258,31
c3_008,3,-89.951091,21.200081,2002.0,0.3222869634628296,31
c3_013,3,-89.951361,21.199003219604492,2002.0,0.3099617063999176,31
c3_016,3,-89.949205,21.20115852355957,2002.0,0.4083111882209778,31
c3_021,3,-89.950013,21.19927215576172,2002.0,0.2737440764904022,31
c3_018,3,-90.1038818359375,21.086095,2002.0,0.8860827684402466,31
c3_003,3,-89.995284,21.139720916748047,2002.0,0.8006533980369568,31
c3_007,3,-89.964834,21.14322280883789,2002.0,0.8041231036186218,31
c3_011,3,-90.008758,21.113311767578125,2002.0,0.8396796584129333,31
c3_017,3,-89.980733,21.145648,2002.0,0.7303311824798584,31
c3_027,3,-90.016572,21.116006,2002.0,0.8154666423797607,31
c3_010,3,-89.973188,21.186607360839844,2002.0,0.8085437417030334,31
c3_024,3,-90.088521,21.146726,2002.0,0.7998183965682983,31
c3_025,3,-89.943007,21.170978,2002.0,0.7008407711982727,31
c3_019,3,-89.958906,21.12489891052246,2002.0,0.906154990196228,31
c3_023,3,-90.00040435791016,21.138642,2002.0,0.6658754348754883,31
c3_012,3,-90.000135,21.130826950073242,2002.0,0.8473741412162781,31
c3_020,3,-89.986392,21.159391403198242,2002.0,0.7551103234291077,31
c3_026,3,-90.014417,21.114659,2002.0,0.8481510877609253,31
c3_014,3,-89.945702,21.20331382751465,2002.0,0.8272992968559265,31
c3_030,3,-90.104958,21.09660530090332,2002.0,0.7055190205574036,31
c3_001,3,-90.072083,21.088790893554688,2002.0,0.841890811920166,31
c3_004,3,-90.046214,21.096874237060547,2002.0,0.810219943523407,31
c3_006,3,-89.973188,21.15966033935547,2002.0,0.8392015695571899,31
c3_015,3,-90.011722,21.112503051757812,2002.0,0.8329333662986755,31
c3_022,3,-90.041364,21.099029541015625,2002.0,0.7855153679847717,31
c4_001,4,-89.957828,21.178254,2002.0,0.2760874927043915,31
c4_002,4,-89.963217,21.190109252929688,2002.0,0.5991248488426208,31
c4_003,4,-89.950822,21.1922664642334,2002.0,0.2090555876493454,31
c4_004,4,-89.992859,21.172864,2002.0,0.4740460515022278,31
c4_005,4,-89.940313,21.199811,2002.0,0.10065705329179764,31
c4_006,4,-89.939774,21.204662322998047,2002.0,0.3793335258960724,31
c4_007,4,-90.070736,21.130288,2002.0,0.7153238654136658,31
c4_008,4,-89.998518,21.119239807128906,2002.0,0.692314088344574,31
c4_009,4,-90.035705,21.144301,2002.0,0.6409424543380737,31
c4_010,4,-90.029776,21.160737991333008,2002.0,0.28575399518013,31
c4_011,4,-90.036244,21.152114868164062,2002.0,0.6801660060882568,31
c4_012,4,-90.106306,21.113851,2002.0,0.5607529878616333,31
c4_013,4,-89.943007,21.202506,2002.0,0.3921990990638733,31
c4_014,4,-89.956481,21.189302444458008,2002.0,0.3269180357456207,31
c4_015,4,-90.1038818359375,21.116006,2002.0,0.6809186339378357,31
c4_016,4,-89.943277,21.199542,2002.0,0.16973690688610077,31
c4_017,4,-90.07369995117188,21.133522033691406,2002.0,0.806803286075592,31
c4_018,4,-89.996632,21.15022850036621,2002.0,0.6878102421760559,31
c4_019,4,-90.022501,21.156966,2002.0,0.23372581601142883,31
c4_020,4,-89.981811,21.164511,2002.0,0.604705274105072,31
c4_021,4,-90.001482,21.169092178344727,2002.0,0.5464486479759216,31
c4_022,4,-89.99259185791016,21.120318,2002.0,0.8159300088882446,31
c4_023,4,-89.955133,21.188493728637695,2002.0,0.5943199396133423,31
c4_024,4,-89.966182,21.181218,2002.0,0.20445534586906433,31
c4_025,4,-89.952439,21.1922664642334,2002.0,0.39441975951194763,31
c4_026,4,-90.034357,21.160199,2002.0,0.6369166970252991,31
c4_027,4,-89.966451,21.182565,2002.0,0.1947038769721985,31
c4_028,4,-89.958636,21.177175521850586,2002.0,0.15207482874393463,31
c4_029,4,-90.074778,21.130826950073242,2002.0,0.6570438146591187,31
c4_030,4,-89.976421,21.170978,2002.0,0.28448471426963806,31
c5_001,5,-90.044328,21.155349,2002.0,0.5290136933326721,31
c5_005,5,-90.011722,21.165858,2002.0,0.3847198784351349,31
c5_020,5,-90.002829,21.15642738342285,2002.0,0.2657468616962433,31
c5_022,5,-90.004985,21.156696319580078,2002.0,0.3755817413330078,31
c5_002,5,-90.066424,21.152114868164062,2002.0,0.7023016214370728,31
c5_004,5,-90.039477,21.155618,2002.0,0.38902726769447327,31
c5_006,5,-90.006063,21.155078887939453,2002.0,0.34228214621543884,31
c5_009,5,-90.039477,21.156966,2002.0,0.46952831745147705,31
c5_010,5,-90.032202,21.159391403198242,2002.0,0.12893275916576385,31
c5_012,5,-89.996093,21.155349,2002.0,0.3679623007774353,31
c5_014,5,-90.042711,21.155618,2002.0,0.24920004606246948,31
c5_015,5,-90.061304,21.156156539916992,2002.0,0.6787874698638916,31
c5_016,5,-90.036783,21.156966,2002.0,0.18348027765750885,31
c5_018,5,-90.02816009521484,21.156696319580078,2002.0,0.44598495960235596,31
c5_019,5,-90.037321,21.158313,2002.0,0.5709169507026672,31
c5_021,5,-90.062921,21.154541015625,2002.0,0.6129311323165894,31
c5_023,5,-90.031932,21.158044,2002.0,0.19675180315971375,31
c5_025,5,-90.074778,21.151845932006836,2002.0,0.6614541411399841,31
c5_027,5,-90.037052,21.159929275512695,2002.0,0.4774801433086395,31
c5_028,5,-90.03813171386719,21.155349,2002.0,0.34398144483566284,31
c5_029,5,-90.035166,21.156156539916992,2002.0,0.38067853450775146,31
c5_030,5,-90.030585,21.15750503540039,2002.0,0.31452980637550354,31
c5_011,5,-90.064538,21.154541015625,2002.0,0.5729711651802063,31
c5_013,5,-89.998248,21.172326,2002.0,0.19986972212791443,31
c5_024,5,-89.988009,21.162355422973633,2002.0,0.5131037831306458,31
c5_008,5,-90.057262,21.155349,2002.0,0.4746929109096527,31
c5_017,5,-90.036513,21.154271,2002.0,0.49804407358169556,31
c5_026,5,-89.996632,21.160737991333008,2002.0,0.6827035546302795,31
c5_003,5,-89.978038,21.180139541625977,2002.0,0.4044596254825592,31
c5_007,5,-90.08124542236328,21.149421,2002.0,0.7043527960777283,31
c1_001,1,-90.092293,21.134868621826172,2003.0,0.7680773138999939,34
c1_002,1,-90.057262,21.116815,2003.0,0.7038171887397766,34
c1_003,1,-90.097413,21.129209518432617,2003.0,0.5459470748901367,34
c1_004,1,-90.051873,21.142684,2003.0,0.7878255248069763,34
c1_005,1,-90.116815,21.0882511138916,2003.0,0.7860578298568726,34
c1_006,1,-90.066694,21.0987606048584,2003.0,0.8144617080688477,34
c1_007,1,-89.974805,21.120318,2003.0,0.8340310454368591,34
c1_008,1,-89.979925,21.132444381713867,2003.0,0.8284908533096313,34
c1_009,1,-89.988278,21.157773971557617,2003.0,0.7224032282829285,34
c1_010,1,-90.062921,21.101186,2003.0,0.775597333908081,34
c1_011,1,-90.004177,21.130558013916016,2003.0,0.8090808987617493,34
c1_012,1,-90.070197,21.140798,2003.0,0.7628825306892395,34
c1_013,1,-89.989086,21.127055,2003.0,0.6993235349655151,34
c1_014,1,-90.05834197998047,21.147265,2003.0,0.8197194337844849,34
c1_015,1,-90.073969,21.147265,2003.0,0.8783530592918396,34
c1_016,1,-89.955672,21.141876220703125,2003.0,0.8750537037849426,34
c1_017,1,-89.95162963867188,21.132444381713867,2003.0,0.7902997136116028,34
c1_018,1,-90.08124542236328,21.135408401489258,2003.0,0.4758392870426178,34
c1_019,1,-90.112234,21.128671646118164,2003.0,0.8359785676002502,34
c1_020,1,-89.977499,21.129480361938477,2003.0,0.7621484398841858,34
c1_021,1,-90.07855224609375,21.141337,2003.0,0.7504639029502869,34
c1_022,1,-90.075317,21.103341,2003.0,0.8239907026290894,34
c1_023,1,-90.067502,21.106845,2003.0,0.8748964667320251,34
c1_024,1,-89.947319,21.188493728637695,2003.0,0.7585487961769104,34
c1_025,1,-90.09876251220703,21.119779,2003.0,0.7210668921470642,34
c1_026,1,-89.945702,21.14322280883789,2003.0,0.776714026927948,34
c1_027,1,-90.054837,21.112503051757812,2003.0,0.837261438369751,34
c1_028,1,-90.010105,21.151576,2003.0,0.8136925101280212,34
c1_029,1,-90.113042,21.085018157958984,2003.0,0.8704474568367004,34
c1_030,1,-90.110348,21.111964,2003.0,0.701285183429718,34
c2_001,2,-89.941929,21.138911,2003.0,0.8045732975006104,34
c2_002,2,-90.100647,21.146995,2003.0,0.30628788471221924,34
c2_003,2,-90.111964,21.138642,2003.0,0.6256787776947021,34
c2_004,2,-90.118971,21.110347747802734,2003.0,0.7036853432655334,34
c2_005,2,-90.117084,21.092023849487305,2003.0,0.8755212426185608,34
c2_006,2,-90.070466,21.094718,2003.0,0.8396927714347839,34
c2_007,2,-89.99231719970703,21.149690628051758,2003.0,0.6606701016426086,34
c2_008,2,-90.042172,21.114389419555664,2003.0,0.7000583410263062,34
c2_009,2,-90.117893,21.135947,2003.0,0.6985639333724976,34
c2_010,2,-90.006871,21.131097,2003.0,0.7511695027351379,34
c2_011,2,-89.946241,21.164511,2003.0,0.8787896633148193,34
c2_012,2,-90.101725,21.08043670654297,2003.0,0.8135107159614563,34
c2_013,2,-90.00768280029297,21.128133,2003.0,0.788168728351593,34
c2_014,2,-90.097413,21.149959564208984,2003.0,0.878070592880249,34
c2_015,2,-90.052412,21.098222,2003.0,0.8576449155807495,34
c2_016,2,-89.955672,21.166936,2003.0,0.7151434421539307,34
c2_017,2,-89.985853,21.152385,2003.0,0.746005654335022,34
c2_018,2,-90.039477,21.152654,2003.0,0.8119370937347412,34
c2_019,2,-90.120049,21.121396,2003.0,0.8062266707420349,34
c2_020,2,-90.051334,21.10765266418457,2003.0,0.8962640166282654,34
c2_021,2,-90.070197,21.091215133666992,2003.0,0.843065083026886,34
c2_022,2,-90.094988,21.123282,2003.0,0.7055413722991943,34
c2_023,2,-89.966182,21.124359130859375,2003.0,0.775119960308075,34
c2_024,2,-90.085287,21.123552322387695,2003.0,0.7526007294654846,34
c2_025,2,-90.074239,21.092832,2003.0,0.8785650730133057,34
c2_026,2,-90.101455,21.144301,2003.0,0.70782470703125,34
c2_027,2,-89.997979,21.154002,2003.0,0.8090349435806274,34
c2_028,2,-89.968607,21.116275787353516,2003.0,0.8677643537521362,34
c2_029,2,-89.975344,21.13729476928711,2003.0,0.8086637854576111,34
c2_030,2,-90.025195,21.116544723510742,2003.0,0.7910465002059937,34
c10_004,3,-90.028968,21.158313,2003.0,0.10230410099029541,34
c10_002,3,-90.03301239013672,21.158044,2003.0,0.13894791901111603,34
c10_003,3,-90.032741,21.159122467041016,2003.0,0.07033707946538925,34
c10_005,3,-90.030585,21.158044,2003.0,0.1889818161725998,34
c3_029,3,-90.08555603027344,21.149690628051758,2003.0,0.2076471596956253,34
c10_001,3,-89.95405578613281,21.163972,2003.0,0.46555936336517334,34
c3_009,3,-89.986931,21.149959564208984,2003.0,0.8538551330566406,34
c3_028,3,-89.982619,21.180679,2003.0,0.26279813051223755,34
c3_005,3,-90.031124,21.124629,2003.0,0.830177903175354,34
c3_002,3,-89.995823,21.13837242126465,2003.0,0.8382949829101562,34
c3_008,3,-89.951091,21.200081,2003.0,0.07185240834951401,34
c3_013,3,-89.951361,21.199003219604492,2003.0,0.06721943616867065,34
c3_016,3,-89.949205,21.20115852355957,2003.0,0.0436125211417675,34
c3_021,3,-89.950013,21.19927215576172,2003.0,0.11198591440916061,34
c3_018,3,-90.1038818359375,21.086095,2003.0,0.8572314977645874,34
c3_003,3,-89.995284,21.139720916748047,2003.0,0.7936049699783325,34
c3_007,3,-89.964834,21.14322280883789,2003.0,0.7553024291992188,34
c3_011,3,-90.008758,21.113311767578125,2003.0,0.8201977014541626,34
c3_017,3,-89.980733,21.145648,2003.0,0.6743857264518738,34
c3_027,3,-90.016572,21.116006,2003.0,0.812049150466919,34
c3_010,3,-89.973188,21.186607360839844,2003.0,0.8675001263618469,34
c3_024,3,-90.088521,21.146726,2003.0,0.6301502585411072,34
c3_025,3,-89.943007,21.170978,2003.0,0.7070419788360596,34
c3_019,3,-89.958906,21.12489891052246,2003.0,0.8671467900276184,34
c3_023,3,-90.00040435791016,21.138642,2003.0,0.658862292766571,34
c3_012,3,-90.000135,21.130826950073242,2003.0,0.8055670261383057,34
c3_020,3,-89.986392,21.159391403198242,2003.0,0.7313243746757507,34
c3_026,3,-90.014417,21.114659,2003.0,0.841675877571106,34
c3_014,3,-89.945702,21.20331382751465,2003.0,0.8504827618598938,34
c3_030,3,-90.104958,21.09660530090332,2003.0,0.6638409495353699,34
c3_001,3,-90.072083,21.088790893554688,2003.0,0.8460166454315186,34
c3_004,3,-90.046214,21.096874237060547,2003.0,0.8459671139717102,34
c3_006,3,-89.973188,21.15966033935547,2003.0,0.8407803773880005,34
c3_015,3,-90.011722,21.112503051757812,2003.0,0.8076434135437012,34
c3_022,3,-90.041364,21.099029541015625,2003.0,0.7639694213867188,34
c4_001,4,-89.957828,21.178254,2003.0,0.2651524543762207,34
c4_002,4,-89.963217,21.190109252929688,2003.0,0.7523128986358643,34
c4_003,4,-89.950822,21.1922664642334,2003.0,0.15313661098480225,34
c4_004,4,-89.992859,21.172864,2003.0,0.2759079039096832,34
c4_005,4,-89.940313,21.199811,2003.0,0.06752129644155502,34
c4_006,4,-89.939774,21.204662322998047,2003.0,0.5202500224113464,34
c4_007,4,-90.070736,21.130288,2003.0,0.8075534701347351,34
c4_008,4,-89.998518,21.119239807128906,2003.0,0.8030931949615479,34
c4_009,4,-90.035705,21.144301,2003.0,0.6305058598518372,34
c4_010,4,-90.029776,21.160737991333008,2003.0,0.24573424458503723,34
c4_011,4,-90.036244,21.152114868164062,2003.0,0.6483930349349976,34
c4_012,4,-90.106306,21.113851,2003.0,0.5976851582527161,34
c4_013,4,-89.943007,21.202506,2003.0,0.414821058511734,34
c4_014,4,-89.956481,21.189302444458008,2003.0,0.4726567566394806,34
c4_015,4,-90.1038818359375,21.116006,2003.0,0.6661242842674255,34
c4_016,4,-89.943277,21.199542,2003.0,-0.03601287677884102,34
c4_017,4,-90.07369995117188,21.133522033691406,2003.0,0.5040589570999146,34
c4_018,4,-89.996632,21.15022850036621,2003.0,0.7002115845680237,34
c4_019,4,-90.022501,21.156966,2003.0,0.1668393909931183,34
c4_020,4,-89.981811,21.164511,2003.0,0.5941571593284607,34
c4_021,4,-90.001482,21.169092178344727,2003.0,0.17693960666656494,34
c4_022,4,-89.99259185791016,21.120318,2003.0,0.7848408222198486,34
c4_023,4,-89.955133,21.188493728637695,2003.0,0.6456197500228882,34
c4_024,4,-89.966182,21.181218,2003.0,0.09497427940368652,34
c4_025,4,-89.952439,21.1922664642334,2003.0,0.5241254568099976,34
c4_026,4,-90.034357,21.160199,2003.0,0.5017544031143188,34
c4_027,4,-89.966451,21.182565,2003.0,0.06294824182987213,34
c4_028,4,-89.958636,21.177175521850586,2003.0,0.2293398678302765,34
c4_029,4,-90.074778,21.130826950073242,2003.0,0.49428388476371765,34
c4_030,4,-89.976421,21.170978,2003.0,0.4083179831504822,34
c5_001,5,-90.044328,21.155349,2003.0,0.19678494334220886,34
c5_005,5,-90.011722,21.165858,2003.0,0.4105408191680908,34
c5_020,5,-90.002829,21.15642738342285,2003.0,0.2835714817047119,34
c5_022,5,-90.004985,21.156696319580078,2003.0,0.4469022750854492,34
c5_002,5,-90.066424,21.152114868164062,2003.0,0.634195864200592,34
c5_004,5,-90.039477,21.155618,2003.0,0.1500261127948761,34
c5_006,5,-90.006063,21.155078887939453,2003.0,0.37527334690093994,34
c5_009,5,-90.039477,21.156966,2003.0,0.21032708883285522,34
c5_010,5,-90.032202,21.159391403198242,2003.0,0.04253281652927399,34
c5_012,5,-89.996093,21.155349,2003.0,0.36192017793655396,34
c5_014,5,-90.042711,21.155618,2003.0,0.03614796698093414,34
c5_015,5,-90.061304,21.156156539916992,2003.0,0.2112671285867691,34
c5_016,5,-90.036783,21.156966,2003.0,0.1235230341553688,34
c5_018,5,-90.02816009521484,21.156696319580078,2003.0,0.24139368534088135,34
c5_019,5,-90.037321,21.158313,2003.0,0.41031163930892944,34
c5_021,5,-90.062921,21.154541015625,2003.0,0.47795581817626953,34
c5_023,5,-90.031932,21.158044,2003.0,0.17678984999656677,34
c5_025,5,-90.074778,21.151845932006836,2003.0,0.548223614692688,34
c5_027,5,-90.037052,21.159929275512695,2003.0,0.33544623851776123,34
c5_028,5,-90.03813171386719,21.155349,2003.0,0.17858414351940155,34
c5_029,5,-90.035166,21.156156539916992,2003.0,0.2277124673128128,34
c5_030,5,-90.030585,21.15750503540039,2003.0,0.23221231997013092,34
c5_011,5,-90.064538,21.154541015625,2003.0,0.7050343751907349,34
c5_013,5,-89.998248,21.172326,2003.0,0.12435117363929749,34
c5_024,5,-89.988009,21.162355422973633,2003.0,0.3740716576576233,34
c5_008,5,-90.057262,21.155349,2003.0,0.3092113733291626,34
c5_017,5,-90.036513,21.154271,2003.0,0.2829844355583191,34
c5_026,5,-89.996632,21.160737991333008,2003.0,0.8151407241821289,34
c5_003,5,-89.978038,21.180139541625977,2003.0,0.20215734839439392,34
c5_007,5,-90.08124542236328,21.149421,2003.0,0.7161712646484375,34
c1_001,1,-90.092293,21.134868621826172,2004.0,0.8832719326019287,50
c1_002,1,-90.057262,21.116815,2004.0,0.7004824280738831,50
c1_003,1,-90.097413,21.129209518432617,2004.0,0.7634053826332092,50
c1_004,1,-90.051873,21.142684,2004.0,0.7962784171104431,50
c1_005,1,-90.116815,21.0882511138916,2004.0,0.8265566229820251,50
c1_006,1,-90.066694,21.0987606048584,2004.0,0.8011764287948608,50
c1_007,1,-89.974805,21.120318,2004.0,0.8230366110801697,50
c1_008,1,-89.979925,21.132444381713867,2004.0,0.837780773639679,50
c1_009,1,-89.988278,21.157773971557617,2004.0,0.7665619850158691,50
c1_010,1,-90.062921,21.101186,2004.0,0.9346461892127991,50
c1_011,1,-90.004177,21.130558013916016,2004.0,0.8619241714477539,50
c1_012,1,-90.070197,21.140798,2004.0,0.7986204028129578,50
c1_013,1,-89.989086,21.127055,2004.0,0.7012020349502563,50
c1_014,1,-90.05834197998047,21.147265,2004.0,0.8172232508659363,50
c1_015,1,-90.073969,21.147265,2004.0,0.8412362933158875,50
c1_016,1,-89.955672,21.141876220703125,2004.0,0.8703171014785767,50
c1_017,1,-89.95162963867188,21.132444381713867,2004.0,0.9528219103813171,50
c1_018,1,-90.08124542236328,21.135408401489258,2004.0,0.6133289337158203,50
c1_019,1,-90.112234,21.128671646118164,2004.0,0.7237250208854675,50
c1_020,1,-89.977499,21.129480361938477,2004.0,0.7591410279273987,50
c1_021,1,-90.07855224609375,21.141337,2004.0,0.7631433010101318,50
c1_022,1,-90.075317,21.103341,2004.0,0.891124427318573,50
c1_023,1,-90.067502,21.106845,2004.0,0.8675206899642944,50
c1_024,1,-89.947319,21.188493728637695,2004.0,0.7426939606666565,50
c1_025,1,-90.09876251220703,21.119779,2004.0,0.7695803642272949,50
c1_026,1,-89.945702,21.14322280883789,2004.0,0.7723236083984375,50
c1_027,1,-90.054837,21.112503051757812,2004.0,0.8953776955604553,50
c1_028,1,-90.010105,21.151576,2004.0,0.8612571954727173,50
c1_029,1,-90.113042,21.085018157958984,2004.0,0.8843903541564941,50
c1_030,1,-90.110348,21.111964,2004.0,0.7739863395690918,50
c2_001,2,-89.941929,21.138911,2004.0,0.9220361709594727,50
c2_002,2,-90.100647,21.146995,2004.0,0.5124498009681702,50
c2_003,2,-90.111964,21.138642,2004.0,0.607597291469574,50
c2_004,2,-90.118971,21.110347747802734,2004.0,0.8819212317466736,50
c2_005,2,-90.117084,21.092023849487305,2004.0,0.9071841835975647,50
c2_006,2,-90.070466,21.094718,2004.0,0.8895416259765625,50
c2_007,2,-89.99231719970703,21.149690628051758,2004.0,0.7830007076263428,50
c2_008,2,-90.042172,21.114389419555664,2004.0,0.7147165536880493,50
c2_009,2,-90.117893,21.135947,2004.0,0.5891981720924377,50
c2_010,2,-90.006871,21.131097,2004.0,0.8205022215843201,50
c2_011,2,-89.946241,21.164511,2004.0,0.8066883087158203,50
c2_012,2,-90.101725,21.08043670654297,2004.0,0.8559346199035645,50
c2_013,2,-90.00768280029297,21.128133,2004.0,0.9055393934249878,50
c2_014,2,-90.097413,21.149959564208984,2004.0,0.8328519463539124,50
c2_015,2,-90.052412,21.098222,2004.0,0.8537189960479736,50
c2_016,2,-89.955672,21.166936,2004.0,0.7316907048225403,50
c2_017,2,-89.985853,21.152385,2004.0,0.7558985948562622,50
c2_018,2,-90.039477,21.152654,2004.0,0.8432105779647827,50
c2_019,2,-90.120049,21.121396,2004.0,0.8311759233474731,50
c2_020,2,-90.051334,21.10765266418457,2004.0,0.9902634620666504,50
c2_021,2,-90.070197,21.091215133666992,2004.0,0.8360598683357239,50
c2_022,2,-90.094988,21.123282,2004.0,0.693148136138916,50
c2_023,2,-89.966182,21.124359130859375,2004.0,0.77748042345047,50
c2_024,2,-90.085287,21.123552322387695,2004.0,0.8213776350021362,50
c2_025,2,-90.074239,21.092832,2004.0,0.8600451946258545,50
c2_026,2,-90.101455,21.144301,2004.0,0.6533741354942322,50
c2_027,2,-89.997979,21.154002,2004.0,0.8617607355117798,50
c2_028,2,-89.968607,21.116275787353516,2004.0,0.8727004528045654,50
c2_029,2,-89.975344,21.13729476928711,2004.0,0.8495543599128723,50
c2_030,2,-90.025195,21.116544723510742,2004.0,0.8289116024971008,50
c10_004,3,-90.028968,21.158313,2004.0,0.03185632452368736,50
c10_002,3,-90.03301239013672,21.158044,2004.0,0.04242736101150513,50
c10_003,3,-90.032741,21.159122467041016,2004.0,0.035996925085783005,50
c10_005,3,-90.030585,21.158044,2004.0,0.1277284324169159,50
c3_029,3,-90.08555603027344,21.149690628051758,2004.0,0.19521833956241608,50
c10_001,3,-89.95405578613281,21.163972,2004.0,0.5920441150665283,50
c3_009,3,-89.986931,21.149959564208984,2004.0,0.8851802945137024,50
c3_028,3,-89.982619,21.180679,2004.0,0.2937411665916443,50
c3_005,3,-90.031124,21.124629,2004.0,0.9022809863090515,50
c3_002,3,-89.995823,21.13837242126465,2004.0,0.8756273984909058,50
c3_008,3,-89.951091,21.200081,2004.0,0.08081244677305222,50
c3_013,3,-89.951361,21.199003219604492,2004.0,0.06793349236249924,50
c3_016,3,-89.949205,21.20115852355957,2004.0,0.08547151833772659,50
c3_021,3,-89.950013,21.19927215576172,2004.0,0.16678914427757263,50
c3_018,3,-90.1038818359375,21.086095,2004.0,0.8819766640663147,50
c3_003,3,-89.995284,21.139720916748047,2004.0,0.8142967224121094,50
c3_007,3,-89.964834,21.14322280883789,2004.0,0.9529505968093872,50
c3_011,3,-90.008758,21.113311767578125,2004.0,0.8142913579940796,50
c3_017,3,-89.980733,21.145648,2004.0,0.7594400644302368,50
c3_027,3,-90.016572,21.116006,2004.0,0.9430791139602661,50
c3_010,3,-89.973188,21.186607360839844,2004.0,0.8435869812965393,50
c3_024,3,-90.088521,21.146726,2004.0,0.5591390132904053,50
c3_025,3,-89.943007,21.170978,2004.0,0.6521602272987366,50
c3_019,3,-89.958906,21.12489891052246,2004.0,0.8855925798416138,50
c3_023,3,-90.00040435791016,21.138642,2004.0,0.6451539993286133,50
c3_012,3,-90.000135,21.130826950073242,2004.0,0.9500806331634521,50
c3_020,3,-89.986392,21.159391403198242,2004.0,0.7471124529838562,50
c3_026,3,-90.014417,21.114659,2004.0,0.9492422938346863,50
c3_014,3,-89.945702,21.20331382751465,2004.0,0.8132783770561218,50
c3_030,3,-90.104958,21.09660530090332,2004.0,0.6530849933624268,50
c3_001,3,-90.072083,21.088790893554688,2004.0,0.8481027483940125,50
c3_004,3,-90.046214,21.096874237060547,2004.0,0.7920091152191162,50
c3_006,3,-89.973188,21.15966033935547,2004.0,0.8369268774986267,50
c3_015,3,-90.011722,21.112503051757812,2004.0,0.9051410555839539,50
c3_022,3,-90.041364,21.099029541015625,2004.0,0.9877942204475403,50
c4_001,4,-89.957828,21.178254,2004.0,0.27135419845581055,50
c4_002,4,-89.963217,21.190109252929688,2004.0,0.7043536901473999,50
c4_003,4,-89.950822,21.1922664642334,2004.0,0.1593920737504959,50
c4_004,4,-89.992859,21.172864,2004.0,0.08213295787572861,50
c4_005,4,-89.940313,21.199811,2004.0,0.15398474037647247,50
c4_006,4,-89.939774,21.204662322998047,2004.0,0.2715805470943451,50
c4_007,4,-90.070736,21.130288,2004.0,0.7111209034919739,50
c4_008,4,-89.998518,21.119239807128906,2004.0,0.7986804246902466,50
c4_009,4,-90.035705,21.144301,2004.0,0.6051302552223206,50
c4_010,4,-90.029776,21.160737991333008,2004.0,0.19381321966648102,50
c4_011,4,-90.036244,21.152114868164062,2004.0,0.706835150718689,50
c4_012,4,-90.106306,21.113851,2004.0,0.5819311141967773,50
c4_013,4,-89.943007,21.202506,2004.0,0.21412086486816406,50
c4_014,4,-89.956481,21.189302444458008,2004.0,0.6860397458076477,50
c4_015,4,-90.1038818359375,21.116006,2004.0,0.6687180995941162,50
c4_016,4,-89.943277,21.199542,2004.0,0.09777449071407318,50
c4_017,4,-90.07369995117188,21.133522033691406,2004.0,0.5015637874603271,50
c4_018,4,-89.996632,21.15022850036621,2004.0,0.7407410740852356,50
c4_019,4,-90.022501,21.156966,2004.0,0.12987402081489563,50
c4_020,4,-89.981811,21.164511,2004.0,0.6095516681671143,50
c4_021,4,-90.001482,21.169092178344727,2004.0,0.18684452772140503,50
c4_022,4,-89.99259185791016,21.120318,2004.0,0.7803043127059937,50
c4_023,4,-89.955133,21.188493728637695,2004.0,0.7180361747741699,50
c4_024,4,-89.966182,21.181218,2004.0,0.3665309548377991,50
c4_025,4,-89.952439,21.1922664642334,2004.0,0.5149474740028381,50
c4_026,4,-90.034357,21.160199,2004.0,0.19237947463989258,50
c4_027,4,-89.966451,21.182565,2004.0,0.204371839761734,50
c4_028,4,-89.958636,21.177175521850586,2004.0,0.37292489409446716,50
c4_029,4,-90.074778,21.130826950073242,2004.0,0.6492336392402649,50
c4_030,4,-89.976421,21.170978,2004.0,0.4018130302429199,50
c5_001,5,-90.044328,21.155349,2004.0,0.36458316445350647,50
c5_005,5,-90.011722,21.165858,2004.0,0.13735823333263397,50
c5_020,5,-90.002829,21.15642738342285,2004.0,0.35848039388656616,50
c5_022,5,-90.004985,21.156696319580078,2004.0,0.5518965721130371,50
c5_002,5,-90.066424,21.152114868164062,2004.0,0.7106106281280518,50
c5_004,5,-90.039477,21.155618,2004.0,0.19911138713359833,50
c5_006,5,-90.006063,21.155078887939453,2004.0,0.4223862886428833,50
c5_009,5,-90.039477,21.156966,2004.0,0.26926183700561523,50
c5_010,5,-90.032202,21.159391403198242,2004.0,0.019725581631064415,50
c5_012,5,-89.996093,21.155349,2004.0,0.6388773322105408,50
c5_014,5,-90.042711,21.155618,2004.0,0.10861174762248993,50
c5_015,5,-90.061304,21.156156539916992,2004.0,0.2072170078754425,50
c5_016,5,-90.036783,21.156966,2004.0,0.07826586812734604,50
c5_018,5,-90.02816009521484,21.156696319580078,2004.0,0.4129551947116852,50
c5_019,5,-90.037321,21.158313,2004.0,0.35429465770721436,50
c5_021,5,-90.062921,21.154541015625,2004.0,0.4718833565711975,50
c5_023,5,-90.031932,21.158044,2004.0,0.07713595032691956,50
c5_025,5,-90.074778,21.151845932006836,2004.0,0.5603101849555969,50
c5_027,5,-90.037052,21.159929275512695,2004.0,0.3727269768714905,50
c5_028,5,-90.03813171386719,21.155349,2004.0,0.19131052494049072,50
c5_029,5,-90.035166,21.156156539916992,2004.0,0.26255059242248535,50
c5_030,5,-90.030585,21.15750503540039,2004.0,0.24649925529956818,50
c5_011,5,-90.064538,21.154541015625,2004.0,0.561667263507843,50
c5_013,5,-89.998248,21.172326,2004.0,0.153189554810524,50
c5_024,5,-89.988009,21.162355422973633,2004.0,0.503421425819397,50
c5_008,5,-90.057262,21.155349,2004.0,0.263417512178421,50
c5_017,5,-90.036513,21.154271,2004.0,0.51710444688797,50
c5_026,5,-89.996632,21.160737991333008,2004.0,0.7943341732025146,50
c5_003,5,-89.978038,21.180139541625977,2004.0,0.23909655213356018,50
c5_007,5,-90.08124542236328,21.149421,2004.0,0.5931182503700256,50
c1_001,1,-90.092293,21.134868621826172,2005.0,0.9133434891700745,44
c1_002,1,-90.057262,21.116815,2005.0,0.7451637983322144,44
c1_003,1,-90.097413,21.129209518432617,2005.0,0.8172420859336853,44
c1_004,1,-90.051873,21.142684,2005.0,0.8339043259620667,44
c1_005,1,-90.116815,21.0882511138916,2005.0,0.8038241267204285,44
c1_006,1,-90.066694,21.0987606048584,2005.0,0.8248977661132812,44
c1_007,1,-89.974805,21.120318,2005.0,0.8160830736160278,44
c1_008,1,-89.979925,21.132444381713867,2005.0,0.8219409584999084,44
c1_009,1,-89.988278,21.157773971557617,2005.0,0.9444337487220764,44
c1_010,1,-90.062921,21.101186,2005.0,0.7515262365341187,44
c1_011,1,-90.004177,21.130558013916016,2005.0,0.8098524212837219,44
c1_012,1,-90.070197,21.140798,2005.0,0.8257078528404236,44
c1_013,1,-89.989086,21.127055,2005.0,0.7408002614974976,44
c1_014,1,-90.05834197998047,21.147265,2005.0,0.8727660775184631,44
c1_015,1,-90.073969,21.147265,2005.0,0.8234442472457886,44
c1_016,1,-89.955672,21.141876220703125,2005.0,0.8749599456787109,44
c1_017,1,-89.95162963867188,21.132444381713867,2005.0,0.7716467380523682,44
c1_018,1,-90.08124542236328,21.135408401489258,2005.0,0.6959217190742493,44
c1_019,1,-90.112234,21.128671646118164,2005.0,0.7202794551849365,44
c1_020,1,-89.977499,21.129480361938477,2005.0,0.7364146709442139,44
c1_021,1,-90.07855224609375,21.141337,2005.0,0.8922881484031677,44
c1_022,1,-90.075317,21.103341,2005.0,0.8490557074546814,44
c1_023,1,-90.067502,21.106845,2005.0,0.8616511821746826,44
c1_024,1,-89.947319,21.188493728637695,2005.0,0.7900345325469971,44
c1_025,1,-90.09876251220703,21.119779,2005.0,0.7244048118591309,44
c1_026,1,-89.945702,21.14322280883789,2005.0,0.8272359371185303,44
c1_027,1,-90.054837,21.112503051757812,2005.0,0.8274431824684143,44
c1_028,1,-90.010105,21.151576,2005.0,0.8659669160842896,44
c1_029,1,-90.113042,21.085018157958984,2005.0,0.8507850170135498,44
c1_030,1,-90.110348,21.111964,2005.0,0.70804762840271,44
c2_001,2,-89.941929,21.138911,2005.0,0.8759210705757141,44
c2_002,2,-90.100647,21.146995,2005.0,0.843852162361145,44
c2_003,2,-90.111964,21.138642,2005.0,0.7891285419464111,44
c2_004,2,-90.118971,21.110347747802734,2005.0,0.7188661098480225,44
c2_005,2,-90.117084,21.092023849487305,2005.0,0.8664820194244385,44
c2_006,2,-90.070466,21.094718,2005.0,0.8741363883018494,44
c2_007,2,-89.99231719970703,21.149690628051758,2005.0,0.7351001501083374,44
c2_008,2,-90.042172,21.114389419555664,2005.0,0.7209612131118774,44
c2_009,2,-90.117893,21.135947,2005.0,0.6459684371948242,44
c2_010,2,-90.006871,21.131097,2005.0,0.7778013944625854,44
c2_011,2,-89.946241,21.164511,2005.0,0.7971601486206055,44
c2_012,2,-90.101725,21.08043670654297,2005.0,0.8256336450576782,44
c2_013,2,-90.00768280029297,21.128133,2005.0,0.8040693402290344,44
c2_014,2,-90.097413,21.149959564208984,2005.0,0.905297040939331,44
c2_015,2,-90.052412,21.098222,2005.0,0.8059852123260498,44
c2_016,2,-89.955672,21.166936,2005.0,0.7428566217422485,44
c2_017,2,-89.985853,21.152385,2005.0,0.7621489763259888,44
c2_018,2,-90.039477,21.152654,2005.0,0.8462128043174744,44
c2_019,2,-90.120049,21.121396,2005.0,0.8165463805198669,44
c2_020,2,-90.051334,21.10765266418457,2005.0,0.8622399568557739,44
c2_021,2,-90.070197,21.091215133666992,2005.0,0.8649702668190002,44
c2_022,2,-90.094988,21.123282,2005.0,0.9258494973182678,44
c2_023,2,-89.966182,21.124359130859375,2005.0,0.7738183736801147,44
c2_024,2,-90.085287,21.123552322387695,2005.0,0.8266059160232544,44
c2_025,2,-90.074239,21.092832,2005.0,0.8691455125808716,44
c2_026,2,-90.101455,21.144301,2005.0,0.8274166584014893,44
c2_027,2,-89.997979,21.154002,2005.0,0.8601529598236084,44
c2_028,2,-89.968607,21.116275787353516,2005.0,0.8564732670783997,44
c2_029,2,-89.975344,21.13729476928711,2005.0,0.8448653221130371,44
c2_030,2,-90.025195,21.116544723510742,2005.0,0.8411823511123657,44
c10_004,3,-90.028968,21.158313,2005.0,0.11355748027563095,44
c10_002,3,-90.03301239013672,21.158044,2005.0,0.1280360072851181,44
c10_003,3,-90.032741,21.159122467041016,2005.0,0.11376573145389557,44
c10_005,3,-90.030585,21.158044,2005.0,0.173370823264122,44
c3_029,3,-90.08555603027344,21.149690628051758,2005.0,0.24270693957805634,44
c10_001,3,-89.95405578613281,21.163972,2005.0,0.5402224063873291,44
c3_009,3,-89.986931,21.149959564208984,2005.0,0.9133617877960205,44
c3_028,3,-89.982619,21.180679,2005.0,0.20736971497535706,44
c3_005,3,-90.031124,21.124629,2005.0,0.865170419216156,44
c3_002,3,-89.995823,21.13837242126465,2005.0,0.8531110882759094,44
c3_008,3,-89.951091,21.200081,2005.0,0.10556458681821823,44
c3_013,3,-89.951361,21.199003219604492,2005.0,0.15465454757213593,44
c3_016,3,-89.949205,21.20115852355957,2005.0,0.13328376412391663,44
c3_021,3,-89.950013,21.19927215576172,2005.0,0.2868819534778595,44
c3_018,3,-90.1038818359375,21.086095,2005.0,0.8844420909881592,44
c3_003,3,-89.995284,21.139720916748047,2005.0,0.8020060658454895,44
c3_007,3,-89.964834,21.14322280883789,2005.0,0.7725067734718323,44
c3_011,3,-90.008758,21.113311767578125,2005.0,0.8196046948432922,44
c3_017,3,-89.980733,21.145648,2005.0,0.7976667284965515,44
c3_027,3,-90.016572,21.116006,2005.0,0.885781466960907,44
c3_010,3,-89.973188,21.186607360839844,2005.0,0.8444657325744629,44
c3_024,3,-90.088521,21.146726,2005.0,0.8215155005455017,44
c3_025,3,-89.943007,21.170978,2005.0,0.7641482353210449,44
c3_019,3,-89.958906,21.12489891052246,2005.0,0.8722327351570129,44
c3_023,3,-90.00040435791016,21.138642,2005.0,0.7689180374145508,44
c3_012,3,-90.000135,21.130826950073242,2005.0,0.836775541305542,44
c3_020,3,-89.986392,21.159391403198242,2005.0,0.7879504561424255,44
c3_026,3,-90.014417,21.114659,2005.0,0.8257037997245789,44
c3_014,3,-89.945702,21.20331382751465,2005.0,0.8502928018569946,44
c3_030,3,-90.104958,21.09660530090332,2005.0,0.7365139126777649,44
c3_001,3,-90.072083,21.088790893554688,2005.0,0.8589726090431213,44
c3_004,3,-90.046214,21.096874237060547,2005.0,0.8397089838981628,44
c3_006,3,-89.973188,21.15966033935547,2005.0,0.8414997458457947,44
c3_015,3,-90.011722,21.112503051757812,2005.0,0.838919997215271,44
c3_022,3,-90.041364,21.099029541015625,2005.0,0.7829199433326721,44
c4_001,4,-89.957828,21.178254,2005.0,0.1926426738500595,44
c4_002,4,-89.963217,21.190109252929688,2005.0,0.7055172324180603,44
c4_003,4,-89.950822,21.1922664642334,2005.0,0.23709054291248322,44
c4_004,4,-89.992859,21.172864,2005.0,0.32423916459083557,44
c4_005,4,-89.940313,21.199811,2005.0,0.1322769820690155,44
c4_006,4,-89.939774,21.204662322998047,2005.0,0.12865465879440308,44
c4_007,4,-90.070736,21.130288,2005.0,0.8042599558830261,44
c4_008,4,-89.998518,21.119239807128906,2005.0,0.8066977262496948,44
c4_009,4,-90.035705,21.144301,2005.0,0.6066285967826843,44
c4_010,4,-90.029776,21.160737991333008,2005.0,0.2004890739917755,44
c4_011,4,-90.036244,21.152114868164062,2005.0,0.7817118167877197,44
c4_012,4,-90.106306,21.113851,2005.0,0.6073879599571228,44
c4_013,4,-89.943007,21.202506,2005.0,0.3079124093055725,44
c4_014,4,-89.956481,21.189302444458008,2005.0,0.6551949977874756,44
c4_015,4,-90.1038818359375,21.116006,2005.0,0.6709566712379456,44
c4_016,4,-89.943277,21.199542,2005.0,0.05029295012354851,44
c4_017,4,-90.07369995117188,21.133522033691406,2005.0,0.6806439757347107,44
c4_018,4,-89.996632,21.15022850036621,2005.0,0.8030186295509338,44
c4_019,4,-90.022501,21.156966,2005.0,0.1746312826871872,44
c4_020,4,-89.981811,21.164511,2005.0,0.5571630001068115,44
c4_021,4,-90.001482,21.169092178344727,2005.0,0.18789228796958923,44
c4_022,4,-89.99259185791016,21.120318,2005.0,0.7864152789115906,44
c4_023,4,-89.955133,21.188493728637695,2005.0,0.7214486598968506,44
c4_024,4,-89.966182,21.181218,2005.0,0.22562137246131897,44
c4_025,4,-89.952439,21.1922664642334,2005.0,0.34336432814598083,44
c4_026,4,-90.034357,21.160199,2005.0,0.375730961561203,44
c4_027,4,-89.966451,21.182565,2005.0,0.226447194814682,44
c4_028,4,-89.958636,21.177175521850586,2005.0,0.22387920320034027,44
c4_029,4,-90.074778,21.130826950073242,2005.0,0.667485237121582,44
c4_030,4,-89.976421,21.170978,2005.0,0.2312605381011963,44
c5_001,5,-90.044328,21.155349,2005.0,0.7531647086143494,44
c5_005,5,-90.011722,21.165858,2005.0,0.19969706237316132,44
c5_020,5,-90.002829,21.15642738342285,2005.0,0.2979792654514313,44
c5_022,5,-90.004985,21.156696319580078,2005.0,0.6370700597763062,44
c5_002,5,-90.066424,21.152114868164062,2005.0,0.7430821657180786,44
c5_004,5,-90.039477,21.155618,2005.0,0.164861798286438,44
c5_006,5,-90.006063,21.155078887939453,2005.0,0.3626168668270111,44
c5_009,5,-90.039477,21.156966,2005.0,0.38884294033050537,44
c5_010,5,-90.032202,21.159391403198242,2005.0,0.12268949300050735,44
c5_012,5,-89.996093,21.155349,2005.0,0.3870593309402466,44
c5_014,5,-90.042711,21.155618,2005.0,0.10130653530359268,44
c5_015,5,-90.061304,21.156156539916992,2005.0,0.6666541695594788,44
c5_016,5,-90.036783,21.156966,2005.0,0.1294938027858734,44
c5_018,5,-90.02816009521484,21.156696319580078,2005.0,0.376255065202713,44
c5_019,5,-90.037321,21.158313,2005.0,0.5388157963752747,44
c5_021,5,-90.062921,21.154541015625,2005.0,0.42996639013290405,44
c5_023,5,-90.031932,21.158044,2005.0,0.15667639672756195,44
c5_025,5,-90.074778,21.151845932006836,2005.0,0.638271152973175,44
c5_027,5,-90.037052,21.159929275512695,2005.0,0.24971824884414673,44
c5_028,5,-90.03813171386719,21.155349,2005.0,0.14755971729755402,44
c5_029,5,-90.035166,21.156156539916992,2005.0,0.18412157893180847,44
c5_030,5,-90.030585,21.15750503540039,2005.0,0.2883072793483734,44
c5_011,5,-90.064538,21.154541015625,2005.0,0.5164723992347717,44
c5_013,5,-89.998248,21.172326,2005.0,0.1412409096956253,44
c5_024,5,-89.988009,21.162355422973633,2005.0,0.544798731803894,44
c5_008,5,-90.057262,21.155349,2005.0,0.47611454129219055,44
c5_017,5,-90.036513,21.154271,2005.0,0.48417338728904724,44
c5_026,5,-89.996632,21.160737991333008,2005.0,0.8254765272140503,44
c5_003,5,-89.978038,21.180139541625977,2005.0,0.23907209932804108,44
c5_007,5,-90.08124542236328,21.149421,2005.0,0.638271152973175,44
c1_001,1,-90.092293,21.134868621826172,2006.0,0.858525812625885,45
c1_002,1,-90.057262,21.116815,2006.0,0.7237911820411682,45
c1_003,1,-90.097413,21.129209518432617,2006.0,0.6651383638381958,45
c1_004,1,-90.051873,21.142684,2006.0,0.7904682159423828,45
c1_005,1,-90.116815,21.0882511138916,2006.0,0.8335076570510864,45
c1_006,1,-90.066694,21.0987606048584,2006.0,0.7988998889923096,45
c1_007,1,-89.974805,21.120318,2006.0,0.8093429803848267,45
c1_008,1,-89.979925,21.132444381713867,2006.0,0.817683756351471,45
c1_009,1,-89.988278,21.157773971557617,2006.0,0.7270175218582153,45
c1_010,1,-90.062921,21.101186,2006.0,0.7202745079994202,45
c1_011,1,-90.004177,21.130558013916016,2006.0,0.7985078692436218,45
c1_012,1,-90.070197,21.140798,2006.0,0.770260214805603,45
c1_013,1,-89.989086,21.127055,2006.0,0.7229546308517456,45
c1_014,1,-90.05834197998047,21.147265,2006.0,0.8269982933998108,45
c1_015,1,-90.073969,21.147265,2006.0,0.7511369585990906,45
c1_016,1,-89.955672,21.141876220703125,2006.0,0.8379012942314148,45
c1_017,1,-89.95162963867188,21.132444381713867,2006.0,0.7711756229400635,45
c1_018,1,-90.08124542236328,21.135408401489258,2006.0,0.6137403249740601,45
c1_019,1,-90.112234,21.128671646118164,2006.0,0.5045338273048401,45
c1_020,1,-89.977499,21.129480361938477,2006.0,0.7247785329818726,45
c1_021,1,-90.07855224609375,21.141337,2006.0,0.8075573444366455,45
c1_022,1,-90.075317,21.103341,2006.0,0.9002137184143066,45
c1_023,1,-90.067502,21.106845,2006.0,0.8758967518806458,45
c1_024,1,-89.947319,21.188493728637695,2006.0,0.690758466720581,45
c1_025,1,-90.09876251220703,21.119779,2006.0,0.7665853500366211,45
c1_026,1,-89.945702,21.14322280883789,2006.0,0.7939080595970154,45
c1_027,1,-90.054837,21.112503051757812,2006.0,0.8177163004875183,45
c1_028,1,-90.010105,21.151576,2006.0,0.8432599306106567,45
c1_029,1,-90.113042,21.085018157958984,2006.0,0.8587633967399597,45
c1_030,1,-90.110348,21.111964,2006.0,0.7111251354217529,45
c2_001,2,-89.941929,21.138911,2006.0,0.8507423400878906,45
c2_002,2,-90.100647,21.146995,2006.0,0.4074445068836212,45
c2_003,2,-90.111964,21.138642,2006.0,0.4984268844127655,45
c2_004,2,-90.118971,21.110347747802734,2006.0,0.7496830224990845,45
c2_005,2,-90.117084,21.092023849487305,2006.0,0.9035202264785767,45
c2_006,2,-90.070466,21.094718,2006.0,0.8524197936058044,45
c2_007,2,-89.99231719970703,21.149690628051758,2006.0,0.6903386116027832,45
c2_008,2,-90.042172,21.114389419555664,2006.0,0.7142400145530701,45
c2_009,2,-90.117893,21.135947,2006.0,0.5586307048797607,45
c2_010,2,-90.006871,21.131097,2006.0,0.812499463558197,45
c2_011,2,-89.946241,21.164511,2006.0,0.7934842705726624,45
c2_012,2,-90.101725,21.08043670654297,2006.0,0.8341126441955566,45
c2_013,2,-90.00768280029297,21.128133,2006.0,0.7602819204330444,45
c2_014,2,-90.097413,21.149959564208984,2006.0,0.8510150909423828,45
c2_015,2,-90.052412,21.098222,2006.0,0.8319357633590698,45
c2_016,2,-89.955672,21.166936,2006.0,0.8283501863479614,45
c2_017,2,-89.985853,21.152385,2006.0,0.7515591979026794,45
c2_018,2,-90.039477,21.152654,2006.0,0.7904542088508606,45
c2_019,2,-90.120049,21.121396,2006.0,0.8043082356452942,45
c2_020,2,-90.051334,21.10765266418457,2006.0,0.834740400314331,45
c2_021,2,-90.070197,21.091215133666992,2006.0,0.8272596001625061,45
c2_022,2,-90.094988,21.123282,2006.0,0.8065464496612549,45
c2_023,2,-89.966182,21.124359130859375,2006.0,0.7322500348091125,45
c2_024,2,-90.085287,21.123552322387695,2006.0,0.8107847571372986,45
c2_025,2,-90.074239,21.092832,2006.0,0.8438675403594971,45
c2_026,2,-90.101455,21.144301,2006.0,0.7468276619911194,45
c2_027,2,-89.997979,21.154002,2006.0,0.8661845326423645,45
c2_028,2,-89.968607,21.116275787353516,2006.0,0.862463116645813,45
c2_029,2,-89.975344,21.13729476928711,2006.0,0.7638922333717346,45
c2_030,2,-90.025195,21.116544723510742,2006.0,0.8110567927360535,45
c10_004,3,-90.028968,21.158313,2006.0,0.1372043341398239,45
c10_002,3,-90.03301239013672,21.158044,2006.0,0.13802053034305573,45
c10_003,3,-90.032741,21.159122467041016,2006.0,0.11541437357664108,45
c10_005,3,-90.030585,21.158044,2006.0,0.14294873178005219,45
c3_029,3,-90.08555603027344,21.149690628051758,2006.0,0.12259362637996674,45
c10_001,3,-89.95405578613281,21.163972,2006.0,0.5225961804389954,45
c3_009,3,-89.986931,21.149959564208984,2006.0,0.8646448254585266,45
c3_028,3,-89.982619,21.180679,2006.0,0.19992922246456146,45
c3_005,3,-90.031124,21.124629,2006.0,0.8535829186439514,45
c3_002,3,-89.995823,21.13837242126465,2006.0,0.8718762397766113,45
c3_008,3,-89.951091,21.200081,2006.0,0.07676910609006882,45
c3_013,3,-89.951361,21.199003219604492,2006.0,0.028328919783234596,45
c3_016,3,-89.949205,21.20115852355957,2006.0,0.016149217262864113,45
c3_021,3,-89.950013,21.19927215576172,2006.0,0.18370573222637177,45
c3_018,3,-90.1038818359375,21.086095,2006.0,0.898326575756073,45
c3_003,3,-89.995284,21.139720916748047,2006.0,0.7626338005065918,45
c3_007,3,-89.964834,21.14322280883789,2006.0,0.7648515701293945,45
c3_011,3,-90.008758,21.113311767578125,2006.0,0.8059834837913513,45
c3_017,3,-89.980733,21.145648,2006.0,0.7312313914299011,45
c3_027,3,-90.016572,21.116006,2006.0,0.797948956489563,45
c3_010,3,-89.973188,21.186607360839844,2006.0,0.8718529343605042,45
c3_024,3,-90.088521,21.146726,2006.0,0.5121877193450928,45
c3_025,3,-89.943007,21.170978,2006.0,0.6740925312042236,45
c3_019,3,-89.958906,21.12489891052246,2006.0,0.8881244659423828,45
c3_023,3,-90.00040435791016,21.138642,2006.0,0.6681520342826843,45
c3_012,3,-90.000135,21.130826950073242,2006.0,0.817870020866394,45
c3_020,3,-89.986392,21.159391403198242,2006.0,0.7791852951049805,45
c3_026,3,-90.014417,21.114659,2006.0,0.8433924317359924,45
c3_014,3,-89.945702,21.20331382751465,2006.0,0.8784146904945374,45
c3_030,3,-90.104958,21.09660530090332,2006.0,0.6560143232345581,45
c3_001,3,-90.072083,21.088790893554688,2006.0,0.8157851696014404,45
c3_004,3,-90.046214,21.096874237060547,2006.0,0.8051552772521973,45
c3_006,3,-89.973188,21.15966033935547,2006.0,0.8464130163192749,45
c3_015,3,-90.011722,21.112503051757812,2006.0,0.8067372441291809,45
c3_022,3,-90.041364,21.099029541015625,2006.0,0.7960289716720581,45
c4_001,4,-89.957828,21.178254,2006.0,0.14207684993743896,45
c4_002,4,-89.963217,21.190109252929688,2006.0,0.5848148465156555,45
c4_003,4,-89.950822,21.1922664642334,2006.0,0.21893362700939178,45
c4_004,4,-89.992859,21.172864,2006.0,0.026667939499020576,45
c4_005,4,-89.940313,21.199811,2006.0,0.2021956890821457,45
c4_006,4,-89.939774,21.204662322998047,2006.0,0.17618495225906372,45
c4_007,4,-90.070736,21.130288,2006.0,0.7695980072021484,45
c4_008,4,-89.998518,21.119239807128906,2006.0,0.7500489354133606,45
c4_009,4,-90.035705,21.144301,2006.0,0.5924017429351807,45
c4_010,4,-90.029776,21.160737991333008,2006.0,0.25123465061187744,45
c4_011,4,-90.036244,21.152114868164062,2006.0,0.7481825947761536,45
c4_012,4,-90.106306,21.113851,2006.0,0.6348020434379578,45
c4_013,4,-89.943007,21.202506,2006.0,0.42701587080955505,45
c4_014,4,-89.956481,21.189302444458008,2006.0,0.44233933091163635,45
c4_015,4,-90.1038818359375,21.116006,2006.0,0.61292964220047,45
c4_016,4,-89.943277,21.199542,2006.0,0.01072264090180397,45
c4_017,4,-90.07369995117188,21.133522033691406,2006.0,0.6003047227859497,45
c4_018,4,-89.996632,21.15022850036621,2006.0,0.6377909183502197,45
c4_019,4,-90.022501,21.156966,2006.0,0.16776318848133087,45
c4_020,4,-89.981811,21.164511,2006.0,0.6228446960449219,45
c4_021,4,-90.001482,21.169092178344727,2006.0,0.1593555212020874,45
c4_022,4,-89.99259185791016,21.120318,2006.0,0.7697064876556396,45
c4_023,4,-89.955133,21.188493728637695,2006.0,0.5179704427719116,45
c4_024,4,-89.966182,21.181218,2006.0,0.3227172791957855,45
c4_025,4,-89.952439,21.1922664642334,2006.0,0.41033270955085754,45
c4_026,4,-90.034357,21.160199,2006.0,0.24578514695167542,45
c4_027,4,-89.966451,21.182565,2006.0,0.14341028034687042,45
c4_028,4,-89.958636,21.177175521850586,2006.0,0.1509696990251541,45
c4_029,4,-90.074778,21.130826950073242,2006.0,0.7223705053329468,45
c4_030,4,-89.976421,21.170978,2006.0,0.19192737340927124,45
c5_001,5,-90.044328,21.155349,2006.0,0.34393951296806335,45
c5_005,5,-90.011722,21.165858,2006.0,0.2894532084465027,45
c5_020,5,-90.002829,21.15642738342285,2006.0,0.3886246085166931,45
c5_022,5,-90.004985,21.156696319580078,2006.0,0.6523920297622681,45
c5_002,5,-90.066424,21.152114868164062,2006.0,0.5653678774833679,45
c5_004,5,-90.039477,21.155618,2006.0,0.14966316521167755,45
c5_006,5,-90.006063,21.155078887939453,2006.0,0.40769657492637634,45
c5_009,5,-90.039477,21.156966,2006.0,0.2563669979572296,45
c5_010,5,-90.032202,21.159391403198242,2006.0,0.12207195907831192,45
c5_012,5,-89.996093,21.155349,2006.0,0.4035474359989166,45
c5_014,5,-90.042711,21.155618,2006.0,0.12146984040737152,45
c5_015,5,-90.061304,21.156156539916992,2006.0,0.22085444629192352,45
c5_016,5,-90.036783,21.156966,2006.0,0.11598064750432968,45
c5_018,5,-90.02816009521484,21.156696319580078,2006.0,0.4863971173763275,45
c5_019,5,-90.037321,21.158313,2006.0,0.4485267102718353,45
c5_021,5,-90.062921,21.154541015625,2006.0,0.24178223311901093,45
c5_023,5,-90.031932,21.158044,2006.0,0.1554349660873413,45
c5_025,5,-90.074778,21.151845932006836,2006.0,0.4374276101589203,45
c5_027,5,-90.037052,21.159929275512695,2006.0,0.2092147022485733,45
c5_028,5,-90.03813171386719,21.155349,2006.0,0.1540258824825287,45
c5_029,5,-90.035166,21.156156539916992,2006.0,0.2145170271396637,45
c5_030,5,-90.030585,21.15750503540039,2006.0,0.19995856285095215,45
c5_011,5,-90.064538,21.154541015625,2006.0,0.4576128423213959,45
c5_013,5,-89.998248,21.172326,2006.0,0.1447737216949463,45
c5_024,5,-89.988009,21.162355422973633,2006.0,0.6518653631210327,45
c5_008,5,-90.057262,21.155349,2006.0,0.2520899176597595,45
c5_017,5,-90.036513,21.154271,2006.0,0.5700652599334717,45
c5_026,5,-89.996632,21.160737991333008,2006.0,0.8486270904541016,45
c5_003,5,-89.978038,21.180139541625977,2006.0,0.23341579735279083,45
c5_007,5,-90.08124542236328,21.149421,2006.0,0.3774740993976593,45
c1_001,1,-90.092293,21.134868621826172,2007.0,0.9069035053253174,40
c1_002,1,-90.057262,21.116815,2007.0,0.9016393423080444,40
c1_003,1,-90.097413,21.129209518432617,2007.0,0.9355300068855286,40
c1_004,1,-90.051873,21.142684,2007.0,0.8250928521156311,40
c1_005,1,-90.116815,21.0882511138916,2007.0,0.8010854125022888,40
c1_006,1,-90.066694,21.0987606048584,2007.0,0.8438936471939087,40
c1_007,1,-89.974805,21.120318,2007.0,0.8645637035369873,40
c1_008,1,-89.979925,21.132444381713867,2007.0,0.8253357410430908,40
c1_009,1,-89.988278,21.157773971557617,2007.0,0.7768476605415344,40
c1_010,1,-90.062921,21.101186,2007.0,0.738792896270752,40
c1_011,1,-90.004177,21.130558013916016,2007.0,0.7926263809204102,40
c1_012,1,-90.070197,21.140798,2007.0,0.856038510799408,40
c1_013,1,-89.989086,21.127055,2007.0,0.7569780945777893,40
c1_014,1,-90.05834197998047,21.147265,2007.0,0.8699774742126465,40
c1_015,1,-90.073969,21.147265,2007.0,0.7961543202400208,40
c1_016,1,-89.955672,21.141876220703125,2007.0,0.8690478205680847,40
c1_017,1,-89.95162963867188,21.132444381713867,2007.0,0.8288562297821045,40
c1_018,1,-90.08124542236328,21.135408401489258,2007.0,0.8099139332771301,40
c1_019,1,-90.112234,21.128671646118164,2007.0,0.8033934235572815,40
c1_020,1,-89.977499,21.129480361938477,2007.0,0.7403222918510437,40
c1_021,1,-90.07855224609375,21.141337,2007.0,0.8102406859397888,40
c1_022,1,-90.075317,21.103341,2007.0,0.9776138067245483,40
c1_023,1,-90.067502,21.106845,2007.0,0.8677072525024414,40
c1_024,1,-89.947319,21.188493728637695,2007.0,0.7828494906425476,40
c1_025,1,-90.09876251220703,21.119779,2007.0,0.7912808656692505,40
c1_026,1,-89.945702,21.14322280883789,2007.0,0.8064938187599182,40
c1_027,1,-90.054837,21.112503051757812,2007.0,0.8802246451377869,40
c1_028,1,-90.010105,21.151576,2007.0,0.8528273701667786,40
c1_029,1,-90.113042,21.085018157958984,2007.0,0.86651211977005,40
c1_030,1,-90.110348,21.111964,2007.0,0.7360194325447083,40
c2_001,2,-89.941929,21.138911,2007.0,0.8469718098640442,40
c2_002,2,-90.100647,21.146995,2007.0,0.5830264687538147,40
c2_003,2,-90.111964,21.138642,2007.0,0.6777438521385193,40
c2_004,2,-90.118971,21.110347747802734,2007.0,0.6943440437316895,40
c2_005,2,-90.117084,21.092023849487305,2007.0,0.8470105528831482,40
c2_006,2,-90.070466,21.094718,2007.0,0.8523245453834534,40
c2_007,2,-89.99231719970703,21.149690628051758,2007.0,0.7265335917472839,40
c2_008,2,-90.042172,21.114389419555664,2007.0,0.8505634665489197,40
c2_009,2,-90.117893,21.135947,2007.0,0.6863384246826172,40
c2_010,2,-90.006871,21.131097,2007.0,0.794115424156189,40
c2_011,2,-89.946241,21.164511,2007.0,0.8162277340888977,40
c2_012,2,-90.101725,21.08043670654297,2007.0,0.8291018009185791,40
c2_013,2,-90.00768280029297,21.128133,2007.0,0.8458351492881775,40
c2_014,2,-90.097413,21.149959564208984,2007.0,0.8713849186897278,40
c2_015,2,-90.052412,21.098222,2007.0,0.8603118658065796,40
c2_016,2,-89.955672,21.166936,2007.0,0.8274421691894531,40
c2_017,2,-89.985853,21.152385,2007.0,0.7939063906669617,40
c2_018,2,-90.039477,21.152654,2007.0,0.8152929544448853,40
c2_019,2,-90.120049,21.121396,2007.0,0.8401807546615601,40
c2_020,2,-90.051334,21.10765266418457,2007.0,0.8629259467124939,40
c2_021,2,-90.070197,21.091215133666992,2007.0,0.8856184482574463,40
c2_022,2,-90.094988,21.123282,2007.0,0.8679051995277405,40
c2_023,2,-89.966182,21.124359130859375,2007.0,0.7580776214599609,40
c2_024,2,-90.085287,21.123552322387695,2007.0,0.8306283354759216,40
c2_025,2,-90.074239,21.092832,2007.0,0.8611621260643005,40
c2_026,2,-90.101455,21.144301,2007.0,0.7406831383705139,40
c2_027,2,-89.997979,21.154002,2007.0,0.8757649064064026,40
c2_028,2,-89.968607,21.116275787353516,2007.0,0.8666718006134033,40
c2_029,2,-89.975344,21.13729476928711,2007.0,0.8098396062850952,40
c2_030,2,-90.025195,21.116544723510742,2007.0,0.8597230315208435,40
c10_004,3,-90.028968,21.158313,2007.0,0.10517000406980515,40
c10_002,3,-90.03301239013672,21.158044,2007.0,0.09522201865911484,40
c10_003,3,-90.032741,21.159122467041016,2007.0,0.04924778640270233,40
c10_005,3,-90.030585,21.158044,2007.0,0.08084937930107117,40
c3_029,3,-90.08555603027344,21.149690628051758,2007.0,0.05979327857494354,40
c10_001,3,-89.95405578613281,21.163972,2007.0,0.5552313923835754,40
c3_009,3,-89.986931,21.149959564208984,2007.0,0.8784175515174866,40
c3_028,3,-89.982619,21.180679,2007.0,0.3802017867565155,40
c3_005,3,-90.031124,21.124629,2007.0,0.8602995872497559,40
c3_002,3,-89.995823,21.13837242126465,2007.0,0.8701341152191162,40
c3_008,3,-89.951091,21.200081,2007.0,0.1862560510635376,40
c3_013,3,-89.951361,21.199003219604492,2007.0,0.0933084562420845,40
c3_016,3,-89.949205,21.20115852355957,2007.0,0.08900569379329681,40
c3_021,3,-89.950013,21.19927215576172,2007.0,0.3033573031425476,40
c3_018,3,-90.1038818359375,21.086095,2007.0,0.8814687132835388,40
c3_003,3,-89.995284,21.139720916748047,2007.0,0.8089905977249146,40
c3_007,3,-89.964834,21.14322280883789,2007.0,0.7624883055686951,40
c3_011,3,-90.008758,21.113311767578125,2007.0,0.8659279346466064,40
c3_017,3,-89.980733,21.145648,2007.0,0.8044238686561584,40
c3_027,3,-90.016572,21.116006,2007.0,0.8537680506706238,40
c3_010,3,-89.973188,21.186607360839844,2007.0,0.8956205248832703,40
c3_024,3,-90.088521,21.146726,2007.0,0.6361405849456787,40
c3_025,3,-89.943007,21.170978,2007.0,0.7559298872947693,40
c3_019,3,-89.958906,21.12489891052246,2007.0,0.9382320046424866,40
c3_023,3,-90.00040435791016,21.138642,2007.0,0.7069247961044312,40
c3_012,3,-90.000135,21.130826950073242,2007.0,0.8365773558616638,40
c3_020,3,-89.986392,21.159391403198242,2007.0,0.7645197510719299,40
c3_026,3,-90.014417,21.114659,2007.0,0.8526314496994019,40
c3_014,3,-89.945702,21.20331382751465,2007.0,0.8543363213539124,40
c3_030,3,-90.104958,21.09660530090332,2007.0,0.665105938911438,40
c3_001,3,-90.072083,21.088790893554688,2007.0,0.8820012211799622,40
c3_004,3,-90.046214,21.096874237060547,2007.0,0.8318203687667847,40
c3_006,3,-89.973188,21.15966033935547,2007.0,0.8546159863471985,40
c3_015,3,-90.011722,21.112503051757812,2007.0,0.8215083479881287,40
c3_022,3,-90.041364,21.099029541015625,2007.0,0.8136688470840454,40
c4_001,4,-89.957828,21.178254,2007.0,0.5159898996353149,40
c4_002,4,-89.963217,21.190109252929688,2007.0,0.7480875253677368,40
c4_003,4,-89.950822,21.1922664642334,2007.0,0.2832429111003876,40
c4_004,4,-89.992859,21.172864,2007.0,0.19247275590896606,40
c4_005,4,-89.940313,21.199811,2007.0,0.22747042775154114,40
c4_006,4,-89.939774,21.204662322998047,2007.0,0.5956481099128723,40
c4_007,4,-90.070736,21.130288,2007.0,0.8245537877082825,40
c4_008,4,-89.998518,21.119239807128906,2007.0,0.6962847113609314,40
c4_009,4,-90.035705,21.144301,2007.0,0.5842804312705994,40
c4_010,4,-90.029776,21.160737991333008,2007.0,0.30853840708732605,40
c4_011,4,-90.036244,21.152114868164062,2007.0,0.7781468033790588,40
c4_012,4,-90.106306,21.113851,2007.0,0.7658040523529053,40
c4_013,4,-89.943007,21.202506,2007.0,0.6734215617179871,40
c4_014,4,-89.956481,21.189302444458008,2007.0,0.6988378763198853,40
c4_015,4,-90.1038818359375,21.116006,2007.0,0.6965848803520203,40
c4_016,4,-89.943277,21.199542,2007.0,0.07994446903467178,40
c4_017,4,-90.07369995117188,21.133522033691406,2007.0,0.7897487878799438,40
c4_018,4,-89.996632,21.15022850036621,2007.0,0.728279709815979,40
c4_019,4,-90.022501,21.156966,2007.0,0.13046489655971527,40
c4_020,4,-89.981811,21.164511,2007.0,0.7578099966049194,40
c4_021,4,-90.001482,21.169092178344727,2007.0,0.260923832654953,40
c4_022,4,-89.99259185791016,21.120318,2007.0,0.8771273493766785,40
c4_023,4,-89.955133,21.188493728637695,2007.0,0.81752610206604,40
c4_024,4,-89.966182,21.181218,2007.0,0.6561251282691956,40
c4_025,4,-89.952439,21.1922664642334,2007.0,0.6139783263206482,40
c4_026,4,-90.034357,21.160199,2007.0,0.3348206579685211,40
c4_027,4,-89.966451,21.182565,2007.0,0.5745401978492737,40
c4_028,4,-89.958636,21.177175521850586,2007.0,0.3781590759754181,40
c4_029,4,-90.074778,21.130826950073242,2007.0,0.7066563367843628,40
c4_030,4,-89.976421,21.170978,2007.0,0.5163086652755737,40
c5_001,5,-90.044328,21.155349,2007.0,0.6717569231987,40
c5_005,5,-90.011722,21.165858,2007.0,0.38978490233421326,40
c5_020,5,-90.002829,21.15642738342285,2007.0,0.5749377608299255,40
c5_022,5,-90.004985,21.156696319580078,2007.0,0.7274267673492432,40
c5_002,5,-90.066424,21.152114868164062,2007.0,0.6078391075134277,40
c5_004,5,-90.039477,21.155618,2007.0,0.19588463008403778,40
c5_006,5,-90.006063,21.155078887939453,2007.0,0.6340267658233643,40
c5_009,5,-90.039477,21.156966,2007.0,0.525951623916626,40
c5_010,5,-90.032202,21.159391403198242,2007.0,0.07830474525690079,40
c5_012,5,-89.996093,21.155349,2007.0,0.487842321395874,40
c5_014,5,-90.042711,21.155618,2007.0,0.11415400356054306,40
c5_015,5,-90.061304,21.156156539916992,2007.0,0.5124664902687073,40
c5_016,5,-90.036783,21.156966,2007.0,0.10482367873191833,40
c5_018,5,-90.02816009521484,21.156696319580078,2007.0,0.6744905114173889,40
c5_019,5,-90.037321,21.158313,2007.0,0.7175120711326599,40
c5_021,5,-90.062921,21.154541015625,2007.0,0.5330206155776978,40
c5_023,5,-90.031932,21.158044,2007.0,0.09739284962415695,40
c5_025,5,-90.074778,21.151845932006836,2007.0,0.5605301856994629,40
c5_027,5,-90.037052,21.159929275512695,2007.0,0.3609389662742615,40
c5_028,5,-90.03813171386719,21.155349,2007.0,0.3098936080932617,40
c5_029,5,-90.035166,21.156156539916992,2007.0,0.34131452441215515,40
c5_030,5,-90.030585,21.15750503540039,2007.0,0.2856687903404236,40
c5_011,5,-90.064538,21.154541015625,2007.0,0.6742638945579529,40
c5_013,5,-89.998248,21.172326,2007.0,0.17996005713939667,40
c5_024,5,-89.988009,21.162355422973633,2007.0,0.7897500991821289,40
c5_008,5,-90.057262,21.155349,2007.0,0.3936498761177063,40
c5_017,5,-90.036513,21.154271,2007.0,0.6634079813957214,40
c5_026,5,-89.996632,21.160737991333008,2007.0,0.8693700432777405,40
c5_003,5,-89.978038,21.180139541625977,2007.0,0.5121476054191589,40
c5_007,5,-90.08124542236328,21.149421,2007.0,0.5933817028999329,40
c1_001,1,-90.092293,21.134868621826172,2008.0,0.9286723732948303,42
c1_002,1,-90.057262,21.116815,2008.0,0.7717424035072327,42
c1_003,1,-90.097413,21.129209518432617,2008.0,0.7248237133026123,42
c1_004,1,-90.051873,21.142684,2008.0,0.8048731684684753,42
c1_005,1,-90.116815,21.0882511138916,2008.0,0.8253319263458252,42
c1_006,1,-90.066694,21.0987606048584,2008.0,0.8330221176147461,42
c1_007,1,-89.974805,21.120318,2008.0,0.8579837679862976,42
c1_008,1,-89.979925,21.132444381713867,2008.0,0.8251720666885376,42
c1_009,1,-89.988278,21.157773971557617,2008.0,0.733299195766449,42
c1_010,1,-90.062921,21.101186,2008.0,0.7278454899787903,42
c1_011,1,-90.004177,21.130558013916016,2008.0,0.8145700693130493,42
c1_012,1,-90.070197,21.140798,2008.0,0.8513325452804565,42
c1_013,1,-89.989086,21.127055,2008.0,0.708552360534668,42
c1_014,1,-90.05834197998047,21.147265,2008.0,0.8755960464477539,42
c1_015,1,-90.073969,21.147265,2008.0,0.8807325959205627,42
c1_016,1,-89.955672,21.141876220703125,2008.0,0.8810902833938599,42
c1_017,1,-89.95162963867188,21.132444381713867,2008.0,0.8027353286743164,42
c1_018,1,-90.08124542236328,21.135408401489258,2008.0,0.7471187710762024,42
c1_019,1,-90.112234,21.128671646118164,2008.0,0.7629460096359253,42
c1_020,1,-89.977499,21.129480361938477,2008.0,0.8123414516448975,42
c1_021,1,-90.07855224609375,21.141337,2008.0,0.8558862209320068,42
c1_022,1,-90.075317,21.103341,2008.0,0.9657537341117859,42
c1_023,1,-90.067502,21.106845,2008.0,0.8705847263336182,42
c1_024,1,-89.947319,21.188493728637695,2008.0,0.7472783923149109,42
c1_025,1,-90.09876251220703,21.119779,2008.0,0.8102964162826538,42
c1_026,1,-89.945702,21.14322280883789,2008.0,0.8113564848899841,42
c1_027,1,-90.054837,21.112503051757812,2008.0,0.8687855005264282,42
c1_028,1,-90.010105,21.151576,2008.0,0.8589378595352173,42
c1_029,1,-90.113042,21.085018157958984,2008.0,0.8591318726539612,42
c1_030,1,-90.110348,21.111964,2008.0,0.7588622570037842,42
c2_001,2,-89.941929,21.138911,2008.0,0.8555800318717957,42
c2_002,2,-90.100647,21.146995,2008.0,0.6093528866767883,42
c2_003,2,-90.111964,21.138642,2008.0,0.6595080494880676,42
c2_004,2,-90.118971,21.110347747802734,2008.0,0.7115954756736755,42
c2_005,2,-90.117084,21.092023849487305,2008.0,0.8608196377754211,42
c2_006,2,-90.070466,21.094718,2008.0,0.8616055846214294,42
c2_007,2,-89.99231719970703,21.149690628051758,2008.0,0.7552636861801147,42
c2_008,2,-90.042172,21.114389419555664,2008.0,0.6742390990257263,42
c2_009,2,-90.117893,21.135947,2008.0,0.7677755951881409,42
c2_010,2,-90.006871,21.131097,2008.0,0.8075920343399048,42
c2_011,2,-89.946241,21.164511,2008.0,0.7974002361297607,42
c2_012,2,-90.101725,21.08043670654297,2008.0,0.8988807201385498,42
c2_013,2,-90.00768280029297,21.128133,2008.0,0.767985999584198,42
c2_014,2,-90.097413,21.149959564208984,2008.0,0.8876799941062927,42
c2_015,2,-90.052412,21.098222,2008.0,0.9344027638435364,42
c2_016,2,-89.955672,21.166936,2008.0,0.7901059985160828,42
c2_017,2,-89.985853,21.152385,2008.0,0.7764543294906616,42
c2_018,2,-90.039477,21.152654,2008.0,0.8289480805397034,42
c2_019,2,-90.120049,21.121396,2008.0,0.8364473581314087,42
c2_020,2,-90.051334,21.10765266418457,2008.0,0.8605219125747681,42
c2_021,2,-90.070197,21.091215133666992,2008.0,0.8777368664741516,42
c2_022,2,-90.094988,21.123282,2008.0,0.8357088565826416,42
c2_023,2,-89.966182,21.124359130859375,2008.0,0.8082185387611389,42
c2_024,2,-90.085287,21.123552322387695,2008.0,0.8097507953643799,42
c2_025,2,-90.074239,21.092832,2008.0,0.8966782093048096,42
c2_026,2,-90.101455,21.144301,2008.0,0.7630298733711243,42
c2_027,2,-89.997979,21.154002,2008.0,0.8687231540679932,42
c2_028,2,-89.968607,21.116275787353516,2008.0,0.9160491228103638,42
c2_029,2,-89.975344,21.13729476928711,2008.0,0.8049851655960083,42
c2_030,2,-90.025195,21.116544723510742,2008.0,0.8130494356155396,42
c10_004,3,-90.028968,21.158313,2008.0,0.07027053087949753,42
c10_002,3,-90.03301239013672,21.158044,2008.0,0.11706563830375671,42
c10_003,3,-90.032741,21.159122467041016,2008.0,0.13460394740104675,42
c10_005,3,-90.030585,21.158044,2008.0,0.10002057254314423,42
c3_029,3,-90.08555603027344,21.149690628051758,2008.0,0.1523066759109497,42
c10_001,3,-89.95405578613281,21.163972,2008.0,0.5457221865653992,42
c3_009,3,-89.986931,21.149959564208984,2008.0,0.8799144625663757,42
c3_028,3,-89.982619,21.180679,2008.0,0.33491674065589905,42
c3_005,3,-90.031124,21.124629,2008.0,0.8580396175384521,42
c3_002,3,-89.995823,21.13837242126465,2008.0,0.8320654034614563,42
c3_008,3,-89.951091,21.200081,2008.0,0.11065094918012619,42
c3_013,3,-89.951361,21.199003219604492,2008.0,0.0679858848452568,42
c3_016,3,-89.949205,21.20115852355957,2008.0,0.06225826218724251,42
c3_021,3,-89.950013,21.19927215576172,2008.0,0.2074657380580902,42
c3_018,3,-90.1038818359375,21.086095,2008.0,0.915775716304779,42
c3_003,3,-89.995284,21.139720916748047,2008.0,0.8169516921043396,42
c3_007,3,-89.964834,21.14322280883789,2008.0,0.7873486876487732,42
c3_011,3,-90.008758,21.113311767578125,2008.0,0.8354199528694153,42
c3_017,3,-89.980733,21.145648,2008.0,0.756867527961731,42
c3_027,3,-90.016572,21.116006,2008.0,0.8180806636810303,42
c3_010,3,-89.973188,21.186607360839844,2008.0,0.8559730052947998,42
c3_024,3,-90.088521,21.146726,2008.0,0.8997454047203064,42
c3_025,3,-89.943007,21.170978,2008.0,0.7210566997528076,42
c3_019,3,-89.958906,21.12489891052246,2008.0,0.8984753489494324,42
c3_023,3,-90.00040435791016,21.138642,2008.0,0.6713391542434692,42
c3_012,3,-90.000135,21.130826950073242,2008.0,0.8484388589859009,42
c3_020,3,-89.986392,21.159391403198242,2008.0,0.7315698862075806,42
c3_026,3,-90.014417,21.114659,2008.0,0.8276403546333313,42
c3_014,3,-89.945702,21.20331382751465,2008.0,0.8422424793243408,42
c3_030,3,-90.104958,21.09660530090332,2008.0,0.7832373380661011,42
c3_001,3,-90.072083,21.088790893554688,2008.0,0.9396364092826843,42
c3_004,3,-90.046214,21.096874237060547,2008.0,0.8202897906303406,42
c3_006,3,-89.973188,21.15966033935547,2008.0,0.900105357170105,42
c3_015,3,-90.011722,21.112503051757812,2008.0,0.832869291305542,42
c3_022,3,-90.041364,21.099029541015625,2008.0,0.8559268116950989,42
c4_001,4,-89.957828,21.178254,2008.0,0.17359820008277893,42
c4_002,4,-89.963217,21.190109252929688,2008.0,0.7509782314300537,42
c4_003,4,-89.950822,21.1922664642334,2008.0,0.25364160537719727,42
c4_004,4,-89.992859,21.172864,2008.0,0.20262578129768372,42
c4_005,4,-89.940313,21.199811,2008.0,0.24964775145053864,42
c4_006,4,-89.939774,21.204662322998047,2008.0,0.3902028799057007,42
c4_007,4,-90.070736,21.130288,2008.0,0.7966235876083374,42
c4_008,4,-89.998518,21.119239807128906,2008.0,0.8076636791229248,42
c4_009,4,-90.035705,21.144301,2008.0,0.5686443448066711,42
c4_010,4,-90.029776,21.160737991333008,2008.0,0.14245571196079254,42
c4_011,4,-90.036244,21.152114868164062,2008.0,0.774348795413971,42
c4_012,4,-90.106306,21.113851,2008.0,0.7072721719741821,42
c4_013,4,-89.943007,21.202506,2008.0,0.5066988468170166,42
c4_014,4,-89.956481,21.189302444458008,2008.0,0.7650125622749329,42
c4_015,4,-90.1038818359375,21.116006,2008.0,0.6461570858955383,42
c4_016,4,-89.943277,21.199542,2008.0,0.11565970629453659,42
c4_017,4,-90.07369995117188,21.133522033691406,2008.0,0.6927598118782043,42
c4_018,4,-89.996632,21.15022850036621,2008.0,0.7469014525413513,42
c4_019,4,-90.022501,21.156966,2008.0,0.1697555035352707,42
c4_020,4,-89.981811,21.164511,2008.0,0.7192866802215576,42
c4_021,4,-90.001482,21.169092178344727,2008.0,0.25230252742767334,42
c4_022,4,-89.99259185791016,21.120318,2008.0,0.8170909881591797,42
c4_023,4,-89.955133,21.188493728637695,2008.0,0.7529929876327515,42
c4_024,4,-89.966182,21.181218,2008.0,0.4880962073802948,42
c4_025,4,-89.952439,21.1922664642334,2008.0,0.60894376039505,42
c4_026,4,-90.034357,21.160199,2008.0,0.18407848477363586,42
c4_027,4,-89.966451,21.182565,2008.0,0.1599406599998474,42
c4_028,4,-89.958636,21.177175521850586,2008.0,0.4557284116744995,42
c4_029,4,-90.074778,21.130826950073242,2008.0,0.742786705493927,42
c4_030,4,-89.976421,21.170978,2008.0,0.48251503705978394,42
c5_001,5,-90.044328,21.155349,2008.0,0.629248321056366,42
c5_005,5,-90.011722,21.165858,2008.0,0.4225330352783203,42
c5_020,5,-90.002829,21.15642738342285,2008.0,0.6034924983978271,42
c5_022,5,-90.004985,21.156696319580078,2008.0,0.7431401610374451,42
c5_002,5,-90.066424,21.152114868164062,2008.0,0.6264730095863342,42
c5_004,5,-90.039477,21.155618,2008.0,0.12349008768796921,42
c5_006,5,-90.006063,21.155078887939453,2008.0,0.5057030916213989,42
c5_009,5,-90.039477,21.156966,2008.0,0.5261692404747009,42
c5_010,5,-90.032202,21.159391403198242,2008.0,0.15808269381523132,42
c5_012,5,-89.996093,21.155349,2008.0,0.5228509902954102,42
c5_014,5,-90.042711,21.155618,2008.0,0.1718590408563614,42
c5_015,5,-90.061304,21.156156539916992,2008.0,0.5118677616119385,42
c5_016,5,-90.036783,21.156966,2008.0,0.18532244861125946,42
c5_018,5,-90.02816009521484,21.156696319580078,2008.0,0.612689197063446,42
c5_019,5,-90.037321,21.158313,2008.0,0.6931657791137695,42
c5_021,5,-90.062921,21.154541015625,2008.0,0.6048290133476257,42
c5_023,5,-90.031932,21.158044,2008.0,0.13123555481433868,42
c5_025,5,-90.074778,21.151845932006836,2008.0,0.8055626153945923,42
c5_027,5,-90.037052,21.159929275512695,2008.0,0.285775363445282,42
c5_028,5,-90.03813171386719,21.155349,2008.0,0.21193772554397583,42
c5_029,5,-90.035166,21.156156539916992,2008.0,0.3084290325641632,42
c5_030,5,-90.030585,21.15750503540039,2008.0,0.35970181226730347,42
c5_011,5,-90.064538,21.154541015625,2008.0,0.6230629682540894,42
c5_013,5,-89.998248,21.172326,2008.0,0.2132585644721985,42
c5_024,5,-89.988009,21.162355422973633,2008.0,0.7936550974845886,42
c5_008,5,-90.057262,21.155349,2008.0,0.5536001920700073,42
c5_017,5,-90.036513,21.154271,2008.0,0.6259265542030334,42
c5_026,5,-89.996632,21.160737991333008,2008.0,0.835145115852356,42
c5_003,5,-89.978038,21.180139541625977,2008.0,0.46491771936416626,42
c5_007,5,-90.08124542236328,21.149421,2008.0,0.5130055546760559,42
c1_001,1,-90.092293,21.134868621826172,2009.0,0.8860591650009155,47
c1_002,1,-90.057262,21.116815,2009.0,0.6882399916648865,47
c1_003,1,-90.097413,21.129209518432617,2009.0,0.6734426021575928,47
c1_004,1,-90.051873,21.142684,2009.0,0.7750584483146667,47
c1_005,1,-90.116815,21.0882511138916,2009.0,0.7691950798034668,47
c1_006,1,-90.066694,21.0987606048584,2009.0,0.7749580144882202,47
c1_007,1,-89.974805,21.120318,2009.0,0.7770431637763977,47
c1_008,1,-89.979925,21.132444381713867,2009.0,0.800264298915863,47
c1_009,1,-89.988278,21.157773971557617,2009.0,0.679482638835907,47
c1_010,1,-90.062921,21.101186,2009.0,0.7368230819702148,47
c1_011,1,-90.004177,21.130558013916016,2009.0,0.8018864393234253,47
c1_012,1,-90.070197,21.140798,2009.0,0.796488881111145,47
c1_013,1,-89.989086,21.127055,2009.0,0.7195969820022583,47
c1_014,1,-90.05834197998047,21.147265,2009.0,0.844103217124939,47
c1_015,1,-90.073969,21.147265,2009.0,0.7911216020584106,47
c1_016,1,-89.955672,21.141876220703125,2009.0,0.8765068650245667,47
c1_017,1,-89.95162963867188,21.132444381713867,2009.0,0.7835584878921509,47
c1_018,1,-90.08124542236328,21.135408401489258,2009.0,0.6646184325218201,47
c1_019,1,-90.112234,21.128671646118164,2009.0,0.7806167006492615,47
c1_020,1,-89.977499,21.129480361938477,2009.0,0.6931153535842896,47
c1_021,1,-90.07855224609375,21.141337,2009.0,0.8604500889778137,47
c1_022,1,-90.075317,21.103341,2009.0,0.8645097613334656,47
c1_023,1,-90.067502,21.106845,2009.0,0.8165054321289062,47
c1_024,1,-89.947319,21.188493728637695,2009.0,0.6850318312644958,47
c1_025,1,-90.09876251220703,21.119779,2009.0,0.7726110816001892,47
c1_026,1,-89.945702,21.14322280883789,2009.0,0.6700167059898376,47
c1_027,1,-90.054837,21.112503051757812,2009.0,0.8161807060241699,47
c1_028,1,-90.010105,21.151576,2009.0,0.7594170570373535,47
c1_029,1,-90.113042,21.085018157958984,2009.0,0.8317415118217468,47
c1_030,1,-90.110348,21.111964,2009.0,0.7421325445175171,47
c2_001,2,-89.941929,21.138911,2009.0,0.8319035172462463,47
c2_002,2,-90.100647,21.146995,2009.0,0.3256499469280243,47
c2_003,2,-90.111964,21.138642,2009.0,0.7785951495170593,47
c2_004,2,-90.118971,21.110347747802734,2009.0,0.7495456337928772,47
c2_005,2,-90.117084,21.092023849487305,2009.0,0.8562710285186768,47
c2_006,2,-90.070466,21.094718,2009.0,0.8469693660736084,47
c2_007,2,-89.99231719970703,21.149690628051758,2009.0,0.6518145799636841,47
c2_008,2,-90.042172,21.114389419555664,2009.0,0.6501836776733398,47
c2_009,2,-90.117893,21.135947,2009.0,0.6967901587486267,47
c2_010,2,-90.006871,21.131097,2009.0,0.7688968777656555,47
c2_011,2,-89.946241,21.164511,2009.0,0.8029797077178955,47
c2_012,2,-90.101725,21.08043670654297,2009.0,0.8115149140357971,47
c2_013,2,-90.00768280029297,21.128133,2009.0,0.7908037304878235,47
c2_014,2,-90.097413,21.149959564208984,2009.0,0.8948333263397217,47
c2_015,2,-90.052412,21.098222,2009.0,0.8069472312927246,47
c2_016,2,-89.955672,21.166936,2009.0,0.8114362359046936,47
c2_017,2,-89.985853,21.152385,2009.0,0.7330535054206848,47
c2_018,2,-90.039477,21.152654,2009.0,0.8353614807128906,47
c2_019,2,-90.120049,21.121396,2009.0,0.8485557436943054,47
c2_020,2,-90.051334,21.10765266418457,2009.0,0.8620529174804688,47
c2_021,2,-90.070197,21.091215133666992,2009.0,0.8439218997955322,47
c2_022,2,-90.094988,21.123282,2009.0,0.8489049673080444,47
c2_023,2,-89.966182,21.124359130859375,2009.0,0.832068920135498,47
c2_024,2,-90.085287,21.123552322387695,2009.0,0.7717266082763672,47
c2_025,2,-90.074239,21.092832,2009.0,0.8623858690261841,47
c2_026,2,-90.101455,21.144301,2009.0,0.7345727682113647,47
c2_027,2,-89.997979,21.154002,2009.0,0.8467151522636414,47
c2_028,2,-89.968607,21.116275787353516,2009.0,0.8467918038368225,47
c2_029,2,-89.975344,21.13729476928711,2009.0,0.8064025640487671,47
c2_030,2,-90.025195,21.116544723510742,2009.0,0.7990186214447021,47
c10_004,3,-90.028968,21.158313,2009.0,0.12613695859909058,47
c10_002,3,-90.03301239013672,21.158044,2009.0,0.09182708710432053,47
c10_003,3,-90.032741,21.159122467041016,2009.0,0.09637220948934555,47
c10_005,3,-90.030585,21.158044,2009.0,0.12237470597028732,47
c3_029,3,-90.08555603027344,21.149690628051758,2009.0,0.15080951154232025,47
c10_001,3,-89.95405578613281,21.163972,2009.0,0.4786682724952698,47
c3_009,3,-89.986931,21.149959564208984,2009.0,0.8934390544891357,47
c3_028,3,-89.982619,21.180679,2009.0,0.4119894802570343,47
c3_005,3,-90.031124,21.124629,2009.0,0.8488095998764038,47
c3_002,3,-89.995823,21.13837242126465,2009.0,0.8304392695426941,47
c3_008,3,-89.951091,21.200081,2009.0,0.21058127284049988,47
c3_013,3,-89.951361,21.199003219604492,2009.0,0.12544338405132294,47
c3_016,3,-89.949205,21.20115852355957,2009.0,0.0702982246875763,47
c3_021,3,-89.950013,21.19927215576172,2009.0,0.25789201259613037,47
c3_018,3,-90.1038818359375,21.086095,2009.0,0.8493919968605042,47
c3_003,3,-89.995284,21.139720916748047,2009.0,0.7942456603050232,47
c3_007,3,-89.964834,21.14322280883789,2009.0,0.7963079214096069,47
c3_011,3,-90.008758,21.113311767578125,2009.0,0.8035003542900085,47
c3_017,3,-89.980733,21.145648,2009.0,0.7784982919692993,47
c3_027,3,-90.016572,21.116006,2009.0,0.7008100152015686,47
c3_010,3,-89.973188,21.186607360839844,2009.0,0.8339656591415405,47
c3_024,3,-90.088521,21.146726,2009.0,0.3914255201816559,47
c3_025,3,-89.943007,21.170978,2009.0,0.7484133243560791,47
c3_019,3,-89.958906,21.12489891052246,2009.0,0.9057821035385132,47
c3_023,3,-90.00040435791016,21.138642,2009.0,0.6901919841766357,47
c3_012,3,-90.000135,21.130826950073242,2009.0,0.8330696821212769,47
c3_020,3,-89.986392,21.159391403198242,2009.0,0.727900505065918,47
c3_026,3,-90.014417,21.114659,2009.0,0.8328713178634644,47
c3_014,3,-89.945702,21.20331382751465,2009.0,0.8201475143432617,47
c3_030,3,-90.104958,21.09660530090332,2009.0,0.6690660119056702,47
c3_001,3,-90.072083,21.088790893554688,2009.0,0.8842529654502869,47
c3_004,3,-90.046214,21.096874237060547,2009.0,0.828679084777832,47
c3_006,3,-89.973188,21.15966033935547,2009.0,0.8626972436904907,47
c3_015,3,-90.011722,21.112503051757812,2009.0,0.811197817325592,47
c3_022,3,-90.041364,21.099029541015625,2009.0,0.7545719146728516,47
c4_001,4,-89.957828,21.178254,2009.0,0.17820382118225098,47
c4_002,4,-89.963217,21.190109252929688,2009.0,0.7238523960113525,47
c4_003,4,-89.950822,21.1922664642334,2009.0,0.30514103174209595,47
c4_004,4,-89.992859,21.172864,2009.0,0.32176673412323,47
c4_005,4,-89.940313,21.199811,2009.0,0.3770531713962555,47
c4_006,4,-89.939774,21.204662322998047,2009.0,0.37939563393592834,47
c4_007,4,-90.070736,21.130288,2009.0,0.7696261405944824,47
c4_008,4,-89.998518,21.119239807128906,2009.0,0.7377344965934753,47
c4_009,4,-90.035705,21.144301,2009.0,0.5929217338562012,47
c4_010,4,-90.029776,21.160737991333008,2009.0,0.21513870358467102,47
c4_011,4,-90.036244,21.152114868164062,2009.0,0.7758739590644836,47
c4_012,4,-90.106306,21.113851,2009.0,0.754675030708313,47
c4_013,4,-89.943007,21.202506,2009.0,0.4107883870601654,47
c4_014,4,-89.956481,21.189302444458008,2009.0,0.6970499753952026,47
c4_015,4,-90.1038818359375,21.116006,2009.0,0.6824849247932434,47
c4_016,4,-89.943277,21.199542,2009.0,0.13027094304561615,47
c4_017,4,-90.07369995117188,21.133522033691406,2009.0,0.9193331003189087,47
c4_018,4,-89.996632,21.15022850036621,2009.0,0.7373802065849304,47
c4_019,4,-90.022501,21.156966,2009.0,0.16670538485050201,47
c4_020,4,-89.981811,21.164511,2009.0,0.5279991626739502,47
c4_021,4,-90.001482,21.169092178344727,2009.0,0.3317030966281891,47
c4_022,4,-89.99259185791016,21.120318,2009.0,0.800038754940033,47
c4_023,4,-89.955133,21.188493728637695,2009.0,0.8418141603469849,47
c4_024,4,-89.966182,21.181218,2009.0,0.5395966172218323,47
c4_025,4,-89.952439,21.1922664642334,2009.0,0.43528926372528076,47
c4_026,4,-90.034357,21.160199,2009.0,0.26476582884788513,47
c4_027,4,-89.966451,21.182565,2009.0,0.4020136892795563,47
c4_028,4,-89.958636,21.177175521850586,2009.0,0.2114066332578659,47
c4_029,4,-90.074778,21.130826950073242,2009.0,0.8027458190917969,47
c4_030,4,-89.976421,21.170978,2009.0,0.3124511241912842,47
c5_001,5,-90.044328,21.155349,2009.0,0.8351569175720215,47
c5_005,5,-90.011722,21.165858,2009.0,0.5421595573425293,47
c5_020,5,-90.002829,21.15642738342285,2009.0,0.6900034546852112,47
c5_022,5,-90.004985,21.156696319580078,2009.0,0.8289048671722412,47
c5_002,5,-90.066424,21.152114868164062,2009.0,0.37466689944267273,47
c5_004,5,-90.039477,21.155618,2009.0,0.1193520650267601,47
c5_006,5,-90.006063,21.155078887939453,2009.0,0.5404083132743835,47
c5_009,5,-90.039477,21.156966,2009.0,0.5985382795333862,47
c5_010,5,-90.032202,21.159391403198242,2009.0,0.10592732578516006,47
c5_012,5,-89.996093,21.155349,2009.0,0.5803720951080322,47
c5_014,5,-90.042711,21.155618,2009.0,0.10454197973012924,47
c5_015,5,-90.061304,21.156156539916992,2009.0,0.4048856794834137,47
c5_016,5,-90.036783,21.156966,2009.0,0.11369010806083679,47
c5_018,5,-90.02816009521484,21.156696319580078,2009.0,0.6687104105949402,47
c5_019,5,-90.037321,21.158313,2009.0,0.6628134250640869,47
c5_021,5,-90.062921,21.154541015625,2009.0,0.3647780120372772,47
c5_023,5,-90.031932,21.158044,2009.0,0.14130479097366333,47
c5_025,5,-90.074778,21.151845932006836,2009.0,0.4770815372467041,47
c5_027,5,-90.037052,21.159929275512695,2009.0,0.28398585319519043,47
c5_028,5,-90.03813171386719,21.155349,2009.0,0.14949645102024078,47
c5_029,5,-90.035166,21.156156539916992,2009.0,0.2345913052558899,47
c5_030,5,-90.030585,21.15750503540039,2009.0,0.3058638274669647,47
c5_011,5,-90.064538,21.154541015625,2009.0,0.49800434708595276,47
c5_013,5,-89.998248,21.172326,2009.0,0.21675105392932892,47
c5_024,5,-89.988009,21.162355422973633,2009.0,0.8022971153259277,47
c5_008,5,-90.057262,21.155349,2009.0,0.4059547185897827,47
c5_017,5,-90.036513,21.154271,2009.0,0.7307260632514954,47
c5_026,5,-89.996632,21.160737991333008,2009.0,0.8532208204269409,47
c5_003,5,-89.978038,21.180139541625977,2009.0,0.49711501598358154,47
c5_007,5,-90.08124542236328,21.149421,2009.0,0.4615015983581543,47
c1_001,1,-90.092293,21.134868621826172,2010.0,0.8923749923706055,42
c1_002,1,-90.057262,21.116815,2010.0,0.7202281355857849,42
c1_003,1,-90.097413,21.129209518432617,2010.0,0.8391627669334412,42
c1_004,1,-90.051873,21.142684,2010.0,0.7867382764816284,42
c1_005,1,-90.116815,21.0882511138916,2010.0,0.8150846362113953,42
c1_006,1,-90.066694,21.0987606048584,2010.0,0.7944947481155396,42
c1_007,1,-89.974805,21.120318,2010.0,0.8754560351371765,42
c1_008,1,-89.979925,21.132444381713867,2010.0,0.7819312214851379,42
c1_009,1,-89.988278,21.157773971557617,2010.0,0.7323849201202393,42
c1_010,1,-90.062921,21.101186,2010.0,0.7211389541625977,42
c1_011,1,-90.004177,21.130558013916016,2010.0,0.8377570509910583,42
c1_012,1,-90.070197,21.140798,2010.0,0.8665354251861572,42
c1_013,1,-89.989086,21.127055,2010.0,0.759319543838501,42
c1_014,1,-90.05834197998047,21.147265,2010.0,0.8880785703659058,42
c1_015,1,-90.073969,21.147265,2010.0,0.8494895696640015,42
c1_016,1,-89.955672,21.141876220703125,2010.0,0.9703284502029419,42
c1_017,1,-89.95162963867188,21.132444381713867,2010.0,0.8233635425567627,42
c1_018,1,-90.08124542236328,21.135408401489258,2010.0,0.8732920289039612,42
c1_019,1,-90.112234,21.128671646118164,2010.0,0.8304241299629211,42
c1_020,1,-89.977499,21.129480361938477,2010.0,0.7782496809959412,42
c1_021,1,-90.07855224609375,21.141337,2010.0,0.8669381737709045,42
c1_022,1,-90.075317,21.103341,2010.0,0.8821978569030762,42
c1_023,1,-90.067502,21.106845,2010.0,0.9621912837028503,42
c1_024,1,-89.947319,21.188493728637695,2010.0,0.7616665959358215,42
c1_025,1,-90.09876251220703,21.119779,2010.0,0.8028937578201294,42
c1_026,1,-89.945702,21.14322280883789,2010.0,0.806511402130127,42
c1_027,1,-90.054837,21.112503051757812,2010.0,0.8463703393936157,42
c1_028,1,-90.010105,21.151576,2010.0,0.8302868604660034,42
c1_029,1,-90.113042,21.085018157958984,2010.0,0.8615698218345642,42
c1_030,1,-90.110348,21.111964,2010.0,0.7439846396446228,42
c2_001,2,-89.941929,21.138911,2010.0,0.8612356185913086,42
c2_002,2,-90.100647,21.146995,2010.0,0.7913565635681152,42
c2_003,2,-90.111964,21.138642,2010.0,0.7805439233779907,42
c2_004,2,-90.118971,21.110347747802734,2010.0,0.7241654396057129,42
c2_005,2,-90.117084,21.092023849487305,2010.0,0.8638310432434082,42
c2_006,2,-90.070466,21.094718,2010.0,0.9724188446998596,42
c2_007,2,-89.99231719970703,21.149690628051758,2010.0,0.6953964233398438,42
c2_008,2,-90.042172,21.114389419555664,2010.0,0.7044721841812134,42
c2_009,2,-90.117893,21.135947,2010.0,0.7903352379798889,42
c2_010,2,-90.006871,21.131097,2010.0,0.8285235166549683,42
c2_011,2,-89.946241,21.164511,2010.0,0.8220902681350708,42
c2_012,2,-90.101725,21.08043670654297,2010.0,0.8618423938751221,42
c2_013,2,-90.00768280029297,21.128133,2010.0,0.8007012605667114,42
c2_014,2,-90.097413,21.149959564208984,2010.0,0.9105939269065857,42
c2_015,2,-90.052412,21.098222,2010.0,0.8577917814254761,42
c2_016,2,-89.955672,21.166936,2010.0,0.8136403560638428,42
c2_017,2,-89.985853,21.152385,2010.0,0.7489809989929199,42
c2_018,2,-90.039477,21.152654,2010.0,0.839839518070221,42
c2_019,2,-90.120049,21.121396,2010.0,0.8388321399688721,42
c2_020,2,-90.051334,21.10765266418457,2010.0,0.8748899102210999,42
c2_021,2,-90.070197,21.091215133666992,2010.0,0.872617781162262,42
c2_022,2,-90.094988,21.123282,2010.0,0.8668115139007568,42
c2_023,2,-89.966182,21.124359130859375,2010.0,0.7724700570106506,42
c2_024,2,-90.085287,21.123552322387695,2010.0,0.837925136089325,42
c2_025,2,-90.074239,21.092832,2010.0,0.8596963286399841,42
c2_026,2,-90.101455,21.144301,2010.0,0.8539645671844482,42
c2_027,2,-89.997979,21.154002,2010.0,0.8763607740402222,42
c2_028,2,-89.968607,21.116275787353516,2010.0,0.8921853303909302,42
c2_029,2,-89.975344,21.13729476928711,2010.0,0.8411990404129028,42
c2_030,2,-90.025195,21.116544723510742,2010.0,0.8364139199256897,42
c10_004,3,-90.028968,21.158313,2010.0,0.5296300649642944,42
c10_002,3,-90.03301239013672,21.158044,2010.0,0.32770562171936035,42
c10_003,3,-90.032741,21.159122467041016,2010.0,0.33656081557273865,42
c10_005,3,-90.030585,21.158044,2010.0,0.22513504326343536,42
c3_029,3,-90.08555603027344,21.149690628051758,2010.0,0.5132702589035034,42
c10_001,3,-89.95405578613281,21.163972,2010.0,0.4668211340904236,42
c3_009,3,-89.986931,21.149959564208984,2010.0,0.8819793462753296,42
c3_028,3,-89.982619,21.180679,2010.0,0.5948825478553772,42
c3_005,3,-90.031124,21.124629,2010.0,0.9660576581954956,42
c3_002,3,-89.995823,21.13837242126465,2010.0,0.843176543712616,42
c3_008,3,-89.951091,21.200081,2010.0,0.18587762117385864,42
c3_013,3,-89.951361,21.199003219604492,2010.0,0.03284434601664543,42
c3_016,3,-89.949205,21.20115852355957,2010.0,0.29466477036476135,42
c3_021,3,-89.950013,21.19927215576172,2010.0,0.3456823527812958,42
c3_018,3,-90.1038818359375,21.086095,2010.0,0.8920318484306335,42
c3_003,3,-89.995284,21.139720916748047,2010.0,0.824613630771637,42
c3_007,3,-89.964834,21.14322280883789,2010.0,0.8201471567153931,42
c3_011,3,-90.008758,21.113311767578125,2010.0,0.8363508582115173,42
c3_017,3,-89.980733,21.145648,2010.0,0.7727177739143372,42
c3_027,3,-90.016572,21.116006,2010.0,0.8094713091850281,42
c3_010,3,-89.973188,21.186607360839844,2010.0,0.8811439275741577,42
c3_024,3,-90.088521,21.146726,2010.0,0.8319750428199768,42
c3_025,3,-89.943007,21.170978,2010.0,0.7855845093727112,42
c3_019,3,-89.958906,21.12489891052246,2010.0,0.9135174751281738,42
c3_023,3,-90.00040435791016,21.138642,2010.0,0.6751692295074463,42
c3_012,3,-90.000135,21.130826950073242,2010.0,0.8606350421905518,42
c3_020,3,-89.986392,21.159391403198242,2010.0,0.7174130082130432,42
c3_026,3,-90.014417,21.114659,2010.0,0.8461914658546448,42
c3_014,3,-89.945702,21.20331382751465,2010.0,0.9075372815132141,42
c3_030,3,-90.104958,21.09660530090332,2010.0,0.7170670628547668,42
c3_001,3,-90.072083,21.088790893554688,2010.0,0.8568750023841858,42
c3_004,3,-90.046214,21.096874237060547,2010.0,0.8368774056434631,42
c3_006,3,-89.973188,21.15966033935547,2010.0,0.8526155352592468,42
c3_015,3,-90.011722,21.112503051757812,2010.0,0.8531244993209839,42
c3_022,3,-90.041364,21.099029541015625,2010.0,0.8139430284500122,42
c4_001,4,-89.957828,21.178254,2010.0,0.40258967876434326,42
c4_002,4,-89.963217,21.190109252929688,2010.0,0.816131055355072,42
c4_003,4,-89.950822,21.1922664642334,2010.0,0.4151945412158966,42
c4_004,4,-89.992859,21.172864,2010.0,0.668205201625824,42
c4_005,4,-89.940313,21.199811,2010.0,0.5526057481765747,42
c4_006,4,-89.939774,21.204662322998047,2010.0,0.5996801853179932,42
c4_007,4,-90.070736,21.130288,2010.0,0.8065569400787354,42
c4_008,4,-89.998518,21.119239807128906,2010.0,0.7716803550720215,42
c4_009,4,-90.035705,21.144301,2010.0,0.5442165732383728,42
c4_010,4,-90.029776,21.160737991333008,2010.0,0.5281510353088379,42
c4_011,4,-90.036244,21.152114868164062,2010.0,0.7957724928855896,42
c4_012,4,-90.106306,21.113851,2010.0,0.7930828332901001,42
c4_013,4,-89.943007,21.202506,2010.0,0.6391315460205078,42
c4_014,4,-89.956481,21.189302444458008,2010.0,0.8369156718254089,42
c4_015,4,-90.1038818359375,21.116006,2010.0,0.6819981336593628,42
c4_016,4,-89.943277,21.199542,2010.0,0.047216929495334625,42
c4_017,4,-90.07369995117188,21.133522033691406,2010.0,0.7869935035705566,42
c4_018,4,-89.996632,21.15022850036621,2010.0,0.734210729598999,42
c4_019,4,-90.022501,21.156966,2010.0,0.42294082045555115,42
c4_020,4,-89.981811,21.164511,2010.0,0.7877363562583923,42
c4_021,4,-90.001482,21.169092178344727,2010.0,0.7030577063560486,42
c4_022,4,-89.99259185791016,21.120318,2010.0,0.834111750125885,42
c4_023,4,-89.955133,21.188493728637695,2010.0,0.8270633816719055,42
c4_024,4,-89.966182,21.181218,2010.0,0.6365557909011841,42
c4_025,4,-89.952439,21.1922664642334,2010.0,0.5873383283615112,42
c4_026,4,-90.034357,21.160199,2010.0,0.6622014045715332,42
c4_027,4,-89.966451,21.182565,2010.0,0.499929279088974,42
c4_028,4,-89.958636,21.177175521850586,2010.0,0.43775197863578796,42
c4_029,4,-90.074778,21.130826950073242,2010.0,0.8274417519569397,42
c4_030,4,-89.976421,21.170978,2010.0,0.5664315223693848,42
c5_001,5,-90.044328,21.155349,2010.0,0.7608862519264221,42
c5_005,5,-90.011722,21.165858,2010.0,0.759469211101532,42
c5_020,5,-90.002829,21.15642738342285,2010.0,0.7273954153060913,42
c5_022,5,-90.004985,21.156696319580078,2010.0,0.849682629108429,42
c5_002,5,-90.066424,21.152114868164062,2010.0,0.8221021890640259,42
c5_004,5,-90.039477,21.155618,2010.0,0.46820011734962463,42
c5_006,5,-90.006063,21.155078887939453,2010.0,0.6927534937858582,42
c5_009,5,-90.039477,21.156966,2010.0,0.7294684052467346,42
c5_010,5,-90.032202,21.159391403198242,2010.0,0.5092577338218689,42
c5_012,5,-89.996093,21.155349,2010.0,0.560652494430542,42
c5_014,5,-90.042711,21.155618,2010.0,0.4275479018688202,42
c5_015,5,-90.061304,21.156156539916992,2010.0,0.7002434730529785,42
c5_016,5,-90.036783,21.156966,2010.0,0.4751192629337311,42
c5_018,5,-90.02816009521484,21.156696319580078,2010.0,0.6656662225723267,42
c5_019,5,-90.037321,21.158313,2010.0,0.7624720335006714,42
c5_021,5,-90.062921,21.154541015625,2010.0,0.8357335925102234,42
c5_023,5,-90.031932,21.158044,2010.0,0.34358787536621094,42
c5_025,5,-90.074778,21.151845932006836,2010.0,0.6199883818626404,42
c5_027,5,-90.037052,21.159929275512695,2010.0,0.5615338087081909,42
c5_028,5,-90.03813171386719,21.155349,2010.0,0.4005928039550781,42
c5_029,5,-90.035166,21.156156539916992,2010.0,0.3664669692516327,42
c5_030,5,-90.030585,21.15750503540039,2010.0,0.45458468794822693,42
c5_011,5,-90.064538,21.154541015625,2010.0,0.8186119198799133,42
c5_013,5,-89.998248,21.172326,2010.0,0.2477082908153534,42
c5_024,5,-89.988009,21.162355422973633,2010.0,0.8470561504364014,42
c5_008,5,-90.057262,21.155349,2010.0,0.6586048603057861,42
c5_017,5,-90.036513,21.154271,2010.0,0.7910354137420654,42
c5_026,5,-89.996632,21.160737991333008,2010.0,0.8868341445922852,42
c5_003,5,-89.978038,21.180139541625977,2010.0,0.6435027718544006,42
c5_007,5,-90.08124542236328,21.149421,2010.0,0.7285550236701965,42
c1_001,1,-90.092293,21.134868621826172,2011.0,0.982541024684906,50
c1_002,1,-90.057262,21.116815,2011.0,0.7851446866989136,50
c1_003,1,-90.097413,21.129209518432617,2011.0,0.8432225584983826,50
c1_004,1,-90.051873,21.142684,2011.0,0.8526807427406311,50
c1_005,1,-90.116815,21.0882511138916,2011.0,0.8087769746780396,50
c1_006,1,-90.066694,21.0987606048584,2011.0,0.7791882157325745,50
c1_007,1,-89.974805,21.120318,2011.0,0.8126877546310425,50
c1_008,1,-89.979925,21.132444381713867,2011.0,0.790625274181366,50
c1_009,1,-89.988278,21.157773971557617,2011.0,0.7071113586425781,50
c1_010,1,-90.062921,21.101186,2011.0,0.7284295558929443,50
c1_011,1,-90.004177,21.130558013916016,2011.0,0.8211585283279419,50
c1_012,1,-90.070197,21.140798,2011.0,0.9504684805870056,50
c1_013,1,-89.989086,21.127055,2011.0,0.7311426401138306,50
c1_014,1,-90.05834197998047,21.147265,2011.0,0.9092037677764893,50
c1_015,1,-90.073969,21.147265,2011.0,0.9330141544342041,50
c1_016,1,-89.955672,21.141876220703125,2011.0,0.9950892925262451,50
c1_017,1,-89.95162963867188,21.132444381713867,2011.0,0.8240099549293518,50
c1_018,1,-90.08124542236328,21.135408401489258,2011.0,0.8323061466217041,50
c1_019,1,-90.112234,21.128671646118164,2011.0,0.9285699129104614,50
c1_020,1,-89.977499,21.129480361938477,2011.0,0.6948896646499634,50
c1_021,1,-90.07855224609375,21.141337,2011.0,0.9698289632797241,50
c1_022,1,-90.075317,21.103341,2011.0,0.8807353973388672,50
c1_023,1,-90.067502,21.106845,2011.0,0.8630874156951904,50
c1_024,1,-89.947319,21.188493728637695,2011.0,0.7052794694900513,50
c1_025,1,-90.09876251220703,21.119779,2011.0,0.75682133436203,50
c1_026,1,-89.945702,21.14322280883789,2011.0,0.7473486065864563,50
c1_027,1,-90.054837,21.112503051757812,2011.0,0.8477009534835815,50
c1_028,1,-90.010105,21.151576,2011.0,0.8165335655212402,50
c1_029,1,-90.113042,21.085018157958984,2011.0,0.859796941280365,50
c1_030,1,-90.110348,21.111964,2011.0,0.7446829080581665,50
c2_001,2,-89.941929,21.138911,2011.0,0.8714296221733093,50
c2_002,2,-90.100647,21.146995,2011.0,0.7303086519241333,50
c2_003,2,-90.111964,21.138642,2011.0,0.8185768723487854,50
c2_004,2,-90.118971,21.110347747802734,2011.0,0.7507702708244324,50
c2_005,2,-90.117084,21.092023849487305,2011.0,0.880509614944458,50
c2_006,2,-90.070466,21.094718,2011.0,0.873468279838562,50
c2_007,2,-89.99231719970703,21.149690628051758,2011.0,0.7039952278137207,50
c2_008,2,-90.042172,21.114389419555664,2011.0,0.6956000924110413,50
c2_009,2,-90.117893,21.135947,2011.0,0.8766179084777832,50
c2_010,2,-90.006871,21.131097,2011.0,0.7902100682258606,50
c2_011,2,-89.946241,21.164511,2011.0,0.8772912621498108,50
c2_012,2,-90.101725,21.08043670654297,2011.0,0.8482652306556702,50
c2_013,2,-90.00768280029297,21.128133,2011.0,0.800743818283081,50
c2_014,2,-90.097413,21.149959564208984,2011.0,0.9564394950866699,50
c2_015,2,-90.052412,21.098222,2011.0,0.9527559280395508,50
c2_016,2,-89.955672,21.166936,2011.0,0.9161654710769653,50
c2_017,2,-89.985853,21.152385,2011.0,0.7888297438621521,50
c2_018,2,-90.039477,21.152654,2011.0,0.8713687062263489,50
c2_019,2,-90.120049,21.121396,2011.0,0.9022924900054932,50
c2_020,2,-90.051334,21.10765266418457,2011.0,0.862315833568573,50
c2_021,2,-90.070197,21.091215133666992,2011.0,0.8654851913452148,50
c2_022,2,-90.094988,21.123282,2011.0,0.9036528468132019,50
c2_023,2,-89.966182,21.124359130859375,2011.0,0.8220205903053284,50
c2_024,2,-90.085287,21.123552322387695,2011.0,0.8653432130813599,50
c2_025,2,-90.074239,21.092832,2011.0,0.9459720849990845,50
c2_026,2,-90.101455,21.144301,2011.0,0.9187971949577332,50
c2_027,2,-89.997979,21.154002,2011.0,0.8716927766799927,50
c2_028,2,-89.968607,21.116275787353516,2011.0,0.9535617828369141,50
c2_029,2,-89.975344,21.13729476928711,2011.0,0.7715024948120117,50
c2_030,2,-90.025195,21.116544723510742,2011.0,0.838631808757782,50
c10_004,3,-90.028968,21.158313,2011.0,0.4149015545845032,50
c10_002,3,-90.03301239013672,21.158044,2011.0,0.33188575506210327,50
c10_003,3,-90.032741,21.159122467041016,2011.0,0.3683704137802124,50
c10_005,3,-90.030585,21.158044,2011.0,0.32783547043800354,50
c3_029,3,-90.08555603027344,21.149690628051758,2011.0,0.5968776345252991,50
c10_001,3,-89.95405578613281,21.163972,2011.0,0.4819486141204834,50
c3_009,3,-89.986931,21.149959564208984,2011.0,0.9009411334991455,50
c3_028,3,-89.982619,21.180679,2011.0,0.6493763327598572,50
c3_005,3,-90.031124,21.124629,2011.0,0.8818535804748535,50
c3_002,3,-89.995823,21.13837242126465,2011.0,0.8721265196800232,50
c3_008,3,-89.951091,21.200081,2011.0,0.3220449984073639,50
c3_013,3,-89.951361,21.199003219604492,2011.0,0.0716211274266243,50
c3_016,3,-89.949205,21.20115852355957,2011.0,0.1941409558057785,50
c3_021,3,-89.950013,21.19927215576172,2011.0,0.29632705450057983,50
c3_018,3,-90.1038818359375,21.086095,2011.0,0.906883716583252,50
c3_003,3,-89.995284,21.139720916748047,2011.0,0.8319723010063171,50
c3_007,3,-89.964834,21.14322280883789,2011.0,0.8668088316917419,50
c3_011,3,-90.008758,21.113311767578125,2011.0,0.8721867203712463,50
c3_017,3,-89.980733,21.145648,2011.0,0.7454850077629089,50
c3_027,3,-90.016572,21.116006,2011.0,0.8762129545211792,50
c3_010,3,-89.973188,21.186607360839844,2011.0,0.8889463543891907,50
c3_024,3,-90.088521,21.146726,2011.0,0.6311231851577759,50
c3_025,3,-89.943007,21.170978,2011.0,0.7800754904747009,50
c3_019,3,-89.958906,21.12489891052246,2011.0,0.9665061831474304,50
c3_023,3,-90.00040435791016,21.138642,2011.0,0.7743895053863525,50
c3_012,3,-90.000135,21.130826950073242,2011.0,0.841546356678009,50
c3_020,3,-89.986392,21.159391403198242,2011.0,0.7383279204368591,50
c3_026,3,-90.014417,21.114659,2011.0,0.9162935614585876,50
c3_014,3,-89.945702,21.20331382751465,2011.0,0.912884533405304,50
c3_030,3,-90.104958,21.09660530090332,2011.0,0.6433076858520508,50
c3_001,3,-90.072083,21.088790893554688,2011.0,0.8738812208175659,50
c3_004,3,-90.046214,21.096874237060547,2011.0,0.8245452642440796,50
c3_006,3,-89.973188,21.15966033935547,2011.0,0.9437850713729858,50
c3_015,3,-90.011722,21.112503051757812,2011.0,0.8601541519165039,50
c3_022,3,-90.041364,21.099029541015625,2011.0,0.7967286109924316,50
c4_001,4,-89.957828,21.178254,2011.0,0.25288671255111694,50
c4_002,4,-89.963217,21.190109252929688,2011.0,0.7574154138565063,50
c4_003,4,-89.950822,21.1922664642334,2011.0,0.4653424620628357,50
c4_004,4,-89.992859,21.172864,2011.0,0.5806790590286255,50
c4_005,4,-89.940313,21.199811,2011.0,0.5994293689727783,50
c4_006,4,-89.939774,21.204662322998047,2011.0,0.4987879693508148,50
c4_007,4,-90.070736,21.130288,2011.0,0.8535616993904114,50
c4_008,4,-89.998518,21.119239807128906,2011.0,0.8159567713737488,50
c4_009,4,-90.035705,21.144301,2011.0,0.5653831958770752,50
c4_010,4,-90.029776,21.160737991333008,2011.0,0.444214791059494,50
c4_011,4,-90.036244,21.152114868164062,2011.0,0.7948198914527893,50
c4_012,4,-90.106306,21.113851,2011.0,0.870603621006012,50
c4_013,4,-89.943007,21.202506,2011.0,0.7774032950401306,50
c4_014,4,-89.956481,21.189302444458008,2011.0,0.7524659633636475,50
c4_015,4,-90.1038818359375,21.116006,2011.0,0.7419706583023071,50
c4_016,4,-89.943277,21.199542,2011.0,0.20314958691596985,50
c4_017,4,-90.07369995117188,21.133522033691406,2011.0,0.7546641230583191,50
c4_018,4,-89.996632,21.15022850036621,2011.0,0.7084734439849854,50
c4_019,4,-90.022501,21.156966,2011.0,0.39704152941703796,50
c4_020,4,-89.981811,21.164511,2011.0,0.7823854088783264,50
c4_021,4,-90.001482,21.169092178344727,2011.0,0.36653468012809753,50
c4_022,4,-89.99259185791016,21.120318,2011.0,0.8281223773956299,50
c4_023,4,-89.955133,21.188493728637695,2011.0,0.8243786096572876,50
c4_024,4,-89.966182,21.181218,2011.0,0.6373770833015442,50
c4_025,4,-89.952439,21.1922664642334,2011.0,0.5472014546394348,50
c4_026,4,-90.034357,21.160199,2011.0,0.5750809907913208,50
c4_027,4,-89.966451,21.182565,2011.0,0.5004092454910278,50
c4_028,4,-89.958636,21.177175521850586,2011.0,0.2860344350337982,50
c4_029,4,-90.074778,21.130826950073242,2011.0,0.8310002684593201,50
c4_030,4,-89.976421,21.170978,2011.0,0.5125793814659119,50
c5_001,5,-90.044328,21.155349,2011.0,0.8806177973747253,50
c5_005,5,-90.011722,21.165858,2011.0,0.7981657385826111,50
c5_020,5,-90.002829,21.15642738342285,2011.0,0.7567910552024841,50
c5_022,5,-90.004985,21.156696319580078,2011.0,0.8200547099113464,50
c5_002,5,-90.066424,21.152114868164062,2011.0,0.7081620693206787,50
c5_004,5,-90.039477,21.155618,2011.0,0.4442470967769623,50
c5_006,5,-90.006063,21.155078887939453,2011.0,0.7244548797607422,50
c5_009,5,-90.039477,21.156966,2011.0,0.7102676033973694,50
c5_010,5,-90.032202,21.159391403198242,2011.0,0.5407794117927551,50
c5_012,5,-89.996093,21.155349,2011.0,0.5376906394958496,50
c5_014,5,-90.042711,21.155618,2011.0,0.397844523191452,50
c5_015,5,-90.061304,21.156156539916992,2011.0,0.7386416792869568,50
c5_016,5,-90.036783,21.156966,2011.0,0.35417088866233826,50
c5_018,5,-90.02816009521484,21.156696319580078,2011.0,0.7515276670455933,50
c5_019,5,-90.037321,21.158313,2011.0,0.8199970126152039,50
c5_021,5,-90.062921,21.154541015625,2011.0,0.6588248014450073,50
c5_023,5,-90.031932,21.158044,2011.0,0.37263214588165283,50
c5_025,5,-90.074778,21.151845932006836,2011.0,0.5803565979003906,50
c5_027,5,-90.037052,21.159929275512695,2011.0,0.5936322212219238,50
c5_028,5,-90.03813171386719,21.155349,2011.0,0.42812836170196533,50
c5_029,5,-90.035166,21.156156539916992,2011.0,0.41794484853744507,50
c5_030,5,-90.030585,21.15750503540039,2011.0,0.48567718267440796,50
c5_011,5,-90.064538,21.154541015625,2011.0,0.6195940375328064,50
c5_013,5,-89.998248,21.172326,2011.0,0.3034849464893341,50
c5_024,5,-89.988009,21.162355422973633,2011.0,0.8564053773880005,50
c5_008,5,-90.057262,21.155349,2011.0,0.7770538330078125,50
c5_017,5,-90.036513,21.154271,2011.0,0.8626163005828857,50
c5_026,5,-89.996632,21.160737991333008,2011.0,0.839208722114563,50
c5_003,5,-89.978038,21.180139541625977,2011.0,0.5761286020278931,50
c5_007,5,-90.08124542236328,21.149421,2011.0,0.7583040595054626,50
c1_001,1,-90.092293,21.134868621826172,2012.0,0.9024636149406433,49
c1_002,1,-90.057262,21.116815,2012.0,0.7267242670059204,49
c1_003,1,-90.097413,21.129209518432617,2012.0,0.8148884773254395,49
c1_004,1,-90.051873,21.142684,2012.0,0.7369338274002075,49
c1_005,1,-90.116815,21.0882511138916,2012.0,0.8117629885673523,49
c1_006,1,-90.066694,21.0987606048584,2012.0,0.8288671970367432,49
c1_007,1,-89.974805,21.120318,2012.0,0.861545979976654,49
c1_008,1,-89.979925,21.132444381713867,2012.0,0.7914479970932007,49
c1_009,1,-89.988278,21.157773971557617,2012.0,0.6640467047691345,49
c1_010,1,-90.062921,21.101186,2012.0,0.8107287883758545,49
c1_011,1,-90.004177,21.130558013916016,2012.0,0.789648711681366,49
c1_012,1,-90.070197,21.140798,2012.0,0.8689962029457092,49
c1_013,1,-89.989086,21.127055,2012.0,0.6929419040679932,49
c1_014,1,-90.05834197998047,21.147265,2012.0,0.8882849812507629,49
c1_015,1,-90.073969,21.147265,2012.0,0.8590667247772217,49
c1_016,1,-89.955672,21.141876220703125,2012.0,0.8759208917617798,49
c1_017,1,-89.95162963867188,21.132444381713867,2012.0,0.7841442227363586,49
c1_018,1,-90.08124542236328,21.135408401489258,2012.0,0.832777738571167,49
c1_019,1,-90.112234,21.128671646118164,2012.0,0.7943047881126404,49
c1_020,1,-89.977499,21.129480361938477,2012.0,0.6946136951446533,49
c1_021,1,-90.07855224609375,21.141337,2012.0,0.8646421432495117,49
c1_022,1,-90.075317,21.103341,2012.0,0.8569129109382629,49
c1_023,1,-90.067502,21.106845,2012.0,0.853023111820221,49
c1_024,1,-89.947319,21.188493728637695,2012.0,0.8174653053283691,49
c1_025,1,-90.09876251220703,21.119779,2012.0,0.7525838017463684,49
c1_026,1,-89.945702,21.14322280883789,2012.0,0.7840549945831299,49
c1_027,1,-90.054837,21.112503051757812,2012.0,0.8199293613433838,49
c1_028,1,-90.010105,21.151576,2012.0,0.8311160206794739,49
c1_029,1,-90.113042,21.085018157958984,2012.0,0.8483012914657593,49
c1_030,1,-90.110348,21.111964,2012.0,0.7369050979614258,49
c2_001,2,-89.941929,21.138911,2012.0,0.8823257684707642,49
c2_002,2,-90.100647,21.146995,2012.0,0.6578565239906311,49
c2_003,2,-90.111964,21.138642,2012.0,0.7765293121337891,49
c2_004,2,-90.118971,21.110347747802734,2012.0,0.7247810959815979,49
c2_005,2,-90.117084,21.092023849487305,2012.0,0.8886399865150452,49
c2_006,2,-90.070466,21.094718,2012.0,0.8656585216522217,49
c2_007,2,-89.99231719970703,21.149690628051758,2012.0,0.7020843029022217,49
c2_008,2,-90.042172,21.114389419555664,2012.0,0.6579201817512512,49
c2_009,2,-90.117893,21.135947,2012.0,0.767668604850769,49
c2_010,2,-90.006871,21.131097,2012.0,0.7751997709274292,49
c2_011,2,-89.946241,21.164511,2012.0,0.8415491580963135,49
c2_012,2,-90.101725,21.08043670654297,2012.0,0.8239635825157166,49
c2_013,2,-90.00768280029297,21.128133,2012.0,0.7833282351493835,49
c2_014,2,-90.097413,21.149959564208984,2012.0,0.8947480320930481,49
c2_015,2,-90.052412,21.098222,2012.0,0.845750629901886,49
c2_016,2,-89.955672,21.166936,2012.0,0.8112449049949646,49
c2_017,2,-89.985853,21.152385,2012.0,0.795336902141571,49
c2_018,2,-90.039477,21.152654,2012.0,0.8528687953948975,49
c2_019,2,-90.120049,21.121396,2012.0,0.8698800206184387,49
c2_020,2,-90.051334,21.10765266418457,2012.0,0.8673375844955444,49
c2_021,2,-90.070197,21.091215133666992,2012.0,0.8601796627044678,49
c2_022,2,-90.094988,21.123282,2012.0,0.8104438185691833,49
c2_023,2,-89.966182,21.124359130859375,2012.0,0.8015139102935791,49
c2_024,2,-90.085287,21.123552322387695,2012.0,0.8042579889297485,49
c2_025,2,-90.074239,21.092832,2012.0,0.8642029762268066,49
c2_026,2,-90.101455,21.144301,2012.0,0.7512000799179077,49
c2_027,2,-89.997979,21.154002,2012.0,0.8400958180427551,49
c2_028,2,-89.968607,21.116275787353516,2012.0,0.8701025247573853,49
c2_029,2,-89.975344,21.13729476928711,2012.0,0.774293065071106,49
c2_030,2,-90.025195,21.116544723510742,2012.0,0.816796600818634,49
c10_004,3,-90.028968,21.158313,2012.0,0.22257737815380096,49
c10_002,3,-90.03301239013672,21.158044,2012.0,0.2858864367008209,49
c10_003,3,-90.032741,21.159122467041016,2012.0,0.2083239108324051,49
c10_005,3,-90.030585,21.158044,2012.0,0.3181394934654236,49
c3_029,3,-90.08555603027344,21.149690628051758,2012.0,0.19403868913650513,49
c10_001,3,-89.95405578613281,21.163972,2012.0,0.4610527455806732,49
c3_009,3,-89.986931,21.149959564208984,2012.0,0.8803064227104187,49
c3_028,3,-89.982619,21.180679,2012.0,0.5942919254302979,49
c3_005,3,-90.031124,21.124629,2012.0,0.8384748101234436,49
c3_002,3,-89.995823,21.13837242126465,2012.0,0.8723239302635193,49
c3_008,3,-89.951091,21.200081,2012.0,0.2794284522533417,49
c3_013,3,-89.951361,21.199003219604492,2012.0,0.24975445866584778,49
c3_016,3,-89.949205,21.20115852355957,2012.0,0.21605435013771057,49
c3_021,3,-89.950013,21.19927215576172,2012.0,0.39771899580955505,49
c3_018,3,-90.1038818359375,21.086095,2012.0,0.9035866856575012,49
c3_003,3,-89.995284,21.139720916748047,2012.0,0.7740601897239685,49
c3_007,3,-89.964834,21.14322280883789,2012.0,0.7527597546577454,49
c3_011,3,-90.008758,21.113311767578125,2012.0,0.8027143478393555,49
c3_017,3,-89.980733,21.145648,2012.0,0.7139570713043213,49
c3_027,3,-90.016572,21.116006,2012.0,0.7921616435050964,49
c3_010,3,-89.973188,21.186607360839844,2012.0,0.8790351748466492,49
c3_024,3,-90.088521,21.146726,2012.0,0.6441411972045898,49
c3_025,3,-89.943007,21.170978,2012.0,0.7328284978866577,49
c3_019,3,-89.958906,21.12489891052246,2012.0,0.9043374061584473,49
c3_023,3,-90.00040435791016,21.138642,2012.0,0.647888720035553,49
c3_012,3,-90.000135,21.130826950073242,2012.0,0.823469877243042,49
c3_020,3,-89.986392,21.159391403198242,2012.0,0.6845139861106873,49
c3_026,3,-90.014417,21.114659,2012.0,0.8180660009384155,49
c3_014,3,-89.945702,21.20331382751465,2012.0,0.8480607271194458,49
c3_030,3,-90.104958,21.09660530090332,2012.0,0.6452664136886597,49
c3_001,3,-90.072083,21.088790893554688,2012.0,0.8681052327156067,49
c3_004,3,-90.046214,21.096874237060547,2012.0,0.9309741854667664,49
c3_006,3,-89.973188,21.15966033935547,2012.0,0.8722355365753174,49
c3_015,3,-90.011722,21.112503051757812,2012.0,0.8022317886352539,49
c3_022,3,-90.041364,21.099029541015625,2012.0,0.7893988490104675,49
c4_001,4,-89.957828,21.178254,2012.0,0.19953081011772156,49
c4_002,4,-89.963217,21.190109252929688,2012.0,0.8032971024513245,49
c4_003,4,-89.950822,21.1922664642334,2012.0,0.3547089397907257,49
c4_004,4,-89.992859,21.172864,2012.0,0.1902073323726654,49
c4_005,4,-89.940313,21.199811,2012.0,0.5470312833786011,49
c4_006,4,-89.939774,21.204662322998047,2012.0,0.6628668308258057,49
c4_007,4,-90.070736,21.130288,2012.0,0.7431077361106873,49
c4_008,4,-89.998518,21.119239807128906,2012.0,0.7958994507789612,49
c4_009,4,-90.035705,21.144301,2012.0,0.5855146646499634,49
c4_010,4,-90.029776,21.160737991333008,2012.0,0.5134385228157043,49
c4_011,4,-90.036244,21.152114868164062,2012.0,0.7573156952857971,49
c4_012,4,-90.106306,21.113851,2012.0,0.8109753131866455,49
c4_013,4,-89.943007,21.202506,2012.0,0.7037189602851868,49
c4_014,4,-89.956481,21.189302444458008,2012.0,0.8228909969329834,49
c4_015,4,-90.1038818359375,21.116006,2012.0,0.686647355556488,49
c4_016,4,-89.943277,21.199542,2012.0,-0.04255562648177147,49
c4_017,4,-90.07369995117188,21.133522033691406,2012.0,0.7910822629928589,49
c4_018,4,-89.996632,21.15022850036621,2012.0,0.7305200695991516,49
c4_019,4,-90.022501,21.156966,2012.0,0.34926480054855347,49
c4_020,4,-89.981811,21.164511,2012.0,0.7274491786956787,49
c4_021,4,-90.001482,21.169092178344727,2012.0,0.46583929657936096,49
c4_022,4,-89.99259185791016,21.120318,2012.0,0.7786756753921509,49
c4_023,4,-89.955133,21.188493728637695,2012.0,0.8071314692497253,49
c4_024,4,-89.966182,21.181218,2012.0,0.5633297562599182,49
c4_025,4,-89.952439,21.1922664642334,2012.0,0.5166735053062439,49
c4_026,4,-90.034357,21.160199,2012.0,0.4298838973045349,49
c4_027,4,-89.966451,21.182565,2012.0,0.38520506024360657,49
c4_028,4,-89.958636,21.177175521850586,2012.0,0.18327678740024567,49
c4_029,4,-90.074778,21.130826950073242,2012.0,0.75730961561203,49
c4_030,4,-89.976421,21.170978,2012.0,0.46116867661476135,49
c5_001,5,-90.044328,21.155349,2012.0,0.752794086933136,49
c5_005,5,-90.011722,21.165858,2012.0,0.6622486710548401,49
c5_020,5,-90.002829,21.15642738342285,2012.0,0.6814568042755127,49
c5_022,5,-90.004985,21.156696319580078,2012.0,0.8273175358772278,49
c5_002,5,-90.066424,21.152114868164062,2012.0,0.6944166421890259,49
c5_004,5,-90.039477,21.155618,2012.0,0.41059890389442444,49
c5_006,5,-90.006063,21.155078887939453,2012.0,0.607775866985321,49
c5_009,5,-90.039477,21.156966,2012.0,0.8037931323051453,49
c5_010,5,-90.032202,21.159391403198242,2012.0,0.2937600910663605,49
c5_012,5,-89.996093,21.155349,2012.0,0.5465354323387146,49
c5_014,5,-90.042711,21.155618,2012.0,0.16242779791355133,49
c5_015,5,-90.061304,21.156156539916992,2012.0,0.5015442967414856,49
c5_016,5,-90.036783,21.156966,2012.0,0.3252745568752289,49
c5_018,5,-90.02816009521484,21.156696319580078,2012.0,0.736803412437439,49
c5_019,5,-90.037321,21.158313,2012.0,0.7829391360282898,49
c5_021,5,-90.062921,21.154541015625,2012.0,0.6671535968780518,49
c5_023,5,-90.031932,21.158044,2012.0,0.3683305084705353,49
c5_025,5,-90.074778,21.151845932006836,2012.0,0.5912298560142517,49
c5_027,5,-90.037052,21.159929275512695,2012.0,0.5557367205619812,49
c5_028,5,-90.03813171386719,21.155349,2012.0,0.5354858636856079,49
c5_029,5,-90.035166,21.156156539916992,2012.0,0.40298399329185486,49
c5_030,5,-90.030585,21.15750503540039,2012.0,0.5420982837677002,49
c5_011,5,-90.064538,21.154541015625,2012.0,0.7423312664031982,49
c5_013,5,-89.998248,21.172326,2012.0,0.30600473284721375,49
c5_024,5,-89.988009,21.162355422973633,2012.0,0.8516380786895752,49
c5_008,5,-90.057262,21.155349,2012.0,0.5483413338661194,49
c5_017,5,-90.036513,21.154271,2012.0,0.8677003383636475,49
c5_026,5,-89.996632,21.160737991333008,2012.0,0.8682991862297058,49
c5_003,5,-89.978038,21.180139541625977,2012.0,0.6514410972595215,49
c5_007,5,-90.08124542236328,21.149421,2012.0,0.47773072123527527,49
c1_001,1,-90.092293,21.134868621826172,2013.0,0.982155978679657,73
c1_002,1,-90.057262,21.116815,2013.0,0.7896182537078857,73
c1_003,1,-90.097413,21.129209518432617,2013.0,0.8800670504570007,73
c1_004,1,-90.051873,21.142684,2013.0,0.801540732383728,73
c1_005,1,-90.116815,21.0882511138916,2013.0,0.7928045392036438,73
c1_006,1,-90.066694,21.0987606048584,2013.0,0.8126692771911621,73
c1_007,1,-89.974805,21.120318,2013.0,0.8564844727516174,73
c1_008,1,-89.979925,21.132444381713867,2013.0,0.8137856125831604,73
c1_009,1,-89.988278,21.157773971557617,2013.0,0.7414984703063965,73
c1_010,1,-90.062921,21.101186,2013.0,0.739621639251709,73
c1_011,1,-90.004177,21.130558013916016,2013.0,0.8580541610717773,73
c1_012,1,-90.070197,21.140798,2013.0,0.8449229598045349,73
c1_013,1,-89.989086,21.127055,2013.0,0.7362496256828308,73
c1_014,1,-90.05834197998047,21.147265,2013.0,0.9052002429962158,73
c1_015,1,-90.073969,21.147265,2013.0,0.8966624140739441,73
c1_016,1,-89.955672,21.141876220703125,2013.0,0.8849285244941711,73
c1_017,1,-89.95162963867188,21.132444381713867,2013.0,0.8216191530227661,73
c1_018,1,-90.08124542236328,21.135408401489258,2013.0,0.959423303604126,73
c1_019,1,-90.112234,21.128671646118164,2013.0,0.7876304984092712,73
c1_020,1,-89.977499,21.129480361938477,2013.0,0.8024173974990845,73
c1_021,1,-90.07855224609375,21.141337,2013.0,0.89045250415802,73
c1_022,1,-90.075317,21.103341,2013.0,0.9015368819236755,73
c1_023,1,-90.067502,21.106845,2013.0,0.896068811416626,73
c1_024,1,-89.947319,21.188493728637695,2013.0,0.7758964896202087,73
c1_025,1,-90.09876251220703,21.119779,2013.0,0.7341173887252808,73
c1_026,1,-89.945702,21.14322280883789,2013.0,0.8843462467193604,73
c1_027,1,-90.054837,21.112503051757812,2013.0,0.9208377003669739,73
c1_028,1,-90.010105,21.151576,2013.0,0.8819136619567871,73
c1_029,1,-90.113042,21.085018157958984,2013.0,0.8656333684921265,73
c1_030,1,-90.110348,21.111964,2013.0,0.7283480167388916,73
c2_001,2,-89.941929,21.138911,2013.0,0.8857232332229614,73
c2_002,2,-90.100647,21.146995,2013.0,0.9000060558319092,73
c2_003,2,-90.111964,21.138642,2013.0,0.8432931303977966,73
c2_004,2,-90.118971,21.110347747802734,2013.0,0.7294592261314392,73
c2_005,2,-90.117084,21.092023849487305,2013.0,0.8461834192276001,73
c2_006,2,-90.070466,21.094718,2013.0,0.8625588417053223,73
c2_007,2,-89.99231719970703,21.149690628051758,2013.0,0.7186549305915833,73
c2_008,2,-90.042172,21.114389419555664,2013.0,0.6937271952629089,73
c2_009,2,-90.117893,21.135947,2013.0,0.8315845131874084,73
c2_010,2,-90.006871,21.131097,2013.0,0.8406681418418884,73
c2_011,2,-89.946241,21.164511,2013.0,0.8105564713478088,73
c2_012,2,-90.101725,21.08043670654297,2013.0,0.8211250305175781,73
c2_013,2,-90.00768280029297,21.128133,2013.0,0.8372004628181458,73
c2_014,2,-90.097413,21.149959564208984,2013.0,0.9209458231925964,73
c2_015,2,-90.052412,21.098222,2013.0,0.8654129505157471,73
c2_016,2,-89.955672,21.166936,2013.0,0.9936436414718628,73
c2_017,2,-89.985853,21.152385,2013.0,0.7688527703285217,73
c2_018,2,-90.039477,21.152654,2013.0,0.9026736617088318,73
c2_019,2,-90.120049,21.121396,2013.0,0.8127700686454773,73
c2_020,2,-90.051334,21.10765266418457,2013.0,0.8789013624191284,73
c2_021,2,-90.070197,21.091215133666992,2013.0,0.9129618406295776,73
c2_022,2,-90.094988,21.123282,2013.0,0.8157996535301208,73
c2_023,2,-89.966182,21.124359130859375,2013.0,0.8242699503898621,73
c2_024,2,-90.085287,21.123552322387695,2013.0,0.8032168745994568,73
c2_025,2,-90.074239,21.092832,2013.0,0.8963530659675598,73
c2_026,2,-90.101455,21.144301,2013.0,0.8490192890167236,73
c2_027,2,-89.997979,21.154002,2013.0,0.8974122405052185,73
c2_028,2,-89.968607,21.116275787353516,2013.0,0.8772357702255249,73
c2_029,2,-89.975344,21.13729476928711,2013.0,0.787402868270874,73
c2_030,2,-90.025195,21.116544723510742,2013.0,0.8921487331390381,73
c10_004,3,-90.028968,21.158313,2013.0,0.3623915910720825,73
c10_002,3,-90.03301239013672,21.158044,2013.0,0.32101091742515564,73
c10_003,3,-90.032741,21.159122467041016,2013.0,0.3374063968658447,73
c10_005,3,-90.030585,21.158044,2013.0,0.20173898339271545,73
c3_029,3,-90.08555603027344,21.149690628051758,2013.0,0.3063090145587921,73
c10_001,3,-89.95405578613281,21.163972,2013.0,0.5420354604721069,73
c3_009,3,-89.986931,21.149959564208984,2013.0,0.8931161165237427,73
c3_028,3,-89.982619,21.180679,2013.0,0.7056547403335571,73
c3_005,3,-90.031124,21.124629,2013.0,0.8607604503631592,73
c3_002,3,-89.995823,21.13837242126465,2013.0,0.8592850565910339,73
c3_008,3,-89.951091,21.200081,2013.0,0.9398806095123291,73
c3_013,3,-89.951361,21.199003219604492,2013.0,0.31143829226493835,73
c3_016,3,-89.949205,21.20115852355957,2013.0,0.35584884881973267,73
c3_021,3,-89.950013,21.19927215576172,2013.0,0.4016425311565399,73
c3_018,3,-90.1038818359375,21.086095,2013.0,0.916412889957428,73
c3_003,3,-89.995284,21.139720916748047,2013.0,0.7924615144729614,73
c3_007,3,-89.964834,21.14322280883789,2013.0,0.7945560216903687,73
c3_011,3,-90.008758,21.113311767578125,2013.0,0.9520378708839417,73
c3_017,3,-89.980733,21.145648,2013.0,0.7185732126235962,73
c3_027,3,-90.016572,21.116006,2013.0,0.8633503317832947,73
c3_010,3,-89.973188,21.186607360839844,2013.0,0.9140693545341492,73
c3_024,3,-90.088521,21.146726,2013.0,0.8639439940452576,73
c3_025,3,-89.943007,21.170978,2013.0,0.7828052639961243,73
c3_019,3,-89.958906,21.12489891052246,2013.0,0.9102686643600464,73
c3_023,3,-90.00040435791016,21.138642,2013.0,0.8119364976882935,73
c3_012,3,-90.000135,21.130826950073242,2013.0,0.9541694521903992,73
c3_020,3,-89.986392,21.159391403198242,2013.0,0.6555257439613342,73
c3_026,3,-90.014417,21.114659,2013.0,0.8760963678359985,73
c3_014,3,-89.945702,21.20331382751465,2013.0,0.8793477416038513,73
c3_030,3,-90.104958,21.09660530090332,2013.0,0.6658099889755249,73
c3_001,3,-90.072083,21.088790893554688,2013.0,0.8698976635932922,73
c3_004,3,-90.046214,21.096874237060547,2013.0,0.8709174394607544,73
c3_006,3,-89.973188,21.15966033935547,2013.0,0.9136673212051392,73
c3_015,3,-90.011722,21.112503051757812,2013.0,0.9873066544532776,73
c3_022,3,-90.041364,21.099029541015625,2013.0,0.8197035789489746,73
c4_001,4,-89.957828,21.178254,2013.0,0.6674723029136658,73
c4_002,4,-89.963217,21.190109252929688,2013.0,0.8910214900970459,73
c4_003,4,-89.950822,21.1922664642334,2013.0,0.330960214138031,73
c4_004,4,-89.992859,21.172864,2013.0,0.6413455605506897,73
c4_005,4,-89.940313,21.199811,2013.0,0.7385010123252869,73
c4_006,4,-89.939774,21.204662322998047,2013.0,0.8598517179489136,73
c4_007,4,-90.070736,21.130288,2013.0,0.7909799814224243,73
c4_008,4,-89.998518,21.119239807128906,2013.0,0.7854007482528687,73
c4_009,4,-90.035705,21.144301,2013.0,0.7107860445976257,73
c4_010,4,-90.029776,21.160737991333008,2013.0,0.5069793462753296,73
c4_011,4,-90.036244,21.152114868164062,2013.0,0.8267941474914551,73
c4_012,4,-90.106306,21.113851,2013.0,0.7866783738136292,73
c4_013,4,-89.943007,21.202506,2013.0,0.8405677676200867,73
c4_014,4,-89.956481,21.189302444458008,2013.0,0.9094179272651672,73
c4_015,4,-90.1038818359375,21.116006,2013.0,0.7010186910629272,73
c4_016,4,-89.943277,21.199542,2013.0,0.14401744306087494,73
c4_017,4,-90.07369995117188,21.133522033691406,2013.0,0.7503502368927002,73
c4_018,4,-89.996632,21.15022850036621,2013.0,0.9958969354629517,73
c4_019,4,-90.022501,21.156966,2013.0,0.3978354334831238,73
c4_020,4,-89.981811,21.164511,2013.0,0.8853998184204102,73
c4_021,4,-90.001482,21.169092178344727,2013.0,0.733466625213623,73
c4_022,4,-89.99259185791016,21.120318,2013.0,0.860656201839447,73
c4_023,4,-89.955133,21.188493728637695,2013.0,0.8615220189094543,73
c4_024,4,-89.966182,21.181218,2013.0,0.9756795167922974,73
c4_025,4,-89.952439,21.1922664642334,2013.0,0.8104628920555115,73
c4_026,4,-90.034357,21.160199,2013.0,0.7771797776222229,73
c4_027,4,-89.966451,21.182565,2013.0,0.5976524949073792,73
c4_028,4,-89.958636,21.177175521850586,2013.0,0.500043511390686,73
c4_029,4,-90.074778,21.130826950073242,2013.0,0.7562867403030396,73
c4_030,4,-89.976421,21.170978,2013.0,0.7136280536651611,73
c5_001,5,-90.044328,21.155349,2013.0,0.9356448650360107,73
c5_005,5,-90.011722,21.165858,2013.0,0.8533271551132202,73
c5_020,5,-90.002829,21.15642738342285,2013.0,0.9093641042709351,73
c5_022,5,-90.004985,21.156696319580078,2013.0,0.8966172337532043,73
c5_002,5,-90.066424,21.152114868164062,2013.0,0.957282304763794,73
c5_004,5,-90.039477,21.155618,2013.0,0.7799266576766968,73
c5_006,5,-90.006063,21.155078887939453,2013.0,0.9026539921760559,73
c5_009,5,-90.039477,21.156966,2013.0,0.9459593296051025,73
c5_010,5,-90.032202,21.159391403198242,2013.0,0.8625757694244385,73
c5_012,5,-89.996093,21.155349,2013.0,0.5903360247612,73
c5_014,5,-90.042711,21.155618,2013.0,0.8710249662399292,73
c5_015,5,-90.061304,21.156156539916992,2013.0,0.9302710294723511,73
c5_016,5,-90.036783,21.156966,2013.0,0.680998682975769,73
c5_018,5,-90.02816009521484,21.156696319580078,2013.0,0.883093535900116,73
c5_019,5,-90.037321,21.158313,2013.0,0.9567040801048279,73
c5_021,5,-90.062921,21.154541015625,2013.0,0.9275009632110596,73
c5_023,5,-90.031932,21.158044,2013.0,0.8719828128814697,73
c5_025,5,-90.074778,21.151845932006836,2013.0,0.9161368012428284,73
c5_027,5,-90.037052,21.159929275512695,2013.0,0.8163360357284546,73
c5_028,5,-90.03813171386719,21.155349,2013.0,0.7322059869766235,73
c5_029,5,-90.035166,21.156156539916992,2013.0,0.5558726191520691,73
c5_030,5,-90.030585,21.15750503540039,2013.0,0.5319733619689941,73
c5_011,5,-90.064538,21.154541015625,2013.0,0.9121440052986145,73
c5_013,5,-89.998248,21.172326,2013.0,0.3786582350730896,73
c5_024,5,-89.988009,21.162355422973633,2013.0,0.9061883687973022,73
c5_008,5,-90.057262,21.155349,2013.0,0.9794576168060303,73
c5_017,5,-90.036513,21.154271,2013.0,0.9465861916542053,73
c5_026,5,-89.996632,21.160737991333008,2013.0,0.9889254570007324,73
c5_003,5,-89.978038,21.180139541625977,2013.0,0.7868938446044922,73
c5_007,5,-90.08124542236328,21.149421,2013.0,0.9166666865348816,73
c1_001,1,-90.092293,21.134868621826172,2014.0,0.9197950959205627,119
c1_002,1,-90.057262,21.116815,2014.0,0.7968465685844421,119
c1_003,1,-90.097413,21.129209518432617,2014.0,0.8315603733062744,119
c1_004,1,-90.051873,21.142684,2014.0,0.8606092929840088,119
c1_005,1,-90.116815,21.0882511138916,2014.0,0.800711452960968,119
c1_006,1,-90.066694,21.0987606048584,2014.0,0.8428869247436523,119
c1_007,1,-89.974805,21.120318,2014.0,0.8953996300697327,119
c1_008,1,-89.979925,21.132444381713867,2014.0,0.837053656578064,119
c1_009,1,-89.988278,21.157773971557617,2014.0,0.7387968897819519,119
c1_010,1,-90.062921,21.101186,2014.0,0.7166123986244202,119
c1_011,1,-90.004177,21.130558013916016,2014.0,0.8438270688056946,119
c1_012,1,-90.070197,21.140798,2014.0,0.8745744228363037,119
c1_013,1,-89.989086,21.127055,2014.0,0.7207977175712585,119
c1_014,1,-90.05834197998047,21.147265,2014.0,0.9220221638679504,119
c1_015,1,-90.073969,21.147265,2014.0,0.9025710821151733,119
c1_016,1,-89.955672,21.141876220703125,2014.0,0.8925620317459106,119
c1_017,1,-89.95162963867188,21.132444381713867,2014.0,0.8485594987869263,119
c1_018,1,-90.08124542236328,21.135408401489258,2014.0,0.8884501457214355,119
c1_019,1,-90.112234,21.128671646118164,2014.0,0.8679949641227722,119
c1_020,1,-89.977499,21.129480361938477,2014.0,0.7716656923294067,119
c1_021,1,-90.07855224609375,21.141337,2014.0,0.9050094485282898,119
c1_022,1,-90.075317,21.103341,2014.0,0.8910762071609497,119
c1_023,1,-90.067502,21.106845,2014.0,0.8505711555480957,119
c1_024,1,-89.947319,21.188493728637695,2014.0,0.7970415353775024,119
c1_025,1,-90.09876251220703,21.119779,2014.0,0.7861464619636536,119
c1_026,1,-89.945702,21.14322280883789,2014.0,0.8491913080215454,119
c1_027,1,-90.054837,21.112503051757812,2014.0,0.9101074934005737,119
c1_028,1,-90.010105,21.151576,2014.0,0.9701511859893799,119
c1_029,1,-90.113042,21.085018157958984,2014.0,0.8897115588188171,119
c1_030,1,-90.110348,21.111964,2014.0,0.7500095963478088,119
c2_001,2,-89.941929,21.138911,2014.0,0.8865931630134583,119
c2_002,2,-90.100647,21.146995,2014.0,0.8440701961517334,119
c2_003,2,-90.111964,21.138642,2014.0,0.8690342307090759,119
c2_004,2,-90.118971,21.110347747802734,2014.0,0.7278631925582886,119
c2_005,2,-90.117084,21.092023849487305,2014.0,0.8801729679107666,119
c2_006,2,-90.070466,21.094718,2014.0,0.8919057250022888,119
c2_007,2,-89.99231719970703,21.149690628051758,2014.0,0.7653781175613403,119
c2_008,2,-90.042172,21.114389419555664,2014.0,0.7344416379928589,119
c2_009,2,-90.117893,21.135947,2014.0,0.7991951107978821,119
c2_010,2,-90.006871,21.131097,2014.0,0.8424256443977356,119
c2_011,2,-89.946241,21.164511,2014.0,0.8216710686683655,119
c2_012,2,-90.101725,21.08043670654297,2014.0,0.8578144311904907,119
c2_013,2,-90.00768280029297,21.128133,2014.0,0.8333210945129395,119
c2_014,2,-90.097413,21.149959564208984,2014.0,0.9321275949478149,119
c2_015,2,-90.052412,21.098222,2014.0,0.8643257021903992,119
c2_016,2,-89.955672,21.166936,2014.0,0.8997915387153625,119
c2_017,2,-89.985853,21.152385,2014.0,0.8139269351959229,119
c2_018,2,-90.039477,21.152654,2014.0,0.9061413407325745,119
c2_019,2,-90.120049,21.121396,2014.0,0.8561540842056274,119
c2_020,2,-90.051334,21.10765266418457,2014.0,0.8817468285560608,119
c2_021,2,-90.070197,21.091215133666992,2014.0,0.8885087370872498,119
c2_022,2,-90.094988,21.123282,2014.0,0.8569729924201965,119
c2_023,2,-89.966182,21.124359130859375,2014.0,0.8268817067146301,119
c2_024,2,-90.085287,21.123552322387695,2014.0,0.8169286847114563,119
c2_025,2,-90.074239,21.092832,2014.0,0.8685681819915771,119
c2_026,2,-90.101455,21.144301,2014.0,0.8551602363586426,119
c2_027,2,-89.997979,21.154002,2014.0,0.8954389095306396,119
c2_028,2,-89.968607,21.116275787353516,2014.0,0.8930181860923767,119
c2_029,2,-89.975344,21.13729476928711,2014.0,0.8137421011924744,119
c2_030,2,-90.025195,21.116544723510742,2014.0,0.8752419352531433,119
c10_004,3,-90.028968,21.158313,2014.0,0.480945885181427,119
c10_002,3,-90.03301239013672,21.158044,2014.0,0.3287842273712158,119
c10_003,3,-90.032741,21.159122467041016,2014.0,0.2761930525302887,119
c10_005,3,-90.030585,21.158044,2014.0,0.24994279444217682,119
c3_029,3,-90.08555603027344,21.149690628051758,2014.0,0.5585460662841797,119
c10_001,3,-89.95405578613281,21.163972,2014.0,0.5597213506698608,119
c3_009,3,-89.986931,21.149959564208984,2014.0,0.8941229581832886,119
c3_028,3,-89.982619,21.180679,2014.0,0.7101365327835083,119
c3_005,3,-90.031124,21.124629,2014.0,0.9203574657440186,119
c3_002,3,-89.995823,21.13837242126465,2014.0,0.8686560392379761,119
c3_008,3,-89.951091,21.200081,2014.0,0.3805350661277771,119
c3_013,3,-89.951361,21.199003219604492,2014.0,0.1411084085702896,119
c3_016,3,-89.949205,21.20115852355957,2014.0,0.20702500641345978,119
c3_021,3,-89.950013,21.19927215576172,2014.0,0.4198533296585083,119
c3_018,3,-90.1038818359375,21.086095,2014.0,0.897240161895752,119
c3_003,3,-89.995284,21.139720916748047,2014.0,0.7894828915596008,119
c3_007,3,-89.964834,21.14322280883789,2014.0,0.7992575764656067,119
c3_011,3,-90.008758,21.113311767578125,2014.0,0.866549015045166,119
c3_017,3,-89.980733,21.145648,2014.0,0.7735484838485718,119
c3_027,3,-90.016572,21.116006,2014.0,0.8678790926933289,119
c3_010,3,-89.973188,21.186607360839844,2014.0,0.8976784944534302,119
c3_024,3,-90.088521,21.146726,2014.0,0.7933124899864197,119
c3_025,3,-89.943007,21.170978,2014.0,0.7778003811836243,119
c3_019,3,-89.958906,21.12489891052246,2014.0,0.9374157786369324,119
c3_023,3,-90.00040435791016,21.138642,2014.0,0.7440942525863647,119
c3_012,3,-90.000135,21.130826950073242,2014.0,0.9076794385910034,119
c3_020,3,-89.986392,21.159391403198242,2014.0,0.6259378790855408,119
c3_026,3,-90.014417,21.114659,2014.0,0.8664937615394592,119
c3_014,3,-89.945702,21.20331382751465,2014.0,0.8834788203239441,119
c3_030,3,-90.104958,21.09660530090332,2014.0,0.6626893281936646,119
c3_001,3,-90.072083,21.088790893554688,2014.0,0.8854570984840393,119
c3_004,3,-90.046214,21.096874237060547,2014.0,0.8557401895523071,119
c3_006,3,-89.973188,21.15966033935547,2014.0,0.877315878868103,119
c3_015,3,-90.011722,21.112503051757812,2014.0,0.8566877245903015,119
c3_022,3,-90.041364,21.099029541015625,2014.0,0.8596588373184204,119
c4_001,4,-89.957828,21.178254,2014.0,0.5349366068840027,119
c4_002,4,-89.963217,21.190109252929688,2014.0,0.8736098408699036,119
c4_003,4,-89.950822,21.1922664642334,2014.0,0.4555605947971344,119
c4_004,4,-89.992859,21.172864,2014.0,0.6417383551597595,119
c4_005,4,-89.940313,21.199811,2014.0,0.6910210847854614,119
c4_006,4,-89.939774,21.204662322998047,2014.0,0.8351342082023621,119
c4_007,4,-90.070736,21.130288,2014.0,0.7540185451507568,119
c4_008,4,-89.998518,21.119239807128906,2014.0,0.8121187090873718,119
c4_009,4,-90.035705,21.144301,2014.0,0.6293418407440186,119
c4_010,4,-90.029776,21.160737991333008,2014.0,0.6390649080276489,119
c4_011,4,-90.036244,21.152114868164062,2014.0,0.8488247394561768,119
c4_012,4,-90.106306,21.113851,2014.0,0.8085809946060181,119
c4_013,4,-89.943007,21.202506,2014.0,0.8144101500511169,119
c4_014,4,-89.956481,21.189302444458008,2014.0,0.8791804909706116,119
c4_015,4,-90.1038818359375,21.116006,2014.0,0.6660831570625305,119
c4_016,4,-89.943277,21.199542,2014.0,0.11044242233037949,119
c4_017,4,-90.07369995117188,21.133522033691406,2014.0,0.8043844103813171,119
c4_018,4,-89.996632,21.15022850036621,2014.0,0.8015733361244202,119
c4_019,4,-90.022501,21.156966,2014.0,0.28156042098999023,119
c4_020,4,-89.981811,21.164511,2014.0,0.8162363171577454,119
c4_021,4,-90.001482,21.169092178344727,2014.0,0.5244627594947815,119
c4_022,4,-89.99259185791016,21.120318,2014.0,0.86036217212677,119
c4_023,4,-89.955133,21.188493728637695,2014.0,0.8554632067680359,119
c4_024,4,-89.966182,21.181218,2014.0,0.7891530394554138,119
c4_025,4,-89.952439,21.1922664642334,2014.0,0.7016648054122925,119
c4_026,4,-90.034357,21.160199,2014.0,0.7070040702819824,119
c4_027,4,-89.966451,21.182565,2014.0,0.4209960103034973,119
c4_028,4,-89.958636,21.177175521850586,2014.0,0.4602968990802765,119
c4_029,4,-90.074778,21.130826950073242,2014.0,0.7741689085960388,119
c4_030,4,-89.976421,21.170978,2014.0,0.6998257040977478,119
c5_001,5,-90.044328,21.155349,2014.0,0.9356729388237,119
c5_005,5,-90.011722,21.165858,2014.0,0.8088994026184082,119
c5_020,5,-90.002829,21.15642738342285,2014.0,0.8572266101837158,119
c5_022,5,-90.004985,21.156696319580078,2014.0,0.88596111536026,119
c5_002,5,-90.066424,21.152114868164062,2014.0,0.7746478915214539,119
c5_004,5,-90.039477,21.155618,2014.0,0.6960718631744385,119
c5_006,5,-90.006063,21.155078887939453,2014.0,0.7478904128074646,119
c5_009,5,-90.039477,21.156966,2014.0,0.8873286247253418,119
c5_010,5,-90.032202,21.159391403198242,2014.0,0.6058205366134644,119
c5_012,5,-89.996093,21.155349,2014.0,0.6473376750946045,119
c5_014,5,-90.042711,21.155618,2014.0,0.6271042823791504,119
c5_015,5,-90.061304,21.156156539916992,2014.0,0.9220762252807617,119
c5_016,5,-90.036783,21.156966,2014.0,0.5406191349029541,119
c5_018,5,-90.02816009521484,21.156696319580078,2014.0,0.8097134232521057,119
c5_019,5,-90.037321,21.158313,2014.0,0.890199601650238,119
c5_021,5,-90.062921,21.154541015625,2014.0,0.8714986443519592,119
c5_023,5,-90.031932,21.158044,2014.0,0.4901774525642395,119
c5_025,5,-90.074778,21.151845932006836,2014.0,0.8135769367218018,119
c5_027,5,-90.037052,21.159929275512695,2014.0,0.6981071829795837,119
c5_028,5,-90.03813171386719,21.155349,2014.0,0.6757030487060547,119
c5_029,5,-90.035166,21.156156539916992,2014.0,0.5459246635437012,119
c5_030,5,-90.030585,21.15750503540039,2014.0,0.5092341303825378,119
c5_011,5,-90.064538,21.154541015625,2014.0,0.9014312028884888,119
c5_013,5,-89.998248,21.172326,2014.0,0.5202558636665344,119
c5_024,5,-89.988009,21.162355422973633,2014.0,0.9090805649757385,119
c5_008,5,-90.057262,21.155349,2014.0,0.925305962562561,119
c5_017,5,-90.036513,21.154271,2014.0,0.930371880531311,119
c5_026,5,-89.996632,21.160737991333008,2014.0,0.9123997092247009,119
c5_003,5,-89.978038,21.180139541625977,2014.0,0.7559671401977539,119
c5_007,5,-90.08124542236328,21.149421,2014.0,0.8285338878631592,119
c1_001,1,-90.092293,21.134868621826172,2015.0,0.899908185005188,116
c1_002,1,-90.057262,21.116815,2015.0,0.7747008204460144,116
c1_003,1,-90.097413,21.129209518432617,2015.0,0.8370550870895386,116
c1_004,1,-90.051873,21.142684,2015.0,0.8061415553092957,116
c1_005,1,-90.116815,21.0882511138916,2015.0,0.8215551376342773,116
c1_006,1,-90.066694,21.0987606048584,2015.0,0.823087215423584,116
c1_007,1,-89.974805,21.120318,2015.0,0.8607390522956848,116
c1_008,1,-89.979925,21.132444381713867,2015.0,0.8500943779945374,116
c1_009,1,-89.988278,21.157773971557617,2015.0,0.7344750761985779,116
c1_010,1,-90.062921,21.101186,2015.0,0.6797633171081543,116
c1_011,1,-90.004177,21.130558013916016,2015.0,0.8647198677062988,116
c1_012,1,-90.070197,21.140798,2015.0,0.8703157901763916,116
c1_013,1,-89.989086,21.127055,2015.0,0.773540198802948,116
c1_014,1,-90.05834197998047,21.147265,2015.0,0.9232898950576782,116
c1_015,1,-90.073969,21.147265,2015.0,0.8557193279266357,116
c1_016,1,-89.955672,21.141876220703125,2015.0,0.8772128820419312,116
c1_017,1,-89.95162963867188,21.132444381713867,2015.0,0.8277579545974731,116
c1_018,1,-90.08124542236328,21.135408401489258,2015.0,0.860081136226654,116
c1_019,1,-90.112234,21.128671646118164,2015.0,0.8159151077270508,116
c1_020,1,-89.977499,21.129480361938477,2015.0,0.7821358442306519,116
c1_021,1,-90.07855224609375,21.141337,2015.0,0.8897858262062073,116
c1_022,1,-90.075317,21.103341,2015.0,0.8555585741996765,116
c1_023,1,-90.067502,21.106845,2015.0,0.8615710139274597,116
c1_024,1,-89.947319,21.188493728637695,2015.0,0.7909157872200012,116
c1_025,1,-90.09876251220703,21.119779,2015.0,0.7958100438117981,116
c1_026,1,-89.945702,21.14322280883789,2015.0,0.8544831275939941,116
c1_027,1,-90.054837,21.112503051757812,2015.0,0.8595518469810486,116
c1_028,1,-90.010105,21.151576,2015.0,0.8697823882102966,116
c1_029,1,-90.113042,21.085018157958984,2015.0,0.8677631616592407,116
c1_030,1,-90.110348,21.111964,2015.0,0.7715131044387817,116
c2_001,2,-89.941929,21.138911,2015.0,0.8799307942390442,116
c2_002,2,-90.100647,21.146995,2015.0,0.8411626219749451,116
c2_003,2,-90.111964,21.138642,2015.0,0.9829619526863098,116
c2_004,2,-90.118971,21.110347747802734,2015.0,0.7377670407295227,116
c2_005,2,-90.117084,21.092023849487305,2015.0,0.8358537554740906,116
c2_006,2,-90.070466,21.094718,2015.0,0.8686964511871338,116
c2_007,2,-89.99231719970703,21.149690628051758,2015.0,0.782293438911438,116
c2_008,2,-90.042172,21.114389419555664,2015.0,0.7007315754890442,116
c2_009,2,-90.117893,21.135947,2015.0,0.8115582466125488,116
c2_010,2,-90.006871,21.131097,2015.0,0.846619725227356,116
c2_011,2,-89.946241,21.164511,2015.0,0.8293139338493347,116
c2_012,2,-90.101725,21.08043670654297,2015.0,0.8671644926071167,116
c2_013,2,-90.00768280029297,21.128133,2015.0,0.8380268812179565,116
c2_014,2,-90.097413,21.149959564208984,2015.0,0.9181155562400818,116
c2_015,2,-90.052412,21.098222,2015.0,0.8438962697982788,116
c2_016,2,-89.955672,21.166936,2015.0,0.8821790218353271,116
c2_017,2,-89.985853,21.152385,2015.0,0.782642662525177,116
c2_018,2,-90.039477,21.152654,2015.0,0.9047987461090088,116
c2_019,2,-90.120049,21.121396,2015.0,0.8413488864898682,116
c2_020,2,-90.051334,21.10765266418457,2015.0,0.8714470863342285,116
c2_021,2,-90.070197,21.091215133666992,2015.0,0.8770110607147217,116
c2_022,2,-90.094988,21.123282,2015.0,0.8501666784286499,116
c2_023,2,-89.966182,21.124359130859375,2015.0,0.8266255855560303,116
c2_024,2,-90.085287,21.123552322387695,2015.0,0.794105589389801,116
c2_025,2,-90.074239,21.092832,2015.0,0.9389954209327698,116
c2_026,2,-90.101455,21.144301,2015.0,0.8245688676834106,116
c2_027,2,-89.997979,21.154002,2015.0,0.90168297290802,116
c2_028,2,-89.968607,21.116275787353516,2015.0,0.8764439821243286,116
c2_029,2,-89.975344,21.13729476928711,2015.0,0.8192546963691711,116
c2_030,2,-90.025195,21.116544723510742,2015.0,0.8541947603225708,116
c10_004,3,-90.028968,21.158313,2015.0,0.6067595481872559,116
c10_002,3,-90.03301239013672,21.158044,2015.0,0.24943843483924866,116
c10_003,3,-90.032741,21.159122467041016,2015.0,0.3426354229450226,116
c10_005,3,-90.030585,21.158044,2015.0,0.25021302700042725,116
c3_029,3,-90.08555603027344,21.149690628051758,2015.0,0.41933152079582214,116
c10_001,3,-89.95405578613281,21.163972,2015.0,0.5127430558204651,116
c3_009,3,-89.986931,21.149959564208984,2015.0,0.8856652975082397,116
c3_028,3,-89.982619,21.180679,2015.0,0.7311260104179382,116
c3_005,3,-90.031124,21.124629,2015.0,0.8517248034477234,116
c3_002,3,-89.995823,21.13837242126465,2015.0,0.8710262775421143,116
c3_008,3,-89.951091,21.200081,2015.0,0.5331754088401794,116
c3_013,3,-89.951361,21.199003219604492,2015.0,0.48487621545791626,116
c3_016,3,-89.949205,21.20115852355957,2015.0,0.4562136232852936,116
c3_021,3,-89.950013,21.19927215576172,2015.0,0.3963784873485565,116
c3_018,3,-90.1038818359375,21.086095,2015.0,0.8880555033683777,116
c3_003,3,-89.995284,21.139720916748047,2015.0,0.8000770807266235,116
c3_007,3,-89.964834,21.14322280883789,2015.0,0.7722777128219604,116
c3_011,3,-90.008758,21.113311767578125,2015.0,0.8534889817237854,116
c3_017,3,-89.980733,21.145648,2015.0,0.7621461153030396,116
c3_027,3,-90.016572,21.116006,2015.0,0.8562313914299011,116
c3_010,3,-89.973188,21.186607360839844,2015.0,0.8756548166275024,116
c3_024,3,-90.088521,21.146726,2015.0,0.9416565299034119,116
c3_025,3,-89.943007,21.170978,2015.0,0.774896502494812,116
c3_019,3,-89.958906,21.12489891052246,2015.0,0.9450335502624512,116
c3_023,3,-90.00040435791016,21.138642,2015.0,0.7095937728881836,116
c3_012,3,-90.000135,21.130826950073242,2015.0,0.8829053044319153,116
c3_020,3,-89.986392,21.159391403198242,2015.0,0.6866098642349243,116
c3_026,3,-90.014417,21.114659,2015.0,0.8696286082267761,116
c3_014,3,-89.945702,21.20331382751465,2015.0,0.8764240741729736,116
c3_030,3,-90.104958,21.09660530090332,2015.0,0.675399661064148,116
c3_001,3,-90.072083,21.088790893554688,2015.0,0.8675259351730347,116
c3_004,3,-90.046214,21.096874237060547,2015.0,0.8356494307518005,116
c3_006,3,-89.973188,21.15966033935547,2015.0,0.8633549809455872,116
c3_015,3,-90.011722,21.112503051757812,2015.0,0.8454395532608032,116
c3_022,3,-90.041364,21.099029541015625,2015.0,0.8240436911582947,116
c4_001,4,-89.957828,21.178254,2015.0,0.49290966987609863,116
c4_002,4,-89.963217,21.190109252929688,2015.0,0.8742162585258484,116
c4_003,4,-89.950822,21.1922664642334,2015.0,0.6713870763778687,116
c4_004,4,-89.992859,21.172864,2015.0,0.6269850730895996,116
c4_005,4,-89.940313,21.199811,2015.0,0.8000541925430298,116
c4_006,4,-89.939774,21.204662322998047,2015.0,0.8508772850036621,116
c4_007,4,-90.070736,21.130288,2015.0,0.7504753470420837,116
c4_008,4,-89.998518,21.119239807128906,2015.0,0.7904888391494751,116
c4_009,4,-90.035705,21.144301,2015.0,0.6566526293754578,116
c4_010,4,-90.029776,21.160737991333008,2015.0,0.7058941125869751,116
c4_011,4,-90.036244,21.152114868164062,2015.0,0.8625808954238892,116
c4_012,4,-90.106306,21.113851,2015.0,0.8420431613922119,116
c4_013,4,-89.943007,21.202506,2015.0,0.8709142804145813,116
c4_014,4,-89.956481,21.189302444458008,2015.0,0.8974702954292297,116
c4_015,4,-90.1038818359375,21.116006,2015.0,0.7205740809440613,116
c4_016,4,-89.943277,21.199542,2015.0,0.2223254144191742,116
c4_017,4,-90.07369995117188,21.133522033691406,2015.0,0.7474485635757446,116
c4_018,4,-89.996632,21.15022850036621,2015.0,0.8429759740829468,116
c4_019,4,-90.022501,21.156966,2015.0,0.39373499155044556,116
c4_020,4,-89.981811,21.164511,2015.0,0.799362301826477,116
c4_021,4,-90.001482,21.169092178344727,2015.0,0.7396829128265381,116
c4_022,4,-89.99259185791016,21.120318,2015.0,0.8152280449867249,116
c4_023,4,-89.955133,21.188493728637695,2015.0,0.8592286705970764,116
c4_024,4,-89.966182,21.181218,2015.0,0.8297334313392639,116
c4_025,4,-89.952439,21.1922664642334,2015.0,0.5340494513511658,116
c4_026,4,-90.034357,21.160199,2015.0,0.7660189270973206,116
c4_027,4,-89.966451,21.182565,2015.0,0.5488825440406799,116
c4_028,4,-89.958636,21.177175521850586,2015.0,0.45255789160728455,116
c4_029,4,-90.074778,21.130826950073242,2015.0,0.7687499523162842,116
c4_030,4,-89.976421,21.170978,2015.0,0.7306156754493713,116
c5_001,5,-90.044328,21.155349,2015.0,0.8696545362472534,116
c5_005,5,-90.011722,21.165858,2015.0,0.8574486374855042,116
c5_020,5,-90.002829,21.15642738342285,2015.0,0.889968752861023,116
c5_022,5,-90.004985,21.156696319580078,2015.0,0.8765542507171631,116
c5_002,5,-90.066424,21.152114868164062,2015.0,0.8198083639144897,116
c5_004,5,-90.039477,21.155618,2015.0,0.6836977601051331,116
c5_006,5,-90.006063,21.155078887939453,2015.0,0.8278159499168396,116
c5_009,5,-90.039477,21.156966,2015.0,0.8929089903831482,116
c5_010,5,-90.032202,21.159391403198242,2015.0,0.5696418881416321,116
c5_012,5,-89.996093,21.155349,2015.0,0.6966981291770935,116
c5_014,5,-90.042711,21.155618,2015.0,0.41690635681152344,116
c5_015,5,-90.061304,21.156156539916992,2015.0,0.8615579009056091,116
c5_016,5,-90.036783,21.156966,2015.0,0.39573171734809875,116
c5_018,5,-90.02816009521484,21.156696319580078,2015.0,0.7637702226638794,116
c5_019,5,-90.037321,21.158313,2015.0,0.8706698417663574,116
c5_021,5,-90.062921,21.154541015625,2015.0,0.8617486357688904,116
c5_023,5,-90.031932,21.158044,2015.0,0.5082699656486511,116
c5_025,5,-90.074778,21.151845932006836,2015.0,0.8243076205253601,116
c5_027,5,-90.037052,21.159929275512695,2015.0,0.8289154767990112,116
c5_028,5,-90.03813171386719,21.155349,2015.0,0.7091089487075806,116
c5_029,5,-90.035166,21.156156539916992,2015.0,0.6726410984992981,116
c5_030,5,-90.030585,21.15750503540039,2015.0,0.4853989779949188,116
c5_011,5,-90.064538,21.154541015625,2015.0,0.8905453085899353,116
c5_013,5,-89.998248,21.172326,2015.0,0.6539856195449829,116
c5_024,5,-89.988009,21.162355422973633,2015.0,0.9311232566833496,116
c5_008,5,-90.057262,21.155349,2015.0,0.8707846999168396,116
c5_017,5,-90.036513,21.154271,2015.0,0.9128343462944031,116
c5_026,5,-89.996632,21.160737991333008,2015.0,0.9136623740196228,116
c5_003,5,-89.978038,21.180139541625977,2015.0,0.7497509717941284,116
c5_007,5,-90.08124542236328,21.149421,2015.0,0.8286446928977966,116
c1_001,1,-90.092293,21.134868621826172,2016.0,0.9003264307975769,129
c1_002,1,-90.057262,21.116815,2016.0,0.8317772746086121,129
c1_003,1,-90.097413,21.129209518432617,2016.0,0.8670205473899841,129
c1_004,1,-90.051873,21.142684,2016.0,0.8262224793434143,129
c1_005,1,-90.116815,21.0882511138916,2016.0,0.8090871572494507,129
c1_006,1,-90.066694,21.0987606048584,2016.0,0.9125942587852478,129
c1_007,1,-89.974805,21.120318,2016.0,0.9176675081253052,129
c1_008,1,-89.979925,21.132444381713867,2016.0,0.8445871472358704,129
c1_009,1,-89.988278,21.157773971557617,2016.0,0.8073815107345581,129
c1_010,1,-90.062921,21.101186,2016.0,0.7582025527954102,129
c1_011,1,-90.004177,21.130558013916016,2016.0,0.8410753011703491,129
c1_012,1,-90.070197,21.140798,2016.0,0.8987865447998047,129
c1_013,1,-89.989086,21.127055,2016.0,0.7573217749595642,129
c1_014,1,-90.05834197998047,21.147265,2016.0,0.9166296124458313,129
c1_015,1,-90.073969,21.147265,2016.0,0.94233638048172,129
c1_016,1,-89.955672,21.141876220703125,2016.0,0.8748877644538879,129
c1_017,1,-89.95162963867188,21.132444381713867,2016.0,0.8501293063163757,129
c1_018,1,-90.08124542236328,21.135408401489258,2016.0,0.9523192048072815,129
c1_019,1,-90.112234,21.128671646118164,2016.0,0.8773206472396851,129
c1_020,1,-89.977499,21.129480361938477,2016.0,0.7753244042396545,129
c1_021,1,-90.07855224609375,21.141337,2016.0,0.9126865863800049,129
c1_022,1,-90.075317,21.103341,2016.0,0.8653180003166199,129
c1_023,1,-90.067502,21.106845,2016.0,0.8541941046714783,129
c1_024,1,-89.947319,21.188493728637695,2016.0,0.7995432019233704,129
c1_025,1,-90.09876251220703,21.119779,2016.0,0.8124734163284302,129
c1_026,1,-89.945702,21.14322280883789,2016.0,0.8527131676673889,129
c1_027,1,-90.054837,21.112503051757812,2016.0,0.8517219424247742,129
c1_028,1,-90.010105,21.151576,2016.0,0.8799378871917725,129
c1_029,1,-90.113042,21.085018157958984,2016.0,0.8775152564048767,129
c1_030,1,-90.110348,21.111964,2016.0,0.81313157081604,129
c2_001,2,-89.941929,21.138911,2016.0,0.9513486623764038,129
c2_002,2,-90.100647,21.146995,2016.0,0.8517136573791504,129
c2_003,2,-90.111964,21.138642,2016.0,0.8920021057128906,129
c2_004,2,-90.118971,21.110347747802734,2016.0,0.7383446097373962,129
c2_005,2,-90.117084,21.092023849487305,2016.0,0.8570669293403625,129
c2_006,2,-90.070466,21.094718,2016.0,0.8673563599586487,129
c2_007,2,-89.99231719970703,21.149690628051758,2016.0,0.7649493217468262,129
c2_008,2,-90.042172,21.114389419555664,2016.0,0.6870423555374146,129
c2_009,2,-90.117893,21.135947,2016.0,0.7368175983428955,129
c2_010,2,-90.006871,21.131097,2016.0,0.9680039286613464,129
c2_011,2,-89.946241,21.164511,2016.0,0.9049960970878601,129
c2_012,2,-90.101725,21.08043670654297,2016.0,0.8942375779151917,129
c2_013,2,-90.00768280029297,21.128133,2016.0,0.9100046157836914,129
c2_014,2,-90.097413,21.149959564208984,2016.0,0.9267863631248474,129
c2_015,2,-90.052412,21.098222,2016.0,0.8640345931053162,129
c2_016,2,-89.955672,21.166936,2016.0,0.8892298936843872,129
c2_017,2,-89.985853,21.152385,2016.0,0.7819585204124451,129
c2_018,2,-90.039477,21.152654,2016.0,0.914906919002533,129
c2_019,2,-90.120049,21.121396,2016.0,0.9118203520774841,129
c2_020,2,-90.051334,21.10765266418457,2016.0,0.8643326759338379,129
c2_021,2,-90.070197,21.091215133666992,2016.0,0.8769104480743408,129
c2_022,2,-90.094988,21.123282,2016.0,0.8487730622291565,129
c2_023,2,-89.966182,21.124359130859375,2016.0,0.8207552433013916,129
c2_024,2,-90.085287,21.123552322387695,2016.0,0.8126832246780396,129
c2_025,2,-90.074239,21.092832,2016.0,0.8667794466018677,129
c2_026,2,-90.101455,21.144301,2016.0,0.8823773860931396,129
c2_027,2,-89.997979,21.154002,2016.0,0.9975060820579529,129
c2_028,2,-89.968607,21.116275787353516,2016.0,0.8851026892662048,129
c2_029,2,-89.975344,21.13729476928711,2016.0,0.8181747794151306,129
c2_030,2,-90.025195,21.116544723510742,2016.0,0.8623219728469849,129
c10_004,3,-90.028968,21.158313,2016.0,0.714222252368927,129
c10_002,3,-90.03301239013672,21.158044,2016.0,0.8222908973693848,129
c10_003,3,-90.032741,21.159122467041016,2016.0,0.8718814849853516,129
c10_005,3,-90.030585,21.158044,2016.0,0.5092846751213074,129
c3_029,3,-90.08555603027344,21.149690628051758,2016.0,0.4939354956150055,129
c10_001,3,-89.95405578613281,21.163972,2016.0,0.5031782984733582,129
c3_009,3,-89.986931,21.149959564208984,2016.0,0.9707069993019104,129
c3_028,3,-89.982619,21.180679,2016.0,0.895466148853302,129
c3_005,3,-90.031124,21.124629,2016.0,0.8986787796020508,129
c3_002,3,-89.995823,21.13837242126465,2016.0,0.8713223338127136,129
c3_008,3,-89.951091,21.200081,2016.0,0.22636431455612183,129
c3_013,3,-89.951361,21.199003219604492,2016.0,0.25901228189468384,129
c3_016,3,-89.949205,21.20115852355957,2016.0,0.4065558612346649,129
c3_021,3,-89.950013,21.19927215576172,2016.0,0.3944813013076782,129
c3_018,3,-90.1038818359375,21.086095,2016.0,0.9028981924057007,129
c3_003,3,-89.995284,21.139720916748047,2016.0,0.8144919872283936,129
c3_007,3,-89.964834,21.14322280883789,2016.0,0.798689603805542,129
c3_011,3,-90.008758,21.113311767578125,2016.0,0.8687916398048401,129
c3_017,3,-89.980733,21.145648,2016.0,0.7793046236038208,129
c3_027,3,-90.016572,21.116006,2016.0,0.8654752969741821,129
c3_010,3,-89.973188,21.186607360839844,2016.0,0.8986629843711853,129
c3_024,3,-90.088521,21.146726,2016.0,0.7562575936317444,129
c3_025,3,-89.943007,21.170978,2016.0,0.8049725890159607,129
c3_019,3,-89.958906,21.12489891052246,2016.0,0.9128974676132202,129
c3_023,3,-90.00040435791016,21.138642,2016.0,0.6764563918113708,129
c3_012,3,-90.000135,21.130826950073242,2016.0,0.865652859210968,129
c3_020,3,-89.986392,21.159391403198242,2016.0,0.6552096009254456,129
c3_026,3,-90.014417,21.114659,2016.0,0.9512302279472351,129
c3_014,3,-89.945702,21.20331382751465,2016.0,0.8748042583465576,129
c3_030,3,-90.104958,21.09660530090332,2016.0,0.6898177266120911,129
c3_001,3,-90.072083,21.088790893554688,2016.0,0.8831571340560913,129
c3_004,3,-90.046214,21.096874237060547,2016.0,0.9045093059539795,129
c3_006,3,-89.973188,21.15966033935547,2016.0,0.8640979528427124,129
c3_015,3,-90.011722,21.112503051757812,2016.0,0.878664493560791,129
c3_022,3,-90.041364,21.099029541015625,2016.0,0.8414961099624634,129
c4_001,4,-89.957828,21.178254,2016.0,0.5881166458129883,129
c4_002,4,-89.963217,21.190109252929688,2016.0,0.8658380508422852,129
c4_003,4,-89.950822,21.1922664642334,2016.0,0.6906723976135254,129
c4_004,4,-89.992859,21.172864,2016.0,0.5383803844451904,129
c4_005,4,-89.940313,21.199811,2016.0,0.8412044048309326,129
c4_006,4,-89.939774,21.204662322998047,2016.0,0.874259889125824,129
c4_007,4,-90.070736,21.130288,2016.0,0.7463240623474121,129
c4_008,4,-89.998518,21.119239807128906,2016.0,0.8357747793197632,129
c4_009,4,-90.035705,21.144301,2016.0,0.6359606981277466,129
c4_010,4,-90.029776,21.160737991333008,2016.0,0.6973915100097656,129
c4_011,4,-90.036244,21.152114868164062,2016.0,0.8528047800064087,129
c4_012,4,-90.106306,21.113851,2016.0,0.8437981009483337,129
c4_013,4,-89.943007,21.202506,2016.0,0.8731933832168579,129
c4_014,4,-89.956481,21.189302444458008,2016.0,0.8727136850357056,129
c4_015,4,-90.1038818359375,21.116006,2016.0,0.7104054093360901,129
c4_016,4,-89.943277,21.199542,2016.0,0.2306552529335022,129
c4_017,4,-90.07369995117188,21.133522033691406,2016.0,0.7831995487213135,129
c4_018,4,-89.996632,21.15022850036621,2016.0,0.9373155236244202,129
c4_019,4,-90.022501,21.156966,2016.0,0.6935840845108032,129
c4_020,4,-89.981811,21.164511,2016.0,0.8261799812316895,129
c4_021,4,-90.001482,21.169092178344727,2016.0,0.8859862685203552,129
c4_022,4,-89.99259185791016,21.120318,2016.0,0.8696960210800171,129
c4_023,4,-89.955133,21.188493728637695,2016.0,0.8513914942741394,129
c4_024,4,-89.966182,21.181218,2016.0,0.828620433807373,129
c4_025,4,-89.952439,21.1922664642334,2016.0,0.5483185648918152,129
c4_026,4,-90.034357,21.160199,2016.0,0.9847137331962585,129
c4_027,4,-89.966451,21.182565,2016.0,0.7020275592803955,129
c4_028,4,-89.958636,21.177175521850586,2016.0,0.43893590569496155,129
c4_029,4,-90.074778,21.130826950073242,2016.0,0.7813726663589478,129
c4_030,4,-89.976421,21.170978,2016.0,0.799160897731781,129
c5_001,5,-90.044328,21.155349,2016.0,0.9887781739234924,129
c5_005,5,-90.011722,21.165858,2016.0,0.9668075442314148,129
c5_020,5,-90.002829,21.15642738342285,2016.0,0.901526689529419,129
c5_022,5,-90.004985,21.156696319580078,2016.0,0.8919879794120789,129
c5_002,5,-90.066424,21.152114868164062,2016.0,0.9514617919921875,129
c5_004,5,-90.039477,21.155618,2016.0,0.8484420776367188,129
c5_006,5,-90.006063,21.155078887939453,2016.0,0.7821065187454224,129
c5_009,5,-90.039477,21.156966,2016.0,0.90730220079422,129
c5_010,5,-90.032202,21.159391403198242,2016.0,0.8894134163856506,129
c5_012,5,-89.996093,21.155349,2016.0,0.8103584051132202,129
c5_014,5,-90.042711,21.155618,2016.0,0.624252200126648,129
c5_015,5,-90.061304,21.156156539916992,2016.0,0.8178561329841614,129
c5_016,5,-90.036783,21.156966,2016.0,0.6420711874961853,129
c5_018,5,-90.02816009521484,21.156696319580078,2016.0,0.8524869680404663,129
c5_019,5,-90.037321,21.158313,2016.0,0.890753448009491,129
c5_021,5,-90.062921,21.154541015625,2016.0,0.9032413363456726,129
c5_023,5,-90.031932,21.158044,2016.0,0.6966853737831116,129
c5_025,5,-90.074778,21.151845932006836,2016.0,0.9246980547904968,129
c5_027,5,-90.037052,21.159929275512695,2016.0,0.8595644235610962,129
c5_028,5,-90.03813171386719,21.155349,2016.0,0.8199631571769714,129
c5_029,5,-90.035166,21.156156539916992,2016.0,0.5995814800262451,129
c5_030,5,-90.030585,21.15750503540039,2016.0,0.5992884635925293,129
c5_011,5,-90.064538,21.154541015625,2016.0,0.9370235204696655,129
c5_013,5,-89.998248,21.172326,2016.0,0.6471289992332458,129
c5_024,5,-89.988009,21.162355422973633,2016.0,0.9778995513916016,129
c5_008,5,-90.057262,21.155349,2016.0,0.8128142952919006,129
c5_017,5,-90.036513,21.154271,2016.0,0.9419047236442566,129
c5_026,5,-89.996632,21.160737991333008,2016.0,0.9102619290351868,129
c5_003,5,-89.978038,21.180139541625977,2016.0,0.7942105531692505,129
c5_007,5,-90.08124542236328,21.149421,2016.0,0.8934734463691711,129
c1_001,1,-90.092293,21.134868621826172,2017.0,0.9221433401107788,126
c1_002,1,-90.057262,21.116815,2017.0,0.8179376125335693,126
c1_003,1,-90.097413,21.129209518432617,2017.0,0.9079661965370178,126
c1_004,1,-90.051873,21.142684,2017.0,0.7861998677253723,126
c1_005,1,-90.116815,21.0882511138916,2017.0,0.8094415664672852,126
c1_006,1,-90.066694,21.0987606048584,2017.0,0.8364174962043762,126
c1_007,1,-89.974805,21.120318,2017.0,0.8984666466712952,126
c1_008,1,-89.979925,21.132444381713867,2017.0,0.8431414365768433,126
c1_009,1,-89.988278,21.157773971557617,2017.0,0.6901801228523254,126
c1_010,1,-90.062921,21.101186,2017.0,0.7598989009857178,126
c1_011,1,-90.004177,21.130558013916016,2017.0,0.8882109522819519,126
c1_012,1,-90.070197,21.140798,2017.0,0.8780061602592468,126
c1_013,1,-89.989086,21.127055,2017.0,0.7591580152511597,126
c1_014,1,-90.05834197998047,21.147265,2017.0,0.9153580069541931,126
c1_015,1,-90.073969,21.147265,2017.0,0.9165580868721008,126
c1_016,1,-89.955672,21.141876220703125,2017.0,0.8768650889396667,126
c1_017,1,-89.95162963867188,21.132444381713867,2017.0,0.8869299292564392,126
c1_018,1,-90.08124542236328,21.135408401489258,2017.0,0.8892757892608643,126
c1_019,1,-90.112234,21.128671646118164,2017.0,0.8619718551635742,126
c1_020,1,-89.977499,21.129480361938477,2017.0,0.7707488536834717,126
c1_021,1,-90.07855224609375,21.141337,2017.0,0.903037428855896,126
c1_022,1,-90.075317,21.103341,2017.0,0.8919259905815125,126
c1_023,1,-90.067502,21.106845,2017.0,0.9004409313201904,126
c1_024,1,-89.947319,21.188493728637695,2017.0,0.7883138060569763,126
c1_025,1,-90.09876251220703,21.119779,2017.0,0.7650618553161621,126
c1_026,1,-89.945702,21.14322280883789,2017.0,0.8593533635139465,126
c1_027,1,-90.054837,21.112503051757812,2017.0,0.858121395111084,126
c1_028,1,-90.010105,21.151576,2017.0,0.9323625564575195,126
c1_029,1,-90.113042,21.085018157958984,2017.0,0.8771278858184814,126
c1_030,1,-90.110348,21.111964,2017.0,0.7733054757118225,126
c2_001,2,-89.941929,21.138911,2017.0,0.8903697729110718,126
c2_002,2,-90.100647,21.146995,2017.0,0.8837509751319885,126
c2_003,2,-90.111964,21.138642,2017.0,0.9097564816474915,126
c2_004,2,-90.118971,21.110347747802734,2017.0,0.7177702784538269,126
c2_005,2,-90.117084,21.092023849487305,2017.0,0.8659378886222839,126
c2_006,2,-90.070466,21.094718,2017.0,0.8779298067092896,126
c2_007,2,-89.99231719970703,21.149690628051758,2017.0,0.7462921738624573,126
c2_008,2,-90.042172,21.114389419555664,2017.0,0.7081767916679382,126
c2_009,2,-90.117893,21.135947,2017.0,0.8096597790718079,126
c2_010,2,-90.006871,21.131097,2017.0,0.8485398888587952,126
c2_011,2,-89.946241,21.164511,2017.0,0.8152190446853638,126
c2_012,2,-90.101725,21.08043670654297,2017.0,0.9380552768707275,126
c2_013,2,-90.00768280029297,21.128133,2017.0,0.8648129105567932,126
c2_014,2,-90.097413,21.149959564208984,2017.0,0.9242863059043884,126
c2_015,2,-90.052412,21.098222,2017.0,0.8725854158401489,126
c2_016,2,-89.955672,21.166936,2017.0,0.894946813583374,126
c2_017,2,-89.985853,21.152385,2017.0,0.7714602947235107,126
c2_018,2,-90.039477,21.152654,2017.0,0.9231078028678894,126
c2_019,2,-90.120049,21.121396,2017.0,0.8577861785888672,126
c2_020,2,-90.051334,21.10765266418457,2017.0,0.9395944476127625,126
c2_021,2,-90.070197,21.091215133666992,2017.0,0.872140645980835,126
c2_022,2,-90.094988,21.123282,2017.0,0.8391476273536682,126
c2_023,2,-89.966182,21.124359130859375,2017.0,0.8187937140464783,126
c2_024,2,-90.085287,21.123552322387695,2017.0,0.8483839631080627,126
c2_025,2,-90.074239,21.092832,2017.0,0.8915786743164062,126
c2_026,2,-90.101455,21.144301,2017.0,0.8377954363822937,126
c2_027,2,-89.997979,21.154002,2017.0,0.8799613118171692,126
c2_028,2,-89.968607,21.116275787353516,2017.0,0.8924943804740906,126
c2_029,2,-89.975344,21.13729476928711,2017.0,0.8122943043708801,126
c2_030,2,-90.025195,21.116544723510742,2017.0,0.8898161053657532,126
c10_004,3,-90.028968,21.158313,2017.0,0.6999304890632629,126
c10_002,3,-90.03301239013672,21.158044,2017.0,0.35010844469070435,126
c10_003,3,-90.032741,21.159122467041016,2017.0,0.4919056296348572,126
c10_005,3,-90.030585,21.158044,2017.0,0.3397146463394165,126
c3_029,3,-90.08555603027344,21.149690628051758,2017.0,0.6875,126
c10_001,3,-89.95405578613281,21.163972,2017.0,0.5650622248649597,126
c3_009,3,-89.986931,21.149959564208984,2017.0,0.883370041847229,126
c3_028,3,-89.982619,21.180679,2017.0,0.69772869348526,126
c3_005,3,-90.031124,21.124629,2017.0,0.8561193943023682,126
c3_002,3,-89.995823,21.13837242126465,2017.0,0.8660436868667603,126
c3_008,3,-89.951091,21.200081,2017.0,0.4261067807674408,126
c3_013,3,-89.951361,21.199003219604492,2017.0,0.23126135766506195,126
c3_016,3,-89.949205,21.20115852355957,2017.0,0.4627409875392914,126
c3_021,3,-89.950013,21.19927215576172,2017.0,0.4079079329967499,126
c3_018,3,-90.1038818359375,21.086095,2017.0,0.9280830025672913,126
c3_003,3,-89.995284,21.139720916748047,2017.0,0.7773431539535522,126
c3_007,3,-89.964834,21.14322280883789,2017.0,0.7744237780570984,126
c3_011,3,-90.008758,21.113311767578125,2017.0,0.8503046631813049,126
c3_017,3,-89.980733,21.145648,2017.0,0.7624446749687195,126
c3_027,3,-90.016572,21.116006,2017.0,0.8701314926147461,126
c3_010,3,-89.973188,21.186607360839844,2017.0,0.9100008010864258,126
c3_024,3,-90.088521,21.146726,2017.0,0.9185242652893066,126
c3_025,3,-89.943007,21.170978,2017.0,0.7795148491859436,126
c3_019,3,-89.958906,21.12489891052246,2017.0,0.9020815491676331,126
c3_023,3,-90.00040435791016,21.138642,2017.0,0.7260665893554688,126
c3_012,3,-90.000135,21.130826950073242,2017.0,0.8477388024330139,126
c3_020,3,-89.986392,21.159391403198242,2017.0,0.8645102977752686,126
c3_026,3,-90.014417,21.114659,2017.0,0.9153334498405457,126
c3_014,3,-89.945702,21.20331382751465,2017.0,0.8818902969360352,126
c3_030,3,-90.104958,21.09660530090332,2017.0,0.6885225176811218,126
c3_001,3,-90.072083,21.088790893554688,2017.0,0.8736276030540466,126
c3_004,3,-90.046214,21.096874237060547,2017.0,0.8446226119995117,126
c3_006,3,-89.973188,21.15966033935547,2017.0,0.8722327351570129,126
c3_015,3,-90.011722,21.112503051757812,2017.0,0.9383144974708557,126
c3_022,3,-90.041364,21.099029541015625,2017.0,0.8423977494239807,126
c4_001,4,-89.957828,21.178254,2017.0,0.682472825050354,126
c4_002,4,-89.963217,21.190109252929688,2017.0,0.8648390769958496,126
c4_003,4,-89.950822,21.1922664642334,2017.0,0.7899661660194397,126
c4_004,4,-89.992859,21.172864,2017.0,0.5922508835792542,126
c4_005,4,-89.940313,21.199811,2017.0,0.8822335004806519,126
c4_006,4,-89.939774,21.204662322998047,2017.0,0.875201940536499,126
c4_007,4,-90.070736,21.130288,2017.0,0.7570759057998657,126
c4_008,4,-89.998518,21.119239807128906,2017.0,0.8261409401893616,126
c4_009,4,-90.035705,21.144301,2017.0,0.6466782093048096,126
c4_010,4,-90.029776,21.160737991333008,2017.0,0.7546194195747375,126
c4_011,4,-90.036244,21.152114868164062,2017.0,0.854254424571991,126
c4_012,4,-90.106306,21.113851,2017.0,0.8250027298927307,126
c4_013,4,-89.943007,21.202506,2017.0,0.8449544906616211,126
c4_014,4,-89.956481,21.189302444458008,2017.0,0.8748620748519897,126
c4_015,4,-90.1038818359375,21.116006,2017.0,0.7188631296157837,126
c4_016,4,-89.943277,21.199542,2017.0,0.379549115896225,126
c4_017,4,-90.07369995117188,21.133522033691406,2017.0,0.7661343812942505,126
c4_018,4,-89.996632,21.15022850036621,2017.0,0.8080840706825256,126
c4_019,4,-90.022501,21.156966,2017.0,0.5659046769142151,126
c4_020,4,-89.981811,21.164511,2017.0,0.8427553176879883,126
c4_021,4,-90.001482,21.169092178344727,2017.0,0.7505140900611877,126
c4_022,4,-89.99259185791016,21.120318,2017.0,0.84955894947052,126
c4_023,4,-89.955133,21.188493728637695,2017.0,0.8471493721008301,126
c4_024,4,-89.966182,21.181218,2017.0,0.8819101452827454,126
c4_025,4,-89.952439,21.1922664642334,2017.0,0.6655862927436829,126
c4_026,4,-90.034357,21.160199,2017.0,0.8632763624191284,126
c4_027,4,-89.966451,21.182565,2017.0,0.6348878145217896,126
c4_028,4,-89.958636,21.177175521850586,2017.0,0.5603334307670593,126
c4_029,4,-90.074778,21.130826950073242,2017.0,0.7764393091201782,126
c4_030,4,-89.976421,21.170978,2017.0,0.8937751650810242,126
c5_001,5,-90.044328,21.155349,2017.0,0.9237291812896729,126
c5_005,5,-90.011722,21.165858,2017.0,0.921381950378418,126
c5_020,5,-90.002829,21.15642738342285,2017.0,0.9026755094528198,126
c5_022,5,-90.004985,21.156696319580078,2017.0,0.8925685286521912,126
c5_002,5,-90.066424,21.152114868164062,2017.0,0.8950498104095459,126
c5_004,5,-90.039477,21.155618,2017.0,0.9227540493011475,126
c5_006,5,-90.006063,21.155078887939453,2017.0,0.868506133556366,126
c5_009,5,-90.039477,21.156966,2017.0,0.9395615458488464,126
c5_010,5,-90.032202,21.159391403198242,2017.0,0.8697536587715149,126
c5_012,5,-89.996093,21.155349,2017.0,0.740949273109436,126
c5_014,5,-90.042711,21.155618,2017.0,0.781757116317749,126
c5_015,5,-90.061304,21.156156539916992,2017.0,0.9123186469078064,126
c5_016,5,-90.036783,21.156966,2017.0,0.8110853433609009,126
c5_018,5,-90.02816009521484,21.156696319580078,2017.0,0.8324524760246277,126
c5_019,5,-90.037321,21.158313,2017.0,0.8823082447052002,126
c5_021,5,-90.062921,21.154541015625,2017.0,0.9449026584625244,126
c5_023,5,-90.031932,21.158044,2017.0,0.7157174944877625,126
c5_025,5,-90.074778,21.151845932006836,2017.0,0.8879963755607605,126
c5_027,5,-90.037052,21.159929275512695,2017.0,0.8544586300849915,126
c5_028,5,-90.03813171386719,21.155349,2017.0,0.9504476189613342,126
c5_029,5,-90.035166,21.156156539916992,2017.0,0.7785189747810364,126
c5_030,5,-90.030585,21.15750503540039,2017.0,0.6194919943809509,126
c5_011,5,-90.064538,21.154541015625,2017.0,0.9075995683670044,126
c5_013,5,-89.998248,21.172326,2017.0,0.6206877827644348,126
c5_024,5,-89.988009,21.162355422973633,2017.0,0.9085193872451782,126
c5_008,5,-90.057262,21.155349,2017.0,0.9272030591964722,126
c5_017,5,-90.036513,21.154271,2017.0,0.9491705298423767,126
c5_026,5,-89.996632,21.160737991333008,2017.0,0.9387242197990417,126
c5_003,5,-89.978038,21.180139541625977,2017.0,0.7936788201332092,126
c5_007,5,-90.08124542236328,21.149421,2017.0,0.906385064125061,126
c1_001,1,-90.092293,21.134868621826172,2018.0,0.898533284664154,120
c1_002,1,-90.057262,21.116815,2018.0,0.8495089411735535,120
c1_003,1,-90.097413,21.129209518432617,2018.0,0.870893120765686,120
c1_004,1,-90.051873,21.142684,2018.0,0.7868788838386536,120
c1_005,1,-90.116815,21.0882511138916,2018.0,0.80816251039505,120
c1_006,1,-90.066694,21.0987606048584,2018.0,0.8440126776695251,120
c1_007,1,-89.974805,21.120318,2018.0,0.8575579524040222,120
c1_008,1,-89.979925,21.132444381713867,2018.0,0.821455717086792,120
c1_009,1,-89.988278,21.157773971557617,2018.0,0.6775350570678711,120
c1_010,1,-90.062921,21.101186,2018.0,0.8281803727149963,120
c1_011,1,-90.004177,21.130558013916016,2018.0,0.873067319393158,120
c1_012,1,-90.070197,21.140798,2018.0,0.9006887078285217,120
c1_013,1,-89.989086,21.127055,2018.0,0.7355077862739563,120
c1_014,1,-90.05834197998047,21.147265,2018.0,0.9152384996414185,120
c1_015,1,-90.073969,21.147265,2018.0,0.9630528688430786,120
c1_016,1,-89.955672,21.141876220703125,2018.0,0.8684232234954834,120
c1_017,1,-89.95162963867188,21.132444381713867,2018.0,0.9559563398361206,120
c1_018,1,-90.08124542236328,21.135408401489258,2018.0,0.8883879780769348,120
c1_019,1,-90.112234,21.128671646118164,2018.0,0.8956931233406067,120
c1_020,1,-89.977499,21.129480361938477,2018.0,0.7874449491500854,120
c1_021,1,-90.07855224609375,21.141337,2018.0,0.882236123085022,120
c1_022,1,-90.075317,21.103341,2018.0,0.8826639652252197,120
c1_023,1,-90.067502,21.106845,2018.0,0.8731681704521179,120
c1_024,1,-89.947319,21.188493728637695,2018.0,0.7878701090812683,120
c1_025,1,-90.09876251220703,21.119779,2018.0,0.7724164128303528,120
c1_026,1,-89.945702,21.14322280883789,2018.0,0.8653183579444885,120
c1_027,1,-90.054837,21.112503051757812,2018.0,0.956210732460022,120
c1_028,1,-90.010105,21.151576,2018.0,0.9101770520210266,120
c1_029,1,-90.113042,21.085018157958984,2018.0,0.9661508798599243,120
c1_030,1,-90.110348,21.111964,2018.0,0.791729211807251,120
c2_001,2,-89.941929,21.138911,2018.0,0.872015655040741,120
c2_002,2,-90.100647,21.146995,2018.0,0.8654175400733948,120
c2_003,2,-90.111964,21.138642,2018.0,0.9116222858428955,120
c2_004,2,-90.118971,21.110347747802734,2018.0,0.7161107063293457,120
c2_005,2,-90.117084,21.092023849487305,2018.0,0.8589179515838623,120
c2_006,2,-90.070466,21.094718,2018.0,0.8732478022575378,120
c2_007,2,-89.99231719970703,21.149690628051758,2018.0,0.7505555152893066,120
c2_008,2,-90.042172,21.114389419555664,2018.0,0.7317035794258118,120
c2_009,2,-90.117893,21.135947,2018.0,0.7610416412353516,120
c2_010,2,-90.006871,21.131097,2018.0,0.8534814119338989,120
c2_011,2,-89.946241,21.164511,2018.0,0.8352468013763428,120
c2_012,2,-90.101725,21.08043670654297,2018.0,0.8516988158226013,120
c2_013,2,-90.00768280029297,21.128133,2018.0,0.8346499800682068,120
c2_014,2,-90.097413,21.149959564208984,2018.0,0.9208453893661499,120
c2_015,2,-90.052412,21.098222,2018.0,0.8690717220306396,120
c2_016,2,-89.955672,21.166936,2018.0,0.8849146962165833,120
c2_017,2,-89.985853,21.152385,2018.0,0.8447579741477966,120
c2_018,2,-90.039477,21.152654,2018.0,0.909147322177887,120
c2_019,2,-90.120049,21.121396,2018.0,0.8618270754814148,120
c2_020,2,-90.051334,21.10765266418457,2018.0,0.9313463568687439,120
c2_021,2,-90.070197,21.091215133666992,2018.0,0.8945438861846924,120
c2_022,2,-90.094988,21.123282,2018.0,0.8426680564880371,120
c2_023,2,-89.966182,21.124359130859375,2018.0,0.8348296284675598,120
c2_024,2,-90.085287,21.123552322387695,2018.0,0.8173267245292664,120
c2_025,2,-90.074239,21.092832,2018.0,0.8774120807647705,120
c2_026,2,-90.101455,21.144301,2018.0,0.8298964500427246,120
c2_027,2,-89.997979,21.154002,2018.0,0.8815057277679443,120
c2_028,2,-89.968607,21.116275787353516,2018.0,0.8857508301734924,120
c2_029,2,-89.975344,21.13729476928711,2018.0,0.8353578448295593,120
c2_030,2,-90.025195,21.116544723510742,2018.0,0.8939939737319946,120
c10_004,3,-90.028968,21.158313,2018.0,0.6879704594612122,120
c10_002,3,-90.03301239013672,21.158044,2018.0,0.43557533621788025,120
c10_003,3,-90.032741,21.159122467041016,2018.0,0.4527756869792938,120
c10_005,3,-90.030585,21.158044,2018.0,0.4008170962333679,120
c3_029,3,-90.08555603027344,21.149690628051758,2018.0,0.4598732590675354,120
c10_001,3,-89.95405578613281,21.163972,2018.0,0.5393429398536682,120
c3_009,3,-89.986931,21.149959564208984,2018.0,0.9159572124481201,120
c3_028,3,-89.982619,21.180679,2018.0,0.6703115105628967,120
c3_005,3,-90.031124,21.124629,2018.0,0.8731505274772644,120
c3_002,3,-89.995823,21.13837242126465,2018.0,0.857199490070343,120
c3_008,3,-89.951091,21.200081,2018.0,0.2219262421131134,120
c3_013,3,-89.951361,21.199003219604492,2018.0,0.18979483842849731,120
c3_016,3,-89.949205,21.20115852355957,2018.0,0.325562059879303,120
c3_021,3,-89.950013,21.19927215576172,2018.0,0.43678852915763855,120
c3_018,3,-90.1038818359375,21.086095,2018.0,0.9077578186988831,120
c3_003,3,-89.995284,21.139720916748047,2018.0,0.7404988408088684,120
c3_007,3,-89.964834,21.14322280883789,2018.0,0.7166659235954285,120
c3_011,3,-90.008758,21.113311767578125,2018.0,0.8868182897567749,120
c3_017,3,-89.980733,21.145648,2018.0,0.7686355113983154,120
c3_027,3,-90.016572,21.116006,2018.0,0.8959609866142273,120
c3_010,3,-89.973188,21.186607360839844,2018.0,0.9005870819091797,120
c3_024,3,-90.088521,21.146726,2018.0,0.9285599589347839,120
c3_025,3,-89.943007,21.170978,2018.0,0.7800602912902832,120
c3_019,3,-89.958906,21.12489891052246,2018.0,0.9047536849975586,120
c3_023,3,-90.00040435791016,21.138642,2018.0,0.6976774334907532,120
c3_012,3,-90.000135,21.130826950073242,2018.0,0.8086984157562256,120
c3_020,3,-89.986392,21.159391403198242,2018.0,0.6539304852485657,120
c3_026,3,-90.014417,21.114659,2018.0,0.9076200127601624,120
c3_014,3,-89.945702,21.20331382751465,2018.0,0.8642343282699585,120
c3_030,3,-90.104958,21.09660530090332,2018.0,0.6854262351989746,120
c3_001,3,-90.072083,21.088790893554688,2018.0,0.8852208256721497,120
c3_004,3,-90.046214,21.096874237060547,2018.0,0.872532069683075,120
c3_006,3,-89.973188,21.15966033935547,2018.0,0.8827943801879883,120
c3_015,3,-90.011722,21.112503051757812,2018.0,0.8937752842903137,120
c3_022,3,-90.041364,21.099029541015625,2018.0,0.8466103076934814,120
c4_001,4,-89.957828,21.178254,2018.0,0.6643000245094299,120
c4_002,4,-89.963217,21.190109252929688,2018.0,0.8821041584014893,120
c4_003,4,-89.950822,21.1922664642334,2018.0,0.8350721001625061,120
c4_004,4,-89.992859,21.172864,2018.0,0.6229527592658997,120
c4_005,4,-89.940313,21.199811,2018.0,0.8811291456222534,120
c4_006,4,-89.939774,21.204662322998047,2018.0,0.8914339542388916,120
c4_007,4,-90.070736,21.130288,2018.0,0.7881146669387817,120
c4_008,4,-89.998518,21.119239807128906,2018.0,0.8717222213745117,120
c4_009,4,-90.035705,21.144301,2018.0,0.6473376750946045,120
c4_010,4,-90.029776,21.160737991333008,2018.0,0.7303951978683472,120
c4_011,4,-90.036244,21.152114868164062,2018.0,0.8488161563873291,120
c4_012,4,-90.106306,21.113851,2018.0,0.8425503969192505,120
c4_013,4,-89.943007,21.202506,2018.0,0.9063605666160583,120
c4_014,4,-89.956481,21.189302444458008,2018.0,0.8619614839553833,120
c4_015,4,-90.1038818359375,21.116006,2018.0,0.7236068248748779,120
c4_016,4,-89.943277,21.199542,2018.0,0.4682862162590027,120
c4_017,4,-90.07369995117188,21.133522033691406,2018.0,0.8214986324310303,120
c4_018,4,-89.996632,21.15022850036621,2018.0,0.7824506163597107,120
c4_019,4,-90.022501,21.156966,2018.0,0.5312312841415405,120
c4_020,4,-89.981811,21.164511,2018.0,0.8580605387687683,120
c4_021,4,-90.001482,21.169092178344727,2018.0,0.6512579917907715,120
c4_022,4,-89.99259185791016,21.120318,2018.0,0.8461538553237915,120
c4_023,4,-89.955133,21.188493728637695,2018.0,0.8418782353401184,120
c4_024,4,-89.966182,21.181218,2018.0,0.8748360276222229,120
c4_025,4,-89.952439,21.1922664642334,2018.0,0.6591813564300537,120
c4_026,4,-90.034357,21.160199,2018.0,0.8154065012931824,120
c4_027,4,-89.966451,21.182565,2018.0,0.5985559225082397,120
c4_028,4,-89.958636,21.177175521850586,2018.0,0.5606497526168823,120
c4_029,4,-90.074778,21.130826950073242,2018.0,0.7827509641647339,120
c4_030,4,-89.976421,21.170978,2018.0,0.8529505133628845,120
c5_001,5,-90.044328,21.155349,2018.0,0.9357747435569763,120
c5_005,5,-90.011722,21.165858,2018.0,0.8647388219833374,120
c5_020,5,-90.002829,21.15642738342285,2018.0,0.9338810443878174,120
c5_022,5,-90.004985,21.156696319580078,2018.0,0.8588294386863708,120
c5_002,5,-90.066424,21.152114868164062,2018.0,0.8860560655593872,120
c5_004,5,-90.039477,21.155618,2018.0,0.8841967582702637,120
c5_006,5,-90.006063,21.155078887939453,2018.0,0.8321158289909363,120
c5_009,5,-90.039477,21.156966,2018.0,0.938953697681427,120
c5_010,5,-90.032202,21.159391403198242,2018.0,0.8303362727165222,120
c5_012,5,-89.996093,21.155349,2018.0,0.7109084725379944,120
c5_014,5,-90.042711,21.155618,2018.0,0.6621977090835571,120
c5_015,5,-90.061304,21.156156539916992,2018.0,0.9200798869132996,120
c5_016,5,-90.036783,21.156966,2018.0,0.7081044912338257,120
c5_018,5,-90.02816009521484,21.156696319580078,2018.0,0.8648433685302734,120
c5_019,5,-90.037321,21.158313,2018.0,0.9794970750808716,120
c5_021,5,-90.062921,21.154541015625,2018.0,0.91150963306427,120
c5_023,5,-90.031932,21.158044,2018.0,0.858662486076355,120
c5_025,5,-90.074778,21.151845932006836,2018.0,0.8527118563652039,120
c5_027,5,-90.037052,21.159929275512695,2018.0,0.8476801514625549,120
c5_028,5,-90.03813171386719,21.155349,2018.0,0.9195774793624878,120
c5_029,5,-90.035166,21.156156539916992,2018.0,0.9473439455032349,120
c5_030,5,-90.030585,21.15750503540039,2018.0,0.930182158946991,120
c5_011,5,-90.064538,21.154541015625,2018.0,0.9103977680206299,120
c5_013,5,-89.998248,21.172326,2018.0,0.6252855062484741,120
c5_024,5,-89.988009,21.162355422973633,2018.0,0.9135158658027649,120
c5_008,5,-90.057262,21.155349,2018.0,0.9157861471176147,120
c5_017,5,-90.036513,21.154271,2018.0,0.9370747804641724,120
c5_026,5,-89.996632,21.160737991333008,2018.0,0.904279351234436,120
c5_003,5,-89.978038,21.180139541625977,2018.0,0.7438463568687439,120
c5_007,5,-90.08124542236328,21.149421,2018.0,0.8596820831298828,120
c1_001,1,-90.092293,21.134868621826172,2019.0,0.9090610146522522,129
c1_002,1,-90.057262,21.116815,2019.0,0.8032083511352539,129
c1_003,1,-90.097413,21.129209518432617,2019.0,0.8802154660224915,129
c1_004,1,-90.051873,21.142684,2019.0,0.8086932897567749,129
c1_005,1,-90.116815,21.0882511138916,2019.0,0.8228553533554077,129
c1_006,1,-90.066694,21.0987606048584,2019.0,0.8160958290100098,129
c1_007,1,-89.974805,21.120318,2019.0,0.8547770977020264,129
c1_008,1,-89.979925,21.132444381713867,2019.0,0.8203248977661133,129
c1_009,1,-89.988278,21.157773971557617,2019.0,0.6934245824813843,129
c1_010,1,-90.062921,21.101186,2019.0,0.8055155277252197,129
c1_011,1,-90.004177,21.130558013916016,2019.0,0.8484376072883606,129
c1_012,1,-90.070197,21.140798,2019.0,0.9099191427230835,129
c1_013,1,-89.989086,21.127055,2019.0,0.7727925181388855,129
c1_014,1,-90.05834197998047,21.147265,2019.0,0.9240018129348755,129
c1_015,1,-90.073969,21.147265,2019.0,0.9135767221450806,129
c1_016,1,-89.955672,21.141876220703125,2019.0,0.8679834008216858,129
c1_017,1,-89.95162963867188,21.132444381713867,2019.0,0.8368785381317139,129
c1_018,1,-90.08124542236328,21.135408401489258,2019.0,0.947390615940094,129
c1_019,1,-90.112234,21.128671646118164,2019.0,0.8697500824928284,129
c1_020,1,-89.977499,21.129480361938477,2019.0,0.7702077627182007,129
c1_021,1,-90.07855224609375,21.141337,2019.0,0.9055797457695007,129
c1_022,1,-90.075317,21.103341,2019.0,0.8767414689064026,129
c1_023,1,-90.067502,21.106845,2019.0,0.8634594082832336,129
c1_024,1,-89.947319,21.188493728637695,2019.0,0.8929146528244019,129
c1_025,1,-90.09876251220703,21.119779,2019.0,0.7979708313941956,129
c1_026,1,-89.945702,21.14322280883789,2019.0,0.8429812788963318,129
c1_027,1,-90.054837,21.112503051757812,2019.0,0.8630346655845642,129
c1_028,1,-90.010105,21.151576,2019.0,0.8666715025901794,129
c1_029,1,-90.113042,21.085018157958984,2019.0,0.8967203497886658,129
c1_030,1,-90.110348,21.111964,2019.0,0.8157455921173096,129
c2_001,2,-89.941929,21.138911,2019.0,0.8715326189994812,129
c2_002,2,-90.100647,21.146995,2019.0,0.9047142267227173,129
c2_003,2,-90.111964,21.138642,2019.0,0.8906192779541016,129
c2_004,2,-90.118971,21.110347747802734,2019.0,0.7660692930221558,129
c2_005,2,-90.117084,21.092023849487305,2019.0,0.881359875202179,129
c2_006,2,-90.070466,21.094718,2019.0,0.863689124584198,129
c2_007,2,-89.99231719970703,21.149690628051758,2019.0,0.8657094240188599,129
c2_008,2,-90.042172,21.114389419555664,2019.0,0.7169209718704224,129
c2_009,2,-90.117893,21.135947,2019.0,0.8207263350486755,129
c2_010,2,-90.006871,21.131097,2019.0,0.8213670253753662,129
c2_011,2,-89.946241,21.164511,2019.0,0.8367258906364441,129
c2_012,2,-90.101725,21.08043670654297,2019.0,0.8516358733177185,129
c2_013,2,-90.00768280029297,21.128133,2019.0,0.9007706046104431,129
c2_014,2,-90.097413,21.149959564208984,2019.0,0.9126877188682556,129
c2_015,2,-90.052412,21.098222,2019.0,0.8939172625541687,129
c2_016,2,-89.955672,21.166936,2019.0,0.9177214503288269,129
c2_017,2,-89.985853,21.152385,2019.0,0.7608670592308044,129
c2_018,2,-90.039477,21.152654,2019.0,0.9166603088378906,129
c2_019,2,-90.120049,21.121396,2019.0,0.8539694547653198,129
c2_020,2,-90.051334,21.10765266418457,2019.0,0.8613214492797852,129
c2_021,2,-90.070197,21.091215133666992,2019.0,0.9030325412750244,129
c2_022,2,-90.094988,21.123282,2019.0,0.8668440580368042,129
c2_023,2,-89.966182,21.124359130859375,2019.0,0.8293784260749817,129
c2_024,2,-90.085287,21.123552322387695,2019.0,0.8253963589668274,129
c2_025,2,-90.074239,21.092832,2019.0,0.8858592510223389,129
c2_026,2,-90.101455,21.144301,2019.0,0.880170464515686,129
c2_027,2,-89.997979,21.154002,2019.0,0.8950021266937256,129
c2_028,2,-89.968607,21.116275787353516,2019.0,0.9050308465957642,129
c2_029,2,-89.975344,21.13729476928711,2019.0,0.8369753360748291,129
c2_030,2,-90.025195,21.116544723510742,2019.0,0.8585940599441528,129
c10_004,3,-90.028968,21.158313,2019.0,0.8004576563835144,129
c10_002,3,-90.03301239013672,21.158044,2019.0,0.5601446032524109,129
c10_003,3,-90.032741,21.159122467041016,2019.0,0.966762125492096,129
c10_005,3,-90.030585,21.158044,2019.0,0.41080325841903687,129
c3_029,3,-90.08555603027344,21.149690628051758,2019.0,0.9860191941261292,129
c10_001,3,-89.95405578613281,21.163972,2019.0,0.6011630296707153,129
c3_009,3,-89.986931,21.149959564208984,2019.0,0.9940012693405151,129
c3_028,3,-89.982619,21.180679,2019.0,0.7119659185409546,129
c3_005,3,-90.031124,21.124629,2019.0,0.8535776734352112,129
c3_002,3,-89.995823,21.13837242126465,2019.0,0.8708583116531372,129
c3_008,3,-89.951091,21.200081,2019.0,0.2832329571247101,129
c3_013,3,-89.951361,21.199003219604492,2019.0,0.1676250696182251,129
c3_016,3,-89.949205,21.20115852355957,2019.0,0.25000643730163574,129
c3_021,3,-89.950013,21.19927215576172,2019.0,0.2618955969810486,129
c3_018,3,-90.1038818359375,21.086095,2019.0,0.8880296945571899,129
c3_003,3,-89.995284,21.139720916748047,2019.0,0.7592431902885437,129
c3_007,3,-89.964834,21.14322280883789,2019.0,0.7324174642562866,129
c3_011,3,-90.008758,21.113311767578125,2019.0,0.8574004173278809,129
c3_017,3,-89.980733,21.145648,2019.0,0.8006104230880737,129
c3_027,3,-90.016572,21.116006,2019.0,0.8523918390274048,129
c3_010,3,-89.973188,21.186607360839844,2019.0,0.8918883800506592,129
c3_024,3,-90.088521,21.146726,2019.0,0.9740450978279114,129
c3_025,3,-89.943007,21.170978,2019.0,0.8011616468429565,129
c3_019,3,-89.958906,21.12489891052246,2019.0,0.9051796793937683,129
c3_023,3,-90.00040435791016,21.138642,2019.0,0.7742432951927185,129
c3_012,3,-90.000135,21.130826950073242,2019.0,0.8711792826652527,129
c3_020,3,-89.986392,21.159391403198242,2019.0,0.6847197413444519,129
c3_026,3,-90.014417,21.114659,2019.0,0.8651984930038452,129
c3_014,3,-89.945702,21.20331382751465,2019.0,0.8696476817131042,129
c3_030,3,-90.104958,21.09660530090332,2019.0,0.6804907321929932,129
c3_001,3,-90.072083,21.088790893554688,2019.0,0.8601133823394775,129
c3_004,3,-90.046214,21.096874237060547,2019.0,0.8799121379852295,129
c3_006,3,-89.973188,21.15966033935547,2019.0,0.8664260506629944,129
c3_015,3,-90.011722,21.112503051757812,2019.0,0.854809582233429,129
c3_022,3,-90.041364,21.099029541015625,2019.0,0.8560070991516113,129
c4_001,4,-89.957828,21.178254,2019.0,0.7144752144813538,129
c4_002,4,-89.963217,21.190109252929688,2019.0,0.9062333703041077,129
c4_003,4,-89.950822,21.1922664642334,2019.0,0.8765081763267517,129
c4_004,4,-89.992859,21.172864,2019.0,0.7045007348060608,129
c4_005,4,-89.940313,21.199811,2019.0,0.898202657699585,129
c4_006,4,-89.939774,21.204662322998047,2019.0,0.9415071606636047,129
c4_007,4,-90.070736,21.130288,2019.0,0.7951522469520569,129
c4_008,4,-89.998518,21.119239807128906,2019.0,0.7850349545478821,129
c4_009,4,-90.035705,21.144301,2019.0,0.6605820059776306,129
c4_010,4,-90.029776,21.160737991333008,2019.0,0.7663825154304504,129
c4_011,4,-90.036244,21.152114868164062,2019.0,0.8624534010887146,129
c4_012,4,-90.106306,21.113851,2019.0,0.8413910865783691,129
c4_013,4,-89.943007,21.202506,2019.0,0.9026365280151367,129
c4_014,4,-89.956481,21.189302444458008,2019.0,0.8875965476036072,129
c4_015,4,-90.1038818359375,21.116006,2019.0,0.770344078540802,129
c4_016,4,-89.943277,21.199542,2019.0,0.6059925556182861,129
c4_017,4,-90.07369995117188,21.133522033691406,2019.0,0.8214424252510071,129
c4_018,4,-89.996632,21.15022850036621,2019.0,0.8007622957229614,129
c4_019,4,-90.022501,21.156966,2019.0,0.7746654748916626,129
c4_020,4,-89.981811,21.164511,2019.0,0.8572691679000854,129
c4_021,4,-90.001482,21.169092178344727,2019.0,0.6693896651268005,129
c4_022,4,-89.99259185791016,21.120318,2019.0,0.8377164602279663,129
c4_023,4,-89.955133,21.188493728637695,2019.0,0.882534921169281,129
c4_024,4,-89.966182,21.181218,2019.0,0.9110949039459229,129
c4_025,4,-89.952439,21.1922664642334,2019.0,0.6253868937492371,129
c4_026,4,-90.034357,21.160199,2019.0,0.8222619295120239,129
c4_027,4,-89.966451,21.182565,2019.0,0.6721885800361633,129
c4_028,4,-89.958636,21.177175521850586,2019.0,0.5745822191238403,129
c4_029,4,-90.074778,21.130826950073242,2019.0,0.8530498743057251,129
c4_030,4,-89.976421,21.170978,2019.0,0.9896599054336548,129
c5_001,5,-90.044328,21.155349,2019.0,0.9182662963867188,129
c5_005,5,-90.011722,21.165858,2019.0,0.9040691256523132,129
c5_020,5,-90.002829,21.15642738342285,2019.0,0.9224939942359924,129
c5_022,5,-90.004985,21.156696319580078,2019.0,0.844836413860321,129
c5_002,5,-90.066424,21.152114868164062,2019.0,0.9504451155662537,129
c5_004,5,-90.039477,21.155618,2019.0,0.9486148953437805,129
c5_006,5,-90.006063,21.155078887939453,2019.0,0.8834345936775208,129
c5_009,5,-90.039477,21.156966,2019.0,0.9441491961479187,129
c5_010,5,-90.032202,21.159391403198242,2019.0,0.8986483216285706,129
c5_012,5,-89.996093,21.155349,2019.0,0.7573077082633972,129
c5_014,5,-90.042711,21.155618,2019.0,0.885763943195343,129
c5_015,5,-90.061304,21.156156539916992,2019.0,0.9335251450538635,129
c5_016,5,-90.036783,21.156966,2019.0,0.8769645690917969,129
c5_018,5,-90.02816009521484,21.156696319580078,2019.0,0.9015026688575745,129
c5_019,5,-90.037321,21.158313,2019.0,0.9129428863525391,129
c5_021,5,-90.062921,21.154541015625,2019.0,0.9453958868980408,129
c5_023,5,-90.031932,21.158044,2019.0,0.843811571598053,129
c5_025,5,-90.074778,21.151845932006836,2019.0,0.9203763008117676,129
c5_027,5,-90.037052,21.159929275512695,2019.0,0.8775604367256165,129
c5_028,5,-90.03813171386719,21.155349,2019.0,0.9555329084396362,129
c5_029,5,-90.035166,21.156156539916992,2019.0,0.8848108053207397,129
c5_030,5,-90.030585,21.15750503540039,2019.0,0.7415542006492615,129
c5_011,5,-90.064538,21.154541015625,2019.0,0.9266524910926819,129
c5_013,5,-89.998248,21.172326,2019.0,0.6773142218589783,129
c5_024,5,-89.988009,21.162355422973633,2019.0,0.9056544303894043,129
c5_008,5,-90.057262,21.155349,2019.0,0.9312373995780945,129
c5_017,5,-90.036513,21.154271,2019.0,0.9373650550842285,129
c5_026,5,-89.996632,21.160737991333008,2019.0,0.897606372833252,129
c5_003,5,-89.978038,21.180139541625977,2019.0,0.7357445955276489,129
c5_007,5,-90.08124542236328,21.149421,2019.0,0.9502044916152954,129
c1_001,1,-90.092293,21.134868621826172,2020.0,0.8365672826766968,121
c1_002,1,-90.057262,21.116815,2020.0,0.8499489426612854,121
c1_003,1,-90.097413,21.129209518432617,2020.0,0.8551217913627625,121
c1_004,1,-90.051873,21.142684,2020.0,0.8653645515441895,121
c1_005,1,-90.116815,21.0882511138916,2020.0,0.834446907043457,121
c1_006,1,-90.066694,21.0987606048584,2020.0,0.8340619206428528,121
c1_007,1,-89.974805,21.120318,2020.0,0.9403467774391174,121
c1_008,1,-89.979925,21.132444381713867,2020.0,0.9566934108734131,121
c1_009,1,-89.988278,21.157773971557617,2020.0,0.685966432094574,121
c1_010,1,-90.062921,21.101186,2020.0,0.8390838503837585,121
c1_011,1,-90.004177,21.130558013916016,2020.0,0.8735932111740112,121
c1_012,1,-90.070197,21.140798,2020.0,0.8512621521949768,121
c1_013,1,-89.989086,21.127055,2020.0,0.7640671133995056,121
c1_014,1,-90.05834197998047,21.147265,2020.0,0.9399345517158508,121
c1_015,1,-90.073969,21.147265,2020.0,0.9249975681304932,121
c1_016,1,-89.955672,21.141876220703125,2020.0,0.866355836391449,121
c1_017,1,-89.95162963867188,21.132444381713867,2020.0,0.9392797946929932,121
c1_018,1,-90.08124542236328,21.135408401489258,2020.0,0.8999090790748596,121
c1_019,1,-90.112234,21.128671646118164,2020.0,0.9234803318977356,121
c1_020,1,-89.977499,21.129480361938477,2020.0,0.9536876678466797,121
c1_021,1,-90.07855224609375,21.141337,2020.0,0.9273695349693298,121
c1_022,1,-90.075317,21.103341,2020.0,0.8814066648483276,121
c1_023,1,-90.067502,21.106845,2020.0,0.8990211486816406,121
c1_024,1,-89.947319,21.188493728637695,2020.0,0.9822459816932678,121
c1_025,1,-90.09876251220703,21.119779,2020.0,0.78483647108078,121
c1_026,1,-89.945702,21.14322280883789,2020.0,0.9424043297767639,121
c1_027,1,-90.054837,21.112503051757812,2020.0,0.8833836913108826,121
c1_028,1,-90.010105,21.151576,2020.0,0.8802065253257751,121
c1_029,1,-90.113042,21.085018157958984,2020.0,0.8741332292556763,121
c1_030,1,-90.110348,21.111964,2020.0,0.8226260542869568,121
c2_001,2,-89.941929,21.138911,2020.0,0.8830817937850952,121
c2_002,2,-90.100647,21.146995,2020.0,0.9119632840156555,121
c2_003,2,-90.111964,21.138642,2020.0,0.9064743518829346,121
c2_004,2,-90.118971,21.110347747802734,2020.0,0.7519121170043945,121
c2_005,2,-90.117084,21.092023849487305,2020.0,0.8905242085456848,121
c2_006,2,-90.070466,21.094718,2020.0,0.8837630152702332,121
c2_007,2,-89.99231719970703,21.149690628051758,2020.0,0.8061718940734863,121
c2_008,2,-90.042172,21.114389419555664,2020.0,0.6891724467277527,121
c2_009,2,-90.117893,21.135947,2020.0,0.8904132843017578,121
c2_010,2,-90.006871,21.131097,2020.0,0.8512107133865356,121
c2_011,2,-89.946241,21.164511,2020.0,0.8491091728210449,121
c2_012,2,-90.101725,21.08043670654297,2020.0,0.8534159064292908,121
c2_013,2,-90.00768280029297,21.128133,2020.0,0.8418688774108887,121
c2_014,2,-90.097413,21.149959564208984,2020.0,0.9297518730163574,121
c2_015,2,-90.052412,21.098222,2020.0,0.9176396727561951,121
c2_016,2,-89.955672,21.166936,2020.0,0.8955555558204651,121
c2_017,2,-89.985853,21.152385,2020.0,0.7853877544403076,121
c2_018,2,-90.039477,21.152654,2020.0,0.9161769151687622,121
c2_019,2,-90.120049,21.121396,2020.0,0.8638217449188232,121
c2_020,2,-90.051334,21.10765266418457,2020.0,0.951920747756958,121
c2_021,2,-90.070197,21.091215133666992,2020.0,0.8807671666145325,121
c2_022,2,-90.094988,21.123282,2020.0,0.8797702789306641,121
c2_023,2,-89.966182,21.124359130859375,2020.0,0.9445502161979675,121
c2_024,2,-90.085287,21.123552322387695,2020.0,0.8234919905662537,121
c2_025,2,-90.074239,21.092832,2020.0,0.874322235584259,121
c2_026,2,-90.101455,21.144301,2020.0,0.8894245028495789,121
c2_027,2,-89.997979,21.154002,2020.0,0.917790412902832,121
c2_028,2,-89.968607,21.116275787353516,2020.0,0.9680271148681641,121
c2_029,2,-89.975344,21.13729476928711,2020.0,0.8217729330062866,121
c2_030,2,-90.025195,21.116544723510742,2020.0,0.9087523221969604,121
c10_004,3,-90.028968,21.158313,2020.0,0.8431152701377869,121
c10_002,3,-90.03301239013672,21.158044,2020.0,0.9907927513122559,121
c10_003,3,-90.032741,21.159122467041016,2020.0,0.8900796175003052,121
c10_005,3,-90.030585,21.158044,2020.0,0.8315118551254272,121
c3_029,3,-90.08555603027344,21.149690628051758,2020.0,0.9882899522781372,121
c10_001,3,-89.95405578613281,21.163972,2020.0,0.6294644474983215,121
c3_009,3,-89.986931,21.149959564208984,2020.0,0.898227870464325,121
c3_028,3,-89.982619,21.180679,2020.0,0.7636188268661499,121
c3_005,3,-90.031124,21.124629,2020.0,0.8160600662231445,121
c3_002,3,-89.995823,21.13837242126465,2020.0,0.8835991621017456,121
c3_008,3,-89.951091,21.200081,2020.0,0.43349382281303406,121
c3_013,3,-89.951361,21.199003219604492,2020.0,0.37192246317863464,121
c3_016,3,-89.949205,21.20115852355957,2020.0,0.2771175503730774,121
c3_021,3,-89.950013,21.19927215576172,2020.0,0.9389461278915405,121
c3_018,3,-90.1038818359375,21.086095,2020.0,0.9500406980514526,121
c3_003,3,-89.995284,21.139720916748047,2020.0,0.8061686754226685,121
c3_007,3,-89.964834,21.14322280883789,2020.0,0.76224684715271,121
c3_011,3,-90.008758,21.113311767578125,2020.0,0.8568103909492493,121
c3_017,3,-89.980733,21.145648,2020.0,0.7945272922515869,121
c3_027,3,-90.016572,21.116006,2020.0,0.8791202902793884,121
c3_010,3,-89.973188,21.186607360839844,2020.0,0.906497597694397,121
c3_024,3,-90.088521,21.146726,2020.0,0.9169913530349731,121
c3_025,3,-89.943007,21.170978,2020.0,0.8233111500740051,121
c3_019,3,-89.958906,21.12489891052246,2020.0,0.9206008315086365,121
c3_023,3,-90.00040435791016,21.138642,2020.0,0.7496885061264038,121
c3_012,3,-90.000135,21.130826950073242,2020.0,0.8588472604751587,121
c3_020,3,-89.986392,21.159391403198242,2020.0,0.6624233722686768,121
c3_026,3,-90.014417,21.114659,2020.0,0.9395334124565125,121
c3_014,3,-89.945702,21.20331382751465,2020.0,0.8736893534660339,121
c3_030,3,-90.104958,21.09660530090332,2020.0,0.6857457756996155,121
c3_001,3,-90.072083,21.088790893554688,2020.0,0.8799964785575867,121
c3_004,3,-90.046214,21.096874237060547,2020.0,0.9627662897109985,121
c3_006,3,-89.973188,21.15966033935547,2020.0,0.8801093101501465,121
c3_015,3,-90.011722,21.112503051757812,2020.0,0.8822563290596008,121
c3_022,3,-90.041364,21.099029541015625,2020.0,0.8467649221420288,121
c4_001,4,-89.957828,21.178254,2020.0,0.814804196357727,121
c4_002,4,-89.963217,21.190109252929688,2020.0,0.9563689231872559,121
c4_003,4,-89.950822,21.1922664642334,2020.0,0.9060268998146057,121
c4_004,4,-89.992859,21.172864,2020.0,0.8830500245094299,121
c4_005,4,-89.940313,21.199811,2020.0,0.8984777331352234,121
c4_006,4,-89.939774,21.204662322998047,2020.0,0.8718032836914062,121
c4_007,4,-90.070736,21.130288,2020.0,0.7880727052688599,121
c4_008,4,-89.998518,21.119239807128906,2020.0,0.7697544693946838,121
c4_009,4,-90.035705,21.144301,2020.0,0.6389291286468506,121
c4_010,4,-90.029776,21.160737991333008,2020.0,0.9022186398506165,121
c4_011,4,-90.036244,21.152114868164062,2020.0,0.8489018678665161,121
c4_012,4,-90.106306,21.113851,2020.0,0.817669689655304,121
c4_013,4,-89.943007,21.202506,2020.0,0.9188752770423889,121
c4_014,4,-89.956481,21.189302444458008,2020.0,0.858893632888794,121
c4_015,4,-90.1038818359375,21.116006,2020.0,0.7618608474731445,121
c4_016,4,-89.943277,21.199542,2020.0,0.7790336608886719,121
c4_017,4,-90.07369995117188,21.133522033691406,2020.0,0.8500955700874329,121
c4_018,4,-89.996632,21.15022850036621,2020.0,0.8244861364364624,121
c4_019,4,-90.022501,21.156966,2020.0,0.790398359298706,121
c4_020,4,-89.981811,21.164511,2020.0,0.8953434824943542,121
c4_021,4,-90.001482,21.169092178344727,2020.0,0.7891718149185181,121
c4_022,4,-89.99259185791016,21.120318,2020.0,0.8757145404815674,121
c4_023,4,-89.955133,21.188493728637695,2020.0,0.8250880241394043,121
c4_024,4,-89.966182,21.181218,2020.0,0.870134711265564,121
c4_025,4,-89.952439,21.1922664642334,2020.0,0.6820104122161865,121
c4_026,4,-90.034357,21.160199,2020.0,0.9057843685150146,121
c4_027,4,-89.966451,21.182565,2020.0,0.8236284852027893,121
c4_028,4,-89.958636,21.177175521850586,2020.0,0.7877474427223206,121
c4_029,4,-90.074778,21.130826950073242,2020.0,0.8257135152816772,121
c4_030,4,-89.976421,21.170978,2020.0,0.9852213859558105,121
c5_001,5,-90.044328,21.155349,2020.0,0.8959553241729736,121
c5_005,5,-90.011722,21.165858,2020.0,0.9190729260444641,121
c5_020,5,-90.002829,21.15642738342285,2020.0,0.9342761039733887,121
c5_022,5,-90.004985,21.156696319580078,2020.0,0.8816640377044678,121
c5_002,5,-90.066424,21.152114868164062,2020.0,0.9796406626701355,121
c5_004,5,-90.039477,21.155618,2020.0,0.9387770295143127,121
c5_006,5,-90.006063,21.155078887939453,2020.0,0.9179128408432007,121
c5_009,5,-90.039477,21.156966,2020.0,0.9454800486564636,121
c5_010,5,-90.032202,21.159391403198242,2020.0,0.9718396067619324,121
c5_012,5,-89.996093,21.155349,2020.0,0.8524162173271179,121
c5_014,5,-90.042711,21.155618,2020.0,0.877820611000061,121
c5_015,5,-90.061304,21.156156539916992,2020.0,0.9127695560455322,121
c5_016,5,-90.036783,21.156966,2020.0,0.9138040542602539,121
c5_018,5,-90.02816009521484,21.156696319580078,2020.0,0.8695614337921143,121
c5_019,5,-90.037321,21.158313,2020.0,0.9738636016845703,121
c5_021,5,-90.062921,21.154541015625,2020.0,0.9889145493507385,121
c5_023,5,-90.031932,21.158044,2020.0,0.9415491819381714,121
c5_025,5,-90.074778,21.151845932006836,2020.0,0.9300873279571533,121
c5_027,5,-90.037052,21.159929275512695,2020.0,0.8693485856056213,121
c5_028,5,-90.03813171386719,21.155349,2020.0,0.9403660297393799,121
c5_029,5,-90.035166,21.156156539916992,2020.0,0.8814024925231934,121
c5_030,5,-90.030585,21.15750503540039,2020.0,0.831358790397644,121
c5_011,5,-90.064538,21.154541015625,2020.0,0.9367016553878784,121
c5_013,5,-89.998248,21.172326,2020.0,0.686497688293457,121
c5_024,5,-89.988009,21.162355422973633,2020.0,0.8901745676994324,121
c5_008,5,-90.057262,21.155349,2020.0,0.9551320672035217,121
c5_017,5,-90.036513,21.154271,2020.0,0.9372181296348572,121
c5_026,5,-89.996632,21.160737991333008,2020.0,0.8893605470657349,121
c5_003,5,-89.978038,21.180139541625977,2020.0,0.8007254600524902,121
c5_007,5,-90.08124542236328,21.149421,2020.0,0.9398828744888306,121
c1_001,1,-90.092293,21.134868621826172,2021.0,0.9150305390357971,132
c1_002,1,-90.057262,21.116815,2021.0,0.8404540419578552,132
c1_003,1,-90.097413,21.129209518432617,2021.0,0.789720892906189,132
c1_004,1,-90.051873,21.142684,2021.0,0.8216779232025146,132
c1_005,1,-90.116815,21.0882511138916,2021.0,0.7781058549880981,132
c1_006,1,-90.066694,21.0987606048584,2021.0,0.8284342288970947,132
c1_007,1,-89.974805,21.120318,2021.0,0.8833552002906799,132
c1_008,1,-89.979925,21.132444381713867,2021.0,0.8253229260444641,132
c1_009,1,-89.988278,21.157773971557617,2021.0,0.7543636560440063,132
c1_010,1,-90.062921,21.101186,2021.0,0.774890124797821,132
c1_011,1,-90.004177,21.130558013916016,2021.0,0.9034075736999512,132
c1_012,1,-90.070197,21.140798,2021.0,0.8215067386627197,132
c1_013,1,-89.989086,21.127055,2021.0,0.7076634168624878,132
c1_014,1,-90.05834197998047,21.147265,2021.0,0.899619460105896,132
c1_015,1,-90.073969,21.147265,2021.0,0.903239905834198,132
c1_016,1,-89.955672,21.141876220703125,2021.0,0.8435752391815186,132
c1_017,1,-89.95162963867188,21.132444381713867,2021.0,0.9277288913726807,132
c1_018,1,-90.08124542236328,21.135408401489258,2021.0,0.8258811235427856,132
c1_019,1,-90.112234,21.128671646118164,2021.0,0.82611483335495,132
c1_020,1,-89.977499,21.129480361938477,2021.0,0.7197664380073547,132
c1_021,1,-90.07855224609375,21.141337,2021.0,0.8788368701934814,132
c1_022,1,-90.075317,21.103341,2021.0,0.8811324834823608,132
c1_023,1,-90.067502,21.106845,2021.0,0.8618490695953369,132
c1_024,1,-89.947319,21.188493728637695,2021.0,0.783035397529602,132
c1_025,1,-90.09876251220703,21.119779,2021.0,0.7956289052963257,132
c1_026,1,-89.945702,21.14322280883789,2021.0,0.8512563109397888,132
c1_027,1,-90.054837,21.112503051757812,2021.0,0.9316262006759644,132
c1_028,1,-90.010105,21.151576,2021.0,0.8548614382743835,132
c1_029,1,-90.113042,21.085018157958984,2021.0,0.8301924467086792,132
c1_030,1,-90.110348,21.111964,2021.0,0.7844707369804382,132
c2_001,2,-89.941929,21.138911,2021.0,0.9089491963386536,132
c2_002,2,-90.100647,21.146995,2021.0,0.864987850189209,132
c2_003,2,-90.111964,21.138642,2021.0,0.9086613059043884,132
c2_004,2,-90.118971,21.110347747802734,2021.0,0.6861428022384644,132
c2_005,2,-90.117084,21.092023849487305,2021.0,0.8406772613525391,132
c2_006,2,-90.070466,21.094718,2021.0,0.8764494061470032,132
c2_007,2,-89.99231719970703,21.149690628051758,2021.0,0.7580718994140625,132
c2_008,2,-90.042172,21.114389419555664,2021.0,0.6916766166687012,132
c2_009,2,-90.117893,21.135947,2021.0,0.7291368842124939,132
c2_010,2,-90.006871,21.131097,2021.0,0.8795056939125061,132
c2_011,2,-89.946241,21.164511,2021.0,0.8368002772331238,132
c2_012,2,-90.101725,21.08043670654297,2021.0,0.9299334287643433,132
c2_013,2,-90.00768280029297,21.128133,2021.0,0.8999127745628357,132
c2_014,2,-90.097413,21.149959564208984,2021.0,0.9258989691734314,132
c2_015,2,-90.052412,21.098222,2021.0,0.8868519067764282,132
c2_016,2,-89.955672,21.166936,2021.0,0.8947175741195679,132
c2_017,2,-89.985853,21.152385,2021.0,0.7984809279441833,132
c2_018,2,-90.039477,21.152654,2021.0,0.9044128656387329,132
c2_019,2,-90.120049,21.121396,2021.0,0.8605238795280457,132
c2_020,2,-90.051334,21.10765266418457,2021.0,0.8759066462516785,132
c2_021,2,-90.070197,21.091215133666992,2021.0,0.8890293836593628,132
c2_022,2,-90.094988,21.123282,2021.0,0.9730895757675171,132
c2_023,2,-89.966182,21.124359130859375,2021.0,0.8145783543586731,132
c2_024,2,-90.085287,21.123552322387695,2021.0,0.8325262069702148,132
c2_025,2,-90.074239,21.092832,2021.0,0.8808238506317139,132
c2_026,2,-90.101455,21.144301,2021.0,0.8817874193191528,132
c2_027,2,-89.997979,21.154002,2021.0,0.8634283542633057,132
c2_028,2,-89.968607,21.116275787353516,2021.0,0.973982572555542,132
c2_029,2,-89.975344,21.13729476928711,2021.0,0.7932313680648804,132
c2_030,2,-90.025195,21.116544723510742,2021.0,0.8740339875221252,132
c10_004,3,-90.028968,21.158313,2021.0,0.6702321767807007,132
c10_002,3,-90.03301239013672,21.158044,2021.0,0.4907408654689789,132
c10_003,3,-90.032741,21.159122467041016,2021.0,0.6392913460731506,132
c10_005,3,-90.030585,21.158044,2021.0,0.8681668639183044,132
c3_029,3,-90.08555603027344,21.149690628051758,2021.0,0.8856191039085388,132
c10_001,3,-89.95405578613281,21.163972,2021.0,0.598950207233429,132
c3_009,3,-89.986931,21.149959564208984,2021.0,0.8839511275291443,132
c3_028,3,-89.982619,21.180679,2021.0,0.7933329343795776,132
c3_005,3,-90.031124,21.124629,2021.0,0.6704065203666687,132
c3_002,3,-89.995823,21.13837242126465,2021.0,0.8615109920501709,132
c3_008,3,-89.951091,21.200081,2021.0,0.21146874129772186,132
c3_013,3,-89.951361,21.199003219604492,2021.0,0.18790949881076813,132
c3_016,3,-89.949205,21.20115852355957,2021.0,0.2169288694858551,132
c3_021,3,-89.950013,21.19927215576172,2021.0,0.36560168862342834,132
c3_018,3,-90.1038818359375,21.086095,2021.0,0.8866174221038818,132
c3_003,3,-89.995284,21.139720916748047,2021.0,0.8090274930000305,132
c3_007,3,-89.964834,21.14322280883789,2021.0,0.7493469715118408,132
c3_011,3,-90.008758,21.113311767578125,2021.0,0.8790171146392822,132
c3_017,3,-89.980733,21.145648,2021.0,0.7396820187568665,132
c3_027,3,-90.016572,21.116006,2021.0,0.8798198699951172,132
c3_010,3,-89.973188,21.186607360839844,2021.0,0.9078267812728882,132
c3_024,3,-90.088521,21.146726,2021.0,0.9221639633178711,132
c3_025,3,-89.943007,21.170978,2021.0,0.7779222130775452,132
c3_019,3,-89.958906,21.12489891052246,2021.0,0.9113225936889648,132
c3_023,3,-90.00040435791016,21.138642,2021.0,0.7071229219436646,132
c3_012,3,-90.000135,21.130826950073242,2021.0,0.8507941365242004,132
c3_020,3,-89.986392,21.159391403198242,2021.0,0.6040167212486267,132
c3_026,3,-90.014417,21.114659,2021.0,0.8850909471511841,132
c3_014,3,-89.945702,21.20331382751465,2021.0,0.8375256061553955,132
c3_030,3,-90.104958,21.09660530090332,2021.0,0.6380705237388611,132
c3_001,3,-90.072083,21.088790893554688,2021.0,0.8892912864685059,132
c3_004,3,-90.046214,21.096874237060547,2021.0,0.8813587427139282,132
c3_006,3,-89.973188,21.15966033935547,2021.0,0.9457625150680542,132
c3_015,3,-90.011722,21.112503051757812,2021.0,0.8909139633178711,132
c3_022,3,-90.041364,21.099029541015625,2021.0,0.9064606428146362,132
c4_001,4,-89.957828,21.178254,2021.0,0.6494894623756409,132
c4_002,4,-89.963217,21.190109252929688,2021.0,0.8378940224647522,132
c4_003,4,-89.950822,21.1922664642334,2021.0,0.8966142535209656,132
c4_004,4,-89.992859,21.172864,2021.0,0.7481489181518555,132
c4_005,4,-89.940313,21.199811,2021.0,0.8657394051551819,132
c4_006,4,-89.939774,21.204662322998047,2021.0,0.8505357503890991,132
c4_007,4,-90.070736,21.130288,2021.0,0.9637219309806824,132
c4_008,4,-89.998518,21.119239807128906,2021.0,0.8268312215805054,132
c4_009,4,-90.035705,21.144301,2021.0,0.6103024482727051,132
c4_010,4,-90.029776,21.160737991333008,2021.0,0.6889480948448181,132
c4_011,4,-90.036244,21.152114868164062,2021.0,0.8764039874076843,132
c4_012,4,-90.106306,21.113851,2021.0,0.7737062573432922,132
c4_013,4,-89.943007,21.202506,2021.0,0.8734074234962463,132
c4_014,4,-89.956481,21.189302444458008,2021.0,0.8403325080871582,132
c4_015,4,-90.1038818359375,21.116006,2021.0,0.7603585720062256,132
c4_016,4,-89.943277,21.199542,2021.0,0.7625657320022583,132
c4_017,4,-90.07369995117188,21.133522033691406,2021.0,0.6612722873687744,132
c4_018,4,-89.996632,21.15022850036621,2021.0,0.8338127136230469,132
c4_019,4,-90.022501,21.156966,2021.0,0.5894266963005066,132
c4_020,4,-89.981811,21.164511,2021.0,0.8579897284507751,132
c4_021,4,-90.001482,21.169092178344727,2021.0,0.6855667233467102,132
c4_022,4,-89.99259185791016,21.120318,2021.0,0.8717549443244934,132
c4_023,4,-89.955133,21.188493728637695,2021.0,0.9910942912101746,132
c4_024,4,-89.966182,21.181218,2021.0,0.8671936392784119,132
c4_025,4,-89.952439,21.1922664642334,2021.0,0.5654136538505554,132
c4_026,4,-90.034357,21.160199,2021.0,0.9874306917190552,132
c4_027,4,-89.966451,21.182565,2021.0,0.6516167521476746,132
c4_028,4,-89.958636,21.177175521850586,2021.0,0.5869898200035095,132
c4_029,4,-90.074778,21.130826950073242,2021.0,0.8475042581558228,132
c4_030,4,-89.976421,21.170978,2021.0,0.8858798146247864,132
c5_001,5,-90.044328,21.155349,2021.0,0.9229890704154968,132
c5_005,5,-90.011722,21.165858,2021.0,0.8746156692504883,132
c5_020,5,-90.002829,21.15642738342285,2021.0,0.9138112664222717,132
c5_022,5,-90.004985,21.156696319580078,2021.0,0.8446444272994995,132
c5_002,5,-90.066424,21.152114868164062,2021.0,0.9406248331069946,132
c5_004,5,-90.039477,21.155618,2021.0,0.9334308505058289,132
c5_006,5,-90.006063,21.155078887939453,2021.0,0.8013531565666199,132
c5_009,5,-90.039477,21.156966,2021.0,0.9159828424453735,132
c5_010,5,-90.032202,21.159391403198242,2021.0,0.8964747190475464,132
c5_012,5,-89.996093,21.155349,2021.0,0.7084262371063232,132
c5_014,5,-90.042711,21.155618,2021.0,0.7657788395881653,132
c5_015,5,-90.061304,21.156156539916992,2021.0,0.8353753685951233,132
c5_016,5,-90.036783,21.156966,2021.0,0.8159193396568298,132
c5_018,5,-90.02816009521484,21.156696319580078,2021.0,0.8304039239883423,132
c5_019,5,-90.037321,21.158313,2021.0,0.8668555617332458,132
c5_021,5,-90.062921,21.154541015625,2021.0,0.8528174757957458,132
c5_023,5,-90.031932,21.158044,2021.0,0.8344359993934631,132
c5_025,5,-90.074778,21.151845932006836,2021.0,0.9255534410476685,132
c5_027,5,-90.037052,21.159929275512695,2021.0,0.9360031485557556,132
c5_028,5,-90.03813171386719,21.155349,2021.0,0.9027263522148132,132
c5_029,5,-90.035166,21.156156539916992,2021.0,0.8382329344749451,132
c5_030,5,-90.030585,21.15750503540039,2021.0,0.7569726705551147,132
c5_011,5,-90.064538,21.154541015625,2021.0,0.8687760233879089,132
c5_013,5,-89.998248,21.172326,2021.0,0.6996862292289734,132
c5_024,5,-89.988009,21.162355422973633,2021.0,0.8576464653015137,132
c5_008,5,-90.057262,21.155349,2021.0,0.8279486894607544,132
c5_017,5,-90.036513,21.154271,2021.0,0.9044421911239624,132
c5_026,5,-89.996632,21.160737991333008,2021.0,0.86366868019104,132
c5_003,5,-89.978038,21.180139541625977,2021.0,0.7794876098632812,132
c5_007,5,-90.08124542236328,21.149421,2021.0,0.8800180554389954,132
c1_001,1,-90.092293,21.134868621826172,2022.0,0.8126415014266968,151
c1_002,1,-90.057262,21.116815,2022.0,0.8322547674179077,151
c1_003,1,-90.097413,21.129209518432617,2022.0,0.8430680632591248,151
c1_004,1,-90.051873,21.142684,2022.0,0.8390421867370605,151
c1_005,1,-90.116815,21.0882511138916,2022.0,0.7943985462188721,151
c1_006,1,-90.066694,21.0987606048584,2022.0,0.828334391117096,151
c1_007,1,-89.974805,21.120318,2022.0,0.8675879240036011,151
c1_008,1,-89.979925,21.132444381713867,2022.0,0.8597931861877441,151
c1_009,1,-89.988278,21.157773971557617,2022.0,0.6713723540306091,151
c1_010,1,-90.062921,21.101186,2022.0,0.795038640499115,151
c1_011,1,-90.004177,21.130558013916016,2022.0,0.8761451244354248,151
c1_012,1,-90.070197,21.140798,2022.0,0.9846956133842468,151
c1_013,1,-89.989086,21.127055,2022.0,0.7567082643508911,151
c1_014,1,-90.05834197998047,21.147265,2022.0,0.912488579750061,151
c1_015,1,-90.073969,21.147265,2022.0,0.9066643118858337,151
c1_016,1,-89.955672,21.141876220703125,2022.0,0.8567106127738953,151
c1_017,1,-89.95162963867188,21.132444381713867,2022.0,0.865225076675415,151
c1_018,1,-90.08124542236328,21.135408401489258,2022.0,0.8641819953918457,151
c1_019,1,-90.112234,21.128671646118164,2022.0,0.840546190738678,151
c1_020,1,-89.977499,21.129480361938477,2022.0,0.7748266458511353,151
c1_021,1,-90.07855224609375,21.141337,2022.0,0.8662328124046326,151
c1_022,1,-90.075317,21.103341,2022.0,0.868137001991272,151
c1_023,1,-90.067502,21.106845,2022.0,0.8802087306976318,151
c1_024,1,-89.947319,21.188493728637695,2022.0,0.8224087953567505,151
c1_025,1,-90.09876251220703,21.119779,2022.0,0.8076552152633667,151
c1_026,1,-89.945702,21.14322280883789,2022.0,0.8964623212814331,151
c1_027,1,-90.054837,21.112503051757812,2022.0,0.8857515454292297,151
c1_028,1,-90.010105,21.151576,2022.0,0.868972897529602,151
c1_029,1,-90.113042,21.085018157958984,2022.0,0.8509383797645569,151
c1_030,1,-90.110348,21.111964,2022.0,0.7922855615615845,151
c2_001,2,-89.941929,21.138911,2022.0,0.9202929139137268,151
c2_002,2,-90.100647,21.146995,2022.0,0.8797969222068787,151
c2_003,2,-90.111964,21.138642,2022.0,0.9160395860671997,151
c2_004,2,-90.118971,21.110347747802734,2022.0,0.693487823009491,151
c2_005,2,-90.117084,21.092023849487305,2022.0,0.8596698641777039,151
c2_006,2,-90.070466,21.094718,2022.0,0.8782688975334167,151
c2_007,2,-89.99231719970703,21.149690628051758,2022.0,0.7855377793312073,151
c2_008,2,-90.042172,21.114389419555664,2022.0,0.6951630711555481,151
c2_009,2,-90.117893,21.135947,2022.0,0.8199283480644226,151
c2_010,2,-90.006871,21.131097,2022.0,0.8732591867446899,151
c2_011,2,-89.946241,21.164511,2022.0,0.8078879117965698,151
c2_012,2,-90.101725,21.08043670654297,2022.0,0.8687995076179504,151
c2_013,2,-90.00768280029297,21.128133,2022.0,0.9175158143043518,151
c2_014,2,-90.097413,21.149959564208984,2022.0,0.9797600507736206,151
c2_015,2,-90.052412,21.098222,2022.0,0.8899394869804382,151
c2_016,2,-89.955672,21.166936,2022.0,0.9281586408615112,151
c2_017,2,-89.985853,21.152385,2022.0,0.8282459378242493,151
c2_018,2,-90.039477,21.152654,2022.0,0.9250285029411316,151
c2_019,2,-90.120049,21.121396,2022.0,0.8543405532836914,151
c2_020,2,-90.051334,21.10765266418457,2022.0,0.9183703064918518,151
c2_021,2,-90.070197,21.091215133666992,2022.0,0.9173601865768433,151
c2_022,2,-90.094988,21.123282,2022.0,0.8547240495681763,151
c2_023,2,-89.966182,21.124359130859375,2022.0,0.9962853193283081,151
c2_024,2,-90.085287,21.123552322387695,2022.0,0.8557997345924377,151
c2_025,2,-90.074239,21.092832,2022.0,0.9037306308746338,151
c2_026,2,-90.101455,21.144301,2022.0,0.8880800008773804,151
c2_027,2,-89.997979,21.154002,2022.0,0.8740854859352112,151
c2_028,2,-89.968607,21.116275787353516,2022.0,0.8864203095436096,151
c2_029,2,-89.975344,21.13729476928711,2022.0,0.808110237121582,151
c2_030,2,-90.025195,21.116544723510742,2022.0,0.8698592782020569,151
c10_004,3,-90.028968,21.158313,2022.0,0.7867791056632996,151
c10_002,3,-90.03301239013672,21.158044,2022.0,0.6536086797714233,151
c10_003,3,-90.032741,21.159122467041016,2022.0,0.793606162071228,151
c10_005,3,-90.030585,21.158044,2022.0,0.6197102665901184,151
c3_029,3,-90.08555603027344,21.149690628051758,2022.0,0.8482188582420349,151
c10_001,3,-89.95405578613281,21.163972,2022.0,0.5815934538841248,151
c3_009,3,-89.986931,21.149959564208984,2022.0,0.9024619460105896,151
c3_028,3,-89.982619,21.180679,2022.0,0.7700024247169495,151
c3_005,3,-90.031124,21.124629,2022.0,0.7581179738044739,151
c3_002,3,-89.995823,21.13837242126465,2022.0,0.8451488018035889,151
c3_008,3,-89.951091,21.200081,2022.0,0.4569593071937561,151
c3_013,3,-89.951361,21.199003219604492,2022.0,0.769511878490448,151
c3_016,3,-89.949205,21.20115852355957,2022.0,0.28167662024497986,151
c3_021,3,-89.950013,21.19927215576172,2022.0,0.3447030782699585,151
c3_018,3,-90.1038818359375,21.086095,2022.0,0.9366353154182434,151
c3_003,3,-89.995284,21.139720916748047,2022.0,0.8939845561981201,151
c3_007,3,-89.964834,21.14322280883789,2022.0,0.7684674263000488,151
c3_011,3,-90.008758,21.113311767578125,2022.0,0.8652832508087158,151
c3_017,3,-89.980733,21.145648,2022.0,0.7518377304077148,151
c3_027,3,-90.016572,21.116006,2022.0,0.886869490146637,151
c3_010,3,-89.973188,21.186607360839844,2022.0,0.8983104825019836,151
c3_024,3,-90.088521,21.146726,2022.0,0.867465615272522,151
c3_025,3,-89.943007,21.170978,2022.0,0.7801999449729919,151
c3_019,3,-89.958906,21.12489891052246,2022.0,0.862065315246582,151
c3_023,3,-90.00040435791016,21.138642,2022.0,0.7612190842628479,151
c3_012,3,-90.000135,21.130826950073242,2022.0,0.8436244130134583,151
c3_020,3,-89.986392,21.159391403198242,2022.0,0.6209808588027954,151
c3_026,3,-90.014417,21.114659,2022.0,0.9198846220970154,151
c3_014,3,-89.945702,21.20331382751465,2022.0,0.7977270483970642,151
c3_030,3,-90.104958,21.09660530090332,2022.0,0.6163817048072815,151
c3_001,3,-90.072083,21.088790893554688,2022.0,0.8851075768470764,151
c3_004,3,-90.046214,21.096874237060547,2022.0,0.8847438097000122,151
c3_006,3,-89.973188,21.15966033935547,2022.0,0.8621156215667725,151
c3_015,3,-90.011722,21.112503051757812,2022.0,0.9107580184936523,151
c3_022,3,-90.041364,21.099029541015625,2022.0,0.8679423332214355,151
c4_001,4,-89.957828,21.178254,2022.0,0.722009003162384,151
c4_002,4,-89.963217,21.190109252929688,2022.0,0.8962417244911194,151
c4_003,4,-89.950822,21.1922664642334,2022.0,0.8989495635032654,151
c4_004,4,-89.992859,21.172864,2022.0,0.8060514330863953,151
c4_005,4,-89.940313,21.199811,2022.0,0.8888413906097412,151
c4_006,4,-89.939774,21.204662322998047,2022.0,0.8170959949493408,151
c4_007,4,-90.070736,21.130288,2022.0,0.7777112126350403,151
c4_008,4,-89.998518,21.119239807128906,2022.0,0.8581599593162537,151
c4_009,4,-90.035705,21.144301,2022.0,0.6342483162879944,151
c4_010,4,-90.029776,21.160737991333008,2022.0,0.7279588580131531,151
c4_011,4,-90.036244,21.152114868164062,2022.0,0.8753057718276978,151
c4_012,4,-90.106306,21.113851,2022.0,0.7623762488365173,151
c4_013,4,-89.943007,21.202506,2022.0,0.8496054410934448,151
c4_014,4,-89.956481,21.189302444458008,2022.0,0.8431384563446045,151
c4_015,4,-90.1038818359375,21.116006,2022.0,0.7355608344078064,151
c4_016,4,-89.943277,21.199542,2022.0,0.8109994530677795,151
c4_017,4,-90.07369995117188,21.133522033691406,2022.0,0.6884731650352478,151
c4_018,4,-89.996632,21.15022850036621,2022.0,0.8346421122550964,151
c4_019,4,-90.022501,21.156966,2022.0,0.6360068321228027,151
c4_020,4,-89.981811,21.164511,2022.0,0.8521395921707153,151
c4_021,4,-90.001482,21.169092178344727,2022.0,0.7413508296012878,151
c4_022,4,-89.99259185791016,21.120318,2022.0,0.8599235415458679,151
c4_023,4,-89.955133,21.188493728637695,2022.0,0.7910255789756775,151
c4_024,4,-89.966182,21.181218,2022.0,0.8845955729484558,151
c4_025,4,-89.952439,21.1922664642334,2022.0,0.6248390078544617,151
c4_026,4,-90.034357,21.160199,2022.0,0.8692585229873657,151
c4_027,4,-89.966451,21.182565,2022.0,0.7757998704910278,151
c4_028,4,-89.958636,21.177175521850586,2022.0,0.7126147150993347,151
c4_029,4,-90.074778,21.130826950073242,2022.0,0.8098064661026001,151
c4_030,4,-89.976421,21.170978,2022.0,0.9316428899765015,151
c5_001,5,-90.044328,21.155349,2022.0,0.9394654035568237,151
c5_005,5,-90.011722,21.165858,2022.0,0.8718874454498291,151
c5_020,5,-90.002829,21.15642738342285,2022.0,0.8837376236915588,151
c5_022,5,-90.004985,21.156696319580078,2022.0,0.9185624718666077,151
c5_002,5,-90.066424,21.152114868164062,2022.0,0.9335964918136597,151
c5_004,5,-90.039477,21.155618,2022.0,0.92469322681427,151
c5_006,5,-90.006063,21.155078887939453,2022.0,0.8316565752029419,151
c5_009,5,-90.039477,21.156966,2022.0,0.9180948138237,151
c5_010,5,-90.032202,21.159391403198242,2022.0,0.9557496309280396,151
c5_012,5,-89.996093,21.155349,2022.0,0.9613708257675171,151
c5_014,5,-90.042711,21.155618,2022.0,0.841547429561615,151
c5_015,5,-90.061304,21.156156539916992,2022.0,0.9000592827796936,151
c5_016,5,-90.036783,21.156966,2022.0,0.9921591877937317,151
c5_018,5,-90.02816009521484,21.156696319580078,2022.0,0.852499783039093,151
c5_019,5,-90.037321,21.158313,2022.0,0.9998396635055542,151
c5_021,5,-90.062921,21.154541015625,2022.0,0.9371972680091858,151
c5_023,5,-90.031932,21.158044,2022.0,0.887957751750946,151
c5_025,5,-90.074778,21.151845932006836,2022.0,0.8988248705863953,151
c5_027,5,-90.037052,21.159929275512695,2022.0,0.8970584869384766,151
c5_028,5,-90.03813171386719,21.155349,2022.0,0.9118419289588928,151
c5_029,5,-90.035166,21.156156539916992,2022.0,0.8445253372192383,151
c5_030,5,-90.030585,21.15750503540039,2022.0,0.8315463662147522,151
c5_011,5,-90.064538,21.154541015625,2022.0,0.9241319894790649,151
c5_013,5,-89.998248,21.172326,2022.0,0.7438985705375671,151
c5_024,5,-89.988009,21.162355422973633,2022.0,0.8772749304771423,151
c5_008,5,-90.057262,21.155349,2022.0,0.9253503084182739,151
c5_017,5,-90.036513,21.154271,2022.0,0.9211785793304443,151
c5_026,5,-89.996632,21.160737991333008,2022.0,0.8920809626579285,151
c5_003,5,-89.978038,21.180139541625977,2022.0,0.8267399072647095,151
c5_007,5,-90.08124542236328,21.149421,2022.0,0.9612197279930115,151
c1_001,1,-90.092293,21.134868621826172,2023.0,0.853233814239502,179
c1_002,1,-90.057262,21.116815,2023.0,0.8096262812614441,179
c1_003,1,-90.097413,21.129209518432617,2023.0,0.8525612354278564,179
c1_004,1,-90.051873,21.142684,2023.0,0.8735955953598022,179
c1_005,1,-90.116815,21.0882511138916,2023.0,0.7879249453544617,179
c1_006,1,-90.066694,21.0987606048584,2023.0,0.8339072465896606,179
c1_007,1,-89.974805,21.120318,2023.0,0.8773658871650696,179
c1_008,1,-89.979925,21.132444381713867,2023.0,0.8605326414108276,179
c1_009,1,-89.988278,21.157773971557617,2023.0,0.6948041915893555,179
c1_010,1,-90.062921,21.101186,2023.0,0.815662145614624,179
c1_011,1,-90.004177,21.130558013916016,2023.0,0.8790856003761292,179
c1_012,1,-90.070197,21.140798,2023.0,0.8602943420410156,179
c1_013,1,-89.989086,21.127055,2023.0,0.7769390940666199,179
c1_014,1,-90.05834197998047,21.147265,2023.0,0.9072807431221008,179
c1_015,1,-90.073969,21.147265,2023.0,0.9162233471870422,179
c1_016,1,-89.955672,21.141876220703125,2023.0,0.8404625654220581,179
c1_017,1,-89.95162963867188,21.132444381713867,2023.0,0.8715716004371643,179
c1_018,1,-90.08124542236328,21.135408401489258,2023.0,0.8846687078475952,179
c1_019,1,-90.112234,21.128671646118164,2023.0,0.8993461728096008,179
c1_020,1,-89.977499,21.129480361938477,2023.0,0.7669380307197571,179
c1_021,1,-90.07855224609375,21.141337,2023.0,0.8745648264884949,179
c1_022,1,-90.075317,21.103341,2023.0,0.8637540936470032,179
c1_023,1,-90.067502,21.106845,2023.0,0.8552176356315613,179
c1_024,1,-89.947319,21.188493728637695,2023.0,0.8526593446731567,179
c1_025,1,-90.09876251220703,21.119779,2023.0,0.8219496011734009,179
c1_026,1,-89.945702,21.14322280883789,2023.0,0.8223063945770264,179
c1_027,1,-90.054837,21.112503051757812,2023.0,0.8680488467216492,179
c1_028,1,-90.010105,21.151576,2023.0,0.8926976323127747,179
c1_029,1,-90.113042,21.085018157958984,2023.0,0.8536822199821472,179
c1_030,1,-90.110348,21.111964,2023.0,0.8133188486099243,179
c2_001,2,-89.941929,21.138911,2023.0,0.9313124418258667,179
c2_002,2,-90.100647,21.146995,2023.0,0.8971071243286133,179
c2_003,2,-90.111964,21.138642,2023.0,0.9083013534545898,179
c2_004,2,-90.118971,21.110347747802734,2023.0,0.7236756086349487,179
c2_005,2,-90.117084,21.092023849487305,2023.0,0.8792040944099426,179
c2_006,2,-90.070466,21.094718,2023.0,0.8949257135391235,179
c2_007,2,-89.99231719970703,21.149690628051758,2023.0,0.8373574614524841,179
c2_008,2,-90.042172,21.114389419555664,2023.0,0.7930567264556885,179
c2_009,2,-90.117893,21.135947,2023.0,0.8110926747322083,179
c2_010,2,-90.006871,21.131097,2023.0,0.9803688526153564,179
c2_011,2,-89.946241,21.164511,2023.0,0.8179128766059875,179
c2_012,2,-90.101725,21.08043670654297,2023.0,0.9417888522148132,179
c2_013,2,-90.00768280029297,21.128133,2023.0,0.8930160403251648,179
c2_014,2,-90.097413,21.149959564208984,2023.0,0.9079887270927429,179
c2_015,2,-90.052412,21.098222,2023.0,0.947936475276947,179
c2_016,2,-89.955672,21.166936,2023.0,0.941260576248169,179
c2_017,2,-89.985853,21.152385,2023.0,0.8403593897819519,179
c2_018,2,-90.039477,21.152654,2023.0,0.9269859194755554,179
c2_019,2,-90.120049,21.121396,2023.0,0.8407335877418518,179
c2_020,2,-90.051334,21.10765266418457,2023.0,0.9155952334403992,179
c2_021,2,-90.070197,21.091215133666992,2023.0,0.8749812841415405,179
c2_022,2,-90.094988,21.123282,2023.0,0.9024225473403931,179
c2_023,2,-89.966182,21.124359130859375,2023.0,0.8327406048774719,179
c2_024,2,-90.085287,21.123552322387695,2023.0,0.809382975101471,179
c2_025,2,-90.074239,21.092832,2023.0,0.8950226902961731,179
c2_026,2,-90.101455,21.144301,2023.0,0.8863332271575928,179
c2_027,2,-89.997979,21.154002,2023.0,0.8752413392066956,179
c2_028,2,-89.968607,21.116275787353516,2023.0,0.9139575958251953,179
c2_029,2,-89.975344,21.13729476928711,2023.0,0.9104107618331909,179
c2_030,2,-90.025195,21.116544723510742,2023.0,0.848116397857666,179
c10_004,3,-90.028968,21.158313,2023.0,0.880876362323761,179
c10_002,3,-90.03301239013672,21.158044,2023.0,0.7370713353157043,179
c10_003,3,-90.032741,21.159122467041016,2023.0,0.8646758794784546,179
c10_005,3,-90.030585,21.158044,2023.0,0.5343071818351746,179
c3_029,3,-90.08555603027344,21.149690628051758,2023.0,0.8261754512786865,179
c10_001,3,-89.95405578613281,21.163972,2023.0,0.6002103090286255,179
c3_009,3,-89.986931,21.149959564208984,2023.0,0.8830968737602234,179
c3_028,3,-89.982619,21.180679,2023.0,0.9104517698287964,179
c3_005,3,-90.031124,21.124629,2023.0,0.8076606392860413,179
c3_002,3,-89.995823,21.13837242126465,2023.0,0.8682006001472473,179
c3_008,3,-89.951091,21.200081,2023.0,0.41361597180366516,179
c3_013,3,-89.951361,21.199003219604492,2023.0,0.45586255192756653,179
c3_016,3,-89.949205,21.20115852355957,2023.0,0.40651535987854004,179
c3_021,3,-89.950013,21.19927215576172,2023.0,0.3573523461818695,179
c3_018,3,-90.1038818359375,21.086095,2023.0,0.9940389394760132,179
c3_003,3,-89.995284,21.139720916748047,2023.0,0.7820891737937927,179
c3_007,3,-89.964834,21.14322280883789,2023.0,0.7686551809310913,179
c3_011,3,-90.008758,21.113311767578125,2023.0,0.8760219216346741,179
c3_017,3,-89.980733,21.145648,2023.0,0.7801530957221985,179
c3_027,3,-90.016572,21.116006,2023.0,0.8594987392425537,179
c3_010,3,-89.973188,21.186607360839844,2023.0,0.910178542137146,179
c3_024,3,-90.088521,21.146726,2023.0,0.8780907988548279,179
c3_025,3,-89.943007,21.170978,2023.0,0.7935770153999329,179
c3_019,3,-89.958906,21.12489891052246,2023.0,0.888451874256134,179
c3_023,3,-90.00040435791016,21.138642,2023.0,0.7772253155708313,179
c3_012,3,-90.000135,21.130826950073242,2023.0,0.8574965000152588,179
c3_020,3,-89.986392,21.159391403198242,2023.0,0.9662674069404602,179
c3_026,3,-90.014417,21.114659,2023.0,0.8654882907867432,179
c3_014,3,-89.945702,21.20331382751465,2023.0,0.8012446761131287,179
c3_030,3,-90.104958,21.09660530090332,2023.0,0.67532879114151,179
c3_001,3,-90.072083,21.088790893554688,2023.0,0.8711499571800232,179
c3_004,3,-90.046214,21.096874237060547,2023.0,0.8653226494789124,179
c3_006,3,-89.973188,21.15966033935547,2023.0,0.879439115524292,179
c3_015,3,-90.011722,21.112503051757812,2023.0,0.8960155844688416,179
c3_022,3,-90.041364,21.099029541015625,2023.0,0.9306191802024841,179
c4_001,4,-89.957828,21.178254,2023.0,0.8139050006866455,179
c4_002,4,-89.963217,21.190109252929688,2023.0,0.8823845386505127,179
c4_003,4,-89.950822,21.1922664642334,2023.0,0.9073476791381836,179
c4_004,4,-89.992859,21.172864,2023.0,0.8036714792251587,179
c4_005,4,-89.940313,21.199811,2023.0,0.8945485353469849,179
c4_006,4,-89.939774,21.204662322998047,2023.0,0.8142092823982239,179
c4_007,4,-90.070736,21.130288,2023.0,0.8083488941192627,179
c4_008,4,-89.998518,21.119239807128906,2023.0,0.7778484225273132,179
c4_009,4,-90.035705,21.144301,2023.0,0.6215448975563049,179
c4_010,4,-90.029776,21.160737991333008,2023.0,0.7075490355491638,179
c4_011,4,-90.036244,21.152114868164062,2023.0,0.8874916434288025,179
c4_012,4,-90.106306,21.113851,2023.0,0.842426598072052,179
c4_013,4,-89.943007,21.202506,2023.0,0.8461087346076965,179
c4_014,4,-89.956481,21.189302444458008,2023.0,0.8652908802032471,179
c4_015,4,-90.1038818359375,21.116006,2023.0,0.779642641544342,179
c4_016,4,-89.943277,21.199542,2023.0,0.8163500428199768,179
c4_017,4,-90.07369995117188,21.133522033691406,2023.0,0.8101375102996826,179
c4_018,4,-89.996632,21.15022850036621,2023.0,0.8264772891998291,179
c4_019,4,-90.022501,21.156966,2023.0,0.7245574593544006,179
c4_020,4,-89.981811,21.164511,2023.0,0.8714650869369507,179
c4_021,4,-90.001482,21.169092178344727,2023.0,0.7797999978065491,179
c4_022,4,-89.99259185791016,21.120318,2023.0,0.864574670791626,179
c4_023,4,-89.955133,21.188493728637695,2023.0,0.786628782749176,179
c4_024,4,-89.966182,21.181218,2023.0,0.9122876524925232,179
c4_025,4,-89.952439,21.1922664642334,2023.0,0.6731110215187073,179
c4_026,4,-90.034357,21.160199,2023.0,0.9997776746749878,179
c4_027,4,-89.966451,21.182565,2023.0,0.8468940258026123,179
c4_028,4,-89.958636,21.177175521850586,2023.0,0.697340190410614,179
c4_029,4,-90.074778,21.130826950073242,2023.0,0.8345125317573547,179
c4_030,4,-89.976421,21.170978,2023.0,0.8949176073074341,179
c5_001,5,-90.044328,21.155349,2023.0,0.9746474027633667,179
c5_005,5,-90.011722,21.165858,2023.0,0.9228788018226624,179
c5_020,5,-90.002829,21.15642738342285,2023.0,0.9220415949821472,179
c5_022,5,-90.004985,21.156696319580078,2023.0,0.8667426109313965,179
c5_002,5,-90.066424,21.152114868164062,2023.0,0.9358879923820496,179
c5_004,5,-90.039477,21.155618,2023.0,0.9397518634796143,179
c5_006,5,-90.006063,21.155078887939453,2023.0,0.8774712681770325,179
c5_009,5,-90.039477,21.156966,2023.0,0.9796965718269348,179
c5_010,5,-90.032202,21.159391403198242,2023.0,0.9586063623428345,179
c5_012,5,-89.996093,21.155349,2023.0,0.7659474015235901,179
c5_014,5,-90.042711,21.155618,2023.0,0.829160749912262,179
c5_015,5,-90.061304,21.156156539916992,2023.0,0.9331141114234924,179
c5_016,5,-90.036783,21.156966,2023.0,0.9495167136192322,179
c5_018,5,-90.02816009521484,21.156696319580078,2023.0,0.9174537658691406,179
c5_019,5,-90.037321,21.158313,2023.0,0.9965064525604248,179
c5_021,5,-90.062921,21.154541015625,2023.0,0.9310542941093445,179
c5_023,5,-90.031932,21.158044,2023.0,0.9514472484588623,179
c5_025,5,-90.074778,21.151845932006836,2023.0,0.9153191447257996,179
c5_027,5,-90.037052,21.159929275512695,2023.0,0.9747960567474365,179
c5_028,5,-90.03813171386719,21.155349,2023.0,0.9402616024017334,179
c5_029,5,-90.035166,21.156156539916992,2023.0,0.9496917128562927,179
c5_030,5,-90.030585,21.15750503540039,2023.0,0.8664278984069824,179
c5_011,5,-90.064538,21.154541015625,2023.0,0.9519591331481934,179
c5_013,5,-89.998248,21.172326,2023.0,0.7175727486610413,179
c5_024,5,-89.988009,21.162355422973633,2023.0,0.9055353999137878,179
c5_008,5,-90.057262,21.155349,2023.0,0.9431067705154419,179
c5_017,5,-90.036513,21.154271,2023.0,0.9687889218330383,179
c5_026,5,-89.996632,21.160737991333008,2023.0,0.8705391883850098,179
c5_003,5,-89.978038,21.180139541625977,2023.0,0.8128164410591125,179
c5_007,5,-90.08124542236328,21.149421,2023.0,0.9232264161109924,179
c1_001,1,-90.092293,21.134868621826172,2024.0,0.8463473320007324,105
c1_002,1,-90.057262,21.116815,2024.0,0.8692678213119507,105
c1_003,1,-90.097413,21.129209518432617,2024.0,0.8442531824111938,105
c1_004,1,-90.051873,21.142684,2024.0,0.8197323083877563,105
c1_005,1,-90.116815,21.0882511138916,2024.0,0.7873364090919495,105
c1_006,1,-90.066694,21.0987606048584,2024.0,0.8258225917816162,105
c1_007,1,-89.974805,21.120318,2024.0,0.861590564250946,105
c1_008,1,-89.979925,21.132444381713867,2024.0,0.8524156808853149,105
c1_009,1,-89.988278,21.157773971557617,2024.0,0.6861658692359924,105
c1_010,1,-90.062921,21.101186,2024.0,0.8099024295806885,105
c1_011,1,-90.004177,21.130558013916016,2024.0,0.8976467847824097,105
c1_012,1,-90.070197,21.140798,2024.0,0.8709158897399902,105
c1_013,1,-89.989086,21.127055,2024.0,0.7931076884269714,105
c1_014,1,-90.05834197998047,21.147265,2024.0,0.9078275561332703,105
c1_015,1,-90.073969,21.147265,2024.0,0.9143317341804504,105
c1_016,1,-89.955672,21.141876220703125,2024.0,0.8671285510063171,105
c1_017,1,-89.95162963867188,21.132444381713867,2024.0,0.8539274334907532,105
c1_018,1,-90.08124542236328,21.135408401489258,2024.0,0.8793731331825256,105
c1_019,1,-90.112234,21.128671646118164,2024.0,0.8687922358512878,105
c1_020,1,-89.977499,21.129480361938477,2024.0,0.7771427631378174,105
c1_021,1,-90.07855224609375,21.141337,2024.0,0.8702349662780762,105
c1_022,1,-90.075317,21.103341,2024.0,0.8547768592834473,105
c1_023,1,-90.067502,21.106845,2024.0,0.8403770327568054,105
c1_024,1,-89.947319,21.188493728637695,2024.0,0.8791281580924988,105
c1_025,1,-90.09876251220703,21.119779,2024.0,0.807007908821106,105
c1_026,1,-89.945702,21.14322280883789,2024.0,0.8671048879623413,105
c1_027,1,-90.054837,21.112503051757812,2024.0,0.8842116594314575,105
c1_028,1,-90.010105,21.151576,2024.0,0.870815098285675,105
c1_029,1,-90.113042,21.085018157958984,2024.0,0.8637685775756836,105
c1_030,1,-90.110348,21.111964,2024.0,0.793709397315979,105
c2_001,2,-89.941929,21.138911,2024.0,0.9268708825111389,105
c2_002,2,-90.100647,21.146995,2024.0,0.8970428705215454,105
c2_003,2,-90.111964,21.138642,2024.0,0.9111392498016357,105
c2_004,2,-90.118971,21.110347747802734,2024.0,0.7016173601150513,105
c2_005,2,-90.117084,21.092023849487305,2024.0,0.8602466583251953,105
c2_006,2,-90.070466,21.094718,2024.0,0.8594890832901001,105
c2_007,2,-89.99231719970703,21.149690628051758,2024.0,0.8067284226417542,105
c2_008,2,-90.042172,21.114389419555664,2024.0,0.7277808785438538,105
c2_009,2,-90.117893,21.135947,2024.0,0.8556067943572998,105
c2_010,2,-90.006871,21.131097,2024.0,0.8642609715461731,105
c2_011,2,-89.946241,21.164511,2024.0,0.8220627903938293,105
c2_012,2,-90.101725,21.08043670654297,2024.0,0.8523740172386169,105
c2_013,2,-90.00768280029297,21.128133,2024.0,0.8733317255973816,105
c2_014,2,-90.097413,21.149959564208984,2024.0,0.9152370691299438,105
c2_015,2,-90.052412,21.098222,2024.0,0.8387451171875,105
c2_016,2,-89.955672,21.166936,2024.0,0.978120744228363,105
c2_017,2,-89.985853,21.152385,2024.0,0.8367613554000854,105
c2_018,2,-90.039477,21.152654,2024.0,0.9212751388549805,105
c2_019,2,-90.120049,21.121396,2024.0,0.8515393733978271,105
c2_020,2,-90.051334,21.10765266418457,2024.0,0.8552535772323608,105
c2_021,2,-90.070197,21.091215133666992,2024.0,0.8633300065994263,105
c2_022,2,-90.094988,21.123282,2024.0,0.8759746551513672,105
c2_023,2,-89.966182,21.124359130859375,2024.0,0.8029404282569885,105
c2_024,2,-90.085287,21.123552322387695,2024.0,0.8197561502456665,105
c2_025,2,-90.074239,21.092832,2024.0,0.8649204969406128,105
c2_026,2,-90.101455,21.144301,2024.0,0.8960580825805664,105
c2_027,2,-89.997979,21.154002,2024.0,0.8601104021072388,105
c2_028,2,-89.968607,21.116275787353516,2024.0,0.8798124194145203,105
c2_029,2,-89.975344,21.13729476928711,2024.0,0.8459239602088928,105
c2_030,2,-90.025195,21.116544723510742,2024.0,0.8824548125267029,105
c10_004,3,-90.028968,21.158313,2024.0,0.9363739490509033,105
c10_002,3,-90.03301239013672,21.158044,2024.0,0.915054976940155,105
c10_003,3,-90.032741,21.159122467041016,2024.0,0.9341301918029785,105
c10_005,3,-90.030585,21.158044,2024.0,0.8133630156517029,105
c3_029,3,-90.08555603027344,21.149690628051758,2024.0,0.9313223361968994,105
c10_001,3,-89.95405578613281,21.163972,2024.0,0.6544595956802368,105
c3_009,3,-89.986931,21.149959564208984,2024.0,0.9004665613174438,105
c3_028,3,-89.982619,21.180679,2024.0,0.8061274886131287,105
c3_005,3,-90.031124,21.124629,2024.0,0.7786255478858948,105
c3_002,3,-89.995823,21.13837242126465,2024.0,0.8537048697471619,105
c3_008,3,-89.951091,21.200081,2024.0,0.9441329836845398,105
c3_013,3,-89.951361,21.199003219604492,2024.0,0.8911635875701904,105
c3_016,3,-89.949205,21.20115852355957,2024.0,0.2463277280330658,105
c3_021,3,-89.950013,21.19927215576172,2024.0,0.33945232629776,105
c3_018,3,-90.1038818359375,21.086095,2024.0,0.8945114612579346,105
c3_003,3,-89.995284,21.139720916748047,2024.0,0.7590402960777283,105
c3_007,3,-89.964834,21.14322280883789,2024.0,0.7327335476875305,105
c3_011,3,-90.008758,21.113311767578125,2024.0,0.8726940155029297,105
c3_017,3,-89.980733,21.145648,2024.0,0.7916325926780701,105
c3_027,3,-90.016572,21.116006,2024.0,0.8741101622581482,105
c3_010,3,-89.973188,21.186607360839844,2024.0,0.8945779204368591,105
c3_024,3,-90.088521,21.146726,2024.0,0.9091557860374451,105
c3_025,3,-89.943007,21.170978,2024.0,0.7908211946487427,105
c3_019,3,-89.958906,21.12489891052246,2024.0,0.9288761615753174,105
c3_023,3,-90.00040435791016,21.138642,2024.0,0.768593430519104,105
c3_012,3,-90.000135,21.130826950073242,2024.0,0.8447849154472351,105
c3_020,3,-89.986392,21.159391403198242,2024.0,0.9353765845298767,105
c3_026,3,-90.014417,21.114659,2024.0,0.8941749334335327,105
c3_014,3,-89.945702,21.20331382751465,2024.0,0.738726794719696,105
c3_030,3,-90.104958,21.09660530090332,2024.0,0.6769729256629944,105
c3_001,3,-90.072083,21.088790893554688,2024.0,0.8670925498008728,105
c3_004,3,-90.046214,21.096874237060547,2024.0,0.8726682662963867,105
c3_006,3,-89.973188,21.15966033935547,2024.0,0.868465006351471,105
c3_015,3,-90.011722,21.112503051757812,2024.0,0.9065141677856445,105
c3_022,3,-90.041364,21.099029541015625,2024.0,0.8801574110984802,105
c4_001,4,-89.957828,21.178254,2024.0,0.7565611600875854,105
c4_002,4,-89.963217,21.190109252929688,2024.0,0.8585392832756042,105
c4_003,4,-89.950822,21.1922664642334,2024.0,0.9069972634315491,105
c4_004,4,-89.992859,21.172864,2024.0,0.881822943687439,105
c4_005,4,-89.940313,21.199811,2024.0,0.8770387768745422,105
c4_006,4,-89.939774,21.204662322998047,2024.0,0.8271047472953796,105
c4_007,4,-90.070736,21.130288,2024.0,0.8041536808013916,105
c4_008,4,-89.998518,21.119239807128906,2024.0,0.7530105113983154,105
c4_009,4,-90.035705,21.144301,2024.0,0.6163800954818726,105
c4_010,4,-90.029776,21.160737991333008,2024.0,0.76283198595047,105
c4_011,4,-90.036244,21.152114868164062,2024.0,0.8658351898193359,105
c4_012,4,-90.106306,21.113851,2024.0,0.8099638223648071,105
c4_013,4,-89.943007,21.202506,2024.0,0.8356147408485413,105
c4_014,4,-89.956481,21.189302444458008,2024.0,0.9953477382659912,105
c4_015,4,-90.1038818359375,21.116006,2024.0,0.7403401732444763,105
c4_016,4,-89.943277,21.199542,2024.0,0.8170356750488281,105
c4_017,4,-90.07369995117188,21.133522033691406,2024.0,0.7739382386207581,105
c4_018,4,-89.996632,21.15022850036621,2024.0,0.832692563533783,105
c4_019,4,-90.022501,21.156966,2024.0,0.8841607570648193,105
c4_020,4,-89.981811,21.164511,2024.0,0.8763036727905273,105
c4_021,4,-90.001482,21.169092178344727,2024.0,0.9025881290435791,105
c4_022,4,-89.99259185791016,21.120318,2024.0,0.8564416170120239,105
c4_023,4,-89.955133,21.188493728637695,2024.0,0.7948157787322998,105
c4_024,4,-89.966182,21.181218,2024.0,0.8984665274620056,105
c4_025,4,-89.952439,21.1922664642334,2024.0,0.7082017064094543,105
c4_026,4,-90.034357,21.160199,2024.0,0.891567051410675,105
c4_027,4,-89.966451,21.182565,2024.0,0.8798381686210632,105
c4_028,4,-89.958636,21.177175521850586,2024.0,0.6258953213691711,105
c4_029,4,-90.074778,21.130826950073242,2024.0,0.8156256079673767,105
c4_030,4,-89.976421,21.170978,2024.0,0.8980496525764465,105
c5_001,5,-90.044328,21.155349,2024.0,0.9411739706993103,105
c5_005,5,-90.011722,21.165858,2024.0,0.921124279499054,105
c5_020,5,-90.002829,21.15642738342285,2024.0,0.9146915674209595,105
c5_022,5,-90.004985,21.156696319580078,2024.0,0.8660162687301636,105
c5_002,5,-90.066424,21.152114868164062,2024.0,0.9415039420127869,105
c5_004,5,-90.039477,21.155618,2024.0,0.9491573572158813,105
c5_006,5,-90.006063,21.155078887939453,2024.0,0.9035388231277466,105
c5_009,5,-90.039477,21.156966,2024.0,0.9413960576057434,105
c5_010,5,-90.032202,21.159391403198242,2024.0,0.9481120705604553,105
c5_012,5,-89.996093,21.155349,2024.0,0.6801166534423828,105
c5_014,5,-90.042711,21.155618,2024.0,0.9420392513275146,105
c5_015,5,-90.061304,21.156156539916992,2024.0,0.931046724319458,105
c5_016,5,-90.036783,21.156966,2024.0,0.9314736127853394,105
c5_018,5,-90.02816009521484,21.156696319580078,2024.0,0.8829470276832581,105
c5_019,5,-90.037321,21.158313,2024.0,0.9134195446968079,105
c5_021,5,-90.062921,21.154541015625,2024.0,0.943032443523407,105
c5_023,5,-90.031932,21.158044,2024.0,0.9437311887741089,105
c5_025,5,-90.074778,21.151845932006836,2024.0,0.9368671774864197,105
c5_027,5,-90.037052,21.159929275512695,2024.0,0.9418425559997559,105
c5_028,5,-90.03813171386719,21.155349,2024.0,0.9384257793426514,105
c5_029,5,-90.035166,21.156156539916992,2024.0,0.9315234422683716,105
c5_030,5,-90.030585,21.15750503540039,2024.0,0.9582515954971313,105
c5_011,5,-90.064538,21.154541015625,2024.0,0.9628207683563232,105
c5_013,5,-89.998248,21.172326,2024.0,0.7162402868270874,105
c5_024,5,-89.988009,21.162355422973633,2024.0,0.8870272040367126,105
c5_008,5,-90.057262,21.155349,2024.0,0.9403643608093262,105
c5_017,5,-90.036513,21.154271,2024.0,0.9223734140396118,105
c5_026,5,-89.996632,21.160737991333008,2024.0,0.8676794171333313,105
c5_003,5,-89.978038,21.180139541625977,2024.0,0.8512502312660217,105
c5_007,5,-90.08124542236328,21.149421,2024.0,0.9443572163581848,105
c1_001,1,-90.092293,21.134868621826172,2025.0,0.7745928168296814,125
c1_002,1,-90.057262,21.116815,2025.0,0.8919655084609985,125
c1_003,1,-90.097413,21.129209518432617,2025.0,0.8374292254447937,125
c1_004,1,-90.051873,21.142684,2025.0,0.8853573799133301,125
c1_005,1,-90.116815,21.0882511138916,2025.0,0.9163884520530701,125
c1_006,1,-90.066694,21.0987606048584,2025.0,0.8413865566253662,125
c1_007,1,-89.974805,21.120318,2025.0,0.889168381690979,125
c1_008,1,-89.979925,21.132444381713867,2025.0,0.8576449155807495,125
c1_009,1,-89.988278,21.157773971557617,2025.0,0.8184003829956055,125
c1_010,1,-90.062921,21.101186,2025.0,0.787782609462738,125
c1_011,1,-90.004177,21.130558013916016,2025.0,0.893420934677124,125
c1_012,1,-90.070197,21.140798,2025.0,0.8585111498832703,125
c1_013,1,-89.989086,21.127055,2025.0,0.7646759748458862,125
c1_014,1,-90.05834197998047,21.147265,2025.0,0.9011150598526001,125
c1_015,1,-90.073969,21.147265,2025.0,0.9191341996192932,125
c1_016,1,-89.955672,21.141876220703125,2025.0,0.8423615097999573,125
c1_017,1,-89.95162963867188,21.132444381713867,2025.0,0.8542475700378418,125
c1_018,1,-90.08124542236328,21.135408401489258,2025.0,0.8708160519599915,125
c1_019,1,-90.112234,21.128671646118164,2025.0,0.8578004240989685,125
c1_020,1,-89.977499,21.129480361938477,2025.0,0.73844975233078,125
c1_021,1,-90.07855224609375,21.141337,2025.0,0.8738819360733032,125
c1_022,1,-90.075317,21.103341,2025.0,0.8551050424575806,125
c1_023,1,-90.067502,21.106845,2025.0,0.8373957872390747,125
c1_024,1,-89.947319,21.188493728637695,2025.0,0.8270812630653381,125
c1_025,1,-90.09876251220703,21.119779,2025.0,0.7930408120155334,125
c1_026,1,-89.945702,21.14322280883789,2025.0,0.8526623249053955,125
c1_027,1,-90.054837,21.112503051757812,2025.0,0.8697352409362793,125
c1_028,1,-90.010105,21.151576,2025.0,0.8670849800109863,125
c1_029,1,-90.113042,21.085018157958984,2025.0,0.8626963496208191,125
c1_030,1,-90.110348,21.111964,2025.0,0.7998731732368469,125
c2_001,2,-89.941929,21.138911,2025.0,0.8956035375595093,125
c2_002,2,-90.100647,21.146995,2025.0,0.9205531477928162,125
c2_003,2,-90.111964,21.138642,2025.0,0.915939211845398,125
c2_004,2,-90.118971,21.110347747802734,2025.0,0.6953928470611572,125
c2_005,2,-90.117084,21.092023849487305,2025.0,0.874437153339386,125
c2_006,2,-90.070466,21.094718,2025.0,0.8681120276451111,125
c2_007,2,-89.99231719970703,21.149690628051758,2025.0,0.7906537652015686,125
c2_008,2,-90.042172,21.114389419555664,2025.0,0.7255092263221741,125
c2_009,2,-90.117893,21.135947,2025.0,0.862308919429779,125
c2_010,2,-90.006871,21.131097,2025.0,0.8559525609016418,125
c2_011,2,-89.946241,21.164511,2025.0,0.8430750370025635,125
c2_012,2,-90.101725,21.08043670654297,2025.0,0.8419095873832703,125
c2_013,2,-90.00768280029297,21.128133,2025.0,0.8661555647850037,125
c2_014,2,-90.097413,21.149959564208984,2025.0,0.9133850932121277,125
c2_015,2,-90.052412,21.098222,2025.0,0.95704185962677,125
c2_016,2,-89.955672,21.166936,2025.0,0.9176265597343445,125
c2_017,2,-89.985853,21.152385,2025.0,0.8113152384757996,125
c2_018,2,-90.039477,21.152654,2025.0,0.9386986494064331,125
c2_019,2,-90.120049,21.121396,2025.0,0.8376551270484924,125
c2_020,2,-90.051334,21.10765266418457,2025.0,0.8433929085731506,125
c2_021,2,-90.070197,21.091215133666992,2025.0,0.8940141797065735,125
c2_022,2,-90.094988,21.123282,2025.0,0.7853994965553284,125
c2_023,2,-89.966182,21.124359130859375,2025.0,0.8225939273834229,125
c2_024,2,-90.085287,21.123552322387695,2025.0,0.8054629564285278,125
c2_025,2,-90.074239,21.092832,2025.0,0.8717417120933533,125
c2_026,2,-90.101455,21.144301,2025.0,0.930536150932312,125
c2_027,2,-89.997979,21.154002,2025.0,0.8729521036148071,125
c2_028,2,-89.968607,21.116275787353516,2025.0,0.941633403301239,125
c2_029,2,-89.975344,21.13729476928711,2025.0,0.8144126534461975,125
c2_030,2,-90.025195,21.116544723510742,2025.0,0.943810760974884,125
c10_004,3,-90.028968,21.158313,2025.0,0.957434892654419,125
c10_002,3,-90.03301239013672,21.158044,2025.0,0.8137431144714355,125
c10_003,3,-90.032741,21.159122467041016,2025.0,0.926645815372467,125
c10_005,3,-90.030585,21.158044,2025.0,0.6885992884635925,125
c3_029,3,-90.08555603027344,21.149690628051758,2025.0,0.9051716327667236,125
c10_001,3,-89.95405578613281,21.163972,2025.0,0.5688613057136536,125
c3_009,3,-89.986931,21.149959564208984,2025.0,0.8945829272270203,125
c3_028,3,-89.982619,21.180679,2025.0,0.7907315492630005,125
c3_005,3,-90.031124,21.124629,2025.0,0.8095771074295044,125
c3_002,3,-89.995823,21.13837242126465,2025.0,0.8613629341125488,125
c3_008,3,-89.951091,21.200081,2025.0,0.48439157009124756,125
c3_013,3,-89.951361,21.199003219604492,2025.0,0.4071717858314514,125
c3_016,3,-89.949205,21.20115852355957,2025.0,0.5066962242126465,125
c3_021,3,-89.950013,21.19927215576172,2025.0,0.6519198417663574,125
c3_018,3,-90.1038818359375,21.086095,2025.0,0.8921545743942261,125
c3_003,3,-89.995284,21.139720916748047,2025.0,0.7321661114692688,125
c3_007,3,-89.964834,21.14322280883789,2025.0,0.7377957701683044,125
c3_011,3,-90.008758,21.113311767578125,2025.0,0.8494879603385925,125
c3_017,3,-89.980733,21.145648,2025.0,0.7758271098136902,125
c3_027,3,-90.016572,21.116006,2025.0,0.859513521194458,125
c3_010,3,-89.973188,21.186607360839844,2025.0,0.9401006698608398,125
c3_024,3,-90.088521,21.146726,2025.0,0.9142822623252869,125
c3_025,3,-89.943007,21.170978,2025.0,0.8984265923500061,125
c3_019,3,-89.958906,21.12489891052246,2025.0,0.9313713908195496,125
c3_023,3,-90.00040435791016,21.138642,2025.0,0.7768010497093201,125
c3_012,3,-90.000135,21.130826950073242,2025.0,0.8280737400054932,125
c3_020,3,-89.986392,21.159391403198242,2025.0,0.6595723032951355,125
c3_026,3,-90.014417,21.114659,2025.0,0.865341067314148,125
c3_014,3,-89.945702,21.20331382751465,2025.0,0.7737053632736206,125
c3_030,3,-90.104958,21.09660530090332,2025.0,0.6426660418510437,125
c3_001,3,-90.072083,21.088790893554688,2025.0,0.8586673736572266,125
c3_004,3,-90.046214,21.096874237060547,2025.0,0.890178382396698,125
c3_006,3,-89.973188,21.15966033935547,2025.0,0.8639438152313232,125
c3_015,3,-90.011722,21.112503051757812,2025.0,0.8708416819572449,125
c3_022,3,-90.041364,21.099029541015625,2025.0,0.8211064338684082,125
c4_001,4,-89.957828,21.178254,2025.0,0.7507352232933044,125
c4_002,4,-89.963217,21.190109252929688,2025.0,0.8486244082450867,125
c4_003,4,-89.950822,21.1922664642334,2025.0,0.916397213935852,125
c4_004,4,-89.992859,21.172864,2025.0,0.8144661784172058,125
c4_005,4,-89.940313,21.199811,2025.0,0.8926838040351868,125
c4_006,4,-89.939774,21.204662322998047,2025.0,0.8431222438812256,125
c4_007,4,-90.070736,21.130288,2025.0,0.8130210638046265,125
c4_008,4,-89.998518,21.119239807128906,2025.0,0.7664458751678467,125
c4_009,4,-90.035705,21.144301,2025.0,0.5989649891853333,125
c4_010,4,-90.029776,21.160737991333008,2025.0,0.7097054123878479,125
c4_011,4,-90.036244,21.152114868164062,2025.0,0.8737748861312866,125
c4_012,4,-90.106306,21.113851,2025.0,0.8120060563087463,125
c4_013,4,-89.943007,21.202506,2025.0,0.8593807816505432,125
c4_014,4,-89.956481,21.189302444458008,2025.0,0.8426644802093506,125
c4_015,4,-90.1038818359375,21.116006,2025.0,0.7422860860824585,125
c4_016,4,-89.943277,21.199542,2025.0,0.8070390224456787,125
c4_017,4,-90.07369995117188,21.133522033691406,2025.0,0.7979325652122498,125
c4_018,4,-89.996632,21.15022850036621,2025.0,0.8031442761421204,125
c4_019,4,-90.022501,21.156966,2025.0,0.8365823030471802,125
c4_020,4,-89.981811,21.164511,2025.0,0.8806689977645874,125
c4_021,4,-90.001482,21.169092178344727,2025.0,0.9476577639579773,125
c4_022,4,-89.99259185791016,21.120318,2025.0,0.9390416145324707,125
c4_023,4,-89.955133,21.188493728637695,2025.0,0.8205687999725342,125
c4_024,4,-89.966182,21.181218,2025.0,0.8919634222984314,125
c4_025,4,-89.952439,21.1922664642334,2025.0,0.6985920071601868,125
c4_026,4,-90.034357,21.160199,2025.0,0.8944723010063171,125
c4_027,4,-89.966451,21.182565,2025.0,0.8623642921447754,125
c4_028,4,-89.958636,21.177175521850586,2025.0,0.7016600370407104,125
c4_029,4,-90.074778,21.130826950073242,2025.0,0.7869840264320374,125
c4_030,4,-89.976421,21.170978,2025.0,0.9077099561691284,125
c5_001,5,-90.044328,21.155349,2025.0,0.9351159930229187,125
c5_005,5,-90.011722,21.165858,2025.0,0.9313857555389404,125
c5_020,5,-90.002829,21.15642738342285,2025.0,0.9276819825172424,125
c5_022,5,-90.004985,21.156696319580078,2025.0,0.864402174949646,125
c5_002,5,-90.066424,21.152114868164062,2025.0,0.9635056853294373,125
c5_004,5,-90.039477,21.155618,2025.0,0.9774140119552612,125
c5_006,5,-90.006063,21.155078887939453,2025.0,0.8792553544044495,125
c5_009,5,-90.039477,21.156966,2025.0,0.9234302043914795,125
c5_010,5,-90.032202,21.159391403198242,2025.0,0.9554771780967712,125
c5_012,5,-89.996093,21.155349,2025.0,0.7462098002433777,125
c5_014,5,-90.042711,21.155618,2025.0,0.9518694877624512,125
c5_015,5,-90.061304,21.156156539916992,2025.0,0.9414992928504944,125
c5_016,5,-90.036783,21.156966,2025.0,0.9533012509346008,125
c5_018,5,-90.02816009521484,21.156696319580078,2025.0,0.9060394167900085,125
c5_019,5,-90.037321,21.158313,2025.0,0.9182650446891785,125
c5_021,5,-90.062921,21.154541015625,2025.0,0.95076584815979,125
c5_023,5,-90.031932,21.158044,2025.0,0.9578070640563965,125
c5_025,5,-90.074778,21.151845932006836,2025.0,0.9476155638694763,125
c5_027,5,-90.037052,21.159929275512695,2025.0,0.9233953952789307,125
c5_028,5,-90.03813171386719,21.155349,2025.0,0.9350135922431946,125
c5_029,5,-90.035166,21.156156539916992,2025.0,0.926262617111206,125
c5_030,5,-90.030585,21.15750503540039,2025.0,0.8757847547531128,125
c5_011,5,-90.064538,21.154541015625,2025.0,0.9572949409484863,125
c5_013,5,-89.998248,21.172326,2025.0,0.8107788562774658,125
c5_024,5,-89.988009,21.162355422973633,2025.0,0.883929967880249,125
c5_008,5,-90.057262,21.155349,2025.0,0.9330233931541443,125
c5_017,5,-90.036513,21.154271,2025.0,0.924447238445282,125
c5_026,5,-89.996632,21.160737991333008,2025.0,0.8995687365531921,125
c5_003,5,-89.978038,21.180139541625977,2025.0,0.8201402425765991,125
c5_007,5,-90.08124542236328,21.149421,2025.0,0.9519765377044678,125
c1_001,1,-90.092293,21.134868621826172,2026.0,0.7901929020881653,93
c1_002,1,-90.057262,21.116815,2026.0,0.8530270457267761,93
c1_003,1,-90.097413,21.129209518432617,2026.0,0.844788670539856,93
c1_004,1,-90.051873,21.142684,2026.0,0.7847375273704529,93
c1_005,1,-90.116815,21.0882511138916,2026.0,0.7866365909576416,93
c1_006,1,-90.066694,21.0987606048584,2026.0,0.8471420407295227,93
c1_007,1,-89.974805,21.120318,2026.0,0.9096047282218933,93
c1_008,1,-89.979925,21.132444381713867,2026.0,0.8471157550811768,93
c1_009,1,-89.988278,21.157773971557617,2026.0,0.6432572603225708,93
c1_010,1,-90.062921,21.101186,2026.0,0.7495369911193848,93
c1_011,1,-90.004177,21.130558013916016,2026.0,0.8755297064781189,93
c1_012,1,-90.070197,21.140798,2026.0,0.8658753633499146,93
c1_013,1,-89.989086,21.127055,2026.0,0.7516480088233948,93
c1_014,1,-90.05834197998047,21.147265,2026.0,0.8991064429283142,93
c1_015,1,-90.073969,21.147265,2026.0,0.9075623750686646,93
c1_016,1,-89.955672,21.141876220703125,2026.0,0.8309352397918701,93
c1_017,1,-89.95162963867188,21.132444381713867,2026.0,0.8592445254325867,93
c1_018,1,-90.08124542236328,21.135408401489258,2026.0,0.8576341867446899,93
c1_019,1,-90.112234,21.128671646118164,2026.0,0.8573991656303406,93
c1_020,1,-89.977499,21.129480361938477,2026.0,0.7466044425964355,93
c1_021,1,-90.07855224609375,21.141337,2026.0,0.865109920501709,93
c1_022,1,-90.075317,21.103341,2026.0,0.8470653891563416,93
c1_023,1,-90.067502,21.106845,2026.0,0.8301388621330261,93
c1_024,1,-89.947319,21.188493728637695,2026.0,0.8092554807662964,93
c1_025,1,-90.09876251220703,21.119779,2026.0,0.7808149456977844,93
c1_026,1,-89.945702,21.14322280883789,2026.0,0.8201817870140076,93
c1_027,1,-90.054837,21.112503051757812,2026.0,0.8533855676651001,93
c1_028,1,-90.010105,21.151576,2026.0,0.8481345772743225,93
c1_029,1,-90.113042,21.085018157958984,2026.0,0.8592894673347473,93
c1_030,1,-90.110348,21.111964,2026.0,0.7835818529129028,93
c2_001,2,-89.941929,21.138911,2026.0,0.87501460313797,93
c2_002,2,-90.100647,21.146995,2026.0,0.9135214686393738,93
c2_003,2,-90.111964,21.138642,2026.0,0.9188354015350342,93
c2_004,2,-90.118971,21.110347747802734,2026.0,0.6903274655342102,93
c2_005,2,-90.117084,21.092023849487305,2026.0,0.8423100709915161,93
c2_006,2,-90.070466,21.094718,2026.0,0.8615319132804871,93
c2_007,2,-89.99231719970703,21.149690628051758,2026.0,0.7809728384017944,93
c2_008,2,-90.042172,21.114389419555664,2026.0,0.6612896919250488,93
c2_009,2,-90.117893,21.135947,2026.0,0.8762907385826111,93
c2_010,2,-90.006871,21.131097,2026.0,0.8397197127342224,93
c2_011,2,-89.946241,21.164511,2026.0,0.8315740823745728,93
c2_012,2,-90.101725,21.08043670654297,2026.0,0.8443688750267029,93
c2_013,2,-90.00768280029297,21.128133,2026.0,0.8772070407867432,93
c2_014,2,-90.097413,21.149959564208984,2026.0,0.903979480266571,93
c2_015,2,-90.052412,21.098222,2026.0,0.8462939858436584,93
c2_016,2,-89.955672,21.166936,2026.0,0.9115858674049377,93
c2_017,2,-89.985853,21.152385,2026.0,0.7853294014930725,93
c2_018,2,-90.039477,21.152654,2026.0,0.9076071977615356,93
c2_019,2,-90.120049,21.121396,2026.0,0.8440930247306824,93
c2_020,2,-90.051334,21.10765266418457,2026.0,0.8312277793884277,93
c2_021,2,-90.070197,21.091215133666992,2026.0,0.8631163239479065,93
c2_022,2,-90.094988,21.123282,2026.0,0.774175763130188,93
c2_023,2,-89.966182,21.124359130859375,2026.0,0.8285785913467407,93
c2_024,2,-90.085287,21.123552322387695,2026.0,0.7971993684768677,93
c2_025,2,-90.074239,21.092832,2026.0,0.8595503568649292,93
c2_026,2,-90.101455,21.144301,2026.0,0.9130541682243347,93
c2_027,2,-89.997979,21.154002,2026.0,0.8389743566513062,93
c2_028,2,-89.968607,21.116275787353516,2026.0,0.8790286779403687,93
c2_029,2,-89.975344,21.13729476928711,2026.0,0.8064926266670227,93
c2_030,2,-90.025195,21.116544723510742,2026.0,0.8835583925247192,93
c10_004,3,-90.028968,21.158313,2026.0,0.8835731744766235,93
c10_002,3,-90.03301239013672,21.158044,2026.0,0.8508668541908264,93
c10_003,3,-90.032741,21.159122467041016,2026.0,0.9530126452445984,93
c10_005,3,-90.030585,21.158044,2026.0,0.7345383763313293,93
c3_029,3,-90.08555603027344,21.149690628051758,2026.0,0.8930197358131409,93
c10_001,3,-89.95405578613281,21.163972,2026.0,0.6396230459213257,93
c3_009,3,-89.986931,21.149959564208984,2026.0,0.8833408951759338,93
c3_028,3,-89.982619,21.180679,2026.0,0.6996538043022156,93
c3_005,3,-90.031124,21.124629,2026.0,0.7806338667869568,93
c3_002,3,-89.995823,21.13837242126465,2026.0,0.8607942461967468,93
c3_008,3,-89.951091,21.200081,2026.0,0.27056828141212463,93
c3_013,3,-89.951361,21.199003219604492,2026.0,0.2226744145154953,93
c3_016,3,-89.949205,21.20115852355957,2026.0,0.32203778624534607,93
c3_021,3,-89.950013,21.19927215576172,2026.0,0.42367732524871826,93
c3_018,3,-90.1038818359375,21.086095,2026.0,0.8948283791542053,93
c3_003,3,-89.995284,21.139720916748047,2026.0,0.7730414867401123,93
c3_007,3,-89.964834,21.14322280883789,2026.0,0.73293137550354,93
c3_011,3,-90.008758,21.113311767578125,2026.0,0.8363267183303833,93
c3_017,3,-89.980733,21.145648,2026.0,0.7712177038192749,93
c3_027,3,-90.016572,21.116006,2026.0,0.8478088974952698,93
c3_010,3,-89.973188,21.186607360839844,2026.0,0.9021669626235962,93
c3_024,3,-90.088521,21.146726,2026.0,0.8660115003585815,93
c3_025,3,-89.943007,21.170978,2026.0,0.790349543094635,93
c3_019,3,-89.958906,21.12489891052246,2026.0,0.9025555849075317,93
c3_023,3,-90.00040435791016,21.138642,2026.0,0.7585628628730774,93
c3_012,3,-90.000135,21.130826950073242,2026.0,0.8223486542701721,93
c3_020,3,-89.986392,21.159391403198242,2026.0,0.6581872701644897,93
c3_026,3,-90.014417,21.114659,2026.0,0.8471705913543701,93
c3_014,3,-89.945702,21.20331382751465,2026.0,0.8108406066894531,93
c3_030,3,-90.104958,21.09660530090332,2026.0,0.6607130765914917,93
c3_001,3,-90.072083,21.088790893554688,2026.0,0.8589769005775452,93
c3_004,3,-90.046214,21.096874237060547,2026.0,0.8835894465446472,93
c3_006,3,-89.973188,21.15966033935547,2026.0,0.8615167140960693,93
c3_015,3,-90.011722,21.112503051757812,2026.0,0.8495354056358337,93
c3_022,3,-90.041364,21.099029541015625,2026.0,0.897373616695404,93
c4_001,4,-89.957828,21.178254,2026.0,0.8165555000305176,93
c4_002,4,-89.963217,21.190109252929688,2026.0,0.9320876002311707,93
c4_003,4,-89.950822,21.1922664642334,2026.0,0.9195082783699036,93
c4_004,4,-89.992859,21.172864,2026.0,0.8175833821296692,93
c4_005,4,-89.940313,21.199811,2026.0,0.8831235766410828,93
c4_006,4,-89.939774,21.204662322998047,2026.0,0.8285914659500122,93
c4_007,4,-90.070736,21.130288,2026.0,0.8070367574691772,93
c4_008,4,-89.998518,21.119239807128906,2026.0,0.7733691334724426,93
c4_009,4,-90.035705,21.144301,2026.0,0.5548393130302429,93
c4_010,4,-90.029776,21.160737991333008,2026.0,0.7319312691688538,93
c4_011,4,-90.036244,21.152114868164062,2026.0,0.8664712309837341,93
c4_012,4,-90.106306,21.113851,2026.0,0.8017168045043945,93
c4_013,4,-89.943007,21.202506,2026.0,0.8535904884338379,93
c4_014,4,-89.956481,21.189302444458008,2026.0,0.8353835940361023,93
c4_015,4,-90.1038818359375,21.116006,2026.0,0.7287909984588623,93
c4_016,4,-89.943277,21.199542,2026.0,0.7835854291915894,93
c4_017,4,-90.07369995117188,21.133522033691406,2026.0,0.7251943349838257,93
c4_018,4,-89.996632,21.15022850036621,2026.0,0.7764890193939209,93
c4_019,4,-90.022501,21.156966,2026.0,0.8306120038032532,93
c4_020,4,-89.981811,21.164511,2026.0,0.8640452027320862,93
c4_021,4,-90.001482,21.169092178344727,2026.0,0.75776207447052,93
c4_022,4,-89.99259185791016,21.120318,2026.0,0.8643354177474976,93
c4_023,4,-89.955133,21.188493728637695,2026.0,0.7999740839004517,93
c4_024,4,-89.966182,21.181218,2026.0,0.8977471590042114,93
c4_025,4,-89.952439,21.1922664642334,2026.0,0.7442430853843689,93
c4_026,4,-90.034357,21.160199,2026.0,0.8916390538215637,93
c4_027,4,-89.966451,21.182565,2026.0,0.8486613035202026,93
c4_028,4,-89.958636,21.177175521850586,2026.0,0.7510276436805725,93
c4_029,4,-90.074778,21.130826950073242,2026.0,0.7752281427383423,93
c4_030,4,-89.976421,21.170978,2026.0,0.9280032515525818,93
c5_001,5,-90.044328,21.155349,2026.0,0.9273674488067627,93
c5_005,5,-90.011722,21.165858,2026.0,0.9271048307418823,93
c5_020,5,-90.002829,21.15642738342285,2026.0,0.9477754831314087,93
c5_022,5,-90.004985,21.156696319580078,2026.0,0.8542392253875732,93
c5_002,5,-90.066424,21.152114868164062,2026.0,0.9219697117805481,93
c5_004,5,-90.039477,21.155618,2026.0,0.9434958100318909,93
c5_006,5,-90.006063,21.155078887939453,2026.0,0.8791040778160095,93
c5_009,5,-90.039477,21.156966,2026.0,0.9112768173217773,93
c5_010,5,-90.032202,21.159391403198242,2026.0,0.957291305065155,93
c5_012,5,-89.996093,21.155349,2026.0,0.6278138756752014,93
c5_014,5,-90.042711,21.155618,2026.0,0.8344264626502991,93
c5_015,5,-90.061304,21.156156539916992,2026.0,0.8845099806785583,93
c5_016,5,-90.036783,21.156966,2026.0,0.946327269077301,93
c5_018,5,-90.02816009521484,21.156696319580078,2026.0,0.906658411026001,93
c5_019,5,-90.037321,21.158313,2026.0,0.8988777995109558,93
c5_021,5,-90.062921,21.154541015625,2026.0,0.9381121397018433,93
c5_023,5,-90.031932,21.158044,2026.0,0.9605923891067505,93
c5_025,5,-90.074778,21.151845932006836,2026.0,0.9558579325675964,93
c5_027,5,-90.037052,21.159929275512695,2026.0,0.926045298576355,93
c5_028,5,-90.03813171386719,21.155349,2026.0,0.9347754120826721,93
c5_029,5,-90.035166,21.156156539916992,2026.0,0.9337435364723206,93
c5_030,5,-90.030585,21.15750503540039,2026.0,0.8835151195526123,93
c5_011,5,-90.064538,21.154541015625,2026.0,0.9571576714515686,93
c5_013,5,-89.998248,21.172326,2026.0,0.7044809460639954,93
c5_024,5,-89.988009,21.162355422973633,2026.0,0.8773518800735474,93
c5_008,5,-90.057262,21.155349,2026.0,0.8930063843727112,93
c5_017,5,-90.036513,21.154271,2026.0,0.9173051714897156,93
c5_026,5,-89.996632,21.160737991333008,2026.0,0.999187707901001,93
c5_003,5,-89.978038,21.180139541625977,2026.0,0.7913550734519958,93
c5_007,5,-90.08124542236328,21.149421,2026.0,0.9373142123222351,93
