point_id,traj,lon,lat,year,ndvi_median,n_images_that_year
c1_001,1,-90.056184,21.12301254272461,1985.0,0.7020302414894104,6
c1_002,1,-89.984506,21.126246,1985.0,0.7325791716575623,6
c1_003,1,-90.070197,21.140798,1985.0,0.7342602014541626,6
c1_004,1,-90.057801,21.145648,1985.0,0.7686833143234253,6
c1_005,1,-90.024926,21.145379,1985.0,0.6208987832069397,6
c1_006,1,-89.979386,21.130288,1985.0,0.661217212677002,6
c1_007,1,-90.08636474609375,21.137025,1985.0,0.7799004912376404,6
c1_008,1,-89.952169,21.14322280883789,1985.0,0.7204933762550354,6
c1_009,1,-90.055106,21.138911,1985.0,0.4856909215450287,6
c1_010,1,-89.945702,21.14322280883789,1985.0,0.7067007422447205,6
c1_011,1,-89.958098,21.149151,1985.0,0.715709388256073,6
c1_012,1,-90.036783,21.117354,1985.0,0.7562839388847351,6
c1_013,1,-90.113042,21.085018157958984,1985.0,0.7705304026603699,6
c1_014,1,-89.944085,21.154002,1985.0,0.761777937412262,6
c1_015,1,-90.065885,21.113581,1985.0,0.7241166830062866,6
c1_016,1,-90.064538,21.121126174926758,1985.0,0.671558141708374,6
c1_017,1,-90.01280212402344,21.122474,1985.0,0.6833121180534363,6
c1_018,1,-90.013608,21.150499,1985.0,0.6256631016731262,6
c1_019,1,-90.075856,21.141876220703125,1985.0,0.7227283120155334,6
c1_020,1,-90.063729,21.119510650634766,1985.0,0.7134004235267639,6
c1_021,1,-90.112234,21.128671646118164,1985.0,0.6492224335670471,6
c1_022,1,-89.970224,21.131635665893555,1985.0,0.6303190588951111,6
c1_023,1,-90.049448,21.111425399780273,1985.0,0.6378800272941589,6
c1_024,1,-90.076933,21.135408401489258,1985.0,0.7177143096923828,6
c1_025,1,-90.09391021728516,21.143762,1985.0,0.8362867832183838,6
c1_026,1,-89.940852,21.145917892456055,1985.0,0.758874773979187,6
c1_027,1,-89.945163,21.154002,1985.0,0.7410682439804077,6
c1_028,1,-90.098491,21.127324,1985.0,0.7867801785469055,6
c1_029,1,-90.003368,21.149421,1985.0,0.6894440650939941,6
c1_030,1,-89.972918,21.124629,1985.0,0.7252060770988464,6
c1_031,1,-90.003907,21.124359130859375,1985.0,0.7277023792266846,6
c1_032,1,-90.066694,21.0987606048584,1985.0,0.6984870433807373,6
c1_033,1,-89.994745,21.123552322387695,1985.0,0.6288564205169678,6
c1_034,1,-90.08879089355469,21.142953,1985.0,0.8059896230697632,6
c1_035,1,-90.063191,21.110887,1985.0,0.7236961126327515,6
c1_036,1,-89.960523,21.137563705444336,1985.0,0.7485929131507874,6
c1_037,1,-90.094179,21.093371,1985.0,0.7257913947105408,6
c1_038,1,-90.0025634765625,21.122743,1985.0,0.6297253370285034,6
c1_039,1,-90.051334,21.132714,1985.0,0.5877478718757629,6
c1_040,1,-90.066694,21.13837242126465,1985.0,0.7297155857086182,6
c1_041,1,-90.116815,21.0882511138916,1985.0,0.7219112515449524,6
c1_042,1,-90.057801,21.148612,1985.0,0.7570110559463501,6
c1_043,1,-90.080706,21.141876220703125,1985.0,0.644164502620697,6
c1_044,1,-89.947319,21.188493728637695,1985.0,0.7597923278808594,6
c1_045,1,-89.981811,21.124091,1985.0,0.7467580437660217,6
c1_046,1,-90.058879,21.128671646118164,1985.0,0.6445660591125488,6
c1_047,1,-90.075317,21.10361099243164,1985.0,0.7562397122383118,6
c1_048,1,-90.003638,21.150768280029297,1985.0,0.6845771074295044,6
c1_049,1,-90.026543,21.122743,1985.0,0.7600193023681641,6
c1_050,1,-90.108731,21.117623,1985.0,0.7974536418914795,6
c2_001,2,-89.960253,21.154002,1985.0,0.6793656349182129,6
c2_002,2,-90.117623,21.133522033691406,1985.0,0.46858131885528564,6
c2_003,2,-90.07881927490234,21.09229278564453,1985.0,0.7133225798606873,6
c2_004,2,-89.978847,21.15022850036621,1985.0,0.7117227911949158,6
c2_005,2,-90.089329,21.09364128112793,1985.0,0.7498858571052551,6
c2_006,2,-90.11412048339844,21.100377,1985.0,0.6629862189292908,6
c2_007,2,-90.106036,21.131635665893555,1985.0,0.8059815764427185,6
c2_008,2,-90.001213,21.145379,1985.0,0.6983437538146973,6
c2_009,2,-89.963217,21.183913,1985.0,0.39781299233436584,6
c2_010,2,-90.10226440429688,21.144301,1985.0,0.7587728500366211,6
c2_011,2,-89.958636,21.125438,1985.0,0.6888626217842102,6
c2_012,2,-90.097413,21.149959564208984,1985.0,0.8143449425697327,6
c2_013,2,-90.100647,21.106845,1985.0,0.6900652050971985,6
c2_014,2,-90.04594421386719,21.111156463623047,1985.0,0.5407888889312744,6
c2_015,2,-90.068849,21.102802276611328,1985.0,0.7941615581512451,6
c2_016,2,-90.118162,21.135947,1985.0,0.457224041223526,6
c2_017,2,-89.96214294433594,21.120587,1985.0,0.6973198056221008,6
c2_018,2,-89.981541,21.148343,1985.0,0.6612222790718079,6
c2_019,2,-90.041364,21.101186,1985.0,0.7238390445709229,6
c2_020,2,-90.082592,21.10064697265625,1985.0,0.7759085297584534,6
c2_021,2,-89.945163,21.161008,1985.0,0.6863304972648621,6
c2_022,2,-90.01280212402344,21.118162155151367,1985.0,0.6421828866004944,6
c2_023,2,-89.94165802001953,21.17879295349121,1985.0,0.6312163472175598,6
c2_024,2,-89.940043,21.179332,1985.0,0.7360736131668091,6
c2_025,2,-89.942199,21.169092178344727,1985.0,0.5983938574790955,6
c2_026,2,-90.04837036132812,21.15858268737793,1985.0,0.618847131729126,6
c2_027,2,-90.018189,21.155078887939453,1985.0,0.7819963693618774,6
c2_028,2,-90.018998,21.118701,1985.0,0.6309130787849426,6
c2_029,2,-89.960253,21.166936,1985.0,0.7994495630264282,6
c2_030,2,-90.08636474609375,21.13918113708496,1985.0,0.8071513175964355,6
c2_031,2,-90.006871,21.167745,1985.0,0.4953385293483734,6
c2_032,2,-89.9599838256836,21.15750503540039,1985.0,0.5479427576065063,6
c2_033,2,-90.052412,21.115737,1985.0,0.6867116093635559,6
c2_034,2,-90.075586,21.099569,1985.0,0.6667502522468567,6
c2_035,2,-90.108731,21.095796,1985.0,0.6254852414131165,6
c2_036,2,-90.026543,21.155078887939453,1985.0,0.7375311851501465,6
c2_037,2,-90.006871,21.131097,1985.0,0.6948994994163513,6
c2_038,2,-90.080167,21.099838256835938,1985.0,0.7565170526504517,6
c2_039,2,-89.947588,21.136486053466797,1985.0,0.6930993795394897,6
c2_040,2,-90.061304,21.10468864440918,1985.0,0.73540198802948,6
c2_041,2,-90.075856,21.134868621826172,1985.0,0.7289551496505737,6
c2_042,2,-89.99959564208984,21.12004852294922,1985.0,0.5046353936195374,6
c2_043,2,-90.101725,21.08043670654297,1985.0,0.7118431925773621,6
c2_044,2,-90.026004,21.113851,1985.0,0.704057514667511,6
c2_045,2,-90.118162,21.129209518432617,1985.0,0.7933657765388489,6
c2_046,2,-89.94139099121094,21.172056198120117,1985.0,0.7368683815002441,6
c2_047,2,-89.969685,21.1402587890625,1985.0,0.7521640658378601,6
c2_048,2,-90.1038818359375,21.095527,1985.0,0.6273942589759827,6
c2_049,2,-89.99231719970703,21.149690628051758,1985.0,0.6612202525138855,6
c2_050,2,-89.950822,21.121396,1985.0,0.7066748142242432,6
c3_045,3,-89.992859,21.161815643310547,1985.0,0.5988761782646179,6
c3_003,3,-90.034357,21.15858268737793,1985.0,0.8013104796409607,6
c3_026,3,-89.986931,21.149959564208984,1985.0,0.7871841788291931,6
c3_008,3,-90.084209,21.151576,1985.0,0.7195945382118225,6
c3_017,3,-89.970493,21.159929275512695,1985.0,0.5563187003135681,6
c3_004,3,-89.982619,21.180679,1985.0,0.7900609970092773,6
c3_040,3,-89.9742660522461,21.185529708862305,1985.0,0.7386054396629333,6
c3_024,3,-89.97722625732422,21.183913,1985.0,0.748105525970459,6
c3_013,3,-89.995823,21.13837242126465,1985.0,0.7286874055862427,6
c3_018,3,-90.062113,21.107114,1985.0,0.7550246715545654,6
c3_007,3,-90.088521,21.146995,1985.0,0.7407205700874329,6
c3_014,3,-89.951361,21.199003219604492,1985.0,0.6446892023086548,6
c3_042,3,-89.950283,21.199003219604492,1985.0,0.7145416140556335,6
c3_029,3,-90.000135,21.137563705444336,1985.0,0.6822690963745117,6
c3_005,3,-90.003638,21.111964,1985.0,0.6666639447212219,6
c3_022,3,-90.005524,21.112503051757812,1985.0,0.636856734752655,6
c3_002,3,-89.953786,21.197656,1985.0,0.6018474698066711,6
c3_015,3,-89.940852,21.162086486816406,1985.0,0.7480759024620056,6
c3_020,3,-90.016842,21.116006,1985.0,0.6688275933265686,6
c3_027,3,-89.982619,21.149421,1985.0,0.6851267218589783,6
c3_030,3,-89.942738,21.1674747467041,1985.0,0.6854819059371948,6
c3_050,3,-89.941929,21.168553,1985.0,0.5626439452171326,6
c3_009,3,-89.986392,21.149959564208984,1985.0,0.7732375860214233,6
c3_033,3,-90.039208,21.102802276611328,1985.0,0.6507541537284851,6
c3_038,3,-89.976152,21.169361114501953,1985.0,0.6036625504493713,6
c3_023,3,-89.97183990478516,21.169361114501953,1985.0,0.628977358341217,6
c3_032,3,-90.00040435791016,21.138642,1985.0,0.6549121737480164,6
c3_046,3,-89.994476,21.137832641601562,1985.0,0.5969537496566772,6
c3_025,3,-89.947049,21.157235,1985.0,0.7084735631942749,6
c3_028,3,-89.976421,21.165858,1985.0,0.7513752579689026,6
c3_036,3,-89.95189666748047,21.162894,1985.0,0.6184200644493103,6
c3_021,3,-90.007141,21.131635665893555,1985.0,0.6671525239944458,6
c3_035,3,-90.000943,21.144569396972656,1985.0,0.6983437538146973,6
c3_037,3,-89.97183990478516,21.162086486816406,1985.0,0.7518219351768494,6
c3_039,3,-89.976691,21.168283462524414,1985.0,0.5299647450447083,6
c3_041,3,-89.973996,21.137563705444336,1985.0,0.6828160285949707,6
c3_034,3,-90.041364,21.1402587890625,1985.0,0.6119651794433594,6
c3_047,3,-90.028698,21.126246,1985.0,0.7602574825286865,6
c3_048,3,-90.030315,21.124359130859375,1985.0,0.7080258131027222,6
c3_011,3,-90.035974,21.099299,1985.0,0.6342917084693909,6
c3_001,3,-90.080437,21.100377,1985.0,0.7304667234420776,6
c3_006,3,-89.94677734375,21.202237,1985.0,0.7601828575134277,6
c3_019,3,-89.958367,21.172056198120117,1985.0,0.7784130573272705,6
c3_031,3,-90.00740814208984,21.113042,1985.0,0.660132646560669,6
c3_010,3,-90.01252746582031,21.114659,1985.0,0.7149679660797119,6
c3_012,3,-90.00768280029297,21.114389419555664,1985.0,0.6089980602264404,6
c3_016,3,-90.045675,21.097951889038086,1985.0,0.5456805229187012,6
c3_043,3,-89.967259,21.189841,1985.0,0.7548479437828064,6
c3_044,3,-90.046214,21.097413,1985.0,0.6521884799003601,6
c3_049,3,-90.016033,21.116006,1985.0,0.6579201817512512,6
c4_001,4,-90.002021,21.168822,1985.0,0.3707106113433838,6
c4_002,4,-90.013878,21.166397094726562,1985.0,0.30431312322616577,6
c4_003,4,-90.040286,21.149421,1985.0,0.44915613532066345,6
c4_004,4,-89.94139099121094,21.181487,1985.0,0.2801963686943054,6
c4_005,4,-89.967529,21.183643341064453,1985.0,0.17333032190799713,6
c4_006,4,-89.943277,21.200620651245117,1985.0,-0.03692955523729324,6
c4_007,4,-89.968068,21.171248,1985.0,0.2815106213092804,6
c4_008,4,-90.035705,21.15346336364746,1985.0,0.6308819055557251,6
c4_009,4,-89.967798,21.179332,1985.0,-0.1598808765411377,6
c4_010,4,-89.949205,21.194961,1985.0,-0.04322756081819534,6
c4_011,4,-89.943007,21.202506,1985.0,-0.0745275616645813,6
c4_012,4,-89.945163,21.199811,1985.0,-0.10924866050481796,6
c4_013,4,-89.972379,21.174481,1985.0,0.09974759072065353,6
c4_014,4,-90.041633,21.148612,1985.0,0.43651825189590454,6
c4_015,4,-89.960792,21.190380096435547,1985.0,-0.06636014580726624,6
c4_016,4,-89.958098,21.184452056884766,1985.0,-0.0768464207649231,6
c4_017,4,-90.074239,21.133790969848633,1985.0,0.5817854404449463,6
c4_018,4,-89.950822,21.1922664642334,1985.0,-0.03126093000173569,6
c4_019,4,-89.996901,21.149959564208984,1985.0,0.44919338822364807,6
c4_020,4,-89.960523,21.186338424682617,1985.0,0.03988749161362648,6
c4_021,4,-89.9465103149414,21.185529708862305,1985.0,0.015072042122483253,6
c4_022,4,-89.957828,21.185529708862305,1985.0,-0.03755062073469162,6
c4_023,4,-90.035705,21.144301,1985.0,0.4968230426311493,6
c4_024,4,-90.022501,21.156966,1985.0,0.2523832321166992,6
c4_025,4,-89.981002,21.165319,1985.0,0.5035700798034668,6
c4_026,4,-90.027621,21.162355422973633,1985.0,0.45268309116363525,6
c4_027,4,-89.949475,21.19415283203125,1985.0,-0.09604329615831375,6
c4_028,4,-89.940852,21.201428,1985.0,-0.048262663185596466,6
c4_029,4,-89.961601,21.190919,1985.0,0.06187204271554947,6
c4_030,4,-90.041364,21.151576,1985.0,0.544855535030365,6
c4_031,4,-90.062382,21.153732299804688,1985.0,0.4516691565513611,6
c4_032,4,-89.944085,21.193883,1985.0,-0.06454051285982132,6
c4_033,4,-89.981811,21.164511,1985.0,0.7393022775650024,6
c4_034,4,-89.940313,21.199811,1985.0,0.027214249595999718,6
c4_035,4,-90.072622,21.132714,1985.0,0.5547425150871277,6
c4_036,4,-89.942738,21.183643341064453,1985.0,0.14834846556186676,6
c4_037,4,-89.9742660522461,21.173673,1985.0,0.32169103622436523,6
c4_038,4,-89.966451,21.182565,1985.0,-0.014426440000534058,6
c4_039,4,-90.014147,21.163972,1985.0,0.09217630326747894,6
c4_040,4,-89.944355,21.201428,1985.0,-0.0745561271905899,6
c4_041,4,-90.011183,21.148881912231445,1985.0,0.5781611204147339,6
c4_042,4,-90.071814,21.131635665893555,1985.0,0.5229130983352661,6
c4_043,4,-90.11438751220703,21.11061668395996,1985.0,0.5736714601516724,6
c4_044,4,-89.956481,21.189302444458008,1985.0,-0.003921257797628641,6
c4_045,4,-90.036513,21.153732299804688,1985.0,0.523154616355896,6
c4_046,4,-89.98235321044922,21.169092178344727,1985.0,0.27033597230911255,6
c4_047,4,-89.992859,21.172864,1985.0,0.18741358816623688,6
c4_048,4,-89.948127,21.191457748413086,1985.0,0.11589638888835907,6
c4_049,4,-90.1195068359375,21.108461380004883,1985.0,0.46103641390800476,6
c4_050,4,-90.094718,21.12301254272461,1985.0,0.47384002804756165,6
c5_045,5,-90.018998,21.166128158569336,1985.0,0.5038187503814697,6
c5_008,5,-90.034357,21.155618,1985.0,0.7163031101226807,6
c5_010,5,-89.957289,21.163703,1985.0,0.507244348526001,6
c5_011,5,-90.004985,21.156696319580078,1985.0,0.5820431113243103,6
c5_012,5,-90.066424,21.154809951782227,1985.0,0.6646538376808167,6
c5_014,5,-90.006871,21.155887603759766,1985.0,0.6976531744003296,6
c5_016,5,-90.002829,21.15642738342285,1985.0,0.8286820650100708,6
c5_022,5,-90.044597,21.154809951782227,1985.0,0.717629075050354,6
c5_024,5,-89.995284,21.15642738342285,1985.0,0.7605145573616028,6
c5_003,5,-90.056993,21.154541015625,1985.0,0.6416549682617188,6
c5_013,5,-90.020614,21.157235,1985.0,0.5885598659515381,6
c5_020,5,-90.027621,21.156966,1985.0,0.5878878235816956,6
c5_025,5,-90.03301239013672,21.15966033935547,1985.0,0.47757551074028015,6
c5_034,5,-90.012261,21.166397094726562,1985.0,0.5286803841590881,6
c5_040,5,-90.069658,21.154541015625,1985.0,0.7203776836395264,6
c5_041,5,-89.998787,21.156156539916992,1985.0,0.7643266320228577,6
c5_043,5,-90.113042,21.13729476928711,1985.0,0.6571221947669983,6
c5_002,5,-90.042172,21.156156539916992,1985.0,0.7680078148841858,6
c5_004,5,-90.034088,21.156966,1985.0,0.706633985042572,6
c5_001,5,-89.996093,21.155887603759766,1985.0,0.7268344759941101,6
c5_006,5,-90.035435,21.154809951782227,1985.0,0.5597888231277466,6
c5_015,5,-89.942738,21.172864,1985.0,0.5727574825286865,6
c5_018,5,-90.0685806274414,21.152385,1985.0,0.5944067239761353,6
c5_026,5,-89.998248,21.172326,1985.0,0.6643674969673157,6
c5_033,5,-90.01980590820312,21.156966,1985.0,0.7759395837783813,6
c5_036,5,-90.041902,21.15750503540039,1985.0,0.6400172114372253,6
c5_039,5,-90.060496,21.15642738342285,1985.0,0.7705516815185547,6
c5_005,5,-90.041633,21.159929275512695,1985.0,0.6839792132377625,6
c5_009,5,-90.038938,21.154271,1985.0,0.762985348701477,6
c5_019,5,-90.057262,21.155349,1985.0,0.6311571598052979,6
c5_021,5,-90.089598,21.148073196411133,1985.0,0.7224860787391663,6
c5_030,5,-90.071814,21.151845932006836,1985.0,0.6647905111312866,6
c5_031,5,-90.003099,21.155618,1985.0,0.8311830759048462,6
c5_035,5,-90.095527,21.151845932006836,1985.0,0.7490572333335876,6
c5_037,5,-89.996632,21.160469,1985.0,0.7521028518676758,6
c5_023,5,-89.978038,21.180139541625977,1985.0,0.47670072317123413,6
c5_017,5,-90.040555,21.145917892456055,1985.0,0.4330676794052124,6
c5_027,5,-90.08879089355469,21.150768280029297,1985.0,0.7620187401771545,6
c5_047,5,-90.001213,21.154541015625,1985.0,0.8219147324562073,6
c5_048,5,-90.028429,21.156696319580078,1985.0,0.7877183556556702,6
c5_029,5,-90.090407,21.149421,1985.0,0.7532318830490112,6
c5_032,5,-90.079359,21.150768280029297,1985.0,0.7622844576835632,6
c5_038,5,-90.04082489013672,21.156966,1985.0,0.7079671621322632,6
c5_046,5,-90.067233,21.152114868164062,1985.0,0.6646538376808167,6
c5_028,5,-90.095527,21.150499,1985.0,0.7937393188476562,6
c5_044,5,-89.973188,21.183374404907227,1985.0,0.5715287923812866,6
c5_042,5,-90.08124542236328,21.149421,1985.0,0.7791466116905212,6
c5_007,5,-90.021962,21.143491744995117,1985.0,0.5968579053878784,6
c10_001,3,-90.028968,21.158313,1985.0,0.5804296731948853,6
c10_005,3,-89.954594,21.163972,1985.0,0.5933610200881958,6
c10_002,3,-90.033549,21.15858268737793,1985.0,0.7564518451690674,6
c10_003,3,-90.030046,21.158044,1985.0,0.7948312759399414,6
c10_004,3,-90.029507,21.157773971557617,1985.0,0.8378397226333618,6
c10_006,3,-90.03301239013672,21.159122467041016,1985.0,0.717629075050354,6
c10_007,3,-90.03301239013672,21.158044,1985.0,0.789226770401001,6
c10_009,3,-90.032741,21.15858268737793,1985.0,0.7913305759429932,6
c10_010,3,-90.030585,21.158044,1985.0,0.8113611340522766,6
c10_008,3,-89.95405578613281,21.163972,1985.0,0.5179557204246521,6
c1_051,1,-90.064538,21.118162155151367,1985.0,0.6414040327072144,6
c1_052,1,-90.05322265625,21.112234115600586,1985.0,0.7205106616020203,6
c1_053,1,-90.068041,21.142953,1985.0,0.6408047080039978,6
c1_054,1,-90.00040435791016,21.124359130859375,1985.0,0.6410212516784668,6
c1_055,1,-90.049178,21.1402587890625,1985.0,0.6485450267791748,6
c2_051,2,-90.111695,21.123821258544922,1985.0,0.7126347422599792,6
c2_052,2,-90.02277374267578,21.139720916748047,1985.0,0.4758960008621216,6
c2_053,2,-89.941929,21.138911,1985.0,0.7901608943939209,6
c2_054,2,-89.950013,21.130019,1985.0,0.6999750137329102,6
c2_055,2,-90.106306,21.128941,1985.0,0.7524680495262146,6
c3_062,3,-90.086634,21.149690628051758,1985.0,0.7260292768478394,6
c3_051,3,-90.010914,21.144301,1985.0,0.7773746848106384,6
c3_055,3,-90.079359,21.150499,1985.0,0.7866901755332947,6
c3_058,3,-90.000943,21.171248,1985.0,0.6834520101547241,6
c3_052,3,-90.094179,21.114929,1985.0,0.665064811706543,6
c3_059,3,-90.039208,21.1402587890625,1985.0,0.7310352921485901,6
c3_053,3,-90.013608,21.152114868164062,1985.0,0.8078746199607849,6
c3_060,3,-89.958906,21.12489891052246,1985.0,0.8083760738372803,6
c3_057,3,-90.058071,21.159929275512695,1985.0,0.6787878274917603,6
c3_061,3,-89.973457,21.138911,1985.0,0.7061942219734192,6
c3_064,3,-89.989625,21.149959564208984,1985.0,0.5525693893432617,6
c3_063,3,-90.030046,21.125707,1985.0,0.7176976799964905,6
c3_065,3,-89.972379,21.162086486816406,1985.0,0.7882615327835083,6
c3_054,3,-90.029237,21.101455,1985.0,0.6412312388420105,6
c3_056,3,-90.008758,21.114120483398438,1985.0,0.6297233700752258,6
c4_051,4,-89.958906,21.191997,1985.0,-0.0647314116358757,6
c4_052,4,-89.957828,21.178254,1985.0,0.09032360464334488,6
c4_053,4,-89.994476,21.172864,1985.0,0.3211728036403656,6
c4_054,4,-89.994745,21.168822,1985.0,-0.1408303678035736,6
c4_055,4,-90.0025634765625,21.169631,1985.0,0.11055949330329895,6
c1_001,1,-90.056184,21.12301254272461,1986.0,0.6360727548599243,26
c1_002,1,-89.984506,21.126246,1986.0,0.6346811652183533,26
c1_003,1,-90.070197,21.140798,1986.0,0.5941550731658936,26
c1_004,1,-90.057801,21.145648,1986.0,0.7072653770446777,26
c1_005,1,-90.024926,21.145379,1986.0,0.5608099102973938,26
c1_006,1,-89.979386,21.130288,1986.0,0.620147168636322,26
c1_007,1,-90.08636474609375,21.137025,1986.0,0.5991073846817017,26
c1_008,1,-89.952169,21.14322280883789,1986.0,0.6621901988983154,26
c1_009,1,-90.055106,21.138911,1986.0,0.4060058295726776,26
c1_010,1,-89.945702,21.14322280883789,1986.0,0.6296127438545227,26
c1_011,1,-89.958098,21.149151,1986.0,0.710175096988678,26
c1_012,1,-90.036783,21.117354,1986.0,0.7359710931777954,26
c1_013,1,-90.113042,21.085018157958984,1986.0,0.700302004814148,26
c1_014,1,-89.944085,21.154002,1986.0,0.723950207233429,26
c1_015,1,-90.065885,21.113581,1986.0,0.6669958829879761,26
c1_016,1,-90.064538,21.121126174926758,1986.0,0.6503855586051941,26
c1_017,1,-90.01280212402344,21.122474,1986.0,0.594731867313385,26
c1_018,1,-90.013608,21.150499,1986.0,0.5772795677185059,26
c1_019,1,-90.075856,21.141876220703125,1986.0,0.6343795657157898,26
c1_020,1,-90.063729,21.119510650634766,1986.0,0.5890066623687744,26
c1_021,1,-90.112234,21.128671646118164,1986.0,0.4112403690814972,26
c1_022,1,-89.970224,21.131635665893555,1986.0,0.5433160066604614,26
c1_023,1,-90.049448,21.111425399780273,1986.0,0.5984477996826172,26
c1_024,1,-90.076933,21.135408401489258,1986.0,0.6335690021514893,26
c1_025,1,-90.09391021728516,21.143762,1986.0,0.7611172199249268,26
c1_026,1,-89.940852,21.145917892456055,1986.0,0.6787039637565613,26
c1_027,1,-89.945163,21.154002,1986.0,0.6517552733421326,26
c1_028,1,-90.098491,21.127324,1986.0,0.6979828476905823,26
c1_029,1,-90.003368,21.149421,1986.0,0.6065219044685364,26
c1_030,1,-89.972918,21.124629,1986.0,0.6831134557723999,26
c1_031,1,-90.003907,21.124359130859375,1986.0,0.6487487554550171,26
c1_032,1,-90.066694,21.0987606048584,1986.0,0.6731475591659546,26
c1_033,1,-89.994745,21.123552322387695,1986.0,0.5896029472351074,26
c1_034,1,-90.08879089355469,21.142953,1986.0,0.6200084686279297,26
c1_035,1,-90.063191,21.110887,1986.0,0.6022087931632996,26
c1_036,1,-89.960523,21.137563705444336,1986.0,0.704276978969574,26
c1_037,1,-90.094179,21.093371,1986.0,0.6918721795082092,26
c1_038,1,-90.0025634765625,21.122743,1986.0,0.5689497590065002,26
c1_039,1,-90.051334,21.132714,1986.0,0.5703102946281433,26
c1_040,1,-90.066694,21.13837242126465,1986.0,0.5796493887901306,26
c1_041,1,-90.116815,21.0882511138916,1986.0,0.6676685214042664,26
c1_042,1,-90.057801,21.148612,1986.0,0.6624146103858948,26
c1_043,1,-90.080706,21.141876220703125,1986.0,0.4382656216621399,26
c1_044,1,-89.947319,21.188493728637695,1986.0,0.6538493633270264,26
c1_045,1,-89.981811,21.124091,1986.0,0.6911571025848389,26
c1_046,1,-90.058879,21.128671646118164,1986.0,0.5237072706222534,26
c1_047,1,-90.075317,21.10361099243164,1986.0,0.7192031145095825,26
c1_048,1,-90.003638,21.150768280029297,1986.0,0.6483200192451477,26
c1_049,1,-90.026543,21.122743,1986.0,0.6951552033424377,26
c1_050,1,-90.108731,21.117623,1986.0,0.7108553647994995,26
c2_001,2,-89.960253,21.154002,1986.0,0.6502984166145325,26
c2_002,2,-90.117623,21.133522033691406,1986.0,0.4162931740283966,26
c2_003,2,-90.07881927490234,21.09229278564453,1986.0,0.632891058921814,26
c2_004,2,-89.978847,21.15022850036621,1986.0,0.7009013891220093,26
c2_005,2,-90.089329,21.09364128112793,1986.0,0.7095691561698914,26
c2_006,2,-90.11412048339844,21.100377,1986.0,0.5931584239006042,26
c2_007,2,-90.106036,21.131635665893555,1986.0,0.5232338905334473,26
c2_008,2,-90.001213,21.145379,1986.0,0.688334047794342,26
c2_009,2,-89.963217,21.183913,1986.0,0.3739016652107239,26
c2_010,2,-90.10226440429688,21.144301,1986.0,0.48135051131248474,26
c2_011,2,-89.958636,21.125438,1986.0,0.610434353351593,26
c2_012,2,-90.097413,21.149959564208984,1986.0,0.7154031991958618,26
c2_013,2,-90.100647,21.106845,1986.0,0.6407052278518677,26
c2_014,2,-90.04594421386719,21.111156463623047,1986.0,0.5040396451950073,26
c2_015,2,-90.068849,21.102802276611328,1986.0,0.728120744228363,26
c2_016,2,-90.118162,21.135947,1986.0,0.37292444705963135,26
c2_017,2,-89.96214294433594,21.120587,1986.0,0.6823121905326843,26
c2_018,2,-89.981541,21.148343,1986.0,0.6316973567008972,26
c2_019,2,-90.041364,21.101186,1986.0,0.662802517414093,26
c2_020,2,-90.082592,21.10064697265625,1986.0,0.7331636548042297,26
c2_021,2,-89.945163,21.161008,1986.0,0.6034228801727295,26
c2_022,2,-90.01280212402344,21.118162155151367,1986.0,0.6041569113731384,26
c2_023,2,-89.94165802001953,21.17879295349121,1986.0,0.5354095697402954,26
c2_024,2,-89.940043,21.179332,1986.0,0.6397092342376709,26
c2_025,2,-89.942199,21.169092178344727,1986.0,0.5601141452789307,26
c2_026,2,-90.04837036132812,21.15858268737793,1986.0,0.4786941707134247,26
c2_027,2,-90.018189,21.155078887939453,1986.0,0.7249401807785034,26
c2_028,2,-90.018998,21.118701,1986.0,0.55219566822052,26
c2_029,2,-89.960253,21.166936,1986.0,0.7732827067375183,26
c2_030,2,-90.08636474609375,21.13918113708496,1986.0,0.4513285160064697,26
c2_031,2,-90.006871,21.167745,1986.0,0.33031100034713745,26
c2_032,2,-89.9599838256836,21.15750503540039,1986.0,0.48973774909973145,26
c2_033,2,-90.052412,21.115737,1986.0,0.6835771799087524,26
c2_034,2,-90.075586,21.099569,1986.0,0.6235551834106445,26
c2_035,2,-90.108731,21.095796,1986.0,0.5956844687461853,26
c2_036,2,-90.026543,21.155078887939453,1986.0,0.737208366394043,26
c2_037,2,-90.006871,21.131097,1986.0,0.6258949041366577,26
c2_038,2,-90.080167,21.099838256835938,1986.0,0.7355558276176453,26
c2_039,2,-89.947588,21.136486053466797,1986.0,0.7309474349021912,26
c2_040,2,-90.061304,21.10468864440918,1986.0,0.6660621762275696,26
c2_041,2,-90.075856,21.134868621826172,1986.0,0.6957122683525085,26
c2_042,2,-89.99959564208984,21.12004852294922,1986.0,0.5305528044700623,26
c2_043,2,-90.101725,21.08043670654297,1986.0,0.6352217197418213,26
c2_044,2,-90.026004,21.113851,1986.0,0.7108837962150574,26
c2_045,2,-90.118162,21.129209518432617,1986.0,0.6725899577140808,26
c2_046,2,-89.94139099121094,21.172056198120117,1986.0,0.7105653882026672,26
c2_047,2,-89.969685,21.1402587890625,1986.0,0.7400930523872375,26
c2_048,2,-90.1038818359375,21.095527,1986.0,0.629410445690155,26
c2_049,2,-89.99231719970703,21.149690628051758,1986.0,0.6048116087913513,26
c2_050,2,-89.950822,21.121396,1986.0,0.6254780292510986,26
c3_045,3,-89.992859,21.161815643310547,1986.0,0.4066751003265381,26
c3_003,3,-90.034357,21.15858268737793,1986.0,0.6812537312507629,26
c3_026,3,-89.986931,21.149959564208984,1986.0,0.7820665836334229,26
c3_008,3,-90.084209,21.151576,1986.0,0.5164545774459839,26
c3_017,3,-89.970493,21.159929275512695,1986.0,0.5262194871902466,26
c3_004,3,-89.982619,21.180679,1986.0,0.7741237878799438,26
c3_040,3,-89.9742660522461,21.185529708862305,1986.0,0.7286982536315918,26
c3_024,3,-89.97722625732422,21.183913,1986.0,0.7242748737335205,26
c3_013,3,-89.995823,21.13837242126465,1986.0,0.7109065651893616,26
c3_018,3,-90.062113,21.107114,1986.0,0.7681114673614502,26
c3_007,3,-90.088521,21.146995,1986.0,0.511795699596405,26
c3_014,3,-89.951361,21.199003219604492,1986.0,0.5940993428230286,26
c3_042,3,-89.950283,21.199003219604492,1986.0,0.6201727986335754,26
c3_029,3,-90.000135,21.137563705444336,1986.0,0.6879908442497253,26
c3_005,3,-90.003638,21.111964,1986.0,0.5829698443412781,26
c3_022,3,-90.005524,21.112503051757812,1986.0,0.5607936978340149,26
c3_002,3,-89.953786,21.197656,1986.0,0.5697633028030396,26
c3_015,3,-89.940852,21.162086486816406,1986.0,0.6659895777702332,26
c3_020,3,-90.016842,21.116006,1986.0,0.6329706907272339,26
c3_027,3,-89.982619,21.149421,1986.0,0.6373880505561829,26
c3_030,3,-89.942738,21.1674747467041,1986.0,0.706292986869812,26
c3_050,3,-89.941929,21.168553,1986.0,0.5096104145050049,26
c3_009,3,-89.986392,21.149959564208984,1986.0,0.7826358079910278,26
c3_033,3,-90.039208,21.102802276611328,1986.0,0.6883717775344849,26
c3_038,3,-89.976152,21.169361114501953,1986.0,0.6112417578697205,26
c3_023,3,-89.97183990478516,21.169361114501953,1986.0,0.5801994800567627,26
c3_032,3,-90.00040435791016,21.138642,1986.0,0.5995565056800842,26
c3_046,3,-89.994476,21.137832641601562,1986.0,0.5434079170227051,26
c3_025,3,-89.947049,21.157235,1986.0,0.6650469899177551,26
c3_028,3,-89.976421,21.165858,1986.0,0.7046934366226196,26
c3_036,3,-89.95189666748047,21.162894,1986.0,0.6166356801986694,26
c3_021,3,-90.007141,21.131635665893555,1986.0,0.6142702102661133,26
c3_035,3,-90.000943,21.144569396972656,1986.0,0.7052878141403198,26
c3_037,3,-89.97183990478516,21.162086486816406,1986.0,0.7859851717948914,26
c3_039,3,-89.976691,21.168283462524414,1986.0,0.5529138445854187,26
c3_041,3,-89.973996,21.137563705444336,1986.0,0.6608477830886841,26
c3_034,3,-90.041364,21.1402587890625,1986.0,0.6029931902885437,26
c3_047,3,-90.028698,21.126246,1986.0,0.7296673655509949,26
c3_048,3,-90.030315,21.124359130859375,1986.0,0.6594517230987549,26
c3_011,3,-90.035974,21.099299,1986.0,0.626347541809082,26
c3_001,3,-90.080437,21.100377,1986.0,0.6858800649642944,26
c3_006,3,-89.94677734375,21.202237,1986.0,0.6969006061553955,26
c3_019,3,-89.958367,21.172056198120117,1986.0,0.7909836769104004,26
c3_031,3,-90.00740814208984,21.113042,1986.0,0.6188746690750122,26
c3_010,3,-90.01252746582031,21.114659,1986.0,0.6413713693618774,26
c3_012,3,-90.00768280029297,21.114389419555664,1986.0,0.5287470817565918,26
c3_016,3,-90.045675,21.097951889038086,1986.0,0.5458239316940308,26
c3_043,3,-89.967259,21.189841,1986.0,0.7025752067565918,26
c3_044,3,-90.046214,21.097413,1986.0,0.5940448045730591,26
c3_049,3,-90.016033,21.116006,1986.0,0.6200237274169922,26
c4_001,4,-90.002021,21.168822,1986.0,0.21623648703098297,26
c4_002,4,-90.013878,21.166397094726562,1986.0,0.2467917501926422,26
c4_003,4,-90.040286,21.149421,1986.0,0.380440890789032,26
c4_004,4,-89.94139099121094,21.181487,1986.0,0.23027580976486206,26
c4_005,4,-89.967529,21.183643341064453,1986.0,0.19572122395038605,26
c4_006,4,-89.943277,21.200620651245117,1986.0,0.01991381123661995,26
c4_007,4,-89.968068,21.171248,1986.0,0.14667949080467224,26
c4_008,4,-90.035705,21.15346336364746,1986.0,0.559894323348999,26
c4_009,4,-89.967798,21.179332,1986.0,0.0715445801615715,26
c4_010,4,-89.949205,21.194961,1986.0,0.08368686586618423,26
c4_011,4,-89.943007,21.202506,1986.0,0.08222771435976028,26
c4_012,4,-89.945163,21.199811,1986.0,0.10393916070461273,26
c4_013,4,-89.972379,21.174481,1986.0,0.10634822398424149,26
c4_014,4,-90.041633,21.148612,1986.0,0.4071727693080902,26
c4_015,4,-89.960792,21.190380096435547,1986.0,0.0808635950088501,26
c4_016,4,-89.958098,21.184452056884766,1986.0,0.07612001150846481,26
c4_017,4,-90.074239,21.133790969848633,1986.0,0.5574185848236084,26
c4_018,4,-89.950822,21.1922664642334,1986.0,0.07632509618997574,26
c4_019,4,-89.996901,21.149959564208984,1986.0,0.42114120721817017,26
c4_020,4,-89.960523,21.186338424682617,1986.0,0.02492579258978367,26
c4_021,4,-89.9465103149414,21.185529708862305,1986.0,0.09316405653953552,26
c4_022,4,-89.957828,21.185529708862305,1986.0,0.10866902023553848,26
c4_023,4,-90.035705,21.144301,1986.0,0.43760573863983154,26
c4_024,4,-90.022501,21.156966,1986.0,0.26512110233306885,26
c4_025,4,-89.981002,21.165319,1986.0,0.4146583378314972,26
c4_026,4,-90.027621,21.162355422973633,1986.0,0.3561980724334717,26
c4_027,4,-89.949475,21.19415283203125,1986.0,-0.12753714621067047,26
c4_028,4,-89.940852,21.201428,1986.0,0.05958961322903633,26
c4_029,4,-89.961601,21.190919,1986.0,0.0662069320678711,26
c4_030,4,-90.041364,21.151576,1986.0,0.5711821913719177,26
c4_031,4,-90.062382,21.153732299804688,1986.0,0.306804358959198,26
c4_032,4,-89.944085,21.193883,1986.0,0.08883529156446457,26
c4_033,4,-89.981811,21.164511,1986.0,0.4891854226589203,26
c4_034,4,-89.940313,21.199811,1986.0,-0.020146023482084274,26
c4_035,4,-90.072622,21.132714,1986.0,0.5422205328941345,26
c4_036,4,-89.942738,21.183643341064453,1986.0,0.15183678269386292,26
c4_037,4,-89.9742660522461,21.173673,1986.0,0.20860667526721954,26
c4_038,4,-89.966451,21.182565,1986.0,0.104176364839077,26
c4_039,4,-90.014147,21.163972,1986.0,0.12052658945322037,26
c4_040,4,-89.944355,21.201428,1986.0,0.08398297429084778,26
c4_041,4,-90.011183,21.148881912231445,1986.0,0.49917635321617126,26
c4_042,4,-90.071814,21.131635665893555,1986.0,0.5070579051971436,26
c4_043,4,-90.11438751220703,21.11061668395996,1986.0,0.5447108149528503,26
c4_044,4,-89.956481,21.189302444458008,1986.0,0.10041437298059464,26
c4_045,4,-90.036513,21.153732299804688,1986.0,0.5452402234077454,26
c4_046,4,-89.98235321044922,21.169092178344727,1986.0,0.3793790936470032,26
c4_047,4,-89.992859,21.172864,1986.0,0.17852969467639923,26
c4_048,4,-89.948127,21.191457748413086,1986.0,0.1088576391339302,26
c4_049,4,-90.1195068359375,21.108461380004883,1986.0,0.4477238357067108,26
c4_050,4,-90.094718,21.12301254272461,1986.0,0.4460049271583557,26
c5_045,5,-90.018998,21.166128158569336,1986.0,0.4505378305912018,26
c5_008,5,-90.034357,21.155618,1986.0,0.6717232465744019,26
c5_010,5,-89.957289,21.163703,1986.0,0.5218971967697144,26
c5_011,5,-90.004985,21.156696319580078,1986.0,0.46627235412597656,26
c5_012,5,-90.066424,21.154809951782227,1986.0,0.46907365322113037,26
c5_014,5,-90.006871,21.155887603759766,1986.0,0.5531688928604126,26
c5_016,5,-90.002829,21.15642738342285,1986.0,0.6991218328475952,26
c5_022,5,-90.044597,21.154809951782227,1986.0,0.6515519618988037,26
c5_024,5,-89.995284,21.15642738342285,1986.0,0.6584269404411316,26
c5_003,5,-90.056993,21.154541015625,1986.0,0.43706226348876953,26
c5_013,5,-90.020614,21.157235,1986.0,0.515461802482605,26
c5_020,5,-90.027621,21.156966,1986.0,0.4683963656425476,26
c5_025,5,-90.03301239013672,21.15966033935547,1986.0,0.350117564201355,26
c5_034,5,-90.012261,21.166397094726562,1986.0,0.3697471022605896,26
c5_040,5,-90.069658,21.154541015625,1986.0,0.6289048790931702,26
c5_041,5,-89.998787,21.156156539916992,1986.0,0.7196949124336243,26
c5_043,5,-90.113042,21.13729476928711,1986.0,0.499307781457901,26
c5_002,5,-90.042172,21.156156539916992,1986.0,0.7021082639694214,26
c5_004,5,-90.034088,21.156966,1986.0,0.6803407669067383,26
c5_001,5,-89.996093,21.155887603759766,1986.0,0.7138230204582214,26
c5_006,5,-90.035435,21.154809951782227,1986.0,0.5438066124916077,26
c5_015,5,-89.942738,21.172864,1986.0,0.4574672281742096,26
c5_018,5,-90.0685806274414,21.152385,1986.0,0.4751884639263153,26
c5_026,5,-89.998248,21.172326,1986.0,0.6219246983528137,26
c5_033,5,-90.01980590820312,21.156966,1986.0,0.7162925601005554,26
c5_036,5,-90.041902,21.15750503540039,1986.0,0.6090494394302368,26
c5_039,5,-90.060496,21.15642738342285,1986.0,0.5071125626564026,26
c5_005,5,-90.041633,21.159929275512695,1986.0,0.548688530921936,26
c5_009,5,-90.038938,21.154271,1986.0,0.7228891253471375,26
c5_019,5,-90.057262,21.155349,1986.0,0.43122443556785583,26
c5_021,5,-90.089598,21.148073196411133,1986.0,0.5138776302337646,26
c5_030,5,-90.071814,21.151845932006836,1986.0,0.49070775508880615,26
c5_031,5,-90.003099,21.155618,1986.0,0.7591559886932373,26
c5_035,5,-90.095527,21.151845932006836,1986.0,0.5923505425453186,26
c5_037,5,-89.996632,21.160469,1986.0,0.5669595003128052,26
c5_023,5,-89.978038,21.180139541625977,1986.0,0.36365193128585815,26
c5_017,5,-90.040555,21.145917892456055,1986.0,0.39613157510757446,26
c5_027,5,-90.08879089355469,21.150768280029297,1986.0,0.5345810055732727,26
c5_047,5,-90.001213,21.154541015625,1986.0,0.7317836880683899,26
c5_048,5,-90.028429,21.156696319580078,1986.0,0.6796335577964783,26
c5_029,5,-90.090407,21.149421,1986.0,0.4829185903072357,26
c5_032,5,-90.079359,21.150768280029297,1986.0,0.6349585652351379,26
c5_038,5,-90.04082489013672,21.156966,1986.0,0.6336932182312012,26
c5_046,5,-90.067233,21.152114868164062,1986.0,0.47884872555732727,26
c5_028,5,-90.095527,21.150499,1986.0,0.6783127188682556,26
c5_044,5,-89.973188,21.183374404907227,1986.0,0.4434130787849426,26
c5_042,5,-90.08124542236328,21.149421,1986.0,0.6672504544258118,26
c5_007,5,-90.021962,21.143491744995117,1986.0,0.5545742511749268,26
c10_001,3,-90.028968,21.158313,1986.0,0.5598288774490356,26
c10_005,3,-89.954594,21.163972,1986.0,0.49570029973983765,26
c10_002,3,-90.033549,21.15858268737793,1986.0,0.7188801765441895,26
c10_003,3,-90.030046,21.158044,1986.0,0.6884451508522034,26
c10_004,3,-90.029507,21.157773971557617,1986.0,0.7128536701202393,26
c10_006,3,-90.03301239013672,21.159122467041016,1986.0,0.6181346774101257,26
c10_007,3,-90.03301239013672,21.158044,1986.0,0.6810966730117798,26
c10_009,3,-90.032741,21.15858268737793,1986.0,0.6147326231002808,26
c10_010,3,-90.030585,21.158044,1986.0,0.7009686231613159,26
c10_008,3,-89.95405578613281,21.163972,1986.0,0.409563273191452,26
c1_051,1,-90.064538,21.118162155151367,1986.0,0.5542078614234924,26
c1_052,1,-90.05322265625,21.112234115600586,1986.0,0.6776441931724548,26
c1_053,1,-90.068041,21.142953,1986.0,0.48809754848480225,26
c1_054,1,-90.00040435791016,21.124359130859375,1986.0,0.5605804920196533,26
c1_055,1,-90.049178,21.1402587890625,1986.0,0.6113274097442627,26
c2_051,2,-90.111695,21.123821258544922,1986.0,0.49598339200019836,26
c2_052,2,-90.02277374267578,21.139720916748047,1986.0,0.49452677369117737,26
c2_053,2,-89.941929,21.138911,1986.0,0.704685389995575,26
c2_054,2,-89.950013,21.130019,1986.0,0.6801371574401855,26
c2_055,2,-90.106306,21.128941,1986.0,0.4845384359359741,26
c3_062,3,-90.086634,21.149690628051758,1986.0,0.5554957389831543,26
c3_051,3,-90.010914,21.144301,1986.0,0.6957586407661438,26
c3_055,3,-90.079359,21.150499,1986.0,0.6349585652351379,26
c3_058,3,-90.000943,21.171248,1986.0,0.5534946918487549,26
c3_052,3,-90.094179,21.114929,1986.0,0.5939573645591736,26
c3_059,3,-90.039208,21.1402587890625,1986.0,0.6893925070762634,26
c3_053,3,-90.013608,21.152114868164062,1986.0,0.7826772332191467,26
c3_060,3,-89.958906,21.12489891052246,1986.0,0.7777215838432312,26
c3_057,3,-90.058071,21.159929275512695,1986.0,0.6082464456558228,26
c3_061,3,-89.973457,21.138911,1986.0,0.6462121605873108,26
c3_064,3,-89.989625,21.149959564208984,1986.0,0.6029134392738342,26
c3_063,3,-90.030046,21.125707,1986.0,0.6985902786254883,26
c3_065,3,-89.972379,21.162086486816406,1986.0,0.7811298966407776,26
c3_054,3,-90.029237,21.101455,1986.0,0.6391698122024536,26
c3_056,3,-90.008758,21.114120483398438,1986.0,0.5736037492752075,26
c4_051,4,-89.958906,21.191997,1986.0,0.04727243259549141,26
c4_052,4,-89.957828,21.178254,1986.0,0.09913086146116257,26
c4_053,4,-89.994476,21.172864,1986.0,0.1468917727470398,26
c4_054,4,-89.994745,21.168822,1986.0,0.05901311710476875,26
c4_055,4,-90.0025634765625,21.169631,1986.0,0.07257265597581863,26
c1_001,1,-90.056184,21.12301254272461,1987.0,0.7246536016464233,14
c1_002,1,-89.984506,21.126246,1987.0,0.695213258266449,14
c1_003,1,-90.070197,21.140798,1987.0,0.6504998803138733,14
c1_004,1,-90.057801,21.145648,1987.0,0.7330209016799927,14
c1_005,1,-90.024926,21.145379,1987.0,0.5444504022598267,14
c1_006,1,-89.979386,21.130288,1987.0,0.6020247340202332,14
c1_007,1,-90.08636474609375,21.137025,1987.0,0.69886314868927,14
c1_008,1,-89.952169,21.14322280883789,1987.0,0.661095380783081,14
c1_009,1,-90.055106,21.138911,1987.0,0.46862685680389404,14
c1_010,1,-89.945702,21.14322280883789,1987.0,0.6311295628547668,14
c1_011,1,-89.958098,21.149151,1987.0,0.681369423866272,14
c1_012,1,-90.036783,21.117354,1987.0,0.7367697358131409,14
c1_013,1,-90.113042,21.085018157958984,1987.0,0.7350066304206848,14
c1_014,1,-89.944085,21.154002,1987.0,0.7640929222106934,14
c1_015,1,-90.065885,21.113581,1987.0,0.6962227821350098,14
c1_016,1,-90.064538,21.121126174926758,1987.0,0.6607564091682434,14
c1_017,1,-90.01280212402344,21.122474,1987.0,0.6168144941329956,14
c1_018,1,-90.013608,21.150499,1987.0,0.6538909077644348,14
c1_019,1,-90.075856,21.141876220703125,1987.0,0.6640692353248596,14
c1_020,1,-90.063729,21.119510650634766,1987.0,0.6788950562477112,14
c1_021,1,-90.112234,21.128671646118164,1987.0,0.5760560035705566,14
c1_022,1,-89.970224,21.131635665893555,1987.0,0.6030192971229553,14
c1_023,1,-90.049448,21.111425399780273,1987.0,0.5694282054901123,14
c1_024,1,-90.076933,21.135408401489258,1987.0,0.6364738941192627,14
c1_025,1,-90.09391021728516,21.143762,1987.0,0.7189594507217407,14
c1_026,1,-89.940852,21.145917892456055,1987.0,0.6869358420372009,14
c1_027,1,-89.945163,21.154002,1987.0,0.7038384675979614,14
c1_028,1,-90.098491,21.127324,1987.0,0.731585681438446,14
c1_029,1,-90.003368,21.149421,1987.0,0.6284887194633484,14
c1_030,1,-89.972918,21.124629,1987.0,0.6528239846229553,14
c1_031,1,-90.003907,21.124359130859375,1987.0,0.5937320590019226,14
c1_032,1,-90.066694,21.0987606048584,1987.0,0.6714386940002441,14
c1_033,1,-89.994745,21.123552322387695,1987.0,0.5425646305084229,14
c1_034,1,-90.08879089355469,21.142953,1987.0,0.6322855353355408,14
c1_035,1,-90.063191,21.110887,1987.0,0.657035768032074,14
c1_036,1,-89.960523,21.137563705444336,1987.0,0.6750054955482483,14
c1_037,1,-90.094179,21.093371,1987.0,0.6878107786178589,14
c1_038,1,-90.0025634765625,21.122743,1987.0,0.5785645246505737,14
c1_039,1,-90.051334,21.132714,1987.0,0.5954420566558838,14
c1_040,1,-90.066694,21.13837242126465,1987.0,0.6355980038642883,14
c1_041,1,-90.116815,21.0882511138916,1987.0,0.6698373556137085,14
c1_042,1,-90.057801,21.148612,1987.0,0.7433128952980042,14
c1_043,1,-90.080706,21.141876220703125,1987.0,0.6902473568916321,14
c1_044,1,-89.947319,21.188493728637695,1987.0,0.7412169575691223,14
c1_045,1,-89.981811,21.124091,1987.0,0.6847774982452393,14
c1_046,1,-90.058879,21.128671646118164,1987.0,0.6120043396949768,14
c1_047,1,-90.075317,21.10361099243164,1987.0,0.7234755754470825,14
c1_048,1,-90.003638,21.150768280029297,1987.0,0.6331607103347778,14
c1_049,1,-90.026543,21.122743,1987.0,0.7168877124786377,14
c1_050,1,-90.108731,21.117623,1987.0,0.7531059384346008,14
c2_001,2,-89.960253,21.154002,1987.0,0.6246343851089478,14
c2_002,2,-90.117623,21.133522033691406,1987.0,0.4188731610774994,14
c2_003,2,-90.07881927490234,21.09229278564453,1987.0,0.6663414835929871,14
c2_004,2,-89.978847,21.15022850036621,1987.0,0.7235873937606812,14
c2_005,2,-90.089329,21.09364128112793,1987.0,0.7142617106437683,14
c2_006,2,-90.11412048339844,21.100377,1987.0,0.6258959174156189,14
c2_007,2,-90.106036,21.131635665893555,1987.0,0.7377400398254395,14
c2_008,2,-90.001213,21.145379,1987.0,0.6756535768508911,14
c2_009,2,-89.963217,21.183913,1987.0,0.37786316871643066,14
c2_010,2,-90.10226440429688,21.144301,1987.0,0.628468930721283,14
c2_011,2,-89.958636,21.125438,1987.0,0.692398190498352,14
c2_012,2,-90.097413,21.149959564208984,1987.0,0.700080156326294,14
c2_013,2,-90.100647,21.106845,1987.0,0.5841954350471497,14
c2_014,2,-90.04594421386719,21.111156463623047,1987.0,0.49352318048477173,14
c2_015,2,-90.068849,21.102802276611328,1987.0,0.7381719946861267,14
c2_016,2,-90.118162,21.135947,1987.0,0.5619702935218811,14
c2_017,2,-89.96214294433594,21.120587,1987.0,0.6223994493484497,14
c2_018,2,-89.981541,21.148343,1987.0,0.6217568516731262,14
c2_019,2,-90.041364,21.101186,1987.0,0.6443714499473572,14
c2_020,2,-90.082592,21.10064697265625,1987.0,0.7325262427330017,14
c2_021,2,-89.945163,21.161008,1987.0,0.6326074004173279,14
c2_022,2,-90.01280212402344,21.118162155151367,1987.0,0.6368014216423035,14
c2_023,2,-89.94165802001953,21.17879295349121,1987.0,0.5286515951156616,14
c2_024,2,-89.940043,21.179332,1987.0,0.6389151811599731,14
c2_025,2,-89.942199,21.169092178344727,1987.0,0.5982726812362671,14
c2_026,2,-90.04837036132812,21.15858268737793,1987.0,0.5137715339660645,14
c2_027,2,-90.018189,21.155078887939453,1987.0,0.7269757986068726,14
c2_028,2,-90.018998,21.118701,1987.0,0.5438342094421387,14
c2_029,2,-89.960253,21.166936,1987.0,0.7874898910522461,14
c2_030,2,-90.08636474609375,21.13918113708496,1987.0,0.685752809047699,14
c2_031,2,-90.006871,21.167745,1987.0,0.34135591983795166,14
c2_032,2,-89.9599838256836,21.15750503540039,1987.0,0.4999766945838928,14
c2_033,2,-90.052412,21.115737,1987.0,0.67918860912323,14
c2_034,2,-90.075586,21.099569,1987.0,0.6031793355941772,14
c2_035,2,-90.108731,21.095796,1987.0,0.5813887715339661,14
c2_036,2,-90.026543,21.155078887939453,1987.0,0.7825935482978821,14
c2_037,2,-90.006871,21.131097,1987.0,0.5996711850166321,14
c2_038,2,-90.080167,21.099838256835938,1987.0,0.7558550834655762,14
c2_039,2,-89.947588,21.136486053466797,1987.0,0.6652698516845703,14
c2_040,2,-90.061304,21.10468864440918,1987.0,0.6864331960678101,14
c2_041,2,-90.075856,21.134868621826172,1987.0,0.6761522889137268,14
c2_042,2,-89.99959564208984,21.12004852294922,1987.0,0.5481658577919006,14
c2_043,2,-90.101725,21.08043670654297,1987.0,0.6882996559143066,14
c2_044,2,-90.026004,21.113851,1987.0,0.6349030137062073,14
c2_045,2,-90.118162,21.129209518432617,1987.0,0.7182002663612366,14
c2_046,2,-89.94139099121094,21.172056198120117,1987.0,0.7320778369903564,14
c2_047,2,-89.969685,21.1402587890625,1987.0,0.7068471312522888,14
c2_048,2,-90.1038818359375,21.095527,1987.0,0.5883938074111938,14
c2_049,2,-89.99231719970703,21.149690628051758,1987.0,0.597537636756897,14
c2_050,2,-89.950822,21.121396,1987.0,0.6113461256027222,14
c3_045,3,-89.992859,21.161815643310547,1987.0,0.3298010528087616,14
c3_003,3,-90.034357,21.15858268737793,1987.0,0.729801595211029,14
c3_026,3,-89.986931,21.149959564208984,1987.0,0.7796986103057861,14
c3_008,3,-90.084209,21.151576,1987.0,0.489840030670166,14
c3_017,3,-89.970493,21.159929275512695,1987.0,0.6101091504096985,14
c3_004,3,-89.982619,21.180679,1987.0,0.7984352111816406,14
c3_040,3,-89.9742660522461,21.185529708862305,1987.0,0.7095792293548584,14
c3_024,3,-89.97722625732422,21.183913,1987.0,0.7433926463127136,14
c3_013,3,-89.995823,21.13837242126465,1987.0,0.7141600847244263,14
c3_018,3,-90.062113,21.107114,1987.0,0.7310152053833008,14
c3_007,3,-90.088521,21.146995,1987.0,0.49528688192367554,14
c3_014,3,-89.951361,21.199003219604492,1987.0,0.6841234564781189,14
c3_042,3,-89.950283,21.199003219604492,1987.0,0.6554445028305054,14
c3_029,3,-90.000135,21.137563705444336,1987.0,0.5901221036911011,14
c3_005,3,-90.003638,21.111964,1987.0,0.5464323163032532,14
c3_022,3,-90.005524,21.112503051757812,1987.0,0.5202209949493408,14
c3_002,3,-89.953786,21.197656,1987.0,0.6365402340888977,14
c3_015,3,-89.940852,21.162086486816406,1987.0,0.6546828150749207,14
c3_020,3,-90.016842,21.116006,1987.0,0.6291181445121765,14
c3_027,3,-89.982619,21.149421,1987.0,0.64256751537323,14
c3_030,3,-89.942738,21.1674747467041,1987.0,0.70541912317276,14
c3_050,3,-89.941929,21.168553,1987.0,0.5111161470413208,14
c3_009,3,-89.986392,21.149959564208984,1987.0,0.7625840902328491,14
c3_033,3,-90.039208,21.102802276611328,1987.0,0.6176583170890808,14
c3_038,3,-89.976152,21.169361114501953,1987.0,0.6367718577384949,14
c3_023,3,-89.97183990478516,21.169361114501953,1987.0,0.614975094795227,14
c3_032,3,-90.00040435791016,21.138642,1987.0,0.5539515614509583,14
c3_046,3,-89.994476,21.137832641601562,1987.0,0.5440787076950073,14
c3_025,3,-89.947049,21.157235,1987.0,0.6870601177215576,14
c3_028,3,-89.976421,21.165858,1987.0,0.728251576423645,14
c3_036,3,-89.95189666748047,21.162894,1987.0,0.6154600977897644,14
c3_021,3,-90.007141,21.131635665893555,1987.0,0.5707564353942871,14
c3_035,3,-90.000943,21.144569396972656,1987.0,0.6903627514839172,14
c3_037,3,-89.97183990478516,21.162086486816406,1987.0,0.7840138673782349,14
c3_039,3,-89.976691,21.168283462524414,1987.0,0.5880824327468872,14
c3_041,3,-89.973996,21.137563705444336,1987.0,0.6659049987792969,14
c3_034,3,-90.041364,21.1402587890625,1987.0,0.5765542984008789,14
c3_047,3,-90.028698,21.126246,1987.0,0.7209538817405701,14
c3_048,3,-90.030315,21.124359130859375,1987.0,0.6794015169143677,14
c3_011,3,-90.035974,21.099299,1987.0,0.6943321824073792,14
c3_001,3,-90.080437,21.100377,1987.0,0.6688398718833923,14
c3_006,3,-89.94677734375,21.202237,1987.0,0.780850887298584,14
c3_019,3,-89.958367,21.172056198120117,1987.0,0.8108861446380615,14
c3_031,3,-90.00740814208984,21.113042,1987.0,0.5746682286262512,14
c3_010,3,-90.01252746582031,21.114659,1987.0,0.6643072366714478,14
c3_012,3,-90.00768280029297,21.114389419555664,1987.0,0.5282300710678101,14
c3_016,3,-90.045675,21.097951889038086,1987.0,0.6558817028999329,14
c3_043,3,-89.967259,21.189841,1987.0,0.6804206967353821,14
c3_044,3,-90.046214,21.097413,1987.0,0.7423839569091797,14
c3_049,3,-90.016033,21.116006,1987.0,0.5665525794029236,14
c4_001,4,-90.002021,21.168822,1987.0,0.19439327716827393,14
c4_002,4,-90.013878,21.166397094726562,1987.0,0.24853555858135223,14
c4_003,4,-90.040286,21.149421,1987.0,0.4528377652168274,14
c4_004,4,-89.94139099121094,21.181487,1987.0,0.20556998252868652,14
c4_005,4,-89.967529,21.183643341064453,1987.0,0.22182989120483398,14
c4_006,4,-89.943277,21.200620651245117,1987.0,0.12783506512641907,14
c4_007,4,-89.968068,21.171248,1987.0,0.21889781951904297,14
c4_008,4,-90.035705,21.15346336364746,1987.0,0.5887371897697449,14
c4_009,4,-89.967798,21.179332,1987.0,-0.02931053563952446,14
c4_010,4,-89.949205,21.194961,1987.0,0.11753416061401367,14
c4_011,4,-89.943007,21.202506,1987.0,0.14646518230438232,14
c4_012,4,-89.945163,21.199811,1987.0,0.08967037498950958,14
c4_013,4,-89.972379,21.174481,1987.0,0.06613246351480484,14
c4_014,4,-90.041633,21.148612,1987.0,0.3833402991294861,14
c4_015,4,-89.960792,21.190380096435547,1987.0,0.11151847243309021,14
c4_016,4,-89.958098,21.184452056884766,1987.0,0.11881116032600403,14
c4_017,4,-90.074239,21.133790969848633,1987.0,0.49978846311569214,14
c4_018,4,-89.950822,21.1922664642334,1987.0,0.1108112707734108,14
c4_019,4,-89.996901,21.149959564208984,1987.0,0.40308433771133423,14
c4_020,4,-89.960523,21.186338424682617,1987.0,0.09447264671325684,14
c4_021,4,-89.9465103149414,21.185529708862305,1987.0,0.12729087471961975,14
c4_022,4,-89.957828,21.185529708862305,1987.0,0.15975941717624664,14
c4_023,4,-90.035705,21.144301,1987.0,0.43410030007362366,14
c4_024,4,-90.022501,21.156966,1987.0,0.22640414535999298,14
c4_025,4,-89.981002,21.165319,1987.0,0.3687252700328827,14
c4_026,4,-90.027621,21.162355422973633,1987.0,0.2947554588317871,14
c4_027,4,-89.949475,21.19415283203125,1987.0,0.050415877252817154,14
c4_028,4,-89.940852,21.201428,1987.0,0.1322655826807022,14
c4_029,4,-89.961601,21.190919,1987.0,0.17305640876293182,14
c4_030,4,-90.041364,21.151576,1987.0,0.5944225192070007,14
c4_031,4,-90.062382,21.153732299804688,1987.0,0.28517669439315796,14
c4_032,4,-89.944085,21.193883,1987.0,0.12334184348583221,14
c4_033,4,-89.981811,21.164511,1987.0,0.5755081176757812,14
c4_034,4,-89.940313,21.199811,1987.0,0.11534383893013,14
c4_035,4,-90.072622,21.132714,1987.0,0.5308161377906799,14
c4_036,4,-89.942738,21.183643341064453,1987.0,0.1826755255460739,14
c4_037,4,-89.9742660522461,21.173673,1987.0,0.2736523449420929,14
c4_038,4,-89.966451,21.182565,1987.0,0.21255610883235931,14
c4_039,4,-90.014147,21.163972,1987.0,0.1269860863685608,14
c4_040,4,-89.944355,21.201428,1987.0,0.16093118488788605,14
c4_041,4,-90.011183,21.148881912231445,1987.0,0.5230439901351929,14
c4_042,4,-90.071814,21.131635665893555,1987.0,0.4900645613670349,14
c4_043,4,-90.11438751220703,21.11061668395996,1987.0,0.545380711555481,14
c4_044,4,-89.956481,21.189302444458008,1987.0,0.19601298868656158,14
c4_045,4,-90.036513,21.153732299804688,1987.0,0.5581492185592651,14
c4_046,4,-89.98235321044922,21.169092178344727,1987.0,0.38194209337234497,14
c4_047,4,-89.992859,21.172864,1987.0,0.1381128579378128,14
c4_048,4,-89.948127,21.191457748413086,1987.0,0.2137266993522644,14
c4_049,4,-90.1195068359375,21.108461380004883,1987.0,0.43713197112083435,14
c4_050,4,-90.094718,21.12301254272461,1987.0,0.39520034193992615,14
c5_045,5,-90.018998,21.166128158569336,1987.0,0.3354929983615875,14
c5_008,5,-90.034357,21.155618,1987.0,0.692070722579956,14
c5_010,5,-89.957289,21.163703,1987.0,0.5331224203109741,14
c5_011,5,-90.004985,21.156696319580078,1987.0,0.43313270807266235,14
c5_012,5,-90.066424,21.154809951782227,1987.0,0.27837756276130676,14
c5_014,5,-90.006871,21.155887603759766,1987.0,0.46059760451316833,14
c5_016,5,-90.002829,21.15642738342285,1987.0,0.7509657144546509,14
c5_022,5,-90.044597,21.154809951782227,1987.0,0.7187623977661133,14
c5_024,5,-89.995284,21.15642738342285,1987.0,0.6291841864585876,14
c5_003,5,-90.056993,21.154541015625,1987.0,0.3244050443172455,14
c5_013,5,-90.020614,21.157235,1987.0,0.3801216781139374,14
c5_020,5,-90.027621,21.156966,1987.0,0.4309813976287842,14
c5_025,5,-90.03301239013672,21.15966033935547,1987.0,0.25599342584609985,14
c5_034,5,-90.012261,21.166397094726562,1987.0,0.469088077545166,14
c5_040,5,-90.069658,21.154541015625,1987.0,0.43642106652259827,14
c5_041,5,-89.998787,21.156156539916992,1987.0,0.669649600982666,14
c5_043,5,-90.113042,21.13729476928711,1987.0,0.5604938864707947,14
c5_002,5,-90.042172,21.156156539916992,1987.0,0.7389827966690063,14
c5_004,5,-90.034088,21.156966,1987.0,0.7230976819992065,14
c5_001,5,-89.996093,21.155887603759766,1987.0,0.6632890105247498,14
c5_006,5,-90.035435,21.154809951782227,1987.0,0.5526102185249329,14
c5_015,5,-89.942738,21.172864,1987.0,0.5205588936805725,14
c5_018,5,-90.0685806274414,21.152385,1987.0,0.5808475613594055,14
c5_026,5,-89.998248,21.172326,1987.0,0.7142242193222046,14
c5_033,5,-90.01980590820312,21.156966,1987.0,0.666368842124939,14
c5_036,5,-90.041902,21.15750503540039,1987.0,0.6581385731697083,14
c5_039,5,-90.060496,21.15642738342285,1987.0,0.36574143171310425,14
c5_005,5,-90.041633,21.159929275512695,1987.0,0.5991455316543579,14
c5_009,5,-90.038938,21.154271,1987.0,0.7491624355316162,14
c5_019,5,-90.057262,21.155349,1987.0,0.2559143602848053,14
c5_021,5,-90.089598,21.148073196411133,1987.0,0.5542657375335693,14
c5_030,5,-90.071814,21.151845932006836,1987.0,0.5492786169052124,14
c5_031,5,-90.003099,21.155618,1987.0,0.8047155141830444,14
c5_035,5,-90.095527,21.151845932006836,1987.0,0.580456018447876,14
c5_037,5,-89.996632,21.160469,1987.0,0.576863706111908,14
c5_023,5,-89.978038,21.180139541625977,1987.0,0.3084900379180908,14
c5_017,5,-90.040555,21.145917892456055,1987.0,0.32501187920570374,14
c5_027,5,-90.08879089355469,21.150768280029297,1987.0,0.5695559978485107,14
c5_047,5,-90.001213,21.154541015625,1987.0,0.7708904147148132,14
c5_048,5,-90.028429,21.156696319580078,1987.0,0.7550921440124512,14
c5_029,5,-90.090407,21.149421,1987.0,0.48144808411598206,14
c5_032,5,-90.079359,21.150768280029297,1987.0,0.5451483130455017,14
c5_038,5,-90.04082489013672,21.156966,1987.0,0.7144503593444824,14
c5_046,5,-90.067233,21.152114868164062,1987.0,0.5154746174812317,14
c5_028,5,-90.095527,21.150499,1987.0,0.5996532440185547,14
c5_044,5,-89.973188,21.183374404907227,1987.0,0.3939434587955475,14
c5_042,5,-90.08124542236328,21.149421,1987.0,0.5528092384338379,14
c5_007,5,-90.021962,21.143491744995117,1987.0,0.6115883588790894,14
c10_001,3,-90.028968,21.158313,1987.0,0.2296830117702484,14
c10_005,3,-89.954594,21.163972,1987.0,0.5364334583282471,14
c10_002,3,-90.033549,21.15858268737793,1987.0,0.7507748603820801,14
c10_003,3,-90.030046,21.158044,1987.0,0.6565865278244019,14
c10_004,3,-90.029507,21.157773971557617,1987.0,0.7323887348175049,14
c10_006,3,-90.03301239013672,21.159122467041016,1987.0,0.63740074634552,14
c10_007,3,-90.03301239013672,21.158044,1987.0,0.7314006090164185,14
c10_009,3,-90.032741,21.15858268737793,1987.0,0.6433137059211731,14
c10_010,3,-90.030585,21.158044,1987.0,0.5388686656951904,14
c10_008,3,-89.95405578613281,21.163972,1987.0,0.4762178957462311,14
c1_051,1,-90.064538,21.118162155151367,1987.0,0.596237063407898,14
c1_052,1,-90.05322265625,21.112234115600586,1987.0,0.7007757425308228,14
c1_053,1,-90.068041,21.142953,1987.0,0.6378323435783386,14
c1_054,1,-90.00040435791016,21.124359130859375,1987.0,0.5681847929954529,14
c1_055,1,-90.049178,21.1402587890625,1987.0,0.656554639339447,14
c2_051,2,-90.111695,21.123821258544922,1987.0,0.6776958107948303,14
c2_052,2,-90.02277374267578,21.139720916748047,1987.0,0.4882971942424774,14
c2_053,2,-89.941929,21.138911,1987.0,0.6974185705184937,14
c2_054,2,-89.950013,21.130019,1987.0,0.6775104999542236,14
c2_055,2,-90.106306,21.128941,1987.0,0.6649671196937561,14
c3_062,3,-90.086634,21.149690628051758,1987.0,0.45102471113204956,14
c3_051,3,-90.010914,21.144301,1987.0,0.7376067638397217,14
c3_055,3,-90.079359,21.150499,1987.0,0.5451483130455017,14
c3_058,3,-90.000943,21.171248,1987.0,0.7129849195480347,14
c3_052,3,-90.094179,21.114929,1987.0,0.6093149185180664,14
c3_059,3,-90.039208,21.1402587890625,1987.0,0.716099202632904,14
c3_053,3,-90.013608,21.152114868164062,1987.0,0.7984641790390015,14
c3_060,3,-89.958906,21.12489891052246,1987.0,0.7463265657424927,14
c3_057,3,-90.058071,21.159929275512695,1987.0,0.6846075654029846,14
c3_061,3,-89.973457,21.138911,1987.0,0.7004712820053101,14
c3_064,3,-89.989625,21.149959564208984,1987.0,0.5538451671600342,14
c3_063,3,-90.030046,21.125707,1987.0,0.695929229259491,14
c3_065,3,-89.972379,21.162086486816406,1987.0,0.7944441437721252,14
c3_054,3,-90.029237,21.101455,1987.0,0.5556365251541138,14
c3_056,3,-90.008758,21.114120483398438,1987.0,0.5931271314620972,14
c4_051,4,-89.958906,21.191997,1987.0,0.10375513136386871,14
c4_052,4,-89.957828,21.178254,1987.0,0.14536572992801666,14
c4_053,4,-89.994476,21.172864,1987.0,0.1302810162305832,14
c4_054,4,-89.994745,21.168822,1987.0,0.05074631795287132,14
c4_055,4,-90.0025634765625,21.169631,1987.0,0.1325177550315857,14
c1_001,1,-90.056184,21.12301254272461,1989.0,0.6423510313034058,1
c1_002,1,-89.984506,21.126246,1989.0,0.7732800841331482,1
c1_003,1,-90.070197,21.140798,1989.0,0.6697086095809937,1
c1_004,1,-90.057801,21.145648,1989.0,0.9376999139785767,1
c1_005,1,-90.024926,21.145379,1989.0,-0.04593950882554054,1
c1_006,1,-89.979386,21.130288,1989.0,0.7302870750427246,1
c1_007,1,-90.08636474609375,21.137025,1989.0,0.7324393391609192,1
c1_008,1,-89.952169,21.14322280883789,1989.0,0.7927733659744263,1
c1_009,1,-90.055106,21.138911,1989.0,0.8562635779380798,1
c1_010,1,-89.945702,21.14322280883789,1989.0,0.7020610570907593,1
c1_011,1,-89.958098,21.149151,1989.0,0.768975555896759,1
c1_012,1,-90.036783,21.117354,1989.0,0.8387354016304016,1
c1_013,1,-90.113042,21.085018157958984,1989.0,0.7851302623748779,1
c1_015,1,-90.065885,21.113581,1989.0,0.7300984859466553,1
c1_016,1,-90.064538,21.121126174926758,1989.0,0.7850795984268188,1
c1_017,1,-90.01280212402344,21.122474,1989.0,0.7359966039657593,1
c1_019,1,-90.075856,21.141876220703125,1989.0,0.840614914894104,1
c1_020,1,-90.063729,21.119510650634766,1989.0,0.7132177948951721,1
c1_021,1,-90.112234,21.128671646118164,1989.0,-0.5548190474510193,1
c1_023,1,-90.049448,21.111425399780273,1989.0,0.7131119966506958,1
c1_026,1,-89.940852,21.145917892456055,1989.0,0.7996668219566345,1
c1_027,1,-89.945163,21.154002,1989.0,0.7544621229171753,1
c1_028,1,-90.098491,21.127324,1989.0,0.8017114996910095,1
c1_029,1,-90.003368,21.149421,1989.0,-0.2620958387851715,1
c1_030,1,-89.972918,21.124629,1989.0,0.8225245475769043,1
c1_031,1,-90.003907,21.124359130859375,1989.0,0.8177590370178223,1
c1_032,1,-90.066694,21.0987606048584,1989.0,0.9080839157104492,1
c1_033,1,-89.994745,21.123552322387695,1989.0,0.6899772882461548,1
c1_034,1,-90.08879089355469,21.142953,1989.0,0.6636053323745728,1
c1_035,1,-90.063191,21.110887,1989.0,0.7438629269599915,1
c1_036,1,-89.960523,21.137563705444336,1989.0,0.6772661209106445,1
c1_037,1,-90.094179,21.093371,1989.0,0.8125289678573608,1
c1_038,1,-90.0025634765625,21.122743,1989.0,0.5351119637489319,1
c1_039,1,-90.051334,21.132714,1989.0,0.8333452939987183,1
c1_040,1,-90.066694,21.13837242126465,1989.0,0.7384159564971924,1
c1_041,1,-90.116815,21.0882511138916,1989.0,0.7280957102775574,1
c1_042,1,-90.057801,21.148612,1989.0,0.1871831864118576,1
c1_043,1,-90.080706,21.141876220703125,1989.0,0.7627162337303162,1
c1_044,1,-89.947319,21.188493728637695,1989.0,0.8059921264648438,1
c1_045,1,-89.981811,21.124091,1989.0,0.7635882496833801,1
c1_046,1,-90.058879,21.128671646118164,1989.0,0.706251859664917,1
c1_048,1,-90.003638,21.150768280029297,1989.0,0.6769633889198303,1
c1_049,1,-90.026543,21.122743,1989.0,0.8362091183662415,1
c1_050,1,-90.108731,21.117623,1989.0,0.781623363494873,1
c2_001,2,-89.960253,21.154002,1989.0,0.7037817239761353,1
c2_002,2,-90.117623,21.133522033691406,1989.0,0.7758141756057739,1
c2_003,2,-90.07881927490234,21.09229278564453,1989.0,0.6382753849029541,1
c2_005,2,-90.089329,21.09364128112793,1989.0,0.7852510213851929,1
c2_006,2,-90.11412048339844,21.100377,1989.0,0.7450814843177795,1
c2_007,2,-90.106036,21.131635665893555,1989.0,0.9951525926589966,1
c2_008,2,-90.001213,21.145379,1989.0,0.7927612662315369,1
c2_009,2,-89.963217,21.183913,1989.0,-0.016800768673419952,1
c2_010,2,-90.10226440429688,21.144301,1989.0,-0.3421308994293213,1
c2_011,2,-89.958636,21.125438,1989.0,0.7733429670333862,1
c2_012,2,-90.097413,21.149959564208984,1989.0,0.8361225128173828,1
c2_013,2,-90.100647,21.106845,1989.0,0.718189537525177,1
c2_014,2,-90.04594421386719,21.111156463623047,1989.0,0.5652682185173035,1
c2_015,2,-90.068849,21.102802276611328,1989.0,0.8336023688316345,1
c2_016,2,-90.118162,21.135947,1989.0,0.6814429759979248,1
c2_017,2,-89.96214294433594,21.120587,1989.0,0.996698260307312,1
c2_018,2,-89.981541,21.148343,1989.0,0.6423377394676208,1
c2_019,2,-90.041364,21.101186,1989.0,0.9092462062835693,1
c2_020,2,-90.082592,21.10064697265625,1989.0,0.8089049458503723,1
c2_021,2,-89.945163,21.161008,1989.0,0.6362135410308838,1
c2_022,2,-90.01280212402344,21.118162155151367,1989.0,0.7020676136016846,1
c2_025,2,-89.942199,21.169092178344727,1989.0,0.7355433702468872,1
c2_026,2,-90.04837036132812,21.15858268737793,1989.0,0.4174765944480896,1
c2_027,2,-90.018189,21.155078887939453,1989.0,0.6866055130958557,1
c2_029,2,-89.960253,21.166936,1989.0,0.9647258520126343,1
c2_030,2,-90.08636474609375,21.13918113708496,1989.0,0.7424561381340027,1
c2_031,2,-90.006871,21.167745,1989.0,0.43410545587539673,1
c2_032,2,-89.9599838256836,21.15750503540039,1989.0,-0.35451868176460266,1
c2_033,2,-90.052412,21.115737,1989.0,0.7938529253005981,1
c2_034,2,-90.075586,21.099569,1989.0,0.7759251594543457,1
c2_035,2,-90.108731,21.095796,1989.0,0.7006152272224426,1
c2_036,2,-90.026543,21.155078887939453,1989.0,0.8565112352371216,1
c2_038,2,-90.080167,21.099838256835938,1989.0,0.8118894696235657,1
c2_039,2,-89.947588,21.136486053466797,1989.0,0.9345912337303162,1
c2_040,2,-90.061304,21.10468864440918,1989.0,0.745415210723877,1
c2_042,2,-89.99959564208984,21.12004852294922,1989.0,0.635994553565979,1
c2_044,2,-90.026004,21.113851,1989.0,0.7941184639930725,1
c2_046,2,-89.94139099121094,21.172056198120117,1989.0,0.7192414402961731,1
c2_048,2,-90.1038818359375,21.095527,1989.0,0.7264084219932556,1
c2_049,2,-89.99231719970703,21.149690628051758,1989.0,0.8349138498306274,1
c2_050,2,-89.950822,21.121396,1989.0,0.828354001045227,1
c3_045,3,-89.992859,21.161815643310547,1989.0,0.06823762506246567,1
c3_003,3,-90.034357,21.15858268737793,1989.0,0.3939318060874939,1
c3_026,3,-89.986931,21.149959564208984,1989.0,0.8437556028366089,1
c3_008,3,-90.084209,21.151576,1989.0,0.719836413860321,1
c3_017,3,-89.970493,21.159929275512695,1989.0,0.714120090007782,1
c3_004,3,-89.982619,21.180679,1989.0,0.8088064193725586,1
c3_040,3,-89.9742660522461,21.185529708862305,1989.0,0.17806249856948853,1
c3_024,3,-89.97722625732422,21.183913,1989.0,0.3949415683746338,1
c3_013,3,-89.995823,21.13837242126465,1989.0,0.8159995079040527,1
c3_018,3,-90.062113,21.107114,1989.0,0.8336023688316345,1
c3_014,3,-89.951361,21.199003219604492,1989.0,0.7414252758026123,1
c3_029,3,-90.000135,21.137563705444336,1989.0,0.6481606364250183,1
c3_005,3,-90.003638,21.111964,1989.0,0.7144471406936646,1
c3_022,3,-90.005524,21.112503051757812,1989.0,0.46132662892341614,1
c3_002,3,-89.953786,21.197656,1989.0,0.7287454009056091,1
c3_015,3,-89.940852,21.162086486816406,1989.0,0.7404964566230774,1
c3_027,3,-89.982619,21.149421,1989.0,0.252946138381958,1
c3_030,3,-89.942738,21.1674747467041,1989.0,0.6866881847381592,1
c3_009,3,-89.986392,21.149959564208984,1989.0,0.8178165555000305,1
c3_033,3,-90.039208,21.102802276611328,1989.0,0.5440726280212402,1
c3_038,3,-89.976152,21.169361114501953,1989.0,0.84084552526474,1
c3_023,3,-89.97183990478516,21.169361114501953,1989.0,0.7308973073959351,1
c3_046,3,-89.994476,21.137832641601562,1989.0,0.6976158022880554,1
c3_025,3,-89.947049,21.157235,1989.0,0.7879783511161804,1
c3_028,3,-89.976421,21.165858,1989.0,0.5440789461135864,1
c3_036,3,-89.95189666748047,21.162894,1989.0,-0.09053634107112885,1
c3_021,3,-90.007141,21.131635665893555,1989.0,0.745415210723877,1
c3_035,3,-90.000943,21.144569396972656,1989.0,0.6544437408447266,1
c3_037,3,-89.97183990478516,21.162086486816406,1989.0,-0.9634782075881958,1
c3_039,3,-89.976691,21.168283462524414,1989.0,0.5882857441902161,1
c3_041,3,-89.973996,21.137563705444336,1989.0,0.6924310326576233,1
c3_034,3,-90.041364,21.1402587890625,1989.0,-0.43747273087501526,1
c3_047,3,-90.028698,21.126246,1989.0,0.7593820095062256,1
c3_011,3,-90.035974,21.099299,1989.0,0.7132225036621094,1
c3_001,3,-90.080437,21.100377,1989.0,0.60858553647995,1
c3_019,3,-89.958367,21.172056198120117,1989.0,0.621195375919342,1
c3_031,3,-90.00740814208984,21.113042,1989.0,0.778228759765625,1
c3_010,3,-90.01252746582031,21.114659,1989.0,0.9642257690429688,1
c3_012,3,-90.00768280029297,21.114389419555664,1989.0,0.6885517835617065,1
c3_016,3,-90.045675,21.097951889038086,1989.0,0.48266640305519104,1
c3_043,3,-89.967259,21.189841,1989.0,0.5847052931785583,1
c3_044,3,-90.046214,21.097413,1989.0,0.7249038219451904,1
c3_049,3,-90.016033,21.116006,1989.0,0.8590936064720154,1
c4_001,4,-90.002021,21.168822,1989.0,0.15400028228759766,1
c4_002,4,-90.013878,21.166397094726562,1989.0,0.004487964324653149,1
c4_003,4,-90.040286,21.149421,1989.0,0.5341559648513794,1
c4_005,4,-89.967529,21.183643341064453,1989.0,-0.05232463404536247,1
c4_006,4,-89.943277,21.200620651245117,1989.0,0.2838509976863861,1
c4_007,4,-89.968068,21.171248,1989.0,-0.5354295372962952,1
c4_008,4,-90.035705,21.15346336364746,1989.0,0.5105983018875122,1
c4_009,4,-89.967798,21.179332,1989.0,-0.4404296875,1
c4_010,4,-89.949205,21.194961,1989.0,-0.11574028432369232,1
c4_011,4,-89.943007,21.202506,1989.0,-0.34485363960266113,1
c4_012,4,-89.945163,21.199811,1989.0,-0.31506210565567017,1
c4_014,4,-90.041633,21.148612,1989.0,0.3566581904888153,1
c4_015,4,-89.960792,21.190380096435547,1989.0,-0.3274000883102417,1
c4_016,4,-89.958098,21.184452056884766,1989.0,-0.1360829472541809,1
c4_017,4,-90.074239,21.133790969848633,1989.0,0.7728955149650574,1
c4_018,4,-89.950822,21.1922664642334,1989.0,-0.09588044881820679,1
c4_019,4,-89.996901,21.149959564208984,1989.0,0.40584102272987366,1
c4_020,4,-89.960523,21.186338424682617,1989.0,-0.5718898773193359,1
c4_021,4,-89.9465103149414,21.185529708862305,1989.0,-0.16415031254291534,1
c4_022,4,-89.957828,21.185529708862305,1989.0,0.5785573720932007,1
c4_023,4,-90.035705,21.144301,1989.0,0.6080992817878723,1
c4_025,4,-89.981002,21.165319,1989.0,0.1988387554883957,1
c4_026,4,-90.027621,21.162355422973633,1989.0,-0.06219446286559105,1
c4_027,4,-89.949475,21.19415283203125,1989.0,-0.751402735710144,1
c4_028,4,-89.940852,21.201428,1989.0,0.29179880023002625,1
c4_030,4,-90.041364,21.151576,1989.0,0.5315589904785156,1
c4_031,4,-90.062382,21.153732299804688,1989.0,0.21913057565689087,1
c4_032,4,-89.944085,21.193883,1989.0,0.9049747586250305,1
c4_033,4,-89.981811,21.164511,1989.0,0.3773057460784912,1
c4_034,4,-89.940313,21.199811,1989.0,-0.8109157681465149,1
c4_035,4,-90.072622,21.132714,1989.0,0.6311525106430054,1
c4_036,4,-89.942738,21.183643341064453,1989.0,0.02715188078582287,1
c4_038,4,-89.966451,21.182565,1989.0,-0.36082619428634644,1
c4_039,4,-90.014147,21.163972,1989.0,-0.20121951401233673,1
c4_040,4,-89.944355,21.201428,1989.0,-6.120518664829433E-4,1
c4_041,4,-90.011183,21.148881912231445,1989.0,0.5745261311531067,1
c4_042,4,-90.071814,21.131635665893555,1989.0,0.6924470663070679,1
c4_043,4,-90.11438751220703,21.11061668395996,1989.0,0.6896916031837463,1
c4_045,4,-90.036513,21.153732299804688,1989.0,0.8931323289871216,1
c4_046,4,-89.98235321044922,21.169092178344727,1989.0,0.11488250643014908,1
c4_047,4,-89.992859,21.172864,1989.0,-0.4693552553653717,1
c4_048,4,-89.948127,21.191457748413086,1989.0,0.4724605679512024,1
c4_049,4,-90.1195068359375,21.108461380004883,1989.0,0.5467489957809448,1
c4_050,4,-90.094718,21.12301254272461,1989.0,0.6856788396835327,1
c5_045,5,-90.018998,21.166128158569336,1989.0,0.318386048078537,1
c5_010,5,-89.957289,21.163703,1989.0,0.5018347501754761,1
c5_011,5,-90.004985,21.156696319580078,1989.0,0.3786219358444214,1
c5_012,5,-90.066424,21.154809951782227,1989.0,0.41972988843917847,1
c5_014,5,-90.006871,21.155887603759766,1989.0,0.6733397245407104,1
c5_016,5,-90.002829,21.15642738342285,1989.0,0.7540319561958313,1
c5_022,5,-90.044597,21.154809951782227,1989.0,0.8519788384437561,1
c5_024,5,-89.995284,21.15642738342285,1989.0,0.22449670732021332,1
c5_013,5,-90.020614,21.157235,1989.0,0.2224593311548233,1
c5_020,5,-90.027621,21.156966,1989.0,0.20527958869934082,1
c5_025,5,-90.03301239013672,21.15966033935547,1989.0,0.05587368458509445,1
c5_034,5,-90.012261,21.166397094726562,1989.0,0.8636473417282104,1
c5_040,5,-90.069658,21.154541015625,1989.0,0.3414444923400879,1
c5_041,5,-89.998787,21.156156539916992,1989.0,-0.623172402381897,1
c5_043,5,-90.113042,21.13729476928711,1989.0,0.5544085502624512,1
c5_002,5,-90.042172,21.156156539916992,1989.0,0.6089445352554321,1
c5_001,5,-89.996093,21.155887603759766,1989.0,0.7419846057891846,1
c5_006,5,-90.035435,21.154809951782227,1989.0,0.2932053506374359,1
c5_015,5,-89.942738,21.172864,1989.0,0.5058598518371582,1
c5_018,5,-90.0685806274414,21.152385,1989.0,0.5832310318946838,1
c5_026,5,-89.998248,21.172326,1989.0,0.5593889951705933,1
c5_033,5,-90.01980590820312,21.156966,1989.0,0.6960283517837524,1
c5_036,5,-90.041902,21.15750503540039,1989.0,0.3499676287174225,1
c5_039,5,-90.060496,21.15642738342285,1989.0,0.5380871891975403,1
c5_005,5,-90.041633,21.159929275512695,1989.0,0.5145189166069031,1
c5_009,5,-90.038938,21.154271,1989.0,0.5454742908477783,1
c5_019,5,-90.057262,21.155349,1989.0,0.5382755398750305,1
c5_021,5,-90.089598,21.148073196411133,1989.0,0.6559244990348816,1
c5_031,5,-90.003099,21.155618,1989.0,0.8147822022438049,1
c5_035,5,-90.095527,21.151845932006836,1989.0,0.6636481285095215,1
c5_037,5,-89.996632,21.160469,1989.0,0.2592475414276123,1
c5_017,5,-90.040555,21.145917892456055,1989.0,0.43817806243896484,1
c5_027,5,-90.08879089355469,21.150768280029297,1989.0,0.6928335428237915,1
c5_047,5,-90.001213,21.154541015625,1989.0,0.7960096597671509,1
c5_048,5,-90.028429,21.156696319580078,1989.0,0.47717469930648804,1
c5_029,5,-90.090407,21.149421,1989.0,0.5094151496887207,1
c5_032,5,-90.079359,21.150768280029297,1989.0,0.6051547527313232,1
c5_038,5,-90.04082489013672,21.156966,1989.0,0.5545082092285156,1
c5_046,5,-90.067233,21.152114868164062,1989.0,0.5832310318946838,1
c5_028,5,-90.095527,21.150499,1989.0,0.7323628664016724,1
c5_044,5,-89.973188,21.183374404907227,1989.0,0.44731539487838745,1
c5_042,5,-90.08124542236328,21.149421,1989.0,0.5344414710998535,1
c5_007,5,-90.021962,21.143491744995117,1989.0,0.565213680267334,1
c10_001,3,-90.028968,21.158313,1989.0,0.023090986534953117,1
c10_005,3,-89.954594,21.163972,1989.0,0.0989212915301323,1
c10_002,3,-90.033549,21.15858268737793,1989.0,0.3939318060874939,1
c10_003,3,-90.030046,21.158044,1989.0,0.20527958869934082,1
c10_004,3,-90.029507,21.157773971557617,1989.0,0.27010253071784973,1
c10_006,3,-90.03301239013672,21.159122467041016,1989.0,0.3962439000606537,1
c10_007,3,-90.03301239013672,21.158044,1989.0,0.37137341499328613,1
c10_009,3,-90.032741,21.15858268737793,1989.0,0.14289896190166473,1
c10_010,3,-90.030585,21.158044,1989.0,0.28221291303634644,1
c10_008,3,-89.95405578613281,21.163972,1989.0,0.38105541467666626,1
c1_051,1,-90.064538,21.118162155151367,1989.0,0.7383567690849304,1
c1_052,1,-90.05322265625,21.112234115600586,1989.0,-0.01580851338803768,1
c1_053,1,-90.068041,21.142953,1989.0,0.7491971254348755,1
c1_054,1,-90.00040435791016,21.124359130859375,1989.0,-0.3726046085357666,1
c1_055,1,-90.049178,21.1402587890625,1989.0,0.6601278185844421,1
c2_054,2,-89.950013,21.130019,1989.0,0.8613948822021484,1
c2_055,2,-90.106306,21.128941,1989.0,0.7848775386810303,1
c3_062,3,-90.086634,21.149690628051758,1989.0,0.8657948970794678,1
c3_051,3,-90.010914,21.144301,1989.0,0.781186044216156,1
c3_055,3,-90.079359,21.150499,1989.0,0.6051547527313232,1
c3_058,3,-90.000943,21.171248,1989.0,0.5145859718322754,1
c3_059,3,-90.039208,21.1402587890625,1989.0,0.7782844305038452,1
c3_060,3,-89.958906,21.12489891052246,1989.0,0.6597740650177002,1
c3_057,3,-90.058071,21.159929275512695,1989.0,0.8033339381217957,1
c3_061,3,-89.973457,21.138911,1989.0,0.7544621229171753,1
c3_064,3,-89.989625,21.149959564208984,1989.0,0.9554576873779297,1
c3_065,3,-89.972379,21.162086486816406,1989.0,0.7783408164978027,1
c3_054,3,-90.029237,21.101455,1989.0,0.7330323457717896,1
c4_051,4,-89.958906,21.191997,1989.0,-0.6110008955001831,1
c4_053,4,-89.994476,21.172864,1989.0,-0.3933994770050049,1
c4_054,4,-89.994745,21.168822,1989.0,-0.34403857588768005,1
c4_055,4,-90.0025634765625,21.169631,1989.0,-0.7641767859458923,1
c1_001,1,-90.056184,21.12301254272461,1990.0,0.5748032927513123,6
c1_002,1,-89.984506,21.126246,1990.0,0.7721694707870483,6
c1_003,1,-90.070197,21.140798,1990.0,0.6083108186721802,6
c1_004,1,-90.057801,21.145648,1990.0,0.6977226138114929,6
c1_005,1,-90.024926,21.145379,1990.0,0.5141164660453796,6
c1_006,1,-89.979386,21.130288,1990.0,0.6193685531616211,6
c1_007,1,-90.08636474609375,21.137025,1990.0,0.613539457321167,6
c1_008,1,-89.952169,21.14322280883789,1990.0,0.7289028167724609,6
c1_009,1,-90.055106,21.138911,1990.0,0.4683546721935272,6
c1_010,1,-89.945702,21.14322280883789,1990.0,0.5148563981056213,6
c1_011,1,-89.958098,21.149151,1990.0,0.6445742845535278,6
c1_012,1,-90.036783,21.117354,1990.0,0.7112454771995544,6
c1_013,1,-90.113042,21.085018157958984,1990.0,0.7169635891914368,6
c1_014,1,-89.944085,21.154002,1990.0,0.7684661149978638,6
c1_015,1,-90.065885,21.113581,1990.0,0.5961560010910034,6
c1_016,1,-90.064538,21.121126174926758,1990.0,0.6448337435722351,6
c1_017,1,-90.01280212402344,21.122474,1990.0,0.6521146297454834,6
c1_018,1,-90.013608,21.150499,1990.0,0.5468891859054565,6
c1_019,1,-90.075856,21.141876220703125,1990.0,0.7094792723655701,6
c1_020,1,-90.063729,21.119510650634766,1990.0,0.6035398244857788,6
c1_021,1,-90.112234,21.128671646118164,1990.0,0.41771918535232544,6
c1_022,1,-89.970224,21.131635665893555,1990.0,0.5516390800476074,6
c1_023,1,-90.049448,21.111425399780273,1990.0,0.6321550011634827,6
c1_024,1,-90.076933,21.135408401489258,1990.0,0.6085581183433533,6
c1_025,1,-90.09391021728516,21.143762,1990.0,0.6931326389312744,6
c1_026,1,-89.940852,21.145917892456055,1990.0,0.9503418207168579,6
c1_027,1,-89.945163,21.154002,1990.0,0.43401607871055603,6
c1_028,1,-90.098491,21.127324,1990.0,0.6914442181587219,6
c1_029,1,-90.003368,21.149421,1990.0,0.6246083974838257,6
c1_030,1,-89.972918,21.124629,1990.0,0.6145269870758057,6
c1_031,1,-90.003907,21.124359130859375,1990.0,0.4604509174823761,6
c1_032,1,-90.066694,21.0987606048584,1990.0,0.6376374959945679,6
c1_033,1,-89.994745,21.123552322387695,1990.0,0.6371367573738098,6
c1_034,1,-90.08879089355469,21.142953,1990.0,0.5889614820480347,6
c1_035,1,-90.063191,21.110887,1990.0,0.6550086140632629,6
c1_036,1,-89.960523,21.137563705444336,1990.0,0.6826476454734802,6
c1_037,1,-90.094179,21.093371,1990.0,0.6285194754600525,6
c1_038,1,-90.0025634765625,21.122743,1990.0,0.5616459846496582,6
c1_039,1,-90.051334,21.132714,1990.0,0.5116655826568604,6
c1_040,1,-90.066694,21.13837242126465,1990.0,0.5835248827934265,6
c1_041,1,-90.116815,21.0882511138916,1990.0,0.6807615756988525,6
c1_042,1,-90.057801,21.148612,1990.0,0.692785918712616,6
c1_043,1,-90.080706,21.141876220703125,1990.0,0.5437118411064148,6
c1_044,1,-89.947319,21.188493728637695,1990.0,0.6092401742935181,6
c1_045,1,-89.981811,21.124091,1990.0,0.24871176481246948,6
c1_046,1,-90.058879,21.128671646118164,1990.0,0.5356677174568176,6
c1_047,1,-90.075317,21.10361099243164,1990.0,0.728810727596283,6
c1_048,1,-90.003638,21.150768280029297,1990.0,0.6461818218231201,6
c1_049,1,-90.026543,21.122743,1990.0,0.7131587266921997,6
c1_050,1,-90.108731,21.117623,1990.0,0.6835412979125977,6
c2_001,2,-89.960253,21.154002,1990.0,0.5677430629730225,6
c2_002,2,-90.117623,21.133522033691406,1990.0,0.3139769434928894,6
c2_003,2,-90.07881927490234,21.09229278564453,1990.0,0.6592919230461121,6
c2_004,2,-89.978847,21.15022850036621,1990.0,0.7995367050170898,6
c2_005,2,-90.089329,21.09364128112793,1990.0,0.7685127854347229,6
c2_006,2,-90.11412048339844,21.100377,1990.0,0.6088204979896545,6
c2_007,2,-90.106036,21.131635665893555,1990.0,0.6850138902664185,6
c2_008,2,-90.001213,21.145379,1990.0,0.6828382015228271,6
c2_009,2,-89.963217,21.183913,1990.0,0.18005937337875366,6
c2_010,2,-90.10226440429688,21.144301,1990.0,0.5940158367156982,6
c2_011,2,-89.958636,21.125438,1990.0,0.6272076964378357,6
c2_012,2,-90.097413,21.149959564208984,1990.0,0.7173843383789062,6
c2_013,2,-90.100647,21.106845,1990.0,0.6762045621871948,6
c2_014,2,-90.04594421386719,21.111156463623047,1990.0,0.4973548948764801,6
c2_015,2,-90.068849,21.102802276611328,1990.0,0.7445076107978821,6
c2_016,2,-90.118162,21.135947,1990.0,0.34330812096595764,6
c2_017,2,-89.96214294433594,21.120587,1990.0,0.6342227458953857,6
c2_018,2,-89.981541,21.148343,1990.0,0.5745657086372375,6
c2_019,2,-90.041364,21.101186,1990.0,0.5852505564689636,6
c2_020,2,-90.082592,21.10064697265625,1990.0,0.753839373588562,6
c2_021,2,-89.945163,21.161008,1990.0,0.5315906405448914,6
c2_022,2,-90.01280212402344,21.118162155151367,1990.0,0.6373584866523743,6
c2_023,2,-89.94165802001953,21.17879295349121,1990.0,0.5805065631866455,6
c2_024,2,-89.940043,21.179332,1990.0,0.5684202909469604,6
c2_025,2,-89.942199,21.169092178344727,1990.0,0.5003705024719238,6
c2_026,2,-90.04837036132812,21.15858268737793,1990.0,-0.20149469375610352,6
c2_027,2,-90.018189,21.155078887939453,1990.0,0.588952898979187,6
c2_028,2,-90.018998,21.118701,1990.0,0.5162611603736877,6
c2_029,2,-89.960253,21.166936,1990.0,0.42227375507354736,6
c2_030,2,-90.08636474609375,21.13918113708496,1990.0,0.6861782073974609,6
c2_031,2,-90.006871,21.167745,1990.0,0.3345613479614258,6
c2_032,2,-89.9599838256836,21.15750503540039,1990.0,0.49327707290649414,6
c2_033,2,-90.052412,21.115737,1990.0,0.6849913597106934,6
c2_034,2,-90.075586,21.099569,1990.0,0.6102806925773621,6
c2_035,2,-90.108731,21.095796,1990.0,0.51651930809021,6
c2_036,2,-90.026543,21.155078887939453,1990.0,0.7305415868759155,6
c2_037,2,-90.006871,21.131097,1990.0,0.6551644206047058,6
c2_038,2,-90.080167,21.099838256835938,1990.0,0.7648880481719971,6
c2_039,2,-89.947588,21.136486053466797,1990.0,0.7531516551971436,6
c2_040,2,-90.061304,21.10468864440918,1990.0,0.7277111411094666,6
c2_041,2,-90.075856,21.134868621826172,1990.0,0.6558259725570679,6
c2_042,2,-89.99959564208984,21.12004852294922,1990.0,0.5419400930404663,6
c2_043,2,-90.101725,21.08043670654297,1990.0,0.619937539100647,6
c2_044,2,-90.026004,21.113851,1990.0,0.7029433846473694,6
c2_045,2,-90.118162,21.129209518432617,1990.0,0.7017291784286499,6
c2_046,2,-89.94139099121094,21.172056198120117,1990.0,0.5981460809707642,6
c2_047,2,-89.969685,21.1402587890625,1990.0,0.680030107498169,6
c2_048,2,-90.1038818359375,21.095527,1990.0,0.5238292217254639,6
c2_049,2,-89.99231719970703,21.149690628051758,1990.0,0.5854400992393494,6
c2_050,2,-89.950822,21.121396,1990.0,0.6782410740852356,6
c3_045,3,-89.992859,21.161815643310547,1990.0,0.12811103463172913,6
c3_003,3,-90.034357,21.15858268737793,1990.0,0.306976318359375,6
c3_026,3,-89.986931,21.149959564208984,1990.0,0.7240002155303955,6
c3_008,3,-90.084209,21.151576,1990.0,0.5325844883918762,6
c3_017,3,-89.970493,21.159929275512695,1990.0,0.34489819407463074,6
c3_004,3,-89.982619,21.180679,1990.0,0.6967402100563049,6
c3_040,3,-89.9742660522461,21.185529708862305,1990.0,0.6760427951812744,6
c3_024,3,-89.97722625732422,21.183913,1990.0,0.6949848532676697,6
c3_013,3,-89.995823,21.13837242126465,1990.0,0.6946341395378113,6
c3_018,3,-90.062113,21.107114,1990.0,0.681290864944458,6
c3_007,3,-90.088521,21.146995,1990.0,0.3020753264427185,6
c3_014,3,-89.951361,21.199003219604492,1990.0,0.5401992797851562,6
c3_042,3,-89.950283,21.199003219604492,1990.0,0.5318356156349182,6
c3_029,3,-90.000135,21.137563705444336,1990.0,0.6317222714424133,6
c3_005,3,-90.003638,21.111964,1990.0,0.606442391872406,6
c3_022,3,-90.005524,21.112503051757812,1990.0,0.5976489186286926,6
c3_002,3,-89.953786,21.197656,1990.0,0.5522849559783936,6
c3_015,3,-89.940852,21.162086486816406,1990.0,0.645168662071228,6
c3_020,3,-90.016842,21.116006,1990.0,0.5420618057250977,6
c3_027,3,-89.982619,21.149421,1990.0,0.614930272102356,6
c3_030,3,-89.942738,21.1674747467041,1990.0,0.594545841217041,6
c3_050,3,-89.941929,21.168553,1990.0,0.4987694025039673,6
c3_009,3,-89.986392,21.149959564208984,1990.0,0.7409537434577942,6
c3_033,3,-90.039208,21.102802276611328,1990.0,0.599312961101532,6
c3_038,3,-89.976152,21.169361114501953,1990.0,0.6142581105232239,6
c3_023,3,-89.97183990478516,21.169361114501953,1990.0,0.5950261354446411,6
c3_032,3,-90.00040435791016,21.138642,1990.0,0.581977903842926,6
c3_046,3,-89.994476,21.137832641601562,1990.0,0.5978367924690247,6
c3_025,3,-89.947049,21.157235,1990.0,0.655773401260376,6
c3_028,3,-89.976421,21.165858,1990.0,0.7158856391906738,6
c3_036,3,-89.95189666748047,21.162894,1990.0,0.584877610206604,6
c3_021,3,-90.007141,21.131635665893555,1990.0,0.659415602684021,6
c3_035,3,-90.000943,21.144569396972656,1990.0,0.6852927803993225,6
c3_037,3,-89.97183990478516,21.162086486816406,1990.0,0.7350479960441589,6
c3_039,3,-89.976691,21.168283462524414,1990.0,0.6180263161659241,6
c3_041,3,-89.973996,21.137563705444336,1990.0,0.5894078612327576,6
c3_034,3,-90.041364,21.1402587890625,1990.0,0.502433717250824,6
c3_047,3,-90.028698,21.126246,1990.0,0.7322607040405273,6
c3_048,3,-90.030315,21.124359130859375,1990.0,0.6500720977783203,6
c3_011,3,-90.035974,21.099299,1990.0,0.5589756369590759,6
c3_001,3,-90.080437,21.100377,1990.0,0.6783256530761719,6
c3_006,3,-89.94677734375,21.202237,1990.0,0.6895589828491211,6
c3_019,3,-89.958367,21.172056198120117,1990.0,0.6296337246894836,6
c3_031,3,-90.00740814208984,21.113042,1990.0,0.5471246242523193,6
c3_010,3,-90.01252746582031,21.114659,1990.0,0.5682802796363831,6
c3_012,3,-90.00768280029297,21.114389419555664,1990.0,0.42623719573020935,6
c3_016,3,-90.045675,21.097951889038086,1990.0,0.45195382833480835,6
c3_043,3,-89.967259,21.189841,1990.0,0.6915770173072815,6
c3_044,3,-90.046214,21.097413,1990.0,0.5347321033477783,6
c3_049,3,-90.016033,21.116006,1990.0,0.5944626927375793,6
c4_001,4,-90.002021,21.168822,1990.0,0.14341750741004944,6
c4_002,4,-90.013878,21.166397094726562,1990.0,0.06278946995735168,6
c4_003,4,-90.040286,21.149421,1990.0,0.3684808313846588,6
c4_004,4,-89.94139099121094,21.181487,1990.0,0.23089908063411713,6
c4_005,4,-89.967529,21.183643341064453,1990.0,-0.009102759882807732,6
c4_006,4,-89.943277,21.200620651245117,1990.0,-0.005139816086739302,6
c4_007,4,-89.968068,21.171248,1990.0,0.0927446186542511,6
c4_008,4,-90.035705,21.15346336364746,1990.0,0.4231180250644684,6
c4_009,4,-89.967798,21.179332,1990.0,-0.29710736870765686,6
c4_010,4,-89.949205,21.194961,1990.0,-0.08243615925312042,6
c4_011,4,-89.943007,21.202506,1990.0,-0.20318786799907684,6
c4_012,4,-89.945163,21.199811,1990.0,-0.30196335911750793,6
c4_013,4,-89.972379,21.174481,1990.0,-0.06796640157699585,6
c4_014,4,-90.041633,21.148612,1990.0,0.3918987214565277,6
c4_015,4,-89.960792,21.190380096435547,1990.0,-0.19900034368038177,6
c4_016,4,-89.958098,21.184452056884766,1990.0,-0.07802474498748779,6
c4_017,4,-90.074239,21.133790969848633,1990.0,0.5067063570022583,6
c4_018,4,-89.950822,21.1922664642334,1990.0,-0.10541412979364395,6
c4_019,4,-89.996901,21.149959564208984,1990.0,0.42005205154418945,6
c4_020,4,-89.960523,21.186338424682617,1990.0,-0.16065442562103271,6
c4_021,4,-89.9465103149414,21.185529708862305,1990.0,0.04147687554359436,6
c4_022,4,-89.957828,21.185529708862305,1990.0,0.016593366861343384,6
c4_023,4,-90.035705,21.144301,1990.0,0.4485374093055725,6
c4_024,4,-90.022501,21.156966,1990.0,0.07081321626901627,6
c4_025,4,-89.981002,21.165319,1990.0,0.17442825436592102,6
c4_026,4,-90.027621,21.162355422973633,1990.0,-0.14756743609905243,6
c4_027,4,-89.949475,21.19415283203125,1990.0,-0.30223917961120605,6
c4_028,4,-89.940852,21.201428,1990.0,-0.12995092570781708,6
c4_029,4,-89.961601,21.190919,1990.0,-0.06598920375108719,6
c4_030,4,-90.041364,21.151576,1990.0,0.48251116275787354,6
c4_031,4,-90.062382,21.153732299804688,1990.0,0.14723192155361176,6
c4_032,4,-89.944085,21.193883,1990.0,-0.026105685159564018,6
c4_033,4,-89.981811,21.164511,1990.0,0.3559117019176483,6
c4_034,4,-89.940313,21.199811,1990.0,-0.20970536768436432,6
c4_035,4,-90.072622,21.132714,1990.0,0.5503136515617371,6
c4_036,4,-89.942738,21.183643341064453,1990.0,0.1494210809469223,6
c4_037,4,-89.9742660522461,21.173673,1990.0,0.1779738962650299,6
c4_038,4,-89.966451,21.182565,1990.0,-0.18521377444267273,6
c4_039,4,-90.014147,21.163972,1990.0,-0.2671370208263397,6
c4_040,4,-89.944355,21.201428,1990.0,-0.27321645617485046,6
c4_041,4,-90.011183,21.148881912231445,1990.0,0.4720607101917267,6
c4_042,4,-90.071814,21.131635665893555,1990.0,0.45901137590408325,6
c4_043,4,-90.11438751220703,21.11061668395996,1990.0,0.6353949308395386,6
c4_044,4,-89.956481,21.189302444458008,1990.0,0.03233634680509567,6
c4_045,4,-90.036513,21.153732299804688,1990.0,0.3355095088481903,6
c4_046,4,-89.98235321044922,21.169092178344727,1990.0,0.033936791121959686,6
c4_047,4,-89.992859,21.172864,1990.0,-0.027714060619473457,6
c4_048,4,-89.948127,21.191457748413086,1990.0,0.06596944481134415,6
c4_049,4,-90.1195068359375,21.108461380004883,1990.0,0.4819631576538086,6
c4_050,4,-90.094718,21.12301254272461,1990.0,0.44029009342193604,6
c5_045,5,-90.018998,21.166128158569336,1990.0,0.3198968172073364,6
c5_008,5,-90.034357,21.155618,1990.0,0.506045401096344,6
c5_010,5,-89.957289,21.163703,1990.0,0.506874680519104,6
c5_011,5,-90.004985,21.156696319580078,1990.0,0.2196691930294037,6
c5_012,5,-90.066424,21.154809951782227,1990.0,0.16432900726795197,6
c5_014,5,-90.006871,21.155887603759766,1990.0,0.20987795293331146,6
c5_016,5,-90.002829,21.15642738342285,1990.0,0.5715783834457397,6
c5_022,5,-90.044597,21.154809951782227,1990.0,0.5501969456672668,6
c5_024,5,-89.995284,21.15642738342285,1990.0,0.145175501704216,6
c5_003,5,-90.056993,21.154541015625,1990.0,-0.2061062604188919,6
c5_013,5,-90.020614,21.157235,1990.0,0.19520403444766998,6
c5_020,5,-90.027621,21.156966,1990.0,0.18296103179454803,6
c5_025,5,-90.03301239013672,21.15966033935547,1990.0,-0.030398167669773102,6
c5_034,5,-90.012261,21.166397094726562,1990.0,-0.07082168012857437,6
c5_040,5,-90.069658,21.154541015625,1990.0,0.30412766337394714,6
c5_041,5,-89.998787,21.156156539916992,1990.0,0.27591779828071594,6
c5_043,5,-90.113042,21.13729476928711,1990.0,0.46921971440315247,6
c5_002,5,-90.042172,21.156156539916992,1990.0,0.25975140929222107,6
c5_004,5,-90.034088,21.156966,1990.0,0.38977938890457153,6
c5_001,5,-89.996093,21.155887603759766,1990.0,0.665764331817627,6
c5_006,5,-90.035435,21.154809951782227,1990.0,0.30879491567611694,6
c5_015,5,-89.942738,21.172864,1990.0,0.4597882926464081,6
c5_018,5,-90.0685806274414,21.152385,1990.0,0.29236358404159546,6
c5_026,5,-89.998248,21.172326,1990.0,0.6976132988929749,6
c5_033,5,-90.01980590820312,21.156966,1990.0,0.559292733669281,6
c5_036,5,-90.041902,21.15750503540039,1990.0,0.2825004458427429,6
c5_039,5,-90.060496,21.15642738342285,1990.0,0.2751471698284149,6
c5_005,5,-90.041633,21.159929275512695,1990.0,0.4696587920188904,6
c5_009,5,-90.038938,21.154271,1990.0,0.430146187543869,6
c5_019,5,-90.057262,21.155349,1990.0,0.15146993100643158,6
c5_021,5,-90.089598,21.148073196411133,1990.0,0.5034983158111572,6
c5_030,5,-90.071814,21.151845932006836,1990.0,0.3867555856704712,6
c5_031,5,-90.003099,21.155618,1990.0,0.7149810791015625,6
c5_035,5,-90.095527,21.151845932006836,1990.0,0.5104169845581055,6
c5_037,5,-89.996632,21.160469,1990.0,0.38980424404144287,6
c5_023,5,-89.978038,21.180139541625977,1990.0,0.2752591371536255,6
c5_017,5,-90.040555,21.145917892456055,1990.0,0.34396612644195557,6
c5_027,5,-90.08879089355469,21.150768280029297,1990.0,0.5754120945930481,6
c5_047,5,-90.001213,21.154541015625,1990.0,0.715549886226654,6
c5_048,5,-90.028429,21.156696319580078,1990.0,0.32682567834854126,6
c5_029,5,-90.090407,21.149421,1990.0,0.31149592995643616,6
c5_032,5,-90.079359,21.150768280029297,1990.0,0.4561270773410797,6
c5_038,5,-90.04082489013672,21.156966,1990.0,0.41881340742111206,6
c5_046,5,-90.067233,21.152114868164062,1990.0,0.41232267022132874,6
c5_028,5,-90.095527,21.150499,1990.0,0.6120951771736145,6
c5_044,5,-89.973188,21.183374404907227,1990.0,0.39030736684799194,6
c5_042,5,-90.08124542236328,21.149421,1990.0,0.34290769696235657,6
c5_007,5,-90.021962,21.143491744995117,1990.0,0.5425230264663696,6
c10_001,3,-90.028968,21.158313,1990.0,0.11398043483495712,6
c10_005,3,-89.954594,21.163972,1990.0,0.5234651565551758,6
c10_002,3,-90.033549,21.15858268737793,1990.0,-0.3384004235267639,6
c10_003,3,-90.030046,21.158044,1990.0,0.19867634773254395,6
c10_004,3,-90.029507,21.157773971557617,1990.0,0.21167463064193726,6
c10_006,3,-90.03301239013672,21.159122467041016,1990.0,0.0900864228606224,6
c10_007,3,-90.03301239013672,21.158044,1990.0,0.2114284187555313,6
c10_009,3,-90.032741,21.15858268737793,1990.0,0.15813685953617096,6
c10_010,3,-90.030585,21.158044,1990.0,0.2114659994840622,6
c10_008,3,-89.95405578613281,21.163972,1990.0,0.4478769302368164,6
c1_051,1,-90.064538,21.118162155151367,1990.0,0.5271269083023071,6
c1_052,1,-90.05322265625,21.112234115600586,1990.0,0.6739467978477478,6
c1_053,1,-90.068041,21.142953,1990.0,0.6121470928192139,6
c1_054,1,-90.00040435791016,21.124359130859375,1990.0,0.5797784924507141,6
c1_055,1,-90.049178,21.1402587890625,1990.0,0.586745023727417,6
c2_051,2,-90.111695,21.123821258544922,1990.0,0.5212666392326355,6
c2_052,2,-90.02277374267578,21.139720916748047,1990.0,0.4644426107406616,6
c2_053,2,-89.941929,21.138911,1990.0,0.7391753196716309,6
c2_054,2,-89.950013,21.130019,1990.0,0.6378685235977173,6
c2_055,2,-90.106306,21.128941,1990.0,0.5401114821434021,6
c3_062,3,-90.086634,21.149690628051758,1990.0,0.3912990987300873,6
c3_051,3,-90.010914,21.144301,1990.0,0.639003574848175,6
c3_055,3,-90.079359,21.150499,1990.0,0.4620998501777649,6
c3_058,3,-90.000943,21.171248,1990.0,0.5526403784751892,6
c3_052,3,-90.094179,21.114929,1990.0,0.4540281593799591,6
c3_059,3,-90.039208,21.1402587890625,1990.0,0.6426957845687866,6
c3_053,3,-90.013608,21.152114868164062,1990.0,0.6531045436859131,6
c3_060,3,-89.958906,21.12489891052246,1990.0,0.7648739218711853,6
c3_057,3,-90.058071,21.159929275512695,1990.0,0.639032244682312,6
c3_061,3,-89.973457,21.138911,1990.0,0.5925212502479553,6
c3_064,3,-89.989625,21.149959564208984,1990.0,0.5621330738067627,6
c3_063,3,-90.030046,21.125707,1990.0,0.6529077887535095,6
c3_065,3,-89.972379,21.162086486816406,1990.0,0.68447345495224,6
c3_054,3,-90.029237,21.101455,1990.0,0.6761695742607117,6
c3_056,3,-90.008758,21.114120483398438,1990.0,0.50980544090271,6
c4_051,4,-89.958906,21.191997,1990.0,-0.12751410901546478,6
c4_052,4,-89.957828,21.178254,1990.0,0.06957412511110306,6
c4_053,4,-89.994476,21.172864,1990.0,-0.09108996391296387,6
c4_054,4,-89.994745,21.168822,1990.0,-0.2121267318725586,6
c4_055,4,-90.0025634765625,21.169631,1990.0,-0.2375487983226776,6
c1_001,1,-90.056184,21.12301254272461,1991.0,0.5673887729644775,8
c1_002,1,-89.984506,21.126246,1991.0,0.643716037273407,8
c1_003,1,-90.070197,21.140798,1991.0,0.5609115362167358,8
c1_004,1,-90.057801,21.145648,1991.0,0.6637858748435974,8
c1_005,1,-90.024926,21.145379,1991.0,0.5861403346061707,8
c1_006,1,-89.979386,21.130288,1991.0,0.6293190121650696,8
c1_007,1,-90.08636474609375,21.137025,1991.0,0.5378084778785706,8
c1_008,1,-89.952169,21.14322280883789,1991.0,0.6688477993011475,8
c1_009,1,-90.055106,21.138911,1991.0,0.4701780676841736,8
c1_010,1,-89.945702,21.14322280883789,1991.0,0.6051066517829895,8
c1_011,1,-89.958098,21.149151,1991.0,0.6886005997657776,8
c1_012,1,-90.036783,21.117354,1991.0,0.644681453704834,8
c1_013,1,-90.113042,21.085018157958984,1991.0,0.7098544836044312,8
c1_014,1,-89.944085,21.154002,1991.0,0.7069720029830933,8
c1_015,1,-90.065885,21.113581,1991.0,0.5093626976013184,8
c1_016,1,-90.064538,21.121126174926758,1991.0,0.5394877791404724,8
c1_017,1,-90.01280212402344,21.122474,1991.0,0.5703840255737305,8
c1_018,1,-90.013608,21.150499,1991.0,0.6591256260871887,8
c1_019,1,-90.075856,21.141876220703125,1991.0,0.6080037355422974,8
c1_020,1,-90.063729,21.119510650634766,1991.0,0.5378715395927429,8
c1_021,1,-90.112234,21.128671646118164,1991.0,0.42637133598327637,8
c1_022,1,-89.970224,21.131635665893555,1991.0,0.5406412482261658,8
c1_023,1,-90.049448,21.111425399780273,1991.0,0.5421233177185059,8
c1_024,1,-90.076933,21.135408401489258,1991.0,0.5570951104164124,8
c1_025,1,-90.09391021728516,21.143762,1991.0,0.6086529493331909,8
c1_026,1,-89.940852,21.145917892456055,1991.0,0.7326682209968567,8
c1_027,1,-89.945163,21.154002,1991.0,0.6276010870933533,8
c1_028,1,-90.098491,21.127324,1991.0,0.6816975474357605,8
c1_029,1,-90.003368,21.149421,1991.0,0.5884544849395752,8
c1_030,1,-89.972918,21.124629,1991.0,0.7412478923797607,8
c1_031,1,-90.003907,21.124359130859375,1991.0,0.6317034959793091,8
c1_032,1,-90.066694,21.0987606048584,1991.0,0.5977545380592346,8
c1_033,1,-89.994745,21.123552322387695,1991.0,0.5591689348220825,8
c1_034,1,-90.08879089355469,21.142953,1991.0,0.4525451064109802,8
c1_035,1,-90.063191,21.110887,1991.0,0.5335878133773804,8
c1_036,1,-89.960523,21.137563705444336,1991.0,0.6861439943313599,8
c1_037,1,-90.094179,21.093371,1991.0,0.6415115594863892,8
c1_038,1,-90.0025634765625,21.122743,1991.0,0.45287612080574036,8
c1_039,1,-90.051334,21.132714,1991.0,0.6017780303955078,8
c1_040,1,-90.066694,21.13837242126465,1991.0,0.540297269821167,8
c1_041,1,-90.116815,21.0882511138916,1991.0,0.6215217709541321,8
c1_042,1,-90.057801,21.148612,1991.0,0.6582511067390442,8
c1_043,1,-90.080706,21.141876220703125,1991.0,0.5435823202133179,8
c1_044,1,-89.947319,21.188493728637695,1991.0,0.6702476143836975,8
c1_045,1,-89.981811,21.124091,1991.0,0.6814106106758118,8
c1_046,1,-90.058879,21.128671646118164,1991.0,0.48413681983947754,8
c1_047,1,-90.075317,21.10361099243164,1991.0,0.660047173500061,8
c1_048,1,-90.003638,21.150768280029297,1991.0,0.5679455399513245,8
c1_049,1,-90.026543,21.122743,1991.0,0.5932460427284241,8
c1_050,1,-90.108731,21.117623,1991.0,0.6336914896965027,8
c2_001,2,-89.960253,21.154002,1991.0,0.5401077270507812,8
c2_002,2,-90.117623,21.133522033691406,1991.0,0.19227993488311768,8
c2_003,2,-90.07881927490234,21.09229278564453,1991.0,0.5865035057067871,8
c2_004,2,-89.978847,21.15022850036621,1991.0,0.558936357498169,8
c2_005,2,-90.089329,21.09364128112793,1991.0,0.6825079917907715,8
c2_006,2,-90.11412048339844,21.100377,1991.0,0.5288838148117065,8
c2_007,2,-90.106036,21.131635665893555,1991.0,0.5762686133384705,8
c2_008,2,-90.001213,21.145379,1991.0,0.6450846195220947,8
c2_009,2,-89.963217,21.183913,1991.0,0.08140063285827637,8
c2_010,2,-90.10226440429688,21.144301,1991.0,0.4068877696990967,8
c2_011,2,-89.958636,21.125438,1991.0,0.6254786849021912,8
c2_012,2,-90.097413,21.149959564208984,1991.0,0.5743608474731445,8
c2_013,2,-90.100647,21.106845,1991.0,0.5609975457191467,8
c2_014,2,-90.04594421386719,21.111156463623047,1991.0,0.48483601212501526,8
c2_015,2,-90.068849,21.102802276611328,1991.0,0.6826097965240479,8
c2_016,2,-90.118162,21.135947,1991.0,0.15862324833869934,8
c2_017,2,-89.96214294433594,21.120587,1991.0,0.6082897782325745,8
c2_018,2,-89.981541,21.148343,1991.0,0.642461895942688,8
c2_019,2,-90.041364,21.101186,1991.0,0.5399442911148071,8
c2_020,2,-90.082592,21.10064697265625,1991.0,0.683152437210083,8
c2_021,2,-89.945163,21.161008,1991.0,0.6374260783195496,8
c2_022,2,-90.01280212402344,21.118162155151367,1991.0,0.6083624362945557,8
c2_023,2,-89.94165802001953,21.17879295349121,1991.0,0.5280031561851501,8
c2_024,2,-89.940043,21.179332,1991.0,0.6281165480613708,8
c2_025,2,-89.942199,21.169092178344727,1991.0,0.5189061164855957,8
c2_026,2,-90.04837036132812,21.15858268737793,1991.0,0.2084559202194214,8
c2_027,2,-90.018189,21.155078887939453,1991.0,0.41492658853530884,8
c2_028,2,-90.018998,21.118701,1991.0,0.5287557244300842,8
c2_029,2,-89.960253,21.166936,1991.0,0.7261972427368164,8
c2_030,2,-90.08636474609375,21.13918113708496,1991.0,0.6356143355369568,8
c2_031,2,-90.006871,21.167745,1991.0,0.12599949538707733,8
c2_032,2,-89.9599838256836,21.15750503540039,1991.0,0.49572330713272095,8
c2_033,2,-90.052412,21.115737,1991.0,0.6027420163154602,8
c2_034,2,-90.075586,21.099569,1991.0,0.581375241279602,8
c2_035,2,-90.108731,21.095796,1991.0,0.4888991713523865,8
c2_036,2,-90.026543,21.155078887939453,1991.0,0.6960787177085876,8
c2_037,2,-90.006871,21.131097,1991.0,0.6040204167366028,8
c2_038,2,-90.080167,21.099838256835938,1991.0,0.6465343236923218,8
c2_039,2,-89.947588,21.136486053466797,1991.0,0.6457247138023376,8
c2_040,2,-90.061304,21.10468864440918,1991.0,0.6274651288986206,8
c2_041,2,-90.075856,21.134868621826172,1991.0,0.5838109850883484,8
c2_042,2,-89.99959564208984,21.12004852294922,1991.0,0.5115640759468079,8
c2_043,2,-90.101725,21.08043670654297,1991.0,0.5514262318611145,8
c2_044,2,-90.026004,21.113851,1991.0,0.6177970170974731,8
c2_045,2,-90.118162,21.129209518432617,1991.0,0.5350795984268188,8
c2_046,2,-89.94139099121094,21.172056198120117,1991.0,0.6575376987457275,8
c2_047,2,-89.969685,21.1402587890625,1991.0,0.6786655187606812,8
c2_048,2,-90.1038818359375,21.095527,1991.0,0.5243447422981262,8
c2_049,2,-89.99231719970703,21.149690628051758,1991.0,0.48237672448158264,8
c2_050,2,-89.950822,21.121396,1991.0,0.4583006501197815,8
c3_045,3,-89.992859,21.161815643310547,1991.0,0.11350996792316437,8
c3_003,3,-90.034357,21.15858268737793,1991.0,0.15077057480812073,8
c3_026,3,-89.986931,21.149959564208984,1991.0,0.7313039302825928,8
c3_008,3,-90.084209,21.151576,1991.0,0.37544557452201843,8
c3_017,3,-89.970493,21.159929275512695,1991.0,0.5506361126899719,8
c3_004,3,-89.982619,21.180679,1991.0,0.6509807109832764,8
c3_040,3,-89.9742660522461,21.185529708862305,1991.0,0.7055461406707764,8
c3_024,3,-89.97722625732422,21.183913,1991.0,0.6451061964035034,8
c3_013,3,-89.995823,21.13837242126465,1991.0,0.6985546350479126,8
c3_018,3,-90.062113,21.107114,1991.0,0.6087112426757812,8
c3_007,3,-90.088521,21.146995,1991.0,0.26721569895744324,8
c3_014,3,-89.951361,21.199003219604492,1991.0,0.5655948519706726,8
c3_042,3,-89.950283,21.199003219604492,1991.0,0.5299246907234192,8
c3_029,3,-90.000135,21.137563705444336,1991.0,0.6465226411819458,8
c3_005,3,-90.003638,21.111964,1991.0,0.5686047673225403,8
c3_022,3,-90.005524,21.112503051757812,1991.0,0.46688321232795715,8
c3_002,3,-89.953786,21.197656,1991.0,0.5329819321632385,8
c3_015,3,-89.940852,21.162086486816406,1991.0,0.6694687604904175,8
c3_020,3,-90.016842,21.116006,1991.0,0.5060250759124756,8
c3_027,3,-89.982619,21.149421,1991.0,0.6470995545387268,8
c3_030,3,-89.942738,21.1674747467041,1991.0,0.6114634275436401,8
c3_050,3,-89.941929,21.168553,1991.0,0.4577959179878235,8
c3_009,3,-89.986392,21.149959564208984,1991.0,0.7172975540161133,8
c3_033,3,-90.039208,21.102802276611328,1991.0,0.4988273084163666,8
c3_038,3,-89.976152,21.169361114501953,1991.0,0.49185481667518616,8
c3_023,3,-89.97183990478516,21.169361114501953,1991.0,0.5176621675491333,8
c3_032,3,-90.00040435791016,21.138642,1991.0,0.5504323244094849,8
c3_046,3,-89.994476,21.137832641601562,1991.0,0.5230309367179871,8
c3_025,3,-89.947049,21.157235,1991.0,0.5845662355422974,8
c3_028,3,-89.976421,21.165858,1991.0,0.6158860325813293,8
c3_036,3,-89.95189666748047,21.162894,1991.0,0.47359487414360046,8
c3_021,3,-90.007141,21.131635665893555,1991.0,0.5936034917831421,8
c3_035,3,-90.000943,21.144569396972656,1991.0,0.6089711785316467,8
c3_037,3,-89.97183990478516,21.162086486816406,1991.0,0.6693304181098938,8
c3_039,3,-89.976691,21.168283462524414,1991.0,0.5684617757797241,8
c3_041,3,-89.973996,21.137563705444336,1991.0,0.6622225046157837,8
c3_034,3,-90.041364,21.1402587890625,1991.0,0.5299128293991089,8
c3_047,3,-90.028698,21.126246,1991.0,0.7074674367904663,8
c3_048,3,-90.030315,21.124359130859375,1991.0,0.6087982058525085,8
c3_011,3,-90.035974,21.099299,1991.0,0.5171130299568176,8
c3_001,3,-90.080437,21.100377,1991.0,0.5713828802108765,8
c3_006,3,-89.94677734375,21.202237,1991.0,0.539997398853302,8
c3_019,3,-89.958367,21.172056198120117,1991.0,0.6293070912361145,8
c3_031,3,-90.00740814208984,21.113042,1991.0,0.47690892219543457,8
c3_010,3,-90.01252746582031,21.114659,1991.0,0.6378726363182068,8
c3_012,3,-90.00768280029297,21.114389419555664,1991.0,0.45445960760116577,8
c3_016,3,-90.045675,21.097951889038086,1991.0,0.39281120896339417,8
c3_043,3,-89.967259,21.189841,1991.0,0.6577634811401367,8
c3_044,3,-90.046214,21.097413,1991.0,0.4570033550262451,8
c3_049,3,-90.016033,21.116006,1991.0,0.48360273241996765,8
c4_001,4,-90.002021,21.168822,1991.0,0.03483179584145546,8
c4_002,4,-90.013878,21.166397094726562,1991.0,-0.019524788483977318,8
c4_003,4,-90.040286,21.149421,1991.0,0.39955076575279236,8
c4_004,4,-89.94139099121094,21.181487,1991.0,0.08930226415395737,8
c4_005,4,-89.967529,21.183643341064453,1991.0,0.07404202222824097,8
c4_006,4,-89.943277,21.200620651245117,1991.0,0.12087918072938919,8
c4_007,4,-89.968068,21.171248,1991.0,-0.13603626191616058,8
c4_008,4,-90.035705,21.15346336364746,1991.0,0.19358345866203308,8
c4_009,4,-89.967798,21.179332,1991.0,0.05141188204288483,8
c4_010,4,-89.949205,21.194961,1991.0,0.03385751694440842,8
c4_011,4,-89.943007,21.202506,1991.0,-0.016790511086583138,8
c4_012,4,-89.945163,21.199811,1991.0,-0.020101167261600494,8
c4_013,4,-89.972379,21.174481,1991.0,0.10702677816152573,8
c4_014,4,-90.041633,21.148612,1991.0,0.34284621477127075,8
c4_015,4,-89.960792,21.190380096435547,1991.0,0.05503173917531967,8
c4_016,4,-89.958098,21.184452056884766,1991.0,-0.002848486416041851,8
c4_017,4,-90.074239,21.133790969848633,1991.0,0.460752934217453,8
c4_018,4,-89.950822,21.1922664642334,1991.0,0.1007210835814476,8
c4_019,4,-89.996901,21.149959564208984,1991.0,0.376174658536911,8
c4_020,4,-89.960523,21.186338424682617,1991.0,0.08485230803489685,8
c4_021,4,-89.9465103149414,21.185529708862305,1991.0,0.10513389855623245,8
c4_022,4,-89.957828,21.185529708862305,1991.0,-0.03575097396969795,8
c4_023,4,-90.035705,21.144301,1991.0,0.4680720269680023,8
c4_024,4,-90.022501,21.156966,1991.0,0.07399310171604156,8
c4_025,4,-89.981002,21.165319,1991.0,0.11051568388938904,8
c4_026,4,-90.027621,21.162355422973633,1991.0,-0.046351563185453415,8
c4_027,4,-89.949475,21.19415283203125,1991.0,-0.07776957750320435,8
c4_028,4,-89.940852,21.201428,1991.0,0.15054446458816528,8
c4_029,4,-89.961601,21.190919,1991.0,0.07035014778375626,8
c4_030,4,-90.041364,21.151576,1991.0,0.461431622505188,8
c4_031,4,-90.062382,21.153732299804688,1991.0,0.10253147780895233,8
c4_032,4,-89.944085,21.193883,1991.0,0.03933396562933922,8
c4_033,4,-89.981811,21.164511,1991.0,0.256852388381958,8
c4_034,4,-89.940313,21.199811,1991.0,0.0026085670106112957,8
c4_035,4,-90.072622,21.132714,1991.0,0.5034806728363037,8
c4_036,4,-89.942738,21.183643341064453,1991.0,0.15125298500061035,8
c4_037,4,-89.9742660522461,21.173673,1991.0,0.11146429181098938,8
c4_038,4,-89.966451,21.182565,1991.0,-0.0882750153541565,8
c4_039,4,-90.014147,21.163972,1991.0,-0.07183732837438583,8
c4_040,4,-89.944355,21.201428,1991.0,0.017272787168622017,8
c4_041,4,-90.011183,21.148881912231445,1991.0,0.3855966031551361,8
c4_042,4,-90.071814,21.131635665893555,1991.0,0.43421146273612976,8
c4_043,4,-90.11438751220703,21.11061668395996,1991.0,0.4844384789466858,8
c4_044,4,-89.956481,21.189302444458008,1991.0,0.1391671597957611,8
c4_045,4,-90.036513,21.153732299804688,1991.0,0.08796242624521255,8
c4_046,4,-89.98235321044922,21.169092178344727,1991.0,0.12202265113592148,8
c4_047,4,-89.992859,21.172864,1991.0,-0.05253954976797104,8
c4_048,4,-89.948127,21.191457748413086,1991.0,0.11735078692436218,8
c4_049,4,-90.1195068359375,21.108461380004883,1991.0,0.47815006971359253,8
c4_050,4,-90.094718,21.12301254272461,1991.0,0.4325670897960663,8
c5_045,5,-90.018998,21.166128158569336,1991.0,0.20056983828544617,8
c5_008,5,-90.034357,21.155618,1991.0,0.26481765508651733,8
c5_010,5,-89.957289,21.163703,1991.0,0.38773292303085327,8
c5_011,5,-90.004985,21.156696319580078,1991.0,0.1787199229001999,8
c5_012,5,-90.066424,21.154809951782227,1991.0,0.1222081184387207,8
c5_014,5,-90.006871,21.155887603759766,1991.0,0.1623624861240387,8
c5_016,5,-90.002829,21.15642738342285,1991.0,0.3059735596179962,8
c5_022,5,-90.044597,21.154809951782227,1991.0,0.3497076630592346,8
c5_024,5,-89.995284,21.15642738342285,1991.0,0.18988947570323944,8
c5_003,5,-90.056993,21.154541015625,1991.0,0.12470982223749161,8
c5_013,5,-90.020614,21.157235,1991.0,0.14840508997440338,8
c5_020,5,-90.027621,21.156966,1991.0,0.09301357716321945,8
c5_025,5,-90.03301239013672,21.15966033935547,1991.0,-0.06527180224657059,8
c5_034,5,-90.012261,21.166397094726562,1991.0,0.05580136552453041,8
c5_040,5,-90.069658,21.154541015625,1991.0,0.228695347905159,8
c5_041,5,-89.998787,21.156156539916992,1991.0,0.15418817102909088,8
c5_043,5,-90.113042,21.13729476928711,1991.0,0.3527655005455017,8
c5_002,5,-90.042172,21.156156539916992,1991.0,0.16016528010368347,8
c5_004,5,-90.034088,21.156966,1991.0,0.208147332072258,8
c5_001,5,-89.996093,21.155887603759766,1991.0,0.35867053270339966,8
c5_006,5,-90.035435,21.154809951782227,1991.0,0.16679789125919342,8
c5_015,5,-89.942738,21.172864,1991.0,0.482000470161438,8
c5_018,5,-90.0685806274414,21.152385,1991.0,0.24556204676628113,8
c5_026,5,-89.998248,21.172326,1991.0,0.4704321026802063,8
c5_033,5,-90.01980590820312,21.156966,1991.0,0.4023359715938568,8
c5_036,5,-90.041902,21.15750503540039,1991.0,0.25014951825141907,8
c5_039,5,-90.060496,21.15642738342285,1991.0,0.219370499253273,8
c5_005,5,-90.041633,21.159929275512695,1991.0,0.2254917323589325,8
c5_009,5,-90.038938,21.154271,1991.0,0.2550218999385834,8
c5_019,5,-90.057262,21.155349,1991.0,0.13008318841457367,8
c5_021,5,-90.089598,21.148073196411133,1991.0,0.35154613852500916,8
c5_030,5,-90.071814,21.151845932006836,1991.0,0.29450723528862,8
c5_031,5,-90.003099,21.155618,1991.0,0.499220609664917,8
c5_035,5,-90.095527,21.151845932006836,1991.0,0.40982598066329956,8
c5_037,5,-89.996632,21.160469,1991.0,0.2851416766643524,8
c5_023,5,-89.978038,21.180139541625977,1991.0,0.18925492465496063,8
c5_017,5,-90.040555,21.145917892456055,1991.0,0.32314854860305786,8
c5_027,5,-90.08879089355469,21.150768280029297,1991.0,0.4213370382785797,8
c5_047,5,-90.001213,21.154541015625,1991.0,0.6240218877792358,8
c5_048,5,-90.028429,21.156696319580078,1991.0,0.2932218015193939,8
c5_029,5,-90.090407,21.149421,1991.0,0.2833368480205536,8
c5_032,5,-90.079359,21.150768280029297,1991.0,0.2768310010433197,8
c5_038,5,-90.04082489013672,21.156966,1991.0,0.23788173496723175,8
c5_046,5,-90.067233,21.152114868164062,1991.0,0.21675795316696167,8
c5_028,5,-90.095527,21.150499,1991.0,0.40396997332572937,8
c5_044,5,-89.973188,21.183374404907227,1991.0,0.3093598186969757,8
c5_042,5,-90.08124542236328,21.149421,1991.0,0.3483509123325348,8
c5_007,5,-90.021962,21.143491744995117,1991.0,0.539591372013092,8
c10_001,3,-90.028968,21.158313,1991.0,0.13336367905139923,8
c10_005,3,-89.954594,21.163972,1991.0,0.41111621260643005,8
c10_002,3,-90.033549,21.15858268737793,1991.0,0.10782241821289062,8
c10_003,3,-90.030046,21.158044,1991.0,0.17218726873397827,8
c10_004,3,-90.029507,21.157773971557617,1991.0,0.20535141229629517,8
c10_006,3,-90.03301239013672,21.159122467041016,1991.0,-0.20852215588092804,8
c10_007,3,-90.03301239013672,21.158044,1991.0,0.18575109541416168,8
c10_009,3,-90.032741,21.15858268737793,1991.0,0.19183357059955597,8
c10_010,3,-90.030585,21.158044,1991.0,0.1623445302248001,8
c10_008,3,-89.95405578613281,21.163972,1991.0,0.3664742112159729,8
c1_051,1,-90.064538,21.118162155151367,1991.0,0.5139597058296204,8
c1_052,1,-90.05322265625,21.112234115600586,1991.0,0.5462627410888672,8
c1_053,1,-90.068041,21.142953,1991.0,0.5211950540542603,8
c1_054,1,-90.00040435791016,21.124359130859375,1991.0,0.5048193335533142,8
c1_055,1,-90.049178,21.1402587890625,1991.0,0.555116593837738,8
c2_051,2,-90.111695,21.123821258544922,1991.0,0.43305861949920654,8
c2_052,2,-90.02277374267578,21.139720916748047,1991.0,0.41645869612693787,8
c2_053,2,-89.941929,21.138911,1991.0,0.6681966185569763,8
c2_054,2,-89.950013,21.130019,1991.0,0.745011568069458,8
c2_055,2,-90.106306,21.128941,1991.0,0.5367591381072998,8
c3_062,3,-90.086634,21.149690628051758,1991.0,0.3385661542415619,8
c3_051,3,-90.010914,21.144301,1991.0,0.6832072734832764,8
c3_055,3,-90.079359,21.150499,1991.0,0.30151811242103577,8
c3_058,3,-90.000943,21.171248,1991.0,0.32515549659729004,8
c3_052,3,-90.094179,21.114929,1991.0,0.5655516982078552,8
c3_059,3,-90.039208,21.1402587890625,1991.0,0.6330867409706116,8
c3_053,3,-90.013608,21.152114868164062,1991.0,0.7266747355461121,8
c3_060,3,-89.958906,21.12489891052246,1991.0,0.7787322402000427,8
c3_057,3,-90.058071,21.159929275512695,1991.0,0.4718964695930481,8
c3_061,3,-89.973457,21.138911,1991.0,0.6500257849693298,8
c3_064,3,-89.989625,21.149959564208984,1991.0,0.5288830995559692,8
c3_063,3,-90.030046,21.125707,1991.0,0.6016637086868286,8
c3_065,3,-89.972379,21.162086486816406,1991.0,0.6990289092063904,8
c3_054,3,-90.029237,21.101455,1991.0,0.502555251121521,8
c3_056,3,-90.008758,21.114120483398438,1991.0,0.5091832280158997,8
c4_051,4,-89.958906,21.191997,1991.0,0.1036025658249855,8
c4_052,4,-89.957828,21.178254,1991.0,0.1250150203704834,8
c4_053,4,-89.994476,21.172864,1991.0,-0.019207468256354332,8
c4_054,4,-89.994745,21.168822,1991.0,-0.08211753517389297,8
c4_055,4,-90.0025634765625,21.169631,1991.0,-0.06932432949542999,8
c1_001,1,-90.056184,21.12301254272461,1992.0,0.6190780997276306,18
c1_002,1,-89.984506,21.126246,1992.0,0.6017413139343262,18
c1_003,1,-90.070197,21.140798,1992.0,0.5468785762786865,18
c1_004,1,-90.057801,21.145648,1992.0,0.7289834022521973,18
c1_005,1,-90.024926,21.145379,1992.0,0.6013070344924927,18
c1_006,1,-89.979386,21.130288,1992.0,0.6355969309806824,18
c1_007,1,-90.08636474609375,21.137025,1992.0,0.5570018291473389,18
c1_008,1,-89.952169,21.14322280883789,1992.0,0.5959618091583252,18
c1_009,1,-90.055106,21.138911,1992.0,0.49153563380241394,18
c1_010,1,-89.945702,21.14322280883789,1992.0,0.597858726978302,18
c1_011,1,-89.958098,21.149151,1992.0,0.694084107875824,18
c1_012,1,-90.036783,21.117354,1992.0,0.7551606297492981,18
c1_013,1,-90.113042,21.085018157958984,1992.0,0.7575213313102722,18
c1_014,1,-89.944085,21.154002,1992.0,0.7437407970428467,18
c1_015,1,-90.065885,21.113581,1992.0,0.6453715562820435,18
c1_016,1,-90.064538,21.121126174926758,1992.0,0.6273865103721619,18
c1_017,1,-90.01280212402344,21.122474,1992.0,0.6835443377494812,18
c1_018,1,-90.013608,21.150499,1992.0,0.744808554649353,18
c1_019,1,-90.075856,21.141876220703125,1992.0,0.6840599179267883,18
c1_020,1,-90.063729,21.119510650634766,1992.0,0.5888549089431763,18
c1_021,1,-90.112234,21.128671646118164,1992.0,0.32379716634750366,18
c1_022,1,-89.970224,21.131635665893555,1992.0,0.5794107913970947,18
c1_023,1,-90.049448,21.111425399780273,1992.0,0.6379913091659546,18
c1_024,1,-90.076933,21.135408401489258,1992.0,0.6430777311325073,18
c1_025,1,-90.09391021728516,21.143762,1992.0,0.6123756170272827,18
c1_026,1,-89.940852,21.145917892456055,1992.0,0.6380603313446045,18
c1_027,1,-89.945163,21.154002,1992.0,0.6304081082344055,18
c1_028,1,-90.098491,21.127324,1992.0,0.6888266801834106,18
c1_029,1,-90.003368,21.149421,1992.0,0.6530771255493164,18
c1_030,1,-89.972918,21.124629,1992.0,0.6672524213790894,18
c1_031,1,-90.003907,21.124359130859375,1992.0,0.5657860040664673,18
c1_032,1,-90.066694,21.0987606048584,1992.0,0.7232266664505005,18
c1_033,1,-89.994745,21.123552322387695,1992.0,0.6253969669342041,18
c1_034,1,-90.08879089355469,21.142953,1992.0,0.39838075637817383,18
c1_035,1,-90.063191,21.110887,1992.0,0.6668946743011475,18
c1_036,1,-89.960523,21.137563705444336,1992.0,0.7146204113960266,18
c1_037,1,-90.094179,21.093371,1992.0,0.6823456883430481,18
c1_038,1,-90.0025634765625,21.122743,1992.0,0.6235176920890808,18
c1_039,1,-90.051334,21.132714,1992.0,0.592203676700592,18
c1_040,1,-90.066694,21.13837242126465,1992.0,0.5491094589233398,18
c1_041,1,-90.116815,21.0882511138916,1992.0,0.7294335961341858,18
c1_042,1,-90.057801,21.148612,1992.0,0.7023096680641174,18
c1_043,1,-90.080706,21.141876220703125,1992.0,0.42322680354118347,18
c1_044,1,-89.947319,21.188493728637695,1992.0,0.6353232264518738,18
c1_045,1,-89.981811,21.124091,1992.0,0.7237940430641174,18
c1_046,1,-90.058879,21.128671646118164,1992.0,0.5587354302406311,18
c1_047,1,-90.075317,21.10361099243164,1992.0,0.6547874808311462,18
c1_048,1,-90.003638,21.150768280029297,1992.0,0.6011393666267395,18
c1_049,1,-90.026543,21.122743,1992.0,0.7025498747825623,18
c1_050,1,-90.108731,21.117623,1992.0,0.7110914587974548,18
c2_001,2,-89.960253,21.154002,1992.0,0.5818958878517151,18
c2_002,2,-90.117623,21.133522033691406,1992.0,0.3695458173751831,18
c2_003,2,-90.07881927490234,21.09229278564453,1992.0,0.7137248516082764,18
c2_004,2,-89.978847,21.15022850036621,1992.0,0.7224428057670593,18
c2_005,2,-90.089329,21.09364128112793,1992.0,0.769644558429718,18
c2_006,2,-90.11412048339844,21.100377,1992.0,0.6502813696861267,18
c2_007,2,-90.106036,21.131635665893555,1992.0,0.46428245306015015,18
c2_008,2,-90.001213,21.145379,1992.0,0.7210241556167603,18
c2_009,2,-89.963217,21.183913,1992.0,0.2346813827753067,18
c2_010,2,-90.10226440429688,21.144301,1992.0,0.37661013007164,18
c2_011,2,-89.958636,21.125438,1992.0,0.6402158737182617,18
c2_012,2,-90.097413,21.149959564208984,1992.0,0.40498462319374084,18
c2_013,2,-90.100647,21.106845,1992.0,0.6341655850410461,18
c2_014,2,-90.04594421386719,21.111156463623047,1992.0,0.57317715883255,18
c2_015,2,-90.068849,21.102802276611328,1992.0,0.7953041195869446,18
c2_016,2,-90.118162,21.135947,1992.0,0.27008724212646484,18
c2_017,2,-89.96214294433594,21.120587,1992.0,0.7638759613037109,18
c2_018,2,-89.981541,21.148343,1992.0,0.5448598265647888,18
c2_019,2,-90.041364,21.101186,1992.0,0.6924712657928467,18
c2_020,2,-90.082592,21.10064697265625,1992.0,0.7474955916404724,18
c2_021,2,-89.945163,21.161008,1992.0,0.6517723798751831,18
c2_022,2,-90.01280212402344,21.118162155151367,1992.0,0.7213352918624878,18
c2_023,2,-89.94165802001953,21.17879295349121,1992.0,0.4439943730831146,18
c2_024,2,-89.940043,21.179332,1992.0,0.5226258635520935,18
c2_025,2,-89.942199,21.169092178344727,1992.0,0.5469896197319031,18
c2_026,2,-90.04837036132812,21.15858268737793,1992.0,0.23303140699863434,18
c2_027,2,-90.018189,21.155078887939453,1992.0,0.5653629899024963,18
c2_028,2,-90.018998,21.118701,1992.0,0.6507550477981567,18
c2_029,2,-89.960253,21.166936,1992.0,0.7691247463226318,18
c2_030,2,-90.08636474609375,21.13918113708496,1992.0,0.49443984031677246,18
c2_031,2,-90.006871,21.167745,1992.0,0.29541993141174316,18
c2_032,2,-89.9599838256836,21.15750503540039,1992.0,0.47656261920928955,18
c2_033,2,-90.052412,21.115737,1992.0,0.6763941049575806,18
c2_034,2,-90.075586,21.099569,1992.0,0.689328670501709,18
c2_035,2,-90.108731,21.095796,1992.0,0.6169756054878235,18
c2_036,2,-90.026543,21.155078887939453,1992.0,0.7431265711784363,18
c2_037,2,-90.006871,21.131097,1992.0,0.6327531933784485,18
c2_038,2,-90.080167,21.099838256835938,1992.0,0.7613402009010315,18
c2_039,2,-89.947588,21.136486053466797,1992.0,0.6570459604263306,18
c2_040,2,-90.061304,21.10468864440918,1992.0,0.7505164742469788,18
c2_041,2,-90.075856,21.134868621826172,1992.0,0.6902891397476196,18
c2_042,2,-89.99959564208984,21.12004852294922,1992.0,0.6437340378761292,18
c2_043,2,-90.101725,21.08043670654297,1992.0,0.7171298265457153,18
c2_044,2,-90.026004,21.113851,1992.0,0.6184288859367371,18
c2_045,2,-90.118162,21.129209518432617,1992.0,0.52155601978302,18
c2_046,2,-89.94139099121094,21.172056198120117,1992.0,0.5926990509033203,18
c2_047,2,-89.969685,21.1402587890625,1992.0,0.7372318506240845,18
c2_048,2,-90.1038818359375,21.095527,1992.0,0.6440310478210449,18
c2_049,2,-89.99231719970703,21.149690628051758,1992.0,0.532019317150116,18
c2_050,2,-89.950822,21.121396,1992.0,0.7457535862922668,18
c3_045,3,-89.992859,21.161815643310547,1992.0,0.11646068841218948,18
c3_003,3,-90.034357,21.15858268737793,1992.0,0.22787627577781677,18
c3_026,3,-89.986931,21.149959564208984,1992.0,0.7888209819793701,18
c3_008,3,-90.084209,21.151576,1992.0,0.18529918789863586,18
c3_017,3,-89.970493,21.159929275512695,1992.0,0.5274901390075684,18
c3_004,3,-89.982619,21.180679,1992.0,0.7838905453681946,18
c3_040,3,-89.9742660522461,21.185529708862305,1992.0,0.7645359039306641,18
c3_024,3,-89.97722625732422,21.183913,1992.0,0.7437407970428467,18
c3_013,3,-89.995823,21.13837242126465,1992.0,0.6736102104187012,18
c3_018,3,-90.062113,21.107114,1992.0,0.8044929504394531,18
c3_007,3,-90.088521,21.146995,1992.0,0.17143064737319946,18
c3_014,3,-89.951361,21.199003219604492,1992.0,0.5153192281723022,18
c3_042,3,-89.950283,21.199003219604492,1992.0,0.5243484377861023,18
c3_029,3,-90.000135,21.137563705444336,1992.0,0.6635661125183105,18
c3_005,3,-90.003638,21.111964,1992.0,0.6324606537818909,18
c3_022,3,-90.005524,21.112503051757812,1992.0,0.6369494199752808,18
c3_002,3,-89.953786,21.197656,1992.0,0.5384206175804138,18
c3_015,3,-89.940852,21.162086486816406,1992.0,0.6866442561149597,18
c3_020,3,-90.016842,21.116006,1992.0,0.6777662634849548,18
c3_027,3,-89.982619,21.149421,1992.0,0.6112045049667358,18
c3_030,3,-89.942738,21.1674747467041,1992.0,0.6712515950202942,18
c3_050,3,-89.941929,21.168553,1992.0,0.5157560706138611,18
c3_009,3,-89.986392,21.149959564208984,1992.0,0.7722696661949158,18
c3_033,3,-90.039208,21.102802276611328,1992.0,0.6953977346420288,18
c3_038,3,-89.976152,21.169361114501953,1992.0,0.5265211462974548,18
c3_023,3,-89.97183990478516,21.169361114501953,1992.0,0.5827947854995728,18
c3_032,3,-90.00040435791016,21.138642,1992.0,0.6461669206619263,18
c3_046,3,-89.994476,21.137832641601562,1992.0,0.5368896722793579,18
c3_025,3,-89.947049,21.157235,1992.0,0.7074224352836609,18
c3_028,3,-89.976421,21.165858,1992.0,0.6772814393043518,18
c3_036,3,-89.95189666748047,21.162894,1992.0,0.5473175048828125,18
c3_021,3,-90.007141,21.131635665893555,1992.0,0.6107165217399597,18
c3_035,3,-90.000943,21.144569396972656,1992.0,0.7035380601882935,18
c3_037,3,-89.97183990478516,21.162086486816406,1992.0,0.7364190816879272,18
c3_039,3,-89.976691,21.168283462524414,1992.0,0.6007865071296692,18
c3_041,3,-89.973996,21.137563705444336,1992.0,0.6701611876487732,18
c3_034,3,-90.041364,21.1402587890625,1992.0,0.5863929390907288,18
c3_047,3,-90.028698,21.126246,1992.0,0.7597255706787109,18
c3_048,3,-90.030315,21.124359130859375,1992.0,0.719965398311615,18
c3_011,3,-90.035974,21.099299,1992.0,0.6689743995666504,18
c3_001,3,-90.080437,21.100377,1992.0,0.7014085054397583,18
c3_006,3,-89.94677734375,21.202237,1992.0,0.7582247257232666,18
c3_019,3,-89.958367,21.172056198120117,1992.0,0.6685114502906799,18
c3_031,3,-90.00740814208984,21.113042,1992.0,0.7145398855209351,18
c3_010,3,-90.01252746582031,21.114659,1992.0,0.7331072688102722,18
c3_012,3,-90.00768280029297,21.114389419555664,1992.0,0.6172434091567993,18
c3_016,3,-90.045675,21.097951889038086,1992.0,0.608710765838623,18
c3_043,3,-89.967259,21.189841,1992.0,0.7178245782852173,18
c3_044,3,-90.046214,21.097413,1992.0,0.6603887677192688,18
c3_049,3,-90.016033,21.116006,1992.0,0.6474618911743164,18
c4_001,4,-90.002021,21.168822,1992.0,0.1410873681306839,18
c4_002,4,-90.013878,21.166397094726562,1992.0,0.12646417319774628,18
c4_003,4,-90.040286,21.149421,1992.0,0.4635440707206726,18
c4_004,4,-89.94139099121094,21.181487,1992.0,0.11709372699260712,18
c4_005,4,-89.967529,21.183643341064453,1992.0,0.16714000701904297,18
c4_006,4,-89.943277,21.200620651245117,1992.0,0.11782136559486389,18
c4_007,4,-89.968068,21.171248,1992.0,0.10802387446165085,18
c4_008,4,-90.035705,21.15346336364746,1992.0,0.26015982031822205,18
c4_009,4,-89.967798,21.179332,1992.0,0.14779120683670044,18
c4_010,4,-89.949205,21.194961,1992.0,0.11884079873561859,18
c4_011,4,-89.943007,21.202506,1992.0,0.14180752635002136,18
c4_012,4,-89.945163,21.199811,1992.0,0.09984302520751953,18
c4_013,4,-89.972379,21.174481,1992.0,0.13085106015205383,18
c4_014,4,-90.041633,21.148612,1992.0,0.3314248025417328,18
c4_015,4,-89.960792,21.190380096435547,1992.0,0.09933627396821976,18
c4_016,4,-89.958098,21.184452056884766,1992.0,0.22704724967479706,18
c4_017,4,-90.074239,21.133790969848633,1992.0,0.47067591547966003,18
c4_018,4,-89.950822,21.1922664642334,1992.0,0.22247371077537537,18
c4_019,4,-89.996901,21.149959564208984,1992.0,0.3139056861400604,18
c4_020,4,-89.960523,21.186338424682617,1992.0,0.08701562136411667,18
c4_021,4,-89.9465103149414,21.185529708862305,1992.0,0.09687891602516174,18
c4_022,4,-89.957828,21.185529708862305,1992.0,0.12843969464302063,18
c4_023,4,-90.035705,21.144301,1992.0,0.5189657807350159,18
c4_024,4,-90.022501,21.156966,1992.0,0.13618063926696777,18
c4_025,4,-89.981002,21.165319,1992.0,0.1604858934879303,18
c4_026,4,-90.027621,21.162355422973633,1992.0,0.08657433092594147,18
c4_027,4,-89.949475,21.19415283203125,1992.0,0.022085517644882202,18
c4_028,4,-89.940852,21.201428,1992.0,0.10913688689470291,18
c4_029,4,-89.961601,21.190919,1992.0,0.11397722363471985,18
c4_030,4,-90.041364,21.151576,1992.0,0.4944877028465271,18
c4_031,4,-90.062382,21.153732299804688,1992.0,0.09480926394462585,18
c4_032,4,-89.944085,21.193883,1992.0,0.13507682085037231,18
c4_033,4,-89.981811,21.164511,1992.0,0.25531449913978577,18
c4_034,4,-89.940313,21.199811,1992.0,0.11404701322317123,18
c4_035,4,-90.072622,21.132714,1992.0,0.5060790777206421,18
c4_036,4,-89.942738,21.183643341064453,1992.0,0.13347426056861877,18
c4_037,4,-89.9742660522461,21.173673,1992.0,0.16112345457077026,18
c4_038,4,-89.966451,21.182565,1992.0,0.1218683198094368,18
c4_039,4,-90.014147,21.163972,1992.0,0.07721687853336334,18
c4_040,4,-89.944355,21.201428,1992.0,0.13947869837284088,18
c4_041,4,-90.011183,21.148881912231445,1992.0,0.47515928745269775,18
c4_042,4,-90.071814,21.131635665893555,1992.0,0.48186078667640686,18
c4_043,4,-90.11438751220703,21.11061668395996,1992.0,0.5913230776786804,18
c4_044,4,-89.956481,21.189302444458008,1992.0,0.11603157967329025,18
c4_045,4,-90.036513,21.153732299804688,1992.0,0.178108349442482,18
c4_046,4,-89.98235321044922,21.169092178344727,1992.0,0.274248868227005,18
c4_047,4,-89.992859,21.172864,1992.0,0.17649954557418823,18
c4_048,4,-89.948127,21.191457748413086,1992.0,0.17749792337417603,18
c4_049,4,-90.1195068359375,21.108461380004883,1992.0,0.46969088912010193,18
c4_050,4,-90.094718,21.12301254272461,1992.0,0.3649528920650482,18
c5_045,5,-90.018998,21.166128158569336,1992.0,0.21383804082870483,18
c5_008,5,-90.034357,21.155618,1992.0,0.22213222086429596,18
c5_010,5,-89.957289,21.163703,1992.0,0.31183746457099915,18
c5_011,5,-90.004985,21.156696319580078,1992.0,0.17766642570495605,18
c5_012,5,-90.066424,21.154809951782227,1992.0,0.10250892490148544,18
c5_014,5,-90.006871,21.155887603759766,1992.0,0.18459896743297577,18
c5_016,5,-90.002829,21.15642738342285,1992.0,0.23336641490459442,18
c5_022,5,-90.044597,21.154809951782227,1992.0,0.2541379928588867,18
c5_024,5,-89.995284,21.15642738342285,1992.0,0.1611112654209137,18
c5_003,5,-90.056993,21.154541015625,1992.0,0.10065437108278275,18
c5_013,5,-90.020614,21.157235,1992.0,0.1710553616285324,18
c5_020,5,-90.027621,21.156966,1992.0,0.16991855204105377,18
c5_025,5,-90.03301239013672,21.15966033935547,1992.0,0.11697977036237717,18
c5_034,5,-90.012261,21.166397094726562,1992.0,0.11694786697626114,18
c5_040,5,-90.069658,21.154541015625,1992.0,0.15620993077754974,18
c5_041,5,-89.998787,21.156156539916992,1992.0,0.17317892611026764,18
c5_043,5,-90.113042,21.13729476928711,1992.0,0.29572731256484985,18
c5_002,5,-90.042172,21.156156539916992,1992.0,0.20979316532611847,18
c5_004,5,-90.034088,21.156966,1992.0,0.22449050843715668,18
c5_001,5,-89.996093,21.155887603759766,1992.0,0.24990954995155334,18
c5_006,5,-90.035435,21.154809951782227,1992.0,0.1796877533197403,18
c5_015,5,-89.942738,21.172864,1992.0,0.3598964810371399,18
c5_018,5,-90.0685806274414,21.152385,1992.0,0.21437962353229523,18
c5_026,5,-89.998248,21.172326,1992.0,0.6447504162788391,18
c5_033,5,-90.01980590820312,21.156966,1992.0,0.24658216536045074,18
c5_036,5,-90.041902,21.15750503540039,1992.0,0.2656536102294922,18
c5_039,5,-90.060496,21.15642738342285,1992.0,0.19435082376003265,18
c5_005,5,-90.041633,21.159929275512695,1992.0,0.32335585355758667,18
c5_009,5,-90.038938,21.154271,1992.0,0.26099520921707153,18
c5_019,5,-90.057262,21.155349,1992.0,0.12983350455760956,18
c5_021,5,-90.089598,21.148073196411133,1992.0,0.18065693974494934,18
c5_030,5,-90.071814,21.151845932006836,1992.0,0.21586616337299347,18
c5_031,5,-90.003099,21.155618,1992.0,0.2823781967163086,18
c5_035,5,-90.095527,21.151845932006836,1992.0,0.2404668629169464,18
c5_037,5,-89.996632,21.160469,1992.0,0.24700984358787537,18
c5_023,5,-89.978038,21.180139541625977,1992.0,0.25448936223983765,18
c5_017,5,-90.040555,21.145917892456055,1992.0,0.4030415713787079,18
c5_027,5,-90.08879089355469,21.150768280029297,1992.0,0.31054767966270447,18
c5_047,5,-90.001213,21.154541015625,1992.0,0.5409559011459351,18
c5_048,5,-90.028429,21.156696319580078,1992.0,0.23623788356781006,18
c5_029,5,-90.090407,21.149421,1992.0,0.259904682636261,18
c5_032,5,-90.079359,21.150768280029297,1992.0,0.2654401361942291,18
c5_038,5,-90.04082489013672,21.156966,1992.0,0.22513574361801147,18
c5_046,5,-90.067233,21.152114868164062,1992.0,0.21519835293293,18
c5_028,5,-90.095527,21.150499,1992.0,0.27512267231941223,18
c5_044,5,-89.973188,21.183374404907227,1992.0,0.35768216848373413,18
c5_042,5,-90.08124542236328,21.149421,1992.0,0.24257442355155945,18
c5_007,5,-90.021962,21.143491744995117,1992.0,0.6283454895019531,18
c10_001,3,-90.028968,21.158313,1992.0,0.152558371424675,18
c10_005,3,-89.954594,21.163972,1992.0,0.33135896921157837,18
c10_002,3,-90.033549,21.15858268737793,1992.0,0.23517368733882904,18
c10_003,3,-90.030046,21.158044,1992.0,0.21551400423049927,18
c10_004,3,-90.029507,21.157773971557617,1992.0,0.207716166973114,18
c10_006,3,-90.03301239013672,21.159122467041016,1992.0,0.2075335532426834,18
c10_007,3,-90.03301239013672,21.158044,1992.0,0.19327659904956818,18
c10_009,3,-90.032741,21.15858268737793,1992.0,0.2282843142747879,18
c10_010,3,-90.030585,21.158044,1992.0,0.209516704082489,18
c10_008,3,-89.95405578613281,21.163972,1992.0,0.32230567932128906,18
c1_051,1,-90.064538,21.118162155151367,1992.0,0.5527232885360718,18
c1_052,1,-90.05322265625,21.112234115600586,1992.0,0.6848486661911011,18
c1_053,1,-90.068041,21.142953,1992.0,0.532967746257782,18
c1_054,1,-90.00040435791016,21.124359130859375,1992.0,0.5798242092132568,18
c1_055,1,-90.049178,21.1402587890625,1992.0,0.6597612500190735,18
c2_051,2,-90.111695,21.123821258544922,1992.0,0.41762298345565796,18
c2_052,2,-90.02277374267578,21.139720916748047,1992.0,0.5537281036376953,18
c2_053,2,-89.941929,21.138911,1992.0,0.7101846933364868,18
c2_054,2,-89.950013,21.130019,1992.0,0.7149813771247864,18
c2_055,2,-90.106306,21.128941,1992.0,0.46558839082717896,18
c3_062,3,-90.086634,21.149690628051758,1992.0,0.23495955765247345,18
c3_051,3,-90.010914,21.144301,1992.0,0.7301071286201477,18
c3_055,3,-90.079359,21.150499,1992.0,0.2740519046783447,18
c3_058,3,-90.000943,21.171248,1992.0,0.522318959236145,18
c3_052,3,-90.094179,21.114929,1992.0,0.6097609996795654,18
c3_059,3,-90.039208,21.1402587890625,1992.0,0.4326155483722687,18
c3_053,3,-90.013608,21.152114868164062,1992.0,0.767182469367981,18
c3_060,3,-89.958906,21.12489891052246,1992.0,0.7740599513053894,18
c3_057,3,-90.058071,21.159929275512695,1992.0,0.6168597340583801,18
c3_061,3,-89.973457,21.138911,1992.0,0.7136650085449219,18
c3_064,3,-89.989625,21.149959564208984,1992.0,0.5745288729667664,18
c3_063,3,-90.030046,21.125707,1992.0,0.7062526345252991,18
c3_065,3,-89.972379,21.162086486816406,1992.0,0.745629072189331,18
c3_054,3,-90.029237,21.101455,1992.0,0.666711151599884,18
c3_056,3,-90.008758,21.114120483398438,1992.0,0.6900336742401123,18
c4_051,4,-89.958906,21.191997,1992.0,0.12115616351366043,18
c4_052,4,-89.957828,21.178254,1992.0,0.17777608335018158,18
c4_053,4,-89.994476,21.172864,1992.0,0.13818930089473724,18
c4_054,4,-89.994745,21.168822,1992.0,0.04918837919831276,18
c4_055,4,-90.0025634765625,21.169631,1992.0,0.054209817200899124,18
c1_001,1,-90.056184,21.12301254272461,1993.0,0.6790370345115662,50
c1_002,1,-89.984506,21.126246,1993.0,0.7161439657211304,50
c1_003,1,-90.070197,21.140798,1993.0,0.6262942552566528,50
c1_004,1,-90.057801,21.145648,1993.0,0.7341393828392029,50
c1_005,1,-90.024926,21.145379,1993.0,0.5725409984588623,50
c1_006,1,-89.979386,21.130288,1993.0,0.6866106390953064,50
c1_007,1,-90.08636474609375,21.137025,1993.0,0.6594724059104919,50
c1_008,1,-89.952169,21.14322280883789,1993.0,0.7356797456741333,50
c1_009,1,-90.055106,21.138911,1993.0,0.5321909189224243,50
c1_010,1,-89.945702,21.14322280883789,1993.0,0.7109264731407166,50
c1_011,1,-89.958098,21.149151,1993.0,0.7134805917739868,50
c1_012,1,-90.036783,21.117354,1993.0,0.7588404417037964,50
c1_013,1,-90.113042,21.085018157958984,1993.0,0.7537090182304382,50
c1_014,1,-89.944085,21.154002,1993.0,0.7624679207801819,50
c1_015,1,-90.065885,21.113581,1993.0,0.6756819486618042,50
c1_016,1,-90.064538,21.121126174926758,1993.0,0.6651980876922607,50
c1_017,1,-90.01280212402344,21.122474,1993.0,0.7167499661445618,50
c1_018,1,-90.013608,21.150499,1993.0,0.7542639970779419,50
c1_019,1,-90.075856,21.141876220703125,1993.0,0.7192019820213318,50
c1_020,1,-90.063729,21.119510650634766,1993.0,0.6509374976158142,50
c1_021,1,-90.112234,21.128671646118164,1993.0,0.4822075366973877,50
c1_022,1,-89.970224,21.131635665893555,1993.0,0.6512614488601685,50
c1_023,1,-90.049448,21.111425399780273,1993.0,0.6574068665504456,50
c1_024,1,-90.076933,21.135408401489258,1993.0,0.7011687755584717,50
c1_025,1,-90.09391021728516,21.143762,1993.0,0.7284866571426392,50
c1_026,1,-89.940852,21.145917892456055,1993.0,0.7259125113487244,50
c1_027,1,-89.945163,21.154002,1993.0,0.730054497718811,50
c1_028,1,-90.098491,21.127324,1993.0,0.6925451159477234,50
c1_029,1,-90.003368,21.149421,1993.0,0.6416159868240356,50
c1_030,1,-89.972918,21.124629,1993.0,0.7268111109733582,50
c1_031,1,-90.003907,21.124359130859375,1993.0,0.6894211769104004,50
c1_032,1,-90.066694,21.0987606048584,1993.0,0.7195155024528503,50
c1_033,1,-89.994745,21.123552322387695,1993.0,0.6456094980239868,50
c1_034,1,-90.08879089355469,21.142953,1993.0,0.5769652724266052,50
c1_035,1,-90.063191,21.110887,1993.0,0.6699570417404175,50
c1_036,1,-89.960523,21.137563705444336,1993.0,0.6931033134460449,50
c1_037,1,-90.094179,21.093371,1993.0,0.731228768825531,50
c1_038,1,-90.0025634765625,21.122743,1993.0,0.6999008655548096,50
c1_039,1,-90.051334,21.132714,1993.0,0.6296465992927551,50
c1_040,1,-90.066694,21.13837242126465,1993.0,0.5436230301856995,50
c1_041,1,-90.116815,21.0882511138916,1993.0,0.7275535464286804,50
c1_042,1,-90.057801,21.148612,1993.0,0.7767782807350159,50
c1_043,1,-90.080706,21.141876220703125,1993.0,0.6191045641899109,50
c1_044,1,-89.947319,21.188493728637695,1993.0,0.7190243005752563,50
c1_045,1,-89.981811,21.124091,1993.0,0.7186458706855774,50
c1_046,1,-90.058879,21.128671646118164,1993.0,0.5725244879722595,50
c1_047,1,-90.075317,21.10361099243164,1993.0,0.7660175561904907,50
c1_048,1,-90.003638,21.150768280029297,1993.0,0.7100135087966919,50
c1_049,1,-90.026543,21.122743,1993.0,0.7605246305465698,50
c1_050,1,-90.108731,21.117623,1993.0,0.7135311365127563,50
c2_001,2,-89.960253,21.154002,1993.0,0.6556433439254761,50
c2_002,2,-90.117623,21.133522033691406,1993.0,0.5453072786331177,50
c2_003,2,-90.07881927490234,21.09229278564453,1993.0,0.6903483271598816,50
c2_004,2,-89.978847,21.15022850036621,1993.0,0.7132270336151123,50
c2_005,2,-90.089329,21.09364128112793,1993.0,0.7571015954017639,50
c2_006,2,-90.11412048339844,21.100377,1993.0,0.681348979473114,50
c2_007,2,-90.106036,21.131635665893555,1993.0,0.6392574906349182,50
c2_008,2,-90.001213,21.145379,1993.0,0.7158994674682617,50
c2_009,2,-89.963217,21.183913,1993.0,0.3665353059768677,50
c2_010,2,-90.10226440429688,21.144301,1993.0,0.5438166260719299,50
c2_011,2,-89.958636,21.125438,1993.0,0.6811544299125671,50
c2_012,2,-90.097413,21.149959564208984,1993.0,0.5346226692199707,50
c2_013,2,-90.100647,21.106845,1993.0,0.6613861918449402,50
c2_014,2,-90.04594421386719,21.111156463623047,1993.0,0.5891064405441284,50
c2_015,2,-90.068849,21.102802276611328,1993.0,0.7733744382858276,50
c2_016,2,-90.118162,21.135947,1993.0,0.48051759600639343,50
c2_017,2,-89.96214294433594,21.120587,1993.0,0.7316651344299316,50
c2_018,2,-89.981541,21.148343,1993.0,0.6046950817108154,50
c2_019,2,-90.041364,21.101186,1993.0,0.7293252944946289,50
c2_020,2,-90.082592,21.10064697265625,1993.0,0.725541353225708,50
c2_021,2,-89.945163,21.161008,1993.0,0.6351273059844971,50
c2_022,2,-90.01280212402344,21.118162155151367,1993.0,0.7169344425201416,50
c2_023,2,-89.94165802001953,21.17879295349121,1993.0,0.5561010241508484,50
c2_024,2,-89.940043,21.179332,1993.0,0.6145046353340149,50
c2_025,2,-89.942199,21.169092178344727,1993.0,0.6510988473892212,50
c2_026,2,-90.04837036132812,21.15858268737793,1993.0,0.44117996096611023,50
c2_027,2,-90.018189,21.155078887939453,1993.0,0.5049890875816345,50
c2_028,2,-90.018998,21.118701,1993.0,0.6688385009765625,50
c2_029,2,-89.960253,21.166936,1993.0,0.7866690754890442,50
c2_030,2,-90.08636474609375,21.13918113708496,1993.0,0.7316264510154724,50
c2_031,2,-90.006871,21.167745,1993.0,0.3533000946044922,50
c2_032,2,-89.9599838256836,21.15750503540039,1993.0,0.5396979451179504,50
c2_033,2,-90.052412,21.115737,1993.0,0.6533355712890625,50
c2_034,2,-90.075586,21.099569,1993.0,0.6811145544052124,50
c2_035,2,-90.108731,21.095796,1993.0,0.6499308347702026,50
c2_036,2,-90.026543,21.155078887939453,1993.0,0.7322244048118591,50
c2_037,2,-90.006871,21.131097,1993.0,0.7047185897827148,50
c2_038,2,-90.080167,21.099838256835938,1993.0,0.7309086322784424,50
c2_039,2,-89.947588,21.136486053466797,1993.0,0.7649022936820984,50
c2_040,2,-90.061304,21.10468864440918,1993.0,0.7513288855552673,50
c2_041,2,-90.075856,21.134868621826172,1993.0,0.715396523475647,50
c2_042,2,-89.99959564208984,21.12004852294922,1993.0,0.6782730221748352,50
c2_043,2,-90.101725,21.08043670654297,1993.0,0.7147359848022461,50
c2_044,2,-90.026004,21.113851,1993.0,0.7532929182052612,50
c2_045,2,-90.118162,21.129209518432617,1993.0,0.6472939252853394,50
c2_046,2,-89.94139099121094,21.172056198120117,1993.0,0.7171204090118408,50
c2_047,2,-89.969685,21.1402587890625,1993.0,0.7683129906654358,50
c2_048,2,-90.1038818359375,21.095527,1993.0,0.6427803039550781,50
c2_049,2,-89.99231719970703,21.149690628051758,1993.0,0.6059876680374146,50
c2_050,2,-89.950822,21.121396,1993.0,0.7618381977081299,50
c3_045,3,-89.992859,21.161815643310547,1993.0,-7.34783592633903E-4,50
c3_003,3,-90.034357,21.15858268737793,1993.0,0.010318344458937645,50
c3_026,3,-89.986931,21.149959564208984,1993.0,0.7538585662841797,50
c3_008,3,-90.084209,21.151576,1993.0,0.3211178779602051,50
c3_017,3,-89.970493,21.159929275512695,1993.0,0.5568949580192566,50
c3_004,3,-89.982619,21.180679,1993.0,0.7856612801551819,50
c3_040,3,-89.9742660522461,21.185529708862305,1993.0,0.779817521572113,50
c3_024,3,-89.97722625732422,21.183913,1993.0,0.7432329058647156,50
c3_013,3,-89.995823,21.13837242126465,1993.0,0.7131814956665039,50
c3_018,3,-90.062113,21.107114,1993.0,0.7821207046508789,50
c3_007,3,-90.088521,21.146995,1993.0,0.2604120969772339,50
c3_014,3,-89.951361,21.199003219604492,1993.0,0.7292295694351196,50
c3_042,3,-89.950283,21.199003219604492,1993.0,0.6723606586456299,50
c3_029,3,-90.000135,21.137563705444336,1993.0,0.671058714389801,50
c3_005,3,-90.003638,21.111964,1993.0,0.7046510577201843,50
c3_022,3,-90.005524,21.112503051757812,1993.0,0.7074370384216309,50
c3_002,3,-89.953786,21.197656,1993.0,0.68096524477005,50
c3_015,3,-89.940852,21.162086486816406,1993.0,0.6719456911087036,50
c3_020,3,-90.016842,21.116006,1993.0,0.7430264949798584,50
c3_027,3,-89.982619,21.149421,1993.0,0.6378675699234009,50
c3_030,3,-89.942738,21.1674747467041,1993.0,0.6750137209892273,50
c3_050,3,-89.941929,21.168553,1993.0,0.5659581422805786,50
c3_009,3,-89.986392,21.149959564208984,1993.0,0.7553966045379639,50
c3_033,3,-90.039208,21.102802276611328,1993.0,0.7135967016220093,50
c3_038,3,-89.976152,21.169361114501953,1993.0,0.6231464743614197,50
c3_023,3,-89.97183990478516,21.169361114501953,1993.0,0.5984289646148682,50
c3_032,3,-90.00040435791016,21.138642,1993.0,0.616507351398468,50
c3_046,3,-89.994476,21.137832641601562,1993.0,0.5595934987068176,50
c3_025,3,-89.947049,21.157235,1993.0,0.6631708741188049,50
c3_028,3,-89.976421,21.165858,1993.0,0.7348846197128296,50
c3_036,3,-89.95189666748047,21.162894,1993.0,0.6240527629852295,50
c3_021,3,-90.007141,21.131635665893555,1993.0,0.6369250416755676,50
c3_035,3,-90.000943,21.144569396972656,1993.0,0.661055862903595,50
c3_037,3,-89.97183990478516,21.162086486816406,1993.0,0.707793116569519,50
c3_039,3,-89.976691,21.168283462524414,1993.0,0.6214613318443298,50
c3_041,3,-89.973996,21.137563705444336,1993.0,0.6892812848091125,50
c3_034,3,-90.041364,21.1402587890625,1993.0,0.5385755300521851,50
c3_047,3,-90.028698,21.126246,1993.0,0.7279680967330933,50
c3_048,3,-90.030315,21.124359130859375,1993.0,0.6266570687294006,50
c3_011,3,-90.035974,21.099299,1993.0,0.6982854604721069,50
c3_001,3,-90.080437,21.100377,1993.0,0.6991721987724304,50
c3_006,3,-89.94677734375,21.202237,1993.0,0.7887516021728516,50
c3_019,3,-89.958367,21.172056198120117,1993.0,0.7246968746185303,50
c3_031,3,-90.00740814208984,21.113042,1993.0,0.7270158529281616,50
c3_010,3,-90.01252746582031,21.114659,1993.0,0.7279840707778931,50
c3_012,3,-90.00768280029297,21.114389419555664,1993.0,0.6851248741149902,50
c3_016,3,-90.045675,21.097951889038086,1993.0,0.637717604637146,50
c3_043,3,-89.967259,21.189841,1993.0,0.7665675282478333,50
c3_044,3,-90.046214,21.097413,1993.0,0.6826520562171936,50
c3_049,3,-90.016033,21.116006,1993.0,0.7082116603851318,50
c4_001,4,-90.002021,21.168822,1993.0,0.13503172993659973,50
c4_002,4,-90.013878,21.166397094726562,1993.0,-0.027311988174915314,50
c4_003,4,-90.040286,21.149421,1993.0,0.3992404043674469,50
c4_004,4,-89.94139099121094,21.181487,1993.0,0.13542123138904572,50
c4_005,4,-89.967529,21.183643341064453,1993.0,0.01294837798923254,50
c4_006,4,-89.943277,21.200620651245117,1993.0,0.02785639837384224,50
c4_007,4,-89.968068,21.171248,1993.0,0.05432229861617088,50
c4_008,4,-90.035705,21.15346336364746,1993.0,0.17343305051326752,50
c4_009,4,-89.967798,21.179332,1993.0,-0.33918169140815735,50
c4_010,4,-89.949205,21.194961,1993.0,-0.20168516039848328,50
c4_011,4,-89.943007,21.202506,1993.0,-0.034791987389326096,50
c4_012,4,-89.945163,21.199811,1993.0,-0.2729733884334564,50
c4_013,4,-89.972379,21.174481,1993.0,-0.2809388041496277,50
c4_014,4,-90.041633,21.148612,1993.0,0.2871893644332886,50
c4_015,4,-89.960792,21.190380096435547,1993.0,-0.21516203880310059,50
c4_016,4,-89.958098,21.184452056884766,1993.0,-0.089110367000103,50
c4_017,4,-90.074239,21.133790969848633,1993.0,0.3851904273033142,50
c4_018,4,-89.950822,21.1922664642334,1993.0,-0.22436904907226562,50
c4_019,4,-89.996901,21.149959564208984,1993.0,0.291402667760849,50
c4_020,4,-89.960523,21.186338424682617,1993.0,-0.1167631670832634,50
c4_021,4,-89.9465103149414,21.185529708862305,1993.0,-0.060791656374931335,50
c4_022,4,-89.957828,21.185529708862305,1993.0,-0.10379471629858017,50
c4_023,4,-90.035705,21.144301,1993.0,0.4817809760570526,50
c4_024,4,-90.022501,21.156966,1993.0,0.010998130775988102,50
c4_025,4,-89.981002,21.165319,1993.0,0.1960541307926178,50
c4_026,4,-90.027621,21.162355422973633,1993.0,-0.10643227398395538,50
c4_027,4,-89.949475,21.19415283203125,1993.0,-0.3737751245498657,50
c4_028,4,-89.940852,21.201428,1993.0,0.047735441476106644,50
c4_029,4,-89.961601,21.190919,1993.0,-0.1055329442024231,50
c4_030,4,-90.041364,21.151576,1993.0,0.5673927068710327,50
c4_031,4,-90.062382,21.153732299804688,1993.0,0.13373790681362152,50
c4_032,4,-89.944085,21.193883,1993.0,-0.24152468144893646,50
c4_033,4,-89.981811,21.164511,1993.0,0.274759978055954,50
c4_034,4,-89.940313,21.199811,1993.0,-0.2186099886894226,50
c4_035,4,-90.072622,21.132714,1993.0,0.4596703350543976,50
c4_036,4,-89.942738,21.183643341064453,1993.0,0.1349049210548401,50
c4_037,4,-89.9742660522461,21.173673,1993.0,0.14346741139888763,50
c4_038,4,-89.966451,21.182565,1993.0,-0.18123367428779602,50
c4_039,4,-90.014147,21.163972,1993.0,-0.21616052091121674,50
c4_040,4,-89.944355,21.201428,1993.0,-0.18848764896392822,50
c4_041,4,-90.011183,21.148881912231445,1993.0,0.4583910405635834,50
c4_042,4,-90.071814,21.131635665893555,1993.0,0.40147602558135986,50
c4_043,4,-90.11438751220703,21.11061668395996,1993.0,0.6039281487464905,50
c4_044,4,-89.956481,21.189302444458008,1993.0,-0.10774073749780655,50
c4_045,4,-90.036513,21.153732299804688,1993.0,0.060410257428884506,50
c4_046,4,-89.98235321044922,21.169092178344727,1993.0,0.4017300605773926,50
c4_047,4,-89.992859,21.172864,1993.0,0.06631717085838318,50
c4_048,4,-89.948127,21.191457748413086,1993.0,0.015111611224710941,50
c4_049,4,-90.1195068359375,21.108461380004883,1993.0,0.4155561923980713,50
c4_050,4,-90.094718,21.12301254272461,1993.0,0.23413923382759094,50
c5_045,5,-90.018998,21.166128158569336,1993.0,0.2704658806324005,50
c5_008,5,-90.034357,21.155618,1993.0,0.20410996675491333,50
c5_010,5,-89.957289,21.163703,1993.0,0.34371623396873474,50
c5_011,5,-90.004985,21.156696319580078,1993.0,0.12203143537044525,50
c5_012,5,-90.066424,21.154809951782227,1993.0,0.1863471269607544,50
c5_014,5,-90.006871,21.155887603759766,1993.0,0.09803196787834167,50
c5_016,5,-90.002829,21.15642738342285,1993.0,0.2558179199695587,50
c5_022,5,-90.044597,21.154809951782227,1993.0,0.18659953773021698,50
c5_024,5,-89.995284,21.15642738342285,1993.0,0.13887088000774384,50
c5_003,5,-90.056993,21.154541015625,1993.0,0.1880185455083847,50
c5_013,5,-90.020614,21.157235,1993.0,0.09160453081130981,50
c5_020,5,-90.027621,21.156966,1993.0,0.06813265383243561,50
c5_025,5,-90.03301239013672,21.15966033935547,1993.0,-0.176315575838089,50
c5_034,5,-90.012261,21.166397094726562,1993.0,0.0028385554905980825,50
c5_040,5,-90.069658,21.154541015625,1993.0,0.17127276957035065,50
c5_041,5,-89.998787,21.156156539916992,1993.0,0.16718590259552002,50
c5_043,5,-90.113042,21.13729476928711,1993.0,0.44793951511383057,50
c5_002,5,-90.042172,21.156156539916992,1993.0,0.10745501518249512,50
c5_004,5,-90.034088,21.156966,1993.0,0.16783447563648224,50
c5_001,5,-89.996093,21.155887603759766,1993.0,0.25109735131263733,50
c5_006,5,-90.035435,21.154809951782227,1993.0,0.10631975531578064,50
c5_015,5,-89.942738,21.172864,1993.0,0.46324479579925537,50
c5_018,5,-90.0685806274414,21.152385,1993.0,0.23111319541931152,50
c5_026,5,-89.998248,21.172326,1993.0,0.7429379820823669,50
c5_033,5,-90.01980590820312,21.156966,1993.0,0.25206711888313293,50
c5_036,5,-90.041902,21.15750503540039,1993.0,0.2305954247713089,50
c5_039,5,-90.060496,21.15642738342285,1993.0,0.25286948680877686,50
c5_005,5,-90.041633,21.159929275512695,1993.0,0.26244208216667175,50
c5_009,5,-90.038938,21.154271,1993.0,0.21899576485157013,50
c5_019,5,-90.057262,21.155349,1993.0,0.15759974718093872,50
c5_021,5,-90.089598,21.148073196411133,1993.0,0.21981275081634521,50
c5_030,5,-90.071814,21.151845932006836,1993.0,0.2491046041250229,50
c5_031,5,-90.003099,21.155618,1993.0,0.2993243634700775,50
c5_035,5,-90.095527,21.151845932006836,1993.0,0.2784372866153717,50
c5_037,5,-89.996632,21.160469,1993.0,0.3854198157787323,50
c5_023,5,-89.978038,21.180139541625977,1993.0,0.44103899598121643,50
c5_017,5,-90.040555,21.145917892456055,1993.0,0.39667078852653503,50
c5_027,5,-90.08879089355469,21.150768280029297,1993.0,0.49370744824409485,50
c5_047,5,-90.001213,21.154541015625,1993.0,0.6232523322105408,50
c5_048,5,-90.028429,21.156696319580078,1993.0,0.1837223619222641,50
c5_029,5,-90.090407,21.149421,1993.0,0.30888083577156067,50
c5_032,5,-90.079359,21.150768280029297,1993.0,0.3080824911594391,50
c5_038,5,-90.04082489013672,21.156966,1993.0,0.2296205759048462,50
c5_046,5,-90.067233,21.152114868164062,1993.0,0.21248474717140198,50
c5_028,5,-90.095527,21.150499,1993.0,0.29323339462280273,50
c5_044,5,-89.973188,21.183374404907227,1993.0,0.5016454458236694,50
c5_042,5,-90.08124542236328,21.149421,1993.0,0.3480483889579773,50
c5_007,5,-90.021962,21.143491744995117,1993.0,0.6102945804595947,50
c10_001,3,-90.028968,21.158313,1993.0,0.004838341381400824,50
c10_005,3,-89.954594,21.163972,1993.0,0.42606407403945923,50
c10_002,3,-90.033549,21.15858268737793,1993.0,0.026495276018977165,50
c10_003,3,-90.030046,21.158044,1993.0,0.10876704007387161,50
c10_004,3,-90.029507,21.157773971557617,1993.0,0.17200687527656555,50
c10_006,3,-90.03301239013672,21.159122467041016,1993.0,-0.012126709334552288,50
c10_007,3,-90.03301239013672,21.158044,1993.0,0.09274792671203613,50
c10_009,3,-90.032741,21.15858268737793,1993.0,0.04453257471323013,50
c10_010,3,-90.030585,21.158044,1993.0,0.09481759369373322,50
c10_008,3,-89.95405578613281,21.163972,1993.0,0.36548399925231934,50
c1_051,1,-90.064538,21.118162155151367,1993.0,0.6413096785545349,50
c1_052,1,-90.05322265625,21.112234115600586,1993.0,0.6807578802108765,50
c1_053,1,-90.068041,21.142953,1993.0,0.6619928479194641,50
c1_054,1,-90.00040435791016,21.124359130859375,1993.0,0.6886044144630432,50
c1_055,1,-90.049178,21.1402587890625,1993.0,0.6727491021156311,50
c2_051,2,-90.111695,21.123821258544922,1993.0,0.6319919228553772,50
c2_052,2,-90.02277374267578,21.139720916748047,1993.0,0.5155649185180664,50
c2_053,2,-89.941929,21.138911,1993.0,0.7704429030418396,50
c2_054,2,-89.950013,21.130019,1993.0,0.7758349776268005,50
c2_055,2,-90.106306,21.128941,1993.0,0.6585410237312317,50
c3_062,3,-90.086634,21.149690628051758,1993.0,0.25429096817970276,50
c3_051,3,-90.010914,21.144301,1993.0,0.6771978139877319,50
c3_055,3,-90.079359,21.150499,1993.0,0.30247920751571655,50
c3_058,3,-90.000943,21.171248,1993.0,0.6803957223892212,50
c3_052,3,-90.094179,21.114929,1993.0,0.5990486741065979,50
c3_059,3,-90.039208,21.1402587890625,1993.0,0.6839532256126404,50
c3_053,3,-90.013608,21.152114868164062,1993.0,0.7530001997947693,50
c3_060,3,-89.958906,21.12489891052246,1993.0,0.7645378708839417,50
c3_057,3,-90.058071,21.159929275512695,1993.0,0.7667887806892395,50
c3_061,3,-89.973457,21.138911,1993.0,0.6938006281852722,50
c3_064,3,-89.989625,21.149959564208984,1993.0,0.6358519196510315,50
c3_063,3,-90.030046,21.125707,1993.0,0.66182941198349,50
c3_065,3,-89.972379,21.162086486816406,1993.0,0.7361074090003967,50
c3_054,3,-90.029237,21.101455,1993.0,0.7276357412338257,50
c3_056,3,-90.008758,21.114120483398438,1993.0,0.715059757232666,50
c4_051,4,-89.958906,21.191997,1993.0,-0.0786241665482521,50
c4_052,4,-89.957828,21.178254,1993.0,-0.0628514513373375,50
c4_053,4,-89.994476,21.172864,1993.0,0.014858475886285305,50
c4_054,4,-89.994745,21.168822,1993.0,-0.2141212373971939,50
c4_055,4,-90.0025634765625,21.169631,1993.0,-0.16905073821544647,50
c1_001,1,-90.056184,21.12301254272461,1994.0,0.690972089767456,53
c1_002,1,-89.984506,21.126246,1994.0,0.7356113195419312,53
c1_003,1,-90.070197,21.140798,1994.0,0.6394495368003845,53
c1_004,1,-90.057801,21.145648,1994.0,0.7761793732643127,53
c1_005,1,-90.024926,21.145379,1994.0,0.5726058483123779,53
c1_006,1,-89.979386,21.130288,1994.0,0.6833719611167908,53
c1_007,1,-90.08636474609375,21.137025,1994.0,0.732783317565918,53
c1_008,1,-89.952169,21.14322280883789,1994.0,0.7343836426734924,53
c1_009,1,-90.055106,21.138911,1994.0,0.5244159698486328,53
c1_010,1,-89.945702,21.14322280883789,1994.0,0.6974676251411438,53
c1_011,1,-89.958098,21.149151,1994.0,0.7419063448905945,53
c1_012,1,-90.036783,21.117354,1994.0,0.764976978302002,53
c1_013,1,-90.113042,21.085018157958984,1994.0,0.7627191543579102,53
c1_014,1,-89.944085,21.154002,1994.0,0.751518964767456,53
c1_015,1,-90.065885,21.113581,1994.0,0.698681116104126,53
c1_016,1,-90.064538,21.121126174926758,1994.0,0.7034141421318054,53
c1_017,1,-90.01280212402344,21.122474,1994.0,0.6712866425514221,53
c1_018,1,-90.013608,21.150499,1994.0,0.7860807180404663,53
c1_019,1,-90.075856,21.141876220703125,1994.0,0.7257959842681885,53
c1_020,1,-90.063729,21.119510650634766,1994.0,0.7011202573776245,53
c1_021,1,-90.112234,21.128671646118164,1994.0,0.4256415069103241,53
c1_022,1,-89.970224,21.131635665893555,1994.0,0.631293535232544,53
c1_023,1,-90.049448,21.111425399780273,1994.0,0.6614558696746826,53
c1_024,1,-90.076933,21.135408401489258,1994.0,0.7005612254142761,53
c1_025,1,-90.09391021728516,21.143762,1994.0,0.7552458047866821,53
c1_026,1,-89.940852,21.145917892456055,1994.0,0.7545321583747864,53
c1_027,1,-89.945163,21.154002,1994.0,0.6905673742294312,53
c1_028,1,-90.098491,21.127324,1994.0,0.7385679483413696,53
c1_029,1,-90.003368,21.149421,1994.0,0.6478670835494995,53
c1_030,1,-89.972918,21.124629,1994.0,0.719515323638916,53
c1_031,1,-90.003907,21.124359130859375,1994.0,0.6867168545722961,53
c1_032,1,-90.066694,21.0987606048584,1994.0,0.7041741609573364,53
c1_033,1,-89.994745,21.123552322387695,1994.0,0.629395067691803,53
c1_034,1,-90.08879089355469,21.142953,1994.0,0.6237852573394775,53
c1_035,1,-90.063191,21.110887,1994.0,0.6897703409194946,53
c1_036,1,-89.960523,21.137563705444336,1994.0,0.7633327841758728,53
c1_037,1,-90.094179,21.093371,1994.0,0.7375894784927368,53
c1_038,1,-90.0025634765625,21.122743,1994.0,0.6905965209007263,53
c1_039,1,-90.051334,21.132714,1994.0,0.6228386759757996,53
c1_040,1,-90.066694,21.13837242126465,1994.0,0.561872661113739,53
c1_041,1,-90.116815,21.0882511138916,1994.0,0.7048846483230591,53
c1_042,1,-90.057801,21.148612,1994.0,0.762984037399292,53
c1_043,1,-90.080706,21.141876220703125,1994.0,0.6226450800895691,53
c1_044,1,-89.947319,21.188493728637695,1994.0,0.6542185544967651,53
c1_045,1,-89.981811,21.124091,1994.0,0.7333952784538269,53
c1_046,1,-90.058879,21.128671646118164,1994.0,0.6618740558624268,53
c1_047,1,-90.075317,21.10361099243164,1994.0,0.737755537033081,53
c1_048,1,-90.003638,21.150768280029297,1994.0,0.6851311326026917,53
c1_049,1,-90.026543,21.122743,1994.0,0.7690477967262268,53
c1_050,1,-90.108731,21.117623,1994.0,0.7705950736999512,53
c2_001,2,-89.960253,21.154002,1994.0,0.6477953195571899,53
c2_002,2,-90.117623,21.133522033691406,1994.0,0.4525684416294098,53
c2_003,2,-90.07881927490234,21.09229278564453,1994.0,0.6755934357643127,53
c2_004,2,-89.978847,21.15022850036621,1994.0,0.7204015851020813,53
c2_005,2,-90.089329,21.09364128112793,1994.0,0.759513795375824,53
c2_006,2,-90.11412048339844,21.100377,1994.0,0.6237768530845642,53
c2_007,2,-90.106036,21.131635665893555,1994.0,0.6966698169708252,53
c2_008,2,-90.001213,21.145379,1994.0,0.7155190110206604,53
c2_009,2,-89.963217,21.183913,1994.0,0.33625417947769165,53
c2_010,2,-90.10226440429688,21.144301,1994.0,0.5740403532981873,53
c2_011,2,-89.958636,21.125438,1994.0,0.6914308667182922,53
c2_012,2,-90.097413,21.149959564208984,1994.0,0.5778387784957886,53
c2_013,2,-90.100647,21.106845,1994.0,0.6608968377113342,53
c2_014,2,-90.04594421386719,21.111156463623047,1994.0,0.5467140078544617,53
c2_015,2,-90.068849,21.102802276611328,1994.0,0.7643016576766968,53
c2_016,2,-90.118162,21.135947,1994.0,0.40885892510414124,53
c2_017,2,-89.96214294433594,21.120587,1994.0,0.737135112285614,53
c2_018,2,-89.981541,21.148343,1994.0,0.6421853303909302,53
c2_019,2,-90.041364,21.101186,1994.0,0.7231310606002808,53
c2_020,2,-90.082592,21.10064697265625,1994.0,0.7672712802886963,53
c2_021,2,-89.945163,21.161008,1994.0,0.6594909429550171,53
c2_022,2,-90.01280212402344,21.118162155151367,1994.0,0.6788764595985413,53
c2_023,2,-89.94165802001953,21.17879295349121,1994.0,0.5199527740478516,53
c2_024,2,-89.940043,21.179332,1994.0,0.6406054496765137,53
c2_025,2,-89.942199,21.169092178344727,1994.0,0.6161360740661621,53
c2_026,2,-90.04837036132812,21.15858268737793,1994.0,0.3700861930847168,53
c2_027,2,-90.018189,21.155078887939453,1994.0,0.524345338344574,53
c2_028,2,-90.018998,21.118701,1994.0,0.6531159281730652,53
c2_029,2,-89.960253,21.166936,1994.0,0.7538697123527527,53
c2_030,2,-90.08636474609375,21.13918113708496,1994.0,0.7226846814155579,53
c2_031,2,-90.006871,21.167745,1994.0,0.3346637785434723,53
c2_032,2,-89.9599838256836,21.15750503540039,1994.0,0.5574869513511658,53
c2_033,2,-90.052412,21.115737,1994.0,0.6937424540519714,53
c2_034,2,-90.075586,21.099569,1994.0,0.6525025963783264,53
c2_035,2,-90.108731,21.095796,1994.0,0.6497450470924377,53
c2_036,2,-90.026543,21.155078887939453,1994.0,0.7638118863105774,53
c2_037,2,-90.006871,21.131097,1994.0,0.6805835962295532,53
c2_038,2,-90.080167,21.099838256835938,1994.0,0.753539502620697,53
c2_039,2,-89.947588,21.136486053466797,1994.0,0.6702499985694885,53
c2_040,2,-90.061304,21.10468864440918,1994.0,0.6970284581184387,53
c2_041,2,-90.075856,21.134868621826172,1994.0,0.7615900635719299,53
c2_042,2,-89.99959564208984,21.12004852294922,1994.0,0.6192024946212769,53
c2_043,2,-90.101725,21.08043670654297,1994.0,0.7228308320045471,53
c2_044,2,-90.026004,21.113851,1994.0,0.7473804354667664,53
c2_045,2,-90.118162,21.129209518432617,1994.0,0.7024285793304443,53
c2_046,2,-89.94139099121094,21.172056198120117,1994.0,0.686531126499176,53
c2_047,2,-89.969685,21.1402587890625,1994.0,0.7669366002082825,53
c2_048,2,-90.1038818359375,21.095527,1994.0,0.641160786151886,53
c2_049,2,-89.99231719970703,21.149690628051758,1994.0,0.6093823313713074,53
c2_050,2,-89.950822,21.121396,1994.0,0.713578999042511,53
c3_045,3,-89.992859,21.161815643310547,1994.0,0.1323549896478653,53
c3_003,3,-90.034357,21.15858268737793,1994.0,0.04764797165989876,53
c3_026,3,-89.986931,21.149959564208984,1994.0,0.772247850894928,53
c3_008,3,-90.084209,21.151576,1994.0,0.3326798379421234,53
c3_017,3,-89.970493,21.159929275512695,1994.0,0.4831474721431732,53
c3_004,3,-89.982619,21.180679,1994.0,0.7795330882072449,53
c3_040,3,-89.9742660522461,21.185529708862305,1994.0,0.7698421478271484,53
c3_024,3,-89.97722625732422,21.183913,1994.0,0.7498260736465454,53
c3_013,3,-89.995823,21.13837242126465,1994.0,0.7272370457649231,53
c3_018,3,-90.062113,21.107114,1994.0,0.7635891437530518,53
c3_007,3,-90.088521,21.146995,1994.0,0.25396889448165894,53
c3_014,3,-89.951361,21.199003219604492,1994.0,0.6652312874794006,53
c3_042,3,-89.950283,21.199003219604492,1994.0,0.6492113471031189,53
c3_029,3,-90.000135,21.137563705444336,1994.0,0.674700915813446,53
c3_005,3,-90.003638,21.111964,1994.0,0.6926422715187073,53
c3_022,3,-90.005524,21.112503051757812,1994.0,0.6617242097854614,53
c3_002,3,-89.953786,21.197656,1994.0,0.6424943804740906,53
c3_015,3,-89.940852,21.162086486816406,1994.0,0.6701506972312927,53
c3_020,3,-90.016842,21.116006,1994.0,0.7091749906539917,53
c3_027,3,-89.982619,21.149421,1994.0,0.6752719283103943,53
c3_030,3,-89.942738,21.1674747467041,1994.0,0.677284836769104,53
c3_050,3,-89.941929,21.168553,1994.0,0.5660886764526367,53
c3_009,3,-89.986392,21.149959564208984,1994.0,0.7652689218521118,53
c3_033,3,-90.039208,21.102802276611328,1994.0,0.6649641394615173,53
c3_038,3,-89.976152,21.169361114501953,1994.0,0.568404495716095,53
c3_023,3,-89.97183990478516,21.169361114501953,1994.0,0.6337745785713196,53
c3_032,3,-90.00040435791016,21.138642,1994.0,0.6234268546104431,53
c3_046,3,-89.994476,21.137832641601562,1994.0,0.532045304775238,53
c3_025,3,-89.947049,21.157235,1994.0,0.7074060440063477,53
c3_028,3,-89.976421,21.165858,1994.0,0.7076836824417114,53
c3_036,3,-89.95189666748047,21.162894,1994.0,0.5843278169631958,53
c3_021,3,-90.007141,21.131635665893555,1994.0,0.644059956073761,53
c3_035,3,-90.000943,21.144569396972656,1994.0,0.6670784950256348,53
c3_037,3,-89.97183990478516,21.162086486816406,1994.0,0.7179072499275208,53
c3_039,3,-89.976691,21.168283462524414,1994.0,0.6163259744644165,53
c3_041,3,-89.973996,21.137563705444336,1994.0,0.6991400718688965,53
c3_034,3,-90.041364,21.1402587890625,1994.0,0.5564221143722534,53
c3_047,3,-90.028698,21.126246,1994.0,0.7448993921279907,53
c3_048,3,-90.030315,21.124359130859375,1994.0,0.6801546216011047,53
c3_011,3,-90.035974,21.099299,1994.0,0.6812623143196106,53
c3_001,3,-90.080437,21.100377,1994.0,0.7114344239234924,53
c3_006,3,-89.94677734375,21.202237,1994.0,0.7899278402328491,53
c3_019,3,-89.958367,21.172056198120117,1994.0,0.7197046875953674,53
c3_031,3,-90.00740814208984,21.113042,1994.0,0.6944075226783752,53
c3_010,3,-90.01252746582031,21.114659,1994.0,0.6889908313751221,53
c3_012,3,-90.00768280029297,21.114389419555664,1994.0,0.6400858759880066,53
c3_016,3,-90.045675,21.097951889038086,1994.0,0.5967286229133606,53
c3_043,3,-89.967259,21.189841,1994.0,0.7909711003303528,53
c3_044,3,-90.046214,21.097413,1994.0,0.6818258166313171,53
c3_049,3,-90.016033,21.116006,1994.0,0.6739712357521057,53
c4_001,4,-90.002021,21.168822,1994.0,0.1583675891160965,53
c4_002,4,-90.013878,21.166397094726562,1994.0,0.09019042551517487,53
c4_003,4,-90.040286,21.149421,1994.0,0.3759617805480957,53
c4_004,4,-89.94139099121094,21.181487,1994.0,0.13086286187171936,53
c4_005,4,-89.967529,21.183643341064453,1994.0,0.14971259236335754,53
c4_006,4,-89.943277,21.200620651245117,1994.0,0.1178971454501152,53
c4_007,4,-89.968068,21.171248,1994.0,0.14079198241233826,53
c4_008,4,-90.035705,21.15346336364746,1994.0,0.19173431396484375,53
c4_009,4,-89.967798,21.179332,1994.0,-0.08111370354890823,53
c4_010,4,-89.949205,21.194961,1994.0,0.13063374161720276,53
c4_011,4,-89.943007,21.202506,1994.0,0.05925185605883598,53
c4_012,4,-89.945163,21.199811,1994.0,0.014090977609157562,53
c4_013,4,-89.972379,21.174481,1994.0,-0.1649674028158188,53
c4_014,4,-90.041633,21.148612,1994.0,0.22976107895374298,53
c4_015,4,-89.960792,21.190380096435547,1994.0,-0.0052046142518520355,53
c4_016,4,-89.958098,21.184452056884766,1994.0,0.0828913226723671,53
c4_017,4,-90.074239,21.133790969848633,1994.0,0.3527148365974426,53
c4_018,4,-89.950822,21.1922664642334,1994.0,-0.05325896665453911,53
c4_019,4,-89.996901,21.149959564208984,1994.0,0.276041716337204,53
c4_020,4,-89.960523,21.186338424682617,1994.0,0.05392300337553024,53
c4_021,4,-89.9465103149414,21.185529708862305,1994.0,0.05290611833333969,53
c4_022,4,-89.957828,21.185529708862305,1994.0,0.11627639085054398,53
c4_023,4,-90.035705,21.144301,1994.0,0.4541379511356354,53
c4_024,4,-90.022501,21.156966,1994.0,0.09721818566322327,53
c4_025,4,-89.981002,21.165319,1994.0,0.19649384915828705,53
c4_026,4,-90.027621,21.162355422973633,1994.0,0.0628475695848465,53
c4_027,4,-89.949475,21.19415283203125,1994.0,-0.1380649358034134,53
c4_028,4,-89.940852,21.201428,1994.0,0.10693725198507309,53
c4_029,4,-89.961601,21.190919,1994.0,0.09680218249559402,53
c4_030,4,-90.041364,21.151576,1994.0,0.5067331790924072,53
c4_031,4,-90.062382,21.153732299804688,1994.0,0.17781758308410645,53
c4_032,4,-89.944085,21.193883,1994.0,0.11519858986139297,53
c4_033,4,-89.981811,21.164511,1994.0,0.3022947311401367,53
c4_034,4,-89.940313,21.199811,1994.0,0.06862863153219223,53
c4_035,4,-90.072622,21.132714,1994.0,0.4426029324531555,53
c4_036,4,-89.942738,21.183643341064453,1994.0,0.1437893658876419,53
c4_037,4,-89.9742660522461,21.173673,1994.0,0.18054543435573578,53
c4_038,4,-89.966451,21.182565,1994.0,0.031549133360385895,53
c4_039,4,-90.014147,21.163972,1994.0,-0.11225701868534088,53
c4_040,4,-89.944355,21.201428,1994.0,0.05905317887663841,53
c4_041,4,-90.011183,21.148881912231445,1994.0,0.5093967914581299,53
c4_042,4,-90.071814,21.131635665893555,1994.0,0.38123783469200134,53
c4_043,4,-90.11438751220703,21.11061668395996,1994.0,0.5986886620521545,53
c4_044,4,-89.956481,21.189302444458008,1994.0,0.13644959032535553,53
c4_045,4,-90.036513,21.153732299804688,1994.0,0.16816438734531403,53
c4_046,4,-89.98235321044922,21.169092178344727,1994.0,0.3552171587944031,53
c4_047,4,-89.992859,21.172864,1994.0,0.13628876209259033,53
c4_048,4,-89.948127,21.191457748413086,1994.0,0.09123849868774414,53
c4_049,4,-90.1195068359375,21.108461380004883,1994.0,0.4053118824958801,53
c4_050,4,-90.094718,21.12301254272461,1994.0,0.22991487383842468,53
c5_045,5,-90.018998,21.166128158569336,1994.0,0.2310832440853119,53
c5_008,5,-90.034357,21.155618,1994.0,0.19934257864952087,53
c5_010,5,-89.957289,21.163703,1994.0,0.33156320452690125,53
c5_011,5,-90.004985,21.156696319580078,1994.0,0.11562840640544891,53
c5_012,5,-90.066424,21.154809951782227,1994.0,0.19526627659797668,53
c5_014,5,-90.006871,21.155887603759766,1994.0,0.1180383563041687,53
c5_016,5,-90.002829,21.15642738342285,1994.0,0.21420927345752716,53
c5_022,5,-90.044597,21.154809951782227,1994.0,0.20960025489330292,53
c5_024,5,-89.995284,21.15642738342285,1994.0,0.1766585409641266,53
c5_003,5,-90.056993,21.154541015625,1994.0,0.17407339811325073,53
c5_013,5,-90.020614,21.157235,1994.0,0.13948111236095428,53
c5_020,5,-90.027621,21.156966,1994.0,0.13872642815113068,53
c5_025,5,-90.03301239013672,21.15966033935547,1994.0,-0.13952261209487915,53
c5_034,5,-90.012261,21.166397094726562,1994.0,0.10938508063554764,53
c5_040,5,-90.069658,21.154541015625,1994.0,0.17606255412101746,53
c5_041,5,-89.998787,21.156156539916992,1994.0,0.148875430226326,53
c5_043,5,-90.113042,21.13729476928711,1994.0,0.41857966780662537,53
c5_002,5,-90.042172,21.156156539916992,1994.0,0.11624009162187576,53
c5_004,5,-90.034088,21.156966,1994.0,0.18712124228477478,53
c5_001,5,-89.996093,21.155887603759766,1994.0,0.27845022082328796,53
c5_006,5,-90.035435,21.154809951782227,1994.0,0.16676321625709534,53
c5_015,5,-89.942738,21.172864,1994.0,0.47206801176071167,53
c5_018,5,-90.0685806274414,21.152385,1994.0,0.2615836560726166,53
c5_026,5,-89.998248,21.172326,1994.0,0.6845630407333374,53
c5_033,5,-90.01980590820312,21.156966,1994.0,0.25762811303138733,53
c5_036,5,-90.041902,21.15750503540039,1994.0,0.21660520136356354,53
c5_039,5,-90.060496,21.15642738342285,1994.0,0.2302558571100235,53
c5_005,5,-90.041633,21.159929275512695,1994.0,0.335235595703125,53
c5_009,5,-90.038938,21.154271,1994.0,0.23794980347156525,53
c5_019,5,-90.057262,21.155349,1994.0,0.14589232206344604,53
c5_021,5,-90.089598,21.148073196411133,1994.0,0.22778508067131042,53
c5_030,5,-90.071814,21.151845932006836,1994.0,0.24748468399047852,53
c5_031,5,-90.003099,21.155618,1994.0,0.2948269546031952,53
c5_035,5,-90.095527,21.151845932006836,1994.0,0.28601858019828796,53
c5_037,5,-89.996632,21.160469,1994.0,0.34468743205070496,53
c5_023,5,-89.978038,21.180139541625977,1994.0,0.36621928215026855,53
c5_017,5,-90.040555,21.145917892456055,1994.0,0.3925258219242096,53
c5_027,5,-90.08879089355469,21.150768280029297,1994.0,0.4436173439025879,53
c5_047,5,-90.001213,21.154541015625,1994.0,0.606941819190979,53
c5_048,5,-90.028429,21.156696319580078,1994.0,0.20470359921455383,53
c5_029,5,-90.090407,21.149421,1994.0,0.3112994432449341,53
c5_032,5,-90.079359,21.150768280029297,1994.0,0.28909361362457275,53
c5_038,5,-90.04082489013672,21.156966,1994.0,0.2048865556716919,53
c5_046,5,-90.067233,21.152114868164062,1994.0,0.2672441005706787,53
c5_028,5,-90.095527,21.150499,1994.0,0.26561638712882996,53
c5_044,5,-89.973188,21.183374404907227,1994.0,0.46705305576324463,53
c5_042,5,-90.08124542236328,21.149421,1994.0,0.3946136236190796,53
c5_007,5,-90.021962,21.143491744995117,1994.0,0.6151745319366455,53
c10_001,3,-90.028968,21.158313,1994.0,0.08948178589344025,53
c10_005,3,-89.954594,21.163972,1994.0,0.4671366810798645,53
c10_002,3,-90.033549,21.15858268737793,1994.0,0.07144156098365784,53
c10_003,3,-90.030046,21.158044,1994.0,0.15303075313568115,53
c10_004,3,-90.029507,21.157773971557617,1994.0,0.1848800629377365,53
c10_006,3,-90.03301239013672,21.159122467041016,1994.0,0.0628516674041748,53
c10_007,3,-90.03301239013672,21.158044,1994.0,0.13226675987243652,53
c10_009,3,-90.032741,21.15858268737793,1994.0,0.08451098948717117,53
c10_010,3,-90.030585,21.158044,1994.0,0.15869967639446259,53
c10_008,3,-89.95405578613281,21.163972,1994.0,0.41667822003364563,53
c1_051,1,-90.064538,21.118162155151367,1994.0,0.6452264189720154,53
c1_052,1,-90.05322265625,21.112234115600586,1994.0,0.7249112129211426,53
c1_053,1,-90.068041,21.142953,1994.0,0.6642742156982422,53
c1_054,1,-90.00040435791016,21.124359130859375,1994.0,0.6412904262542725,53
c1_055,1,-90.049178,21.1402587890625,1994.0,0.6875386238098145,53
c2_051,2,-90.111695,21.123821258544922,1994.0,0.5669993162155151,53
c2_052,2,-90.02277374267578,21.139720916748047,1994.0,0.5193147659301758,53
c2_053,2,-89.941929,21.138911,1994.0,0.7446174025535583,53
c2_054,2,-89.950013,21.130019,1994.0,0.7481845021247864,53
c2_055,2,-90.106306,21.128941,1994.0,0.6323727369308472,53
c3_062,3,-90.086634,21.149690628051758,1994.0,0.27423056960105896,53
c3_051,3,-90.010914,21.144301,1994.0,0.7213829755783081,53
c3_055,3,-90.079359,21.150499,1994.0,0.26951566338539124,53
c3_058,3,-90.000943,21.171248,1994.0,0.6158831715583801,53
c3_052,3,-90.094179,21.114929,1994.0,0.6300750374794006,53
c3_059,3,-90.039208,21.1402587890625,1994.0,0.7008401155471802,53
c3_053,3,-90.013608,21.152114868164062,1994.0,0.7811163663864136,53
c3_060,3,-89.958906,21.12489891052246,1994.0,0.7891082763671875,53
c3_057,3,-90.058071,21.159929275512695,1994.0,0.719567060470581,53
c3_061,3,-89.973457,21.138911,1994.0,0.6997904777526855,53
c3_064,3,-89.989625,21.149959564208984,1994.0,0.610670804977417,53
c3_063,3,-90.030046,21.125707,1994.0,0.6794725656509399,53
c3_065,3,-89.972379,21.162086486816406,1994.0,0.732995867729187,53
c3_054,3,-90.029237,21.101455,1994.0,0.694560170173645,53
c3_056,3,-90.008758,21.114120483398438,1994.0,0.6612642407417297,53
c4_051,4,-89.958906,21.191997,1994.0,0.13513435423374176,53
c4_052,4,-89.957828,21.178254,1994.0,0.10167956352233887,53
c4_053,4,-89.994476,21.172864,1994.0,0.11503506451845169,53
c4_054,4,-89.994745,21.168822,1994.0,-0.13454312086105347,53
c4_055,4,-90.0025634765625,21.169631,1994.0,0.021296720951795578,53
c1_001,1,-90.056184,21.12301254272461,1995.0,0.668035626411438,50
c1_002,1,-89.984506,21.126246,1995.0,0.6958470940589905,50
c1_003,1,-90.070197,21.140798,1995.0,0.5454849004745483,50
c1_004,1,-90.057801,21.145648,1995.0,0.7360338568687439,50
c1_005,1,-90.024926,21.145379,1995.0,0.5993527173995972,50
c1_006,1,-89.979386,21.130288,1995.0,0.6316150426864624,50
c1_007,1,-90.08636474609375,21.137025,1995.0,0.5980224609375,50
c1_008,1,-89.952169,21.14322280883789,1995.0,0.6575363874435425,50
c1_009,1,-90.055106,21.138911,1995.0,0.45901837944984436,50
c1_010,1,-89.945702,21.14322280883789,1995.0,0.6289839148521423,50
c1_011,1,-89.958098,21.149151,1995.0,0.7240099906921387,50
c1_012,1,-90.036783,21.117354,1995.0,0.7430553436279297,50
c1_013,1,-90.113042,21.085018157958984,1995.0,0.7531831860542297,50
c1_014,1,-89.944085,21.154002,1995.0,0.7477231621742249,50
c1_015,1,-90.065885,21.113581,1995.0,0.6253995895385742,50
c1_016,1,-90.064538,21.121126174926758,1995.0,0.6808370351791382,50
c1_017,1,-90.01280212402344,21.122474,1995.0,0.6306402683258057,50
c1_018,1,-90.013608,21.150499,1995.0,0.747835636138916,50
c1_019,1,-90.075856,21.141876220703125,1995.0,0.683614194393158,50
c1_020,1,-90.063729,21.119510650634766,1995.0,0.679987370967865,50
c1_021,1,-90.112234,21.128671646118164,1995.0,0.23116348683834076,50
c1_022,1,-89.970224,21.131635665893555,1995.0,0.5230811834335327,50
c1_023,1,-90.049448,21.111425399780273,1995.0,0.6326180696487427,50
c1_024,1,-90.076933,21.135408401489258,1995.0,0.671883225440979,50
c1_025,1,-90.09391021728516,21.143762,1995.0,0.7309710383415222,50
c1_026,1,-89.940852,21.145917892456055,1995.0,0.6840418577194214,50
c1_027,1,-89.945163,21.154002,1995.0,0.703452467918396,50
c1_028,1,-90.098491,21.127324,1995.0,0.7223553657531738,50
c1_029,1,-90.003368,21.149421,1995.0,0.5297288298606873,50
c1_030,1,-89.972918,21.124629,1995.0,0.6725702285766602,50
c1_031,1,-90.003907,21.124359130859375,1995.0,0.5582394599914551,50
c1_032,1,-90.066694,21.0987606048584,1995.0,0.6856589913368225,50
c1_033,1,-89.994745,21.123552322387695,1995.0,0.5878022313117981,50
c1_034,1,-90.08879089355469,21.142953,1995.0,0.4949437081813812,50
c1_035,1,-90.063191,21.110887,1995.0,0.6405443549156189,50
c1_036,1,-89.960523,21.137563705444336,1995.0,0.700201153755188,50
c1_037,1,-90.094179,21.093371,1995.0,0.6980735063552856,50
c1_038,1,-90.0025634765625,21.122743,1995.0,0.5800440907478333,50
c1_039,1,-90.051334,21.132714,1995.0,0.630071222782135,50
c1_040,1,-90.066694,21.13837242126465,1995.0,0.45462566614151,50
c1_041,1,-90.116815,21.0882511138916,1995.0,0.6954123973846436,50
c1_042,1,-90.057801,21.148612,1995.0,0.7116179466247559,50
c1_043,1,-90.080706,21.141876220703125,1995.0,0.5140566229820251,50
c1_044,1,-89.947319,21.188493728637695,1995.0,0.6005485653877258,50
c1_045,1,-89.981811,21.124091,1995.0,0.7042420506477356,50
c1_046,1,-90.058879,21.128671646118164,1995.0,0.6330162286758423,50
c1_047,1,-90.075317,21.10361099243164,1995.0,0.7234309315681458,50
c1_048,1,-90.003638,21.150768280029297,1995.0,0.5990842580795288,50
c1_049,1,-90.026543,21.122743,1995.0,0.700162947177887,50
c1_050,1,-90.108731,21.117623,1995.0,0.732650876045227,50
c2_001,2,-89.960253,21.154002,1995.0,0.6313904523849487,50
c2_002,2,-90.117623,21.133522033691406,1995.0,0.38555672764778137,50
c2_003,2,-90.07881927490234,21.09229278564453,1995.0,0.6310378313064575,50
c2_004,2,-89.978847,21.15022850036621,1995.0,0.7051756381988525,50
c2_005,2,-90.089329,21.09364128112793,1995.0,0.7349727153778076,50
c2_006,2,-90.11412048339844,21.100377,1995.0,0.5771733522415161,50
c2_007,2,-90.106036,21.131635665893555,1995.0,0.4547363221645355,50
c2_008,2,-90.001213,21.145379,1995.0,0.7166406512260437,50
c2_009,2,-89.963217,21.183913,1995.0,0.24146303534507751,50
c2_010,2,-90.10226440429688,21.144301,1995.0,0.4276784658432007,50
c2_011,2,-89.958636,21.125438,1995.0,0.6558995246887207,50
c2_012,2,-90.097413,21.149959564208984,1995.0,0.5184529423713684,50
c2_013,2,-90.100647,21.106845,1995.0,0.6108431220054626,50
c2_014,2,-90.04594421386719,21.111156463623047,1995.0,0.510206937789917,50
c2_015,2,-90.068849,21.102802276611328,1995.0,0.7592673897743225,50
c2_016,2,-90.118162,21.135947,1995.0,0.29219233989715576,50
c2_017,2,-89.96214294433594,21.120587,1995.0,0.6865513920783997,50
c2_018,2,-89.981541,21.148343,1995.0,0.5876712203025818,50
c2_019,2,-90.041364,21.101186,1995.0,0.6287071108818054,50
c2_020,2,-90.082592,21.10064697265625,1995.0,0.7336674928665161,50
c2_021,2,-89.945163,21.161008,1995.0,0.6359124779701233,50
c2_022,2,-90.01280212402344,21.118162155151367,1995.0,0.6167172193527222,50
c2_023,2,-89.94165802001953,21.17879295349121,1995.0,0.46545904874801636,50
c2_024,2,-89.940043,21.179332,1995.0,0.5435835719108582,50
c2_025,2,-89.942199,21.169092178344727,1995.0,0.592625081539154,50
c2_026,2,-90.04837036132812,21.15858268737793,1995.0,0.3382032513618469,50
c2_027,2,-90.018189,21.155078887939453,1995.0,0.49322575330734253,50
c2_028,2,-90.018998,21.118701,1995.0,0.5751029849052429,50
c2_029,2,-89.960253,21.166936,1995.0,0.734307587146759,50
c2_030,2,-90.08636474609375,21.13918113708496,1995.0,0.5106836557388306,50
c2_031,2,-90.006871,21.167745,1995.0,0.2716842591762543,50
c2_032,2,-89.9599838256836,21.15750503540039,1995.0,0.49574634432792664,50
c2_033,2,-90.052412,21.115737,1995.0,0.7027251124382019,50
c2_034,2,-90.075586,21.099569,1995.0,0.6307966113090515,50
c2_035,2,-90.108731,21.095796,1995.0,0.5555623173713684,50
c2_036,2,-90.026543,21.155078887939453,1995.0,0.7467698454856873,50
c2_037,2,-90.006871,21.131097,1995.0,0.6351354718208313,50
c2_038,2,-90.080167,21.099838256835938,1995.0,0.7418708205223083,50
c2_039,2,-89.947588,21.136486053466797,1995.0,0.682453453540802,50
c2_040,2,-90.061304,21.10468864440918,1995.0,0.7072378993034363,50
c2_041,2,-90.075856,21.134868621826172,1995.0,0.7409372329711914,50
c2_042,2,-89.99959564208984,21.12004852294922,1995.0,0.5209178328514099,50
c2_043,2,-90.101725,21.08043670654297,1995.0,0.6206784248352051,50
c2_044,2,-90.026004,21.113851,1995.0,0.731752872467041,50
c2_045,2,-90.118162,21.129209518432617,1995.0,0.6282183527946472,50
c2_046,2,-89.94139099121094,21.172056198120117,1995.0,0.6970251202583313,50
c2_047,2,-89.969685,21.1402587890625,1995.0,0.7232296466827393,50
c2_048,2,-90.1038818359375,21.095527,1995.0,0.594129204750061,50
c2_049,2,-89.99231719970703,21.149690628051758,1995.0,0.5689822435379028,50
c2_050,2,-89.950822,21.121396,1995.0,0.5978748202323914,50
c3_045,3,-89.992859,21.161815643310547,1995.0,0.14323799312114716,50
c3_003,3,-90.034357,21.15858268737793,1995.0,0.13418838381767273,50
c3_026,3,-89.986931,21.149959564208984,1995.0,0.7610805630683899,50
c3_008,3,-90.084209,21.151576,1995.0,0.182148277759552,50
c3_017,3,-89.970493,21.159929275512695,1995.0,0.5468797087669373,50
c3_004,3,-89.982619,21.180679,1995.0,0.23073041439056396,50
c3_040,3,-89.9742660522461,21.185529708862305,1995.0,0.725773811340332,50
c3_024,3,-89.97722625732422,21.183913,1995.0,0.6896235346794128,50
c3_013,3,-89.995823,21.13837242126465,1995.0,0.7136678695678711,50
c3_018,3,-90.062113,21.107114,1995.0,0.750603199005127,50
c3_007,3,-90.088521,21.146995,1995.0,0.15403281152248383,50
c3_014,3,-89.951361,21.199003219604492,1995.0,0.5341876745223999,50
c3_042,3,-89.950283,21.199003219604492,1995.0,0.49753493070602417,50
c3_029,3,-90.000135,21.137563705444336,1995.0,0.6826387643814087,50
c3_005,3,-90.003638,21.111964,1995.0,0.5896701216697693,50
c3_022,3,-90.005524,21.112503051757812,1995.0,0.5494799613952637,50
c3_002,3,-89.953786,21.197656,1995.0,0.4966331422328949,50
c3_015,3,-89.940852,21.162086486816406,1995.0,0.6773210763931274,50
c3_020,3,-90.016842,21.116006,1995.0,0.6192687153816223,50
c3_027,3,-89.982619,21.149421,1995.0,0.6241635680198669,50
c3_030,3,-89.942738,21.1674747467041,1995.0,0.678885817527771,50
c3_050,3,-89.941929,21.168553,1995.0,0.5563356876373291,50
c3_009,3,-89.986392,21.149959564208984,1995.0,0.7632213830947876,50
c3_033,3,-90.039208,21.102802276611328,1995.0,0.5765597820281982,50
c3_038,3,-89.976152,21.169361114501953,1995.0,0.524644672870636,50
c3_023,3,-89.97183990478516,21.169361114501953,1995.0,0.5808684825897217,50
c3_032,3,-90.00040435791016,21.138642,1995.0,0.5883068442344666,50
c3_046,3,-89.994476,21.137832641601562,1995.0,0.42676183581352234,50
c3_025,3,-89.947049,21.157235,1995.0,0.7007352709770203,50
c3_028,3,-89.976421,21.165858,1995.0,0.6551273465156555,50
c3_036,3,-89.95189666748047,21.162894,1995.0,0.5823204517364502,50
c3_021,3,-90.007141,21.131635665893555,1995.0,0.629751980304718,50
c3_035,3,-90.000943,21.144569396972656,1995.0,0.6586048007011414,50
c3_037,3,-89.97183990478516,21.162086486816406,1995.0,0.690368115901947,50
c3_039,3,-89.976691,21.168283462524414,1995.0,0.5165831446647644,50
c3_041,3,-89.973996,21.137563705444336,1995.0,0.6414095759391785,50
c3_034,3,-90.041364,21.1402587890625,1995.0,0.5645999908447266,50
c3_047,3,-90.028698,21.126246,1995.0,0.7454538941383362,50
c3_048,3,-90.030315,21.124359130859375,1995.0,0.6790317296981812,50
c3_011,3,-90.035974,21.099299,1995.0,0.5701343417167664,50
c3_001,3,-90.080437,21.100377,1995.0,0.6947119832038879,50
c3_006,3,-89.94677734375,21.202237,1995.0,0.7417320609092712,50
c3_019,3,-89.958367,21.172056198120117,1995.0,0.7125917077064514,50
c3_031,3,-90.00740814208984,21.113042,1995.0,0.5760769248008728,50
c3_010,3,-90.01252746582031,21.114659,1995.0,0.6529892086982727,50
c3_012,3,-90.00768280029297,21.114389419555664,1995.0,0.5136173963546753,50
c3_016,3,-90.045675,21.097951889038086,1995.0,0.45757344365119934,50
c3_043,3,-89.967259,21.189841,1995.0,0.7151788473129272,50
c3_044,3,-90.046214,21.097413,1995.0,0.546861469745636,50
c3_049,3,-90.016033,21.116006,1995.0,0.5379267334938049,50
c4_001,4,-90.002021,21.168822,1995.0,0.17707355320453644,50
c4_002,4,-90.013878,21.166397094726562,1995.0,0.12589332461357117,50
c4_003,4,-90.040286,21.149421,1995.0,0.37744221091270447,50
c4_004,4,-89.94139099121094,21.181487,1995.0,0.1677815467119217,50
c4_005,4,-89.967529,21.183643341064453,1995.0,0.16110791265964508,50
c4_006,4,-89.943277,21.200620651245117,1995.0,0.13975849747657776,50
c4_007,4,-89.968068,21.171248,1995.0,0.15045690536499023,50
c4_008,4,-90.035705,21.15346336364746,1995.0,0.23061533272266388,50
c4_009,4,-89.967798,21.179332,1995.0,0.02980273775756359,50
c4_010,4,-89.949205,21.194961,1995.0,0.08940267562866211,50
c4_011,4,-89.943007,21.202506,1995.0,0.03274761885404587,50
c4_012,4,-89.945163,21.199811,1995.0,0.10349728912115097,50
c4_013,4,-89.972379,21.174481,1995.0,0.0883486345410347,50
c4_014,4,-90.041633,21.148612,1995.0,0.2086503505706787,50
c4_015,4,-89.960792,21.190380096435547,1995.0,0.040753286331892014,50
c4_016,4,-89.958098,21.184452056884766,1995.0,0.0691230371594429,50
c4_017,4,-90.074239,21.133790969848633,1995.0,0.33008432388305664,50
c4_018,4,-89.950822,21.1922664642334,1995.0,0.0713387131690979,50
c4_019,4,-89.996901,21.149959564208984,1995.0,0.30366796255111694,50
c4_020,4,-89.960523,21.186338424682617,1995.0,0.050423771142959595,50
c4_021,4,-89.9465103149414,21.185529708862305,1995.0,0.08725383132696152,50
c4_022,4,-89.957828,21.185529708862305,1995.0,0.12960432469844818,50
c4_023,4,-90.035705,21.144301,1995.0,0.48523321747779846,50
c4_024,4,-90.022501,21.156966,1995.0,0.12230886518955231,50
c4_025,4,-89.981002,21.165319,1995.0,0.19781841337680817,50
c4_026,4,-90.027621,21.162355422973633,1995.0,0.10366370528936386,50
c4_027,4,-89.949475,21.19415283203125,1995.0,-0.024666527286171913,50
c4_028,4,-89.940852,21.201428,1995.0,0.1165238544344902,50
c4_029,4,-89.961601,21.190919,1995.0,0.11442840844392776,50
c4_030,4,-90.041364,21.151576,1995.0,0.4399546682834625,50
c4_031,4,-90.062382,21.153732299804688,1995.0,0.0995837077498436,50
c4_032,4,-89.944085,21.193883,1995.0,0.07911082357168198,50
c4_033,4,-89.981811,21.164511,1995.0,0.2768928110599518,50
c4_034,4,-89.940313,21.199811,1995.0,0.024263491854071617,50
c4_035,4,-90.072622,21.132714,1995.0,0.41637223958969116,50
c4_036,4,-89.942738,21.183643341064453,1995.0,0.13056688010692596,50
c4_037,4,-89.9742660522461,21.173673,1995.0,0.22113898396492004,50
c4_038,4,-89.966451,21.182565,1995.0,0.07519984245300293,50
c4_039,4,-90.014147,21.163972,1995.0,0.04469175636768341,50
c4_040,4,-89.944355,21.201428,1995.0,0.07866616547107697,50
c4_041,4,-90.011183,21.148881912231445,1995.0,0.49243396520614624,50
c4_042,4,-90.071814,21.131635665893555,1995.0,0.35374826192855835,50
c4_043,4,-90.11438751220703,21.11061668395996,1995.0,0.5561844706535339,50
c4_044,4,-89.956481,21.189302444458008,1995.0,0.16657087206840515,50
c4_045,4,-90.036513,21.153732299804688,1995.0,0.15447130799293518,50
c4_046,4,-89.98235321044922,21.169092178344727,1995.0,0.18898530304431915,50
c4_047,4,-89.992859,21.172864,1995.0,0.1628425419330597,50
c4_048,4,-89.948127,21.191457748413086,1995.0,0.10890242457389832,50
c4_049,4,-90.1195068359375,21.108461380004883,1995.0,0.3674857020378113,50
c4_050,4,-90.094718,21.12301254272461,1995.0,0.250842809677124,50
c5_045,5,-90.018998,21.166128158569336,1995.0,0.21850626170635223,50
c5_008,5,-90.034357,21.155618,1995.0,0.20906689763069153,50
c5_010,5,-89.957289,21.163703,1995.0,0.2720463275909424,50
c5_011,5,-90.004985,21.156696319580078,1995.0,0.16275064647197723,50
c5_012,5,-90.066424,21.154809951782227,1995.0,0.1112324669957161,50
c5_014,5,-90.006871,21.155887603759766,1995.0,0.1533113718032837,50
c5_016,5,-90.002829,21.15642738342285,1995.0,0.2155466377735138,50
c5_022,5,-90.044597,21.154809951782227,1995.0,0.19608557224273682,50
c5_024,5,-89.995284,21.15642738342285,1995.0,0.1626288890838623,50
c5_003,5,-90.056993,21.154541015625,1995.0,0.14227768778800964,50
c5_013,5,-90.020614,21.157235,1995.0,0.1648648977279663,50
c5_020,5,-90.027621,21.156966,1995.0,0.15693768858909607,50
c5_025,5,-90.03301239013672,21.15966033935547,1995.0,0.08375322073698044,50
c5_034,5,-90.012261,21.166397094726562,1995.0,0.1424688845872879,50
c5_040,5,-90.069658,21.154541015625,1995.0,0.14543884992599487,50
c5_041,5,-89.998787,21.156156539916992,1995.0,0.15902434289455414,50
c5_043,5,-90.113042,21.13729476928711,1995.0,0.28125548362731934,50
c5_002,5,-90.042172,21.156156539916992,1995.0,0.15965816378593445,50
c5_004,5,-90.034088,21.156966,1995.0,0.20657359063625336,50
c5_001,5,-89.996093,21.155887603759766,1995.0,0.24926482141017914,50
c5_006,5,-90.035435,21.154809951782227,1995.0,0.16496369242668152,50
c5_015,5,-89.942738,21.172864,1995.0,0.41466233134269714,50
c5_018,5,-90.0685806274414,21.152385,1995.0,0.22315290570259094,50
c5_026,5,-89.998248,21.172326,1995.0,0.46874698996543884,50
c5_033,5,-90.01980590820312,21.156966,1995.0,0.2560020685195923,50
c5_036,5,-90.041902,21.15750503540039,1995.0,0.25426554679870605,50
c5_039,5,-90.060496,21.15642738342285,1995.0,0.1970439851284027,50
c5_005,5,-90.041633,21.159929275512695,1995.0,0.3122485876083374,50
c5_009,5,-90.038938,21.154271,1995.0,0.2494765818119049,50
c5_019,5,-90.057262,21.155349,1995.0,0.13976013660430908,50
c5_021,5,-90.089598,21.148073196411133,1995.0,0.16300131380558014,50
c5_030,5,-90.071814,21.151845932006836,1995.0,0.21837471425533295,50
c5_031,5,-90.003099,21.155618,1995.0,0.2704656720161438,50
c5_035,5,-90.095527,21.151845932006836,1995.0,0.21429525315761566,50
c5_037,5,-89.996632,21.160469,1995.0,0.36243191361427307,50
c5_023,5,-89.978038,21.180139541625977,1995.0,0.25600630044937134,50
c5_017,5,-90.040555,21.145917892456055,1995.0,0.25269174575805664,50
c5_027,5,-90.08879089355469,21.150768280029297,1995.0,0.2861136198043823,50
c5_047,5,-90.001213,21.154541015625,1995.0,0.5549601912498474,50
c5_048,5,-90.028429,21.156696319580078,1995.0,0.2184440642595291,50
c5_029,5,-90.090407,21.149421,1995.0,0.15154707431793213,50
c5_032,5,-90.079359,21.150768280029297,1995.0,0.21902382373809814,50
c5_038,5,-90.04082489013672,21.156966,1995.0,0.21391858160495758,50
c5_046,5,-90.067233,21.152114868164062,1995.0,0.15886905789375305,50
c5_028,5,-90.095527,21.150499,1995.0,0.2631659209728241,50
c5_044,5,-89.973188,21.183374404907227,1995.0,0.332614004611969,50
c5_042,5,-90.08124542236328,21.149421,1995.0,0.2992711663246155,50
c5_007,5,-90.021962,21.143491744995117,1995.0,0.6105455160140991,50
c10_001,3,-90.028968,21.158313,1995.0,0.11905660480260849,50
c10_005,3,-89.954594,21.163972,1995.0,0.3782305419445038,50
c10_002,3,-90.033549,21.15858268737793,1995.0,0.12802623212337494,50
c10_003,3,-90.030046,21.158044,1995.0,0.16742545366287231,50
c10_004,3,-90.029507,21.157773971557617,1995.0,0.1931711882352829,50
c10_006,3,-90.03301239013672,21.159122467041016,1995.0,0.13444410264492035,50
c10_007,3,-90.03301239013672,21.158044,1995.0,0.1603756844997406,50
c10_009,3,-90.032741,21.15858268737793,1995.0,0.13923880457878113,50
c10_010,3,-90.030585,21.158044,1995.0,0.16613294184207916,50
c10_008,3,-89.95405578613281,21.163972,1995.0,0.36531883478164673,50
c1_051,1,-90.064538,21.118162155151367,1995.0,0.5780256986618042,50
c1_052,1,-90.05322265625,21.112234115600586,1995.0,0.6747322082519531,50
c1_053,1,-90.068041,21.142953,1995.0,0.543319821357727,50
c1_054,1,-90.00040435791016,21.124359130859375,1995.0,0.5949649810791016,50
c1_055,1,-90.049178,21.1402587890625,1995.0,0.6829933524131775,50
c2_051,2,-90.111695,21.123821258544922,1995.0,0.33924901485443115,50
c2_052,2,-90.02277374267578,21.139720916748047,1995.0,0.5157381296157837,50
c2_053,2,-89.941929,21.138911,1995.0,0.6958345770835876,50
c2_054,2,-89.950013,21.130019,1995.0,0.6470691561698914,50
c2_055,2,-90.106306,21.128941,1995.0,0.42416203022003174,50
c3_062,3,-90.086634,21.149690628051758,1995.0,0.1642942726612091,50
c3_051,3,-90.010914,21.144301,1995.0,0.7311909198760986,50
c3_055,3,-90.079359,21.150499,1995.0,0.24280798435211182,50
c3_058,3,-90.000943,21.171248,1995.0,0.45857372879981995,50
c3_052,3,-90.094179,21.114929,1995.0,0.6344565153121948,50
c3_059,3,-90.039208,21.1402587890625,1995.0,0.7000896334648132,50
c3_053,3,-90.013608,21.152114868164062,1995.0,0.776394784450531,50
c3_060,3,-89.958906,21.12489891052246,1995.0,0.8225954174995422,50
c3_057,3,-90.058071,21.159929275512695,1995.0,0.6113227009773254,50
c3_061,3,-89.973457,21.138911,1995.0,0.6764959096908569,50
c3_064,3,-89.989625,21.149959564208984,1995.0,0.6042597889900208,50
c3_063,3,-90.030046,21.125707,1995.0,0.7063323259353638,50
c3_065,3,-89.972379,21.162086486816406,1995.0,0.7025160789489746,50
c3_054,3,-90.029237,21.101455,1995.0,0.5719503164291382,50
c3_056,3,-90.008758,21.114120483398438,1995.0,0.5847866535186768,50
c4_051,4,-89.958906,21.191997,1995.0,0.033032603561878204,50
c4_052,4,-89.957828,21.178254,1995.0,0.09927644580602646,50
c4_053,4,-89.994476,21.172864,1995.0,0.14525574445724487,50
c4_054,4,-89.994745,21.168822,1995.0,0.014844248071312904,50
c4_055,4,-90.0025634765625,21.169631,1995.0,0.07858570665121078,50
c1_001,1,-90.056184,21.12301254272461,1996.0,0.6916512846946716,51
c1_002,1,-89.984506,21.126246,1996.0,0.7030683159828186,51
c1_003,1,-90.070197,21.140798,1996.0,0.5976914167404175,51
c1_004,1,-90.057801,21.145648,1996.0,0.723777711391449,51
c1_005,1,-90.024926,21.145379,1996.0,0.5851211547851562,51
c1_006,1,-89.979386,21.130288,1996.0,0.6447919607162476,51
c1_007,1,-90.08636474609375,21.137025,1996.0,0.5595213770866394,51
c1_008,1,-89.952169,21.14322280883789,1996.0,0.692916214466095,51
c1_009,1,-90.055106,21.138911,1996.0,0.49751853942871094,51
c1_010,1,-89.945702,21.14322280883789,1996.0,0.6660646796226501,51
c1_011,1,-89.958098,21.149151,1996.0,0.7152709364891052,51
c1_012,1,-90.036783,21.117354,1996.0,0.7665810585021973,51
c1_013,1,-90.113042,21.085018157958984,1996.0,0.7856464982032776,51
c1_014,1,-89.944085,21.154002,1996.0,0.7604064345359802,51
c1_015,1,-90.065885,21.113581,1996.0,0.6317765116691589,51
c1_016,1,-90.064538,21.121126174926758,1996.0,0.673420786857605,51
c1_017,1,-90.01280212402344,21.122474,1996.0,0.6792231798171997,51
c1_018,1,-90.013608,21.150499,1996.0,0.7062496542930603,51
c1_019,1,-90.075856,21.141876220703125,1996.0,0.7168604135513306,51
c1_020,1,-90.063729,21.119510650634766,1996.0,0.6115136742591858,51
c1_021,1,-90.112234,21.128671646118164,1996.0,0.25386062264442444,51
c1_022,1,-89.970224,21.131635665893555,1996.0,0.5808587074279785,51
c1_023,1,-90.049448,21.111425399780273,1996.0,0.6403321027755737,51
c1_024,1,-90.076933,21.135408401489258,1996.0,0.6519590020179749,51
c1_025,1,-90.09391021728516,21.143762,1996.0,0.724036455154419,51
c1_026,1,-89.940852,21.145917892456055,1996.0,0.746176540851593,51
c1_027,1,-89.945163,21.154002,1996.0,0.6945099234580994,51
c1_028,1,-90.098491,21.127324,1996.0,0.6722221374511719,51
c1_029,1,-90.003368,21.149421,1996.0,0.584913969039917,51
c1_030,1,-89.972918,21.124629,1996.0,0.7539031505584717,51
c1_031,1,-90.003907,21.124359130859375,1996.0,0.5821816921234131,51
c1_032,1,-90.066694,21.0987606048584,1996.0,0.6865167021751404,51
c1_033,1,-89.994745,21.123552322387695,1996.0,0.6407957077026367,51
c1_034,1,-90.08879089355469,21.142953,1996.0,0.6192759871482849,51
c1_035,1,-90.063191,21.110887,1996.0,0.5989550352096558,51
c1_036,1,-89.960523,21.137563705444336,1996.0,0.7282218933105469,51
c1_037,1,-90.094179,21.093371,1996.0,0.7042996883392334,51
c1_038,1,-90.0025634765625,21.122743,1996.0,0.5957556366920471,51
c1_039,1,-90.051334,21.132714,1996.0,0.6027127504348755,51
c1_040,1,-90.066694,21.13837242126465,1996.0,0.5347132086753845,51
c1_041,1,-90.116815,21.0882511138916,1996.0,0.6662504076957703,51
c1_042,1,-90.057801,21.148612,1996.0,0.6610379219055176,51
c1_043,1,-90.080706,21.141876220703125,1996.0,0.6142609119415283,51
c1_044,1,-89.947319,21.188493728637695,1996.0,0.5972510576248169,51
c1_045,1,-89.981811,21.124091,1996.0,0.7390804290771484,51
c1_046,1,-90.058879,21.128671646118164,1996.0,0.5639230608940125,51
c1_047,1,-90.075317,21.10361099243164,1996.0,0.7378572225570679,51
c1_048,1,-90.003638,21.150768280029297,1996.0,0.6339961886405945,51
c1_049,1,-90.026543,21.122743,1996.0,0.706165075302124,51
c1_050,1,-90.108731,21.117623,1996.0,0.740699052810669,51
c2_001,2,-89.960253,21.154002,1996.0,0.6221458315849304,51
c2_002,2,-90.117623,21.133522033691406,1996.0,0.3556637167930603,51
c2_003,2,-90.07881927490234,21.09229278564453,1996.0,0.6976237297058105,51
c2_004,2,-89.978847,21.15022850036621,1996.0,0.7156703472137451,51
c2_005,2,-90.089329,21.09364128112793,1996.0,0.7689147591590881,51
c2_006,2,-90.11412048339844,21.100377,1996.0,0.6461554765701294,51
c2_007,2,-90.106036,21.131635665893555,1996.0,0.647022008895874,51
c2_008,2,-90.001213,21.145379,1996.0,0.7308195233345032,51
c2_009,2,-89.963217,21.183913,1996.0,0.30079641938209534,51
c2_010,2,-90.10226440429688,21.144301,1996.0,0.48455944657325745,51
c2_011,2,-89.958636,21.125438,1996.0,0.7043280601501465,51
c2_012,2,-90.097413,21.149959564208984,1996.0,0.6051623225212097,51
c2_013,2,-90.100647,21.106845,1996.0,0.6323757171630859,51
c2_014,2,-90.04594421386719,21.111156463623047,1996.0,0.5292166471481323,51
c2_015,2,-90.068849,21.102802276611328,1996.0,0.783953070640564,51
c2_016,2,-90.118162,21.135947,1996.0,0.3607271611690521,51
c2_017,2,-89.96214294433594,21.120587,1996.0,0.7185112833976746,51
c2_018,2,-89.981541,21.148343,1996.0,0.5434347987174988,51
c2_019,2,-90.041364,21.101186,1996.0,0.7437310218811035,51
c2_020,2,-90.082592,21.10064697265625,1996.0,0.7489482760429382,51
c2_021,2,-89.945163,21.161008,1996.0,0.6401894688606262,51
c2_022,2,-90.01280212402344,21.118162155151367,1996.0,0.6821425557136536,51
c2_023,2,-89.94165802001953,21.17879295349121,1996.0,0.47252461314201355,51
c2_024,2,-89.940043,21.179332,1996.0,0.5466445088386536,51
c2_025,2,-89.942199,21.169092178344727,1996.0,0.6563622355461121,51
c2_026,2,-90.04837036132812,21.15858268737793,1996.0,0.42607182264328003,51
c2_027,2,-90.018189,21.155078887939453,1996.0,0.5819445848464966,51
c2_028,2,-90.018998,21.118701,1996.0,0.6292183995246887,51
c2_029,2,-89.960253,21.166936,1996.0,0.7967162728309631,51
c2_030,2,-90.08636474609375,21.13918113708496,1996.0,0.6759039163589478,51
c2_031,2,-90.006871,21.167745,1996.0,0.35432472825050354,51
c2_032,2,-89.9599838256836,21.15750503540039,1996.0,0.5179769396781921,51
c2_033,2,-90.052412,21.115737,1996.0,0.6881428360939026,51
c2_034,2,-90.075586,21.099569,1996.0,0.6741368174552917,51
c2_035,2,-90.108731,21.095796,1996.0,0.5611222982406616,51
c2_036,2,-90.026543,21.155078887939453,1996.0,0.7511110305786133,51
c2_037,2,-90.006871,21.131097,1996.0,0.6463413238525391,51
c2_038,2,-90.080167,21.099838256835938,1996.0,0.747412919998169,51
c2_039,2,-89.947588,21.136486053466797,1996.0,0.7280712723731995,51
c2_040,2,-90.061304,21.10468864440918,1996.0,0.7139891386032104,51
c2_041,2,-90.075856,21.134868621826172,1996.0,0.7286558151245117,51
c2_042,2,-89.99959564208984,21.12004852294922,1996.0,0.656286895275116,51
c2_043,2,-90.101725,21.08043670654297,1996.0,0.7413210272789001,51
c2_044,2,-90.026004,21.113851,1996.0,0.7673686146736145,51
c2_045,2,-90.118162,21.129209518432617,1996.0,0.6682928204536438,51
c2_046,2,-89.94139099121094,21.172056198120117,1996.0,0.7078055143356323,51
c2_047,2,-89.969685,21.1402587890625,1996.0,0.7509800791740417,51
c2_048,2,-90.1038818359375,21.095527,1996.0,0.6093342900276184,51
c2_049,2,-89.99231719970703,21.149690628051758,1996.0,0.6264955401420593,51
c2_050,2,-89.950822,21.121396,1996.0,0.7554143071174622,51
c3_045,3,-89.992859,21.161815643310547,1996.0,0.22329889237880707,51
c3_003,3,-90.034357,21.15858268737793,1996.0,0.131515771150589,51
c3_026,3,-89.986931,21.149959564208984,1996.0,0.8041121363639832,51
c3_008,3,-90.084209,21.151576,1996.0,0.3500964343547821,51
c3_017,3,-89.970493,21.159929275512695,1996.0,0.6411459445953369,51
c3_004,3,-89.982619,21.180679,1996.0,0.14857767522335052,51
c3_040,3,-89.9742660522461,21.185529708862305,1996.0,0.7447683215141296,51
c3_024,3,-89.97722625732422,21.183913,1996.0,0.6986098885536194,51
c3_013,3,-89.995823,21.13837242126465,1996.0,0.7559092044830322,51
c3_018,3,-90.062113,21.107114,1996.0,0.790698230266571,51
c3_007,3,-90.088521,21.146995,1996.0,0.3280653953552246,51
c3_014,3,-89.951361,21.199003219604492,1996.0,0.6125289797782898,51
c3_042,3,-89.950283,21.199003219604492,1996.0,0.5008963346481323,51
c3_029,3,-90.000135,21.137563705444336,1996.0,0.6713364720344543,51
c3_005,3,-90.003638,21.111964,1996.0,0.6392702460289001,51
c3_022,3,-90.005524,21.112503051757812,1996.0,0.681873083114624,51
c3_002,3,-89.953786,21.197656,1996.0,0.5261946320533752,51
c3_015,3,-89.940852,21.162086486816406,1996.0,0.7160770893096924,51
c3_020,3,-90.016842,21.116006,1996.0,0.7172132134437561,51
c3_027,3,-89.982619,21.149421,1996.0,0.6191108822822571,51
c3_030,3,-89.942738,21.1674747467041,1996.0,0.6862451434135437,51
c3_050,3,-89.941929,21.168553,1996.0,0.5818530321121216,51
c3_009,3,-89.986392,21.149959564208984,1996.0,0.8061877489089966,51
c3_033,3,-90.039208,21.102802276611328,1996.0,0.7105178236961365,51
c3_038,3,-89.976152,21.169361114501953,1996.0,0.520103394985199,51
c3_023,3,-89.97183990478516,21.169361114501953,1996.0,0.5961412191390991,51
c3_032,3,-90.00040435791016,21.138642,1996.0,0.6380157470703125,51
c3_046,3,-89.994476,21.137832641601562,1996.0,0.4541070759296417,51
c3_025,3,-89.947049,21.157235,1996.0,0.7287406921386719,51
c3_028,3,-89.976421,21.165858,1996.0,0.6887595057487488,51
c3_036,3,-89.95189666748047,21.162894,1996.0,0.589061439037323,51
c3_021,3,-90.007141,21.131635665893555,1996.0,0.657332181930542,51
c3_035,3,-90.000943,21.144569396972656,1996.0,0.7013870477676392,51
c3_037,3,-89.97183990478516,21.162086486816406,1996.0,0.592753529548645,51
c3_039,3,-89.976691,21.168283462524414,1996.0,0.6050417423248291,51
c3_041,3,-89.973996,21.137563705444336,1996.0,0.6618250608444214,51
c3_034,3,-90.041364,21.1402587890625,1996.0,0.6026034355163574,51
c3_047,3,-90.028698,21.126246,1996.0,0.7712562680244446,51
c3_048,3,-90.030315,21.124359130859375,1996.0,0.7031002640724182,51
c3_011,3,-90.035974,21.099299,1996.0,0.6677051782608032,51
c3_001,3,-90.080437,21.100377,1996.0,0.6844117641448975,51
c3_006,3,-89.94677734375,21.202237,1996.0,0.7703394293785095,51
c3_019,3,-89.958367,21.172056198120117,1996.0,0.7489610910415649,51
c3_031,3,-90.00740814208984,21.113042,1996.0,0.7162403464317322,51
c3_010,3,-90.01252746582031,21.114659,1996.0,0.7229631543159485,51
c3_012,3,-90.00768280029297,21.114389419555664,1996.0,0.6050108075141907,51
c3_016,3,-90.045675,21.097951889038086,1996.0,0.5466709136962891,51
c3_043,3,-89.967259,21.189841,1996.0,0.7758932709693909,51
c3_044,3,-90.046214,21.097413,1996.0,0.6609890460968018,51
c3_049,3,-90.016033,21.116006,1996.0,0.7043863534927368,51
c4_001,4,-90.002021,21.168822,1996.0,0.22650113701820374,51
c4_002,4,-90.013878,21.166397094726562,1996.0,0.16205471754074097,51
c4_003,4,-90.040286,21.149421,1996.0,0.2924117147922516,51
c4_004,4,-89.94139099121094,21.181487,1996.0,0.16851849853992462,51
c4_005,4,-89.967529,21.183643341064453,1996.0,0.18637463450431824,51
c4_006,4,-89.943277,21.200620651245117,1996.0,0.09552285820245743,51
c4_007,4,-89.968068,21.171248,1996.0,0.21932725608348846,51
c4_008,4,-90.035705,21.15346336364746,1996.0,0.27220577001571655,51
c4_009,4,-89.967798,21.179332,1996.0,-0.1260509490966797,51
c4_010,4,-89.949205,21.194961,1996.0,0.08920857310295105,51
c4_011,4,-89.943007,21.202506,1996.0,0.13635805249214172,51
c4_012,4,-89.945163,21.199811,1996.0,0.06162377819418907,51
c4_013,4,-89.972379,21.174481,1996.0,0.0186877753585577,51
c4_014,4,-90.041633,21.148612,1996.0,0.183291494846344,51
c4_015,4,-89.960792,21.190380096435547,1996.0,0.06781747192144394,51
c4_016,4,-89.958098,21.184452056884766,1996.0,0.1275220811367035,51
c4_017,4,-90.074239,21.133790969848633,1996.0,0.32553672790527344,51
c4_018,4,-89.950822,21.1922664642334,1996.0,-0.01854255050420761,51
c4_019,4,-89.996901,21.149959564208984,1996.0,0.38777968287467957,51
c4_020,4,-89.960523,21.186338424682617,1996.0,0.04409842938184738,51
c4_021,4,-89.9465103149414,21.185529708862305,1996.0,0.08678336441516876,51
c4_022,4,-89.957828,21.185529708862305,1996.0,0.1649388074874878,51
c4_023,4,-90.035705,21.144301,1996.0,0.48977911472320557,51
c4_024,4,-90.022501,21.156966,1996.0,0.14144626259803772,51
c4_025,4,-89.981002,21.165319,1996.0,0.2054545283317566,51
c4_026,4,-90.027621,21.162355422973633,1996.0,0.09722045809030533,51
c4_027,4,-89.949475,21.19415283203125,1996.0,-0.05197472497820854,51
c4_028,4,-89.940852,21.201428,1996.0,0.10483727604150772,51
c4_029,4,-89.961601,21.190919,1996.0,0.15778063237667084,51
c4_030,4,-90.041364,21.151576,1996.0,0.4307384192943573,51
c4_031,4,-90.062382,21.153732299804688,1996.0,0.23858390748500824,51
c4_032,4,-89.944085,21.193883,1996.0,0.07204686105251312,51
c4_033,4,-89.981811,21.164511,1996.0,0.3252948522567749,51
c4_034,4,-89.940313,21.199811,1996.0,0.06704597920179367,51
c4_035,4,-90.072622,21.132714,1996.0,0.3682894706726074,51
c4_036,4,-89.942738,21.183643341064453,1996.0,0.12995792925357819,51
c4_037,4,-89.9742660522461,21.173673,1996.0,0.2959391474723816,51
c4_038,4,-89.966451,21.182565,1996.0,0.11660482734441757,51
c4_039,4,-90.014147,21.163972,1996.0,0.059077709913253784,51
c4_040,4,-89.944355,21.201428,1996.0,0.1250787079334259,51
c4_041,4,-90.011183,21.148881912231445,1996.0,0.5378273725509644,51
c4_042,4,-90.071814,21.131635665893555,1996.0,0.3671410083770752,51
c4_043,4,-90.11438751220703,21.11061668395996,1996.0,0.5688954591751099,51
c4_044,4,-89.956481,21.189302444458008,1996.0,0.13455282151699066,51
c4_045,4,-90.036513,21.153732299804688,1996.0,0.21725237369537354,51
c4_046,4,-89.98235321044922,21.169092178344727,1996.0,0.16793477535247803,51
c4_047,4,-89.992859,21.172864,1996.0,0.1626199334859848,51
c4_048,4,-89.948127,21.191457748413086,1996.0,0.1476392298936844,51
c4_049,4,-90.1195068359375,21.108461380004883,1996.0,0.4292282462120056,51
c4_050,4,-90.094718,21.12301254272461,1996.0,0.21363061666488647,51
c5_045,5,-90.018998,21.166128158569336,1996.0,0.20969842374324799,51
c5_008,5,-90.034357,21.155618,1996.0,0.23145055770874023,51
c5_010,5,-89.957289,21.163703,1996.0,0.26481083035469055,51
c5_011,5,-90.004985,21.156696319580078,1996.0,0.20280499756336212,51
c5_012,5,-90.066424,21.154809951782227,1996.0,0.25104057788848877,51
c5_014,5,-90.006871,21.155887603759766,1996.0,0.20988814532756805,51
c5_016,5,-90.002829,21.15642738342285,1996.0,0.25504982471466064,51
c5_022,5,-90.044597,21.154809951782227,1996.0,0.18393556773662567,51
c5_024,5,-89.995284,21.15642738342285,1996.0,0.2313123494386673,51
c5_003,5,-90.056993,21.154541015625,1996.0,0.2709794342517853,51
c5_013,5,-90.020614,21.157235,1996.0,0.19198620319366455,51
c5_020,5,-90.027621,21.156966,1996.0,0.18261438608169556,51
c5_025,5,-90.03301239013672,21.15966033935547,1996.0,0.04994611814618111,51
c5_034,5,-90.012261,21.166397094726562,1996.0,0.14966478943824768,51
c5_040,5,-90.069658,21.154541015625,1996.0,0.26973170042037964,51
c5_041,5,-89.998787,21.156156539916992,1996.0,0.2419513612985611,51
c5_043,5,-90.113042,21.13729476928711,1996.0,0.3330543041229248,51
c5_002,5,-90.042172,21.156156539916992,1996.0,0.14161232113838196,51
c5_004,5,-90.034088,21.156966,1996.0,0.20382733643054962,51
c5_001,5,-89.996093,21.155887603759766,1996.0,0.2939783036708832,51
c5_006,5,-90.035435,21.154809951782227,1996.0,0.2390674501657486,51
c5_015,5,-89.942738,21.172864,1996.0,0.383543998003006,51
c5_018,5,-90.0685806274414,21.152385,1996.0,0.29939982295036316,51
c5_026,5,-89.998248,21.172326,1996.0,0.5929087400436401,51
c5_033,5,-90.01980590820312,21.156966,1996.0,0.3138735592365265,51
c5_036,5,-90.041902,21.15750503540039,1996.0,0.23644202947616577,51
c5_039,5,-90.060496,21.15642738342285,1996.0,0.29445233941078186,51
c5_005,5,-90.041633,21.159929275512695,1996.0,0.3703705072402954,51
c5_009,5,-90.038938,21.154271,1996.0,0.27408456802368164,51
c5_019,5,-90.057262,21.155349,1996.0,0.23393134772777557,51
c5_021,5,-90.089598,21.148073196411133,1996.0,0.24011476337909698,51
c5_030,5,-90.071814,21.151845932006836,1996.0,0.3250123858451843,51
c5_031,5,-90.003099,21.155618,1996.0,0.3045199513435364,51
c5_035,5,-90.095527,21.151845932006836,1996.0,0.26966461539268494,51
c5_037,5,-89.996632,21.160469,1996.0,0.46647924184799194,51
c5_023,5,-89.978038,21.180139541625977,1996.0,0.13121864199638367,51
c5_017,5,-90.040555,21.145917892456055,1996.0,0.28184959292411804,51
c5_027,5,-90.08879089355469,21.150768280029297,1996.0,0.47878316044807434,51
c5_047,5,-90.001213,21.154541015625,1996.0,0.5698385238647461,51
c5_048,5,-90.028429,21.156696319580078,1996.0,0.24861246347427368,51
c5_029,5,-90.090407,21.149421,1996.0,0.3399267792701721,51
c5_032,5,-90.079359,21.150768280029297,1996.0,0.35187828540802,51
c5_038,5,-90.04082489013672,21.156966,1996.0,0.23903784155845642,51
c5_046,5,-90.067233,21.152114868164062,1996.0,0.2880745530128479,51
c5_028,5,-90.095527,21.150499,1996.0,0.36468705534935,51
c5_044,5,-89.973188,21.183374404907227,1996.0,0.19991333782672882,51
c5_042,5,-90.08124542236328,21.149421,1996.0,0.4141160249710083,51
c5_007,5,-90.021962,21.143491744995117,1996.0,0.6003579497337341,51
c10_001,3,-90.028968,21.158313,1996.0,0.15062065422534943,51
c10_005,3,-89.954594,21.163972,1996.0,0.34742170572280884,51
c10_002,3,-90.033549,21.15858268737793,1996.0,0.11698076874017715,51
c10_003,3,-90.030046,21.158044,1996.0,0.19091124832630157,51
c10_004,3,-90.029507,21.157773971557617,1996.0,0.21324461698532104,51
c10_006,3,-90.03301239013672,21.159122467041016,1996.0,0.12037597596645355,51
c10_007,3,-90.03301239013672,21.158044,1996.0,0.16524946689605713,51
c10_009,3,-90.032741,21.15858268737793,1996.0,0.13606737554073334,51
c10_010,3,-90.030585,21.158044,1996.0,0.17785698175430298,51
c10_008,3,-89.95405578613281,21.163972,1996.0,0.31147658824920654,51
c1_051,1,-90.064538,21.118162155151367,1996.0,0.571952760219574,51
c1_052,1,-90.05322265625,21.112234115600586,1996.0,0.6829121112823486,51
c1_053,1,-90.068041,21.142953,1996.0,0.6004079580307007,51
c1_054,1,-90.00040435791016,21.124359130859375,1996.0,0.6120842695236206,51
c1_055,1,-90.049178,21.1402587890625,1996.0,0.6879330277442932,51
c2_051,2,-90.111695,21.123821258544922,1996.0,0.4125994145870209,51
c2_052,2,-90.02277374267578,21.139720916748047,1996.0,0.5844316482543945,51
c2_053,2,-89.941929,21.138911,1996.0,0.7695335149765015,51
c2_054,2,-89.950013,21.130019,1996.0,0.697045087814331,51
c2_055,2,-90.106306,21.128941,1996.0,0.48681333661079407,51
c3_062,3,-90.086634,21.149690628051758,1996.0,0.293031245470047,51
c3_051,3,-90.010914,21.144301,1996.0,0.7113443613052368,51
c3_055,3,-90.079359,21.150499,1996.0,0.359641432762146,51
c3_058,3,-90.000943,21.171248,1996.0,0.5537648797035217,51
c3_052,3,-90.094179,21.114929,1996.0,0.6080346703529358,51
c3_059,3,-90.039208,21.1402587890625,1996.0,0.7238966822624207,51
c3_053,3,-90.013608,21.152114868164062,1996.0,0.8013827204704285,51
c3_060,3,-89.958906,21.12489891052246,1996.0,0.820809006690979,51
c3_057,3,-90.058071,21.159929275512695,1996.0,0.6539835333824158,51
c3_061,3,-89.973457,21.138911,1996.0,0.6885396242141724,51
c3_064,3,-89.989625,21.149959564208984,1996.0,0.6408991813659668,51
c3_063,3,-90.030046,21.125707,1996.0,0.7176390886306763,51
c3_065,3,-89.972379,21.162086486816406,1996.0,0.6804133653640747,51
c3_054,3,-90.029237,21.101455,1996.0,0.6846208572387695,51
c3_056,3,-90.008758,21.114120483398438,1996.0,0.6900228261947632,51
c4_051,4,-89.958906,21.191997,1996.0,0.09862987697124481,51
c4_052,4,-89.957828,21.178254,1996.0,0.1366473138332367,51
c4_053,4,-89.994476,21.172864,1996.0,0.12130837887525558,51
c4_054,4,-89.994745,21.168822,1996.0,0.055506009608507156,51
c4_055,4,-90.0025634765625,21.169631,1996.0,0.07873412221670151,51
c1_001,1,-90.056184,21.12301254272461,1997.0,0.705639123916626,59
c1_002,1,-89.984506,21.126246,1997.0,0.7183770537376404,59
c1_003,1,-90.070197,21.140798,1997.0,0.6679489016532898,59
c1_004,1,-90.057801,21.145648,1997.0,0.7564529180526733,59
c1_005,1,-90.024926,21.145379,1997.0,0.5951614379882812,59
c1_006,1,-89.979386,21.130288,1997.0,0.7209644317626953,59
c1_007,1,-90.08636474609375,21.137025,1997.0,0.6399314403533936,59
c1_008,1,-89.952169,21.14322280883789,1997.0,0.724066972732544,59
c1_009,1,-90.055106,21.138911,1997.0,0.5496650338172913,59
c1_010,1,-89.945702,21.14322280883789,1997.0,0.6848196983337402,59
c1_011,1,-89.958098,21.149151,1997.0,0.7244448661804199,59
c1_012,1,-90.036783,21.117354,1997.0,0.7657515406608582,59
c1_013,1,-90.113042,21.085018157958984,1997.0,0.7801424264907837,59
c1_014,1,-89.944085,21.154002,1997.0,0.7735775113105774,59
c1_015,1,-90.065885,21.113581,1997.0,0.6044749617576599,59
c1_016,1,-90.064538,21.121126174926758,1997.0,0.6970741748809814,59
c1_017,1,-90.01280212402344,21.122474,1997.0,0.6941800117492676,59
c1_018,1,-90.013608,21.150499,1997.0,0.7364162802696228,59
c1_019,1,-90.075856,21.141876220703125,1997.0,0.7673754096031189,59
c1_020,1,-90.063729,21.119510650634766,1997.0,0.6414410471916199,59
c1_021,1,-90.112234,21.128671646118164,1997.0,0.3927557170391083,59
c1_022,1,-89.970224,21.131635665893555,1997.0,0.5963349342346191,59
c1_023,1,-90.049448,21.111425399780273,1997.0,0.6965532898902893,59
c1_024,1,-90.076933,21.135408401489258,1997.0,0.717119038105011,59
c1_025,1,-90.09391021728516,21.143762,1997.0,0.7716657519340515,59
c1_026,1,-89.940852,21.145917892456055,1997.0,0.7600535750389099,59
c1_027,1,-89.945163,21.154002,1997.0,0.7411868572235107,59
c1_028,1,-90.098491,21.127324,1997.0,0.7209421992301941,59
c1_029,1,-90.003368,21.149421,1997.0,0.6213817000389099,59
c1_030,1,-89.972918,21.124629,1997.0,0.7542457580566406,59
c1_031,1,-90.003907,21.124359130859375,1997.0,0.6598124504089355,59
c1_032,1,-90.066694,21.0987606048584,1997.0,0.7234563827514648,59
c1_033,1,-89.994745,21.123552322387695,1997.0,0.6137025952339172,59
c1_034,1,-90.08879089355469,21.142953,1997.0,0.6748605966567993,59
c1_035,1,-90.063191,21.110887,1997.0,0.6387465596199036,59
c1_036,1,-89.960523,21.137563705444336,1997.0,0.7329572439193726,59
c1_037,1,-90.094179,21.093371,1997.0,0.7130420207977295,59
c1_038,1,-90.0025634765625,21.122743,1997.0,0.6487908363342285,59
c1_039,1,-90.051334,21.132714,1997.0,0.6269086003303528,59
c1_040,1,-90.066694,21.13837242126465,1997.0,0.627848744392395,59
c1_041,1,-90.116815,21.0882511138916,1997.0,0.7174763083457947,59
c1_042,1,-90.057801,21.148612,1997.0,0.7437310218811035,59
c1_043,1,-90.080706,21.141876220703125,1997.0,0.6220309138298035,59
c1_044,1,-89.947319,21.188493728637695,1997.0,0.6210557222366333,59
c1_045,1,-89.981811,21.124091,1997.0,0.7560356855392456,59
c1_046,1,-90.058879,21.128671646118164,1997.0,0.6367475390434265,59
c1_047,1,-90.075317,21.10361099243164,1997.0,0.7446343302726746,59
c1_048,1,-90.003638,21.150768280029297,1997.0,0.6915507316589355,59
c1_049,1,-90.026543,21.122743,1997.0,0.7560847401618958,59
c1_050,1,-90.108731,21.117623,1997.0,0.7450125813484192,59
c2_001,2,-89.960253,21.154002,1997.0,0.6199092268943787,59
c2_002,2,-90.117623,21.133522033691406,1997.0,0.40729084610939026,59
c2_003,2,-90.07881927490234,21.09229278564453,1997.0,0.7234690189361572,59
c2_004,2,-89.978847,21.15022850036621,1997.0,0.7283141613006592,59
c2_005,2,-90.089329,21.09364128112793,1997.0,0.7659693956375122,59
c2_006,2,-90.11412048339844,21.100377,1997.0,0.6495549082756042,59
c2_007,2,-90.106036,21.131635665893555,1997.0,0.678511917591095,59
c2_008,2,-90.001213,21.145379,1997.0,0.7492231726646423,59
c2_009,2,-89.963217,21.183913,1997.0,0.27136749029159546,59
c2_010,2,-90.10226440429688,21.144301,1997.0,0.5639806985855103,59
c2_011,2,-89.958636,21.125438,1997.0,0.7430428266525269,59
c2_012,2,-90.097413,21.149959564208984,1997.0,0.606230616569519,59
c2_013,2,-90.100647,21.106845,1997.0,0.6350729465484619,59
c2_014,2,-90.04594421386719,21.111156463623047,1997.0,0.6028649806976318,59
c2_015,2,-90.068849,21.102802276611328,1997.0,0.7993205785751343,59
c2_016,2,-90.118162,21.135947,1997.0,0.29362213611602783,59
c2_017,2,-89.96214294433594,21.120587,1997.0,0.7375621795654297,59
c2_018,2,-89.981541,21.148343,1997.0,0.592739462852478,59
c2_019,2,-90.041364,21.101186,1997.0,0.7076622843742371,59
c2_020,2,-90.082592,21.10064697265625,1997.0,0.759312629699707,59
c2_021,2,-89.945163,21.161008,1997.0,0.6539199948310852,59
c2_022,2,-90.01280212402344,21.118162155151367,1997.0,0.7249536514282227,59
c2_023,2,-89.94165802001953,21.17879295349121,1997.0,0.48548516631126404,59
c2_024,2,-89.940043,21.179332,1997.0,0.573874831199646,59
c2_025,2,-89.942199,21.169092178344727,1997.0,0.6833510994911194,59
c2_026,2,-90.04837036132812,21.15858268737793,1997.0,0.40135088562965393,59
c2_027,2,-90.018189,21.155078887939453,1997.0,0.5954728722572327,59
c2_028,2,-90.018998,21.118701,1997.0,0.6542574763298035,59
c2_029,2,-89.960253,21.166936,1997.0,0.8045535683631897,59
c2_030,2,-90.08636474609375,21.13918113708496,1997.0,0.7144743800163269,59
c2_031,2,-90.006871,21.167745,1997.0,0.3357076048851013,59
c2_032,2,-89.9599838256836,21.15750503540039,1997.0,0.5249414443969727,59
c2_033,2,-90.052412,21.115737,1997.0,0.7240592241287231,59
c2_034,2,-90.075586,21.099569,1997.0,0.6680716872215271,59
c2_035,2,-90.108731,21.095796,1997.0,0.5942015647888184,59
c2_036,2,-90.026543,21.155078887939453,1997.0,0.7726285457611084,59
c2_037,2,-90.006871,21.131097,1997.0,0.6812513470649719,59
c2_038,2,-90.080167,21.099838256835938,1997.0,0.7461664080619812,59
c2_039,2,-89.947588,21.136486053466797,1997.0,0.7256602048873901,59
c2_040,2,-90.061304,21.10468864440918,1997.0,0.734703779220581,59
c2_041,2,-90.075856,21.134868621826172,1997.0,0.7501797676086426,59
c2_042,2,-89.99959564208984,21.12004852294922,1997.0,0.6606959104537964,59
c2_043,2,-90.101725,21.08043670654297,1997.0,0.7261635065078735,59
c2_044,2,-90.026004,21.113851,1997.0,0.7547881603240967,59
c2_045,2,-90.118162,21.129209518432617,1997.0,0.7184998989105225,59
c2_046,2,-89.94139099121094,21.172056198120117,1997.0,0.7243038415908813,59
c2_047,2,-89.969685,21.1402587890625,1997.0,0.7633346915245056,59
c2_048,2,-90.1038818359375,21.095527,1997.0,0.5920888781547546,59
c2_049,2,-89.99231719970703,21.149690628051758,1997.0,0.617345929145813,59
c2_050,2,-89.950822,21.121396,1997.0,0.7275343537330627,59
c3_045,3,-89.992859,21.161815643310547,1997.0,0.20637349784374237,59
c3_003,3,-90.034357,21.15858268737793,1997.0,0.11422158032655716,59
c3_026,3,-89.986931,21.149959564208984,1997.0,0.7980424165725708,59
c3_008,3,-90.084209,21.151576,1997.0,0.3187970519065857,59
c3_017,3,-89.970493,21.159929275512695,1997.0,0.6613252758979797,59
c3_004,3,-89.982619,21.180679,1997.0,0.16982805728912354,59
c3_040,3,-89.9742660522461,21.185529708862305,1997.0,0.7697359919548035,59
c3_024,3,-89.97722625732422,21.183913,1997.0,0.7273319363594055,59
c3_013,3,-89.995823,21.13837242126465,1997.0,0.7656399011611938,59
c3_018,3,-90.062113,21.107114,1997.0,0.788253903388977,59
c3_007,3,-90.088521,21.146995,1997.0,0.2517794966697693,59
c3_014,3,-89.951361,21.199003219604492,1997.0,0.6480797529220581,59
c3_042,3,-89.950283,21.199003219604492,1997.0,0.5675025582313538,59
c3_029,3,-90.000135,21.137563705444336,1997.0,0.7094252109527588,59
c3_005,3,-90.003638,21.111964,1997.0,0.6560767889022827,59
c3_022,3,-90.005524,21.112503051757812,1997.0,0.6843245029449463,59
c3_002,3,-89.953786,21.197656,1997.0,0.6295977234840393,59
c3_015,3,-89.940852,21.162086486816406,1997.0,0.724937379360199,59
c3_020,3,-90.016842,21.116006,1997.0,0.7271425724029541,59
c3_027,3,-89.982619,21.149421,1997.0,0.6318206787109375,59
c3_030,3,-89.942738,21.1674747467041,1997.0,0.7323863506317139,59
c3_050,3,-89.941929,21.168553,1997.0,0.5910316109657288,59
c3_009,3,-89.986392,21.149959564208984,1997.0,0.7975412607192993,59
c3_033,3,-90.039208,21.102802276611328,1997.0,0.6778896450996399,59
c3_038,3,-89.976152,21.169361114501953,1997.0,0.565827488899231,59
c3_023,3,-89.97183990478516,21.169361114501953,1997.0,0.6205565929412842,59
c3_032,3,-90.00040435791016,21.138642,1997.0,0.6472976207733154,59
c3_046,3,-89.994476,21.137832641601562,1997.0,0.5698450803756714,59
c3_025,3,-89.947049,21.157235,1997.0,0.704825222492218,59
c3_028,3,-89.976421,21.165858,1997.0,0.7197714447975159,59
c3_036,3,-89.95189666748047,21.162894,1997.0,0.5881783366203308,59
c3_021,3,-90.007141,21.131635665893555,1997.0,0.6955732703208923,59
c3_035,3,-90.000943,21.144569396972656,1997.0,0.7005038857460022,59
c3_037,3,-89.97183990478516,21.162086486816406,1997.0,0.6753620505332947,59
c3_039,3,-89.976691,21.168283462524414,1997.0,0.6326974630355835,59
c3_041,3,-89.973996,21.137563705444336,1997.0,0.6889002323150635,59
c3_034,3,-90.041364,21.1402587890625,1997.0,0.5798035264015198,59
c3_047,3,-90.028698,21.126246,1997.0,0.7805702686309814,59
c3_048,3,-90.030315,21.124359130859375,1997.0,0.7135766744613647,59
c3_011,3,-90.035974,21.099299,1997.0,0.6700605154037476,59
c3_001,3,-90.080437,21.100377,1997.0,0.6825947165489197,59
c3_006,3,-89.94677734375,21.202237,1997.0,0.7768025398254395,59
c3_019,3,-89.958367,21.172056198120117,1997.0,0.7850747108459473,59
c3_031,3,-90.00740814208984,21.113042,1997.0,0.7246367335319519,59
c3_010,3,-90.01252746582031,21.114659,1997.0,0.7351396679878235,59
c3_012,3,-90.00768280029297,21.114389419555664,1997.0,0.6321191191673279,59
c3_016,3,-90.045675,21.097951889038086,1997.0,0.6123301386833191,59
c3_043,3,-89.967259,21.189841,1997.0,0.7825210690498352,59
c3_044,3,-90.046214,21.097413,1997.0,0.6676719188690186,59
c3_049,3,-90.016033,21.116006,1997.0,0.7046410441398621,59
c4_001,4,-90.002021,21.168822,1997.0,0.1531568318605423,59
c4_002,4,-90.013878,21.166397094726562,1997.0,0.1671524941921234,59
c4_003,4,-90.040286,21.149421,1997.0,0.36539024114608765,59
c4_004,4,-89.94139099121094,21.181487,1997.0,0.1781269609928131,59
c4_005,4,-89.967529,21.183643341064453,1997.0,0.15675513446331024,59
c4_006,4,-89.943277,21.200620651245117,1997.0,0.07954569160938263,59
c4_007,4,-89.968068,21.171248,1997.0,0.18732282519340515,59
c4_008,4,-90.035705,21.15346336364746,1997.0,0.2789757251739502,59
c4_009,4,-89.967798,21.179332,1997.0,-0.25630679726600647,59
c4_010,4,-89.949205,21.194961,1997.0,1.6829778905957937E-4,59
c4_011,4,-89.943007,21.202506,1997.0,0.09595118463039398,59
c4_012,4,-89.945163,21.199811,1997.0,-0.019066262990236282,59
c4_013,4,-89.972379,21.174481,1997.0,-0.17632754147052765,59
c4_014,4,-90.041633,21.148612,1997.0,0.21796470880508423,59
c4_015,4,-89.960792,21.190380096435547,1997.0,0.05628526955842972,59
c4_016,4,-89.958098,21.184452056884766,1997.0,-0.01057939138263464,59
c4_017,4,-90.074239,21.133790969848633,1997.0,0.3818936347961426,59
c4_018,4,-89.950822,21.1922664642334,1997.0,-0.013174735940992832,59
c4_019,4,-89.996901,21.149959564208984,1997.0,0.4395633637905121,59
c4_020,4,-89.960523,21.186338424682617,1997.0,-0.032160960137844086,59
c4_021,4,-89.9465103149414,21.185529708862305,1997.0,0.0868394523859024,59
c4_022,4,-89.957828,21.185529708862305,1997.0,0.1236756220459938,59
c4_023,4,-90.035705,21.144301,1997.0,0.5419687628746033,59
c4_024,4,-90.022501,21.156966,1997.0,0.14915794134140015,59
c4_025,4,-89.981002,21.165319,1997.0,0.237331822514534,59
c4_026,4,-90.027621,21.162355422973633,1997.0,0.11957249790430069,59
c4_027,4,-89.949475,21.19415283203125,1997.0,-0.2297063171863556,59
c4_028,4,-89.940852,21.201428,1997.0,0.12414820492267609,59
c4_029,4,-89.961601,21.190919,1997.0,0.16274394094944,59
c4_030,4,-90.041364,21.151576,1997.0,0.5161318778991699,59
c4_031,4,-90.062382,21.153732299804688,1997.0,0.13162453472614288,59
c4_032,4,-89.944085,21.193883,1997.0,0.05200017988681793,59
c4_033,4,-89.981811,21.164511,1997.0,0.42641305923461914,59
c4_034,4,-89.940313,21.199811,1997.0,-0.017088428139686584,59
c4_035,4,-90.072622,21.132714,1997.0,0.44415464997291565,59
c4_036,4,-89.942738,21.183643341064453,1997.0,0.15386779606342316,59
c4_037,4,-89.9742660522461,21.173673,1997.0,0.27646589279174805,59
c4_038,4,-89.966451,21.182565,1997.0,0.00292476499453187,59
c4_039,4,-90.014147,21.163972,1997.0,-0.03083353117108345,59
c4_040,4,-89.944355,21.201428,1997.0,0.056828513741493225,59
c4_041,4,-90.011183,21.148881912231445,1997.0,0.5352609157562256,59
c4_042,4,-90.071814,21.131635665893555,1997.0,0.40808749198913574,59
c4_043,4,-90.11438751220703,21.11061668395996,1997.0,0.5738606452941895,59
c4_044,4,-89.956481,21.189302444458008,1997.0,0.15093578398227692,59
c4_045,4,-90.036513,21.153732299804688,1997.0,0.2656940817832947,59
c4_046,4,-89.98235321044922,21.169092178344727,1997.0,0.15195025503635406,59
c4_047,4,-89.992859,21.172864,1997.0,0.031314667314291,59
c4_048,4,-89.948127,21.191457748413086,1997.0,0.14048057794570923,59
c4_049,4,-90.1195068359375,21.108461380004883,1997.0,0.5120097994804382,59
c4_050,4,-90.094718,21.12301254272461,1997.0,0.28659653663635254,59
c5_045,5,-90.018998,21.166128158569336,1997.0,0.22939664125442505,59
c5_008,5,-90.034357,21.155618,1997.0,0.2731303870677948,59
c5_010,5,-89.957289,21.163703,1997.0,0.36579233407974243,59
c5_011,5,-90.004985,21.156696319580078,1997.0,0.24362416565418243,59
c5_012,5,-90.066424,21.154809951782227,1997.0,0.19847841560840607,59
c5_014,5,-90.006871,21.155887603759766,1997.0,0.25950250029563904,59
c5_016,5,-90.002829,21.15642738342285,1997.0,0.30064231157302856,59
c5_022,5,-90.044597,21.154809951782227,1997.0,0.23881876468658447,59
c5_024,5,-89.995284,21.15642738342285,1997.0,0.2821679413318634,59
c5_003,5,-90.056993,21.154541015625,1997.0,0.21675382554531097,59
c5_013,5,-90.020614,21.157235,1997.0,0.22757068276405334,59
c5_020,5,-90.027621,21.156966,1997.0,0.22388020157814026,59
c5_025,5,-90.03301239013672,21.15966033935547,1997.0,-0.00633533950895071,59
c5_034,5,-90.012261,21.166397094726562,1997.0,0.21943031251430511,59
c5_040,5,-90.069658,21.154541015625,1997.0,0.2109408676624298,59
c5_041,5,-89.998787,21.156156539916992,1997.0,0.2960662245750427,59
c5_043,5,-90.113042,21.13729476928711,1997.0,0.43702569603919983,59
c5_002,5,-90.042172,21.156156539916992,1997.0,0.16801299154758453,59
c5_004,5,-90.034088,21.156966,1997.0,0.2257859706878662,59
c5_001,5,-89.996093,21.155887603759766,1997.0,0.3938372731208801,59
c5_006,5,-90.035435,21.154809951782227,1997.0,0.269923597574234,59
c5_015,5,-89.942738,21.172864,1997.0,0.4708642065525055,59
c5_018,5,-90.0685806274414,21.152385,1997.0,0.26969245076179504,59
c5_026,5,-89.998248,21.172326,1997.0,0.35033032298088074,59
c5_033,5,-90.01980590820312,21.156966,1997.0,0.40269050002098083,59
c5_036,5,-90.041902,21.15750503540039,1997.0,0.25986650586128235,59
c5_039,5,-90.060496,21.15642738342285,1997.0,0.2515675723552704,59
c5_005,5,-90.041633,21.159929275512695,1997.0,0.44097650051116943,59
c5_009,5,-90.038938,21.154271,1997.0,0.33339136838912964,59
c5_019,5,-90.057262,21.155349,1997.0,0.2072398066520691,59
c5_021,5,-90.089598,21.148073196411133,1997.0,0.22930748760700226,59
c5_030,5,-90.071814,21.151845932006836,1997.0,0.2863527834415436,59
c5_031,5,-90.003099,21.155618,1997.0,0.3488256633281708,59
c5_035,5,-90.095527,21.151845932006836,1997.0,0.2826552093029022,59
c5_037,5,-89.996632,21.160469,1997.0,0.5339248180389404,59
c5_023,5,-89.978038,21.180139541625977,1997.0,0.045688215643167496,59
c5_017,5,-90.040555,21.145917892456055,1997.0,0.2755994200706482,59
c5_027,5,-90.08879089355469,21.150768280029297,1997.0,0.4492724537849426,59
c5_047,5,-90.001213,21.154541015625,1997.0,0.6397939324378967,59
c5_048,5,-90.028429,21.156696319580078,1997.0,0.2754317820072174,59
c5_029,5,-90.090407,21.149421,1997.0,0.2984562814235687,59
c5_032,5,-90.079359,21.150768280029297,1997.0,0.33900532126426697,59
c5_038,5,-90.04082489013672,21.156966,1997.0,0.2564038932323456,59
c5_046,5,-90.067233,21.152114868164062,1997.0,0.29221925139427185,59
c5_028,5,-90.095527,21.150499,1997.0,0.3760751783847809,59
c5_044,5,-89.973188,21.183374404907227,1997.0,0.20034286379814148,59
c5_042,5,-90.08124542236328,21.149421,1997.0,0.40941694378852844,59
c5_007,5,-90.021962,21.143491744995117,1997.0,0.3237612843513489,59
c10_001,3,-90.028968,21.158313,1997.0,0.1407950520515442,59
c10_005,3,-89.954594,21.163972,1997.0,0.38908037543296814,59
c10_002,3,-90.033549,21.15858268737793,1997.0,0.09675826132297516,59
c10_003,3,-90.030046,21.158044,1997.0,0.20466016232967377,59
c10_004,3,-90.029507,21.157773971557617,1997.0,0.25399526953697205,59
c10_006,3,-90.03301239013672,21.159122467041016,1997.0,0.08111684024333954,59
c10_007,3,-90.03301239013672,21.158044,1997.0,0.16150017082691193,59
c10_009,3,-90.032741,21.15858268737793,1997.0,0.12810590863227844,59
c10_010,3,-90.030585,21.158044,1997.0,0.18482567369937897,59
c10_008,3,-89.95405578613281,21.163972,1997.0,0.3904772400856018,59
c1_051,1,-90.064538,21.118162155151367,1997.0,0.6061372756958008,59
c1_052,1,-90.05322265625,21.112234115600586,1997.0,0.6579645276069641,59
c1_053,1,-90.068041,21.142953,1997.0,0.6159971356391907,59
c1_054,1,-90.00040435791016,21.124359130859375,1997.0,0.6123130321502686,59
c1_055,1,-90.049178,21.1402587890625,1997.0,0.698193371295929,59
c2_051,2,-90.111695,21.123821258544922,1997.0,0.5251359939575195,59
c2_052,2,-90.02277374267578,21.139720916748047,1997.0,0.6458888053894043,59
c2_053,2,-89.941929,21.138911,1997.0,0.7328582406044006,59
c2_054,2,-89.950013,21.130019,1997.0,0.7671526074409485,59
c2_055,2,-90.106306,21.128941,1997.0,0.5169070959091187,59
c3_062,3,-90.086634,21.149690628051758,1997.0,0.2483529895544052,59
c3_051,3,-90.010914,21.144301,1997.0,0.726753294467926,59
c3_055,3,-90.079359,21.150499,1997.0,0.3408178389072418,59
c3_058,3,-90.000943,21.171248,1997.0,0.5449233055114746,59
c3_052,3,-90.094179,21.114929,1997.0,0.522615373134613,59
c3_059,3,-90.039208,21.1402587890625,1997.0,0.7190661430358887,59
c3_053,3,-90.013608,21.152114868164062,1997.0,0.8154802918434143,59
c3_060,3,-89.958906,21.12489891052246,1997.0,0.8246974945068359,59
c3_057,3,-90.058071,21.159929275512695,1997.0,0.662535548210144,59
c3_061,3,-89.973457,21.138911,1997.0,0.6968891024589539,59
c3_064,3,-89.989625,21.149959564208984,1997.0,0.6385788917541504,59
c3_063,3,-90.030046,21.125707,1997.0,0.7423110008239746,59
c3_065,3,-89.972379,21.162086486816406,1997.0,0.7343671917915344,59
c3_054,3,-90.029237,21.101455,1997.0,0.6665471196174622,59
c3_056,3,-90.008758,21.114120483398438,1997.0,0.7104024887084961,59
c4_051,4,-89.958906,21.191997,1997.0,0.025150835514068604,59
c4_052,4,-89.957828,21.178254,1997.0,0.11229415237903595,59
c4_053,4,-89.994476,21.172864,1997.0,0.08663824200630188,59
c4_054,4,-89.994745,21.168822,1997.0,-0.09449335187673569,59
c4_055,4,-90.0025634765625,21.169631,1997.0,0.03303137421607971,59
c1_001,1,-90.056184,21.12301254272461,1998.0,0.5531359314918518,53
c1_002,1,-89.984506,21.126246,1998.0,0.6627113223075867,53
c1_003,1,-90.070197,21.140798,1998.0,0.597531259059906,53
c1_004,1,-90.057801,21.145648,1998.0,0.708966076374054,53
c1_005,1,-90.024926,21.145379,1998.0,0.5278486013412476,53
c1_006,1,-89.979386,21.130288,1998.0,0.649028480052948,53
c1_007,1,-90.08636474609375,21.137025,1998.0,0.48599740862846375,53
c1_008,1,-89.952169,21.14322280883789,1998.0,0.6730378866195679,53
c1_009,1,-90.055106,21.138911,1998.0,0.43644824624061584,53
c1_010,1,-89.945702,21.14322280883789,1998.0,0.663657009601593,53
c1_011,1,-89.958098,21.149151,1998.0,0.6565982103347778,53
c1_012,1,-90.036783,21.117354,1998.0,0.7309390306472778,53
c1_013,1,-90.113042,21.085018157958984,1998.0,0.7391027808189392,53
c1_014,1,-89.944085,21.154002,1998.0,0.749679684638977,53
c1_015,1,-90.065885,21.113581,1998.0,0.5399608612060547,53
c1_016,1,-90.064538,21.121126174926758,1998.0,0.5509846210479736,53
c1_017,1,-90.01280212402344,21.122474,1998.0,0.6544814109802246,53
c1_018,1,-90.013608,21.150499,1998.0,0.6830926537513733,53
c1_019,1,-90.075856,21.141876220703125,1998.0,0.7138643264770508,53
c1_020,1,-90.063729,21.119510650634766,1998.0,0.5142145752906799,53
c1_021,1,-90.112234,21.128671646118164,1998.0,0.23875832557678223,53
c1_022,1,-89.970224,21.131635665893555,1998.0,0.5729292631149292,53
c1_023,1,-90.049448,21.111425399780273,1998.0,0.6282177567481995,53
c1_024,1,-90.076933,21.135408401489258,1998.0,0.6090158820152283,53
c1_025,1,-90.09391021728516,21.143762,1998.0,0.676481306552887,53
c1_026,1,-89.940852,21.145917892456055,1998.0,0.6824432611465454,53
c1_027,1,-89.945163,21.154002,1998.0,0.6784218549728394,53
c1_028,1,-90.098491,21.127324,1998.0,0.5764827132225037,53
c1_029,1,-90.003368,21.149421,1998.0,0.592468798160553,53
c1_030,1,-89.972918,21.124629,1998.0,0.7283456921577454,53
c1_031,1,-90.003907,21.124359130859375,1998.0,0.5580076575279236,53
c1_032,1,-90.066694,21.0987606048584,1998.0,0.6906742453575134,53
c1_033,1,-89.994745,21.123552322387695,1998.0,0.5630354881286621,53
c1_034,1,-90.08879089355469,21.142953,1998.0,0.5469064712524414,53
c1_035,1,-90.063191,21.110887,1998.0,0.5291532874107361,53
c1_036,1,-89.960523,21.137563705444336,1998.0,0.710651159286499,53
c1_037,1,-90.094179,21.093371,1998.0,0.6779192090034485,53
c1_038,1,-90.0025634765625,21.122743,1998.0,0.585854172706604,53
c1_039,1,-90.051334,21.132714,1998.0,0.5363563895225525,53
c1_040,1,-90.066694,21.13837242126465,1998.0,0.4905746877193451,53
c1_041,1,-90.116815,21.0882511138916,1998.0,0.6853994727134705,53
c1_042,1,-90.057801,21.148612,1998.0,0.6527668833732605,53
c1_043,1,-90.080706,21.141876220703125,1998.0,0.4147062599658966,53
c1_044,1,-89.947319,21.188493728637695,1998.0,0.5333647131919861,53
c1_045,1,-89.981811,21.124091,1998.0,0.6903436183929443,53
c1_046,1,-90.058879,21.128671646118164,1998.0,0.4624912440776825,53
c1_047,1,-90.075317,21.10361099243164,1998.0,0.7083818912506104,53
c1_048,1,-90.003638,21.150768280029297,1998.0,0.6383134722709656,53
c1_049,1,-90.026543,21.122743,1998.0,0.6772583723068237,53
c1_050,1,-90.108731,21.117623,1998.0,0.6824107766151428,53
c2_001,2,-89.960253,21.154002,1998.0,0.6106345653533936,53
c2_002,2,-90.117623,21.133522033691406,1998.0,0.3084472715854645,53
c2_003,2,-90.07881927490234,21.09229278564453,1998.0,0.6201045513153076,53
c2_004,2,-89.978847,21.15022850036621,1998.0,0.6718457937240601,53
c2_005,2,-90.089329,21.09364128112793,1998.0,0.725125253200531,53
c2_006,2,-90.11412048339844,21.100377,1998.0,0.5715450048446655,53
c2_007,2,-90.106036,21.131635665893555,1998.0,0.6362362504005432,53
c2_008,2,-90.001213,21.145379,1998.0,0.7128995656967163,53
c2_009,2,-89.963217,21.183913,1998.0,0.26552456617355347,53
c2_010,2,-90.10226440429688,21.144301,1998.0,0.41472455859184265,53
c2_011,2,-89.958636,21.125438,1998.0,0.6442285776138306,53
c2_012,2,-90.097413,21.149959564208984,1998.0,0.49933719635009766,53
c2_013,2,-90.100647,21.106845,1998.0,0.578575611114502,53
c2_014,2,-90.04594421386719,21.111156463623047,1998.0,0.496211439371109,53
c2_015,2,-90.068849,21.102802276611328,1998.0,0.7447885870933533,53
c2_016,2,-90.118162,21.135947,1998.0,0.4125406742095947,53
c2_017,2,-89.96214294433594,21.120587,1998.0,0.6628018021583557,53
c2_018,2,-89.981541,21.148343,1998.0,0.5576930642127991,53
c2_019,2,-90.041364,21.101186,1998.0,0.6408944725990295,53
c2_020,2,-90.082592,21.10064697265625,1998.0,0.7137030363082886,53
c2_021,2,-89.945163,21.161008,1998.0,0.5825345516204834,53
c2_022,2,-90.01280212402344,21.118162155151367,1998.0,0.6679937839508057,53
c2_023,2,-89.94165802001953,21.17879295349121,1998.0,0.40014782547950745,53
c2_024,2,-89.940043,21.179332,1998.0,0.4474160969257355,53
c2_025,2,-89.942199,21.169092178344727,1998.0,0.6149193048477173,53
c2_026,2,-90.04837036132812,21.15858268737793,1998.0,0.3534935712814331,53
c2_027,2,-90.018189,21.155078887939453,1998.0,0.4979036748409271,53
c2_028,2,-90.018998,21.118701,1998.0,0.5788962244987488,53
c2_029,2,-89.960253,21.166936,1998.0,0.784142255783081,53
c2_030,2,-90.08636474609375,21.13918113708496,1998.0,0.48651790618896484,53
c2_031,2,-90.006871,21.167745,1998.0,0.30267134308815,53
c2_032,2,-89.9599838256836,21.15750503540039,1998.0,0.48644718527793884,53
c2_033,2,-90.052412,21.115737,1998.0,0.6685397028923035,53
c2_034,2,-90.075586,21.099569,1998.0,0.6073679327964783,53
c2_035,2,-90.108731,21.095796,1998.0,0.5075750350952148,53
c2_036,2,-90.026543,21.155078887939453,1998.0,0.7539018392562866,53
c2_037,2,-90.006871,21.131097,1998.0,0.6415873169898987,53
c2_038,2,-90.080167,21.099838256835938,1998.0,0.6852136254310608,53
c2_039,2,-89.947588,21.136486053466797,1998.0,0.6875495314598083,53
c2_040,2,-90.061304,21.10468864440918,1998.0,0.6846479177474976,53
c2_041,2,-90.075856,21.134868621826172,1998.0,0.67058265209198,53
c2_042,2,-89.99959564208984,21.12004852294922,1998.0,0.5841814279556274,53
c2_043,2,-90.101725,21.08043670654297,1998.0,0.6311832666397095,53
c2_044,2,-90.026004,21.113851,1998.0,0.6973750591278076,53
c2_045,2,-90.118162,21.129209518432617,1998.0,0.5115824937820435,53
c2_046,2,-89.94139099121094,21.172056198120117,1998.0,0.6916162371635437,53
c2_047,2,-89.969685,21.1402587890625,1998.0,0.7291974425315857,53
c2_048,2,-90.1038818359375,21.095527,1998.0,0.5275503396987915,53
c2_049,2,-89.99231719970703,21.149690628051758,1998.0,0.5716679692268372,53
c2_050,2,-89.950822,21.121396,1998.0,0.6605951189994812,53
c3_045,3,-89.992859,21.161815643310547,1998.0,0.13203057646751404,53
c3_003,3,-90.034357,21.15858268737793,1998.0,0.16925935447216034,53
c3_026,3,-89.986931,21.149959564208984,1998.0,0.790012538433075,53
c3_008,3,-90.084209,21.151576,1998.0,0.18883678317070007,53
c3_017,3,-89.970493,21.159929275512695,1998.0,0.6359013319015503,53
c3_004,3,-89.982619,21.180679,1998.0,0.14388848841190338,53
c3_040,3,-89.9742660522461,21.185529708862305,1998.0,0.7319416403770447,53
c3_024,3,-89.97722625732422,21.183913,1998.0,0.6990391612052917,53
c3_013,3,-89.995823,21.13837242126465,1998.0,0.7172708511352539,53
c3_018,3,-90.062113,21.107114,1998.0,0.7257540822029114,53
c3_007,3,-90.088521,21.146995,1998.0,0.15498553216457367,53
c3_014,3,-89.951361,21.199003219604492,1998.0,0.5666439533233643,53
c3_042,3,-89.950283,21.199003219604492,1998.0,0.5237288475036621,53
c3_029,3,-90.000135,21.137563705444336,1998.0,0.6846843361854553,53
c3_005,3,-90.003638,21.111964,1998.0,0.642734706401825,53
c3_022,3,-90.005524,21.112503051757812,1998.0,0.5894222259521484,53
c3_002,3,-89.953786,21.197656,1998.0,0.5395646095275879,53
c3_015,3,-89.940852,21.162086486816406,1998.0,0.5439629554748535,53
c3_020,3,-90.016842,21.116006,1998.0,0.639125406742096,53
c3_027,3,-89.982619,21.149421,1998.0,0.5956809520721436,53
c3_030,3,-89.942738,21.1674747467041,1998.0,0.4964396357536316,53
c3_050,3,-89.941929,21.168553,1998.0,0.45168372988700867,53
c3_009,3,-89.986392,21.149959564208984,1998.0,0.7712571620941162,53
c3_033,3,-90.039208,21.102802276611328,1998.0,0.5948136448860168,53
c3_038,3,-89.976152,21.169361114501953,1998.0,0.5838792324066162,53
c3_023,3,-89.97183990478516,21.169361114501953,1998.0,0.5708142518997192,53
c3_032,3,-90.00040435791016,21.138642,1998.0,0.5699511170387268,53
c3_046,3,-89.994476,21.137832641601562,1998.0,0.5288072228431702,53
c3_025,3,-89.947049,21.157235,1998.0,0.6036269068717957,53
c3_028,3,-89.976421,21.165858,1998.0,0.6887341141700745,53
c3_036,3,-89.95189666748047,21.162894,1998.0,0.48473498225212097,53
c3_021,3,-90.007141,21.131635665893555,1998.0,0.6612643599510193,53
c3_035,3,-90.000943,21.144569396972656,1998.0,0.6950641870498657,53
c3_037,3,-89.97183990478516,21.162086486816406,1998.0,0.6781445145606995,53
c3_039,3,-89.976691,21.168283462524414,1998.0,0.5873405933380127,53
c3_041,3,-89.973996,21.137563705444336,1998.0,0.6197495460510254,53
c3_034,3,-90.041364,21.1402587890625,1998.0,0.5343935489654541,53
c3_047,3,-90.028698,21.126246,1998.0,0.7471178770065308,53
c3_048,3,-90.030315,21.124359130859375,1998.0,0.6879281997680664,53
c3_011,3,-90.035974,21.099299,1998.0,0.5740616917610168,53
c3_001,3,-90.080437,21.100377,1998.0,0.6370301842689514,53
c3_006,3,-89.94677734375,21.202237,1998.0,0.7389984726905823,53
c3_019,3,-89.958367,21.172056198120117,1998.0,0.7281854152679443,53
c3_031,3,-90.00740814208984,21.113042,1998.0,0.6379600167274475,53
c3_010,3,-90.01252746582031,21.114659,1998.0,0.6830682754516602,53
c3_012,3,-90.00768280029297,21.114389419555664,1998.0,0.5864430665969849,53
c3_016,3,-90.045675,21.097951889038086,1998.0,0.48343363404273987,53
c3_043,3,-89.967259,21.189841,1998.0,0.7057052850723267,53
c3_044,3,-90.046214,21.097413,1998.0,0.5608839392662048,53
c3_049,3,-90.016033,21.116006,1998.0,0.5988519191741943,53
c4_001,4,-90.002021,21.168822,1998.0,0.16761726140975952,53
c4_002,4,-90.013878,21.166397094726562,1998.0,0.157226100564003,53
c4_003,4,-90.040286,21.149421,1998.0,0.19867993891239166,53
c4_004,4,-89.94139099121094,21.181487,1998.0,0.2047392874956131,53
c4_005,4,-89.967529,21.183643341064453,1998.0,0.22647657990455627,53
c4_006,4,-89.943277,21.200620651245117,1998.0,0.14015962183475494,53
c4_007,4,-89.968068,21.171248,1998.0,0.15414972603321075,53
c4_008,4,-90.035705,21.15346336364746,1998.0,0.2580300569534302,53
c4_009,4,-89.967798,21.179332,1998.0,0.05214468389749527,53
c4_010,4,-89.949205,21.194961,1998.0,0.11271612346172333,53
c4_011,4,-89.943007,21.202506,1998.0,0.17139138281345367,53
c4_012,4,-89.945163,21.199811,1998.0,0.09834976494312286,53
c4_013,4,-89.972379,21.174481,1998.0,0.10777229070663452,53
c4_014,4,-90.041633,21.148612,1998.0,0.1854085773229599,53
c4_015,4,-89.960792,21.190380096435547,1998.0,0.17947614192962646,53
c4_016,4,-89.958098,21.184452056884766,1998.0,0.13273724913597107,53
c4_017,4,-90.074239,21.133790969848633,1998.0,0.3540430963039398,53
c4_018,4,-89.950822,21.1922664642334,1998.0,0.1188165619969368,53
c4_019,4,-89.996901,21.149959564208984,1998.0,0.4513968527317047,53
c4_020,4,-89.960523,21.186338424682617,1998.0,0.1565006673336029,53
c4_021,4,-89.9465103149414,21.185529708862305,1998.0,0.11108379065990448,53
c4_022,4,-89.957828,21.185529708862305,1998.0,0.1140468567609787,53
c4_023,4,-90.035705,21.144301,1998.0,0.49291321635246277,53
c4_024,4,-90.022501,21.156966,1998.0,0.14023740589618683,53
c4_025,4,-89.981002,21.165319,1998.0,0.20122142136096954,53
c4_026,4,-90.027621,21.162355422973633,1998.0,0.12952940165996552,53
c4_027,4,-89.949475,21.19415283203125,1998.0,-0.03546135500073433,53
c4_028,4,-89.940852,21.201428,1998.0,0.14454910159111023,53
c4_029,4,-89.961601,21.190919,1998.0,0.20430368185043335,53
c4_030,4,-90.041364,21.151576,1998.0,0.5046064257621765,53
c4_031,4,-90.062382,21.153732299804688,1998.0,0.14130625128746033,53
c4_032,4,-89.944085,21.193883,1998.0,0.10006771236658096,53
c4_033,4,-89.981811,21.164511,1998.0,0.348457396030426,53
c4_034,4,-89.940313,21.199811,1998.0,0.10610861331224442,53
c4_035,4,-90.072622,21.132714,1998.0,0.3880244791507721,53
c4_036,4,-89.942738,21.183643341064453,1998.0,0.13970781862735748,53
c4_037,4,-89.9742660522461,21.173673,1998.0,0.27775803208351135,53
c4_038,4,-89.966451,21.182565,1998.0,0.1314985752105713,53
c4_039,4,-90.014147,21.163972,1998.0,0.0720985010266304,53
c4_040,4,-89.944355,21.201428,1998.0,0.14603517949581146,53
c4_041,4,-90.011183,21.148881912231445,1998.0,0.5433903336524963,53
c4_042,4,-90.071814,21.131635665893555,1998.0,0.34843045473098755,53
c4_043,4,-90.11438751220703,21.11061668395996,1998.0,0.4584651589393616,53
c4_044,4,-89.956481,21.189302444458008,1998.0,0.27483072876930237,53
c4_045,4,-90.036513,21.153732299804688,1998.0,0.19722534716129303,53
c4_046,4,-89.98235321044922,21.169092178344727,1998.0,0.24514903128147125,53
c4_047,4,-89.992859,21.172864,1998.0,0.1367683708667755,53
c4_048,4,-89.948127,21.191457748413086,1998.0,0.1925753504037857,53
c4_049,4,-90.1195068359375,21.108461380004883,1998.0,0.43166232109069824,53
c4_050,4,-90.094718,21.12301254272461,1998.0,0.22792021930217743,53
c5_045,5,-90.018998,21.166128158569336,1998.0,0.18656204640865326,53
c5_008,5,-90.034357,21.155618,1998.0,0.25165680050849915,53
c5_010,5,-89.957289,21.163703,1998.0,0.26775062084198,53
c5_011,5,-90.004985,21.156696319580078,1998.0,0.19680120050907135,53
c5_012,5,-90.066424,21.154809951782227,1998.0,0.1552571952342987,53
c5_014,5,-90.006871,21.155887603759766,1998.0,0.19167523086071014,53
c5_016,5,-90.002829,21.15642738342285,1998.0,0.2883124351501465,53
c5_022,5,-90.044597,21.154809951782227,1998.0,0.2557331621646881,53
c5_024,5,-89.995284,21.15642738342285,1998.0,0.179168701171875,53
c5_003,5,-90.056993,21.154541015625,1998.0,0.16008982062339783,53
c5_013,5,-90.020614,21.157235,1998.0,0.17003224790096283,53
c5_020,5,-90.027621,21.156966,1998.0,0.19929824769496918,53
c5_025,5,-90.03301239013672,21.15966033935547,1998.0,0.10874270647764206,53
c5_034,5,-90.012261,21.166397094726562,1998.0,0.1804533451795578,53
c5_040,5,-90.069658,21.154541015625,1998.0,0.16399137675762177,53
c5_041,5,-89.998787,21.156156539916992,1998.0,0.19739271700382233,53
c5_043,5,-90.113042,21.13729476928711,1998.0,0.3232172727584839,53
c5_002,5,-90.042172,21.156156539916992,1998.0,0.19326284527778625,53
c5_004,5,-90.034088,21.156966,1998.0,0.21599183976650238,53
c5_001,5,-89.996093,21.155887603759766,1998.0,0.2887987494468689,53
c5_006,5,-90.035435,21.154809951782227,1998.0,0.17702165246009827,53
c5_015,5,-89.942738,21.172864,1998.0,0.32491570711135864,53
c5_018,5,-90.0685806274414,21.152385,1998.0,0.16331225633621216,53
c5_026,5,-89.998248,21.172326,1998.0,0.2146376371383667,53
c5_033,5,-90.01980590820312,21.156966,1998.0,0.3092651069164276,53
c5_036,5,-90.041902,21.15750503540039,1998.0,0.29151418805122375,53
c5_039,5,-90.060496,21.15642738342285,1998.0,0.21649260818958282,53
c5_005,5,-90.041633,21.159929275512695,1998.0,0.3496265113353729,53
c5_009,5,-90.038938,21.154271,1998.0,0.3309895694255829,53
c5_019,5,-90.057262,21.155349,1998.0,0.16466763615608215,53
c5_021,5,-90.089598,21.148073196411133,1998.0,0.1959892362356186,53
c5_030,5,-90.071814,21.151845932006836,1998.0,0.21941927075386047,53
c5_031,5,-90.003099,21.155618,1998.0,0.3102303147315979,53
c5_035,5,-90.095527,21.151845932006836,1998.0,0.20331688225269318,53
c5_037,5,-89.996632,21.160469,1998.0,0.38188889622688293,53
c5_023,5,-89.978038,21.180139541625977,1998.0,0.07189880311489105,53
c5_017,5,-90.040555,21.145917892456055,1998.0,0.28223514556884766,53
c5_027,5,-90.08879089355469,21.150768280029297,1998.0,0.32902076840400696,53
c5_047,5,-90.001213,21.154541015625,1998.0,0.554301381111145,53
c5_048,5,-90.028429,21.156696319580078,1998.0,0.27963948249816895,53
c5_029,5,-90.090407,21.149421,1998.0,0.18348462879657745,53
c5_032,5,-90.079359,21.150768280029297,1998.0,0.25062131881713867,53
c5_038,5,-90.04082489013672,21.156966,1998.0,0.28291094303131104,53
c5_046,5,-90.067233,21.152114868164062,1998.0,0.1614454835653305,53
c5_028,5,-90.095527,21.150499,1998.0,0.29114919900894165,53
c5_044,5,-89.973188,21.183374404907227,1998.0,0.17756639420986176,53
c5_042,5,-90.08124542236328,21.149421,1998.0,0.31263360381126404,53
c5_007,5,-90.021962,21.143491744995117,1998.0,0.34523308277130127,53
c10_001,3,-90.028968,21.158313,1998.0,0.17666682600975037,53
c10_005,3,-89.954594,21.163972,1998.0,0.31764480471611023,53
c10_002,3,-90.033549,21.15858268737793,1998.0,0.14037269353866577,53
c10_003,3,-90.030046,21.158044,1998.0,0.19853493571281433,53
c10_004,3,-90.029507,21.157773971557617,1998.0,0.20406846702098846,53
c10_006,3,-90.03301239013672,21.159122467041016,1998.0,0.15885308384895325,53
c10_007,3,-90.03301239013672,21.158044,1998.0,0.16373226046562195,53
c10_009,3,-90.032741,21.15858268737793,1998.0,0.16176004707813263,53
c10_010,3,-90.030585,21.158044,1998.0,0.166361004114151,53
c10_008,3,-89.95405578613281,21.163972,1998.0,0.30077314376831055,53
c1_051,1,-90.064538,21.118162155151367,1998.0,0.4816952645778656,53
c1_052,1,-90.05322265625,21.112234115600586,1998.0,0.6235082745552063,53
c1_053,1,-90.068041,21.142953,1998.0,0.6173673272132874,53
c1_054,1,-90.00040435791016,21.124359130859375,1998.0,0.5743331909179688,53
c1_055,1,-90.049178,21.1402587890625,1998.0,0.6302460432052612,53
c2_051,2,-90.111695,21.123821258544922,1998.0,0.31340426206588745,53
c2_052,2,-90.02277374267578,21.139720916748047,1998.0,0.5697327852249146,53
c2_053,2,-89.941929,21.138911,1998.0,0.7022204399108887,53
c2_054,2,-89.950013,21.130019,1998.0,0.6509808301925659,53
c2_055,2,-90.106306,21.128941,1998.0,0.3459951877593994,53
c3_062,3,-90.086634,21.149690628051758,1998.0,0.18204541504383087,53
c3_051,3,-90.010914,21.144301,1998.0,0.7297474145889282,53
c3_055,3,-90.079359,21.150499,1998.0,0.2336912453174591,53
c3_058,3,-90.000943,21.171248,1998.0,0.5426987409591675,53
c3_052,3,-90.094179,21.114929,1998.0,0.6067122220993042,53
c3_059,3,-90.039208,21.1402587890625,1998.0,0.6772031784057617,53
c3_053,3,-90.013608,21.152114868164062,1998.0,0.7546710968017578,53
c3_060,3,-89.958906,21.12489891052246,1998.0,0.8048363327980042,53
c3_057,3,-90.058071,21.159929275512695,1998.0,0.6278591156005859,53
c3_061,3,-89.973457,21.138911,1998.0,0.6519619822502136,53
c3_064,3,-89.989625,21.149959564208984,1998.0,0.5969358086585999,53
c3_063,3,-90.030046,21.125707,1998.0,0.7116021513938904,53
c3_065,3,-89.972379,21.162086486816406,1998.0,0.7174685597419739,53
c3_054,3,-90.029237,21.101455,1998.0,0.581520676612854,53
c3_056,3,-90.008758,21.114120483398438,1998.0,0.6468477249145508,53
c4_051,4,-89.958906,21.191997,1998.0,0.1422148495912552,53
c4_052,4,-89.957828,21.178254,1998.0,0.12687720358371735,53
c4_053,4,-89.994476,21.172864,1998.0,0.12366317212581635,53
c4_054,4,-89.994745,21.168822,1998.0,0.08417467772960663,53
c4_055,4,-90.0025634765625,21.169631,1998.0,0.08808870613574982,53
c1_001,1,-90.056184,21.12301254272461,1999.0,0.6321937441825867,62
c1_002,1,-89.984506,21.126246,1999.0,0.7282376289367676,62
c1_003,1,-90.070197,21.140798,1999.0,0.6590972542762756,62
c1_004,1,-90.057801,21.145648,1999.0,0.7008315324783325,62
c1_005,1,-90.024926,21.145379,1999.0,0.5163421034812927,62
c1_006,1,-89.979386,21.130288,1999.0,0.7150518894195557,62
c1_007,1,-90.08636474609375,21.137025,1999.0,0.6558860540390015,62
c1_008,1,-89.952169,21.14322280883789,1999.0,0.7684630751609802,62
c1_009,1,-90.055106,21.138911,1999.0,0.5218254923820496,62
c1_010,1,-89.945702,21.14322280883789,1999.0,0.7192542552947998,62
c1_011,1,-89.958098,21.149151,1999.0,0.7079596519470215,62
c1_012,1,-90.036783,21.117354,1999.0,0.7620633840560913,62
c1_013,1,-90.113042,21.085018157958984,1999.0,0.7748163938522339,62
c1_014,1,-89.944085,21.154002,1999.0,0.7589040994644165,62
c1_015,1,-90.065885,21.113581,1999.0,0.5578123927116394,62
c1_016,1,-90.064538,21.121126174926758,1999.0,0.5801270008087158,62
c1_017,1,-90.01280212402344,21.122474,1999.0,0.7171676754951477,62
c1_018,1,-90.013608,21.150499,1999.0,0.7312890887260437,62
c1_019,1,-90.075856,21.141876220703125,1999.0,0.746733546257019,62
c1_020,1,-90.063729,21.119510650634766,1999.0,0.512524425983429,62
c1_021,1,-90.112234,21.128671646118164,1999.0,0.397475928068161,62
c1_022,1,-89.970224,21.131635665893555,1999.0,0.6527667045593262,62
c1_023,1,-90.049448,21.111425399780273,1999.0,0.6774388551712036,62
c1_024,1,-90.076933,21.135408401489258,1999.0,0.6740560531616211,62
c1_025,1,-90.09391021728516,21.143762,1999.0,0.7295010685920715,62
c1_026,1,-89.940852,21.145917892456055,1999.0,0.7567318081855774,62
c1_027,1,-89.945163,21.154002,1999.0,0.7255942821502686,62
c1_028,1,-90.098491,21.127324,1999.0,0.6846823692321777,62
c1_029,1,-90.003368,21.149421,1999.0,0.5847161412239075,62
c1_030,1,-89.972918,21.124629,1999.0,0.764868974685669,62
c1_031,1,-90.003907,21.124359130859375,1999.0,0.6960189938545227,62
c1_032,1,-90.066694,21.0987606048584,1999.0,0.730679452419281,62
c1_033,1,-89.994745,21.123552322387695,1999.0,0.6580674648284912,62
c1_034,1,-90.08879089355469,21.142953,1999.0,0.6019431352615356,62
c1_035,1,-90.063191,21.110887,1999.0,0.5700029730796814,62
c1_036,1,-89.960523,21.137563705444336,1999.0,0.756360650062561,62
c1_037,1,-90.094179,21.093371,1999.0,0.6994625329971313,62
c1_038,1,-90.0025634765625,21.122743,1999.0,0.6564596891403198,62
c1_039,1,-90.051334,21.132714,1999.0,0.5857824087142944,62
c1_040,1,-90.066694,21.13837242126465,1999.0,0.6116724610328674,62
c1_041,1,-90.116815,21.0882511138916,1999.0,0.7146498560905457,62
c1_042,1,-90.057801,21.148612,1999.0,0.6812887787818909,62
c1_043,1,-90.080706,21.141876220703125,1999.0,0.6054006814956665,62
c1_044,1,-89.947319,21.188493728637695,1999.0,0.6417427062988281,62
c1_045,1,-89.981811,21.124091,1999.0,0.7533006072044373,62
c1_046,1,-90.058879,21.128671646118164,1999.0,0.5104493498802185,62
c1_047,1,-90.075317,21.10361099243164,1999.0,0.7248961925506592,62
c1_048,1,-90.003638,21.150768280029297,1999.0,0.6590248346328735,62
c1_049,1,-90.026543,21.122743,1999.0,0.7434464693069458,62
c1_050,1,-90.108731,21.117623,1999.0,0.6938096284866333,62
c2_001,2,-89.960253,21.154002,1999.0,0.6909385323524475,62
c2_002,2,-90.117623,21.133522033691406,1999.0,0.3789437711238861,62
c2_003,2,-90.07881927490234,21.09229278564453,1999.0,0.7330201864242554,62
c2_004,2,-89.978847,21.15022850036621,1999.0,0.7118001580238342,62
c2_005,2,-90.089329,21.09364128112793,1999.0,0.7665764093399048,62
c2_006,2,-90.11412048339844,21.100377,1999.0,0.6232662200927734,62
c2_007,2,-90.106036,21.131635665893555,1999.0,0.6630345582962036,62
c2_008,2,-90.001213,21.145379,1999.0,0.7088740468025208,62
c2_009,2,-89.963217,21.183913,1999.0,0.4999837577342987,62
c2_010,2,-90.10226440429688,21.144301,1999.0,0.5449190139770508,62
c2_011,2,-89.958636,21.125438,1999.0,0.7668769359588623,62
c2_012,2,-90.097413,21.149959564208984,1999.0,0.5675742030143738,62
c2_013,2,-90.100647,21.106845,1999.0,0.5909039974212646,62
c2_014,2,-90.04594421386719,21.111156463623047,1999.0,0.5306804180145264,62
c2_015,2,-90.068849,21.102802276611328,1999.0,0.7641372680664062,62
c2_016,2,-90.118162,21.135947,1999.0,0.3017650544643402,62
c2_017,2,-89.96214294433594,21.120587,1999.0,0.7686460018157959,62
c2_018,2,-89.981541,21.148343,1999.0,0.5311374664306641,62
c2_019,2,-90.041364,21.101186,1999.0,0.7461366653442383,62
c2_020,2,-90.082592,21.10064697265625,1999.0,0.7239614129066467,62
c2_021,2,-89.945163,21.161008,1999.0,0.6167617440223694,62
c2_022,2,-90.01280212402344,21.118162155151367,1999.0,0.7372707724571228,62
c2_023,2,-89.94165802001953,21.17879295349121,1999.0,0.5032158493995667,62
c2_024,2,-89.940043,21.179332,1999.0,0.5773579478263855,62
c2_025,2,-89.942199,21.169092178344727,1999.0,0.6117859482765198,62
c2_026,2,-90.04837036132812,21.15858268737793,1999.0,0.42797306180000305,62
c2_027,2,-90.018189,21.155078887939453,1999.0,0.6283712387084961,62
c2_028,2,-90.018998,21.118701,1999.0,0.6625904440879822,62
c2_029,2,-89.960253,21.166936,1999.0,0.8136998414993286,62
c2_030,2,-90.08636474609375,21.13918113708496,1999.0,0.6400119662284851,62
c2_031,2,-90.006871,21.167745,1999.0,0.3661472201347351,62
c2_032,2,-89.9599838256836,21.15750503540039,1999.0,0.5134443044662476,62
c2_033,2,-90.052412,21.115737,1999.0,0.6900632977485657,62
c2_034,2,-90.075586,21.099569,1999.0,0.661828875541687,62
c2_035,2,-90.108731,21.095796,1999.0,0.5950596332550049,62
c2_036,2,-90.026543,21.155078887939453,1999.0,0.7907369136810303,62
c2_037,2,-90.006871,21.131097,1999.0,0.6783654093742371,62
c2_038,2,-90.080167,21.099838256835938,1999.0,0.7359277606010437,62
c2_039,2,-89.947588,21.136486053466797,1999.0,0.7966396808624268,62
c2_040,2,-90.061304,21.10468864440918,1999.0,0.7455832362174988,62
c2_041,2,-90.075856,21.134868621826172,1999.0,0.6915428042411804,62
c2_042,2,-89.99959564208984,21.12004852294922,1999.0,0.6731529831886292,62
c2_043,2,-90.101725,21.08043670654297,1999.0,0.7452260255813599,62
c2_044,2,-90.026004,21.113851,1999.0,0.7562493681907654,62
c2_045,2,-90.118162,21.129209518432617,1999.0,0.6149289011955261,62
c2_046,2,-89.94139099121094,21.172056198120117,1999.0,0.7359765768051147,62
c2_047,2,-89.969685,21.1402587890625,1999.0,0.7758768200874329,62
c2_048,2,-90.1038818359375,21.095527,1999.0,0.5881432294845581,62
c2_049,2,-89.99231719970703,21.149690628051758,1999.0,0.6081921458244324,62
c2_050,2,-89.950822,21.121396,1999.0,0.8063827157020569,62
c3_045,3,-89.992859,21.161815643310547,1999.0,0.08470724523067474,62
c3_003,3,-90.034357,21.15858268737793,1999.0,0.135447695851326,62
c3_026,3,-89.986931,21.149959564208984,1999.0,0.8065458536148071,62
c3_008,3,-90.084209,21.151576,1999.0,0.2104654610157013,62
c3_017,3,-89.970493,21.159929275512695,1999.0,0.6863837242126465,62
c3_004,3,-89.982619,21.180679,1999.0,0.14457790553569794,62
c3_040,3,-89.9742660522461,21.185529708862305,1999.0,0.7683216333389282,62
c3_024,3,-89.97722625732422,21.183913,1999.0,0.7382439970970154,62
c3_013,3,-89.995823,21.13837242126465,1999.0,0.7578741312026978,62
c3_018,3,-90.062113,21.107114,1999.0,0.811743438243866,62
c3_007,3,-90.088521,21.146995,1999.0,0.2168460339307785,62
c3_014,3,-89.951361,21.199003219604492,1999.0,0.6882370710372925,62
c3_042,3,-89.950283,21.199003219604492,1999.0,0.6688728928565979,62
c3_029,3,-90.000135,21.137563705444336,1999.0,0.7023326754570007,62
c3_005,3,-90.003638,21.111964,1999.0,0.7130422592163086,62
c3_022,3,-90.005524,21.112503051757812,1999.0,0.73702073097229,62
c3_002,3,-89.953786,21.197656,1999.0,0.6799909472465515,62
c3_015,3,-89.940852,21.162086486816406,1999.0,0.6748886108398438,62
c3_020,3,-90.016842,21.116006,1999.0,0.7535014748573303,62
c3_027,3,-89.982619,21.149421,1999.0,0.6165337562561035,62
c3_030,3,-89.942738,21.1674747467041,1999.0,0.5623182654380798,62
c3_050,3,-89.941929,21.168553,1999.0,0.42670828104019165,62
c3_009,3,-89.986392,21.149959564208984,1999.0,0.7963318228721619,62
c3_033,3,-90.039208,21.102802276611328,1999.0,0.7279416918754578,62
c3_038,3,-89.976152,21.169361114501953,1999.0,0.545038104057312,62
c3_023,3,-89.97183990478516,21.169361114501953,1999.0,0.5869272351264954,62
c3_032,3,-90.00040435791016,21.138642,1999.0,0.5908083915710449,62
c3_046,3,-89.994476,21.137832641601562,1999.0,0.5535622239112854,62
c3_025,3,-89.947049,21.157235,1999.0,0.6956988573074341,62
c3_028,3,-89.976421,21.165858,1999.0,0.7131513953208923,62
c3_036,3,-89.95189666748047,21.162894,1999.0,0.5203951001167297,62
c3_021,3,-90.007141,21.131635665893555,1999.0,0.6857858896255493,62
c3_035,3,-90.000943,21.144569396972656,1999.0,0.7138353586196899,62
c3_037,3,-89.97183990478516,21.162086486816406,1999.0,0.731182336807251,62
c3_039,3,-89.976691,21.168283462524414,1999.0,0.6324240565299988,62
c3_041,3,-89.973996,21.137563705444336,1999.0,0.6696997880935669,62
c3_034,3,-90.041364,21.1402587890625,1999.0,0.6002252697944641,62
c3_047,3,-90.028698,21.126246,1999.0,0.7635107636451721,62
c3_048,3,-90.030315,21.124359130859375,1999.0,0.6932802200317383,62
c3_011,3,-90.035974,21.099299,1999.0,0.6947907209396362,62
c3_001,3,-90.080437,21.100377,1999.0,0.6600011587142944,62
c3_006,3,-89.94677734375,21.202237,1999.0,0.7998441457748413,62
c3_019,3,-89.958367,21.172056198120117,1999.0,0.8042441010475159,62
c3_031,3,-90.00740814208984,21.113042,1999.0,0.7716606259346008,62
c3_010,3,-90.01252746582031,21.114659,1999.0,0.7380751967430115,62
c3_012,3,-90.00768280029297,21.114389419555664,1999.0,0.7176602482795715,62
c3_016,3,-90.045675,21.097951889038086,1999.0,0.6424852609634399,62
c3_043,3,-89.967259,21.189841,1999.0,0.8127813339233398,62
c3_044,3,-90.046214,21.097413,1999.0,0.6903511881828308,62
c3_049,3,-90.016033,21.116006,1999.0,0.7434694766998291,62
c4_001,4,-90.002021,21.168822,1999.0,0.2074897736310959,62
c4_002,4,-90.013878,21.166397094726562,1999.0,0.16138850152492523,62
c4_003,4,-90.040286,21.149421,1999.0,0.26032495498657227,62
c4_004,4,-89.94139099121094,21.181487,1999.0,0.17582161724567413,62
c4_005,4,-89.967529,21.183643341064453,1999.0,0.2885991930961609,62
c4_006,4,-89.943277,21.200620651245117,1999.0,0.1476711481809616,62
c4_007,4,-89.968068,21.171248,1999.0,0.24778053164482117,62
c4_008,4,-90.035705,21.15346336364746,1999.0,0.3540498614311218,62
c4_009,4,-89.967798,21.179332,1999.0,0.12225600332021713,62
c4_010,4,-89.949205,21.194961,1999.0,0.12237568199634552,62
c4_011,4,-89.943007,21.202506,1999.0,0.1704595535993576,62
c4_012,4,-89.945163,21.199811,1999.0,-0.024089975282549858,62
c4_013,4,-89.972379,21.174481,1999.0,0.1326812505722046,62
c4_014,4,-90.041633,21.148612,1999.0,0.16182826459407806,62
c4_015,4,-89.960792,21.190380096435547,1999.0,-0.009966838173568249,62
c4_016,4,-89.958098,21.184452056884766,1999.0,0.10508125275373459,62
c4_017,4,-90.074239,21.133790969848633,1999.0,0.33147260546684265,62
c4_018,4,-89.950822,21.1922664642334,1999.0,-0.039364222437143326,62
c4_019,4,-89.996901,21.149959564208984,1999.0,0.48707661032676697,62
c4_020,4,-89.960523,21.186338424682617,1999.0,-0.004730915185064077,62
c4_021,4,-89.9465103149414,21.185529708862305,1999.0,0.08633976429700851,62
c4_022,4,-89.957828,21.185529708862305,1999.0,0.19362330436706543,62
c4_023,4,-90.035705,21.144301,1999.0,0.48172375559806824,62
c4_024,4,-90.022501,21.156966,1999.0,0.13473831117153168,62
c4_025,4,-89.981002,21.165319,1999.0,0.2363985776901245,62
c4_026,4,-90.027621,21.162355422973633,1999.0,0.08854969590902328,62
c4_027,4,-89.949475,21.19415283203125,1999.0,-0.28113695979118347,62
c4_028,4,-89.940852,21.201428,1999.0,0.17628920078277588,62
c4_029,4,-89.961601,21.190919,1999.0,0.20901264250278473,62
c4_030,4,-90.041364,21.151576,1999.0,0.6030306220054626,62
c4_031,4,-90.062382,21.153732299804688,1999.0,0.15253141522407532,62
c4_032,4,-89.944085,21.193883,1999.0,0.06068448722362518,62
c4_033,4,-89.981811,21.164511,1999.0,0.3891129493713379,62
c4_034,4,-89.940313,21.199811,1999.0,0.03803665190935135,62
c4_035,4,-90.072622,21.132714,1999.0,0.37117400765419006,62
c4_036,4,-89.942738,21.183643341064453,1999.0,0.1641695648431778,62
c4_037,4,-89.9742660522461,21.173673,1999.0,0.3873285949230194,62
c4_038,4,-89.966451,21.182565,1999.0,0.1668400913476944,62
c4_039,4,-90.014147,21.163972,1999.0,-0.034927841275930405,62
c4_040,4,-89.944355,21.201428,1999.0,0.17367954552173615,62
c4_041,4,-90.011183,21.148881912231445,1999.0,0.5609256029129028,62
c4_042,4,-90.071814,21.131635665893555,1999.0,0.34892502427101135,62
c4_043,4,-90.11438751220703,21.11061668395996,1999.0,0.5680396556854248,62
c4_044,4,-89.956481,21.189302444458008,1999.0,0.3129426836967468,62
c4_045,4,-90.036513,21.153732299804688,1999.0,0.30608758330345154,62
c4_046,4,-89.98235321044922,21.169092178344727,1999.0,0.35582491755485535,62
c4_047,4,-89.992859,21.172864,1999.0,0.16459397971630096,62
c4_048,4,-89.948127,21.191457748413086,1999.0,0.1822320967912674,62
c4_049,4,-90.1195068359375,21.108461380004883,1999.0,0.46222516894340515,62
c4_050,4,-90.094718,21.12301254272461,1999.0,0.3139707148075104,62
c5_045,5,-90.018998,21.166128158569336,1999.0,0.2387118637561798,62
c5_008,5,-90.034357,21.155618,1999.0,0.28820446133613586,62
c5_010,5,-89.957289,21.163703,1999.0,0.24568836390972137,62
c5_011,5,-90.004985,21.156696319580078,1999.0,0.23596486449241638,62
c5_012,5,-90.066424,21.154809951782227,1999.0,0.15424521267414093,62
c5_014,5,-90.006871,21.155887603759766,1999.0,0.16861088573932648,62
c5_016,5,-90.002829,21.15642738342285,1999.0,0.3148114085197449,62
c5_022,5,-90.044597,21.154809951782227,1999.0,0.2155809849500656,62
c5_024,5,-89.995284,21.15642738342285,1999.0,0.20956352353096008,62
c5_003,5,-90.056993,21.154541015625,1999.0,0.2212168574333191,62
c5_013,5,-90.020614,21.157235,1999.0,0.18965516984462738,62
c5_020,5,-90.027621,21.156966,1999.0,0.16570714116096497,62
c5_025,5,-90.03301239013672,21.15966033935547,1999.0,0.0118010975420475,62
c5_034,5,-90.012261,21.166397094726562,1999.0,0.18079698085784912,62
c5_040,5,-90.069658,21.154541015625,1999.0,0.16679437458515167,62
c5_041,5,-89.998787,21.156156539916992,1999.0,0.20482578873634338,62
c5_043,5,-90.113042,21.13729476928711,1999.0,0.41642430424690247,62
c5_002,5,-90.042172,21.156156539916992,1999.0,0.14976997673511505,62
c5_004,5,-90.034088,21.156966,1999.0,0.21991489827632904,62
c5_001,5,-89.996093,21.155887603759766,1999.0,0.3387192189693451,62
c5_006,5,-90.035435,21.154809951782227,1999.0,0.3337204158306122,62
c5_015,5,-89.942738,21.172864,1999.0,0.3172759413719177,62
c5_018,5,-90.0685806274414,21.152385,1999.0,0.2188056856393814,62
c5_026,5,-89.998248,21.172326,1999.0,0.2651878595352173,62
c5_033,5,-90.01980590820312,21.156966,1999.0,0.39923295378685,62
c5_036,5,-90.041902,21.15750503540039,1999.0,0.3145885169506073,62
c5_039,5,-90.060496,21.15642738342285,1999.0,0.24323627352714539,62
c5_005,5,-90.041633,21.159929275512695,1999.0,0.4307018518447876,62
c5_009,5,-90.038938,21.154271,1999.0,0.3614315092563629,62
c5_019,5,-90.057262,21.155349,1999.0,0.16052962839603424,62
c5_021,5,-90.089598,21.148073196411133,1999.0,0.18300142884254456,62
c5_030,5,-90.071814,21.151845932006836,1999.0,0.20367224514484406,62
c5_031,5,-90.003099,21.155618,1999.0,0.3511606454849243,62
c5_035,5,-90.095527,21.151845932006836,1999.0,0.23551389575004578,62
c5_037,5,-89.996632,21.160469,1999.0,0.4844416379928589,62
c5_023,5,-89.978038,21.180139541625977,1999.0,0.10435381531715393,62
c5_017,5,-90.040555,21.145917892456055,1999.0,0.3309362232685089,62
c5_027,5,-90.08879089355469,21.150768280029297,1999.0,0.3731886148452759,62
c5_047,5,-90.001213,21.154541015625,1999.0,0.6355352401733398,62
c5_048,5,-90.028429,21.156696319580078,1999.0,0.2807464897632599,62
c5_029,5,-90.090407,21.149421,1999.0,0.21843190491199493,62
c5_032,5,-90.079359,21.150768280029297,1999.0,0.24774247407913208,62
c5_038,5,-90.04082489013672,21.156966,1999.0,0.3021993041038513,62
c5_046,5,-90.067233,21.152114868164062,1999.0,0.19390518963336945,62
c5_028,5,-90.095527,21.150499,1999.0,0.2993220388889313,62
c5_044,5,-89.973188,21.183374404907227,1999.0,0.2304609715938568,62
c5_042,5,-90.08124542236328,21.149421,1999.0,0.3160369098186493,62
c5_007,5,-90.021962,21.143491744995117,1999.0,0.3643552362918854,62
c10_001,3,-90.028968,21.158313,1999.0,0.10948818176984787,62
c10_005,3,-89.954594,21.163972,1999.0,0.31729456782341003,62
c10_002,3,-90.033549,21.15858268737793,1999.0,0.10572321712970734,62
c10_003,3,-90.030046,21.158044,1999.0,0.1531400978565216,62
c10_004,3,-90.029507,21.157773971557617,1999.0,0.16424717009067535,62
c10_006,3,-90.03301239013672,21.159122467041016,1999.0,0.1189020648598671,62
c10_007,3,-90.03301239013672,21.158044,1999.0,0.15994100272655487,62
c10_009,3,-90.032741,21.15858268737793,1999.0,0.14438915252685547,62
c10_010,3,-90.030585,21.158044,1999.0,0.15253303945064545,62
c10_008,3,-89.95405578613281,21.163972,1999.0,0.2792032063007355,62
c1_051,1,-90.064538,21.118162155151367,1999.0,0.48735490441322327,62
c1_052,1,-90.05322265625,21.112234115600586,1999.0,0.6255391240119934,62
c1_053,1,-90.068041,21.142953,1999.0,0.6341723799705505,62
c1_054,1,-90.00040435791016,21.124359130859375,1999.0,0.6661583185195923,62
c1_055,1,-90.049178,21.1402587890625,1999.0,0.6529572606086731,62
c2_051,2,-90.111695,21.123821258544922,1999.0,0.5093685388565063,62
c2_052,2,-90.02277374267578,21.139720916748047,1999.0,0.6064738631248474,62
c2_053,2,-89.941929,21.138911,1999.0,0.7746144533157349,62
c2_054,2,-89.950013,21.130019,1999.0,0.8068060874938965,62
c2_055,2,-90.106306,21.128941,1999.0,0.47972333431243896,62
c3_062,3,-90.086634,21.149690628051758,1999.0,0.1732710748910904,62
c3_051,3,-90.010914,21.144301,1999.0,0.7616210579872131,62
c3_055,3,-90.079359,21.150499,1999.0,0.2712818682193756,62
c3_058,3,-90.000943,21.171248,1999.0,0.6526551842689514,62
c3_052,3,-90.094179,21.114929,1999.0,0.6436018943786621,62
c3_059,3,-90.039208,21.1402587890625,1999.0,0.7343829870223999,62
c3_053,3,-90.013608,21.152114868164062,1999.0,0.785686194896698,62
c3_060,3,-89.958906,21.12489891052246,1999.0,0.843903124332428,62
c3_057,3,-90.058071,21.159929275512695,1999.0,0.6670092344284058,62
c3_061,3,-89.973457,21.138911,1999.0,0.7112112641334534,62
c3_064,3,-89.989625,21.149959564208984,1999.0,0.6270293593406677,62
c3_063,3,-90.030046,21.125707,1999.0,0.7468859553337097,62
c3_065,3,-89.972379,21.162086486816406,1999.0,0.7596497535705566,62
c3_054,3,-90.029237,21.101455,1999.0,0.7275387048721313,62
c3_056,3,-90.008758,21.114120483398438,1999.0,0.7115616798400879,62
c4_051,4,-89.958906,21.191997,1999.0,0.11238625645637512,62
c4_052,4,-89.957828,21.178254,1999.0,0.2107498198747635,62
c4_053,4,-89.994476,21.172864,1999.0,0.16671186685562134,62
c4_054,4,-89.994745,21.168822,1999.0,0.06754318624734879,62
c4_055,4,-90.0025634765625,21.169631,1999.0,0.0495205894112587,62
c1_001,1,-90.056184,21.12301254272461,2000.0,0.5999550223350525,69
c1_002,1,-89.984506,21.126246,2000.0,0.6838704943656921,69
c1_003,1,-90.070197,21.140798,2000.0,0.6462077498435974,69
c1_004,1,-90.057801,21.145648,2000.0,0.720031201839447,69
c1_005,1,-90.024926,21.145379,2000.0,0.5069736242294312,69
c1_006,1,-89.979386,21.130288,2000.0,0.6625730395317078,69
c1_007,1,-90.08636474609375,21.137025,2000.0,0.6545016169548035,69
c1_008,1,-89.952169,21.14322280883789,2000.0,0.6859312057495117,69
c1_009,1,-90.055106,21.138911,2000.0,0.4933988153934479,69
c1_010,1,-89.945702,21.14322280883789,2000.0,0.6952235102653503,69
c1_011,1,-89.958098,21.149151,2000.0,0.6735307574272156,69
c1_012,1,-90.036783,21.117354,2000.0,0.751394510269165,69
c1_013,1,-90.113042,21.085018157958984,2000.0,0.7754732966423035,69
c1_014,1,-89.944085,21.154002,2000.0,0.7403176426887512,69
c1_015,1,-90.065885,21.113581,2000.0,0.5588503479957581,69
c1_016,1,-90.064538,21.121126174926758,2000.0,0.5558935403823853,69
c1_017,1,-90.01280212402344,21.122474,2000.0,0.6779518723487854,69
c1_018,1,-90.013608,21.150499,2000.0,0.7112061977386475,69
c1_019,1,-90.075856,21.141876220703125,2000.0,0.7340872883796692,69
c1_020,1,-90.063729,21.119510650634766,2000.0,0.54477858543396,69
c1_021,1,-90.112234,21.128671646118164,2000.0,0.2940673828125,69
c1_022,1,-89.970224,21.131635665893555,2000.0,0.5829077363014221,69
c1_023,1,-90.049448,21.111425399780273,2000.0,0.6350287795066833,69
c1_024,1,-90.076933,21.135408401489258,2000.0,0.6691297888755798,69
c1_025,1,-90.09391021728516,21.143762,2000.0,0.7544173002243042,69
c1_026,1,-89.940852,21.145917892456055,2000.0,0.7237967252731323,69
c1_027,1,-89.945163,21.154002,2000.0,0.69338458776474,69
c1_028,1,-90.098491,21.127324,2000.0,0.652259349822998,69
c1_029,1,-90.003368,21.149421,2000.0,0.5415688157081604,69
c1_030,1,-89.972918,21.124629,2000.0,0.727425754070282,69
c1_031,1,-90.003907,21.124359130859375,2000.0,0.6701444983482361,69
c1_032,1,-90.066694,21.0987606048584,2000.0,0.7118934392929077,69
c1_033,1,-89.994745,21.123552322387695,2000.0,0.6077802777290344,69
c1_034,1,-90.08879089355469,21.142953,2000.0,0.5694565176963806,69
c1_035,1,-90.063191,21.110887,2000.0,0.5672491788864136,69
c1_036,1,-89.960523,21.137563705444336,2000.0,0.6883498430252075,69
c1_037,1,-90.094179,21.093371,2000.0,0.7211022973060608,69
c1_038,1,-90.0025634765625,21.122743,2000.0,0.6267521381378174,69
c1_039,1,-90.051334,21.132714,2000.0,0.5510483384132385,69
c1_040,1,-90.066694,21.13837242126465,2000.0,0.5950035452842712,69
c1_041,1,-90.116815,21.0882511138916,2000.0,0.6918724775314331,69
c1_042,1,-90.057801,21.148612,2000.0,0.662819504737854,69
c1_043,1,-90.080706,21.141876220703125,2000.0,0.5876803398132324,69
c1_044,1,-89.947319,21.188493728637695,2000.0,0.5854665040969849,69
c1_045,1,-89.981811,21.124091,2000.0,0.7193643450737,69
c1_046,1,-90.058879,21.128671646118164,2000.0,0.47072336077690125,69
c1_047,1,-90.075317,21.10361099243164,2000.0,0.7266135215759277,69
c1_048,1,-90.003638,21.150768280029297,2000.0,0.5824223756790161,69
c1_049,1,-90.026543,21.122743,2000.0,0.704590380191803,69
c1_050,1,-90.108731,21.117623,2000.0,0.7080416679382324,69
c2_001,2,-89.960253,21.154002,2000.0,0.656104326248169,69
c2_002,2,-90.117623,21.133522033691406,2000.0,0.36694541573524475,69
c2_003,2,-90.07881927490234,21.09229278564453,2000.0,0.7004189491271973,69
c2_004,2,-89.978847,21.15022850036621,2000.0,0.671896755695343,69
c2_005,2,-90.089329,21.09364128112793,2000.0,0.7725485563278198,69
c2_006,2,-90.11412048339844,21.100377,2000.0,0.5987848043441772,69
c2_007,2,-90.106036,21.131635665893555,2000.0,0.6812925934791565,69
c2_008,2,-90.001213,21.145379,2000.0,0.6719110608100891,69
c2_009,2,-89.963217,21.183913,2000.0,0.441005140542984,69
c2_010,2,-90.10226440429688,21.144301,2000.0,0.5212327837944031,69
c2_011,2,-89.958636,21.125438,2000.0,0.7181035280227661,69
c2_012,2,-90.097413,21.149959564208984,2000.0,0.5867468118667603,69
c2_013,2,-90.100647,21.106845,2000.0,0.5899599194526672,69
c2_014,2,-90.04594421386719,21.111156463623047,2000.0,0.5177552103996277,69
c2_015,2,-90.068849,21.102802276611328,2000.0,0.7755036950111389,69
c2_016,2,-90.118162,21.135947,2000.0,0.2800273597240448,69
c2_017,2,-89.96214294433594,21.120587,2000.0,0.7526516318321228,69
c2_018,2,-89.981541,21.148343,2000.0,0.5207346677780151,69
c2_019,2,-90.041364,21.101186,2000.0,0.7074626088142395,69
c2_020,2,-90.082592,21.10064697265625,2000.0,0.7022815346717834,69
c2_021,2,-89.945163,21.161008,2000.0,0.5889561176300049,69
c2_022,2,-90.01280212402344,21.118162155151367,2000.0,0.7042208313941956,69
c2_023,2,-89.94165802001953,21.17879295349121,2000.0,0.43378791213035583,69
c2_024,2,-89.940043,21.179332,2000.0,0.4746456742286682,69
c2_025,2,-89.942199,21.169092178344727,2000.0,0.6007346510887146,69
c2_026,2,-90.04837036132812,21.15858268737793,2000.0,0.4304691255092621,69
c2_027,2,-90.018189,21.155078887939453,2000.0,0.5582255721092224,69
c2_028,2,-90.018998,21.118701,2000.0,0.6372582316398621,69
c2_029,2,-89.960253,21.166936,2000.0,0.7997019290924072,69
c2_030,2,-90.08636474609375,21.13918113708496,2000.0,0.6391593813896179,69
c2_031,2,-90.006871,21.167745,2000.0,0.3694499433040619,69
c2_032,2,-89.9599838256836,21.15750503540039,2000.0,0.4842088222503662,69
c2_033,2,-90.052412,21.115737,2000.0,0.6890947818756104,69
c2_034,2,-90.075586,21.099569,2000.0,0.6745210289955139,69
c2_035,2,-90.108731,21.095796,2000.0,0.6044200658798218,69
c2_036,2,-90.026543,21.155078887939453,2000.0,0.7848082780838013,69
c2_037,2,-90.006871,21.131097,2000.0,0.6482314467430115,69
c2_038,2,-90.080167,21.099838256835938,2000.0,0.7343605756759644,69
c2_039,2,-89.947588,21.136486053466797,2000.0,0.7150650024414062,69
c2_040,2,-90.061304,21.10468864440918,2000.0,0.7238233089447021,69
c2_041,2,-90.075856,21.134868621826172,2000.0,0.6803066730499268,69
c2_042,2,-89.99959564208984,21.12004852294922,2000.0,0.6070331335067749,69
c2_043,2,-90.101725,21.08043670654297,2000.0,0.7319380044937134,69
c2_044,2,-90.026004,21.113851,2000.0,0.730731189250946,69
c2_045,2,-90.118162,21.129209518432617,2000.0,0.5638391375541687,69
c2_046,2,-89.94139099121094,21.172056198120117,2000.0,0.7033247947692871,69
c2_047,2,-89.969685,21.1402587890625,2000.0,0.7290256023406982,69
c2_048,2,-90.1038818359375,21.095527,2000.0,0.6005876660346985,69
c2_049,2,-89.99231719970703,21.149690628051758,2000.0,0.5240061283111572,69
c2_050,2,-89.950822,21.121396,2000.0,0.7577724456787109,69
c3_045,3,-89.992859,21.161815643310547,2000.0,0.10726961493492126,69
c3_003,3,-90.034357,21.15858268737793,2000.0,0.06837774813175201,69
c3_026,3,-89.986931,21.149959564208984,2000.0,0.8066763281822205,69
c3_008,3,-90.084209,21.151576,2000.0,0.25576943159103394,69
c3_017,3,-89.970493,21.159929275512695,2000.0,0.6586941480636597,69
c3_004,3,-89.982619,21.180679,2000.0,0.140566885471344,69
c3_040,3,-89.9742660522461,21.185529708862305,2000.0,0.7817770838737488,69
c3_024,3,-89.97722625732422,21.183913,2000.0,0.7461529970169067,69
c3_013,3,-89.995823,21.13837242126465,2000.0,0.7317969799041748,69
c3_018,3,-90.062113,21.107114,2000.0,0.7802968621253967,69
c3_007,3,-90.088521,21.146995,2000.0,0.3072379529476166,69
c3_014,3,-89.951361,21.199003219604492,2000.0,0.6613342761993408,69
c3_042,3,-89.950283,21.199003219604492,2000.0,0.6094374656677246,69
c3_029,3,-90.000135,21.137563705444336,2000.0,0.6983115673065186,69
c3_005,3,-90.003638,21.111964,2000.0,0.6872689723968506,69
c3_022,3,-90.005524,21.112503051757812,2000.0,0.6503587961196899,69
c3_002,3,-89.953786,21.197656,2000.0,0.6238438487052917,69
c3_015,3,-89.940852,21.162086486816406,2000.0,0.66175776720047,69
c3_020,3,-90.016842,21.116006,2000.0,0.7234885692596436,69
c3_027,3,-89.982619,21.149421,2000.0,0.5427863597869873,69
c3_030,3,-89.942738,21.1674747467041,2000.0,0.592238187789917,69
c3_050,3,-89.941929,21.168553,2000.0,0.4458627700805664,69
c3_009,3,-89.986392,21.149959564208984,2000.0,0.7953053712844849,69
c3_033,3,-90.039208,21.102802276611328,2000.0,0.696975827217102,69
c3_038,3,-89.976152,21.169361114501953,2000.0,0.5002017617225647,69
c3_023,3,-89.97183990478516,21.169361114501953,2000.0,0.5216338038444519,69
c3_032,3,-90.00040435791016,21.138642,2000.0,0.5490207672119141,69
c3_046,3,-89.994476,21.137832641601562,2000.0,0.48542988300323486,69
c3_025,3,-89.947049,21.157235,2000.0,0.6827830672264099,69
c3_028,3,-89.976421,21.165858,2000.0,0.6754388809204102,69
c3_036,3,-89.95189666748047,21.162894,2000.0,0.544498860836029,69
c3_021,3,-90.007141,21.131635665893555,2000.0,0.6591776609420776,69
c3_035,3,-90.000943,21.144569396972656,2000.0,0.6695604920387268,69
c3_037,3,-89.97183990478516,21.162086486816406,2000.0,0.7032393217086792,69
c3_039,3,-89.976691,21.168283462524414,2000.0,0.5957788825035095,69
c3_041,3,-89.973996,21.137563705444336,2000.0,0.6109657287597656,69
c3_034,3,-90.041364,21.1402587890625,2000.0,0.5966627597808838,69
c3_047,3,-90.028698,21.126246,2000.0,0.7437003254890442,69
c3_048,3,-90.030315,21.124359130859375,2000.0,0.6572490334510803,69
c3_011,3,-90.035974,21.099299,2000.0,0.6585503816604614,69
c3_001,3,-90.080437,21.100377,2000.0,0.6451102495193481,69
c3_006,3,-89.94677734375,21.202237,2000.0,0.8104914426803589,69
c3_019,3,-89.958367,21.172056198120117,2000.0,0.7833195924758911,69
c3_031,3,-90.00740814208984,21.113042,2000.0,0.7070266008377075,69
c3_010,3,-90.01252746582031,21.114659,2000.0,0.7152334451675415,69
c3_012,3,-90.00768280029297,21.114389419555664,2000.0,0.6627987623214722,69
c3_016,3,-90.045675,21.097951889038086,2000.0,0.6028818488121033,69
c3_043,3,-89.967259,21.189841,2000.0,0.8247280716896057,69
c3_044,3,-90.046214,21.097413,2000.0,0.6706542372703552,69
c3_049,3,-90.016033,21.116006,2000.0,0.6983345746994019,69
c4_001,4,-90.002021,21.168822,2000.0,0.15855427086353302,69
c4_002,4,-90.013878,21.166397094726562,2000.0,0.11640384793281555,69
c4_003,4,-90.040286,21.149421,2000.0,0.30844753980636597,69
c4_004,4,-89.94139099121094,21.181487,2000.0,0.17653420567512512,69
c4_005,4,-89.967529,21.183643341064453,2000.0,0.2288237065076828,69
c4_006,4,-89.943277,21.200620651245117,2000.0,0.16040699183940887,69
c4_007,4,-89.968068,21.171248,2000.0,0.23108750581741333,69
c4_008,4,-90.035705,21.15346336364746,2000.0,0.311750203371048,69
c4_009,4,-89.967798,21.179332,2000.0,0.04805023968219757,69
c4_010,4,-89.949205,21.194961,2000.0,0.10095406323671341,69
c4_011,4,-89.943007,21.202506,2000.0,0.17453433573246002,69
c4_012,4,-89.945163,21.199811,2000.0,-0.2641031742095947,69
c4_013,4,-89.972379,21.174481,2000.0,0.09210402518510818,69
c4_014,4,-90.041633,21.148612,2000.0,0.17187179625034332,69
c4_015,4,-89.960792,21.190380096435547,2000.0,0.020570935681462288,69
c4_016,4,-89.958098,21.184452056884766,2000.0,0.13443617522716522,69
c4_017,4,-90.074239,21.133790969848633,2000.0,0.35070905089378357,69
c4_018,4,-89.950822,21.1922664642334,2000.0,0.07649064809083939,69
c4_019,4,-89.996901,21.149959564208984,2000.0,0.4745936095714569,69
c4_020,4,-89.960523,21.186338424682617,2000.0,0.09410377591848373,69
c4_021,4,-89.9465103149414,21.185529708862305,2000.0,0.09176397323608398,69
c4_022,4,-89.957828,21.185529708862305,2000.0,0.11807713657617569,69
c4_023,4,-90.035705,21.144301,2000.0,0.4655745029449463,69
c4_024,4,-90.022501,21.156966,2000.0,0.08959108591079712,69
c4_025,4,-89.981002,21.165319,2000.0,0.2799583375453949,69
c4_026,4,-90.027621,21.162355422973633,2000.0,0.08718997240066528,69
c4_027,4,-89.949475,21.19415283203125,2000.0,-0.18167300522327423,69
c4_028,4,-89.940852,21.201428,2000.0,0.21204739809036255,69
c4_029,4,-89.961601,21.190919,2000.0,0.2100897580385208,69
c4_030,4,-90.041364,21.151576,2000.0,0.5515910983085632,69
c4_031,4,-90.062382,21.153732299804688,2000.0,0.11291943490505219,69
c4_032,4,-89.944085,21.193883,2000.0,-8.339351625181735E-4,69
c4_033,4,-89.981811,21.164511,2000.0,0.4299773573875427,69
c4_034,4,-89.940313,21.199811,2000.0,0.04809731990098953,69
c4_035,4,-90.072622,21.132714,2000.0,0.40331947803497314,69
c4_036,4,-89.942738,21.183643341064453,2000.0,0.1383933126926422,69
c4_037,4,-89.9742660522461,21.173673,2000.0,0.3722860813140869,69
c4_038,4,-89.966451,21.182565,2000.0,0.10546456277370453,69
c4_039,4,-90.014147,21.163972,2000.0,-0.03200037404894829,69
c4_040,4,-89.944355,21.201428,2000.0,0.16703271865844727,69
c4_041,4,-90.011183,21.148881912231445,2000.0,0.5528838038444519,69
c4_042,4,-90.071814,21.131635665893555,2000.0,0.36407017707824707,69
c4_043,4,-90.11438751220703,21.11061668395996,2000.0,0.5488355159759521,69
c4_044,4,-89.956481,21.189302444458008,2000.0,0.33964434266090393,69
c4_045,4,-90.036513,21.153732299804688,2000.0,0.2102227807044983,69
c4_046,4,-89.98235321044922,21.169092178344727,2000.0,0.3313760757446289,69
c4_047,4,-89.992859,21.172864,2000.0,0.08903862535953522,69
c4_048,4,-89.948127,21.191457748413086,2000.0,0.18253794312477112,69
c4_049,4,-90.1195068359375,21.108461380004883,2000.0,0.49193742871284485,69
c4_050,4,-90.094718,21.12301254272461,2000.0,0.2686988115310669,69
c5_045,5,-90.018998,21.166128158569336,2000.0,0.23346056044101715,69
c5_008,5,-90.034357,21.155618,2000.0,0.2616070508956909,69
c5_010,5,-89.957289,21.163703,2000.0,0.2614636719226837,69
c5_011,5,-90.004985,21.156696319580078,2000.0,0.2529321312904358,69
c5_012,5,-90.066424,21.154809951782227,2000.0,0.1807793527841568,69
c5_014,5,-90.006871,21.155887603759766,2000.0,0.14233237504959106,69
c5_016,5,-90.002829,21.15642738342285,2000.0,0.272455096244812,69
c5_022,5,-90.044597,21.154809951782227,2000.0,0.2061898410320282,69
c5_024,5,-89.995284,21.15642738342285,2000.0,0.22422662377357483,69
c5_003,5,-90.056993,21.154541015625,2000.0,0.18834203481674194,69
c5_013,5,-90.020614,21.157235,2000.0,0.15470828115940094,69
c5_020,5,-90.027621,21.156966,2000.0,0.15180645883083344,69
c5_025,5,-90.03301239013672,21.15966033935547,2000.0,0.018639758229255676,69
c5_034,5,-90.012261,21.166397094726562,2000.0,0.15560956299304962,69
c5_040,5,-90.069658,21.154541015625,2000.0,0.1706150770187378,69
c5_041,5,-89.998787,21.156156539916992,2000.0,0.1655566394329071,69
c5_043,5,-90.113042,21.13729476928711,2000.0,0.34356141090393066,69
c5_002,5,-90.042172,21.156156539916992,2000.0,0.11120587587356567,69
c5_004,5,-90.034088,21.156966,2000.0,0.18049858510494232,69
c5_001,5,-89.996093,21.155887603759766,2000.0,0.37240031361579895,69
c5_006,5,-90.035435,21.154809951782227,2000.0,0.2669995129108429,69
c5_015,5,-89.942738,21.172864,2000.0,0.30775389075279236,69
c5_018,5,-90.0685806274414,21.152385,2000.0,0.196596160531044,69
c5_026,5,-89.998248,21.172326,2000.0,0.22936542332172394,69
c5_033,5,-90.01980590820312,21.156966,2000.0,0.4084794223308563,69
c5_036,5,-90.041902,21.15750503540039,2000.0,0.2858053743839264,69
c5_039,5,-90.060496,21.15642738342285,2000.0,0.28366395831108093,69
c5_005,5,-90.041633,21.159929275512695,2000.0,0.4156734049320221,69
c5_009,5,-90.038938,21.154271,2000.0,0.37117666006088257,69
c5_019,5,-90.057262,21.155349,2000.0,0.15624623000621796,69
c5_021,5,-90.089598,21.148073196411133,2000.0,0.21015527844429016,69
c5_030,5,-90.071814,21.151845932006836,2000.0,0.2445564866065979,69
c5_031,5,-90.003099,21.155618,2000.0,0.33580532670021057,69
c5_035,5,-90.095527,21.151845932006836,2000.0,0.26467180252075195,69
c5_037,5,-89.996632,21.160469,2000.0,0.48116418719291687,69
c5_023,5,-89.978038,21.180139541625977,2000.0,0.060891713947057724,69
c5_017,5,-90.040555,21.145917892456055,2000.0,0.3713953495025635,69
c5_027,5,-90.08879089355469,21.150768280029297,2000.0,0.48029038310050964,69
c5_047,5,-90.001213,21.154541015625,2000.0,0.5925015211105347,69
c5_048,5,-90.028429,21.156696319580078,2000.0,0.2849995791912079,69
c5_029,5,-90.090407,21.149421,2000.0,0.2492121160030365,69
c5_032,5,-90.079359,21.150768280029297,2000.0,0.22455279529094696,69
c5_038,5,-90.04082489013672,21.156966,2000.0,0.27260351181030273,69
c5_046,5,-90.067233,21.152114868164062,2000.0,0.17594629526138306,69
c5_028,5,-90.095527,21.150499,2000.0,0.35750260949134827,69
c5_044,5,-89.973188,21.183374404907227,2000.0,0.21025684475898743,69
c5_042,5,-90.08124542236328,21.149421,2000.0,0.40420156717300415,69
c5_007,5,-90.021962,21.143491744995117,2000.0,0.3551882803440094,69
c10_001,3,-90.028968,21.158313,2000.0,0.08286237716674805,69
c10_005,3,-89.954594,21.163972,2000.0,0.36934342980384827,69
c10_002,3,-90.033549,21.15858268737793,2000.0,0.04566163942217827,69
c10_003,3,-90.030046,21.158044,2000.0,0.12967532873153687,69
c10_004,3,-90.029507,21.157773971557617,2000.0,0.14326071739196777,69
c10_006,3,-90.03301239013672,21.159122467041016,2000.0,0.06193944066762924,69
c10_007,3,-90.03301239013672,21.158044,2000.0,0.1016850695014,69
c10_009,3,-90.032741,21.15858268737793,2000.0,0.07516439259052277,69
c10_010,3,-90.030585,21.158044,2000.0,0.13181056082248688,69
c10_008,3,-89.95405578613281,21.163972,2000.0,0.30260053277015686,69
c1_051,1,-90.064538,21.118162155151367,2000.0,0.5143727660179138,69
c1_052,1,-90.05322265625,21.112234115600586,2000.0,0.6230759024620056,69
c1_053,1,-90.068041,21.142953,2000.0,0.602470338344574,69
c1_054,1,-90.00040435791016,21.124359130859375,2000.0,0.6239675879478455,69
c1_055,1,-90.049178,21.1402587890625,2000.0,0.6276945471763611,69
c2_051,2,-90.111695,21.123821258544922,2000.0,0.4919705092906952,69
c2_052,2,-90.02277374267578,21.139720916748047,2000.0,0.5823749899864197,69
c2_053,2,-89.941929,21.138911,2000.0,0.7673366665840149,69
c2_054,2,-89.950013,21.130019,2000.0,0.7277365326881409,69
c2_055,2,-90.106306,21.128941,2000.0,0.4603583812713623,69
c3_062,3,-90.086634,21.149690628051758,2000.0,0.16723904013633728,69
c3_051,3,-90.010914,21.144301,2000.0,0.7590751647949219,69
c3_055,3,-90.079359,21.150499,2000.0,0.22479166090488434,69
c3_058,3,-90.000943,21.171248,2000.0,0.5884528160095215,69
c3_052,3,-90.094179,21.114929,2000.0,0.6298993229866028,69
c3_059,3,-90.039208,21.1402587890625,2000.0,0.7215455174446106,69
c3_053,3,-90.013608,21.152114868164062,2000.0,0.8144866824150085,69
c3_060,3,-89.958906,21.12489891052246,2000.0,0.8338547348976135,69
c3_057,3,-90.058071,21.159929275512695,2000.0,0.648827314376831,69
c3_061,3,-89.973457,21.138911,2000.0,0.6645907759666443,69
c3_064,3,-89.989625,21.149959564208984,2000.0,0.560823917388916,69
c3_063,3,-90.030046,21.125707,2000.0,0.6582834720611572,69
c3_065,3,-89.972379,21.162086486816406,2000.0,0.7285878658294678,69
c3_054,3,-90.029237,21.101455,2000.0,0.7193678617477417,69
c3_056,3,-90.008758,21.114120483398438,2000.0,0.6572149395942688,69
c4_051,4,-89.958906,21.191997,2000.0,0.11397174000740051,69
c4_052,4,-89.957828,21.178254,2000.0,0.14100801944732666,69
c4_053,4,-89.994476,21.172864,2000.0,0.14909301698207855,69
c4_054,4,-89.994745,21.168822,2000.0,-0.055990032851696014,69
c4_055,4,-90.0025634765625,21.169631,2000.0,0.01101828832179308,69
c1_001,1,-90.056184,21.12301254272461,2001.0,0.5478844046592712,63
c1_002,1,-89.984506,21.126246,2001.0,0.6947030425071716,63
c1_003,1,-90.070197,21.140798,2001.0,0.648636519908905,63
c1_004,1,-90.057801,21.145648,2001.0,0.7080949544906616,63
c1_005,1,-90.024926,21.145379,2001.0,0.4858502149581909,63
c1_006,1,-89.979386,21.130288,2001.0,0.6413866281509399,63
c1_007,1,-90.08636474609375,21.137025,2001.0,0.6064491868019104,63
c1_008,1,-89.952169,21.14322280883789,2001.0,0.6927455067634583,63
c1_009,1,-90.055106,21.138911,2001.0,0.45870500802993774,63
c1_010,1,-89.945702,21.14322280883789,2001.0,0.6545459628105164,63
c1_011,1,-89.958098,21.149151,2001.0,0.6933619379997253,63
c1_012,1,-90.036783,21.117354,2001.0,0.7698018550872803,63
c1_013,1,-90.113042,21.085018157958984,2001.0,0.7856267690658569,63
c1_014,1,-89.944085,21.154002,2001.0,0.7448484897613525,63
c1_015,1,-90.065885,21.113581,2001.0,0.49877187609672546,63
c1_016,1,-90.064538,21.121126174926758,2001.0,0.502777099609375,63
c1_017,1,-90.01280212402344,21.122474,2001.0,0.6554704308509827,63
c1_018,1,-90.013608,21.150499,2001.0,0.6995963454246521,63
c1_019,1,-90.075856,21.141876220703125,2001.0,0.7507023215293884,63
c1_020,1,-90.063729,21.119510650634766,2001.0,0.4603455662727356,63
c1_021,1,-90.112234,21.128671646118164,2001.0,0.34144288301467896,63
c1_022,1,-89.970224,21.131635665893555,2001.0,0.5293701887130737,63
c1_023,1,-90.049448,21.111425399780273,2001.0,0.6274300813674927,63
c1_024,1,-90.076933,21.135408401489258,2001.0,0.667478621006012,63
c1_025,1,-90.09391021728516,21.143762,2001.0,0.722650945186615,63
c1_026,1,-89.940852,21.145917892456055,2001.0,0.7051152586936951,63
c1_027,1,-89.945163,21.154002,2001.0,0.6711043119430542,63
c1_028,1,-90.098491,21.127324,2001.0,0.6201114654541016,63
c1_029,1,-90.003368,21.149421,2001.0,0.52809739112854,63
c1_030,1,-89.972918,21.124629,2001.0,0.6726626753807068,63
c1_031,1,-90.003907,21.124359130859375,2001.0,0.5910108089447021,63
c1_032,1,-90.066694,21.0987606048584,2001.0,0.6866879463195801,63
c1_033,1,-89.994745,21.123552322387695,2001.0,0.6002500653266907,63
c1_034,1,-90.08879089355469,21.142953,2001.0,0.5045717358589172,63
c1_035,1,-90.063191,21.110887,2001.0,0.5454769134521484,63
c1_036,1,-89.960523,21.137563705444336,2001.0,0.6861576437950134,63
c1_037,1,-90.094179,21.093371,2001.0,0.7055938839912415,63
c1_038,1,-90.0025634765625,21.122743,2001.0,0.5951082110404968,63
c1_039,1,-90.051334,21.132714,2001.0,0.5230157375335693,63
c1_040,1,-90.066694,21.13837242126465,2001.0,0.5761348605155945,63
c1_041,1,-90.116815,21.0882511138916,2001.0,0.6698540449142456,63
c1_042,1,-90.057801,21.148612,2001.0,0.6895162463188171,63
c1_043,1,-90.080706,21.141876220703125,2001.0,0.4898647964000702,63
c1_044,1,-89.947319,21.188493728637695,2001.0,0.5761579871177673,63
c1_045,1,-89.981811,21.124091,2001.0,0.732266902923584,63
c1_046,1,-90.058879,21.128671646118164,2001.0,0.4439970552921295,63
c1_047,1,-90.075317,21.10361099243164,2001.0,0.7170875668525696,63
c1_048,1,-90.003638,21.150768280029297,2001.0,0.5742972493171692,63
c1_049,1,-90.026543,21.122743,2001.0,0.70909184217453,63
c1_050,1,-90.108731,21.117623,2001.0,0.6963785290718079,63
c2_001,2,-89.960253,21.154002,2001.0,0.6204595565795898,63
c2_002,2,-90.117623,21.133522033691406,2001.0,0.2233915477991104,63
c2_003,2,-90.07881927490234,21.09229278564453,2001.0,0.7162513136863708,63
c2_004,2,-89.978847,21.15022850036621,2001.0,0.6637115478515625,63
c2_005,2,-90.089329,21.09364128112793,2001.0,0.7506678104400635,63
c2_006,2,-90.11412048339844,21.100377,2001.0,0.5928806662559509,63
c2_007,2,-90.106036,21.131635665893555,2001.0,0.5948712825775146,63
c2_008,2,-90.001213,21.145379,2001.0,0.7094712853431702,63
c2_009,2,-89.963217,21.183913,2001.0,0.3610481917858124,63
c2_010,2,-90.10226440429688,21.144301,2001.0,0.4240352511405945,63
c2_011,2,-89.958636,21.125438,2001.0,0.6931486129760742,63
c2_012,2,-90.097413,21.149959564208984,2001.0,0.5425777435302734,63
c2_013,2,-90.100647,21.106845,2001.0,0.5642541646957397,63
c2_014,2,-90.04594421386719,21.111156463623047,2001.0,0.48422783613204956,63
c2_015,2,-90.068849,21.102802276611328,2001.0,0.7749924659729004,63
c2_016,2,-90.118162,21.135947,2001.0,0.19837398827075958,63
c2_017,2,-89.96214294433594,21.120587,2001.0,0.6909934878349304,63
c2_018,2,-89.981541,21.148343,2001.0,0.47319602966308594,63
c2_019,2,-90.041364,21.101186,2001.0,0.654458224773407,63
c2_020,2,-90.082592,21.10064697265625,2001.0,0.7261734008789062,63
c2_021,2,-89.945163,21.161008,2001.0,0.5533595681190491,63
c2_022,2,-90.01280212402344,21.118162155151367,2001.0,0.6562774181365967,63
c2_023,2,-89.94165802001953,21.17879295349121,2001.0,0.4426118731498718,63
c2_024,2,-89.940043,21.179332,2001.0,0.4340763986110687,63
c2_025,2,-89.942199,21.169092178344727,2001.0,0.5733386278152466,63
c2_026,2,-90.04837036132812,21.15858268737793,2001.0,0.4226570129394531,63
c2_027,2,-90.018189,21.155078887939453,2001.0,0.4598701000213623,63
c2_028,2,-90.018998,21.118701,2001.0,0.5460635423660278,63
c2_029,2,-89.960253,21.166936,2001.0,0.8131278157234192,63
c2_030,2,-90.08636474609375,21.13918113708496,2001.0,0.6011379957199097,63
c2_031,2,-90.006871,21.167745,2001.0,0.35805127024650574,63
c2_032,2,-89.9599838256836,21.15750503540039,2001.0,0.42065584659576416,63
c2_033,2,-90.052412,21.115737,2001.0,0.6764794588088989,63
c2_034,2,-90.075586,21.099569,2001.0,0.6644647121429443,63
c2_035,2,-90.108731,21.095796,2001.0,0.5754689574241638,63
c2_036,2,-90.026543,21.155078887939453,2001.0,0.7627770900726318,63
c2_037,2,-90.006871,21.131097,2001.0,0.6605450510978699,63
c2_038,2,-90.080167,21.099838256835938,2001.0,0.7353896498680115,63
c2_039,2,-89.947588,21.136486053466797,2001.0,0.7070320844650269,63
c2_040,2,-90.061304,21.10468864440918,2001.0,0.7222739458084106,63
c2_041,2,-90.075856,21.134868621826172,2001.0,0.6801219582557678,63
c2_042,2,-89.99959564208984,21.12004852294922,2001.0,0.5398491621017456,63
c2_043,2,-90.101725,21.08043670654297,2001.0,0.6614287495613098,63
c2_044,2,-90.026004,21.113851,2001.0,0.7381623983383179,63
c2_045,2,-90.118162,21.129209518432617,2001.0,0.5136076211929321,63
c2_046,2,-89.94139099121094,21.172056198120117,2001.0,0.6998189687728882,63
c2_047,2,-89.969685,21.1402587890625,2001.0,0.7208485007286072,63
c2_048,2,-90.1038818359375,21.095527,2001.0,0.583684504032135,63
c2_049,2,-89.99231719970703,21.149690628051758,2001.0,0.4889606237411499,63
c2_050,2,-89.950822,21.121396,2001.0,0.6993740797042847,63
c3_045,3,-89.992859,21.161815643310547,2001.0,0.07666391134262085,63
c3_003,3,-90.034357,21.15858268737793,2001.0,0.07437208294868469,63
c3_026,3,-89.986931,21.149959564208984,2001.0,0.7878478169441223,63
c3_008,3,-90.084209,21.151576,2001.0,0.2227308452129364,63
c3_017,3,-89.970493,21.159929275512695,2001.0,0.6522602438926697,63
c3_004,3,-89.982619,21.180679,2001.0,0.13630932569503784,63
c3_040,3,-89.9742660522461,21.185529708862305,2001.0,0.7011009454727173,63
c3_024,3,-89.97722625732422,21.183913,2001.0,0.6583518981933594,63
c3_013,3,-89.995823,21.13837242126465,2001.0,0.742519736289978,63
c3_018,3,-90.062113,21.107114,2001.0,0.7673639059066772,63
c3_007,3,-90.088521,21.146995,2001.0,0.19856101274490356,63
c3_014,3,-89.951361,21.199003219604492,2001.0,0.5391595959663391,63
c3_042,3,-89.950283,21.199003219604492,2001.0,0.5469741821289062,63
c3_029,3,-90.000135,21.137563705444336,2001.0,0.7039437890052795,63
c3_005,3,-90.003638,21.111964,2001.0,0.636972963809967,63
c3_022,3,-90.005524,21.112503051757812,2001.0,0.6160390377044678,63
c3_002,3,-89.953786,21.197656,2001.0,0.48223361372947693,63
c3_015,3,-89.940852,21.162086486816406,2001.0,0.6599950194358826,63
c3_020,3,-90.016842,21.116006,2001.0,0.5949850082397461,63
c3_027,3,-89.982619,21.149421,2001.0,0.5212174654006958,63
c3_030,3,-89.942738,21.1674747467041,2001.0,0.5900136828422546,63
c3_050,3,-89.941929,21.168553,2001.0,0.4204518496990204,63
c3_009,3,-89.986392,21.149959564208984,2001.0,0.7829726934432983,63
c3_033,3,-90.039208,21.102802276611328,2001.0,0.6396568417549133,63
c3_038,3,-89.976152,21.169361114501953,2001.0,0.5644420385360718,63
c3_023,3,-89.97183990478516,21.169361114501953,2001.0,0.5783674716949463,63
c3_032,3,-90.00040435791016,21.138642,2001.0,0.5248587131500244,63
c3_046,3,-89.994476,21.137832641601562,2001.0,0.4900493919849396,63
c3_025,3,-89.947049,21.157235,2001.0,0.6826120018959045,63
c3_028,3,-89.976421,21.165858,2001.0,0.6856775283813477,63
c3_036,3,-89.95189666748047,21.162894,2001.0,0.5065732598304749,63
c3_021,3,-90.007141,21.131635665893555,2001.0,0.6704202890396118,63
c3_035,3,-90.000943,21.144569396972656,2001.0,0.6623209118843079,63
c3_037,3,-89.97183990478516,21.162086486816406,2001.0,0.7358130216598511,63
c3_039,3,-89.976691,21.168283462524414,2001.0,0.568265974521637,63
c3_041,3,-89.973996,21.137563705444336,2001.0,0.6134231686592102,63
c3_034,3,-90.041364,21.1402587890625,2001.0,0.5921593308448792,63
c3_047,3,-90.028698,21.126246,2001.0,0.7757275700569153,63
c3_048,3,-90.030315,21.124359130859375,2001.0,0.638422966003418,63
c3_011,3,-90.035974,21.099299,2001.0,0.6257084012031555,63
c3_001,3,-90.080437,21.100377,2001.0,0.6713278293609619,63
c3_006,3,-89.94677734375,21.202237,2001.0,0.7761116027832031,63
c3_019,3,-89.958367,21.172056198120117,2001.0,0.8021506071090698,63
c3_031,3,-90.00740814208984,21.113042,2001.0,0.6247713565826416,63
c3_010,3,-90.01252746582031,21.114659,2001.0,0.6463064551353455,63
c3_012,3,-90.00768280029297,21.114389419555664,2001.0,0.5822133421897888,63
c3_016,3,-90.045675,21.097951889038086,2001.0,0.5414866805076599,63
c3_043,3,-89.967259,21.189841,2001.0,0.7769230008125305,63
c3_044,3,-90.046214,21.097413,2001.0,0.5966293215751648,63
c3_049,3,-90.016033,21.116006,2001.0,0.5600941777229309,63
c4_001,4,-90.002021,21.168822,2001.0,0.18425734341144562,63
c4_002,4,-90.013878,21.166397094726562,2001.0,0.1513192057609558,63
c4_003,4,-90.040286,21.149421,2001.0,0.25801199674606323,63
c4_004,4,-89.94139099121094,21.181487,2001.0,0.16932106018066406,63
c4_005,4,-89.967529,21.183643341064453,2001.0,0.15801775455474854,63
c4_006,4,-89.943277,21.200620651245117,2001.0,0.17227277159690857,63
c4_007,4,-89.968068,21.171248,2001.0,0.18697203695774078,63
c4_008,4,-90.035705,21.15346336364746,2001.0,0.2305459827184677,63
c4_009,4,-89.967798,21.179332,2001.0,0.06542188674211502,63
c4_010,4,-89.949205,21.194961,2001.0,0.0791722759604454,63
c4_011,4,-89.943007,21.202506,2001.0,0.12553377449512482,63
c4_012,4,-89.945163,21.199811,2001.0,0.08855412900447845,63
c4_013,4,-89.972379,21.174481,2001.0,0.055062390863895416,63
c4_014,4,-90.041633,21.148612,2001.0,0.15612831711769104,63
c4_015,4,-89.960792,21.190380096435547,2001.0,0.14334547519683838,63
c4_016,4,-89.958098,21.184452056884766,2001.0,0.0962003841996193,63
c4_017,4,-90.074239,21.133790969848633,2001.0,0.3798369765281677,63
c4_018,4,-89.950822,21.1922664642334,2001.0,0.1565101444721222,63
c4_019,4,-89.996901,21.149959564208984,2001.0,0.4772080183029175,63
c4_020,4,-89.960523,21.186338424682617,2001.0,0.19000884890556335,63
c4_021,4,-89.9465103149414,21.185529708862305,2001.0,0.03896552324295044,63
c4_022,4,-89.957828,21.185529708862305,2001.0,0.10722864419221878,63
c4_023,4,-90.035705,21.144301,2001.0,0.45674872398376465,63
c4_024,4,-90.022501,21.156966,2001.0,0.09696231782436371,63
c4_025,4,-89.981002,21.165319,2001.0,0.15553879737854004,63
c4_026,4,-90.027621,21.162355422973633,2001.0,0.03459172323346138,63
c4_027,4,-89.949475,21.19415283203125,2001.0,-0.06053084880113602,63
c4_028,4,-89.940852,21.201428,2001.0,0.15016421675682068,63
c4_029,4,-89.961601,21.190919,2001.0,0.28375741839408875,63
c4_030,4,-90.041364,21.151576,2001.0,0.525964617729187,63
c4_031,4,-90.062382,21.153732299804688,2001.0,0.1183561161160469,63
c4_032,4,-89.944085,21.193883,2001.0,-0.06292849034070969,63
c4_033,4,-89.981811,21.164511,2001.0,0.31992727518081665,63
c4_034,4,-89.940313,21.199811,2001.0,0.06960511952638626,63
c4_035,4,-90.072622,21.132714,2001.0,0.38637664914131165,63
c4_036,4,-89.942738,21.183643341064453,2001.0,0.1341012567281723,63
c4_037,4,-89.9742660522461,21.173673,2001.0,0.3332085609436035,63
c4_038,4,-89.966451,21.182565,2001.0,0.10522302240133286,63
c4_039,4,-90.014147,21.163972,2001.0,0.026941729709506035,63
c4_040,4,-89.944355,21.201428,2001.0,0.141022190451622,63
c4_041,4,-90.011183,21.148881912231445,2001.0,0.5560846328735352,63
c4_042,4,-90.071814,21.131635665893555,2001.0,0.39104726910591125,63
c4_043,4,-90.11438751220703,21.11061668395996,2001.0,0.5626201629638672,63
c4_044,4,-89.956481,21.189302444458008,2001.0,0.42384570837020874,63
c4_045,4,-90.036513,21.153732299804688,2001.0,0.13209642469882965,63
c4_046,4,-89.98235321044922,21.169092178344727,2001.0,0.2910984456539154,63
c4_047,4,-89.992859,21.172864,2001.0,0.11346112191677094,63
c4_048,4,-89.948127,21.191457748413086,2001.0,0.19519896805286407,63
c4_049,4,-90.1195068359375,21.108461380004883,2001.0,0.46506601572036743,63
c4_050,4,-90.094718,21.12301254272461,2001.0,0.19830425083637238,63
c5_045,5,-90.018998,21.166128158569336,2001.0,0.23004724085330963,63
c5_008,5,-90.034357,21.155618,2001.0,0.22161833941936493,63
c5_010,5,-89.957289,21.163703,2001.0,0.23516762256622314,63
c5_011,5,-90.004985,21.156696319580078,2001.0,0.2147267609834671,63
c5_012,5,-90.066424,21.154809951782227,2001.0,0.15098047256469727,63
c5_014,5,-90.006871,21.155887603759766,2001.0,0.09723509103059769,63
c5_016,5,-90.002829,21.15642738342285,2001.0,0.2092941403388977,63
c5_022,5,-90.044597,21.154809951782227,2001.0,0.17442701756954193,63
c5_024,5,-89.995284,21.15642738342285,2001.0,0.1415993720293045,63
c5_003,5,-90.056993,21.154541015625,2001.0,0.16364705562591553,63
c5_013,5,-90.020614,21.157235,2001.0,0.1312360018491745,63
c5_020,5,-90.027621,21.156966,2001.0,0.11129724234342575,63
c5_025,5,-90.03301239013672,21.15966033935547,2001.0,0.033114127814769745,63
c5_034,5,-90.012261,21.166397094726562,2001.0,0.16189242899417877,63
c5_040,5,-90.069658,21.154541015625,2001.0,0.1676594614982605,63
c5_041,5,-89.998787,21.156156539916992,2001.0,0.10767100751399994,63
c5_043,5,-90.113042,21.13729476928711,2001.0,0.2660011649131775,63
c5_002,5,-90.042172,21.156156539916992,2001.0,0.11171243339776993,63
c5_004,5,-90.034088,21.156966,2001.0,0.16957266628742218,63
c5_001,5,-89.996093,21.155887603759766,2001.0,0.27922749519348145,63
c5_006,5,-90.035435,21.154809951782227,2001.0,0.20485930144786835,63
c5_015,5,-89.942738,21.172864,2001.0,0.3091481924057007,63
c5_018,5,-90.0685806274414,21.152385,2001.0,0.1622105836868286,63
c5_026,5,-89.998248,21.172326,2001.0,0.20153124630451202,63
c5_033,5,-90.01980590820312,21.156966,2001.0,0.33029115200042725,63
c5_036,5,-90.041902,21.15750503540039,2001.0,0.22810594737529755,63
c5_039,5,-90.060496,21.15642738342285,2001.0,0.2305949628353119,63
c5_005,5,-90.041633,21.159929275512695,2001.0,0.3752066195011139,63
c5_009,5,-90.038938,21.154271,2001.0,0.3253806531429291,63
c5_019,5,-90.057262,21.155349,2001.0,0.1834384649991989,63
c5_021,5,-90.089598,21.148073196411133,2001.0,0.16198161244392395,63
c5_030,5,-90.071814,21.151845932006836,2001.0,0.1749158352613449,63
c5_031,5,-90.003099,21.155618,2001.0,0.24622397124767303,63
c5_035,5,-90.095527,21.151845932006836,2001.0,0.17885884642601013,63
c5_037,5,-89.996632,21.160469,2001.0,0.43635690212249756,63
c5_023,5,-89.978038,21.180139541625977,2001.0,0.09775231778621674,63
c5_017,5,-90.040555,21.145917892456055,2001.0,0.3136630952358246,63
c5_027,5,-90.08879089355469,21.150768280029297,2001.0,0.31178000569343567,63
c5_047,5,-90.001213,21.154541015625,2001.0,0.5142892003059387,63
c5_048,5,-90.028429,21.156696319580078,2001.0,0.22791840136051178,63
c5_029,5,-90.090407,21.149421,2001.0,0.18318219482898712,63
c5_032,5,-90.079359,21.150768280029297,2001.0,0.21233956515789032,63
c5_038,5,-90.04082489013672,21.156966,2001.0,0.24196600914001465,63
c5_046,5,-90.067233,21.152114868164062,2001.0,0.16969574987888336,63
c5_028,5,-90.095527,21.150499,2001.0,0.26681315898895264,63
c5_044,5,-89.973188,21.183374404907227,2001.0,0.19901525974273682,63
c5_042,5,-90.08124542236328,21.149421,2001.0,0.2574467957019806,63
c5_007,5,-90.021962,21.143491744995117,2001.0,0.33583343029022217,63
c10_001,3,-90.028968,21.158313,2001.0,0.0687345489859581,63
c10_005,3,-89.954594,21.163972,2001.0,0.2913709580898285,63
c10_002,3,-90.033549,21.15858268737793,2001.0,0.07926991581916809,63
c10_003,3,-90.030046,21.158044,2001.0,0.10589077323675156,63
c10_004,3,-90.029507,21.157773971557617,2001.0,0.13694530725479126,63
c10_006,3,-90.03301239013672,21.159122467041016,2001.0,0.07521411776542664,63
c10_007,3,-90.03301239013672,21.158044,2001.0,0.1095355972647667,63
c10_009,3,-90.032741,21.15858268737793,2001.0,0.07966239005327225,63
c10_010,3,-90.030585,21.158044,2001.0,0.10258322954177856,63
c10_008,3,-89.95405578613281,21.163972,2001.0,0.2792705297470093,63
c1_051,1,-90.064538,21.118162155151367,2001.0,0.4718695878982544,63
c1_052,1,-90.05322265625,21.112234115600586,2001.0,0.6146041750907898,63
c1_053,1,-90.068041,21.142953,2001.0,0.5360342860221863,63
c1_054,1,-90.00040435791016,21.124359130859375,2001.0,0.621828556060791,63
c1_055,1,-90.049178,21.1402587890625,2001.0,0.6387646198272705,63
c2_051,2,-90.111695,21.123821258544922,2001.0,0.4075726866722107,63
c2_052,2,-90.02277374267578,21.139720916748047,2001.0,0.5402723550796509,63
c2_053,2,-89.941929,21.138911,2001.0,0.7228282690048218,63
c2_054,2,-89.950013,21.130019,2001.0,0.6589410901069641,63
c2_055,2,-90.106306,21.128941,2001.0,0.43893763422966003,63
c3_062,3,-90.086634,21.149690628051758,2001.0,0.17356961965560913,63
c3_051,3,-90.010914,21.144301,2001.0,0.7593880295753479,63
c3_055,3,-90.079359,21.150499,2001.0,0.20529933273792267,63
c3_058,3,-90.000943,21.171248,2001.0,0.2941550314426422,63
c3_052,3,-90.094179,21.114929,2001.0,0.6204733848571777,63
c3_059,3,-90.039208,21.1402587890625,2001.0,0.718201756477356,63
c3_053,3,-90.013608,21.152114868164062,2001.0,0.7873812317848206,63
c3_060,3,-89.958906,21.12489891052246,2001.0,0.8431543111801147,63
c3_057,3,-90.058071,21.159929275512695,2001.0,0.5631842017173767,63
c3_061,3,-89.973457,21.138911,2001.0,0.684933602809906,63
c3_064,3,-89.989625,21.149959564208984,2001.0,0.5407801270484924,63
c3_063,3,-90.030046,21.125707,2001.0,0.6870886087417603,63
c3_065,3,-89.972379,21.162086486816406,2001.0,0.7495750188827515,63
c3_054,3,-90.029237,21.101455,2001.0,0.6457061767578125,63
c3_056,3,-90.008758,21.114120483398438,2001.0,0.6357027292251587,63
c4_051,4,-89.958906,21.191997,2001.0,0.16522496938705444,63
c4_052,4,-89.957828,21.178254,2001.0,-0.012497199699282646,63
c4_053,4,-89.994476,21.172864,2001.0,0.14306913316249847,63
c4_054,4,-89.994745,21.168822,2001.0,0.017128773033618927,63
c4_055,4,-90.0025634765625,21.169631,2001.0,0.09746457636356354,63
c1_001,1,-90.056184,21.12301254272461,2002.0,0.6570796370506287,31
c1_002,1,-89.984506,21.126246,2002.0,0.6962732672691345,31
c1_003,1,-90.070197,21.140798,2002.0,0.7194517850875854,31
c1_004,1,-90.057801,21.145648,2002.0,0.719281792640686,31
c1_005,1,-90.024926,21.145379,2002.0,0.4877471625804901,31
c1_006,1,-89.979386,21.130288,2002.0,0.6508411169052124,31
c1_007,1,-90.08636474609375,21.137025,2002.0,0.6338326930999756,31
c1_008,1,-89.952169,21.14322280883789,2002.0,0.7275671362876892,31
c1_009,1,-90.055106,21.138911,2002.0,0.5571970343589783,31
c1_010,1,-89.945702,21.14322280883789,2002.0,0.6874628663063049,31
c1_011,1,-89.958098,21.149151,2002.0,0.7317675352096558,31
c1_012,1,-90.036783,21.117354,2002.0,0.772011399269104,31
c1_013,1,-90.113042,21.085018157958984,2002.0,0.7881372570991516,31
c1_014,1,-89.944085,21.154002,2002.0,0.7527733445167542,31
c1_015,1,-90.065885,21.113581,2002.0,0.5851142406463623,31
c1_016,1,-90.064538,21.121126174926758,2002.0,0.5920881032943726,31
c1_017,1,-90.01280212402344,21.122474,2002.0,0.6951863169670105,31
c1_018,1,-90.013608,21.150499,2002.0,0.7347815036773682,31
c1_019,1,-90.075856,21.141876220703125,2002.0,0.7582491040229797,31
c1_020,1,-90.063729,21.119510650634766,2002.0,0.579173743724823,31
c1_021,1,-90.112234,21.128671646118164,2002.0,0.5522245764732361,31
c1_022,1,-89.970224,21.131635665893555,2002.0,0.5841405391693115,31
c1_023,1,-90.049448,21.111425399780273,2002.0,0.6529545187950134,31
c1_024,1,-90.076933,21.135408401489258,2002.0,0.7370456457138062,31
c1_025,1,-90.09391021728516,21.143762,2002.0,0.7261619567871094,31
c1_026,1,-89.940852,21.145917892456055,2002.0,0.7672606110572815,31
c1_027,1,-89.945163,21.154002,2002.0,0.6897051334381104,31
c1_028,1,-90.098491,21.127324,2002.0,0.6293885111808777,31
c1_029,1,-90.003368,21.149421,2002.0,0.5578478574752808,31
c1_030,1,-89.972918,21.124629,2002.0,0.7646133899688721,31
c1_031,1,-90.003907,21.124359130859375,2002.0,0.713012158870697,31
c1_032,1,-90.066694,21.0987606048584,2002.0,0.7038677930831909,31
c1_033,1,-89.994745,21.123552322387695,2002.0,0.6505533456802368,31
c1_034,1,-90.08879089355469,21.142953,2002.0,0.7114196419715881,31
c1_035,1,-90.063191,21.110887,2002.0,0.6472235918045044,31
c1_036,1,-89.960523,21.137563705444336,2002.0,0.7393582463264465,31
c1_037,1,-90.094179,21.093371,2002.0,0.7325460910797119,31
c1_038,1,-90.0025634765625,21.122743,2002.0,0.6944305300712585,31
c1_039,1,-90.051334,21.132714,2002.0,0.5885229110717773,31
c1_040,1,-90.066694,21.13837242126465,2002.0,0.7028767466545105,31
c1_041,1,-90.116815,21.0882511138916,2002.0,0.7148199081420898,31
c1_042,1,-90.057801,21.148612,2002.0,0.7022258639335632,31
c1_043,1,-90.080706,21.141876220703125,2002.0,0.6565608382225037,31
c1_044,1,-89.947319,21.188493728637695,2002.0,0.6233808398246765,31
c1_045,1,-89.981811,21.124091,2002.0,0.7141594886779785,31
c1_046,1,-90.058879,21.128671646118164,2002.0,0.5479223132133484,31
c1_047,1,-90.075317,21.10361099243164,2002.0,0.7416521310806274,31
c1_048,1,-90.003638,21.150768280029297,2002.0,0.6167426109313965,31
c1_049,1,-90.026543,21.122743,2002.0,0.7611804008483887,31
c1_050,1,-90.108731,21.117623,2002.0,0.7561372518539429,31
c2_001,2,-89.960253,21.154002,2002.0,0.6690628528594971,31
c2_002,2,-90.117623,21.133522033691406,2002.0,0.5725899934768677,31
c2_003,2,-90.07881927490234,21.09229278564453,2002.0,0.7122822999954224,31
c2_004,2,-89.978847,21.15022850036621,2002.0,0.6643209457397461,31
c2_005,2,-90.089329,21.09364128112793,2002.0,0.7807376384735107,31
c2_006,2,-90.11412048339844,21.100377,2002.0,0.6237341165542603,31
c2_007,2,-90.106036,21.131635665893555,2002.0,0.7184948325157166,31
c2_008,2,-90.001213,21.145379,2002.0,0.6898805499076843,31
c2_009,2,-89.963217,21.183913,2002.0,0.29151856899261475,31
c2_010,2,-90.10226440429688,21.144301,2002.0,0.6539230346679688,31
c2_011,2,-89.958636,21.125438,2002.0,0.7403309941291809,31
c2_012,2,-90.097413,21.149959564208984,2002.0,0.7383459806442261,31
c2_013,2,-90.100647,21.106845,2002.0,0.6487745046615601,31
c2_014,2,-90.04594421386719,21.111156463623047,2002.0,0.5411126613616943,31
c2_015,2,-90.068849,21.102802276611328,2002.0,0.7941715121269226,31
c2_016,2,-90.118162,21.135947,2002.0,0.44137629866600037,31
c2_017,2,-89.96214294433594,21.120587,2002.0,0.7539411187171936,31
c2_018,2,-89.981541,21.148343,2002.0,0.49858421087265015,31
c2_019,2,-90.041364,21.101186,2002.0,0.7119824290275574,31
c2_020,2,-90.082592,21.10064697265625,2002.0,0.7622694373130798,31
c2_021,2,-89.945163,21.161008,2002.0,0.5804755687713623,31
c2_022,2,-90.01280212402344,21.118162155151367,2002.0,0.7070654034614563,31
c2_023,2,-89.94165802001953,21.17879295349121,2002.0,0.485321044921875,31
c2_024,2,-89.940043,21.179332,2002.0,0.4630509614944458,31
c2_025,2,-89.942199,21.169092178344727,2002.0,0.623879075050354,31
c2_026,2,-90.04837036132812,21.15858268737793,2002.0,0.6336841583251953,31
c2_027,2,-90.018189,21.155078887939453,2002.0,0.5956234931945801,31
c2_028,2,-90.018998,21.118701,2002.0,0.6251160502433777,31
c2_029,2,-89.960253,21.166936,2002.0,0.8151334524154663,31
c2_030,2,-90.08636474609375,21.13918113708496,2002.0,0.6705335974693298,31
c2_031,2,-90.006871,21.167745,2002.0,0.4928552508354187,31
c2_032,2,-89.9599838256836,21.15750503540039,2002.0,0.5424108505249023,31
c2_033,2,-90.052412,21.115737,2002.0,0.6931459903717041,31
c2_034,2,-90.075586,21.099569,2002.0,0.6929739713668823,31
c2_035,2,-90.108731,21.095796,2002.0,0.6021723747253418,31
c2_036,2,-90.026543,21.155078887939453,2002.0,0.7500209212303162,31
c2_037,2,-90.006871,21.131097,2002.0,0.6865973472595215,31
c2_038,2,-90.080167,21.099838256835938,2002.0,0.7531179189682007,31
c2_039,2,-89.947588,21.136486053466797,2002.0,0.7468198537826538,31
c2_040,2,-90.061304,21.10468864440918,2002.0,0.7395245432853699,31
c2_041,2,-90.075856,21.134868621826172,2002.0,0.721155047416687,31
c2_042,2,-89.99959564208984,21.12004852294922,2002.0,0.6482700705528259,31
c2_043,2,-90.101725,21.08043670654297,2002.0,0.7058336138725281,31
c2_044,2,-90.026004,21.113851,2002.0,0.7463906407356262,31
c2_045,2,-90.118162,21.129209518432617,2002.0,0.6416106224060059,31
c2_046,2,-89.94139099121094,21.172056198120117,2002.0,0.7011698484420776,31
c2_047,2,-89.969685,21.1402587890625,2002.0,0.7628423571586609,31
c2_048,2,-90.1038818359375,21.095527,2002.0,0.5954185724258423,31
c2_049,2,-89.99231719970703,21.149690628051758,2002.0,0.5977824330329895,31
c2_050,2,-89.950822,21.121396,2002.0,0.8064050078392029,31
c3_045,3,-89.992859,21.161815643310547,2002.0,-0.14672474563121796,31
c3_003,3,-90.034357,21.15858268737793,2002.0,-0.026329481974244118,31
c3_026,3,-89.986931,21.149959564208984,2002.0,0.8132174611091614,31
c3_008,3,-90.084209,21.151576,2002.0,0.44262173771858215,31
c3_017,3,-89.970493,21.159929275512695,2002.0,0.6374675631523132,31
c3_004,3,-89.982619,21.180679,2002.0,0.15613944828510284,31
c3_040,3,-89.9742660522461,21.185529708862305,2002.0,0.7490054368972778,31
c3_024,3,-89.97722625732422,21.183913,2002.0,0.42946404218673706,31
c3_013,3,-89.995823,21.13837242126465,2002.0,0.7701741456985474,31
c3_018,3,-90.062113,21.107114,2002.0,0.8199849724769592,31
c3_007,3,-90.088521,21.146995,2002.0,0.37075719237327576,31
c3_014,3,-89.951361,21.199003219604492,2002.0,0.03238549083471298,31
c3_042,3,-89.950283,21.199003219604492,2002.0,0.13634975254535675,31
c3_029,3,-90.000135,21.137563705444336,2002.0,0.6374272108078003,31
c3_005,3,-90.003638,21.111964,2002.0,0.7003945708274841,31
c3_022,3,-90.005524,21.112503051757812,2002.0,0.6619218587875366,31
c3_002,3,-89.953786,21.197656,2002.0,0.5412318110466003,31
c3_015,3,-89.940852,21.162086486816406,2002.0,0.6769150495529175,31
c3_020,3,-90.016842,21.116006,2002.0,0.7223696708679199,31
c3_027,3,-89.982619,21.149421,2002.0,0.5545005798339844,31
c3_030,3,-89.942738,21.1674747467041,2002.0,0.6158524751663208,31
c3_050,3,-89.941929,21.168553,2002.0,0.49595269560813904,31
c3_009,3,-89.986392,21.149959564208984,2002.0,0.8191708326339722,31
c3_033,3,-90.039208,21.102802276611328,2002.0,0.6514855623245239,31
c3_038,3,-89.976152,21.169361114501953,2002.0,0.6329665780067444,31
c3_023,3,-89.97183990478516,21.169361114501953,2002.0,0.630357563495636,31
c3_032,3,-90.00040435791016,21.138642,2002.0,0.5893397331237793,31
c3_046,3,-89.994476,21.137832641601562,2002.0,0.5700153708457947,31
c3_025,3,-89.947049,21.157235,2002.0,0.6875419616699219,31
c3_028,3,-89.976421,21.165858,2002.0,0.710416853427887,31
c3_036,3,-89.95189666748047,21.162894,2002.0,0.5421555042266846,31
c3_021,3,-90.007141,21.131635665893555,2002.0,0.6884771585464478,31
c3_035,3,-90.000943,21.144569396972656,2002.0,0.6966912150382996,31
c3_037,3,-89.97183990478516,21.162086486816406,2002.0,0.7583131790161133,31
c3_039,3,-89.976691,21.168283462524414,2002.0,0.63722163438797,31
c3_041,3,-89.973996,21.137563705444336,2002.0,0.6444095969200134,31
c3_034,3,-90.041364,21.1402587890625,2002.0,0.6123582124710083,31
c3_047,3,-90.028698,21.126246,2002.0,0.7711278200149536,31
c3_048,3,-90.030315,21.124359130859375,2002.0,0.6846025586128235,31
c3_011,3,-90.035974,21.099299,2002.0,0.6891916990280151,31
c3_001,3,-90.080437,21.100377,2002.0,0.7121949791908264,31
c3_006,3,-89.94677734375,21.202237,2002.0,0.6820968985557556,31
c3_019,3,-89.958367,21.172056198120117,2002.0,0.7203131318092346,31
c3_031,3,-90.00740814208984,21.113042,2002.0,0.7212187647819519,31
c3_010,3,-90.01252746582031,21.114659,2002.0,0.7560818791389465,31
c3_012,3,-90.00768280029297,21.114389419555664,2002.0,0.6774046421051025,31
c3_016,3,-90.045675,21.097951889038086,2002.0,0.6036472916603088,31
c3_043,3,-89.967259,21.189841,2002.0,0.8043732643127441,31
c3_044,3,-90.046214,21.097413,2002.0,0.6529808044433594,31
c3_049,3,-90.016033,21.116006,2002.0,0.6766477823257446,31
c4_001,4,-90.002021,21.168822,2002.0,0.20798765122890472,31
c4_002,4,-90.013878,21.166397094726562,2002.0,0.10637525469064713,31
c4_003,4,-90.040286,21.149421,2002.0,0.43593713641166687,31
c4_004,4,-89.94139099121094,21.181487,2002.0,0.2461109310388565,31
c4_005,4,-89.967529,21.183643341064453,2002.0,0.11483755707740784,31
c4_006,4,-89.943277,21.200620651245117,2002.0,0.08921129256486893,31
c4_007,4,-89.968068,21.171248,2002.0,0.2707210183143616,31
c4_008,4,-90.035705,21.15346336364746,2002.0,0.4484385848045349,31
c4_009,4,-89.967798,21.179332,2002.0,-0.14686590433120728,31
c4_010,4,-89.949205,21.194961,2002.0,0.01583707332611084,31
c4_011,4,-89.943007,21.202506,2002.0,0.13404294848442078,31
c4_012,4,-89.945163,21.199811,2002.0,-0.30606216192245483,31
c4_013,4,-89.972379,21.174481,2002.0,0.03582769259810448,31
c4_014,4,-90.041633,21.148612,2002.0,0.23151087760925293,31
c4_015,4,-89.960792,21.190380096435547,2002.0,-0.2683831453323364,31
c4_016,4,-89.958098,21.184452056884766,2002.0,-0.07185322791337967,31
c4_017,4,-90.074239,21.133790969848633,2002.0,0.5133618712425232,31
c4_018,4,-89.950822,21.1922664642334,2002.0,-0.22326084971427917,31
c4_019,4,-89.996901,21.149959564208984,2002.0,0.6079384684562683,31
c4_020,4,-89.960523,21.186338424682617,2002.0,-0.1347920447587967,31
c4_021,4,-89.9465103149414,21.185529708862305,2002.0,-0.1995898336172104,31
c4_022,4,-89.957828,21.185529708862305,2002.0,-0.13907915353775024,31
c4_023,4,-90.035705,21.144301,2002.0,0.5220248699188232,31
c4_024,4,-90.022501,21.156966,2002.0,-0.15928326547145844,31
c4_025,4,-89.981002,21.165319,2002.0,0.0030721714720129967,31
c4_026,4,-90.027621,21.162355422973633,2002.0,-0.002461713505908847,31
c4_027,4,-89.949475,21.19415283203125,2002.0,-0.39190787076950073,31
c4_028,4,-89.940852,21.201428,2002.0,-0.11439608037471771,31
c4_029,4,-89.961601,21.190919,2002.0,0.2121097594499588,31
c4_030,4,-90.041364,21.151576,2002.0,0.6770076155662537,31
c4_031,4,-90.062382,21.153732299804688,2002.0,0.2603691518306732,31
c4_032,4,-89.944085,21.193883,2002.0,-0.39015793800354004,31
c4_033,4,-89.981811,21.164511,2002.0,0.4066816568374634,31
c4_034,4,-89.940313,21.199811,2002.0,-0.1444699615240097,31
c4_035,4,-90.072622,21.132714,2002.0,0.46265989542007446,31
c4_036,4,-89.942738,21.183643341064453,2002.0,0.16657018661499023,31
c4_037,4,-89.9742660522461,21.173673,2002.0,0.38993769884109497,31
c4_038,4,-89.966451,21.182565,2002.0,0.041153810918331146,31
c4_039,4,-90.014147,21.163972,2002.0,-0.2548172175884247,31
c4_040,4,-89.944355,21.201428,2002.0,0.10517279803752899,31
c4_041,4,-90.011183,21.148881912231445,2002.0,0.5833882689476013,31
c4_042,4,-90.071814,21.131635665893555,2002.0,0.45930853486061096,31
c4_043,4,-90.11438751220703,21.11061668395996,2002.0,0.6043906807899475,31
c4_044,4,-89.956481,21.189302444458008,2002.0,0.2780017554759979,31
c4_045,4,-90.036513,21.153732299804688,2002.0,0.23800556361675262,31
c4_046,4,-89.98235321044922,21.169092178344727,2002.0,0.10650240629911423,31
c4_047,4,-89.992859,21.172864,2002.0,0.00910970475524664,31
c4_048,4,-89.948127,21.191457748413086,2002.0,-0.059410758316516876,31
c4_049,4,-90.1195068359375,21.108461380004883,2002.0,0.5050647854804993,31
c4_050,4,-90.094718,21.12301254272461,2002.0,0.3633660674095154,31
c5_045,5,-90.018998,21.166128158569336,2002.0,0.19047144055366516,31
c5_008,5,-90.034357,21.155618,2002.0,0.26247671246528625,31
c5_010,5,-89.957289,21.163703,2002.0,0.33921104669570923,31
c5_011,5,-90.004985,21.156696319580078,2002.0,0.2387852966785431,31
c5_012,5,-90.066424,21.154809951782227,2002.0,0.3056897222995758,31
c5_014,5,-90.006871,21.155887603759766,2002.0,0.1011723056435585,31
c5_016,5,-90.002829,21.15642738342285,2002.0,0.1734359860420227,31
c5_022,5,-90.044597,21.154809951782227,2002.0,0.16860197484493256,31
c5_024,5,-89.995284,21.15642738342285,2002.0,0.1498141586780548,31
c5_003,5,-90.056993,21.154541015625,2002.0,0.24512389302253723,31
c5_013,5,-90.020614,21.157235,2002.0,0.1067790612578392,31
c5_020,5,-90.027621,21.156966,2002.0,-0.04082375019788742,31
c5_025,5,-90.03301239013672,21.15966033935547,2002.0,-0.09008967131376266,31
c5_034,5,-90.012261,21.166397094726562,2002.0,0.1224529817700386,31
c5_040,5,-90.069658,21.154541015625,2002.0,0.34336933493614197,31
c5_041,5,-89.998787,21.156156539916992,2002.0,-0.01976040005683899,31
c5_043,5,-90.113042,21.13729476928711,2002.0,0.5326231718063354,31
c5_002,5,-90.042172,21.156156539916992,2002.0,0.056085482239723206,31
c5_004,5,-90.034088,21.156966,2002.0,0.1156143918633461,31
c5_001,5,-89.996093,21.155887603759766,2002.0,0.32713428139686584,31
c5_006,5,-90.035435,21.154809951782227,2002.0,0.2547045052051544,31
c5_015,5,-89.942738,21.172864,2002.0,0.35789939761161804,31
c5_018,5,-90.0685806274414,21.152385,2002.0,0.3232005536556244,31
c5_026,5,-89.998248,21.172326,2002.0,0.0587032325565815,31
c5_033,5,-90.01980590820312,21.156966,2002.0,0.43973782658576965,31
c5_036,5,-90.041902,21.15750503540039,2002.0,0.3373269736766815,31
c5_039,5,-90.060496,21.15642738342285,2002.0,0.34725409746170044,31
c5_005,5,-90.041633,21.159929275512695,2002.0,0.4321070909500122,31
c5_009,5,-90.038938,21.154271,2002.0,0.4818918704986572,31
c5_019,5,-90.057262,21.155349,2002.0,0.2710447311401367,31
c5_021,5,-90.089598,21.148073196411133,2002.0,0.25235509872436523,31
c5_030,5,-90.071814,21.151845932006836,2002.0,0.4118640422821045,31
c5_031,5,-90.003099,21.155618,2002.0,0.17509660124778748,31
c5_035,5,-90.095527,21.151845932006836,2002.0,0.2468269169330597,31
c5_037,5,-89.996632,21.160469,2002.0,0.6051888465881348,31
c5_023,5,-89.978038,21.180139541625977,2002.0,0.17065952718257904,31
c5_017,5,-90.040555,21.145917892456055,2002.0,0.3779667019844055,31
c5_027,5,-90.08879089355469,21.150768280029297,2002.0,0.6317707300186157,31
c5_047,5,-90.001213,21.154541015625,2002.0,0.5201363563537598,31
c5_048,5,-90.028429,21.156696319580078,2002.0,0.2776038646697998,31
c5_029,5,-90.090407,21.149421,2002.0,0.33021822571754456,31
c5_032,5,-90.079359,21.150768280029297,2002.0,0.41173481941223145,31
c5_038,5,-90.04082489013672,21.156966,2002.0,0.3233868479728699,31
c5_046,5,-90.067233,21.152114868164062,2002.0,0.39473456144332886,31
c5_028,5,-90.095527,21.150499,2002.0,0.37785235047340393,31
c5_044,5,-89.973188,21.183374404907227,2002.0,0.26607629656791687,31
c5_042,5,-90.08124542236328,21.149421,2002.0,0.5148582458496094,31
c5_007,5,-90.021962,21.143491744995117,2002.0,0.3892909288406372,31
c10_001,3,-90.028968,21.158313,2002.0,0.03557366132736206,31
c10_005,3,-89.954594,21.163972,2002.0,0.3530365824699402,31
c10_002,3,-90.033549,21.15858268737793,2002.0,-0.024097835645079613,31
c10_003,3,-90.030046,21.158044,2002.0,-0.04909639060497284,31
c10_004,3,-90.029507,21.157773971557617,2002.0,0.07424955815076828,31
c10_006,3,-90.03301239013672,21.159122467041016,2002.0,-0.09930849075317383,31
c10_007,3,-90.03301239013672,21.158044,2002.0,-0.009405363351106644,31
c10_009,3,-90.032741,21.15858268737793,2002.0,-0.06438396126031876,31
c10_010,3,-90.030585,21.158044,2002.0,-0.04299299791455269,31
c10_008,3,-89.95405578613281,21.163972,2002.0,0.30588650703430176,31
c1_051,1,-90.064538,21.118162155151367,2002.0,0.5909449458122253,31
c1_052,1,-90.05322265625,21.112234115600586,2002.0,0.651362419128418,31
c1_053,1,-90.068041,21.142953,2002.0,0.7063248157501221,31
c1_054,1,-90.00040435791016,21.124359130859375,2002.0,0.6754448413848877,31
c1_055,1,-90.049178,21.1402587890625,2002.0,0.6271783709526062,31
c2_051,2,-90.111695,21.123821258544922,2002.0,0.572368860244751,31
c2_052,2,-90.02277374267578,21.139720916748047,2002.0,0.5687078833580017,31
c2_053,2,-89.941929,21.138911,2002.0,0.7624699473381042,31
c2_054,2,-89.950013,21.130019,2002.0,0.7242052555084229,31
c2_055,2,-90.106306,21.128941,2002.0,0.5761919617652893,31
c3_062,3,-90.086634,21.149690628051758,2002.0,0.3011150360107422,31
c3_051,3,-90.010914,21.144301,2002.0,0.7560768127441406,31
c3_055,3,-90.079359,21.150499,2002.0,0.31854039430618286,31
c3_058,3,-90.000943,21.171248,2002.0,0.24333545565605164,31
c3_052,3,-90.094179,21.114929,2002.0,0.6301762461662292,31
c3_059,3,-90.039208,21.1402587890625,2002.0,0.6971359848976135,31
c3_053,3,-90.013608,21.152114868164062,2002.0,0.8149519562721252,31
c3_060,3,-89.958906,21.12489891052246,2002.0,0.8695319294929504,31
c3_057,3,-90.058071,21.159929275512695,2002.0,0.7372747659683228,31
c3_061,3,-89.973457,21.138911,2002.0,0.684889018535614,31
c3_064,3,-89.989625,21.149959564208984,2002.0,0.6312566995620728,31
c3_063,3,-90.030046,21.125707,2002.0,0.7344716191291809,31
c3_065,3,-89.972379,21.162086486816406,2002.0,0.7769036293029785,31
c3_054,3,-90.029237,21.101455,2002.0,0.7154107689857483,31
c3_056,3,-90.008758,21.114120483398438,2002.0,0.6915187239646912,31
c4_051,4,-89.958906,21.191997,2002.0,0.05629760026931763,31
c4_052,4,-89.957828,21.178254,2002.0,0.05096536502242088,31
c4_053,4,-89.994476,21.172864,2002.0,0.0971381664276123,31
c4_054,4,-89.994745,21.168822,2002.0,-0.11768464744091034,31
c4_055,4,-90.0025634765625,21.169631,2002.0,0.07590322941541672,31
c1_001,1,-90.056184,21.12301254272461,2003.0,0.5817822813987732,34
c1_002,1,-89.984506,21.126246,2003.0,0.6984536647796631,34
c1_003,1,-90.070197,21.140798,2003.0,0.6069732904434204,34
c1_004,1,-90.057801,21.145648,2003.0,0.6278184056282043,34
c1_005,1,-90.024926,21.145379,2003.0,0.4142744541168213,34
c1_006,1,-89.979386,21.130288,2003.0,0.6382436156272888,34
c1_007,1,-90.08636474609375,21.137025,2003.0,0.4723952114582062,34
c1_008,1,-89.952169,21.14322280883789,2003.0,0.6842519640922546,34
c1_009,1,-90.055106,21.138911,2003.0,0.4555043876171112,34
c1_010,1,-89.945702,21.14322280883789,2003.0,0.6266308426856995,34
c1_011,1,-89.958098,21.149151,2003.0,0.7303013801574707,34
c1_012,1,-90.036783,21.117354,2003.0,0.7192208170890808,34
c1_013,1,-90.113042,21.085018157958984,2003.0,0.7585569024085999,34
c1_014,1,-89.944085,21.154002,2003.0,0.7354735732078552,34
c1_015,1,-90.065885,21.113581,2003.0,0.4753195643424988,34
c1_016,1,-90.064538,21.121126174926758,2003.0,0.5146622061729431,34
c1_017,1,-90.01280212402344,21.122474,2003.0,0.5950897932052612,34
c1_018,1,-90.013608,21.150499,2003.0,0.7277848124504089,34
c1_019,1,-90.075856,21.141876220703125,2003.0,0.6836092472076416,34
c1_020,1,-90.063729,21.119510650634766,2003.0,0.5023959279060364,34
c1_021,1,-90.112234,21.128671646118164,2003.0,0.4077068865299225,34
c1_022,1,-89.970224,21.131635665893555,2003.0,0.5698687434196472,34
c1_023,1,-90.049448,21.111425399780273,2003.0,0.5608277320861816,34
c1_024,1,-90.076933,21.135408401489258,2003.0,0.6166907548904419,34
c1_025,1,-90.09391021728516,21.143762,2003.0,0.6877122521400452,34
c1_026,1,-89.940852,21.145917892456055,2003.0,0.6890806555747986,34
c1_027,1,-89.945163,21.154002,2003.0,0.7067263126373291,34
c1_028,1,-90.098491,21.127324,2003.0,0.4581429064273834,34
c1_029,1,-90.003368,21.149421,2003.0,0.5366342663764954,34
c1_030,1,-89.972918,21.124629,2003.0,0.7137221097946167,34
c1_031,1,-90.003907,21.124359130859375,2003.0,0.612076461315155,34
c1_032,1,-90.066694,21.0987606048584,2003.0,0.6832582950592041,34
c1_033,1,-89.994745,21.123552322387695,2003.0,0.5960864424705505,34
c1_034,1,-90.08879089355469,21.142953,2003.0,0.5715194344520569,34
c1_035,1,-90.063191,21.110887,2003.0,0.5481436252593994,34
c1_036,1,-89.960523,21.137563705444336,2003.0,0.7188088893890381,34
c1_037,1,-90.094179,21.093371,2003.0,0.6940524578094482,34
c1_038,1,-90.0025634765625,21.122743,2003.0,0.5773112773895264,34
c1_039,1,-90.051334,21.132714,2003.0,0.534336507320404,34
c1_040,1,-90.066694,21.13837242126465,2003.0,0.5675929188728333,34
c1_041,1,-90.116815,21.0882511138916,2003.0,0.6401453614234924,34
c1_042,1,-90.057801,21.148612,2003.0,0.628174901008606,34
c1_043,1,-90.080706,21.141876220703125,2003.0,0.5980063676834106,34
c1_044,1,-89.947319,21.188493728637695,2003.0,0.6230796575546265,34
c1_045,1,-89.981811,21.124091,2003.0,0.7277712225914001,34
c1_046,1,-90.058879,21.128671646118164,2003.0,0.40517663955688477,34
c1_047,1,-90.075317,21.10361099243164,2003.0,0.6865547895431519,34
c1_048,1,-90.003638,21.150768280029297,2003.0,0.5910142660140991,34
c1_049,1,-90.026543,21.122743,2003.0,0.6608927249908447,34
c1_050,1,-90.108731,21.117623,2003.0,0.6846650242805481,34
c2_001,2,-89.960253,21.154002,2003.0,0.6293108463287354,34
c2_002,2,-90.117623,21.133522033691406,2003.0,0.4384428560733795,34
c2_003,2,-90.07881927490234,21.09229278564453,2003.0,0.7019475102424622,34
c2_004,2,-89.978847,21.15022850036621,2003.0,0.5994411706924438,34
c2_005,2,-90.089329,21.09364128112793,2003.0,0.7449865937232971,34
c2_006,2,-90.11412048339844,21.100377,2003.0,0.5841038823127747,34
c2_007,2,-90.106036,21.131635665893555,2003.0,0.5747634768486023,34
c2_008,2,-90.001213,21.145379,2003.0,0.6577076315879822,34
c2_009,2,-89.963217,21.183913,2003.0,0.3471752405166626,34
c2_010,2,-90.10226440429688,21.144301,2003.0,0.4944861829280853,34
c2_011,2,-89.958636,21.125438,2003.0,0.6850067973136902,34
c2_012,2,-90.097413,21.149959564208984,2003.0,0.6300966739654541,34
c2_013,2,-90.100647,21.106845,2003.0,0.5712612867355347,34
c2_014,2,-90.04594421386719,21.111156463623047,2003.0,0.43818020820617676,34
c2_015,2,-90.068849,21.102802276611328,2003.0,0.760809063911438,34
c2_016,2,-90.118162,21.135947,2003.0,0.45019984245300293,34
c2_017,2,-89.96214294433594,21.120587,2003.0,0.682325005531311,34
c2_018,2,-89.981541,21.148343,2003.0,0.4669986367225647,34
c2_019,2,-90.041364,21.101186,2003.0,0.6044325232505798,34
c2_020,2,-90.082592,21.10064697265625,2003.0,0.696201503276825,34
c2_021,2,-89.945163,21.161008,2003.0,0.5431706309318542,34
c2_022,2,-90.01280212402344,21.118162155151367,2003.0,0.6144337058067322,34
c2_023,2,-89.94165802001953,21.17879295349121,2003.0,0.4761247932910919,34
c2_024,2,-89.940043,21.179332,2003.0,0.4576531946659088,34
c2_025,2,-89.942199,21.169092178344727,2003.0,0.5170240998268127,34
c2_026,2,-90.04837036132812,21.15858268737793,2003.0,0.5099337697029114,34
c2_027,2,-90.018189,21.155078887939453,2003.0,0.5665817260742188,34
c2_028,2,-90.018998,21.118701,2003.0,0.4819122850894928,34
c2_029,2,-89.960253,21.166936,2003.0,0.7643362283706665,34
c2_030,2,-90.08636474609375,21.13918113708496,2003.0,0.5788275003433228,34
c2_031,2,-90.006871,21.167745,2003.0,0.48171713948249817,34
c2_032,2,-89.9599838256836,21.15750503540039,2003.0,0.5053402781486511,34
c2_033,2,-90.052412,21.115737,2003.0,0.6816371083259583,34
c2_034,2,-90.075586,21.099569,2003.0,0.6302540898323059,34
c2_035,2,-90.108731,21.095796,2003.0,0.5497903227806091,34
c2_036,2,-90.026543,21.155078887939453,2003.0,0.6887707114219666,34
c2_037,2,-90.006871,21.131097,2003.0,0.6625350117683411,34
c2_038,2,-90.080167,21.099838256835938,2003.0,0.7099148631095886,34
c2_039,2,-89.947588,21.136486053466797,2003.0,0.6497782468795776,34
c2_040,2,-90.061304,21.10468864440918,2003.0,0.6903030276298523,34
c2_041,2,-90.075856,21.134868621826172,2003.0,0.6216933131217957,34
c2_042,2,-89.99959564208984,21.12004852294922,2003.0,0.5855573415756226,34
c2_043,2,-90.101725,21.08043670654297,2003.0,0.6327865123748779,34
c2_044,2,-90.026004,21.113851,2003.0,0.7205300331115723,34
c2_045,2,-90.118162,21.129209518432617,2003.0,0.5964440703392029,34
c2_046,2,-89.94139099121094,21.172056198120117,2003.0,0.6825613975524902,34
c2_047,2,-89.969685,21.1402587890625,2003.0,0.7185163497924805,34
c2_048,2,-90.1038818359375,21.095527,2003.0,0.5539448857307434,34
c2_049,2,-89.99231719970703,21.149690628051758,2003.0,0.5442848205566406,34
c2_050,2,-89.950822,21.121396,2003.0,0.6260331869125366,34
c3_045,3,-89.992859,21.161815643310547,2003.0,0.07761359959840775,34
c3_003,3,-90.034357,21.15858268737793,2003.0,-0.09792550653219223,34
c3_026,3,-89.986931,21.149959564208984,2003.0,0.7848546504974365,34
c3_008,3,-90.084209,21.151576,2003.0,0.36791327595710754,34
c3_017,3,-89.970493,21.159929275512695,2003.0,0.6295492053031921,34
c3_004,3,-89.982619,21.180679,2003.0,0.1445426493883133,34
c3_040,3,-89.9742660522461,21.185529708862305,2003.0,0.6993911862373352,34
c3_024,3,-89.97722625732422,21.183913,2003.0,0.351274311542511,34
c3_013,3,-89.995823,21.13837242126465,2003.0,0.720854640007019,34
c3_018,3,-90.062113,21.107114,2003.0,0.7912784814834595,34
c3_007,3,-90.088521,21.146995,2003.0,0.2210553139448166,34
c3_014,3,-89.951361,21.199003219604492,2003.0,0.015811262652277946,34
c3_042,3,-89.950283,21.199003219604492,2003.0,0.09923753887414932,34
c3_029,3,-90.000135,21.137563705444336,2003.0,0.6529225707054138,34
c3_005,3,-90.003638,21.111964,2003.0,0.6387563347816467,34
c3_022,3,-90.005524,21.112503051757812,2003.0,0.549999475479126,34
c3_002,3,-89.953786,21.197656,2003.0,0.4426160454750061,34
c3_015,3,-89.940852,21.162086486816406,2003.0,0.6671777963638306,34
c3_020,3,-90.016842,21.116006,2003.0,0.5788028836250305,34
c3_027,3,-89.982619,21.149421,2003.0,0.4982949495315552,34
c3_030,3,-89.942738,21.1674747467041,2003.0,0.5599163770675659,34
c3_050,3,-89.941929,21.168553,2003.0,0.4351889193058014,34
c3_009,3,-89.986392,21.149959564208984,2003.0,0.7897105813026428,34
c3_033,3,-90.039208,21.102802276611328,2003.0,0.5788176655769348,34
c3_038,3,-89.976152,21.169361114501953,2003.0,0.6273825764656067,34
c3_023,3,-89.97183990478516,21.169361114501953,2003.0,0.6174132227897644,34
c3_032,3,-90.00040435791016,21.138642,2003.0,0.5212024450302124,34
c3_046,3,-89.994476,21.137832641601562,2003.0,0.5549395084381104,34
c3_025,3,-89.947049,21.157235,2003.0,0.6717819571495056,34
c3_028,3,-89.976421,21.165858,2003.0,0.6554226875305176,34
c3_036,3,-89.95189666748047,21.162894,2003.0,0.46945759654045105,34
c3_021,3,-90.007141,21.131635665893555,2003.0,0.6559473872184753,34
c3_035,3,-90.000943,21.144569396972656,2003.0,0.6497067809104919,34
c3_037,3,-89.97183990478516,21.162086486816406,2003.0,0.7043514847755432,34
c3_039,3,-89.976691,21.168283462524414,2003.0,0.6131182312965393,34
c3_041,3,-89.973996,21.137563705444336,2003.0,0.5941966772079468,34
c3_034,3,-90.041364,21.1402587890625,2003.0,0.5901047587394714,34
c3_047,3,-90.028698,21.126246,2003.0,0.743943452835083,34
c3_048,3,-90.030315,21.124359130859375,2003.0,0.661724328994751,34
c3_011,3,-90.035974,21.099299,2003.0,0.5662656426429749,34
c3_001,3,-90.080437,21.100377,2003.0,0.6332657933235168,34
c3_006,3,-89.94677734375,21.202237,2003.0,0.6502891182899475,34
c3_019,3,-89.958367,21.172056198120117,2003.0,0.6371371746063232,34
c3_031,3,-90.00740814208984,21.113042,2003.0,0.603357195854187,34
c3_010,3,-90.01252746582031,21.114659,2003.0,0.6720911264419556,34
c3_012,3,-90.00768280029297,21.114389419555664,2003.0,0.5482917428016663,34
c3_016,3,-90.045675,21.097951889038086,2003.0,0.4715902507305145,34
c3_043,3,-89.967259,21.189841,2003.0,0.74413001537323,34
c3_044,3,-90.046214,21.097413,2003.0,0.5587442517280579,34
c3_049,3,-90.016033,21.116006,2003.0,0.5372998714447021,34
c4_001,4,-90.002021,21.168822,2003.0,0.1325821876525879,34
c4_002,4,-90.013878,21.166397094726562,2003.0,0.09879007190465927,34
c4_003,4,-90.040286,21.149421,2003.0,0.3698040843009949,34
c4_004,4,-89.94139099121094,21.181487,2003.0,0.20502232015132904,34
c4_005,4,-89.967529,21.183643341064453,2003.0,-0.018865766003727913,34
c4_006,4,-89.943277,21.200620651245117,2003.0,0.14454323053359985,34
c4_007,4,-89.968068,21.171248,2003.0,0.3460642993450165,34
c4_008,4,-90.035705,21.15346336364746,2003.0,0.34520432353019714,34
c4_009,4,-89.967798,21.179332,2003.0,-0.26712435483932495,34
c4_010,4,-89.949205,21.194961,2003.0,-0.15284451842308044,34
c4_011,4,-89.943007,21.202506,2003.0,0.15841157734394073,34
c4_012,4,-89.945163,21.199811,2003.0,-0.21589115262031555,34
c4_013,4,-89.972379,21.174481,2003.0,0.06712811440229416,34
c4_014,4,-90.041633,21.148612,2003.0,0.16412881016731262,34
c4_015,4,-89.960792,21.190380096435547,2003.0,-0.18896090984344482,34
c4_016,4,-89.958098,21.184452056884766,2003.0,-0.006136185955256224,34
c4_017,4,-90.074239,21.133790969848633,2003.0,0.37914854288101196,34
c4_018,4,-89.950822,21.1922664642334,2003.0,-0.16050408780574799,34
c4_019,4,-89.996901,21.149959564208984,2003.0,0.5642277598381042,34
c4_020,4,-89.960523,21.186338424682617,2003.0,-0.12488507479429245,34
c4_021,4,-89.9465103149414,21.185529708862305,2003.0,-0.06372959911823273,34
c4_022,4,-89.957828,21.185529708862305,2003.0,-0.02787250280380249,34
c4_023,4,-90.035705,21.144301,2003.0,0.43573006987571716,34
c4_024,4,-90.022501,21.156966,2003.0,-0.1072445958852768,34
c4_025,4,-89.981002,21.165319,2003.0,0.1703251749277115,34
c4_026,4,-90.027621,21.162355422973633,2003.0,-0.12454075366258621,34
c4_027,4,-89.949475,21.19415283203125,2003.0,-0.45767420530319214,34
c4_028,4,-89.940852,21.201428,2003.0,-0.07180188596248627,34
c4_029,4,-89.961601,21.190919,2003.0,0.21974408626556396,34
c4_030,4,-90.041364,21.151576,2003.0,0.6575173139572144,34
c4_031,4,-90.062382,21.153732299804688,2003.0,0.07350596785545349,34
c4_032,4,-89.944085,21.193883,2003.0,-0.21083234250545502,34
c4_033,4,-89.981811,21.164511,2003.0,0.5396721959114075,34
c4_034,4,-89.940313,21.199811,2003.0,-0.10650412738323212,34
c4_035,4,-90.072622,21.132714,2003.0,0.43523213267326355,34
c4_036,4,-89.942738,21.183643341064453,2003.0,0.1278713047504425,34
c4_037,4,-89.9742660522461,21.173673,2003.0,0.4886724054813385,34
c4_038,4,-89.966451,21.182565,2003.0,-0.11491111665964127,34
c4_039,4,-90.014147,21.163972,2003.0,-0.27458125352859497,34
c4_040,4,-89.944355,21.201428,2003.0,0.08049905300140381,34
c4_041,4,-90.011183,21.148881912231445,2003.0,0.5457916855812073,34
c4_042,4,-90.071814,21.131635665893555,2003.0,0.40608474612236023,34
c4_043,4,-90.11438751220703,21.11061668395996,2003.0,0.5418298840522766,34
c4_044,4,-89.956481,21.189302444458008,2003.0,0.21735095977783203,34
c4_045,4,-90.036513,21.153732299804688,2003.0,0.22810588777065277,34
c4_046,4,-89.98235321044922,21.169092178344727,2003.0,0.008055847138166428,34
c4_047,4,-89.992859,21.172864,2003.0,-5.077625974081457E-4,34
c4_048,4,-89.948127,21.191457748413086,2003.0,0.07801070809364319,34
c4_049,4,-90.1195068359375,21.108461380004883,2003.0,0.47281479835510254,34
c4_050,4,-90.094718,21.12301254272461,2003.0,0.24921399354934692,34
c5_045,5,-90.018998,21.166128158569336,2003.0,0.249736949801445,34
c5_008,5,-90.034357,21.155618,2003.0,0.22384525835514069,34
c5_010,5,-89.957289,21.163703,2003.0,0.3174627125263214,34
c5_011,5,-90.004985,21.156696319580078,2003.0,0.20931145548820496,34
c5_012,5,-90.066424,21.154809951782227,2003.0,0.26000770926475525,34
c5_014,5,-90.006871,21.155887603759766,2003.0,0.2016393095254898,34
c5_016,5,-90.002829,21.15642738342285,2003.0,0.1990692913532257,34
c5_022,5,-90.044597,21.154809951782227,2003.0,0.03622594475746155,34
c5_024,5,-89.995284,21.15642738342285,2003.0,0.19995872676372528,34
c5_003,5,-90.056993,21.154541015625,2003.0,0.11412209272384644,34
c5_013,5,-90.020614,21.157235,2003.0,0.13718007504940033,34
c5_020,5,-90.027621,21.156966,2003.0,-0.0439586341381073,34
c5_025,5,-90.03301239013672,21.15966033935547,2003.0,-0.3233364224433899,34
c5_034,5,-90.012261,21.166397094726562,2003.0,0.11641328036785126,34
c5_040,5,-90.069658,21.154541015625,2003.0,0.33441659808158875,34
c5_041,5,-89.998787,21.156156539916992,2003.0,0.14407168328762054,34
c5_043,5,-90.113042,21.13729476928711,2003.0,0.35103434324264526,34
c5_002,5,-90.042172,21.156156539916992,2003.0,-0.03590564802289009,34
c5_004,5,-90.034088,21.156966,2003.0,0.061924852430820465,34
c5_001,5,-89.996093,21.155887603759766,2003.0,0.3542027771472931,34
c5_006,5,-90.035435,21.154809951782227,2003.0,0.2534013092517853,34
c5_015,5,-89.942738,21.172864,2003.0,0.388668954372406,34
c5_018,5,-90.0685806274414,21.152385,2003.0,0.2506932020187378,34
c5_026,5,-89.998248,21.172326,2003.0,0.056939247995615005,34
c5_033,5,-90.01980590820312,21.156966,2003.0,0.45122140645980835,34
c5_036,5,-90.041902,21.15750503540039,2003.0,0.18126322329044342,34
c5_039,5,-90.060496,21.15642738342285,2003.0,0.3180440366268158,34
c5_005,5,-90.041633,21.159929275512695,2003.0,0.43566611409187317,34
c5_009,5,-90.038938,21.154271,2003.0,0.38941699266433716,34
c5_019,5,-90.057262,21.155349,2003.0,0.13675135374069214,34
c5_021,5,-90.089598,21.148073196411133,2003.0,0.19981025159358978,34
c5_030,5,-90.071814,21.151845932006836,2003.0,0.29413461685180664,34
c5_031,5,-90.003099,21.155618,2003.0,0.17139576375484467,34
c5_035,5,-90.095527,21.151845932006836,2003.0,0.1451776623725891,34
c5_037,5,-89.996632,21.160469,2003.0,0.5633108615875244,34
c5_023,5,-89.978038,21.180139541625977,2003.0,0.15213926136493683,34
c5_017,5,-90.040555,21.145917892456055,2003.0,0.3095829486846924,34
c5_027,5,-90.08879089355469,21.150768280029297,2003.0,0.45812562108039856,34
c5_047,5,-90.001213,21.154541015625,2003.0,0.5411286354064941,34
c5_048,5,-90.028429,21.156696319580078,2003.0,0.20673519372940063,34
c5_029,5,-90.090407,21.149421,2003.0,0.234393909573555,34
c5_032,5,-90.079359,21.150768280029297,2003.0,0.33058643341064453,34
c5_038,5,-90.04082489013672,21.156966,2003.0,0.2826797664165497,34
c5_046,5,-90.067233,21.152114868164062,2003.0,0.2890327274799347,34
c5_028,5,-90.095527,21.150499,2003.0,0.31786930561065674,34
c5_044,5,-89.973188,21.183374404907227,2003.0,0.19862666726112366,34
c5_042,5,-90.08124542236328,21.149421,2003.0,0.35119614005088806,34
c5_007,5,-90.021962,21.143491744995117,2003.0,0.3268553614616394,34
c10_001,3,-90.028968,21.158313,2003.0,-0.13433067500591278,34
c10_005,3,-89.954594,21.163972,2003.0,0.37085670232772827,34
c10_002,3,-90.033549,21.15858268737793,2003.0,-0.21941626071929932,34
c10_003,3,-90.030046,21.158044,2003.0,-0.06961861997842789,34
c10_004,3,-90.029507,21.157773971557617,2003.0,-0.02156885899603367,34
c10_006,3,-90.03301239013672,21.159122467041016,2003.0,-0.24307644367218018,34
c10_007,3,-90.03301239013672,21.158044,2003.0,-0.12837885320186615,34
c10_009,3,-90.032741,21.15858268737793,2003.0,-0.2320932000875473,34
c10_010,3,-90.030585,21.158044,2003.0,-0.07831824570894241,34
c10_008,3,-89.95405578613281,21.163972,2003.0,0.3904241621494293,34
c1_051,1,-90.064538,21.118162155151367,2003.0,0.5033480525016785,34
c1_052,1,-90.05322265625,21.112234115600586,2003.0,0.5802175998687744,34
c1_053,1,-90.068041,21.142953,2003.0,0.5703250765800476,34
c1_054,1,-90.00040435791016,21.124359130859375,2003.0,0.6252962946891785,34
c1_055,1,-90.049178,21.1402587890625,2003.0,0.5310125350952148,34
c2_051,2,-90.111695,21.123821258544922,2003.0,0.4915592670440674,34
c2_052,2,-90.02277374267578,21.139720916748047,2003.0,0.5428480505943298,34
c2_053,2,-89.941929,21.138911,2003.0,0.7208913564682007,34
c2_054,2,-89.950013,21.130019,2003.0,0.6569867730140686,34
c2_055,2,-90.106306,21.128941,2003.0,0.47515222430229187,34
c3_062,3,-90.086634,21.149690628051758,2003.0,0.19531001150608063,34
c3_051,3,-90.010914,21.144301,2003.0,0.6964856386184692,34
c3_055,3,-90.079359,21.150499,2003.0,0.31510090827941895,34
c3_058,3,-90.000943,21.171248,2003.0,0.1896202117204666,34
c3_052,3,-90.094179,21.114929,2003.0,0.5713119506835938,34
c3_059,3,-90.039208,21.1402587890625,2003.0,0.7021865248680115,34
c3_053,3,-90.013608,21.152114868164062,2003.0,0.7485546469688416,34
c3_060,3,-89.958906,21.12489891052246,2003.0,0.831409752368927,34
c3_057,3,-90.058071,21.159929275512695,2003.0,0.6411986351013184,34
c3_061,3,-89.973457,21.138911,2003.0,0.6074128746986389,34
c3_064,3,-89.989625,21.149959564208984,2003.0,0.567529559135437,34
c3_063,3,-90.030046,21.125707,2003.0,0.7214517593383789,34
c3_065,3,-89.972379,21.162086486816406,2003.0,0.7645530104637146,34
c3_054,3,-90.029237,21.101455,2003.0,0.5875371098518372,34
c3_056,3,-90.008758,21.114120483398438,2003.0,0.5478496551513672,34
c4_051,4,-89.958906,21.191997,2003.0,0.08985305577516556,34
c4_052,4,-89.957828,21.178254,2003.0,0.16034311056137085,34
c4_053,4,-89.994476,21.172864,2003.0,0.03514784201979637,34
c4_054,4,-89.994745,21.168822,2003.0,-0.1618615984916687,34
c4_055,4,-90.0025634765625,21.169631,2003.0,-0.1406499147415161,34
c1_001,1,-90.056184,21.12301254272461,2004.0,0.7112390398979187,50
c1_002,1,-89.984506,21.126246,2004.0,0.7329464554786682,50
c1_003,1,-90.070197,21.140798,2004.0,0.7604584693908691,50
c1_004,1,-90.057801,21.145648,2004.0,0.7174973487854004,50
c1_005,1,-90.024926,21.145379,2004.0,0.5244718790054321,50
c1_006,1,-89.979386,21.130288,2004.0,0.7217755317687988,50
c1_007,1,-90.08636474609375,21.137025,2004.0,0.4607785642147064,50
c1_008,1,-89.952169,21.14322280883789,2004.0,0.8131171464920044,50
c1_009,1,-90.055106,21.138911,2004.0,0.5389853119850159,50
c1_010,1,-89.945702,21.14322280883789,2004.0,0.7170692086219788,50
c1_011,1,-89.958098,21.149151,2004.0,0.7768915295600891,50
c1_012,1,-90.036783,21.117354,2004.0,0.8232803344726562,50
c1_013,1,-90.113042,21.085018157958984,2004.0,0.81700599193573,50
c1_014,1,-89.944085,21.154002,2004.0,0.8243780136108398,50
c1_015,1,-90.065885,21.113581,2004.0,0.581438422203064,50
c1_016,1,-90.064538,21.121126174926758,2004.0,0.6364919543266296,50
c1_017,1,-90.01280212402344,21.122474,2004.0,0.7083549499511719,50
c1_018,1,-90.013608,21.150499,2004.0,0.8021860718727112,50
c1_019,1,-90.075856,21.141876220703125,2004.0,0.8021830916404724,50
c1_020,1,-90.063729,21.119510650634766,2004.0,0.5967072248458862,50
c1_021,1,-90.112234,21.128671646118164,2004.0,0.39737680554389954,50
c1_022,1,-89.970224,21.131635665893555,2004.0,0.6234715580940247,50
c1_023,1,-90.049448,21.111425399780273,2004.0,0.6838129758834839,50
c1_024,1,-90.076933,21.135408401489258,2004.0,0.7496996521949768,50
c1_025,1,-90.09391021728516,21.143762,2004.0,0.7771125435829163,50
c1_026,1,-89.940852,21.145917892456055,2004.0,0.782954752445221,50
c1_027,1,-89.945163,21.154002,2004.0,0.7349831461906433,50
c1_028,1,-90.098491,21.127324,2004.0,0.6278881430625916,50
c1_029,1,-90.003368,21.149421,2004.0,0.6277114748954773,50
c1_030,1,-89.972918,21.124629,2004.0,0.7605611085891724,50
c1_031,1,-90.003907,21.124359130859375,2004.0,0.7108060717582703,50
c1_032,1,-90.066694,21.0987606048584,2004.0,0.7032091021537781,50
c1_033,1,-89.994745,21.123552322387695,2004.0,0.6295673251152039,50
c1_034,1,-90.08879089355469,21.142953,2004.0,0.7451037764549255,50
c1_035,1,-90.063191,21.110887,2004.0,0.6331940293312073,50
c1_036,1,-89.960523,21.137563705444336,2004.0,0.74795001745224,50
c1_037,1,-90.094179,21.093371,2004.0,0.7414979338645935,50
c1_038,1,-90.0025634765625,21.122743,2004.0,0.7176121473312378,50
c1_039,1,-90.051334,21.132714,2004.0,0.564370334148407,50
c1_040,1,-90.066694,21.13837242126465,2004.0,0.6416106224060059,50
c1_041,1,-90.116815,21.0882511138916,2004.0,0.7326231598854065,50
c1_042,1,-90.057801,21.148612,2004.0,0.7552098631858826,50
c1_043,1,-90.080706,21.141876220703125,2004.0,0.6526173949241638,50
c1_044,1,-89.947319,21.188493728637695,2004.0,0.6020515561103821,50
c1_045,1,-89.981811,21.124091,2004.0,0.7799091935157776,50
c1_046,1,-90.058879,21.128671646118164,2004.0,0.5401464104652405,50
c1_047,1,-90.075317,21.10361099243164,2004.0,0.7620558738708496,50
c1_048,1,-90.003638,21.150768280029297,2004.0,0.6992520093917847,50
c1_049,1,-90.026543,21.122743,2004.0,0.7660447955131531,50
c1_050,1,-90.108731,21.117623,2004.0,0.7336916923522949,50
c2_001,2,-89.960253,21.154002,2004.0,0.7181445956230164,50
c2_002,2,-90.117623,21.133522033691406,2004.0,0.3813992142677307,50
c2_003,2,-90.07881927490234,21.09229278564453,2004.0,0.7348574995994568,50
c2_004,2,-89.978847,21.15022850036621,2004.0,0.6676125526428223,50
c2_005,2,-90.089329,21.09364128112793,2004.0,0.7646112442016602,50
c2_006,2,-90.11412048339844,21.100377,2004.0,0.6908094882965088,50
c2_007,2,-90.106036,21.131635665893555,2004.0,0.7434570789337158,50
c2_008,2,-90.001213,21.145379,2004.0,0.689372181892395,50
c2_009,2,-89.963217,21.183913,2004.0,0.4023696482181549,50
c2_010,2,-90.10226440429688,21.144301,2004.0,0.6487793326377869,50
c2_011,2,-89.958636,21.125438,2004.0,0.7741126418113708,50
c2_012,2,-90.097413,21.149959564208984,2004.0,0.7875593304634094,50
c2_013,2,-90.100647,21.106845,2004.0,0.6482455134391785,50
c2_014,2,-90.04594421386719,21.111156463623047,2004.0,0.5822539329528809,50
c2_015,2,-90.068849,21.102802276611328,2004.0,0.8535706996917725,50
c2_016,2,-90.118162,21.135947,2004.0,0.3236401081085205,50
c2_017,2,-89.96214294433594,21.120587,2004.0,0.8267873525619507,50
c2_018,2,-89.981541,21.148343,2004.0,0.5145125389099121,50
c2_019,2,-90.041364,21.101186,2004.0,0.7869653701782227,50
c2_020,2,-90.082592,21.10064697265625,2004.0,0.7745792269706726,50
c2_021,2,-89.945163,21.161008,2004.0,0.6300866603851318,50
c2_022,2,-90.01280212402344,21.118162155151367,2004.0,0.7465725541114807,50
c2_023,2,-89.94165802001953,21.17879295349121,2004.0,0.5405286550521851,50
c2_024,2,-89.940043,21.179332,2004.0,0.5196683406829834,50
c2_025,2,-89.942199,21.169092178344727,2004.0,0.5843580961227417,50
c2_026,2,-90.04837036132812,21.15858268737793,2004.0,0.442463755607605,50
c2_027,2,-90.018189,21.155078887939453,2004.0,0.65837162733078,50
c2_028,2,-90.018998,21.118701,2004.0,0.6650274991989136,50
c2_029,2,-89.960253,21.166936,2004.0,0.79161137342453,50
c2_030,2,-90.08636474609375,21.13918113708496,2004.0,0.7037151455879211,50
c2_031,2,-90.006871,21.167745,2004.0,0.4611521065235138,50
c2_032,2,-89.9599838256836,21.15750503540039,2004.0,0.5653271079063416,50
c2_033,2,-90.052412,21.115737,2004.0,0.7070669531822205,50
c2_034,2,-90.075586,21.099569,2004.0,0.708921492099762,50
c2_035,2,-90.108731,21.095796,2004.0,0.6052775382995605,50
c2_036,2,-90.026543,21.155078887939453,2004.0,0.7884114980697632,50
c2_037,2,-90.006871,21.131097,2004.0,0.7265218496322632,50
c2_038,2,-90.080167,21.099838256835938,2004.0,0.7943625450134277,50
c2_039,2,-89.947588,21.136486053466797,2004.0,0.800356388092041,50
c2_040,2,-90.061304,21.10468864440918,2004.0,0.7760376930236816,50
c2_041,2,-90.075856,21.134868621826172,2004.0,0.7792413830757141,50
c2_042,2,-89.99959564208984,21.12004852294922,2004.0,0.6747038960456848,50
c2_043,2,-90.101725,21.08043670654297,2004.0,0.7719026207923889,50
c2_044,2,-90.026004,21.113851,2004.0,0.7824375629425049,50
c2_045,2,-90.118162,21.129209518432617,2004.0,0.7084644436836243,50
c2_046,2,-89.94139099121094,21.172056198120117,2004.0,0.7224116921424866,50
c2_047,2,-89.969685,21.1402587890625,2004.0,0.7947813868522644,50
c2_048,2,-90.1038818359375,21.095527,2004.0,0.6405887603759766,50
c2_049,2,-89.99231719970703,21.149690628051758,2004.0,0.6224955916404724,50
c2_050,2,-89.950822,21.121396,2004.0,0.818552553653717,50
c3_045,3,-89.992859,21.161815643310547,2004.0,-0.030022073537111282,50
c3_003,3,-90.034357,21.15858268737793,2004.0,-0.0369359590113163,50
c3_026,3,-89.986931,21.149959564208984,2004.0,0.8229665756225586,50
c3_008,3,-90.084209,21.151576,2004.0,0.28793102502822876,50
c3_017,3,-89.970493,21.159929275512695,2004.0,0.6526959538459778,50
c3_004,3,-89.982619,21.180679,2004.0,0.17863893508911133,50
c3_040,3,-89.9742660522461,21.185529708862305,2004.0,0.7450194358825684,50
c3_024,3,-89.97722625732422,21.183913,2004.0,0.4284684956073761,50
c3_013,3,-89.995823,21.13837242126465,2004.0,0.8161690831184387,50
c3_018,3,-90.062113,21.107114,2004.0,0.8095040917396545,50
c3_007,3,-90.088521,21.146995,2004.0,0.2522630989551544,50
c3_014,3,-89.951361,21.199003219604492,2004.0,-0.053555842489004135,50
c3_042,3,-89.950283,21.199003219604492,2004.0,0.14680910110473633,50
c3_029,3,-90.000135,21.137563705444336,2004.0,0.7207533717155457,50
c3_005,3,-90.003638,21.111964,2004.0,0.7718498706817627,50
c3_022,3,-90.005524,21.112503051757812,2004.0,0.7280211448669434,50
c3_002,3,-89.953786,21.197656,2004.0,0.46056365966796875,50
c3_015,3,-89.940852,21.162086486816406,2004.0,0.5981665253639221,50
c3_020,3,-90.016842,21.116006,2004.0,0.7844939231872559,50
c3_027,3,-89.982619,21.149421,2004.0,0.5433860421180725,50
c3_030,3,-89.942738,21.1674747467041,2004.0,0.5594722032546997,50
c3_050,3,-89.941929,21.168553,2004.0,0.492038369178772,50
c3_009,3,-89.986392,21.149959564208984,2004.0,0.8137221336364746,50
c3_033,3,-90.039208,21.102802276611328,2004.0,0.7060089707374573,50
c3_038,3,-89.976152,21.169361114501953,2004.0,0.6506831049919128,50
c3_023,3,-89.97183990478516,21.169361114501953,2004.0,0.6162603497505188,50
c3_032,3,-90.00040435791016,21.138642,2004.0,0.577720046043396,50
c3_046,3,-89.994476,21.137832641601562,2004.0,0.5943552851676941,50
c3_025,3,-89.947049,21.157235,2004.0,0.71345454454422,50
c3_028,3,-89.976421,21.165858,2004.0,0.7007864713668823,50
c3_036,3,-89.95189666748047,21.162894,2004.0,0.5545511841773987,50
c3_021,3,-90.007141,21.131635665893555,2004.0,0.7194332480430603,50
c3_035,3,-90.000943,21.144569396972656,2004.0,0.7264454364776611,50
c3_037,3,-89.97183990478516,21.162086486816406,2004.0,0.74201500415802,50
c3_039,3,-89.976691,21.168283462524414,2004.0,0.6591669917106628,50
c3_041,3,-89.973996,21.137563705444336,2004.0,0.6888870596885681,50
c3_034,3,-90.041364,21.1402587890625,2004.0,0.6494821906089783,50
c3_047,3,-90.028698,21.126246,2004.0,0.8027019500732422,50
c3_048,3,-90.030315,21.124359130859375,2004.0,0.7205935716629028,50
c3_011,3,-90.035974,21.099299,2004.0,0.6724961996078491,50
c3_001,3,-90.080437,21.100377,2004.0,0.6993523836135864,50
c3_006,3,-89.94677734375,21.202237,2004.0,0.6618264317512512,50
c3_019,3,-89.958367,21.172056198120117,2004.0,0.7457055449485779,50
c3_031,3,-90.00740814208984,21.113042,2004.0,0.7192800045013428,50
c3_010,3,-90.01252746582031,21.114659,2004.0,0.7501593232154846,50
c3_012,3,-90.00768280029297,21.114389419555664,2004.0,0.7139615416526794,50
c3_016,3,-90.045675,21.097951889038086,2004.0,0.66218101978302,50
c3_043,3,-89.967259,21.189841,2004.0,0.8198490142822266,50
c3_044,3,-90.046214,21.097413,2004.0,0.691802442073822,50
c3_049,3,-90.016033,21.116006,2004.0,0.7111338376998901,50
c4_001,4,-90.002021,21.168822,2004.0,0.13673175871372223,50
c4_002,4,-90.013878,21.166397094726562,2004.0,0.06394512206315994,50
c4_003,4,-90.040286,21.149421,2004.0,0.4717227816581726,50
c4_004,4,-89.94139099121094,21.181487,2004.0,0.4261190891265869,50
c4_005,4,-89.967529,21.183643341064453,2004.0,0.23649999499320984,50
c4_006,4,-89.943277,21.200620651245117,2004.0,0.18739888072013855,50
c4_007,4,-89.968068,21.171248,2004.0,0.390279084444046,50
c4_008,4,-90.035705,21.15346336364746,2004.0,0.348366379737854,50
c4_009,4,-89.967798,21.179332,2004.0,-0.2750627398490906,50
c4_010,4,-89.949205,21.194961,2004.0,0.07236938923597336,50
c4_011,4,-89.943007,21.202506,2004.0,0.14418107271194458,50
c4_012,4,-89.945163,21.199811,2004.0,-0.07528006285429001,50
c4_013,4,-89.972379,21.174481,2004.0,-0.14856559038162231,50
c4_014,4,-90.041633,21.148612,2004.0,0.22504889965057373,50
c4_015,4,-89.960792,21.190380096435547,2004.0,0.03758426383137703,50
c4_016,4,-89.958098,21.184452056884766,2004.0,-0.039576537907123566,50
c4_017,4,-90.074239,21.133790969848633,2004.0,0.5364406704902649,50
c4_018,4,-89.950822,21.1922664642334,2004.0,0.04705704748630524,50
c4_019,4,-89.996901,21.149959564208984,2004.0,0.636530339717865,50
c4_020,4,-89.960523,21.186338424682617,2004.0,-0.04165998101234436,50
c4_021,4,-89.9465103149414,21.185529708862305,2004.0,-0.013036561198532581,50
c4_022,4,-89.957828,21.185529708862305,2004.0,-0.055890243500471115,50
c4_023,4,-90.035705,21.144301,2004.0,0.5071553587913513,50
c4_024,4,-90.022501,21.156966,2004.0,-0.04663539677858353,50
c4_025,4,-89.981002,21.165319,2004.0,0.31166544556617737,50
c4_026,4,-90.027621,21.162355422973633,2004.0,0.0992097407579422,50
c4_027,4,-89.949475,21.19415283203125,2004.0,-0.2472267895936966,50
c4_028,4,-89.940852,21.201428,2004.0,0.16101911664009094,50
c4_029,4,-89.961601,21.190919,2004.0,0.5007587671279907,50
c4_030,4,-90.041364,21.151576,2004.0,0.7757969498634338,50
c4_031,4,-90.062382,21.153732299804688,2004.0,0.21521954238414764,50
c4_032,4,-89.944085,21.193883,2004.0,-0.1420304924249649,50
c4_033,4,-89.981811,21.164511,2004.0,0.49266961216926575,50
c4_034,4,-89.940313,21.199811,2004.0,-0.14158311486244202,50
c4_035,4,-90.072622,21.132714,2004.0,0.49284371733665466,50
c4_036,4,-89.942738,21.183643341064453,2004.0,0.2938913106918335,50
c4_037,4,-89.9742660522461,21.173673,2004.0,0.5307533740997314,50
c4_038,4,-89.966451,21.182565,2004.0,-0.06407616287469864,50
c4_039,4,-90.014147,21.163972,2004.0,-0.11255297064781189,50
c4_040,4,-89.944355,21.201428,2004.0,0.11794165521860123,50
c4_041,4,-90.011183,21.148881912231445,2004.0,0.639218270778656,50
c4_042,4,-90.071814,21.131635665893555,2004.0,0.49441054463386536,50
c4_043,4,-90.11438751220703,21.11061668395996,2004.0,0.5997943878173828,50
c4_044,4,-89.956481,21.189302444458008,2004.0,0.48548105359077454,50
c4_045,4,-90.036513,21.153732299804688,2004.0,0.29491469264030457,50
c4_046,4,-89.98235321044922,21.169092178344727,2004.0,0.29932406544685364,50
c4_047,4,-89.992859,21.172864,2004.0,-0.05383757874369621,50
c4_048,4,-89.948127,21.191457748413086,2004.0,0.15908342599868774,50
c4_049,4,-90.1195068359375,21.108461380004883,2004.0,0.5285100936889648,50
c4_050,4,-90.094718,21.12301254272461,2004.0,0.2650451064109802,50
c5_045,5,-90.018998,21.166128158569336,2004.0,0.2437175065279007,50
c5_008,5,-90.034357,21.155618,2004.0,0.3498159348964691,50
c5_010,5,-89.957289,21.163703,2004.0,0.475504606962204,50
c5_011,5,-90.004985,21.156696319580078,2004.0,0.40281739830970764,50
c5_012,5,-90.066424,21.154809951782227,2004.0,0.3175453841686249,50
c5_014,5,-90.006871,21.155887603759766,2004.0,0.18081389367580414,50
c5_016,5,-90.002829,21.15642738342285,2004.0,0.254693865776062,50
c5_022,5,-90.044597,21.154809951782227,2004.0,0.16363559663295746,50
c5_024,5,-89.995284,21.15642738342285,2004.0,0.24659599363803864,50
c5_003,5,-90.056993,21.154541015625,2004.0,0.11459077894687653,50
c5_013,5,-90.020614,21.157235,2004.0,0.1393055021762848,50
c5_020,5,-90.027621,21.156966,2004.0,0.05586215853691101,50
c5_025,5,-90.03301239013672,21.15966033935547,2004.0,-0.30870893597602844,50
c5_034,5,-90.012261,21.166397094726562,2004.0,0.19443991780281067,50
c5_040,5,-90.069658,21.154541015625,2004.0,0.2714790999889374,50
c5_041,5,-89.998787,21.156156539916992,2004.0,0.14655116200447083,50
c5_043,5,-90.113042,21.13729476928711,2004.0,0.3686368763446808,50
c5_002,5,-90.042172,21.156156539916992,2004.0,0.03335465490818024,50
c5_004,5,-90.034088,21.156966,2004.0,0.14381493628025055,50
c5_001,5,-89.996093,21.155887603759766,2004.0,0.5231529474258423,50
c5_006,5,-90.035435,21.154809951782227,2004.0,0.33425024151802063,50
c5_015,5,-89.942738,21.172864,2004.0,0.4475838541984558,50
c5_018,5,-90.0685806274414,21.152385,2004.0,0.18417635560035706,50
c5_026,5,-89.998248,21.172326,2004.0,0.09468568861484528,50
c5_033,5,-90.01980590820312,21.156966,2004.0,0.5005229115486145,50
c5_036,5,-90.041902,21.15750503540039,2004.0,0.259893000125885,50
c5_039,5,-90.060496,21.15642738342285,2004.0,0.4025459587574005,50
c5_005,5,-90.041633,21.159929275512695,2004.0,0.4166369140148163,50
c5_009,5,-90.038938,21.154271,2004.0,0.5079253911972046,50
c5_019,5,-90.057262,21.155349,2004.0,0.10049498826265335,50
c5_021,5,-90.089598,21.148073196411133,2004.0,0.17383027076721191,50
c5_030,5,-90.071814,21.151845932006836,2004.0,0.32484695315361023,50
c5_031,5,-90.003099,21.155618,2004.0,0.23556222021579742,50
c5_035,5,-90.095527,21.151845932006836,2004.0,0.13864806294441223,50
c5_037,5,-89.996632,21.160469,2004.0,0.6047826409339905,50
c5_023,5,-89.978038,21.180139541625977,2004.0,0.19519244134426117,50
c5_017,5,-90.040555,21.145917892456055,2004.0,0.390113890171051,50
c5_027,5,-90.08879089355469,21.150768280029297,2004.0,0.5375581383705139,50
c5_047,5,-90.001213,21.154541015625,2004.0,0.6172484755516052,50
c5_048,5,-90.028429,21.156696319580078,2004.0,0.3264002501964569,50
c5_029,5,-90.090407,21.149421,2004.0,0.20597785711288452,50
c5_032,5,-90.079359,21.150768280029297,2004.0,0.30017754435539246,50
c5_038,5,-90.04082489013672,21.156966,2004.0,0.3506968021392822,50
c5_046,5,-90.067233,21.152114868164062,2004.0,0.3359173834323883,50
c5_028,5,-90.095527,21.150499,2004.0,0.2737976014614105,50
c5_044,5,-89.973188,21.183374404907227,2004.0,0.312558650970459,50
c5_042,5,-90.08124542236328,21.149421,2004.0,0.37602901458740234,50
c5_007,5,-90.021962,21.143491744995117,2004.0,0.3973568379878998,50
c10_001,3,-90.028968,21.158313,2004.0,-0.12392816692590714,50
c10_005,3,-89.954594,21.163972,2004.0,0.4658135175704956,50
c10_002,3,-90.033549,21.15858268737793,2004.0,-0.13998326659202576,50
c10_003,3,-90.030046,21.158044,2004.0,0.045565079897642136,50
c10_004,3,-90.029507,21.157773971557617,2004.0,0.08215297013521194,50
c10_006,3,-90.03301239013672,21.159122467041016,2004.0,-0.18222332000732422,50
c10_007,3,-90.03301239013672,21.158044,2004.0,-0.05998755618929863,50
c10_009,3,-90.032741,21.15858268737793,2004.0,-0.12110065668821335,50
c10_010,3,-90.030585,21.158044,2004.0,0.039720360189676285,50
c10_008,3,-89.95405578613281,21.163972,2004.0,0.4396674335002899,50
c1_051,1,-90.064538,21.118162155151367,2004.0,0.5988232493400574,50
c1_052,1,-90.05322265625,21.112234115600586,2004.0,0.6792058944702148,50
c1_053,1,-90.068041,21.142953,2004.0,0.7130230665206909,50
c1_054,1,-90.00040435791016,21.124359130859375,2004.0,0.6814703345298767,50
c1_055,1,-90.049178,21.1402587890625,2004.0,0.6406846046447754,50
c2_051,2,-90.111695,21.123821258544922,2004.0,0.533079981803894,50
c2_052,2,-90.02277374267578,21.139720916748047,2004.0,0.625013530254364,50
c2_053,2,-89.941929,21.138911,2004.0,0.8122127056121826,50
c2_054,2,-89.950013,21.130019,2004.0,0.782899022102356,50
c2_055,2,-90.106306,21.128941,2004.0,0.5709115862846375,50
c3_062,3,-90.086634,21.149690628051758,2004.0,0.11890874058008194,50
c3_051,3,-90.010914,21.144301,2004.0,0.7750872373580933,50
c3_055,3,-90.079359,21.150499,2004.0,0.23181933164596558,50
c3_058,3,-90.000943,21.171248,2004.0,0.24014154076576233,50
c3_052,3,-90.094179,21.114929,2004.0,0.6266613006591797,50
c3_059,3,-90.039208,21.1402587890625,2004.0,0.7367796897888184,50
c3_053,3,-90.013608,21.152114868164062,2004.0,0.8107602596282959,50
c3_060,3,-89.958906,21.12489891052246,2004.0,0.8517718315124512,50
c3_057,3,-90.058071,21.159929275512695,2004.0,0.704484224319458,50
c3_061,3,-89.973457,21.138911,2004.0,0.7369774580001831,50
c3_064,3,-89.989625,21.149959564208984,2004.0,0.5804441571235657,50
c3_063,3,-90.030046,21.125707,2004.0,0.7755091190338135,50
c3_065,3,-89.972379,21.162086486816406,2004.0,0.7903109192848206,50
c3_054,3,-90.029237,21.101455,2004.0,0.7201734185218811,50
c3_056,3,-90.008758,21.114120483398438,2004.0,0.7344542741775513,50
c4_051,4,-89.958906,21.191997,2004.0,0.2539840340614319,50
c4_052,4,-89.957828,21.178254,2004.0,0.20491817593574524,50
c4_053,4,-89.994476,21.172864,2004.0,0.03459334746003151,50
c4_054,4,-89.994745,21.168822,2004.0,-0.17544463276863098,50
c4_055,4,-90.0025634765625,21.169631,2004.0,0.02437049150466919,50
c1_001,1,-90.056184,21.12301254272461,2005.0,0.6699820160865784,44
c1_002,1,-89.984506,21.126246,2005.0,0.73704594373703,44
c1_003,1,-90.070197,21.140798,2005.0,0.7227540016174316,44
c1_004,1,-90.057801,21.145648,2005.0,0.7338265180587769,44
c1_005,1,-90.024926,21.145379,2005.0,0.5381163954734802,44
c1_006,1,-89.979386,21.130288,2005.0,0.6617536544799805,44
c1_007,1,-90.08636474609375,21.137025,2005.0,0.6186935901641846,44
c1_008,1,-89.952169,21.14322280883789,2005.0,0.7044426202774048,44
c1_009,1,-90.055106,21.138911,2005.0,0.5509951710700989,44
c1_010,1,-89.945702,21.14322280883789,2005.0,0.6938228607177734,44
c1_011,1,-89.958098,21.149151,2005.0,0.7431687712669373,44
c1_012,1,-90.036783,21.117354,2005.0,0.7846532464027405,44
c1_013,1,-90.113042,21.085018157958984,2005.0,0.8023123145103455,44
c1_014,1,-89.944085,21.154002,2005.0,0.7730181813240051,44
c1_015,1,-90.065885,21.113581,2005.0,0.5597028732299805,44
c1_016,1,-90.064538,21.121126174926758,2005.0,0.6355488896369934,44
c1_017,1,-90.01280212402344,21.122474,2005.0,0.7237651944160461,44
c1_018,1,-90.013608,21.150499,2005.0,0.7917958498001099,44
c1_019,1,-90.075856,21.141876220703125,2005.0,0.8147778511047363,44
c1_020,1,-90.063729,21.119510650634766,2005.0,0.5659611821174622,44
c1_021,1,-90.112234,21.128671646118164,2005.0,0.2870359420776367,44
c1_022,1,-89.970224,21.131635665893555,2005.0,0.6114383935928345,44
c1_023,1,-90.049448,21.111425399780273,2005.0,0.6310775876045227,44
c1_024,1,-90.076933,21.135408401489258,2005.0,0.7313393354415894,44
c1_025,1,-90.09391021728516,21.143762,2005.0,0.7921672463417053,44
c1_026,1,-89.940852,21.145917892456055,2005.0,0.7042065858840942,44
c1_027,1,-89.945163,21.154002,2005.0,0.7225688099861145,44
c1_028,1,-90.098491,21.127324,2005.0,0.5455359220504761,44
c1_029,1,-90.003368,21.149421,2005.0,0.6213000416755676,44
c1_030,1,-89.972918,21.124629,2005.0,0.7856069207191467,44
c1_031,1,-90.003907,21.124359130859375,2005.0,0.6176456212997437,44
c1_032,1,-90.066694,21.0987606048584,2005.0,0.7380807995796204,44
c1_033,1,-89.994745,21.123552322387695,2005.0,0.6254492998123169,44
c1_034,1,-90.08879089355469,21.142953,2005.0,0.7606134414672852,44
c1_035,1,-90.063191,21.110887,2005.0,0.6084473133087158,44
c1_036,1,-89.960523,21.137563705444336,2005.0,0.7215333580970764,44
c1_037,1,-90.094179,21.093371,2005.0,0.7230443358421326,44
c1_038,1,-90.0025634765625,21.122743,2005.0,0.6399299502372742,44
c1_039,1,-90.051334,21.132714,2005.0,0.5542683005332947,44
c1_040,1,-90.066694,21.13837242126465,2005.0,0.6403847336769104,44
c1_041,1,-90.116815,21.0882511138916,2005.0,0.6930304765701294,44
c1_042,1,-90.057801,21.148612,2005.0,0.7092481255531311,44
c1_043,1,-90.080706,21.141876220703125,2005.0,0.6756007671356201,44
c1_044,1,-89.947319,21.188493728637695,2005.0,0.6861979961395264,44
c1_045,1,-89.981811,21.124091,2005.0,0.7399103045463562,44
c1_046,1,-90.058879,21.128671646118164,2005.0,0.6169575452804565,44
c1_047,1,-90.075317,21.10361099243164,2005.0,0.7184925675392151,44
c1_048,1,-90.003638,21.150768280029297,2005.0,0.6521168947219849,44
c1_049,1,-90.026543,21.122743,2005.0,0.704975426197052,44
c1_050,1,-90.108731,21.117623,2005.0,0.7705836892127991,44
c2_001,2,-89.960253,21.154002,2005.0,0.6209745407104492,44
c2_002,2,-90.117623,21.133522033691406,2005.0,0.4718528091907501,44
c2_003,2,-90.07881927490234,21.09229278564453,2005.0,0.6950727701187134,44
c2_004,2,-89.978847,21.15022850036621,2005.0,0.6222242712974548,44
c2_005,2,-90.089329,21.09364128112793,2005.0,0.7636839151382446,44
c2_006,2,-90.11412048339844,21.100377,2005.0,0.6626324653625488,44
c2_007,2,-90.106036,21.131635665893555,2005.0,0.7575094103813171,44
c2_008,2,-90.001213,21.145379,2005.0,0.7034336924552917,44
c2_009,2,-89.963217,21.183913,2005.0,0.48082149028778076,44
c2_010,2,-90.10226440429688,21.144301,2005.0,0.6974444389343262,44
c2_011,2,-89.958636,21.125438,2005.0,0.7531665563583374,44
c2_012,2,-90.097413,21.149959564208984,2005.0,0.8233751058578491,44
c2_013,2,-90.100647,21.106845,2005.0,0.6689714193344116,44
c2_014,2,-90.04594421386719,21.111156463623047,2005.0,0.538936197757721,44
c2_015,2,-90.068849,21.102802276611328,2005.0,0.8219984769821167,44
c2_016,2,-90.118162,21.135947,2005.0,0.31485602259635925,44
c2_017,2,-89.96214294433594,21.120587,2005.0,0.6925928592681885,44
c2_018,2,-89.981541,21.148343,2005.0,0.502336323261261,44
c2_019,2,-90.041364,21.101186,2005.0,0.7315782904624939,44
c2_020,2,-90.082592,21.10064697265625,2005.0,0.7508147954940796,44
c2_021,2,-89.945163,21.161008,2005.0,0.5882044434547424,44
c2_022,2,-90.01280212402344,21.118162155151367,2005.0,0.7095478773117065,44
c2_023,2,-89.94165802001953,21.17879295349121,2005.0,0.5299915075302124,44
c2_024,2,-89.940043,21.179332,2005.0,0.5616248250007629,44
c2_025,2,-89.942199,21.169092178344727,2005.0,0.5574649572372437,44
c2_026,2,-90.04837036132812,21.15858268737793,2005.0,0.49938422441482544,44
c2_027,2,-90.018189,21.155078887939453,2005.0,0.6164104342460632,44
c2_028,2,-90.018998,21.118701,2005.0,0.6014455556869507,44
c2_029,2,-89.960253,21.166936,2005.0,0.787936806678772,44
c2_030,2,-90.08636474609375,21.13918113708496,2005.0,0.6745817065238953,44
c2_031,2,-90.006871,21.167745,2005.0,0.4082392156124115,44
c2_032,2,-89.9599838256836,21.15750503540039,2005.0,0.5664852261543274,44
c2_033,2,-90.052412,21.115737,2005.0,0.6844519376754761,44
c2_034,2,-90.075586,21.099569,2005.0,0.6933321356773376,44
c2_035,2,-90.108731,21.095796,2005.0,0.5540238618850708,44
c2_036,2,-90.026543,21.155078887939453,2005.0,0.780967652797699,44
c2_037,2,-90.006871,21.131097,2005.0,0.717739462852478,44
c2_038,2,-90.080167,21.099838256835938,2005.0,0.7597823739051819,44
c2_039,2,-89.947588,21.136486053466797,2005.0,0.6938996315002441,44
c2_040,2,-90.061304,21.10468864440918,2005.0,0.762528121471405,44
c2_041,2,-90.075856,21.134868621826172,2005.0,0.7703942060470581,44
c2_042,2,-89.99959564208984,21.12004852294922,2005.0,0.6559348106384277,44
c2_043,2,-90.101725,21.08043670654297,2005.0,0.7710074782371521,44
c2_044,2,-90.026004,21.113851,2005.0,0.770335853099823,44
c2_045,2,-90.118162,21.129209518432617,2005.0,0.733315646648407,44
c2_046,2,-89.94139099121094,21.172056198120117,2005.0,0.720490574836731,44
c2_047,2,-89.969685,21.1402587890625,2005.0,0.7488589882850647,44
c2_048,2,-90.1038818359375,21.095527,2005.0,0.5898857712745667,44
c2_049,2,-89.99231719970703,21.149690628051758,2005.0,0.5932183861732483,44
c2_050,2,-89.950822,21.121396,2005.0,0.5569775104522705,44
c3_045,3,-89.992859,21.161815643310547,2005.0,0.030712949112057686,44
c3_003,3,-90.034357,21.15858268737793,2005.0,-0.10000383853912354,44
c3_026,3,-89.986931,21.149959564208984,2005.0,0.8039076924324036,44
c3_008,3,-90.084209,21.151576,2005.0,0.19666704535484314,44
c3_017,3,-89.970493,21.159929275512695,2005.0,0.6255063414573669,44
c3_004,3,-89.982619,21.180679,2005.0,0.18068969249725342,44
c3_040,3,-89.9742660522461,21.185529708862305,2005.0,0.7280888557434082,44
c3_024,3,-89.97722625732422,21.183913,2005.0,0.40301889181137085,44
c3_013,3,-89.995823,21.13837242126465,2005.0,0.8071908354759216,44
c3_018,3,-90.062113,21.107114,2005.0,0.8127961754798889,44
c3_007,3,-90.088521,21.146995,2005.0,0.2431953251361847,44
c3_014,3,-89.951361,21.199003219604492,2005.0,-0.03798946738243103,44
c3_042,3,-89.950283,21.199003219604492,2005.0,0.1481686532497406,44
c3_029,3,-90.000135,21.137563705444336,2005.0,0.7395930886268616,44
c3_005,3,-90.003638,21.111964,2005.0,0.686926543712616,44
c3_022,3,-90.005524,21.112503051757812,2005.0,0.6440128087997437,44
c3_002,3,-89.953786,21.197656,2005.0,0.41042137145996094,44
c3_015,3,-89.940852,21.162086486816406,2005.0,0.6877603530883789,44
c3_020,3,-90.016842,21.116006,2005.0,0.6918628215789795,44
c3_027,3,-89.982619,21.149421,2005.0,0.542728066444397,44
c3_030,3,-89.942738,21.1674747467041,2005.0,0.5682979822158813,44
c3_050,3,-89.941929,21.168553,2005.0,0.48530101776123047,44
c3_009,3,-89.986392,21.149959564208984,2005.0,0.8111011385917664,44
c3_033,3,-90.039208,21.102802276611328,2005.0,0.5803449153900146,44
c3_038,3,-89.976152,21.169361114501953,2005.0,0.564206063747406,44
c3_023,3,-89.97183990478516,21.169361114501953,2005.0,0.5856620073318481,44
c3_032,3,-90.00040435791016,21.138642,2005.0,0.6052780151367188,44
c3_046,3,-89.994476,21.137832641601562,2005.0,0.617961585521698,44
c3_025,3,-89.947049,21.157235,2005.0,0.6823320388793945,44
c3_028,3,-89.976421,21.165858,2005.0,0.6585862040519714,44
c3_036,3,-89.95189666748047,21.162894,2005.0,0.5657551288604736,44
c3_021,3,-90.007141,21.131635665893555,2005.0,0.7271797060966492,44
c3_035,3,-90.000943,21.144569396972656,2005.0,0.7046782970428467,44
c3_037,3,-89.97183990478516,21.162086486816406,2005.0,0.6603567004203796,44
c3_039,3,-89.976691,21.168283462524414,2005.0,0.6627997159957886,44
c3_041,3,-89.973996,21.137563705444336,2005.0,0.6387496590614319,44
c3_034,3,-90.041364,21.1402587890625,2005.0,0.6213990449905396,44
c3_047,3,-90.028698,21.126246,2005.0,0.7603450417518616,44
c3_048,3,-90.030315,21.124359130859375,2005.0,0.7122189402580261,44
c3_011,3,-90.035974,21.099299,2005.0,0.6745343208312988,44
c3_001,3,-90.080437,21.100377,2005.0,0.6914132833480835,44
c3_006,3,-89.94677734375,21.202237,2005.0,0.6806900501251221,44
c3_019,3,-89.958367,21.172056198120117,2005.0,0.7745737433433533,44
c3_031,3,-90.00740814208984,21.113042,2005.0,0.6005167961120605,44
c3_010,3,-90.01252746582031,21.114659,2005.0,0.7143370509147644,44
c3_012,3,-90.00768280029297,21.114389419555664,2005.0,0.5856062769889832,44
c3_016,3,-90.045675,21.097951889038086,2005.0,0.6116886138916016,44
c3_043,3,-89.967259,21.189841,2005.0,0.8019061088562012,44
c3_044,3,-90.046214,21.097413,2005.0,0.6536167860031128,44
c3_049,3,-90.016033,21.116006,2005.0,0.6924077272415161,44
c4_001,4,-90.002021,21.168822,2005.0,0.11142127960920334,44
c4_002,4,-90.013878,21.166397094726562,2005.0,0.04887045547366142,44
c4_003,4,-90.040286,21.149421,2005.0,0.5117495059967041,44
c4_004,4,-89.94139099121094,21.181487,2005.0,0.33645227551460266,44
c4_005,4,-89.967529,21.183643341064453,2005.0,0.17267853021621704,44
c4_006,4,-89.943277,21.200620651245117,2005.0,0.17452803254127502,44
c4_007,4,-89.968068,21.171248,2005.0,0.4038030803203583,44
c4_008,4,-90.035705,21.15346336364746,2005.0,0.3943672776222229,44
c4_009,4,-89.967798,21.179332,2005.0,-0.3805757761001587,44
c4_010,4,-89.949205,21.194961,2005.0,-0.21192379295825958,44
c4_011,4,-89.943007,21.202506,2005.0,0.016274377703666687,44
c4_012,4,-89.945163,21.199811,2005.0,-0.11831264942884445,44
c4_013,4,-89.972379,21.174481,2005.0,-0.058320507407188416,44
c4_014,4,-90.041633,21.148612,2005.0,0.2886548936367035,44
c4_015,4,-89.960792,21.190380096435547,2005.0,0.07664820551872253,44
c4_016,4,-89.958098,21.184452056884766,2005.0,0.05347385257482529,44
c4_017,4,-90.074239,21.133790969848633,2005.0,0.5656264424324036,44
c4_018,4,-89.950822,21.1922664642334,2005.0,0.015186327509582043,44
c4_019,4,-89.996901,21.149959564208984,2005.0,0.5839229822158813,44
c4_020,4,-89.960523,21.186338424682617,2005.0,-0.025304267182946205,44
c4_021,4,-89.9465103149414,21.185529708862305,2005.0,-0.1763632595539093,44
c4_022,4,-89.957828,21.185529708862305,2005.0,0.08709325641393661,44
c4_023,4,-90.035705,21.144301,2005.0,0.5069224238395691,44
c4_024,4,-90.022501,21.156966,2005.0,0.045667052268981934,44
c4_025,4,-89.981002,21.165319,2005.0,0.19356542825698853,44
c4_026,4,-90.027621,21.162355422973633,2005.0,0.061360299587249756,44
c4_027,4,-89.949475,21.19415283203125,2005.0,-0.22697031497955322,44
c4_028,4,-89.940852,21.201428,2005.0,0.19842959940433502,44
c4_029,4,-89.961601,21.190919,2005.0,0.5744343996047974,44
c4_030,4,-90.041364,21.151576,2005.0,0.8021692037582397,44
c4_031,4,-90.062382,21.153732299804688,2005.0,0.08067820966243744,44
c4_032,4,-89.944085,21.193883,2005.0,-0.16127848625183105,44
c4_033,4,-89.981811,21.164511,2005.0,0.44139060378074646,44
c4_034,4,-89.940313,21.199811,2005.0,-0.0068837800063192844,44
c4_035,4,-90.072622,21.132714,2005.0,0.5964258909225464,44
c4_036,4,-89.942738,21.183643341064453,2005.0,0.17494018375873566,44
c4_037,4,-89.9742660522461,21.173673,2005.0,0.4599643349647522,44
c4_038,4,-89.966451,21.182565,2005.0,-0.08693928271532059,44
c4_039,4,-90.014147,21.163972,2005.0,-0.12475001066923141,44
c4_040,4,-89.944355,21.201428,2005.0,0.012993991374969482,44
c4_041,4,-90.011183,21.148881912231445,2005.0,0.651836633682251,44
c4_042,4,-90.071814,21.131635665893555,2005.0,0.4805069863796234,44
c4_043,4,-90.11438751220703,21.11061668395996,2005.0,0.583585798740387,44
c4_044,4,-89.956481,21.189302444458008,2005.0,0.4869064688682556,44
c4_045,4,-90.036513,21.153732299804688,2005.0,0.19673477113246918,44
c4_046,4,-89.98235321044922,21.169092178344727,2005.0,0.2754276692867279,44
c4_047,4,-89.992859,21.172864,2005.0,-0.07033942639827728,44
c4_048,4,-89.948127,21.191457748413086,2005.0,0.16329167783260345,44
c4_049,4,-90.1195068359375,21.108461380004883,2005.0,0.5323861241340637,44
c4_050,4,-90.094718,21.12301254272461,2005.0,0.2974366843700409,44
c5_045,5,-90.018998,21.166128158569336,2005.0,0.2752157747745514,44
c5_008,5,-90.034357,21.155618,2005.0,0.3086525797843933,44
c5_010,5,-89.957289,21.163703,2005.0,0.48498138785362244,44
c5_011,5,-90.004985,21.156696319580078,2005.0,0.4257695972919464,44
c5_012,5,-90.066424,21.154809951782227,2005.0,0.17983317375183105,44
c5_014,5,-90.006871,21.155887603759766,2005.0,0.10382137447595596,44
c5_016,5,-90.002829,21.15642738342285,2005.0,0.23392224311828613,44
c5_022,5,-90.044597,21.154809951782227,2005.0,0.10999387502670288,44
c5_024,5,-89.995284,21.15642738342285,2005.0,0.02442714013159275,44
c5_003,5,-90.056993,21.154541015625,2005.0,0.122917540371418,44
c5_013,5,-90.020614,21.157235,2005.0,0.09822555631399155,44
c5_020,5,-90.027621,21.156966,2005.0,0.06106502562761307,44
c5_025,5,-90.03301239013672,21.15966033935547,2005.0,-0.1633482575416565,44
c5_034,5,-90.012261,21.166397094726562,2005.0,0.10107668489217758,44
c5_040,5,-90.069658,21.154541015625,2005.0,0.16563330590724945,44
c5_041,5,-89.998787,21.156156539916992,2005.0,-0.0060656811110675335,44
c5_043,5,-90.113042,21.13729476928711,2005.0,0.35269689559936523,44
c5_002,5,-90.042172,21.156156539916992,2005.0,0.07288643717765808,44
c5_004,5,-90.034088,21.156966,2005.0,0.09645458310842514,44
c5_001,5,-89.996093,21.155887603759766,2005.0,0.47482603788375854,44
c5_006,5,-90.035435,21.154809951782227,2005.0,0.15684661269187927,44
c5_015,5,-89.942738,21.172864,2005.0,0.43646368384361267,44
c5_018,5,-90.0685806274414,21.152385,2005.0,0.11419860273599625,44
c5_026,5,-89.998248,21.172326,2005.0,0.11373651772737503,44
c5_033,5,-90.01980590820312,21.156966,2005.0,0.43194177746772766,44
c5_036,5,-90.041902,21.15750503540039,2005.0,0.29382699728012085,44
c5_039,5,-90.060496,21.15642738342285,2005.0,0.3226509094238281,44
c5_005,5,-90.041633,21.159929275512695,2005.0,0.42668646574020386,44
c5_009,5,-90.038938,21.154271,2005.0,0.5344669222831726,44
c5_019,5,-90.057262,21.155349,2005.0,0.1821676790714264,44
c5_021,5,-90.089598,21.148073196411133,2005.0,0.1339682638645172,44
c5_030,5,-90.071814,21.151845932006836,2005.0,0.21053746342658997,44
c5_031,5,-90.003099,21.155618,2005.0,0.23234854638576508,44
c5_035,5,-90.095527,21.151845932006836,2005.0,0.21485768258571625,44
c5_037,5,-89.996632,21.160469,2005.0,0.6578978300094604,44
c5_023,5,-89.978038,21.180139541625977,2005.0,0.1784210354089737,44
c5_017,5,-90.040555,21.145917892456055,2005.0,0.401888370513916,44
c5_027,5,-90.08879089355469,21.150768280029297,2005.0,0.5808832049369812,44
c5_047,5,-90.001213,21.154541015625,2005.0,0.5776117444038391,44
c5_048,5,-90.028429,21.156696319580078,2005.0,0.3272462487220764,44
c5_029,5,-90.090407,21.149421,2005.0,0.23768366873264313,44
c5_032,5,-90.079359,21.150768280029297,2005.0,0.22193071246147156,44
c5_038,5,-90.04082489013672,21.156966,2005.0,0.44517678022384644,44
c5_046,5,-90.067233,21.152114868164062,2005.0,0.22297151386737823,44
c5_028,5,-90.095527,21.150499,2005.0,0.31028780341148376,44
c5_044,5,-89.973188,21.183374404907227,2005.0,0.2690727412700653,44
c5_042,5,-90.08124542236328,21.149421,2005.0,0.3552554249763489,44
c5_007,5,-90.021962,21.143491744995117,2005.0,0.3695138692855835,44
c10_001,3,-90.028968,21.158313,2005.0,-0.04077645018696785,44
c10_005,3,-89.954594,21.163972,2005.0,0.5071314573287964,44
c10_002,3,-90.033549,21.15858268737793,2005.0,-0.10417008399963379,44
c10_003,3,-90.030046,21.158044,2005.0,0.01844898611307144,44
c10_004,3,-90.029507,21.157773971557617,2005.0,0.12739896774291992,44
c10_006,3,-90.03301239013672,21.159122467041016,2005.0,-0.12288706749677658,44
c10_007,3,-90.03301239013672,21.158044,2005.0,-0.020225252956151962,44
c10_009,3,-90.032741,21.15858268737793,2005.0,-0.047573208808898926,44
c10_010,3,-90.030585,21.158044,2005.0,0.020527470856904984,44
c10_008,3,-89.95405578613281,21.163972,2005.0,0.43375635147094727,44
c1_051,1,-90.064538,21.118162155151367,2005.0,0.5640899538993835,44
c1_052,1,-90.05322265625,21.112234115600586,2005.0,0.6626851558685303,44
c1_053,1,-90.068041,21.142953,2005.0,0.7046170830726624,44
c1_054,1,-90.00040435791016,21.124359130859375,2005.0,0.6438652276992798,44
c1_055,1,-90.049178,21.1402587890625,2005.0,0.6146472096443176,44
c2_051,2,-90.111695,21.123821258544922,2005.0,0.4248901307582855,44
c2_052,2,-90.02277374267578,21.139720916748047,2005.0,0.6309852600097656,44
c2_053,2,-89.941929,21.138911,2005.0,0.7223445773124695,44
c2_054,2,-89.950013,21.130019,2005.0,0.636642336845398,44
c2_055,2,-90.106306,21.128941,2005.0,0.49553075432777405,44
c3_062,3,-90.086634,21.149690628051758,2005.0,0.03810453787446022,44
c3_051,3,-90.010914,21.144301,2005.0,0.7614932060241699,44
c3_055,3,-90.079359,21.150499,2005.0,0.2057136744260788,44
c3_058,3,-90.000943,21.171248,2005.0,0.2622992694377899,44
c3_052,3,-90.094179,21.114929,2005.0,0.6002349257469177,44
c3_059,3,-90.039208,21.1402587890625,2005.0,0.7566867470741272,44
c3_053,3,-90.013608,21.152114868164062,2005.0,0.7876772880554199,44
c3_060,3,-89.958906,21.12489891052246,2005.0,0.8460391759872437,44
c3_057,3,-90.058071,21.159929275512695,2005.0,0.5961540341377258,44
c3_061,3,-89.973457,21.138911,2005.0,0.7023073434829712,44
c3_064,3,-89.989625,21.149959564208984,2005.0,0.6368266940116882,44
c3_063,3,-90.030046,21.125707,2005.0,0.7147323489189148,44
c3_065,3,-89.972379,21.162086486816406,2005.0,0.729907751083374,44
c3_054,3,-90.029237,21.101455,2005.0,0.6462572813034058,44
c3_056,3,-90.008758,21.114120483398438,2005.0,0.6261152625083923,44
c4_051,4,-89.958906,21.191997,2005.0,0.27771425247192383,44
c4_052,4,-89.957828,21.178254,2005.0,0.06365972757339478,44
c4_053,4,-89.994476,21.172864,2005.0,0.05969788879156113,44
c4_054,4,-89.994745,21.168822,2005.0,-0.15194466710090637,44
c4_055,4,-90.0025634765625,21.169631,2005.0,-0.01868523098528385,44
c1_001,1,-90.056184,21.12301254272461,2006.0,0.6061182618141174,45
c1_002,1,-89.984506,21.126246,2006.0,0.7436162829399109,45
c1_003,1,-90.070197,21.140798,2006.0,0.6266005039215088,45
c1_004,1,-90.057801,21.145648,2006.0,0.7084540724754333,45
c1_005,1,-90.024926,21.145379,2006.0,0.4897283613681793,45
c1_006,1,-89.979386,21.130288,2006.0,0.6326178908348083,45
c1_007,1,-90.08636474609375,21.137025,2006.0,0.35386326909065247,45
c1_008,1,-89.952169,21.14322280883789,2006.0,0.7012770175933838,45
c1_009,1,-90.055106,21.138911,2006.0,0.5372240543365479,45
c1_010,1,-89.945702,21.14322280883789,2006.0,0.5844171643257141,45
c1_011,1,-89.958098,21.149151,2006.0,0.7280340194702148,45
c1_012,1,-90.036783,21.117354,2006.0,0.7824681401252747,45
c1_013,1,-90.113042,21.085018157958984,2006.0,0.77739018201828,45
c1_014,1,-89.944085,21.154002,2006.0,0.7735817432403564,45
c1_015,1,-90.065885,21.113581,2006.0,0.4966369569301605,45
c1_016,1,-90.064538,21.121126174926758,2006.0,0.5641177296638489,45
c1_017,1,-90.01280212402344,21.122474,2006.0,0.7157316207885742,45
c1_018,1,-90.013608,21.150499,2006.0,0.7907062768936157,45
c1_019,1,-90.075856,21.141876220703125,2006.0,0.6821861267089844,45
c1_020,1,-90.063729,21.119510650634766,2006.0,0.5741981863975525,45
c1_021,1,-90.112234,21.128671646118164,2006.0,0.2181897610425949,45
c1_022,1,-89.970224,21.131635665893555,2006.0,0.595612645149231,45
c1_023,1,-90.049448,21.111425399780273,2006.0,0.617626965045929,45
c1_024,1,-90.076933,21.135408401489258,2006.0,0.6664586663246155,45
c1_025,1,-90.09391021728516,21.143762,2006.0,0.7489951848983765,45
c1_026,1,-89.940852,21.145917892456055,2006.0,0.7356701493263245,45
c1_027,1,-89.945163,21.154002,2006.0,0.7004760503768921,45
c1_028,1,-90.098491,21.127324,2006.0,0.5292705297470093,45
c1_029,1,-90.003368,21.149421,2006.0,0.5314474701881409,45
c1_030,1,-89.972918,21.124629,2006.0,0.7303687930107117,45
c1_031,1,-90.003907,21.124359130859375,2006.0,0.6011683940887451,45
c1_032,1,-90.066694,21.0987606048584,2006.0,0.7215416431427002,45
c1_033,1,-89.994745,21.123552322387695,2006.0,0.620233416557312,45
c1_034,1,-90.08879089355469,21.142953,2006.0,0.49658191204071045,45
c1_035,1,-90.063191,21.110887,2006.0,0.5949702858924866,45
c1_036,1,-89.960523,21.137563705444336,2006.0,0.7277502417564392,45
c1_037,1,-90.094179,21.093371,2006.0,0.7279435396194458,45
c1_038,1,-90.0025634765625,21.122743,2006.0,0.6148129105567932,45
c1_039,1,-90.051334,21.132714,2006.0,0.5116937160491943,45
c1_040,1,-90.066694,21.13837242126465,2006.0,0.6438896059989929,45
c1_041,1,-90.116815,21.0882511138916,2006.0,0.743415355682373,45
c1_042,1,-90.057801,21.148612,2006.0,0.6513279676437378,45
c1_043,1,-90.080706,21.141876220703125,2006.0,0.5728141665458679,45
c1_044,1,-89.947319,21.188493728637695,2006.0,0.6344335079193115,45
c1_045,1,-89.981811,21.124091,2006.0,0.7149692177772522,45
c1_046,1,-90.058879,21.128671646118164,2006.0,0.5530099868774414,45
c1_047,1,-90.075317,21.10361099243164,2006.0,0.766028642654419,45
c1_048,1,-90.003638,21.150768280029297,2006.0,0.5203172564506531,45
c1_049,1,-90.026543,21.122743,2006.0,0.7820550203323364,45
c1_050,1,-90.108731,21.117623,2006.0,0.78221195936203,45
c2_001,2,-89.960253,21.154002,2006.0,0.6076800227165222,45
c2_002,2,-90.117623,21.133522033691406,2006.0,0.30401134490966797,45
c2_003,2,-90.07881927490234,21.09229278564453,2006.0,0.7449636459350586,45
c2_004,2,-89.978847,21.15022850036621,2006.0,0.6110024452209473,45
c2_005,2,-90.089329,21.09364128112793,2006.0,0.7708022594451904,45
c2_006,2,-90.11412048339844,21.100377,2006.0,0.6411014795303345,45
c2_007,2,-90.106036,21.131635665893555,2006.0,0.4960130453109741,45
c2_008,2,-90.001213,21.145379,2006.0,0.6958727240562439,45
c2_009,2,-89.963217,21.183913,2006.0,0.4681817591190338,45
c2_010,2,-90.10226440429688,21.144301,2006.0,0.5479184985160828,45
c2_011,2,-89.958636,21.125438,2006.0,0.7476590275764465,45
c2_012,2,-90.097413,21.149959564208984,2006.0,0.6879585385322571,45
c2_013,2,-90.100647,21.106845,2006.0,0.6547473669052124,45
c2_014,2,-90.04594421386719,21.111156463623047,2006.0,0.5071316361427307,45
c2_015,2,-90.068849,21.102802276611328,2006.0,0.7848070859909058,45
c2_016,2,-90.118162,21.135947,2006.0,0.17168334126472473,45
c2_017,2,-89.96214294433594,21.120587,2006.0,0.7632235288619995,45
c2_018,2,-89.981541,21.148343,2006.0,0.4078609347343445,45
c2_019,2,-90.041364,21.101186,2006.0,0.6873012781143188,45
c2_020,2,-90.082592,21.10064697265625,2006.0,0.7307190895080566,45
c2_021,2,-89.945163,21.161008,2006.0,0.5705366730690002,45
c2_022,2,-90.01280212402344,21.118162155151367,2006.0,0.730122447013855,45
c2_023,2,-89.94165802001953,21.17879295349121,2006.0,0.4743499159812927,45
c2_024,2,-89.940043,21.179332,2006.0,0.49095672369003296,45
c2_025,2,-89.942199,21.169092178344727,2006.0,0.5662565231323242,45
c2_026,2,-90.04837036132812,21.15858268737793,2006.0,0.308523565530777,45
c2_027,2,-90.018189,21.155078887939453,2006.0,0.5897887945175171,45
c2_028,2,-90.018998,21.118701,2006.0,0.6078686714172363,45
c2_029,2,-89.960253,21.166936,2006.0,0.7980688810348511,45
c2_030,2,-90.08636474609375,21.13918113708496,2006.0,0.5384545922279358,45
c2_031,2,-90.006871,21.167745,2006.0,0.38003289699554443,45
c2_032,2,-89.9599838256836,21.15750503540039,2006.0,0.5718429684638977,45
c2_033,2,-90.052412,21.115737,2006.0,0.6807553768157959,45
c2_034,2,-90.075586,21.099569,2006.0,0.6849449276924133,45
c2_035,2,-90.108731,21.095796,2006.0,0.6535421013832092,45
c2_036,2,-90.026543,21.155078887939453,2006.0,0.7708351612091064,45
c2_037,2,-90.006871,21.131097,2006.0,0.721123993396759,45
c2_038,2,-90.080167,21.099838256835938,2006.0,0.7871582508087158,45
c2_039,2,-89.947588,21.136486053466797,2006.0,0.7756149172782898,45
c2_040,2,-90.061304,21.10468864440918,2006.0,0.7510693073272705,45
c2_041,2,-90.075856,21.134868621826172,2006.0,0.6466119885444641,45
c2_042,2,-89.99959564208984,21.12004852294922,2006.0,0.6349737644195557,45
c2_043,2,-90.101725,21.08043670654297,2006.0,0.7415210604667664,45
c2_044,2,-90.026004,21.113851,2006.0,0.7528738379478455,45
c2_045,2,-90.118162,21.129209518432617,2006.0,0.6460197567939758,45
c2_046,2,-89.94139099121094,21.172056198120117,2006.0,0.7202132344245911,45
c2_047,2,-89.969685,21.1402587890625,2006.0,0.7495033144950867,45
c2_048,2,-90.1038818359375,21.095527,2006.0,0.6082028746604919,45
c2_049,2,-89.99231719970703,21.149690628051758,2006.0,0.6109569668769836,45
c2_050,2,-89.950822,21.121396,2006.0,0.8019582629203796,45
c3_045,3,-89.992859,21.161815643310547,2006.0,0.06965456157922745,45
c3_003,3,-90.034357,21.15858268737793,2006.0,0.05139167979359627,45
c3_026,3,-89.986931,21.149959564208984,2006.0,0.7851911783218384,45
c3_008,3,-90.084209,21.151576,2006.0,0.1437486857175827,45
c3_017,3,-89.970493,21.159929275512695,2006.0,0.5993584394454956,45
c3_004,3,-89.982619,21.180679,2006.0,0.18574844300746918,45
c3_040,3,-89.9742660522461,21.185529708862305,2006.0,0.7745975852012634,45
c3_024,3,-89.97722625732422,21.183913,2006.0,0.4284604489803314,45
c3_013,3,-89.995823,21.13837242126465,2006.0,0.7794521450996399,45
c3_018,3,-90.062113,21.107114,2006.0,0.7865629196166992,45
c3_007,3,-90.088521,21.146995,2006.0,0.14295195043087006,45
c3_014,3,-89.951361,21.199003219604492,2006.0,-0.025219986215233803,45
c3_042,3,-89.950283,21.199003219604492,2006.0,0.1679852157831192,45
c3_029,3,-90.000135,21.137563705444336,2006.0,0.7158486247062683,45
c3_005,3,-90.003638,21.111964,2006.0,0.7372695803642273,45
c3_022,3,-90.005524,21.112503051757812,2006.0,0.6911814212799072,45
c3_002,3,-89.953786,21.197656,2006.0,0.487261563539505,45
c3_015,3,-89.940852,21.162086486816406,2006.0,0.6610442399978638,45
c3_020,3,-90.016842,21.116006,2006.0,0.7247229218482971,45
c3_027,3,-89.982619,21.149421,2006.0,0.5077478289604187,45
c3_030,3,-89.942738,21.1674747467041,2006.0,0.6146962642669678,45
c3_050,3,-89.941929,21.168553,2006.0,0.4702991545200348,45
c3_009,3,-89.986392,21.149959564208984,2006.0,0.8047468662261963,45
c3_033,3,-90.039208,21.102802276611328,2006.0,0.6955031752586365,45
c3_038,3,-89.976152,21.169361114501953,2006.0,0.6432189345359802,45
c3_023,3,-89.97183990478516,21.169361114501953,2006.0,0.601947009563446,45
c3_032,3,-90.00040435791016,21.138642,2006.0,0.5913525819778442,45
c3_046,3,-89.994476,21.137832641601562,2006.0,0.5559027194976807,45
c3_025,3,-89.947049,21.157235,2006.0,0.7104707360267639,45
c3_028,3,-89.976421,21.165858,2006.0,0.7069814801216125,45
c3_036,3,-89.95189666748047,21.162894,2006.0,0.5631450414657593,45
c3_021,3,-90.007141,21.131635665893555,2006.0,0.6926038861274719,45
c3_035,3,-90.000943,21.144569396972656,2006.0,0.6960644721984863,45
c3_037,3,-89.97183990478516,21.162086486816406,2006.0,0.7363863587379456,45
c3_039,3,-89.976691,21.168283462524414,2006.0,0.6682487726211548,45
c3_041,3,-89.973996,21.137563705444336,2006.0,0.6452178955078125,45
c3_034,3,-90.041364,21.1402587890625,2006.0,0.6122308969497681,45
c3_047,3,-90.028698,21.126246,2006.0,0.7581967711448669,45
c3_048,3,-90.030315,21.124359130859375,2006.0,0.6818505525588989,45
c3_011,3,-90.035974,21.099299,2006.0,0.6445424556732178,45
c3_001,3,-90.080437,21.100377,2006.0,0.718852698802948,45
c3_006,3,-89.94677734375,21.202237,2006.0,0.6911492943763733,45
c3_019,3,-89.958367,21.172056198120117,2006.0,0.7384864687919617,45
c3_031,3,-90.00740814208984,21.113042,2006.0,0.7450732588768005,45
c3_010,3,-90.01252746582031,21.114659,2006.0,0.7165764570236206,45
c3_012,3,-90.00768280029297,21.114389419555664,2006.0,0.6761415600776672,45
c3_016,3,-90.045675,21.097951889038086,2006.0,0.585290253162384,45
c3_043,3,-89.967259,21.189841,2006.0,0.7718624472618103,45
c3_044,3,-90.046214,21.097413,2006.0,0.6724959015846252,45
c3_049,3,-90.016033,21.116006,2006.0,0.6849382519721985,45
c4_001,4,-90.002021,21.168822,2006.0,0.13857215642929077,45
c4_002,4,-90.013878,21.166397094726562,2006.0,0.1186569407582283,45
c4_003,4,-90.040286,21.149421,2006.0,0.5336596369743347,45
c4_004,4,-89.94139099121094,21.181487,2006.0,0.2876628041267395,45
c4_005,4,-89.967529,21.183643341064453,2006.0,0.13597163558006287,45
c4_006,4,-89.943277,21.200620651245117,2006.0,0.41821715235710144,45
c4_007,4,-89.968068,21.171248,2006.0,0.37215906381607056,45
c4_008,4,-90.035705,21.15346336364746,2006.0,0.4332691431045532,45
c4_009,4,-89.967798,21.179332,2006.0,-0.034820232540369034,45
c4_010,4,-89.949205,21.194961,2006.0,0.11558937281370163,45
c4_011,4,-89.943007,21.202506,2006.0,0.17882844805717468,45
c4_012,4,-89.945163,21.199811,2006.0,0.05070424824953079,45
c4_013,4,-89.972379,21.174481,2006.0,0.11587558686733246,45
c4_014,4,-90.041633,21.148612,2006.0,0.3361250162124634,45
c4_015,4,-89.960792,21.190380096435547,2006.0,0.11883401870727539,45
c4_016,4,-89.958098,21.184452056884766,2006.0,0.01062418706715107,45
c4_017,4,-90.074239,21.133790969848633,2006.0,0.5185153484344482,45
c4_018,4,-89.950822,21.1922664642334,2006.0,0.15729674696922302,45
c4_019,4,-89.996901,21.149959564208984,2006.0,0.5631418824195862,45
c4_020,4,-89.960523,21.186338424682617,2006.0,0.019677115604281425,45
c4_021,4,-89.9465103149414,21.185529708862305,2006.0,0.01451390702277422,45
c4_022,4,-89.957828,21.185529708862305,2006.0,0.07884059101343155,45
c4_023,4,-90.035705,21.144301,2006.0,0.5176599621772766,45
c4_024,4,-90.022501,21.156966,2006.0,0.0692100077867508,45
c4_025,4,-89.981002,21.165319,2006.0,0.15484341979026794,45
c4_026,4,-90.027621,21.162355422973633,2006.0,0.1061168760061264,45
c4_027,4,-89.949475,21.19415283203125,2006.0,0.049234114587306976,45
c4_028,4,-89.940852,21.201428,2006.0,0.3584498167037964,45
c4_029,4,-89.961601,21.190919,2006.0,0.5776659846305847,45
c4_030,4,-90.041364,21.151576,2006.0,0.7585488557815552,45
c4_031,4,-90.062382,21.153732299804688,2006.0,0.05568407475948334,45
c4_032,4,-89.944085,21.193883,2006.0,0.12786081433296204,45
c4_033,4,-89.981811,21.164511,2006.0,0.43233391642570496,45
c4_034,4,-89.940313,21.199811,2006.0,0.14646659791469574,45
c4_035,4,-90.072622,21.132714,2006.0,0.5203216671943665,45
c4_036,4,-89.942738,21.183643341064453,2006.0,0.24489836394786835,45
c4_037,4,-89.9742660522461,21.173673,2006.0,0.38212159276008606,45
c4_038,4,-89.966451,21.182565,2006.0,-0.016847867518663406,45
c4_039,4,-90.014147,21.163972,2006.0,0.01400214433670044,45
c4_040,4,-89.944355,21.201428,2006.0,0.21398751437664032,45
c4_041,4,-90.011183,21.148881912231445,2006.0,0.6307292580604553,45
c4_042,4,-90.071814,21.131635665893555,2006.0,0.5106223225593567,45
c4_043,4,-90.11438751220703,21.11061668395996,2006.0,0.6322720646858215,45
c4_044,4,-89.956481,21.189302444458008,2006.0,0.37040600180625916,45
c4_045,4,-90.036513,21.153732299804688,2006.0,0.32740527391433716,45
c4_046,4,-89.98235321044922,21.169092178344727,2006.0,0.12262875586748123,45
c4_047,4,-89.992859,21.172864,2006.0,-0.11701463162899017,45
c4_048,4,-89.948127,21.191457748413086,2006.0,0.2139122188091278,45
c4_049,4,-90.1195068359375,21.108461380004883,2006.0,0.5230965614318848,45
c4_050,4,-90.094718,21.12301254272461,2006.0,0.2732650637626648,45
c5_045,5,-90.018998,21.166128158569336,2006.0,0.26580530405044556,45
c5_008,5,-90.034357,21.155618,2006.0,0.24847163259983063,45
c5_010,5,-89.957289,21.163703,2006.0,0.40986010432243347,45
c5_011,5,-90.004985,21.156696319580078,2006.0,0.36507609486579895,45
c5_012,5,-90.066424,21.154809951782227,2006.0,0.1311188042163849,45
c5_014,5,-90.006871,21.155887603759766,2006.0,0.1314474195241928,45
c5_016,5,-90.002829,21.15642738342285,2006.0,0.23194687068462372,45
c5_022,5,-90.044597,21.154809951782227,2006.0,0.13752487301826477,45
c5_024,5,-89.995284,21.15642738342285,2006.0,0.20938575267791748,45
c5_003,5,-90.056993,21.154541015625,2006.0,0.12995484471321106,45
c5_013,5,-90.020614,21.157235,2006.0,0.134485125541687,45
c5_020,5,-90.027621,21.156966,2006.0,0.11219581216573715,45
c5_025,5,-90.03301239013672,21.15966033935547,2006.0,-0.05269452929496765,45
c5_034,5,-90.012261,21.166397094726562,2006.0,0.12911155819892883,45
c5_040,5,-90.069658,21.154541015625,2006.0,0.09269587695598602,45
c5_041,5,-89.998787,21.156156539916992,2006.0,0.10337218642234802,45
c5_043,5,-90.113042,21.13729476928711,2006.0,0.22736208140850067,45
c5_002,5,-90.042172,21.156156539916992,2006.0,0.06396771967411041,45
c5_004,5,-90.034088,21.156966,2006.0,0.12681274116039276,45
c5_001,5,-89.996093,21.155887603759766,2006.0,0.484718382358551,45
c5_006,5,-90.035435,21.154809951782227,2006.0,0.19648520648479462,45
c5_015,5,-89.942738,21.172864,2006.0,0.4667203426361084,45
c5_018,5,-90.0685806274414,21.152385,2006.0,0.11393401771783829,45
c5_026,5,-89.998248,21.172326,2006.0,0.10005134344100952,45
c5_033,5,-90.01980590820312,21.156966,2006.0,0.4518226385116577,45
c5_036,5,-90.041902,21.15750503540039,2006.0,0.2253151386976242,45
c5_039,5,-90.060496,21.15642738342285,2006.0,0.26555731892585754,45
c5_005,5,-90.041633,21.159929275512695,2006.0,0.3406077027320862,45
c5_009,5,-90.038938,21.154271,2006.0,0.584531843662262,45
c5_019,5,-90.057262,21.155349,2006.0,0.15035893023014069,45
c5_021,5,-90.089598,21.148073196411133,2006.0,0.13345204293727875,45
c5_030,5,-90.071814,21.151845932006836,2006.0,0.15026092529296875,45
c5_031,5,-90.003099,21.155618,2006.0,0.18938511610031128,45
c5_035,5,-90.095527,21.151845932006836,2006.0,0.1357538402080536,45
c5_037,5,-89.996632,21.160469,2006.0,0.48731815814971924,45
c5_023,5,-89.978038,21.180139541625977,2006.0,0.19532647728919983,45
c5_017,5,-90.040555,21.145917892456055,2006.0,0.348798006772995,45
c5_027,5,-90.08879089355469,21.150768280029297,2006.0,0.4067530930042267,45
c5_047,5,-90.001213,21.154541015625,2006.0,0.5294995903968811,45
c5_048,5,-90.028429,21.156696319580078,2006.0,0.3078783452510834,45
c5_029,5,-90.090407,21.149421,2006.0,0.13020771741867065,45
c5_032,5,-90.079359,21.150768280029297,2006.0,0.139510840177536,45
c5_038,5,-90.04082489013672,21.156966,2006.0,0.29166749119758606,45
c5_046,5,-90.067233,21.152114868164062,2006.0,0.1703123152256012,45
c5_028,5,-90.095527,21.150499,2006.0,0.3370920717716217,45
c5_044,5,-89.973188,21.183374404907227,2006.0,0.24006031453609467,45
c5_042,5,-90.08124542236328,21.149421,2006.0,0.22701525688171387,45
c5_007,5,-90.021962,21.143491744995117,2006.0,0.37954309582710266,45
c10_001,3,-90.028968,21.158313,2006.0,0.06016823276877403,45
c10_005,3,-89.954594,21.163972,2006.0,0.4268814027309418,45
c10_002,3,-90.033549,21.15858268737793,2006.0,0.023622235283255577,45
c10_003,3,-90.030046,21.158044,2006.0,0.06747869402170181,45
c10_004,3,-90.029507,21.157773971557617,2006.0,0.0939280241727829,45
c10_006,3,-90.03301239013672,21.159122467041016,2006.0,-0.008963353931903839,45
c10_007,3,-90.03301239013672,21.158044,2006.0,0.06173982098698616,45
c10_009,3,-90.032741,21.15858268737793,2006.0,0.05315940082073212,45
c10_010,3,-90.030585,21.158044,2006.0,0.09392768889665604,45
c10_008,3,-89.95405578613281,21.163972,2006.0,0.3503355383872986,45
c1_051,1,-90.064538,21.118162155151367,2006.0,0.5386614799499512,45
c1_052,1,-90.05322265625,21.112234115600586,2006.0,0.5919514298439026,45
c1_053,1,-90.068041,21.142953,2006.0,0.45858460664749146,45
c1_054,1,-90.00040435791016,21.124359130859375,2006.0,0.6210061311721802,45
c1_055,1,-90.049178,21.1402587890625,2006.0,0.6142489314079285,45
c2_051,2,-90.111695,21.123821258544922,2006.0,0.43010905385017395,45
c2_052,2,-90.02277374267578,21.139720916748047,2006.0,0.6093374490737915,45
c2_053,2,-89.941929,21.138911,2006.0,0.7753714919090271,45
c2_054,2,-89.950013,21.130019,2006.0,0.8093525767326355,45
c2_055,2,-90.106306,21.128941,2006.0,0.3357221782207489,45
c3_062,3,-90.086634,21.149690628051758,2006.0,0.01783125475049019,45
c3_051,3,-90.010914,21.144301,2006.0,0.7420638799667358,45
c3_055,3,-90.079359,21.150499,2006.0,0.09703925251960754,45
c3_058,3,-90.000943,21.171248,2006.0,0.22284437716007233,45
c3_052,3,-90.094179,21.114929,2006.0,0.6782148480415344,45
c3_059,3,-90.039208,21.1402587890625,2006.0,0.7141824960708618,45
c3_053,3,-90.013608,21.152114868164062,2006.0,0.7921305298805237,45
c3_060,3,-89.958906,21.12489891052246,2006.0,0.8357831239700317,45
c3_057,3,-90.058071,21.159929275512695,2006.0,0.4683445394039154,45
c3_061,3,-89.973457,21.138911,2006.0,0.6983331441879272,45
c3_064,3,-89.989625,21.149959564208984,2006.0,0.6206875443458557,45
c3_063,3,-90.030046,21.125707,2006.0,0.7364726066589355,45
c3_065,3,-89.972379,21.162086486816406,2006.0,0.7596909403800964,45
c3_054,3,-90.029237,21.101455,2006.0,0.6720831394195557,45
c3_056,3,-90.008758,21.114120483398438,2006.0,0.6397266387939453,45
c4_051,4,-89.958906,21.191997,2006.0,0.2901841402053833,45
c4_052,4,-89.957828,21.178254,2006.0,0.08313202112913132,45
c4_053,4,-89.994476,21.172864,2006.0,0.09885646402835846,45
c4_054,4,-89.994745,21.168822,2006.0,0.04248274117708206,45
c4_055,4,-90.0025634765625,21.169631,2006.0,0.061812691390514374,45
c1_001,1,-90.056184,21.12301254272461,2007.0,0.6942338943481445,40
c1_002,1,-89.984506,21.126246,2007.0,0.7767706513404846,40
c1_003,1,-90.070197,21.140798,2007.0,0.6523000001907349,40
c1_004,1,-90.057801,21.145648,2007.0,0.7442054748535156,40
c1_005,1,-90.024926,21.145379,2007.0,0.5476904511451721,40
c1_006,1,-89.979386,21.130288,2007.0,0.6132783889770508,40
c1_007,1,-90.08636474609375,21.137025,2007.0,0.4874902069568634,40
c1_008,1,-89.952169,21.14322280883789,2007.0,0.7136624455451965,40
c1_009,1,-90.055106,21.138911,2007.0,0.5842353701591492,40
c1_010,1,-89.945702,21.14322280883789,2007.0,0.5959715843200684,40
c1_011,1,-89.958098,21.149151,2007.0,0.7425499558448792,40
c1_012,1,-90.036783,21.117354,2007.0,0.7692949771881104,40
c1_013,1,-90.113042,21.085018157958984,2007.0,0.7839405536651611,40
c1_014,1,-89.944085,21.154002,2007.0,0.8130859136581421,40
c1_015,1,-90.065885,21.113581,2007.0,0.4812389016151428,40
c1_016,1,-90.064538,21.121126174926758,2007.0,0.6492213606834412,40
c1_017,1,-90.01280212402344,21.122474,2007.0,0.7575927376747131,40
c1_018,1,-90.013608,21.150499,2007.0,0.7575589418411255,40
c1_019,1,-90.075856,21.141876220703125,2007.0,0.785529613494873,40
c1_020,1,-90.063729,21.119510650634766,2007.0,0.6315380930900574,40
c1_021,1,-90.112234,21.128671646118164,2007.0,0.4164526164531708,40
c1_022,1,-89.970224,21.131635665893555,2007.0,0.5955734848976135,40
c1_023,1,-90.049448,21.111425399780273,2007.0,0.620958149433136,40
c1_024,1,-90.076933,21.135408401489258,2007.0,0.7660410404205322,40
c1_025,1,-90.09391021728516,21.143762,2007.0,0.6791036128997803,40
c1_026,1,-89.940852,21.145917892456055,2007.0,0.7455055117607117,40
c1_027,1,-89.945163,21.154002,2007.0,0.7479588389396667,40
c1_028,1,-90.098491,21.127324,2007.0,0.6465653777122498,40
c1_029,1,-90.003368,21.149421,2007.0,0.58626389503479,40
c1_030,1,-89.972918,21.124629,2007.0,0.7798637747764587,40
c1_031,1,-90.003907,21.124359130859375,2007.0,0.6106691956520081,40
c1_032,1,-90.066694,21.0987606048584,2007.0,0.7057852745056152,40
c1_033,1,-89.994745,21.123552322387695,2007.0,0.5949530601501465,40
c1_034,1,-90.08879089355469,21.142953,2007.0,0.6397200226783752,40
c1_035,1,-90.063191,21.110887,2007.0,0.6607437133789062,40
c1_036,1,-89.960523,21.137563705444336,2007.0,0.7319785952568054,40
c1_037,1,-90.094179,21.093371,2007.0,0.7277629375457764,40
c1_038,1,-90.0025634765625,21.122743,2007.0,0.6994775533676147,40
c1_039,1,-90.051334,21.132714,2007.0,0.5033610463142395,40
c1_040,1,-90.066694,21.13837242126465,2007.0,0.6707520484924316,40
c1_041,1,-90.116815,21.0882511138916,2007.0,0.7087693214416504,40
c1_042,1,-90.057801,21.148612,2007.0,0.7447183728218079,40
c1_043,1,-90.080706,21.141876220703125,2007.0,0.684607982635498,40
c1_044,1,-89.947319,21.188493728637695,2007.0,0.7351621389389038,40
c1_045,1,-89.981811,21.124091,2007.0,0.7088237404823303,40
c1_046,1,-90.058879,21.128671646118164,2007.0,0.592768132686615,40
c1_047,1,-90.075317,21.10361099243164,2007.0,0.7847970724105835,40
c1_048,1,-90.003638,21.150768280029297,2007.0,0.6448749303817749,40
c1_049,1,-90.026543,21.122743,2007.0,0.7670776844024658,40
c1_050,1,-90.108731,21.117623,2007.0,0.7828512787818909,40
c2_001,2,-89.960253,21.154002,2007.0,0.47504276037216187,40
c2_002,2,-90.117623,21.133522033691406,2007.0,0.3850986063480377,40
c2_003,2,-90.07881927490234,21.09229278564453,2007.0,0.6552636623382568,40
c2_004,2,-89.978847,21.15022850036621,2007.0,0.6558236479759216,40
c2_005,2,-90.089329,21.09364128112793,2007.0,0.7547810673713684,40
c2_006,2,-90.11412048339844,21.100377,2007.0,0.6383318901062012,40
c2_007,2,-90.106036,21.131635665893555,2007.0,0.7498031258583069,40
c2_008,2,-90.001213,21.145379,2007.0,0.7031451463699341,40
c2_009,2,-89.963217,21.183913,2007.0,0.6141110062599182,40
c2_010,2,-90.10226440429688,21.144301,2007.0,0.5306176543235779,40
c2_011,2,-89.958636,21.125438,2007.0,0.6565425395965576,40
c2_012,2,-90.097413,21.149959564208984,2007.0,0.7414512634277344,40
c2_013,2,-90.100647,21.106845,2007.0,0.6620497107505798,40
c2_014,2,-90.04594421386719,21.111156463623047,2007.0,0.5492150783538818,40
c2_015,2,-90.068849,21.102802276611328,2007.0,0.8681056499481201,40
c2_016,2,-90.118162,21.135947,2007.0,0.24014325439929962,40
c2_017,2,-89.96214294433594,21.120587,2007.0,0.6442001461982727,40
c2_018,2,-89.981541,21.148343,2007.0,0.4273509085178375,40
c2_019,2,-90.041364,21.101186,2007.0,0.7727597951889038,40
c2_020,2,-90.082592,21.10064697265625,2007.0,0.7781364917755127,40
c2_021,2,-89.945163,21.161008,2007.0,0.6164724230766296,40
c2_022,2,-90.01280212402344,21.118162155151367,2007.0,0.6979560256004333,40
c2_023,2,-89.94165802001953,21.17879295349121,2007.0,0.4901948869228363,40
c2_024,2,-89.940043,21.179332,2007.0,0.48193079233169556,40
c2_025,2,-89.942199,21.169092178344727,2007.0,0.5744764804840088,40
c2_026,2,-90.04837036132812,21.15858268737793,2007.0,0.3703569173812866,40
c2_027,2,-90.018189,21.155078887939453,2007.0,0.6194432973861694,40
c2_028,2,-90.018998,21.118701,2007.0,0.6336354613304138,40
c2_029,2,-89.960253,21.166936,2007.0,0.8380048871040344,40
c2_030,2,-90.08636474609375,21.13918113708496,2007.0,0.6177067160606384,40
c2_031,2,-90.006871,21.167745,2007.0,0.3681983947753906,40
c2_032,2,-89.9599838256836,21.15750503540039,2007.0,0.5776624083518982,40
c2_033,2,-90.052412,21.115737,2007.0,0.6899876594543457,40
c2_034,2,-90.075586,21.099569,2007.0,0.6797218322753906,40
c2_035,2,-90.108731,21.095796,2007.0,0.5629004240036011,40
c2_036,2,-90.026543,21.155078887939453,2007.0,0.7725549340248108,40
c2_037,2,-90.006871,21.131097,2007.0,0.7020038366317749,40
c2_038,2,-90.080167,21.099838256835938,2007.0,0.7682174444198608,40
c2_039,2,-89.947588,21.136486053466797,2007.0,0.7168862223625183,40
c2_040,2,-90.061304,21.10468864440918,2007.0,0.7166039347648621,40
c2_041,2,-90.075856,21.134868621826172,2007.0,0.7362000346183777,40
c2_042,2,-89.99959564208984,21.12004852294922,2007.0,0.6725960969924927,40
c2_043,2,-90.101725,21.08043670654297,2007.0,0.7387534976005554,40
c2_044,2,-90.026004,21.113851,2007.0,0.7555888295173645,40
c2_045,2,-90.118162,21.129209518432617,2007.0,0.7156744003295898,40
c2_046,2,-89.94139099121094,21.172056198120117,2007.0,0.7335916757583618,40
c2_047,2,-89.969685,21.1402587890625,2007.0,0.7721843123435974,40
c2_048,2,-90.1038818359375,21.095527,2007.0,0.5997936129570007,40
c2_049,2,-89.99231719970703,21.149690628051758,2007.0,0.5622512102127075,40
c2_050,2,-89.950822,21.121396,2007.0,0.6784144639968872,40
c3_045,3,-89.992859,21.161815643310547,2007.0,-0.08215454965829849,40
c3_003,3,-90.034357,21.15858268737793,2007.0,-0.15354107320308685,40
c3_026,3,-89.986931,21.149959564208984,2007.0,0.7891049981117249,40
c3_008,3,-90.084209,21.151576,2007.0,0.205469012260437,40
c3_017,3,-89.970493,21.159929275512695,2007.0,0.611212432384491,40
c3_004,3,-89.982619,21.180679,2007.0,0.2848142087459564,40
c3_040,3,-89.9742660522461,21.185529708862305,2007.0,0.7609959840774536,40
c3_024,3,-89.97722625732422,21.183913,2007.0,0.43667829036712646,40
c3_013,3,-89.995823,21.13837242126465,2007.0,0.8007515668869019,40
c3_018,3,-90.062113,21.107114,2007.0,0.7576888799667358,40
c3_007,3,-90.088521,21.146995,2007.0,0.12349729239940643,40
c3_014,3,-89.951361,21.199003219604492,2007.0,-0.12535406649112701,40
c3_042,3,-89.950283,21.199003219604492,2007.0,0.22014357149600983,40
c3_029,3,-90.000135,21.137563705444336,2007.0,0.6800532341003418,40
c3_005,3,-90.003638,21.111964,2007.0,0.696418046951294,40
c3_022,3,-90.005524,21.112503051757812,2007.0,0.6738818883895874,40
c3_002,3,-89.953786,21.197656,2007.0,0.43976840376853943,40
c3_015,3,-89.940852,21.162086486816406,2007.0,0.6649529337882996,40
c3_020,3,-90.016842,21.116006,2007.0,0.7110942602157593,40
c3_027,3,-89.982619,21.149421,2007.0,0.4980010688304901,40
c3_030,3,-89.942738,21.1674747467041,2007.0,0.6189609169960022,40
c3_050,3,-89.941929,21.168553,2007.0,0.5323765277862549,40
c3_009,3,-89.986392,21.149959564208984,2007.0,0.7772206664085388,40
c3_033,3,-90.039208,21.102802276611328,2007.0,0.6207339763641357,40
c3_038,3,-89.976152,21.169361114501953,2007.0,0.6518895626068115,40
c3_023,3,-89.97183990478516,21.169361114501953,2007.0,0.6443992257118225,40
c3_032,3,-90.00040435791016,21.138642,2007.0,0.6257213354110718,40
c3_046,3,-89.994476,21.137832641601562,2007.0,0.5280563235282898,40
c3_025,3,-89.947049,21.157235,2007.0,0.677081286907196,40
c3_028,3,-89.976421,21.165858,2007.0,0.6548416614532471,40
c3_036,3,-89.95189666748047,21.162894,2007.0,0.5617268681526184,40
c3_021,3,-90.007141,21.131635665893555,2007.0,0.6859326958656311,40
c3_035,3,-90.000943,21.144569396972656,2007.0,0.6565524339675903,40
c3_037,3,-89.97183990478516,21.162086486816406,2007.0,0.6825162172317505,40
c3_039,3,-89.976691,21.168283462524414,2007.0,0.4618090093135834,40
c3_041,3,-89.973996,21.137563705444336,2007.0,0.5910561680793762,40
c3_034,3,-90.041364,21.1402587890625,2007.0,0.5422027111053467,40
c3_047,3,-90.028698,21.126246,2007.0,0.7580877542495728,40
c3_048,3,-90.030315,21.124359130859375,2007.0,0.706311821937561,40
c3_011,3,-90.035974,21.099299,2007.0,0.7228136658668518,40
c3_001,3,-90.080437,21.100377,2007.0,0.7115931510925293,40
c3_006,3,-89.94677734375,21.202237,2007.0,0.6888832449913025,40
c3_019,3,-89.958367,21.172056198120117,2007.0,0.7606402039527893,40
c3_031,3,-90.00740814208984,21.113042,2007.0,0.6937412023544312,40
c3_010,3,-90.01252746582031,21.114659,2007.0,0.7798847556114197,40
c3_012,3,-90.00768280029297,21.114389419555664,2007.0,0.6809647083282471,40
c3_016,3,-90.045675,21.097951889038086,2007.0,0.5651699900627136,40
c3_043,3,-89.967259,21.189841,2007.0,0.7683104872703552,40
c3_044,3,-90.046214,21.097413,2007.0,0.6991148591041565,40
c3_049,3,-90.016033,21.116006,2007.0,0.6115939617156982,40
c4_001,4,-90.002021,21.168822,2007.0,0.13415907323360443,40
c4_002,4,-90.013878,21.166397094726562,2007.0,0.1528329849243164,40
c4_003,4,-90.040286,21.149421,2007.0,0.6347116231918335,40
c4_004,4,-89.94139099121094,21.181487,2007.0,0.3457682430744171,40
c4_005,4,-89.967529,21.183643341064453,2007.0,0.34499919414520264,40
c4_006,4,-89.943277,21.200620651245117,2007.0,0.5015938878059387,40
c4_007,4,-89.968068,21.171248,2007.0,0.5285450220108032,40
c4_008,4,-90.035705,21.15346336364746,2007.0,0.5199567079544067,40
c4_009,4,-89.967798,21.179332,2007.0,-0.2555197477340698,40
c4_010,4,-89.949205,21.194961,2007.0,-0.06459195911884308,40
c4_011,4,-89.943007,21.202506,2007.0,0.2592209577560425,40
c4_012,4,-89.945163,21.199811,2007.0,-0.1494973599910736,40
c4_013,4,-89.972379,21.174481,2007.0,0.08603889495134354,40
c4_014,4,-90.041633,21.148612,2007.0,0.5075821876525879,40
c4_015,4,-89.960792,21.190380096435547,2007.0,0.11676035821437836,40
c4_016,4,-89.958098,21.184452056884766,2007.0,-0.030031228438019753,40
c4_017,4,-90.074239,21.133790969848633,2007.0,0.6474055051803589,40
c4_018,4,-89.950822,21.1922664642334,2007.0,0.04831264540553093,40
c4_019,4,-89.996901,21.149959564208984,2007.0,0.551307737827301,40
c4_020,4,-89.960523,21.186338424682617,2007.0,-0.0016703375149518251,40
c4_021,4,-89.9465103149414,21.185529708862305,2007.0,-0.033805374056100845,40
c4_022,4,-89.957828,21.185529708862305,2007.0,-0.029041513800621033,40
c4_023,4,-90.035705,21.144301,2007.0,0.4922031760215759,40
c4_024,4,-90.022501,21.156966,2007.0,-0.04915425181388855,40
c4_025,4,-89.981002,21.165319,2007.0,0.32408276200294495,40
c4_026,4,-90.027621,21.162355422973633,2007.0,0.07655143737792969,40
c4_027,4,-89.949475,21.19415283203125,2007.0,-0.41230595111846924,40
c4_028,4,-89.940852,21.201428,2007.0,0.4808911979198456,40
c4_029,4,-89.961601,21.190919,2007.0,0.7169892191886902,40
c4_030,4,-90.041364,21.151576,2007.0,0.8152143955230713,40
c4_031,4,-90.062382,21.153732299804688,2007.0,0.14043134450912476,40
c4_032,4,-89.944085,21.193883,2007.0,-0.20970238745212555,40
c4_033,4,-89.981811,21.164511,2007.0,0.4404970705509186,40
c4_034,4,-89.940313,21.199811,2007.0,-0.005197422578930855,40
c4_035,4,-90.072622,21.132714,2007.0,0.6672821044921875,40
c4_036,4,-89.942738,21.183643341064453,2007.0,0.2337438017129898,40
c4_037,4,-89.9742660522461,21.173673,2007.0,0.5250059962272644,40
c4_038,4,-89.966451,21.182565,2007.0,0.15159371495246887,40
c4_039,4,-90.014147,21.163972,2007.0,-0.1778910756111145,40
c4_040,4,-89.944355,21.201428,2007.0,0.2685167193412781,40
c4_041,4,-90.011183,21.148881912231445,2007.0,0.6302587985992432,40
c4_042,4,-90.071814,21.131635665893555,2007.0,0.5773645639419556,40
c4_043,4,-90.11438751220703,21.11061668395996,2007.0,0.6202524304389954,40
c4_044,4,-89.956481,21.189302444458008,2007.0,0.47212058305740356,40
c4_045,4,-90.036513,21.153732299804688,2007.0,0.3720727264881134,40
c4_046,4,-89.98235321044922,21.169092178344727,2007.0,0.37965303659439087,40
c4_047,4,-89.992859,21.172864,2007.0,0.013181679882109165,40
c4_048,4,-89.948127,21.191457748413086,2007.0,0.21499575674533844,40
c4_049,4,-90.1195068359375,21.108461380004883,2007.0,0.5061196088790894,40
c4_050,4,-90.094718,21.12301254272461,2007.0,0.369404137134552,40
c5_045,5,-90.018998,21.166128158569336,2007.0,0.2963348925113678,40
c5_008,5,-90.034357,21.155618,2007.0,0.3276659846305847,40
c5_010,5,-89.957289,21.163703,2007.0,0.35812824964523315,40
c5_011,5,-90.004985,21.156696319580078,2007.0,0.5499237179756165,40
c5_012,5,-90.066424,21.154809951782227,2007.0,0.2418866753578186,40
c5_014,5,-90.006871,21.155887603759766,2007.0,0.12802451848983765,40
c5_016,5,-90.002829,21.15642738342285,2007.0,0.36495664715766907,40
c5_022,5,-90.044597,21.154809951782227,2007.0,0.1440722644329071,40
c5_024,5,-89.995284,21.15642738342285,2007.0,0.1830219328403473,40
c5_003,5,-90.056993,21.154541015625,2007.0,0.19147467613220215,40
c5_013,5,-90.020614,21.157235,2007.0,0.07075253129005432,40
c5_020,5,-90.027621,21.156966,2007.0,0.0816008672118187,40
c5_025,5,-90.03301239013672,21.15966033935547,2007.0,-0.24052929878234863,40
c5_034,5,-90.012261,21.166397094726562,2007.0,0.14648085832595825,40
c5_040,5,-90.069658,21.154541015625,2007.0,0.11003720760345459,40
c5_041,5,-89.998787,21.156156539916992,2007.0,0.08434533327817917,40
c5_043,5,-90.113042,21.13729476928711,2007.0,0.34607622027397156,40
c5_002,5,-90.042172,21.156156539916992,2007.0,0.08795171976089478,40
c5_004,5,-90.034088,21.156966,2007.0,0.155143603682518,40
c5_001,5,-89.996093,21.155887603759766,2007.0,0.4526714086532593,40
c5_006,5,-90.035435,21.154809951782227,2007.0,0.2351081669330597,40
c5_015,5,-89.942738,21.172864,2007.0,0.46376726031303406,40
c5_018,5,-90.0685806274414,21.152385,2007.0,0.07160163670778275,40
c5_026,5,-89.998248,21.172326,2007.0,0.14501069486141205,40
c5_033,5,-90.01980590820312,21.156966,2007.0,0.4638412296772003,40
c5_036,5,-90.041902,21.15750503540039,2007.0,0.24019277095794678,40
c5_039,5,-90.060496,21.15642738342285,2007.0,0.3977757692337036,40
c5_005,5,-90.041633,21.159929275512695,2007.0,0.3923132121562958,40
c5_009,5,-90.038938,21.154271,2007.0,0.618816614151001,40
c5_019,5,-90.057262,21.155349,2007.0,0.19936899840831757,40
c5_021,5,-90.089598,21.148073196411133,2007.0,0.14491009712219238,40
c5_030,5,-90.071814,21.151845932006836,2007.0,0.16605250537395477,40
c5_031,5,-90.003099,21.155618,2007.0,0.3430699110031128,40
c5_035,5,-90.095527,21.151845932006836,2007.0,0.23549491167068481,40
c5_037,5,-89.996632,21.160469,2007.0,0.6044360995292664,40
c5_023,5,-89.978038,21.180139541625977,2007.0,0.25968194007873535,40
c5_017,5,-90.040555,21.145917892456055,2007.0,0.327618807554245,40
c5_027,5,-90.08879089355469,21.150768280029297,2007.0,0.540923535823822,40
c5_047,5,-90.001213,21.154541015625,2007.0,0.6518779397010803,40
c5_048,5,-90.028429,21.156696319580078,2007.0,0.46088123321533203,40
c5_029,5,-90.090407,21.149421,2007.0,0.19801409542560577,40
c5_032,5,-90.079359,21.150768280029297,2007.0,0.16702114045619965,40
c5_038,5,-90.04082489013672,21.156966,2007.0,0.38130587339401245,40
c5_046,5,-90.067233,21.152114868164062,2007.0,0.1572277694940567,40
c5_028,5,-90.095527,21.150499,2007.0,0.5351117849349976,40
c5_044,5,-89.973188,21.183374404907227,2007.0,0.303915411233902,40
c5_042,5,-90.08124542236328,21.149421,2007.0,0.3042871952056885,40
c5_007,5,-90.021962,21.143491744995117,2007.0,0.39425423741340637,40
c10_001,3,-90.028968,21.158313,2007.0,0.0021936162374913692,40
c10_005,3,-89.954594,21.163972,2007.0,0.4160725474357605,40
c10_002,3,-90.033549,21.15858268737793,2007.0,-0.18718405067920685,40
c10_003,3,-90.030046,21.158044,2007.0,-0.024815989658236504,40
c10_004,3,-90.029507,21.157773971557617,2007.0,0.011440935544669628,40
c10_006,3,-90.03301239013672,21.159122467041016,2007.0,-0.17658309638500214,40
c10_007,3,-90.03301239013672,21.158044,2007.0,-0.10091006755828857,40
c10_009,3,-90.032741,21.15858268737793,2007.0,-0.13183173537254333,40
c10_010,3,-90.030585,21.158044,2007.0,-0.018596449866890907,40
c10_008,3,-89.95405578613281,21.163972,2007.0,0.3526126742362976,40
c1_051,1,-90.064538,21.118162155151367,2007.0,0.6645747423171997,40
c1_052,1,-90.05322265625,21.112234115600586,2007.0,0.6956484317779541,40
c1_053,1,-90.068041,21.142953,2007.0,0.6141016483306885,40
c1_054,1,-90.00040435791016,21.124359130859375,2007.0,0.5739697813987732,40
c1_055,1,-90.049178,21.1402587890625,2007.0,0.6372922658920288,40
c2_051,2,-90.111695,21.123821258544922,2007.0,0.5720700025558472,40
c2_052,2,-90.02277374267578,21.139720916748047,2007.0,0.6281602382659912,40
c2_053,2,-89.941929,21.138911,2007.0,0.7844195365905762,40
c2_054,2,-89.950013,21.130019,2007.0,0.7518189549446106,40
c2_055,2,-90.106306,21.128941,2007.0,0.5244138240814209,40
c3_062,3,-90.086634,21.149690628051758,2007.0,0.003207789734005928,40
c3_051,3,-90.010914,21.144301,2007.0,0.7704380750656128,40
c3_055,3,-90.079359,21.150499,2007.0,0.20547010004520416,40
c3_058,3,-90.000943,21.171248,2007.0,0.21798554062843323,40
c3_052,3,-90.094179,21.114929,2007.0,0.677992582321167,40
c3_059,3,-90.039208,21.1402587890625,2007.0,0.7066171169281006,40
c3_053,3,-90.013608,21.152114868164062,2007.0,0.7780033349990845,40
c3_060,3,-89.958906,21.12489891052246,2007.0,0.83563631772995,40
c3_057,3,-90.058071,21.159929275512695,2007.0,0.567035436630249,40
c3_061,3,-89.973457,21.138911,2007.0,0.6569166779518127,40
c3_064,3,-89.989625,21.149959564208984,2007.0,0.6364961266517639,40
c3_063,3,-90.030046,21.125707,2007.0,0.7315638661384583,40
c3_065,3,-89.972379,21.162086486816406,2007.0,0.747918963432312,40
c3_054,3,-90.029237,21.101455,2007.0,0.6222919821739197,40
c3_056,3,-90.008758,21.114120483398438,2007.0,0.6771490573883057,40
c4_051,4,-89.958906,21.191997,2007.0,0.23028437793254852,40
c4_052,4,-89.957828,21.178254,2007.0,0.009366827085614204,40
c4_053,4,-89.994476,21.172864,2007.0,0.16386613249778748,40
c4_054,4,-89.994745,21.168822,2007.0,0.06433604657649994,40
c4_055,4,-90.0025634765625,21.169631,2007.0,0.04381316155195236,40
c1_001,1,-90.056184,21.12301254272461,2008.0,0.7408171892166138,42
c1_002,1,-89.984506,21.126246,2008.0,0.7645212411880493,42
c1_003,1,-90.070197,21.140798,2008.0,0.7832038402557373,42
c1_004,1,-90.057801,21.145648,2008.0,0.7417506575584412,42
c1_005,1,-90.024926,21.145379,2008.0,0.5818625688552856,42
c1_006,1,-89.979386,21.130288,2008.0,0.7173131704330444,42
c1_007,1,-90.08636474609375,21.137025,2008.0,0.668053925037384,42
c1_008,1,-89.952169,21.14322280883789,2008.0,0.7209270000457764,42
c1_009,1,-90.055106,21.138911,2008.0,0.5245325565338135,42
c1_010,1,-89.945702,21.14322280883789,2008.0,0.7223759293556213,42
c1_011,1,-89.958098,21.149151,2008.0,0.7456016540527344,42
c1_012,1,-90.036783,21.117354,2008.0,0.8120952248573303,42
c1_013,1,-90.113042,21.085018157958984,2008.0,0.8148415684700012,42
c1_014,1,-89.944085,21.154002,2008.0,0.8047509789466858,42
c1_015,1,-90.065885,21.113581,2008.0,0.6023344397544861,42
c1_016,1,-90.064538,21.121126174926758,2008.0,0.6401847004890442,42
c1_017,1,-90.01280212402344,21.122474,2008.0,0.7113400101661682,42
c1_018,1,-90.013608,21.150499,2008.0,0.7693538069725037,42
c1_019,1,-90.075856,21.141876220703125,2008.0,0.8227168917655945,42
c1_020,1,-90.063729,21.119510650634766,2008.0,0.6515735983848572,42
c1_021,1,-90.112234,21.128671646118164,2008.0,0.552584171295166,42
c1_022,1,-89.970224,21.131635665893555,2008.0,0.6541048288345337,42
c1_023,1,-90.049448,21.111425399780273,2008.0,0.6745278835296631,42
c1_024,1,-90.076933,21.135408401489258,2008.0,0.7961152791976929,42
c1_025,1,-90.09391021728516,21.143762,2008.0,0.8268005847930908,42
c1_026,1,-89.940852,21.145917892456055,2008.0,0.7996341586112976,42
c1_027,1,-89.945163,21.154002,2008.0,0.808856725692749,42
c1_028,1,-90.098491,21.127324,2008.0,0.7287492156028748,42
c1_029,1,-90.003368,21.149421,2008.0,0.5392138361930847,42
c1_030,1,-89.972918,21.124629,2008.0,0.7761587500572205,42
c1_031,1,-90.003907,21.124359130859375,2008.0,0.735552966594696,42
c1_032,1,-90.066694,21.0987606048584,2008.0,0.7501097321510315,42
c1_033,1,-89.994745,21.123552322387695,2008.0,0.6943209171295166,42
c1_034,1,-90.08879089355469,21.142953,2008.0,0.7524468302726746,42
c1_035,1,-90.063191,21.110887,2008.0,0.6565092206001282,42
c1_036,1,-89.960523,21.137563705444336,2008.0,0.764223039150238,42
c1_037,1,-90.094179,21.093371,2008.0,0.7805196046829224,42
c1_038,1,-90.0025634765625,21.122743,2008.0,0.70512855052948,42
c1_039,1,-90.051334,21.132714,2008.0,0.6198269724845886,42
c1_040,1,-90.066694,21.13837242126465,2008.0,0.7031198143959045,42
c1_041,1,-90.116815,21.0882511138916,2008.0,0.758047342300415,42
c1_042,1,-90.057801,21.148612,2008.0,0.7123657464981079,42
c1_043,1,-90.080706,21.141876220703125,2008.0,0.6221024394035339,42
c1_044,1,-89.947319,21.188493728637695,2008.0,0.6899101138114929,42
c1_045,1,-89.981811,21.124091,2008.0,0.7677980661392212,42
c1_046,1,-90.058879,21.128671646118164,2008.0,0.609806478023529,42
c1_047,1,-90.075317,21.10361099243164,2008.0,0.7731238007545471,42
c1_048,1,-90.003638,21.150768280029297,2008.0,0.6089807748794556,42
c1_049,1,-90.026543,21.122743,2008.0,0.7919735312461853,42
c1_050,1,-90.108731,21.117623,2008.0,0.7634530663490295,42
c2_001,2,-89.960253,21.154002,2008.0,0.5970901250839233,42
c2_002,2,-90.117623,21.133522033691406,2008.0,0.5596471428871155,42
c2_003,2,-90.07881927490234,21.09229278564453,2008.0,0.731465756893158,42
c2_004,2,-89.978847,21.15022850036621,2008.0,0.6611881852149963,42
c2_005,2,-90.089329,21.09364128112793,2008.0,0.8090118765830994,42
c2_006,2,-90.11412048339844,21.100377,2008.0,0.6536175012588501,42
c2_007,2,-90.106036,21.131635665893555,2008.0,0.7374827265739441,42
c2_008,2,-90.001213,21.145379,2008.0,0.693369448184967,42
c2_009,2,-89.963217,21.183913,2008.0,0.6986445188522339,42
c2_010,2,-90.10226440429688,21.144301,2008.0,0.692339301109314,42
c2_011,2,-89.958636,21.125438,2008.0,0.7903844118118286,42
c2_012,2,-90.097413,21.149959564208984,2008.0,0.8047497272491455,42
c2_013,2,-90.100647,21.106845,2008.0,0.6691659688949585,42
c2_014,2,-90.04594421386719,21.111156463623047,2008.0,0.5991203784942627,42
c2_015,2,-90.068849,21.102802276611328,2008.0,0.8513526320457458,42
c2_016,2,-90.118162,21.135947,2008.0,0.5593562722206116,42
c2_017,2,-89.96214294433594,21.120587,2008.0,0.7928277254104614,42
c2_018,2,-89.981541,21.148343,2008.0,0.5498540997505188,42
c2_019,2,-90.041364,21.101186,2008.0,0.7381960153579712,42
c2_020,2,-90.082592,21.10064697265625,2008.0,0.8199759125709534,42
c2_021,2,-89.945163,21.161008,2008.0,0.6754052042961121,42
c2_022,2,-90.01280212402344,21.118162155151367,2008.0,0.7487496733665466,42
c2_023,2,-89.94165802001953,21.17879295349121,2008.0,0.5619115233421326,42
c2_024,2,-89.940043,21.179332,2008.0,0.5928500294685364,42
c2_025,2,-89.942199,21.169092178344727,2008.0,0.6415945887565613,42
c2_026,2,-90.04837036132812,21.15858268737793,2008.0,0.608718752861023,42
c2_027,2,-90.018189,21.155078887939453,2008.0,0.6985052824020386,42
c2_028,2,-90.018998,21.118701,2008.0,0.6327754855155945,42
c2_029,2,-89.960253,21.166936,2008.0,0.8408132195472717,42
c2_030,2,-90.08636474609375,21.13918113708496,2008.0,0.7027890086174011,42
c2_031,2,-90.006871,21.167745,2008.0,0.43891575932502747,42
c2_032,2,-89.9599838256836,21.15750503540039,2008.0,0.525043249130249,42
c2_033,2,-90.052412,21.115737,2008.0,0.7203920483589172,42
c2_034,2,-90.075586,21.099569,2008.0,0.7261972427368164,42
c2_035,2,-90.108731,21.095796,2008.0,0.6851675510406494,42
c2_036,2,-90.026543,21.155078887939453,2008.0,0.7959583401679993,42
c2_037,2,-90.006871,21.131097,2008.0,0.6955769062042236,42
c2_038,2,-90.080167,21.099838256835938,2008.0,0.7843964099884033,42
c2_039,2,-89.947588,21.136486053466797,2008.0,0.7783357501029968,42
c2_040,2,-90.061304,21.10468864440918,2008.0,0.7704113721847534,42
c2_041,2,-90.075856,21.134868621826172,2008.0,0.772205650806427,42
c2_042,2,-89.99959564208984,21.12004852294922,2008.0,0.7069900631904602,42
c2_043,2,-90.101725,21.08043670654297,2008.0,0.7844604253768921,42
c2_044,2,-90.026004,21.113851,2008.0,0.7908515930175781,42
c2_045,2,-90.118162,21.129209518432617,2008.0,0.7708479166030884,42
c2_046,2,-89.94139099121094,21.172056198120117,2008.0,0.8017770648002625,42
c2_047,2,-89.969685,21.1402587890625,2008.0,0.7914332151412964,42
c2_048,2,-90.1038818359375,21.095527,2008.0,0.6637623906135559,42
c2_049,2,-89.99231719970703,21.149690628051758,2008.0,0.6565849184989929,42
c2_050,2,-89.950822,21.121396,2008.0,0.7580551505088806,42
c3_045,3,-89.992859,21.161815643310547,2008.0,0.012268325313925743,42
c3_003,3,-90.034357,21.15858268737793,2008.0,-0.22963513433933258,42
c3_026,3,-89.986931,21.149959564208984,2008.0,0.8078006505966187,42
c3_008,3,-90.084209,21.151576,2008.0,0.28240567445755005,42
c3_017,3,-89.970493,21.159929275512695,2008.0,0.5392177700996399,42
c3_004,3,-89.982619,21.180679,2008.0,0.25632405281066895,42
c3_040,3,-89.9742660522461,21.185529708862305,2008.0,0.7875059843063354,42
c3_024,3,-89.97722625732422,21.183913,2008.0,0.5542004108428955,42
c3_013,3,-89.995823,21.13837242126465,2008.0,0.7870199680328369,42
c3_018,3,-90.062113,21.107114,2008.0,0.8683532476425171,42
c3_007,3,-90.088521,21.146995,2008.0,0.35933008790016174,42
c3_014,3,-89.951361,21.199003219604492,2008.0,-0.028640348464250565,42
c3_042,3,-89.950283,21.199003219604492,2008.0,0.23732075095176697,42
c3_029,3,-90.000135,21.137563705444336,2008.0,0.7141526937484741,42
c3_005,3,-90.003638,21.111964,2008.0,0.7443439960479736,42
c3_022,3,-90.005524,21.112503051757812,2008.0,0.6974849700927734,42
c3_002,3,-89.953786,21.197656,2008.0,0.5475957989692688,42
c3_015,3,-89.940852,21.162086486816406,2008.0,0.624308168888092,42
c3_020,3,-90.016842,21.116006,2008.0,0.7524621486663818,42
c3_027,3,-89.982619,21.149421,2008.0,0.501121997833252,42
c3_030,3,-89.942738,21.1674747467041,2008.0,0.622522234916687,42
c3_050,3,-89.941929,21.168553,2008.0,0.5138672590255737,42
c3_009,3,-89.986392,21.149959564208984,2008.0,0.805513858795166,42
c3_033,3,-90.039208,21.102802276611328,2008.0,0.7247107625007629,42
c3_038,3,-89.976152,21.169361114501953,2008.0,0.6167065501213074,42
c3_023,3,-89.97183990478516,21.169361114501953,2008.0,0.6176856756210327,42
c3_032,3,-90.00040435791016,21.138642,2008.0,0.5856901407241821,42
c3_046,3,-89.994476,21.137832641601562,2008.0,0.5520394444465637,42
c3_025,3,-89.947049,21.157235,2008.0,0.679542601108551,42
c3_028,3,-89.976421,21.165858,2008.0,0.7152939438819885,42
c3_036,3,-89.95189666748047,21.162894,2008.0,0.6127287149429321,42
c3_021,3,-90.007141,21.131635665893555,2008.0,0.7092165946960449,42
c3_035,3,-90.000943,21.144569396972656,2008.0,0.7124752998352051,42
c3_037,3,-89.97183990478516,21.162086486816406,2008.0,0.7100525498390198,42
c3_039,3,-89.976691,21.168283462524414,2008.0,0.6209184527397156,42
c3_041,3,-89.973996,21.137563705444336,2008.0,0.6415751576423645,42
c3_034,3,-90.041364,21.1402587890625,2008.0,0.6219480037689209,42
c3_047,3,-90.028698,21.126246,2008.0,0.7816354036331177,42
c3_048,3,-90.030315,21.124359130859375,2008.0,0.7378214597702026,42
c3_011,3,-90.035974,21.099299,2008.0,0.7249495983123779,42
c3_001,3,-90.080437,21.100377,2008.0,0.7811343669891357,42
c3_006,3,-89.94677734375,21.202237,2008.0,0.7294596433639526,42
c3_019,3,-89.958367,21.172056198120117,2008.0,0.846629798412323,42
c3_031,3,-90.00740814208984,21.113042,2008.0,0.7615688443183899,42
c3_010,3,-90.01252746582031,21.114659,2008.0,0.7463471293449402,42
c3_012,3,-90.00768280029297,21.114389419555664,2008.0,0.693860650062561,42
c3_016,3,-90.045675,21.097951889038086,2008.0,0.6345112919807434,42
c3_043,3,-89.967259,21.189841,2008.0,0.8136361837387085,42
c3_044,3,-90.046214,21.097413,2008.0,0.7256826758384705,42
c3_049,3,-90.016033,21.116006,2008.0,0.7459850907325745,42
c4_001,4,-90.002021,21.168822,2008.0,0.19299741089344025,42
c4_002,4,-90.013878,21.166397094726562,2008.0,0.19711686670780182,42
c4_003,4,-90.040286,21.149421,2008.0,0.7237685322761536,42
c4_004,4,-89.94139099121094,21.181487,2008.0,0.5019921064376831,42
c4_005,4,-89.967529,21.183643341064453,2008.0,0.4952179491519928,42
c4_006,4,-89.943277,21.200620651245117,2008.0,0.6089745163917542,42
c4_007,4,-89.968068,21.171248,2008.0,0.5195300579071045,42
c4_008,4,-90.035705,21.15346336364746,2008.0,0.5691136717796326,42
c4_009,4,-89.967798,21.179332,2008.0,-0.16831578314304352,42
c4_010,4,-89.949205,21.194961,2008.0,-0.06253185123205185,42
c4_011,4,-89.943007,21.202506,2008.0,0.2046852856874466,42
c4_012,4,-89.945163,21.199811,2008.0,-0.08090207725763321,42
c4_013,4,-89.972379,21.174481,2008.0,0.15364155173301697,42
c4_014,4,-90.041633,21.148612,2008.0,0.4294191002845764,42
c4_015,4,-89.960792,21.190380096435547,2008.0,0.1696152687072754,42
c4_016,4,-89.958098,21.184452056884766,2008.0,0.15024448931217194,42
c4_017,4,-90.074239,21.133790969848633,2008.0,0.6790130138397217,42
c4_018,4,-89.950822,21.1922664642334,2008.0,0.10332509875297546,42
c4_019,4,-89.996901,21.149959564208984,2008.0,0.585837185382843,42
c4_020,4,-89.960523,21.186338424682617,2008.0,0.09637095779180527,42
c4_021,4,-89.9465103149414,21.185529708862305,2008.0,-0.17351093888282776,42
c4_022,4,-89.957828,21.185529708862305,2008.0,0.22634471952915192,42
c4_023,4,-90.035705,21.144301,2008.0,0.4934171140193939,42
c4_024,4,-90.022501,21.156966,2008.0,0.07899227738380432,42
c4_025,4,-89.981002,21.165319,2008.0,0.40470772981643677,42
c4_026,4,-90.027621,21.162355422973633,2008.0,0.08977660536766052,42
c4_027,4,-89.949475,21.19415283203125,2008.0,-0.20194163918495178,42
c4_028,4,-89.940852,21.201428,2008.0,0.4949251115322113,42
c4_029,4,-89.961601,21.190919,2008.0,0.7367746829986572,42
c4_030,4,-90.041364,21.151576,2008.0,0.8436951637268066,42
c4_031,4,-90.062382,21.153732299804688,2008.0,0.19693094491958618,42
c4_032,4,-89.944085,21.193883,2008.0,-0.05445849895477295,42
c4_033,4,-89.981811,21.164511,2008.0,0.6003716588020325,42
c4_034,4,-89.940313,21.199811,2008.0,0.1316462755203247,42
c4_035,4,-90.072622,21.132714,2008.0,0.6592232584953308,42
c4_036,4,-89.942738,21.183643341064453,2008.0,0.3109872341156006,42
c4_037,4,-89.9742660522461,21.173673,2008.0,0.6188781261444092,42
c4_038,4,-89.966451,21.182565,2008.0,0.07769574970006943,42
c4_039,4,-90.014147,21.163972,2008.0,-0.23405686020851135,42
c4_040,4,-89.944355,21.201428,2008.0,0.29650864005088806,42
c4_041,4,-90.011183,21.148881912231445,2008.0,0.5955287218093872,42
c4_042,4,-90.071814,21.131635665893555,2008.0,0.6283574104309082,42
c4_043,4,-90.11438751220703,21.11061668395996,2008.0,0.6484944820404053,42
c4_044,4,-89.956481,21.189302444458008,2008.0,0.6227529048919678,42
c4_045,4,-90.036513,21.153732299804688,2008.0,0.40239086747169495,42
c4_046,4,-89.98235321044922,21.169092178344727,2008.0,0.28794920444488525,42
c4_047,4,-89.992859,21.172864,2008.0,-0.024293718859553337,42
c4_048,4,-89.948127,21.191457748413086,2008.0,0.28225287795066833,42
c4_049,4,-90.1195068359375,21.108461380004883,2008.0,0.5398493409156799,42
c4_050,4,-90.094718,21.12301254272461,2008.0,0.460719496011734,42
c5_045,5,-90.018998,21.166128158569336,2008.0,0.3213720917701721,42
c5_008,5,-90.034357,21.155618,2008.0,0.3900529742240906,42
c5_010,5,-89.957289,21.163703,2008.0,0.5141965746879578,42
c5_011,5,-90.004985,21.156696319580078,2008.0,0.5450899004936218,42
c5_012,5,-90.066424,21.154809951782227,2008.0,0.3497566878795624,42
c5_014,5,-90.006871,21.155887603759766,2008.0,0.1829448938369751,42
c5_016,5,-90.002829,21.15642738342285,2008.0,0.32967451214790344,42
c5_022,5,-90.044597,21.154809951782227,2008.0,0.29594144225120544,42
c5_024,5,-89.995284,21.15642738342285,2008.0,0.2943960428237915,42
c5_003,5,-90.056993,21.154541015625,2008.0,0.34120145440101624,42
c5_013,5,-90.020614,21.157235,2008.0,0.12884147465229034,42
c5_020,5,-90.027621,21.156966,2008.0,0.1628998965024948,42
c5_025,5,-90.03301239013672,21.15966033935547,2008.0,-0.24778442084789276,42
c5_034,5,-90.012261,21.166397094726562,2008.0,0.2395121157169342,42
c5_040,5,-90.069658,21.154541015625,2008.0,0.25943616032600403,42
c5_041,5,-89.998787,21.156156539916992,2008.0,0.10128681361675262,42
c5_043,5,-90.113042,21.13729476928711,2008.0,0.5144721865653992,42
c5_002,5,-90.042172,21.156156539916992,2008.0,0.10617756843566895,42
c5_004,5,-90.034088,21.156966,2008.0,0.24118438363075256,42
c5_001,5,-89.996093,21.155887603759766,2008.0,0.6224759817123413,42
c5_006,5,-90.035435,21.154809951782227,2008.0,0.3505786657333374,42
c5_015,5,-89.942738,21.172864,2008.0,0.49623629450798035,42
c5_018,5,-90.0685806274414,21.152385,2008.0,0.19810619950294495,42
c5_026,5,-89.998248,21.172326,2008.0,0.14082923531532288,42
c5_033,5,-90.01980590820312,21.156966,2008.0,0.46147337555885315,42
c5_036,5,-90.041902,21.15750503540039,2008.0,0.3662583827972412,42
c5_039,5,-90.060496,21.15642738342285,2008.0,0.4319220185279846,42
c5_005,5,-90.041633,21.159929275512695,2008.0,0.44770729541778564,42
c5_009,5,-90.038938,21.154271,2008.0,0.70977783203125,42
c5_019,5,-90.057262,21.155349,2008.0,0.24565629661083221,42
c5_021,5,-90.089598,21.148073196411133,2008.0,0.159188911318779,42
c5_030,5,-90.071814,21.151845932006836,2008.0,0.2304210066795349,42
c5_031,5,-90.003099,21.155618,2008.0,0.2869178354740143,42
c5_035,5,-90.095527,21.151845932006836,2008.0,0.48279252648353577,42
c5_037,5,-89.996632,21.160469,2008.0,0.7479089498519897,42
c5_023,5,-89.978038,21.180139541625977,2008.0,0.37063637375831604,42
c5_017,5,-90.040555,21.145917892456055,2008.0,0.432779997587204,42
c5_027,5,-90.08879089355469,21.150768280029297,2008.0,0.5549353957176208,42
c5_047,5,-90.001213,21.154541015625,2008.0,0.6792335510253906,42
c5_048,5,-90.028429,21.156696319580078,2008.0,0.562491238117218,42
c5_029,5,-90.090407,21.149421,2008.0,0.33396115899086,42
c5_032,5,-90.079359,21.150768280029297,2008.0,0.23905986547470093,42
c5_038,5,-90.04082489013672,21.156966,2008.0,0.49522337317466736,42
c5_046,5,-90.067233,21.152114868164062,2008.0,0.3529708981513977,42
c5_028,5,-90.095527,21.150499,2008.0,0.4781966805458069,42
c5_044,5,-89.973188,21.183374404907227,2008.0,0.3271251618862152,42
c5_042,5,-90.08124542236328,21.149421,2008.0,0.2736104130744934,42
c5_007,5,-90.021962,21.143491744995117,2008.0,0.38041236996650696,42
c10_001,3,-90.028968,21.158313,2008.0,-0.19912397861480713,42
c10_005,3,-89.954594,21.163972,2008.0,0.5114323496818542,42
c10_002,3,-90.033549,21.15858268737793,2008.0,-0.2623779773712158,42
c10_003,3,-90.030046,21.158044,2008.0,-0.021567704156041145,42
c10_004,3,-90.029507,21.157773971557617,2008.0,0.038359981030225754,42
c10_006,3,-90.03301239013672,21.159122467041016,2008.0,-0.18582789599895477,42
c10_007,3,-90.03301239013672,21.158044,2008.0,-0.17178446054458618,42
c10_009,3,-90.032741,21.15858268737793,2008.0,-0.15638868510723114,42
c10_010,3,-90.030585,21.158044,2008.0,-0.1182190403342247,42
c10_008,3,-89.95405578613281,21.163972,2008.0,0.4480338990688324,42
c1_051,1,-90.064538,21.118162155151367,2008.0,0.6269678473472595,42
c1_052,1,-90.05322265625,21.112234115600586,2008.0,0.7277762293815613,42
c1_053,1,-90.068041,21.142953,2008.0,0.7410520315170288,42
c1_054,1,-90.00040435791016,21.124359130859375,2008.0,0.7080677151679993,42
c1_055,1,-90.049178,21.1402587890625,2008.0,0.6612392663955688,42
c2_051,2,-90.111695,21.123821258544922,2008.0,0.5216614007949829,42
c2_052,2,-90.02277374267578,21.139720916748047,2008.0,0.6745482683181763,42
c2_053,2,-89.941929,21.138911,2008.0,0.8058614134788513,42
c2_054,2,-89.950013,21.130019,2008.0,0.823344349861145,42
c2_055,2,-90.106306,21.128941,2008.0,0.6100972890853882,42
c3_062,3,-90.086634,21.149690628051758,2008.0,0.10263784229755402,42
c3_051,3,-90.010914,21.144301,2008.0,0.7321884632110596,42
c3_055,3,-90.079359,21.150499,2008.0,0.24593786895275116,42
c3_058,3,-90.000943,21.171248,2008.0,0.2906404137611389,42
c3_052,3,-90.094179,21.114929,2008.0,0.6636420488357544,42
c3_059,3,-90.039208,21.1402587890625,2008.0,0.7401476502418518,42
c3_053,3,-90.013608,21.152114868164062,2008.0,0.7777694463729858,42
c3_060,3,-89.958906,21.12489891052246,2008.0,0.8620589375495911,42
c3_057,3,-90.058071,21.159929275512695,2008.0,0.6342453956604004,42
c3_061,3,-89.973457,21.138911,2008.0,0.7457524538040161,42
c3_064,3,-89.989625,21.149959564208984,2008.0,0.6824316382408142,42
c3_063,3,-90.030046,21.125707,2008.0,0.7578623294830322,42
c3_065,3,-89.972379,21.162086486816406,2008.0,0.7536565661430359,42
c3_054,3,-90.029237,21.101455,2008.0,0.7455111742019653,42
c3_056,3,-90.008758,21.114120483398438,2008.0,0.7364039421081543,42
c4_051,4,-89.958906,21.191997,2008.0,0.20539456605911255,42
c4_052,4,-89.957828,21.178254,2008.0,0.1293460726737976,42
c4_053,4,-89.994476,21.172864,2008.0,0.11183205246925354,42
c4_054,4,-89.994745,21.168822,2008.0,-0.1688116490840912,42
c4_055,4,-90.0025634765625,21.169631,2008.0,0.06654825806617737,42
c1_001,1,-90.056184,21.12301254272461,2009.0,0.5990636348724365,47
c1_002,1,-89.984506,21.126246,2009.0,0.7102222442626953,47
c1_003,1,-90.070197,21.140798,2009.0,0.6348695755004883,47
c1_004,1,-90.057801,21.145648,2009.0,0.6864505410194397,47
c1_005,1,-90.024926,21.145379,2009.0,0.5318539142608643,47
c1_006,1,-89.979386,21.130288,2009.0,0.6304129362106323,47
c1_007,1,-90.08636474609375,21.137025,2009.0,0.3042560815811157,47
c1_008,1,-89.952169,21.14322280883789,2009.0,0.64304518699646,47
c1_009,1,-90.055106,21.138911,2009.0,0.48486846685409546,47
c1_010,1,-89.945702,21.14322280883789,2009.0,0.6240038275718689,47
c1_011,1,-89.958098,21.149151,2009.0,0.7416070103645325,47
c1_012,1,-90.036783,21.117354,2009.0,0.7538161277770996,47
c1_013,1,-90.113042,21.085018157958984,2009.0,0.7702623605728149,47
c1_014,1,-89.944085,21.154002,2009.0,0.7745876908302307,47
c1_015,1,-90.065885,21.113581,2009.0,0.5123404264450073,47
c1_016,1,-90.064538,21.121126174926758,2009.0,0.49440431594848633,47
c1_017,1,-90.01280212402344,21.122474,2009.0,0.6409841775894165,47
c1_018,1,-90.013608,21.150499,2009.0,0.738243579864502,47
c1_019,1,-90.075856,21.141876220703125,2009.0,0.737457275390625,47
c1_020,1,-90.063729,21.119510650634766,2009.0,0.5337755680084229,47
c1_021,1,-90.112234,21.128671646118164,2009.0,0.22251108288764954,47
c1_022,1,-89.970224,21.131635665893555,2009.0,0.5412982702255249,47
c1_023,1,-90.049448,21.111425399780273,2009.0,0.6089685559272766,47
c1_024,1,-90.076933,21.135408401489258,2009.0,0.7049773335456848,47
c1_025,1,-90.09391021728516,21.143762,2009.0,0.7750094532966614,47
c1_026,1,-89.940852,21.145917892456055,2009.0,0.72088623046875,47
c1_027,1,-89.945163,21.154002,2009.0,0.7088577151298523,47
c1_028,1,-90.098491,21.127324,2009.0,0.624478280544281,47
c1_029,1,-90.003368,21.149421,2009.0,0.4264562726020813,47
c1_030,1,-89.972918,21.124629,2009.0,0.7238470315933228,47
c1_031,1,-90.003907,21.124359130859375,2009.0,0.5992217659950256,47
c1_032,1,-90.066694,21.0987606048584,2009.0,0.6737702488899231,47
c1_033,1,-89.994745,21.123552322387695,2009.0,0.5658352375030518,47
c1_034,1,-90.08879089355469,21.142953,2009.0,0.60101717710495,47
c1_035,1,-90.063191,21.110887,2009.0,0.4756562113761902,47
c1_036,1,-89.960523,21.137563705444336,2009.0,0.6752992868423462,47
c1_037,1,-90.094179,21.093371,2009.0,0.7037280797958374,47
c1_038,1,-90.0025634765625,21.122743,2009.0,0.5285447239875793,47
c1_039,1,-90.051334,21.132714,2009.0,0.4828004539012909,47
c1_040,1,-90.066694,21.13837242126465,2009.0,0.5563481450080872,47
c1_041,1,-90.116815,21.0882511138916,2009.0,0.686569333076477,47
c1_042,1,-90.057801,21.148612,2009.0,0.5878847241401672,47
c1_043,1,-90.080706,21.141876220703125,2009.0,0.5210726857185364,47
c1_044,1,-89.947319,21.188493728637695,2009.0,0.6468440294265747,47
c1_045,1,-89.981811,21.124091,2009.0,0.7135326266288757,47
c1_046,1,-90.058879,21.128671646118164,2009.0,0.40741315484046936,47
c1_047,1,-90.075317,21.10361099243164,2009.0,0.745079517364502,47
c1_048,1,-90.003638,21.150768280029297,2009.0,0.47052842378616333,47
c1_049,1,-90.026543,21.122743,2009.0,0.6287994384765625,47
c1_050,1,-90.108731,21.117623,2009.0,0.7514595985412598,47
c2_001,2,-89.960253,21.154002,2009.0,0.6018943786621094,47
c2_002,2,-90.117623,21.133522033691406,2009.0,0.23626966774463654,47
c2_003,2,-90.07881927490234,21.09229278564453,2009.0,0.7140931487083435,47
c2_004,2,-89.978847,21.15022850036621,2009.0,0.6107169389724731,47
c2_005,2,-90.089329,21.09364128112793,2009.0,0.754468560218811,47
c2_006,2,-90.11412048339844,21.100377,2009.0,0.6343235373497009,47
c2_007,2,-90.106036,21.131635665893555,2009.0,0.41778552532196045,47
c2_008,2,-90.001213,21.145379,2009.0,0.659315824508667,47
c2_009,2,-89.963217,21.183913,2009.0,0.6570209264755249,47
c2_010,2,-90.10226440429688,21.144301,2009.0,0.3979405462741852,47
c2_011,2,-89.958636,21.125438,2009.0,0.7062768936157227,47
c2_012,2,-90.097413,21.149959564208984,2009.0,0.6737916469573975,47
c2_013,2,-90.100647,21.106845,2009.0,0.6252960562705994,47
c2_014,2,-90.04594421386719,21.111156463623047,2009.0,0.4686911106109619,47
c2_015,2,-90.068849,21.102802276611328,2009.0,0.8109861612319946,47
c2_016,2,-90.118162,21.135947,2009.0,0.20407576858997345,47
c2_017,2,-89.96214294433594,21.120587,2009.0,0.6951901316642761,47
c2_018,2,-89.981541,21.148343,2009.0,0.45160889625549316,47
c2_019,2,-90.041364,21.101186,2009.0,0.6265076398849487,47
c2_020,2,-90.082592,21.10064697265625,2009.0,0.7061169147491455,47
c2_021,2,-89.945163,21.161008,2009.0,0.5714411735534668,47
c2_022,2,-90.01280212402344,21.118162155151367,2009.0,0.6633380651473999,47
c2_023,2,-89.94165802001953,21.17879295349121,2009.0,0.5036238431930542,47
c2_024,2,-89.940043,21.179332,2009.0,0.5013682246208191,47
c2_025,2,-89.942199,21.169092178344727,2009.0,0.6019958853721619,47
c2_026,2,-90.04837036132812,21.15858268737793,2009.0,0.42353585362434387,47
c2_027,2,-90.018189,21.155078887939453,2009.0,0.6548475027084351,47
c2_028,2,-90.018998,21.118701,2009.0,0.5128693580627441,47
c2_029,2,-89.960253,21.166936,2009.0,0.844485878944397,47
c2_030,2,-90.08636474609375,21.13918113708496,2009.0,0.392667680978775,47
c2_031,2,-90.006871,21.167745,2009.0,0.41350215673446655,47
c2_032,2,-89.9599838256836,21.15750503540039,2009.0,0.5103892683982849,47
c2_033,2,-90.052412,21.115737,2009.0,0.7246472835540771,47
c2_034,2,-90.075586,21.099569,2009.0,0.6416268944740295,47
c2_035,2,-90.108731,21.095796,2009.0,0.5211113095283508,47
c2_036,2,-90.026543,21.155078887939453,2009.0,0.7816636562347412,47
c2_037,2,-90.006871,21.131097,2009.0,0.6534329652786255,47
c2_038,2,-90.080167,21.099838256835938,2009.0,0.7474181652069092,47
c2_039,2,-89.947588,21.136486053466797,2009.0,0.6694355607032776,47
c2_040,2,-90.061304,21.10468864440918,2009.0,0.7107161283493042,47
c2_041,2,-90.075856,21.134868621826172,2009.0,0.7120934128761292,47
c2_042,2,-89.99959564208984,21.12004852294922,2009.0,0.5776403546333313,47
c2_043,2,-90.101725,21.08043670654297,2009.0,0.685029923915863,47
c2_044,2,-90.026004,21.113851,2009.0,0.7301672697067261,47
c2_045,2,-90.118162,21.129209518432617,2009.0,0.615840494632721,47
c2_046,2,-89.94139099121094,21.172056198120117,2009.0,0.7574974894523621,47
c2_047,2,-89.969685,21.1402587890625,2009.0,0.7337225675582886,47
c2_048,2,-90.1038818359375,21.095527,2009.0,0.5639562010765076,47
c2_049,2,-89.99231719970703,21.149690628051758,2009.0,0.5778689384460449,47
c2_050,2,-89.950822,21.121396,2009.0,0.6692577004432678,47
c3_045,3,-89.992859,21.161815643310547,2009.0,0.032676149159669876,47
c3_003,3,-90.034357,21.15858268737793,2009.0,0.06895916908979416,47
c3_026,3,-89.986931,21.149959564208984,2009.0,0.8070751428604126,47
c3_008,3,-90.084209,21.151576,2009.0,0.17869320511817932,47
c3_017,3,-89.970493,21.159929275512695,2009.0,0.5897630453109741,47
c3_004,3,-89.982619,21.180679,2009.0,0.2608104646205902,47
c3_040,3,-89.9742660522461,21.185529708862305,2009.0,0.7406813502311707,47
c3_024,3,-89.97722625732422,21.183913,2009.0,0.5085877776145935,47
c3_013,3,-89.995823,21.13837242126465,2009.0,0.7437614798545837,47
c3_018,3,-90.062113,21.107114,2009.0,0.7674666047096252,47
c3_007,3,-90.088521,21.146995,2009.0,0.13212691247463226,47
c3_014,3,-89.951361,21.199003219604492,2009.0,-0.07557614892721176,47
c3_042,3,-89.950283,21.199003219604492,2009.0,0.25508999824523926,47
c3_029,3,-90.000135,21.137563705444336,2009.0,0.7074282169342041,47
c3_005,3,-90.003638,21.111964,2009.0,0.5623698830604553,47
c3_022,3,-90.005524,21.112503051757812,2009.0,0.5949391722679138,47
c3_002,3,-89.953786,21.197656,2009.0,0.4193418025970459,47
c3_015,3,-89.940852,21.162086486816406,2009.0,0.6488945484161377,47
c3_020,3,-90.016842,21.116006,2009.0,0.5955848693847656,47
c3_027,3,-89.982619,21.149421,2009.0,0.5146659016609192,47
c3_030,3,-89.942738,21.1674747467041,2009.0,0.5393900275230408,47
c3_050,3,-89.941929,21.168553,2009.0,0.4096158742904663,47
c3_009,3,-89.986392,21.149959564208984,2009.0,0.8083392977714539,47
c3_033,3,-90.039208,21.102802276611328,2009.0,0.547730028629303,47
c3_038,3,-89.976152,21.169361114501953,2009.0,0.6109917163848877,47
c3_023,3,-89.97183990478516,21.169361114501953,2009.0,0.6055732369422913,47
c3_032,3,-90.00040435791016,21.138642,2009.0,0.5468554496765137,47
c3_046,3,-89.994476,21.137832641601562,2009.0,0.5465157628059387,47
c3_025,3,-89.947049,21.157235,2009.0,0.6542580723762512,47
c3_028,3,-89.976421,21.165858,2009.0,0.6928039789199829,47
c3_036,3,-89.95189666748047,21.162894,2009.0,0.5271480679512024,47
c3_021,3,-90.007141,21.131635665893555,2009.0,0.6800549030303955,47
c3_035,3,-90.000943,21.144569396972656,2009.0,0.6644569039344788,47
c3_037,3,-89.97183990478516,21.162086486816406,2009.0,0.729674756526947,47
c3_039,3,-89.976691,21.168283462524414,2009.0,0.56981360912323,47
c3_041,3,-89.973996,21.137563705444336,2009.0,0.5891532301902771,47
c3_034,3,-90.041364,21.1402587890625,2009.0,0.6290571689605713,47
c3_047,3,-90.028698,21.126246,2009.0,0.7790097594261169,47
c3_048,3,-90.030315,21.124359130859375,2009.0,0.6960583329200745,47
c3_011,3,-90.035974,21.099299,2009.0,0.5971578359603882,47
c3_001,3,-90.080437,21.100377,2009.0,0.6416210532188416,47
c3_006,3,-89.94677734375,21.202237,2009.0,0.784276008605957,47
c3_019,3,-89.958367,21.172056198120117,2009.0,0.7946126461029053,47
c3_031,3,-90.00740814208984,21.113042,2009.0,0.6034062504768372,47
c3_010,3,-90.01252746582031,21.114659,2009.0,0.6744472980499268,47
c3_012,3,-90.00768280029297,21.114389419555664,2009.0,0.5312724113464355,47
c3_016,3,-90.045675,21.097951889038086,2009.0,0.4618687331676483,47
c3_043,3,-89.967259,21.189841,2009.0,0.7869491577148438,47
c3_044,3,-90.046214,21.097413,2009.0,0.5788819789886475,47
c3_049,3,-90.016033,21.116006,2009.0,0.5463320016860962,47
c4_001,4,-90.002021,21.168822,2009.0,0.24423721432685852,47
c4_002,4,-90.013878,21.166397094726562,2009.0,0.17814120650291443,47
c4_003,4,-90.040286,21.149421,2009.0,0.716777503490448,47
c4_004,4,-89.94139099121094,21.181487,2009.0,0.5651954412460327,47
c4_005,4,-89.967529,21.183643341064453,2009.0,0.3743750751018524,47
c4_006,4,-89.943277,21.200620651245117,2009.0,0.6428093314170837,47
c4_007,4,-89.968068,21.171248,2009.0,0.4746011197566986,47
c4_008,4,-90.035705,21.15346336364746,2009.0,0.48250019550323486,47
c4_009,4,-89.967798,21.179332,2009.0,-0.2788243293762207,47
c4_010,4,-89.949205,21.194961,2009.0,0.1768495887517929,47
c4_011,4,-89.943007,21.202506,2009.0,0.17225655913352966,47
c4_012,4,-89.945163,21.199811,2009.0,0.134987011551857,47
c4_013,4,-89.972379,21.174481,2009.0,0.25595301389694214,47
c4_014,4,-90.041633,21.148612,2009.0,0.46401068568229675,47
c4_015,4,-89.960792,21.190380096435547,2009.0,0.5542243123054504,47
c4_016,4,-89.958098,21.184452056884766,2009.0,0.27996203303337097,47
c4_017,4,-90.074239,21.133790969848633,2009.0,0.6969072818756104,47
c4_018,4,-89.950822,21.1922664642334,2009.0,0.15265460312366486,47
c4_019,4,-89.996901,21.149959564208984,2009.0,0.575262725353241,47
c4_020,4,-89.960523,21.186338424682617,2009.0,0.09816286712884903,47
c4_021,4,-89.9465103149414,21.185529708862305,2009.0,-0.12022461742162704,47
c4_022,4,-89.957828,21.185529708862305,2009.0,0.15982894599437714,47
c4_023,4,-90.035705,21.144301,2009.0,0.49146947264671326,47
c4_024,4,-90.022501,21.156966,2009.0,0.11455707997083664,47
c4_025,4,-89.981002,21.165319,2009.0,0.3015720546245575,47
c4_026,4,-90.027621,21.162355422973633,2009.0,0.23400405049324036,47
c4_027,4,-89.949475,21.19415283203125,2009.0,0.009739238768815994,47
c4_028,4,-89.940852,21.201428,2009.0,0.622416615486145,47
c4_029,4,-89.961601,21.190919,2009.0,0.6458098888397217,47
c4_030,4,-90.041364,21.151576,2009.0,0.7867576479911804,47
c4_031,4,-90.062382,21.153732299804688,2009.0,0.11421962827444077,47
c4_032,4,-89.944085,21.193883,2009.0,-0.05028136819601059,47
c4_033,4,-89.981811,21.164511,2009.0,0.4334409534931183,47
c4_034,4,-89.940313,21.199811,2009.0,0.27261674404144287,47
c4_035,4,-90.072622,21.132714,2009.0,0.57281893491745,47
c4_036,4,-89.942738,21.183643341064453,2009.0,0.28755563497543335,47
c4_037,4,-89.9742660522461,21.173673,2009.0,0.5894609689712524,47
c4_038,4,-89.966451,21.182565,2009.0,0.18299859762191772,47
c4_039,4,-90.014147,21.163972,2009.0,-0.1974741518497467,47
c4_040,4,-89.944355,21.201428,2009.0,0.2804311215877533,47
c4_041,4,-90.011183,21.148881912231445,2009.0,0.5670738220214844,47
c4_042,4,-90.071814,21.131635665893555,2009.0,0.6480044722557068,47
c4_043,4,-90.11438751220703,21.11061668395996,2009.0,0.5832768678665161,47
c4_044,4,-89.956481,21.189302444458008,2009.0,0.5536300539970398,47
c4_045,4,-90.036513,21.153732299804688,2009.0,0.35412928462028503,47
c4_046,4,-89.98235321044922,21.169092178344727,2009.0,0.4642992317676544,47
c4_047,4,-89.992859,21.172864,2009.0,0.04164908826351166,47
c4_048,4,-89.948127,21.191457748413086,2009.0,0.45962536334991455,47
c4_049,4,-90.1195068359375,21.108461380004883,2009.0,0.5239171981811523,47
c4_050,4,-90.094718,21.12301254272461,2009.0,0.21572977304458618,47
c5_045,5,-90.018998,21.166128158569336,2009.0,0.314858615398407,47
c5_008,5,-90.034357,21.155618,2009.0,0.35879579186439514,47
c5_010,5,-89.957289,21.163703,2009.0,0.3649996817111969,47
c5_011,5,-90.004985,21.156696319580078,2009.0,0.49686703085899353,47
c5_012,5,-90.066424,21.154809951782227,2009.0,0.15479770302772522,47
c5_014,5,-90.006871,21.155887603759766,2009.0,0.18034160137176514,47
c5_016,5,-90.002829,21.15642738342285,2009.0,0.2935829162597656,47
c5_022,5,-90.044597,21.154809951782227,2009.0,0.18067696690559387,47
c5_024,5,-89.995284,21.15642738342285,2009.0,0.20380163192749023,47
c5_003,5,-90.056993,21.154541015625,2009.0,0.12813661992549896,47
c5_013,5,-90.020614,21.157235,2009.0,0.1744045913219452,47
c5_020,5,-90.027621,21.156966,2009.0,0.12496408820152283,47
c5_025,5,-90.03301239013672,21.15966033935547,2009.0,0.020198622718453407,47
c5_034,5,-90.012261,21.166397094726562,2009.0,0.21588090062141418,47
c5_040,5,-90.069658,21.154541015625,2009.0,0.123609758913517,47
c5_041,5,-89.998787,21.156156539916992,2009.0,0.12108774483203888,47
c5_043,5,-90.113042,21.13729476928711,2009.0,0.2142346352338791,47
c5_002,5,-90.042172,21.156156539916992,2009.0,0.10387925058603287,47
c5_004,5,-90.034088,21.156966,2009.0,0.10787590593099594,47
c5_001,5,-89.996093,21.155887603759766,2009.0,0.3806722164154053,47
c5_006,5,-90.035435,21.154809951782227,2009.0,0.30800169706344604,47
c5_015,5,-89.942738,21.172864,2009.0,0.4064263105392456,47
c5_018,5,-90.0685806274414,21.152385,2009.0,0.11114543676376343,47
c5_026,5,-89.998248,21.172326,2009.0,0.14779502153396606,47
c5_033,5,-90.01980590820312,21.156966,2009.0,0.4050450026988983,47
c5_036,5,-90.041902,21.15750503540039,2009.0,0.2161654829978943,47
c5_039,5,-90.060496,21.15642738342285,2009.0,0.21362699568271637,47
c5_005,5,-90.041633,21.159929275512695,2009.0,0.35884082317352295,47
c5_009,5,-90.038938,21.154271,2009.0,0.5783257484436035,47
c5_019,5,-90.057262,21.155349,2009.0,0.1281352937221527,47
c5_021,5,-90.089598,21.148073196411133,2009.0,0.10941080749034882,47
c5_030,5,-90.071814,21.151845932006836,2009.0,0.15054112672805786,47
c5_031,5,-90.003099,21.155618,2009.0,0.32552361488342285,47
c5_035,5,-90.095527,21.151845932006836,2009.0,0.13915541768074036,47
c5_037,5,-89.996632,21.160469,2009.0,0.5114070773124695,47
c5_023,5,-89.978038,21.180139541625977,2009.0,0.3401503264904022,47
c5_017,5,-90.040555,21.145917892456055,2009.0,0.41637516021728516,47
c5_027,5,-90.08879089355469,21.150768280029297,2009.0,0.3876116871833801,47
c5_047,5,-90.001213,21.154541015625,2009.0,0.5427262187004089,47
c5_048,5,-90.028429,21.156696319580078,2009.0,0.43969807028770447,47
c5_029,5,-90.090407,21.149421,2009.0,0.15726275742053986,47
c5_032,5,-90.079359,21.150768280029297,2009.0,0.15104813873767853,47
c5_038,5,-90.04082489013672,21.156966,2009.0,0.2949880361557007,47
c5_046,5,-90.067233,21.152114868164062,2009.0,0.11867372691631317,47
c5_028,5,-90.095527,21.150499,2009.0,0.31815555691719055,47
c5_044,5,-89.973188,21.183374404907227,2009.0,0.29415565729141235,47
c5_042,5,-90.08124542236328,21.149421,2009.0,0.18470560014247894,47
c5_007,5,-90.021962,21.143491744995117,2009.0,0.372348427772522,47
c10_001,3,-90.028968,21.158313,2009.0,-0.11207179725170135,47
c10_005,3,-89.954594,21.163972,2009.0,0.4340050518512726,47
c10_002,3,-90.033549,21.15858268737793,2009.0,0.0363139733672142,47
c10_003,3,-90.030046,21.158044,2009.0,0.059523407369852066,47
c10_004,3,-90.029507,21.157773971557617,2009.0,0.0913911685347557,47
c10_006,3,-90.03301239013672,21.159122467041016,2009.0,0.025656500831246376,47
c10_007,3,-90.03301239013672,21.158044,2009.0,0.05028468742966652,47
c10_009,3,-90.032741,21.15858268737793,2009.0,0.0647934302687645,47
c10_010,3,-90.030585,21.158044,2009.0,0.07698044925928116,47
c10_008,3,-89.95405578613281,21.163972,2009.0,0.3337327539920807,47
c1_051,1,-90.064538,21.118162155151367,2009.0,0.45292094349861145,47
c1_052,1,-90.05322265625,21.112234115600586,2009.0,0.5765453577041626,47
c1_053,1,-90.068041,21.142953,2009.0,0.5009275674819946,47
c1_054,1,-90.00040435791016,21.124359130859375,2009.0,0.5742074847221375,47
c1_055,1,-90.049178,21.1402587890625,2009.0,0.6126948595046997,47
c2_051,2,-90.111695,21.123821258544922,2009.0,0.3101290166378021,47
c2_052,2,-90.02277374267578,21.139720916748047,2009.0,0.6322754621505737,47
c2_053,2,-89.941929,21.138911,2009.0,0.7986249923706055,47
c2_054,2,-89.950013,21.130019,2009.0,0.7160150408744812,47
c2_055,2,-90.106306,21.128941,2009.0,0.3147110342979431,47
c3_062,3,-90.086634,21.149690628051758,2009.0,0.1100425124168396,47
c3_051,3,-90.010914,21.144301,2009.0,0.7664594054222107,47
c3_055,3,-90.079359,21.150499,2009.0,0.1515055000782013,47
c3_058,3,-90.000943,21.171248,2009.0,0.3216709494590759,47
c3_052,3,-90.094179,21.114929,2009.0,0.6471134424209595,47
c3_059,3,-90.039208,21.1402587890625,2009.0,0.7572873830795288,47
c3_053,3,-90.013608,21.152114868164062,2009.0,0.806108832359314,47
c3_060,3,-89.958906,21.12489891052246,2009.0,0.8653561472892761,47
c3_057,3,-90.058071,21.159929275512695,2009.0,0.49122005701065063,47
c3_061,3,-89.973457,21.138911,2009.0,0.6632128953933716,47
c3_064,3,-89.989625,21.149959564208984,2009.0,0.613393247127533,47
c3_063,3,-90.030046,21.125707,2009.0,0.755717933177948,47
c3_065,3,-89.972379,21.162086486816406,2009.0,0.7763216495513916,47
c3_054,3,-90.029237,21.101455,2009.0,0.5952862501144409,47
c3_056,3,-90.008758,21.114120483398438,2009.0,0.6111658811569214,47
c4_051,4,-89.958906,21.191997,2009.0,0.4099361300468445,47
c4_052,4,-89.957828,21.178254,2009.0,0.006512252613902092,47
c4_053,4,-89.994476,21.172864,2009.0,0.1618369072675705,47
c4_054,4,-89.994745,21.168822,2009.0,-0.11897678673267365,47
c4_055,4,-90.0025634765625,21.169631,2009.0,0.1390472650527954,47
c1_001,1,-90.056184,21.12301254272461,2010.0,0.6549160480499268,42
c1_002,1,-89.984506,21.126246,2010.0,0.7270979285240173,42
c1_003,1,-90.070197,21.140798,2010.0,0.7509688138961792,42
c1_004,1,-90.057801,21.145648,2010.0,0.7300434708595276,42
c1_005,1,-90.024926,21.145379,2010.0,0.5571388006210327,42
c1_006,1,-89.979386,21.130288,2010.0,0.6349583268165588,42
c1_007,1,-90.08636474609375,21.137025,2010.0,0.6363660097122192,42
c1_008,1,-89.952169,21.14322280883789,2010.0,0.7498836517333984,42
c1_009,1,-90.055106,21.138911,2010.0,0.5746629238128662,42
c1_010,1,-89.945702,21.14322280883789,2010.0,0.742004930973053,42
c1_011,1,-89.958098,21.149151,2010.0,0.6740290522575378,42
c1_012,1,-90.036783,21.117354,2010.0,0.7255890965461731,42
c1_013,1,-90.113042,21.085018157958984,2010.0,0.7242327332496643,42
c1_014,1,-89.944085,21.154002,2010.0,0.791700541973114,42
c1_015,1,-90.065885,21.113581,2010.0,0.5380474328994751,42
c1_016,1,-90.064538,21.121126174926758,2010.0,0.6135309338569641,42
c1_017,1,-90.01280212402344,21.122474,2010.0,0.7113304138183594,42
c1_018,1,-90.013608,21.150499,2010.0,0.7096146941184998,42
c1_019,1,-90.075856,21.141876220703125,2010.0,0.7983656525611877,42
c1_020,1,-90.063729,21.119510650634766,2010.0,0.6797772645950317,42
c1_021,1,-90.112234,21.128671646118164,2010.0,0.605288028717041,42
c1_022,1,-89.970224,21.131635665893555,2010.0,0.5938816666603088,42
c1_023,1,-90.049448,21.111425399780273,2010.0,0.6117324829101562,42
c1_024,1,-90.076933,21.135408401489258,2010.0,0.7545560002326965,42
c1_025,1,-90.09391021728516,21.143762,2010.0,0.7812345027923584,42
c1_026,1,-89.940852,21.145917892456055,2010.0,0.7127283811569214,42
c1_027,1,-89.945163,21.154002,2010.0,0.7257980704307556,42
c1_028,1,-90.098491,21.127324,2010.0,0.7532457113265991,42
c1_029,1,-90.003368,21.149421,2010.0,0.48802879452705383,42
c1_030,1,-89.972918,21.124629,2010.0,0.7203164100646973,42
c1_031,1,-90.003907,21.124359130859375,2010.0,0.7020099759101868,42
c1_032,1,-90.066694,21.0987606048584,2010.0,0.7051886916160583,42
c1_033,1,-89.994745,21.123552322387695,2010.0,0.629112184047699,42
c1_034,1,-90.08879089355469,21.142953,2010.0,0.7052807211875916,42
c1_035,1,-90.063191,21.110887,2010.0,0.6611648201942444,42
c1_036,1,-89.960523,21.137563705444336,2010.0,0.7657917141914368,42
c1_037,1,-90.094179,21.093371,2010.0,0.6916559934616089,42
c1_038,1,-90.0025634765625,21.122743,2010.0,0.678751528263092,42
c1_039,1,-90.051334,21.132714,2010.0,0.5970314741134644,42
c1_040,1,-90.066694,21.13837242126465,2010.0,0.6932073831558228,42
c1_041,1,-90.116815,21.0882511138916,2010.0,0.7064464688301086,42
c1_042,1,-90.057801,21.148612,2010.0,0.7528919577598572,42
c1_043,1,-90.080706,21.141876220703125,2010.0,0.6117978096008301,42
c1_044,1,-89.947319,21.188493728637695,2010.0,0.6973981261253357,42
c1_045,1,-89.981811,21.124091,2010.0,0.7365245819091797,42
c1_046,1,-90.058879,21.128671646118164,2010.0,0.6504172086715698,42
c1_047,1,-90.075317,21.10361099243164,2010.0,0.7344663739204407,42
c1_048,1,-90.003638,21.150768280029297,2010.0,0.6221848130226135,42
c1_049,1,-90.026543,21.122743,2010.0,0.7366731762886047,42
c1_050,1,-90.108731,21.117623,2010.0,0.7414757013320923,42
c2_001,2,-89.960253,21.154002,2010.0,0.6714469194412231,42
c2_002,2,-90.117623,21.133522033691406,2010.0,0.5117270350456238,42
c2_003,2,-90.07881927490234,21.09229278564453,2010.0,0.7418111562728882,42
c2_004,2,-89.978847,21.15022850036621,2010.0,0.6435868144035339,42
c2_005,2,-90.089329,21.09364128112793,2010.0,0.8111832737922668,42
c2_006,2,-90.11412048339844,21.100377,2010.0,0.6031937599182129,42
c2_007,2,-90.106036,21.131635665893555,2010.0,0.783593475818634,42
c2_008,2,-90.001213,21.145379,2010.0,0.7079607248306274,42
c2_009,2,-89.963217,21.183913,2010.0,0.7804067134857178,42
c2_010,2,-90.10226440429688,21.144301,2010.0,0.7228972911834717,42
c2_011,2,-89.958636,21.125438,2010.0,0.7745941281318665,42
c2_012,2,-90.097413,21.149959564208984,2010.0,0.8055263757705688,42
c2_013,2,-90.100647,21.106845,2010.0,0.6146680116653442,42
c2_014,2,-90.04594421386719,21.111156463623047,2010.0,0.5427002906799316,42
c2_015,2,-90.068849,21.102802276611328,2010.0,0.7722374796867371,42
c2_016,2,-90.118162,21.135947,2010.0,0.5434357523918152,42
c2_017,2,-89.96214294433594,21.120587,2010.0,0.7411813139915466,42
c2_018,2,-89.981541,21.148343,2010.0,0.479564905166626,42
c2_019,2,-90.041364,21.101186,2010.0,0.7162755131721497,42
c2_020,2,-90.082592,21.10064697265625,2010.0,0.7402335405349731,42
c2_021,2,-89.945163,21.161008,2010.0,0.6426815986633301,42
c2_022,2,-90.01280212402344,21.118162155151367,2010.0,0.7151842713356018,42
c2_023,2,-89.94165802001953,21.17879295349121,2010.0,0.5059821605682373,42
c2_024,2,-89.940043,21.179332,2010.0,0.5831578373908997,42
c2_025,2,-89.942199,21.169092178344727,2010.0,0.6662817597389221,42
c2_026,2,-90.04837036132812,21.15858268737793,2010.0,0.7045546770095825,42
c2_027,2,-90.018189,21.155078887939453,2010.0,0.7767615914344788,42
c2_028,2,-90.018998,21.118701,2010.0,0.6329774260520935,42
c2_029,2,-89.960253,21.166936,2010.0,0.8172838687896729,42
c2_030,2,-90.08636474609375,21.13918113708496,2010.0,0.6660454273223877,42
c2_031,2,-90.006871,21.167745,2010.0,0.5507808923721313,42
c2_032,2,-89.9599838256836,21.15750503540039,2010.0,0.5223269462585449,42
c2_033,2,-90.052412,21.115737,2010.0,0.7466022968292236,42
c2_034,2,-90.075586,21.099569,2010.0,0.6767325401306152,42
c2_035,2,-90.108731,21.095796,2010.0,0.6386198401451111,42
c2_036,2,-90.026543,21.155078887939453,2010.0,0.7848239541053772,42
c2_037,2,-90.006871,21.131097,2010.0,0.6936327219009399,42
c2_038,2,-90.080167,21.099838256835938,2010.0,0.7555201053619385,42
c2_039,2,-89.947588,21.136486053466797,2010.0,0.8052494525909424,42
c2_040,2,-90.061304,21.10468864440918,2010.0,0.7527831196784973,42
c2_041,2,-90.075856,21.134868621826172,2010.0,0.7455803155899048,42
c2_042,2,-89.99959564208984,21.12004852294922,2010.0,0.6680989265441895,42
c2_043,2,-90.101725,21.08043670654297,2010.0,0.6637129187583923,42
c2_044,2,-90.026004,21.113851,2010.0,0.7594975829124451,42
c2_045,2,-90.118162,21.129209518432617,2010.0,0.7609921097755432,42
c2_046,2,-89.94139099121094,21.172056198120117,2010.0,0.7344686388969421,42
c2_047,2,-89.969685,21.1402587890625,2010.0,0.7605940103530884,42
c2_048,2,-90.1038818359375,21.095527,2010.0,0.6709969639778137,42
c2_049,2,-89.99231719970703,21.149690628051758,2010.0,0.6303902864456177,42
c2_050,2,-89.950822,21.121396,2010.0,0.6485934257507324,42
c3_045,3,-89.992859,21.161815643310547,2010.0,0.17556563019752502,42
c3_003,3,-90.034357,21.15858268737793,2010.0,0.1648268848657608,42
c3_026,3,-89.986931,21.149959564208984,2010.0,0.8305479884147644,42
c3_008,3,-90.084209,21.151576,2010.0,0.3370093107223511,42
c3_017,3,-89.970493,21.159929275512695,2010.0,0.6728493571281433,42
c3_004,3,-89.982619,21.180679,2010.0,0.3565899431705475,42
c3_040,3,-89.9742660522461,21.185529708862305,2010.0,0.7890844345092773,42
c3_024,3,-89.97722625732422,21.183913,2010.0,0.6338800191879272,42
c3_013,3,-89.995823,21.13837242126465,2010.0,0.7771706581115723,42
c3_018,3,-90.062113,21.107114,2010.0,0.8388532996177673,42
c3_007,3,-90.088521,21.146995,2010.0,0.5468294024467468,42
c3_014,3,-89.951361,21.199003219604492,2010.0,-0.044131696224212646,42
c3_042,3,-89.950283,21.199003219604492,2010.0,0.24831931293010712,42
c3_029,3,-90.000135,21.137563705444336,2010.0,0.7081490755081177,42
c3_005,3,-90.003638,21.111964,2010.0,0.703236997127533,42
c3_022,3,-90.005524,21.112503051757812,2010.0,0.6680018305778503,42
c3_002,3,-89.953786,21.197656,2010.0,0.6353017687797546,42
c3_015,3,-89.940852,21.162086486816406,2010.0,0.7134381532669067,42
c3_020,3,-90.016842,21.116006,2010.0,0.7092918753623962,42
c3_027,3,-89.982619,21.149421,2010.0,0.5444926023483276,42
c3_030,3,-89.942738,21.1674747467041,2010.0,0.6558516025543213,42
c3_050,3,-89.941929,21.168553,2010.0,0.559364378452301,42
c3_009,3,-89.986392,21.149959564208984,2010.0,0.8284706473350525,42
c3_033,3,-90.039208,21.102802276611328,2010.0,0.6900724172592163,42
c3_038,3,-89.976152,21.169361114501953,2010.0,0.6082693338394165,42
c3_023,3,-89.97183990478516,21.169361114501953,2010.0,0.6364083290100098,42
c3_032,3,-90.00040435791016,21.138642,2010.0,0.60664302110672,42
c3_046,3,-89.994476,21.137832641601562,2010.0,0.5920655131340027,42
c3_025,3,-89.947049,21.157235,2010.0,0.6552510261535645,42
c3_028,3,-89.976421,21.165858,2010.0,0.7274053692817688,42
c3_036,3,-89.95189666748047,21.162894,2010.0,0.5943177342414856,42
c3_021,3,-90.007141,21.131635665893555,2010.0,0.7197683453559875,42
c3_035,3,-90.000943,21.144569396972656,2010.0,0.701518714427948,42
c3_037,3,-89.97183990478516,21.162086486816406,2010.0,0.7443139553070068,42
c3_039,3,-89.976691,21.168283462524414,2010.0,0.6408348083496094,42
c3_041,3,-89.973996,21.137563705444336,2010.0,0.661016583442688,42
c3_034,3,-90.041364,21.1402587890625,2010.0,0.6529163718223572,42
c3_047,3,-90.028698,21.126246,2010.0,0.7838678956031799,42
c3_048,3,-90.030315,21.124359130859375,2010.0,0.6921597719192505,42
c3_011,3,-90.035974,21.099299,2010.0,0.6025388836860657,42
c3_001,3,-90.080437,21.100377,2010.0,0.699578046798706,42
c3_006,3,-89.94677734375,21.202237,2010.0,0.8111649751663208,42
c3_019,3,-89.958367,21.172056198120117,2010.0,0.8213663101196289,42
c3_031,3,-90.00740814208984,21.113042,2010.0,0.6486930251121521,42
c3_010,3,-90.01252746582031,21.114659,2010.0,0.7337166666984558,42
c3_012,3,-90.00768280029297,21.114389419555664,2010.0,0.6483559012413025,42
c3_016,3,-90.045675,21.097951889038086,2010.0,0.5765425562858582,42
c3_043,3,-89.967259,21.189841,2010.0,0.8132824897766113,42
c3_044,3,-90.046214,21.097413,2010.0,0.662605881690979,42
c3_049,3,-90.016033,21.116006,2010.0,0.6955866813659668,42
c4_001,4,-90.002021,21.168822,2010.0,0.46260103583335876,42
c4_002,4,-90.013878,21.166397094726562,2010.0,0.3962916433811188,42
c4_003,4,-90.040286,21.149421,2010.0,0.7732645869255066,42
c4_004,4,-89.94139099121094,21.181487,2010.0,0.46095290780067444,42
c4_005,4,-89.967529,21.183643341064453,2010.0,0.5847932696342468,42
c4_006,4,-89.943277,21.200620651245117,2010.0,0.7797861099243164,42
c4_007,4,-89.968068,21.171248,2010.0,0.619529128074646,42
c4_008,4,-90.035705,21.15346336364746,2010.0,0.6570159792900085,42
c4_009,4,-89.967798,21.179332,2010.0,0.1969662755727768,42
c4_010,4,-89.949205,21.194961,2010.0,0.19971755146980286,42
c4_011,4,-89.943007,21.202506,2010.0,0.532397449016571,42
c4_012,4,-89.945163,21.199811,2010.0,0.22651056945323944,42
c4_013,4,-89.972379,21.174481,2010.0,0.4536687433719635,42
c4_014,4,-90.041633,21.148612,2010.0,0.5826025605201721,42
c4_015,4,-89.960792,21.190380096435547,2010.0,0.4822169840335846,42
c4_016,4,-89.958098,21.184452056884766,2010.0,0.4109431505203247,42
c4_017,4,-90.074239,21.133790969848633,2010.0,0.7559216022491455,42
c4_018,4,-89.950822,21.1922664642334,2010.0,0.1866915374994278,42
c4_019,4,-89.996901,21.149959564208984,2010.0,0.6771419644355774,42
c4_020,4,-89.960523,21.186338424682617,2010.0,0.18989920616149902,42
c4_021,4,-89.9465103149414,21.185529708862305,2010.0,0.1178496703505516,42
c4_022,4,-89.957828,21.185529708862305,2010.0,0.43563875555992126,42
c4_023,4,-90.035705,21.144301,2010.0,0.4748326539993286,42
c4_024,4,-90.022501,21.156966,2010.0,0.32035958766937256,42
c4_025,4,-89.981002,21.165319,2010.0,0.42321497201919556,42
c4_026,4,-90.027621,21.162355422973633,2010.0,0.36384764313697815,42
c4_027,4,-89.949475,21.19415283203125,2010.0,-0.024076111614704132,42
c4_028,4,-89.940852,21.201428,2010.0,0.7155391573905945,42
c4_029,4,-89.961601,21.190919,2010.0,0.740367591381073,42
c4_030,4,-90.041364,21.151576,2010.0,0.8127435445785522,42
c4_031,4,-90.062382,21.153732299804688,2010.0,0.41889914870262146,42
c4_032,4,-89.944085,21.193883,2010.0,0.22649291157722473,42
c4_033,4,-89.981811,21.164511,2010.0,0.6149961948394775,42
c4_034,4,-89.940313,21.199811,2010.0,0.31977608799934387,42
c4_035,4,-90.072622,21.132714,2010.0,0.7122395038604736,42
c4_036,4,-89.942738,21.183643341064453,2010.0,0.14536963403224945,42
c4_037,4,-89.9742660522461,21.173673,2010.0,0.7069132924079895,42
c4_038,4,-89.966451,21.182565,2010.0,0.3372340500354767,42
c4_039,4,-90.014147,21.163972,2010.0,0.20498259365558624,42
c4_040,4,-89.944355,21.201428,2010.0,0.5740910172462463,42
c4_041,4,-90.011183,21.148881912231445,2010.0,0.5867886543273926,42
c4_042,4,-90.071814,21.131635665893555,2010.0,0.7001920342445374,42
c4_043,4,-90.11438751220703,21.11061668395996,2010.0,0.6029103398323059,42
c4_044,4,-89.956481,21.189302444458008,2010.0,0.714691698551178,42
c4_045,4,-90.036513,21.153732299804688,2010.0,0.5741633176803589,42
c4_046,4,-89.98235321044922,21.169092178344727,2010.0,0.5641044974327087,42
c4_047,4,-89.992859,21.172864,2010.0,0.24273541569709778,42
c4_048,4,-89.948127,21.191457748413086,2010.0,0.4364321529865265,42
c4_049,4,-90.1195068359375,21.108461380004883,2010.0,0.5731657147407532,42
c4_050,4,-90.094718,21.12301254272461,2010.0,0.44495081901550293,42
c5_045,5,-90.018998,21.166128158569336,2010.0,0.31581220030784607,42
c5_008,5,-90.034357,21.155618,2010.0,0.5466477274894714,42
c5_010,5,-89.957289,21.163703,2010.0,0.461895227432251,42
c5_011,5,-90.004985,21.156696319580078,2010.0,0.6992141604423523,42
c5_012,5,-90.066424,21.154809951782227,2010.0,0.5070083737373352,42
c5_014,5,-90.006871,21.155887603759766,2010.0,0.39497703313827515,42
c5_016,5,-90.002829,21.15642738342285,2010.0,0.6301164627075195,42
c5_022,5,-90.044597,21.154809951782227,2010.0,0.45196986198425293,42
c5_024,5,-89.995284,21.15642738342285,2010.0,0.4134085774421692,42
c5_003,5,-90.056993,21.154541015625,2010.0,0.395572692155838,42
c5_013,5,-90.020614,21.157235,2010.0,0.23939377069473267,42
c5_020,5,-90.027621,21.156966,2010.0,0.32685035467147827,42
c5_025,5,-90.03301239013672,21.15966033935547,2010.0,0.205317422747612,42
c5_034,5,-90.012261,21.166397094726562,2010.0,0.43067094683647156,42
c5_040,5,-90.069658,21.154541015625,2010.0,0.3537134826183319,42
c5_041,5,-89.998787,21.156156539916992,2010.0,0.29700255393981934,42
c5_043,5,-90.113042,21.13729476928711,2010.0,0.584221601486206,42
c5_002,5,-90.042172,21.156156539916992,2010.0,0.39515551924705505,42
c5_004,5,-90.034088,21.156966,2010.0,0.3343517780303955,42
c5_001,5,-89.996093,21.155887603759766,2010.0,0.6023682355880737,42
c5_006,5,-90.035435,21.154809951782227,2010.0,0.5697326064109802,42
c5_015,5,-89.942738,21.172864,2010.0,0.425200492143631,42
c5_018,5,-90.0685806274414,21.152385,2010.0,0.21709002554416656,42
c5_026,5,-89.998248,21.172326,2010.0,0.19787003099918365,42
c5_033,5,-90.01980590820312,21.156966,2010.0,0.5370813608169556,42
c5_036,5,-90.041902,21.15750503540039,2010.0,0.5016308426856995,42
c5_039,5,-90.060496,21.15642738342285,2010.0,0.4298864006996155,42
c5_005,5,-90.041633,21.159929275512695,2010.0,0.5601567029953003,42
c5_009,5,-90.038938,21.154271,2010.0,0.7269811630249023,42
c5_019,5,-90.057262,21.155349,2010.0,0.23702916502952576,42
c5_021,5,-90.089598,21.148073196411133,2010.0,0.3190329372882843,42
c5_030,5,-90.071814,21.151845932006836,2010.0,0.26958921551704407,42
c5_031,5,-90.003099,21.155618,2010.0,0.5730334520339966,42
c5_035,5,-90.095527,21.151845932006836,2010.0,0.47101616859436035,42
c5_037,5,-89.996632,21.160469,2010.0,0.7767615914344788,42
c5_023,5,-89.978038,21.180139541625977,2010.0,0.49358323216438293,42
c5_017,5,-90.040555,21.145917892456055,2010.0,0.44693872332572937,42
c5_027,5,-90.08879089355469,21.150768280029297,2010.0,0.6579059958457947,42
c5_047,5,-90.001213,21.154541015625,2010.0,0.7370560169219971,42
c5_048,5,-90.028429,21.156696319580078,2010.0,0.5755705833435059,42
c5_029,5,-90.090407,21.149421,2010.0,0.5883710384368896,42
c5_032,5,-90.079359,21.150768280029297,2010.0,0.3197506070137024,42
c5_038,5,-90.04082489013672,21.156966,2010.0,0.6050292253494263,42
c5_046,5,-90.067233,21.152114868164062,2010.0,0.36442193388938904,42
c5_028,5,-90.095527,21.150499,2010.0,0.6789509057998657,42
c5_044,5,-89.973188,21.183374404907227,2010.0,0.3635859489440918,42
c5_042,5,-90.08124542236328,21.149421,2010.0,0.46649593114852905,42
c5_007,5,-90.021962,21.143491744995117,2010.0,0.4050125479698181,42
c10_001,3,-90.028968,21.158313,2010.0,0.32103997468948364,42
c10_005,3,-89.954594,21.163972,2010.0,0.4073241651058197,42
c10_002,3,-90.033549,21.15858268737793,2010.0,0.10601232200860977,42
c10_003,3,-90.030046,21.158044,2010.0,0.2570171058177948,42
c10_004,3,-90.029507,21.157773971557617,2010.0,0.20719951391220093,42
c10_006,3,-90.03301239013672,21.159122467041016,2010.0,0.09930577874183655,42
c10_007,3,-90.03301239013672,21.158044,2010.0,0.2079707533121109,42
c10_009,3,-90.032741,21.15858268737793,2010.0,0.20617082715034485,42
c10_010,3,-90.030585,21.158044,2010.0,0.18103095889091492,42
c10_008,3,-89.95405578613281,21.163972,2010.0,0.37857359647750854,42
c1_051,1,-90.064538,21.118162155151367,2010.0,0.6605590581893921,42
c1_052,1,-90.05322265625,21.112234115600586,2010.0,0.6221583485603333,42
c1_053,1,-90.068041,21.142953,2010.0,0.7149381041526794,42
c1_054,1,-90.00040435791016,21.124359130859375,2010.0,0.6638017892837524,42
c1_055,1,-90.049178,21.1402587890625,2010.0,0.6479042768478394,42
c2_051,2,-90.111695,21.123821258544922,2010.0,0.6083419919013977,42
c2_052,2,-90.02277374267578,21.139720916748047,2010.0,0.6620643734931946,42
c2_053,2,-89.941929,21.138911,2010.0,0.7621665596961975,42
c2_054,2,-89.950013,21.130019,2010.0,0.7351118326187134,42
c2_055,2,-90.106306,21.128941,2010.0,0.6672670841217041,42
c3_062,3,-90.086634,21.149690628051758,2010.0,0.28253409266471863,42
c3_051,3,-90.010914,21.144301,2010.0,0.7870256304740906,42
c3_055,3,-90.079359,21.150499,2010.0,0.2050764560699463,42
c3_058,3,-90.000943,21.171248,2010.0,0.3871348202228546,42
c3_052,3,-90.094179,21.114929,2010.0,0.5629022717475891,42
c3_059,3,-90.039208,21.1402587890625,2010.0,0.7650882601737976,42
c3_053,3,-90.013608,21.152114868164062,2010.0,0.8377515077590942,42
c3_060,3,-89.958906,21.12489891052246,2010.0,0.83735591173172,42
c3_057,3,-90.058071,21.159929275512695,2010.0,0.6841245293617249,42
c3_061,3,-89.973457,21.138911,2010.0,0.7119462490081787,42
c3_064,3,-89.989625,21.149959564208984,2010.0,0.6710684895515442,42
c3_063,3,-90.030046,21.125707,2010.0,0.7661970853805542,42
c3_065,3,-89.972379,21.162086486816406,2010.0,0.7956351637840271,42
c3_054,3,-90.029237,21.101455,2010.0,0.615023672580719,42
c3_056,3,-90.008758,21.114120483398438,2010.0,0.606325626373291,42
c4_051,4,-89.958906,21.191997,2010.0,0.38383010029792786,42
c4_052,4,-89.957828,21.178254,2010.0,0.2543691396713257,42
c4_053,4,-89.994476,21.172864,2010.0,0.493612140417099,42
c4_054,4,-89.994745,21.168822,2010.0,0.4192715585231781,42
c4_055,4,-90.0025634765625,21.169631,2010.0,0.34207355976104736,42
c1_001,1,-90.056184,21.12301254272461,2011.0,0.6832970976829529,50
c1_002,1,-89.984506,21.126246,2011.0,0.7307140231132507,50
c1_003,1,-90.070197,21.140798,2011.0,0.7235363721847534,50
c1_004,1,-90.057801,21.145648,2011.0,0.7851641774177551,50
c1_005,1,-90.024926,21.145379,2011.0,0.5406324863433838,50
c1_006,1,-89.979386,21.130288,2011.0,0.6317757964134216,50
c1_007,1,-90.08636474609375,21.137025,2011.0,0.6429445147514343,50
c1_008,1,-89.952169,21.14322280883789,2011.0,0.6917400360107422,50
c1_009,1,-90.055106,21.138911,2011.0,0.5422637462615967,50
c1_010,1,-89.945702,21.14322280883789,2011.0,0.6726838946342468,50
c1_011,1,-89.958098,21.149151,2011.0,0.6872016191482544,50
c1_012,1,-90.036783,21.117354,2011.0,0.7922447919845581,50
c1_013,1,-90.113042,21.085018157958984,2011.0,0.7758464813232422,50
c1_014,1,-89.944085,21.154002,2011.0,0.7715619206428528,50
c1_015,1,-90.065885,21.113581,2011.0,0.5522177219390869,50
c1_016,1,-90.064538,21.121126174926758,2011.0,0.581606388092041,50
c1_017,1,-90.01280212402344,21.122474,2011.0,0.7086118459701538,50
c1_018,1,-90.013608,21.150499,2011.0,0.748564600944519,50
c1_019,1,-90.075856,21.141876220703125,2011.0,0.8184425234794617,50
c1_020,1,-90.063729,21.119510650634766,2011.0,0.6099204421043396,50
c1_021,1,-90.112234,21.128671646118164,2011.0,0.646996796131134,50
c1_022,1,-89.970224,21.131635665893555,2011.0,0.5617515444755554,50
c1_023,1,-90.049448,21.111425399780273,2011.0,0.6738839149475098,50
c1_024,1,-90.076933,21.135408401489258,2011.0,0.7855815291404724,50
c1_025,1,-90.09391021728516,21.143762,2011.0,0.8098298907279968,50
c1_026,1,-89.940852,21.145917892456055,2011.0,0.7465372681617737,50
c1_027,1,-89.945163,21.154002,2011.0,0.7290402054786682,50
c1_028,1,-90.098491,21.127324,2011.0,0.7432669401168823,50
c1_029,1,-90.003368,21.149421,2011.0,0.5136616230010986,50
c1_030,1,-89.972918,21.124629,2011.0,0.7271031141281128,50
c1_031,1,-90.003907,21.124359130859375,2011.0,0.6936284899711609,50
c1_032,1,-90.066694,21.0987606048584,2011.0,0.7082427144050598,50
c1_033,1,-89.994745,21.123552322387695,2011.0,0.6130146980285645,50
c1_034,1,-90.08879089355469,21.142953,2011.0,0.6704058051109314,50
c1_035,1,-90.063191,21.110887,2011.0,0.6393575072288513,50
c1_036,1,-89.960523,21.137563705444336,2011.0,0.7081242203712463,50
c1_037,1,-90.094179,21.093371,2011.0,0.7158641815185547,50
c1_038,1,-90.0025634765625,21.122743,2011.0,0.670067310333252,50
c1_039,1,-90.051334,21.132714,2011.0,0.5275267958641052,50
c1_040,1,-90.066694,21.13837242126465,2011.0,0.7162677049636841,50
c1_041,1,-90.116815,21.0882511138916,2011.0,0.6931772232055664,50
c1_042,1,-90.057801,21.148612,2011.0,0.7686760425567627,50
c1_043,1,-90.080706,21.141876220703125,2011.0,0.5853047966957092,50
c1_044,1,-89.947319,21.188493728637695,2011.0,0.6092973351478577,50
c1_045,1,-89.981811,21.124091,2011.0,0.7278454303741455,50
c1_046,1,-90.058879,21.128671646118164,2011.0,0.6182827353477478,50
c1_047,1,-90.075317,21.10361099243164,2011.0,0.7600252628326416,50
c1_048,1,-90.003638,21.150768280029297,2011.0,0.5726321935653687,50
c1_049,1,-90.026543,21.122743,2011.0,0.7753148674964905,50
c1_050,1,-90.108731,21.117623,2011.0,0.7898023724555969,50
c2_001,2,-89.960253,21.154002,2011.0,0.6521810293197632,50
c2_002,2,-90.117623,21.133522033691406,2011.0,0.4600425362586975,50
c2_003,2,-90.07881927490234,21.09229278564453,2011.0,0.6940826773643494,50
c2_004,2,-89.978847,21.15022850036621,2011.0,0.598603367805481,50
c2_005,2,-90.089329,21.09364128112793,2011.0,0.769544243812561,50
c2_006,2,-90.11412048339844,21.100377,2011.0,0.5845947265625,50
c2_007,2,-90.106036,21.131635665893555,2011.0,0.7202768921852112,50
c2_008,2,-90.001213,21.145379,2011.0,0.6758476495742798,50
c2_009,2,-89.963217,21.183913,2011.0,0.6851345300674438,50
c2_010,2,-90.10226440429688,21.144301,2011.0,0.7457908391952515,50
c2_011,2,-89.958636,21.125438,2011.0,0.7652297019958496,50
c2_012,2,-90.097413,21.149959564208984,2011.0,0.8081267476081848,50
c2_013,2,-90.100647,21.106845,2011.0,0.6463776230812073,50
c2_014,2,-90.04594421386719,21.111156463623047,2011.0,0.5295126438140869,50
c2_015,2,-90.068849,21.102802276611328,2011.0,0.8072938323020935,50
c2_016,2,-90.118162,21.135947,2011.0,0.5496235489845276,50
c2_017,2,-89.96214294433594,21.120587,2011.0,0.7034706473350525,50
c2_018,2,-89.981541,21.148343,2011.0,0.4499713182449341,50
c2_019,2,-90.041364,21.101186,2011.0,0.7011885643005371,50
c2_020,2,-90.082592,21.10064697265625,2011.0,0.7566499710083008,50
c2_021,2,-89.945163,21.161008,2011.0,0.5901080965995789,50
c2_022,2,-90.01280212402344,21.118162155151367,2011.0,0.6759970784187317,50
c2_023,2,-89.94165802001953,21.17879295349121,2011.0,0.5096257328987122,50
c2_024,2,-89.940043,21.179332,2011.0,0.5297358632087708,50
c2_025,2,-89.942199,21.169092178344727,2011.0,0.6042641401290894,50
c2_026,2,-90.04837036132812,21.15858268737793,2011.0,0.6254101395606995,50
c2_027,2,-90.018189,21.155078887939453,2011.0,0.6867242455482483,50
c2_028,2,-90.018998,21.118701,2011.0,0.5948774218559265,50
c2_029,2,-89.960253,21.166936,2011.0,0.823128342628479,50
c2_030,2,-90.08636474609375,21.13918113708496,2011.0,0.6499705910682678,50
c2_031,2,-90.006871,21.167745,2011.0,0.6333617568016052,50
c2_032,2,-89.9599838256836,21.15750503540039,2011.0,0.526567280292511,50
c2_033,2,-90.052412,21.115737,2011.0,0.7038635611534119,50
c2_034,2,-90.075586,21.099569,2011.0,0.6701077222824097,50
c2_035,2,-90.108731,21.095796,2011.0,0.5874100923538208,50
c2_036,2,-90.026543,21.155078887939453,2011.0,0.7454884648323059,50
c2_037,2,-90.006871,21.131097,2011.0,0.6944001913070679,50
c2_038,2,-90.080167,21.099838256835938,2011.0,0.7822712063789368,50
c2_039,2,-89.947588,21.136486053466797,2011.0,0.6935731768608093,50
c2_040,2,-90.061304,21.10468864440918,2011.0,0.7558759450912476,50
c2_041,2,-90.075856,21.134868621826172,2011.0,0.758541464805603,50
c2_042,2,-89.99959564208984,21.12004852294922,2011.0,0.6765411496162415,50
c2_043,2,-90.101725,21.08043670654297,2011.0,0.7078066468238831,50
c2_044,2,-90.026004,21.113851,2011.0,0.7597112655639648,50
c2_045,2,-90.118162,21.129209518432617,2011.0,0.8332491517066956,50
c2_046,2,-89.94139099121094,21.172056198120117,2011.0,0.7252482771873474,50
c2_047,2,-89.969685,21.1402587890625,2011.0,0.693331778049469,50
c2_048,2,-90.1038818359375,21.095527,2011.0,0.561343789100647,50
c2_049,2,-89.99231719970703,21.149690628051758,2011.0,0.5903885960578918,50
c2_050,2,-89.950822,21.121396,2011.0,0.6821754574775696,50
c3_045,3,-89.992859,21.161815643310547,2011.0,0.15878790616989136,50
c3_003,3,-90.034357,21.15858268737793,2011.0,0.18931184709072113,50
c3_026,3,-89.986931,21.149959564208984,2011.0,0.8014260530471802,50
c3_008,3,-90.084209,21.151576,2011.0,0.4199828803539276,50
c3_017,3,-89.970493,21.159929275512695,2011.0,0.6694387197494507,50
c3_004,3,-89.982619,21.180679,2011.0,0.40668150782585144,50
c3_040,3,-89.9742660522461,21.185529708862305,2011.0,0.7779479026794434,50
c3_024,3,-89.97722625732422,21.183913,2011.0,0.5288296937942505,50
c3_013,3,-89.995823,21.13837242126465,2011.0,0.7868896126747131,50
c3_018,3,-90.062113,21.107114,2011.0,0.7729084491729736,50
c3_007,3,-90.088521,21.146995,2011.0,0.37496325373649597,50
c3_014,3,-89.951361,21.199003219604492,2011.0,-0.0077028656378388405,50
c3_042,3,-89.950283,21.199003219604492,2011.0,0.2216031700372696,50
c3_029,3,-90.000135,21.137563705444336,2011.0,0.7427201271057129,50
c3_005,3,-90.003638,21.111964,2011.0,0.6787081956863403,50
c3_022,3,-90.005524,21.112503051757812,2011.0,0.6358479261398315,50
c3_002,3,-89.953786,21.197656,2011.0,0.5192435383796692,50
c3_015,3,-89.940852,21.162086486816406,2011.0,0.684308648109436,50
c3_020,3,-90.016842,21.116006,2011.0,0.7101667523384094,50
c3_027,3,-89.982619,21.149421,2011.0,0.5091327428817749,50
c3_030,3,-89.942738,21.1674747467041,2011.0,0.656008780002594,50
c3_050,3,-89.941929,21.168553,2011.0,0.5142490267753601,50
c3_009,3,-89.986392,21.149959564208984,2011.0,0.7967567443847656,50
c3_033,3,-90.039208,21.102802276611328,2011.0,0.6478403210639954,50
c3_038,3,-89.976152,21.169361114501953,2011.0,0.5961687564849854,50
c3_023,3,-89.97183990478516,21.169361114501953,2011.0,0.6037856936454773,50
c3_032,3,-90.00040435791016,21.138642,2011.0,0.5843494534492493,50
c3_046,3,-89.994476,21.137832641601562,2011.0,0.5608605146408081,50
c3_025,3,-89.947049,21.157235,2011.0,0.6513834595680237,50
c3_028,3,-89.976421,21.165858,2011.0,0.702866792678833,50
c3_036,3,-89.95189666748047,21.162894,2011.0,0.5479042530059814,50
c3_021,3,-90.007141,21.131635665893555,2011.0,0.7271508574485779,50
c3_035,3,-90.000943,21.144569396972656,2011.0,0.6902732253074646,50
c3_037,3,-89.97183990478516,21.162086486816406,2011.0,0.7272135615348816,50
c3_039,3,-89.976691,21.168283462524414,2011.0,0.6312313675880432,50
c3_041,3,-89.973996,21.137563705444336,2011.0,0.6027415990829468,50
c3_034,3,-90.041364,21.1402587890625,2011.0,0.6373032927513123,50
c3_047,3,-90.028698,21.126246,2011.0,0.7519502639770508,50
c3_048,3,-90.030315,21.124359130859375,2011.0,0.6952082514762878,50
c3_011,3,-90.035974,21.099299,2011.0,0.6762164831161499,50
c3_001,3,-90.080437,21.100377,2011.0,0.7173691987991333,50
c3_006,3,-89.94677734375,21.202237,2011.0,0.7825096845626831,50
c3_019,3,-89.958367,21.172056198120117,2011.0,0.8075352907180786,50
c3_031,3,-90.00740814208984,21.113042,2011.0,0.7137540578842163,50
c3_010,3,-90.01252746582031,21.114659,2011.0,0.7555082440376282,50
c3_012,3,-90.00768280029297,21.114389419555664,2011.0,0.6323218941688538,50
c3_016,3,-90.045675,21.097951889038086,2011.0,0.5647529363632202,50
c3_043,3,-89.967259,21.189841,2011.0,0.7842403054237366,50
c3_044,3,-90.046214,21.097413,2011.0,0.6376299858093262,50
c3_049,3,-90.016033,21.116006,2011.0,0.6913511157035828,50
c4_001,4,-90.002021,21.168822,2011.0,0.36242035031318665,50
c4_002,4,-90.013878,21.166397094726562,2011.0,0.4412899315357208,50
c4_003,4,-90.040286,21.149421,2011.0,0.7460768818855286,50
c4_004,4,-89.94139099121094,21.181487,2011.0,0.49265268445014954,50
c4_005,4,-89.967529,21.183643341064453,2011.0,0.5639771223068237,50
c4_006,4,-89.943277,21.200620651245117,2011.0,0.7332563400268555,50
c4_007,4,-89.968068,21.171248,2011.0,0.556922435760498,50
c4_008,4,-90.035705,21.15346336364746,2011.0,0.7180488109588623,50
c4_009,4,-89.967798,21.179332,2011.0,-0.10672798752784729,50
c4_010,4,-89.949205,21.194961,2011.0,0.1985114961862564,50
c4_011,4,-89.943007,21.202506,2011.0,0.39086294174194336,50
c4_012,4,-89.945163,21.199811,2011.0,0.25821805000305176,50
c4_013,4,-89.972379,21.174481,2011.0,0.19792212545871735,50
c4_014,4,-90.041633,21.148612,2011.0,0.5758742690086365,50
c4_015,4,-89.960792,21.190380096435547,2011.0,0.4241006672382355,50
c4_016,4,-89.958098,21.184452056884766,2011.0,0.34823474287986755,50
c4_017,4,-90.074239,21.133790969848633,2011.0,0.7505719661712646,50
c4_018,4,-89.950822,21.1922664642334,2011.0,0.28055813908576965,50
c4_019,4,-89.996901,21.149959564208984,2011.0,0.6383008360862732,50
c4_020,4,-89.960523,21.186338424682617,2011.0,0.2386370301246643,50
c4_021,4,-89.9465103149414,21.185529708862305,2011.0,0.14881464838981628,50
c4_022,4,-89.957828,21.185529708862305,2011.0,0.36662760376930237,50
c4_023,4,-90.035705,21.144301,2011.0,0.4777146577835083,50
c4_024,4,-90.022501,21.156966,2011.0,0.31690433621406555,50
c4_025,4,-89.981002,21.165319,2011.0,0.37997177243232727,50
c4_026,4,-90.027621,21.162355422973633,2011.0,0.2861592471599579,50
c4_027,4,-89.949475,21.19415283203125,2011.0,0.024784626439213753,50
c4_028,4,-89.940852,21.201428,2011.0,0.6954913139343262,50
c4_029,4,-89.961601,21.190919,2011.0,0.6821020245552063,50
c4_030,4,-90.041364,21.151576,2011.0,0.8002140522003174,50
c4_031,4,-90.062382,21.153732299804688,2011.0,0.4005105495452881,50
c4_032,4,-89.944085,21.193883,2011.0,0.24373531341552734,50
c4_033,4,-89.981811,21.164511,2011.0,0.6216248869895935,50
c4_034,4,-89.940313,21.199811,2011.0,0.3061223030090332,50
c4_035,4,-90.072622,21.132714,2011.0,0.7245969772338867,50
c4_036,4,-89.942738,21.183643341064453,2011.0,0.21449896693229675,50
c4_037,4,-89.9742660522461,21.173673,2011.0,0.6468529105186462,50
c4_038,4,-89.966451,21.182565,2011.0,0.27363598346710205,50
c4_039,4,-90.014147,21.163972,2011.0,0.08174848556518555,50
c4_040,4,-89.944355,21.201428,2011.0,0.5205934643745422,50
c4_041,4,-90.011183,21.148881912231445,2011.0,0.6050227284431458,50
c4_042,4,-90.071814,21.131635665893555,2011.0,0.7234031558036804,50
c4_043,4,-90.11438751220703,21.11061668395996,2011.0,0.6216604709625244,50
c4_044,4,-89.956481,21.189302444458008,2011.0,0.6592252850532532,50
c4_045,4,-90.036513,21.153732299804688,2011.0,0.6716647744178772,50
c4_046,4,-89.98235321044922,21.169092178344727,2011.0,0.4663878083229065,50
c4_047,4,-89.992859,21.172864,2011.0,0.23260846734046936,50
c4_048,4,-89.948127,21.191457748413086,2011.0,0.5329574346542358,50
c4_049,4,-90.1195068359375,21.108461380004883,2011.0,0.5326287150382996,50
c4_050,4,-90.094718,21.12301254272461,2011.0,0.45239686965942383,50
c5_045,5,-90.018998,21.166128158569336,2011.0,0.3653576374053955,50
c5_008,5,-90.034357,21.155618,2011.0,0.6000689268112183,50
c5_010,5,-89.957289,21.163703,2011.0,0.416399210691452,50
c5_011,5,-90.004985,21.156696319580078,2011.0,0.6015633940696716,50
c5_012,5,-90.066424,21.154809951782227,2011.0,0.47959914803504944,50
c5_014,5,-90.006871,21.155887603759766,2011.0,0.29156625270843506,50
c5_016,5,-90.002829,21.15642738342285,2011.0,0.5045197010040283,50
c5_022,5,-90.044597,21.154809951782227,2011.0,0.4549817144870758,50
c5_024,5,-89.995284,21.15642738342285,2011.0,0.49853113293647766,50
c5_003,5,-90.056993,21.154541015625,2011.0,0.3629996180534363,50
c5_013,5,-90.020614,21.157235,2011.0,0.2888418138027191,50
c5_020,5,-90.027621,21.156966,2011.0,0.2955879867076874,50
c5_025,5,-90.03301239013672,21.15966033935547,2011.0,0.1516270935535431,50
c5_034,5,-90.012261,21.166397094726562,2011.0,0.41850370168685913,50
c5_040,5,-90.069658,21.154541015625,2011.0,0.37442857027053833,50
c5_041,5,-89.998787,21.156156539916992,2011.0,0.2828157842159271,50
c5_043,5,-90.113042,21.13729476928711,2011.0,0.5865954756736755,50
c5_002,5,-90.042172,21.156156539916992,2011.0,0.23225966095924377,50
c5_004,5,-90.034088,21.156966,2011.0,0.29406994581222534,50
c5_001,5,-89.996093,21.155887603759766,2011.0,0.5417478680610657,50
c5_006,5,-90.035435,21.154809951782227,2011.0,0.6201738119125366,50
c5_015,5,-89.942738,21.172864,2011.0,0.40666764974594116,50
c5_018,5,-90.0685806274414,21.152385,2011.0,0.33830225467681885,50
c5_026,5,-89.998248,21.172326,2011.0,0.20012152194976807,50
c5_033,5,-90.01980590820312,21.156966,2011.0,0.6381299495697021,50
c5_036,5,-90.041902,21.15750503540039,2011.0,0.4159427583217621,50
c5_039,5,-90.060496,21.15642738342285,2011.0,0.5789473652839661,50
c5_005,5,-90.041633,21.159929275512695,2011.0,0.5298718810081482,50
c5_009,5,-90.038938,21.154271,2011.0,0.7599772214889526,50
c5_019,5,-90.057262,21.155349,2011.0,0.4068657159805298,50
c5_021,5,-90.089598,21.148073196411133,2011.0,0.36215728521347046,50
c5_030,5,-90.071814,21.151845932006836,2011.0,0.3616791069507599,50
c5_031,5,-90.003099,21.155618,2011.0,0.5333585143089294,50
c5_035,5,-90.095527,21.151845932006836,2011.0,0.48043593764305115,50
c5_037,5,-89.996632,21.160469,2011.0,0.6587104797363281,50
c5_023,5,-89.978038,21.180139541625977,2011.0,0.520046055316925,50
c5_017,5,-90.040555,21.145917892456055,2011.0,0.48628801107406616,50
c5_027,5,-90.08879089355469,21.150768280029297,2011.0,0.6806805729866028,50
c5_047,5,-90.001213,21.154541015625,2011.0,0.7485849261283875,50
c5_048,5,-90.028429,21.156696319580078,2011.0,0.5772321224212646,50
c5_029,5,-90.090407,21.149421,2011.0,0.5061325430870056,50
c5_032,5,-90.079359,21.150768280029297,2011.0,0.3351508677005768,50
c5_038,5,-90.04082489013672,21.156966,2011.0,0.5311822891235352,50
c5_046,5,-90.067233,21.152114868164062,2011.0,0.40993690490722656,50
c5_028,5,-90.095527,21.150499,2011.0,0.6283654570579529,50
c5_044,5,-89.973188,21.183374404907227,2011.0,0.3672286570072174,50
c5_042,5,-90.08124542236328,21.149421,2011.0,0.4295053482055664,50
c5_007,5,-90.021962,21.143491744995117,2011.0,0.42734915018081665,50
c10_001,3,-90.028968,21.158313,2011.0,0.11000121384859085,50
c10_005,3,-89.954594,21.163972,2011.0,0.38199350237846375,50
c10_002,3,-90.033549,21.15858268737793,2011.0,0.1009703204035759,50
c10_003,3,-90.030046,21.158044,2011.0,0.20462919771671295,50
c10_004,3,-90.029507,21.157773971557617,2011.0,0.2086469978094101,50
c10_006,3,-90.03301239013672,21.159122467041016,2011.0,0.1264767050743103,50
c10_007,3,-90.03301239013672,21.158044,2011.0,0.18971724808216095,50
c10_009,3,-90.032741,21.15858268737793,2011.0,0.13969796895980835,50
c10_010,3,-90.030585,21.158044,2011.0,0.11388187110424042,50
c10_008,3,-89.95405578613281,21.163972,2011.0,0.3124823570251465,50
c1_051,1,-90.064538,21.118162155151367,2011.0,0.5524328947067261,50
c1_052,1,-90.05322265625,21.112234115600586,2011.0,0.6610307693481445,50
c1_053,1,-90.068041,21.142953,2011.0,0.6813162565231323,50
c1_054,1,-90.00040435791016,21.124359130859375,2011.0,0.6311405301094055,50
c1_055,1,-90.049178,21.1402587890625,2011.0,0.6157247424125671,50
c2_051,2,-90.111695,21.123821258544922,2011.0,0.5663695931434631,50
c2_052,2,-90.02277374267578,21.139720916748047,2011.0,0.6502588987350464,50
c2_053,2,-89.941929,21.138911,2011.0,0.7414379119873047,50
c2_054,2,-89.950013,21.130019,2011.0,0.7255049347877502,50
c2_055,2,-90.106306,21.128941,2011.0,0.6396017670631409,50
c3_062,3,-90.086634,21.149690628051758,2011.0,0.31728583574295044,50
c3_051,3,-90.010914,21.144301,2011.0,0.7312684655189514,50
c3_055,3,-90.079359,21.150499,2011.0,0.2799057960510254,50
c3_058,3,-90.000943,21.171248,2011.0,0.4725751280784607,50
c3_052,3,-90.094179,21.114929,2011.0,0.5307164788246155,50
c3_059,3,-90.039208,21.1402587890625,2011.0,0.7297855019569397,50
c3_053,3,-90.013608,21.152114868164062,2011.0,0.801878035068512,50
c3_060,3,-89.958906,21.12489891052246,2011.0,0.8451781868934631,50
c3_057,3,-90.058071,21.159929275512695,2011.0,0.6886664032936096,50
c3_061,3,-89.973457,21.138911,2011.0,0.6666278839111328,50
c3_064,3,-89.989625,21.149959564208984,2011.0,0.6494143605232239,50
c3_063,3,-90.030046,21.125707,2011.0,0.7510324120521545,50
c3_065,3,-89.972379,21.162086486816406,2011.0,0.7909413576126099,50
c3_054,3,-90.029237,21.101455,2011.0,0.6635483503341675,50
c3_056,3,-90.008758,21.114120483398438,2011.0,0.6817248463630676,50
c4_051,4,-89.958906,21.191997,2011.0,0.3774058520793915,50
c4_052,4,-89.957828,21.178254,2011.0,0.1538543701171875,50
c4_053,4,-89.994476,21.172864,2011.0,0.30571314692497253,50
c4_054,4,-89.994745,21.168822,2011.0,0.07539921998977661,50
c4_055,4,-90.0025634765625,21.169631,2011.0,0.19511520862579346,50
c1_001,1,-90.056184,21.12301254272461,2012.0,0.7449659705162048,49
c1_002,1,-89.984506,21.126246,2012.0,0.746959924697876,49
c1_003,1,-90.070197,21.140798,2012.0,0.7634864449501038,49
c1_004,1,-90.057801,21.145648,2012.0,0.7640050053596497,49
c1_005,1,-90.024926,21.145379,2012.0,0.59329754114151,49
c1_006,1,-89.979386,21.130288,2012.0,0.6671341061592102,49
c1_007,1,-90.08636474609375,21.137025,2012.0,0.7359054684638977,49
c1_008,1,-89.952169,21.14322280883789,2012.0,0.7601659297943115,49
c1_009,1,-90.055106,21.138911,2012.0,0.5807104110717773,49
c1_010,1,-89.945702,21.14322280883789,2012.0,0.6815552711486816,49
c1_011,1,-89.958098,21.149151,2012.0,0.7395036220550537,49
c1_012,1,-90.036783,21.117354,2012.0,0.8003843426704407,49
c1_013,1,-90.113042,21.085018157958984,2012.0,0.8121576309204102,49
c1_014,1,-89.944085,21.154002,2012.0,0.7969208359718323,49
c1_015,1,-90.065885,21.113581,2012.0,0.6134383082389832,49
c1_016,1,-90.064538,21.121126174926758,2012.0,0.6463825702667236,49
c1_017,1,-90.01280212402344,21.122474,2012.0,0.711862325668335,49
c1_018,1,-90.013608,21.150499,2012.0,0.7688394784927368,49
c1_019,1,-90.075856,21.141876220703125,2012.0,0.814059317111969,49
c1_020,1,-90.063729,21.119510650634766,2012.0,0.642633855342865,49
c1_021,1,-90.112234,21.128671646118164,2012.0,0.6046897172927856,49
c1_022,1,-89.970224,21.131635665893555,2012.0,0.656862199306488,49
c1_023,1,-90.049448,21.111425399780273,2012.0,0.6607071161270142,49
c1_024,1,-90.076933,21.135408401489258,2012.0,0.8364147543907166,49
c1_025,1,-90.09391021728516,21.143762,2012.0,0.8003793954849243,49
c1_026,1,-89.940852,21.145917892456055,2012.0,0.779299795627594,49
c1_027,1,-89.945163,21.154002,2012.0,0.7962774634361267,49
c1_028,1,-90.098491,21.127324,2012.0,0.8011987805366516,49
c1_029,1,-90.003368,21.149421,2012.0,0.5433061122894287,49
c1_030,1,-89.972918,21.124629,2012.0,0.7814795970916748,49
c1_031,1,-90.003907,21.124359130859375,2012.0,0.7374479174613953,49
c1_032,1,-90.066694,21.0987606048584,2012.0,0.7555345296859741,49
c1_033,1,-89.994745,21.123552322387695,2012.0,0.6869093179702759,49
c1_034,1,-90.08879089355469,21.142953,2012.0,0.7120814323425293,49
c1_035,1,-90.063191,21.110887,2012.0,0.6445024013519287,49
c1_036,1,-89.960523,21.137563705444336,2012.0,0.7675408720970154,49
c1_037,1,-90.094179,21.093371,2012.0,0.756389319896698,49
c1_038,1,-90.0025634765625,21.122743,2012.0,0.6624988913536072,49
c1_039,1,-90.051334,21.132714,2012.0,0.5807008743286133,49
c1_040,1,-90.066694,21.13837242126465,2012.0,0.6965116858482361,49
c1_041,1,-90.116815,21.0882511138916,2012.0,0.7529518008232117,49
c1_042,1,-90.057801,21.148612,2012.0,0.7923913598060608,49
c1_043,1,-90.080706,21.141876220703125,2012.0,0.7016654014587402,49
c1_044,1,-89.947319,21.188493728637695,2012.0,0.7088194489479065,49
c1_045,1,-89.981811,21.124091,2012.0,0.7307274341583252,49
c1_046,1,-90.058879,21.128671646118164,2012.0,0.6568906307220459,49
c1_047,1,-90.075317,21.10361099243164,2012.0,0.7721020579338074,49
c1_048,1,-90.003638,21.150768280029297,2012.0,0.6125218868255615,49
c1_049,1,-90.026543,21.122743,2012.0,0.7696593403816223,49
c1_050,1,-90.108731,21.117623,2012.0,0.7685121893882751,49
c2_001,2,-89.960253,21.154002,2012.0,0.7080596685409546,49
c2_002,2,-90.117623,21.133522033691406,2012.0,0.6749294400215149,49
c2_003,2,-90.07881927490234,21.09229278564453,2012.0,0.7569921016693115,49
c2_004,2,-89.978847,21.15022850036621,2012.0,0.6263006329536438,49
c2_005,2,-90.089329,21.09364128112793,2012.0,0.8254299759864807,49
c2_006,2,-90.11412048339844,21.100377,2012.0,0.6411124467849731,49
c2_007,2,-90.106036,21.131635665893555,2012.0,0.8556210398674011,49
c2_008,2,-90.001213,21.145379,2012.0,0.7087557911872864,49
c2_009,2,-89.963217,21.183913,2012.0,0.7981240153312683,49
c2_010,2,-90.10226440429688,21.144301,2012.0,0.7215966582298279,49
c2_011,2,-89.958636,21.125438,2012.0,0.8104757070541382,49
c2_012,2,-90.097413,21.149959564208984,2012.0,0.7577377557754517,49
c2_013,2,-90.100647,21.106845,2012.0,0.6486017107963562,49
c2_014,2,-90.04594421386719,21.111156463623047,2012.0,0.5320887565612793,49
c2_015,2,-90.068849,21.102802276611328,2012.0,0.8258360028266907,49
c2_016,2,-90.118162,21.135947,2012.0,0.5551888942718506,49
c2_017,2,-89.96214294433594,21.120587,2012.0,0.794141411781311,49
c2_018,2,-89.981541,21.148343,2012.0,0.5258727669715881,49
c2_019,2,-90.041364,21.101186,2012.0,0.7793200016021729,49
c2_020,2,-90.082592,21.10064697265625,2012.0,0.789989173412323,49
c2_021,2,-89.945163,21.161008,2012.0,0.713936984539032,49
c2_022,2,-90.01280212402344,21.118162155151367,2012.0,0.7466568350791931,49
c2_023,2,-89.94165802001953,21.17879295349121,2012.0,0.5745927095413208,49
c2_024,2,-89.940043,21.179332,2012.0,0.5556608438491821,49
c2_025,2,-89.942199,21.169092178344727,2012.0,0.6191470623016357,49
c2_026,2,-90.04837036132812,21.15858268737793,2012.0,0.7732167840003967,49
c2_027,2,-90.018189,21.155078887939453,2012.0,0.7645538449287415,49
c2_028,2,-90.018998,21.118701,2012.0,0.656762957572937,49
c2_029,2,-89.960253,21.166936,2012.0,0.8574308156967163,49
c2_030,2,-90.08636474609375,21.13918113708496,2012.0,0.7135392427444458,49
c2_031,2,-90.006871,21.167745,2012.0,0.6271753907203674,49
c2_032,2,-89.9599838256836,21.15750503540039,2012.0,0.5705042481422424,49
c2_033,2,-90.052412,21.115737,2012.0,0.7612080574035645,49
c2_034,2,-90.075586,21.099569,2012.0,0.7167233824729919,49
c2_035,2,-90.108731,21.095796,2012.0,0.63703852891922,49
c2_036,2,-90.026543,21.155078887939453,2012.0,0.7762494683265686,49
c2_037,2,-90.006871,21.131097,2012.0,0.7135120034217834,49
c2_038,2,-90.080167,21.099838256835938,2012.0,0.793096661567688,49
c2_039,2,-89.947588,21.136486053466797,2012.0,0.8154942989349365,49
c2_040,2,-90.061304,21.10468864440918,2012.0,0.8079849481582642,49
c2_041,2,-90.075856,21.134868621826172,2012.0,0.795628547668457,49
c2_042,2,-89.99959564208984,21.12004852294922,2012.0,0.7007608413696289,49
c2_043,2,-90.101725,21.08043670654297,2012.0,0.7763434052467346,49
c2_044,2,-90.026004,21.113851,2012.0,0.8031357526779175,49
c2_045,2,-90.118162,21.129209518432617,2012.0,0.7914667725563049,49
c2_046,2,-89.94139099121094,21.172056198120117,2012.0,0.7747339606285095,49
c2_047,2,-89.969685,21.1402587890625,2012.0,0.7586299777030945,49
c2_048,2,-90.1038818359375,21.095527,2012.0,0.6379994750022888,49
c2_049,2,-89.99231719970703,21.149690628051758,2012.0,0.6355887055397034,49
c2_050,2,-89.950822,21.121396,2012.0,0.8384182453155518,49
c3_045,3,-89.992859,21.161815643310547,2012.0,-0.11021547019481659,49
c3_003,3,-90.034357,21.15858268737793,2012.0,-0.07961367815732956,49
c3_026,3,-89.986931,21.149959564208984,2012.0,0.8532760739326477,49
c3_008,3,-90.084209,21.151576,2012.0,0.48862841725349426,49
c3_017,3,-89.970493,21.159929275512695,2012.0,0.6658377051353455,49
c3_004,3,-89.982619,21.180679,2012.0,0.5077713131904602,49
c3_040,3,-89.9742660522461,21.185529708862305,2012.0,0.8457065224647522,49
c3_024,3,-89.97722625732422,21.183913,2012.0,0.6689457297325134,49
c3_013,3,-89.995823,21.13837242126465,2012.0,0.806317150592804,49
c3_018,3,-90.062113,21.107114,2012.0,0.8515602946281433,49
c3_007,3,-90.088521,21.146995,2012.0,0.37822088599205017,49
c3_014,3,-89.951361,21.199003219604492,2012.0,0.01706240326166153,49
c3_042,3,-89.950283,21.199003219604492,2012.0,0.17119567096233368,49
c3_029,3,-90.000135,21.137563705444336,2012.0,0.7301846146583557,49
c3_005,3,-90.003638,21.111964,2012.0,0.7558044195175171,49
c3_022,3,-90.005524,21.112503051757812,2012.0,0.7040271759033203,49
c3_002,3,-89.953786,21.197656,2012.0,0.6669132113456726,49
c3_015,3,-89.940852,21.162086486816406,2012.0,0.7117571234703064,49
c3_020,3,-90.016842,21.116006,2012.0,0.7603999376296997,49
c3_027,3,-89.982619,21.149421,2012.0,0.5560430288314819,49
c3_030,3,-89.942738,21.1674747467041,2012.0,0.6493085026741028,49
c3_050,3,-89.941929,21.168553,2012.0,0.5252005457878113,49
c3_009,3,-89.986392,21.149959564208984,2012.0,0.8385460376739502,49
c3_033,3,-90.039208,21.102802276611328,2012.0,0.7645581364631653,49
c3_038,3,-89.976152,21.169361114501953,2012.0,0.6093444228172302,49
c3_023,3,-89.97183990478516,21.169361114501953,2012.0,0.6521914005279541,49
c3_032,3,-90.00040435791016,21.138642,2012.0,0.5986870527267456,49
c3_046,3,-89.994476,21.137832641601562,2012.0,0.6249715089797974,49
c3_025,3,-89.947049,21.157235,2012.0,0.7184057235717773,49
c3_028,3,-89.976421,21.165858,2012.0,0.7489926218986511,49
c3_036,3,-89.95189666748047,21.162894,2012.0,0.5910984873771667,49
c3_021,3,-90.007141,21.131635665893555,2012.0,0.7181872725486755,49
c3_035,3,-90.000943,21.144569396972656,2012.0,0.7190626263618469,49
c3_037,3,-89.97183990478516,21.162086486816406,2012.0,0.7694196105003357,49
c3_039,3,-89.976691,21.168283462524414,2012.0,0.6280461549758911,49
c3_041,3,-89.973996,21.137563705444336,2012.0,0.6590593457221985,49
c3_034,3,-90.041364,21.1402587890625,2012.0,0.6659397482872009,49
c3_047,3,-90.028698,21.126246,2012.0,0.790330708026886,49
c3_048,3,-90.030315,21.124359130859375,2012.0,0.6757438778877258,49
c3_011,3,-90.035974,21.099299,2012.0,0.7277270555496216,49
c3_001,3,-90.080437,21.100377,2012.0,0.7594006061553955,49
c3_006,3,-89.94677734375,21.202237,2012.0,0.8089924454689026,49
c3_019,3,-89.958367,21.172056198120117,2012.0,0.8510456681251526,49
c3_031,3,-90.00740814208984,21.113042,2012.0,0.753334641456604,49
c3_010,3,-90.01252746582031,21.114659,2012.0,0.7754166722297668,49
c3_012,3,-90.00768280029297,21.114389419555664,2012.0,0.6388391852378845,49
c3_016,3,-90.045675,21.097951889038086,2012.0,0.6500877737998962,49
c3_043,3,-89.967259,21.189841,2012.0,0.8435251712799072,49
c3_044,3,-90.046214,21.097413,2012.0,0.7501199841499329,49
c3_049,3,-90.016033,21.116006,2012.0,0.73341965675354,49
c4_001,4,-90.002021,21.168822,2012.0,0.31884562969207764,49
c4_002,4,-90.013878,21.166397094726562,2012.0,0.34398239850997925,49
c4_003,4,-90.040286,21.149421,2012.0,0.7469034790992737,49
c4_004,4,-89.94139099121094,21.181487,2012.0,0.6493763327598572,49
c4_005,4,-89.967529,21.183643341064453,2012.0,0.7068563103675842,49
c4_006,4,-89.943277,21.200620651245117,2012.0,0.7953678965568542,49
c4_007,4,-89.968068,21.171248,2012.0,0.6696425080299377,49
c4_008,4,-90.035705,21.15346336364746,2012.0,0.7244232296943665,49
c4_009,4,-89.967798,21.179332,2012.0,-0.32795530557632446,49
c4_010,4,-89.949205,21.194961,2012.0,-0.08644711971282959,49
c4_011,4,-89.943007,21.202506,2012.0,0.6114675402641296,49
c4_012,4,-89.945163,21.199811,2012.0,0.13428722321987152,49
c4_013,4,-89.972379,21.174481,2012.0,0.5012742877006531,49
c4_014,4,-90.041633,21.148612,2012.0,0.688787579536438,49
c4_015,4,-89.960792,21.190380096435547,2012.0,0.7105256915092468,49
c4_016,4,-89.958098,21.184452056884766,2012.0,0.47525158524513245,49
c4_017,4,-90.074239,21.133790969848633,2012.0,0.7913045883178711,49
c4_018,4,-89.950822,21.1922664642334,2012.0,0.15412791073322296,49
c4_019,4,-89.996901,21.149959564208984,2012.0,0.6845741868019104,49
c4_020,4,-89.960523,21.186338424682617,2012.0,0.28633221983909607,49
c4_021,4,-89.9465103149414,21.185529708862305,2012.0,-0.03496566787362099,49
c4_022,4,-89.957828,21.185529708862305,2012.0,0.5454713702201843,49
c4_023,4,-90.035705,21.144301,2012.0,0.5498994588851929,49
c4_024,4,-90.022501,21.156966,2012.0,0.21875062584877014,49
c4_025,4,-89.981002,21.165319,2012.0,0.6341065168380737,49
c4_026,4,-90.027621,21.162355422973633,2012.0,0.3006324768066406,49
c4_027,4,-89.949475,21.19415283203125,2012.0,-0.12632043659687042,49
c4_028,4,-89.940852,21.201428,2012.0,0.8075429201126099,49
c4_029,4,-89.961601,21.190919,2012.0,0.8040627837181091,49
c4_030,4,-90.041364,21.151576,2012.0,0.792003870010376,49
c4_031,4,-90.062382,21.153732299804688,2012.0,0.30262133479118347,49
c4_032,4,-89.944085,21.193883,2012.0,-0.014037752524018288,49
c4_033,4,-89.981811,21.164511,2012.0,0.6257448792457581,49
c4_034,4,-89.940313,21.199811,2012.0,0.38475221395492554,49
c4_035,4,-90.072622,21.132714,2012.0,0.7576996684074402,49
c4_036,4,-89.942738,21.183643341064453,2012.0,0.24180473387241364,49
c4_037,4,-89.9742660522461,21.173673,2012.0,0.7773116827011108,49
c4_038,4,-89.966451,21.182565,2012.0,0.27791863679885864,49
c4_039,4,-90.014147,21.163972,2012.0,-0.1475864052772522,49
c4_040,4,-89.944355,21.201428,2012.0,0.683020293712616,49
c4_041,4,-90.011183,21.148881912231445,2012.0,0.6114367842674255,49
c4_042,4,-90.071814,21.131635665893555,2012.0,0.7109411358833313,49
c4_043,4,-90.11438751220703,21.11061668395996,2012.0,0.6397500038146973,49
c4_044,4,-89.956481,21.189302444458008,2012.0,0.7813605070114136,49
c4_045,4,-90.036513,21.153732299804688,2012.0,0.6796513199806213,49
c4_046,4,-89.98235321044922,21.169092178344727,2012.0,0.6883998513221741,49
c4_047,4,-89.992859,21.172864,2012.0,-0.0017386964755132794,49
c4_048,4,-89.948127,21.191457748413086,2012.0,0.6706715822219849,49
c4_049,4,-90.1195068359375,21.108461380004883,2012.0,0.5870016813278198,49
c4_050,4,-90.094718,21.12301254272461,2012.0,0.4301772117614746,49
c5_045,5,-90.018998,21.166128158569336,2012.0,0.3398989140987396,49
c5_008,5,-90.034357,21.155618,2012.0,0.5951279401779175,49
c5_010,5,-89.957289,21.163703,2012.0,0.5111490488052368,49
c5_011,5,-90.004985,21.156696319580078,2012.0,0.7448715567588806,49
c5_012,5,-90.066424,21.154809951782227,2012.0,0.4759983718395233,49
c5_014,5,-90.006871,21.155887603759766,2012.0,0.3838389217853546,49
c5_016,5,-90.002829,21.15642738342285,2012.0,0.6140289902687073,49
c5_022,5,-90.044597,21.154809951782227,2012.0,0.5883845686912537,49
c5_024,5,-89.995284,21.15642738342285,2012.0,0.4877346158027649,49
c5_003,5,-90.056993,21.154541015625,2012.0,0.3459407389163971,49
c5_013,5,-90.020614,21.157235,2012.0,0.22690518200397491,49
c5_020,5,-90.027621,21.156966,2012.0,0.40747740864753723,49
c5_025,5,-90.03301239013672,21.15966033935547,2012.0,0.01389504037797451,49
c5_034,5,-90.012261,21.166397094726562,2012.0,0.4461580514907837,49
c5_040,5,-90.069658,21.154541015625,2012.0,0.18038521707057953,49
c5_041,5,-89.998787,21.156156539916992,2012.0,0.4291699528694153,49
c5_043,5,-90.113042,21.13729476928711,2012.0,0.5669456124305725,49
c5_002,5,-90.042172,21.156156539916992,2012.0,0.18290022015571594,49
c5_004,5,-90.034088,21.156966,2012.0,0.23772825300693512,49
c5_001,5,-89.996093,21.155887603759766,2012.0,0.6447116732597351,49
c5_006,5,-90.035435,21.154809951782227,2012.0,0.6125651597976685,49
c5_015,5,-89.942738,21.172864,2012.0,0.41427966952323914,49
c5_018,5,-90.0685806274414,21.152385,2012.0,0.2312002182006836,49
c5_026,5,-89.998248,21.172326,2012.0,0.2258220613002777,49
c5_033,5,-90.01980590820312,21.156966,2012.0,0.5905676484107971,49
c5_036,5,-90.041902,21.15750503540039,2012.0,0.5045937299728394,49
c5_039,5,-90.060496,21.15642738342285,2012.0,0.39616769552230835,49
c5_005,5,-90.041633,21.159929275512695,2012.0,0.5529797077178955,49
c5_009,5,-90.038938,21.154271,2012.0,0.7874240875244141,49
c5_019,5,-90.057262,21.155349,2012.0,0.372443288564682,49
c5_021,5,-90.089598,21.148073196411133,2012.0,0.25078094005584717,49
c5_030,5,-90.071814,21.151845932006836,2012.0,0.29068127274513245,49
c5_031,5,-90.003099,21.155618,2012.0,0.6893036961555481,49
c5_035,5,-90.095527,21.151845932006836,2012.0,0.5852919816970825,49
c5_037,5,-89.996632,21.160469,2012.0,0.7576838135719299,49
c5_023,5,-89.978038,21.180139541625977,2012.0,0.5147274732589722,49
c5_017,5,-90.040555,21.145917892456055,2012.0,0.48405900597572327,49
c5_027,5,-90.08879089355469,21.150768280029297,2012.0,0.6190571188926697,49
c5_047,5,-90.001213,21.154541015625,2012.0,0.7656168937683105,49
c5_048,5,-90.028429,21.156696319580078,2012.0,0.7211706638336182,49
c5_029,5,-90.090407,21.149421,2012.0,0.2832597494125366,49
c5_032,5,-90.079359,21.150768280029297,2012.0,0.34475260972976685,49
c5_038,5,-90.04082489013672,21.156966,2012.0,0.7457688450813293,49
c5_046,5,-90.067233,21.152114868164062,2012.0,0.44502130150794983,49
c5_028,5,-90.095527,21.150499,2012.0,0.48842501640319824,49
c5_044,5,-89.973188,21.183374404907227,2012.0,0.40621936321258545,49
c5_042,5,-90.08124542236328,21.149421,2012.0,0.3970145583152771,49
c5_007,5,-90.021962,21.143491744995117,2012.0,0.4571702182292938,49
c10_001,3,-90.028968,21.158313,2012.0,-0.055680710822343826,49
c10_005,3,-89.954594,21.163972,2012.0,0.4701067805290222,49
c10_002,3,-90.033549,21.15858268737793,2012.0,-0.09535973519086838,49
c10_003,3,-90.030046,21.158044,2012.0,0.10178310424089432,49
c10_004,3,-90.029507,21.157773971557617,2012.0,0.1545259803533554,49
c10_006,3,-90.03301239013672,21.159122467041016,2012.0,-0.05817575007677078,49
c10_007,3,-90.03301239013672,21.158044,2012.0,0.04915427044034004,49
c10_009,3,-90.032741,21.15858268737793,2012.0,0.028282620012760162,49
c10_010,3,-90.030585,21.158044,2012.0,0.1309501826763153,49
c10_008,3,-89.95405578613281,21.163972,2012.0,0.361759752035141,49
c1_051,1,-90.064538,21.118162155151367,2012.0,0.5828324556350708,49
c1_052,1,-90.05322265625,21.112234115600586,2012.0,0.692317545413971,49
c1_053,1,-90.068041,21.142953,2012.0,0.7411099672317505,49
c1_054,1,-90.00040435791016,21.124359130859375,2012.0,0.7139904499053955,49
c1_055,1,-90.049178,21.1402587890625,2012.0,0.6316750049591064,49
c2_051,2,-90.111695,21.123821258544922,2012.0,0.7478233575820923,49
c2_052,2,-90.02277374267578,21.139720916748047,2012.0,0.693047285079956,49
c2_053,2,-89.941929,21.138911,2012.0,0.8341214060783386,49
c2_054,2,-89.950013,21.130019,2012.0,0.8109069466590881,49
c2_055,2,-90.106306,21.128941,2012.0,0.7629579901695251,49
c3_062,3,-90.086634,21.149690628051758,2012.0,0.11301681399345398,49
c3_051,3,-90.010914,21.144301,2012.0,0.8304407596588135,49
c3_055,3,-90.079359,21.150499,2012.0,0.28890588879585266,49
c3_058,3,-90.000943,21.171248,2012.0,0.40270358324050903,49
c3_052,3,-90.094179,21.114929,2012.0,0.6649089455604553,49
c3_059,3,-90.039208,21.1402587890625,2012.0,0.7673705816268921,49
c3_053,3,-90.013608,21.152114868164062,2012.0,0.8377059698104858,49
c3_060,3,-89.958906,21.12489891052246,2012.0,0.8761774301528931,49
c3_057,3,-90.058071,21.159929275512695,2012.0,0.7524776458740234,49
c3_061,3,-89.973457,21.138911,2012.0,0.7028818726539612,49
c3_064,3,-89.989625,21.149959564208984,2012.0,0.6645182967185974,49
c3_063,3,-90.030046,21.125707,2012.0,0.6961912512779236,49
c3_065,3,-89.972379,21.162086486816406,2012.0,0.8085846900939941,49
c3_054,3,-90.029237,21.101455,2012.0,0.7676726579666138,49
c3_056,3,-90.008758,21.114120483398438,2012.0,0.7010136246681213,49
c4_051,4,-89.958906,21.191997,2012.0,0.4480634033679962,49
c4_052,4,-89.957828,21.178254,2012.0,0.043155115097761154,49
c4_053,4,-89.994476,21.172864,2012.0,0.3815707564353943,49
c4_054,4,-89.994745,21.168822,2012.0,0.017894785851240158,49
c4_055,4,-90.0025634765625,21.169631,2012.0,0.25901731848716736,49
c1_001,1,-90.056184,21.12301254272461,2013.0,0.7484611868858337,73
c1_002,1,-89.984506,21.126246,2013.0,0.7636423707008362,73
c1_003,1,-90.070197,21.140798,2013.0,0.7536748051643372,73
c1_004,1,-90.057801,21.145648,2013.0,0.7415655851364136,73
c1_005,1,-90.024926,21.145379,2013.0,0.5880981683731079,73
c1_006,1,-89.979386,21.130288,2013.0,0.6736522912979126,73
c1_007,1,-90.08636474609375,21.137025,2013.0,0.7001065015792847,73
c1_008,1,-89.952169,21.14322280883789,2013.0,0.7779377698898315,73
c1_009,1,-90.055106,21.138911,2013.0,0.5737963318824768,73
c1_010,1,-89.945702,21.14322280883789,2013.0,0.7086746096611023,73
c1_011,1,-89.958098,21.149151,2013.0,0.7708811163902283,73
c1_012,1,-90.036783,21.117354,2013.0,0.7397340536117554,73
c1_013,1,-90.113042,21.085018157958984,2013.0,0.8078839182853699,73
c1_014,1,-89.944085,21.154002,2013.0,0.8302756547927856,73
c1_015,1,-90.065885,21.113581,2013.0,0.6188037991523743,73
c1_016,1,-90.064538,21.121126174926758,2013.0,0.5519368052482605,73
c1_017,1,-90.01280212402344,21.122474,2013.0,0.6933117508888245,73
c1_018,1,-90.013608,21.150499,2013.0,0.7977579236030579,73
c1_019,1,-90.075856,21.141876220703125,2013.0,0.8168942332267761,73
c1_020,1,-90.063729,21.119510650634766,2013.0,0.5351015329360962,73
c1_021,1,-90.112234,21.128671646118164,2013.0,0.34467071294784546,73
c1_022,1,-89.970224,21.131635665893555,2013.0,0.5908278226852417,73
c1_023,1,-90.049448,21.111425399780273,2013.0,0.6935879588127136,73
c1_024,1,-90.076933,21.135408401489258,2013.0,0.7724379301071167,73
c1_025,1,-90.09391021728516,21.143762,2013.0,0.8060296773910522,73
c1_026,1,-89.940852,21.145917892456055,2013.0,0.7786368727684021,73
c1_027,1,-89.945163,21.154002,2013.0,0.8015087842941284,73
c1_028,1,-90.098491,21.127324,2013.0,0.7361501455307007,73
c1_029,1,-90.003368,21.149421,2013.0,0.5787721872329712,73
c1_030,1,-89.972918,21.124629,2013.0,0.7842661142349243,73
c1_031,1,-90.003907,21.124359130859375,2013.0,0.6998004913330078,73
c1_032,1,-90.066694,21.0987606048584,2013.0,0.7299469113349915,73
c1_033,1,-89.994745,21.123552322387695,2013.0,0.6656903624534607,73
c1_034,1,-90.08879089355469,21.142953,2013.0,0.7085540890693665,73
c1_035,1,-90.063191,21.110887,2013.0,0.6524736881256104,73
c1_036,1,-89.960523,21.137563705444336,2013.0,0.7856593728065491,73
c1_037,1,-90.094179,21.093371,2013.0,0.7435185313224792,73
c1_038,1,-90.0025634765625,21.122743,2013.0,0.648330569267273,73
c1_039,1,-90.051334,21.132714,2013.0,0.5695946216583252,73
c1_040,1,-90.066694,21.13837242126465,2013.0,0.6683708429336548,73
c1_041,1,-90.116815,21.0882511138916,2013.0,0.7373099327087402,73
c1_042,1,-90.057801,21.148612,2013.0,0.7947538495063782,73
c1_043,1,-90.080706,21.141876220703125,2013.0,0.6885151863098145,73
c1_044,1,-89.947319,21.188493728637695,2013.0,0.7038955688476562,73
c1_045,1,-89.981811,21.124091,2013.0,0.7847095727920532,73
c1_046,1,-90.058879,21.128671646118164,2013.0,0.556664764881134,73
c1_047,1,-90.075317,21.10361099243164,2013.0,0.7280533313751221,73
c1_048,1,-90.003638,21.150768280029297,2013.0,0.619320809841156,73
c1_049,1,-90.026543,21.122743,2013.0,0.7048035860061646,73
c1_050,1,-90.108731,21.117623,2013.0,0.7302345633506775,73
c2_001,2,-89.960253,21.154002,2013.0,0.6837096810340881,73
c2_002,2,-90.117623,21.133522033691406,2013.0,0.45851752161979675,73
c2_003,2,-90.07881927490234,21.09229278564453,2013.0,0.7465107440948486,73
c2_004,2,-89.978847,21.15022850036621,2013.0,0.5846940279006958,73
c2_005,2,-90.089329,21.09364128112793,2013.0,0.8015866279602051,73
c2_006,2,-90.11412048339844,21.100377,2013.0,0.6510719060897827,73
c2_007,2,-90.106036,21.131635665893555,2013.0,0.7727256417274475,73
c2_008,2,-90.001213,21.145379,2013.0,0.6920551061630249,73
c2_009,2,-89.963217,21.183913,2013.0,0.8075484037399292,73
c2_010,2,-90.10226440429688,21.144301,2013.0,0.6291211247444153,73
c2_011,2,-89.958636,21.125438,2013.0,0.7874361276626587,73
c2_012,2,-90.097413,21.149959564208984,2013.0,0.7872762084007263,73
c2_013,2,-90.100647,21.106845,2013.0,0.6339443922042847,73
c2_014,2,-90.04594421386719,21.111156463623047,2013.0,0.5157779455184937,73
c2_015,2,-90.068849,21.102802276611328,2013.0,0.8072724342346191,73
c2_016,2,-90.118162,21.135947,2013.0,0.29001447558403015,73
c2_017,2,-89.96214294433594,21.120587,2013.0,0.7444528341293335,73
c2_018,2,-89.981541,21.148343,2013.0,0.4894304573535919,73
c2_019,2,-90.041364,21.101186,2013.0,0.7341184020042419,73
c2_020,2,-90.082592,21.10064697265625,2013.0,0.7632502317428589,73
c2_021,2,-89.945163,21.161008,2013.0,0.6988987922668457,73
c2_022,2,-90.01280212402344,21.118162155151367,2013.0,0.6967009902000427,73
c2_023,2,-89.94165802001953,21.17879295349121,2013.0,0.6029291749000549,73
c2_024,2,-89.940043,21.179332,2013.0,0.5833407044410706,73
c2_025,2,-89.942199,21.169092178344727,2013.0,0.6631356477737427,73
c2_026,2,-90.04837036132812,21.15858268737793,2013.0,0.6841922402381897,73
c2_027,2,-90.018189,21.155078887939453,2013.0,0.7836984992027283,73
c2_028,2,-90.018998,21.118701,2013.0,0.6329889893531799,73
c2_029,2,-89.960253,21.166936,2013.0,0.8620738983154297,73
c2_030,2,-90.08636474609375,21.13918113708496,2013.0,0.7253859043121338,73
c2_031,2,-90.006871,21.167745,2013.0,0.6871008276939392,73
c2_032,2,-89.9599838256836,21.15750503540039,2013.0,0.5947041511535645,73
c2_033,2,-90.052412,21.115737,2013.0,0.7187666893005371,73
c2_034,2,-90.075586,21.099569,2013.0,0.7026501297950745,73
c2_035,2,-90.108731,21.095796,2013.0,0.6030234098434448,73
c2_036,2,-90.026543,21.155078887939453,2013.0,0.7975620627403259,73
c2_037,2,-90.006871,21.131097,2013.0,0.6896843314170837,73
c2_038,2,-90.080167,21.099838256835938,2013.0,0.7798765301704407,73
c2_039,2,-89.947588,21.136486053466797,2013.0,0.7322320938110352,73
c2_040,2,-90.061304,21.10468864440918,2013.0,0.7558185458183289,73
c2_041,2,-90.075856,21.134868621826172,2013.0,0.7392592430114746,73
c2_042,2,-89.99959564208984,21.12004852294922,2013.0,0.6345658302307129,73
c2_043,2,-90.101725,21.08043670654297,2013.0,0.6646352410316467,73
c2_044,2,-90.026004,21.113851,2013.0,0.760095477104187,73
c2_045,2,-90.118162,21.129209518432617,2013.0,0.7888603806495667,73
c2_046,2,-89.94139099121094,21.172056198120117,2013.0,0.7825099229812622,73
c2_047,2,-89.969685,21.1402587890625,2013.0,0.7691484689712524,73
c2_048,2,-90.1038818359375,21.095527,2013.0,0.5846847295761108,73
c2_049,2,-89.99231719970703,21.149690628051758,2013.0,0.6509162783622742,73
c2_050,2,-89.950822,21.121396,2013.0,0.7688561081886292,73
c3_045,3,-89.992859,21.161815643310547,2013.0,-0.14605170488357544,73
c3_003,3,-90.034357,21.15858268737793,2013.0,-0.14006853103637695,73
c3_026,3,-89.986931,21.149959564208984,2013.0,0.8289911150932312,73
c3_008,3,-90.084209,21.151576,2013.0,0.23989802598953247,73
c3_017,3,-89.970493,21.159929275512695,2013.0,0.635378360748291,73
c3_004,3,-89.982619,21.180679,2013.0,0.5302750468254089,73
c3_040,3,-89.9742660522461,21.185529708862305,2013.0,0.8104378581047058,73
c3_024,3,-89.97722625732422,21.183913,2013.0,0.6446391940116882,73
c3_013,3,-89.995823,21.13837242126465,2013.0,0.8072169423103333,73
c3_018,3,-90.062113,21.107114,2013.0,0.835159420967102,73
c3_007,3,-90.088521,21.146995,2013.0,0.29210805892944336,73
c3_014,3,-89.951361,21.199003219604492,2013.0,-0.03962551802396774,73
c3_042,3,-89.950283,21.199003219604492,2013.0,0.3011007308959961,73
c3_029,3,-90.000135,21.137563705444336,2013.0,0.5914700031280518,73
c3_005,3,-90.003638,21.111964,2013.0,0.6976808309555054,73
c3_022,3,-90.005524,21.112503051757812,2013.0,0.6747754216194153,73
c3_002,3,-89.953786,21.197656,2013.0,0.6686615943908691,73
c3_015,3,-89.940852,21.162086486816406,2013.0,0.695405900478363,73
c3_020,3,-90.016842,21.116006,2013.0,0.7151520252227783,73
c3_027,3,-89.982619,21.149421,2013.0,0.43177297711372375,73
c3_030,3,-89.942738,21.1674747467041,2013.0,0.652309238910675,73
c3_050,3,-89.941929,21.168553,2013.0,0.5453153848648071,73
c3_009,3,-89.986392,21.149959564208984,2013.0,0.8230407238006592,73
c3_033,3,-90.039208,21.102802276611328,2013.0,0.7158597111701965,73
c3_038,3,-89.976152,21.169361114501953,2013.0,0.5954663753509521,73
c3_023,3,-89.97183990478516,21.169361114501953,2013.0,0.5276657342910767,73
c3_032,3,-90.00040435791016,21.138642,2013.0,0.5570287108421326,73
c3_046,3,-89.994476,21.137832641601562,2013.0,0.6177709698677063,73
c3_025,3,-89.947049,21.157235,2013.0,0.6979147791862488,73
c3_028,3,-89.976421,21.165858,2013.0,0.6881154179573059,73
c3_036,3,-89.95189666748047,21.162894,2013.0,0.5781580209732056,73
c3_021,3,-90.007141,21.131635665893555,2013.0,0.6776704788208008,73
c3_035,3,-90.000943,21.144569396972656,2013.0,0.6970558762550354,73
c3_037,3,-89.97183990478516,21.162086486816406,2013.0,0.7322023510932922,73
c3_039,3,-89.976691,21.168283462524414,2013.0,0.5979551076889038,73
c3_041,3,-89.973996,21.137563705444336,2013.0,0.6599015593528748,73
c3_034,3,-90.041364,21.1402587890625,2013.0,0.6290104389190674,73
c3_047,3,-90.028698,21.126246,2013.0,0.7686090469360352,73
c3_048,3,-90.030315,21.124359130859375,2013.0,0.6580111384391785,73
c3_011,3,-90.035974,21.099299,2013.0,0.665032148361206,73
c3_001,3,-90.080437,21.100377,2013.0,0.6960582137107849,73
c3_006,3,-89.94677734375,21.202237,2013.0,0.7731549739837646,73
c3_019,3,-89.958367,21.172056198120117,2013.0,0.8249605298042297,73
c3_031,3,-90.00740814208984,21.113042,2013.0,0.7011988759040833,73
c3_010,3,-90.01252746582031,21.114659,2013.0,0.751437783241272,73
c3_012,3,-90.00768280029297,21.114389419555664,2013.0,0.6628337502479553,73
c3_016,3,-90.045675,21.097951889038086,2013.0,0.5554507374763489,73
c3_043,3,-89.967259,21.189841,2013.0,0.8433099389076233,73
c3_044,3,-90.046214,21.097413,2013.0,0.706569254398346,73
c3_049,3,-90.016033,21.116006,2013.0,0.6959283947944641,73
c4_001,4,-90.002021,21.168822,2013.0,0.34039008617401123,73
c4_002,4,-90.013878,21.166397094726562,2013.0,0.26341512799263,73
c4_003,4,-90.040286,21.149421,2013.0,0.7871960997581482,73
c4_004,4,-89.94139099121094,21.181487,2013.0,0.7031130194664001,73
c4_005,4,-89.967529,21.183643341064453,2013.0,0.7033430337905884,73
c4_006,4,-89.943277,21.200620651245117,2013.0,0.7902483344078064,73
c4_007,4,-89.968068,21.171248,2013.0,0.7130157947540283,73
c4_008,4,-90.035705,21.15346336364746,2013.0,0.7633243799209595,73
c4_009,4,-89.967798,21.179332,2013.0,-0.17528489232063293,73
c4_010,4,-89.949205,21.194961,2013.0,0.06937519460916519,73
c4_011,4,-89.943007,21.202506,2013.0,0.6496148109436035,73
c4_012,4,-89.945163,21.199811,2013.0,0.268410861492157,73
c4_013,4,-89.972379,21.174481,2013.0,0.49924394488334656,73
c4_014,4,-90.041633,21.148612,2013.0,0.6917386054992676,73
c4_015,4,-89.960792,21.190380096435547,2013.0,0.6611528396606445,73
c4_016,4,-89.958098,21.184452056884766,2013.0,0.5295825600624084,73
c4_017,4,-90.074239,21.133790969848633,2013.0,0.7334092855453491,73
c4_018,4,-89.950822,21.1922664642334,2013.0,0.16773860156536102,73
c4_019,4,-89.996901,21.149959564208984,2013.0,0.6692925095558167,73
c4_020,4,-89.960523,21.186338424682617,2013.0,0.4085378348827362,73
c4_021,4,-89.9465103149414,21.185529708862305,2013.0,0.03398750722408295,73
c4_022,4,-89.957828,21.185529708862305,2013.0,0.5766159296035767,73
c4_023,4,-90.035705,21.144301,2013.0,0.5728378891944885,73
c4_024,4,-90.022501,21.156966,2013.0,0.025977084413170815,73
c4_025,4,-89.981002,21.165319,2013.0,0.4426927864551544,73
c4_026,4,-90.027621,21.162355422973633,2013.0,0.44537779688835144,73
c4_027,4,-89.949475,21.19415283203125,2013.0,-0.2291666716337204,73
c4_028,4,-89.940852,21.201428,2013.0,0.802998960018158,73
c4_029,4,-89.961601,21.190919,2013.0,0.7825533151626587,73
c4_030,4,-90.041364,21.151576,2013.0,0.8318039774894714,73
c4_031,4,-90.062382,21.153732299804688,2013.0,0.06493084132671356,73
c4_032,4,-89.944085,21.193883,2013.0,0.2650660276412964,73
c4_033,4,-89.981811,21.164511,2013.0,0.6723060607910156,73
c4_034,4,-89.940313,21.199811,2013.0,0.4683143198490143,73
c4_035,4,-90.072622,21.132714,2013.0,0.7126464247703552,73
c4_036,4,-89.942738,21.183643341064453,2013.0,0.2861124575138092,73
c4_037,4,-89.9742660522461,21.173673,2013.0,0.7876490950584412,73
c4_038,4,-89.966451,21.182565,2013.0,0.1472197324037552,73
c4_039,4,-90.014147,21.163972,2013.0,-0.12895455956459045,73
c4_040,4,-89.944355,21.201428,2013.0,0.6687410473823547,73
c4_041,4,-90.011183,21.148881912231445,2013.0,0.6464298367500305,73
c4_042,4,-90.071814,21.131635665893555,2013.0,0.7334054112434387,73
c4_043,4,-90.11438751220703,21.11061668395996,2013.0,0.6313907504081726,73
c4_044,4,-89.956481,21.189302444458008,2013.0,0.7322418689727783,73
c4_045,4,-90.036513,21.153732299804688,2013.0,0.7493084073066711,73
c4_046,4,-89.98235321044922,21.169092178344727,2013.0,0.690359890460968,73
c4_047,4,-89.992859,21.172864,2013.0,0.004204514902085066,73
c4_048,4,-89.948127,21.191457748413086,2013.0,0.7917535901069641,73
c4_049,4,-90.1195068359375,21.108461380004883,2013.0,0.5884412527084351,73
c4_050,4,-90.094718,21.12301254272461,2013.0,0.3591187000274658,73
c5_045,5,-90.018998,21.166128158569336,2013.0,0.3672402799129486,73
c5_008,5,-90.034357,21.155618,2013.0,0.7202072739601135,73
c5_010,5,-89.957289,21.163703,2013.0,0.5025277137756348,73
c5_011,5,-90.004985,21.156696319580078,2013.0,0.6982418894767761,73
c5_012,5,-90.066424,21.154809951782227,2013.0,0.3372596204280853,73
c5_014,5,-90.006871,21.155887603759766,2013.0,0.4192569851875305,73
c5_016,5,-90.002829,21.15642738342285,2013.0,0.6648522019386292,73
c5_022,5,-90.044597,21.154809951782227,2013.0,0.42492830753326416,73
c5_024,5,-89.995284,21.15642738342285,2013.0,0.482424795627594,73
c5_003,5,-90.056993,21.154541015625,2013.0,0.18493087589740753,73
c5_013,5,-90.020614,21.157235,2013.0,0.28234708309173584,73
c5_020,5,-90.027621,21.156966,2013.0,0.3603858947753906,73
c5_025,5,-90.03301239013672,21.15966033935547,2013.0,-0.19745992124080658,73
c5_034,5,-90.012261,21.166397094726562,2013.0,0.4566524028778076,73
c5_040,5,-90.069658,21.154541015625,2013.0,0.202210932970047,73
c5_041,5,-89.998787,21.156156539916992,2013.0,0.3757513761520386,73
c5_043,5,-90.113042,21.13729476928711,2013.0,0.3175823390483856,73
c5_002,5,-90.042172,21.156156539916992,2013.0,0.16138339042663574,73
c5_004,5,-90.034088,21.156966,2013.0,0.27342313528060913,73
c5_001,5,-89.996093,21.155887603759766,2013.0,0.6315496563911438,73
c5_006,5,-90.035435,21.154809951782227,2013.0,0.6939828395843506,73
c5_015,5,-89.942738,21.172864,2013.0,0.44778501987457275,73
c5_018,5,-90.0685806274414,21.152385,2013.0,0.1807573288679123,73
c5_026,5,-89.998248,21.172326,2013.0,0.25845324993133545,73
c5_033,5,-90.01980590820312,21.156966,2013.0,0.6851515769958496,73
c5_036,5,-90.041902,21.15750503540039,2013.0,0.407625675201416,73
c5_039,5,-90.060496,21.15642738342285,2013.0,0.3530755043029785,73
c5_005,5,-90.041633,21.159929275512695,2013.0,0.586590588092804,73
c5_009,5,-90.038938,21.154271,2013.0,0.8362227082252502,73
c5_019,5,-90.057262,21.155349,2013.0,0.2210610955953598,73
c5_021,5,-90.089598,21.148073196411133,2013.0,0.14972513914108276,73
c5_030,5,-90.071814,21.151845932006836,2013.0,0.20585455000400543,73
c5_031,5,-90.003099,21.155618,2013.0,0.7157043814659119,73
c5_035,5,-90.095527,21.151845932006836,2013.0,0.28606945276260376,73
c5_037,5,-89.996632,21.160469,2013.0,0.7895478010177612,73
c5_023,5,-89.978038,21.180139541625977,2013.0,0.5255800485610962,73
c5_017,5,-90.040555,21.145917892456055,2013.0,0.5288732647895813,73
c5_027,5,-90.08879089355469,21.150768280029297,2013.0,0.5201991200447083,73
c5_047,5,-90.001213,21.154541015625,2013.0,0.8286958336830139,73
c5_048,5,-90.028429,21.156696319580078,2013.0,0.7461295127868652,73
c5_029,5,-90.090407,21.149421,2013.0,0.2877102196216583,73
c5_032,5,-90.079359,21.150768280029297,2013.0,0.11322865635156631,73
c5_038,5,-90.04082489013672,21.156966,2013.0,0.7182619571685791,73
c5_046,5,-90.067233,21.152114868164062,2013.0,0.32579517364501953,73
c5_028,5,-90.095527,21.150499,2013.0,0.454812616109848,73
c5_044,5,-89.973188,21.183374404907227,2013.0,0.4270942211151123,73
c5_042,5,-90.08124542236328,21.149421,2013.0,0.1998974084854126,73
c5_007,5,-90.021962,21.143491744995117,2013.0,0.45245155692100525,73
c10_001,3,-90.028968,21.158313,2013.0,0.07377583533525467,73
c10_005,3,-89.954594,21.163972,2013.0,0.4906923472881317,73
c10_002,3,-90.033549,21.15858268737793,2013.0,-0.20173414051532745,73
c10_003,3,-90.030046,21.158044,2013.0,0.09757522493600845,73
c10_004,3,-90.029507,21.157773971557617,2013.0,0.14162002503871918,73
c10_006,3,-90.03301239013672,21.159122467041016,2013.0,-0.11796343326568604,73
c10_007,3,-90.03301239013672,21.158044,2013.0,-0.10847104340791702,73
c10_009,3,-90.032741,21.15858268737793,2013.0,-0.11282230168581009,73
c10_010,3,-90.030585,21.158044,2013.0,-0.1364394873380661,73
c10_008,3,-89.95405578613281,21.163972,2013.0,0.4100538492202759,73
c1_051,1,-90.064538,21.118162155151367,2013.0,0.5659137964248657,73
c1_052,1,-90.05322265625,21.112234115600586,2013.0,0.6735861301422119,73
c1_053,1,-90.068041,21.142953,2013.0,0.7203338146209717,73
c1_054,1,-90.00040435791016,21.124359130859375,2013.0,0.6628076434135437,73
c1_055,1,-90.049178,21.1402587890625,2013.0,0.6455405950546265,73
c2_051,2,-90.111695,21.123821258544922,2013.0,0.5993148684501648,73
c2_052,2,-90.02277374267578,21.139720916748047,2013.0,0.6715942621231079,73
c2_053,2,-89.941929,21.138911,2013.0,0.8252785205841064,73
c2_054,2,-89.950013,21.130019,2013.0,0.7363965511322021,73
c2_055,2,-90.106306,21.128941,2013.0,0.5749688744544983,73
c3_062,3,-90.086634,21.149690628051758,2013.0,0.107916921377182,73
c3_051,3,-90.010914,21.144301,2013.0,0.7747712731361389,73
c3_055,3,-90.079359,21.150499,2013.0,0.10704438388347626,73
c3_058,3,-90.000943,21.171248,2013.0,0.3901795446872711,73
c3_052,3,-90.094179,21.114929,2013.0,0.6553186774253845,73
c3_059,3,-90.039208,21.1402587890625,2013.0,0.7456017732620239,73
c3_053,3,-90.013608,21.152114868164062,2013.0,0.8624658584594727,73
c3_060,3,-89.958906,21.12489891052246,2013.0,0.8554924130439758,73
c3_057,3,-90.058071,21.159929275512695,2013.0,0.6727880239486694,73
c3_061,3,-89.973457,21.138911,2013.0,0.7102711200714111,73
c3_064,3,-89.989625,21.149959564208984,2013.0,0.5592622756958008,73
c3_063,3,-90.030046,21.125707,2013.0,0.7076215744018555,73
c3_065,3,-89.972379,21.162086486816406,2013.0,0.8134008049964905,73
c3_054,3,-90.029237,21.101455,2013.0,0.6986804604530334,73
c3_056,3,-90.008758,21.114120483398438,2013.0,0.7128459215164185,73
c4_051,4,-89.958906,21.191997,2013.0,0.4686220586299896,73
c4_052,4,-89.957828,21.178254,2013.0,0.27047309279441833,73
c4_053,4,-89.994476,21.172864,2013.0,0.20309501886367798,73
c4_054,4,-89.994745,21.168822,2013.0,-0.1297263652086258,73
c4_055,4,-90.0025634765625,21.169631,2013.0,0.1848510205745697,73
c1_001,1,-90.056184,21.12301254272461,2014.0,0.7483011484146118,119
c1_002,1,-89.984506,21.126246,2014.0,0.7954553365707397,119
c1_003,1,-90.070197,21.140798,2014.0,0.7857415676116943,119
c1_004,1,-90.057801,21.145648,2014.0,0.781684398651123,119
c1_005,1,-90.024926,21.145379,2014.0,0.6183867454528809,119
c1_006,1,-89.979386,21.130288,2014.0,0.6891672611236572,119
c1_007,1,-90.08636474609375,21.137025,2014.0,0.7587558627128601,119
c1_008,1,-89.952169,21.14322280883789,2014.0,0.7817367911338806,119
c1_009,1,-90.055106,21.138911,2014.0,0.5661524534225464,119
c1_010,1,-89.945702,21.14322280883789,2014.0,0.7765445113182068,119
c1_011,1,-89.958098,21.149151,2014.0,0.7518096566200256,119
c1_012,1,-90.036783,21.117354,2014.0,0.8016512989997864,119
c1_013,1,-90.113042,21.085018157958984,2014.0,0.8083981871604919,119
c1_014,1,-89.944085,21.154002,2014.0,0.8266966938972473,119
c1_015,1,-90.065885,21.113581,2014.0,0.690097987651825,119
c1_016,1,-90.064538,21.121126174926758,2014.0,0.6458497643470764,119
c1_017,1,-90.01280212402344,21.122474,2014.0,0.7155380845069885,119
c1_018,1,-90.013608,21.150499,2014.0,0.8236367702484131,119
c1_019,1,-90.075856,21.141876220703125,2014.0,0.8146572709083557,119
c1_020,1,-90.063729,21.119510650634766,2014.0,0.6290216445922852,119
c1_021,1,-90.112234,21.128671646118164,2014.0,0.6200018525123596,119
c1_022,1,-89.970224,21.131635665893555,2014.0,0.6527517437934875,119
c1_023,1,-90.049448,21.111425399780273,2014.0,0.6720618009567261,119
c1_024,1,-90.076933,21.135408401489258,2014.0,0.4773939251899719,119
c1_025,1,-90.09391021728516,21.143762,2014.0,0.7980967164039612,119
c1_026,1,-89.940852,21.145917892456055,2014.0,0.8005862832069397,119
c1_027,1,-89.945163,21.154002,2014.0,0.8027268648147583,119
c1_028,1,-90.098491,21.127324,2014.0,0.6209079027175903,119
c1_029,1,-90.003368,21.149421,2014.0,0.584510087966919,119
c1_030,1,-89.972918,21.124629,2014.0,0.7918239831924438,119
c1_031,1,-90.003907,21.124359130859375,2014.0,0.7631663084030151,119
c1_032,1,-90.066694,21.0987606048584,2014.0,0.7426095604896545,119
c1_033,1,-89.994745,21.123552322387695,2014.0,0.685832142829895,119
c1_034,1,-90.08879089355469,21.142953,2014.0,0.7729418277740479,119
c1_035,1,-90.063191,21.110887,2014.0,0.6799080967903137,119
c1_036,1,-89.960523,21.137563705444336,2014.0,0.8001622557640076,119
c1_037,1,-90.094179,21.093371,2014.0,0.7317481637001038,119
c1_038,1,-90.0025634765625,21.122743,2014.0,0.7045866250991821,119
c1_039,1,-90.051334,21.132714,2014.0,0.5937860608100891,119
c1_040,1,-90.066694,21.13837242126465,2014.0,0.7439160943031311,119
c1_041,1,-90.116815,21.0882511138916,2014.0,0.7064828872680664,119
c1_042,1,-90.057801,21.148612,2014.0,0.859411358833313,119
c1_043,1,-90.080706,21.141876220703125,2014.0,0.7326558828353882,119
c1_044,1,-89.947319,21.188493728637695,2014.0,0.723221480846405,119
c1_045,1,-89.981811,21.124091,2014.0,0.7887341380119324,119
c1_046,1,-90.058879,21.128671646118164,2014.0,0.6709747910499573,119
c1_047,1,-90.075317,21.10361099243164,2014.0,0.7765370607376099,119
c1_048,1,-90.003638,21.150768280029297,2014.0,0.6589253544807434,119
c1_049,1,-90.026543,21.122743,2014.0,0.7875008583068848,119
c1_050,1,-90.108731,21.117623,2014.0,0.7561810612678528,119
c2_001,2,-89.960253,21.154002,2014.0,0.672179639339447,119
c2_002,2,-90.117623,21.133522033691406,2014.0,0.6351189017295837,119
c2_003,2,-90.07881927490234,21.09229278564453,2014.0,0.7469140887260437,119
c2_004,2,-89.978847,21.15022850036621,2014.0,0.590135395526886,119
c2_005,2,-90.089329,21.09364128112793,2014.0,0.7942066788673401,119
c2_006,2,-90.11412048339844,21.100377,2014.0,0.6100810170173645,119
c2_007,2,-90.106036,21.131635665893555,2014.0,0.8332241177558899,119
c2_008,2,-90.001213,21.145379,2014.0,0.6848121285438538,119
c2_009,2,-89.963217,21.183913,2014.0,0.8001224398612976,119
c2_010,2,-90.10226440429688,21.144301,2014.0,0.7308635115623474,119
c2_011,2,-89.958636,21.125438,2014.0,0.8123847246170044,119
c2_012,2,-90.097413,21.149959564208984,2014.0,0.8336610198020935,119
c2_013,2,-90.100647,21.106845,2014.0,0.6789137721061707,119
c2_014,2,-90.04594421386719,21.111156463623047,2014.0,0.5438101291656494,119
c2_015,2,-90.068849,21.102802276611328,2014.0,0.815728485584259,119
c2_016,2,-90.118162,21.135947,2014.0,0.4653312861919403,119
c2_017,2,-89.96214294433594,21.120587,2014.0,0.815178632736206,119
c2_018,2,-89.981541,21.148343,2014.0,0.4752507209777832,119
c2_019,2,-90.041364,21.101186,2014.0,0.7890889048576355,119
c2_020,2,-90.082592,21.10064697265625,2014.0,0.784372866153717,119
c2_021,2,-89.945163,21.161008,2014.0,0.6887126564979553,119
c2_022,2,-90.01280212402344,21.118162155151367,2014.0,0.7207013368606567,119
c2_023,2,-89.94165802001953,21.17879295349121,2014.0,0.6133857369422913,119
c2_024,2,-89.940043,21.179332,2014.0,0.5520776510238647,119
c2_025,2,-89.942199,21.169092178344727,2014.0,0.6258482336997986,119
c2_026,2,-90.04837036132812,21.15858268737793,2014.0,0.789230227470398,119
c2_027,2,-90.018189,21.155078887939453,2014.0,0.8001067638397217,119
c2_028,2,-90.018998,21.118701,2014.0,0.659606397151947,119
c2_029,2,-89.960253,21.166936,2014.0,0.8492318391799927,119
c2_030,2,-90.08636474609375,21.13918113708496,2014.0,0.7650412917137146,119
c2_031,2,-90.006871,21.167745,2014.0,0.7018062472343445,119
c2_032,2,-89.9599838256836,21.15750503540039,2014.0,0.5901042819023132,119
c2_033,2,-90.052412,21.115737,2014.0,0.7431610822677612,119
c2_034,2,-90.075586,21.099569,2014.0,0.7051670551300049,119
c2_035,2,-90.108731,21.095796,2014.0,0.6147280931472778,119
c2_036,2,-90.026543,21.155078887939453,2014.0,0.8082870841026306,119
c2_037,2,-90.006871,21.131097,2014.0,0.7335076928138733,119
c2_038,2,-90.080167,21.099838256835938,2014.0,0.8067731261253357,119
c2_039,2,-89.947588,21.136486053466797,2014.0,0.815933883190155,119
c2_040,2,-90.061304,21.10468864440918,2014.0,0.761311411857605,119
c2_041,2,-90.075856,21.134868621826172,2014.0,0.4578801691532135,119
c2_042,2,-89.99959564208984,21.12004852294922,2014.0,0.6998022198677063,119
c2_043,2,-90.101725,21.08043670654297,2014.0,0.7603068947792053,119
c2_044,2,-90.026004,21.113851,2014.0,0.8009116649627686,119
c2_045,2,-90.118162,21.129209518432617,2014.0,0.835308849811554,119
c2_046,2,-89.94139099121094,21.172056198120117,2014.0,0.7956798672676086,119
c2_047,2,-89.969685,21.1402587890625,2014.0,0.7877275943756104,119
c2_048,2,-90.1038818359375,21.095527,2014.0,0.5949807167053223,119
c2_049,2,-89.99231719970703,21.149690628051758,2014.0,0.6672313809394836,119
c2_050,2,-89.950822,21.121396,2014.0,0.8082864284515381,119
c3_045,3,-89.992859,21.161815643310547,2014.0,-0.17094096541404724,119
c3_003,3,-90.034357,21.15858268737793,2014.0,0.1268307864665985,119
c3_026,3,-89.986931,21.149959564208984,2014.0,0.8340756893157959,119
c3_008,3,-90.084209,21.151576,2014.0,0.4674617052078247,119
c3_017,3,-89.970493,21.159929275512695,2014.0,0.6189531087875366,119
c3_004,3,-89.982619,21.180679,2014.0,0.5556918382644653,119
c3_040,3,-89.9742660522461,21.185529708862305,2014.0,0.841620683670044,119
c3_024,3,-89.97722625732422,21.183913,2014.0,0.675414502620697,119
c3_013,3,-89.995823,21.13837242126465,2014.0,0.7919377684593201,119
c3_018,3,-90.062113,21.107114,2014.0,0.8226267695426941,119
c3_007,3,-90.088521,21.146995,2014.0,0.3024325966835022,119
c3_014,3,-89.951361,21.199003219604492,2014.0,-0.21233457326889038,119
c3_042,3,-89.950283,21.199003219604492,2014.0,0.24573348462581635,119
c3_029,3,-90.000135,21.137563705444336,2014.0,0.6383078098297119,119
c3_005,3,-90.003638,21.111964,2014.0,0.7519853115081787,119
c3_022,3,-90.005524,21.112503051757812,2014.0,0.717851996421814,119
c3_002,3,-89.953786,21.197656,2014.0,0.7257695198059082,119
c3_015,3,-89.940852,21.162086486816406,2014.0,0.7063944935798645,119
c3_020,3,-90.016842,21.116006,2014.0,0.8022797107696533,119
c3_027,3,-89.982619,21.149421,2014.0,0.4239187240600586,119
c3_030,3,-89.942738,21.1674747467041,2014.0,0.647746741771698,119
c3_050,3,-89.941929,21.168553,2014.0,0.5327392220497131,119
c3_009,3,-89.986392,21.149959564208984,2014.0,0.8122971653938293,119
c3_033,3,-90.039208,21.102802276611328,2014.0,0.7393165230751038,119
c3_038,3,-89.976152,21.169361114501953,2014.0,0.6195942759513855,119
c3_023,3,-89.97183990478516,21.169361114501953,2014.0,0.576058030128479,119
c3_032,3,-90.00040435791016,21.138642,2014.0,0.5282724499702454,119
c3_046,3,-89.994476,21.137832641601562,2014.0,0.5917357206344604,119
c3_025,3,-89.947049,21.157235,2014.0,0.7105824947357178,119
c3_028,3,-89.976421,21.165858,2014.0,0.6801512837409973,119
c3_036,3,-89.95189666748047,21.162894,2014.0,0.5919488668441772,119
c3_021,3,-90.007141,21.131635665893555,2014.0,0.6808156967163086,119
c3_035,3,-90.000943,21.144569396972656,2014.0,0.6826315522193909,119
c3_037,3,-89.97183990478516,21.162086486816406,2014.0,0.7122793793678284,119
c3_039,3,-89.976691,21.168283462524414,2014.0,0.5929771065711975,119
c3_041,3,-89.973996,21.137563705444336,2014.0,0.6478158831596375,119
c3_034,3,-90.041364,21.1402587890625,2014.0,0.6147149205207825,119
c3_047,3,-90.028698,21.126246,2014.0,0.7791821956634521,119
c3_048,3,-90.030315,21.124359130859375,2014.0,0.6967554092407227,119
c3_011,3,-90.035974,21.099299,2014.0,0.6865595579147339,119
c3_001,3,-90.080437,21.100377,2014.0,0.7562466263771057,119
c3_006,3,-89.94677734375,21.202237,2014.0,0.786533534526825,119
c3_019,3,-89.958367,21.172056198120117,2014.0,0.8332120180130005,119
c3_031,3,-90.00740814208984,21.113042,2014.0,0.7638440728187561,119
c3_010,3,-90.01252746582031,21.114659,2014.0,0.7748345732688904,119
c3_012,3,-90.00768280029297,21.114389419555664,2014.0,0.7013481259346008,119
c3_016,3,-90.045675,21.097951889038086,2014.0,0.624454140663147,119
c3_043,3,-89.967259,21.189841,2014.0,0.8425202369689941,119
c3_044,3,-90.046214,21.097413,2014.0,0.7061989903450012,119
c3_049,3,-90.016033,21.116006,2014.0,0.765402615070343,119
c4_001,4,-90.002021,21.168822,2014.0,0.422823041677475,119
c4_002,4,-90.013878,21.166397094726562,2014.0,0.4563360810279846,119
c4_003,4,-90.040286,21.149421,2014.0,0.7801938652992249,119
c4_004,4,-89.94139099121094,21.181487,2014.0,0.7331374883651733,119
c4_005,4,-89.967529,21.183643341064453,2014.0,0.7325352430343628,119
c4_006,4,-89.943277,21.200620651245117,2014.0,0.8273926377296448,119
c4_007,4,-89.968068,21.171248,2014.0,0.731942892074585,119
c4_008,4,-90.035705,21.15346336364746,2014.0,0.8141002655029297,119
c4_009,4,-89.967798,21.179332,2014.0,-0.22647583484649658,119
c4_010,4,-89.949205,21.194961,2014.0,0.12163095921278,119
c4_011,4,-89.943007,21.202506,2014.0,0.6874691247940063,119
c4_012,4,-89.945163,21.199811,2014.0,0.3532129228115082,119
c4_013,4,-89.972379,21.174481,2014.0,0.5806042551994324,119
c4_014,4,-90.041633,21.148612,2014.0,0.7389350533485413,119
c4_015,4,-89.960792,21.190380096435547,2014.0,0.7547722458839417,119
c4_016,4,-89.958098,21.184452056884766,2014.0,0.5648704767227173,119
c4_017,4,-90.074239,21.133790969848633,2014.0,0.7851391434669495,119
c4_018,4,-89.950822,21.1922664642334,2014.0,0.21962575614452362,119
c4_019,4,-89.996901,21.149959564208984,2014.0,0.7093381285667419,119
c4_020,4,-89.960523,21.186338424682617,2014.0,0.4780973494052887,119
c4_021,4,-89.9465103149414,21.185529708862305,2014.0,0.054454103112220764,119
c4_022,4,-89.957828,21.185529708862305,2014.0,0.7010825872421265,119
c4_023,4,-90.035705,21.144301,2014.0,0.537078857421875,119
c4_024,4,-90.022501,21.156966,2014.0,0.18351717293262482,119
c4_025,4,-89.981002,21.165319,2014.0,0.5711057186126709,119
c4_026,4,-90.027621,21.162355422973633,2014.0,0.3724741041660309,119
c4_027,4,-89.949475,21.19415283203125,2014.0,-0.1121024563908577,119
c4_028,4,-89.940852,21.201428,2014.0,0.8254429697990417,119
c4_029,4,-89.961601,21.190919,2014.0,0.7857193350791931,119
c4_030,4,-90.041364,21.151576,2014.0,0.8330866098403931,119
c4_031,4,-90.062382,21.153732299804688,2014.0,0.4538385570049286,119
c4_032,4,-89.944085,21.193883,2014.0,0.28871631622314453,119
c4_033,4,-89.981811,21.164511,2014.0,0.6787094473838806,119
c4_034,4,-89.940313,21.199811,2014.0,0.6072825789451599,119
c4_035,4,-90.072622,21.132714,2014.0,0.6142602562904358,119
c4_036,4,-89.942738,21.183643341064453,2014.0,0.29719480872154236,119
c4_037,4,-89.9742660522461,21.173673,2014.0,0.8159669041633606,119
c4_038,4,-89.966451,21.182565,2014.0,0.18944278359413147,119
c4_039,4,-90.014147,21.163972,2014.0,-0.1420256793498993,119
c4_040,4,-89.944355,21.201428,2014.0,0.761012077331543,119
c4_041,4,-90.011183,21.148881912231445,2014.0,0.663749635219574,119
c4_042,4,-90.071814,21.131635665893555,2014.0,0.6776089668273926,119
c4_043,4,-90.11438751220703,21.11061668395996,2014.0,0.6382949948310852,119
c4_044,4,-89.956481,21.189302444458008,2014.0,0.773212194442749,119
c4_045,4,-90.036513,21.153732299804688,2014.0,0.7928240895271301,119
c4_046,4,-89.98235321044922,21.169092178344727,2014.0,0.7021147012710571,119
c4_047,4,-89.992859,21.172864,2014.0,0.2067372053861618,119
c4_048,4,-89.948127,21.191457748413086,2014.0,0.7939147353172302,119
c4_049,4,-90.1195068359375,21.108461380004883,2014.0,0.514490008354187,119
c4_050,4,-90.094718,21.12301254272461,2014.0,0.40892598032951355,119
c5_045,5,-90.018998,21.166128158569336,2014.0,0.42729514837265015,119
c5_008,5,-90.034357,21.155618,2014.0,0.7691211104393005,119
c5_010,5,-89.957289,21.163703,2014.0,0.5248240232467651,119
c5_011,5,-90.004985,21.156696319580078,2014.0,0.7528359293937683,119
c5_012,5,-90.066424,21.154809951782227,2014.0,0.5698038339614868,119
c5_014,5,-90.006871,21.155887603759766,2014.0,0.403773695230484,119
c5_016,5,-90.002829,21.15642738342285,2014.0,0.6925053000450134,119
c5_022,5,-90.044597,21.154809951782227,2014.0,0.6646099090576172,119
c5_024,5,-89.995284,21.15642738342285,2014.0,0.44697800278663635,119
c5_003,5,-90.056993,21.154541015625,2014.0,0.4491882622241974,119
c5_013,5,-90.020614,21.157235,2014.0,0.28620344400405884,119
c5_020,5,-90.027621,21.156966,2014.0,0.3545973002910614,119
c5_025,5,-90.03301239013672,21.15966033935547,2014.0,0.12048720568418503,119
c5_034,5,-90.012261,21.166397094726562,2014.0,0.5503652691841125,119
c5_040,5,-90.069658,21.154541015625,2014.0,0.4135517179965973,119
c5_041,5,-89.998787,21.156156539916992,2014.0,0.3546971380710602,119
c5_043,5,-90.113042,21.13729476928711,2014.0,0.6205422282218933,119
c5_002,5,-90.042172,21.156156539916992,2014.0,0.3417302668094635,119
c5_004,5,-90.034088,21.156966,2014.0,0.27193018794059753,119
c5_001,5,-89.996093,21.155887603759766,2014.0,0.7135128378868103,119
c5_006,5,-90.035435,21.154809951782227,2014.0,0.7454643845558167,119
c5_015,5,-89.942738,21.172864,2014.0,0.4815695285797119,119
c5_018,5,-90.0685806274414,21.152385,2014.0,0.19218221306800842,119
c5_026,5,-89.998248,21.172326,2014.0,0.36734941601753235,119
c5_033,5,-90.01980590820312,21.156966,2014.0,0.6854124665260315,119
c5_036,5,-90.041902,21.15750503540039,2014.0,0.5861873030662537,119
c5_039,5,-90.060496,21.15642738342285,2014.0,0.7115406394004822,119
c5_005,5,-90.041633,21.159929275512695,2014.0,0.6842272281646729,119
c5_009,5,-90.038938,21.154271,2014.0,0.8608173727989197,119
c5_019,5,-90.057262,21.155349,2014.0,0.6292549967765808,119
c5_021,5,-90.089598,21.148073196411133,2014.0,0.22845683991909027,119
c5_030,5,-90.071814,21.151845932006836,2014.0,0.2856641113758087,119
c5_031,5,-90.003099,21.155618,2014.0,0.7095183730125427,119
c5_035,5,-90.095527,21.151845932006836,2014.0,0.49136680364608765,119
c5_037,5,-89.996632,21.160469,2014.0,0.8096530437469482,119
c5_023,5,-89.978038,21.180139541625977,2014.0,0.6241905093193054,119
c5_017,5,-90.040555,21.145917892456055,2014.0,0.5148739814758301,119
c5_027,5,-90.08879089355469,21.150768280029297,2014.0,0.6763349771499634,119
c5_047,5,-90.001213,21.154541015625,2014.0,0.7945767045021057,119
c5_048,5,-90.028429,21.156696319580078,2014.0,0.7348496317863464,119
c5_029,5,-90.090407,21.149421,2014.0,0.3225889205932617,119
c5_032,5,-90.079359,21.150768280029297,2014.0,0.21416479349136353,119
c5_038,5,-90.04082489013672,21.156966,2014.0,0.7294684052467346,119
c5_046,5,-90.067233,21.152114868164062,2014.0,0.3699185252189636,119
c5_028,5,-90.095527,21.150499,2014.0,0.5734738111495972,119
c5_044,5,-89.973188,21.183374404907227,2014.0,0.48710790276527405,119
c5_042,5,-90.08124542236328,21.149421,2014.0,0.3995007276535034,119
c5_007,5,-90.021962,21.143491744995117,2014.0,0.426053911447525,119
c10_001,3,-90.028968,21.158313,2014.0,0.1434338539838791,119
c10_005,3,-89.954594,21.163972,2014.0,0.5355982780456543,119
c10_002,3,-90.033549,21.15858268737793,2014.0,0.06059813126921654,119
c10_003,3,-90.030046,21.158044,2014.0,0.2093793749809265,119
c10_004,3,-90.029507,21.157773971557617,2014.0,0.24026964604854584,119
c10_006,3,-90.03301239013672,21.159122467041016,2014.0,0.11234525591135025,119
c10_007,3,-90.03301239013672,21.158044,2014.0,0.10694488137960434,119
c10_009,3,-90.032741,21.15858268737793,2014.0,0.1577254682779312,119
c10_010,3,-90.030585,21.158044,2014.0,-0.02842842973768711,119
c10_008,3,-89.95405578613281,21.163972,2014.0,0.4249354302883148,119
c1_051,1,-90.064538,21.118162155151367,2014.0,0.6316564083099365,119
c1_052,1,-90.05322265625,21.112234115600586,2014.0,0.7357193231582642,119
c1_053,1,-90.068041,21.142953,2014.0,0.7793343663215637,119
c1_054,1,-90.00040435791016,21.124359130859375,2014.0,0.7108557820320129,119
c1_055,1,-90.049178,21.1402587890625,2014.0,0.6493561267852783,119
c2_051,2,-90.111695,21.123821258544922,2014.0,0.6335413455963135,119
c2_052,2,-90.02277374267578,21.139720916748047,2014.0,0.6831979155540466,119
c2_053,2,-89.941929,21.138911,2014.0,0.8366377353668213,119
c2_054,2,-89.950013,21.130019,2014.0,0.7946449518203735,119
c2_055,2,-90.106306,21.128941,2014.0,0.7106035947799683,119
c3_062,3,-90.086634,21.149690628051758,2014.0,0.1628115475177765,119
c3_051,3,-90.010914,21.144301,2014.0,0.7909681797027588,119
c3_055,3,-90.079359,21.150499,2014.0,0.1615377813577652,119
c3_058,3,-90.000943,21.171248,2014.0,0.5519469380378723,119
c3_052,3,-90.094179,21.114929,2014.0,0.6909517645835876,119
c3_059,3,-90.039208,21.1402587890625,2014.0,0.7535301446914673,119
c3_053,3,-90.013608,21.152114868164062,2014.0,0.8575796484947205,119
c3_060,3,-89.958906,21.12489891052246,2014.0,0.8554555177688599,119
c3_057,3,-90.058071,21.159929275512695,2014.0,0.8027047514915466,119
c3_061,3,-89.973457,21.138911,2014.0,0.7136451601982117,119
c3_064,3,-89.989625,21.149959564208984,2014.0,0.5728978514671326,119
c3_063,3,-90.030046,21.125707,2014.0,0.7451779842376709,119
c3_065,3,-89.972379,21.162086486816406,2014.0,0.7853096127510071,119
c3_054,3,-90.029237,21.101455,2014.0,0.7702109217643738,119
c3_056,3,-90.008758,21.114120483398438,2014.0,0.7374587655067444,119
c4_051,4,-89.958906,21.191997,2014.0,0.52442467212677,119
c4_052,4,-89.957828,21.178254,2014.0,0.25875240564346313,119
c4_053,4,-89.994476,21.172864,2014.0,0.25872349739074707,119
c4_054,4,-89.994745,21.168822,2014.0,-0.09486012160778046,119
c4_055,4,-90.0025634765625,21.169631,2014.0,0.3420429229736328,119
c1_001,1,-90.056184,21.12301254272461,2015.0,0.7889953851699829,116
c1_002,1,-89.984506,21.126246,2015.0,0.7901254296302795,116
c1_003,1,-90.070197,21.140798,2015.0,0.7519985437393188,116
c1_004,1,-90.057801,21.145648,2015.0,0.7424562573432922,116
c1_005,1,-90.024926,21.145379,2015.0,0.6385753154754639,116
c1_006,1,-89.979386,21.130288,2015.0,0.6651639938354492,116
c1_007,1,-90.08636474609375,21.137025,2015.0,0.6974153518676758,116
c1_008,1,-89.952169,21.14322280883789,2015.0,0.7750924229621887,116
c1_009,1,-90.055106,21.138911,2015.0,0.516979992389679,116
c1_010,1,-89.945702,21.14322280883789,2015.0,0.7322985529899597,116
c1_011,1,-89.958098,21.149151,2015.0,0.7714251279830933,116
c1_012,1,-90.036783,21.117354,2015.0,0.7991651892662048,116
c1_013,1,-90.113042,21.085018157958984,2015.0,0.8022757768630981,116
c1_014,1,-89.944085,21.154002,2015.0,0.8394429683685303,116
c1_015,1,-90.065885,21.113581,2015.0,0.567548394203186,116
c1_016,1,-90.064538,21.121126174926758,2015.0,0.6548153162002563,116
c1_017,1,-90.01280212402344,21.122474,2015.0,0.7148109674453735,116
c1_018,1,-90.013608,21.150499,2015.0,0.7997824549674988,116
c1_019,1,-90.075856,21.141876220703125,2015.0,0.7843613624572754,116
c1_020,1,-90.063729,21.119510650634766,2015.0,0.6845764517784119,116
c1_021,1,-90.112234,21.128671646118164,2015.0,0.5591093897819519,116
c1_022,1,-89.970224,21.131635665893555,2015.0,0.6202293038368225,116
c1_023,1,-90.049448,21.111425399780273,2015.0,0.674163281917572,116
c1_024,1,-90.076933,21.135408401489258,2015.0,0.5014673471450806,116
c1_025,1,-90.09391021728516,21.143762,2015.0,0.7729712724685669,116
c1_026,1,-89.940852,21.145917892456055,2015.0,0.8085312247276306,116
c1_027,1,-89.945163,21.154002,2015.0,0.7975215315818787,116
c1_028,1,-90.098491,21.127324,2015.0,0.6308491230010986,116
c1_029,1,-90.003368,21.149421,2015.0,0.6065284609794617,116
c1_030,1,-89.972918,21.124629,2015.0,0.7650975584983826,116
c1_031,1,-90.003907,21.124359130859375,2015.0,0.7229489088058472,116
c1_032,1,-90.066694,21.0987606048584,2015.0,0.7558905482292175,116
c1_033,1,-89.994745,21.123552322387695,2015.0,0.6534122228622437,116
c1_034,1,-90.08879089355469,21.142953,2015.0,0.7342599630355835,116
c1_035,1,-90.063191,21.110887,2015.0,0.6433539986610413,116
c1_036,1,-89.960523,21.137563705444336,2015.0,0.8044540286064148,116
c1_037,1,-90.094179,21.093371,2015.0,0.7201639413833618,116
c1_038,1,-90.0025634765625,21.122743,2015.0,0.6211246848106384,116
c1_039,1,-90.051334,21.132714,2015.0,0.5633707642555237,116
c1_040,1,-90.066694,21.13837242126465,2015.0,0.680371880531311,116
c1_041,1,-90.116815,21.0882511138916,2015.0,0.704279363155365,116
c1_042,1,-90.057801,21.148612,2015.0,0.8103159070014954,116
c1_043,1,-90.080706,21.141876220703125,2015.0,0.624406635761261,116
c1_044,1,-89.947319,21.188493728637695,2015.0,0.6982516050338745,116
c1_045,1,-89.981811,21.124091,2015.0,0.7644044756889343,116
c1_046,1,-90.058879,21.128671646118164,2015.0,0.6274464130401611,116
c1_047,1,-90.075317,21.10361099243164,2015.0,0.7765364050865173,116
c1_048,1,-90.003638,21.150768280029297,2015.0,0.6646013259887695,116
c1_049,1,-90.026543,21.122743,2015.0,0.7930148839950562,116
c1_050,1,-90.108731,21.117623,2015.0,0.7678510546684265,116
c2_001,2,-89.960253,21.154002,2015.0,0.6633091568946838,116
c2_002,2,-90.117623,21.133522033691406,2015.0,0.41040846705436707,116
c2_003,2,-90.07881927490234,21.09229278564453,2015.0,0.7350971102714539,116
c2_004,2,-89.978847,21.15022850036621,2015.0,0.5962792634963989,116
c2_005,2,-90.089329,21.09364128112793,2015.0,0.8015419244766235,116
c2_006,2,-90.11412048339844,21.100377,2015.0,0.5868234634399414,116
c2_007,2,-90.106036,21.131635665893555,2015.0,0.7628899812698364,116
c2_008,2,-90.001213,21.145379,2015.0,0.717290997505188,116
c2_009,2,-89.963217,21.183913,2015.0,0.8069790601730347,116
c2_010,2,-90.10226440429688,21.144301,2015.0,0.657727062702179,116
c2_011,2,-89.958636,21.125438,2015.0,0.7650586366653442,116
c2_012,2,-90.097413,21.149959564208984,2015.0,0.7688819766044617,116
c2_013,2,-90.100647,21.106845,2015.0,0.6350913643836975,116
c2_014,2,-90.04594421386719,21.111156463623047,2015.0,0.5237227082252502,116
c2_015,2,-90.068849,21.102802276611328,2015.0,0.8135191202163696,116
c2_016,2,-90.118162,21.135947,2015.0,0.4043373167514801,116
c2_017,2,-89.96214294433594,21.120587,2015.0,0.7810426950454712,116
c2_018,2,-89.981541,21.148343,2015.0,0.5012132525444031,116
c2_019,2,-90.041364,21.101186,2015.0,0.7673674821853638,116
c2_020,2,-90.082592,21.10064697265625,2015.0,0.7807477116584778,116
c2_021,2,-89.945163,21.161008,2015.0,0.6816427111625671,116
c2_022,2,-90.01280212402344,21.118162155151367,2015.0,0.7273690700531006,116
c2_023,2,-89.94165802001953,21.17879295349121,2015.0,0.6076375842094421,116
c2_024,2,-89.940043,21.179332,2015.0,0.5729498267173767,116
c2_025,2,-89.942199,21.169092178344727,2015.0,0.6613397598266602,116
c2_026,2,-90.04837036132812,21.15858268737793,2015.0,0.7166194319725037,116
c2_027,2,-90.018189,21.155078887939453,2015.0,0.7921577095985413,116
c2_028,2,-90.018998,21.118701,2015.0,0.669507622718811,116
c2_029,2,-89.960253,21.166936,2015.0,0.8465152978897095,116
c2_030,2,-90.08636474609375,21.13918113708496,2015.0,0.6181568503379822,116
c2_031,2,-90.006871,21.167745,2015.0,0.6914889216423035,116
c2_032,2,-89.9599838256836,21.15750503540039,2015.0,0.5777382850646973,116
c2_033,2,-90.052412,21.115737,2015.0,0.7297618389129639,116
c2_034,2,-90.075586,21.099569,2015.0,0.6953290700912476,116
c2_035,2,-90.108731,21.095796,2015.0,0.5299153923988342,116
c2_036,2,-90.026543,21.155078887939453,2015.0,0.798206627368927,116
c2_037,2,-90.006871,21.131097,2015.0,0.7433879971504211,116
c2_038,2,-90.080167,21.099838256835938,2015.0,0.7958690524101257,116
c2_039,2,-89.947588,21.136486053466797,2015.0,0.8125829696655273,116
c2_040,2,-90.061304,21.10468864440918,2015.0,0.7607924938201904,116
c2_041,2,-90.075856,21.134868621826172,2015.0,0.515396237373352,116
c2_042,2,-89.99959564208984,21.12004852294922,2015.0,0.6569748520851135,116
c2_043,2,-90.101725,21.08043670654297,2015.0,0.7439533472061157,116
c2_044,2,-90.026004,21.113851,2015.0,0.792388379573822,116
c2_045,2,-90.118162,21.129209518432617,2015.0,0.770307719707489,116
c2_046,2,-89.94139099121094,21.172056198120117,2015.0,0.7745895385742188,116
c2_047,2,-89.969685,21.1402587890625,2015.0,0.7684212327003479,116
c2_048,2,-90.1038818359375,21.095527,2015.0,0.5401463508605957,116
c2_049,2,-89.99231719970703,21.149690628051758,2015.0,0.6719691753387451,116
c2_050,2,-89.950822,21.121396,2015.0,0.8104896545410156,116
c3_045,3,-89.992859,21.161815643310547,2015.0,0.11679152399301529,116
c3_003,3,-90.034357,21.15858268737793,2015.0,-0.04212743416428566,116
c3_026,3,-89.986931,21.149959564208984,2015.0,0.8310548663139343,116
c3_008,3,-90.084209,21.151576,2015.0,0.3304111063480377,116
c3_017,3,-89.970493,21.159929275512695,2015.0,0.6069674491882324,116
c3_004,3,-89.982619,21.180679,2015.0,0.5918567776679993,116
c3_040,3,-89.9742660522461,21.185529708862305,2015.0,0.8348548412322998,116
c3_024,3,-89.97722625732422,21.183913,2015.0,0.6539275646209717,116
c3_013,3,-89.995823,21.13837242126465,2015.0,0.8093505501747131,116
c3_018,3,-90.062113,21.107114,2015.0,0.8129372596740723,116
c3_007,3,-90.088521,21.146995,2015.0,0.3576628267765045,116
c3_014,3,-89.951361,21.199003219604492,2015.0,-0.13761372864246368,116
c3_042,3,-89.950283,21.199003219604492,2015.0,0.25003817677497864,116
c3_029,3,-90.000135,21.137563705444336,2015.0,0.7278388738632202,116
c3_005,3,-90.003638,21.111964,2015.0,0.6679986715316772,116
c3_022,3,-90.005524,21.112503051757812,2015.0,0.6526666879653931,116
c3_002,3,-89.953786,21.197656,2015.0,0.6242035627365112,116
c3_015,3,-89.940852,21.162086486816406,2015.0,0.7233089208602905,116
c3_020,3,-90.016842,21.116006,2015.0,0.7553831934928894,116
c3_027,3,-89.982619,21.149421,2015.0,0.4374406635761261,116
c3_030,3,-89.942738,21.1674747467041,2015.0,0.6608554720878601,116
c3_050,3,-89.941929,21.168553,2015.0,0.52275151014328,116
c3_009,3,-89.986392,21.149959564208984,2015.0,0.821774959564209,116
c3_033,3,-90.039208,21.102802276611328,2015.0,0.752022922039032,116
c3_038,3,-89.976152,21.169361114501953,2015.0,0.666649580001831,116
c3_023,3,-89.97183990478516,21.169361114501953,2015.0,0.6554291248321533,116
c3_032,3,-90.00040435791016,21.138642,2015.0,0.5526936650276184,116
c3_046,3,-89.994476,21.137832641601562,2015.0,0.5875560641288757,116
c3_025,3,-89.947049,21.157235,2015.0,0.7160913944244385,116
c3_028,3,-89.976421,21.165858,2015.0,0.7145224809646606,116
c3_036,3,-89.95189666748047,21.162894,2015.0,0.6063215732574463,116
c3_021,3,-90.007141,21.131635665893555,2015.0,0.7292185425758362,116
c3_035,3,-90.000943,21.144569396972656,2015.0,0.7209041714668274,116
c3_037,3,-89.97183990478516,21.162086486816406,2015.0,0.7503776550292969,116
c3_039,3,-89.976691,21.168283462524414,2015.0,0.6185614466667175,116
c3_041,3,-89.973996,21.137563705444336,2015.0,0.6423916220664978,116
c3_034,3,-90.041364,21.1402587890625,2015.0,0.6300199627876282,116
c3_047,3,-90.028698,21.126246,2015.0,0.7763997316360474,116
c3_048,3,-90.030315,21.124359130859375,2015.0,0.7179948687553406,116
c3_011,3,-90.035974,21.099299,2015.0,0.6877287030220032,116
c3_001,3,-90.080437,21.100377,2015.0,0.7713163495063782,116
c3_006,3,-89.94677734375,21.202237,2015.0,0.7550630569458008,116
c3_019,3,-89.958367,21.172056198120117,2015.0,0.8338509202003479,116
c3_031,3,-90.00740814208984,21.113042,2015.0,0.7253085970878601,116
c3_010,3,-90.01252746582031,21.114659,2015.0,0.7710589170455933,116
c3_012,3,-90.00768280029297,21.114389419555664,2015.0,0.6584441661834717,116
c3_016,3,-90.045675,21.097951889038086,2015.0,0.5562325119972229,116
c3_043,3,-89.967259,21.189841,2015.0,0.8366873264312744,116
c3_044,3,-90.046214,21.097413,2015.0,0.7064239978790283,116
c3_049,3,-90.016033,21.116006,2015.0,0.7318645715713501,116
c4_001,4,-90.002021,21.168822,2015.0,0.4942511320114136,116
c4_002,4,-90.013878,21.166397094726562,2015.0,0.3229290544986725,116
c4_003,4,-90.040286,21.149421,2015.0,0.807136595249176,116
c4_004,4,-89.94139099121094,21.181487,2015.0,0.7018405795097351,116
c4_005,4,-89.967529,21.183643341064453,2015.0,0.6461189985275269,116
c4_006,4,-89.943277,21.200620651245117,2015.0,0.7880576252937317,116
c4_007,4,-89.968068,21.171248,2015.0,0.7376885414123535,116
c4_008,4,-90.035705,21.15346336364746,2015.0,0.7943986654281616,116
c4_009,4,-89.967798,21.179332,2015.0,0.07599468529224396,116
c4_010,4,-89.949205,21.194961,2015.0,0.20450571179389954,116
c4_011,4,-89.943007,21.202506,2015.0,0.5858180522918701,116
c4_012,4,-89.945163,21.199811,2015.0,0.44665586948394775,116
c4_013,4,-89.972379,21.174481,2015.0,0.6848393082618713,116
c4_014,4,-90.041633,21.148612,2015.0,0.7133950591087341,116
c4_015,4,-89.960792,21.190380096435547,2015.0,0.7541688680648804,116
c4_016,4,-89.958098,21.184452056884766,2015.0,0.5467408299446106,116
c4_017,4,-90.074239,21.133790969848633,2015.0,0.7037625312805176,116
c4_018,4,-89.950822,21.1922664642334,2015.0,0.3821469247341156,116
c4_019,4,-89.996901,21.149959564208984,2015.0,0.7263240814208984,116
c4_020,4,-89.960523,21.186338424682617,2015.0,0.5901439785957336,116
c4_021,4,-89.9465103149414,21.185529708862305,2015.0,0.10876401513814926,116
c4_022,4,-89.957828,21.185529708862305,2015.0,0.5824424028396606,116
c4_023,4,-90.035705,21.144301,2015.0,0.5309041738510132,116
c4_024,4,-90.022501,21.156966,2015.0,0.17338131368160248,116
c4_025,4,-89.981002,21.165319,2015.0,0.39634644985198975,116
c4_026,4,-90.027621,21.162355422973633,2015.0,0.3765489459037781,116
c4_027,4,-89.949475,21.19415283203125,2015.0,0.19590167701244354,116
c4_028,4,-89.940852,21.201428,2015.0,0.797217845916748,116
c4_029,4,-89.961601,21.190919,2015.0,0.7550024390220642,116
c4_030,4,-90.041364,21.151576,2015.0,0.8127254247665405,116
c4_031,4,-90.062382,21.153732299804688,2015.0,0.4251756966114044,116
c4_032,4,-89.944085,21.193883,2015.0,0.31898370385169983,116
c4_033,4,-89.981811,21.164511,2015.0,0.6367715001106262,116
c4_034,4,-89.940313,21.199811,2015.0,0.6510844826698303,116
c4_035,4,-90.072622,21.132714,2015.0,0.6246846914291382,116
c4_036,4,-89.942738,21.183643341064453,2015.0,0.29005497694015503,116
c4_037,4,-89.9742660522461,21.173673,2015.0,0.8162543177604675,116
c4_038,4,-89.966451,21.182565,2015.0,0.17422980070114136,116
c4_039,4,-90.014147,21.163972,2015.0,0.10861602425575256,116
c4_040,4,-89.944355,21.201428,2015.0,0.699271559715271,116
c4_041,4,-90.011183,21.148881912231445,2015.0,0.662461519241333,116
c4_042,4,-90.071814,21.131635665893555,2015.0,0.720433235168457,116
c4_043,4,-90.11438751220703,21.11061668395996,2015.0,0.5998236536979675,116
c4_044,4,-89.956481,21.189302444458008,2015.0,0.7193199396133423,116
c4_045,4,-90.036513,21.153732299804688,2015.0,0.7702434062957764,116
c4_046,4,-89.98235321044922,21.169092178344727,2015.0,0.6456089019775391,116
c4_047,4,-89.992859,21.172864,2015.0,0.39195868372917175,116
c4_048,4,-89.948127,21.191457748413086,2015.0,0.8345487117767334,116
c4_049,4,-90.1195068359375,21.108461380004883,2015.0,0.5352116823196411,116
c4_050,4,-90.094718,21.12301254272461,2015.0,0.43533653020858765,116
c5_045,5,-90.018998,21.166128158569336,2015.0,0.44888341426849365,116
c5_008,5,-90.034357,21.155618,2015.0,0.7550222873687744,116
c5_010,5,-89.957289,21.163703,2015.0,0.5234743356704712,116
c5_011,5,-90.004985,21.156696319580078,2015.0,0.7507783770561218,116
c5_012,5,-90.066424,21.154809951782227,2015.0,0.6146748661994934,116
c5_014,5,-90.006871,21.155887603759766,2015.0,0.32946711778640747,116
c5_016,5,-90.002829,21.15642738342285,2015.0,0.6436809301376343,116
c5_022,5,-90.044597,21.154809951782227,2015.0,0.6103713512420654,116
c5_024,5,-89.995284,21.15642738342285,2015.0,0.4477860927581787,116
c5_003,5,-90.056993,21.154541015625,2015.0,0.26090675592422485,116
c5_013,5,-90.020614,21.157235,2015.0,0.37565094232559204,116
c5_020,5,-90.027621,21.156966,2015.0,0.29757875204086304,116
c5_025,5,-90.03301239013672,21.15966033935547,2015.0,0.018323786556720734,116
c5_034,5,-90.012261,21.166397094726562,2015.0,0.476295530796051,116
c5_040,5,-90.069658,21.154541015625,2015.0,0.3866501450538635,116
c5_041,5,-89.998787,21.156156539916992,2015.0,0.2682570219039917,116
c5_043,5,-90.113042,21.13729476928711,2015.0,0.5781084895133972,116
c5_002,5,-90.042172,21.156156539916992,2015.0,0.23149363696575165,116
c5_004,5,-90.034088,21.156966,2015.0,0.23344548046588898,116
c5_001,5,-89.996093,21.155887603759766,2015.0,0.71523118019104,116
c5_006,5,-90.035435,21.154809951782227,2015.0,0.7501879334449768,116
c5_015,5,-89.942738,21.172864,2015.0,0.4706936776638031,116
c5_018,5,-90.0685806274414,21.152385,2015.0,0.1820899248123169,116
c5_026,5,-89.998248,21.172326,2015.0,0.4161601662635803,116
c5_033,5,-90.01980590820312,21.156966,2015.0,0.7032243013381958,116
c5_036,5,-90.041902,21.15750503540039,2015.0,0.5417869687080383,116
c5_039,5,-90.060496,21.15642738342285,2015.0,0.6741923093795776,116
c5_005,5,-90.041633,21.159929275512695,2015.0,0.6049842238426208,116
c5_009,5,-90.038938,21.154271,2015.0,0.8200311064720154,116
c5_019,5,-90.057262,21.155349,2015.0,0.3936784267425537,116
c5_021,5,-90.089598,21.148073196411133,2015.0,0.1994103044271469,116
c5_030,5,-90.071814,21.151845932006836,2015.0,0.20181795954704285,116
c5_031,5,-90.003099,21.155618,2015.0,0.6900632381439209,116
c5_035,5,-90.095527,21.151845932006836,2015.0,0.5069827437400818,116
c5_037,5,-89.996632,21.160469,2015.0,0.8125914335250854,116
c5_023,5,-89.978038,21.180139541625977,2015.0,0.5954012870788574,116
c5_017,5,-90.040555,21.145917892456055,2015.0,0.44515568017959595,116
c5_027,5,-90.08879089355469,21.150768280029297,2015.0,0.6949669718742371,116
c5_047,5,-90.001213,21.154541015625,2015.0,0.8015577793121338,116
c5_048,5,-90.028429,21.156696319580078,2015.0,0.6989966630935669,116
c5_029,5,-90.090407,21.149421,2015.0,0.3673207759857178,116
c5_032,5,-90.079359,21.150768280029297,2015.0,0.19934186339378357,116
c5_038,5,-90.04082489013672,21.156966,2015.0,0.6668553352355957,116
c5_046,5,-90.067233,21.152114868164062,2015.0,0.35759469866752625,116
c5_028,5,-90.095527,21.150499,2015.0,0.5760108232498169,116
c5_044,5,-89.973188,21.183374404907227,2015.0,0.4626085162162781,116
c5_042,5,-90.08124542236328,21.149421,2015.0,0.349886953830719,116
c5_007,5,-90.021962,21.143491744995117,2015.0,0.40753084421157837,116
c10_001,3,-90.028968,21.158313,2015.0,0.10972485691308975,116
c10_005,3,-89.954594,21.163972,2015.0,0.49035292863845825,116
c10_002,3,-90.033549,21.15858268737793,2015.0,-0.020356085151433945,116
c10_003,3,-90.030046,21.158044,2015.0,0.19347424805164337,116
c10_004,3,-90.029507,21.157773971557617,2015.0,0.22321124374866486,116
c10_006,3,-90.03301239013672,21.159122467041016,2015.0,0.11155389249324799,116
c10_007,3,-90.03301239013672,21.158044,2015.0,0.10490772128105164,116
c10_009,3,-90.032741,21.15858268737793,2015.0,0.12198624014854431,116
c10_010,3,-90.030585,21.158044,2015.0,0.0920414850115776,116
c10_008,3,-89.95405578613281,21.163972,2015.0,0.3552429676055908,116
c1_051,1,-90.064538,21.118162155151367,2015.0,0.6252630352973938,116
c1_052,1,-90.05322265625,21.112234115600586,2015.0,0.6857913732528687,116
c1_053,1,-90.068041,21.142953,2015.0,0.7218318581581116,116
c1_054,1,-90.00040435791016,21.124359130859375,2015.0,0.6642307043075562,116
c1_055,1,-90.049178,21.1402587890625,2015.0,0.6401185393333435,116
c2_051,2,-90.111695,21.123821258544922,2015.0,0.5680875778198242,116
c2_052,2,-90.02277374267578,21.139720916748047,2015.0,0.6388700008392334,116
c2_053,2,-89.941929,21.138911,2015.0,0.8119000196456909,116
c2_054,2,-89.950013,21.130019,2015.0,0.7416154146194458,116
c2_055,2,-90.106306,21.128941,2015.0,0.5179082155227661,116
c3_062,3,-90.086634,21.149690628051758,2015.0,0.22160100936889648,116
c3_051,3,-90.010914,21.144301,2015.0,0.7902725338935852,116
c3_055,3,-90.079359,21.150499,2015.0,0.1732724905014038,116
c3_058,3,-90.000943,21.171248,2015.0,0.5344278216362,116
c3_052,3,-90.094179,21.114929,2015.0,0.6505822539329529,116
c3_059,3,-90.039208,21.1402587890625,2015.0,0.7505031228065491,116
c3_053,3,-90.013608,21.152114868164062,2015.0,0.8503689169883728,116
c3_060,3,-89.958906,21.12489891052246,2015.0,0.8632537722587585,116
c3_057,3,-90.058071,21.159929275512695,2015.0,0.7916498184204102,116
c3_061,3,-89.973457,21.138911,2015.0,0.7252697348594666,116
c3_064,3,-89.989625,21.149959564208984,2015.0,0.6231892108917236,116
c3_063,3,-90.030046,21.125707,2015.0,0.7694228887557983,116
c3_065,3,-89.972379,21.162086486816406,2015.0,0.8093892335891724,116
c3_054,3,-90.029237,21.101455,2015.0,0.7207581400871277,116
c3_056,3,-90.008758,21.114120483398438,2015.0,0.6726975440979004,116
c4_051,4,-89.958906,21.191997,2015.0,0.5263274312019348,116
c4_052,4,-89.957828,21.178254,2015.0,0.2994930148124695,116
c4_053,4,-89.994476,21.172864,2015.0,0.25659504532814026,116
c4_054,4,-89.994745,21.168822,2015.0,0.13633005321025848,116
c4_055,4,-90.0025634765625,21.169631,2015.0,0.36380577087402344,116
c1_001,1,-90.056184,21.12301254272461,2016.0,0.767455518245697,129
c1_002,1,-89.984506,21.126246,2016.0,0.7950411438941956,129
c1_003,1,-90.070197,21.140798,2016.0,0.7966317534446716,129
c1_004,1,-90.057801,21.145648,2016.0,0.7685362100601196,129
c1_005,1,-90.024926,21.145379,2016.0,0.6377882361412048,129
c1_006,1,-89.979386,21.130288,2016.0,0.6959822773933411,129
c1_007,1,-90.08636474609375,21.137025,2016.0,0.7914765477180481,129
c1_008,1,-89.952169,21.14322280883789,2016.0,0.7753868699073792,129
c1_009,1,-90.055106,21.138911,2016.0,0.5669677257537842,129
c1_010,1,-89.945702,21.14322280883789,2016.0,0.7286094427108765,129
c1_011,1,-89.958098,21.149151,2016.0,0.7785780429840088,129
c1_012,1,-90.036783,21.117354,2016.0,0.7841818332672119,129
c1_013,1,-90.113042,21.085018157958984,2016.0,0.7988561391830444,129
c1_014,1,-89.944085,21.154002,2016.0,0.8403810858726501,129
c1_015,1,-90.065885,21.113581,2016.0,0.6242918372154236,129
c1_016,1,-90.064538,21.121126174926758,2016.0,0.6778237819671631,129
c1_017,1,-90.01280212402344,21.122474,2016.0,0.6986971497535706,129
c1_018,1,-90.013608,21.150499,2016.0,0.8155853748321533,129
c1_019,1,-90.075856,21.141876220703125,2016.0,0.8096762299537659,129
c1_020,1,-90.063729,21.119510650634766,2016.0,0.6690045595169067,129
c1_021,1,-90.112234,21.128671646118164,2016.0,0.49019697308540344,129
c1_022,1,-89.970224,21.131635665893555,2016.0,0.6412461996078491,129
c1_023,1,-90.049448,21.111425399780273,2016.0,0.6779415607452393,129
c1_024,1,-90.076933,21.135408401489258,2016.0,0.46783387660980225,129
c1_025,1,-90.09391021728516,21.143762,2016.0,0.811940610408783,129
c1_026,1,-89.940852,21.145917892456055,2016.0,0.812678873538971,129
c1_027,1,-89.945163,21.154002,2016.0,0.8080101013183594,129
c1_028,1,-90.098491,21.127324,2016.0,0.6840076446533203,129
c1_029,1,-90.003368,21.149421,2016.0,0.5874245166778564,129
c1_030,1,-89.972918,21.124629,2016.0,0.7613121867179871,129
c1_031,1,-90.003907,21.124359130859375,2016.0,0.7475412487983704,129
c1_032,1,-90.066694,21.0987606048584,2016.0,0.7089073061943054,129
c1_033,1,-89.994745,21.123552322387695,2016.0,0.6957536339759827,129
c1_034,1,-90.08879089355469,21.142953,2016.0,0.785339891910553,129
c1_035,1,-90.063191,21.110887,2016.0,0.699354887008667,129
c1_036,1,-89.960523,21.137563705444336,2016.0,0.7874698638916016,129
c1_037,1,-90.094179,21.093371,2016.0,0.7336496114730835,129
c1_038,1,-90.0025634765625,21.122743,2016.0,0.6945554614067078,129
c1_039,1,-90.051334,21.132714,2016.0,0.6278542876243591,129
c1_040,1,-90.066694,21.13837242126465,2016.0,0.7661294937133789,129
c1_041,1,-90.116815,21.0882511138916,2016.0,0.7329203486442566,129
c1_042,1,-90.057801,21.148612,2016.0,0.8440144062042236,129
c1_043,1,-90.080706,21.141876220703125,2016.0,0.7361260056495667,129
c1_044,1,-89.947319,21.188493728637695,2016.0,0.7160660028457642,129
c1_045,1,-89.981811,21.124091,2016.0,0.7758640646934509,129
c1_046,1,-90.058879,21.128671646118164,2016.0,0.6450127959251404,129
c1_047,1,-90.075317,21.10361099243164,2016.0,0.7739654183387756,129
c1_048,1,-90.003638,21.150768280029297,2016.0,0.6458589434623718,129
c1_049,1,-90.026543,21.122743,2016.0,0.808112621307373,129
c1_050,1,-90.108731,21.117623,2016.0,0.7529929876327515,129
c2_001,2,-89.960253,21.154002,2016.0,0.6752780675888062,129
c2_002,2,-90.117623,21.133522033691406,2016.0,0.6686039566993713,129
c2_003,2,-90.07881927490234,21.09229278564453,2016.0,0.7497479915618896,129
c2_004,2,-89.978847,21.15022850036621,2016.0,0.6480754613876343,129
c2_005,2,-90.089329,21.09364128112793,2016.0,0.7968109250068665,129
c2_006,2,-90.11412048339844,21.100377,2016.0,0.6337674856185913,129
c2_007,2,-90.106036,21.131635665893555,2016.0,0.8186101317405701,129
c2_008,2,-90.001213,21.145379,2016.0,0.737113893032074,129
c2_009,2,-89.963217,21.183913,2016.0,0.8037865161895752,129
c2_010,2,-90.10226440429688,21.144301,2016.0,0.7679668068885803,129
c2_011,2,-89.958636,21.125438,2016.0,0.7755646109580994,129
c2_012,2,-90.097413,21.149959564208984,2016.0,0.8409781455993652,129
c2_013,2,-90.100647,21.106845,2016.0,0.6397311687469482,129
c2_014,2,-90.04594421386719,21.111156463623047,2016.0,0.5358824133872986,129
c2_015,2,-90.068849,21.102802276611328,2016.0,0.8106125593185425,129
c2_016,2,-90.118162,21.135947,2016.0,0.45269349217414856,129
c2_017,2,-89.96214294433594,21.120587,2016.0,0.7859966158866882,129
c2_018,2,-89.981541,21.148343,2016.0,0.52427077293396,129
c2_019,2,-90.041364,21.101186,2016.0,0.7684727907180786,129
c2_020,2,-90.082592,21.10064697265625,2016.0,0.7963623404502869,129
c2_021,2,-89.945163,21.161008,2016.0,0.7020828723907471,129
c2_022,2,-90.01280212402344,21.118162155151367,2016.0,0.7332276105880737,129
c2_023,2,-89.94165802001953,21.17879295349121,2016.0,0.6340607404708862,129
c2_024,2,-89.940043,21.179332,2016.0,0.6216514706611633,129
c2_025,2,-89.942199,21.169092178344727,2016.0,0.678532600402832,129
c2_026,2,-90.04837036132812,21.15858268737793,2016.0,0.798552930355072,129
c2_027,2,-90.018189,21.155078887939453,2016.0,0.7947772741317749,129
c2_028,2,-90.018998,21.118701,2016.0,0.6815677881240845,129
c2_029,2,-89.960253,21.166936,2016.0,0.8522520065307617,129
c2_030,2,-90.08636474609375,21.13918113708496,2016.0,0.80326247215271,129
c2_031,2,-90.006871,21.167745,2016.0,0.7389981150627136,129
c2_032,2,-89.9599838256836,21.15750503540039,2016.0,0.5925215482711792,129
c2_033,2,-90.052412,21.115737,2016.0,0.7474384903907776,129
c2_034,2,-90.075586,21.099569,2016.0,0.6995409727096558,129
c2_035,2,-90.108731,21.095796,2016.0,0.5970509052276611,129
c2_036,2,-90.026543,21.155078887939453,2016.0,0.8007526397705078,129
c2_037,2,-90.006871,21.131097,2016.0,0.7516092658042908,129
c2_038,2,-90.080167,21.099838256835938,2016.0,0.7938819527626038,129
c2_039,2,-89.947588,21.136486053466797,2016.0,0.8198285102844238,129
c2_040,2,-90.061304,21.10468864440918,2016.0,0.7545866370201111,129
c2_041,2,-90.075856,21.134868621826172,2016.0,0.49728089570999146,129
c2_042,2,-89.99959564208984,21.12004852294922,2016.0,0.6972719430923462,129
c2_043,2,-90.101725,21.08043670654297,2016.0,0.7564377188682556,129
c2_044,2,-90.026004,21.113851,2016.0,0.7795472145080566,129
c2_045,2,-90.118162,21.129209518432617,2016.0,0.8233276605606079,129
c2_046,2,-89.94139099121094,21.172056198120117,2016.0,0.7964082956314087,129
c2_047,2,-89.969685,21.1402587890625,2016.0,0.7965835332870483,129
c2_048,2,-90.1038818359375,21.095527,2016.0,0.6098488569259644,129
c2_049,2,-89.99231719970703,21.149690628051758,2016.0,0.6661921143531799,129
c2_050,2,-89.950822,21.121396,2016.0,0.8160255551338196,129
c3_045,3,-89.992859,21.161815643310547,2016.0,-0.054114751517772675,129
c3_003,3,-90.034357,21.15858268737793,2016.0,0.09563331305980682,129
c3_026,3,-89.986931,21.149959564208984,2016.0,0.8423152565956116,129
c3_008,3,-90.084209,21.151576,2016.0,0.48432594537734985,129
c3_017,3,-89.970493,21.159929275512695,2016.0,0.56732577085495,129
c3_004,3,-89.982619,21.180679,2016.0,0.5507721304893494,129
c3_040,3,-89.9742660522461,21.185529708862305,2016.0,0.8346117734909058,129
c3_024,3,-89.97722625732422,21.183913,2016.0,0.6672697067260742,129
c3_013,3,-89.995823,21.13837242126465,2016.0,0.8074310421943665,129
c3_018,3,-90.062113,21.107114,2016.0,0.803459644317627,129
c3_007,3,-90.088521,21.146995,2016.0,0.4645097553730011,129
c3_014,3,-89.951361,21.199003219604492,2016.0,-0.25487199425697327,129
c3_042,3,-89.950283,21.199003219604492,2016.0,0.2414001226425171,129
c3_029,3,-90.000135,21.137563705444336,2016.0,0.7104322910308838,129
c3_005,3,-90.003638,21.111964,2016.0,0.7118678689002991,129
c3_022,3,-90.005524,21.112503051757812,2016.0,0.6836841702461243,129
c3_002,3,-89.953786,21.197656,2016.0,0.5699294209480286,129
c3_015,3,-89.940852,21.162086486816406,2016.0,0.7292357087135315,129
c3_020,3,-90.016842,21.116006,2016.0,0.7709085941314697,129
c3_027,3,-89.982619,21.149421,2016.0,0.47561347484588623,129
c3_030,3,-89.942738,21.1674747467041,2016.0,0.6533976793289185,129
c3_050,3,-89.941929,21.168553,2016.0,0.5505876541137695,129
c3_009,3,-89.986392,21.149959564208984,2016.0,0.8336765170097351,129
c3_033,3,-90.039208,21.102802276611328,2016.0,0.7207582592964172,129
c3_038,3,-89.976152,21.169361114501953,2016.0,0.6581393480300903,129
c3_023,3,-89.97183990478516,21.169361114501953,2016.0,0.6214334964752197,129
c3_032,3,-90.00040435791016,21.138642,2016.0,0.6016774773597717,129
c3_046,3,-89.994476,21.137832641601562,2016.0,0.6002248525619507,129
c3_025,3,-89.947049,21.157235,2016.0,0.7247639298439026,129
c3_028,3,-89.976421,21.165858,2016.0,0.6983057856559753,129
c3_036,3,-89.95189666748047,21.162894,2016.0,0.6287972331047058,129
c3_021,3,-90.007141,21.131635665893555,2016.0,0.7198945879936218,129
c3_035,3,-90.000943,21.144569396972656,2016.0,0.7177128791809082,129
c3_037,3,-89.97183990478516,21.162086486816406,2016.0,0.7609326839447021,129
c3_039,3,-89.976691,21.168283462524414,2016.0,0.6502220034599304,129
c3_041,3,-89.973996,21.137563705444336,2016.0,0.6789612174034119,129
c3_034,3,-90.041364,21.1402587890625,2016.0,0.6410223841667175,129
c3_047,3,-90.028698,21.126246,2016.0,0.7977590560913086,129
c3_048,3,-90.030315,21.124359130859375,2016.0,0.7259976863861084,129
c3_011,3,-90.035974,21.099299,2016.0,0.6985229849815369,129
c3_001,3,-90.080437,21.100377,2016.0,0.7607183456420898,129
c3_006,3,-89.94677734375,21.202237,2016.0,0.7361501455307007,129
c3_019,3,-89.958367,21.172056198120117,2016.0,0.8410260677337646,129
c3_031,3,-90.00740814208984,21.113042,2016.0,0.7438206672668457,129
c3_010,3,-90.01252746582031,21.114659,2016.0,0.765813946723938,129
c3_012,3,-90.00768280029297,21.114389419555664,2016.0,0.6938493847846985,129
c3_016,3,-90.045675,21.097951889038086,2016.0,0.5634217262268066,129
c3_043,3,-89.967259,21.189841,2016.0,0.8348796963691711,129
c3_044,3,-90.046214,21.097413,2016.0,0.7057386636734009,129
c3_049,3,-90.016033,21.116006,2016.0,0.7475499510765076,129
c4_001,4,-90.002021,21.168822,2016.0,0.5021339058876038,129
c4_002,4,-90.013878,21.166397094726562,2016.0,0.4977302849292755,129
c4_003,4,-90.040286,21.149421,2016.0,0.7844245433807373,129
c4_004,4,-89.94139099121094,21.181487,2016.0,0.755332887172699,129
c4_005,4,-89.967529,21.183643341064453,2016.0,0.7644909024238586,129
c4_006,4,-89.943277,21.200620651245117,2016.0,0.8063152432441711,129
c4_007,4,-89.968068,21.171248,2016.0,0.7443686723709106,129
c4_008,4,-90.035705,21.15346336364746,2016.0,0.8413910865783691,129
c4_009,4,-89.967798,21.179332,2016.0,-0.06133529916405678,129
c4_010,4,-89.949205,21.194961,2016.0,0.24830205738544464,129
c4_011,4,-89.943007,21.202506,2016.0,0.7327474355697632,129
c4_012,4,-89.945163,21.199811,2016.0,0.596264660358429,129
c4_013,4,-89.972379,21.174481,2016.0,0.7569637298583984,129
c4_014,4,-90.041633,21.148612,2016.0,0.7485460638999939,129
c4_015,4,-89.960792,21.190380096435547,2016.0,0.8288761377334595,129
c4_016,4,-89.958098,21.184452056884766,2016.0,0.6554729342460632,129
c4_017,4,-90.074239,21.133790969848633,2016.0,0.7647442817687988,129
c4_018,4,-89.950822,21.1922664642334,2016.0,0.5052481293678284,129
c4_019,4,-89.996901,21.149959564208984,2016.0,0.7095269560813904,129
c4_020,4,-89.960523,21.186338424682617,2016.0,0.811928391456604,129
c4_021,4,-89.9465103149414,21.185529708862305,2016.0,0.09518837183713913,129
c4_022,4,-89.957828,21.185529708862305,2016.0,0.6959136128425598,129
c4_023,4,-90.035705,21.144301,2016.0,0.5351982116699219,129
c4_024,4,-90.022501,21.156966,2016.0,0.2966284155845642,129
c4_025,4,-89.981002,21.165319,2016.0,0.6214005947113037,129
c4_026,4,-90.027621,21.162355422973633,2016.0,0.559547483921051,129
c4_027,4,-89.949475,21.19415283203125,2016.0,0.2225642055273056,129
c4_028,4,-89.940852,21.201428,2016.0,0.8113054037094116,129
c4_029,4,-89.961601,21.190919,2016.0,0.7828032970428467,129
c4_030,4,-90.041364,21.151576,2016.0,0.8091906905174255,129
c4_031,4,-90.062382,21.153732299804688,2016.0,0.5093500018119812,129
c4_032,4,-89.944085,21.193883,2016.0,0.22989222407341003,129
c4_033,4,-89.981811,21.164511,2016.0,0.6808276176452637,129
c4_034,4,-89.940313,21.199811,2016.0,0.650708794593811,129
c4_035,4,-90.072622,21.132714,2016.0,0.6146880388259888,129
c4_036,4,-89.942738,21.183643341064453,2016.0,0.49854180216789246,129
c4_037,4,-89.9742660522461,21.173673,2016.0,0.8330370783805847,129
c4_038,4,-89.966451,21.182565,2016.0,0.19817104935646057,129
c4_039,4,-90.014147,21.163972,2016.0,-0.025703804567456245,129
c4_040,4,-89.944355,21.201428,2016.0,0.7593943476676941,129
c4_041,4,-90.011183,21.148881912231445,2016.0,0.6617320775985718,129
c4_042,4,-90.071814,21.131635665893555,2016.0,0.7393365502357483,129
c4_043,4,-90.11438751220703,21.11061668395996,2016.0,0.6461622714996338,129
c4_044,4,-89.956481,21.189302444458008,2016.0,0.7976788282394409,129
c4_045,4,-90.036513,21.153732299804688,2016.0,0.8295601606369019,129
c4_046,4,-89.98235321044922,21.169092178344727,2016.0,0.7687044739723206,129
c4_047,4,-89.992859,21.172864,2016.0,0.15546321868896484,129
c4_048,4,-89.948127,21.191457748413086,2016.0,0.8647578358650208,129
c4_049,4,-90.1195068359375,21.108461380004883,2016.0,0.5613489747047424,129
c4_050,4,-90.094718,21.12301254272461,2016.0,0.4515448808670044,129
c5_045,5,-90.018998,21.166128158569336,2016.0,0.44231677055358887,129
c5_008,5,-90.034357,21.155618,2016.0,0.807564377784729,129
c5_010,5,-89.957289,21.163703,2016.0,0.5582895874977112,129
c5_011,5,-90.004985,21.156696319580078,2016.0,0.7540799379348755,129
c5_012,5,-90.066424,21.154809951782227,2016.0,0.591539740562439,129
c5_014,5,-90.006871,21.155887603759766,2016.0,0.4442864954471588,129
c5_016,5,-90.002829,21.15642738342285,2016.0,0.7440093159675598,129
c5_022,5,-90.044597,21.154809951782227,2016.0,0.7109821438789368,129
c5_024,5,-89.995284,21.15642738342285,2016.0,0.5158931612968445,129
c5_003,5,-90.056993,21.154541015625,2016.0,0.5667505860328674,129
c5_013,5,-90.020614,21.157235,2016.0,0.5100963115692139,129
c5_020,5,-90.027621,21.156966,2016.0,0.5934720039367676,129
c5_025,5,-90.03301239013672,21.15966033935547,2016.0,0.19305706024169922,129
c5_034,5,-90.012261,21.166397094726562,2016.0,0.5785556435585022,129
c5_040,5,-90.069658,21.154541015625,2016.0,0.4674276113510132,129
c5_041,5,-89.998787,21.156156539916992,2016.0,0.46688851714134216,129
c5_043,5,-90.113042,21.13729476928711,2016.0,0.5711115002632141,129
c5_002,5,-90.042172,21.156156539916992,2016.0,0.4768875539302826,129
c5_004,5,-90.034088,21.156966,2016.0,0.46847739815711975,129
c5_001,5,-89.996093,21.155887603759766,2016.0,0.7351443767547607,129
c5_006,5,-90.035435,21.154809951782227,2016.0,0.8254246711730957,129
c5_015,5,-89.942738,21.172864,2016.0,0.46627214550971985,129
c5_018,5,-90.0685806274414,21.152385,2016.0,0.39662593603134155,129
c5_026,5,-89.998248,21.172326,2016.0,0.4343460202217102,129
c5_033,5,-90.01980590820312,21.156966,2016.0,0.7815924882888794,129
c5_036,5,-90.041902,21.15750503540039,2016.0,0.6877588629722595,129
c5_039,5,-90.060496,21.15642738342285,2016.0,0.6976456046104431,129
c5_005,5,-90.041633,21.159929275512695,2016.0,0.7477032542228699,129
c5_009,5,-90.038938,21.154271,2016.0,0.8657649755477905,129
c5_019,5,-90.057262,21.155349,2016.0,0.518215000629425,129
c5_021,5,-90.089598,21.148073196411133,2016.0,0.3581996560096741,129
c5_030,5,-90.071814,21.151845932006836,2016.0,0.5030105710029602,129
c5_031,5,-90.003099,21.155618,2016.0,0.7717941999435425,129
c5_035,5,-90.095527,21.151845932006836,2016.0,0.4523259699344635,129
c5_037,5,-89.996632,21.160469,2016.0,0.8267102837562561,129
c5_023,5,-89.978038,21.180139541625977,2016.0,0.6106311678886414,129
c5_017,5,-90.040555,21.145917892456055,2016.0,0.5372909903526306,129
c5_027,5,-90.08879089355469,21.150768280029297,2016.0,0.7291522026062012,129
c5_047,5,-90.001213,21.154541015625,2016.0,0.8124341368675232,129
c5_048,5,-90.028429,21.156696319580078,2016.0,0.7550731897354126,129
c5_029,5,-90.090407,21.149421,2016.0,0.47929927706718445,129
c5_032,5,-90.079359,21.150768280029297,2016.0,0.2948463559150696,129
c5_038,5,-90.04082489013672,21.156966,2016.0,0.8024043440818787,129
c5_046,5,-90.067233,21.152114868164062,2016.0,0.541408896446228,129
c5_028,5,-90.095527,21.150499,2016.0,0.5812349319458008,129
c5_044,5,-89.973188,21.183374404907227,2016.0,0.5316157341003418,129
c5_042,5,-90.08124542236328,21.149421,2016.0,0.48513323068618774,129
c5_007,5,-90.021962,21.143491744995117,2016.0,0.46071797609329224,129
c10_001,3,-90.028968,21.158313,2016.0,0.1915062814950943,129
c10_005,3,-89.954594,21.163972,2016.0,0.5088275671005249,129
c10_002,3,-90.033549,21.15858268737793,2016.0,0.05186689645051956,129
c10_003,3,-90.030046,21.158044,2016.0,0.4026390016078949,129
c10_004,3,-90.029507,21.157773971557617,2016.0,0.3631421625614166,129
c10_006,3,-90.03301239013672,21.159122467041016,2016.0,0.23057600855827332,129
c10_007,3,-90.03301239013672,21.158044,2016.0,0.2235686182975769,129
c10_009,3,-90.032741,21.15858268737793,2016.0,0.2707836329936981,129
c10_010,3,-90.030585,21.158044,2016.0,0.12688912451267242,129
c10_008,3,-89.95405578613281,21.163972,2016.0,0.42826223373413086,129
c1_051,1,-90.064538,21.118162155151367,2016.0,0.6431851387023926,129
c1_052,1,-90.05322265625,21.112234115600586,2016.0,0.713985025882721,129
c1_053,1,-90.068041,21.142953,2016.0,0.7360734343528748,129
c1_054,1,-90.00040435791016,21.124359130859375,2016.0,0.6793662905693054,129
c1_055,1,-90.049178,21.1402587890625,2016.0,0.6710785627365112,129
c2_051,2,-90.111695,21.123821258544922,2016.0,0.7478322982788086,129
c2_052,2,-90.02277374267578,21.139720916748047,2016.0,0.6947605013847351,129
c2_053,2,-89.941929,21.138911,2016.0,0.8087636828422546,129
c2_054,2,-89.950013,21.130019,2016.0,0.7849777340888977,129
c2_055,2,-90.106306,21.128941,2016.0,0.6816487312316895,129
c3_062,3,-90.086634,21.149690628051758,2016.0,0.32234498858451843,129
c3_051,3,-90.010914,21.144301,2016.0,0.8121988773345947,129
c3_055,3,-90.079359,21.150499,2016.0,0.28433823585510254,129
c3_058,3,-90.000943,21.171248,2016.0,0.5131499171257019,129
c3_052,3,-90.094179,21.114929,2016.0,0.6266207098960876,129
c3_059,3,-90.039208,21.1402587890625,2016.0,0.7647428512573242,129
c3_053,3,-90.013608,21.152114868164062,2016.0,0.8602159023284912,129
c3_060,3,-89.958906,21.12489891052246,2016.0,0.8667122721672058,129
c3_057,3,-90.058071,21.159929275512695,2016.0,0.756651759147644,129
c3_061,3,-89.973457,21.138911,2016.0,0.7330213189125061,129
c3_064,3,-89.989625,21.149959564208984,2016.0,0.6610715985298157,129
c3_063,3,-90.030046,21.125707,2016.0,0.7587860226631165,129
c3_065,3,-89.972379,21.162086486816406,2016.0,0.8094263672828674,129
c3_054,3,-90.029237,21.101455,2016.0,0.7515140175819397,129
c3_056,3,-90.008758,21.114120483398438,2016.0,0.7349077463150024,129
c4_051,4,-89.958906,21.191997,2016.0,0.6416738033294678,129
c4_052,4,-89.957828,21.178254,2016.0,0.47402462363243103,129
c4_053,4,-89.994476,21.172864,2016.0,0.23983855545520782,129
c4_054,4,-89.994745,21.168822,2016.0,-0.06267672777175903,129
c4_055,4,-90.0025634765625,21.169631,2016.0,0.5342502593994141,129
c1_001,1,-90.056184,21.12301254272461,2017.0,0.8013073801994324,126
c1_002,1,-89.984506,21.126246,2017.0,0.8020076155662537,126
c1_003,1,-90.070197,21.140798,2017.0,0.8030161261558533,126
c1_004,1,-90.057801,21.145648,2017.0,0.773810088634491,126
c1_005,1,-90.024926,21.145379,2017.0,0.6177875995635986,126
c1_006,1,-89.979386,21.130288,2017.0,0.7077869176864624,126
c1_007,1,-90.08636474609375,21.137025,2017.0,0.8464321494102478,126
c1_008,1,-89.952169,21.14322280883789,2017.0,0.7841022610664368,126
c1_009,1,-90.055106,21.138911,2017.0,0.5758763551712036,126
c1_010,1,-89.945702,21.14322280883789,2017.0,0.7506406903266907,126
c1_011,1,-89.958098,21.149151,2017.0,0.7760928273200989,126
c1_012,1,-90.036783,21.117354,2017.0,0.806047797203064,126
c1_013,1,-90.113042,21.085018157958984,2017.0,0.8157507181167603,126
c1_014,1,-89.944085,21.154002,2017.0,0.8223013877868652,126
c1_015,1,-90.065885,21.113581,2017.0,0.667273998260498,126
c1_016,1,-90.064538,21.121126174926758,2017.0,0.6823917627334595,126
c1_017,1,-90.01280212402344,21.122474,2017.0,0.7317743301391602,126
c1_018,1,-90.013608,21.150499,2017.0,0.8238102793693542,126
c1_019,1,-90.075856,21.141876220703125,2017.0,0.826018750667572,126
c1_020,1,-90.063729,21.119510650634766,2017.0,0.7140518426895142,126
c1_021,1,-90.112234,21.128671646118164,2017.0,0.6165343523025513,126
c1_022,1,-89.970224,21.131635665893555,2017.0,0.6541292071342468,126
c1_023,1,-90.049448,21.111425399780273,2017.0,0.6391334533691406,126
c1_024,1,-90.076933,21.135408401489258,2017.0,0.5158097147941589,126
c1_025,1,-90.09391021728516,21.143762,2017.0,0.8112871050834656,126
c1_026,1,-89.940852,21.145917892456055,2017.0,0.806618869304657,126
c1_027,1,-89.945163,21.154002,2017.0,0.8125852942466736,126
c1_028,1,-90.098491,21.127324,2017.0,0.7071749567985535,126
c1_029,1,-90.003368,21.149421,2017.0,0.5840513110160828,126
c1_030,1,-89.972918,21.124629,2017.0,0.7698709964752197,126
c1_031,1,-90.003907,21.124359130859375,2017.0,0.7643536925315857,126
c1_032,1,-90.066694,21.0987606048584,2017.0,0.7816524505615234,126
c1_033,1,-89.994745,21.123552322387695,2017.0,0.6681658625602722,126
c1_034,1,-90.08879089355469,21.142953,2017.0,0.8266018629074097,126
c1_035,1,-90.063191,21.110887,2017.0,0.7038969993591309,126
c1_036,1,-89.960523,21.137563705444336,2017.0,0.8061533570289612,126
c1_037,1,-90.094179,21.093371,2017.0,0.7625848650932312,126
c1_038,1,-90.0025634765625,21.122743,2017.0,0.7157217860221863,126
c1_039,1,-90.051334,21.132714,2017.0,0.6117627024650574,126
c1_040,1,-90.066694,21.13837242126465,2017.0,0.748248815536499,126
c1_041,1,-90.116815,21.0882511138916,2017.0,0.7441533207893372,126
c1_042,1,-90.057801,21.148612,2017.0,0.8602899312973022,126
c1_043,1,-90.080706,21.141876220703125,2017.0,0.7480074167251587,126
c1_044,1,-89.947319,21.188493728637695,2017.0,0.6971719264984131,126
c1_045,1,-89.981811,21.124091,2017.0,0.7766270041465759,126
c1_046,1,-90.058879,21.128671646118164,2017.0,0.6675021648406982,126
c1_047,1,-90.075317,21.10361099243164,2017.0,0.7913945913314819,126
c1_048,1,-90.003638,21.150768280029297,2017.0,0.6345903873443604,126
c1_049,1,-90.026543,21.122743,2017.0,0.8072653412818909,126
c1_050,1,-90.108731,21.117623,2017.0,0.7744049429893494,126
c2_001,2,-89.960253,21.154002,2017.0,0.6222618818283081,126
c2_002,2,-90.117623,21.133522033691406,2017.0,0.6580026745796204,126
c2_003,2,-90.07881927490234,21.09229278564453,2017.0,0.7740220427513123,126
c2_004,2,-89.978847,21.15022850036621,2017.0,0.6294147372245789,126
c2_005,2,-90.089329,21.09364128112793,2017.0,0.8134377002716064,126
c2_006,2,-90.11412048339844,21.100377,2017.0,0.6660252809524536,126
c2_007,2,-90.106036,21.131635665893555,2017.0,0.8569728136062622,126
c2_008,2,-90.001213,21.145379,2017.0,0.7339856624603271,126
c2_009,2,-89.963217,21.183913,2017.0,0.809796929359436,126
c2_010,2,-90.10226440429688,21.144301,2017.0,0.7636038661003113,126
c2_011,2,-89.958636,21.125438,2017.0,0.7796728014945984,126
c2_012,2,-90.097413,21.149959564208984,2017.0,0.8683529496192932,126
c2_013,2,-90.100647,21.106845,2017.0,0.7049742341041565,126
c2_014,2,-90.04594421386719,21.111156463623047,2017.0,0.5386651158332825,126
c2_015,2,-90.068849,21.102802276611328,2017.0,0.8289265632629395,126
c2_016,2,-90.118162,21.135947,2017.0,0.5713537335395813,126
c2_017,2,-89.96214294433594,21.120587,2017.0,0.774047315120697,126
c2_018,2,-89.981541,21.148343,2017.0,0.5214323401451111,126
c2_019,2,-90.041364,21.101186,2017.0,0.7856895923614502,126
c2_020,2,-90.082592,21.10064697265625,2017.0,0.8130340576171875,126
c2_021,2,-89.945163,21.161008,2017.0,0.7063382267951965,126
c2_022,2,-90.01280212402344,21.118162155151367,2017.0,0.730991780757904,126
c2_023,2,-89.94165802001953,21.17879295349121,2017.0,0.6199051737785339,126
c2_024,2,-89.940043,21.179332,2017.0,0.6066225171089172,126
c2_025,2,-89.942199,21.169092178344727,2017.0,0.6696304082870483,126
c2_026,2,-90.04837036132812,21.15858268737793,2017.0,0.8281791806221008,126
c2_027,2,-90.018189,21.155078887939453,2017.0,0.7986761331558228,126
c2_028,2,-90.018998,21.118701,2017.0,0.6972415447235107,126
c2_029,2,-89.960253,21.166936,2017.0,0.8538811206817627,126
c2_030,2,-90.08636474609375,21.13918113708496,2017.0,0.849467396736145,126
c2_031,2,-90.006871,21.167745,2017.0,0.7619510293006897,126
c2_032,2,-89.9599838256836,21.15750503540039,2017.0,0.5970359444618225,126
c2_033,2,-90.052412,21.115737,2017.0,0.757158100605011,126
c2_034,2,-90.075586,21.099569,2017.0,0.7275457382202148,126
c2_035,2,-90.108731,21.095796,2017.0,0.6444496512413025,126
c2_036,2,-90.026543,21.155078887939453,2017.0,0.7956770658493042,126
c2_037,2,-90.006871,21.131097,2017.0,0.7319172620773315,126
c2_038,2,-90.080167,21.099838256835938,2017.0,0.8116642236709595,126
c2_039,2,-89.947588,21.136486053466797,2017.0,0.8097933530807495,126
c2_040,2,-90.061304,21.10468864440918,2017.0,0.7813977003097534,126
c2_041,2,-90.075856,21.134868621826172,2017.0,0.5596224069595337,126
c2_042,2,-89.99959564208984,21.12004852294922,2017.0,0.7027406096458435,126
c2_043,2,-90.101725,21.08043670654297,2017.0,0.7883424758911133,126
c2_044,2,-90.026004,21.113851,2017.0,0.8091894388198853,126
c2_045,2,-90.118162,21.129209518432617,2017.0,0.8288136124610901,126
c2_046,2,-89.94139099121094,21.172056198120117,2017.0,0.7811375856399536,126
c2_047,2,-89.969685,21.1402587890625,2017.0,0.7949981689453125,126
c2_048,2,-90.1038818359375,21.095527,2017.0,0.6114832162857056,126
c2_049,2,-89.99231719970703,21.149690628051758,2017.0,0.6834332346916199,126
c2_050,2,-89.950822,21.121396,2017.0,0.7571290731430054,126
c3_045,3,-89.992859,21.161815643310547,2017.0,-0.07072747498750687,126
c3_003,3,-90.034357,21.15858268737793,2017.0,0.1376097947359085,126
c3_026,3,-89.986931,21.149959564208984,2017.0,0.8435341715812683,126
c3_008,3,-90.084209,21.151576,2017.0,0.4352332651615143,126
c3_017,3,-89.970493,21.159929275512695,2017.0,0.4745458662509918,126
c3_004,3,-89.982619,21.180679,2017.0,0.5917107462882996,126
c3_040,3,-89.9742660522461,21.185529708862305,2017.0,0.8478498458862305,126
c3_024,3,-89.97722625732422,21.183913,2017.0,0.683870255947113,126
c3_013,3,-89.995823,21.13837242126465,2017.0,0.8051491379737854,126
c3_018,3,-90.062113,21.107114,2017.0,0.8264453411102295,126
c3_007,3,-90.088521,21.146995,2017.0,0.4301195740699768,126
c3_014,3,-89.951361,21.199003219604492,2017.0,-0.10208716988563538,126
c3_042,3,-89.950283,21.199003219604492,2017.0,0.2531784176826477,126
c3_029,3,-90.000135,21.137563705444336,2017.0,0.7040796875953674,126
c3_005,3,-90.003638,21.111964,2017.0,0.7527234554290771,126
c3_022,3,-90.005524,21.112503051757812,2017.0,0.7192330360412598,126
c3_002,3,-89.953786,21.197656,2017.0,0.681256890296936,126
c3_015,3,-89.940852,21.162086486816406,2017.0,0.6862436532974243,126
c3_020,3,-90.016842,21.116006,2017.0,0.7483782172203064,126
c3_027,3,-89.982619,21.149421,2017.0,0.4706319570541382,126
c3_030,3,-89.942738,21.1674747467041,2017.0,0.6129802465438843,126
c3_050,3,-89.941929,21.168553,2017.0,0.49365782737731934,126
c3_009,3,-89.986392,21.149959564208984,2017.0,0.8336294293403625,126
c3_033,3,-90.039208,21.102802276611328,2017.0,0.7447392344474792,126
c3_038,3,-89.976152,21.169361114501953,2017.0,0.639072597026825,126
c3_023,3,-89.97183990478516,21.169361114501953,2017.0,0.6106679439544678,126
c3_032,3,-90.00040435791016,21.138642,2017.0,0.607204794883728,126
c3_046,3,-89.994476,21.137832641601562,2017.0,0.5800520181655884,126
c3_025,3,-89.947049,21.157235,2017.0,0.679804265499115,126
c3_028,3,-89.976421,21.165858,2017.0,0.687667965888977,126
c3_036,3,-89.95189666748047,21.162894,2017.0,0.5870048999786377,126
c3_021,3,-90.007141,21.131635665893555,2017.0,0.7035144567489624,126
c3_035,3,-90.000943,21.144569396972656,2017.0,0.6485971212387085,126
c3_037,3,-89.97183990478516,21.162086486816406,2017.0,0.7650848627090454,126
c3_039,3,-89.976691,21.168283462524414,2017.0,0.6411962509155273,126
c3_041,3,-89.973996,21.137563705444336,2017.0,0.6053866744041443,126
c3_034,3,-90.041364,21.1402587890625,2017.0,0.6303062438964844,126
c3_047,3,-90.028698,21.126246,2017.0,0.7878255248069763,126
c3_048,3,-90.030315,21.124359130859375,2017.0,0.7209838628768921,126
c3_011,3,-90.035974,21.099299,2017.0,0.7066461443901062,126
c3_001,3,-90.080437,21.100377,2017.0,0.7800771594047546,126
c3_006,3,-89.94677734375,21.202237,2017.0,0.7802439332008362,126
c3_019,3,-89.958367,21.172056198120117,2017.0,0.8484789729118347,126
c3_031,3,-90.00740814208984,21.113042,2017.0,0.7541367411613464,126
c3_010,3,-90.01252746582031,21.114659,2017.0,0.7905760407447815,126
c3_012,3,-90.00768280029297,21.114389419555664,2017.0,0.6483045220375061,126
c3_016,3,-90.045675,21.097951889038086,2017.0,0.6241917014122009,126
c3_043,3,-89.967259,21.189841,2017.0,0.8422092795372009,126
c3_044,3,-90.046214,21.097413,2017.0,0.7502933144569397,126
c3_049,3,-90.016033,21.116006,2017.0,0.7614244818687439,126
c4_001,4,-90.002021,21.168822,2017.0,0.5503423810005188,126
c4_002,4,-90.013878,21.166397094726562,2017.0,0.5191280841827393,126
c4_003,4,-90.040286,21.149421,2017.0,0.7904480695724487,126
c4_004,4,-89.94139099121094,21.181487,2017.0,0.7789306640625,126
c4_005,4,-89.967529,21.183643341064453,2017.0,0.7994261384010315,126
c4_006,4,-89.943277,21.200620651245117,2017.0,0.8150094747543335,126
c4_007,4,-89.968068,21.171248,2017.0,0.77996826171875,126
c4_008,4,-90.035705,21.15346336364746,2017.0,0.855422854423523,126
c4_009,4,-89.967798,21.179332,2017.0,0.16073331236839294,126
c4_010,4,-89.949205,21.194961,2017.0,0.3021831214427948,126
c4_011,4,-89.943007,21.202506,2017.0,0.7018291354179382,126
c4_012,4,-89.945163,21.199811,2017.0,0.7211021780967712,126
c4_013,4,-89.972379,21.174481,2017.0,0.8438607454299927,126
c4_014,4,-90.041633,21.148612,2017.0,0.7616437077522278,126
c4_015,4,-89.960792,21.190380096435547,2017.0,0.806158721446991,126
c4_016,4,-89.958098,21.184452056884766,2017.0,0.7431135177612305,126
c4_017,4,-90.074239,21.133790969848633,2017.0,0.7911973595619202,126
c4_018,4,-89.950822,21.1922664642334,2017.0,0.5958232879638672,126
c4_019,4,-89.996901,21.149959564208984,2017.0,0.6994619369506836,126
c4_020,4,-89.960523,21.186338424682617,2017.0,0.8302845358848572,126
c4_021,4,-89.9465103149414,21.185529708862305,2017.0,0.21559295058250427,126
c4_022,4,-89.957828,21.185529708862305,2017.0,0.709606945514679,126
c4_023,4,-90.035705,21.144301,2017.0,0.5383694767951965,126
c4_024,4,-90.022501,21.156966,2017.0,0.25570249557495117,126
c4_025,4,-89.981002,21.165319,2017.0,0.6252917051315308,126
c4_026,4,-90.027621,21.162355422973633,2017.0,0.5850204229354858,126
c4_027,4,-89.949475,21.19415283203125,2017.0,0.40949299931526184,126
c4_028,4,-89.940852,21.201428,2017.0,0.8306214809417725,126
c4_029,4,-89.961601,21.190919,2017.0,0.7819847464561462,126
c4_030,4,-90.041364,21.151576,2017.0,0.812152624130249,126
c4_031,4,-90.062382,21.153732299804688,2017.0,0.4887724220752716,126
c4_032,4,-89.944085,21.193883,2017.0,0.3157401382923126,126
c4_033,4,-89.981811,21.164511,2017.0,0.7185469269752502,126
c4_034,4,-89.940313,21.199811,2017.0,0.7247568964958191,126
c4_035,4,-90.072622,21.132714,2017.0,0.6753718852996826,126
c4_036,4,-89.942738,21.183643341064453,2017.0,0.4519904851913452,126
c4_037,4,-89.9742660522461,21.173673,2017.0,0.8448389172554016,126
c4_038,4,-89.966451,21.182565,2017.0,0.2731088399887085,126
c4_039,4,-90.014147,21.163972,2017.0,0.05777428671717644,126
c4_040,4,-89.944355,21.201428,2017.0,0.7867704629898071,126
c4_041,4,-90.011183,21.148881912231445,2017.0,0.6553017497062683,126
c4_042,4,-90.071814,21.131635665893555,2017.0,0.7283377051353455,126
c4_043,4,-90.11438751220703,21.11061668395996,2017.0,0.6286591291427612,126
c4_044,4,-89.956481,21.189302444458008,2017.0,0.7785995006561279,126
c4_045,4,-90.036513,21.153732299804688,2017.0,0.8623642921447754,126
c4_046,4,-89.98235321044922,21.169092178344727,2017.0,0.8062658309936523,126
c4_047,4,-89.992859,21.172864,2017.0,0.17701396346092224,126
c4_048,4,-89.948127,21.191457748413086,2017.0,0.8696367740631104,126
c4_049,4,-90.1195068359375,21.108461380004883,2017.0,0.5940765142440796,126
c4_050,4,-90.094718,21.12301254272461,2017.0,0.5494788885116577,126
c5_045,5,-90.018998,21.166128158569336,2017.0,0.5283321738243103,126
c5_008,5,-90.034357,21.155618,2017.0,0.8308992385864258,126
c5_010,5,-89.957289,21.163703,2017.0,0.5601329803466797,126
c5_011,5,-90.004985,21.156696319580078,2017.0,0.7761844992637634,126
c5_012,5,-90.066424,21.154809951782227,2017.0,0.7042982578277588,126
c5_014,5,-90.006871,21.155887603759766,2017.0,0.4778417944908142,126
c5_016,5,-90.002829,21.15642738342285,2017.0,0.7864972352981567,126
c5_022,5,-90.044597,21.154809951782227,2017.0,0.772337019443512,126
c5_024,5,-89.995284,21.15642738342285,2017.0,0.49463197588920593,126
c5_003,5,-90.056993,21.154541015625,2017.0,0.5664066076278687,126
c5_013,5,-90.020614,21.157235,2017.0,0.5818789005279541,126
c5_020,5,-90.027621,21.156966,2017.0,0.6058269143104553,126
c5_025,5,-90.03301239013672,21.15966033935547,2017.0,0.12841540575027466,126
c5_034,5,-90.012261,21.166397094726562,2017.0,0.6073619723320007,126
c5_040,5,-90.069658,21.154541015625,2017.0,0.5994818210601807,126
c5_041,5,-89.998787,21.156156539916992,2017.0,0.49408087134361267,126
c5_043,5,-90.113042,21.13729476928711,2017.0,0.6347038745880127,126
c5_002,5,-90.042172,21.156156539916992,2017.0,0.5420909523963928,126
c5_004,5,-90.034088,21.156966,2017.0,0.37204140424728394,126
c5_001,5,-89.996093,21.155887603759766,2017.0,0.7342991828918457,126
c5_006,5,-90.035435,21.154809951782227,2017.0,0.8505346179008484,126
c5_015,5,-89.942738,21.172864,2017.0,0.4838346838951111,126
c5_018,5,-90.0685806274414,21.152385,2017.0,0.35748884081840515,126
c5_026,5,-89.998248,21.172326,2017.0,0.4936842918395996,126
c5_033,5,-90.01980590820312,21.156966,2017.0,0.8129618763923645,126
c5_036,5,-90.041902,21.15750503540039,2017.0,0.7519920468330383,126
c5_039,5,-90.060496,21.15642738342285,2017.0,0.7382752895355225,126
c5_005,5,-90.041633,21.159929275512695,2017.0,0.7787088751792908,126
c5_009,5,-90.038938,21.154271,2017.0,0.8788384199142456,126
c5_019,5,-90.057262,21.155349,2017.0,0.6389644145965576,126
c5_021,5,-90.089598,21.148073196411133,2017.0,0.3271840810775757,126
c5_030,5,-90.071814,21.151845932006836,2017.0,0.3881731927394867,126
c5_031,5,-90.003099,21.155618,2017.0,0.8115466237068176,126
c5_035,5,-90.095527,21.151845932006836,2017.0,0.5128940939903259,126
c5_037,5,-89.996632,21.160469,2017.0,0.8492298126220703,126
c5_023,5,-89.978038,21.180139541625977,2017.0,0.6215401291847229,126
c5_017,5,-90.040555,21.145917892456055,2017.0,0.563060998916626,126
c5_027,5,-90.08879089355469,21.150768280029297,2017.0,0.7468302845954895,126
c5_047,5,-90.001213,21.154541015625,2017.0,0.8231362700462341,126
c5_048,5,-90.028429,21.156696319580078,2017.0,0.7822747826576233,126
c5_029,5,-90.090407,21.149421,2017.0,0.5104929804801941,126
c5_032,5,-90.079359,21.150768280029297,2017.0,0.2604023516178131,126
c5_038,5,-90.04082489013672,21.156966,2017.0,0.841804027557373,126
c5_046,5,-90.067233,21.152114868164062,2017.0,0.5185893177986145,126
c5_028,5,-90.095527,21.150499,2017.0,0.6572582125663757,126
c5_044,5,-89.973188,21.183374404907227,2017.0,0.5688624382019043,126
c5_042,5,-90.08124542236328,21.149421,2017.0,0.5078651309013367,126
c5_007,5,-90.021962,21.143491744995117,2017.0,0.4482477605342865,126
c10_001,3,-90.028968,21.158313,2017.0,0.3823302388191223,126
c10_005,3,-89.954594,21.163972,2017.0,0.5130088329315186,126
c10_002,3,-90.033549,21.15858268737793,2017.0,0.015706034377217293,126
c10_003,3,-90.030046,21.158044,2017.0,0.3516160845756531,126
c10_004,3,-90.029507,21.157773971557617,2017.0,0.32502445578575134,126
c10_006,3,-90.03301239013672,21.159122467041016,2017.0,0.23644757270812988,126
c10_007,3,-90.03301239013672,21.158044,2017.0,0.13876400887966156,126
c10_009,3,-90.032741,21.15858268737793,2017.0,0.26516205072402954,126
c10_010,3,-90.030585,21.158044,2017.0,0.08735816925764084,126
c10_008,3,-89.95405578613281,21.163972,2017.0,0.42417407035827637,126
c1_051,1,-90.064538,21.118162155151367,2017.0,0.6856041550636292,126
c1_052,1,-90.05322265625,21.112234115600586,2017.0,0.6907548904418945,126
c1_053,1,-90.068041,21.142953,2017.0,0.7641744613647461,126
c1_054,1,-90.00040435791016,21.124359130859375,2017.0,0.6990106105804443,126
c1_055,1,-90.049178,21.1402587890625,2017.0,0.6654695868492126,126
c2_051,2,-90.111695,21.123821258544922,2017.0,0.7001891136169434,126
c2_052,2,-90.02277374267578,21.139720916748047,2017.0,0.689713180065155,126
c2_053,2,-89.941929,21.138911,2017.0,0.820132851600647,126
c2_054,2,-89.950013,21.130019,2017.0,0.7712942361831665,126
c2_055,2,-90.106306,21.128941,2017.0,0.7007545828819275,126
c3_062,3,-90.086634,21.149690628051758,2017.0,0.32471993565559387,126
c3_051,3,-90.010914,21.144301,2017.0,0.8044115900993347,126
c3_055,3,-90.079359,21.150499,2017.0,0.22213488817214966,126
c3_058,3,-90.000943,21.171248,2017.0,0.5371240377426147,126
c3_052,3,-90.094179,21.114929,2017.0,0.6218183040618896,126
c3_059,3,-90.039208,21.1402587890625,2017.0,0.7559664249420166,126
c3_053,3,-90.013608,21.152114868164062,2017.0,0.8515172600746155,126
c3_060,3,-89.958906,21.12489891052246,2017.0,0.858344554901123,126
c3_057,3,-90.058071,21.159929275512695,2017.0,0.8067354559898376,126
c3_061,3,-89.973457,21.138911,2017.0,0.6812294125556946,126
c3_064,3,-89.989625,21.149959564208984,2017.0,0.6595399975776672,126
c3_063,3,-90.030046,21.125707,2017.0,0.7567236423492432,126
c3_065,3,-89.972379,21.162086486816406,2017.0,0.8143545985221863,126
c3_054,3,-90.029237,21.101455,2017.0,0.7745948433876038,126
c3_056,3,-90.008758,21.114120483398438,2017.0,0.711351752281189,126
c4_051,4,-89.958906,21.191997,2017.0,0.6874881982803345,126
c4_052,4,-89.957828,21.178254,2017.0,0.42655450105667114,126
c4_053,4,-89.994476,21.172864,2017.0,0.4367700219154358,126
c4_054,4,-89.994745,21.168822,2017.0,0.272515207529068,126
c4_055,4,-90.0025634765625,21.169631,2017.0,0.6129230856895447,126
c1_001,1,-90.056184,21.12301254272461,2018.0,0.7900441288948059,120
c1_002,1,-89.984506,21.126246,2018.0,0.7802439332008362,120
c1_003,1,-90.070197,21.140798,2018.0,0.8138552308082581,120
c1_004,1,-90.057801,21.145648,2018.0,0.7761070728302002,120
c1_005,1,-90.024926,21.145379,2018.0,0.6159914135932922,120
c1_006,1,-89.979386,21.130288,2018.0,0.6778539419174194,120
c1_007,1,-90.08636474609375,21.137025,2018.0,0.7692456841468811,120
c1_008,1,-89.952169,21.14322280883789,2018.0,0.7737374305725098,120
c1_009,1,-90.055106,21.138911,2018.0,0.5876744985580444,120
c1_010,1,-89.945702,21.14322280883789,2018.0,0.7200815081596375,120
c1_011,1,-89.958098,21.149151,2018.0,0.7503005862236023,120
c1_012,1,-90.036783,21.117354,2018.0,0.7988389134407043,120
c1_013,1,-90.113042,21.085018157958984,2018.0,0.8193097710609436,120
c1_014,1,-89.944085,21.154002,2018.0,0.846793532371521,120
c1_015,1,-90.065885,21.113581,2018.0,0.6874024271965027,120
c1_016,1,-90.064538,21.121126174926758,2018.0,0.6644881963729858,120
c1_017,1,-90.01280212402344,21.122474,2018.0,0.7183464765548706,120
c1_018,1,-90.013608,21.150499,2018.0,0.7920712828636169,120
c1_019,1,-90.075856,21.141876220703125,2018.0,0.8256034255027771,120
c1_020,1,-90.063729,21.119510650634766,2018.0,0.6758488416671753,120
c1_021,1,-90.112234,21.128671646118164,2018.0,0.6129859089851379,120
c1_022,1,-89.970224,21.131635665893555,2018.0,0.6559049487113953,120
c1_023,1,-90.049448,21.111425399780273,2018.0,0.7094852924346924,120
c1_024,1,-90.076933,21.135408401489258,2018.0,0.5271688103675842,120
c1_025,1,-90.09391021728516,21.143762,2018.0,0.8112186193466187,120
c1_026,1,-89.940852,21.145917892456055,2018.0,0.8080657720565796,120
c1_027,1,-89.945163,21.154002,2018.0,0.8105072975158691,120
c1_028,1,-90.098491,21.127324,2018.0,0.7338497042655945,120
c1_029,1,-90.003368,21.149421,2018.0,0.5689833760261536,120
c1_030,1,-89.972918,21.124629,2018.0,0.77157062292099,120
c1_031,1,-90.003907,21.124359130859375,2018.0,0.7627905011177063,120
c1_032,1,-90.066694,21.0987606048584,2018.0,0.7308128476142883,120
c1_033,1,-89.994745,21.123552322387695,2018.0,0.6831429600715637,120
c1_034,1,-90.08879089355469,21.142953,2018.0,0.8331075310707092,120
c1_035,1,-90.063191,21.110887,2018.0,0.6855733394622803,120
c1_036,1,-89.960523,21.137563705444336,2018.0,0.7912411689758301,120
c1_037,1,-90.094179,21.093371,2018.0,0.732421338558197,120
c1_038,1,-90.0025634765625,21.122743,2018.0,0.7381678819656372,120
c1_039,1,-90.051334,21.132714,2018.0,0.6112008094787598,120
c1_040,1,-90.066694,21.13837242126465,2018.0,0.7226506471633911,120
c1_041,1,-90.116815,21.0882511138916,2018.0,0.7233356237411499,120
c1_042,1,-90.057801,21.148612,2018.0,0.8628284335136414,120
c1_043,1,-90.080706,21.141876220703125,2018.0,0.7624778151512146,120
c1_044,1,-89.947319,21.188493728637695,2018.0,0.7020516395568848,120
c1_045,1,-89.981811,21.124091,2018.0,0.7573267817497253,120
c1_046,1,-90.058879,21.128671646118164,2018.0,0.6685336828231812,120
c1_047,1,-90.075317,21.10361099243164,2018.0,0.7810751795768738,120
c1_048,1,-90.003638,21.150768280029297,2018.0,0.615647554397583,120
c1_049,1,-90.026543,21.122743,2018.0,0.791142463684082,120
c1_050,1,-90.108731,21.117623,2018.0,0.7844984531402588,120
c2_001,2,-89.960253,21.154002,2018.0,0.6097084879875183,120
c2_002,2,-90.117623,21.133522033691406,2018.0,0.5814367532730103,120
c2_003,2,-90.07881927490234,21.09229278564453,2018.0,0.7585344314575195,120
c2_004,2,-89.978847,21.15022850036621,2018.0,0.6120890378952026,120
c2_005,2,-90.089329,21.09364128112793,2018.0,0.7985743284225464,120
c2_006,2,-90.11412048339844,21.100377,2018.0,0.6218387484550476,120
c2_007,2,-90.106036,21.131635665893555,2018.0,0.7986415028572083,120
c2_008,2,-90.001213,21.145379,2018.0,0.708015501499176,120
c2_009,2,-89.963217,21.183913,2018.0,0.7930580973625183,120
c2_010,2,-90.10226440429688,21.144301,2018.0,0.7858158946037292,120
c2_011,2,-89.958636,21.125438,2018.0,0.7969366908073425,120
c2_012,2,-90.097413,21.149959564208984,2018.0,0.8357148170471191,120
c2_013,2,-90.100647,21.106845,2018.0,0.684712827205658,120
c2_014,2,-90.04594421386719,21.111156463623047,2018.0,0.5649675726890564,120
c2_015,2,-90.068849,21.102802276611328,2018.0,0.8151089549064636,120
c2_016,2,-90.118162,21.135947,2018.0,0.43139463663101196,120
c2_017,2,-89.96214294433594,21.120587,2018.0,0.7950219511985779,120
c2_018,2,-89.981541,21.148343,2018.0,0.5325899720191956,120
c2_019,2,-90.041364,21.101186,2018.0,0.8143085837364197,120
c2_020,2,-90.082592,21.10064697265625,2018.0,0.7817403078079224,120
c2_021,2,-89.945163,21.161008,2018.0,0.6743242144584656,120
c2_022,2,-90.01280212402344,21.118162155151367,2018.0,0.7434341311454773,120
c2_023,2,-89.94165802001953,21.17879295349121,2018.0,0.6014258861541748,120
c2_024,2,-89.940043,21.179332,2018.0,0.5846275091171265,120
c2_025,2,-89.942199,21.169092178344727,2018.0,0.6480530500411987,120
c2_026,2,-90.04837036132812,21.15858268737793,2018.0,0.7416768670082092,120
c2_027,2,-90.018189,21.155078887939453,2018.0,0.7704792618751526,120
c2_028,2,-90.018998,21.118701,2018.0,0.6796457171440125,120
c2_029,2,-89.960253,21.166936,2018.0,0.8497700095176697,120
c2_030,2,-90.08636474609375,21.13918113708496,2018.0,0.8055174946784973,120
c2_031,2,-90.006871,21.167745,2018.0,0.7442006468772888,120
c2_032,2,-89.9599838256836,21.15750503540039,2018.0,0.5650250911712646,120
c2_033,2,-90.052412,21.115737,2018.0,0.7382659316062927,120
c2_034,2,-90.075586,21.099569,2018.0,0.7072300314903259,120
c2_035,2,-90.108731,21.095796,2018.0,0.6182301044464111,120
c2_036,2,-90.026543,21.155078887939453,2018.0,0.7758613228797913,120
c2_037,2,-90.006871,21.131097,2018.0,0.7316922545433044,120
c2_038,2,-90.080167,21.099838256835938,2018.0,0.7996697425842285,120
c2_039,2,-89.947588,21.136486053466797,2018.0,0.7946341633796692,120
c2_040,2,-90.061304,21.10468864440918,2018.0,0.7805072665214539,120
c2_041,2,-90.075856,21.134868621826172,2018.0,0.5793716907501221,120
c2_042,2,-89.99959564208984,21.12004852294922,2018.0,0.7173279523849487,120
c2_043,2,-90.101725,21.08043670654297,2018.0,0.776504635810852,120
c2_044,2,-90.026004,21.113851,2018.0,0.7995753288269043,120
c2_045,2,-90.118162,21.129209518432617,2018.0,0.8242535591125488,120
c2_046,2,-89.94139099121094,21.172056198120117,2018.0,0.7870047688484192,120
c2_047,2,-89.969685,21.1402587890625,2018.0,0.7795387506484985,120
c2_048,2,-90.1038818359375,21.095527,2018.0,0.5976950526237488,120
c2_049,2,-89.99231719970703,21.149690628051758,2018.0,0.6496355533599854,120
c2_050,2,-89.950822,21.121396,2018.0,0.7943615317344666,120
c3_045,3,-89.992859,21.161815643310547,2018.0,0.07711371034383774,120
c3_003,3,-90.034357,21.15858268737793,2018.0,0.15033845603466034,120
c3_026,3,-89.986931,21.149959564208984,2018.0,0.8346843719482422,120
c3_008,3,-90.084209,21.151576,2018.0,0.49454107880592346,120
c3_017,3,-89.970493,21.159929275512695,2018.0,0.5156232714653015,120
c3_004,3,-89.982619,21.180679,2018.0,0.5593382716178894,120
c3_040,3,-89.9742660522461,21.185529708862305,2018.0,0.837619960308075,120
c3_024,3,-89.97722625732422,21.183913,2018.0,0.6736646890640259,120
c3_013,3,-89.995823,21.13837242126465,2018.0,0.796935498714447,120
c3_018,3,-90.062113,21.107114,2018.0,0.8130481243133545,120
c3_007,3,-90.088521,21.146995,2018.0,0.3693402111530304,120
c3_014,3,-89.951361,21.199003219604492,2018.0,-0.1158292293548584,120
c3_042,3,-89.950283,21.199003219604492,2018.0,0.23300492763519287,120
c3_029,3,-90.000135,21.137563705444336,2018.0,0.6915885210037231,120
c3_005,3,-90.003638,21.111964,2018.0,0.7678166627883911,120
c3_022,3,-90.005524,21.112503051757812,2018.0,0.7464833855628967,120
c3_002,3,-89.953786,21.197656,2018.0,0.6646679639816284,120
c3_015,3,-89.940852,21.162086486816406,2018.0,0.6535150408744812,120
c3_020,3,-90.016842,21.116006,2018.0,0.7486717700958252,120
c3_027,3,-89.982619,21.149421,2018.0,0.4997837543487549,120
c3_030,3,-89.942738,21.1674747467041,2018.0,0.5292049050331116,120
c3_050,3,-89.941929,21.168553,2018.0,0.4624689817428589,120
c3_009,3,-89.986392,21.149959564208984,2018.0,0.8234973549842834,120
c3_033,3,-90.039208,21.102802276611328,2018.0,0.7699861526489258,120
c3_038,3,-89.976152,21.169361114501953,2018.0,0.6518033742904663,120
c3_023,3,-89.97183990478516,21.169361114501953,2018.0,0.6359454393386841,120
c3_032,3,-90.00040435791016,21.138642,2018.0,0.6249915957450867,120
c3_046,3,-89.994476,21.137832641601562,2018.0,0.5290252566337585,120
c3_025,3,-89.947049,21.157235,2018.0,0.5716146230697632,120
c3_028,3,-89.976421,21.165858,2018.0,0.7051000595092773,120
c3_036,3,-89.95189666748047,21.162894,2018.0,0.5009283423423767,120
c3_021,3,-90.007141,21.131635665893555,2018.0,0.713459849357605,120
c3_035,3,-90.000943,21.144569396972656,2018.0,0.4998535215854645,120
c3_037,3,-89.97183990478516,21.162086486816406,2018.0,0.7566773295402527,120
c3_039,3,-89.976691,21.168283462524414,2018.0,0.6274183392524719,120
c3_041,3,-89.973996,21.137563705444336,2018.0,0.5435919761657715,120
c3_034,3,-90.041364,21.1402587890625,2018.0,0.6084303259849548,120
c3_047,3,-90.028698,21.126246,2018.0,0.7946048974990845,120
c3_048,3,-90.030315,21.124359130859375,2018.0,0.7094749808311462,120
c3_011,3,-90.035974,21.099299,2018.0,0.7223447561264038,120
c3_001,3,-90.080437,21.100377,2018.0,0.7443271279335022,120
c3_006,3,-89.94677734375,21.202237,2018.0,0.7416658401489258,120
c3_019,3,-89.958367,21.172056198120117,2018.0,0.8421801924705505,120
c3_031,3,-90.00740814208984,21.113042,2018.0,0.7836863994598389,120
c3_010,3,-90.01252746582031,21.114659,2018.0,0.7994195222854614,120
c3_012,3,-90.00768280029297,21.114389419555664,2018.0,0.729027509689331,120
c3_016,3,-90.045675,21.097951889038086,2018.0,0.6445169448852539,120
c3_043,3,-89.967259,21.189841,2018.0,0.8308053016662598,120
c3_044,3,-90.046214,21.097413,2018.0,0.7440555691719055,120
c3_049,3,-90.016033,21.116006,2018.0,0.7186882495880127,120
c4_001,4,-90.002021,21.168822,2018.0,0.5656276941299438,120
c4_002,4,-90.013878,21.166397094726562,2018.0,0.5306033492088318,120
c4_003,4,-90.040286,21.149421,2018.0,0.7601651549339294,120
c4_004,4,-89.94139099121094,21.181487,2018.0,0.7534018754959106,120
c4_005,4,-89.967529,21.183643341064453,2018.0,0.8024422526359558,120
c4_006,4,-89.943277,21.200620651245117,2018.0,0.7918742895126343,120
c4_007,4,-89.968068,21.171248,2018.0,0.765986979007721,120
c4_008,4,-90.035705,21.15346336364746,2018.0,0.8344738483428955,120
c4_009,4,-89.967798,21.179332,2018.0,0.19535885751247406,120
c4_010,4,-89.949205,21.194961,2018.0,0.5031161308288574,120
c4_011,4,-89.943007,21.202506,2018.0,0.7543919086456299,120
c4_012,4,-89.945163,21.199811,2018.0,0.7803224921226501,120
c4_013,4,-89.972379,21.174481,2018.0,0.8536585569381714,120
c4_014,4,-90.041633,21.148612,2018.0,0.7350940704345703,120
c4_015,4,-89.960792,21.190380096435547,2018.0,0.7829555869102478,120
c4_016,4,-89.958098,21.184452056884766,2018.0,0.7606884837150574,120
c4_017,4,-90.074239,21.133790969848633,2018.0,0.7863103151321411,120
c4_018,4,-89.950822,21.1922664642334,2018.0,0.7003283500671387,120
c4_019,4,-89.996901,21.149959564208984,2018.0,0.6393287777900696,120
c4_020,4,-89.960523,21.186338424682617,2018.0,0.856171727180481,120
c4_021,4,-89.9465103149414,21.185529708862305,2018.0,0.35832664370536804,120
c4_022,4,-89.957828,21.185529708862305,2018.0,0.6782650351524353,120
c4_023,4,-90.035705,21.144301,2018.0,0.510474681854248,120
c4_024,4,-90.022501,21.156966,2018.0,0.30822044610977173,120
c4_025,4,-89.981002,21.165319,2018.0,0.6695622205734253,120
c4_026,4,-90.027621,21.162355422973633,2018.0,0.6116220355033875,120
c4_027,4,-89.949475,21.19415283203125,2018.0,0.47257447242736816,120
c4_028,4,-89.940852,21.201428,2018.0,0.7971404790878296,120
c4_029,4,-89.961601,21.190919,2018.0,0.7589869499206543,120
c4_030,4,-90.041364,21.151576,2018.0,0.784413754940033,120
c4_031,4,-90.062382,21.153732299804688,2018.0,0.6170145273208618,120
c4_032,4,-89.944085,21.193883,2018.0,0.3711293041706085,120
c4_033,4,-89.981811,21.164511,2018.0,0.747481107711792,120
c4_034,4,-89.940313,21.199811,2018.0,0.7485045790672302,120
c4_035,4,-90.072622,21.132714,2018.0,0.6720130443572998,120
c4_036,4,-89.942738,21.183643341064453,2018.0,0.5483207106590271,120
c4_037,4,-89.9742660522461,21.173673,2018.0,0.8436960577964783,120
c4_038,4,-89.966451,21.182565,2018.0,0.4373410642147064,120
c4_039,4,-90.014147,21.163972,2018.0,0.15268488228321075,120
c4_040,4,-89.944355,21.201428,2018.0,0.790004312992096,120
c4_041,4,-90.011183,21.148881912231445,2018.0,0.6271575093269348,120
c4_042,4,-90.071814,21.131635665893555,2018.0,0.7471753358840942,120
c4_043,4,-90.11438751220703,21.11061668395996,2018.0,0.6206530332565308,120
c4_044,4,-89.956481,21.189302444458008,2018.0,0.7605743408203125,120
c4_045,4,-90.036513,21.153732299804688,2018.0,0.8557537794113159,120
c4_046,4,-89.98235321044922,21.169092178344727,2018.0,0.7701647877693176,120
c4_047,4,-89.992859,21.172864,2018.0,0.3169614374637604,120
c4_048,4,-89.948127,21.191457748413086,2018.0,0.871332049369812,120
c4_049,4,-90.1195068359375,21.108461380004883,2018.0,0.5788629055023193,120
c4_050,4,-90.094718,21.12301254272461,2018.0,0.5270342826843262,120
c5_045,5,-90.018998,21.166128158569336,2018.0,0.48232170939445496,120
c5_008,5,-90.034357,21.155618,2018.0,0.8474510312080383,120
c5_010,5,-89.957289,21.163703,2018.0,0.4839276075363159,120
c5_011,5,-90.004985,21.156696319580078,2018.0,0.7347219586372375,120
c5_012,5,-90.066424,21.154809951782227,2018.0,0.5763301849365234,120
c5_014,5,-90.006871,21.155887603759766,2018.0,0.5036571025848389,120
c5_016,5,-90.002829,21.15642738342285,2018.0,0.7918018698692322,120
c5_022,5,-90.044597,21.154809951782227,2018.0,0.779739260673523,120
c5_024,5,-89.995284,21.15642738342285,2018.0,0.5889831185340881,120
c5_003,5,-90.056993,21.154541015625,2018.0,0.599566638469696,120
c5_013,5,-90.020614,21.157235,2018.0,0.5521523952484131,120
c5_020,5,-90.027621,21.156966,2018.0,0.6366825699806213,120
c5_025,5,-90.03301239013672,21.15966033935547,2018.0,0.006124404724687338,120
c5_034,5,-90.012261,21.166397094726562,2018.0,0.6156628131866455,120
c5_040,5,-90.069658,21.154541015625,2018.0,0.4935230016708374,120
c5_041,5,-89.998787,21.156156539916992,2018.0,0.5348261594772339,120
c5_043,5,-90.113042,21.13729476928711,2018.0,0.5824549794197083,120
c5_002,5,-90.042172,21.156156539916992,2018.0,0.5142644047737122,120
c5_004,5,-90.034088,21.156966,2018.0,0.4674500823020935,120
c5_001,5,-89.996093,21.155887603759766,2018.0,0.7200681567192078,120
c5_006,5,-90.035435,21.154809951782227,2018.0,0.8298326134681702,120
c5_015,5,-89.942738,21.172864,2018.0,0.45048829913139343,120
c5_018,5,-90.0685806274414,21.152385,2018.0,0.29181545972824097,120
c5_026,5,-89.998248,21.172326,2018.0,0.42452186346054077,120
c5_033,5,-90.01980590820312,21.156966,2018.0,0.8060739636421204,120
c5_036,5,-90.041902,21.15750503540039,2018.0,0.6572347283363342,120
c5_039,5,-90.060496,21.15642738342285,2018.0,0.7508143782615662,120
c5_005,5,-90.041633,21.159929275512695,2018.0,0.7681975364685059,120
c5_009,5,-90.038938,21.154271,2018.0,0.8613646030426025,120
c5_019,5,-90.057262,21.155349,2018.0,0.6230269074440002,120
c5_021,5,-90.089598,21.148073196411133,2018.0,0.3760184943675995,120
c5_030,5,-90.071814,21.151845932006836,2018.0,0.42197591066360474,120
c5_031,5,-90.003099,21.155618,2018.0,0.8125501871109009,120
c5_035,5,-90.095527,21.151845932006836,2018.0,0.46120965480804443,120
c5_037,5,-89.996632,21.160469,2018.0,0.7961219549179077,120
c5_023,5,-89.978038,21.180139541625977,2018.0,0.665599524974823,120
c5_017,5,-90.040555,21.145917892456055,2018.0,0.5868182182312012,120
c5_027,5,-90.08879089355469,21.150768280029297,2018.0,0.7650607228279114,120
c5_047,5,-90.001213,21.154541015625,2018.0,0.8147375583648682,120
c5_048,5,-90.028429,21.156696319580078,2018.0,0.7411898970603943,120
c5_029,5,-90.090407,21.149421,2018.0,0.41480353474617004,120
c5_032,5,-90.079359,21.150768280029297,2018.0,0.3060152530670166,120
c5_038,5,-90.04082489013672,21.156966,2018.0,0.780133843421936,120
c5_046,5,-90.067233,21.152114868164062,2018.0,0.40312209725379944,120
c5_028,5,-90.095527,21.150499,2018.0,0.6635569930076599,120
c5_044,5,-89.973188,21.183374404907227,2018.0,0.545670747756958,120
c5_042,5,-90.08124542236328,21.149421,2018.0,0.484829843044281,120
c5_007,5,-90.021962,21.143491744995117,2018.0,0.4640469551086426,120
c10_001,3,-90.028968,21.158313,2018.0,0.3346439301967621,120
c10_005,3,-89.954594,21.163972,2018.0,0.4693470597267151,120
c10_002,3,-90.033549,21.15858268737793,2018.0,0.05964984744787216,120
c10_003,3,-90.030046,21.158044,2018.0,0.41471272706985474,120
c10_004,3,-90.029507,21.157773971557617,2018.0,0.421978622674942,120
c10_006,3,-90.03301239013672,21.159122467041016,2018.0,0.23855865001678467,120
c10_007,3,-90.03301239013672,21.158044,2018.0,0.24953944981098175,120
c10_009,3,-90.032741,21.15858268737793,2018.0,0.31656208634376526,120
c10_010,3,-90.030585,21.158044,2018.0,0.1440904289484024,120
c10_008,3,-89.95405578613281,21.163972,2018.0,0.3753640055656433,120
c1_051,1,-90.064538,21.118162155151367,2018.0,0.5929330587387085,120
c1_052,1,-90.05322265625,21.112234115600586,2018.0,0.7491871118545532,120
c1_053,1,-90.068041,21.142953,2018.0,0.7580564618110657,120
c1_054,1,-90.00040435791016,21.124359130859375,2018.0,0.704706609249115,120
c1_055,1,-90.049178,21.1402587890625,2018.0,0.6647709012031555,120
c2_051,2,-90.111695,21.123821258544922,2018.0,0.6592288613319397,120
c2_052,2,-90.02277374267578,21.139720916748047,2018.0,0.66797935962677,120
c2_053,2,-89.941929,21.138911,2018.0,0.8268545269966125,120
c2_054,2,-89.950013,21.130019,2018.0,0.7853394150733948,120
c2_055,2,-90.106306,21.128941,2018.0,0.705376923084259,120
c3_062,3,-90.086634,21.149690628051758,2018.0,0.33828988671302795,120
c3_051,3,-90.010914,21.144301,2018.0,0.8135612607002258,120
c3_055,3,-90.079359,21.150499,2018.0,0.261836439371109,120
c3_058,3,-90.000943,21.171248,2018.0,0.49711135029792786,120
c3_052,3,-90.094179,21.114929,2018.0,0.6202524304389954,120
c3_059,3,-90.039208,21.1402587890625,2018.0,0.7487123608589172,120
c3_053,3,-90.013608,21.152114868164062,2018.0,0.8514150977134705,120
c3_060,3,-89.958906,21.12489891052246,2018.0,0.8768758773803711,120
c3_057,3,-90.058071,21.159929275512695,2018.0,0.6471042633056641,120
c3_061,3,-89.973457,21.138911,2018.0,0.5750770568847656,120
c3_064,3,-89.989625,21.149959564208984,2018.0,0.6405301094055176,120
c3_063,3,-90.030046,21.125707,2018.0,0.7541248798370361,120
c3_065,3,-89.972379,21.162086486816406,2018.0,0.8063564896583557,120
c3_054,3,-90.029237,21.101455,2018.0,0.7875962853431702,120
c3_056,3,-90.008758,21.114120483398438,2018.0,0.7466970086097717,120
c4_051,4,-89.958906,21.191997,2018.0,0.71828293800354,120
c4_052,4,-89.957828,21.178254,2018.0,0.5316282510757446,120
c4_053,4,-89.994476,21.172864,2018.0,0.4865448474884033,120
c4_054,4,-89.994745,21.168822,2018.0,0.28435295820236206,120
c4_055,4,-90.0025634765625,21.169631,2018.0,0.5794702768325806,120
c1_001,1,-90.056184,21.12301254272461,2019.0,0.7569503784179688,129
c1_002,1,-89.984506,21.126246,2019.0,0.7820035815238953,129
c1_003,1,-90.070197,21.140798,2019.0,0.8044978380203247,129
c1_004,1,-90.057801,21.145648,2019.0,0.7658939957618713,129
c1_005,1,-90.024926,21.145379,2019.0,0.6234197616577148,129
c1_006,1,-89.979386,21.130288,2019.0,0.6579540371894836,129
c1_007,1,-90.08636474609375,21.137025,2019.0,0.7386058568954468,129
c1_008,1,-89.952169,21.14322280883789,2019.0,0.7563644051551819,129
c1_009,1,-90.055106,21.138911,2019.0,0.5356112122535706,129
c1_010,1,-89.945702,21.14322280883789,2019.0,0.7141162157058716,129
c1_011,1,-89.958098,21.149151,2019.0,0.7506678700447083,129
c1_012,1,-90.036783,21.117354,2019.0,0.814049243927002,129
c1_013,1,-90.113042,21.085018157958984,2019.0,0.8252995610237122,129
c1_014,1,-89.944085,21.154002,2019.0,0.8321674466133118,129
c1_015,1,-90.065885,21.113581,2019.0,0.630515992641449,129
c1_016,1,-90.064538,21.121126174926758,2019.0,0.7183200120925903,129
c1_017,1,-90.01280212402344,21.122474,2019.0,0.7045226097106934,129
c1_018,1,-90.013608,21.150499,2019.0,0.8176750540733337,129
c1_019,1,-90.075856,21.141876220703125,2019.0,0.8090347647666931,129
c1_020,1,-90.063729,21.119510650634766,2019.0,0.6898226141929626,129
c1_021,1,-90.112234,21.128671646118164,2019.0,0.3534647524356842,129
c1_022,1,-89.970224,21.131635665893555,2019.0,0.6167959570884705,129
c1_023,1,-90.049448,21.111425399780273,2019.0,0.7070953249931335,129
c1_024,1,-90.076933,21.135408401489258,2019.0,0.5368086695671082,129
c1_025,1,-90.09391021728516,21.143762,2019.0,0.8166345953941345,129
c1_026,1,-89.940852,21.145917892456055,2019.0,0.7964537143707275,129
c1_027,1,-89.945163,21.154002,2019.0,0.8099648952484131,129
c1_028,1,-90.098491,21.127324,2019.0,0.7053696513175964,129
c1_029,1,-90.003368,21.149421,2019.0,0.5921216607093811,129
c1_030,1,-89.972918,21.124629,2019.0,0.7521862387657166,129
c1_031,1,-90.003907,21.124359130859375,2019.0,0.7544373273849487,129
c1_032,1,-90.066694,21.0987606048584,2019.0,0.7141821980476379,129
c1_033,1,-89.994745,21.123552322387695,2019.0,0.6480069160461426,129
c1_034,1,-90.08879089355469,21.142953,2019.0,0.7864645719528198,129
c1_035,1,-90.063191,21.110887,2019.0,0.7121011018753052,129
c1_036,1,-89.960523,21.137563705444336,2019.0,0.7896729111671448,129
c1_037,1,-90.094179,21.093371,2019.0,0.7476556301116943,129
c1_038,1,-90.0025634765625,21.122743,2019.0,0.7034698724746704,129
c1_039,1,-90.051334,21.132714,2019.0,0.6232824325561523,129
c1_040,1,-90.066694,21.13837242126465,2019.0,0.7419382929801941,129
c1_041,1,-90.116815,21.0882511138916,2019.0,0.7265081405639648,129
c1_042,1,-90.057801,21.148612,2019.0,0.8501675724983215,129
c1_043,1,-90.080706,21.141876220703125,2019.0,0.7287599444389343,129
c1_044,1,-89.947319,21.188493728637695,2019.0,0.7163683772087097,129
c1_045,1,-89.981811,21.124091,2019.0,0.7570154666900635,129
c1_046,1,-90.058879,21.128671646118164,2019.0,0.6895869970321655,129
c1_047,1,-90.075317,21.10361099243164,2019.0,0.7822216749191284,129
c1_048,1,-90.003638,21.150768280029297,2019.0,0.6685166954994202,129
c1_049,1,-90.026543,21.122743,2019.0,0.7857288122177124,129
c1_050,1,-90.108731,21.117623,2019.0,0.7588895559310913,129
c2_001,2,-89.960253,21.154002,2019.0,0.6621634364128113,129
c2_002,2,-90.117623,21.133522033691406,2019.0,0.451362669467926,129
c2_003,2,-90.07881927490234,21.09229278564453,2019.0,0.7537180781364441,129
c2_004,2,-89.978847,21.15022850036621,2019.0,0.6260162591934204,129
c2_005,2,-90.089329,21.09364128112793,2019.0,0.8002791404724121,129
c2_006,2,-90.11412048339844,21.100377,2019.0,0.6222030520439148,129
c2_007,2,-90.106036,21.131635665893555,2019.0,0.7480506896972656,129
c2_008,2,-90.001213,21.145379,2019.0,0.7311553359031677,129
c2_009,2,-89.963217,21.183913,2019.0,0.8017200827598572,129
c2_010,2,-90.10226440429688,21.144301,2019.0,0.7324216961860657,129
c2_011,2,-89.958636,21.125438,2019.0,0.7871644496917725,129
c2_012,2,-90.097413,21.149959564208984,2019.0,0.829477071762085,129
c2_013,2,-90.100647,21.106845,2019.0,0.6505129933357239,129
c2_014,2,-90.04594421386719,21.111156463623047,2019.0,0.5532073974609375,129
c2_015,2,-90.068849,21.102802276611328,2019.0,0.8164973855018616,129
c2_016,2,-90.118162,21.135947,2019.0,0.33797645568847656,129
c2_017,2,-89.96214294433594,21.120587,2019.0,0.7371372580528259,129
c2_018,2,-89.981541,21.148343,2019.0,0.5299314856529236,129
c2_019,2,-90.041364,21.101186,2019.0,0.7691574096679688,129
c2_020,2,-90.082592,21.10064697265625,2019.0,0.7694990634918213,129
c2_021,2,-89.945163,21.161008,2019.0,0.7151932120323181,129
c2_022,2,-90.01280212402344,21.118162155151367,2019.0,0.7027022838592529,129
c2_023,2,-89.94165802001953,21.17879295349121,2019.0,0.6182156205177307,129
c2_024,2,-89.940043,21.179332,2019.0,0.5928099751472473,129
c2_025,2,-89.942199,21.169092178344727,2019.0,0.6722867488861084,129
c2_026,2,-90.04837036132812,21.15858268737793,2019.0,0.7405571341514587,129
c2_027,2,-90.018189,21.155078887939453,2019.0,0.7645568251609802,129
c2_028,2,-90.018998,21.118701,2019.0,0.6003604531288147,129
c2_029,2,-89.960253,21.166936,2019.0,0.8587443828582764,129
c2_030,2,-90.08636474609375,21.13918113708496,2019.0,0.7499715089797974,129
c2_031,2,-90.006871,21.167745,2019.0,0.7140201330184937,129
c2_032,2,-89.9599838256836,21.15750503540039,2019.0,0.6019677519798279,129
c2_033,2,-90.052412,21.115737,2019.0,0.7439674735069275,129
c2_034,2,-90.075586,21.099569,2019.0,0.6911346912384033,129
c2_035,2,-90.108731,21.095796,2019.0,0.6300122141838074,129
c2_036,2,-90.026543,21.155078887939453,2019.0,0.7793631553649902,129
c2_037,2,-90.006871,21.131097,2019.0,0.7362572550773621,129
c2_038,2,-90.080167,21.099838256835938,2019.0,0.7915419340133667,129
c2_039,2,-89.947588,21.136486053466797,2019.0,0.7711329460144043,129
c2_040,2,-90.061304,21.10468864440918,2019.0,0.7601916193962097,129
c2_041,2,-90.075856,21.134868621826172,2019.0,0.5635277032852173,129
c2_042,2,-89.99959564208984,21.12004852294922,2019.0,0.6810885667800903,129
c2_043,2,-90.101725,21.08043670654297,2019.0,0.7574892640113831,129
c2_044,2,-90.026004,21.113851,2019.0,0.7841915488243103,129
c2_045,2,-90.118162,21.129209518432617,2019.0,0.8249826431274414,129
c2_046,2,-89.94139099121094,21.172056198120117,2019.0,0.7884898781776428,129
c2_047,2,-89.969685,21.1402587890625,2019.0,0.77222740650177,129
c2_048,2,-90.1038818359375,21.095527,2019.0,0.5969391465187073,129
c2_049,2,-89.99231719970703,21.149690628051758,2019.0,0.6606916189193726,129
c2_050,2,-89.950822,21.121396,2019.0,0.7671164274215698,129
c3_045,3,-89.992859,21.161815643310547,2019.0,-0.08408503234386444,129
c3_003,3,-90.034357,21.15858268737793,2019.0,0.041292209178209305,129
c3_026,3,-89.986931,21.149959564208984,2019.0,0.8424432873725891,129
c3_008,3,-90.084209,21.151576,2019.0,0.32269734144210815,129
c3_017,3,-89.970493,21.159929275512695,2019.0,0.5792867541313171,129
c3_004,3,-89.982619,21.180679,2019.0,0.5233046412467957,129
c3_040,3,-89.9742660522461,21.185529708862305,2019.0,0.81269371509552,129
c3_024,3,-89.97722625732422,21.183913,2019.0,0.6444913148880005,129
c3_013,3,-89.995823,21.13837242126465,2019.0,0.8072760105133057,129
c3_018,3,-90.062113,21.107114,2019.0,0.8204712271690369,129
c3_007,3,-90.088521,21.146995,2019.0,0.29506784677505493,129
c3_014,3,-89.951361,21.199003219604492,2019.0,-0.11267390102148056,129
c3_042,3,-89.950283,21.199003219604492,2019.0,0.19405314326286316,129
c3_029,3,-90.000135,21.137563705444336,2019.0,0.6947981119155884,129
c3_005,3,-90.003638,21.111964,2019.0,0.7062774300575256,129
c3_022,3,-90.005524,21.112503051757812,2019.0,0.6782843470573425,129
c3_002,3,-89.953786,21.197656,2019.0,0.5589492321014404,129
c3_015,3,-89.940852,21.162086486816406,2019.0,0.7456997036933899,129
c3_020,3,-90.016842,21.116006,2019.0,0.7445988059043884,129
c3_027,3,-89.982619,21.149421,2019.0,0.5048480033874512,129
c3_030,3,-89.942738,21.1674747467041,2019.0,0.6527597904205322,129
c3_050,3,-89.941929,21.168553,2019.0,0.5178003907203674,129
c3_009,3,-89.986392,21.149959564208984,2019.0,0.8259013295173645,129
c3_033,3,-90.039208,21.102802276611328,2019.0,0.7253641486167908,129
c3_038,3,-89.976152,21.169361114501953,2019.0,0.6591116189956665,129
c3_023,3,-89.97183990478516,21.169361114501953,2019.0,0.6365533471107483,129
c3_032,3,-90.00040435791016,21.138642,2019.0,0.6408027410507202,129
c3_046,3,-89.994476,21.137832641601562,2019.0,0.6184705495834351,129
c3_025,3,-89.947049,21.157235,2019.0,0.6645140051841736,129
c3_028,3,-89.976421,21.165858,2019.0,0.7129413485527039,129
c3_036,3,-89.95189666748047,21.162894,2019.0,0.5648202896118164,129
c3_021,3,-90.007141,21.131635665893555,2019.0,0.7191951274871826,129
c3_035,3,-90.000943,21.144569396972656,2019.0,0.5724963545799255,129
c3_037,3,-89.97183990478516,21.162086486816406,2019.0,0.7584090232849121,129
c3_039,3,-89.976691,21.168283462524414,2019.0,0.6407899856567383,129
c3_041,3,-89.973996,21.137563705444336,2019.0,0.585748016834259,129
c3_034,3,-90.041364,21.1402587890625,2019.0,0.5695372223854065,129
c3_047,3,-90.028698,21.126246,2019.0,0.792479395866394,129
c3_048,3,-90.030315,21.124359130859375,2019.0,0.7177731394767761,129
c3_011,3,-90.035974,21.099299,2019.0,0.6959080100059509,129
c3_001,3,-90.080437,21.100377,2019.0,0.7040530443191528,129
c3_006,3,-89.94677734375,21.202237,2019.0,0.6041156053543091,129
c3_019,3,-89.958367,21.172056198120117,2019.0,0.8503542542457581,129
c3_031,3,-90.00740814208984,21.113042,2019.0,0.7260097861289978,129
c3_010,3,-90.01252746582031,21.114659,2019.0,0.7932682037353516,129
c3_012,3,-90.00768280029297,21.114389419555664,2019.0,0.6654216647148132,129
c3_016,3,-90.045675,21.097951889038086,2019.0,0.5492048263549805,129
c3_043,3,-89.967259,21.189841,2019.0,0.8172149062156677,129
c3_044,3,-90.046214,21.097413,2019.0,0.7027812004089355,129
c3_049,3,-90.016033,21.116006,2019.0,0.722681999206543,129
c4_001,4,-90.002021,21.168822,2019.0,0.5385631918907166,129
c4_002,4,-90.013878,21.166397094726562,2019.0,0.557171106338501,129
c4_003,4,-90.040286,21.149421,2019.0,0.768691897392273,129
c4_004,4,-89.94139099121094,21.181487,2019.0,0.7639483213424683,129
c4_005,4,-89.967529,21.183643341064453,2019.0,0.8069811463356018,129
c4_006,4,-89.943277,21.200620651245117,2019.0,0.7868850231170654,129
c4_007,4,-89.968068,21.171248,2019.0,0.7584290504455566,129
c4_008,4,-90.035705,21.15346336364746,2019.0,0.8410431146621704,129
c4_009,4,-89.967798,21.179332,2019.0,0.22848209738731384,129
c4_010,4,-89.949205,21.194961,2019.0,0.5475096106529236,129
c4_011,4,-89.943007,21.202506,2019.0,0.7772613167762756,129
c4_012,4,-89.945163,21.199811,2019.0,0.845726728439331,129
c4_013,4,-89.972379,21.174481,2019.0,0.866404116153717,129
c4_014,4,-90.041633,21.148612,2019.0,0.7580237984657288,129
c4_015,4,-89.960792,21.190380096435547,2019.0,0.8359658718109131,129
c4_016,4,-89.958098,21.184452056884766,2019.0,0.7626875638961792,129
c4_017,4,-90.074239,21.133790969848633,2019.0,0.7755764126777649,129
c4_018,4,-89.950822,21.1922664642334,2019.0,0.7786750197410583,129
c4_019,4,-89.996901,21.149959564208984,2019.0,0.6514259576797485,129
c4_020,4,-89.960523,21.186338424682617,2019.0,0.8750261068344116,129
c4_021,4,-89.9465103149414,21.185529708862305,2019.0,0.3286333680152893,129
c4_022,4,-89.957828,21.185529708862305,2019.0,0.7045174241065979,129
c4_023,4,-90.035705,21.144301,2019.0,0.5060446858406067,129
c4_024,4,-90.022501,21.156966,2019.0,0.2476351261138916,129
c4_025,4,-89.981002,21.165319,2019.0,0.6949805021286011,129
c4_026,4,-90.027621,21.162355422973633,2019.0,0.6639404296875,129
c4_027,4,-89.949475,21.19415283203125,2019.0,0.5818731784820557,129
c4_028,4,-89.940852,21.201428,2019.0,0.7908750176429749,129
c4_029,4,-89.961601,21.190919,2019.0,0.7663971781730652,129
c4_030,4,-90.041364,21.151576,2019.0,0.7787001729011536,129
c4_031,4,-90.062382,21.153732299804688,2019.0,0.4740181267261505,129
c4_032,4,-89.944085,21.193883,2019.0,0.41832730174064636,129
c4_033,4,-89.981811,21.164511,2019.0,0.7582759857177734,129
c4_034,4,-89.940313,21.199811,2019.0,0.8024013638496399,129
c4_035,4,-90.072622,21.132714,2019.0,0.6979091167449951,129
c4_036,4,-89.942738,21.183643341064453,2019.0,0.5087417960166931,129
c4_037,4,-89.9742660522461,21.173673,2019.0,0.84722900390625,129
c4_038,4,-89.966451,21.182565,2019.0,0.4055253863334656,129
c4_039,4,-90.014147,21.163972,2019.0,0.19283001124858856,129
c4_040,4,-89.944355,21.201428,2019.0,0.8112753033638,129
c4_041,4,-90.011183,21.148881912231445,2019.0,0.6272534132003784,129
c4_042,4,-90.071814,21.131635665893555,2019.0,0.7599546909332275,129
c4_043,4,-90.11438751220703,21.11061668395996,2019.0,0.6610653400421143,129
c4_044,4,-89.956481,21.189302444458008,2019.0,0.7518799901008606,129
c4_045,4,-90.036513,21.153732299804688,2019.0,0.8650577664375305,129
c4_046,4,-89.98235321044922,21.169092178344727,2019.0,0.8011122345924377,129
c4_047,4,-89.992859,21.172864,2019.0,0.3568078279495239,129
c4_048,4,-89.948127,21.191457748413086,2019.0,0.8739999532699585,129
c4_049,4,-90.1195068359375,21.108461380004883,2019.0,0.6313517689704895,129
c4_050,4,-90.094718,21.12301254272461,2019.0,0.47149544954299927,129
c5_045,5,-90.018998,21.166128158569336,2019.0,0.4898597002029419,129
c5_008,5,-90.034357,21.155618,2019.0,0.8567306995391846,129
c5_010,5,-89.957289,21.163703,2019.0,0.5300416350364685,129
c5_011,5,-90.004985,21.156696319580078,2019.0,0.7459737658500671,129
c5_012,5,-90.066424,21.154809951782227,2019.0,0.5529649257659912,129
c5_014,5,-90.006871,21.155887603759766,2019.0,0.5508657693862915,129
c5_016,5,-90.002829,21.15642738342285,2019.0,0.8010450005531311,129
c5_022,5,-90.044597,21.154809951782227,2019.0,0.7164516448974609,129
c5_024,5,-89.995284,21.15642738342285,2019.0,0.6257437467575073,129
c5_003,5,-90.056993,21.154541015625,2019.0,0.3601422607898712,129
c5_013,5,-90.020614,21.157235,2019.0,0.5730794668197632,129
c5_020,5,-90.027621,21.156966,2019.0,0.6584989428520203,129
c5_025,5,-90.03301239013672,21.15966033935547,2019.0,0.002058557700365782,129
c5_034,5,-90.012261,21.166397094726562,2019.0,0.6535028219223022,129
c5_040,5,-90.069658,21.154541015625,2019.0,0.4375961720943451,129
c5_041,5,-89.998787,21.156156539916992,2019.0,0.6155840754508972,129
c5_043,5,-90.113042,21.13729476928711,2019.0,0.44057828187942505,129
c5_002,5,-90.042172,21.156156539916992,2019.0,0.49564751982688904,129
c5_004,5,-90.034088,21.156966,2019.0,0.39760300517082214,129
c5_001,5,-89.996093,21.155887603759766,2019.0,0.7564140558242798,129
c5_006,5,-90.035435,21.154809951782227,2019.0,0.8523801565170288,129
c5_015,5,-89.942738,21.172864,2019.0,0.5122451782226562,129
c5_018,5,-90.0685806274414,21.152385,2019.0,0.19490408897399902,129
c5_026,5,-89.998248,21.172326,2019.0,0.4478774666786194,129
c5_033,5,-90.01980590820312,21.156966,2019.0,0.8348010182380676,129
c5_036,5,-90.041902,21.15750503540039,2019.0,0.7061243057250977,129
c5_039,5,-90.060496,21.15642738342285,2019.0,0.6230933666229248,129
c5_005,5,-90.041633,21.159929275512695,2019.0,0.7551003694534302,129
c5_009,5,-90.038938,21.154271,2019.0,0.8761496543884277,129
c5_019,5,-90.057262,21.155349,2019.0,0.43014317750930786,129
c5_021,5,-90.089598,21.148073196411133,2019.0,0.31434357166290283,129
c5_030,5,-90.071814,21.151845932006836,2019.0,0.2611861526966095,129
c5_031,5,-90.003099,21.155618,2019.0,0.8450963497161865,129
c5_035,5,-90.095527,21.151845932006836,2019.0,0.39320603013038635,129
c5_037,5,-89.996632,21.160469,2019.0,0.8228801488876343,129
c5_023,5,-89.978038,21.180139541625977,2019.0,0.560580849647522,129
c5_017,5,-90.040555,21.145917892456055,2019.0,0.6087215542793274,129
c5_027,5,-90.08879089355469,21.150768280029297,2019.0,0.7150141000747681,129
c5_047,5,-90.001213,21.154541015625,2019.0,0.8262653946876526,129
c5_048,5,-90.028429,21.156696319580078,2019.0,0.7401977777481079,129
c5_029,5,-90.090407,21.149421,2019.0,0.3950590491294861,129
c5_032,5,-90.079359,21.150768280029297,2019.0,0.21810193359851837,129
c5_038,5,-90.04082489013672,21.156966,2019.0,0.8156441450119019,129
c5_046,5,-90.067233,21.152114868164062,2019.0,0.3352126479148865,129
c5_028,5,-90.095527,21.150499,2019.0,0.6283873915672302,129
c5_044,5,-89.973188,21.183374404907227,2019.0,0.5536976456642151,129
c5_042,5,-90.08124542236328,21.149421,2019.0,0.449463814496994,129
c5_007,5,-90.021962,21.143491744995117,2019.0,0.4759698808193207,129
c10_001,3,-90.028968,21.158313,2019.0,0.23488754034042358,129
c10_005,3,-89.954594,21.163972,2019.0,0.4817988872528076,129
c10_002,3,-90.033549,21.15858268737793,2019.0,0.10322841256856918,129
c10_003,3,-90.030046,21.158044,2019.0,0.3836688697338104,129
c10_004,3,-90.029507,21.157773971557617,2019.0,0.38852953910827637,129
c10_006,3,-90.03301239013672,21.159122467041016,2019.0,0.21600691974163055,129
c10_007,3,-90.03301239013672,21.158044,2019.0,0.2282370775938034,129
c10_009,3,-90.032741,21.15858268737793,2019.0,0.28735673427581787,129
c10_010,3,-90.030585,21.158044,2019.0,0.1363171488046646,129
c10_008,3,-89.95405578613281,21.163972,2019.0,0.4219919741153717,129
c1_051,1,-90.064538,21.118162155151367,2019.0,0.6326937675476074,129
c1_052,1,-90.05322265625,21.112234115600586,2019.0,0.7073229551315308,129
c1_053,1,-90.068041,21.142953,2019.0,0.6462643146514893,129
c1_054,1,-90.00040435791016,21.124359130859375,2019.0,0.6336164474487305,129
c1_055,1,-90.049178,21.1402587890625,2019.0,0.667102575302124,129
c2_051,2,-90.111695,21.123821258544922,2019.0,0.6057472229003906,129
c2_052,2,-90.02277374267578,21.139720916748047,2019.0,0.6759417057037354,129
c2_053,2,-89.941929,21.138911,2019.0,0.8162887692451477,129
c2_054,2,-89.950013,21.130019,2019.0,0.7393374443054199,129
c2_055,2,-90.106306,21.128941,2019.0,0.4716498851776123,129
c3_062,3,-90.086634,21.149690628051758,2019.0,0.24270740151405334,129
c3_051,3,-90.010914,21.144301,2019.0,0.8246972560882568,129
c3_055,3,-90.079359,21.150499,2019.0,0.17168200016021729,129
c3_058,3,-90.000943,21.171248,2019.0,0.46993568539619446,129
c3_052,3,-90.094179,21.114929,2019.0,0.6140502095222473,129
c3_059,3,-90.039208,21.1402587890625,2019.0,0.5690351724624634,129
c3_053,3,-90.013608,21.152114868164062,2019.0,0.860690712928772,129
c3_060,3,-89.958906,21.12489891052246,2019.0,0.8770521879196167,129
c3_057,3,-90.058071,21.159929275512695,2019.0,0.5405879616737366,129
c3_061,3,-89.973457,21.138911,2019.0,0.6466695070266724,129
c3_064,3,-89.989625,21.149959564208984,2019.0,0.6597692370414734,129
c3_063,3,-90.030046,21.125707,2019.0,0.7444217801094055,129
c3_065,3,-89.972379,21.162086486816406,2019.0,0.8165499567985535,129
c3_054,3,-90.029237,21.101455,2019.0,0.7316593527793884,129
c3_056,3,-90.008758,21.114120483398438,2019.0,0.7147162556648254,129
c4_051,4,-89.958906,21.191997,2019.0,0.7198423743247986,129
c4_052,4,-89.957828,21.178254,2019.0,0.5435318946838379,129
c4_053,4,-89.994476,21.172864,2019.0,0.41322091221809387,129
c4_054,4,-89.994745,21.168822,2019.0,0.3262960910797119,129
c4_055,4,-90.0025634765625,21.169631,2019.0,0.5808765292167664,129
c1_001,1,-90.056184,21.12301254272461,2020.0,0.7805012464523315,121
c1_002,1,-89.984506,21.126246,2020.0,0.7661666870117188,121
c1_003,1,-90.070197,21.140798,2020.0,0.7718406915664673,121
c1_004,1,-90.057801,21.145648,2020.0,0.7870352268218994,121
c1_005,1,-90.024926,21.145379,2020.0,0.6218359470367432,121
c1_006,1,-89.979386,21.130288,2020.0,0.6956493258476257,121
c1_007,1,-90.08636474609375,21.137025,2020.0,0.8399296402931213,121
c1_008,1,-89.952169,21.14322280883789,2020.0,0.7451767921447754,121
c1_009,1,-90.055106,21.138911,2020.0,0.640678882598877,121
c1_010,1,-89.945702,21.14322280883789,2020.0,0.7269514799118042,121
c1_011,1,-89.958098,21.149151,2020.0,0.7473803758621216,121
c1_012,1,-90.036783,21.117354,2020.0,0.8108718395233154,121
c1_013,1,-90.113042,21.085018157958984,2020.0,0.811558723449707,121
c1_014,1,-89.944085,21.154002,2020.0,0.831061065196991,121
c1_015,1,-90.065885,21.113581,2020.0,0.6636449694633484,121
c1_016,1,-90.064538,21.121126174926758,2020.0,0.7196670770645142,121
c1_017,1,-90.01280212402344,21.122474,2020.0,0.7128794193267822,121
c1_018,1,-90.013608,21.150499,2020.0,0.7812908291816711,121
c1_019,1,-90.075856,21.141876220703125,2020.0,0.8075201511383057,121
c1_020,1,-90.063729,21.119510650634766,2020.0,0.7506771683692932,121
c1_021,1,-90.112234,21.128671646118164,2020.0,0.7824766039848328,121
c1_022,1,-89.970224,21.131635665893555,2020.0,0.648740291595459,121
c1_023,1,-90.049448,21.111425399780273,2020.0,0.7112812399864197,121
c1_024,1,-90.076933,21.135408401489258,2020.0,0.628609299659729,121
c1_025,1,-90.09391021728516,21.143762,2020.0,0.8084185719490051,121
c1_026,1,-89.940852,21.145917892456055,2020.0,0.7807610630989075,121
c1_027,1,-89.945163,21.154002,2020.0,0.8028758764266968,121
c1_028,1,-90.098491,21.127324,2020.0,0.7678214311599731,121
c1_029,1,-90.003368,21.149421,2020.0,0.5567677021026611,121
c1_030,1,-89.972918,21.124629,2020.0,0.779850423336029,121
c1_031,1,-90.003907,21.124359130859375,2020.0,0.7633583545684814,121
c1_032,1,-90.066694,21.0987606048584,2020.0,0.7104846239089966,121
c1_033,1,-89.994745,21.123552322387695,2020.0,0.6701063513755798,121
c1_034,1,-90.08879089355469,21.142953,2020.0,0.8291937708854675,121
c1_035,1,-90.063191,21.110887,2020.0,0.6806148886680603,121
c1_036,1,-89.960523,21.137563705444336,2020.0,0.779514491558075,121
c1_037,1,-90.094179,21.093371,2020.0,0.7323063015937805,121
c1_038,1,-90.0025634765625,21.122743,2020.0,0.6763187050819397,121
c1_039,1,-90.051334,21.132714,2020.0,0.6646912693977356,121
c1_040,1,-90.066694,21.13837242126465,2020.0,0.7731616497039795,121
c1_041,1,-90.116815,21.0882511138916,2020.0,0.6868864893913269,121
c1_042,1,-90.057801,21.148612,2020.0,0.8546583652496338,121
c1_043,1,-90.080706,21.141876220703125,2020.0,0.8158649802207947,121
c1_044,1,-89.947319,21.188493728637695,2020.0,0.6980175971984863,121
c1_045,1,-89.981811,21.124091,2020.0,0.7702091932296753,121
c1_046,1,-90.058879,21.128671646118164,2020.0,0.7370897531509399,121
c1_047,1,-90.075317,21.10361099243164,2020.0,0.7754195332527161,121
c1_048,1,-90.003638,21.150768280029297,2020.0,0.6256033182144165,121
c1_049,1,-90.026543,21.122743,2020.0,0.7899258136749268,121
c1_050,1,-90.108731,21.117623,2020.0,0.7629517316818237,121
c2_001,2,-89.960253,21.154002,2020.0,0.6581053137779236,121
c2_002,2,-90.117623,21.133522033691406,2020.0,0.7607641816139221,121
c2_003,2,-90.07881927490234,21.09229278564453,2020.0,0.7481451630592346,121
c2_004,2,-89.978847,21.15022850036621,2020.0,0.6311663389205933,121
c2_005,2,-90.089329,21.09364128112793,2020.0,0.7824192047119141,121
c2_006,2,-90.11412048339844,21.100377,2020.0,0.6078689098358154,121
c2_007,2,-90.106036,21.131635665893555,2020.0,0.8464786410331726,121
c2_008,2,-90.001213,21.145379,2020.0,0.7359193563461304,121
c2_009,2,-89.963217,21.183913,2020.0,0.803480863571167,121
c2_010,2,-90.10226440429688,21.144301,2020.0,0.8191856741905212,121
c2_011,2,-89.958636,21.125438,2020.0,0.7860361337661743,121
c2_012,2,-90.097413,21.149959564208984,2020.0,0.8649724125862122,121
c2_013,2,-90.100647,21.106845,2020.0,0.6623105406761169,121
c2_014,2,-90.04594421386719,21.111156463623047,2020.0,0.5279631018638611,121
c2_015,2,-90.068849,21.102802276611328,2020.0,0.7972975969314575,121
c2_016,2,-90.118162,21.135947,2020.0,0.6348850131034851,121
c2_017,2,-89.96214294433594,21.120587,2020.0,0.7730858325958252,121
c2_018,2,-89.981541,21.148343,2020.0,0.5181585550308228,121
c2_019,2,-90.041364,21.101186,2020.0,0.7384104132652283,121
c2_020,2,-90.082592,21.10064697265625,2020.0,0.7687209248542786,121
c2_021,2,-89.945163,21.161008,2020.0,0.7079005241394043,121
c2_022,2,-90.01280212402344,21.118162155151367,2020.0,0.7233529686927795,121
c2_023,2,-89.94165802001953,21.17879295349121,2020.0,0.6391268372535706,121
c2_024,2,-89.940043,21.179332,2020.0,0.5947241187095642,121
c2_025,2,-89.942199,21.169092178344727,2020.0,0.6852368116378784,121
c2_026,2,-90.04837036132812,21.15858268737793,2020.0,0.7864137291908264,121
c2_027,2,-90.018189,21.155078887939453,2020.0,0.7786883115768433,121
c2_028,2,-90.018998,21.118701,2020.0,0.6348879933357239,121
c2_029,2,-89.960253,21.166936,2020.0,0.8505584001541138,121
c2_030,2,-90.08636474609375,21.13918113708496,2020.0,0.8409253358840942,121
c2_031,2,-90.006871,21.167745,2020.0,0.7633385062217712,121
c2_032,2,-89.9599838256836,21.15750503540039,2020.0,0.5857609510421753,121
c2_033,2,-90.052412,21.115737,2020.0,0.7355301380157471,121
c2_034,2,-90.075586,21.099569,2020.0,0.698063850402832,121
c2_035,2,-90.108731,21.095796,2020.0,0.6246323585510254,121
c2_036,2,-90.026543,21.155078887939453,2020.0,0.7873823046684265,121
c2_037,2,-90.006871,21.131097,2020.0,0.7287057638168335,121
c2_038,2,-90.080167,21.099838256835938,2020.0,0.7581226825714111,121
c2_039,2,-89.947588,21.136486053466797,2020.0,0.7344014048576355,121
c2_040,2,-90.061304,21.10468864440918,2020.0,0.7193944454193115,121
c2_041,2,-90.075856,21.134868621826172,2020.0,0.5988376140594482,121
c2_042,2,-89.99959564208984,21.12004852294922,2020.0,0.6542364358901978,121
c2_043,2,-90.101725,21.08043670654297,2020.0,0.7115068435668945,121
c2_044,2,-90.026004,21.113851,2020.0,0.7914260029792786,121
c2_045,2,-90.118162,21.129209518432617,2020.0,0.8289881348609924,121
c2_046,2,-89.94139099121094,21.172056198120117,2020.0,0.7850831151008606,121
c2_047,2,-89.969685,21.1402587890625,2020.0,0.7852369546890259,121
c2_048,2,-90.1038818359375,21.095527,2020.0,0.6104103326797485,121
c2_049,2,-89.99231719970703,21.149690628051758,2020.0,0.6494348645210266,121
c2_050,2,-89.950822,21.121396,2020.0,0.7372632026672363,121
c3_045,3,-89.992859,21.161815643310547,2020.0,-0.06300175935029984,121
c3_003,3,-90.034357,21.15858268737793,2020.0,0.2616574466228485,121
c3_026,3,-89.986931,21.149959564208984,2020.0,0.8492594957351685,121
c3_008,3,-90.084209,21.151576,2020.0,0.7456661462783813,121
c3_017,3,-89.970493,21.159929275512695,2020.0,0.5909895300865173,121
c3_004,3,-89.982619,21.180679,2020.0,0.49718838930130005,121
c3_040,3,-89.9742660522461,21.185529708862305,2020.0,0.8351560235023499,121
c3_024,3,-89.97722625732422,21.183913,2020.0,0.6660519242286682,121
c3_013,3,-89.995823,21.13837242126465,2020.0,0.8085970878601074,121
c3_018,3,-90.062113,21.107114,2020.0,0.7958474159240723,121
c3_007,3,-90.088521,21.146995,2020.0,0.709185779094696,121
c3_014,3,-89.951361,21.199003219604492,2020.0,0.07021825760602951,121
c3_042,3,-89.950283,21.199003219604492,2020.0,0.1921580731868744,121
c3_029,3,-90.000135,21.137563705444336,2020.0,0.7016338109970093,121
c3_005,3,-90.003638,21.111964,2020.0,0.7154664397239685,121
c3_022,3,-90.005524,21.112503051757812,2020.0,0.6950375437736511,121
c3_002,3,-89.953786,21.197656,2020.0,0.5676283240318298,121
c3_015,3,-89.940852,21.162086486816406,2020.0,0.7494935989379883,121
c3_020,3,-90.016842,21.116006,2020.0,0.7508431077003479,121
c3_027,3,-89.982619,21.149421,2020.0,0.47163355350494385,121
c3_030,3,-89.942738,21.1674747467041,2020.0,0.6542849540710449,121
c3_050,3,-89.941929,21.168553,2020.0,0.5004556179046631,121
c3_009,3,-89.986392,21.149959564208984,2020.0,0.8358798027038574,121
c3_033,3,-90.039208,21.102802276611328,2020.0,0.7028992176055908,121
c3_038,3,-89.976152,21.169361114501953,2020.0,0.6459160447120667,121
c3_023,3,-89.97183990478516,21.169361114501953,2020.0,0.6339362263679504,121
c3_032,3,-90.00040435791016,21.138642,2020.0,0.6393016576766968,121
c3_046,3,-89.994476,21.137832641601562,2020.0,0.5786150693893433,121
c3_025,3,-89.947049,21.157235,2020.0,0.6762973666191101,121
c3_028,3,-89.976421,21.165858,2020.0,0.7204134464263916,121
c3_036,3,-89.95189666748047,21.162894,2020.0,0.5777205228805542,121
c3_021,3,-90.007141,21.131635665893555,2020.0,0.7182791233062744,121
c3_035,3,-90.000943,21.144569396972656,2020.0,0.6142724752426147,121
c3_037,3,-89.97183990478516,21.162086486816406,2020.0,0.7451870441436768,121
c3_039,3,-89.976691,21.168283462524414,2020.0,0.6240333914756775,121
c3_041,3,-89.973996,21.137563705444336,2020.0,0.6267904043197632,121
c3_034,3,-90.041364,21.1402587890625,2020.0,0.5753750801086426,121
c3_047,3,-90.028698,21.126246,2020.0,0.5188392996788025,121
c3_048,3,-90.030315,21.124359130859375,2020.0,0.6354540586471558,121
c3_011,3,-90.035974,21.099299,2020.0,0.6825299859046936,121
c3_001,3,-90.080437,21.100377,2020.0,0.68805330991745,121
c3_006,3,-89.94677734375,21.202237,2020.0,0.6714389324188232,121
c3_019,3,-89.958367,21.172056198120117,2020.0,0.8468062281608582,121
c3_031,3,-90.00740814208984,21.113042,2020.0,0.7168301343917847,121
c3_010,3,-90.01252746582031,21.114659,2020.0,0.7842597365379333,121
c3_012,3,-90.00768280029297,21.114389419555664,2020.0,0.683341920375824,121
c3_016,3,-90.045675,21.097951889038086,2020.0,0.595580518245697,121
c3_043,3,-89.967259,21.189841,2020.0,0.8105158805847168,121
c3_044,3,-90.046214,21.097413,2020.0,0.7102406024932861,121
c3_049,3,-90.016033,21.116006,2020.0,0.7248034477233887,121
c4_001,4,-90.002021,21.168822,2020.0,0.6061461567878723,121
c4_002,4,-90.013878,21.166397094726562,2020.0,0.6897881627082825,121
c4_003,4,-90.040286,21.149421,2020.0,0.7712717652320862,121
c4_004,4,-89.94139099121094,21.181487,2020.0,0.8034517168998718,121
c4_005,4,-89.967529,21.183643341064453,2020.0,0.7998213171958923,121
c4_006,4,-89.943277,21.200620651245117,2020.0,0.7963002920150757,121
c4_007,4,-89.968068,21.171248,2020.0,0.7637960910797119,121
c4_008,4,-90.035705,21.15346336364746,2020.0,0.8407303094863892,121
c4_009,4,-89.967798,21.179332,2020.0,0.37146246433258057,121
c4_010,4,-89.949205,21.194961,2020.0,0.6259892582893372,121
c4_011,4,-89.943007,21.202506,2020.0,0.7820509672164917,121
c4_012,4,-89.945163,21.199811,2020.0,0.836176872253418,121
c4_013,4,-89.972379,21.174481,2020.0,0.8721625804901123,121
c4_014,4,-90.041633,21.148612,2020.0,0.7837817072868347,121
c4_015,4,-89.960792,21.190380096435547,2020.0,0.7491122484207153,121
c4_016,4,-89.958098,21.184452056884766,2020.0,0.7974295020103455,121
c4_017,4,-90.074239,21.133790969848633,2020.0,0.7683262228965759,121
c4_018,4,-89.950822,21.1922664642334,2020.0,0.8057526350021362,121
c4_019,4,-89.996901,21.149959564208984,2020.0,0.6456332206726074,121
c4_020,4,-89.960523,21.186338424682617,2020.0,0.8658156991004944,121
c4_021,4,-89.9465103149414,21.185529708862305,2020.0,0.4002211391925812,121
c4_022,4,-89.957828,21.185529708862305,2020.0,0.7502206563949585,121
c4_023,4,-90.035705,21.144301,2020.0,0.46416130661964417,121
c4_024,4,-90.022501,21.156966,2020.0,0.4206628203392029,121
c4_025,4,-89.981002,21.165319,2020.0,0.7178252935409546,121
c4_026,4,-90.027621,21.162355422973633,2020.0,0.7745906710624695,121
c4_027,4,-89.949475,21.19415283203125,2020.0,0.7177735567092896,121
c4_028,4,-89.940852,21.201428,2020.0,0.7976124286651611,121
c4_029,4,-89.961601,21.190919,2020.0,0.7957525253295898,121
c4_030,4,-90.041364,21.151576,2020.0,0.8026242256164551,121
c4_031,4,-90.062382,21.153732299804688,2020.0,0.7293639779090881,121
c4_032,4,-89.944085,21.193883,2020.0,0.5493659377098083,121
c4_033,4,-89.981811,21.164511,2020.0,0.7867657542228699,121
c4_034,4,-89.940313,21.199811,2020.0,0.7904055714607239,121
c4_035,4,-90.072622,21.132714,2020.0,0.6866349577903748,121
c4_036,4,-89.942738,21.183643341064453,2020.0,0.5211929082870483,121
c4_037,4,-89.9742660522461,21.173673,2020.0,0.8424922823905945,121
c4_038,4,-89.966451,21.182565,2020.0,0.4828989505767822,121
c4_039,4,-90.014147,21.163972,2020.0,0.28666365146636963,121
c4_040,4,-89.944355,21.201428,2020.0,0.7810154557228088,121
c4_041,4,-90.011183,21.148881912231445,2020.0,0.6394747495651245,121
c4_042,4,-90.071814,21.131635665893555,2020.0,0.7313644289970398,121
c4_043,4,-90.11438751220703,21.11061668395996,2020.0,0.664585292339325,121
c4_044,4,-89.956481,21.189302444458008,2020.0,0.7818137407302856,121
c4_045,4,-90.036513,21.153732299804688,2020.0,0.8662652969360352,121
c4_046,4,-89.98235321044922,21.169092178344727,2020.0,0.8081001043319702,121
c4_047,4,-89.992859,21.172864,2020.0,0.5585787296295166,121
c4_048,4,-89.948127,21.191457748413086,2020.0,0.8685970902442932,121
c4_049,4,-90.1195068359375,21.108461380004883,2020.0,0.6086620092391968,121
c4_050,4,-90.094718,21.12301254272461,2020.0,0.6025961637496948,121
c5_045,5,-90.018998,21.166128158569336,2020.0,0.5837762951850891,121
c5_008,5,-90.034357,21.155618,2020.0,0.8564569354057312,121
c5_010,5,-89.957289,21.163703,2020.0,0.5021438002586365,121
c5_011,5,-90.004985,21.156696319580078,2020.0,0.757521390914917,121
c5_012,5,-90.066424,21.154809951782227,2020.0,0.7826013565063477,121
c5_014,5,-90.006871,21.155887603759766,2020.0,0.6706836819648743,121
c5_016,5,-90.002829,21.15642738342285,2020.0,0.8257703185081482,121
c5_022,5,-90.044597,21.154809951782227,2020.0,0.8280532956123352,121
c5_024,5,-89.995284,21.15642738342285,2020.0,0.6342693567276001,121
c5_003,5,-90.056993,21.154541015625,2020.0,0.7448157668113708,121
c5_013,5,-90.020614,21.157235,2020.0,0.7050932049751282,121
c5_020,5,-90.027621,21.156966,2020.0,0.7799537181854248,121
c5_025,5,-90.03301239013672,21.15966033935547,2020.0,0.39137744903564453,121
c5_034,5,-90.012261,21.166397094726562,2020.0,0.7147856950759888,121
c5_040,5,-90.069658,21.154541015625,2020.0,0.7526901364326477,121
c5_041,5,-89.998787,21.156156539916992,2020.0,0.6719279885292053,121
c5_043,5,-90.113042,21.13729476928711,2020.0,0.8024208545684814,121
c5_002,5,-90.042172,21.156156539916992,2020.0,0.7278517484664917,121
c5_004,5,-90.034088,21.156966,2020.0,0.6207844018936157,121
c5_001,5,-89.996093,21.155887603759766,2020.0,0.754535973072052,121
c5_006,5,-90.035435,21.154809951782227,2020.0,0.8500603437423706,121
c5_015,5,-89.942738,21.172864,2020.0,0.4750902056694031,121
c5_018,5,-90.0685806274414,21.152385,2020.0,0.6068410873413086,121
c5_026,5,-89.998248,21.172326,2020.0,0.45401906967163086,121
c5_033,5,-90.01980590820312,21.156966,2020.0,0.8509443998336792,121
c5_036,5,-90.041902,21.15750503540039,2020.0,0.8155180215835571,121
c5_039,5,-90.060496,21.15642738342285,2020.0,0.7943376898765564,121
c5_005,5,-90.041633,21.159929275512695,2020.0,0.7959962487220764,121
c5_009,5,-90.038938,21.154271,2020.0,0.8833449482917786,121
c5_019,5,-90.057262,21.155349,2020.0,0.7319932579994202,121
c5_021,5,-90.089598,21.148073196411133,2020.0,0.7124490141868591,121
c5_030,5,-90.071814,21.151845932006836,2020.0,0.6416277885437012,121
c5_031,5,-90.003099,21.155618,2020.0,0.8519604206085205,121
c5_035,5,-90.095527,21.151845932006836,2020.0,0.7380644679069519,121
c5_037,5,-89.996632,21.160469,2020.0,0.8425257802009583,121
c5_023,5,-89.978038,21.180139541625977,2020.0,0.5733135938644409,121
c5_017,5,-90.040555,21.145917892456055,2020.0,0.6423513889312744,121
c5_027,5,-90.08879089355469,21.150768280029297,2020.0,0.8380122780799866,121
c5_047,5,-90.001213,21.154541015625,2020.0,0.8328268527984619,121
c5_048,5,-90.028429,21.156696319580078,2020.0,0.7739123702049255,121
c5_029,5,-90.090407,21.149421,2020.0,0.7493073344230652,121
c5_032,5,-90.079359,21.150768280029297,2020.0,0.573657751083374,121
c5_038,5,-90.04082489013672,21.156966,2020.0,0.8731206655502319,121
c5_046,5,-90.067233,21.152114868164062,2020.0,0.6627217531204224,121
c5_028,5,-90.095527,21.150499,2020.0,0.8318806290626526,121
c5_044,5,-89.973188,21.183374404907227,2020.0,0.6082850098609924,121
c5_042,5,-90.08124542236328,21.149421,2020.0,0.7652885317802429,121
c5_007,5,-90.021962,21.143491744995117,2020.0,0.45497170090675354,121
c10_001,3,-90.028968,21.158313,2020.0,0.5463683605194092,121
c10_005,3,-89.954594,21.163972,2020.0,0.48072928190231323,121
c10_002,3,-90.033549,21.15858268737793,2020.0,0.32326021790504456,121
c10_003,3,-90.030046,21.158044,2020.0,0.6152331829071045,121
c10_004,3,-90.029507,21.157773971557617,2020.0,0.6173195838928223,121
c10_006,3,-90.03301239013672,21.159122467041016,2020.0,0.5184797644615173,121
c10_007,3,-90.03301239013672,21.158044,2020.0,0.44057056307792664,121
c10_009,3,-90.032741,21.15858268737793,2020.0,0.539773166179657,121
c10_010,3,-90.030585,21.158044,2020.0,0.3069072663784027,121
c10_008,3,-89.95405578613281,21.163972,2020.0,0.43526700139045715,121
c1_051,1,-90.064538,21.118162155151367,2020.0,0.7101852297782898,121
c1_052,1,-90.05322265625,21.112234115600586,2020.0,0.7279276847839355,121
c1_053,1,-90.068041,21.142953,2020.0,0.7595186829566956,121
c1_054,1,-90.00040435791016,21.124359130859375,2020.0,0.6525052189826965,121
c1_055,1,-90.049178,21.1402587890625,2020.0,0.678834855556488,121
c2_051,2,-90.111695,21.123821258544922,2020.0,0.741664469242096,121
c2_052,2,-90.02277374267578,21.139720916748047,2020.0,0.6595949530601501,121
c2_053,2,-89.941929,21.138911,2020.0,0.8238751292228699,121
c2_054,2,-89.950013,21.130019,2020.0,0.7434729933738708,121
c2_055,2,-90.106306,21.128941,2020.0,0.7800899147987366,121
c3_062,3,-90.086634,21.149690628051758,2020.0,0.6899899244308472,121
c3_051,3,-90.010914,21.144301,2020.0,0.8120929598808289,121
c3_055,3,-90.079359,21.150499,2020.0,0.5629896521568298,121
c3_058,3,-90.000943,21.171248,2020.0,0.4976889193058014,121
c3_052,3,-90.094179,21.114929,2020.0,0.6242181062698364,121
c3_059,3,-90.039208,21.1402587890625,2020.0,0.5529229640960693,121
c3_053,3,-90.013608,21.152114868164062,2020.0,0.8582024574279785,121
c3_060,3,-89.958906,21.12489891052246,2020.0,0.8539679646492004,121
c3_057,3,-90.058071,21.159929275512695,2020.0,0.5936760902404785,121
c3_061,3,-89.973457,21.138911,2020.0,0.6797550320625305,121
c3_064,3,-89.989625,21.149959564208984,2020.0,0.6489005088806152,121
c3_063,3,-90.030046,21.125707,2020.0,0.5897586345672607,121
c3_065,3,-89.972379,21.162086486816406,2020.0,0.8072099685668945,121
c3_054,3,-90.029237,21.101455,2020.0,0.7173409461975098,121
c3_056,3,-90.008758,21.114120483398438,2020.0,0.7240535616874695,121
c4_051,4,-89.958906,21.191997,2020.0,0.7578696608543396,121
c4_052,4,-89.957828,21.178254,2020.0,0.5871179103851318,121
c4_053,4,-89.994476,21.172864,2020.0,0.5811090469360352,121
c4_054,4,-89.994745,21.168822,2020.0,0.4856685698032379,121
c4_055,4,-90.0025634765625,21.169631,2020.0,0.7562649846076965,121
c1_001,1,-90.056184,21.12301254272461,2021.0,0.7583168745040894,132
c1_002,1,-89.984506,21.126246,2021.0,0.7899411916732788,132
c1_003,1,-90.070197,21.140798,2021.0,0.6993524432182312,132
c1_004,1,-90.057801,21.145648,2021.0,0.7849869728088379,132
c1_005,1,-90.024926,21.145379,2021.0,0.630821168422699,132
c1_006,1,-89.979386,21.130288,2021.0,0.6989748477935791,132
c1_007,1,-90.08636474609375,21.137025,2021.0,0.833097517490387,132
c1_008,1,-89.952169,21.14322280883789,2021.0,0.8218768239021301,132
c1_009,1,-90.055106,21.138911,2021.0,0.632601261138916,132
c1_010,1,-89.945702,21.14322280883789,2021.0,0.7808999419212341,132
c1_011,1,-89.958098,21.149151,2021.0,0.7586653232574463,132
c1_012,1,-90.036783,21.117354,2021.0,0.779651939868927,132
c1_013,1,-90.113042,21.085018157958984,2021.0,0.7592723369598389,132
c1_014,1,-89.944085,21.154002,2021.0,0.8436287045478821,132
c1_015,1,-90.065885,21.113581,2021.0,0.6341197490692139,132
c1_016,1,-90.064538,21.121126174926758,2021.0,0.6980354189872742,132
c1_017,1,-90.01280212402344,21.122474,2021.0,0.729455828666687,132
c1_018,1,-90.013608,21.150499,2021.0,0.7095810770988464,132
c1_019,1,-90.075856,21.141876220703125,2021.0,0.7292682528495789,132
c1_020,1,-90.063729,21.119510650634766,2021.0,0.690488338470459,132
c1_021,1,-90.112234,21.128671646118164,2021.0,0.6975462436676025,132
c1_022,1,-89.970224,21.131635665893555,2021.0,0.6554148197174072,132
c1_023,1,-90.049448,21.111425399780273,2021.0,0.7118478417396545,132
c1_024,1,-90.076933,21.135408401489258,2021.0,0.5749249458312988,132
c1_025,1,-90.09391021728516,21.143762,2021.0,0.7941552400588989,132
c1_026,1,-89.940852,21.145917892456055,2021.0,0.8357807397842407,132
c1_027,1,-89.945163,21.154002,2021.0,0.8061612248420715,132
c1_028,1,-90.098491,21.127324,2021.0,0.7731260657310486,132
c1_029,1,-90.003368,21.149421,2021.0,0.6011581420898438,132
c1_030,1,-89.972918,21.124629,2021.0,0.7991631031036377,132
c1_031,1,-90.003907,21.124359130859375,2021.0,0.7485096454620361,132
c1_032,1,-90.066694,21.0987606048584,2021.0,0.6994219422340393,132
c1_033,1,-89.994745,21.123552322387695,2021.0,0.6782773733139038,132
c1_034,1,-90.08879089355469,21.142953,2021.0,0.8231794834136963,132
c1_035,1,-90.063191,21.110887,2021.0,0.7086988091468811,132
c1_036,1,-89.960523,21.137563705444336,2021.0,0.8207022547721863,132
c1_037,1,-90.094179,21.093371,2021.0,0.742103636264801,132
c1_038,1,-90.0025634765625,21.122743,2021.0,0.780230700969696,132
c1_039,1,-90.051334,21.132714,2021.0,0.6498266458511353,132
c1_040,1,-90.066694,21.13837242126465,2021.0,0.7242556810379028,132
c1_041,1,-90.116815,21.0882511138916,2021.0,0.6747957468032837,132
c1_042,1,-90.057801,21.148612,2021.0,0.8376212120056152,132
c1_043,1,-90.080706,21.141876220703125,2021.0,0.7988066077232361,132
c1_044,1,-89.947319,21.188493728637695,2021.0,0.6982897520065308,132
c1_045,1,-89.981811,21.124091,2021.0,0.7934790253639221,132
c1_046,1,-90.058879,21.128671646118164,2021.0,0.6944789290428162,132
c1_047,1,-90.075317,21.10361099243164,2021.0,0.7696710824966431,132
c1_048,1,-90.003638,21.150768280029297,2021.0,0.6626206636428833,132
c1_049,1,-90.026543,21.122743,2021.0,0.7536044120788574,132
c1_050,1,-90.108731,21.117623,2021.0,0.7369282841682434,132
c2_001,2,-89.960253,21.154002,2021.0,0.6726887226104736,132
c2_002,2,-90.117623,21.133522033691406,2021.0,0.7057934403419495,132
c2_003,2,-90.07881927490234,21.09229278564453,2021.0,0.7447097897529602,132
c2_004,2,-89.978847,21.15022850036621,2021.0,0.5933999419212341,132
c2_005,2,-90.089329,21.09364128112793,2021.0,0.7701420187950134,132
c2_006,2,-90.11412048339844,21.100377,2021.0,0.5872005224227905,132
c2_007,2,-90.106036,21.131635665893555,2021.0,0.8537206053733826,132
c2_008,2,-90.001213,21.145379,2021.0,0.7382246255874634,132
c2_009,2,-89.963217,21.183913,2021.0,0.7838280200958252,132
c2_010,2,-90.10226440429688,21.144301,2021.0,0.8148562908172607,132
c2_011,2,-89.958636,21.125438,2021.0,0.8114233016967773,132
c2_012,2,-90.097413,21.149959564208984,2021.0,0.8584109544754028,132
c2_013,2,-90.100647,21.106845,2021.0,0.7051371335983276,132
c2_014,2,-90.04594421386719,21.111156463623047,2021.0,0.5566925406455994,132
c2_015,2,-90.068849,21.102802276611328,2021.0,0.8107401132583618,132
c2_016,2,-90.118162,21.135947,2021.0,0.555793821811676,132
c2_017,2,-89.96214294433594,21.120587,2021.0,0.8060553669929504,132
c2_018,2,-89.981541,21.148343,2021.0,0.5341501832008362,132
c2_019,2,-90.041364,21.101186,2021.0,0.8196941018104553,132
c2_020,2,-90.082592,21.10064697265625,2021.0,0.6654249429702759,132
c2_021,2,-89.945163,21.161008,2021.0,0.7106353044509888,132
c2_022,2,-90.01280212402344,21.118162155151367,2021.0,0.7453653216362,132
c2_023,2,-89.94165802001953,21.17879295349121,2021.0,0.6139090657234192,132
c2_024,2,-89.940043,21.179332,2021.0,0.5668646693229675,132
c2_025,2,-89.942199,21.169092178344727,2021.0,0.6609811782836914,132
c2_026,2,-90.04837036132812,21.15858268737793,2021.0,0.7982448935508728,132
c2_027,2,-90.018189,21.155078887939453,2021.0,0.777634859085083,132
c2_028,2,-90.018998,21.118701,2021.0,0.6876802444458008,132
c2_029,2,-89.960253,21.166936,2021.0,0.8111358880996704,132
c2_030,2,-90.08636474609375,21.13918113708496,2021.0,0.8435558080673218,132
c2_031,2,-90.006871,21.167745,2021.0,0.8115316033363342,132
c2_032,2,-89.9599838256836,21.15750503540039,2021.0,0.5549924373626709,132
c2_033,2,-90.052412,21.115737,2021.0,0.7532293796539307,132
c2_034,2,-90.075586,21.099569,2021.0,0.7088697552680969,132
c2_035,2,-90.108731,21.095796,2021.0,0.6010223627090454,132
c2_036,2,-90.026543,21.155078887939453,2021.0,0.793369472026825,132
c2_037,2,-90.006871,21.131097,2021.0,0.7618253231048584,132
c2_038,2,-90.080167,21.099838256835938,2021.0,0.6897087693214417,132
c2_039,2,-89.947588,21.136486053466797,2021.0,0.8362315893173218,132
c2_040,2,-90.061304,21.10468864440918,2021.0,0.7850424647331238,132
c2_041,2,-90.075856,21.134868621826172,2021.0,0.5456876754760742,132
c2_042,2,-89.99959564208984,21.12004852294922,2021.0,0.738396406173706,132
c2_043,2,-90.101725,21.08043670654297,2021.0,0.7917619347572327,132
c2_044,2,-90.026004,21.113851,2021.0,0.8224751949310303,132
c2_045,2,-90.118162,21.129209518432617,2021.0,0.8522486686706543,132
c2_046,2,-89.94139099121094,21.172056198120117,2021.0,0.7699442505836487,132
c2_047,2,-89.969685,21.1402587890625,2021.0,0.7831239104270935,132
c2_048,2,-90.1038818359375,21.095527,2021.0,0.595752477645874,132
c2_049,2,-89.99231719970703,21.149690628051758,2021.0,0.6514074206352234,132
c2_050,2,-89.950822,21.121396,2021.0,0.8388543725013733,132
c3_045,3,-89.992859,21.161815643310547,2021.0,-0.18406279385089874,132
c3_003,3,-90.034357,21.15858268737793,2021.0,0.2220459282398224,132
c3_026,3,-89.986931,21.149959564208984,2021.0,0.8238368630409241,132
c3_008,3,-90.084209,21.151576,2021.0,0.5706369876861572,132
c3_017,3,-89.970493,21.159929275512695,2021.0,0.5684660077095032,132
c3_004,3,-89.982619,21.180679,2021.0,0.633755624294281,132
c3_040,3,-89.9742660522461,21.185529708862305,2021.0,0.8580659031867981,132
c3_024,3,-89.97722625732422,21.183913,2021.0,0.7356060147285461,132
c3_013,3,-89.995823,21.13837242126465,2021.0,0.8018924593925476,132
c3_018,3,-90.062113,21.107114,2021.0,0.8375265598297119,132
c3_007,3,-90.088521,21.146995,2021.0,0.7135510444641113,132
c3_014,3,-89.951361,21.199003219604492,2021.0,-0.19416148960590363,132
c3_042,3,-89.950283,21.199003219604492,2021.0,0.271946519613266,132
c3_029,3,-90.000135,21.137563705444336,2021.0,0.7158122658729553,132
c3_005,3,-90.003638,21.111964,2021.0,0.8046760559082031,132
c3_022,3,-90.005524,21.112503051757812,2021.0,0.7799505591392517,132
c3_002,3,-89.953786,21.197656,2021.0,0.7563621401786804,132
c3_015,3,-89.940852,21.162086486816406,2021.0,0.7441678643226624,132
c3_020,3,-90.016842,21.116006,2021.0,0.80808424949646,132
c3_027,3,-89.982619,21.149421,2021.0,0.47519031167030334,132
c3_030,3,-89.942738,21.1674747467041,2021.0,0.6618138551712036,132
c3_050,3,-89.941929,21.168553,2021.0,0.4267636835575104,132
c3_009,3,-89.986392,21.149959564208984,2021.0,0.8114336729049683,132
c3_033,3,-90.039208,21.102802276611328,2021.0,0.7908430099487305,132
c3_038,3,-89.976152,21.169361114501953,2021.0,0.6666663885116577,132
c3_023,3,-89.97183990478516,21.169361114501953,2021.0,0.6484833359718323,132
c3_032,3,-90.00040435791016,21.138642,2021.0,0.6258453726768494,132
c3_046,3,-89.994476,21.137832641601562,2021.0,0.583207905292511,132
c3_025,3,-89.947049,21.157235,2021.0,0.6807304620742798,132
c3_028,3,-89.976421,21.165858,2021.0,0.7164532542228699,132
c3_036,3,-89.95189666748047,21.162894,2021.0,0.5143056511878967,132
c3_021,3,-90.007141,21.131635665893555,2021.0,0.7429401278495789,132
c3_035,3,-90.000943,21.144569396972656,2021.0,0.634810209274292,132
c3_037,3,-89.97183990478516,21.162086486816406,2021.0,0.7423933744430542,132
c3_039,3,-89.976691,21.168283462524414,2021.0,0.6310015320777893,132
c3_041,3,-89.973996,21.137563705444336,2021.0,0.6127520203590393,132
c3_034,3,-90.041364,21.1402587890625,2021.0,0.5563799142837524,132
c3_047,3,-90.028698,21.126246,2021.0,0.5533969402313232,132
c3_048,3,-90.030315,21.124359130859375,2021.0,0.6131840944290161,132
c3_011,3,-90.035974,21.099299,2021.0,0.7135875821113586,132
c3_001,3,-90.080437,21.100377,2021.0,0.46587520837783813,132
c3_006,3,-89.94677734375,21.202237,2021.0,0.790093183517456,132
c3_019,3,-89.958367,21.172056198120117,2021.0,0.8426896929740906,132
c3_031,3,-90.00740814208984,21.113042,2021.0,0.7962769269943237,132
c3_010,3,-90.01252746582031,21.114659,2021.0,0.8184155821800232,132
c3_012,3,-90.00768280029297,21.114389419555664,2021.0,0.7206863164901733,132
c3_016,3,-90.045675,21.097951889038086,2021.0,0.6942620873451233,132
c3_043,3,-89.967259,21.189841,2021.0,0.867197573184967,132
c3_044,3,-90.046214,21.097413,2021.0,0.785717248916626,132
c3_049,3,-90.016033,21.116006,2021.0,0.8102676272392273,132
c4_001,4,-90.002021,21.168822,2021.0,0.6824631094932556,132
c4_002,4,-90.013878,21.166397094726562,2021.0,0.691137969493866,132
c4_003,4,-90.040286,21.149421,2021.0,0.7971947193145752,132
c4_004,4,-89.94139099121094,21.181487,2021.0,0.7950370907783508,132
c4_005,4,-89.967529,21.183643341064453,2021.0,0.7938312292098999,132
c4_006,4,-89.943277,21.200620651245117,2021.0,0.7855021953582764,132
c4_007,4,-89.968068,21.171248,2021.0,0.7696598172187805,132
c4_008,4,-90.035705,21.15346336364746,2021.0,0.8198963403701782,132
c4_009,4,-89.967798,21.179332,2021.0,0.474348247051239,132
c4_010,4,-89.949205,21.194961,2021.0,0.657222330570221,132
c4_011,4,-89.943007,21.202506,2021.0,0.7547435760498047,132
c4_012,4,-89.945163,21.199811,2021.0,0.8645960092544556,132
c4_013,4,-89.972379,21.174481,2021.0,0.8624757528305054,132
c4_014,4,-90.041633,21.148612,2021.0,0.7585592865943909,132
c4_015,4,-89.960792,21.190380096435547,2021.0,0.6688586473464966,132
c4_016,4,-89.958098,21.184452056884766,2021.0,0.7985594868659973,132
c4_017,4,-90.074239,21.133790969848633,2021.0,0.7543876767158508,132
c4_018,4,-89.950822,21.1922664642334,2021.0,0.8089257478713989,132
c4_019,4,-89.996901,21.149959564208984,2021.0,0.6540858745574951,132
c4_020,4,-89.960523,21.186338424682617,2021.0,0.8667323589324951,132
c4_021,4,-89.9465103149414,21.185529708862305,2021.0,0.5553024411201477,132
c4_022,4,-89.957828,21.185529708862305,2021.0,0.6961576342582703,132
c4_023,4,-90.035705,21.144301,2021.0,0.44240981340408325,132
c4_024,4,-90.022501,21.156966,2021.0,0.3890140652656555,132
c4_025,4,-89.981002,21.165319,2021.0,0.6129850149154663,132
c4_026,4,-90.027621,21.162355422973633,2021.0,0.7670027613639832,132
c4_027,4,-89.949475,21.19415283203125,2021.0,0.774415910243988,132
c4_028,4,-89.940852,21.201428,2021.0,0.7690186500549316,132
c4_029,4,-89.961601,21.190919,2021.0,0.7487597465515137,132
c4_030,4,-90.041364,21.151576,2021.0,0.7822625041007996,132
c4_031,4,-90.062382,21.153732299804688,2021.0,0.6834381222724915,132
c4_032,4,-89.944085,21.193883,2021.0,0.5210453867912292,132
c4_033,4,-89.981811,21.164511,2021.0,0.7638230919837952,132
c4_034,4,-89.940313,21.199811,2021.0,0.8067638874053955,132
c4_035,4,-90.072622,21.132714,2021.0,0.655890166759491,132
c4_036,4,-89.942738,21.183643341064453,2021.0,0.5498707890510559,132
c4_037,4,-89.9742660522461,21.173673,2021.0,0.8192180395126343,132
c4_038,4,-89.966451,21.182565,2021.0,0.49663102626800537,132
c4_039,4,-90.014147,21.163972,2021.0,0.4581863284111023,132
c4_040,4,-89.944355,21.201428,2021.0,0.7594451308250427,132
c4_041,4,-90.011183,21.148881912231445,2021.0,0.6409847736358643,132
c4_042,4,-90.071814,21.131635665893555,2021.0,0.7242466807365417,132
c4_043,4,-90.11438751220703,21.11061668395996,2021.0,0.651552677154541,132
c4_044,4,-89.956481,21.189302444458008,2021.0,0.7631288766860962,132
c4_045,4,-90.036513,21.153732299804688,2021.0,0.8410741090774536,132
c4_046,4,-89.98235321044922,21.169092178344727,2021.0,0.792148768901825,132
c4_047,4,-89.992859,21.172864,2021.0,0.5976274013519287,132
c4_048,4,-89.948127,21.191457748413086,2021.0,0.8583974242210388,132
c4_049,4,-90.1195068359375,21.108461380004883,2021.0,0.610775351524353,132
c4_050,4,-90.094718,21.12301254272461,2021.0,0.644769549369812,132
c5_045,5,-90.018998,21.166128158569336,2021.0,0.6235125064849854,132
c5_008,5,-90.034357,21.155618,2021.0,0.8223294615745544,132
c5_010,5,-89.957289,21.163703,2021.0,0.5111469030380249,132
c5_011,5,-90.004985,21.156696319580078,2021.0,0.7722775936126709,132
c5_012,5,-90.066424,21.154809951782227,2021.0,0.6869505047798157,132
c5_014,5,-90.006871,21.155887603759766,2021.0,0.616101861000061,132
c5_016,5,-90.002829,21.15642738342285,2021.0,0.829812228679657,132
c5_022,5,-90.044597,21.154809951782227,2021.0,0.8328037261962891,132
c5_024,5,-89.995284,21.15642738342285,2021.0,0.5682711005210876,132
c5_003,5,-90.056993,21.154541015625,2021.0,0.6749411821365356,132
c5_013,5,-90.020614,21.157235,2021.0,0.6857869029045105,132
c5_020,5,-90.027621,21.156966,2021.0,0.7361984252929688,132
c5_025,5,-90.03301239013672,21.15966033935547,2021.0,0.3018447160720825,132
c5_034,5,-90.012261,21.166397094726562,2021.0,0.6392775774002075,132
c5_040,5,-90.069658,21.154541015625,2021.0,0.6644397974014282,132
c5_041,5,-89.998787,21.156156539916992,2021.0,0.6439269185066223,132
c5_043,5,-90.113042,21.13729476928711,2021.0,0.8154923915863037,132
c5_002,5,-90.042172,21.156156539916992,2021.0,0.7595673203468323,132
c5_004,5,-90.034088,21.156966,2021.0,0.5131669044494629,132
c5_001,5,-89.996093,21.155887603759766,2021.0,0.7019455432891846,132
c5_006,5,-90.035435,21.154809951782227,2021.0,0.8297340273857117,132
c5_015,5,-89.942738,21.172864,2021.0,0.5351045727729797,132
c5_018,5,-90.0685806274414,21.152385,2021.0,0.6629633903503418,132
c5_026,5,-89.998248,21.172326,2021.0,0.527624785900116,132
c5_033,5,-90.01980590820312,21.156966,2021.0,0.8504140973091125,132
c5_036,5,-90.041902,21.15750503540039,2021.0,0.8138226270675659,132
c5_039,5,-90.060496,21.15642738342285,2021.0,0.7818927764892578,132
c5_005,5,-90.041633,21.159929275512695,2021.0,0.8074973821640015,132
c5_009,5,-90.038938,21.154271,2021.0,0.8593237996101379,132
c5_019,5,-90.057262,21.155349,2021.0,0.6204259991645813,132
c5_021,5,-90.089598,21.148073196411133,2021.0,0.5564519166946411,132
c5_030,5,-90.071814,21.151845932006836,2021.0,0.7119757533073425,132
c5_031,5,-90.003099,21.155618,2021.0,0.8081184029579163,132
c5_035,5,-90.095527,21.151845932006836,2021.0,0.6887072324752808,132
c5_037,5,-89.996632,21.160469,2021.0,0.8244995474815369,132
c5_023,5,-89.978038,21.180139541625977,2021.0,0.6647846102714539,132
c5_017,5,-90.040555,21.145917892456055,2021.0,0.6393026113510132,132
c5_027,5,-90.08879089355469,21.150768280029297,2021.0,0.8155617713928223,132
c5_047,5,-90.001213,21.154541015625,2021.0,0.799669623374939,132
c5_048,5,-90.028429,21.156696319580078,2021.0,0.7608610391616821,132
c5_029,5,-90.090407,21.149421,2021.0,0.7020285725593567,132
c5_032,5,-90.079359,21.150768280029297,2021.0,0.6374682188034058,132
c5_038,5,-90.04082489013672,21.156966,2021.0,0.8562575578689575,132
c5_046,5,-90.067233,21.152114868164062,2021.0,0.7430726289749146,132
c5_028,5,-90.095527,21.150499,2021.0,0.7993825078010559,132
c5_044,5,-89.973188,21.183374404907227,2021.0,0.660834789276123,132
c5_042,5,-90.08124542236328,21.149421,2021.0,0.7230284810066223,132
c5_007,5,-90.021962,21.143491744995117,2021.0,0.460243284702301,132
c10_001,3,-90.028968,21.158313,2021.0,0.46610555052757263,132
c10_005,3,-89.954594,21.163972,2021.0,0.5005353689193726,132
c10_002,3,-90.033549,21.15858268737793,2021.0,0.25325554609298706,132
c10_003,3,-90.030046,21.158044,2021.0,0.547182559967041,132
c10_004,3,-90.029507,21.157773971557617,2021.0,0.5213598012924194,132
c10_006,3,-90.03301239013672,21.159122467041016,2021.0,0.46126309037208557,132
c10_007,3,-90.03301239013672,21.158044,2021.0,0.34130048751831055,132
c10_009,3,-90.032741,21.15858268737793,2021.0,0.4773251712322235,132
c10_010,3,-90.030585,21.158044,2021.0,0.1896114945411682,132
c10_008,3,-89.95405578613281,21.163972,2021.0,0.4542633295059204,132
c1_051,1,-90.064538,21.118162155151367,2021.0,0.6451378464698792,132
c1_052,1,-90.05322265625,21.112234115600586,2021.0,0.6887938976287842,132
c1_053,1,-90.068041,21.142953,2021.0,0.7407397031784058,132
c1_054,1,-90.00040435791016,21.124359130859375,2021.0,0.7004988789558411,132
c1_055,1,-90.049178,21.1402587890625,2021.0,0.6681795120239258,132
c2_051,2,-90.111695,21.123821258544922,2021.0,0.7453751564025879,132
c2_052,2,-90.02277374267578,21.139720916748047,2021.0,0.6491692662239075,132
c2_053,2,-89.941929,21.138911,2021.0,0.8479846119880676,132
c2_054,2,-89.950013,21.130019,2021.0,0.8378269672393799,132
c2_055,2,-90.106306,21.128941,2021.0,0.7604596018791199,132
c3_062,3,-90.086634,21.149690628051758,2021.0,0.6243797540664673,132
c3_051,3,-90.010914,21.144301,2021.0,0.803726851940155,132
c3_055,3,-90.079359,21.150499,2021.0,0.5548191070556641,132
c3_058,3,-90.000943,21.171248,2021.0,0.5602075457572937,132
c3_052,3,-90.094179,21.114929,2021.0,0.6591585278511047,132
c3_059,3,-90.039208,21.1402587890625,2021.0,0.6338991522789001,132
c3_053,3,-90.013608,21.152114868164062,2021.0,0.8566441535949707,132
c3_060,3,-89.958906,21.12489891052246,2021.0,0.8232122659683228,132
c3_057,3,-90.058071,21.159929275512695,2021.0,0.6989344954490662,132
c3_061,3,-89.973457,21.138911,2021.0,0.6807036995887756,132
c3_064,3,-89.989625,21.149959564208984,2021.0,0.6483243703842163,132
c3_063,3,-90.030046,21.125707,2021.0,0.6173562407493591,132
c3_065,3,-89.972379,21.162086486816406,2021.0,0.7978268265724182,132
c3_054,3,-90.029237,21.101455,2021.0,0.8206301927566528,132
c3_056,3,-90.008758,21.114120483398438,2021.0,0.7588791847229004,132
c4_051,4,-89.958906,21.191997,2021.0,0.7706204652786255,132
c4_052,4,-89.957828,21.178254,2021.0,0.5793205499649048,132
c4_053,4,-89.994476,21.172864,2021.0,0.6170213222503662,132
c4_054,4,-89.994745,21.168822,2021.0,0.5956482887268066,132
c4_055,4,-90.0025634765625,21.169631,2021.0,0.7461016774177551,132
c1_001,1,-90.056184,21.12301254272461,2022.0,0.7647897601127625,151
c1_002,1,-89.984506,21.126246,2022.0,0.8222039937973022,151
c1_003,1,-90.070197,21.140798,2022.0,0.7383010387420654,151
c1_004,1,-90.057801,21.145648,2022.0,0.7952908873558044,151
c1_005,1,-90.024926,21.145379,2022.0,0.6624041199684143,151
c1_006,1,-89.979386,21.130288,2022.0,0.6783220767974854,151
c1_007,1,-90.08636474609375,21.137025,2022.0,0.7953453660011292,151
c1_008,1,-89.952169,21.14322280883789,2022.0,0.7812566161155701,151
c1_009,1,-90.055106,21.138911,2022.0,0.6297755241394043,151
c1_010,1,-89.945702,21.14322280883789,2022.0,0.741041362285614,151
c1_011,1,-89.958098,21.149151,2022.0,0.7848815321922302,151
c1_012,1,-90.036783,21.117354,2022.0,0.7749305963516235,151
c1_013,1,-90.113042,21.085018157958984,2022.0,0.772854745388031,151
c1_014,1,-89.944085,21.154002,2022.0,0.8451390266418457,151
c1_015,1,-90.065885,21.113581,2022.0,0.6960514187812805,151
c1_016,1,-90.064538,21.121126174926758,2022.0,0.7163357734680176,151
c1_017,1,-90.01280212402344,21.122474,2022.0,0.7033189535140991,151
c1_018,1,-90.013608,21.150499,2022.0,0.7793943881988525,151
c1_019,1,-90.075856,21.141876220703125,2022.0,0.7675907015800476,151
c1_020,1,-90.063729,21.119510650634766,2022.0,0.7092742919921875,151
c1_021,1,-90.112234,21.128671646118164,2022.0,0.5977684259414673,151
c1_022,1,-89.970224,21.131635665893555,2022.0,0.6390815377235413,151
c1_023,1,-90.049448,21.111425399780273,2022.0,0.7260764241218567,151
c1_024,1,-90.076933,21.135408401489258,2022.0,0.6016075611114502,151
c1_025,1,-90.09391021728516,21.143762,2022.0,0.7831384539604187,151
c1_026,1,-89.940852,21.145917892456055,2022.0,0.8187476992607117,151
c1_027,1,-89.945163,21.154002,2022.0,0.8338568806648254,151
c1_028,1,-90.098491,21.127324,2022.0,0.7519598007202148,151
c1_029,1,-90.003368,21.149421,2022.0,0.6485153436660767,151
c1_030,1,-89.972918,21.124629,2022.0,0.7628517746925354,151
c1_031,1,-90.003907,21.124359130859375,2022.0,0.7251773476600647,151
c1_032,1,-90.066694,21.0987606048584,2022.0,0.7241207957267761,151
c1_033,1,-89.994745,21.123552322387695,2022.0,0.6575583219528198,151
c1_034,1,-90.08879089355469,21.142953,2022.0,0.800074577331543,151
c1_035,1,-90.063191,21.110887,2022.0,0.7099499106407166,151
c1_036,1,-89.960523,21.137563705444336,2022.0,0.8305047750473022,151
c1_037,1,-90.094179,21.093371,2022.0,0.7107787132263184,151
c1_038,1,-90.0025634765625,21.122743,2022.0,0.7193904519081116,151
c1_039,1,-90.051334,21.132714,2022.0,0.6446722149848938,151
c1_040,1,-90.066694,21.13837242126465,2022.0,0.7414610981941223,151
c1_041,1,-90.116815,21.0882511138916,2022.0,0.666871190071106,151
c1_042,1,-90.057801,21.148612,2022.0,0.825683057308197,151
c1_043,1,-90.080706,21.141876220703125,2022.0,0.7478336691856384,151
c1_044,1,-89.947319,21.188493728637695,2022.0,0.7436469793319702,151
c1_045,1,-89.981811,21.124091,2022.0,0.7756739258766174,151
c1_046,1,-90.058879,21.128671646118164,2022.0,0.7122968435287476,151
c1_047,1,-90.075317,21.10361099243164,2022.0,0.7675728797912598,151
c1_048,1,-90.003638,21.150768280029297,2022.0,0.6709575653076172,151
c1_049,1,-90.026543,21.122743,2022.0,0.7558904886245728,151
c1_050,1,-90.108731,21.117623,2022.0,0.7394791841506958,151
c2_001,2,-89.960253,21.154002,2022.0,0.6620906591415405,151
c2_002,2,-90.117623,21.133522033691406,2022.0,0.6459088325500488,151
c2_003,2,-90.07881927490234,21.09229278564453,2022.0,0.7589991092681885,151
c2_004,2,-89.978847,21.15022850036621,2022.0,0.6220523715019226,151
c2_005,2,-90.089329,21.09364128112793,2022.0,0.787441074848175,151
c2_006,2,-90.11412048339844,21.100377,2022.0,0.5339139699935913,151
c2_007,2,-90.106036,21.131635665893555,2022.0,0.8116681575775146,151
c2_008,2,-90.001213,21.145379,2022.0,0.7676168084144592,151
c2_009,2,-89.963217,21.183913,2022.0,0.7864887714385986,151
c2_010,2,-90.10226440429688,21.144301,2022.0,0.7818417549133301,151
c2_011,2,-89.958636,21.125438,2022.0,0.79755038022995,151
c2_012,2,-90.097413,21.149959564208984,2022.0,0.8398914933204651,151
c2_013,2,-90.100647,21.106845,2022.0,0.6672718524932861,151
c2_014,2,-90.04594421386719,21.111156463623047,2022.0,0.5434895157814026,151
c2_015,2,-90.068849,21.102802276611328,2022.0,0.7539322376251221,151
c2_016,2,-90.118162,21.135947,2022.0,0.4912453293800354,151
c2_017,2,-89.96214294433594,21.120587,2022.0,0.8020465970039368,151
c2_018,2,-89.981541,21.148343,2022.0,0.5303353667259216,151
c2_019,2,-90.041364,21.101186,2022.0,0.7874739170074463,151
c2_020,2,-90.082592,21.10064697265625,2022.0,0.6700088381767273,151
c2_021,2,-89.945163,21.161008,2022.0,0.746480405330658,151
c2_022,2,-90.01280212402344,21.118162155151367,2022.0,0.7275646328926086,151
c2_023,2,-89.94165802001953,21.17879295349121,2022.0,0.6351551413536072,151
c2_024,2,-89.940043,21.179332,2022.0,0.6034696102142334,151
c2_025,2,-89.942199,21.169092178344727,2022.0,0.6697526574134827,151
c2_026,2,-90.04837036132812,21.15858268737793,2022.0,0.7950156927108765,151
c2_027,2,-90.018189,21.155078887939453,2022.0,0.7873290777206421,151
c2_028,2,-90.018998,21.118701,2022.0,0.6815191507339478,151
c2_029,2,-89.960253,21.166936,2022.0,0.79878169298172,151
c2_030,2,-90.08636474609375,21.13918113708496,2022.0,0.8062381148338318,151
c2_031,2,-90.006871,21.167745,2022.0,0.800020158290863,151
c2_032,2,-89.9599838256836,21.15750503540039,2022.0,0.5706021189689636,151
c2_033,2,-90.052412,21.115737,2022.0,0.7425438761711121,151
c2_034,2,-90.075586,21.099569,2022.0,0.6895330548286438,151
c2_035,2,-90.108731,21.095796,2022.0,0.5220486521720886,151
c2_036,2,-90.026543,21.155078887939453,2022.0,0.8143066763877869,151
c2_037,2,-90.006871,21.131097,2022.0,0.7850670218467712,151
c2_038,2,-90.080167,21.099838256835938,2022.0,0.6662615537643433,151
c2_039,2,-89.947588,21.136486053466797,2022.0,0.8037594556808472,151
c2_040,2,-90.061304,21.10468864440918,2022.0,0.7658712267875671,151
c2_041,2,-90.075856,21.134868621826172,2022.0,0.5641096830368042,151
c2_042,2,-89.99959564208984,21.12004852294922,2022.0,0.761630117893219,151
c2_043,2,-90.101725,21.08043670654297,2022.0,0.7316496968269348,151
c2_044,2,-90.026004,21.113851,2022.0,0.8149221539497375,151
c2_045,2,-90.118162,21.129209518432617,2022.0,0.8199309706687927,151
c2_046,2,-89.94139099121094,21.172056198120117,2022.0,0.763069748878479,151
c2_047,2,-89.969685,21.1402587890625,2022.0,0.7780807614326477,151
c2_048,2,-90.1038818359375,21.095527,2022.0,0.5134001970291138,151
c2_049,2,-89.99231719970703,21.149690628051758,2022.0,0.6488311290740967,151
c2_050,2,-89.950822,21.121396,2022.0,0.8171796202659607,151
c3_045,3,-89.992859,21.161815643310547,2022.0,-0.0298230592161417,151
c3_003,3,-90.034357,21.15858268737793,2022.0,0.15368953347206116,151
c3_026,3,-89.986931,21.149959564208984,2022.0,0.8487188220024109,151
c3_008,3,-90.084209,21.151576,2022.0,0.5124973058700562,151
c3_017,3,-89.970493,21.159929275512695,2022.0,0.5104836225509644,151
c3_004,3,-89.982619,21.180679,2022.0,0.6924139857292175,151
c3_040,3,-89.9742660522461,21.185529708862305,2022.0,0.840859055519104,151
c3_024,3,-89.97722625732422,21.183913,2022.0,0.7070679068565369,151
c3_013,3,-89.995823,21.13837242126465,2022.0,0.8107103109359741,151
c3_018,3,-90.062113,21.107114,2022.0,0.8209207057952881,151
c3_007,3,-90.088521,21.146995,2022.0,0.5424007177352905,151
c3_014,3,-89.951361,21.199003219604492,2022.0,-0.2280571609735489,151
c3_042,3,-89.950283,21.199003219604492,2022.0,0.23849906027317047,151
c3_029,3,-90.000135,21.137563705444336,2022.0,0.7405585646629333,151
c3_005,3,-90.003638,21.111964,2022.0,0.7729870080947876,151
c3_022,3,-90.005524,21.112503051757812,2022.0,0.7240684032440186,151
c3_002,3,-89.953786,21.197656,2022.0,0.642426609992981,151
c3_015,3,-89.940852,21.162086486816406,2022.0,0.7402132749557495,151
c3_020,3,-90.016842,21.116006,2022.0,0.7951279282569885,151
c3_027,3,-89.982619,21.149421,2022.0,0.4401104152202606,151
c3_030,3,-89.942738,21.1674747467041,2022.0,0.6812468767166138,151
c3_050,3,-89.941929,21.168553,2022.0,0.39542946219444275,151
c3_009,3,-89.986392,21.149959564208984,2022.0,0.8228783011436462,151
c3_033,3,-90.039208,21.102802276611328,2022.0,0.7243308424949646,151
c3_038,3,-89.976152,21.169361114501953,2022.0,0.6656765937805176,151
c3_023,3,-89.97183990478516,21.169361114501953,2022.0,0.654827356338501,151
c3_032,3,-90.00040435791016,21.138642,2022.0,0.6560969352722168,151
c3_046,3,-89.994476,21.137832641601562,2022.0,0.5650641322135925,151
c3_025,3,-89.947049,21.157235,2022.0,0.697521448135376,151
c3_028,3,-89.976421,21.165858,2022.0,0.7246061563491821,151
c3_036,3,-89.95189666748047,21.162894,2022.0,0.5195692181587219,151
c3_021,3,-90.007141,21.131635665893555,2022.0,0.7436233162879944,151
c3_035,3,-90.000943,21.144569396972656,2022.0,0.6408978700637817,151
c3_037,3,-89.97183990478516,21.162086486816406,2022.0,0.7194791436195374,151
c3_039,3,-89.976691,21.168283462524414,2022.0,0.6413605809211731,151
c3_041,3,-89.973996,21.137563705444336,2022.0,0.611032247543335,151
c3_034,3,-90.041364,21.1402587890625,2022.0,0.5880391001701355,151
c3_047,3,-90.028698,21.126246,2022.0,0.6463418006896973,151
c3_048,3,-90.030315,21.124359130859375,2022.0,0.6545577645301819,151
c3_011,3,-90.035974,21.099299,2022.0,0.720472514629364,151
c3_001,3,-90.080437,21.100377,2022.0,0.46882593631744385,151
c3_006,3,-89.94677734375,21.202237,2022.0,0.7338095307350159,151
c3_019,3,-89.958367,21.172056198120117,2022.0,0.8415659666061401,151
c3_031,3,-90.00740814208984,21.113042,2022.0,0.715167224407196,151
c3_010,3,-90.01252746582031,21.114659,2022.0,0.8151208758354187,151
c3_012,3,-90.00768280029297,21.114389419555664,2022.0,0.7017520070075989,151
c3_016,3,-90.045675,21.097951889038086,2022.0,0.6462058424949646,151
c3_043,3,-89.967259,21.189841,2022.0,0.8493860960006714,151
c3_044,3,-90.046214,21.097413,2022.0,0.7424014806747437,151
c3_049,3,-90.016033,21.116006,2022.0,0.7623876333236694,151
c4_001,4,-90.002021,21.168822,2022.0,0.6852380633354187,151
c4_002,4,-90.013878,21.166397094726562,2022.0,0.6821304559707642,151
c4_003,4,-90.040286,21.149421,2022.0,0.8218952417373657,151
c4_004,4,-89.94139099121094,21.181487,2022.0,0.7757568955421448,151
c4_005,4,-89.967529,21.183643341064453,2022.0,0.7964598536491394,151
c4_006,4,-89.943277,21.200620651245117,2022.0,0.7831682562828064,151
c4_007,4,-89.968068,21.171248,2022.0,0.7790037393569946,151
c4_008,4,-90.035705,21.15346336364746,2022.0,0.8241127729415894,151
c4_009,4,-89.967798,21.179332,2022.0,0.4405323266983032,151
c4_010,4,-89.949205,21.194961,2022.0,0.6675829291343689,151
c4_011,4,-89.943007,21.202506,2022.0,0.7399396300315857,151
c4_012,4,-89.945163,21.199811,2022.0,0.866478443145752,151
c4_013,4,-89.972379,21.174481,2022.0,0.8908731937408447,151
c4_014,4,-90.041633,21.148612,2022.0,0.7755942940711975,151
c4_015,4,-89.960792,21.190380096435547,2022.0,0.7289903163909912,151
c4_016,4,-89.958098,21.184452056884766,2022.0,0.7886669635772705,151
c4_017,4,-90.074239,21.133790969848633,2022.0,0.7687111496925354,151
c4_018,4,-89.950822,21.1922664642334,2022.0,0.8183839321136475,151
c4_019,4,-89.996901,21.149959564208984,2022.0,0.6473541855812073,151
c4_020,4,-89.960523,21.186338424682617,2022.0,0.8644863367080688,151
c4_021,4,-89.9465103149414,21.185529708862305,2022.0,0.4398011565208435,151
c4_022,4,-89.957828,21.185529708862305,2022.0,0.6725211143493652,151
c4_023,4,-90.035705,21.144301,2022.0,0.40005749464035034,151
c4_024,4,-90.022501,21.156966,2022.0,0.42048606276512146,151
c4_025,4,-89.981002,21.165319,2022.0,0.6538254022598267,151
c4_026,4,-90.027621,21.162355422973633,2022.0,0.7732872366905212,151
c4_027,4,-89.949475,21.19415283203125,2022.0,0.8045962452888489,151
c4_028,4,-89.940852,21.201428,2022.0,0.7440310120582581,151
c4_029,4,-89.961601,21.190919,2022.0,0.7552332282066345,151
c4_030,4,-90.041364,21.151576,2022.0,0.8067290186882019,151
c4_031,4,-90.062382,21.153732299804688,2022.0,0.5595455765724182,151
c4_032,4,-89.944085,21.193883,2022.0,0.5986151099205017,151
c4_033,4,-89.981811,21.164511,2022.0,0.782306432723999,151
c4_034,4,-89.940313,21.199811,2022.0,0.8060427308082581,151
c4_035,4,-90.072622,21.132714,2022.0,0.6687939167022705,151
c4_036,4,-89.942738,21.183643341064453,2022.0,0.4259529113769531,151
c4_037,4,-89.9742660522461,21.173673,2022.0,0.8098369240760803,151
c4_038,4,-89.966451,21.182565,2022.0,0.45716696977615356,151
c4_039,4,-90.014147,21.163972,2022.0,0.3188389539718628,151
c4_040,4,-89.944355,21.201428,2022.0,0.7755591869354248,151
c4_041,4,-90.011183,21.148881912231445,2022.0,0.6741229295730591,151
c4_042,4,-90.071814,21.131635665893555,2022.0,0.7455542683601379,151
c4_043,4,-90.11438751220703,21.11061668395996,2022.0,0.6672735214233398,151
c4_044,4,-89.956481,21.189302444458008,2022.0,0.7562170624732971,151
c4_045,4,-90.036513,21.153732299804688,2022.0,0.8576720356941223,151
c4_046,4,-89.98235321044922,21.169092178344727,2022.0,0.8141000866889954,151
c4_047,4,-89.992859,21.172864,2022.0,0.4610033333301544,151
c4_048,4,-89.948127,21.191457748413086,2022.0,0.8539366722106934,151
c4_049,4,-90.1195068359375,21.108461380004883,2022.0,0.6467216610908508,151
c4_050,4,-90.094718,21.12301254272461,2022.0,0.6202073693275452,151
c5_045,5,-90.018998,21.166128158569336,2022.0,0.6772764325141907,151
c5_008,5,-90.034357,21.155618,2022.0,0.8372750282287598,151
c5_010,5,-89.957289,21.163703,2022.0,0.4973154067993164,151
c5_011,5,-90.004985,21.156696319580078,2022.0,0.7473542094230652,151
c5_012,5,-90.066424,21.154809951782227,2022.0,0.6491390466690063,151
c5_014,5,-90.006871,21.155887603759766,2022.0,0.5836156010627747,151
c5_016,5,-90.002829,21.15642738342285,2022.0,0.8180801868438721,151
c5_022,5,-90.044597,21.154809951782227,2022.0,0.8275489211082458,151
c5_024,5,-89.995284,21.15642738342285,2022.0,0.5631726980209351,151
c5_003,5,-90.056993,21.154541015625,2022.0,0.6156283020973206,151
c5_013,5,-90.020614,21.157235,2022.0,0.7019627094268799,151
c5_020,5,-90.027621,21.156966,2022.0,0.7285879254341125,151
c5_025,5,-90.03301239013672,21.15966033935547,2022.0,0.0960841253399849,151
c5_034,5,-90.012261,21.166397094726562,2022.0,0.6339048147201538,151
c5_040,5,-90.069658,21.154541015625,2022.0,0.6650699377059937,151
c5_041,5,-89.998787,21.156156539916992,2022.0,0.5844164490699768,151
c5_043,5,-90.113042,21.13729476928711,2022.0,0.70844966173172,151
c5_002,5,-90.042172,21.156156539916992,2022.0,0.7222784161567688,151
c5_004,5,-90.034088,21.156966,2022.0,0.4905466139316559,151
c5_001,5,-89.996093,21.155887603759766,2022.0,0.7204386591911316,151
c5_006,5,-90.035435,21.154809951782227,2022.0,0.8572378754615784,151
c5_015,5,-89.942738,21.172864,2022.0,0.5368452668190002,151
c5_018,5,-90.0685806274414,21.152385,2022.0,0.5065423846244812,151
c5_026,5,-89.998248,21.172326,2022.0,0.4888225197792053,151
c5_033,5,-90.01980590820312,21.156966,2022.0,0.8471082448959351,151
c5_036,5,-90.041902,21.15750503540039,2022.0,0.7967787981033325,151
c5_039,5,-90.060496,21.15642738342285,2022.0,0.7583653330802917,151
c5_005,5,-90.041633,21.159929275512695,2022.0,0.8204979300498962,151
c5_009,5,-90.038938,21.154271,2022.0,0.8572686910629272,151
c5_019,5,-90.057262,21.155349,2022.0,0.6309922337532043,151
c5_021,5,-90.089598,21.148073196411133,2022.0,0.4359566569328308,151
c5_030,5,-90.071814,21.151845932006836,2022.0,0.505001962184906,151
c5_031,5,-90.003099,21.155618,2022.0,0.8081666827201843,151
c5_035,5,-90.095527,21.151845932006836,2022.0,0.5872767567634583,151
c5_037,5,-89.996632,21.160469,2022.0,0.8257130980491638,151
c5_023,5,-89.978038,21.180139541625977,2022.0,0.6736504435539246,151
c5_017,5,-90.040555,21.145917892456055,2022.0,0.6196936368942261,151
c5_027,5,-90.08879089355469,21.150768280029297,2022.0,0.7682525515556335,151
c5_047,5,-90.001213,21.154541015625,2022.0,0.8024795055389404,151
c5_048,5,-90.028429,21.156696319580078,2022.0,0.7606820464134216,151
c5_029,5,-90.090407,21.149421,2022.0,0.5640564560890198,151
c5_032,5,-90.079359,21.150768280029297,2022.0,0.42339593172073364,151
c5_038,5,-90.04082489013672,21.156966,2022.0,0.8186421990394592,151
c5_046,5,-90.067233,21.152114868164062,2022.0,0.5532837510108948,151
c5_028,5,-90.095527,21.150499,2022.0,0.751992404460907,151
c5_044,5,-89.973188,21.183374404907227,2022.0,0.6268338561058044,151
c5_042,5,-90.08124542236328,21.149421,2022.0,0.5643917322158813,151
c5_007,5,-90.021962,21.143491744995117,2022.0,0.41715025901794434,151
c10_001,3,-90.028968,21.158313,2022.0,0.45947083830833435,151
c10_005,3,-89.954594,21.163972,2022.0,0.537064790725708,151
c10_002,3,-90.033549,21.15858268737793,2022.0,0.21334515511989594,151
c10_003,3,-90.030046,21.158044,2022.0,0.5979636311531067,151
c10_004,3,-90.029507,21.157773971557617,2022.0,0.540538489818573,151
c10_006,3,-90.03301239013672,21.159122467041016,2022.0,0.42161503434181213,151
c10_007,3,-90.03301239013672,21.158044,2022.0,0.3416734039783478,151
c10_009,3,-90.032741,21.15858268737793,2022.0,0.4658946096897125,151
c10_010,3,-90.030585,21.158044,2022.0,0.13075143098831177,151
c10_008,3,-89.95405578613281,21.163972,2022.0,0.48198798298835754,151
c1_051,1,-90.064538,21.118162155151367,2022.0,0.6852720379829407,151
c1_052,1,-90.05322265625,21.112234115600586,2022.0,0.6739832162857056,151
c1_053,1,-90.068041,21.142953,2022.0,0.7178645133972168,151
c1_054,1,-90.00040435791016,21.124359130859375,2022.0,0.6865749359130859,151
c1_055,1,-90.049178,21.1402587890625,2022.0,0.6828671097755432,151
c2_051,2,-90.111695,21.123821258544922,2022.0,0.6101406216621399,151
c2_052,2,-90.02277374267578,21.139720916748047,2022.0,0.6922445893287659,151
c2_053,2,-89.941929,21.138911,2022.0,0.8342166543006897,151
c2_054,2,-89.950013,21.130019,2022.0,0.7911544442176819,151
c2_055,2,-90.106306,21.128941,2022.0,0.6700285077095032,151
c3_062,3,-90.086634,21.149690628051758,2022.0,0.3455283045768738,151
c3_051,3,-90.010914,21.144301,2022.0,0.8065245747566223,151
c3_055,3,-90.079359,21.150499,2022.0,0.3722391128540039,151
c3_058,3,-90.000943,21.171248,2022.0,0.5543570518493652,151
c3_052,3,-90.094179,21.114929,2022.0,0.6615296602249146,151
c3_059,3,-90.039208,21.1402587890625,2022.0,0.670095682144165,151
c3_053,3,-90.013608,21.152114868164062,2022.0,0.8454312086105347,151
c3_060,3,-89.958906,21.12489891052246,2022.0,0.8182975649833679,151
c3_057,3,-90.058071,21.159929275512695,2022.0,0.6420179009437561,151
c3_061,3,-89.973457,21.138911,2022.0,0.6763935089111328,151
c3_064,3,-89.989625,21.149959564208984,2022.0,0.6541927456855774,151
c3_063,3,-90.030046,21.125707,2022.0,0.6735975742340088,151
c3_065,3,-89.972379,21.162086486816406,2022.0,0.790149986743927,151
c3_054,3,-90.029237,21.101455,2022.0,0.7469004988670349,151
c3_056,3,-90.008758,21.114120483398438,2022.0,0.7213258147239685,151
c4_051,4,-89.958906,21.191997,2022.0,0.6907734870910645,151
c4_052,4,-89.957828,21.178254,2022.0,0.5059595704078674,151
c4_053,4,-89.994476,21.172864,2022.0,0.6107185482978821,151
c4_054,4,-89.994745,21.168822,2022.0,0.6325265169143677,151
c4_055,4,-90.0025634765625,21.169631,2022.0,0.7312663793563843,151
c1_001,1,-90.056184,21.12301254272461,2023.0,0.7795999646186829,179
c1_002,1,-89.984506,21.126246,2023.0,0.8449203372001648,179
c1_003,1,-90.070197,21.140798,2023.0,0.7373896241188049,179
c1_004,1,-90.057801,21.145648,2023.0,0.79627925157547,179
c1_005,1,-90.024926,21.145379,2023.0,0.690412163734436,179
c1_006,1,-89.979386,21.130288,2023.0,0.6988603472709656,179
c1_007,1,-90.08636474609375,21.137025,2023.0,0.7733708620071411,179
c1_008,1,-89.952169,21.14322280883789,2023.0,0.7831264138221741,179
c1_009,1,-90.055106,21.138911,2023.0,0.6531874537467957,179
c1_010,1,-89.945702,21.14322280883789,2023.0,0.7060808539390564,179
c1_011,1,-89.958098,21.149151,2023.0,0.8019411563873291,179
c1_012,1,-90.036783,21.117354,2023.0,0.7747821807861328,179
c1_013,1,-90.113042,21.085018157958984,2023.0,0.8016244769096375,179
c1_014,1,-89.944085,21.154002,2023.0,0.826459527015686,179
c1_015,1,-90.065885,21.113581,2023.0,0.6554309129714966,179
c1_016,1,-90.064538,21.121126174926758,2023.0,0.7300835251808167,179
c1_017,1,-90.01280212402344,21.122474,2023.0,0.6862685084342957,179
c1_018,1,-90.013608,21.150499,2023.0,0.7864832282066345,179
c1_019,1,-90.075856,21.141876220703125,2023.0,0.7854219079017639,179
c1_020,1,-90.063729,21.119510650634766,2023.0,0.711860716342926,179
c1_021,1,-90.112234,21.128671646118164,2023.0,0.5354799032211304,179
c1_022,1,-89.970224,21.131635665893555,2023.0,0.6304755210876465,179
c1_023,1,-90.049448,21.111425399780273,2023.0,0.6909160614013672,179
c1_024,1,-90.076933,21.135408401489258,2023.0,0.6315164566040039,179
c1_025,1,-90.09391021728516,21.143762,2023.0,0.8066141605377197,179
c1_026,1,-89.940852,21.145917892456055,2023.0,0.7686004042625427,179
c1_027,1,-89.945163,21.154002,2023.0,0.7997377514839172,179
c1_028,1,-90.098491,21.127324,2023.0,0.7589349746704102,179
c1_029,1,-90.003368,21.149421,2023.0,0.6898693442344666,179
c1_030,1,-89.972918,21.124629,2023.0,0.7506017684936523,179
c1_031,1,-90.003907,21.124359130859375,2023.0,0.6875414252281189,179
c1_032,1,-90.066694,21.0987606048584,2023.0,0.7161838412284851,179
c1_033,1,-89.994745,21.123552322387695,2023.0,0.662200391292572,179
c1_034,1,-90.08879089355469,21.142953,2023.0,0.799729585647583,179
c1_035,1,-90.063191,21.110887,2023.0,0.6504079103469849,179
c1_036,1,-89.960523,21.137563705444336,2023.0,0.8322729468345642,179
c1_037,1,-90.094179,21.093371,2023.0,0.7009376287460327,179
c1_038,1,-90.0025634765625,21.122743,2023.0,0.7052273154258728,179
c1_039,1,-90.051334,21.132714,2023.0,0.7096899747848511,179
c1_040,1,-90.066694,21.13837242126465,2023.0,0.7501689195632935,179
c1_041,1,-90.116815,21.0882511138916,2023.0,0.6809150576591492,179
c1_042,1,-90.057801,21.148612,2023.0,0.8294134736061096,179
c1_043,1,-90.080706,21.141876220703125,2023.0,0.7336301803588867,179
c1_044,1,-89.947319,21.188493728637695,2023.0,0.7786989808082581,179
c1_045,1,-89.981811,21.124091,2023.0,0.76451575756073,179
c1_046,1,-90.058879,21.128671646118164,2023.0,0.7277072668075562,179
c1_047,1,-90.075317,21.10361099243164,2023.0,0.775676965713501,179
c1_048,1,-90.003638,21.150768280029297,2023.0,0.7119983434677124,179
c1_049,1,-90.026543,21.122743,2023.0,0.7268705368041992,179
c1_050,1,-90.108731,21.117623,2023.0,0.7552902698516846,179
c2_001,2,-89.960253,21.154002,2023.0,0.6591600179672241,179
c2_002,2,-90.117623,21.133522033691406,2023.0,0.6285248398780823,179
c2_003,2,-90.07881927490234,21.09229278564453,2023.0,0.7665888071060181,179
c2_004,2,-89.978847,21.15022850036621,2023.0,0.6582484245300293,179
c2_005,2,-90.089329,21.09364128112793,2023.0,0.7892523407936096,179
c2_006,2,-90.11412048339844,21.100377,2023.0,0.5577272772789001,179
c2_007,2,-90.106036,21.131635665893555,2023.0,0.7932791113853455,179
c2_008,2,-90.001213,21.145379,2023.0,0.7934958934783936,179
c2_009,2,-89.963217,21.183913,2023.0,0.7899137735366821,179
c2_010,2,-90.10226440429688,21.144301,2023.0,0.7878124117851257,179
c2_011,2,-89.958636,21.125438,2023.0,0.8013911247253418,179
c2_012,2,-90.097413,21.149959564208984,2023.0,0.8305896520614624,179
c2_013,2,-90.100647,21.106845,2023.0,0.6737457513809204,179
c2_014,2,-90.04594421386719,21.111156463623047,2023.0,0.5164046287536621,179
c2_015,2,-90.068849,21.102802276611328,2023.0,0.7720710635185242,179
c2_016,2,-90.118162,21.135947,2023.0,0.44621020555496216,179
c2_017,2,-89.96214294433594,21.120587,2023.0,0.7720637321472168,179
c2_018,2,-89.981541,21.148343,2023.0,0.5665097832679749,179
c2_019,2,-90.041364,21.101186,2023.0,0.780277669429779,179
c2_020,2,-90.082592,21.10064697265625,2023.0,0.6428351402282715,179
c2_021,2,-89.945163,21.161008,2023.0,0.7648978233337402,179
c2_022,2,-90.01280212402344,21.118162155151367,2023.0,0.6937748193740845,179
c2_023,2,-89.94165802001953,21.17879295349121,2023.0,0.6514007449150085,179
c2_024,2,-89.940043,21.179332,2023.0,0.6254554390907288,179
c2_025,2,-89.942199,21.169092178344727,2023.0,0.7000113725662231,179
c2_026,2,-90.04837036132812,21.15858268737793,2023.0,0.776746392250061,179
c2_027,2,-90.018189,21.155078887939453,2023.0,0.8065834641456604,179
c2_028,2,-90.018998,21.118701,2023.0,0.6489623785018921,179
c2_029,2,-89.960253,21.166936,2023.0,0.8178213238716125,179
c2_030,2,-90.08636474609375,21.13918113708496,2023.0,0.7762132883071899,179
c2_031,2,-90.006871,21.167745,2023.0,0.8300670385360718,179
c2_032,2,-89.9599838256836,21.15750503540039,2023.0,0.5954594612121582,179
c2_033,2,-90.052412,21.115737,2023.0,0.7719816565513611,179
c2_034,2,-90.075586,21.099569,2023.0,0.7020266056060791,179
c2_035,2,-90.108731,21.095796,2023.0,0.5243347883224487,179
c2_036,2,-90.026543,21.155078887939453,2023.0,0.8147725462913513,179
c2_037,2,-90.006871,21.131097,2023.0,0.767937183380127,179
c2_038,2,-90.080167,21.099838256835938,2023.0,0.7012912034988403,179
c2_039,2,-89.947588,21.136486053466797,2023.0,0.7516518831253052,179
c2_040,2,-90.061304,21.10468864440918,2023.0,0.7177865505218506,179
c2_041,2,-90.075856,21.134868621826172,2023.0,0.5945814847946167,179
c2_042,2,-89.99959564208984,21.12004852294922,2023.0,0.7040708065032959,179
c2_043,2,-90.101725,21.08043670654297,2023.0,0.7429907321929932,179
c2_044,2,-90.026004,21.113851,2023.0,0.8036906123161316,179
c2_045,2,-90.118162,21.129209518432617,2023.0,0.7681984305381775,179
c2_046,2,-89.94139099121094,21.172056198120117,2023.0,0.7752863764762878,179
c2_047,2,-89.969685,21.1402587890625,2023.0,0.7809463739395142,179
c2_048,2,-90.1038818359375,21.095527,2023.0,0.5219969153404236,179
c2_049,2,-89.99231719970703,21.149690628051758,2023.0,0.6671876907348633,179
c2_050,2,-89.950822,21.121396,2023.0,0.7622402310371399,179
c3_045,3,-89.992859,21.161815643310547,2023.0,0.025970086455345154,179
c3_003,3,-90.034357,21.15858268737793,2023.0,0.25115418434143066,179
c3_026,3,-89.986931,21.149959564208984,2023.0,0.8407728672027588,179
c3_008,3,-90.084209,21.151576,2023.0,0.4771726727485657,179
c3_017,3,-89.970493,21.159929275512695,2023.0,0.49298450350761414,179
c3_004,3,-89.982619,21.180679,2023.0,0.6176299452781677,179
c3_040,3,-89.9742660522461,21.185529708862305,2023.0,0.8404333591461182,179
c3_024,3,-89.97722625732422,21.183913,2023.0,0.7029494047164917,179
c3_013,3,-89.995823,21.13837242126465,2023.0,0.8095280528068542,179
c3_018,3,-90.062113,21.107114,2023.0,0.7960183620452881,179
c3_007,3,-90.088521,21.146995,2023.0,0.47355514764785767,179
c3_014,3,-89.951361,21.199003219604492,2023.0,-0.01055658608675003,179
c3_042,3,-89.950283,21.199003219604492,2023.0,0.21149472892284393,179
c3_029,3,-90.000135,21.137563705444336,2023.0,0.7247093915939331,179
c3_005,3,-90.003638,21.111964,2023.0,0.7283051013946533,179
c3_022,3,-90.005524,21.112503051757812,2023.0,0.6936879754066467,179
c3_002,3,-89.953786,21.197656,2023.0,0.5776335597038269,179
c3_015,3,-89.940852,21.162086486816406,2023.0,0.7350543141365051,179
c3_020,3,-90.016842,21.116006,2023.0,0.785952091217041,179
c3_027,3,-89.982619,21.149421,2023.0,0.4500184655189514,179
c3_030,3,-89.942738,21.1674747467041,2023.0,0.6621392965316772,179
c3_050,3,-89.941929,21.168553,2023.0,0.45230257511138916,179
c3_009,3,-89.986392,21.149959564208984,2023.0,0.8192266225814819,179
c3_033,3,-90.039208,21.102802276611328,2023.0,0.7401569485664368,179
c3_038,3,-89.976152,21.169361114501953,2023.0,0.6731241941452026,179
c3_023,3,-89.97183990478516,21.169361114501953,2023.0,0.6698522567749023,179
c3_032,3,-90.00040435791016,21.138642,2023.0,0.6745886206626892,179
c3_046,3,-89.994476,21.137832641601562,2023.0,0.5886538028717041,179
c3_025,3,-89.947049,21.157235,2023.0,0.6943675875663757,179
c3_028,3,-89.976421,21.165858,2023.0,0.7175328135490417,179
c3_036,3,-89.95189666748047,21.162894,2023.0,0.5343685746192932,179
c3_021,3,-90.007141,21.131635665893555,2023.0,0.7367146015167236,179
c3_035,3,-90.000943,21.144569396972656,2023.0,0.6527106165885925,179
c3_037,3,-89.97183990478516,21.162086486816406,2023.0,0.7262654900550842,179
c3_039,3,-89.976691,21.168283462524414,2023.0,0.6397383213043213,179
c3_041,3,-89.973996,21.137563705444336,2023.0,0.6302801370620728,179
c3_034,3,-90.041364,21.1402587890625,2023.0,0.620120644569397,179
c3_047,3,-90.028698,21.126246,2023.0,0.676605761051178,179
c3_048,3,-90.030315,21.124359130859375,2023.0,0.7002798318862915,179
c3_011,3,-90.035974,21.099299,2023.0,0.7083145976066589,179
c3_001,3,-90.080437,21.100377,2023.0,0.4591372609138489,179
c3_006,3,-89.94677734375,21.202237,2023.0,0.44584131240844727,179
c3_019,3,-89.958367,21.172056198120117,2023.0,0.8461543321609497,179
c3_031,3,-90.00740814208984,21.113042,2023.0,0.73710697889328,179
c3_010,3,-90.01252746582031,21.114659,2023.0,0.8036623597145081,179
c3_012,3,-90.00768280029297,21.114389419555664,2023.0,0.6797465085983276,179
c3_016,3,-90.045675,21.097951889038086,2023.0,0.5983598232269287,179
c3_043,3,-89.967259,21.189841,2023.0,0.8379697799682617,179
c3_044,3,-90.046214,21.097413,2023.0,0.7218316197395325,179
c3_049,3,-90.016033,21.116006,2023.0,0.7191495895385742,179
c4_001,4,-90.002021,21.168822,2023.0,0.7405600547790527,179
c4_002,4,-90.013878,21.166397094726562,2023.0,0.7670975923538208,179
c4_003,4,-90.040286,21.149421,2023.0,0.8234432935714722,179
c4_004,4,-89.94139099121094,21.181487,2023.0,0.7821741104125977,179
c4_005,4,-89.967529,21.183643341064453,2023.0,0.8032296299934387,179
c4_006,4,-89.943277,21.200620651245117,2023.0,0.7597447633743286,179
c4_007,4,-89.968068,21.171248,2023.0,0.7971352338790894,179
c4_008,4,-90.035705,21.15346336364746,2023.0,0.8299261927604675,179
c4_009,4,-89.967798,21.179332,2023.0,0.47198426723480225,179
c4_010,4,-89.949205,21.194961,2023.0,0.7506221532821655,179
c4_011,4,-89.943007,21.202506,2023.0,0.7339529991149902,179
c4_012,4,-89.945163,21.199811,2023.0,0.8762369751930237,179
c4_013,4,-89.972379,21.174481,2023.0,0.8897295594215393,179
c4_014,4,-90.041633,21.148612,2023.0,0.77962327003479,179
c4_015,4,-89.960792,21.190380096435547,2023.0,0.7830793261528015,179
c4_016,4,-89.958098,21.184452056884766,2023.0,0.8109822869300842,179
c4_017,4,-90.074239,21.133790969848633,2023.0,0.7759348750114441,179
c4_018,4,-89.950822,21.1922664642334,2023.0,0.8425963521003723,179
c4_019,4,-89.996901,21.149959564208984,2023.0,0.6567132472991943,179
c4_020,4,-89.960523,21.186338424682617,2023.0,0.8651763796806335,179
c4_021,4,-89.9465103149414,21.185529708862305,2023.0,0.43095195293426514,179
c4_022,4,-89.957828,21.185529708862305,2023.0,0.6878758668899536,179
c4_023,4,-90.035705,21.144301,2023.0,0.39829158782958984,179
c4_024,4,-90.022501,21.156966,2023.0,0.5320255756378174,179
c4_025,4,-89.981002,21.165319,2023.0,0.6927013993263245,179
c4_026,4,-90.027621,21.162355422973633,2023.0,0.8092424869537354,179
c4_027,4,-89.949475,21.19415283203125,2023.0,0.842430591583252,179
c4_028,4,-89.940852,21.201428,2023.0,0.708513081073761,179
c4_029,4,-89.961601,21.190919,2023.0,0.73564213514328,179
c4_030,4,-90.041364,21.151576,2023.0,0.8048626184463501,179
c4_031,4,-90.062382,21.153732299804688,2023.0,0.5566374659538269,179
c4_032,4,-89.944085,21.193883,2023.0,0.6953138709068298,179
c4_033,4,-89.981811,21.164511,2023.0,0.7956342697143555,179
c4_034,4,-89.940313,21.199811,2023.0,0.8030754327774048,179
c4_035,4,-90.072622,21.132714,2023.0,0.6537095308303833,179
c4_036,4,-89.942738,21.183643341064453,2023.0,0.5297625660896301,179
c4_037,4,-89.9742660522461,21.173673,2023.0,0.8192014694213867,179
c4_038,4,-89.966451,21.182565,2023.0,0.59413743019104,179
c4_039,4,-90.014147,21.163972,2023.0,0.4931298792362213,179
c4_040,4,-89.944355,21.201428,2023.0,0.7719449996948242,179
c4_041,4,-90.011183,21.148881912231445,2023.0,0.6856253147125244,179
c4_042,4,-90.071814,21.131635665893555,2023.0,0.7391716241836548,179
c4_043,4,-90.11438751220703,21.11061668395996,2023.0,0.7066450715065002,179
c4_044,4,-89.956481,21.189302444458008,2023.0,0.7597365379333496,179
c4_045,4,-90.036513,21.153732299804688,2023.0,0.8569768071174622,179
c4_046,4,-89.98235321044922,21.169092178344727,2023.0,0.8131875395774841,179
c4_047,4,-89.992859,21.172864,2023.0,0.563483476638794,179
c4_048,4,-89.948127,21.191457748413086,2023.0,0.8528163433074951,179
c4_049,4,-90.1195068359375,21.108461380004883,2023.0,0.6786575317382812,179
c4_050,4,-90.094718,21.12301254272461,2023.0,0.6735209822654724,179
c5_045,5,-90.018998,21.166128158569336,2023.0,0.7241957783699036,179
c5_008,5,-90.034357,21.155618,2023.0,0.8291842341423035,179
c5_010,5,-89.957289,21.163703,2023.0,0.5477063655853271,179
c5_011,5,-90.004985,21.156696319580078,2023.0,0.7555103302001953,179
c5_012,5,-90.066424,21.154809951782227,2023.0,0.6311318278312683,179
c5_014,5,-90.006871,21.155887603759766,2023.0,0.6417067646980286,179
c5_016,5,-90.002829,21.15642738342285,2023.0,0.824141800403595,179
c5_022,5,-90.044597,21.154809951782227,2023.0,0.8282951712608337,179
c5_024,5,-89.995284,21.15642738342285,2023.0,0.6435965299606323,179
c5_003,5,-90.056993,21.154541015625,2023.0,0.5609003901481628,179
c5_013,5,-90.020614,21.157235,2023.0,0.7499000430107117,179
c5_020,5,-90.027621,21.156966,2023.0,0.7676995396614075,179
c5_025,5,-90.03301239013672,21.15966033935547,2023.0,0.21803829073905945,179
c5_034,5,-90.012261,21.166397094726562,2023.0,0.695984959602356,179
c5_040,5,-90.069658,21.154541015625,2023.0,0.6337698101997375,179
c5_041,5,-89.998787,21.156156539916992,2023.0,0.6545050144195557,179
c5_043,5,-90.113042,21.13729476928711,2023.0,0.6745561361312866,179
c5_002,5,-90.042172,21.156156539916992,2023.0,0.7525998950004578,179
c5_004,5,-90.034088,21.156966,2023.0,0.598239004611969,179
c5_001,5,-89.996093,21.155887603759766,2023.0,0.7343280911445618,179
c5_006,5,-90.035435,21.154809951782227,2023.0,0.8458768725395203,179
c5_015,5,-89.942738,21.172864,2023.0,0.5690514445304871,179
c5_018,5,-90.0685806274414,21.152385,2023.0,0.4175240099430084,179
c5_026,5,-89.998248,21.172326,2023.0,0.4910532236099243,179
c5_033,5,-90.01980590820312,21.156966,2023.0,0.855700671672821,179
c5_036,5,-90.041902,21.15750503540039,2023.0,0.808401346206665,179
c5_039,5,-90.060496,21.15642738342285,2023.0,0.7798264622688293,179
c5_005,5,-90.041633,21.159929275512695,2023.0,0.8193591237068176,179
c5_009,5,-90.038938,21.154271,2023.0,0.8391414284706116,179
c5_019,5,-90.057262,21.155349,2023.0,0.6183650493621826,179
c5_021,5,-90.089598,21.148073196411133,2023.0,0.46754974126815796,179
c5_030,5,-90.071814,21.151845932006836,2023.0,0.5210049152374268,179
c5_031,5,-90.003099,21.155618,2023.0,0.8150637745857239,179
c5_035,5,-90.095527,21.151845932006836,2023.0,0.5671412348747253,179
c5_037,5,-89.996632,21.160469,2023.0,0.8391687273979187,179
c5_023,5,-89.978038,21.180139541625977,2023.0,0.65311199426651,179
c5_017,5,-90.040555,21.145917892456055,2023.0,0.6808038949966431,179
c5_027,5,-90.08879089355469,21.150768280029297,2023.0,0.7769063711166382,179
c5_047,5,-90.001213,21.154541015625,2023.0,0.803189218044281,179
c5_048,5,-90.028429,21.156696319580078,2023.0,0.7814236879348755,179
c5_029,5,-90.090407,21.149421,2023.0,0.5250319838523865,179
c5_032,5,-90.079359,21.150768280029297,2023.0,0.3705471158027649,179
c5_038,5,-90.04082489013672,21.156966,2023.0,0.8113986849784851,179
c5_046,5,-90.067233,21.152114868164062,2023.0,0.6467944383621216,179
c5_028,5,-90.095527,21.150499,2023.0,0.7487577199935913,179
c5_044,5,-89.973188,21.183374404907227,2023.0,0.656859278678894,179
c5_042,5,-90.08124542236328,21.149421,2023.0,0.5701219439506531,179
c5_007,5,-90.021962,21.143491744995117,2023.0,0.4146142303943634,179
c10_001,3,-90.028968,21.158313,2023.0,0.5581255555152893,179
c10_005,3,-89.954594,21.163972,2023.0,0.5769224166870117,179
c10_002,3,-90.033549,21.15858268737793,2023.0,0.3483397960662842,179
c10_003,3,-90.030046,21.158044,2023.0,0.6200262904167175,179
c10_004,3,-90.029507,21.157773971557617,2023.0,0.5772724151611328,179
c10_006,3,-90.03301239013672,21.159122467041016,2023.0,0.5438613891601562,179
c10_007,3,-90.03301239013672,21.158044,2023.0,0.43953630328178406,179
c10_009,3,-90.032741,21.15858268737793,2023.0,0.5537096261978149,179
c10_010,3,-90.030585,21.158044,2023.0,0.23538866639137268,179
c10_008,3,-89.95405578613281,21.163972,2023.0,0.5069579482078552,179
c1_051,1,-90.064538,21.118162155151367,2023.0,0.5903382897377014,179
c1_052,1,-90.05322265625,21.112234115600586,2023.0,0.6494817137718201,179
c1_053,1,-90.068041,21.142953,2023.0,0.726573646068573,179
c1_054,1,-90.00040435791016,21.124359130859375,2023.0,0.6648570895195007,179
c1_055,1,-90.049178,21.1402587890625,2023.0,0.7315654754638672,179
c2_051,2,-90.111695,21.123821258544922,2023.0,0.5455438494682312,179
c2_052,2,-90.02277374267578,21.139720916748047,2023.0,0.7163102030754089,179
c2_053,2,-89.941929,21.138911,2023.0,0.8261557221412659,179
c2_054,2,-89.950013,21.130019,2023.0,0.7840957045555115,179
c2_055,2,-90.106306,21.128941,2023.0,0.5800079703330994,179
c3_062,3,-90.086634,21.149690628051758,2023.0,0.3905010223388672,179
c3_051,3,-90.010914,21.144301,2023.0,0.8044511079788208,179
c3_055,3,-90.079359,21.150499,2023.0,0.34598299860954285,179
c3_058,3,-90.000943,21.171248,2023.0,0.5263597369194031,179
c3_052,3,-90.094179,21.114929,2023.0,0.6745094060897827,179
c3_059,3,-90.039208,21.1402587890625,2023.0,0.6868987679481506,179
c3_053,3,-90.013608,21.152114868164062,2023.0,0.8305714130401611,179
c3_060,3,-89.958906,21.12489891052246,2023.0,0.8273481130599976,179
c3_057,3,-90.058071,21.159929275512695,2023.0,0.6343272924423218,179
c3_061,3,-89.973457,21.138911,2023.0,0.6908480525016785,179
c3_064,3,-89.989625,21.149959564208984,2023.0,0.6516152024269104,179
c3_063,3,-90.030046,21.125707,2023.0,0.7161388397216797,179
c3_065,3,-89.972379,21.162086486816406,2023.0,0.7922585010528564,179
c3_054,3,-90.029237,21.101455,2023.0,0.7438150644302368,179
c3_056,3,-90.008758,21.114120483398438,2023.0,0.7184115052223206,179
c4_051,4,-89.958906,21.191997,2023.0,0.7406283020973206,179
c4_052,4,-89.957828,21.178254,2023.0,0.593645453453064,179
c4_053,4,-89.994476,21.172864,2023.0,0.6989911198616028,179
c4_054,4,-89.994745,21.168822,2023.0,0.7947270274162292,179
c4_055,4,-90.0025634765625,21.169631,2023.0,0.7427656054496765,179
c1_001,1,-90.056184,21.12301254272461,2024.0,0.7958365678787231,105
c1_002,1,-89.984506,21.126246,2024.0,0.8526742458343506,105
c1_003,1,-90.070197,21.140798,2024.0,0.7687493562698364,105
c1_004,1,-90.057801,21.145648,2024.0,0.7864091992378235,105
c1_005,1,-90.024926,21.145379,2024.0,0.6951274871826172,105
c1_006,1,-89.979386,21.130288,2024.0,0.7108100056648254,105
c1_007,1,-90.08636474609375,21.137025,2024.0,0.8355432152748108,105
c1_008,1,-89.952169,21.14322280883789,2024.0,0.7819522023200989,105
c1_009,1,-90.055106,21.138911,2024.0,0.6631540656089783,105
c1_010,1,-89.945702,21.14322280883789,2024.0,0.7213525772094727,105
c1_011,1,-89.958098,21.149151,2024.0,0.8051644563674927,105
c1_012,1,-90.036783,21.117354,2024.0,0.7883862853050232,105
c1_013,1,-90.113042,21.085018157958984,2024.0,0.7880839705467224,105
c1_014,1,-89.944085,21.154002,2024.0,0.8096532821655273,105
c1_015,1,-90.065885,21.113581,2024.0,0.7093175649642944,105
c1_016,1,-90.064538,21.121126174926758,2024.0,0.7682443857192993,105
c1_017,1,-90.01280212402344,21.122474,2024.0,0.7223103046417236,105
c1_018,1,-90.013608,21.150499,2024.0,0.8035876750946045,105
c1_019,1,-90.075856,21.141876220703125,2024.0,0.8146239519119263,105
c1_020,1,-90.063729,21.119510650634766,2024.0,0.7632917761802673,105
c1_021,1,-90.112234,21.128671646118164,2024.0,0.700985848903656,105
c1_022,1,-89.970224,21.131635665893555,2024.0,0.511517345905304,105
c1_023,1,-90.049448,21.111425399780273,2024.0,0.712578535079956,105
c1_024,1,-90.076933,21.135408401489258,2024.0,0.6537473201751709,105
c1_025,1,-90.09391021728516,21.143762,2024.0,0.7819434404373169,105
c1_026,1,-89.940852,21.145917892456055,2024.0,0.7848211526870728,105
c1_027,1,-89.945163,21.154002,2024.0,0.7656407952308655,105
c1_028,1,-90.098491,21.127324,2024.0,0.7907931804656982,105
c1_029,1,-90.003368,21.149421,2024.0,0.710936427116394,105
c1_030,1,-89.972918,21.124629,2024.0,0.5430173873901367,105
c1_031,1,-90.003907,21.124359130859375,2024.0,0.7222604751586914,105
c1_032,1,-90.066694,21.0987606048584,2024.0,0.7218853235244751,105
c1_033,1,-89.994745,21.123552322387695,2024.0,0.6843953132629395,105
c1_034,1,-90.08879089355469,21.142953,2024.0,0.8177539110183716,105
c1_035,1,-90.063191,21.110887,2024.0,0.7175519466400146,105
c1_036,1,-89.960523,21.137563705444336,2024.0,0.801489531993866,105
c1_037,1,-90.094179,21.093371,2024.0,0.7251706719398499,105
c1_038,1,-90.0025634765625,21.122743,2024.0,0.7342845797538757,105
c1_039,1,-90.051334,21.132714,2024.0,0.7194150686264038,105
c1_040,1,-90.066694,21.13837242126465,2024.0,0.7819175124168396,105
c1_041,1,-90.116815,21.0882511138916,2024.0,0.6881347298622131,105
c1_042,1,-90.057801,21.148612,2024.0,0.8430643677711487,105
c1_043,1,-90.080706,21.141876220703125,2024.0,0.7809741497039795,105
c1_044,1,-89.947319,21.188493728637695,2024.0,0.7856731414794922,105
c1_045,1,-89.981811,21.124091,2024.0,0.7785781025886536,105
c1_046,1,-90.058879,21.128671646118164,2024.0,0.7602182626724243,105
c1_047,1,-90.075317,21.10361099243164,2024.0,0.7653967142105103,105
c1_048,1,-90.003638,21.150768280029297,2024.0,0.7098580598831177,105
c1_049,1,-90.026543,21.122743,2024.0,0.772631049156189,105
c1_050,1,-90.108731,21.117623,2024.0,0.713819146156311,105
c2_001,2,-89.960253,21.154002,2024.0,0.5712267756462097,105
c2_002,2,-90.117623,21.133522033691406,2024.0,0.7048783898353577,105
c2_003,2,-90.07881927490234,21.09229278564453,2024.0,0.7505486607551575,105
c2_004,2,-89.978847,21.15022850036621,2024.0,0.6751160025596619,105
c2_005,2,-90.089329,21.09364128112793,2024.0,0.763403058052063,105
c2_006,2,-90.11412048339844,21.100377,2024.0,0.5788103342056274,105
c2_007,2,-90.106036,21.131635665893555,2024.0,0.8071543574333191,105
c2_008,2,-90.001213,21.145379,2024.0,0.8113715648651123,105
c2_009,2,-89.963217,21.183913,2024.0,0.7956495881080627,105
c2_010,2,-90.10226440429688,21.144301,2024.0,0.8119716644287109,105
c2_011,2,-89.958636,21.125438,2024.0,0.7930055260658264,105
c2_012,2,-90.097413,21.149959564208984,2024.0,0.8344855904579163,105
c2_013,2,-90.100647,21.106845,2024.0,0.6681804060935974,105
c2_014,2,-90.04594421386719,21.111156463623047,2024.0,0.5755264759063721,105
c2_015,2,-90.068849,21.102802276611328,2024.0,0.770693838596344,105
c2_016,2,-90.118162,21.135947,2024.0,0.5210661292076111,105
c2_017,2,-89.96214294433594,21.120587,2024.0,0.775205135345459,105
c2_018,2,-89.981541,21.148343,2024.0,0.5159762501716614,105
c2_019,2,-90.041364,21.101186,2024.0,0.7606324553489685,105
c2_020,2,-90.082592,21.10064697265625,2024.0,0.6913848519325256,105
c2_021,2,-89.945163,21.161008,2024.0,0.7648011445999146,105
c2_022,2,-90.01280212402344,21.118162155151367,2024.0,0.7014320492744446,105
c2_023,2,-89.94165802001953,21.17879295349121,2024.0,0.6362878084182739,105
c2_024,2,-89.940043,21.179332,2024.0,0.6419607400894165,105
c2_025,2,-89.942199,21.169092178344727,2024.0,0.7050564289093018,105
c2_026,2,-90.04837036132812,21.15858268737793,2024.0,0.7898706793785095,105
c2_027,2,-90.018189,21.155078887939453,2024.0,0.7984254956245422,105
c2_028,2,-90.018998,21.118701,2024.0,0.6813363432884216,105
c2_029,2,-89.960253,21.166936,2024.0,0.8097275495529175,105
c2_030,2,-90.08636474609375,21.13918113708496,2024.0,0.8077272176742554,105
c2_031,2,-90.006871,21.167745,2024.0,0.8268775939941406,105
c2_032,2,-89.9599838256836,21.15750503540039,2024.0,0.5946186184883118,105
c2_033,2,-90.052412,21.115737,2024.0,0.7770969867706299,105
c2_034,2,-90.075586,21.099569,2024.0,0.6953893303871155,105
c2_035,2,-90.108731,21.095796,2024.0,0.5793468356132507,105
c2_036,2,-90.026543,21.155078887939453,2024.0,0.8050723075866699,105
c2_037,2,-90.006871,21.131097,2024.0,0.759672224521637,105
c2_038,2,-90.080167,21.099838256835938,2024.0,0.7129388451576233,105
c2_039,2,-89.947588,21.136486053466797,2024.0,0.7345399260520935,105
c2_040,2,-90.061304,21.10468864440918,2024.0,0.7231373190879822,105
c2_041,2,-90.075856,21.134868621826172,2024.0,0.6286987066268921,105
c2_042,2,-89.99959564208984,21.12004852294922,2024.0,0.722838819026947,105
c2_043,2,-90.101725,21.08043670654297,2024.0,0.7497482299804688,105
c2_044,2,-90.026004,21.113851,2024.0,0.793105959892273,105
c2_045,2,-90.118162,21.129209518432617,2024.0,0.7918626070022583,105
c2_046,2,-89.94139099121094,21.172056198120117,2024.0,0.787886381149292,105
c2_047,2,-89.969685,21.1402587890625,2024.0,0.7647291421890259,105
c2_048,2,-90.1038818359375,21.095527,2024.0,0.5857025384902954,105
c2_049,2,-89.99231719970703,21.149690628051758,2024.0,0.6858828663825989,105
c2_050,2,-89.950822,21.121396,2024.0,0.7513979077339172,105
c3_045,3,-89.992859,21.161815643310547,2024.0,0.16241419315338135,105
c3_003,3,-90.034357,21.15858268737793,2024.0,0.3121906816959381,105
c3_026,3,-89.986931,21.149959564208984,2024.0,0.8307843804359436,105
c3_008,3,-90.084209,21.151576,2024.0,0.5343688130378723,105
c3_017,3,-89.970493,21.159929275512695,2024.0,0.4708327651023865,105
c3_004,3,-89.982619,21.180679,2024.0,0.5911455154418945,105
c3_040,3,-89.9742660522461,21.185529708862305,2024.0,0.8199464082717896,105
c3_024,3,-89.97722625732422,21.183913,2024.0,0.679119348526001,105
c3_013,3,-89.995823,21.13837242126465,2024.0,0.8136506080627441,105
c3_018,3,-90.062113,21.107114,2024.0,0.7921949625015259,105
c3_007,3,-90.088521,21.146995,2024.0,0.6081912517547607,105
c3_014,3,-89.951361,21.199003219604492,2024.0,-0.17223931849002838,105
c3_042,3,-89.950283,21.199003219604492,2024.0,0.246783047914505,105
c3_029,3,-90.000135,21.137563705444336,2024.0,0.6888298988342285,105
c3_005,3,-90.003638,21.111964,2024.0,0.7303996682167053,105
c3_022,3,-90.005524,21.112503051757812,2024.0,0.6921536326408386,105
c3_002,3,-89.953786,21.197656,2024.0,0.5595791339874268,105
c3_015,3,-89.940852,21.162086486816406,2024.0,0.713143527507782,105
c3_020,3,-90.016842,21.116006,2024.0,0.7396562695503235,105
c3_027,3,-89.982619,21.149421,2024.0,0.37683242559432983,105
c3_030,3,-89.942738,21.1674747467041,2024.0,0.6332399249076843,105
c3_050,3,-89.941929,21.168553,2024.0,0.40405207872390747,105
c3_009,3,-89.986392,21.149959564208984,2024.0,0.8064594864845276,105
c3_033,3,-90.039208,21.102802276611328,2024.0,0.7154117822647095,105
c3_038,3,-89.976152,21.169361114501953,2024.0,0.6375544667243958,105
c3_023,3,-89.97183990478516,21.169361114501953,2024.0,0.620398759841919,105
c3_032,3,-90.00040435791016,21.138642,2024.0,0.7044139504432678,105
c3_046,3,-89.994476,21.137832641601562,2024.0,0.5556907057762146,105
c3_025,3,-89.947049,21.157235,2024.0,0.6766833066940308,105
c3_028,3,-89.976421,21.165858,2024.0,0.7111007571220398,105
c3_036,3,-89.95189666748047,21.162894,2024.0,0.5526822805404663,105
c3_021,3,-90.007141,21.131635665893555,2024.0,0.7177034020423889,105
c3_035,3,-90.000943,21.144569396972656,2024.0,0.6179313063621521,105
c3_037,3,-89.97183990478516,21.162086486816406,2024.0,0.7085976004600525,105
c3_039,3,-89.976691,21.168283462524414,2024.0,0.623008668422699,105
c3_041,3,-89.973996,21.137563705444336,2024.0,0.622108519077301,105
c3_034,3,-90.041364,21.1402587890625,2024.0,0.6555055975914001,105
c3_047,3,-90.028698,21.126246,2024.0,0.6924598813056946,105
c3_048,3,-90.030315,21.124359130859375,2024.0,0.7009721994400024,105
c3_011,3,-90.035974,21.099299,2024.0,0.7044347524642944,105
c3_001,3,-90.080437,21.100377,2024.0,0.553434431552887,105
c3_006,3,-89.94677734375,21.202237,2024.0,0.27784430980682373,105
c3_019,3,-89.958367,21.172056198120117,2024.0,0.8326160311698914,105
c3_031,3,-90.00740814208984,21.113042,2024.0,0.7002125978469849,105
c3_010,3,-90.01252746582031,21.114659,2024.0,0.8060713410377502,105
c3_012,3,-90.00768280029297,21.114389419555664,2024.0,0.674769937992096,105
c3_016,3,-90.045675,21.097951889038086,2024.0,0.5755628943443298,105
c3_043,3,-89.967259,21.189841,2024.0,0.8173807859420776,105
c3_044,3,-90.046214,21.097413,2024.0,0.6977779269218445,105
c3_049,3,-90.016033,21.116006,2024.0,0.7174933552742004,105
c4_001,4,-90.002021,21.168822,2024.0,0.6906948685646057,105
c4_002,4,-90.013878,21.166397094726562,2024.0,0.821457028388977,105
c4_003,4,-90.040286,21.149421,2024.0,0.8143443465232849,105
c4_004,4,-89.94139099121094,21.181487,2024.0,0.7665828466415405,105
c4_005,4,-89.967529,21.183643341064453,2024.0,0.8151404857635498,105
c4_006,4,-89.943277,21.200620651245117,2024.0,0.7273480892181396,105
c4_007,4,-89.968068,21.171248,2024.0,0.7902510166168213,105
c4_008,4,-90.035705,21.15346336364746,2024.0,0.8371514678001404,105
c4_009,4,-89.967798,21.179332,2024.0,0.4582550823688507,105
c4_010,4,-89.949205,21.194961,2024.0,0.6771157383918762,105
c4_011,4,-89.943007,21.202506,2024.0,0.739102303981781,105
c4_012,4,-89.945163,21.199811,2024.0,0.861994206905365,105
c4_013,4,-89.972379,21.174481,2024.0,0.8721376657485962,105
c4_014,4,-90.041633,21.148612,2024.0,0.774118185043335,105
c4_015,4,-89.960792,21.190380096435547,2024.0,0.775761604309082,105
c4_016,4,-89.958098,21.184452056884766,2024.0,0.8112742304801941,105
c4_017,4,-90.074239,21.133790969848633,2024.0,0.7593581080436707,105
c4_018,4,-89.950822,21.1922664642334,2024.0,0.8520264625549316,105
c4_019,4,-89.996901,21.149959564208984,2024.0,0.637320876121521,105
c4_020,4,-89.960523,21.186338424682617,2024.0,0.8626072406768799,105
c4_021,4,-89.9465103149414,21.185529708862305,2024.0,0.4084470272064209,105
c4_022,4,-89.957828,21.185529708862305,2024.0,0.6904914379119873,105
c4_023,4,-90.035705,21.144301,2024.0,0.35839176177978516,105
c4_024,4,-90.022501,21.156966,2024.0,0.5523310899734497,105
c4_025,4,-89.981002,21.165319,2024.0,0.724701464176178,105
c4_026,4,-90.027621,21.162355422973633,2024.0,0.8051560521125793,105
c4_027,4,-89.949475,21.19415283203125,2024.0,0.805841863155365,105
c4_028,4,-89.940852,21.201428,2024.0,0.6671308279037476,105
c4_029,4,-89.961601,21.190919,2024.0,0.7193651795387268,105
c4_030,4,-90.041364,21.151576,2024.0,0.8025962710380554,105
c4_031,4,-90.062382,21.153732299804688,2024.0,0.7034049034118652,105
c4_032,4,-89.944085,21.193883,2024.0,0.6409762501716614,105
c4_033,4,-89.981811,21.164511,2024.0,0.7968936562538147,105
c4_034,4,-89.940313,21.199811,2024.0,0.7921426296234131,105
c4_035,4,-90.072622,21.132714,2024.0,0.6553955674171448,105
c4_036,4,-89.942738,21.183643341064453,2024.0,0.4991137385368347,105
c4_037,4,-89.9742660522461,21.173673,2024.0,0.8268967270851135,105
c4_038,4,-89.966451,21.182565,2024.0,0.600616991519928,105
c4_039,4,-90.014147,21.163972,2024.0,0.5706244111061096,105
c4_040,4,-89.944355,21.201428,2024.0,0.7678067088127136,105
c4_041,4,-90.011183,21.148881912231445,2024.0,0.6863898038864136,105
c4_042,4,-90.071814,21.131635665893555,2024.0,0.7335310578346252,105
c4_043,4,-90.11438751220703,21.11061668395996,2024.0,0.7107880711555481,105
c4_044,4,-89.956481,21.189302444458008,2024.0,0.7806400656700134,105
c4_045,4,-90.036513,21.153732299804688,2024.0,0.8550947904586792,105
c4_046,4,-89.98235321044922,21.169092178344727,2024.0,0.8145220875740051,105
c4_047,4,-89.992859,21.172864,2024.0,0.5345234870910645,105
c4_048,4,-89.948127,21.191457748413086,2024.0,0.8502215147018433,105
c4_049,4,-90.1195068359375,21.108461380004883,2024.0,0.6805220246315002,105
c4_050,4,-90.094718,21.12301254272461,2024.0,0.6895489692687988,105
c5_045,5,-90.018998,21.166128158569336,2024.0,0.6459730267524719,105
c5_008,5,-90.034357,21.155618,2024.0,0.8242821097373962,105
c5_010,5,-89.957289,21.163703,2024.0,0.5368689894676208,105
c5_011,5,-90.004985,21.156696319580078,2024.0,0.7430604696273804,105
c5_012,5,-90.066424,21.154809951782227,2024.0,0.7832239270210266,105
c5_014,5,-90.006871,21.155887603759766,2024.0,0.650371789932251,105
c5_016,5,-90.002829,21.15642738342285,2024.0,0.8286957740783691,105
c5_022,5,-90.044597,21.154809951782227,2024.0,0.8517343997955322,105
c5_024,5,-89.995284,21.15642738342285,2024.0,0.6351932883262634,105
c5_003,5,-90.056993,21.154541015625,2024.0,0.7244070768356323,105
c5_013,5,-90.020614,21.157235,2024.0,0.7172626256942749,105
c5_020,5,-90.027621,21.156966,2024.0,0.7936335802078247,105
c5_025,5,-90.03301239013672,21.15966033935547,2024.0,0.2987179160118103,105
c5_034,5,-90.012261,21.166397094726562,2024.0,0.6635505557060242,105
c5_040,5,-90.069658,21.154541015625,2024.0,0.7926260232925415,105
c5_041,5,-89.998787,21.156156539916992,2024.0,0.7410428524017334,105
c5_043,5,-90.113042,21.13729476928711,2024.0,0.7651455998420715,105
c5_002,5,-90.042172,21.156156539916992,2024.0,0.8087852001190186,105
c5_004,5,-90.034088,21.156966,2024.0,0.6751632690429688,105
c5_001,5,-89.996093,21.155887603759766,2024.0,0.7151495218276978,105
c5_006,5,-90.035435,21.154809951782227,2024.0,0.8328281044960022,105
c5_015,5,-89.942738,21.172864,2024.0,0.5324206948280334,105
c5_018,5,-90.0685806274414,21.152385,2024.0,0.6036381721496582,105
c5_026,5,-89.998248,21.172326,2024.0,0.4799875020980835,105
c5_033,5,-90.01980590820312,21.156966,2024.0,0.8435594439506531,105
c5_036,5,-90.041902,21.15750503540039,2024.0,0.8478376269340515,105
c5_039,5,-90.060496,21.15642738342285,2024.0,0.8007941842079163,105
c5_005,5,-90.041633,21.159929275512695,2024.0,0.8138247132301331,105
c5_009,5,-90.038938,21.154271,2024.0,0.8465220332145691,105
c5_019,5,-90.057262,21.155349,2024.0,0.7528863549232483,105
c5_021,5,-90.089598,21.148073196411133,2024.0,0.5855620503425598,105
c5_030,5,-90.071814,21.151845932006836,2024.0,0.5733983516693115,105
c5_031,5,-90.003099,21.155618,2024.0,0.8300406336784363,105
c5_035,5,-90.095527,21.151845932006836,2024.0,0.6431586742401123,105
c5_037,5,-89.996632,21.160469,2024.0,0.8432126045227051,105
c5_023,5,-89.978038,21.180139541625977,2024.0,0.6451971530914307,105
c5_017,5,-90.040555,21.145917892456055,2024.0,0.6981543898582458,105
c5_027,5,-90.08879089355469,21.150768280029297,2024.0,0.8205323815345764,105
c5_047,5,-90.001213,21.154541015625,2024.0,0.8283489346504211,105
c5_048,5,-90.028429,21.156696319580078,2024.0,0.7747805118560791,105
c5_029,5,-90.090407,21.149421,2024.0,0.6378400921821594,105
c5_032,5,-90.079359,21.150768280029297,2024.0,0.4421806037425995,105
c5_038,5,-90.04082489013672,21.156966,2024.0,0.8196939826011658,105
c5_046,5,-90.067233,21.152114868164062,2024.0,0.7012876868247986,105
c5_028,5,-90.095527,21.150499,2024.0,0.8120267391204834,105
c5_044,5,-89.973188,21.183374404907227,2024.0,0.6260104179382324,105
c5_042,5,-90.08124542236328,21.149421,2024.0,0.6884885430335999,105
c5_007,5,-90.021962,21.143491744995117,2024.0,0.4001879096031189,105
c10_001,3,-90.028968,21.158313,2024.0,0.6376238465309143,105
c10_005,3,-89.954594,21.163972,2024.0,0.5388616919517517,105
c10_002,3,-90.033549,21.15858268737793,2024.0,0.457062691450119,105
c10_003,3,-90.030046,21.158044,2024.0,0.704132616519928,105
c10_004,3,-90.029507,21.157773971557617,2024.0,0.686314582824707,105
c10_006,3,-90.03301239013672,21.159122467041016,2024.0,0.6617191433906555,105
c10_007,3,-90.03301239013672,21.158044,2024.0,0.5484464168548584,105
c10_009,3,-90.032741,21.15858268737793,2024.0,0.6815774440765381,105
c10_010,3,-90.030585,21.158044,2024.0,0.21266081929206848,105
c10_008,3,-89.95405578613281,21.163972,2024.0,0.4230330288410187,105
c1_051,1,-90.064538,21.118162155151367,2024.0,0.7191294431686401,105
c1_052,1,-90.05322265625,21.112234115600586,2024.0,0.7078887224197388,105
c1_053,1,-90.068041,21.142953,2024.0,0.7669268846511841,105
c1_054,1,-90.00040435791016,21.124359130859375,2024.0,0.7003732323646545,105
c1_055,1,-90.049178,21.1402587890625,2024.0,0.733368456363678,105
c2_051,2,-90.111695,21.123821258544922,2024.0,0.6341753005981445,105
c2_052,2,-90.02277374267578,21.139720916748047,2024.0,0.7213478088378906,105
c2_053,2,-89.941929,21.138911,2024.0,0.8168141841888428,105
c2_054,2,-89.950013,21.130019,2024.0,0.7617884874343872,105
c2_055,2,-90.106306,21.128941,2024.0,0.6120309829711914,105
c3_062,3,-90.086634,21.149690628051758,2024.0,0.5766753554344177,105
c3_051,3,-90.010914,21.144301,2024.0,0.8108192086219788,105
c3_055,3,-90.079359,21.150499,2024.0,0.40099090337753296,105
c3_058,3,-90.000943,21.171248,2024.0,0.5365089178085327,105
c3_052,3,-90.094179,21.114929,2024.0,0.624011754989624,105
c3_059,3,-90.039208,21.1402587890625,2024.0,0.6633064150810242,105
c3_053,3,-90.013608,21.152114868164062,2024.0,0.8270986676216125,105
c3_060,3,-89.958906,21.12489891052246,2024.0,0.831632673740387,105
c3_057,3,-90.058071,21.159929275512695,2024.0,0.6220480799674988,105
c3_061,3,-89.973457,21.138911,2024.0,0.6647985577583313,105
c3_064,3,-89.989625,21.149959564208984,2024.0,0.6410714387893677,105
c3_063,3,-90.030046,21.125707,2024.0,0.719344437122345,105
c3_065,3,-89.972379,21.162086486816406,2024.0,0.7787285447120667,105
c3_054,3,-90.029237,21.101455,2024.0,0.7104925513267517,105
c3_056,3,-90.008758,21.114120483398438,2024.0,0.7003838419914246,105
c4_051,4,-89.958906,21.191997,2024.0,0.7510833740234375,105
c4_052,4,-89.957828,21.178254,2024.0,0.5965144634246826,105
c4_053,4,-89.994476,21.172864,2024.0,0.6923153400421143,105
c4_054,4,-89.994745,21.168822,2024.0,0.741113543510437,105
c4_055,4,-90.0025634765625,21.169631,2024.0,0.76533043384552,105
c1_001,1,-90.056184,21.12301254272461,2025.0,0.7882897257804871,125
c1_002,1,-89.984506,21.126246,2025.0,0.8647097945213318,125
c1_003,1,-90.070197,21.140798,2025.0,0.681814432144165,125
c1_004,1,-90.057801,21.145648,2025.0,0.7524479031562805,125
c1_005,1,-90.024926,21.145379,2025.0,0.6666334271430969,125
c1_006,1,-89.979386,21.130288,2025.0,0.6840524077415466,125
c1_007,1,-90.08636474609375,21.137025,2025.0,0.7911825180053711,125
c1_008,1,-89.952169,21.14322280883789,2025.0,0.7749763131141663,125
c1_009,1,-90.055106,21.138911,2025.0,0.5999951958656311,125
c1_010,1,-89.945702,21.14322280883789,2025.0,0.6938548684120178,125
c1_011,1,-89.958098,21.149151,2025.0,0.7860935926437378,125
c1_012,1,-90.036783,21.117354,2025.0,0.8070071339607239,125
c1_013,1,-90.113042,21.085018157958984,2025.0,0.802460253238678,125
c1_014,1,-89.944085,21.154002,2025.0,0.8253459334373474,125
c1_015,1,-90.065885,21.113581,2025.0,0.657126784324646,125
c1_016,1,-90.064538,21.121126174926758,2025.0,0.71747887134552,125
c1_017,1,-90.01280212402344,21.122474,2025.0,0.7068601250648499,125
c1_018,1,-90.013608,21.150499,2025.0,0.7868055701255798,125
c1_019,1,-90.075856,21.141876220703125,2025.0,0.7831858396530151,125
c1_020,1,-90.063729,21.119510650634766,2025.0,0.690700888633728,125
c1_021,1,-90.112234,21.128671646118164,2025.0,0.689202606678009,125
c1_022,1,-89.970224,21.131635665893555,2025.0,0.28744691610336304,125
c1_023,1,-90.049448,21.111425399780273,2025.0,0.6895291209220886,125
c1_024,1,-90.076933,21.135408401489258,2025.0,0.5666754841804504,125
c1_025,1,-90.09391021728516,21.143762,2025.0,0.7590691447257996,125
c1_026,1,-89.940852,21.145917892456055,2025.0,0.7709358930587769,125
c1_027,1,-89.945163,21.154002,2025.0,0.7927560806274414,125
c1_028,1,-90.098491,21.127324,2025.0,0.7076389193534851,125
c1_029,1,-90.003368,21.149421,2025.0,0.6414538621902466,125
c1_030,1,-89.972918,21.124629,2025.0,0.6006737351417542,125
c1_031,1,-90.003907,21.124359130859375,2025.0,0.7256893515586853,125
c1_032,1,-90.066694,21.0987606048584,2025.0,0.7079551219940186,125
c1_033,1,-89.994745,21.123552322387695,2025.0,0.7046716809272766,125
c1_034,1,-90.08879089355469,21.142953,2025.0,0.8222065567970276,125
c1_035,1,-90.063191,21.110887,2025.0,0.6606932282447815,125
c1_036,1,-89.960523,21.137563705444336,2025.0,0.8119732737541199,125
c1_037,1,-90.094179,21.093371,2025.0,0.7098259329795837,125
c1_038,1,-90.0025634765625,21.122743,2025.0,0.739055335521698,125
c1_039,1,-90.051334,21.132714,2025.0,0.6973289251327515,125
c1_040,1,-90.066694,21.13837242126465,2025.0,0.7123101353645325,125
c1_041,1,-90.116815,21.0882511138916,2025.0,0.6627393960952759,125
c1_042,1,-90.057801,21.148612,2025.0,0.7982099652290344,125
c1_043,1,-90.080706,21.141876220703125,2025.0,0.7839704155921936,125
c1_044,1,-89.947319,21.188493728637695,2025.0,0.7559115886688232,125
c1_045,1,-89.981811,21.124091,2025.0,0.763493537902832,125
c1_046,1,-90.058879,21.128671646118164,2025.0,0.6891162991523743,125
c1_047,1,-90.075317,21.10361099243164,2025.0,0.7561725378036499,125
c1_048,1,-90.003638,21.150768280029297,2025.0,0.6505306959152222,125
c1_049,1,-90.026543,21.122743,2025.0,0.7544137835502625,125
c1_050,1,-90.108731,21.117623,2025.0,0.6773335933685303,125
c2_001,2,-89.960253,21.154002,2025.0,0.5507794618606567,125
c2_002,2,-90.117623,21.133522033691406,2025.0,0.6802265048027039,125
c2_003,2,-90.07881927490234,21.09229278564453,2025.0,0.7728443145751953,125
c2_004,2,-89.978847,21.15022850036621,2025.0,0.6817367672920227,125
c2_005,2,-90.089329,21.09364128112793,2025.0,0.7606781125068665,125
c2_006,2,-90.11412048339844,21.100377,2025.0,0.5927959680557251,125
c2_007,2,-90.106036,21.131635665893555,2025.0,0.7988600730895996,125
c2_008,2,-90.001213,21.145379,2025.0,0.7930409908294678,125
c2_009,2,-89.963217,21.183913,2025.0,0.7770314812660217,125
c2_010,2,-90.10226440429688,21.144301,2025.0,0.8133133053779602,125
c2_011,2,-89.958636,21.125438,2025.0,0.7877854108810425,125
c2_012,2,-90.097413,21.149959564208984,2025.0,0.8431175947189331,125
c2_013,2,-90.100647,21.106845,2025.0,0.6402694582939148,125
c2_014,2,-90.04594421386719,21.111156463623047,2025.0,0.5372437238693237,125
c2_015,2,-90.068849,21.102802276611328,2025.0,0.7570050954818726,125
c2_016,2,-90.118162,21.135947,2025.0,0.5199940204620361,125
c2_017,2,-89.96214294433594,21.120587,2025.0,0.7765967845916748,125
c2_018,2,-89.981541,21.148343,2025.0,0.47622421383857727,125
c2_019,2,-90.041364,21.101186,2025.0,0.7796797752380371,125
c2_020,2,-90.082592,21.10064697265625,2025.0,0.6447184085845947,125
c2_021,2,-89.945163,21.161008,2025.0,0.7934020757675171,125
c2_022,2,-90.01280212402344,21.118162155151367,2025.0,0.693670392036438,125
c2_023,2,-89.94165802001953,21.17879295349121,2025.0,0.6349595785140991,125
c2_024,2,-89.940043,21.179332,2025.0,0.6177343130111694,125
c2_025,2,-89.942199,21.169092178344727,2025.0,0.7157841324806213,125
c2_026,2,-90.04837036132812,21.15858268737793,2025.0,0.7526176571846008,125
c2_027,2,-90.018189,21.155078887939453,2025.0,0.8096714615821838,125
c2_028,2,-90.018998,21.118701,2025.0,0.6732404828071594,125
c2_029,2,-89.960253,21.166936,2025.0,0.8336778879165649,125
c2_030,2,-90.08636474609375,21.13918113708496,2025.0,0.7844270467758179,125
c2_031,2,-90.006871,21.167745,2025.0,0.8194268941879272,125
c2_032,2,-89.9599838256836,21.15750503540039,2025.0,0.6352120637893677,125
c2_033,2,-90.052412,21.115737,2025.0,0.779468297958374,125
c2_034,2,-90.075586,21.099569,2025.0,0.6937590837478638,125
c2_035,2,-90.108731,21.095796,2025.0,0.538560152053833,125
c2_036,2,-90.026543,21.155078887939453,2025.0,0.8037583827972412,125
c2_037,2,-90.006871,21.131097,2025.0,0.7414799332618713,125
c2_038,2,-90.080167,21.099838256835938,2025.0,0.7026337385177612,125
c2_039,2,-89.947588,21.136486053466797,2025.0,0.742690920829773,125
c2_040,2,-90.061304,21.10468864440918,2025.0,0.6927019357681274,125
c2_041,2,-90.075856,21.134868621826172,2025.0,0.5409517288208008,125
c2_042,2,-89.99959564208984,21.12004852294922,2025.0,0.6922698616981506,125
c2_043,2,-90.101725,21.08043670654297,2025.0,0.7147392630577087,125
c2_044,2,-90.026004,21.113851,2025.0,0.8193286061286926,125
c2_045,2,-90.118162,21.129209518432617,2025.0,0.7800173163414001,125
c2_046,2,-89.94139099121094,21.172056198120117,2025.0,0.7959073781967163,125
c2_047,2,-89.969685,21.1402587890625,2025.0,0.7712525129318237,125
c2_048,2,-90.1038818359375,21.095527,2025.0,0.5010359883308411,125
c2_049,2,-89.99231719970703,21.149690628051758,2025.0,0.6946038007736206,125
c2_050,2,-89.950822,21.121396,2025.0,0.7523092031478882,125
c3_045,3,-89.992859,21.161815643310547,2025.0,0.16842205822467804,125
c3_003,3,-90.034357,21.15858268737793,2025.0,0.3443373441696167,125
c3_026,3,-89.986931,21.149959564208984,2025.0,0.8495808839797974,125
c3_008,3,-90.084209,21.151576,2025.0,0.512755811214447,125
c3_017,3,-89.970493,21.159929275512695,2025.0,0.4732832610607147,125
c3_004,3,-89.982619,21.180679,2025.0,0.6063196659088135,125
c3_040,3,-89.9742660522461,21.185529708862305,2025.0,0.8381844758987427,125
c3_024,3,-89.97722625732422,21.183913,2025.0,0.6895567774772644,125
c3_013,3,-89.995823,21.13837242126465,2025.0,0.8148514628410339,125
c3_018,3,-90.062113,21.107114,2025.0,0.8025236129760742,125
c3_007,3,-90.088521,21.146995,2025.0,0.48678866028785706,125
c3_014,3,-89.951361,21.199003219604492,2025.0,0.06669600307941437,125
c3_042,3,-89.950283,21.199003219604492,2025.0,0.30600419640541077,125
c3_029,3,-90.000135,21.137563705444336,2025.0,0.55378657579422,125
c3_005,3,-90.003638,21.111964,2025.0,0.729331374168396,125
c3_022,3,-90.005524,21.112503051757812,2025.0,0.6803252100944519,125
c3_002,3,-89.953786,21.197656,2025.0,0.592045247554779,125
c3_015,3,-89.940852,21.162086486816406,2025.0,0.7328949570655823,125
c3_020,3,-90.016842,21.116006,2025.0,0.792582094669342,125
c3_027,3,-89.982619,21.149421,2025.0,0.3901054263114929,125
c3_030,3,-89.942738,21.1674747467041,2025.0,0.6496531367301941,125
c3_050,3,-89.941929,21.168553,2025.0,0.38028985261917114,125
c3_009,3,-89.986392,21.149959564208984,2025.0,0.8384576439857483,125
c3_033,3,-90.039208,21.102802276611328,2025.0,0.7085694670677185,125
c3_038,3,-89.976152,21.169361114501953,2025.0,0.6626092195510864,125
c3_023,3,-89.97183990478516,21.169361114501953,2025.0,0.639344334602356,125
c3_032,3,-90.00040435791016,21.138642,2025.0,0.6609219908714294,125
c3_046,3,-89.994476,21.137832641601562,2025.0,0.5145308971405029,125
c3_025,3,-89.947049,21.157235,2025.0,0.698482871055603,125
c3_028,3,-89.976421,21.165858,2025.0,0.7202664613723755,125
c3_036,3,-89.95189666748047,21.162894,2025.0,0.567255973815918,125
c3_021,3,-90.007141,21.131635665893555,2025.0,0.7213748693466187,125
c3_035,3,-90.000943,21.144569396972656,2025.0,0.603649914264679,125
c3_037,3,-89.97183990478516,21.162086486816406,2025.0,0.7216401100158691,125
c3_039,3,-89.976691,21.168283462524414,2025.0,0.6357730627059937,125
c3_041,3,-89.973996,21.137563705444336,2025.0,0.5958635210990906,125
c3_034,3,-90.041364,21.1402587890625,2025.0,0.6770748496055603,125
c3_047,3,-90.028698,21.126246,2025.0,0.6904132962226868,125
c3_048,3,-90.030315,21.124359130859375,2025.0,0.6708389520645142,125
c3_011,3,-90.035974,21.099299,2025.0,0.702363133430481,125
c3_001,3,-90.080437,21.100377,2025.0,0.4866953492164612,125
c3_006,3,-89.94677734375,21.202237,2025.0,0.3841416537761688,125
c3_019,3,-89.958367,21.172056198120117,2025.0,0.8581989407539368,125
c3_031,3,-90.00740814208984,21.113042,2025.0,0.737224280834198,125
c3_010,3,-90.01252746582031,21.114659,2025.0,0.8105745315551758,125
c3_012,3,-90.00768280029297,21.114389419555664,2025.0,0.674731969833374,125
c3_016,3,-90.045675,21.097951889038086,2025.0,0.5149635076522827,125
c3_043,3,-89.967259,21.189841,2025.0,0.833501935005188,125
c3_044,3,-90.046214,21.097413,2025.0,0.6751978397369385,125
c3_049,3,-90.016033,21.116006,2025.0,0.7321317791938782,125
c4_001,4,-90.002021,21.168822,2025.0,0.6755682826042175,125
c4_002,4,-90.013878,21.166397094726562,2025.0,0.831154465675354,125
c4_003,4,-90.040286,21.149421,2025.0,0.7905753254890442,125
c4_004,4,-89.94139099121094,21.181487,2025.0,0.7898777723312378,125
c4_005,4,-89.967529,21.183643341064453,2025.0,0.8060482740402222,125
c4_006,4,-89.943277,21.200620651245117,2025.0,0.7641335129737854,125
c4_007,4,-89.968068,21.171248,2025.0,0.8063628673553467,125
c4_008,4,-90.035705,21.15346336364746,2025.0,0.8393409252166748,125
c4_009,4,-89.967798,21.179332,2025.0,0.5097877383232117,125
c4_010,4,-89.949205,21.194961,2025.0,0.7253501415252686,125
c4_011,4,-89.943007,21.202506,2025.0,0.7398264408111572,125
c4_012,4,-89.945163,21.199811,2025.0,0.8732211589813232,125
c4_013,4,-89.972379,21.174481,2025.0,0.8697856664657593,125
c4_014,4,-90.041633,21.148612,2025.0,0.7457480430603027,125
c4_015,4,-89.960792,21.190380096435547,2025.0,0.8145675659179688,125
c4_016,4,-89.958098,21.184452056884766,2025.0,0.8223913908004761,125
c4_017,4,-90.074239,21.133790969848633,2025.0,0.7170217037200928,125
c4_018,4,-89.950822,21.1922664642334,2025.0,0.8567019701004028,125
c4_019,4,-89.996901,21.149959564208984,2025.0,0.5939069986343384,125
c4_020,4,-89.960523,21.186338424682617,2025.0,0.8817365169525146,125
c4_021,4,-89.9465103149414,21.185529708862305,2025.0,0.44067755341529846,125
c4_022,4,-89.957828,21.185529708862305,2025.0,0.69624263048172,125
c4_023,4,-90.035705,21.144301,2025.0,0.39557236433029175,125
c4_024,4,-90.022501,21.156966,2025.0,0.6119248270988464,125
c4_025,4,-89.981002,21.165319,2025.0,0.710453987121582,125
c4_026,4,-90.027621,21.162355422973633,2025.0,0.8072146773338318,125
c4_027,4,-89.949475,21.19415283203125,2025.0,0.845367431640625,125
c4_028,4,-89.940852,21.201428,2025.0,0.6612686514854431,125
c4_029,4,-89.961601,21.190919,2025.0,0.6985158920288086,125
c4_030,4,-90.041364,21.151576,2025.0,0.790075421333313,125
c4_031,4,-90.062382,21.153732299804688,2025.0,0.7385093569755554,125
c4_032,4,-89.944085,21.193883,2025.0,0.6896910667419434,125
c4_033,4,-89.981811,21.164511,2025.0,0.8041650056838989,125
c4_034,4,-89.940313,21.199811,2025.0,0.8139703273773193,125
c4_035,4,-90.072622,21.132714,2025.0,0.5925511121749878,125
c4_036,4,-89.942738,21.183643341064453,2025.0,0.47018489241600037,125
c4_037,4,-89.9742660522461,21.173673,2025.0,0.8455911874771118,125
c4_038,4,-89.966451,21.182565,2025.0,0.6831215620040894,125
c4_039,4,-90.014147,21.163972,2025.0,0.6725505590438843,125
c4_040,4,-89.944355,21.201428,2025.0,0.8104108572006226,125
c4_041,4,-90.011183,21.148881912231445,2025.0,0.6624688506126404,125
c4_042,4,-90.071814,21.131635665893555,2025.0,0.6997883319854736,125
c4_043,4,-90.11438751220703,21.11061668395996,2025.0,0.6628842353820801,125
c4_044,4,-89.956481,21.189302444458008,2025.0,0.7653419971466064,125
c4_045,4,-90.036513,21.153732299804688,2025.0,0.855588972568512,125
c4_046,4,-89.98235321044922,21.169092178344727,2025.0,0.815870463848114,125
c4_047,4,-89.992859,21.172864,2025.0,0.5525366067886353,125
c4_048,4,-89.948127,21.191457748413086,2025.0,0.859741747379303,125
c4_049,4,-90.1195068359375,21.108461380004883,2025.0,0.6387888789176941,125
c4_050,4,-90.094718,21.12301254272461,2025.0,0.5950959920883179,125
c5_045,5,-90.018998,21.166128158569336,2025.0,0.6493700742721558,125
c5_008,5,-90.034357,21.155618,2025.0,0.8140624165534973,125
c5_010,5,-89.957289,21.163703,2025.0,0.5534107685089111,125
c5_011,5,-90.004985,21.156696319580078,2025.0,0.7386286854743958,125
c5_012,5,-90.066424,21.154809951782227,2025.0,0.7115048766136169,125
c5_014,5,-90.006871,21.155887603759766,2025.0,0.6507971286773682,125
c5_016,5,-90.002829,21.15642738342285,2025.0,0.8357637524604797,125
c5_022,5,-90.044597,21.154809951782227,2025.0,0.8410660028457642,125
c5_024,5,-89.995284,21.15642738342285,2025.0,0.6115996241569519,125
c5_003,5,-90.056993,21.154541015625,2025.0,0.6011042594909668,125
c5_013,5,-90.020614,21.157235,2025.0,0.7565922141075134,125
c5_020,5,-90.027621,21.156966,2025.0,0.815382719039917,125
c5_025,5,-90.03301239013672,21.15966033935547,2025.0,0.3535366356372833,125
c5_034,5,-90.012261,21.166397094726562,2025.0,0.7197911739349365,125
c5_040,5,-90.069658,21.154541015625,2025.0,0.6901267766952515,125
c5_041,5,-89.998787,21.156156539916992,2025.0,0.7355175614356995,125
c5_043,5,-90.113042,21.13729476928711,2025.0,0.7311615943908691,125
c5_002,5,-90.042172,21.156156539916992,2025.0,0.8130578398704529,125
c5_004,5,-90.034088,21.156966,2025.0,0.6966884732246399,125
c5_001,5,-89.996093,21.155887603759766,2025.0,0.6575298309326172,125
c5_006,5,-90.035435,21.154809951782227,2025.0,0.8170040845870972,125
c5_015,5,-89.942738,21.172864,2025.0,0.5159837603569031,125
c5_018,5,-90.0685806274414,21.152385,2025.0,0.618919312953949,125
c5_026,5,-89.998248,21.172326,2025.0,0.5524647831916809,125
c5_033,5,-90.01980590820312,21.156966,2025.0,0.844436764717102,125
c5_036,5,-90.041902,21.15750503540039,2025.0,0.8428375124931335,125
c5_039,5,-90.060496,21.15642738342285,2025.0,0.8228196501731873,125
c5_005,5,-90.041633,21.159929275512695,2025.0,0.820437490940094,125
c5_009,5,-90.038938,21.154271,2025.0,0.8529607653617859,125
c5_019,5,-90.057262,21.155349,2025.0,0.691066324710846,125
c5_021,5,-90.089598,21.148073196411133,2025.0,0.6063385605812073,125
c5_030,5,-90.071814,21.151845932006836,2025.0,0.5787805914878845,125
c5_031,5,-90.003099,21.155618,2025.0,0.8205585479736328,125
c5_035,5,-90.095527,21.151845932006836,2025.0,0.6667482256889343,125
c5_037,5,-89.996632,21.160469,2025.0,0.8171575665473938,125
c5_023,5,-89.978038,21.180139541625977,2025.0,0.684384286403656,125
c5_017,5,-90.040555,21.145917892456055,2025.0,0.6648041009902954,125
c5_027,5,-90.08879089355469,21.150768280029297,2025.0,0.8361690640449524,125
c5_047,5,-90.001213,21.154541015625,2025.0,0.8166462779045105,125
c5_048,5,-90.028429,21.156696319580078,2025.0,0.7784683704376221,125
c5_029,5,-90.090407,21.149421,2025.0,0.5171068906784058,125
c5_032,5,-90.079359,21.150768280029297,2025.0,0.4690958857536316,125
c5_038,5,-90.04082489013672,21.156966,2025.0,0.8061426281929016,125
c5_046,5,-90.067233,21.152114868164062,2025.0,0.7250462770462036,125
c5_028,5,-90.095527,21.150499,2025.0,0.8098205327987671,125
c5_044,5,-89.973188,21.183374404907227,2025.0,0.6661614179611206,125
c5_042,5,-90.08124542236328,21.149421,2025.0,0.6064805388450623,125
c5_007,5,-90.021962,21.143491744995117,2025.0,0.39747029542922974,125
c10_001,3,-90.028968,21.158313,2025.0,0.6821296811103821,125
c10_005,3,-89.954594,21.163972,2025.0,0.5984220504760742,125
c10_002,3,-90.033549,21.15858268737793,2025.0,0.44739478826522827,125
c10_003,3,-90.030046,21.158044,2025.0,0.7563071846961975,125
c10_004,3,-90.029507,21.157773971557617,2025.0,0.6723668575286865,125
c10_006,3,-90.03301239013672,21.159122467041016,2025.0,0.6813334226608276,125
c10_007,3,-90.03301239013672,21.158044,2025.0,0.5686280727386475,125
c10_009,3,-90.032741,21.15858268737793,2025.0,0.672858476638794,125
c10_010,3,-90.030585,21.158044,2025.0,0.19606618583202362,125
c10_008,3,-89.95405578613281,21.163972,2025.0,0.4987236261367798,125
c1_051,1,-90.064538,21.118162155151367,2025.0,0.6172531247138977,125
c1_052,1,-90.05322265625,21.112234115600586,2025.0,0.6903466582298279,125
c1_053,1,-90.068041,21.142953,2025.0,0.6990364193916321,125
c1_054,1,-90.00040435791016,21.124359130859375,2025.0,0.6878266334533691,125
c1_055,1,-90.049178,21.1402587890625,2025.0,0.7168987393379211,125
c2_051,2,-90.111695,21.123821258544922,2025.0,0.658099889755249,125
c2_052,2,-90.02277374267578,21.139720916748047,2025.0,0.6857781410217285,125
c2_053,2,-89.941929,21.138911,2025.0,0.8187685012817383,125
c2_054,2,-89.950013,21.130019,2025.0,0.740064263343811,125
c2_055,2,-90.106306,21.128941,2025.0,0.6044673919677734,125
c3_062,3,-90.086634,21.149690628051758,2025.0,0.5551450848579407,125
c3_051,3,-90.010914,21.144301,2025.0,0.8266081809997559,125
c3_055,3,-90.079359,21.150499,2025.0,0.4599854350090027,125
c3_058,3,-90.000943,21.171248,2025.0,0.551497220993042,125
c3_052,3,-90.094179,21.114929,2025.0,0.5968723893165588,125
c3_059,3,-90.039208,21.1402587890625,2025.0,0.6572567820549011,125
c3_053,3,-90.013608,21.152114868164062,2025.0,0.8294277191162109,125
c3_060,3,-89.958906,21.12489891052246,2025.0,0.8406156897544861,125
c3_057,3,-90.058071,21.159929275512695,2025.0,0.6516422033309937,125
c3_061,3,-89.973457,21.138911,2025.0,0.6463485956192017,125
c3_064,3,-89.989625,21.149959564208984,2025.0,0.6357685327529907,125
c3_063,3,-90.030046,21.125707,2025.0,0.7058519721031189,125
c3_065,3,-89.972379,21.162086486816406,2025.0,0.807267427444458,125
c3_054,3,-90.029237,21.101455,2025.0,0.7443400621414185,125
c3_056,3,-90.008758,21.114120483398438,2025.0,0.7126894593238831,125
c4_051,4,-89.958906,21.191997,2025.0,0.7755047678947449,125
c4_052,4,-89.957828,21.178254,2025.0,0.5764418840408325,125
c4_053,4,-89.994476,21.172864,2025.0,0.7515172362327576,125
c4_054,4,-89.994745,21.168822,2025.0,0.8300496339797974,125
c4_055,4,-90.0025634765625,21.169631,2025.0,0.7844365835189819,125
c1_001,1,-90.056184,21.12301254272461,2026.0,0.8067663311958313,93
c1_002,1,-89.984506,21.126246,2026.0,0.8601320385932922,93
c1_003,1,-90.070197,21.140798,2026.0,0.76856929063797,93
c1_004,1,-90.057801,21.145648,2026.0,0.779056966304779,93
c1_005,1,-90.024926,21.145379,2026.0,0.6555055975914001,93
c1_006,1,-89.979386,21.130288,2026.0,0.6688473224639893,93
c1_007,1,-90.08636474609375,21.137025,2026.0,0.8246034383773804,93
c1_008,1,-89.952169,21.14322280883789,2026.0,0.7871463894844055,93
c1_009,1,-90.055106,21.138911,2026.0,0.6146003603935242,93
c1_010,1,-89.945702,21.14322280883789,2026.0,0.7334927320480347,93
c1_011,1,-89.958098,21.149151,2026.0,0.7902148962020874,93
c1_012,1,-90.036783,21.117354,2026.0,0.7843788862228394,93
c1_013,1,-90.113042,21.085018157958984,2026.0,0.8051510453224182,93
c1_014,1,-89.944085,21.154002,2026.0,0.8364340662956238,93
c1_015,1,-90.065885,21.113581,2026.0,0.7008850574493408,93
c1_016,1,-90.064538,21.121126174926758,2026.0,0.7514492869377136,93
c1_017,1,-90.01280212402344,21.122474,2026.0,0.7175756692886353,93
c1_018,1,-90.013608,21.150499,2026.0,0.8132193088531494,93
c1_019,1,-90.075856,21.141876220703125,2026.0,0.816701352596283,93
c1_020,1,-90.063729,21.119510650634766,2026.0,0.7411857843399048,93
c1_021,1,-90.112234,21.128671646118164,2026.0,0.6985766291618347,93
c1_022,1,-89.970224,21.131635665893555,2026.0,0.3461102545261383,93
c1_023,1,-90.049448,21.111425399780273,2026.0,0.7018214464187622,93
c1_024,1,-90.076933,21.135408401489258,2026.0,0.7059251666069031,93
c1_025,1,-90.09391021728516,21.143762,2026.0,0.7950268983840942,93
c1_026,1,-89.940852,21.145917892456055,2026.0,0.7927982807159424,93
c1_027,1,-89.945163,21.154002,2026.0,0.8190085291862488,93
c1_028,1,-90.098491,21.127324,2026.0,0.7863563895225525,93
c1_029,1,-90.003368,21.149421,2026.0,0.6222577691078186,93
c1_030,1,-89.972918,21.124629,2026.0,0.7125225067138672,93
c1_031,1,-90.003907,21.124359130859375,2026.0,0.7213412523269653,93
c1_032,1,-90.066694,21.0987606048584,2026.0,0.7141411900520325,93
c1_033,1,-89.994745,21.123552322387695,2026.0,0.7111148238182068,93
c1_034,1,-90.08879089355469,21.142953,2026.0,0.8328157663345337,93
c1_035,1,-90.063191,21.110887,2026.0,0.7247359156608582,93
c1_036,1,-89.960523,21.137563705444336,2026.0,0.8138503432273865,93
c1_037,1,-90.094179,21.093371,2026.0,0.7232099771499634,93
c1_038,1,-90.0025634765625,21.122743,2026.0,0.7198089361190796,93
c1_039,1,-90.051334,21.132714,2026.0,0.6630082726478577,93
c1_040,1,-90.066694,21.13837242126465,2026.0,0.7729869484901428,93
c1_041,1,-90.116815,21.0882511138916,2026.0,0.6987102031707764,93
c1_042,1,-90.057801,21.148612,2026.0,0.8283571004867554,93
c1_043,1,-90.080706,21.141876220703125,2026.0,0.8124280571937561,93
c1_044,1,-89.947319,21.188493728637695,2026.0,0.7447132468223572,93
c1_045,1,-89.981811,21.124091,2026.0,0.7633808255195618,93
c1_046,1,-90.058879,21.128671646118164,2026.0,0.7323731184005737,93
c1_047,1,-90.075317,21.10361099243164,2026.0,0.7624807357788086,93
c1_048,1,-90.003638,21.150768280029297,2026.0,0.6354743838310242,93
c1_049,1,-90.026543,21.122743,2026.0,0.7728291749954224,93
c1_050,1,-90.108731,21.117623,2026.0,0.7383620142936707,93
c2_001,2,-89.960253,21.154002,2026.0,0.6268423199653625,93
c2_002,2,-90.117623,21.133522033691406,2026.0,0.7674146294593811,93
c2_003,2,-90.07881927490234,21.09229278564453,2026.0,0.7671999335289001,93
c2_004,2,-89.978847,21.15022850036621,2026.0,0.6568425297737122,93
c2_005,2,-90.089329,21.09364128112793,2026.0,0.7732941508293152,93
c2_006,2,-90.11412048339844,21.100377,2026.0,0.5943361520767212,93
c2_007,2,-90.106036,21.131635665893555,2026.0,0.8201676607131958,93
c2_008,2,-90.001213,21.145379,2026.0,0.781175434589386,93
c2_009,2,-89.963217,21.183913,2026.0,0.7808154821395874,93
c2_010,2,-90.10226440429688,21.144301,2026.0,0.8503315448760986,93
c2_011,2,-89.958636,21.125438,2026.0,0.8085957169532776,93
c2_012,2,-90.097413,21.149959564208984,2026.0,0.8477075099945068,93
c2_013,2,-90.100647,21.106845,2026.0,0.6799982786178589,93
c2_014,2,-90.04594421386719,21.111156463623047,2026.0,0.5743108987808228,93
c2_015,2,-90.068849,21.102802276611328,2026.0,0.7728878259658813,93
c2_016,2,-90.118162,21.135947,2026.0,0.6384127140045166,93
c2_017,2,-89.96214294433594,21.120587,2026.0,0.7837328314781189,93
c2_018,2,-89.981541,21.148343,2026.0,0.5320774912834167,93
c2_019,2,-90.041364,21.101186,2026.0,0.7752113938331604,93
c2_020,2,-90.082592,21.10064697265625,2026.0,0.6880754232406616,93
c2_021,2,-89.945163,21.161008,2026.0,0.8077894449234009,93
c2_022,2,-90.01280212402344,21.118162155151367,2026.0,0.6953259706497192,93
c2_023,2,-89.94165802001953,21.17879295349121,2026.0,0.6548144817352295,93
c2_024,2,-89.940043,21.179332,2026.0,0.641556978225708,93
c2_025,2,-89.942199,21.169092178344727,2026.0,0.7258957624435425,93
c2_026,2,-90.04837036132812,21.15858268737793,2026.0,0.7752678990364075,93
c2_027,2,-90.018189,21.155078887939453,2026.0,0.803595781326294,93
c2_028,2,-90.018998,21.118701,2026.0,0.6832798719406128,93
c2_029,2,-89.960253,21.166936,2026.0,0.8430393934249878,93
c2_030,2,-90.08636474609375,21.13918113708496,2026.0,0.8311453461647034,93
c2_031,2,-90.006871,21.167745,2026.0,0.8248565196990967,93
c2_032,2,-89.9599838256836,21.15750503540039,2026.0,0.5909833908081055,93
c2_033,2,-90.052412,21.115737,2026.0,0.7758556008338928,93
c2_034,2,-90.075586,21.099569,2026.0,0.6965453028678894,93
c2_035,2,-90.108731,21.095796,2026.0,0.60265052318573,93
c2_036,2,-90.026543,21.155078887939453,2026.0,0.7963455319404602,93
c2_037,2,-90.006871,21.131097,2026.0,0.746275782585144,93
c2_038,2,-90.080167,21.099838256835938,2026.0,0.7149839401245117,93
c2_039,2,-89.947588,21.136486053466797,2026.0,0.7998175024986267,93
c2_040,2,-90.061304,21.10468864440918,2026.0,0.7117450833320618,93
c2_041,2,-90.075856,21.134868621826172,2026.0,0.6763761043548584,93
c2_042,2,-89.99959564208984,21.12004852294922,2026.0,0.6700539588928223,93
c2_043,2,-90.101725,21.08043670654297,2026.0,0.7476779222488403,93
c2_044,2,-90.026004,21.113851,2026.0,0.8156769871711731,93
c2_045,2,-90.118162,21.129209518432617,2026.0,0.8139106631278992,93
c2_046,2,-89.94139099121094,21.172056198120117,2026.0,0.798617422580719,93
c2_047,2,-89.969685,21.1402587890625,2026.0,0.7713528275489807,93
c2_048,2,-90.1038818359375,21.095527,2026.0,0.5793769359588623,93
c2_049,2,-89.99231719970703,21.149690628051758,2026.0,0.679866373538971,93
c2_050,2,-89.950822,21.121396,2026.0,0.8106969594955444,93
c3_045,3,-89.992859,21.161815643310547,2026.0,1.8091488163918257E-4,93
c3_003,3,-90.034357,21.15858268737793,2026.0,0.5610190629959106,93
c3_026,3,-89.986931,21.149959564208984,2026.0,0.845947802066803,93
c3_008,3,-90.084209,21.151576,2026.0,0.660274088382721,93
c3_017,3,-89.970493,21.159929275512695,2026.0,0.49474823474884033,93
c3_004,3,-89.982619,21.180679,2026.0,0.6190580725669861,93
c3_040,3,-89.9742660522461,21.185529708862305,2026.0,0.8506304025650024,93
c3_024,3,-89.97722625732422,21.183913,2026.0,0.7174394726753235,93
c3_013,3,-89.995823,21.13837242126465,2026.0,0.8146809339523315,93
c3_018,3,-90.062113,21.107114,2026.0,0.8320779800415039,93
c3_007,3,-90.088521,21.146995,2026.0,0.6737387180328369,93
c3_014,3,-89.951361,21.199003219604492,2026.0,0.10292825847864151,93
c3_042,3,-89.950283,21.199003219604492,2026.0,0.39974072575569153,93
c3_029,3,-90.000135,21.137563705444336,2026.0,0.6922023296356201,93
c3_005,3,-90.003638,21.111964,2026.0,0.7519019246101379,93
c3_022,3,-90.005524,21.112503051757812,2026.0,0.6889780759811401,93
c3_002,3,-89.953786,21.197656,2026.0,0.6853265166282654,93
c3_015,3,-89.940852,21.162086486816406,2026.0,0.7299811840057373,93
c3_020,3,-90.016842,21.116006,2026.0,0.7738630771636963,93
c3_027,3,-89.982619,21.149421,2026.0,0.4323670268058777,93
c3_030,3,-89.942738,21.1674747467041,2026.0,0.6428562998771667,93
c3_050,3,-89.941929,21.168553,2026.0,0.44114169478416443,93
c3_009,3,-89.986392,21.149959564208984,2026.0,0.8327884674072266,93
c3_033,3,-90.039208,21.102802276611328,2026.0,0.7363813519477844,93
c3_038,3,-89.976152,21.169361114501953,2026.0,0.6585720181465149,93
c3_023,3,-89.97183990478516,21.169361114501953,2026.0,0.6204070448875427,93
c3_032,3,-90.00040435791016,21.138642,2026.0,0.6945010423660278,93
c3_046,3,-89.994476,21.137832641601562,2026.0,0.560164749622345,93
c3_025,3,-89.947049,21.157235,2026.0,0.6851360201835632,93
c3_028,3,-89.976421,21.165858,2026.0,0.7182416915893555,93
c3_036,3,-89.95189666748047,21.162894,2026.0,0.5641939043998718,93
c3_021,3,-90.007141,21.131635665893555,2026.0,0.7529979944229126,93
c3_035,3,-90.000943,21.144569396972656,2026.0,0.6531210541725159,93
c3_037,3,-89.97183990478516,21.162086486816406,2026.0,0.7095891833305359,93
c3_039,3,-89.976691,21.168283462524414,2026.0,0.6590269804000854,93
c3_041,3,-89.973996,21.137563705444336,2026.0,0.6105188131332397,93
c3_034,3,-90.041364,21.1402587890625,2026.0,0.6588424444198608,93
c3_047,3,-90.028698,21.126246,2026.0,0.6616986989974976,93
c3_048,3,-90.030315,21.124359130859375,2026.0,0.6728354096412659,93
c3_011,3,-90.035974,21.099299,2026.0,0.6946808099746704,93
c3_001,3,-90.080437,21.100377,2026.0,0.5621533393859863,93
c3_006,3,-89.94677734375,21.202237,2026.0,0.4870823323726654,93
c3_019,3,-89.958367,21.172056198120117,2026.0,0.860725998878479,93
c3_031,3,-90.00740814208984,21.113042,2026.0,0.7492283582687378,93
c3_010,3,-90.01252746582031,21.114659,2026.0,0.8024428486824036,93
c3_012,3,-90.00768280029297,21.114389419555664,2026.0,0.6562422513961792,93
c3_016,3,-90.045675,21.097951889038086,2026.0,0.5703019499778748,93
c3_043,3,-89.967259,21.189841,2026.0,0.8532676100730896,93
c3_044,3,-90.046214,21.097413,2026.0,0.7227371335029602,93
c3_049,3,-90.016033,21.116006,2026.0,0.7097154259681702,93
c4_001,4,-90.002021,21.168822,2026.0,0.738753080368042,93
c4_002,4,-90.013878,21.166397094726562,2026.0,0.8444063067436218,93
c4_003,4,-90.040286,21.149421,2026.0,0.7850348353385925,93
c4_004,4,-89.94139099121094,21.181487,2026.0,0.8078110814094543,93
c4_005,4,-89.967529,21.183643341064453,2026.0,0.8099683523178101,93
c4_006,4,-89.943277,21.200620651245117,2026.0,0.7961782217025757,93
c4_007,4,-89.968068,21.171248,2026.0,0.8052794933319092,93
c4_008,4,-90.035705,21.15346336364746,2026.0,0.8291277885437012,93
c4_009,4,-89.967798,21.179332,2026.0,0.5251924395561218,93
c4_010,4,-89.949205,21.194961,2026.0,0.7955525517463684,93
c4_011,4,-89.943007,21.202506,2026.0,0.7712674736976624,93
c4_012,4,-89.945163,21.199811,2026.0,0.8790957927703857,93
c4_013,4,-89.972379,21.174481,2026.0,0.8851656317710876,93
c4_014,4,-90.041633,21.148612,2026.0,0.7383357286453247,93
c4_015,4,-89.960792,21.190380096435547,2026.0,0.8470551371574402,93
c4_016,4,-89.958098,21.184452056884766,2026.0,0.8329652547836304,93
c4_017,4,-90.074239,21.133790969848633,2026.0,0.7187244892120361,93
c4_018,4,-89.950822,21.1922664642334,2026.0,0.8714503645896912,93
c4_019,4,-89.996901,21.149959564208984,2026.0,0.5935364365577698,93
c4_020,4,-89.960523,21.186338424682617,2026.0,0.8811162114143372,93
c4_021,4,-89.9465103149414,21.185529708862305,2026.0,0.4825001358985901,93
c4_022,4,-89.957828,21.185529708862305,2026.0,0.7152062058448792,93
c4_023,4,-90.035705,21.144301,2026.0,0.3689270317554474,93
c4_024,4,-90.022501,21.156966,2026.0,0.6833074688911438,93
c4_025,4,-89.981002,21.165319,2026.0,0.7540776133537292,93
c4_026,4,-90.027621,21.162355422973633,2026.0,0.8505603671073914,93
c4_027,4,-89.949475,21.19415283203125,2026.0,0.8734441995620728,93
c4_028,4,-89.940852,21.201428,2026.0,0.7203853726387024,93
c4_029,4,-89.961601,21.190919,2026.0,0.7238826751708984,93
c4_030,4,-90.041364,21.151576,2026.0,0.7914029359817505,93
c4_031,4,-90.062382,21.153732299804688,2026.0,0.6869232654571533,93
c4_032,4,-89.944085,21.193883,2026.0,0.7448635697364807,93
c4_033,4,-89.981811,21.164511,2026.0,0.8191452622413635,93
c4_034,4,-89.940313,21.199811,2026.0,0.8287019729614258,93
c4_035,4,-90.072622,21.132714,2026.0,0.6696521043777466,93
c4_036,4,-89.942738,21.183643341064453,2026.0,0.5998823046684265,93
c4_037,4,-89.9742660522461,21.173673,2026.0,0.8452364802360535,93
c4_038,4,-89.966451,21.182565,2026.0,0.7302707433700562,93
c4_039,4,-90.014147,21.163972,2026.0,0.7938950657844543,93
c4_040,4,-89.944355,21.201428,2026.0,0.823750376701355,93
c4_041,4,-90.011183,21.148881912231445,2026.0,0.6395314335823059,93
c4_042,4,-90.071814,21.131635665893555,2026.0,0.7158681154251099,93
c4_043,4,-90.11438751220703,21.11061668395996,2026.0,0.7167681455612183,93
c4_044,4,-89.956481,21.189302444458008,2026.0,0.7747502326965332,93
c4_045,4,-90.036513,21.153732299804688,2026.0,0.8562509417533875,93
c4_046,4,-89.98235321044922,21.169092178344727,2026.0,0.8221196532249451,93
c4_047,4,-89.992859,21.172864,2026.0,0.5942109227180481,93
c4_048,4,-89.948127,21.191457748413086,2026.0,0.8645966649055481,93
c4_049,4,-90.1195068359375,21.108461380004883,2026.0,0.6744878888130188,93
c4_050,4,-90.094718,21.12301254272461,2026.0,0.6840792298316956,93
c5_045,5,-90.018998,21.166128158569336,2026.0,0.6987337470054626,93
c5_008,5,-90.034357,21.155618,2026.0,0.8160856366157532,93
c5_010,5,-89.957289,21.163703,2026.0,0.5783261656761169,93
c5_011,5,-90.004985,21.156696319580078,2026.0,0.7731218934059143,93
c5_012,5,-90.066424,21.154809951782227,2026.0,0.7725523710250854,93
c5_014,5,-90.006871,21.155887603759766,2026.0,0.7268775105476379,93
c5_016,5,-90.002829,21.15642738342285,2026.0,0.8516073822975159,93
c5_022,5,-90.044597,21.154809951782227,2026.0,0.8715869784355164,93
c5_024,5,-89.995284,21.15642738342285,2026.0,0.6857877969741821,93
c5_003,5,-90.056993,21.154541015625,2026.0,0.7220112681388855,93
c5_013,5,-90.020614,21.157235,2026.0,0.8016423583030701,93
c5_020,5,-90.027621,21.156966,2026.0,0.8361378312110901,93
c5_025,5,-90.03301239013672,21.15966033935547,2026.0,0.46005120873451233,93
c5_034,5,-90.012261,21.166397094726562,2026.0,0.7282537221908569,93
c5_040,5,-90.069658,21.154541015625,2026.0,0.7689722776412964,93
c5_041,5,-89.998787,21.156156539916992,2026.0,0.7721694707870483,93
c5_043,5,-90.113042,21.13729476928711,2026.0,0.8197149634361267,93
c5_002,5,-90.042172,21.156156539916992,2026.0,0.849306583404541,93
c5_004,5,-90.034088,21.156966,2026.0,0.7624466419219971,93
c5_001,5,-89.996093,21.155887603759766,2026.0,0.7021344900131226,93
c5_006,5,-90.035435,21.154809951782227,2026.0,0.8151723742485046,93
c5_015,5,-89.942738,21.172864,2026.0,0.5635913610458374,93
c5_018,5,-90.0685806274414,21.152385,2026.0,0.6570903658866882,93
c5_026,5,-89.998248,21.172326,2026.0,0.5545859336853027,93
c5_033,5,-90.01980590820312,21.156966,2026.0,0.852368175983429,93
c5_036,5,-90.041902,21.15750503540039,2026.0,0.8689916729927063,93
c5_039,5,-90.060496,21.15642738342285,2026.0,0.8149418234825134,93
c5_005,5,-90.041633,21.159929275512695,2026.0,0.8374155759811401,93
c5_009,5,-90.038938,21.154271,2026.0,0.8504559397697449,93
c5_019,5,-90.057262,21.155349,2026.0,0.7474779486656189,93
c5_021,5,-90.089598,21.148073196411133,2026.0,0.7073622345924377,93
c5_030,5,-90.071814,21.151845932006836,2026.0,0.6823937892913818,93
c5_031,5,-90.003099,21.155618,2026.0,0.848914384841919,93
c5_035,5,-90.095527,21.151845932006836,2026.0,0.756813645362854,93
c5_037,5,-89.996632,21.160469,2026.0,0.836031973361969,93
c5_023,5,-89.978038,21.180139541625977,2026.0,0.6996994018554688,93
c5_017,5,-90.040555,21.145917892456055,2026.0,0.7035850882530212,93
c5_027,5,-90.08879089355469,21.150768280029297,2026.0,0.840286374092102,93
c5_047,5,-90.001213,21.154541015625,2026.0,0.8157208561897278,93
c5_048,5,-90.028429,21.156696319580078,2026.0,0.7866335511207581,93
c5_029,5,-90.090407,21.149421,2026.0,0.7353888750076294,93
c5_032,5,-90.079359,21.150768280029297,2026.0,0.6067532896995544,93
c5_038,5,-90.04082489013672,21.156966,2026.0,0.8319593071937561,93
c5_046,5,-90.067233,21.152114868164062,2026.0,0.7735573649406433,93
c5_028,5,-90.095527,21.150499,2026.0,0.861147940158844,93
c5_044,5,-89.973188,21.183374404907227,2026.0,0.6955325603485107,93
c5_042,5,-90.08124542236328,21.149421,2026.0,0.7383771538734436,93
c5_007,5,-90.021962,21.143491744995117,2026.0,0.46676570177078247,93
c10_001,3,-90.028968,21.158313,2026.0,0.6885548830032349,93
c10_005,3,-89.954594,21.163972,2026.0,0.6062747836112976,93
c10_002,3,-90.033549,21.15858268737793,2026.0,0.6337308287620544,93
c10_003,3,-90.030046,21.158044,2026.0,0.7983012795448303,93
c10_004,3,-90.029507,21.157773971557617,2026.0,0.702220618724823,93
c10_006,3,-90.03301239013672,21.159122467041016,2026.0,0.7971019744873047,93
c10_007,3,-90.03301239013672,21.158044,2026.0,0.686119556427002,93
c10_009,3,-90.032741,21.15858268737793,2026.0,0.7764787077903748,93
c10_010,3,-90.030585,21.158044,2026.0,0.45345667004585266,93
c10_008,3,-89.95405578613281,21.163972,2026.0,0.5470083951950073,93
c1_051,1,-90.064538,21.118162155151367,2026.0,0.7018440365791321,93
c1_052,1,-90.05322265625,21.112234115600586,2026.0,0.7332353591918945,93
c1_053,1,-90.068041,21.142953,2026.0,0.7382959723472595,93
c1_054,1,-90.00040435791016,21.124359130859375,2026.0,0.676712155342102,93
c1_055,1,-90.049178,21.1402587890625,2026.0,0.6977812647819519,93
c2_051,2,-90.111695,21.123821258544922,2026.0,0.6639299988746643,93
c2_052,2,-90.02277374267578,21.139720916748047,2026.0,0.6751777529716492,93
c2_053,2,-89.941929,21.138911,2026.0,0.8234751224517822,93
c2_054,2,-89.950013,21.130019,2026.0,0.7805721759796143,93
c2_055,2,-90.106306,21.128941,2026.0,0.7396786212921143,93
c3_062,3,-90.086634,21.149690628051758,2026.0,0.7183064222335815,93
c3_051,3,-90.010914,21.144301,2026.0,0.8304001092910767,93
c3_055,3,-90.079359,21.150499,2026.0,0.606482982635498,93
c3_058,3,-90.000943,21.171248,2026.0,0.5503169298171997,93
c3_052,3,-90.094179,21.114929,2026.0,0.5921511650085449,93
c3_059,3,-90.039208,21.1402587890625,2026.0,0.6711027026176453,93
c3_053,3,-90.013608,21.152114868164062,2026.0,0.8276633024215698,93
c3_060,3,-89.958906,21.12489891052246,2026.0,0.8491926193237305,93
c3_057,3,-90.058071,21.159929275512695,2026.0,0.6535792946815491,93
c3_061,3,-89.973457,21.138911,2026.0,0.6686988472938538,93
c3_064,3,-89.989625,21.149959564208984,2026.0,0.6058441400527954,93
c3_063,3,-90.030046,21.125707,2026.0,0.703514814376831,93
c3_065,3,-89.972379,21.162086486816406,2026.0,0.8080892562866211,93
c3_054,3,-90.029237,21.101455,2026.0,0.7071512341499329,93
c3_056,3,-90.008758,21.114120483398438,2026.0,0.7083346247673035,93
c4_051,4,-89.958906,21.191997,2026.0,0.8388130068778992,93
c4_052,4,-89.957828,21.178254,2026.0,0.6620038747787476,93
c4_053,4,-89.994476,21.172864,2026.0,0.7709215879440308,93
c4_054,4,-89.994745,21.168822,2026.0,0.8726794123649597,93
c4_055,4,-90.0025634765625,21.169631,2026.0,0.8189262747764587,93
