date,precip_chirps_mm
1981-01-01,0.0
1981-01-02,0.0
1981-01-03,0.0
1981-01-04,0.0
1981-01-05,0.0
1981-01-06,0.0
1981-01-07,0.0
1981-01-08,0.0
1981-01-09,0.0
1981-01-10,0.0
1981-01-11,0.0
1981-01-12,0.0
1981-01-13,0.0
1981-01-14,0.0
1981-01-15,0.0
1981-01-16,0.0
1981-01-17,0.0
1981-01-18,0.0
1981-01-19,0.011786543453910166
1981-01-20,0.0
1981-01-21,0.0
1981-01-22,0.0
1981-01-23,11.31341241580869
1981-01-24,0.0
1981-01-25,0.0
1981-01-26,0.0
1981-01-27,0.0
1981-01-28,0.0
1981-01-29,0.0
1981-01-30,0.0
1981-01-31,0.0
1981-02-01,0.0
1981-02-02,0.0
1981-02-03,0.0
1981-02-04,0.0
1981-02-05,0.0
1981-02-06,0.0
1981-02-07,2.2838310372620567
1981-02-08,0.0
1981-02-09,0.0
1981-02-10,0.0
1981-02-11,0.0
1981-02-12,7.189476702023914
1981-02-13,0.0
1981-02-14,0.0
1981-02-15,0.0
1981-02-16,0.0
1981-02-17,4.155449109472819
1981-02-18,0.0
1981-02-19,0.0
1981-02-20,0.0
1981-02-21,0.0
1981-02-22,0.0
1981-02-23,0.0
1981-02-24,0.0
1981-02-25,0.0
1981-02-26,0.0
1981-02-27,0.0
1981-02-28,0.0
1981-03-01,0.0
1981-03-02,0.0
1981-03-03,0.0
1981-03-04,0.0
1981-03-05,0.0
1981-03-06,0.0
1981-03-07,0.0
1981-03-08,0.0
1981-03-09,0.0
1981-03-10,4.780367622922982
1981-03-11,0.0
1981-03-12,3.7246905607147305
1981-03-13,0.0
1981-03-14,0.0
1981-03-15,0.0
1981-03-16,0.0
1981-03-17,0.0
1981-03-18,0.0
1981-03-19,0.0
1981-03-20,0.0
1981-03-21,0.0
1981-03-22,0.0
1981-03-23,0.0
1981-03-24,0.0
1981-03-25,0.0
1981-03-26,0.0
1981-03-27,0.0
1981-03-28,0.0
1981-03-29,0.0
1981-03-30,0.0
1981-03-31,0.0
1981-04-01,0.0
1981-04-02,0.0
1981-04-03,0.0
1981-04-04,0.0
1981-04-05,0.0
1981-04-06,0.0
1981-04-07,0.0
1981-04-08,0.0
1981-04-09,0.0
1981-04-10,0.0
1981-04-11,0.0
1981-04-12,0.0
1981-04-13,0.0
1981-04-14,0.0
1981-04-15,0.0
1981-04-16,0.0
1981-04-17,0.0
1981-04-18,0.0
1981-04-19,0.0
1981-04-20,0.0
1981-04-21,0.0
1981-04-22,0.0
1981-04-23,0.0
1981-04-24,0.0
1981-04-25,0.0
1981-04-26,0.20064636375560913
1981-04-27,0.0
1981-04-28,0.0
1981-04-29,0.0
1981-04-30,0.0
1981-05-01,0.0
1981-05-02,0.0
1981-05-03,0.0
1981-05-04,0.0
1981-05-05,3.716964467088559
1981-05-06,1.6066762348871562
1981-05-07,0.0
1981-05-08,0.0
1981-05-09,0.0
1981-05-10,0.0
1981-05-11,0.0
1981-05-12,0.0
1981-05-13,0.0
1981-05-14,0.0
1981-05-15,0.0
1981-05-16,0.0
1981-05-17,0.0
1981-05-18,0.0
1981-05-19,0.0
1981-05-20,0.0
1981-05-21,0.0
1981-05-22,2.062674237306787
1981-05-23,1.8701518539375779
1981-05-24,0.4428361555931969
1981-05-25,0.9169466432062532
1981-05-26,0.0
1981-05-27,24.744265571775273
1981-05-28,0.0
1981-05-29,0.9989830567742114
1981-05-30,13.823916075049334
1981-05-31,0.0
1981-06-01,0.0
1981-06-02,0.23381135689042554
1981-06-03,21.528013221725747
1981-06-04,3.0690284412411715
1981-06-05,0.0
1981-06-06,0.0
1981-06-07,0.09825908958324593
1981-06-08,17.49212823024258
1981-06-09,7.6528058141499224
1981-06-10,15.014351651683883
1981-06-11,6.297195259459593
1981-06-12,0.0
1981-06-13,6.6365068204554785
1981-06-14,6.642670224216978
1981-06-15,6.293817283316858
1981-06-16,0.020563148996719172
1981-06-17,0.0
1981-06-18,0.0
1981-06-19,0.0
1981-06-20,0.0
1981-06-21,0.0
1981-06-22,0.0
1981-06-23,0.0
1981-06-24,0.0
1981-06-25,0.0
1981-06-26,0.0
1981-06-27,7.071210170008963
1981-06-28,7.071210170008963
1981-06-29,14.135717609454941
1981-06-30,0.0
1981-07-01,0.0
1981-07-02,0.0
1981-07-03,4.581812917757514
1981-07-04,4.393543719384235
1981-07-05,0.0
1981-07-06,0.16091696797481408
1981-07-07,0.0
1981-07-08,8.852696526538917
1981-07-09,6.614752489558958
1981-07-10,6.527457540647024
1981-07-11,6.696488967176151
1981-07-12,0.0
1981-07-13,10.483739021057614
1981-07-14,0.0
1981-07-15,0.0
1981-07-16,6.654545010222049
1981-07-17,0.09474979162903577
1981-07-18,0.0
1981-07-19,2.5977394840160826
1981-07-20,6.654545010222049
1981-07-21,4.6239296919764055
1981-07-22,4.772036503057979
1981-07-23,0.0
1981-07-24,0.0
1981-07-25,9.555852007919539
1981-07-26,4.926824223861884
1981-07-27,4.993132632370098
1981-07-28,4.926824223861884
1981-07-29,0.0
1981-07-30,2.390264994759025
1981-07-31,0.0
1981-08-01,0.0
1981-08-02,10.34277885694322
1981-08-03,0.0
1981-08-04,0.07372814126255371
1981-08-05,7.26422482810727
1981-08-06,4.576603666705648
1981-08-07,4.576603666705648
1981-08-08,4.377038061054164
1981-08-09,0.0
1981-08-10,0.0
1981-08-11,3.324089624951012
1981-08-12,0.0
1981-08-13,6.699067482925494
1981-08-14,0.0
1981-08-15,0.0
1981-08-16,0.0
1981-08-17,0.0
1981-08-18,0.0
1981-08-19,0.0
1981-08-20,3.987590352403374
1981-08-21,0.0
1981-08-22,16.10777441246619
1981-08-23,7.905618668931999
1981-08-24,8.053887206233094
1981-08-25,3.8161465461099344
1981-08-26,4.331336907491716
1981-08-27,4.180606941961839
1981-08-28,4.322673926957602
1981-08-29,0.0
1981-08-30,0.0
1981-08-31,0.0
1981-09-01,8.740672559266502
1981-09-02,0.0
1981-09-03,1.166435294344984
1981-09-04,1.1791614220894189
1981-09-05,0.0
1981-09-06,0.0
1981-09-07,4.629232628801813
1981-09-08,9.253820911271266
1981-09-09,0.0
1981-09-10,0.0
1981-09-11,0.0
1981-09-12,0.0
1981-09-13,0.0
1981-09-14,0.0
1981-09-15,0.0
1981-09-16,0.13285111116485987
1981-09-17,9.36763054654614
1981-09-18,14.400909603667476
1981-09-19,0.0
1981-09-20,0.0
1981-09-21,0.0
1981-09-22,20.88991882040924
1981-09-23,0.0
1981-09-24,9.708608514617588
1981-09-25,0.0
1981-09-26,0.7361498262758122
1981-09-27,1.1503754326838167
1981-09-28,0.0
1981-09-29,0.0
1981-09-30,0.0
1981-10-01,0.0
1981-10-02,0.0
1981-10-03,0.0
1981-10-04,0.0
1981-10-05,15.632210419657898
1981-10-06,0.0
1981-10-07,0.0
1981-10-08,0.0
1981-10-09,0.0
1981-10-10,0.0
1981-10-11,7.065339392644014
1981-10-12,0.0
1981-10-13,0.0
1981-10-14,0.0
1981-10-15,0.0
1981-10-16,0.0
1981-10-17,0.0
1981-10-18,0.0
1981-10-19,0.0
1981-10-20,0.0
1981-10-21,0.0
1981-10-22,0.0
1981-10-23,0.0
1981-10-24,0.0
1981-10-25,0.0
1981-10-26,12.960037687328409
1981-10-27,25.920075374656818
1981-10-28,0.0
1981-10-29,5.799129510588305
1981-10-30,0.0
1981-10-31,0.0
1981-11-01,0.0
1981-11-02,0.0
1981-11-03,0.0
1981-11-04,5.823771294549484
1981-11-05,0.0
1981-11-06,0.0
1981-11-07,0.0
1981-11-08,0.0
1981-11-09,0.0
1981-11-10,0.0
1981-11-11,0.0
1981-11-12,0.0
1981-11-13,0.0
1981-11-14,0.0
1981-11-15,0.0
1981-11-16,0.0
1981-11-17,0.0
1981-11-18,0.0
1981-11-19,0.0
1981-11-20,0.0
1981-11-21,0.0
1981-11-22,0.0
1981-11-23,0.0
1981-11-24,0.0
1981-11-25,0.0
1981-11-26,0.0
1981-11-27,0.0
1981-11-28,3.5069067658412076
1981-11-29,0.0
1981-11-30,0.0
1981-12-01,0.0
1981-12-02,0.0
1981-12-03,0.0
1981-12-04,0.0049766534726074264
1981-12-05,0.0
1981-12-06,0.0
1981-12-07,0.0
1981-12-08,0.0
1981-12-09,0.0
1981-12-10,0.0
1981-12-11,0.0
1981-12-12,0.0
1981-12-13,0.0
1981-12-14,0.0
1981-12-15,0.0
1981-12-16,0.0
1981-12-17,0.0
1981-12-18,0.0
1981-12-19,0.0
1981-12-20,0.0
1981-12-21,0.0
1981-12-22,0.0
1981-12-23,0.0
1981-12-24,0.0
1981-12-25,14.408275812187297
1981-12-26,0.0
1981-12-27,0.0
1981-12-28,0.0
1981-12-29,0.0
1981-12-30,0.0
1981-12-31,0.0
1982-01-01,0.0
1982-01-02,0.0
1982-01-03,0.0
1982-01-04,0.0
1982-01-05,4.611499666846628
1982-01-06,0.0
1982-01-07,0.0
1982-01-08,0.0
1982-01-09,0.0
1982-01-10,0.0
1982-01-11,0.0
1982-01-12,0.0
1982-01-13,0.0
1982-01-14,0.0
1982-01-15,0.0
1982-01-16,0.0
1982-01-17,0.0
1982-01-18,0.0
1982-01-19,0.0
1982-01-20,0.0
1982-01-21,0.0
1982-01-22,0.0
1982-01-23,0.0
1982-01-24,0.7089843011017977
1982-01-25,0.0
1982-01-26,1.1550430107134828
1982-01-27,0.05452046766973955
1982-01-28,0.0
1982-01-29,0.0
1982-01-30,0.0
1982-01-31,0.0
1982-02-01,0.0
1982-02-02,0.0
1982-02-03,7.957544445043524
1982-02-04,0.0
1982-02-05,0.0
1982-02-06,0.0
1982-02-07,0.0
1982-02-08,0.0
1982-02-09,0.0
1982-02-10,4.577762721975742
1982-02-11,0.0
1982-02-12,0.0
1982-02-13,0.0
1982-02-14,0.0
1982-02-15,0.0
1982-02-16,1.4237498716154888
1982-02-17,0.0
1982-02-18,0.0
1982-02-19,0.0
1982-02-20,3.7368611406094785
1982-02-21,0.0
1982-02-22,0.0
1982-02-23,0.0
1982-02-24,0.0
1982-02-25,0.0
1982-02-26,0.0
1982-02-27,0.0
1982-02-28,3.380786075204687
1982-03-01,0.0
1982-03-02,1.2032766181192966
1982-03-03,0.0
1982-03-04,0.0
1982-03-05,0.0
1982-03-06,0.0
1982-03-07,0.0
1982-03-08,0.0
1982-03-09,0.0
1982-03-10,0.0
1982-03-11,0.2537847764024534
1982-03-12,0.0
1982-03-13,0.0
1982-03-14,0.0
1982-03-15,0.0
1982-03-16,0.0
1982-03-17,0.0
1982-03-18,0.0
1982-03-19,0.0
1982-03-20,0.0
1982-03-21,0.0
1982-03-22,0.0
1982-03-23,0.0
1982-03-24,0.0
1982-03-25,0.0
1982-03-26,5.925298271865684
1982-03-27,0.0
1982-03-28,0.0
1982-03-29,0.0
1982-03-30,0.0
1982-03-31,0.0
1982-04-01,0.0
1982-04-02,3.1415554299514823
1982-04-03,0.0
1982-04-04,0.0
1982-04-05,0.0
1982-04-06,0.0
1982-04-07,0.0
1982-04-08,0.0
1982-04-09,0.0
1982-04-10,0.0
1982-04-11,0.0
1982-04-12,0.0
1982-04-13,0.0
1982-04-14,0.0
1982-04-15,0.0
1982-04-16,0.0
1982-04-17,0.0
1982-04-18,0.0
1982-04-19,0.0
1982-04-20,0.0
1982-04-21,0.0
1982-04-22,0.0
1982-04-23,0.0
1982-04-24,0.0
1982-04-25,0.0
1982-04-26,0.0
1982-04-27,0.0
1982-04-28,0.08548682041087842
1982-04-29,1.9430262774141231
1982-04-30,8.958121604355627
1982-05-01,0.0
1982-05-02,0.0
1982-05-03,0.0
1982-05-04,0.0
1982-05-05,0.0
1982-05-06,0.0
1982-05-07,0.0
1982-05-08,0.0
1982-05-09,0.0
1982-05-10,0.0
1982-05-11,0.0
1982-05-12,0.0
1982-05-13,0.0
1982-05-14,0.0
1982-05-15,3.772844627390523
1982-05-16,0.0
1982-05-17,0.0
1982-05-18,0.0
1982-05-19,0.0
1982-05-20,0.0
1982-05-21,0.0
1982-05-22,10.093449829415073
1982-05-23,0.0
1982-05-24,0.0
1982-05-25,0.0
1982-05-26,0.0
1982-05-27,0.0
1982-05-28,0.0
1982-05-29,0.0
1982-05-30,0.0
1982-05-31,17.1793293863959
1982-06-01,0.0
1982-06-02,0.0
1982-06-03,0.0
1982-06-04,0.0
1982-06-05,0.0
1982-06-06,0.0
1982-06-07,0.0
1982-06-08,0.0
1982-06-09,0.23534146303369585
1982-06-10,0.0
1982-06-11,0.0
1982-06-12,0.0
1982-06-13,0.5952282464047619
1982-06-14,0.7560459010120553
1982-06-15,14.591844922231827
1982-06-16,0.0
1982-06-17,0.0
1982-06-18,0.0
1982-06-19,11.207075593634913
1982-06-20,22.414151187269827
1982-06-21,4.126375362778882
1982-06-22,0.0
1982-06-23,0.0
1982-06-24,0.0
1982-06-25,9.168217344715837
1982-06-26,0.0
1982-06-27,7.765889611129533
1982-06-28,0.0
1982-06-29,0.0
1982-06-30,0.0
1982-07-01,0.0
1982-07-02,1.7802790678586473
1982-07-03,0.0
1982-07-04,3.486674977554452
1982-07-05,3.486674977554452
1982-07-06,0.0
1982-07-07,0.0
1982-07-08,10.809649245660353
1982-07-09,4.734103213183549
1982-07-10,0.0
1982-07-11,5.979329369221713
1982-07-12,6.196436165018392
1982-07-13,12.392872330036784
1982-07-14,3.3065823134642365
1982-07-15,12.181928160722139
1982-07-16,5.868983368356465
1982-07-17,0.0
1982-07-18,0.0
1982-07-19,0.0
1982-07-20,4.787313779104505
1982-07-21,0.0
1982-07-22,18.63857319014866
1982-07-23,0.0
1982-07-24,0.0
1982-07-25,6.212857948337425
1982-07-26,7.436143157736178
1982-07-27,3.0517181266046465
1982-07-28,1.5698194497212419
1982-07-29,4.62153757632589
1982-07-30,0.0
1982-07-31,0.0
1982-08-01,6.036156672773917
1982-08-02,5.83741395900946
1982-08-03,0.0
1982-08-04,0.0
1982-08-05,5.754240012684805
1982-08-06,3.0958409535697147
1982-08-07,1.5878718769588465
1982-08-08,0.0
1982-08-09,3.0958409535697147
1982-08-10,6.191681907139429
1982-08-11,6.7971201709999525
1982-08-12,1.599680531558605
1982-08-13,0.0
1982-08-14,0.0
1982-08-15,0.0
1982-08-16,0.0
1982-08-17,0.0
1982-08-18,0.0
1982-08-19,11.868840087907781
1982-08-20,8.07290866644411
1982-08-21,12.270271790056702
1982-08-22,0.0
1982-08-23,0.0
1982-08-24,0.0
1982-08-25,0.0
1982-08-26,0.0
1982-08-27,4.88784368099438
1982-08-28,5.10831561703587
1982-08-29,10.301457533080841
1982-08-30,15.189301214075218
1982-08-31,0.0
1982-09-01,5.143394294998376
1982-09-02,0.0
1982-09-03,0.0
1982-09-04,0.106041217610942
1982-09-05,0.2150949321575568
1982-09-06,0.0
1982-09-07,6.581565848730234
1982-09-08,6.581565848730234
1982-09-09,0.0
1982-09-10,0.0
1982-09-11,0.0
1982-09-12,0.0
1982-09-13,0.0
1982-09-14,0.0
1982-09-15,10.823183371782552
1982-09-16,6.825481786952406
1982-09-17,14.087518259580305
1982-09-18,4.637349484081118
1982-09-19,5.299828357374437
1982-09-20,2.724341711103472
1982-09-21,0.0
1982-09-22,0.0
1982-09-23,12.517339487362538
1982-09-24,19.885914239646823
1982-09-25,12.269026223989934
1982-09-26,0.0
1982-09-27,0.0
1982-09-28,0.0
1982-09-29,0.0
1982-09-30,0.0
1982-10-01,0.0
1982-10-02,20.575022332844974
1982-10-03,12.558654214547008
1982-10-04,24.57390885978084
1982-10-05,0.0
1982-10-06,0.0
1982-10-07,0.0
1982-10-08,0.0
1982-10-09,0.0
1982-10-10,0.0
1982-10-11,0.0
1982-10-12,0.0
1982-10-13,0.0
1982-10-14,0.0
1982-10-15,0.2954916487068548
1982-10-16,2.4054089464683686
1982-10-17,0.0
1982-10-18,0.0
1982-10-19,0.0
1982-10-20,0.0
1982-10-21,0.0
1982-10-22,0.0
1982-10-23,0.0
1982-10-24,0.0
1982-10-25,0.0
1982-10-26,0.0
1982-10-27,0.0
1982-10-28,0.0
1982-10-29,6.97545385585819
1982-10-30,0.34433980766586203
1982-10-31,0.0
1982-11-01,7.369579883921461
1982-11-02,0.0
1982-11-03,0.0
1982-11-04,33.52246507833739
1982-11-05,0.0
1982-11-06,0.0
1982-11-07,0.0
1982-11-08,0.0
1982-11-09,0.0
1982-11-10,0.0
1982-11-11,0.0
1982-11-12,0.0
1982-11-13,0.0
1982-11-14,0.0
1982-11-15,0.0
1982-11-16,0.0
1982-11-17,0.0
1982-11-18,0.0
1982-11-19,0.0
1982-11-20,0.0
1982-11-21,0.0
1982-11-22,0.0
1982-11-23,0.0
1982-11-24,0.0
1982-11-25,0.0
1982-11-26,0.0
1982-11-27,0.0
1982-11-28,0.0
1982-11-29,0.0
1982-11-30,0.0
1982-12-01,0.0
1982-12-02,0.0
1982-12-03,0.0
1982-12-04,0.0
1982-12-05,0.0
1982-12-06,47.60896501546273
1982-12-07,0.0
1982-12-08,0.0
1982-12-09,0.0
1982-12-10,0.0
1982-12-11,0.0
1982-12-12,0.0
1982-12-13,0.0
1982-12-14,0.0
1982-12-15,0.0
1982-12-16,3.411765775401658
1982-12-17,0.0
1982-12-18,0.0
1982-12-19,0.0
1982-12-20,0.0
1982-12-21,0.0
1982-12-22,0.0
1982-12-23,0.0
1982-12-24,0.0
1982-12-25,0.0
1982-12-26,2.9304486663192786
1982-12-27,12.43787104381799
1982-12-28,0.0
1982-12-29,0.0
1982-12-30,0.0
1982-12-31,0.0
1983-01-01,0.0
1983-01-02,0.0
1983-01-03,2.948057496773935
1983-01-04,0.6925929016446492
1983-01-05,3.79022297687571
1983-01-06,1.9083365436833497
1983-01-07,0.0
1983-01-08,0.0
1983-01-09,1.655871833008671
1983-01-10,9.804002523792372
1983-01-11,0.0
1983-01-12,0.0
1983-01-13,2.7427039974766068
1983-01-14,0.0
1983-01-15,0.0924895943463183
1983-01-16,12.088170508152745
1983-01-17,0.0
1983-01-18,0.0
1983-01-19,0.0
1983-01-20,0.0
1983-01-21,0.0
1983-01-22,0.0
1983-01-23,0.0
1983-01-24,0.0
1983-01-25,0.0
1983-01-26,0.0
1983-01-27,0.0
1983-01-28,0.0
1983-01-29,0.0
1983-01-30,0.0
1983-01-31,0.0
1983-02-01,0.0
1983-02-02,0.0
1983-02-03,0.0
1983-02-04,0.0
1983-02-05,0.0
1983-02-06,0.0
1983-02-07,0.0
1983-02-08,0.0
1983-02-09,0.0
1983-02-10,0.0
1983-02-11,3.4179615653090325
1983-02-12,22.157239258699132
1983-02-13,0.19740296869538104
1983-02-14,0.0
1983-02-15,0.0
1983-02-16,0.0
1983-02-17,0.0
1983-02-18,0.0
1983-02-19,5.276472129186661
1983-02-20,0.0
1983-02-21,0.0
1983-02-22,0.0
1983-02-23,1.4251409574662823
1983-02-24,0.0
1983-02-25,13.686899037550441
1983-02-26,5.9841405540214705
1983-02-27,0.0
1983-02-28,0.0
1983-03-01,0.0
1983-03-02,0.0
1983-03-03,0.0
1983-03-04,0.0
1983-03-05,0.0
1983-03-06,0.0
1983-03-07,0.0
1983-03-08,0.0
1983-03-09,0.0
1983-03-10,0.0
1983-03-11,0.0
1983-03-12,0.0
1983-03-13,0.0
1983-03-14,4.6575804353005825
1983-03-15,0.0
1983-03-16,0.0
1983-03-17,0.0
1983-03-18,0.0
1983-03-19,0.0
1983-03-20,0.0
1983-03-21,0.0
1983-03-22,0.0
1983-03-23,0.0
1983-03-24,0.0
1983-03-25,0.0
1983-03-26,0.0
1983-03-27,0.0
1983-03-28,2.154850493440367
1983-03-29,0.0
1983-03-30,0.0
1983-03-31,1.846698371742296
1983-04-01,0.0
1983-04-02,0.0
1983-04-03,0.0
1983-04-04,0.0
1983-04-05,0.0
1983-04-06,0.0
1983-04-07,0.0
1983-04-08,0.0
1983-04-09,0.0
1983-04-10,0.0
1983-04-11,0.0
1983-04-12,0.0
1983-04-13,0.0
1983-04-14,0.0
1983-04-15,4.975893993891036
1983-04-16,0.0
1983-04-17,0.0
1983-04-18,0.0
1983-04-19,0.0
1983-04-20,0.0
1983-04-21,0.0
1983-04-22,0.0
1983-04-23,0.0
1983-04-24,0.0
1983-04-25,0.0
1983-04-26,0.0
1983-04-27,0.0
1983-04-28,0.0
1983-04-29,5.637458449930151
1983-04-30,0.0
1983-05-01,0.0
1983-05-02,0.0
1983-05-03,0.0
1983-05-04,0.0
1983-05-05,0.0
1983-05-06,0.0
1983-05-07,0.0
1983-05-08,0.0
1983-05-09,0.0
1983-05-10,0.0
1983-05-11,0.0
1983-05-12,0.0
1983-05-13,0.0
1983-05-14,0.0
1983-05-15,0.0
1983-05-16,0.0
1983-05-17,0.0
1983-05-18,0.0
1983-05-19,0.0
1983-05-20,0.0
1983-05-21,0.0
1983-05-22,0.0
1983-05-23,0.0
1983-05-24,0.0
1983-05-25,0.0
1983-05-26,0.0
1983-05-27,0.0
1983-05-28,0.0
1983-05-29,18.02817585919778
1983-05-30,0.0
1983-05-31,0.0
1983-06-01,0.0
1983-06-02,0.0
1983-06-03,0.0
1983-06-04,0.0
1983-06-05,0.0
1983-06-06,0.0
1983-06-07,0.0
1983-06-08,0.0
1983-06-09,0.0
1983-06-10,0.0
1983-06-11,0.0
1983-06-12,0.0
1983-06-13,0.0
1983-06-14,0.0
1983-06-15,9.965910495832631
1983-06-16,0.0
1983-06-17,0.0
1983-06-18,0.0
1983-06-19,0.2782257960420769
1983-06-20,0.0
1983-06-21,0.0
1983-06-22,27.329952616408015
1983-06-23,18.71051135729561
1983-06-24,9.022105445284103
1983-06-25,0.0
1983-06-26,0.0
1983-06-27,39.30018837802502
1983-06-28,0.0
1983-06-29,0.0
1983-06-30,0.0
1983-07-01,0.0
1983-07-02,0.0
1983-07-03,8.441367668294715
1983-07-04,0.0
1983-07-05,0.0
1983-07-06,0.0
1983-07-07,0.0
1983-07-08,17.724140750052406
1983-07-09,11.786235306609916
1983-07-10,0.0
1983-07-11,12.685719718083465
1983-07-12,17.412244613348207
1983-07-13,0.0
1983-07-14,8.289719865835997
1983-07-15,0.0
1983-07-16,0.0
1983-07-17,9.798059373702161
1983-07-18,6.4523749855335675
1983-07-19,3.106690597364976
1983-07-20,0.0
1983-07-21,0.19772718656963106
1983-07-22,13.081455980073745
1983-07-23,25.785966582017732
1983-07-24,0.0
1983-07-25,6.328854512054915
1983-07-26,5.275606416573494
1983-07-27,10.713199973374538
1983-07-28,0.0
1983-07-29,0.0
1983-07-30,5.176705496923718
1983-07-31,10.713199973374538
1983-08-01,7.789012837175047
1983-08-02,0.0
1983-08-03,7.354509544656574
1983-08-04,0.0
1983-08-05,15.567071816111689
1983-08-06,0.09556392714939724
1983-08-07,3.3614587442384614
1983-08-08,0.0
1983-08-09,3.4028351351255743
1983-08-10,3.6404648315270913
1983-08-11,0.0
1983-08-12,0.0
1983-08-13,0.0
1983-08-14,0.0
1983-08-15,0.0
1983-08-16,0.0
1983-08-17,0.0
1983-08-18,0.0
1983-08-19,0.0
1983-08-20,6.006537885269781
1983-08-21,7.850557432509163
1983-08-22,0.0
1983-08-23,0.0
1983-08-24,8.226215862213378
1983-08-25,0.0
1983-08-26,0.09628306522012244
1983-08-27,0.0
1983-08-28,0.0
1983-08-29,0.0
1983-08-30,3.7261286984113027
1983-08-31,0.0
1983-09-01,0.0
1983-09-02,0.0
1983-09-03,22.009498630938587
1983-09-04,21.861834954842298
1983-09-05,10.936768534488445
1983-09-06,0.0
1983-09-07,0.0
1983-09-08,9.031272047301666
1983-09-09,0.0
1983-09-10,0.0
1983-09-11,12.634694875618
1983-09-12,0.0
1983-09-13,12.803304480240342
1983-09-14,6.571622516191668
1983-09-15,0.0
1983-09-16,6.896783461049681
1983-09-17,13.793566922099362
1983-09-18,0.09915534837298136
1983-09-19,0.0
1983-09-20,0.0
1983-09-21,9.13796835743656
1983-09-22,0.0
1983-09-23,0.0
1983-09-24,0.0
1983-09-25,0.0
1983-09-26,0.0
1983-09-27,0.0
1983-09-28,0.0
1983-09-29,0.0
1983-09-30,0.0
1983-10-01,0.0
1983-10-02,0.0
1983-10-03,0.0
1983-10-04,0.0
1983-10-05,0.0
1983-10-06,0.0
1983-10-07,0.0
1983-10-08,0.0
1983-10-09,0.0
1983-10-10,0.0
1983-10-11,5.687584727450181
1983-10-12,0.0
1983-10-13,24.61697227568189
1983-10-14,0.0
1983-10-15,24.019878206373008
1983-10-16,17.55689418250547
1983-10-17,0.0
1983-10-18,0.0
1983-10-19,0.0
1983-10-20,0.0
1983-10-21,0.0
1983-10-22,10.845241082287588
1983-10-23,0.5822261066048202
1983-10-24,0.0
1983-10-25,0.0
1983-10-26,0.0
1983-10-27,0.0
1983-10-28,0.0
1983-10-29,0.0
1983-10-30,0.0
1983-10-31,0.0
1983-11-01,0.0
1983-11-02,0.0
1983-11-03,0.0
1983-11-04,0.0
1983-11-05,0.0
1983-11-06,0.0
1983-11-07,0.0
1983-11-08,0.0
1983-11-09,0.0
1983-11-10,14.281439131900012
1983-11-11,0.0
1983-11-12,0.0
1983-11-13,0.0
1983-11-14,0.0
1983-11-15,0.0
1983-11-16,0.0
1983-11-17,0.0
1983-11-18,0.0
1983-11-19,0.0
1983-11-20,0.0
1983-11-21,0.0
1983-11-22,0.0
1983-11-23,0.0
1983-11-24,0.0
1983-11-25,8.079360261864
1983-11-26,0.0
1983-11-27,0.0
1983-11-28,0.0
1983-11-29,0.0
1983-11-30,0.0
1983-12-01,0.0
1983-12-02,0.0
1983-12-03,0.0
1983-12-04,0.0
1983-12-05,0.0
1983-12-06,0.0
1983-12-07,0.0
1983-12-08,23.765823787569197
1983-12-09,0.0
1983-12-10,0.0
1983-12-11,0.4878147529248174
1983-12-12,0.46110935414830345
1983-12-13,0.0
1983-12-14,0.0
1983-12-15,0.0
1983-12-16,0.0
1983-12-17,0.2588760706648923
1983-12-18,0.0
1983-12-19,0.41217005978374516
1983-12-20,0.0
1983-12-21,0.0
1983-12-22,0.0
1983-12-23,5.237703181958314
1983-12-24,0.0
1983-12-25,0.0
1983-12-26,0.0
1983-12-27,0.0
1983-12-28,0.0
1983-12-29,0.0
1983-12-30,0.0
1983-12-31,0.0
1984-01-01,0.0
1984-01-02,0.0
1984-01-03,0.0
1984-01-04,0.0
1984-01-05,0.0
1984-01-06,0.0
1984-01-07,0.0
1984-01-08,0.0
1984-01-09,0.0
1984-01-10,0.0
1984-01-11,0.0
1984-01-12,1.2473138698556971
1984-01-13,0.0
1984-01-14,0.0
1984-01-15,0.0
1984-01-16,0.0
1984-01-17,0.0
1984-01-18,0.0
1984-01-19,6.63164678494808
1984-01-20,4.215281362690386
1984-01-21,0.0
1984-01-22,0.0
1984-01-23,0.0
1984-01-24,0.0
1984-01-25,0.0
1984-01-26,0.0
1984-01-27,0.0
1984-01-28,0.0
1984-01-29,0.0
1984-01-30,0.0
1984-01-31,4.995745385550118
1984-02-01,0.0
1984-02-02,1.0905885365557484
1984-02-03,0.0
1984-02-04,0.0
1984-02-05,0.0
1984-02-06,0.0
1984-02-07,4.299793766428905
1984-02-08,0.0
1984-02-09,0.0
1984-02-10,0.0
1984-02-11,3.575399096427646
1984-02-12,0.0
1984-02-13,0.0
1984-02-14,0.0
1984-02-15,0.0
1984-02-16,0.0
1984-02-17,0.0
1984-02-18,0.0
1984-02-19,0.0
1984-02-20,0.0
1984-02-21,0.0
1984-02-22,0.0
1984-02-23,0.0
1984-02-24,0.0
1984-02-25,6.770880957359529
1984-02-26,0.0
1984-02-27,0.0
1984-02-28,0.0
1984-02-29,0.0
1984-03-01,0.0
1984-03-02,0.0
1984-03-03,0.0
1984-03-04,0.0
1984-03-05,0.0
1984-03-06,0.0
1984-03-07,0.0
1984-03-08,0.0
1984-03-09,0.0
1984-03-10,0.0
1984-03-11,0.0
1984-03-12,0.0
1984-03-13,0.0
1984-03-14,0.0
1984-03-15,0.0
1984-03-16,0.0
1984-03-17,0.0
1984-03-18,0.0
1984-03-19,0.0
1984-03-20,5.207066978130325
1984-03-21,0.0
1984-03-22,0.0
1984-03-23,0.0
1984-03-24,0.0
1984-03-25,0.07073217794491274
1984-03-26,0.0
1984-03-27,0.0
1984-03-28,7.783670756993851
1984-03-29,0.0
1984-03-30,0.0
1984-03-31,0.0
1984-04-01,0.0
1984-04-02,0.04001201700809975
1984-04-03,0.0
1984-04-04,0.0
1984-04-05,0.0
1984-04-06,0.0
1984-04-07,0.0
1984-04-08,0.0
1984-04-09,0.0
1984-04-10,0.0
1984-04-11,0.0
1984-04-12,0.0
1984-04-13,0.0
1984-04-14,0.0
1984-04-15,0.0
1984-04-16,0.0
1984-04-17,0.0
1984-04-18,0.0
1984-04-19,2.717728581963483
1984-04-20,0.0
1984-04-21,0.0
1984-04-22,0.0
1984-04-23,0.0
1984-04-24,0.0
1984-04-25,0.0
1984-04-26,0.0
1984-04-27,0.0
1984-04-28,0.0
1984-04-29,0.0
1984-04-30,0.0
1984-05-01,0.0
1984-05-02,0.0
1984-05-03,0.0
1984-05-04,0.0
1984-05-05,0.0
1984-05-06,0.0
1984-05-07,0.0
1984-05-08,0.0
1984-05-09,0.0
1984-05-10,0.0
1984-05-11,0.0
1984-05-12,0.0
1984-05-13,35.60309690205886
1984-05-14,11.930762708615786
1984-05-15,12.119953344904863
1984-05-16,44.345043826072214
1984-05-17,0.0
1984-05-18,0.0
1984-05-19,0.0
1984-05-20,0.0
1984-05-21,0.0
1984-05-22,0.0
1984-05-23,0.0
1984-05-24,7.349374548282943
1984-05-25,29.2956271111593
1984-05-26,0.0
1984-05-27,13.275339112083742
1984-05-28,13.275339112083742
1984-05-29,0.7397175040968853
1984-05-30,0.1340932087372061
1984-05-31,0.0
1984-06-01,0.0
1984-06-02,0.0
1984-06-03,8.71878762087003
1984-06-04,0.0
1984-06-05,0.18138544180961033
1984-06-06,15.851069228630937
1984-06-07,2.576880267895935
1984-06-08,0.0
1984-06-09,5.283689763826005
1984-06-10,10.561016538465474
1984-06-11,19.025815612164
1984-06-12,0.0
1984-06-13,0.0
1984-06-14,0.0
1984-06-15,0.0
1984-06-16,12.086160281045698
1984-06-17,0.0
1984-06-18,5.589169433428653
1984-06-19,0.0
1984-06-20,0.0
1984-06-21,3.5429209746422514
1984-06-22,0.0
1984-06-23,0.0
1984-06-24,0.0
1984-06-25,0.0
1984-06-26,0.06197997586520094
1984-06-27,0.0
1984-06-28,0.0
1984-06-29,0.0
1984-06-30,0.0
1984-07-01,0.0
1984-07-02,0.0
1984-07-03,0.0
1984-07-04,0.0
1984-07-05,0.0
1984-07-06,0.0
1984-07-07,16.00826638201829
1984-07-08,0.0
1984-07-09,4.756342783908789
1984-07-10,0.30201912276762893
1984-07-11,2.034713897445834
1984-07-12,0.0
1984-07-13,8.121735816830842
1984-07-14,2.2440355566976122
1984-07-15,0.0
1984-07-16,0.0
1984-07-17,2.950399171315388
1984-07-18,7.0449738002294024
1984-07-19,0.0
1984-07-20,0.0
1984-07-21,0.0
1984-07-22,0.0
1984-07-23,0.0
1984-07-24,3.7336054350136836
1984-07-25,3.7336054350136836
1984-07-26,14.136106552062634
1984-07-27,13.419269712177565
1984-07-28,6.709121031819026
1984-07-29,0.5002001555206257
1984-07-30,7.597146707943358
1984-07-31,0.0
1984-08-01,12.914512292667165
1984-08-02,6.6843989120593115
1984-08-03,0.8052347062888967
1984-08-04,1.6922965616424954
1984-08-05,0.0
1984-08-06,3.44273641990761
1984-08-07,3.655370579364728
1984-08-08,0.0
1984-08-09,0.0
1984-08-10,0.0
1984-08-11,0.0
1984-08-12,0.0
1984-08-13,18.334254634753105
1984-08-14,0.0
1984-08-15,0.0
1984-08-16,0.0
1984-08-17,0.0
1984-08-18,0.0
1984-08-19,11.506814465974323
1984-08-20,0.0
1984-08-21,7.702004254047466
1984-08-22,0.0
1984-08-23,0.0
1984-08-24,0.0
1984-08-25,3.3510479183624255
1984-08-26,0.0
1984-08-27,3.109385334206213
1984-08-28,0.0
1984-08-29,1.7066338043175417
1984-08-30,13.68495253932244
1984-08-31,15.956832726569848
1984-09-01,9.365217266542631
1984-09-02,8.194564632909731
1984-09-03,0.0
1984-09-04,8.194564632909731
1984-09-05,0.0
1984-09-06,28.36675588953869
1984-09-07,14.469623302562082
1984-09-08,0.0
1984-09-09,0.0
1984-09-10,8.189093206506135
1984-09-11,2.7765254475365415
1984-09-12,5.488224757132006
1984-09-13,0.0
1984-09-14,8.267022055160696
1984-09-15,24.396724372400637
1984-09-16,5.211225232330789
1984-09-17,10.22362401049366
1984-09-18,5.211225232330789
1984-09-19,10.894625935691836
1984-09-20,0.0
1984-09-21,2.176581458772267
1984-09-22,0.0
1984-09-23,0.0
1984-09-24,13.922030829168664
1984-09-25,0.0
1984-09-26,0.0
1984-09-27,0.0
1984-09-28,0.0
1984-09-29,0.0
1984-09-30,0.0
1984-10-01,2.084914721701757
1984-10-02,8.056265089941904
1984-10-03,5.782443602887396
1984-10-04,0.0
1984-10-05,0.0
1984-10-06,0.0
1984-10-07,0.0
1984-10-08,0.0
1984-10-09,0.0
1984-10-10,0.0
1984-10-11,0.0
1984-10-12,0.0
1984-10-13,0.0
1984-10-14,0.0
1984-10-15,0.0
1984-10-16,0.0
1984-10-17,0.0
1984-10-18,0.0
1984-10-19,0.0
1984-10-20,0.0
1984-10-21,0.0
1984-10-22,0.0
1984-10-23,0.0
1984-10-24,0.0
1984-10-25,0.0
1984-10-26,0.0
1984-10-27,0.0
1984-10-28,2.0375221648740625
1984-10-29,1.5801924616159775
1984-10-30,0.0
1984-10-31,0.0
1984-11-01,0.0
1984-11-02,0.0
1984-11-03,0.0
1984-11-04,0.0
1984-11-05,0.0
1984-11-06,0.0
1984-11-07,0.0
1984-11-08,0.0
1984-11-09,0.0
1984-11-10,0.0
1984-11-11,0.0
1984-11-12,0.0
1984-11-13,0.0
1984-11-14,0.0
1984-11-15,0.0
1984-11-16,0.0
1984-11-17,0.0
1984-11-18,0.0
1984-11-19,0.0
1984-11-20,17.753840784124176
1984-11-21,13.763573998307805
1984-11-22,0.0
1984-11-23,0.0
1984-11-24,0.0
1984-11-25,0.0
1984-11-26,0.0
1984-11-27,0.0
1984-11-28,0.0
1984-11-29,0.0
1984-11-30,0.0
1984-12-01,0.0
1984-12-02,0.0
1984-12-03,0.6731397645070032
1984-12-04,0.0
1984-12-05,0.0
1984-12-06,1.6385867107323553
1984-12-07,0.5931826102825393
1984-12-08,0.0
1984-12-09,0.0
1984-12-10,0.0
1984-12-11,0.0
1984-12-12,0.0
1984-12-13,0.0
1984-12-14,0.0
1984-12-15,0.0
1984-12-16,0.0
1984-12-17,0.0
1984-12-18,0.0
1984-12-19,0.0
1984-12-20,0.0
1984-12-21,0.0
1984-12-22,0.0
1984-12-23,0.0036292610462146297
1984-12-24,0.0
1984-12-25,0.0
1984-12-26,0.0
1984-12-27,0.0
1984-12-28,0.0
1984-12-29,6.897843460474232
1984-12-30,7.0445797383790945
1984-12-31,0.0
1985-01-01,0.0
1985-01-02,0.0
1985-01-03,6.948284469342591
1985-01-04,0.0
1985-01-05,0.0
1985-01-06,0.0
1985-01-07,0.0
1985-01-08,0.0
1985-01-09,0.0
1985-01-10,0.0
1985-01-11,0.0
1985-01-12,0.0
1985-01-13,0.0
1985-01-14,0.0
1985-01-15,0.0
1985-01-16,0.0
1985-01-17,0.0
1985-01-18,4.140034414125562
1985-01-19,0.0
1985-01-20,0.0
1985-01-21,0.0
1985-01-22,0.0
1985-01-23,0.0
1985-01-24,0.0
1985-01-25,0.0
1985-01-26,0.0
1985-01-27,0.0
1985-01-28,0.0
1985-01-29,0.0
1985-01-30,0.0
1985-01-31,0.0
1985-02-01,0.0
1985-02-02,0.0
1985-02-03,0.0
1985-02-04,0.0
1985-02-05,0.0
1985-02-06,0.0
1985-02-07,0.0
1985-02-08,1.9581052342004448
1985-02-09,1.8127161182046057
1985-02-10,0.0
1985-02-11,0.0
1985-02-12,0.0
1985-02-13,0.0
1985-02-14,0.0
1985-02-15,0.0
1985-02-16,0.0
1985-02-17,0.0
1985-02-18,0.0
1985-02-19,6.312785109703755
1985-02-20,1.1994881100578005
1985-02-21,0.0
1985-02-22,0.0
1985-02-23,0.0
1985-02-24,0.0
1985-02-25,0.0
1985-02-26,0.0
1985-02-27,0.0
1985-02-28,0.0
1985-03-01,0.0
1985-03-02,0.0
1985-03-03,0.0
1985-03-04,0.0
1985-03-05,0.0
1985-03-06,0.0
1985-03-07,0.0
1985-03-08,0.0
1985-03-09,2.6674757447037423
1985-03-10,0.0
1985-03-11,0.0
1985-03-12,0.0
1985-03-13,0.0
1985-03-14,0.0
1985-03-15,0.0
1985-03-16,0.0
1985-03-17,0.0
1985-03-18,0.0
1985-03-19,0.0
1985-03-20,0.0
1985-03-21,0.0
1985-03-22,0.0
1985-03-23,0.0
1985-03-24,0.0
1985-03-25,4.813383108867883
1985-03-26,0.0
1985-03-27,2.499720292668022
1985-03-28,0.0
1985-03-29,0.0
1985-03-30,0.0
1985-03-31,0.0
1985-04-01,5.979828255630447
1985-04-02,3.059495545368746
1985-04-03,0.0
1985-04-04,0.0
1985-04-05,0.0
1985-04-06,0.0
1985-04-07,0.0
1985-04-08,0.0
1985-04-09,0.0
1985-04-10,0.0
1985-04-11,0.0
1985-04-12,0.0
1985-04-13,0.0
1985-04-14,0.0
1985-04-15,0.0
1985-04-16,0.0
1985-04-17,5.244033681573223
1985-04-18,0.0
1985-04-19,0.0
1985-04-20,0.0
1985-04-21,0.0
1985-04-22,0.0
1985-04-23,0.0
1985-04-24,0.0
1985-04-25,0.0
1985-04-26,0.0
1985-04-27,0.0
1985-04-28,0.0
1985-04-29,0.0
1985-04-30,0.0
1985-05-01,0.0
1985-05-02,0.0
1985-05-03,0.0
1985-05-04,0.0
1985-05-05,0.0
1985-05-06,0.0
1985-05-07,25.148235947521606
1985-05-08,0.0
1985-05-09,0.0
1985-05-10,1.3601586443878675
1985-05-11,0.0
1985-05-12,0.0
1985-05-13,0.0
1985-05-14,0.0
1985-05-15,0.0
1985-05-16,0.0
1985-05-17,0.0
1985-05-18,0.0
1985-05-19,0.0
1985-05-20,4.312888035071582
1985-05-21,0.0
1985-05-22,0.0
1985-05-23,0.0
1985-05-24,12.905096762134175
1985-05-25,0.0
1985-05-26,0.0
1985-05-27,0.0
1985-05-28,3.9082246836957886
1985-05-29,0.0
1985-05-30,0.0
1985-05-31,0.0
1985-06-01,0.0
1985-06-02,0.0
1985-06-03,0.0
1985-06-04,0.0
1985-06-05,0.0
1985-06-06,0.0
1985-06-07,0.0
1985-06-08,0.0
1985-06-09,6.896542931352357
1985-06-10,14.922144365813745
1985-06-11,6.390295754932945
1985-06-12,0.0
1985-06-13,0.0
1985-06-14,37.558774346419675
1985-06-15,35.86371477911031
1985-06-16,16.03189419405363
1985-06-17,4.757782804056879
1985-06-18,0.0
1985-06-19,0.0
1985-06-20,0.0
1985-06-21,0.0
1985-06-22,0.0
1985-06-23,0.0
1985-06-24,0.0
1985-06-25,0.0
1985-06-26,4.983451129856646
1985-06-27,24.4165519413052
1985-06-28,0.0
1985-06-29,0.0
1985-06-30,0.0
1985-07-01,12.780840898796674
1985-07-02,0.0
1985-07-03,6.390420449398337
1985-07-04,3.1922673455429207
1985-07-05,0.0
1985-07-06,14.755557322718927
1985-07-07,0.0
1985-07-08,0.0
1985-07-09,0.0
1985-07-10,0.0
1985-07-11,9.721289297505798
1985-07-12,3.278458836564876
1985-07-13,0.0
1985-07-14,0.0
1985-07-15,1.646522913256197
1985-07-16,5.757299072105001
1985-07-17,0.19376214061275737
1985-07-18,0.0
1985-07-19,2.796316159963872
1985-07-20,5.8815779144975515
1985-07-21,3.5367105019559752
1985-07-22,0.0
1985-07-23,0.0
1985-07-24,0.0
1985-07-25,0.08826216678294875
1985-07-26,4.02393879823176
1985-07-27,3.5908360698129966
1985-07-28,18.545433145593233
1985-07-29,0.0
1985-07-30,2.1653079212012134
1985-07-31,7.91163794408109
1985-08-01,0.0
1985-08-02,6.987619888554756
1985-08-03,7.985851480764223
1985-08-04,0.0
1985-08-05,7.985851480764223
1985-08-06,0.0
1985-08-07,3.5616264956096355
1985-08-08,0.0
1985-08-09,3.6090502390347714
1985-08-10,3.6090502390347714
1985-08-11,2.28790007251541
1985-08-12,0.0
1985-08-13,0.0
1985-08-14,4.432208999482959
1985-08-15,0.21740937859175938
1985-08-16,0.0
1985-08-17,0.0
1985-08-18,2.322537821682182
1985-08-19,0.0
1985-08-20,4.654611511639574
1985-08-21,4.99883742881313
1985-08-22,4.808730304239291
1985-08-23,0.0
1985-08-24,4.99883742881313
1985-08-25,9.99767485762626
1985-08-26,0.0
1985-08-27,3.3694469819741037
1985-08-28,0.0
1985-08-29,6.355585988142059
1985-08-30,0.0
1985-08-31,3.2800011766714894
1985-09-01,0.0
1985-09-02,0.0
1985-09-03,0.0
1985-09-04,1.6597461769933828
1985-09-05,13.07708011102802
1985-09-06,0.0
1985-09-07,3.681993333845352
1985-09-08,7.363986667690704
1985-09-09,5.3660996841227835
1985-09-10,0.0
1985-09-11,0.0
1985-09-12,0.0
1985-09-13,0.0
1985-09-14,0.0
1985-09-15,0.0
1985-09-16,2.284775763656599
1985-09-17,2.6878763967618937
1985-09-18,1.9873905628461654
1985-09-19,3.0244058911890943
1985-09-20,2.427330922257843
1985-09-21,0.0
1985-09-22,16.803630302090056
1985-09-23,7.8146838081301135
1985-09-24,0.0
1985-09-25,33.60726060418011
1985-09-26,13.59315442895419
1985-09-27,0.0
1985-09-28,0.0
1985-09-29,0.0
1985-09-30,0.0
1985-10-01,0.0
1985-10-02,0.947190278142146
1985-10-03,0.0
1985-10-04,3.2231660564223072
1985-10-05,0.0
1985-10-06,7.985384939016244
1985-10-07,0.0
1985-10-08,0.0
1985-10-09,0.0
1985-10-10,0.0
1985-10-11,0.0
1985-10-12,9.64727278426207
1985-10-13,0.0
1985-10-14,0.0
1985-10-15,4.921837668619359
1985-10-16,0.0
1985-10-17,0.0
1985-10-18,0.0
1985-10-19,0.0
1985-10-20,0.0
1985-10-21,6.38920869858392
1985-10-22,9.287186983688224
1985-10-23,4.253884332124048
1985-10-24,4.270701957482431
1985-10-25,6.980356818327481
1985-10-26,0.0
1985-10-27,0.0
1985-10-28,0.0
1985-10-29,0.0
1985-10-30,0.0
1985-10-31,0.0
1985-11-01,0.0
1985-11-02,0.0
1985-11-03,0.0
1985-11-04,0.0
1985-11-05,0.0
1985-11-06,0.0
1985-11-07,0.0
1985-11-08,0.0
1985-11-09,0.0
1985-11-10,0.0
1985-11-11,0.0
1985-11-12,0.0
1985-11-13,0.0
1985-11-14,0.0
1985-11-15,0.0
1985-11-16,0.0
1985-11-17,0.0
1985-11-18,0.0
1985-11-19,0.0
1985-11-20,0.0
1985-11-21,0.006779928237310257
1985-11-22,0.0
1985-11-23,0.0
1985-11-24,0.0
1985-11-25,0.0
1985-11-26,0.0
1985-11-27,0.0
1985-11-28,0.0
1985-11-29,19.507117579887712
1985-11-30,9.753558789943856
1985-12-01,0.0
1985-12-02,10.919578142727834
1985-12-03,0.0
1985-12-04,5.493298274567381
1985-12-05,37.35370077946507
1985-12-06,0.0
1985-12-07,0.0
1985-12-08,0.0
1985-12-09,0.0
1985-12-10,0.0
1985-12-11,0.0
1985-12-12,0.0
1985-12-13,0.0
1985-12-14,0.0
1985-12-15,0.0
1985-12-16,0.0
1985-12-17,0.0
1985-12-18,0.0
1985-12-19,0.0
1985-12-20,0.0
1985-12-21,0.0
1985-12-22,0.0
1985-12-23,0.0
1985-12-24,0.0
1985-12-25,0.0
1985-12-26,0.0
1985-12-27,0.0
1985-12-28,0.0
1985-12-29,0.0
1985-12-30,0.0
1985-12-31,0.0
1986-01-01,0.0
1986-01-02,0.0
1986-01-03,0.0
1986-01-04,0.0
1986-01-05,0.0
1986-01-06,0.0
1986-01-07,0.0
1986-01-08,0.0
1986-01-09,0.0
1986-01-10,1.661339723191038
1986-01-11,0.0
1986-01-12,1.4071633325225745
1986-01-13,0.0
1986-01-14,0.0
1986-01-15,0.0
1986-01-16,0.0
1986-01-17,0.0
1986-01-18,7.586671377767032
1986-01-19,0.0
1986-01-20,0.0
1986-01-21,0.0
1986-01-22,0.0
1986-01-23,4.0975772310745295
1986-01-24,0.0
1986-01-25,0.0
1986-01-26,0.0
1986-01-27,0.0013935075333313099
1986-01-28,0.0
1986-01-29,0.0
1986-01-30,0.0
1986-01-31,0.0
1986-02-01,0.0
1986-02-02,0.0
1986-02-03,0.0
1986-02-04,1.5503884670727832
1986-02-05,0.0
1986-02-06,2.1314870002805075
1986-02-07,0.0
1986-02-08,0.0
1986-02-09,0.0
1986-02-10,0.0
1986-02-11,0.0
1986-02-12,0.7215552466437567
1986-02-13,1.6620180028150302
1986-02-14,0.0
1986-02-15,0.0
1986-02-16,0.0
1986-02-17,0.0
1986-02-18,0.0
1986-02-19,0.0
1986-02-20,0.0
1986-02-21,0.0
1986-02-22,0.0
1986-02-23,0.0
1986-02-24,0.0
1986-02-25,0.0
1986-02-26,0.0
1986-02-27,0.0
1986-02-28,0.0
1986-03-01,0.0
1986-03-02,0.0
1986-03-03,0.0
1986-03-04,0.0
1986-03-05,0.0
1986-03-06,0.0
1986-03-07,1.1981092041686887
1986-03-08,0.0
1986-03-09,0.038117439435718284
1986-03-10,0.0
1986-03-11,0.0
1986-03-12,0.0
1986-03-13,0.0
1986-03-14,0.0
1986-03-15,0.0
1986-03-16,0.035917083071094195
1986-03-17,0.0
1986-03-18,0.0
1986-03-19,0.0
1986-03-20,1.4635687396957135
1986-03-21,0.0
1986-03-22,0.0
1986-03-23,0.0
1986-03-24,0.0
1986-03-25,0.0
1986-03-26,0.0
1986-03-27,0.0
1986-03-28,0.0
1986-03-29,0.0
1986-03-30,0.0
1986-03-31,0.0
1986-04-01,0.0
1986-04-02,0.0
1986-04-03,0.0
1986-04-04,0.0
1986-04-05,0.0
1986-04-06,0.0
1986-04-07,0.0
1986-04-08,0.0
1986-04-09,0.0
1986-04-10,0.0
1986-04-11,0.0
1986-04-12,0.0
1986-04-13,0.0
1986-04-14,0.0
1986-04-15,0.0
1986-04-16,0.0
1986-04-17,0.0
1986-04-18,0.0
1986-04-19,0.0
1986-04-20,0.0
1986-04-21,0.0
1986-04-22,0.0
1986-04-23,0.0
1986-04-24,0.0
1986-04-25,0.8829738454054589
1986-04-26,0.0
1986-04-27,0.0
1986-04-28,0.0
1986-04-29,0.6763007754069132
1986-04-30,0.0
1986-05-01,0.0
1986-05-02,0.0
1986-05-03,0.0
1986-05-04,0.0
1986-05-05,0.0
1986-05-06,0.0
1986-05-07,0.0
1986-05-08,0.0
1986-05-09,0.0
1986-05-10,0.0
1986-05-11,0.0
1986-05-12,0.0
1986-05-13,0.0
1986-05-14,0.0
1986-05-15,0.0
1986-05-16,0.0
1986-05-17,0.0
1986-05-18,0.0
1986-05-19,0.0
1986-05-20,0.0
1986-05-21,10.059932702455532
1986-05-22,0.0
1986-05-23,0.0
1986-05-24,0.0
1986-05-25,0.0
1986-05-26,2.937628083328322
1986-05-27,5.861742349796918
1986-05-28,5.423001161120337
1986-05-29,12.965201587711451
1986-05-30,1.3911676705686165
1986-05-31,11.809255433974672
1986-06-01,2.3196407692840997
1986-06-02,0.0
1986-06-03,0.0
1986-06-04,0.0
1986-06-05,0.0
1986-06-06,0.0
1986-06-07,0.0
1986-06-08,2.2568230581831976
1986-06-09,9.080510330272713
1986-06-10,0.0
1986-06-11,0.0
1986-06-12,10.378595538206275
1986-06-13,10.637914580937462
1986-06-14,0.0
1986-06-15,0.0
1986-06-16,9.182629691320571
1986-06-17,11.247304194395719
1986-06-18,0.0
1986-06-19,0.0
1986-06-20,0.0
1986-06-21,0.0
1986-06-22,0.0
1986-06-23,10.94449526549889
1986-06-24,4.85502273583259
1986-06-25,10.997744951918031
1986-06-26,0.0
1986-06-27,0.0
1986-06-28,7.247010422036949
1986-06-29,6.519200418104454
1986-06-30,3.3587146896571634
1986-07-01,0.0
1986-07-02,0.0
1986-07-03,0.0
1986-07-04,0.0
1986-07-05,5.561569588441862
1986-07-06,0.0
1986-07-07,0.0
1986-07-08,0.0
1986-07-09,0.11588197832675885
1986-07-10,11.62143731788776
1986-07-11,0.2102299958464651
1986-07-12,0.0
1986-07-13,0.0
1986-07-14,4.505202738885151
1986-07-15,2.2911738046950028
1986-07-16,9.288210136213667
1986-07-17,0.0
1986-07-18,0.0
1986-07-19,2.409293110506677
1986-07-20,0.05763907632428015
1986-07-21,0.0
1986-07-22,0.0
1986-07-23,7.502771688142898
1986-07-24,7.49490974337921
1986-07-25,0.0
1986-07-26,0.0
1986-07-27,0.0
1986-07-28,4.885129470364113
1986-07-29,0.04365665525952412
1986-07-30,0.0
1986-07-31,0.09329858642187502
1986-08-01,0.0
1986-08-02,1.8853596848604273
1986-08-03,0.0
1986-08-04,0.0
1986-08-05,4.0378588056079385
1986-08-06,0.0
1986-08-07,0.0
1986-08-08,14.185240617281982
1986-08-09,7.092620308640991
1986-08-10,7.092620308640991
1986-08-11,0.0
1986-08-12,0.0
1986-08-13,0.0
1986-08-14,0.0
1986-08-15,0.0
1986-08-16,0.0
1986-08-17,0.0
1986-08-18,0.0
1986-08-19,0.0
1986-08-20,0.0
1986-08-21,0.0
1986-08-22,10.219500572763089
1986-08-23,0.0
1986-08-24,0.0
1986-08-25,0.0
1986-08-26,6.856090576065639
1986-08-27,0.11074195675450621
1986-08-28,6.856090576065639
1986-08-29,3.4443279284244688
1986-08-30,0.0
1986-08-31,0.0
1986-09-01,7.887246545388499
1986-09-02,11.790342965234966
1986-09-03,0.0
1986-09-04,0.0
1986-09-05,0.0
1986-09-06,0.0
1986-09-07,0.0
1986-09-08,0.0
1986-09-09,0.8319160797687909
1986-09-10,0.0
1986-09-11,0.0
1986-09-12,4.2421062718106075
1986-09-13,0.0
1986-09-14,4.417680499505564
1986-09-15,0.0
1986-09-16,0.0
1986-09-17,27.661595917267764
1986-09-18,0.0
1986-09-19,8.061809588592062
1986-09-20,0.0
1986-09-21,0.0
1986-09-22,0.0
1986-09-23,0.0
1986-09-24,0.0
1986-09-25,0.0
1986-09-26,0.0
1986-09-27,9.565900430303747
1986-09-28,0.0
1986-09-29,0.0
1986-09-30,0.1925592039964145
1986-10-01,0.0
1986-10-02,0.7566263627723472
1986-10-03,0.0
1986-10-04,0.0
1986-10-05,11.103476984919444
1986-10-06,0.0
1986-10-07,0.0
1986-10-08,0.0
1986-10-09,0.0
1986-10-10,0.0
1986-10-11,0.0
1986-10-12,0.0
1986-10-13,0.0
1986-10-14,0.0
1986-10-15,0.031595910210741325
1986-10-16,0.0
1986-10-17,0.0
1986-10-18,0.0
1986-10-19,0.0
1986-10-20,0.0
1986-10-21,0.0
1986-10-22,0.0
1986-10-23,0.0
1986-10-24,0.0
1986-10-25,0.0
1986-10-26,1.3868583187994854
1986-10-27,4.378997874555297
1986-10-28,2.324174833120973
1986-10-29,0.0
1986-10-30,0.0
1986-10-31,0.0
1986-11-01,0.0
1986-11-02,19.39706535781703
1986-11-03,0.0
1986-11-04,0.0
1986-11-05,0.0
1986-11-06,0.0
1986-11-07,0.0
1986-11-08,0.0
1986-11-09,0.0
1986-11-10,0.0
1986-11-11,0.14967119095877876
1986-11-12,22.563651531627873
1986-11-13,0.0
1986-11-14,0.0
1986-11-15,0.0
1986-11-16,0.0
1986-11-17,0.0
1986-11-18,0.0
1986-11-19,0.0
1986-11-20,0.0
1986-11-21,0.0
1986-11-22,0.0
1986-11-23,0.0
1986-11-24,0.0
1986-11-25,0.0
1986-11-26,0.0
1986-11-27,0.0
1986-11-28,0.0
1986-11-29,0.0
1986-11-30,0.0
1986-12-01,0.0
1986-12-02,0.0
1986-12-03,0.0
1986-12-04,0.0
1986-12-05,0.0
1986-12-06,0.0
1986-12-07,0.0
1986-12-08,0.0
1986-12-09,0.0
1986-12-10,0.0
1986-12-11,0.0
1986-12-12,0.0
1986-12-13,0.0
1986-12-14,0.0
1986-12-15,0.0
1986-12-16,0.0
1986-12-17,0.0
1986-12-18,0.0
1986-12-19,0.0
1986-12-20,0.0
1986-12-21,0.0
1986-12-22,0.0
1986-12-23,0.0
1986-12-24,0.0
1986-12-25,0.0
1986-12-26,13.491377488562833
1986-12-27,13.491377488562833
1986-12-28,0.0
1986-12-29,0.0
1986-12-30,13.491377488562833
1986-12-31,0.32825955491636594
1987-01-01,0.0
1987-01-02,0.0
1987-01-03,0.0
1987-01-04,0.0
1987-01-05,0.0
1987-01-06,1.0686391886432625
1987-01-07,0.0
1987-01-08,0.0
1987-01-09,0.0
1987-01-10,0.0
1987-01-11,4.812895195545271
1987-01-12,0.0
1987-01-13,0.0
1987-01-14,0.0
1987-01-15,0.0
1987-01-16,0.0
1987-01-17,0.0
1987-01-18,0.0
1987-01-19,1.1085032565819652
1987-01-20,0.0
1987-01-21,0.0
1987-01-22,0.0
1987-01-23,0.0
1987-01-24,0.0
1987-01-25,0.0
1987-01-26,0.0
1987-01-27,0.0
1987-01-28,0.0
1987-01-29,0.0
1987-01-30,0.0
1987-01-31,0.0
1987-02-01,0.0
1987-02-02,0.0
1987-02-03,0.0
1987-02-04,6.612695447763243
1987-02-05,0.0
1987-02-06,0.0
1987-02-07,0.0
1987-02-08,0.0
1987-02-09,0.0
1987-02-10,0.0
1987-02-11,0.0
1987-02-12,0.0
1987-02-13,0.0
1987-02-14,0.0
1987-02-15,0.0
1987-02-16,0.0
1987-02-17,0.0
1987-02-18,5.127245704215901
1987-02-19,0.0
1987-02-20,0.0
1987-02-21,0.0
1987-02-22,0.0
1987-02-23,5.717162853070916
1987-02-24,0.0
1987-02-25,0.0
1987-02-26,0.0
1987-02-27,0.0
1987-02-28,0.0
1987-03-01,0.0
1987-03-02,2.6894271390820217
1987-03-03,0.0
1987-03-04,6.147262465767623
1987-03-05,3.9179390470847824
1987-03-06,0.0
1987-03-07,0.0
1987-03-08,0.0
1987-03-09,0.0
1987-03-10,0.0
1987-03-11,0.0
1987-03-12,0.0
1987-03-13,0.0
1987-03-14,0.0
1987-03-15,0.0
1987-03-16,0.0
1987-03-17,0.0
1987-03-18,0.0
1987-03-19,0.038375199128136944
1987-03-20,0.0
1987-03-21,0.0
1987-03-22,0.0
1987-03-23,0.0
1987-03-24,0.0
1987-03-25,1.4734003392665722
1987-03-26,0.0
1987-03-27,0.0
1987-03-28,0.0
1987-03-29,0.0
1987-03-30,7.45002436780644
1987-03-31,0.0
1987-04-01,0.0
1987-04-02,0.0
1987-04-03,0.0
1987-04-04,0.0
1987-04-05,0.0
1987-04-06,0.0
1987-04-07,3.4869869196176633
1987-04-08,0.0
1987-04-09,0.0
1987-04-10,0.0
1987-04-11,0.0
1987-04-12,0.0
1987-04-13,0.0
1987-04-14,0.0
1987-04-15,0.0
1987-04-16,0.0
1987-04-17,0.0
1987-04-18,0.0
1987-04-19,0.0
1987-04-20,0.0
1987-04-21,0.0
1987-04-22,0.08492108353401277
1987-04-23,0.0
1987-04-24,0.0
1987-04-25,0.0
1987-04-26,0.0
1987-04-27,0.0
1987-04-28,0.0
1987-04-29,0.0
1987-04-30,0.0
1987-05-01,0.0
1987-05-02,0.0
1987-05-03,0.0
1987-05-04,0.0
1987-05-05,0.0
1987-05-06,0.0
1987-05-07,0.0
1987-05-08,2.12810357079338
1987-05-09,0.0
1987-05-10,0.0
1987-05-11,0.0
1987-05-12,0.0
1987-05-13,0.0
1987-05-14,0.0
1987-05-15,0.0
1987-05-16,0.0
1987-05-17,0.0
1987-05-18,0.0
1987-05-19,5.35723402774882
1987-05-20,0.0
1987-05-21,0.0
1987-05-22,0.0
1987-05-23,0.0
1987-05-24,0.0
1987-05-25,0.0
1987-05-26,3.289974326889192
1987-05-27,0.0
1987-05-28,0.0
1987-05-29,0.0
1987-05-30,0.0
1987-05-31,0.0
1987-06-01,0.0
1987-06-02,0.0
1987-06-03,30.595510781130447
1987-06-04,12.421116568692238
1987-06-05,3.3930636326388877
1987-06-06,3.500705653608998
1987-06-07,10.269797974544092
1987-06-08,4.584994698048197
1987-06-09,19.55191466800992
1987-06-10,36.25366961464655
1987-06-11,6.8029883060377365
1987-06-12,0.0
1987-06-13,0.0
1987-06-14,0.0
1987-06-15,0.8625738172745955
1987-06-16,0.0
1987-06-17,0.0
1987-06-18,11.829623874510451
1987-06-19,30.73691065729986
1987-06-20,19.357082541011646
1987-06-21,4.699129713807978
1987-06-22,2.349564856903989
1987-06-23,0.0
1987-06-24,0.0
1987-06-25,0.0
1987-06-26,5.3460405418878345
1987-06-27,1.9668263226820217
1987-06-28,5.660326669331203
1987-06-29,5.47684747624434
1987-06-30,4.130034742135381
1987-07-01,9.7155918274165
1987-07-02,4.392454304637871
1987-07-03,1.692109694194005
1987-07-04,5.149418380623578
1987-07-05,3.954898089853124
1987-07-06,5.318422246696158
1987-07-07,2.857507026245002
1987-07-08,0.0
1987-07-09,0.0
1987-07-10,0.0
1987-07-11,16.346661231063283
1987-07-12,8.451706208540067
1987-07-13,8.173330615531642
1987-07-14,0.0
1987-07-15,0.0
1987-07-16,0.0
1987-07-17,0.0
1987-07-18,0.0
1987-07-19,0.0
1987-07-20,0.0
1987-07-21,0.0
1987-07-22,10.625925016830745
1987-07-23,2.700141779110353
1987-07-24,0.0
1987-07-25,5.617615957954776
1987-07-26,6.747313431769201
1987-07-27,0.0
1987-07-28,0.0
1987-07-29,6.747313431769201
1987-07-30,6.747313431769201
1987-07-31,0.0
1987-08-01,6.100136568491684
1987-08-02,0.0
1987-08-03,6.100136568491684
1987-08-04,6.100136568491684
1987-08-05,0.0
1987-08-06,0.23604608333122518
1987-08-07,1.5512319932595646
1987-08-08,5.561580319476062
1987-08-09,0.0
1987-08-10,0.0
1987-08-11,0.0
1987-08-12,0.0
1987-08-13,3.1739785996346943
1987-08-14,0.0
1987-08-15,0.0
1987-08-16,0.0
1987-08-17,0.14562950672707664
1987-08-18,10.952665912853094
1987-08-19,32.857997765571454
1987-08-20,0.0
1987-08-21,5.30528004113642
1987-08-22,0.0
1987-08-23,0.0
1987-08-24,5.523134057529298
1987-08-25,0.0
1987-08-26,2.857511924833557
1987-08-27,0.13364285231675235
1987-08-28,0.6957289923331936
1987-08-29,3.2649079914106327
1987-08-30,1.364345059272315
1987-08-31,0.13364285231675235
1987-09-01,0.0
1987-09-02,0.0
1987-09-03,0.0
1987-09-04,0.0
1987-09-05,0.0
1987-09-06,0.0
1987-09-07,0.0
1987-09-08,18.496321789926697
1987-09-09,38.257475382187216
1987-09-10,32.811609084179466
1987-09-11,0.0
1987-09-12,0.0
1987-09-13,19.662626513033455
1987-09-14,0.0
1987-09-15,0.0
1987-09-16,0.0
1987-09-17,13.451214800526675
1987-09-18,0.0
1987-09-19,0.0
1987-09-20,0.0
1987-09-21,3.4993476313533685
1987-09-22,0.0
1987-09-23,7.495841376149893
1987-09-24,0.0
1987-09-25,0.0
1987-09-26,0.0
1987-09-27,0.0
1987-09-28,0.0
1987-09-29,0.0
1987-09-30,0.0
1987-10-01,21.659788029859286
1987-10-02,11.130549414168522
1987-10-03,0.0
1987-10-04,0.0
1987-10-05,0.0
1987-10-06,0.0
1987-10-07,0.0
1987-10-08,0.0
1987-10-09,0.0
1987-10-10,0.0
1987-10-11,3.053401855968746
1987-10-12,0.0
1987-10-13,0.0
1987-10-14,0.0
1987-10-15,0.0
1987-10-16,0.0
1987-10-17,0.0
1987-10-18,0.0
1987-10-19,0.0
1987-10-20,0.0
1987-10-21,0.0
1987-10-22,0.0
1987-10-23,0.0
1987-10-24,0.0
1987-10-25,0.0
1987-10-26,0.0
1987-10-27,0.0
1987-10-28,0.0
1987-10-29,0.0
1987-10-30,0.0
1987-10-31,0.0
1987-11-01,0.0
1987-11-02,0.0
1987-11-03,0.0
1987-11-04,0.0
1987-11-05,0.0
1987-11-06,0.0
1987-11-07,0.0
1987-11-08,0.0
1987-11-09,0.0
1987-11-10,5.634798448053983
1987-11-11,0.0
1987-11-12,0.0
1987-11-13,0.0
1987-11-14,0.0
1987-11-15,0.0
1987-11-16,0.0
1987-11-17,0.0
1987-11-18,4.869134253831327
1987-11-19,2.4122749249963773
1987-11-20,3.646897230863501
1987-11-21,0.0
1987-11-22,0.0
1987-11-23,0.0
1987-11-24,0.0
1987-11-25,0.0
1987-11-26,0.0
1987-11-27,0.0
1987-11-28,0.0
1987-11-29,0.0
1987-11-30,1.4090396251847064
1987-12-01,0.2943928245431066
1987-12-02,0.0
1987-12-03,0.0
1987-12-04,0.0
1987-12-05,0.0
1987-12-06,0.0
1987-12-07,0.0
1987-12-08,0.0
1987-12-09,0.0
1987-12-10,0.0
1987-12-11,0.0
1987-12-12,0.0
1987-12-13,19.666195872074507
1987-12-14,0.0
1987-12-15,0.0
1987-12-16,0.0
1987-12-17,0.0
1987-12-18,0.0
1987-12-19,0.0
1987-12-20,0.0
1987-12-21,0.0
1987-12-22,0.0
1987-12-23,0.12879929850582872
1987-12-24,0.0
1987-12-25,0.0
1987-12-26,0.0
1987-12-27,0.0
1987-12-28,0.0
1987-12-29,0.26888779665064655
1987-12-30,0.0
1987-12-31,0.0
1988-01-01,0.0
1988-01-02,0.0
1988-01-03,1.927254545202546
1988-01-04,0.0
1988-01-05,0.0
1988-01-06,0.0
1988-01-07,0.0
1988-01-08,0.0
1988-01-09,0.0
1988-01-10,1.8193270017245426
1988-01-11,0.0
1988-01-12,0.0
1988-01-13,0.0
1988-01-14,0.0
1988-01-15,8.952590186827885
1988-01-16,0.0
1988-01-17,0.0
1988-01-18,0.0
1988-01-19,0.0
1988-01-20,0.0
1988-01-21,5.298373389892946
1988-01-22,0.0
1988-01-23,0.0
1988-01-24,0.0
1988-01-25,0.0
1988-01-26,0.0
1988-01-27,0.0
1988-01-28,0.0
1988-01-29,0.0
1988-01-30,0.0
1988-01-31,0.0
1988-02-01,0.0
1988-02-02,0.0
1988-02-03,0.0
1988-02-04,0.0
1988-02-05,13.157276469219985
1988-02-06,0.0
1988-02-07,0.0
1988-02-08,0.0
1988-02-09,0.0
1988-02-10,0.0
1988-02-11,0.0
1988-02-12,0.0
1988-02-13,0.0
1988-02-14,0.0
1988-02-15,0.0
1988-02-16,0.0
1988-02-17,0.0
1988-02-18,0.0
1988-02-19,0.0
1988-02-20,0.0
1988-02-21,0.0
1988-02-22,0.0
1988-02-23,0.0
1988-02-24,0.0
1988-02-25,0.0
1988-02-26,0.0
1988-02-27,0.0
1988-02-28,0.0
1988-02-29,0.0
1988-03-01,0.0
1988-03-02,0.0
1988-03-03,0.0
1988-03-04,0.0
1988-03-05,0.0
1988-03-06,0.0
1988-03-07,2.30068297407773
1988-03-08,0.0
1988-03-09,0.0
1988-03-10,0.0
1988-03-11,0.0
1988-03-12,0.0
1988-03-13,0.0
1988-03-14,0.0
1988-03-15,0.0
1988-03-16,0.0
1988-03-17,0.0
1988-03-18,0.0
1988-03-19,3.7738261647510423
1988-03-20,0.0
1988-03-21,0.0
1988-03-22,0.0
1988-03-23,0.0
1988-03-24,0.0
1988-03-25,0.0
1988-03-26,1.4578529904407873
1988-03-27,0.0
1988-03-28,0.0
1988-03-29,0.0
1988-03-30,0.0
1988-03-31,5.755488709231405
1988-04-01,0.0
1988-04-02,0.0
1988-04-03,0.0
1988-04-04,0.0
1988-04-05,0.0
1988-04-06,0.0
1988-04-07,0.0
1988-04-08,0.0
1988-04-09,3.464029113757566
1988-04-10,0.0
1988-04-11,3.3180564828114356
1988-04-12,0.0
1988-04-13,0.0
1988-04-14,0.0
1988-04-15,0.0
1988-04-16,0.0
1988-04-17,0.0
1988-04-18,0.0
1988-04-19,0.0
1988-04-20,0.0
1988-04-21,0.0
1988-04-22,0.0
1988-04-23,0.0
1988-04-24,0.0
1988-04-25,0.0
1988-04-26,0.0
1988-04-27,0.0
1988-04-28,0.0
1988-04-29,0.0
1988-04-30,0.8626957169859607
1988-05-01,0.0
1988-05-02,0.0
1988-05-03,0.0
1988-05-04,0.0
1988-05-05,0.0
1988-05-06,0.0
1988-05-07,0.0
1988-05-08,0.0
1988-05-09,0.0
1988-05-10,0.0
1988-05-11,0.0
1988-05-12,0.0
1988-05-13,2.519483494674759
1988-05-14,0.0
1988-05-15,0.0
1988-05-16,0.0
1988-05-17,0.0
1988-05-18,0.0
1988-05-19,0.0
1988-05-20,0.0
1988-05-21,0.0
1988-05-22,0.0
1988-05-23,0.0
1988-05-24,0.0
1988-05-25,0.0355182385424246
1988-05-26,3.482670843671099
1988-05-27,0.0
1988-05-28,0.0
1988-05-29,13.212778181320127
1988-05-30,0.0
1988-05-31,0.0
1988-06-01,0.0
1988-06-02,0.0
1988-06-03,0.0
1988-06-04,0.0
1988-06-05,0.0
1988-06-06,0.0
1988-06-07,0.0
1988-06-08,3.2598873382020632
1988-06-09,0.0
1988-06-10,9.605117148532388
1988-06-11,10.191491863322158
1988-06-12,8.681687746325048
1988-06-13,10.000478135041176
1988-06-14,8.236807721175497
1988-06-15,3.3259423487699245
1988-06-16,0.0
1988-06-17,13.241546131361005
1988-06-18,6.75402031258153
1988-06-19,3.2957661556237485
1988-06-20,3.2082912752173063
1988-06-21,18.77168530486924
1988-06-22,23.063681432095944
1988-06-23,10.63024639186684
1988-06-24,4.727278536702994
1988-06-25,0.0
1988-06-26,2.586681897644081
1988-06-27,0.0
1988-06-28,0.0
1988-06-29,3.3347108354965207
1988-06-30,2.586681897644081
1988-07-01,10.057041521667319
1988-07-02,0.0
1988-07-03,0.0
1988-07-04,7.846735210377608
1988-07-05,0.1792146301396434
1988-07-06,1.5607031990894624
1988-07-07,0.0
1988-07-08,0.0
1988-07-09,0.0
1988-07-10,6.758680132365033
1988-07-11,5.792679231361652
1988-07-12,5.792679231361652
1988-07-13,14.431446321389098
1988-07-14,0.0
1988-07-15,8.242928750198555
1988-07-16,0.0
1988-07-17,16.182886349272213
1988-07-18,0.0
1988-07-19,0.0
1988-07-20,8.091443174636106
1988-07-21,0.0
1988-07-22,0.0
1988-07-23,9.326064420260812
1988-07-24,5.31029638303488
1988-07-25,1.676817953709327
1988-07-26,0.0
1988-07-27,0.0
1988-07-28,6.787776593990065
1988-07-29,6.787776593990065
1988-07-30,3.361058213594985
1988-07-31,0.0
1988-08-01,3.5000274598558834
1988-08-02,7.000054919711767
1988-08-03,7.000054919711767
1988-08-04,3.5000274598558834
1988-08-05,0.0
1988-08-06,0.0
1988-08-07,0.0
1988-08-08,0.0
1988-08-09,0.0
1988-08-10,9.544168461805453
1988-08-11,0.12692204380739408
1988-08-12,4.568328757002503
1988-08-13,0.0
1988-08-14,9.136657514005005
1988-08-15,9.131368003054545
1988-08-16,7.061157000720889
1988-08-17,0.0
1988-08-18,0.0
1988-08-19,0.0
1988-08-20,1.8062444458902787
1988-08-21,6.891291645102506
1988-08-22,0.0
1988-08-23,3.322487292866687
1988-08-24,0.0
1988-08-25,6.596920583901012
1988-08-26,5.446541274775686
1988-08-27,10.688095498424184
1988-08-28,0.0
1988-08-29,10.969217955414624
1988-08-30,6.224618877192376
1988-08-31,10.321701165180452
1988-09-01,0.255749587244027
1988-09-02,10.264617674908882
1988-09-03,6.985565667278852
1988-09-04,0.0
1988-09-05,6.97969045667138
1988-09-06,0.09843463403388575
1988-09-07,39.56131171062223
1988-09-08,61.0453446481941
1988-09-09,3.9562756045253002
1988-09-10,0.0
1988-09-11,0.3196863632738766
1988-09-12,10.6069363683582
1988-09-13,10.6069363683582
1988-09-14,42.4277454734328
1988-09-15,84.8554909468656
1988-09-16,12.709709076865845
1988-09-17,0.0
1988-09-18,3.3399384706807385
1988-09-19,0.0
1988-09-20,6.517248168990393
1988-09-21,0.0
1988-09-22,0.0
1988-09-23,0.0
1988-09-24,0.0
1988-09-25,0.0
1988-09-26,0.0
1988-09-27,27.124405098668454
1988-09-28,0.0
1988-09-29,0.0
1988-09-30,20.444097398181974
1988-10-01,5.79964533202062
1988-10-02,17.27547770948784
1988-10-03,10.284221593665064
1988-10-04,6.361461979050496
1988-10-05,0.0
1988-10-06,0.0
1988-10-07,0.0
1988-10-08,0.0
1988-10-09,0.0
1988-10-10,9.678288856107264
1988-10-11,0.0
1988-10-12,0.0
1988-10-13,0.0
1988-10-14,0.0
1988-10-15,0.0
1988-10-16,0.0
1988-10-17,0.0
1988-10-18,0.0
1988-10-19,0.0
1988-10-20,0.0
1988-10-21,0.0
1988-10-22,0.0
1988-10-23,0.0
1988-10-24,0.0
1988-10-25,0.13682930752702513
1988-10-26,0.0
1988-10-27,0.0
1988-10-28,12.031846372769166
1988-10-29,6.185186291490299
1988-10-30,0.0
1988-10-31,0.0
1988-11-01,0.0
1988-11-02,0.1419605690463884
1988-11-03,0.0
1988-11-04,0.0
1988-11-05,0.0
1988-11-06,0.0
1988-11-07,0.0
1988-11-08,0.0
1988-11-09,0.0
1988-11-10,0.0
1988-11-11,0.0
1988-11-12,0.0
1988-11-13,0.0
1988-11-14,0.0
1988-11-15,0.0
1988-11-16,0.0
1988-11-17,0.02819339558942476
1988-11-18,0.0
1988-11-19,0.0
1988-11-20,26.32043241393229
1988-11-21,4.408795662223583
1988-11-22,0.0
1988-11-23,9.167288590402114
1988-11-24,0.0
1988-11-25,0.0
1988-11-26,0.0
1988-11-27,0.0
1988-11-28,0.10390191966052201
1988-11-29,6.703586162868323
1988-11-30,2.9994689895449307
1988-12-01,0.0
1988-12-02,0.0
1988-12-03,0.0
1988-12-04,3.548528560096309
1988-12-05,0.0
1988-12-06,0.0
1988-12-07,0.0
1988-12-08,0.0
1988-12-09,6.7884583206407605
1988-12-10,2.4896409893860754
1988-12-11,0.0
1988-12-12,0.0
1988-12-13,0.0
1988-12-14,0.0
1988-12-15,0.0
1988-12-16,0.0
1988-12-17,0.0
1988-12-18,0.0
1988-12-19,0.0
1988-12-20,0.0
1988-12-21,0.0
1988-12-22,0.0
1988-12-23,0.0
1988-12-24,0.0
1988-12-25,0.0
1988-12-26,0.0
1988-12-27,0.0
1988-12-28,0.0
1988-12-29,2.208660349353232
1988-12-30,0.0
1988-12-31,0.0
1989-01-01,0.0
1989-01-02,0.0
1989-01-03,0.0
1989-01-04,0.0
1989-01-05,0.0
1989-01-06,0.0
1989-01-07,0.0
1989-01-08,0.0
1989-01-09,0.0
1989-01-10,0.0
1989-01-11,0.0
1989-01-12,5.276221911822516
1989-01-13,0.0
1989-01-14,0.0
1989-01-15,0.0
1989-01-16,0.0
1989-01-17,0.0
1989-01-18,0.0
1989-01-19,0.0
1989-01-20,4.808836665696014
1989-01-21,0.0
1989-01-22,0.0
1989-01-23,0.0
1989-01-24,0.0
1989-01-25,0.0
1989-01-26,0.0
1989-01-27,0.0
1989-01-28,0.0
1989-01-29,0.0
1989-01-30,0.0
1989-01-31,0.0
1989-02-01,0.0
1989-02-02,0.0
1989-02-03,2.8613489751855377
1989-02-04,0.0
1989-02-05,2.7366317826917563
1989-02-06,0.0
1989-02-07,0.0
1989-02-08,0.0
1989-02-09,0.0
1989-02-10,2.327990274127474
1989-02-11,0.0
1989-02-12,0.0
1989-02-13,0.0
1989-02-14,0.0
1989-02-15,0.0
1989-02-16,0.0
1989-02-17,0.8498614534159236
1989-02-18,0.0
1989-02-19,2.603770178027493
1989-02-20,0.0
1989-02-21,0.0
1989-02-22,0.0
1989-02-23,0.0
1989-02-24,0.7955286687980212
1989-02-25,0.0
1989-02-26,0.0
1989-02-27,0.0
1989-02-28,0.0
1989-03-01,0.0
1989-03-02,0.0
1989-03-03,0.0
1989-03-04,0.0
1989-03-05,0.0
1989-03-06,5.254407472371475
1989-03-07,0.0
1989-03-08,2.2722909813790184
1989-03-09,0.0
1989-03-10,0.0
1989-03-11,0.0
1989-03-12,0.0
1989-03-13,0.0
1989-03-14,0.0
1989-03-15,0.0
1989-03-16,0.0
1989-03-17,0.0
1989-03-18,0.0
1989-03-19,0.0
1989-03-20,0.0
1989-03-21,0.0
1989-03-22,0.0
1989-03-23,0.0
1989-03-24,0.0
1989-03-25,0.0
1989-03-26,0.0
1989-03-27,0.0
1989-03-28,0.0
1989-03-29,0.0
1989-03-30,0.0
1989-03-31,0.0
1989-04-01,0.0
1989-04-02,0.0
1989-04-03,0.0
1989-04-04,0.0
1989-04-05,0.0
1989-04-06,0.0
1989-04-07,0.0
1989-04-08,0.0
1989-04-09,0.0
1989-04-10,0.0
1989-04-11,0.0
1989-04-12,11.598069003102475
1989-04-13,0.0
1989-04-14,0.0
1989-04-15,0.0
1989-04-16,3.435872172529781
1989-04-17,0.0
1989-04-18,0.0
1989-04-19,0.0
1989-04-20,0.0
1989-04-21,0.0
1989-04-22,0.0
1989-04-23,0.0
1989-04-24,0.0
1989-04-25,0.0
1989-04-26,2.0452620008163036
1989-04-27,0.0
1989-04-28,0.0
1989-04-29,0.0
1989-04-30,0.0
1989-05-01,0.0
1989-05-02,0.0
1989-05-03,6.658466029166418
1989-05-04,15.509240456317562
1989-05-05,0.0
1989-05-06,1.7665254214272033
1989-05-07,0.0
1989-05-08,0.0
1989-05-09,0.0
1989-05-10,0.0
1989-05-11,0.0
1989-05-12,0.0
1989-05-13,0.0
1989-05-14,0.0
1989-05-15,0.0
1989-05-16,0.0
1989-05-17,0.0
1989-05-18,0.0
1989-05-19,0.0
1989-05-20,0.0
1989-05-21,0.0
1989-05-22,0.0
1989-05-23,0.0
1989-05-24,0.0
1989-05-25,0.0
1989-05-26,0.0
1989-05-27,0.0
1989-05-28,0.0
1989-05-29,0.0
1989-05-30,0.0
1989-05-31,0.0
1989-06-01,17.16362538646051
1989-06-02,0.0
1989-06-03,0.0
1989-06-04,0.0
1989-06-05,0.0
1989-06-06,0.0
1989-06-07,0.0
1989-06-08,0.0
1989-06-09,0.0
1989-06-10,0.0
1989-06-11,0.0
1989-06-12,0.0
1989-06-13,0.0
1989-06-14,0.0
1989-06-15,0.0
1989-06-16,13.731651724206325
1989-06-17,4.577217213045384
1989-06-18,4.352994513474644
1989-06-19,0.0
1989-06-20,4.7450357874253415
1989-06-21,15.074154180027513
1989-06-22,0.0
1989-06-23,0.0
1989-06-24,0.0
1989-06-25,0.0
1989-06-26,0.0
1989-06-27,0.0
1989-06-28,0.0
1989-06-29,0.0
1989-06-30,0.0
1989-07-01,0.0
1989-07-02,0.0
1989-07-03,0.0
1989-07-04,0.2348261257184533
1989-07-05,10.566465921827708
1989-07-06,0.0
1989-07-07,6.7886954885477415
1989-07-08,2.0153938913225993
1989-07-09,3.545776847234996
1989-07-10,15.497070703141473
1989-07-11,1.726616757407718
1989-07-12,3.6677851409765267
1989-07-13,8.456730789442245
1989-07-14,7.3355702819530535
1989-07-15,0.16953444574562324
1989-07-16,0.0
1989-07-17,0.0
1989-07-18,0.0
1989-07-19,1.4230149227664206
1989-07-20,0.0
1989-07-21,8.716503821681387
1989-07-22,2.686316840213481
1989-07-23,0.0
1989-07-24,0.0
1989-07-25,0.2071088946137944
1989-07-26,3.455045314500325
1989-07-27,0.0
1989-07-28,7.464135843542022
1989-07-29,9.616265382716268
1989-07-30,27.4202239921828
1989-07-31,8.842714273585525
1989-08-01,0.0
1989-08-02,4.375274504529915
1989-08-03,8.73109967585537
1989-08-04,0.0
1989-08-05,2.4226714945850167
1989-08-06,0.0
1989-08-07,2.120239134354234
1989-08-08,0.0
1989-08-09,8.405737169484684
1989-08-10,1.977701916673642
1989-08-11,0.0
1989-08-12,1.856473787487398
1989-08-13,3.1272906267842764
1989-08-14,1.669142865078632
1989-08-15,0.9931709239137146
1989-08-16,4.289372046524154
1989-08-17,4.289372046524154
1989-08-18,4.289372046524154
1989-08-19,0.0
1989-08-20,4.9021395720392515
1989-08-21,15.370174548458483
1989-08-22,2.989616487324058
1989-08-23,0.0
1989-08-24,0.9121102180725095
1989-08-25,6.290177225579372
1989-08-26,19.05328790530337
1989-08-27,1.856881588836233
1989-08-28,0.0
1989-08-29,0.0
1989-08-30,2.532111197835618
1989-08-31,7.264368616469184
1989-09-01,2.9117131539292727
1989-09-02,0.0
1989-09-03,0.0
1989-09-04,2.8138425900932122
1989-09-05,5.7249726656177184
1989-09-06,0.0
1989-09-07,7.219592311153187
1989-09-08,4.323810030502072
1989-09-09,3.477447262426083
1989-09-10,0.0
1989-09-11,0.0
1989-09-12,0.0
1989-09-13,14.104380391840053
1989-09-14,12.64360390148194
1989-09-15,3.5705897962397777
1989-09-16,6.881638471502292
1989-09-17,4.941840890861679
1989-09-18,15.071070937788866
1989-09-19,7.270150159552941
1989-09-20,3.1116540149844267
1989-09-21,6.692764647933152
1989-09-22,15.454778671355294
1989-09-23,15.726118546491847
1989-09-24,0.0
1989-09-25,2.452001665956117
1989-09-26,8.171913817049491
1989-09-27,14.512867449369544
1989-09-28,6.170393411958265
1989-09-29,7.098579795302479
1989-09-30,9.294367621970242
1989-10-01,21.627694728652987
1989-10-02,0.0
1989-10-03,0.0
1989-10-04,0.0
1989-10-05,0.0
1989-10-06,0.0
1989-10-07,1.9048582773994513
1989-10-08,4.604549195910499
1989-10-09,16.796061579108418
1989-10-10,15.604555153391253
1989-10-11,16.26759541785918
1989-10-12,8.362649897570032
1989-10-13,0.0
1989-10-14,9.736783066520445
1989-10-15,7.0824929750929115
1989-10-16,0.9200938039756155
1989-10-17,0.0
1989-10-18,1.5776015133382293
1989-10-19,16.745497462678706
1989-10-20,0.0
1989-10-21,0.0
1989-10-22,0.0
1989-10-23,0.0
1989-10-24,0.0
1989-10-25,0.0
1989-10-26,0.0
1989-10-27,0.0
1989-10-28,0.0
1989-10-29,0.0
1989-10-30,0.0
1989-10-31,0.0
1989-11-01,0.0
1989-11-02,0.0
1989-11-03,0.0
1989-11-04,3.688306473750515
1989-11-05,7.978634599927327
1989-11-06,0.0
1989-11-07,0.0
1989-11-08,0.0
1989-11-09,0.0
1989-11-10,0.0
1989-11-11,3.712041917252259
1989-11-12,0.0
1989-11-13,0.0
1989-11-14,0.0
1989-11-15,0.0
1989-11-16,5.5286079023673205
1989-11-17,0.0
1989-11-18,3.1426423731228805
1989-11-19,0.0
1989-11-20,0.0
1989-11-21,0.0
1989-11-22,0.0
1989-11-23,9.643731755690327
1989-11-24,1.7850170414230915
1989-11-25,0.0
1989-11-26,0.0
1989-11-27,0.0
1989-11-28,0.0
1989-11-29,0.0
1989-11-30,4.249970248552025
1989-12-01,0.0
1989-12-02,0.0
1989-12-03,0.045386266939518354
1989-12-04,0.0
1989-12-05,0.0
1989-12-06,0.0
1989-12-07,0.7518603354017341
1989-12-08,13.217948857646354
1989-12-09,0.6562418444121976
1989-12-10,0.0
1989-12-11,0.0
1989-12-12,0.0
1989-12-13,0.0
1989-12-14,0.0
1989-12-15,0.0
1989-12-16,0.0
1989-12-17,0.0
1989-12-18,0.0
1989-12-19,0.0
1989-12-20,0.0
1989-12-21,0.0
1989-12-22,0.0
1989-12-23,4.177757854157708
1989-12-24,3.3897214600278693
1989-12-25,0.0
1989-12-26,0.0
1989-12-27,0.0
1989-12-28,0.0
1989-12-29,0.0
1989-12-30,0.0
1989-12-31,0.0
1990-01-01,0.0
1990-01-02,0.17957080049976754
1990-01-03,0.0
1990-01-04,0.0
1990-01-05,0.0
1990-01-06,0.0
1990-01-07,0.0
1990-01-08,0.25102622104953326
1990-01-09,0.0
1990-01-10,0.0
1990-01-11,0.0
1990-01-12,0.0
1990-01-13,0.0
1990-01-14,0.0
1990-01-15,0.0
1990-01-16,0.0
1990-01-17,0.0
1990-01-18,0.0
1990-01-19,0.0
1990-01-20,0.0
1990-01-21,0.0
1990-01-22,24.80615559282348
1990-01-23,0.0
1990-01-24,0.0
1990-01-25,0.0
1990-01-26,0.0
1990-01-27,0.0
1990-01-28,0.0
1990-01-29,0.0
1990-01-30,0.0
1990-01-31,0.14580704185916826
1990-02-01,0.0
1990-02-02,0.0
1990-02-03,0.0
1990-02-04,0.0
1990-02-05,0.0
1990-02-06,0.0
1990-02-07,0.0
1990-02-08,0.0
1990-02-09,0.0
1990-02-10,0.0
1990-02-11,0.0
1990-02-12,0.0
1990-02-13,0.0
1990-02-14,0.0
1990-02-15,0.0
1990-02-16,0.0
1990-02-17,0.0
1990-02-18,0.0
1990-02-19,0.0
1990-02-20,0.0
1990-02-21,0.0
1990-02-22,0.0
1990-02-23,18.351646022508387
1990-02-24,0.0
1990-02-25,0.0
1990-02-26,0.0
1990-02-27,0.0
1990-02-28,0.0
1990-03-01,0.0
1990-03-02,0.0
1990-03-03,0.0
1990-03-04,0.0
1990-03-05,0.0
1990-03-06,0.0
1990-03-07,0.0
1990-03-08,0.0
1990-03-09,0.006878071667044213
1990-03-10,0.0
1990-03-11,0.0
1990-03-12,0.0
1990-03-13,0.0
1990-03-14,0.0
1990-03-15,0.0
1990-03-16,0.0
1990-03-17,17.920329339021634
1990-03-18,0.0
1990-03-19,0.0
1990-03-20,0.0
1990-03-21,0.0
1990-03-22,0.0
1990-03-23,0.34806204034027993
1990-03-24,0.0
1990-03-25,0.16856017736821627
1990-03-26,0.0
1990-03-27,0.0
1990-03-28,0.0
1990-03-29,0.0
1990-03-30,0.0
1990-03-31,0.0
1990-04-01,0.0
1990-04-02,0.0
1990-04-03,0.0
1990-04-04,0.0
1990-04-05,0.0
1990-04-06,0.0
1990-04-07,2.553295815863076
1990-04-08,0.0
1990-04-09,0.0
1990-04-10,0.0
1990-04-11,0.0
1990-04-12,5.1906264095302195
1990-04-13,0.0
1990-04-14,0.0
1990-04-15,0.0
1990-04-16,0.0
1990-04-17,0.0
1990-04-18,0.0
1990-04-19,0.0
1990-04-20,0.0
1990-04-21,0.0
1990-04-22,0.0
1990-04-23,0.0
1990-04-24,0.0
1990-04-25,0.0
1990-04-26,3.279917735290235
1990-04-27,0.0
1990-04-28,0.0
1990-04-29,0.0
1990-04-30,0.0
1990-05-01,0.0
1990-05-02,0.0
1990-05-03,0.0
1990-05-04,0.0
1990-05-05,0.0
1990-05-06,0.0
1990-05-07,0.0
1990-05-08,0.0
1990-05-09,0.0
1990-05-10,0.0
1990-05-11,0.0
1990-05-12,0.0
1990-05-13,0.0
1990-05-14,0.0
1990-05-15,0.0
1990-05-16,0.0
1990-05-17,0.0
1990-05-18,4.235983536209673
1990-05-19,0.0
1990-05-20,7.42141260748916
1990-05-21,10.394442575692375
1990-05-22,20.86530726275412
1990-05-23,3.047536535377577
1990-05-24,0.0
1990-05-25,0.0
1990-05-26,0.0
1990-05-27,0.0
1990-05-28,0.0
1990-05-29,0.0
1990-05-30,0.0
1990-05-31,0.0
1990-06-01,0.0
1990-06-02,0.0
1990-06-03,0.0
1990-06-04,0.0
1990-06-05,0.0
1990-06-06,0.0
1990-06-07,9.14118960607499
1990-06-08,0.0
1990-06-09,0.8090478842526538
1990-06-10,20.608694698482516
1990-06-11,0.245801792245089
1990-06-12,17.04822542226024
1990-06-13,0.0
1990-06-14,0.0
1990-06-15,0.0
1990-06-16,0.0
1990-06-17,0.0
1990-06-18,0.0
1990-06-19,0.0
1990-06-20,0.0
1990-06-21,0.0
1990-06-22,8.770514027442303
1990-06-23,4.3852570137211515
1990-06-24,8.627696640292147
1990-06-25,8.770514027442303
1990-06-26,0.0
1990-06-27,6.245530367932446
1990-06-28,12.735478621541674
1990-06-29,4.476381619438958
1990-06-30,0.0
1990-07-01,0.0
1990-07-02,1.374469767202085
1990-07-03,1.3147102264994937
1990-07-04,11.91377875983396
1990-07-05,0.4870705099510413
1990-07-06,0.3097505350097505
1990-07-07,0.0
1990-07-08,8.181403854132506
1990-07-09,4.937003770104355
1990-07-10,6.517675773191675
1990-07-11,0.0
1990-07-12,0.0
1990-07-13,8.644759751550636
1990-07-14,0.0
1990-07-15,3.7820821933766293
1990-07-16,0.8250428131542721
1990-07-17,0.0
1990-07-18,1.1962175205950916
1990-07-19,2.58442037504322
1990-07-20,3.788687782278835
1990-07-21,1.5440100756668376
1990-07-22,0.7513467475941392
1990-07-23,0.0
1990-07-24,0.0
1990-07-25,0.8446418680671999
1990-07-26,0.0
1990-07-27,0.0
1990-07-28,0.0
1990-07-29,0.16658023202298045
1990-07-30,1.9327260910986923
1990-07-31,1.4972453654554565
1990-08-01,8.386173039415098
1990-08-02,0.0
1990-08-03,0.0
1990-08-04,14.14080834286757
1990-08-05,5.799960076512443
1990-08-06,12.584005972703281
1990-08-07,4.194668470134381
1990-08-08,4.189352240258928
1990-08-09,0.061152118514503646
1990-08-10,0.0
1990-08-11,0.0
1990-08-12,0.0
1990-08-13,1.51348878752425
1990-08-14,5.805167528929054
1990-08-15,5.805167528929054
1990-08-16,5.4401903947421015
1990-08-17,0.11906882084447447
1990-08-18,1.3680562410722323
1990-08-19,0.0
1990-08-20,6.710868833923362
1990-08-21,0.059425277862244254
1990-08-22,4.475390294354836
1990-08-23,4.199303667925196
1990-08-24,0.0
1990-08-25,0.0
1990-08-26,0.0
1990-08-27,0.0
1990-08-28,0.0
1990-08-29,0.0
1990-08-30,0.0
1990-08-31,0.0
1990-09-01,0.0
1990-09-02,0.0
1990-09-03,0.0
1990-09-04,13.997058568857227
1990-09-05,12.110033189283891
1990-09-06,6.509201793016804
1990-09-07,19.06164551878052
1990-09-08,12.782400348440833
1990-09-09,6.279246039397062
1990-09-10,0.0
1990-09-11,0.0
1990-09-12,0.0
1990-09-13,0.0
1990-09-14,3.2614266823080102
1990-09-15,12.698230094330746
1990-09-16,0.0
1990-09-17,14.776471979939942
1990-09-18,0.0
1990-09-19,0.0
1990-09-20,0.0
1990-09-21,3.4173996514460963
1990-09-22,0.0
1990-09-23,0.0
1990-09-24,3.731442569315338
1990-09-25,10.482586476141343
1990-09-26,11.91693393402225
1990-09-27,0.0
1990-09-28,0.0
1990-09-29,0.0
1990-09-30,0.0
1990-10-01,0.0
1990-10-02,0.0
1990-10-03,0.0
1990-10-04,0.0
1990-10-05,27.46475071522257
1990-10-06,2.64402129087136
1990-10-07,9.07989007633599
1990-10-08,0.0
1990-10-09,0.0
1990-10-10,0.0
1990-10-11,0.0
1990-10-12,0.0
1990-10-13,0.0
1990-10-14,0.0
1990-10-15,0.0
1990-10-16,0.0
1990-10-17,0.0
1990-10-18,3.557128253501431
1990-10-19,0.0
1990-10-20,0.0
1990-10-21,0.0
1990-10-22,0.0
1990-10-23,0.0
1990-10-24,0.0
1990-10-25,0.0
1990-10-26,0.0
1990-10-27,0.0
1990-10-28,0.0
1990-10-29,0.0
1990-10-30,0.0
1990-10-31,0.0
1990-11-01,0.0
1990-11-02,0.0
1990-11-03,0.0
1990-11-04,0.0
1990-11-05,0.0
1990-11-06,0.0
1990-11-07,0.0
1990-11-08,0.0
1990-11-09,0.0
1990-11-10,0.0866515213359321
1990-11-11,3.9301879685690198
1990-11-12,0.0
1990-11-13,0.07092606884986846
1990-11-14,0.0
1990-11-15,4.360475552398186
1990-11-16,0.0
1990-11-17,4.589021728431807
1990-11-18,0.0
1990-11-19,0.0
1990-11-20,0.0
1990-11-21,0.0
1990-11-22,0.0
1990-11-23,0.0
1990-11-24,0.0
1990-11-25,0.0
1990-11-26,0.0
1990-11-27,0.0
1990-11-28,0.0
1990-11-29,0.0
1990-11-30,5.87023985136999
1990-12-01,0.2435252161203967
1990-12-02,35.747139143112115
1990-12-03,0.10223584899815324
1990-12-04,0.24860176269467915
1990-12-05,0.0
1990-12-06,0.0
1990-12-07,0.0
1990-12-08,0.0
1990-12-09,0.0
1990-12-10,0.0
1990-12-11,0.0
1990-12-12,0.0
1990-12-13,0.0
1990-12-14,0.0
1990-12-15,0.0625642059126028
1990-12-16,0.003964409902061576
1990-12-17,0.0
1990-12-18,0.0
1990-12-19,0.0
1990-12-20,0.0
1990-12-21,0.0
1990-12-22,0.0
1990-12-23,0.0
1990-12-24,0.0
1990-12-25,0.0
1990-12-26,0.0
1990-12-27,0.0
1990-12-28,0.0
1990-12-29,0.0
1990-12-30,0.0
1990-12-31,0.24880304328389816
1991-01-01,0.0
1991-01-02,0.0
1991-01-03,0.0
1991-01-04,0.0
1991-01-05,0.0
1991-01-06,0.0
1991-01-07,0.0
1991-01-08,0.0
1991-01-09,0.0
1991-01-10,23.913413631090044
1991-01-11,0.0
1991-01-12,0.0
1991-01-13,0.0
1991-01-14,0.0
1991-01-15,0.0
1991-01-16,0.0
1991-01-17,0.0
1991-01-18,0.0
1991-01-19,0.0
1991-01-20,0.0
1991-01-21,0.0
1991-01-22,0.0
1991-01-23,0.0
1991-01-24,0.0
1991-01-25,0.0
1991-01-26,0.0
1991-01-27,0.0
1991-01-28,0.0
1991-01-29,0.0
1991-01-30,0.0
1991-01-31,0.0
1991-02-01,10.520153444823938
1991-02-02,3.7292987159180533
1991-02-03,0.0
1991-02-04,0.0
1991-02-05,0.0
1991-02-06,0.0
1991-02-07,5.690431489141643
1991-02-08,0.0
1991-02-09,0.0
1991-02-10,0.0
1991-02-11,0.0
1991-02-12,0.0
1991-02-13,0.0
1991-02-14,0.0
1991-02-15,0.0
1991-02-16,0.0
1991-02-17,0.0
1991-02-18,0.0
1991-02-19,0.0
1991-02-20,0.0
1991-02-21,0.0
1991-02-22,2.194734342099067
1991-02-23,1.3134540565354638
1991-02-24,0.0
1991-02-25,0.0
1991-02-26,0.0
1991-02-27,0.0
1991-02-28,0.0
1991-03-01,0.0
1991-03-02,0.0
1991-03-03,0.0
1991-03-04,0.0
1991-03-05,0.0
1991-03-06,0.0
1991-03-07,0.0
1991-03-08,0.0
1991-03-09,0.0
1991-03-10,0.7987963351347379
1991-03-11,0.0
1991-03-12,0.0
1991-03-13,0.0
1991-03-14,0.0
1991-03-15,0.0
1991-03-16,0.0
1991-03-17,0.0
1991-03-18,0.0
1991-03-19,0.0
1991-03-20,0.0
1991-03-21,0.0
1991-03-22,0.0
1991-03-23,0.0
1991-03-24,0.0
1991-03-25,0.0
1991-03-26,0.0
1991-03-27,0.0
1991-03-28,0.0
1991-03-29,0.0
1991-03-30,0.0
1991-03-31,2.1916624352992633
1991-04-01,0.0
1991-04-02,0.0
1991-04-03,0.0
1991-04-04,0.0
1991-04-05,0.0
1991-04-06,0.0
1991-04-07,0.0
1991-04-08,0.0
1991-04-09,2.2924810468374393
1991-04-10,0.0
1991-04-11,0.0
1991-04-12,0.0
1991-04-13,0.0
1991-04-14,0.0
1991-04-15,0.0
1991-04-16,0.0
1991-04-17,0.0
1991-04-18,0.0
1991-04-19,0.0
1991-04-20,0.0
1991-04-21,0.0
1991-04-22,0.0
1991-04-23,0.0
1991-04-24,0.0
1991-04-25,0.0
1991-04-26,0.0
1991-04-27,0.0
1991-04-28,0.0
1991-04-29,0.0
1991-04-30,0.0
1991-05-01,0.0
1991-05-02,0.0
1991-05-03,0.0
1991-05-04,0.0
1991-05-05,0.0
1991-05-06,0.0
1991-05-07,19.114258109663986
1991-05-08,6.385337264404185
1991-05-09,0.0
1991-05-10,0.0
1991-05-11,0.0
1991-05-12,0.0
1991-05-13,5.9333496589879395
1991-05-14,5.9927731808482125
1991-05-15,0.0
1991-05-16,0.0
1991-05-17,0.0
1991-05-18,0.7163073392254738
1991-05-19,0.0
1991-05-20,0.0
1991-05-21,0.0
1991-05-22,12.145141080958998
1991-05-23,23.926535522054362
1991-05-24,23.636386694822175
1991-05-25,0.0
1991-05-26,0.0
1991-05-27,0.0
1991-05-28,0.0
1991-05-29,0.0
1991-05-30,0.0
1991-05-31,0.0
1991-06-01,5.776302137140106
1991-06-02,0.0
1991-06-03,0.0
1991-06-04,0.0
1991-06-05,0.0
1991-06-06,0.0
1991-06-07,1.8795395621108872
1991-06-08,0.0
1991-06-09,27.1083948532219
1991-06-10,0.0
1991-06-11,9.371723103801994
1991-06-12,22.746814248151168
1991-06-13,4.347732423568971
1991-06-14,0.0
1991-06-15,0.0
1991-06-16,0.0
1991-06-17,0.0
1991-06-18,1.418059598967871
1991-06-19,0.0
1991-06-20,0.0
1991-06-21,0.0
1991-06-22,0.0
1991-06-23,0.0
1991-06-24,0.0
1991-06-25,0.0
1991-06-26,13.799807866021597
1991-06-27,4.651736907231109
1991-06-28,1.4264052870744712
1991-06-29,0.0
1991-06-30,0.0
1991-07-01,0.0
1991-07-02,0.4325312930844271
1991-07-03,8.202124888515552
1991-07-04,10.066700302118946
1991-07-05,0.0
1991-07-06,0.0
1991-07-07,0.0
1991-07-08,0.0
1991-07-09,2.2562661895589393
1991-07-10,0.0
1991-07-11,0.0
1991-07-12,0.0
1991-07-13,0.0
1991-07-14,1.3124763093754443
1991-07-15,0.021932835890585613
1991-07-16,0.0
1991-07-17,0.0
1991-07-18,0.0
1991-07-19,0.0
1991-07-20,9.005835547735908
1991-07-21,0.0
1991-07-22,13.383631910913829
1991-07-23,0.0
1991-07-24,0.0
1991-07-25,1.0560444615750852
1991-07-26,7.310122348296643
1991-07-27,0.05199192730762492
1991-07-28,12.331340360742699
1991-07-29,0.0
1991-07-30,0.0
1991-07-31,0.0
1991-08-01,1.5361271288195282
1991-08-02,3.474536948416601
1991-08-03,0.0
1991-08-04,2.5225974828560993
1991-08-05,20.04061616372387
1991-08-06,4.841802389295488
1991-08-07,3.264886195572844
1991-08-08,0.0
1991-08-09,3.1436825939349227
1991-08-10,4.811151167793697
1991-08-11,1.6673702875501175
1991-08-12,2.966712387917263
1991-08-13,0.0
1991-08-14,0.0
1991-08-15,2.8567955955309228
1991-08-16,0.0
1991-08-17,0.0
1991-08-18,0.0
1991-08-19,0.0
1991-08-20,0.0
1991-08-21,0.0
1991-08-22,7.337814499427465
1991-08-23,0.0
1991-08-24,3.834766301282991
1991-08-25,3.9962119543404713
1991-08-26,4.949367364353392
1991-08-27,2.6534626967129746
1991-08-28,0.0
1991-08-29,0.0
1991-08-30,3.1026146794794656
1991-08-31,7.865870743042893
1991-09-01,6.9803606123426185
1991-09-02,16.072700337327582
1991-09-03,10.176699702059805
1991-09-04,17.810606293354542
1991-09-05,7.148102751099383
1991-09-06,0.0
1991-09-07,0.0
1991-09-08,0.0
1991-09-09,0.0
1991-09-10,8.986952067244863
1991-09-11,6.077073465186611
1991-09-12,10.612753364087528
1991-09-13,0.0
1991-09-14,2.2872971251403458
1991-09-15,0.0
1991-09-16,0.0
1991-09-17,0.0
1991-09-18,1.1451192927806961
1991-09-19,25.310213552909513
1991-09-20,8.147640391250901
1991-09-21,8.760691930709662
1991-09-22,0.0
1991-09-23,6.215819254795625
1991-09-24,0.0
1991-09-25,1.7949800846660768
1991-09-26,5.160533803892321
1991-09-27,0.0
1991-09-28,5.544147139078947
1991-09-29,3.407769612503178
1991-09-30,3.652006128413467
1991-10-01,8.137552366017104
1991-10-02,0.0
1991-10-03,0.0
1991-10-04,4.068776183008552
1991-10-05,1.7101256505877176
1991-10-06,4.249429755695373
1991-10-07,8.260709325967284
1991-10-08,0.0
1991-10-09,0.0
1991-10-10,0.0
1991-10-11,0.0
1991-10-12,0.0
1991-10-13,0.0
1991-10-14,0.0
1991-10-15,0.0
1991-10-16,0.0
1991-10-17,0.0
1991-10-18,0.0
1991-10-19,5.820046722271425
1991-10-20,3.4640310837795485
1991-10-21,4.605943560384999
1991-10-22,8.982998652803092
1991-10-23,9.440775590670656
1991-10-24,4.528387289923777
1991-10-25,0.0
1991-10-26,0.0
1991-10-27,0.0
1991-10-28,0.0
1991-10-29,0.0
1991-10-30,0.0
1991-10-31,0.0
1991-11-01,0.0
1991-11-02,3.6560598180097847
1991-11-03,0.0
1991-11-04,7.576774267764636
1991-11-05,3.5300014775972364
1991-11-06,4.261321282608105
1991-11-07,0.0
1991-11-08,0.0
1991-11-09,0.0
1991-11-10,0.0
1991-11-11,0.0
1991-11-12,0.0
1991-11-13,0.0
1991-11-14,0.0
1991-11-15,0.0
1991-11-16,0.0
1991-11-17,0.0
1991-11-18,0.0
1991-11-19,0.0
1991-11-20,0.0
1991-11-21,10.733521596396548
1991-11-22,0.0
1991-11-23,0.0
1991-11-24,0.0
1991-11-25,0.0
1991-11-26,0.0
1991-11-27,0.0
1991-11-28,0.0
1991-11-29,0.0
1991-11-30,0.0
1991-12-01,0.0
1991-12-02,0.0
1991-12-03,19.502164997272082
1991-12-04,1.8820022104644802
1991-12-05,0.0
1991-12-06,0.0
1991-12-07,0.0
1991-12-08,0.0
1991-12-09,0.0
1991-12-10,0.0
1991-12-11,0.0
1991-12-12,7.050899358679956
1991-12-13,0.0
1991-12-14,0.0
1991-12-15,0.0
1991-12-16,0.0
1991-12-17,0.0
1991-12-18,0.0
1991-12-19,0.0
1991-12-20,0.0
1991-12-21,0.0
1991-12-22,0.0
1991-12-23,0.0
1991-12-24,0.0
1991-12-25,0.0
1991-12-26,5.662011559976504
1991-12-27,0.0
1991-12-28,0.0
1991-12-29,0.0
1991-12-30,2.471892610194658
1991-12-31,0.0
1992-01-01,0.0
1992-01-02,0.0
1992-01-03,0.0
1992-01-04,0.0
1992-01-05,0.0
1992-01-06,0.0
1992-01-07,0.0
1992-01-08,0.0
1992-01-09,0.0
1992-01-10,0.0
1992-01-11,0.0
1992-01-12,0.0
1992-01-13,0.0
1992-01-14,0.0
1992-01-15,0.0
1992-01-16,0.0
1992-01-17,0.0
1992-01-18,9.425521345512912
1992-01-19,0.0
1992-01-20,0.0
1992-01-21,0.0
1992-01-22,0.0
1992-01-23,0.0
1992-01-24,0.0
1992-01-25,0.0
1992-01-26,8.175412944441637
1992-01-27,0.0
1992-01-28,0.0
1992-01-29,0.0
1992-01-30,0.0
1992-01-31,0.0
1992-02-01,0.0
1992-02-02,0.0
1992-02-03,0.0
1992-02-04,0.0
1992-02-05,7.788987063902304
1992-02-06,0.0
1992-02-07,0.0
1992-02-08,0.0
1992-02-09,0.0
1992-02-10,0.0
1992-02-11,0.0
1992-02-12,0.0
1992-02-13,0.0
1992-02-14,0.0
1992-02-15,0.0
1992-02-16,0.0
1992-02-17,0.0
1992-02-18,0.0
1992-02-19,0.0
1992-02-20,0.0
1992-02-21,0.0
1992-02-22,0.0
1992-02-23,0.8800078858079231
1992-02-24,7.810883885821632
1992-02-25,0.0
1992-02-26,0.0
1992-02-27,0.0
1992-02-28,0.0
1992-02-29,0.0
1992-03-01,0.0
1992-03-02,0.0
1992-03-03,0.0
1992-03-04,0.0
1992-03-05,0.0
1992-03-06,0.0
1992-03-07,0.0
1992-03-08,0.0
1992-03-09,0.0
1992-03-10,0.0
1992-03-11,0.0
1992-03-12,17.56173231843208
1992-03-13,0.12034279971628388
1992-03-14,0.0
1992-03-15,0.0
1992-03-16,0.0
1992-03-17,0.0
1992-03-18,0.0
1992-03-19,0.0
1992-03-20,0.0
1992-03-21,0.0
1992-03-22,0.0
1992-03-23,0.0
1992-03-24,0.0
1992-03-25,0.0
1992-03-26,0.0
1992-03-27,0.0
1992-03-28,0.0
1992-03-29,0.0
1992-03-30,0.0
1992-03-31,0.0
1992-04-01,0.0
1992-04-02,0.0
1992-04-03,0.0
1992-04-04,0.0
1992-04-05,0.0
1992-04-06,0.0
1992-04-07,0.0
1992-04-08,0.0
1992-04-09,0.07453191584402875
1992-04-10,0.0
1992-04-11,0.0
1992-04-12,4.417353614399469
1992-04-13,0.0
1992-04-14,0.0
1992-04-15,0.0
1992-04-16,0.0
1992-04-17,0.0
1992-04-18,0.0
1992-04-19,0.0
1992-04-20,0.0
1992-04-21,0.0
1992-04-22,6.215488018835619
1992-04-23,0.0
1992-04-24,0.0
1992-04-25,0.0
1992-04-26,0.0
1992-04-27,0.0
1992-04-28,0.0
1992-04-29,0.0
1992-04-30,0.0
1992-05-01,0.0
1992-05-02,0.0
1992-05-03,25.932281189755262
1992-05-04,0.0
1992-05-05,0.0
1992-05-06,0.0
1992-05-07,0.0
1992-05-08,0.0
1992-05-09,0.0
1992-05-10,0.10968126397250257
1992-05-11,0.05555970124243873
1992-05-12,11.41881612523844
1992-05-13,0.0
1992-05-14,0.0
1992-05-15,0.0
1992-05-16,0.0
1992-05-17,0.0
1992-05-18,0.0
1992-05-19,0.0
1992-05-20,0.17564644266798163
1992-05-21,0.2158123086818674
1992-05-22,0.0
1992-05-23,0.0
1992-05-24,0.0
1992-05-25,0.0
1992-05-26,0.0
1992-05-27,0.0
1992-05-28,0.0
1992-05-29,0.0
1992-05-30,0.0
1992-05-31,0.0
1992-06-01,0.0
1992-06-02,0.0
1992-06-03,0.0
1992-06-04,0.0
1992-06-05,8.000096589777248
1992-06-06,1.2532386595473994
1992-06-07,1.0365131447396265
1992-06-08,2.6766784073142227
1992-06-09,2.655770775574082
1992-06-10,0.0
1992-06-11,5.450015929406752
1992-06-12,5.511574191111666
1992-06-13,0.0
1992-06-14,0.0
1992-06-15,0.0
1992-06-16,5.836693703635381
1992-06-17,14.123439242109141
1992-06-18,0.0
1992-06-19,0.0
1992-06-20,0.0
1992-06-21,0.0
1992-06-22,0.0
1992-06-23,0.0
1992-06-24,0.0
1992-06-25,13.209502801700857
1992-06-26,6.926060609678816
1992-06-27,6.703054265861436
1992-06-28,0.0
1992-06-29,0.0
1992-06-30,0.0
1992-07-01,3.5378564549456293
1992-07-02,0.0
1992-07-03,0.0
1992-07-04,0.0
1992-07-05,0.0
1992-07-06,0.0
1992-07-07,0.0
1992-07-08,10.581559028476832
1992-07-09,5.110121611009679
1992-07-10,10.581559028476832
1992-07-11,5.481816363886832
1992-07-12,10.618457190086941
1992-07-13,10.813729907594407
1992-07-14,0.0
1992-07-15,0.0
1992-07-16,3.708185922735805
1992-07-17,0.0
1992-07-18,0.8937466374195355
1992-07-19,0.0
1992-07-20,10.906119704514676
1992-07-21,7.040868510682672
1992-07-22,6.929467398158818
1992-07-23,7.049267111850988
1992-07-24,0.47203670588788466
1992-07-25,7.049267111850988
1992-07-26,0.0
1992-07-27,0.0
1992-07-28,9.013599045983744
1992-07-29,0.0
1992-07-30,4.296377058397494
1992-07-31,2.3031216907745957
1992-08-01,0.0
1992-08-02,0.0
1992-08-03,0.0
1992-08-04,8.192330256322109
1992-08-05,7.899625035665962
1992-08-06,7.358232869571051
1992-08-07,7.274276986554356
1992-08-08,3.6791164347855254
1992-08-09,0.0
1992-08-10,0.0
1992-08-11,2.142190935690057
1992-08-12,8.477063102632732
1992-08-13,0.0
1992-08-14,0.0
1992-08-15,12.313719070052533
1992-08-16,3.4261638004018455
1992-08-17,3.4261638004018455
1992-08-18,1.7413936605306344
1992-08-19,3.4261638004018455
1992-08-20,1.6147575271683674
1992-08-21,3.9930705219092695
1992-08-22,0.0
1992-08-23,0.0
1992-08-24,7.613504147388344
1992-08-25,7.986141043818539
1992-08-26,0.0
1992-08-27,7.405341188018474
1992-08-28,0.0
1992-08-29,0.0
1992-08-30,0.007538991717260698
1992-08-31,0.0
1992-09-01,4.3459413097683
1992-09-02,2.4224259696471937
1992-09-03,0.0
1992-09-04,6.191684993580979
1992-09-05,0.0
1992-09-06,12.375300017546234
1992-09-07,0.08590751246755175
1992-09-08,0.0
1992-09-09,0.0
1992-09-10,6.18432776722411
1992-09-11,11.929400161218872
1992-09-12,7.136250688500707
1992-09-13,0.0
1992-09-14,0.0
1992-09-15,2.36386994179772
1992-09-16,7.39460228631823
1992-09-17,0.0
1992-09-18,0.0
1992-09-19,0.0
1992-09-20,0.0
1992-09-21,0.0
1992-09-22,11.166269645519298
1992-09-23,0.0
1992-09-24,0.0
1992-09-25,0.0
1992-09-26,0.0
1992-09-27,6.341239296558695
1992-09-28,6.223527635635314
1992-09-29,0.0
1992-09-30,9.511858894499948
1992-10-01,23.902913156504614
1992-10-02,12.004599453148018
1992-10-03,0.0
1992-10-04,0.0
1992-10-05,0.0
1992-10-06,6.1983545829719295
1992-10-07,3.2165705137174547
1992-10-08,17.418386554648535
1992-10-09,0.03918692816596625
1992-10-10,0.0
1992-10-11,0.0
1992-10-12,0.1681827499481018
1992-10-13,0.0
1992-10-14,0.0
1992-10-15,0.0
1992-10-16,19.278809210618338
1992-10-17,4.848574170578914
1992-10-18,0.0
1992-10-19,0.12771685986155826
1992-10-20,0.0
1992-10-21,0.07497715752859688
1992-10-22,6.74264883926317
1992-10-23,0.0
1992-10-24,0.0
1992-10-25,0.0
1992-10-26,0.0
1992-10-27,0.0
1992-10-28,0.0
1992-10-29,0.0
1992-10-30,0.0
1992-10-31,0.0
1992-11-01,0.0
1992-11-02,0.0
1992-11-03,29.44517496791443
1992-11-04,0.0
1992-11-05,0.0
1992-11-06,2.8974442133616303
1992-11-07,10.275934502776536
1992-11-08,5.638191488242906
1992-11-09,5.787232089827495
1992-11-10,0.0
1992-11-11,0.0
1992-11-12,0.0
1992-11-13,0.0
1992-11-14,0.0
1992-11-15,0.0
1992-11-16,0.0
1992-11-17,0.0
1992-11-18,0.0
1992-11-19,0.0
1992-11-20,0.0
1992-11-21,2.3797057749778405
1992-11-22,0.0
1992-11-23,0.0
1992-11-24,0.0
1992-11-25,0.0
1992-11-26,0.0
1992-11-27,0.0
1992-11-28,0.0
1992-11-29,0.0
1992-11-30,0.0
1992-12-01,1.3241998865150952
1992-12-02,0.0
1992-12-03,0.0
1992-12-04,0.0
1992-12-05,0.0
1992-12-06,0.0
1992-12-07,0.0
1992-12-08,0.0
1992-12-09,0.0
1992-12-10,0.0
1992-12-11,0.0
1992-12-12,0.0
1992-12-13,0.0
1992-12-14,2.2904732846505196
1992-12-15,0.0
1992-12-16,0.0
1992-12-17,0.0
1992-12-18,0.0
1992-12-19,0.0
1992-12-20,0.0
1992-12-21,0.0
1992-12-22,0.0
1992-12-23,0.0
1992-12-24,0.0
1992-12-25,0.0
1992-12-26,2.2924962563610345
1992-12-27,0.0
1992-12-28,2.9527713613199214
1992-12-29,0.0
1992-12-30,0.0
1992-12-31,0.0
1993-01-01,0.0
1993-01-02,0.0
1993-01-03,0.0
1993-01-04,0.0
1993-01-05,3.1193929195509806
1993-01-06,0.0
1993-01-07,0.0
1993-01-08,0.0
1993-01-09,0.0
1993-01-10,0.0
1993-01-11,0.0
1993-01-12,0.15242391618694134
1993-01-13,4.475182394214983
1993-01-14,4.730267035403309
1993-01-15,0.0
1993-01-16,0.0
1993-01-17,0.0
1993-01-18,0.0
1993-01-19,0.0
1993-01-20,0.0
1993-01-21,0.0
1993-01-22,0.0474890057277616
1993-01-23,0.1136976613769686
1993-01-24,13.364916412767583
1993-01-25,18.940208100156134
1993-01-26,0.0
1993-01-27,0.0
1993-01-28,0.0
1993-01-29,0.0
1993-01-30,0.0
1993-01-31,0.0
1993-02-01,0.0
1993-02-02,0.0
1993-02-03,0.0
1993-02-04,0.0
1993-02-05,0.0
1993-02-06,5.128779934925812
1993-02-07,1.3366127034404172
1993-02-08,0.0
1993-02-09,0.0
1993-02-10,0.0
1993-02-11,0.0
1993-02-12,0.0
1993-02-13,0.0
1993-02-14,0.0
1993-02-15,0.0
1993-02-16,0.0
1993-02-17,2.954417954839402
1993-02-18,0.0
1993-02-19,0.0
1993-02-20,0.0
1993-02-21,0.0
1993-02-22,0.0
1993-02-23,0.0
1993-02-24,0.0
1993-02-25,0.0
1993-02-26,0.0
1993-02-27,0.0
1993-02-28,1.3240265322929585
1993-03-01,0.0
1993-03-02,0.0
1993-03-03,0.0
1993-03-04,0.0
1993-03-05,0.0
1993-03-06,0.0
1993-03-07,3.829597673265666
1993-03-08,0.0
1993-03-09,0.0
1993-03-10,0.0
1993-03-11,0.0
1993-03-12,0.0
1993-03-13,0.0
1993-03-14,0.0
1993-03-15,0.0
1993-03-16,0.0
1993-03-17,4.013469108741923
1993-03-18,0.0
1993-03-19,0.0
1993-03-20,0.0
1993-03-21,0.0
1993-03-22,0.0
1993-03-23,0.0
1993-03-24,0.0
1993-03-25,0.0
1993-03-26,0.0
1993-03-27,0.0
1993-03-28,0.0
1993-03-29,0.0
1993-03-30,0.0
1993-03-31,0.0
1993-04-01,0.0
1993-04-02,0.0
1993-04-03,0.0
1993-04-04,0.0
1993-04-05,0.0
1993-04-06,0.0
1993-04-07,0.0
1993-04-08,0.0
1993-04-09,0.0
1993-04-10,0.0
1993-04-11,0.0
1993-04-12,0.0
1993-04-13,0.0
1993-04-14,0.0
1993-04-15,0.0
1993-04-16,0.0
1993-04-17,0.0
1993-04-18,0.0
1993-04-19,0.0
1993-04-20,0.0
1993-04-21,0.0
1993-04-22,9.83542521545363
1993-04-23,0.0
1993-04-24,0.0
1993-04-25,0.0
1993-04-26,0.0
1993-04-27,0.0
1993-04-28,0.0
1993-04-29,0.0
1993-04-30,0.0
1993-05-01,0.0
1993-05-02,0.0
1993-05-03,10.583607204829931
1993-05-04,0.0
1993-05-05,0.0
1993-05-06,0.0
1993-05-07,0.0
1993-05-08,0.9868786636612148
1993-05-09,0.9456902195684199
1993-05-10,0.0
1993-05-11,0.0
1993-05-12,0.0
1993-05-13,0.0
1993-05-14,0.0
1993-05-15,8.227832084304422
1993-05-16,0.0
1993-05-17,0.0
1993-05-18,0.0
1993-05-19,0.0
1993-05-20,0.0
1993-05-21,0.0
1993-05-22,0.0
1993-05-23,0.0
1993-05-24,0.0
1993-05-25,0.0
1993-05-26,19.56968747917224
1993-05-27,19.111315421458645
1993-05-28,0.0
1993-05-29,0.0
1993-05-30,0.0
1993-05-31,0.0
1993-06-01,0.0
1993-06-02,0.0
1993-06-03,0.0
1993-06-04,0.0
1993-06-05,0.0
1993-06-06,0.0
1993-06-07,0.0
1993-06-08,0.0
1993-06-09,0.0
1993-06-10,21.315189756119022
1993-06-11,4.994507082340379
1993-06-12,0.0
1993-06-13,5.7080086420966465
1993-06-14,14.983521998104242
1993-06-15,4.994507082340379
1993-06-16,0.0
1993-06-17,5.010830485888375
1993-06-18,24.410506908157018
1993-06-19,14.65148191467436
1993-06-20,4.670609584814149
1993-06-21,0.0
1993-06-22,0.0
1993-06-23,0.0
1993-06-24,0.008993840423807332
1993-06-25,0.0
1993-06-26,4.416507905273539
1993-06-27,4.760632545757751
1993-06-28,0.0
1993-06-29,0.0
1993-06-30,0.0
1993-07-01,0.0
1993-07-02,0.0
1993-07-03,0.090226401334872
1993-07-04,0.0
1993-07-05,3.5534545851649657
1993-07-06,1.5431151263777212
1993-07-07,0.0
1993-07-08,3.0954619697777708
1993-07-09,0.0
1993-07-10,4.477395289970723
1993-07-11,2.5065144340835523
1993-07-12,0.0
1993-07-13,0.0
1993-07-14,2.9833553873215686
1993-07-15,7.517048292081779
1993-07-16,1.505760776638943
1993-07-17,0.0
1993-07-18,1.1610685142656323
1993-07-19,13.044013040901135
1993-07-20,0.0
1993-07-21,0.0
1993-07-22,0.16751043286775413
1993-07-23,0.0
1993-07-24,0.0
1993-07-25,1.3228660463452122
1993-07-26,6.23613681732179
1993-07-27,5.22808374669832
1993-07-28,0.0
1993-07-29,0.0
1993-07-30,0.0
1993-07-31,0.0
1993-08-01,0.0
1993-08-02,0.0
1993-08-03,0.0
1993-08-04,5.91442862270986
1993-08-05,0.0
1993-08-06,0.0
1993-08-07,6.460259951430381
1993-08-08,2.7056944918010077
1993-08-09,8.462022883018923
1993-08-10,15.722127768890877
1993-08-11,8.718647960625018
1993-08-12,0.0
1993-08-13,13.032417980644054
1993-08-14,0.0
1993-08-15,0.343255216372926
1993-08-16,7.293886797572331
1993-08-17,0.0
1993-08-18,7.293847343622003
1993-08-19,7.608651892969604
1993-08-20,11.347816142716212
1993-08-21,0.0
1993-08-22,0.0
1993-08-23,0.0
1993-08-24,0.0
1993-08-25,0.0
1993-08-26,0.0
1993-08-27,13.604934229520056
1993-08-28,6.802467114760028
1993-08-29,0.0
1993-08-30,0.0
1993-08-31,0.0
1993-09-01,15.37895033221521
1993-09-02,5.126316637237941
1993-09-03,10.071293767374883
1993-09-04,5.126316637237941
1993-09-05,0.0
1993-09-06,0.0
1993-09-07,0.0
1993-09-08,0.0
1993-09-09,24.468236863845412
1993-09-10,12.81056325760374
1993-09-11,14.982493776840442
1993-09-12,0.0
1993-09-13,0.0
1993-09-14,0.0
1993-09-15,13.432290874551661
1993-09-16,4.208464212148387
1993-09-17,16.32684996155049
1993-09-18,27.24918962199512
1993-09-19,4.0319502938402945
1993-09-20,2.1739089727605685
1993-09-21,0.9364818418652554
1993-09-22,0.0
1993-09-23,0.31724163257165106
1993-09-24,0.0
1993-09-25,0.0
1993-09-26,0.0
1993-09-27,0.0
1993-09-28,0.0
1993-09-29,0.0
1993-09-30,31.693566180950924
1993-10-01,0.6449113393624546
1993-10-02,0.0
1993-10-03,0.5405345138509255
1993-10-04,0.804499118559919
1993-10-05,3.1956798503053148
1993-10-06,24.964463265401502
1993-10-07,0.0
1993-10-08,0.0
1993-10-09,0.0
1993-10-10,0.0
1993-10-11,0.0
1993-10-12,3.9943196843552196
1993-10-13,2.139270020147634
1993-10-14,12.704975979238196
1993-10-15,5.889870805718903
1993-10-16,0.0
1993-10-17,0.0
1993-10-18,0.0
1993-10-19,0.0
1993-10-20,0.0
1993-10-21,0.0
1993-10-22,4.298173536982549
1993-10-23,1.23192664419929
1993-10-24,0.0
1993-10-25,0.0
1993-10-26,0.4775908248821781
1993-10-27,0.0
1993-10-28,0.5839157836222627
1993-10-29,1.0930081575261976
1993-10-30,0.9813212391972351
1993-10-31,0.009676891665598724
1993-11-01,0.0
1993-11-02,0.0
1993-11-03,0.0
1993-11-04,0.0
1993-11-05,0.0
1993-11-06,0.0
1993-11-07,13.731100722108282
1993-11-08,0.0
1993-11-09,0.0
1993-11-10,0.0
1993-11-11,0.0
1993-11-12,0.0
1993-11-13,0.0
1993-11-14,0.0
1993-11-15,0.0
1993-11-16,0.0
1993-11-17,0.0
1993-11-18,0.0
1993-11-19,0.0
1993-11-20,1.9662000603108258
1993-11-21,0.0
1993-11-22,0.0
1993-11-23,0.0
1993-11-24,0.0
1993-11-25,0.0
1993-11-26,0.0
1993-11-27,0.0
1993-11-28,0.0
1993-11-29,0.0
1993-11-30,0.0
1993-12-01,1.049882426799879
1993-12-02,0.029375350351052314
1993-12-03,0.0
1993-12-04,0.0
1993-12-05,0.0
1993-12-06,0.0
1993-12-07,0.0
1993-12-08,0.0
1993-12-09,0.0
1993-12-10,0.0
1993-12-11,0.0
1993-12-12,0.0
1993-12-13,0.0
1993-12-14,0.0
1993-12-15,0.0
1993-12-16,0.0
1993-12-17,0.0
1993-12-18,0.0
1993-12-19,0.0
1993-12-20,0.0
1993-12-21,0.0
1993-12-22,0.0
1993-12-23,0.05511479302889055
1993-12-24,0.0
1993-12-25,2.214004342000725
1993-12-26,0.0
1993-12-27,0.0
1993-12-28,0.0
1993-12-29,0.0
1993-12-30,3.714265116455399
1993-12-31,11.856115925785288
1994-01-01,0.21434351422202583
1994-01-02,0.0
1994-01-03,0.0
1994-01-04,0.0
1994-01-05,4.221812793881675
1994-01-06,0.0
1994-01-07,0.0
1994-01-08,0.0
1994-01-09,0.0
1994-01-10,0.0
1994-01-11,0.0
1994-01-12,0.0
1994-01-13,0.0
1994-01-14,0.0
1994-01-15,0.0
1994-01-16,0.0
1994-01-17,0.0
1994-01-18,1.3899659687766548
1994-01-19,0.0
1994-01-20,0.0
1994-01-21,0.0
1994-01-22,0.0
1994-01-23,0.0
1994-01-24,19.383558127105303
1994-01-25,0.0
1994-01-26,0.0
1994-01-27,0.0
1994-01-28,0.0
1994-01-29,0.0
1994-01-30,0.0
1994-01-31,0.0
1994-02-01,2.271582403341007
1994-02-02,0.0
1994-02-03,0.06823079675087604
1994-02-04,0.0
1994-02-05,0.0
1994-02-06,0.0
1994-02-07,0.0
1994-02-08,0.0
1994-02-09,0.0
1994-02-10,0.0
1994-02-11,0.0
1994-02-12,0.0
1994-02-13,0.0
1994-02-14,0.0
1994-02-15,0.0
1994-02-16,6.55547314550103
1994-02-17,0.0
1994-02-18,0.0
1994-02-19,0.0
1994-02-20,0.0
1994-02-21,0.0
1994-02-22,0.0
1994-02-23,0.0
1994-02-24,7.674447812391386
1994-02-25,2.0769039979434387
1994-02-26,0.0
1994-02-27,0.0
1994-02-28,0.0
1994-03-01,0.0
1994-03-02,0.0
1994-03-03,0.0
1994-03-04,0.0
1994-03-05,0.0
1994-03-06,0.0
1994-03-07,0.0
1994-03-08,0.0
1994-03-09,0.0
1994-03-10,0.8114813881651914
1994-03-11,0.0
1994-03-12,0.0
1994-03-13,0.0
1994-03-14,0.0
1994-03-15,0.0
1994-03-16,0.0
1994-03-17,0.0
1994-03-18,0.0
1994-03-19,0.0
1994-03-20,0.0
1994-03-21,0.0
1994-03-22,0.0
1994-03-23,0.0
1994-03-24,0.0
1994-03-25,0.0
1994-03-26,0.0
1994-03-27,0.0
1994-03-28,0.0
1994-03-29,1.5957069217949105
1994-03-30,4.539770431785656
1994-03-31,0.0
1994-04-01,0.0
1994-04-02,0.0
1994-04-03,0.0
1994-04-04,0.0
1994-04-05,0.0
1994-04-06,0.0
1994-04-07,0.0
1994-04-08,0.0
1994-04-09,0.0
1994-04-10,0.0
1994-04-11,0.0
1994-04-12,0.0
1994-04-13,0.0
1994-04-14,0.0
1994-04-15,0.0
1994-04-16,0.0
1994-04-17,0.0
1994-04-18,0.0
1994-04-19,0.0
1994-04-20,21.57289522408692
1994-04-21,0.0
1994-04-22,0.0
1994-04-23,0.0
1994-04-24,0.0
1994-04-25,0.0
1994-04-26,0.0
1994-04-27,0.0
1994-04-28,0.0
1994-04-29,0.0
1994-04-30,0.0
1994-05-01,0.0
1994-05-02,0.0
1994-05-03,0.0
1994-05-04,0.0
1994-05-05,0.0
1994-05-06,6.203046789294101
1994-05-07,0.0
1994-05-08,0.0
1994-05-09,0.0
1994-05-10,0.0
1994-05-11,0.0
1994-05-12,0.0
1994-05-13,0.0
1994-05-14,0.0
1994-05-15,0.0
1994-05-16,5.755610151873738
1994-05-17,0.0
1994-05-18,0.0
1994-05-19,0.0
1994-05-20,0.0
1994-05-21,0.0
1994-05-22,0.0
1994-05-23,0.0
1994-05-24,0.0
1994-05-25,0.0
1994-05-26,0.0
1994-05-27,0.0
1994-05-28,0.0
1994-05-29,0.0
1994-05-30,6.1500322698425105
1994-05-31,12.912571151186395
1994-06-01,0.0
1994-06-02,0.29121892441589214
1994-06-03,28.957629673064698
1994-06-04,11.318045034421562
1994-06-05,11.60926395883745
1994-06-06,0.5548736909585272
1994-06-07,21.528098509723602
1994-06-08,0.0
1994-06-09,0.0
1994-06-10,0.0
1994-06-11,0.0
1994-06-12,0.0
1994-06-13,0.0
1994-06-14,0.0
1994-06-15,0.0
1994-06-16,0.0
1994-06-17,0.0
1994-06-18,8.512553519079848
1994-06-19,8.944917364839297
1994-06-20,16.56932667486682
1994-06-21,8.263009086276282
1994-06-22,0.0
1994-06-23,0.0
1994-06-24,0.0
1994-06-25,0.0
1994-06-26,0.0
1994-06-27,0.0031443182001910657
1994-06-28,3.789574094489889
1994-06-29,0.0
1994-06-30,0.0
1994-07-01,2.6950142942854045
1994-07-02,0.0
1994-07-03,5.387655096830898
1994-07-04,0.0
1994-07-05,0.0
1994-07-06,0.0
1994-07-07,0.0
1994-07-08,0.0
1994-07-09,7.822502404931977
1994-07-10,7.520597063701567
1994-07-11,0.0
1994-07-12,0.0
1994-07-13,0.26063107823296744
1994-07-14,0.0
1994-07-15,10.514237595190655
1994-07-16,3.154560256690968
1994-07-17,1.552685482875214
1994-07-18,0.0
1994-07-19,0.0
1994-07-20,0.0
1994-07-21,0.0
1994-07-22,0.0
1994-07-23,2.653098643643773
1994-07-24,2.7538042721653033
1994-07-25,2.8352832388704887
1994-07-26,0.0
1994-07-27,0.0
1994-07-28,0.0
1994-07-29,0.0
1994-07-30,3.0220278246609786
1994-07-31,3.0220278246609786
1994-08-01,3.8945863596882333
1994-08-02,0.0
1994-08-03,7.789172719376467
1994-08-04,0.11147726442871053
1994-08-05,0.0
1994-08-06,0.0
1994-08-07,0.0
1994-08-08,0.0
1994-08-09,2.937048958896612
1994-08-10,5.893137242273357
1994-08-11,4.94992742340393
1994-08-12,0.0
1994-08-13,3.396456442023398
1994-08-14,6.670248593591531
1994-08-15,6.792912884046796
1994-08-16,15.82522390568826
1994-08-17,0.0
1994-08-18,15.82522390568826
1994-08-19,0.0
1994-08-20,0.0
1994-08-21,0.0
1994-08-22,6.029825644306828
1994-08-23,0.0
1994-08-24,0.0
1994-08-25,3.0739309256269354
1994-08-26,3.268788510242411
1994-08-27,0.0
1994-08-28,3.268788510242411
1994-08-29,0.0
1994-08-30,0.0
1994-08-31,0.0
1994-09-01,0.0
1994-09-02,0.0
1994-09-03,20.98446547064654
1994-09-04,0.0
1994-09-05,0.0
1994-09-06,0.0
1994-09-07,0.0
1994-09-08,0.0
1994-09-09,0.0
1994-09-10,0.0
1994-09-11,0.0
1994-09-12,0.0
1994-09-13,0.0
1994-09-14,0.0
1994-09-15,0.6691737864341768
1994-09-16,21.17319224954381
1994-09-17,0.0
1994-09-18,0.0
1994-09-19,0.0
1994-09-20,0.0
1994-09-21,0.0
1994-09-22,0.0
1994-09-23,0.0
1994-09-24,0.0
1994-09-25,0.0
1994-09-26,0.39763323224263514
1994-09-27,0.0
1994-09-28,0.0
1994-09-29,0.0
1994-09-30,0.0
1994-10-01,0.0
1994-10-02,0.0
1994-10-03,33.74318645310388
1994-10-04,0.0
1994-10-05,0.0
1994-10-06,0.0
1994-10-07,0.0
1994-10-08,0.0
1994-10-09,0.0
1994-10-10,0.0
1994-10-11,23.342201313825775
1994-10-12,0.0
1994-10-13,10.877244346129652
1994-10-14,0.0
1994-10-15,0.0
1994-10-16,0.0
1994-10-17,0.0
1994-10-18,0.0
1994-10-19,0.0
1994-10-20,0.0
1994-10-21,0.0
1994-10-22,0.0
1994-10-23,0.0
1994-10-24,0.0
1994-10-25,0.0
1994-10-26,0.0
1994-10-27,0.0
1994-10-28,0.0
1994-10-29,0.0
1994-10-30,0.0
1994-10-31,0.0
1994-11-01,0.0
1994-11-02,0.0
1994-11-03,28.34776071926089
1994-11-04,0.0
1994-11-05,0.0
1994-11-06,0.0
1994-11-07,0.0
1994-11-08,0.0
1994-11-09,0.0
1994-11-10,0.0
1994-11-11,0.0
1994-11-12,0.0
1994-11-13,0.0
1994-11-14,0.0
1994-11-15,0.0
1994-11-16,0.0
1994-11-17,0.0
1994-11-18,0.0
1994-11-19,0.0
1994-11-20,0.0
1994-11-21,0.0
1994-11-22,0.0
1994-11-23,0.0
1994-11-24,0.00726075014249078
1994-11-25,0.0
1994-11-26,0.0
1994-11-27,0.0
1994-11-28,0.0
1994-11-29,0.0
1994-11-30,0.0
1994-12-01,0.0
1994-12-02,0.04309611814056736
1994-12-03,14.862166915326485
1994-12-04,0.0
1994-12-05,0.0
1994-12-06,0.0
1994-12-07,0.0
1994-12-08,0.0
1994-12-09,0.0
1994-12-10,1.9763715480876596
1994-12-11,2.3463776499033915
1994-12-12,0.0
1994-12-13,0.0
1994-12-14,0.0
1994-12-15,0.0
1994-12-16,0.0
1994-12-17,0.0
1994-12-18,0.0
1994-12-19,0.0
1994-12-20,0.0
1994-12-21,0.0
1994-12-22,0.0
1994-12-23,0.0
1994-12-24,0.0
1994-12-25,4.91136819731731
1994-12-26,0.0
1994-12-27,0.0
1994-12-28,0.0
1994-12-29,0.0
1994-12-30,0.0
1994-12-31,0.0
1995-01-01,0.0
1995-01-02,0.0
1995-01-03,0.0
1995-01-04,6.487292777357778
1995-01-05,0.0
1995-01-06,0.0
1995-01-07,0.0
1995-01-08,0.0
1995-01-09,0.0
1995-01-10,0.0
1995-01-11,0.0
1995-01-12,0.0
1995-01-13,0.0
1995-01-14,0.0
1995-01-15,0.0
1995-01-16,0.0
1995-01-17,0.0
1995-01-18,0.0
1995-01-19,2.364210873068924
1995-01-20,0.44239866386456844
1995-01-21,0.0
1995-01-22,0.0
1995-01-23,0.0
1995-01-24,0.0
1995-01-25,0.0
1995-01-26,0.0
1995-01-27,0.0
1995-01-28,0.0
1995-01-29,0.0
1995-01-30,0.917898213648469
1995-01-31,0.0
1995-02-01,0.0
1995-02-02,0.0
1995-02-03,0.0
1995-02-04,0.0
1995-02-05,0.0
1995-02-06,0.0
1995-02-07,0.0
1995-02-08,0.0
1995-02-09,3.0964047415448457
1995-02-10,0.0
1995-02-11,0.0
1995-02-12,0.0
1995-02-13,0.0
1995-02-14,0.0
1995-02-15,0.0
1995-02-16,0.0
1995-02-17,0.0
1995-02-18,0.0
1995-02-19,2.1833234799435863
1995-02-20,0.0
1995-02-21,2.977089164382668
1995-02-22,0.0
1995-02-23,0.0
1995-02-24,0.0
1995-02-25,0.0
1995-02-26,0.0
1995-02-27,0.0
1995-02-28,0.0
1995-03-01,0.0
1995-03-02,0.0
1995-03-03,0.0
1995-03-04,0.0
1995-03-05,0.0
1995-03-06,0.0
1995-03-07,0.0
1995-03-08,0.0
1995-03-09,0.0
1995-03-10,0.0
1995-03-11,0.0
1995-03-12,0.0
1995-03-13,0.0
1995-03-14,0.0
1995-03-15,0.0
1995-03-16,11.508389870801608
1995-03-17,0.0
1995-03-18,0.0
1995-03-19,0.0
1995-03-20,0.0
1995-03-21,0.0
1995-03-22,0.0
1995-03-23,0.0
1995-03-24,0.0
1995-03-25,0.0
1995-03-26,0.0
1995-03-27,0.0
1995-03-28,0.0
1995-03-29,0.0
1995-03-30,0.0
1995-03-31,0.0
1995-04-01,0.0
1995-04-02,0.0
1995-04-03,0.0
1995-04-04,0.0
1995-04-05,0.0
1995-04-06,0.0
1995-04-07,0.0
1995-04-08,0.0
1995-04-09,0.0
1995-04-10,0.0
1995-04-11,0.0
1995-04-12,8.76035763170957
1995-04-13,0.0
1995-04-14,0.0
1995-04-15,0.0
1995-04-16,0.0
1995-04-17,0.0
1995-04-18,0.0
1995-04-19,0.0
1995-04-20,0.0
1995-04-21,0.0
1995-04-22,3.61835870361183
1995-04-23,0.0
1995-04-24,0.0
1995-04-25,0.0
1995-04-26,0.0
1995-04-27,0.0
1995-04-28,0.0
1995-04-29,0.0
1995-04-30,0.0
1995-05-01,0.0
1995-05-02,0.0
1995-05-03,0.0
1995-05-04,0.0
1995-05-05,15.575548550832046
1995-05-06,0.0
1995-05-07,0.0
1995-05-08,0.0
1995-05-09,0.0
1995-05-10,0.0
1995-05-11,0.0
1995-05-12,0.0
1995-05-13,0.0
1995-05-14,0.0
1995-05-15,0.0
1995-05-16,0.0
1995-05-17,0.0
1995-05-18,0.0
1995-05-19,0.0
1995-05-20,0.0
1995-05-21,0.0
1995-05-22,0.0
1995-05-23,0.0
1995-05-24,0.0
1995-05-25,0.0
1995-05-26,0.0
1995-05-27,0.0
1995-05-28,0.0
1995-05-29,0.0
1995-05-30,0.0
1995-05-31,0.0
1995-06-01,0.0
1995-06-02,0.0033157060563524642
1995-06-03,4.843019155919227
1995-06-04,0.0
1995-06-05,0.0
1995-06-06,0.0
1995-06-07,0.0
1995-06-08,0.0
1995-06-09,0.0
1995-06-10,0.0
1995-06-11,0.0
1995-06-12,0.0
1995-06-13,0.0
1995-06-14,0.0
1995-06-15,0.0
1995-06-16,0.0
1995-06-17,0.0
1995-06-18,0.0
1995-06-19,0.0
1995-06-20,0.0
1995-06-21,0.0
1995-06-22,0.0
1995-06-23,0.0
1995-06-24,4.718894474407348
1995-06-25,12.229191596632743
1995-06-26,32.478225927368314
1995-06-27,16.14827538953702
1995-06-28,0.0
1995-06-29,0.0
1995-06-30,0.0
1995-07-01,0.0
1995-07-02,0.0
1995-07-03,8.264023676520765
1995-07-04,0.0
1995-07-05,0.0
1995-07-06,0.12565023148312515
1995-07-07,7.694798359561049
1995-07-08,7.367198795947913
1995-07-09,4.142479198187382
1995-07-10,14.584368815097383
1995-07-11,8.519569737767016
1995-07-12,5.63989726251414
1995-07-13,0.06026788895919447
1995-07-14,5.253952160038102
1995-07-15,8.530959169511823
1995-07-16,3.421335403469697
1995-07-17,6.715342246258256
1995-07-18,0.0
1995-07-19,0.0
1995-07-20,3.357671123129128
1995-07-21,0.0
1995-07-22,0.0
1995-07-23,19.386515346916624
1995-07-24,9.623170430679203
1995-07-25,0.0
1995-07-26,12.835881936619252
1995-07-27,13.81094800882442
1995-07-28,0.0
1995-07-29,0.0
1995-07-30,0.0
1995-07-31,0.0
1995-08-01,0.0
1995-08-02,10.4374013886012
1995-08-03,5.256676515457098
1995-08-04,8.253187755190352
1995-08-05,7.537913801400935
1995-08-06,4.229603696238825
1995-08-07,0.0
1995-08-08,0.0
1995-08-09,26.20150395972805
1995-08-10,17.703494304766608
1995-08-11,10.056920966483244
1995-08-12,4.898120117078726
1995-08-13,5.031374590072749
1995-08-14,5.031374590072749
1995-08-15,0.0
1995-08-16,0.0
1995-08-17,0.0
1995-08-18,0.0
1995-08-19,4.531840408308757
1995-08-20,0.0
1995-08-21,0.0
1995-08-22,0.0
1995-08-23,0.0
1995-08-24,0.1043472491572747
1995-08-25,4.203045485519212
1995-08-26,5.118765951838324
1995-08-27,2.559382975919162
1995-08-28,2.559382975919162
1995-08-29,0.0
1995-08-30,0.0
1995-08-31,0.0
1995-09-01,0.0
1995-09-02,0.0
1995-09-03,4.780919311957809
1995-09-04,5.911767697268574
1995-09-05,4.629413320685627
1995-09-06,0.0
1995-09-07,0.35641997343112364
1995-09-08,0.0
1995-09-09,0.0
1995-09-10,0.0
1995-09-11,16.436427736011932
1995-09-12,17.018069200951157
1995-09-13,17.124758904255902
1995-09-14,25.319308032608202
1995-09-15,17.41489823722714
1995-09-16,10.223937301132972
1995-09-17,0.0
1995-09-18,0.0
1995-09-19,0.0
1995-09-20,4.687419021861944
1995-09-21,0.0
1995-09-22,0.0
1995-09-23,6.0162397346331
1995-09-24,0.1660223854731362
1995-09-25,2.944742120060483
1995-09-26,13.196361193853164
1995-09-27,46.47188830441388
1995-09-28,33.199592353205134
1995-09-29,0.0
1995-09-30,1.0546493913398942
1995-10-01,39.15899724204651
1995-10-02,29.694969252058296
1995-10-03,48.677977490492346
1995-10-04,3.428455247514335
1995-10-05,0.0
1995-10-06,0.0
1995-10-07,0.0
1995-10-08,0.0
1995-10-09,0.0
1995-10-10,27.939476996921773
1995-10-11,17.571196219466596
1995-10-12,3.5806500328564224
1995-10-13,3.399688088251447
1995-10-14,7.161300065712845
1995-10-15,8.694297900184935
1995-10-16,10.083711422913979
1995-10-17,0.0
1995-10-18,0.0
1995-10-19,0.09362590586025331
1995-10-20,4.935941977558779
1995-10-21,0.0
1995-10-22,0.0
1995-10-23,0.0
1995-10-24,0.0
1995-10-25,5.083734888928179
1995-10-26,0.0
1995-10-27,0.0
1995-10-28,0.0
1995-10-29,7.059908296635661
1995-10-30,0.0
1995-10-31,33.43908897895184
1995-11-01,12.127021681048916
1995-11-02,0.0
1995-11-03,0.0
1995-11-04,0.0
1995-11-05,0.0
1995-11-06,0.0
1995-11-07,0.0
1995-11-08,0.0
1995-11-09,0.0
1995-11-10,0.0
1995-11-11,0.0
1995-11-12,0.0
1995-11-13,0.0
1995-11-14,0.0
1995-11-15,0.0
1995-11-16,0.0
1995-11-17,0.0
1995-11-18,0.0
1995-11-19,0.0
1995-11-20,0.0
1995-11-21,0.0
1995-11-22,0.0
1995-11-23,0.0
1995-11-24,0.0
1995-11-25,0.0
1995-11-26,0.0
1995-11-27,0.0
1995-11-28,0.0
1995-11-29,0.0
1995-11-30,0.0
1995-12-01,0.0
1995-12-02,0.0
1995-12-03,0.0
1995-12-04,0.0
1995-12-05,0.0
1995-12-06,0.0
1995-12-07,0.0
1995-12-08,0.0
1995-12-09,0.0
1995-12-10,0.0
1995-12-11,0.0
1995-12-12,0.0
1995-12-13,0.0
1995-12-14,0.0
1995-12-15,4.249854541960216
1995-12-16,0.0
1995-12-17,0.0
1995-12-18,0.0
1995-12-19,24.146258564060034
1995-12-20,0.0
1995-12-21,0.0
1995-12-22,0.0
1995-12-23,0.0
1995-12-24,0.0
1995-12-25,0.0
1995-12-26,0.0
1995-12-27,10.528633005578333
1995-12-28,9.417415435250046
1995-12-29,0.0
1995-12-30,0.0
1995-12-31,0.0
1996-01-01,0.0
1996-01-02,0.0
1996-01-03,0.0
1996-01-04,0.0
1996-01-05,1.8680136693172447
1996-01-06,0.0
1996-01-07,7.283120631612657
1996-01-08,0.0
1996-01-09,0.0
1996-01-10,0.0
1996-01-11,0.0
1996-01-12,0.0
1996-01-13,0.0
1996-01-14,0.0
1996-01-15,0.0
1996-01-16,0.0
1996-01-17,0.0
1996-01-18,0.0
1996-01-19,0.0
1996-01-20,0.0
1996-01-21,0.0
1996-01-22,1.8242640393249319
1996-01-23,0.0
1996-01-24,0.0
1996-01-25,0.0
1996-01-26,0.0
1996-01-27,0.0
1996-01-28,0.0
1996-01-29,0.0
1996-01-30,0.0
1996-01-31,0.0
1996-02-01,0.0
1996-02-02,0.0
1996-02-03,2.4927470465975152
1996-02-04,0.0
1996-02-05,0.0
1996-02-06,5.107365542482722
1996-02-07,0.0
1996-02-08,0.0
1996-02-09,0.0
1996-02-10,0.0
1996-02-11,0.0
1996-02-12,0.0
1996-02-13,2.1696898828678144
1996-02-14,0.0
1996-02-15,0.0
1996-02-16,0.07253248185534042
1996-02-17,0.0
1996-02-18,0.0
1996-02-19,0.0
1996-02-20,0.0
1996-02-21,0.0
1996-02-22,0.0
1996-02-23,0.0
1996-02-24,0.0
1996-02-25,0.0
1996-02-26,0.0
1996-02-27,0.0
1996-02-28,0.0
1996-02-29,0.0
1996-03-01,0.0
1996-03-02,0.0
1996-03-03,0.0
1996-03-04,2.037638969960421
1996-03-05,0.0
1996-03-06,0.0
1996-03-07,0.0
1996-03-08,5.089173638503018
1996-03-09,0.0
1996-03-10,0.0
1996-03-11,0.0
1996-03-12,0.0
1996-03-13,0.0
1996-03-14,0.0
1996-03-15,0.0
1996-03-16,0.0
1996-03-17,0.0
1996-03-18,0.0
1996-03-19,0.0
1996-03-20,0.0
1996-03-21,0.0
1996-03-22,0.0
1996-03-23,0.0
1996-03-24,0.0
1996-03-25,0.0
1996-03-26,0.0
1996-03-27,2.776123944198444
1996-03-28,0.0
1996-03-29,0.0
1996-03-30,0.0
1996-03-31,0.0
1996-04-01,0.0
1996-04-02,0.0
1996-04-03,0.0
1996-04-04,0.0
1996-04-05,0.0
1996-04-06,0.0
1996-04-07,0.0
1996-04-08,0.0
1996-04-09,0.0
1996-04-10,0.0
1996-04-11,0.0
1996-04-12,0.0
1996-04-13,0.0
1996-04-14,0.0
1996-04-15,0.0
1996-04-16,0.0
1996-04-17,0.0
1996-04-18,0.0
1996-04-19,0.0
1996-04-20,0.0
1996-04-21,0.0
1996-04-22,0.0
1996-04-23,0.0
1996-04-24,0.1561741506676066
1996-04-25,0.0
1996-04-26,0.0
1996-04-27,0.0
1996-04-28,0.0
1996-04-29,0.0
1996-04-30,12.549315147888182
1996-05-01,0.0
1996-05-02,0.0
1996-05-03,0.0
1996-05-04,0.0
1996-05-05,0.0
1996-05-06,0.0
1996-05-07,0.0
1996-05-08,0.0
1996-05-09,0.0
1996-05-10,0.0
1996-05-11,0.0
1996-05-12,0.0
1996-05-13,0.0
1996-05-14,0.0
1996-05-15,0.0
1996-05-16,0.3396292161538158
1996-05-17,41.97717305351918
1996-05-18,0.15493249362916184
1996-05-19,0.0
1996-05-20,0.0
1996-05-21,0.0
1996-05-22,0.0
1996-05-23,0.0
1996-05-24,0.008838451607759184
1996-05-25,0.10955635149117918
1996-05-26,0.0
1996-05-27,0.0
1996-05-28,0.0
1996-05-29,0.0
1996-05-30,0.0
1996-05-31,0.0
1996-06-01,0.0
1996-06-02,0.0
1996-06-03,0.0
1996-06-04,0.0
1996-06-05,0.0
1996-06-06,0.0
1996-06-07,0.0
1996-06-08,6.841961789364578
1996-06-09,0.0
1996-06-10,7.131756205652899
1996-06-11,7.023053146272024
1996-06-12,0.0
1996-06-13,35.115266976442456
1996-06-14,0.0
1996-06-15,0.0
1996-06-16,0.07141115728660563
1996-06-17,0.0
1996-06-18,0.07141115728660563
1996-06-19,0.0
1996-06-20,0.0
1996-06-21,0.17754015347555982
1996-06-22,0.13052559686780477
1996-06-23,3.588847803623094
1996-06-24,3.588847803623094
1996-06-25,6.916644413510579
1996-06-26,3.643224251790368
1996-06-27,3.4736431984115383
1996-06-28,0.0
1996-06-29,0.0
1996-06-30,0.0
1996-07-01,0.0
1996-07-02,0.0
1996-07-03,4.046188582781205
1996-07-04,0.052076406028377
1996-07-05,7.9957529559650755
1996-07-06,20.361754043720996
1996-07-07,3.2380713342362593
1996-07-08,0.0
1996-07-09,0.08398915887184893
1996-07-10,0.0
1996-07-11,0.0
1996-07-12,0.0
1996-07-13,7.251905167174198
1996-07-14,7.251905167174198
1996-07-15,21.340078666848235
1996-07-16,2.415140613828085
1996-07-17,8.827862206103031
1996-07-18,9.065671562759487
1996-07-19,0.0
1996-07-20,4.5328357813797435
1996-07-21,6.691790618185829
1996-07-22,0.0
1996-07-23,0.0
1996-07-24,0.0
1996-07-25,6.691790618185829
1996-07-26,7.925287613725039
1996-07-27,7.925287613725039
1996-07-28,0.0
1996-07-29,0.0
1996-07-30,7.634350171195073
1996-07-31,0.2806927523217009
1996-08-01,0.0
1996-08-02,0.0
1996-08-03,0.0
1996-08-04,1.78215639602472
1996-08-05,1.78215639602472
1996-08-06,3.6159511000825395
1996-08-07,3.6159511000825395
1996-08-08,7.03604246861271
1996-08-09,3.6159511000825395
1996-08-10,0.0
1996-08-11,3.148329534443167
1996-08-12,0.0
1996-08-13,0.0
1996-08-14,0.0
1996-08-15,2.0695407039421285
1996-08-16,3.7370369413281765
1996-08-17,0.0
1996-08-18,3.7904613370191074
1996-08-19,0.048984931614584545
1996-08-20,4.270899373791656
1996-08-21,6.763147293106888
1996-08-22,0.0
1996-08-23,2.030092059004213
1996-08-24,4.769086252527726
1996-08-25,2.086235762798178
1996-08-26,2.37910788588676
1996-08-27,4.75821577177352
1996-08-28,4.75821577177352
1996-08-29,0.0
1996-08-30,0.0
1996-08-31,0.0
1996-09-01,0.0
1996-09-02,0.0
1996-09-03,0.0
1996-09-04,0.0
1996-09-05,0.0
1996-09-06,0.0
1996-09-07,0.0
1996-09-08,0.0
1996-09-09,0.0
1996-09-10,0.0
1996-09-11,0.0
1996-09-12,0.0
1996-09-13,0.0
1996-09-14,0.0
1996-09-15,0.0
1996-09-16,0.0
1996-09-17,0.0
1996-09-18,0.0
1996-09-19,0.0
1996-09-20,0.0
1996-09-21,0.0
1996-09-22,0.0
1996-09-23,21.13567044513404
1996-09-24,0.0
1996-09-25,0.0
1996-09-26,0.0
1996-09-27,0.0
1996-09-28,0.0
1996-09-29,27.272918890075733
1996-09-30,13.645568598382962
1996-10-01,0.8126655497697658
1996-10-02,0.0
1996-10-03,0.0
1996-10-04,0.0
1996-10-05,17.325480545631823
1996-10-06,17.729435089532398
1996-10-07,16.99339573130205
1996-10-08,0.0
1996-10-09,0.0
1996-10-10,0.0
1996-10-11,0.0
1996-10-12,0.0
1996-10-13,0.0
1996-10-14,0.0
1996-10-15,0.0
1996-10-16,0.0
1996-10-17,0.0
1996-10-18,0.0
1996-10-19,0.0
1996-10-20,0.0
1996-10-21,0.0
1996-10-22,0.0
1996-10-23,0.16029160304414422
1996-10-24,0.0
1996-10-25,15.767866565387818
1996-10-26,0.0
1996-10-27,0.0
1996-10-28,0.0
1996-10-29,0.0
1996-10-30,0.0
1996-10-31,0.0
1996-11-01,0.0
1996-11-02,6.227814488993646
1996-11-03,0.0
1996-11-04,0.0
1996-11-05,0.0
1996-11-06,0.0
1996-11-07,0.0
1996-11-08,1.117645484935919
1996-11-09,0.0
1996-11-10,0.0
1996-11-11,0.0
1996-11-12,0.0
1996-11-13,0.0
1996-11-14,1.0964545746461158
1996-11-15,0.0
1996-11-16,0.0
1996-11-17,0.0
1996-11-18,2.017141558592739
1996-11-19,0.0
1996-11-20,0.0
1996-11-21,0.0
1996-11-22,0.0
1996-11-23,0.0
1996-11-24,0.0
1996-11-25,0.0
1996-11-26,0.0
1996-11-27,0.0
1996-11-28,0.0
1996-11-29,0.0
1996-11-30,0.0
1996-12-01,0.0
1996-12-02,0.0
1996-12-03,0.0
1996-12-04,0.0
1996-12-05,0.0
1996-12-06,0.0
1996-12-07,0.0
1996-12-08,0.0
1996-12-09,0.0
1996-12-10,0.0
1996-12-11,0.0
1996-12-12,0.0
1996-12-13,0.0
1996-12-14,0.0
1996-12-15,0.0
1996-12-16,0.0
1996-12-17,0.0
1996-12-18,0.0
1996-12-19,0.0
1996-12-20,0.0
1996-12-21,22.851512970211456
1996-12-22,0.0
1996-12-23,0.0
1996-12-24,0.0
1996-12-25,0.0
1996-12-26,0.0
1996-12-27,0.0
1996-12-28,16.82922850243437
1996-12-29,0.0
1996-12-30,0.0
1996-12-31,0.0
1997-01-01,0.0
1997-01-02,0.0
1997-01-03,0.0
1997-01-04,0.0
1997-01-05,0.0
1997-01-06,0.0
1997-01-07,0.0
1997-01-08,0.0
1997-01-09,0.02581655282324319
1997-01-10,0.0
1997-01-11,0.0
1997-01-12,0.0
1997-01-13,9.74714638725855
1997-01-14,0.0
1997-01-15,0.0
1997-01-16,0.0
1997-01-17,0.0
1997-01-18,0.0
1997-01-19,0.0
1997-01-20,0.0
1997-01-21,0.0
1997-01-22,0.0
1997-01-23,0.0
1997-01-24,0.0
1997-01-25,0.0
1997-01-26,0.0
1997-01-27,0.0
1997-01-28,0.0
1997-01-29,0.0
1997-01-30,0.0
1997-01-31,0.0
1997-02-01,0.0
1997-02-02,0.0
1997-02-03,0.0
1997-02-04,0.0
1997-02-05,0.0
1997-02-06,0.0
1997-02-07,0.0
1997-02-08,0.0
1997-02-09,2.8349631719405233
1997-02-10,0.0
1997-02-11,0.0
1997-02-12,0.0
1997-02-13,0.0
1997-02-14,0.0
1997-02-15,7.668299477291409
1997-02-16,4.749359214071336
1997-02-17,0.0
1997-02-18,0.0
1997-02-19,0.0
1997-02-20,0.0
1997-02-21,0.0
1997-02-22,0.0
1997-02-23,0.0
1997-02-24,0.0
1997-02-25,0.0
1997-02-26,0.0
1997-02-27,0.0
1997-02-28,0.0
1997-03-01,0.0
1997-03-02,0.0
1997-03-03,0.0
1997-03-04,0.0
1997-03-05,0.0
1997-03-06,0.0
1997-03-07,0.0
1997-03-08,0.0
1997-03-09,0.0
1997-03-10,0.0
1997-03-11,0.0
1997-03-12,1.575807135930681
1997-03-13,0.0
1997-03-14,0.0
1997-03-15,0.0
1997-03-16,0.0
1997-03-17,0.0
1997-03-18,0.0
1997-03-19,0.0
1997-03-20,2.9707343471906467
1997-03-21,1.8446703217455074
1997-03-22,0.0
1997-03-23,0.0
1997-03-24,0.0
1997-03-25,0.0
1997-03-26,0.0
1997-03-27,0.0
1997-03-28,0.0
1997-03-29,0.0
1997-03-30,0.0
1997-03-31,0.0
1997-04-01,0.0
1997-04-02,0.0
1997-04-03,0.0
1997-04-04,0.0
1997-04-05,0.0
1997-04-06,0.0
1997-04-07,0.0
1997-04-08,0.0
1997-04-09,0.0
1997-04-10,0.0
1997-04-11,0.0
1997-04-12,0.0
1997-04-13,0.0
1997-04-14,0.0
1997-04-15,27.936749175652174
1997-04-16,0.3849159300910827
1997-04-17,0.0
1997-04-18,0.0
1997-04-19,0.0
1997-04-20,5.563440208663484
1997-04-21,2.9461693661153165
1997-04-22,0.0
1997-04-23,0.0
1997-04-24,0.0
1997-04-25,0.0
1997-04-26,0.0
1997-04-27,0.0
1997-04-28,0.0
1997-04-29,0.0
1997-04-30,0.0
1997-05-01,0.0
1997-05-02,0.0
1997-05-03,0.0
1997-05-04,0.0
1997-05-05,0.0
1997-05-06,0.0
1997-05-07,0.0
1997-05-08,0.0
1997-05-09,0.0
1997-05-10,32.16124310623544
1997-05-11,0.0
1997-05-12,0.0
1997-05-13,0.0
1997-05-14,0.0
1997-05-15,0.0
1997-05-16,25.862542904787137
1997-05-17,0.0
1997-05-18,0.0
1997-05-19,0.0
1997-05-20,0.0
1997-05-21,0.0
1997-05-22,0.0
1997-05-23,9.966354547781068
1997-05-24,0.0
1997-05-25,4.598691256482976
1997-05-26,0.0
1997-05-27,0.0
1997-05-28,0.0
1997-05-29,0.0
1997-05-30,28.014739594781172
1997-05-31,9.008662485567994
1997-06-01,0.0
1997-06-02,0.0
1997-06-03,0.0
1997-06-04,0.0
1997-06-05,0.0
1997-06-06,0.0
1997-06-07,0.0
1997-06-08,0.0
1997-06-09,6.644626888338837
1997-06-10,0.0
1997-06-11,0.0
1997-06-12,0.0
1997-06-13,0.6466351909049468
1997-06-14,0.0
1997-06-15,0.0
1997-06-16,0.0
1997-06-17,0.0
1997-06-18,0.0
1997-06-19,0.0
1997-06-20,0.0
1997-06-21,0.0
1997-06-22,8.519218881067596
1997-06-23,0.0
1997-06-24,0.0
1997-06-25,0.020087526479314433
1997-06-26,11.151561290604523
1997-06-27,22.738233215609533
1997-06-28,16.293446369543993
1997-06-29,17.025094305732853
1997-06-30,27.44500866020277
1997-07-01,2.932943399046981
1997-07-02,0.0
1997-07-03,0.0
1997-07-04,0.0
1997-07-05,0.0
1997-07-06,6.881449546438698
1997-07-07,6.966513540409171
1997-07-08,0.09160754650645213
1997-07-09,8.642675031460096
1997-07-10,1.7519185691340142
1997-07-11,0.0
1997-07-12,13.359160300575926
1997-07-13,6.68381895615764
1997-07-14,6.554992434937925
1997-07-15,0.0
1997-07-16,3.3133808872573827
1997-07-17,0.0647490403764213
1997-07-18,0.0
1997-07-19,1.7174103054200967
1997-07-20,0.0
1997-07-21,0.08767370640904837
1997-07-22,0.0
1997-07-23,8.80363881468256
1997-07-24,11.607715218759777
1997-07-25,3.032014228271614
1997-07-26,0.0
1997-07-27,0.0
1997-07-28,0.0
1997-07-29,6.297992382938478
1997-07-30,9.481400056917602
1997-07-31,6.297992382938478
1997-08-01,0.0
1997-08-02,0.0
1997-08-03,13.042244060794213
1997-08-04,0.0
1997-08-05,0.21184470303569328
1997-08-06,3.0449576825956304
1997-08-07,0.0
1997-08-08,0.0
1997-08-09,0.0
1997-08-10,6.718483914366031
1997-08-11,0.0
1997-08-12,8.779342103993242
1997-08-13,17.558684207986484
1997-08-14,0.0
1997-08-15,4.168181389912987
1997-08-16,0.0
1997-08-17,6.068282778180073
1997-08-18,6.181307958196149
1997-08-19,1.4821241827506337
1997-08-20,0.0
1997-08-21,0.0
1997-08-22,0.07208599983971671
1997-08-23,0.0
1997-08-24,0.0
1997-08-25,0.0
1997-08-26,5.034117135206026
1997-08-27,0.0
1997-08-28,0.0
1997-08-29,0.0
1997-08-30,0.0
1997-08-31,0.0
1997-09-01,1.6564045757469794
1997-09-02,6.442130273056891
1997-09-03,3.6925295333809722
1997-09-04,0.0
1997-09-05,0.8390520867242964
1997-09-06,0.10945153904894822
1997-09-07,0.0
1997-09-08,0.0
1997-09-09,9.133966037628293
1997-09-10,0.0
1997-09-11,0.0
1997-09-12,0.4154106065264084
1997-09-13,14.774706674030785
1997-09-14,4.995596841960124
1997-09-15,25.384637966191672
1997-09-16,0.005410703095790608
1997-09-17,6.822710622751765
1997-09-18,8.670982751745703
1997-09-19,19.54667787123131
1997-09-20,12.657000998491663
1997-09-21,5.332823727885735
1997-09-22,0.0
1997-09-23,0.0
1997-09-24,0.0
1997-09-25,11.811353479822948
1997-09-26,0.10577689772326317
1997-09-27,0.0
1997-09-28,0.0
1997-09-29,3.7637728506427344
1997-09-30,15.494562521567905
1997-10-01,0.0
1997-10-02,45.33492086353899
1997-10-03,11.347082634251356
1997-10-04,0.0
1997-10-05,0.0
1997-10-06,0.0
1997-10-07,0.0
1997-10-08,32.80293728539847
1997-10-09,0.0
1997-10-10,0.0
1997-10-11,0.0
1997-10-12,0.0
1997-10-13,0.0
1997-10-14,0.0
1997-10-15,0.0
1997-10-16,1.3565240551249034
1997-10-17,3.888217016751933
1997-10-18,0.03175973484310154
1997-10-19,0.0
1997-10-20,0.0
1997-10-21,0.0
1997-10-22,0.0
1997-10-23,0.0
1997-10-24,0.0
1997-10-25,0.0
1997-10-26,0.0
1997-10-27,13.153989731621511
1997-10-28,0.0
1997-10-29,0.0
1997-10-30,0.0
1997-10-31,0.0
1997-11-01,0.0
1997-11-02,3.8428034682851413
1997-11-03,8.146139488955045
1997-11-04,0.0
1997-11-05,0.0
1997-11-06,0.0
1997-11-07,0.0
1997-11-08,0.0
1997-11-09,0.0
1997-11-10,8.642882349992464
1997-11-11,0.0
1997-11-12,0.0
1997-11-13,0.0
1997-11-14,0.0
1997-11-15,0.0
1997-11-16,7.476231535762993
1997-11-17,0.0
1997-11-18,0.0
1997-11-19,0.0
1997-11-20,0.0
1997-11-21,4.812378722633417
1997-11-22,0.0
1997-11-23,2.5488251893763514
1997-11-24,12.558711766312875
1997-11-25,0.0
1997-11-26,0.0
1997-11-27,0.0
1997-11-28,0.0
1997-11-29,0.0
1997-11-30,0.0
1997-12-01,0.0
1997-12-02,0.0
1997-12-03,0.0
1997-12-04,5.586125996283312
1997-12-05,0.0
1997-12-06,0.0
1997-12-07,0.0
1997-12-08,0.0
1997-12-09,0.0
1997-12-10,0.0
1997-12-11,0.0
1997-12-12,0.6184488706963711
1997-12-13,9.903690890584828
1997-12-14,2.9804898108743494
1997-12-15,0.0
1997-12-16,0.0
1997-12-17,0.0
1997-12-18,0.0
1997-12-19,0.0
1997-12-20,0.0
1997-12-21,0.0
1997-12-22,0.0
1997-12-23,0.0
1997-12-24,0.0
1997-12-25,0.0
1997-12-26,0.0
1997-12-27,3.5097869583678323
1997-12-28,0.0
1997-12-29,0.0
1997-12-30,0.0
1997-12-31,0.0
1998-01-01,0.0
1998-01-02,0.0
1998-01-03,0.0
1998-01-04,0.0
1998-01-05,0.0
1998-01-06,0.0
1998-01-07,0.0
1998-01-08,0.0
1998-01-09,0.0
1998-01-10,0.0
1998-01-11,0.0
1998-01-12,0.0
1998-01-13,0.0
1998-01-14,0.0
1998-01-15,0.0
1998-01-16,0.0
1998-01-17,0.0
1998-01-18,0.0
1998-01-19,35.86247088444367
1998-01-20,0.0
1998-01-21,0.0
1998-01-22,0.0
1998-01-23,0.0
1998-01-24,6.193062768222543
1998-01-25,0.04049701706989898
1998-01-26,0.0
1998-01-27,0.0
1998-01-28,0.0
1998-01-29,0.0
1998-01-30,0.0
1998-01-31,0.0
1998-02-01,0.0
1998-02-02,4.4467445220783475
1998-02-03,5.281664965063073
1998-02-04,0.0
1998-02-05,0.0
1998-02-06,0.0
1998-02-07,0.0
1998-02-08,0.0
1998-02-09,0.0
1998-02-10,0.0
1998-02-11,0.0
1998-02-12,0.0
1998-02-13,0.0
1998-02-14,0.0
1998-02-15,3.7722165708067825
1998-02-16,0.0
1998-02-17,0.0
1998-02-18,0.0
1998-02-19,0.0
1998-02-20,0.0
1998-02-21,0.0
1998-02-22,0.0
1998-02-23,0.0
1998-02-24,0.0
1998-02-25,0.0
1998-02-26,0.0
1998-02-27,0.0
1998-02-28,0.0
1998-03-01,0.0
1998-03-02,0.0
1998-03-03,0.0
1998-03-04,2.117918461700004
1998-03-05,0.0
1998-03-06,0.0
1998-03-07,0.0
1998-03-08,0.0
1998-03-09,0.0
1998-03-10,0.0
1998-03-11,0.0
1998-03-12,0.0
1998-03-13,0.0
1998-03-14,0.0
1998-03-15,0.0
1998-03-16,0.0
1998-03-17,0.0
1998-03-18,0.0
1998-03-19,0.0
1998-03-20,0.0
1998-03-21,0.0
1998-03-22,7.580091275178681
1998-03-23,0.0
1998-03-24,0.0
1998-03-25,0.17223389169938158
1998-03-26,0.0
1998-03-27,0.0
1998-03-28,0.0
1998-03-29,0.11285462533702866
1998-03-30,0.0
1998-03-31,0.0
1998-04-01,0.0
1998-04-02,0.0
1998-04-03,0.0
1998-04-04,0.0
1998-04-05,0.3102380455671424
1998-04-06,1.676058568447763
1998-04-07,0.0
1998-04-08,0.0
1998-04-09,0.0
1998-04-10,0.0
1998-04-11,0.0
1998-04-12,0.0
1998-04-13,0.0
1998-04-14,0.0
1998-04-15,0.0
1998-04-16,0.0
1998-04-17,0.0
1998-04-18,0.0
1998-04-19,2.5614063375610994
1998-04-20,0.4456901581263288
1998-04-21,4.05508611164698
1998-04-22,0.0
1998-04-23,0.0
1998-04-24,0.0
1998-04-25,0.0
1998-04-26,0.0
1998-04-27,0.0
1998-04-28,0.0
1998-04-29,0.6670373841934633
1998-04-30,3.446958080684301
1998-05-01,0.0
1998-05-02,0.0
1998-05-03,0.0
1998-05-04,0.0
1998-05-05,0.0
1998-05-06,0.0
1998-05-07,0.0
1998-05-08,0.0
1998-05-09,0.0
1998-05-10,0.0
1998-05-11,0.0
1998-05-12,0.0
1998-05-13,0.0
1998-05-14,0.0
1998-05-15,0.0
1998-05-16,0.07092466787350281
1998-05-17,0.0
1998-05-18,0.0
1998-05-19,0.0
1998-05-20,0.0
1998-05-21,0.0
1998-05-22,0.0
1998-05-23,0.0
1998-05-24,0.0
1998-05-25,7.396214195883016
1998-05-26,0.0
1998-05-27,0.0
1998-05-28,28.933757556518508
1998-05-29,38.90796372485822
1998-05-30,0.0
1998-05-31,0.0
1998-06-01,4.492672318541737
1998-06-02,4.615797450204569
1998-06-03,4.486651956863215
1998-06-04,0.0
1998-06-05,0.0
1998-06-06,0.0
1998-06-07,0.0
1998-06-08,0.0
1998-06-09,0.0
1998-06-10,0.0
1998-06-11,0.0
1998-06-12,0.0
1998-06-13,0.0
1998-06-14,0.0
1998-06-15,0.0
1998-06-16,0.0
1998-06-17,0.0
1998-06-18,0.0
1998-06-19,0.0
1998-06-20,0.0
1998-06-21,0.0
1998-06-22,22.17140998356288
1998-06-23,6.555065248484122
1998-06-24,43.93542350206078
1998-06-25,14.84224277546857
1998-06-26,13.714485666157607
1998-06-27,16.119287405517717
1998-06-28,0.0
1998-06-29,0.0
1998-06-30,13.743026721916754
1998-07-01,5.652617319256498
1998-07-02,5.652617319256498
1998-07-03,0.0
1998-07-04,0.0
1998-07-05,0.0
1998-07-06,0.0
1998-07-07,3.006542341672047
1998-07-08,0.0
1998-07-09,0.0
1998-07-10,0.0
1998-07-11,0.0
1998-07-12,0.0
1998-07-13,0.0
1998-07-14,0.0
1998-07-15,0.0
1998-07-16,6.76993789815768
1998-07-17,0.0
1998-07-18,0.0
1998-07-19,3.157437499951896
1998-07-20,10.053764374806118
1998-07-21,12.341471653294628
1998-07-22,16.266944608182865
1998-07-23,0.0
1998-07-24,11.748894346170893
1998-07-25,0.0
1998-07-26,12.424892529990167
1998-07-27,6.589358692654446
1998-07-28,6.688403119062834
1998-07-29,0.0
1998-07-30,11.753712310841768
1998-07-31,6.116801462045657
1998-08-01,4.207548745929469
1998-08-02,0.0
1998-08-03,0.0
1998-08-04,0.0
1998-08-05,0.0
1998-08-06,0.0
1998-08-07,0.0
1998-08-08,3.025926134634149
1998-08-09,3.025926134634149
1998-08-10,6.051852269268298
1998-08-11,11.2392747663777
1998-08-12,1.930082903952856
1998-08-13,11.243967655285699
1998-08-14,0.0
1998-08-15,5.56457745433288
1998-08-16,8.772168880322804
1998-08-17,4.386084440161402
1998-08-18,4.386084440161402
1998-08-19,0.0
1998-08-20,0.0
1998-08-21,5.844908746473348
1998-08-22,5.652816510089459
1998-08-23,0.0
1998-08-24,5.442471291422672
1998-08-25,0.0
1998-08-26,0.0
1998-08-27,0.0
1998-08-28,0.0
1998-08-29,17.854195703772906
1998-08-30,0.09908352545397486
1998-08-31,6.014653407556339
1998-09-01,16.776950424291503
1998-09-02,16.27331685891484
1998-09-03,0.0
1998-09-04,3.7780222780814854
1998-09-05,0.0
1998-09-06,15.075925513123305
1998-09-07,8.692242902498242
1998-09-08,26.145264559590085
1998-09-09,4.882438653443686
1998-09-10,44.13306910392732
1998-09-11,5.392181656181829
1998-09-12,0.0
1998-09-13,0.0
1998-09-14,0.0
1998-09-15,0.0
1998-09-16,0.0
1998-09-17,0.0
1998-09-18,11.240602682764058
1998-09-19,0.0
1998-09-20,21.675551885691814
1998-09-21,20.17328957596143
1998-09-22,0.0
1998-09-23,0.0
1998-09-24,0.0
1998-09-25,0.0
1998-09-26,0.0
1998-09-27,0.1007947652839917
1998-09-28,0.0
1998-09-29,0.27854729875602585
1998-09-30,7.095425532683975
1998-10-01,0.0
1998-10-02,0.0
1998-10-03,11.455949205252862
1998-10-04,0.0
1998-10-05,0.0
1998-10-06,12.67101272447282
1998-10-07,0.1773939647250947
1998-10-08,12.67101272447282
1998-10-09,12.67101272447282
1998-10-10,0.0
1998-10-11,11.078315649551378
1998-10-12,0.0
1998-10-13,5.5209814826787165
1998-10-14,0.18778921858883588
1998-10-15,2.3829258420759483
1998-10-16,0.0
1998-10-17,0.0
1998-10-18,0.0
1998-10-19,0.021138585981404005
1998-10-20,0.0
1998-10-21,8.321506049255866
1998-10-22,16.532246864797937
1998-10-23,23.431317062518136
1998-10-24,0.12378458355375255
1998-10-25,16.532246864797937
1998-10-26,0.0
1998-10-27,0.0
1998-10-28,0.0
1998-10-29,0.0
1998-10-30,0.0
1998-10-31,0.0
1998-11-01,0.0
1998-11-02,0.0
1998-11-03,36.75317877135048
1998-11-04,4.174156693373139
1998-11-05,0.0
1998-11-06,0.0
1998-11-07,0.0
1998-11-08,0.0
1998-11-09,0.0
1998-11-10,0.0
1998-11-11,0.0
1998-11-12,0.0
1998-11-13,0.0
1998-11-14,0.0
1998-11-15,0.0
1998-11-16,0.0
1998-11-17,0.0
1998-11-18,4.122511394968943
1998-11-19,8.942578001695832
1998-11-20,8.942578001695832
1998-11-21,0.0
1998-11-22,10.193670996172932
1998-11-23,0.0
1998-11-24,0.0
1998-11-25,0.0
1998-11-26,0.0
1998-11-27,0.0
1998-11-28,0.0
1998-11-29,0.0
1998-11-30,0.0
1998-12-01,0.0
1998-12-02,1.3665549775944748
1998-12-03,0.0
1998-12-04,0.0
1998-12-05,0.0
1998-12-06,0.0
1998-12-07,0.0
1998-12-08,0.0
1998-12-09,0.0
1998-12-10,0.0
1998-12-11,0.0
1998-12-12,2.704875805666288
1998-12-13,6.136681271442366
1998-12-14,0.0
1998-12-15,0.0
1998-12-16,0.0
1998-12-17,0.0
1998-12-18,0.0
1998-12-19,0.0
1998-12-20,0.0
1998-12-21,0.0
1998-12-22,0.0
1998-12-23,0.0
1998-12-24,0.0
1998-12-25,0.0
1998-12-26,0.0
1998-12-27,0.0
1998-12-28,0.0
1998-12-29,0.0
1998-12-30,0.0
1998-12-31,0.0
1999-01-01,0.0
1999-01-02,0.0
1999-01-03,0.0
1999-01-04,0.0
1999-01-05,0.0
1999-01-06,0.0
1999-01-07,0.0
1999-01-08,0.0
1999-01-09,0.0
1999-01-10,4.223977273042993
1999-01-11,0.0
1999-01-12,0.0
1999-01-13,0.0
1999-01-14,0.0
1999-01-15,0.0
1999-01-16,0.0
1999-01-17,0.0
1999-01-18,0.0
1999-01-19,0.0
1999-01-20,0.0
1999-01-21,0.0
1999-01-22,0.0
1999-01-23,0.0
1999-01-24,0.0
1999-01-25,0.0
1999-01-26,0.0
1999-01-27,2.8026446227137805
1999-01-28,0.0
1999-01-29,0.0
1999-01-30,0.0
1999-01-31,3.268318684077008
1999-02-01,2.1758016204477446
1999-02-02,0.0
1999-02-03,0.0
1999-02-04,0.0
1999-02-05,0.0
1999-02-06,0.0
1999-02-07,0.0
1999-02-08,0.0
1999-02-09,0.0
1999-02-10,0.0
1999-02-11,0.0
1999-02-12,0.0
1999-02-13,3.1478185801286536
1999-02-14,0.0
1999-02-15,2.9516032899101727
1999-02-16,2.7990129472517236
1999-02-17,0.0
1999-02-18,0.0
1999-02-19,0.0
1999-02-20,0.0
1999-02-21,0.0
1999-02-22,0.0
1999-02-23,0.0
1999-02-24,0.0
1999-02-25,0.0
1999-02-26,0.0
1999-02-27,0.0
1999-02-28,0.0
1999-03-01,0.0
1999-03-02,0.0
1999-03-03,0.0
1999-03-04,0.0
1999-03-05,0.0
1999-03-06,0.0
1999-03-07,0.0
1999-03-08,0.0
1999-03-09,0.0
1999-03-10,0.0
1999-03-11,0.0
1999-03-12,0.0
1999-03-13,0.0
1999-03-14,0.0
1999-03-15,0.0
1999-03-16,0.0
1999-03-17,0.0
1999-03-18,0.0
1999-03-19,0.0
1999-03-20,0.0
1999-03-21,0.0
1999-03-22,0.0
1999-03-23,0.0
1999-03-24,0.0
1999-03-25,0.0
1999-03-26,0.0
1999-03-27,0.0
1999-03-28,0.0
1999-03-29,12.461166072646405
1999-03-30,0.0
1999-03-31,0.0
1999-04-01,0.0
1999-04-02,0.0
1999-04-03,0.0
1999-04-04,0.0
1999-04-05,0.0
1999-04-06,0.0
1999-04-07,0.0
1999-04-08,0.0
1999-04-09,0.0
1999-04-10,0.0
1999-04-11,0.0
1999-04-12,0.0
1999-04-13,0.0
1999-04-14,0.0
1999-04-15,0.0
1999-04-16,0.0
1999-04-17,9.6956182120512
1999-04-18,0.0
1999-04-19,0.0
1999-04-20,0.0
1999-04-21,0.0
1999-04-22,0.0
1999-04-23,0.0
1999-04-24,0.0
1999-04-25,0.0271637824364036
1999-04-26,0.0
1999-04-27,0.0
1999-04-28,0.0
1999-04-29,0.0
1999-04-30,0.2683383777789077
1999-05-01,0.0
1999-05-02,0.0
1999-05-03,0.0
1999-05-04,0.0
1999-05-05,0.0
1999-05-06,0.0
1999-05-07,28.119088948137446
1999-05-08,0.0
1999-05-09,0.0
1999-05-10,0.0
1999-05-11,0.0
1999-05-12,0.0
1999-05-13,0.0
1999-05-14,0.0
1999-05-15,0.0
1999-05-16,0.0
1999-05-17,0.0
1999-05-18,1.9304243837612851
1999-05-19,0.0
1999-05-20,3.8921501326575334
1999-05-21,0.0
1999-05-22,0.0
1999-05-23,0.0
1999-05-24,0.0
1999-05-25,0.0
1999-05-26,0.0
1999-05-27,0.0
1999-05-28,8.071732394365863
1999-05-29,0.0
1999-05-30,0.0
1999-05-31,0.0
1999-06-01,3.584503253248109
1999-06-02,3.584503253248109
1999-06-03,14.48734144382979
1999-06-04,7.398628134625198
1999-06-05,0.0
1999-06-06,0.0
1999-06-07,0.0
1999-06-08,0.0
1999-06-09,0.19822570887316854
1999-06-10,17.766201489250363
1999-06-11,15.569194957858974
1999-06-12,16.262337978109112
1999-06-13,0.8917260132969599
1999-06-14,0.0
1999-06-15,0.0
1999-06-16,0.0
1999-06-17,9.92540722946604
1999-06-18,0.0
1999-06-19,0.0
1999-06-20,0.0
1999-06-21,0.3367023432363943
1999-06-22,8.761749300874992
1999-06-23,9.108942203904247
1999-06-24,13.403506866460882
1999-06-25,0.0
1999-06-26,0.0
1999-06-27,0.0
1999-06-28,0.0
1999-06-29,0.0
1999-06-30,16.66686236415341
1999-07-01,11.286258886292751
1999-07-02,16.96578382583858
1999-07-03,5.5868726678437435
1999-07-04,0.0
1999-07-05,0.0
1999-07-06,0.0
1999-07-07,0.0
1999-07-08,0.5114645700968669
1999-07-09,10.145574749964519
1999-07-10,10.145574749964519
1999-07-11,9.426285722895281
1999-07-12,0.0
1999-07-13,0.0
1999-07-14,9.585257248639335
1999-07-15,6.260860884887954
1999-07-16,11.518533403125693
1999-07-17,0.0
1999-07-18,0.0
1999-07-19,7.75881183453734
1999-07-20,7.492441775352141
1999-07-21,0.0
1999-07-22,0.0
1999-07-23,1.382546648969971
1999-07-24,2.7036718803413997
1999-07-25,5.306684468728649
1999-07-26,5.427583986923573
1999-07-27,0.0
1999-07-28,0.0
1999-07-29,5.427583986923573
1999-07-30,0.0
1999-07-31,0.0
1999-08-01,0.0
1999-08-02,0.06482587982990878
1999-08-03,4.927657567022929
1999-08-04,0.0
1999-08-05,2.4235415399608993
1999-08-06,0.007241693425457261
1999-08-07,5.173059841399298
1999-08-08,6.232861853127802
1999-08-09,6.232861853127802
1999-08-10,0.0
1999-08-11,3.3238524741381363
1999-08-12,0.0
1999-08-13,0.0
1999-08-14,0.0
1999-08-15,1.6305087050893672
1999-08-16,17.84510717844285
1999-08-17,17.85819600899968
1999-08-18,8.731109070830009
1999-08-19,8.946920504940286
1999-08-20,3.982763053369028
1999-08-21,3.1162155776997826
1999-08-22,0.0
1999-08-23,9.085209803258987
1999-08-24,6.043183748129036
1999-08-25,0.0
1999-08-26,0.0
1999-08-27,8.900966680726325
1999-08-28,0.0
1999-08-29,0.0
1999-08-30,0.0
1999-08-31,0.0
1999-09-01,12.385887581846672
1999-09-02,10.484009951280362
1999-09-03,20.84248427289015
1999-09-04,0.0
1999-09-05,10.012488638256007
1999-09-06,0.0
1999-09-07,0.0
1999-09-08,2.625130849355483
1999-09-09,10.96904308330694
1999-09-10,5.48452154165347
1999-09-11,0.0
1999-09-12,6.323349786424913
1999-09-13,12.646699572849826
1999-09-14,0.0
1999-09-15,0.0
1999-09-16,4.2677648411849205
1999-09-17,0.0
1999-09-18,0.0
1999-09-19,0.0
1999-09-20,0.0
1999-09-21,0.0
1999-09-22,5.684118400979577
1999-09-23,0.0
1999-09-24,0.0
1999-09-25,0.0
1999-09-26,0.6504044442282116
1999-09-27,6.500976228927001
1999-09-28,12.293070054879882
1999-09-29,0.0
1999-09-30,36.40094487188102
1999-10-01,6.821395870216353
1999-10-02,41.3306911653905
1999-10-03,13.642283341739818
1999-10-04,7.795300394055871
1999-10-05,14.098567950469869
1999-10-06,9.745001530853495
1999-10-07,0.0
1999-10-08,17.175510059263978
1999-10-09,0.0
1999-10-10,0.0
1999-10-11,0.0
1999-10-12,0.7764052873373418
1999-10-13,17.508103163845217
1999-10-14,7.761068335958175
1999-10-15,0.0
1999-10-16,0.0
1999-10-17,0.0
1999-10-18,0.0
1999-10-19,0.47457955931505263
1999-10-20,20.417807409685757
1999-10-21,40.23920212804794
1999-10-22,0.0
1999-10-23,0.0
1999-10-24,0.0
1999-10-25,0.0
1999-10-26,0.0
1999-10-27,0.0
1999-10-28,0.0
1999-10-29,0.0
1999-10-30,0.0
1999-10-31,0.0
1999-11-01,32.36539172126107
1999-11-02,0.0
1999-11-03,0.0
1999-11-04,0.0
1999-11-05,0.0
1999-11-06,0.0
1999-11-07,0.0
1999-11-08,0.0
1999-11-09,0.0
1999-11-10,0.13264333869826034
1999-11-11,5.748047134183802
1999-11-12,0.0
1999-11-13,0.0
1999-11-14,0.0
1999-11-15,0.0
1999-11-16,0.0
1999-11-17,0.0
1999-11-18,0.0
1999-11-19,0.0
1999-11-20,0.0
1999-11-21,0.0
1999-11-22,0.0
1999-11-23,0.0
1999-11-24,0.0
1999-11-25,0.0
1999-11-26,0.0
1999-11-27,0.0
1999-11-28,0.0
1999-11-29,0.0
1999-11-30,0.0
1999-12-01,0.0
1999-12-02,0.0
1999-12-03,0.0
1999-12-04,0.0
1999-12-05,0.0
1999-12-06,0.0
1999-12-07,0.0
1999-12-08,0.0
1999-12-09,0.0
1999-12-10,0.0
1999-12-11,0.0
1999-12-12,0.0
1999-12-13,0.0
1999-12-14,0.0
1999-12-15,0.0
1999-12-16,0.0
1999-12-17,0.0
1999-12-18,0.0
1999-12-19,0.0
1999-12-20,0.0
1999-12-21,0.0
1999-12-22,33.57049357502443
1999-12-23,0.0
1999-12-24,0.0
1999-12-25,0.0
1999-12-26,0.0
1999-12-27,0.0
1999-12-28,0.0
1999-12-29,0.0
1999-12-30,0.0
1999-12-31,0.0
2000-01-01,0.0
2000-01-02,0.0
2000-01-03,0.0
2000-01-04,0.0
2000-01-05,0.0
2000-01-06,2.250487127613176
2000-01-07,2.1997566460331854
2000-01-08,0.0
2000-01-09,0.0
2000-01-10,0.0
2000-01-11,0.0
2000-01-12,0.0
2000-01-13,0.0
2000-01-14,0.0
2000-01-15,0.0
2000-01-16,0.0
2000-01-17,0.0
2000-01-18,0.0
2000-01-19,0.0
2000-01-20,0.0
2000-01-21,0.0
2000-01-22,0.0
2000-01-23,0.0
2000-01-24,0.0
2000-01-25,0.0
2000-01-26,0.0
2000-01-27,0.0
2000-01-28,0.0
2000-01-29,1.9991271158620296
2000-01-30,0.0
2000-01-31,2.3840442416415857
2000-02-01,0.0
2000-02-02,2.1836791418163966
2000-02-03,2.0103711588650195
2000-02-04,5.065170681756456
2000-02-05,0.0
2000-02-06,1.6945026247264863
2000-02-07,0.0
2000-02-08,0.0
2000-02-09,0.0
2000-02-10,0.0
2000-02-11,0.0
2000-02-12,0.0
2000-02-13,0.0
2000-02-14,0.0
2000-02-15,0.0
2000-02-16,0.0
2000-02-17,0.0
2000-02-18,0.0
2000-02-19,0.0
2000-02-20,1.9967783012495288
2000-02-21,0.0
2000-02-22,0.0
2000-02-23,0.0
2000-02-24,0.0
2000-02-25,0.0
2000-02-26,0.0
2000-02-27,0.0
2000-02-28,0.0
2000-02-29,0.0
2000-03-01,0.0
2000-03-02,0.0
2000-03-03,0.0
2000-03-04,0.0
2000-03-05,2.8720686344979085
2000-03-06,2.069211628577315
2000-03-07,0.0
2000-03-08,0.0
2000-03-09,0.0
2000-03-10,0.0
2000-03-11,0.0
2000-03-12,0.0
2000-03-13,0.0
2000-03-14,2.4368198016665574
2000-03-15,0.05768817568582202
2000-03-16,3.127648263022469
2000-03-17,2.4297929593593164
2000-03-18,0.0
2000-03-19,0.0
2000-03-20,0.0
2000-03-21,0.0
2000-03-22,0.0
2000-03-23,0.0
2000-03-24,0.0
2000-03-25,0.0
2000-03-26,0.0
2000-03-27,0.0
2000-03-28,0.0
2000-03-29,0.0
2000-03-30,0.0
2000-03-31,0.0
2000-04-01,0.0
2000-04-02,0.0
2000-04-03,0.0
2000-04-04,0.0
2000-04-05,0.0
2000-04-06,0.0
2000-04-07,0.0
2000-04-08,0.0
2000-04-09,0.0
2000-04-10,0.0
2000-04-11,0.0
2000-04-12,0.047895309253778794
2000-04-13,8.157908348855427
2000-04-14,0.06468848921071778
2000-04-15,0.0
2000-04-16,0.0
2000-04-17,0.0
2000-04-18,0.0
2000-04-19,0.0
2000-04-20,0.0
2000-04-21,0.0
2000-04-22,0.0
2000-04-23,0.0
2000-04-24,0.0
2000-04-25,0.0
2000-04-26,0.0
2000-04-27,0.0
2000-04-28,0.0
2000-04-29,0.0
2000-04-30,0.0
2000-05-01,0.0
2000-05-02,0.0
2000-05-03,0.0
2000-05-04,0.0
2000-05-05,0.0
2000-05-06,0.0
2000-05-07,3.138124778425346
2000-05-08,0.0
2000-05-09,0.0
2000-05-10,0.0
2000-05-11,0.7033810502157969
2000-05-12,0.0
2000-05-13,0.0
2000-05-14,10.188869431932607
2000-05-15,0.0
2000-05-16,9.77548678104171
2000-05-17,0.0
2000-05-18,0.0
2000-05-19,0.0
2000-05-20,7.07800082819274
2000-05-21,1.5365820338327736
2000-05-22,0.0
2000-05-23,0.0
2000-05-24,0.0
2000-05-25,0.0
2000-05-26,0.0
2000-05-27,0.0
2000-05-28,5.313689722079829
2000-05-29,0.0
2000-05-30,0.0
2000-05-31,0.0
2000-06-01,0.0
2000-06-02,0.0
2000-06-03,0.0
2000-06-04,0.0
2000-06-05,24.215579677956818
2000-06-06,27.351270163274144
2000-06-07,27.559811176253763
2000-06-08,5.6547480206924225
2000-06-09,0.0
2000-06-10,0.0
2000-06-11,0.0
2000-06-12,3.9969535652752604
2000-06-13,17.24352186978499
2000-06-14,6.979583172042329
2000-06-15,17.24352186978499
2000-06-16,0.0
2000-06-17,0.6632811917032846
2000-06-18,5.193947574520724
2000-06-19,0.0
2000-06-20,0.0
2000-06-21,0.0
2000-06-22,0.0
2000-06-23,0.0
2000-06-24,0.0
2000-06-25,0.0
2000-06-26,8.221741211352771
2000-06-27,0.0
2000-06-28,16.443482422705543
2000-06-29,9.805617744348627
2000-06-30,8.221741211352771
2000-07-01,0.0
2000-07-02,0.0
2000-07-03,0.0
2000-07-04,0.0
2000-07-05,2.354830683612804
2000-07-06,11.850744547712647
2000-07-07,0.0
2000-07-08,1.6830642301237178
2000-07-09,0.2779309258534874
2000-07-10,0.0
2000-07-11,0.02904977118776721
2000-07-12,1.5759002385255632
2000-07-13,0.0
2000-07-14,0.0
2000-07-15,0.0
2000-07-16,0.0
2000-07-17,0.0
2000-07-18,0.0
2000-07-19,2.1348938554373373
2000-07-20,0.0
2000-07-21,0.0
2000-07-22,8.195635634487171
2000-07-23,6.459902304764259
2000-07-24,0.0
2000-07-25,0.0
2000-07-26,0.0
2000-07-27,6.816435412785305
2000-07-28,13.21681968565205
2000-07-29,7.025747599168317
2000-07-30,0.0
2000-07-31,3.3656539066743654
2000-08-01,0.05260688077246618
2000-08-02,5.339704848029249
2000-08-03,4.995408544445834
2000-08-04,3.9213576657809144
2000-08-05,4.995408544445834
2000-08-06,0.12781207077978257
2000-08-07,13.107100058095945
2000-08-08,4.386911528556855
2000-08-09,6.599965731257577
2000-08-10,6.599965731257577
2000-08-11,9.171207002083754
2000-08-12,3.7904542157568644
2000-08-13,2.160732907305893
2000-08-14,14.966257573669711
2000-08-15,0.0
2000-08-16,0.0
2000-08-17,0.0
2000-08-18,0.0
2000-08-19,0.0
2000-08-20,0.0
2000-08-21,0.7530850432835594
2000-08-22,0.9967956834467433
2000-08-23,0.0
2000-08-24,4.67012255827752
2000-08-25,0.0
2000-08-26,0.0
2000-08-27,0.0
2000-08-28,11.310793829180275
2000-08-29,0.0
2000-08-30,0.0
2000-08-31,2.617459340236472
2000-09-01,6.061042966042858
2000-09-02,12.122085932085715
2000-09-03,0.0
2000-09-04,0.0
2000-09-05,0.0
2000-09-06,11.57271710568552
2000-09-07,16.89003632083212
2000-09-08,42.823882585227075
2000-09-09,11.644873804478495
2000-09-10,0.12801088545178368
2000-09-11,0.0
2000-09-12,0.0
2000-09-13,0.5739349845893724
2000-09-14,0.0
2000-09-15,0.0
2000-09-16,0.0
2000-09-17,0.0
2000-09-18,0.10351145112257293
2000-09-19,19.585918883182362
2000-09-20,16.019742102970906
2000-09-21,0.0
2000-09-22,0.0
2000-09-23,0.0
2000-09-24,8.3694016711739
2000-09-25,0.0
2000-09-26,9.375698128607109
2000-09-27,9.375698128607109
2000-09-28,0.0
2000-09-29,0.0
2000-09-30,0.0
2000-10-01,27.298149778540566
2000-10-02,12.784208489775686
2000-10-03,0.33263460356967933
2000-10-04,0.0
2000-10-05,0.0
2000-10-06,0.0
2000-10-07,0.0
2000-10-08,10.561296327015224
2000-10-09,25.81529487971475
2000-10-10,0.0
2000-10-11,0.0
2000-10-12,0.08816938868902355
2000-10-13,0.0
2000-10-14,0.0
2000-10-15,0.0
2000-10-16,0.0
2000-10-17,0.0
2000-10-18,0.0
2000-10-19,0.0
2000-10-20,0.0
2000-10-21,0.0
2000-10-22,0.0
2000-10-23,0.0
2000-10-24,0.0
2000-10-25,0.0
2000-10-26,0.0
2000-10-27,0.0
2000-10-28,0.0
2000-10-29,0.0
2000-10-30,0.0
2000-10-31,0.0
2000-11-01,0.0
2000-11-02,0.0
2000-11-03,0.0
2000-11-04,0.0
2000-11-05,0.0
2000-11-06,0.0
2000-11-07,0.0
2000-11-08,0.2936280628266347
2000-11-09,0.0
2000-11-10,10.200518220858529
2000-11-11,0.8917729412463558
2000-11-12,0.0
2000-11-13,0.0
2000-11-14,0.0
2000-11-15,0.42882347982789315
2000-11-16,0.0
2000-11-17,0.0
2000-11-18,0.0
2000-11-19,0.0
2000-11-20,6.922277443128647
2000-11-21,4.103595706887242
2000-11-22,0.0
2000-11-23,0.0
2000-11-24,0.0
2000-11-25,0.0
2000-11-26,4.152703940186654
2000-11-27,0.0
2000-11-28,1.2669090974943886
2000-11-29,17.740783731259775
2000-11-30,0.0
2000-12-01,0.0
2000-12-02,0.0
2000-12-03,0.0
2000-12-04,0.0
2000-12-05,0.0
2000-12-06,0.0
2000-12-07,0.0
2000-12-08,0.0
2000-12-09,0.0
2000-12-10,0.0
2000-12-11,0.0
2000-12-12,0.0
2000-12-13,0.10183607792818805
2000-12-14,0.0
2000-12-15,0.0
2000-12-16,0.0
2000-12-17,0.0
2000-12-18,0.0
2000-12-19,0.0
2000-12-20,0.0
2000-12-21,0.0
2000-12-22,0.0
2000-12-23,20.332891784934827
2000-12-24,0.0
2000-12-25,0.0
2000-12-26,0.0
2000-12-27,0.0
2000-12-28,0.0
2000-12-29,0.0
2000-12-30,0.0
2000-12-31,0.0
2001-01-01,0.0
2001-01-02,0.0
2001-01-03,0.0
2001-01-04,0.0
2001-01-05,0.0
2001-01-06,0.0
2001-01-07,0.0
2001-01-08,0.0
2001-01-09,2.266692035639275
2001-01-10,0.0
2001-01-11,0.0
2001-01-12,0.0
2001-01-13,0.0
2001-01-14,0.0
2001-01-15,0.0
2001-01-16,0.0
2001-01-17,0.0
2001-01-18,0.0
2001-01-19,0.0
2001-01-20,3.5605158706893234
2001-01-21,0.0
2001-01-22,0.0
2001-01-23,1.380396582035383
2001-01-24,0.0
2001-01-25,0.0
2001-01-26,0.0
2001-01-27,0.0
2001-01-28,0.0
2001-01-29,0.0
2001-01-30,0.0
2001-01-31,0.0
2001-02-01,0.0
2001-02-02,0.0
2001-02-03,6.567833295805283
2001-02-04,0.0
2001-02-05,1.757410247535211
2001-02-06,0.0
2001-02-07,0.0
2001-02-08,0.0
2001-02-09,0.0
2001-02-10,0.0
2001-02-11,0.0
2001-02-12,0.0
2001-02-13,0.0
2001-02-14,0.0
2001-02-15,0.0
2001-02-16,0.0
2001-02-17,0.0
2001-02-18,4.705341247212574
2001-02-19,0.0
2001-02-20,0.0
2001-02-21,0.0
2001-02-22,1.8902530840125091
2001-02-23,0.0
2001-02-24,0.0
2001-02-25,0.0
2001-02-26,0.0
2001-02-27,0.0
2001-02-28,0.0
2001-03-01,0.0
2001-03-02,0.0
2001-03-03,0.0
2001-03-04,0.0
2001-03-05,0.0
2001-03-06,0.028168984738773436
2001-03-07,0.0
2001-03-08,0.0
2001-03-09,0.0
2001-03-10,0.0
2001-03-11,0.0
2001-03-12,0.0
2001-03-13,0.0
2001-03-14,0.0
2001-03-15,0.0
2001-03-16,0.0
2001-03-17,0.6671551642405671
2001-03-18,3.3030354352942055
2001-03-19,2.0806423887925334
2001-03-20,0.0
2001-03-21,0.39455326361200405
2001-03-22,0.0
2001-03-23,0.0
2001-03-24,0.0
2001-03-25,0.0
2001-03-26,0.0
2001-03-27,0.0
2001-03-28,0.0
2001-03-29,0.0
2001-03-30,0.0
2001-03-31,0.0
2001-04-01,0.0
2001-04-02,0.0
2001-04-03,0.0
2001-04-04,0.0
2001-04-05,0.0
2001-04-06,0.0
2001-04-07,0.0
2001-04-08,0.0
2001-04-09,0.0
2001-04-10,0.0
2001-04-11,0.0
2001-04-12,0.0
2001-04-13,0.0
2001-04-14,0.0
2001-04-15,0.0
2001-04-16,0.0
2001-04-17,0.0
2001-04-18,0.0
2001-04-19,0.0
2001-04-20,0.0
2001-04-21,0.0
2001-04-22,0.0
2001-04-23,0.0
2001-04-24,0.0
2001-04-25,0.0
2001-04-26,0.0
2001-04-27,19.761299565646414
2001-04-28,2.6259081438082283
2001-04-29,0.0
2001-04-30,0.0
2001-05-01,0.0
2001-05-02,0.0
2001-05-03,0.0
2001-05-04,0.6069839532673783
2001-05-05,0.0
2001-05-06,0.0
2001-05-07,0.27053134613525376
2001-05-08,0.0
2001-05-09,0.0
2001-05-10,6.4424866769332185
2001-05-11,0.0
2001-05-12,0.0
2001-05-13,9.924025385747582
2001-05-14,3.089512413273149
2001-05-15,0.0
2001-05-16,0.0
2001-05-17,0.0
2001-05-18,0.0
2001-05-19,0.0
2001-05-20,0.0
2001-05-21,0.0
2001-05-22,0.0
2001-05-23,0.0
2001-05-24,0.0
2001-05-25,0.0
2001-05-26,1.8570140299225841
2001-05-27,8.427478451241301
2001-05-28,13.063233565933686
2001-05-29,1.9944247192965299
2001-05-30,0.0
2001-05-31,0.0
2001-06-01,4.221967931437794
2001-06-02,4.221967931437794
2001-06-03,9.553752087082836
2001-06-04,16.887871725751175
2001-06-05,4.275251216271742
2001-06-06,7.18891022293958
2001-06-07,8.001463325116635
2001-06-08,2.3963510867394593
2001-06-09,0.0
2001-06-10,0.0
2001-06-11,0.0
2001-06-12,0.0
2001-06-13,0.0
2001-06-14,0.0
2001-06-15,0.0
2001-06-16,0.0
2001-06-17,0.0
2001-06-18,8.795136488522992
2001-06-19,9.272407706380665
2001-06-20,24.965229796686454
2001-06-21,0.0
2001-06-22,0.0
2001-06-23,0.0
2001-06-24,0.0
2001-06-25,0.0
2001-06-26,5.321152251146631
2001-06-27,6.509989098874391
2001-06-28,9.02260572655068
2001-06-29,0.0
2001-06-30,0.0
2001-07-01,7.395507129128581
2001-07-02,4.965132453393805
2001-07-03,0.0
2001-07-04,0.0
2001-07-05,0.0
2001-07-06,5.855177533568768
2001-07-07,12.16740284441043
2001-07-08,12.16740284441043
2001-07-09,12.16740284441043
2001-07-10,0.0
2001-07-11,6.395984022486585
2001-07-12,0.0
2001-07-13,6.782059214669059
2001-07-14,0.0
2001-07-15,0.0
2001-07-16,0.0
2001-07-17,0.0
2001-07-18,13.315492671338934
2001-07-19,5.989142813844361
2001-07-20,0.0
2001-07-21,2.8553152221375377
2001-07-22,0.0
2001-07-23,0.0
2001-07-24,3.296198269571788
2001-07-25,5.7331506681809365
2001-07-26,0.0
2001-07-27,4.868852270090264
2001-07-28,4.868852270090264
2001-07-29,9.737704540180529
2001-07-30,4.868852270090264
2001-07-31,0.0
2001-08-01,0.0
2001-08-02,11.100094407841237
2001-08-03,4.9660015849488826
2001-08-04,30.14758240532648
2001-08-05,0.0
2001-08-06,4.269959769744338
2001-08-07,0.0
2001-08-08,0.9478420690790246
2001-08-09,12.702162290961747
2001-08-10,4.269959769744338
2001-08-11,0.0
2001-08-12,0.0
2001-08-13,0.0
2001-08-14,0.8782828156381486
2001-08-15,6.461685445422516
2001-08-16,0.0
2001-08-17,0.0
2001-08-18,0.0
2001-08-19,0.0
2001-08-20,1.5061610674663957
2001-08-21,0.9927658266514021
2001-08-22,0.0
2001-08-23,9.26156457071842
2001-08-24,13.892347739245379
2001-08-25,4.63078228535921
2001-08-26,7.924101954195672
2001-08-27,3.962050977097836
2001-08-28,0.0
2001-08-29,0.0
2001-08-30,0.0
2001-08-31,0.0
2001-09-01,0.0
2001-09-02,0.0
2001-09-03,0.0
2001-09-04,0.0
2001-09-05,1.2186271731052714
2001-09-06,6.282476368570751
2001-09-07,2.2544277801005457
2001-09-08,0.11099061332788204
2001-09-09,0.0
2001-09-10,2.5526650514008344
2001-09-11,0.0
2001-09-12,0.0
2001-09-13,5.644256501031179
2001-09-14,0.0
2001-09-15,0.0
2001-09-16,13.366151971825774
2001-09-17,13.366151971825774
2001-09-18,13.366151971825774
2001-09-19,0.0
2001-09-20,9.248520837145726
2001-09-21,10.703703354630438
2001-09-22,0.0
2001-09-23,0.0
2001-09-24,40.004583354353265
2001-09-25,2.3670285628012127
2001-09-26,57.7196669121551
2001-09-27,1.3253858447418583
2001-09-28,0.0
2001-09-29,9.506573510729716
2001-09-30,0.0
2001-10-01,0.0
2001-10-02,0.0
2001-10-03,0.0
2001-10-04,0.0
2001-10-05,0.0
2001-10-06,0.0
2001-10-07,0.0
2001-10-08,0.0
2001-10-09,6.118956369429575
2001-10-10,0.0
2001-10-11,0.0
2001-10-12,0.0
2001-10-13,0.0
2001-10-14,0.0
2001-10-15,34.22605491877244
2001-10-16,32.9361575961517
2001-10-17,7.109026522274286
2001-10-18,0.0
2001-10-19,0.0
2001-10-20,0.0
2001-10-21,0.0
2001-10-22,0.0
2001-10-23,0.0
2001-10-24,0.0
2001-10-25,13.20037832270103
2001-10-26,6.5761896906985875
2001-10-27,0.0
2001-10-28,0.0
2001-10-29,0.0
2001-10-30,0.0
2001-10-31,0.0
2001-11-01,0.0
2001-11-02,2.0053812630430428
2001-11-03,9.006932808910753
2001-11-04,2.9980236639243945
2001-11-05,0.0
2001-11-06,0.0
2001-11-07,0.0
2001-11-08,0.0
2001-11-09,0.0
2001-11-10,0.0
2001-11-11,0.0
2001-11-12,0.0
2001-11-13,0.0
2001-11-14,0.0
2001-11-15,0.0
2001-11-16,0.0
2001-11-17,0.0
2001-11-18,0.0
2001-11-19,0.0
2001-11-20,0.0
2001-11-21,0.0
2001-11-22,0.0
2001-11-23,0.0
2001-11-24,0.0
2001-11-25,1.6804888711034411
2001-11-26,1.773027569358651
2001-11-27,0.0
2001-11-28,0.0
2001-11-29,0.0
2001-11-30,0.0
2001-12-01,0.0
2001-12-02,0.0
2001-12-03,0.0
2001-12-04,0.0
2001-12-05,0.0
2001-12-06,0.0
2001-12-07,0.0
2001-12-08,0.0
2001-12-09,0.0
2001-12-10,0.0
2001-12-11,0.0
2001-12-12,0.0
2001-12-13,0.0
2001-12-14,0.0
2001-12-15,0.0
2001-12-16,0.0
2001-12-17,0.0
2001-12-18,0.0
2001-12-19,13.690523629873965
2001-12-20,0.0
2001-12-21,0.0
2001-12-22,0.0
2001-12-23,0.0
2001-12-24,0.0
2001-12-25,0.0
2001-12-26,0.0
2001-12-27,0.0
2001-12-28,0.0
2001-12-29,0.0
2001-12-30,10.8112880987907
2001-12-31,0.0
2002-01-01,0.0
2002-01-02,0.0
2002-01-03,0.0
2002-01-04,0.0
2002-01-05,0.0
2002-01-06,0.0
2002-01-07,0.0
2002-01-08,0.0
2002-01-09,0.0
2002-01-10,0.0
2002-01-11,0.0
2002-01-12,0.0
2002-01-13,0.0
2002-01-14,0.0
2002-01-15,0.0
2002-01-16,0.0
2002-01-17,0.0
2002-01-18,0.0
2002-01-19,0.028680751197023794
2002-01-20,0.0
2002-01-21,0.0
2002-01-22,0.0
2002-01-23,0.0
2002-01-24,0.0
2002-01-25,2.0154459748480993
2002-01-26,7.675007771649514
2002-01-27,2.530820698081376
2002-01-28,0.0
2002-01-29,0.0
2002-01-30,0.0
2002-01-31,0.0
2002-02-01,0.0
2002-02-02,0.0
2002-02-03,0.0
2002-02-04,0.0
2002-02-05,0.0
2002-02-06,0.0
2002-02-07,0.10679818958216847
2002-02-08,0.0
2002-02-09,0.0
2002-02-10,0.0
2002-02-11,28.449267599650128
2002-02-12,0.0
2002-02-13,0.0683765347925568
2002-02-14,0.0
2002-02-15,0.0
2002-02-16,0.07676846413838523
2002-02-17,0.0
2002-02-18,0.0
2002-02-19,0.0
2002-02-20,0.0
2002-02-21,0.0
2002-02-22,13.505110068922962
2002-02-23,0.0
2002-02-24,0.0
2002-02-25,0.0
2002-02-26,0.0
2002-02-27,0.0
2002-02-28,0.0
2002-03-01,0.0
2002-03-02,0.0
2002-03-03,0.0
2002-03-04,1.0417661822326008
2002-03-05,0.8361491983095412
2002-03-06,0.0
2002-03-07,0.0
2002-03-08,0.0
2002-03-09,0.0
2002-03-10,0.0
2002-03-11,0.0
2002-03-12,0.0
2002-03-13,0.0
2002-03-14,0.0
2002-03-15,0.0
2002-03-16,0.0
2002-03-17,0.0
2002-03-18,0.0
2002-03-19,0.0
2002-03-20,0.0
2002-03-21,0.0
2002-03-22,4.335439390341973
2002-03-23,0.0
2002-03-24,0.0
2002-03-25,0.0
2002-03-26,0.0
2002-03-27,0.0
2002-03-28,0.0
2002-03-29,0.0
2002-03-30,0.0
2002-03-31,0.0
2002-04-01,0.0
2002-04-02,0.0
2002-04-03,0.0
2002-04-04,0.0
2002-04-05,0.0
2002-04-06,0.0
2002-04-07,0.0
2002-04-08,0.0
2002-04-09,0.0
2002-04-10,0.0
2002-04-11,2.8903945545557557
2002-04-12,0.0
2002-04-13,0.0
2002-04-14,0.0
2002-04-15,0.0
2002-04-16,0.0
2002-04-17,0.0
2002-04-18,0.0
2002-04-19,0.0
2002-04-20,0.0
2002-04-21,0.0
2002-04-22,0.0
2002-04-23,0.0
2002-04-24,0.0
2002-04-25,0.0
2002-04-26,0.0
2002-04-27,0.0
2002-04-28,0.0
2002-04-29,0.0
2002-04-30,0.0
2002-05-01,0.0
2002-05-02,0.0
2002-05-03,0.0
2002-05-04,0.0
2002-05-05,0.0
2002-05-06,0.0
2002-05-07,0.0
2002-05-08,0.0
2002-05-09,0.0
2002-05-10,0.0
2002-05-11,0.0
2002-05-12,0.0
2002-05-13,0.0
2002-05-14,0.0
2002-05-15,0.0
2002-05-16,0.0
2002-05-17,0.0
2002-05-18,50.46596655646074
2002-05-19,21.541442610036633
2002-05-20,0.0
2002-05-21,0.0
2002-05-22,0.0
2002-05-23,0.0
2002-05-24,0.0
2002-05-25,0.0
2002-05-26,0.0
2002-05-27,0.0
2002-05-28,0.0
2002-05-29,0.0
2002-05-30,0.0
2002-05-31,0.0
2002-06-01,0.0
2002-06-02,19.01801108655279
2002-06-03,0.0
2002-06-04,11.057014548725276
2002-06-05,50.596457424670845
2002-06-06,0.08621417063933733
2002-06-07,11.26054818860683
2002-06-08,0.0
2002-06-09,0.0
2002-06-10,0.0
2002-06-11,0.0
2002-06-12,12.286594927003126
2002-06-13,27.10280332633895
2002-06-14,0.0
2002-06-15,24.080793488272295
2002-06-16,8.566639671344415
2002-06-17,4.770296787742018
2002-06-18,0.0
2002-06-19,0.0
2002-06-20,5.064776214663303
2002-06-21,0.0
2002-06-22,4.351310265969553
2002-06-23,0.0
2002-06-24,19.76309313117086
2002-06-25,0.0
2002-06-26,0.0
2002-06-27,4.446452203730727
2002-06-28,0.6720041587386516
2002-06-29,0.0
2002-06-30,0.0
2002-07-01,0.0
2002-07-02,0.0
2002-07-03,0.0
2002-07-04,0.0
2002-07-05,0.0
2002-07-06,0.0
2002-07-07,10.362944582269067
2002-07-08,0.0
2002-07-09,10.362944582269067
2002-07-10,10.362944582269067
2002-07-11,0.0
2002-07-12,8.013295533263303
2002-07-13,0.0
2002-07-14,0.11115779756755652
2002-07-15,8.013295533263303
2002-07-16,0.0
2002-07-17,0.0
2002-07-18,0.0
2002-07-19,0.0
2002-07-20,25.333133434156295
2002-07-21,11.813915092395257
2002-07-22,0.0
2002-07-23,0.0
2002-07-24,0.0
2002-07-25,0.0
2002-07-26,0.03614905294997193
2002-07-27,2.93131689122205
2002-07-28,0.0
2002-07-29,0.0
2002-07-30,2.8535005575546335
2002-07-31,5.8626337824441
2002-08-01,0.0
2002-08-02,0.0
2002-08-03,0.0
2002-08-04,0.5310980007871531
2002-08-05,3.274318905032015
2002-08-06,0.0
2002-08-07,0.0
2002-08-08,0.0
2002-08-09,0.0
2002-08-10,0.0
2002-08-11,4.7244589150875385
2002-08-12,4.065034674452999
2002-08-13,4.7298336281045374
2002-08-14,0.0
2002-08-15,0.0
2002-08-16,10.179660366752568
2002-08-17,4.881076257106405
2002-08-18,3.569659581275184
2002-08-19,0.0
2002-08-20,1.3265424572847013
2002-08-21,2.3129164176994457
2002-08-22,0.0
2002-08-23,0.0
2002-08-24,0.0
2002-08-25,6.367307645990623
2002-08-26,21.747039574292348
2002-08-27,10.663863598792398
2002-08-28,10.666016729839688
2002-08-29,10.88232284194559
2002-08-30,0.0
2002-08-31,0.0
2002-09-01,0.0
2002-09-02,23.316007482096428
2002-09-03,27.604759063964828
2002-09-04,27.604759063964828
2002-09-05,3.38257606469969
2002-09-06,19.326896811666195
2002-09-07,9.670369918584427
2002-09-08,16.313124148099288
2002-09-09,38.261043053179755
2002-09-10,0.0
2002-09-11,3.5560120957034385
2002-09-12,23.00593629445511
2002-09-13,0.0
2002-09-14,8.70983476780502
2002-09-15,45.75369566458244
2002-09-16,0.0
2002-09-17,0.0
2002-09-18,0.0
2002-09-19,0.0
2002-09-20,0.0
2002-09-21,0.0
2002-09-22,93.24960492532966
2002-09-23,84.07729912740865
2002-09-24,33.36999484174806
2002-09-25,59.536621352631656
2002-09-26,12.919042029270663
2002-09-27,20.277541662906962
2002-09-28,0.0
2002-09-29,4.882131201328894
2002-09-30,8.961268078241078
2002-10-01,0.0
2002-10-02,0.0
2002-10-03,7.1058436661200455
2002-10-04,7.545279153206196
2002-10-05,0.0
2002-10-06,8.680496645204896
2002-10-07,0.0
2002-10-08,16.84743165768919
2002-10-09,8.680496645204896
2002-10-10,5.819608248968757
2002-10-11,0.0
2002-10-12,0.0
2002-10-13,0.0
2002-10-14,0.0
2002-10-15,0.0
2002-10-16,0.0
2002-10-17,0.0
2002-10-18,0.0
2002-10-19,0.0
2002-10-20,0.0
2002-10-21,2.5305199277600003
2002-10-22,0.0
2002-10-23,0.0
2002-10-24,0.0
2002-10-25,0.0
2002-10-26,0.0
2002-10-27,0.0
2002-10-28,0.0
2002-10-29,0.0
2002-10-30,0.0
2002-10-31,5.544259715789556
2002-11-01,0.0
2002-11-02,0.0
2002-11-03,0.0
2002-11-04,0.0
2002-11-05,0.0
2002-11-06,0.0
2002-11-07,0.0
2002-11-08,0.0
2002-11-09,0.0
2002-11-10,0.0
2002-11-11,0.0
2002-11-12,0.0
2002-11-13,0.7755231121943575
2002-11-14,0.0
2002-11-15,3.781271695320216
2002-11-16,7.494020012347103
2002-11-17,0.0
2002-11-18,0.0
2002-11-19,0.0
2002-11-20,0.0
2002-11-21,0.5122302652285345
2002-11-22,0.0
2002-11-23,0.0
2002-11-24,0.0
2002-11-25,0.0
2002-11-26,0.0
2002-11-27,0.0
2002-11-28,0.0
2002-11-29,0.11315554328107245
2002-11-30,0.0
2002-12-01,0.0
2002-12-02,0.0
2002-12-03,0.0
2002-12-04,0.0
2002-12-05,0.0
2002-12-06,3.577913713165136
2002-12-07,0.0
2002-12-08,0.0
2002-12-09,13.600102556388954
2002-12-10,0.0
2002-12-11,0.0
2002-12-12,2.787679240303462
2002-12-13,2.537139312209457
2002-12-14,0.0
2002-12-15,0.0
2002-12-16,0.0
2002-12-17,0.0
2002-12-18,0.0
2002-12-19,0.0
2002-12-20,7.925599215877675
2002-12-21,0.0
2002-12-22,0.0
2002-12-23,0.8275134894979531
2002-12-24,0.0
2002-12-25,0.0
2002-12-26,0.0
2002-12-27,1.6518862983805256
2002-12-28,0.0
2002-12-29,0.0
2002-12-30,0.0
2002-12-31,0.0
2003-01-01,0.0
2003-01-02,4.3159494476241616
2003-01-03,0.0
2003-01-04,0.0
2003-01-05,0.0
2003-01-06,0.0
2003-01-07,0.0
2003-01-08,0.0
2003-01-09,0.0
2003-01-10,0.0
2003-01-11,0.0
2003-01-12,0.0
2003-01-13,0.0
2003-01-14,0.0
2003-01-15,0.04263888113029525
2003-01-16,0.0
2003-01-17,4.989136446422335
2003-01-18,0.0
2003-01-19,0.0
2003-01-20,0.0
2003-01-21,0.0
2003-01-22,0.0
2003-01-23,0.0
2003-01-24,0.0
2003-01-25,0.0
2003-01-26,0.0
2003-01-27,0.0
2003-01-28,0.0
2003-01-29,0.0
2003-01-30,0.0
2003-01-31,0.0
2003-02-01,13.446538532678753
2003-02-02,0.0
2003-02-03,0.0
2003-02-04,0.0
2003-02-05,1.60733914122255
2003-02-06,0.0
2003-02-07,0.0
2003-02-08,1.7755870122486235
2003-02-09,0.0
2003-02-10,0.0
2003-02-11,0.0
2003-02-12,0.0
2003-02-13,0.0
2003-02-14,0.0
2003-02-15,0.0
2003-02-16,0.0
2003-02-17,0.0
2003-02-18,0.0
2003-02-19,0.0
2003-02-20,0.0
2003-02-21,0.0
2003-02-22,1.283068702485524
2003-02-23,0.0
2003-02-24,0.0
2003-02-25,0.0
2003-02-26,0.0
2003-02-27,0.0
2003-02-28,0.0
2003-03-01,0.0
2003-03-02,0.0
2003-03-03,0.0
2003-03-04,0.0
2003-03-05,0.0
2003-03-06,0.0
2003-03-07,0.0
2003-03-08,0.0
2003-03-09,0.0
2003-03-10,0.0
2003-03-11,0.0
2003-03-12,0.0
2003-03-13,0.0
2003-03-14,0.0
2003-03-15,1.0372617645597244
2003-03-16,8.009366340602158
2003-03-17,0.0
2003-03-18,0.0
2003-03-19,0.0
2003-03-20,0.0
2003-03-21,0.0
2003-03-22,0.0
2003-03-23,0.0
2003-03-24,0.0
2003-03-25,0.0
2003-03-26,0.0
2003-03-27,0.0
2003-03-28,0.0
2003-03-29,0.0
2003-03-30,0.0
2003-03-31,0.0
2003-04-01,0.0
2003-04-02,0.0
2003-04-03,0.0
2003-04-04,0.0
2003-04-05,0.0
2003-04-06,0.0
2003-04-07,0.0
2003-04-08,0.0
2003-04-09,0.0
2003-04-10,0.0
2003-04-11,0.0
2003-04-12,0.6141071450901782
2003-04-13,0.0
2003-04-14,0.0
2003-04-15,0.0
2003-04-16,0.0
2003-04-17,0.0
2003-04-18,0.0
2003-04-19,0.0
2003-04-20,0.0
2003-04-21,0.0
2003-04-22,0.0
2003-04-23,0.0
2003-04-24,0.0
2003-04-25,0.0
2003-04-26,0.0
2003-04-27,0.0
2003-04-28,0.0
2003-04-29,0.006418445697019744
2003-04-30,18.919815702643504
2003-05-01,0.0
2003-05-02,0.0
2003-05-03,0.0
2003-05-04,0.0
2003-05-05,0.0
2003-05-06,0.0
2003-05-07,0.0
2003-05-08,0.0
2003-05-09,0.0
2003-05-10,0.0
2003-05-11,0.0
2003-05-12,0.0
2003-05-13,0.0
2003-05-14,0.0
2003-05-15,0.0
2003-05-16,0.0
2003-05-17,0.0
2003-05-18,0.0
2003-05-19,0.0
2003-05-20,0.0
2003-05-21,0.0
2003-05-22,0.0
2003-05-23,0.0
2003-05-24,0.0
2003-05-25,0.0
2003-05-26,0.0
2003-05-27,0.0
2003-05-28,35.699524833800794
2003-05-29,0.0
2003-05-30,0.0
2003-05-31,0.0
2003-06-01,0.0
2003-06-02,8.853530412919362
2003-06-03,0.0
2003-06-04,0.0
2003-06-05,0.0
2003-06-06,0.0
2003-06-07,2.1122427161714405
2003-06-08,0.03730772605388142
2003-06-09,2.1103643607576585
2003-06-10,0.0
2003-06-11,0.0
2003-06-12,0.0
2003-06-13,0.0
2003-06-14,0.0
2003-06-15,0.0
2003-06-16,0.0
2003-06-17,0.0
2003-06-18,26.951354615653507
2003-06-19,17.967570285442402
2003-06-20,0.0
2003-06-21,16.578419037343835
2003-06-22,0.0
2003-06-23,0.0
2003-06-24,0.0
2003-06-25,0.36883929564170814
2003-06-26,13.361389667404747
2003-06-27,21.5905161375586
2003-06-28,7.427052166133887
2003-06-29,0.0
2003-06-30,10.940988376582263
2003-07-01,0.0
2003-07-02,0.0
2003-07-03,0.0
2003-07-04,0.0
2003-07-05,0.0
2003-07-06,6.6451800962789624
2003-07-07,14.88641637242483
2003-07-08,8.889265664330914
2003-07-09,8.889265664330914
2003-07-10,0.0
2003-07-11,7.974807570597989
2003-07-12,8.195820953623672
2003-07-13,9.36665310201146
2003-07-14,0.0
2003-07-15,0.0
2003-07-16,6.045406550881872
2003-07-17,0.0
2003-07-18,0.0
2003-07-19,12.090813101763745
2003-07-20,12.090813101763745
2003-07-21,3.977210128223874
2003-07-22,0.0
2003-07-23,0.0
2003-07-24,0.0
2003-07-25,0.0
2003-07-26,5.604831598763062
2003-07-27,0.0
2003-07-28,0.0
2003-07-29,0.0
2003-07-30,5.7362761043064765
2003-07-31,5.7362761043064765
2003-08-01,10.137490218558087
2003-08-02,0.0
2003-08-03,8.734791969749159
2003-08-04,7.54325988764576
2003-08-05,10.137490218558087
2003-08-06,5.576926902337353
2003-08-07,0.0
2003-08-08,1.9360884350938414
2003-08-09,1.069758720090965
2003-08-10,0.0
2003-08-11,0.0
2003-08-12,10.26984559529197
2003-08-13,2.169949180246007
2003-08-14,0.04942592225275546
2003-08-15,0.0
2003-08-16,0.23749410070114688
2003-08-17,11.76283741226948
2003-08-18,2.2836366155862664
2003-08-19,11.76283741226948
2003-08-20,2.1721847392048588
2003-08-21,0.0
2003-08-22,16.281185265356072
2003-08-23,16.281185265356072
2003-08-24,0.0
2003-08-25,0.20516318324340166
2003-08-26,0.0
2003-08-27,0.0
2003-08-28,16.444462587824106
2003-08-29,3.5330505550570512
2003-08-30,18.793672186798883
2003-08-31,3.96491759049176
2003-09-01,10.638443026612
2003-09-02,10.897800350288913
2003-09-03,21.257177759991222
2003-09-04,19.071149562212916
2003-09-05,8.325285585782522
2003-09-06,4.04964465301526
2003-09-07,2.0381841745356337
2003-09-08,0.9521484292211049
2003-09-09,0.0
2003-09-10,0.03206261486259774
2003-09-11,0.0
2003-09-12,0.0
2003-09-13,29.020305387776546
2003-09-14,14.510152693888273
2003-09-15,0.0
2003-09-16,0.0
2003-09-17,0.0
2003-09-18,0.0
2003-09-19,0.0
2003-09-20,0.0
2003-09-21,0.0
2003-09-22,3.640136924815926
2003-09-23,0.0
2003-09-24,6.511171801267077
2003-09-25,0.0
2003-09-26,0.0
2003-09-27,0.0
2003-09-28,9.934350464116882
2003-09-29,0.0
2003-09-30,17.015864517768595
2003-10-01,20.08723146469841
2003-10-02,19.836978584491145
2003-10-03,17.31822013972819
2003-10-04,19.84390665448989
2003-10-05,0.0
2003-10-06,0.0
2003-10-07,0.0
2003-10-08,0.0
2003-10-09,3.287775601852122
2003-10-10,0.0
2003-10-11,0.0
2003-10-12,0.0
2003-10-13,0.0
2003-10-14,0.05648980293120433
2003-10-15,0.0
2003-10-16,0.0
2003-10-17,0.0
2003-10-18,0.0
2003-10-19,0.0
2003-10-20,0.0
2003-10-21,0.0
2003-10-22,0.0
2003-10-23,0.0
2003-10-24,0.0
2003-10-25,0.0
2003-10-26,0.0
2003-10-27,14.311547381816789
2003-10-28,0.0
2003-10-29,0.0
2003-10-30,0.0
2003-10-31,0.0
2003-11-01,0.0
2003-11-02,0.0
2003-11-03,0.0
2003-11-04,0.0
2003-11-05,0.0
2003-11-06,0.0
2003-11-07,0.0
2003-11-08,0.0
2003-11-09,0.0
2003-11-10,0.0
2003-11-11,0.0
2003-11-12,0.0
2003-11-13,0.0
2003-11-14,0.0
2003-11-15,0.0
2003-11-16,0.0
2003-11-17,0.0
2003-11-18,0.0
2003-11-19,7.711116723059792
2003-11-20,26.498419081881874
2003-11-21,0.0
2003-11-22,0.0
2003-11-23,0.0
2003-11-24,0.0
2003-11-25,0.0
2003-11-26,0.0
2003-11-27,0.0
2003-11-28,0.0
2003-11-29,0.0
2003-11-30,0.0
2003-12-01,0.0
2003-12-02,0.0
2003-12-03,0.0
2003-12-04,0.0
2003-12-05,0.0
2003-12-06,0.0
2003-12-07,0.0
2003-12-08,0.0
2003-12-09,0.0
2003-12-10,0.0
2003-12-11,0.0
2003-12-12,0.0
2003-12-13,0.0
2003-12-14,0.0
2003-12-15,0.0
2003-12-16,0.0
2003-12-17,0.0
2003-12-18,0.0
2003-12-19,0.0
2003-12-20,0.0
2003-12-21,0.0
2003-12-22,0.0
2003-12-23,0.0
2003-12-24,0.0
2003-12-25,0.0
2003-12-26,0.0
2003-12-27,0.0
2003-12-28,0.0
2003-12-29,0.0
2003-12-30,17.47429253171764
2003-12-31,1.5135368903364677
2004-01-01,0.0
2004-01-02,0.0
2004-01-03,0.0
2004-01-04,0.0
2004-01-05,0.0
2004-01-06,0.0
2004-01-07,2.416579114330611
2004-01-08,0.0
2004-01-09,0.0
2004-01-10,2.0944738217347085
2004-01-11,0.0
2004-01-12,0.0
2004-01-13,0.0
2004-01-14,0.0
2004-01-15,0.0
2004-01-16,0.0
2004-01-17,0.0
2004-01-18,0.0
2004-01-19,0.0
2004-01-20,0.0
2004-01-21,0.0
2004-01-22,0.0
2004-01-23,0.0
2004-01-24,0.0
2004-01-25,0.0
2004-01-26,0.0
2004-01-27,0.0
2004-01-28,0.0
2004-01-29,0.0
2004-01-30,0.0
2004-01-31,4.829567868057751
2004-02-01,0.0
2004-02-02,0.0
2004-02-03,4.0397057161318175
2004-02-04,6.327061221123923
2004-02-05,0.0
2004-02-06,0.0
2004-02-07,13.351550011347339
2004-02-08,0.0
2004-02-09,0.0
2004-02-10,0.0
2004-02-11,0.0
2004-02-12,1.850834989881605
2004-02-13,2.493816377394244
2004-02-14,0.0
2004-02-15,0.0
2004-02-16,0.0
2004-02-17,0.0
2004-02-18,0.0
2004-02-19,0.0
2004-02-20,0.0
2004-02-21,0.0
2004-02-22,0.0
2004-02-23,0.0
2004-02-24,0.0
2004-02-25,0.0
2004-02-26,0.0
2004-02-27,0.0
2004-02-28,0.0
2004-02-29,0.0
2004-03-01,0.0
2004-03-02,0.0
2004-03-03,0.0
2004-03-04,0.0
2004-03-05,0.0
2004-03-06,0.0
2004-03-07,0.0
2004-03-08,0.0
2004-03-09,0.0
2004-03-10,0.0
2004-03-11,0.0
2004-03-12,0.0
2004-03-13,0.0
2004-03-14,0.0
2004-03-15,0.08088772383697948
2004-03-16,0.0
2004-03-17,0.0
2004-03-18,0.0
2004-03-19,0.0
2004-03-20,0.0
2004-03-21,0.0
2004-03-22,0.0
2004-03-23,0.0
2004-03-24,0.0
2004-03-25,0.0
2004-03-26,0.0
2004-03-27,0.0
2004-03-28,0.0
2004-03-29,0.0
2004-03-30,0.0
2004-03-31,0.0
2004-04-01,0.14972693432995043
2004-04-02,2.5321888244866275
2004-04-03,0.0
2004-04-04,0.0
2004-04-05,0.0
2004-04-06,0.0
2004-04-07,0.0
2004-04-08,0.0
2004-04-09,0.0
2004-04-10,0.0
2004-04-11,0.0
2004-04-12,0.0
2004-04-13,0.0
2004-04-14,0.0
2004-04-15,0.0
2004-04-16,0.0
2004-04-17,0.0
2004-04-18,0.0
2004-04-19,0.0
2004-04-20,0.0
2004-04-21,0.0
2004-04-22,0.0
2004-04-23,0.0
2004-04-24,0.0
2004-04-25,0.0
2004-04-26,0.0
2004-04-27,7.454231945457586
2004-04-28,0.0
2004-04-29,0.0
2004-04-30,0.0
2004-05-01,0.0
2004-05-02,32.980691438557756
2004-05-03,14.437676083545695
2004-05-04,0.0
2004-05-05,0.0
2004-05-06,15.778230570940087
2004-05-07,0.0
2004-05-08,0.0
2004-05-09,0.0
2004-05-10,0.0
2004-05-11,0.0
2004-05-12,0.0
2004-05-13,0.0
2004-05-14,0.0
2004-05-15,18.975980592696295
2004-05-16,22.158212433318184
2004-05-17,0.0
2004-05-18,0.0
2004-05-19,0.0
2004-05-20,0.0
2004-05-21,0.0
2004-05-22,0.0
2004-05-23,0.0
2004-05-24,0.0
2004-05-25,0.0
2004-05-26,0.0
2004-05-27,0.0
2004-05-28,0.0
2004-05-29,0.0
2004-05-30,0.0
2004-05-31,0.0
2004-06-01,0.0
2004-06-02,2.8166653695028097
2004-06-03,0.0
2004-06-04,0.0
2004-06-05,0.0
2004-06-06,0.0
2004-06-07,0.0
2004-06-08,5.824719378768659
2004-06-09,0.0
2004-06-10,0.0
2004-06-11,0.0
2004-06-12,38.73459096265051
2004-06-13,7.746918416138827
2004-06-14,0.0
2004-06-15,7.746918416138827
2004-06-16,0.0
2004-06-17,0.0
2004-06-18,5.050062017205419
2004-06-19,5.050062017205419
2004-06-20,0.0
2004-06-21,0.0
2004-06-22,0.0
2004-06-23,0.0
2004-06-24,0.0
2004-06-25,0.0
2004-06-26,0.0
2004-06-27,11.4279627697106
2004-06-28,6.548645799318554
2004-06-29,0.0
2004-06-30,0.11988265994111572
2004-07-01,0.0
2004-07-02,0.0
2004-07-03,0.0
2004-07-04,0.0
2004-07-05,24.530363055873572
2004-07-06,17.546086021760303
2004-07-07,1.6950286731926032
2004-07-08,0.0
2004-07-09,14.279268356654155
2004-07-10,7.150837619959642
2004-07-11,19.22147728211412
2004-07-12,0.0
2004-07-13,0.0
2004-07-14,11.390814684259425
2004-07-15,0.0
2004-07-16,1.6041146570809144
2004-07-17,1.6041146570809144
2004-07-18,0.0
2004-07-19,3.2082293141618288
2004-07-20,3.9507264111902622
2004-07-21,0.0
2004-07-22,4.501086177909928
2004-07-23,0.0
2004-07-24,0.0
2004-07-25,0.0
2004-07-26,6.1102465122359355
2004-07-27,9.02927013963807
2004-07-28,6.644122369758563
2004-07-29,0.0
2004-07-30,8.65200414199232
2004-07-31,0.0
2004-08-01,12.888021969233982
2004-08-02,8.596046451983991
2004-08-03,8.747571844997667
2004-08-04,4.2980232259919955
2004-08-05,1.9178890677205136
2004-08-06,0.0
2004-08-07,0.0
2004-08-08,0.0
2004-08-09,4.20960041046203
2004-08-10,0.0
2004-08-11,0.0
2004-08-12,0.0
2004-08-13,0.0
2004-08-14,9.1958736962882
2004-08-15,8.372774769446094
2004-08-16,10.844457114864177
2004-08-17,3.6148190722395896
2004-08-18,0.0
2004-08-19,7.229638144479179
2004-08-20,0.0
2004-08-21,0.0
2004-08-22,0.0
2004-08-23,0.0
2004-08-24,4.48569594413666
2004-08-25,0.0
2004-08-26,0.0
2004-08-27,23.972176334603603
2004-08-28,0.0
2004-08-29,0.0
2004-08-30,11.680571329418786
2004-08-31,0.16651475667855292
2004-09-01,0.0
2004-09-02,0.11259555064298252
2004-09-03,8.04837595512669
2004-09-04,0.0
2004-09-05,0.0
2004-09-06,0.0
2004-09-07,0.0
2004-09-08,10.36355841873271
2004-09-09,7.11527630579025
2004-09-10,20.72711683746542
2004-09-11,0.0
2004-09-12,20.679555289793594
2004-09-13,0.0
2004-09-14,0.0
2004-09-15,6.234601165874942
2004-09-16,0.0
2004-09-17,0.0
2004-09-18,0.0
2004-09-19,0.0
2004-09-20,0.0
2004-09-21,0.0
2004-09-22,29.582320948840295
2004-09-23,5.948960027914366
2004-09-24,38.81102863924889
2004-09-25,0.0
2004-09-26,0.0
2004-09-27,0.0
2004-09-28,0.0
2004-09-29,5.278739769966457
2004-09-30,18.705490975062233
2004-10-01,1.7596556729049393
2004-10-02,3.7465467607099154
2004-10-03,0.0
2004-10-04,28.419513377400634
2004-10-05,8.718660345156975
2004-10-06,7.046336774926063
2004-10-07,2.7899527319052546
2004-10-08,0.0
2004-10-09,2.056575468056889
2004-10-10,5.579905463810509
2004-10-11,13.186370501654071
2004-10-12,0.0
2004-10-13,0.0
2004-10-14,0.0
2004-10-15,26.372741003308143
2004-10-16,0.0
2004-10-17,0.0
2004-10-18,0.0
2004-10-19,0.0
2004-10-20,0.0
2004-10-21,0.0
2004-10-22,0.0
2004-10-23,0.0
2004-10-24,0.0
2004-10-25,0.0
2004-10-26,0.0
2004-10-27,0.0
2004-10-28,0.0
2004-10-29,0.0
2004-10-30,0.0
2004-10-31,0.0
2004-11-01,0.0
2004-11-02,0.0
2004-11-03,2.8623218178329837
2004-11-04,3.554983206236124
2004-11-05,4.331292040518843
2004-11-06,0.0
2004-11-07,0.0
2004-11-08,0.0
2004-11-09,0.0
2004-11-10,0.0
2004-11-11,0.0
2004-11-12,0.0
2004-11-13,0.0
2004-11-14,0.0
2004-11-15,1.6890398229675077
2004-11-16,1.3500916276281596
2004-11-17,0.0
2004-11-18,0.0
2004-11-19,0.0
2004-11-20,0.0
2004-11-21,0.0
2004-11-22,0.0
2004-11-23,1.9345654589071641
2004-11-24,0.0
2004-11-25,0.0
2004-11-26,0.0
2004-11-27,0.0
2004-11-28,0.0
2004-11-29,0.0
2004-11-30,0.0
2004-12-01,0.0
2004-12-02,0.0
2004-12-03,0.0
2004-12-04,0.0
2004-12-05,0.0
2004-12-06,0.0
2004-12-07,0.0
2004-12-08,0.0
2004-12-09,0.0
2004-12-10,0.0
2004-12-11,0.0
2004-12-12,0.0
2004-12-13,0.0
2004-12-14,0.0
2004-12-15,4.385878277743484
2004-12-16,0.0
2004-12-17,0.0
2004-12-18,0.12191351619626552
2004-12-19,0.0
2004-12-20,0.0
2004-12-21,0.0
2004-12-22,0.0
2004-12-23,0.0
2004-12-24,0.0
2004-12-25,0.0
2004-12-26,0.0
2004-12-27,1.4964563908906459
2004-12-28,0.0
2004-12-29,1.244174174300407
2004-12-30,0.0
2004-12-31,0.0
2005-01-01,0.5721807360811516
2005-01-02,1.5157997994407348
2005-01-03,0.0
2005-01-04,0.0
2005-01-05,0.0
2005-01-06,0.0
2005-01-07,0.0
2005-01-08,0.0
2005-01-09,0.0
2005-01-10,0.002613362222669152
2005-01-11,0.0
2005-01-12,0.0
2005-01-13,0.0
2005-01-14,0.0
2005-01-15,0.0
2005-01-16,0.5817488753379791
2005-01-17,1.8943002736338428
2005-01-18,0.0
2005-01-19,0.0
2005-01-20,0.0
2005-01-21,0.0
2005-01-22,0.0
2005-01-23,0.0
2005-01-24,1.4845130185688442
2005-01-25,0.0
2005-01-26,0.0
2005-01-27,0.0
2005-01-28,0.0
2005-01-29,0.0
2005-01-30,0.0
2005-01-31,0.0
2005-02-01,0.0
2005-02-02,0.0
2005-02-03,0.0
2005-02-04,1.6825343964425676
2005-02-05,0.0
2005-02-06,0.0
2005-02-07,0.0
2005-02-08,0.0
2005-02-09,0.0
2005-02-10,1.5978226343065538
2005-02-11,0.0
2005-02-12,0.0
2005-02-13,0.0
2005-02-14,0.0
2005-02-15,0.0
2005-02-16,0.0
2005-02-17,4.389323011088371
2005-02-18,0.0
2005-02-19,0.0
2005-02-20,0.0
2005-02-21,0.0
2005-02-22,0.0
2005-02-23,0.0
2005-02-24,0.0
2005-02-25,0.0
2005-02-26,0.0
2005-02-27,0.0
2005-02-28,0.0
2005-03-01,0.0
2005-03-02,0.0
2005-03-03,0.0
2005-03-04,0.0
2005-03-05,0.0
2005-03-06,0.0
2005-03-07,0.0
2005-03-08,0.0
2005-03-09,0.0
2005-03-10,0.0
2005-03-11,0.0
2005-03-12,0.0
2005-03-13,0.0
2005-03-14,0.0
2005-03-15,0.0
2005-03-16,0.0
2005-03-17,5.288237266273429
2005-03-18,0.0
2005-03-19,0.0
2005-03-20,0.0
2005-03-21,0.0
2005-03-22,0.0
2005-03-23,0.0
2005-03-24,0.0
2005-03-25,0.0
2005-03-26,0.0
2005-03-27,4.806011846279064
2005-03-28,2.4745100381705742
2005-03-29,0.0
2005-03-30,0.0
2005-03-31,0.0
2005-04-01,0.0
2005-04-02,5.020311099352976
2005-04-03,0.0
2005-04-04,0.0
2005-04-05,0.0
2005-04-06,0.0
2005-04-07,0.0
2005-04-08,0.0
2005-04-09,0.0
2005-04-10,0.0
2005-04-11,0.0
2005-04-12,0.0
2005-04-13,0.0
2005-04-14,0.0
2005-04-15,0.0
2005-04-16,0.0
2005-04-17,0.0
2005-04-18,0.0
2005-04-19,0.0
2005-04-20,0.0
2005-04-21,0.0
2005-04-22,0.0
2005-04-23,0.0
2005-04-24,0.0
2005-04-25,0.0
2005-04-26,0.0
2005-04-27,0.0
2005-04-28,0.0
2005-04-29,3.4494371331395626
2005-04-30,0.0
2005-05-01,0.0
2005-05-02,0.0
2005-05-03,0.0
2005-05-04,0.0
2005-05-05,0.1850982891781696
2005-05-06,0.0
2005-05-07,0.0
2005-05-08,0.0
2005-05-09,0.0
2005-05-10,0.0
2005-05-11,0.0
2005-05-12,0.0
2005-05-13,0.0
2005-05-14,0.0
2005-05-15,0.0
2005-05-16,0.0
2005-05-17,0.0
2005-05-18,0.0
2005-05-19,0.0
2005-05-20,0.0
2005-05-21,0.0
2005-05-22,0.0
2005-05-23,0.0
2005-05-24,0.0
2005-05-25,0.0
2005-05-26,0.0
2005-05-27,0.0
2005-05-28,0.0
2005-05-29,0.199243676604659
2005-05-30,0.0
2005-05-31,76.03087827785644
2005-06-01,0.06041174826579556
2005-06-02,0.0
2005-06-03,0.0
2005-06-04,0.0
2005-06-05,0.0
2005-06-06,0.0
2005-06-07,11.148917731807293
2005-06-08,0.0
2005-06-09,0.0
2005-06-10,0.0
2005-06-11,0.0
2005-06-12,0.11637999374437509
2005-06-13,20.404859512631727
2005-06-14,20.404859512631727
2005-06-15,0.0
2005-06-16,0.0
2005-06-17,0.0
2005-06-18,14.135817538436877
2005-06-19,46.89988377908333
2005-06-20,14.733518465040486
2005-06-21,13.31930820619305
2005-06-22,26.250315132995585
2005-06-23,0.0
2005-06-24,0.0
2005-06-25,0.0
2005-06-26,0.0
2005-06-27,19.389402297189505
2005-06-28,9.636807130860076
2005-06-29,6.4641333963354075
2005-06-30,0.0
2005-07-01,3.395878675458881
2005-07-02,0.0
2005-07-03,3.395878675458881
2005-07-04,13.468811368880322
2005-07-05,0.04670757463750883
2005-07-06,0.09369533577825855
2005-07-07,0.0
2005-07-08,0.0
2005-07-09,0.0
2005-07-10,0.0
2005-07-11,0.0
2005-07-12,6.626189083698468
2005-07-13,12.858839045277042
2005-07-14,4.319977097096894
2005-07-15,0.0
2005-07-16,7.008726737090049
2005-07-17,5.0165660876917775
2005-07-18,34.736800012829306
2005-07-19,0.0
2005-07-20,0.0
2005-07-21,0.0
2005-07-22,14.615671029906837
2005-07-23,12.393034989082311
2005-07-24,0.26991781233472184
2005-07-25,0.0
2005-07-26,2.7798290828129195
2005-07-27,0.0
2005-07-28,0.0
2005-07-29,0.0
2005-07-30,2.7798290828129195
2005-07-31,2.8354977413611153
2005-08-01,2.823151549402231
2005-08-02,8.184551257082205
2005-08-03,0.0
2005-08-04,6.925033414272836
2005-08-05,0.0
2005-08-06,0.15206394943980833
2005-08-07,0.0
2005-08-08,0.0
2005-08-09,0.0
2005-08-10,0.0
2005-08-11,0.0
2005-08-12,2.884916279655338
2005-08-13,3.006848984592841
2005-08-14,4.534932995682501
2005-08-15,4.7196273337494326
2005-08-16,14.913402444248296
2005-08-17,9.989028241038154
2005-08-18,0.04675934974395575
2005-08-19,7.02502033986418
2005-08-20,7.183504649797622
2005-08-21,13.255951619445112
2005-08-22,0.0
2005-08-23,0.05532452147885412
2005-08-24,4.418650730350487
2005-08-25,0.0
2005-08-26,0.0
2005-08-27,0.0
2005-08-28,1.39850687958746
2005-08-29,0.0
2005-08-30,7.1510607045900025
2005-08-31,11.189572566853984
2005-09-01,6.974482922357164
2005-09-02,8.609374895441176
2005-09-03,7.1550129610288895
2005-09-04,0.0
2005-09-05,6.351683036224192
2005-09-06,9.256937786097826
2005-09-07,6.005777947535491
2005-09-08,0.0
2005-09-09,0.0
2005-09-10,0.0
2005-09-11,16.401247776102686
2005-09-12,16.401247776102686
2005-09-13,8.304202524899523
2005-09-14,8.200623888051343
2005-09-15,0.0
2005-09-16,13.871478744874011
2005-09-17,16.205711468594863
2005-09-18,0.0
2005-09-19,0.0
2005-09-20,0.0
2005-09-21,0.0
2005-09-22,9.430148786069758
2005-09-23,0.0
2005-09-24,0.0
2005-09-25,9.430148786069758
2005-09-26,0.0
2005-09-27,0.0
2005-09-28,0.0
2005-09-29,0.0
2005-09-30,0.0
2005-10-01,0.0
2005-10-02,0.0
2005-10-03,14.673313133103894
2005-10-04,43.9996996829028
2005-10-05,18.125903573314318
2005-10-06,0.0
2005-10-07,0.0
2005-10-08,0.0
2005-10-09,0.0
2005-10-10,0.0
2005-10-11,0.0
2005-10-12,0.0
2005-10-13,0.0
2005-10-14,0.04792914740906254
2005-10-15,0.0
2005-10-16,0.0
2005-10-17,0.0
2005-10-18,0.0
2005-10-19,0.0
2005-10-20,0.0
2005-10-21,0.0
2005-10-22,28.13801596340932
2005-10-23,20.388458190012493
2005-10-24,0.0
2005-10-25,0.0
2005-10-26,0.0
2005-10-27,0.0
2005-10-28,0.0
2005-10-29,0.0
2005-10-30,0.0
2005-10-31,2.451350474831226
2005-11-01,0.0
2005-11-02,0.0
2005-11-03,0.0
2005-11-04,0.0
2005-11-05,0.0
2005-11-06,0.0
2005-11-07,0.0
2005-11-08,38.24089137118638
2005-11-09,0.0
2005-11-10,0.0
2005-11-11,0.0
2005-11-12,0.0
2005-11-13,0.0
2005-11-14,0.0
2005-11-15,0.0
2005-11-16,0.0
2005-11-17,0.0
2005-11-18,0.0
2005-11-19,0.0
2005-11-20,0.0
2005-11-21,0.0
2005-11-22,0.0
2005-11-23,0.0
2005-11-24,0.0
2005-11-25,0.0
2005-11-26,0.0
2005-11-27,0.0
2005-11-28,0.0
2005-11-29,0.0
2005-11-30,0.0
2005-12-01,0.0
2005-12-02,0.0
2005-12-03,0.0
2005-12-04,0.0
2005-12-05,0.0
2005-12-06,0.0
2005-12-07,0.0
2005-12-08,0.0
2005-12-09,0.0
2005-12-10,0.0
2005-12-11,0.0
2005-12-12,0.0
2005-12-13,0.0
2005-12-14,0.0
2005-12-15,0.0
2005-12-16,0.0
2005-12-17,0.0
2005-12-18,22.548794601880832
2005-12-19,0.0
2005-12-20,0.0
2005-12-21,0.0
2005-12-22,0.0
2005-12-23,0.0
2005-12-24,0.0
2005-12-25,0.0
2005-12-26,0.0
2005-12-27,0.0
2005-12-28,0.0
2005-12-29,0.0
2005-12-30,0.0
2005-12-31,0.0
2006-01-01,0.0
2006-01-02,0.0
2006-01-03,0.0
2006-01-04,0.0
2006-01-05,0.0
2006-01-06,0.0
2006-01-07,0.0
2006-01-08,0.0
2006-01-09,0.0
2006-01-10,1.3227930479666372
2006-01-11,0.0908350412584932
2006-01-12,0.0
2006-01-13,0.0
2006-01-14,0.0
2006-01-15,0.0
2006-01-16,0.0
2006-01-17,0.0
2006-01-18,0.0
2006-01-19,0.0
2006-01-20,0.0
2006-01-21,0.0
2006-01-22,0.0
2006-01-23,0.0
2006-01-24,4.345516337235873
2006-01-25,7.191814800747461
2006-01-26,2.884292319968895
2006-01-27,0.0
2006-01-28,0.0
2006-01-29,0.0
2006-01-30,10.424828576946451
2006-01-31,2.538869724358887
2006-02-01,0.0
2006-02-02,5.769583339462734
2006-02-03,2.3266684126575203
2006-02-04,0.0
2006-02-05,0.0
2006-02-06,0.0
2006-02-07,0.0
2006-02-08,0.0
2006-02-09,0.0
2006-02-10,0.0
2006-02-11,0.0
2006-02-12,0.0
2006-02-13,0.0
2006-02-14,0.0
2006-02-15,0.0
2006-02-16,0.0
2006-02-17,0.0
2006-02-18,0.0
2006-02-19,0.0
2006-02-20,0.0
2006-02-21,0.0
2006-02-22,0.0
2006-02-23,0.0
2006-02-24,0.0
2006-02-25,0.0
2006-02-26,0.0
2006-02-27,0.0
2006-02-28,0.0
2006-03-01,0.519369400050278
2006-03-02,5.666674275802075
2006-03-03,0.0
2006-03-04,0.0
2006-03-05,0.0
2006-03-06,0.0
2006-03-07,0.0
2006-03-08,0.0
2006-03-09,0.0
2006-03-10,0.0075239896117116935
2006-03-11,0.0
2006-03-12,0.0
2006-03-13,0.0
2006-03-14,0.0
2006-03-15,0.0
2006-03-16,0.0
2006-03-17,0.0
2006-03-18,0.0
2006-03-19,0.0
2006-03-20,0.0
2006-03-21,0.0
2006-03-22,0.0
2006-03-23,0.0
2006-03-24,8.987317545862737
2006-03-25,0.0
2006-03-26,0.0
2006-03-27,0.0
2006-03-28,0.0
2006-03-29,0.0
2006-03-30,0.0
2006-03-31,0.22673578217459908
2006-04-01,0.0
2006-04-02,0.0
2006-04-03,0.0
2006-04-04,0.0
2006-04-05,0.0
2006-04-06,0.0
2006-04-07,0.0
2006-04-08,0.0
2006-04-09,0.0
2006-04-10,0.0
2006-04-11,0.0
2006-04-12,0.0
2006-04-13,0.0
2006-04-14,0.0
2006-04-15,0.0
2006-04-16,0.0
2006-04-17,0.0
2006-04-18,0.0
2006-04-19,0.0
2006-04-20,0.0
2006-04-21,0.0
2006-04-22,0.0
2006-04-23,0.0
2006-04-24,0.0
2006-04-25,0.0
2006-04-26,0.0
2006-04-27,0.0
2006-04-28,0.0
2006-04-29,0.0
2006-04-30,0.0
2006-05-01,0.0
2006-05-02,0.0
2006-05-03,0.0
2006-05-04,0.0
2006-05-05,0.0
2006-05-06,0.0
2006-05-07,0.0
2006-05-08,0.0
2006-05-09,0.0
2006-05-10,0.0
2006-05-11,0.0
2006-05-12,0.0
2006-05-13,0.0
2006-05-14,0.0
2006-05-15,0.0
2006-05-16,23.93515040778323
2006-05-17,0.0
2006-05-18,0.0
2006-05-19,0.0
2006-05-20,0.0
2006-05-21,0.0
2006-05-22,29.603329383522087
2006-05-23,0.10848959647320872
2006-05-24,4.1183367444320504
2006-05-25,29.48978198094691
2006-05-26,0.0
2006-05-27,8.185109862952515
2006-05-28,0.0
2006-05-29,0.0
2006-05-30,0.0
2006-05-31,0.0
2006-06-01,0.0
2006-06-02,6.214603473186658
2006-06-03,0.0
2006-06-04,0.0
2006-06-05,0.0
2006-06-06,0.0
2006-06-07,0.0
2006-06-08,0.0
2006-06-09,0.0
2006-06-10,0.0
2006-06-11,0.0
2006-06-12,0.25485140324862615
2006-06-13,9.020031959019551
2006-06-14,12.800997655027523
2006-06-15,21.565440497863534
2006-06-16,8.40398373797348
2006-06-17,8.40398373797348
2006-06-18,0.0
2006-06-19,0.0
2006-06-20,0.0
2006-06-21,1.8294039576829308
2006-06-22,11.109025308041387
2006-06-23,0.10851404458644125
2006-06-24,0.0
2006-06-25,0.0
2006-06-26,0.0
2006-06-27,0.0
2006-06-28,5.3593191689299475
2006-06-29,15.420543463591272
2006-06-30,7.710271731795636
2006-07-01,14.987653469369354
2006-07-02,2.745649681780813
2006-07-03,10.959308214371628
2006-07-04,0.0
2006-07-05,0.0
2006-07-06,0.0
2006-07-07,0.0
2006-07-08,0.8718023550803868
2006-07-09,4.162773669493069
2006-07-10,10.445306004950055
2006-07-11,4.000305568197852
2006-07-12,4.18609026087723
2006-07-13,4.18609026087723
2006-07-14,4.18609026087723
2006-07-15,0.0
2006-07-16,0.0
2006-07-17,0.0
2006-07-18,0.0
2006-07-19,0.14322093321495033
2006-07-20,0.21463339494117156
2006-07-21,4.130742526343689
2006-07-22,1.6826518340712509
2006-07-23,5.2823097998246205
2006-07-24,0.0
2006-07-25,0.0
2006-07-26,9.563995381269986
2006-07-27,9.788069821935949
2006-07-28,0.0
2006-07-29,0.0
2006-07-30,0.0
2006-07-31,0.0
2006-08-01,2.0381443527032412
2006-08-02,4.1384045993201966
2006-08-03,12.580236022321227
2006-08-04,12.71197506514497
2006-08-05,4.220915872825665
2006-08-06,0.0
2006-08-07,0.0
2006-08-08,12.500619697739992
2006-08-09,7.309720585548128
2006-08-10,6.250309848869996
2006-08-11,0.0
2006-08-12,0.0
2006-08-13,0.0
2006-08-14,9.25379722054851
2006-08-15,18.123665970948938
2006-08-16,0.0
2006-08-17,0.0
2006-08-18,0.0
2006-08-19,0.0
2006-08-20,0.0
2006-08-21,5.543129854501701
2006-08-22,17.261737600892815
2006-08-23,9.861791065715698
2006-08-24,11.570766852193055
2006-08-25,11.570766852193055
2006-08-26,5.000742316967412
2006-08-27,0.0
2006-08-28,0.0
2006-08-29,0.0
2006-08-30,5.841484562388255
2006-08-31,0.057256260204650564
2006-09-01,0.0
2006-09-02,13.458615991336009
2006-09-03,15.974414809576608
2006-09-04,0.0
2006-09-05,0.0
2006-09-06,11.826047698856891
2006-09-07,0.0
2006-09-08,0.0
2006-09-09,0.0
2006-09-10,0.0
2006-09-11,6.468652939866695
2006-09-12,0.13261233952412324
2006-09-13,18.509526886384194
2006-09-14,0.0
2006-09-15,0.0
2006-09-16,0.0
2006-09-17,0.0
2006-09-18,0.9186894307249688
2006-09-19,0.0
2006-09-20,0.0
2006-09-21,0.0
2006-09-22,0.0
2006-09-23,0.0
2006-09-24,0.0
2006-09-25,2.153797511890074
2006-09-26,0.0
2006-09-27,0.0
2006-09-28,0.0
2006-09-29,0.0
2006-09-30,0.0
2006-10-01,0.0
2006-10-02,0.0
2006-10-03,6.958438787601428
2006-10-04,6.08863376621601
2006-10-05,10.120792268902246
2006-10-06,0.0
2006-10-07,0.30466302444404353
2006-10-08,37.79735986478573
2006-10-09,18.594016907948824
2006-10-10,0.0
2006-10-11,0.0
2006-10-12,0.0
2006-10-13,0.0
2006-10-14,0.0
2006-10-15,0.0
2006-10-16,0.0
2006-10-17,0.0
2006-10-18,0.0
2006-10-19,0.0
2006-10-20,0.0
2006-10-21,0.0
2006-10-22,0.0
2006-10-23,0.0
2006-10-24,0.0
2006-10-25,0.0
2006-10-26,0.0
2006-10-27,0.0
2006-10-28,0.0
2006-10-29,0.0
2006-10-30,0.0
2006-10-31,0.0
2006-11-01,0.0
2006-11-02,2.9813582272869974
2006-11-03,3.048460664568762
2006-11-04,7.222127136892423
2006-11-05,0.0
2006-11-06,1.264888938190978
2006-11-07,0.0
2006-11-08,0.0
2006-11-09,0.0
2006-11-10,0.0
2006-11-11,0.0
2006-11-12,1.3155985816714093
2006-11-13,10.347900636212076
2006-11-14,0.0
2006-11-15,0.0
2006-11-16,5.208956592614686
2006-11-17,0.0
2006-11-18,0.0
2006-11-19,0.0
2006-11-20,0.0
2006-11-21,0.0
2006-11-22,0.0
2006-11-23,0.0
2006-11-24,0.0
2006-11-25,0.0
2006-11-26,0.0
2006-11-27,0.0
2006-11-28,0.0
2006-11-29,0.0
2006-11-30,0.0
2006-12-01,14.330235906900148
2006-12-02,14.392474868627456
2006-12-03,0.0
2006-12-04,0.0
2006-12-05,0.0
2006-12-06,0.0
2006-12-07,0.0
2006-12-08,20.64630616090786
2006-12-09,0.0
2006-12-10,0.0
2006-12-11,0.0
2006-12-12,0.0
2006-12-13,0.0
2006-12-14,0.0
2006-12-15,0.0
2006-12-16,0.0
2006-12-17,0.0
2006-12-18,0.0
2006-12-19,0.0
2006-12-20,0.0
2006-12-21,0.0
2006-12-22,0.0
2006-12-23,0.0
2006-12-24,0.0
2006-12-25,8.198941574106348
2006-12-26,0.0
2006-12-27,0.0
2006-12-28,0.0
2006-12-29,0.0
2006-12-30,0.0
2006-12-31,0.0
2007-01-01,7.523659682245915
2007-01-02,3.1689411628096367
2007-01-03,0.0
2007-01-04,0.0
2007-01-05,0.0
2007-01-06,0.0
2007-01-07,0.0
2007-01-08,0.0
2007-01-09,3.1979226763286293
2007-01-10,0.0
2007-01-11,0.0
2007-01-12,0.0
2007-01-13,0.0
2007-01-14,0.0
2007-01-15,0.0
2007-01-16,0.0
2007-01-17,0.0
2007-01-18,0.0
2007-01-19,0.0
2007-01-20,0.0
2007-01-21,0.0
2007-01-22,0.0
2007-01-23,0.0
2007-01-24,1.0622095719069065
2007-01-25,0.0
2007-01-26,0.0
2007-01-27,0.0
2007-01-28,0.0
2007-01-29,0.0
2007-01-30,0.0
2007-01-31,0.0
2007-02-01,0.0
2007-02-02,0.0
2007-02-03,0.0
2007-02-04,3.214719817993649
2007-02-05,10.536271322703772
2007-02-06,7.134222153765552
2007-02-07,2.2999554905031654
2007-02-08,0.0
2007-02-09,0.0
2007-02-10,3.673669532795457
2007-02-11,0.0
2007-02-12,2.4070389118121454
2007-02-13,0.0
2007-02-14,0.0
2007-02-15,0.0
2007-02-16,0.0
2007-02-17,0.0
2007-02-18,0.0
2007-02-19,0.0
2007-02-20,0.0
2007-02-21,0.0
2007-02-22,0.0
2007-02-23,0.0
2007-02-24,0.0
2007-02-25,0.0
2007-02-26,0.0
2007-02-27,0.0
2007-02-28,0.0
2007-03-01,0.0
2007-03-02,0.0
2007-03-03,0.0
2007-03-04,0.0
2007-03-05,0.0
2007-03-06,0.0
2007-03-07,0.0
2007-03-08,0.0
2007-03-09,0.0
2007-03-10,8.923568097341684
2007-03-11,0.9302195704633306
2007-03-12,0.0
2007-03-13,0.0
2007-03-14,0.0
2007-03-15,0.0
2007-03-16,0.0
2007-03-17,0.0
2007-03-18,0.0
2007-03-19,0.0
2007-03-20,0.0
2007-03-21,0.0
2007-03-22,0.0
2007-03-23,0.0
2007-03-24,0.0
2007-03-25,0.0
2007-03-26,0.0
2007-03-27,0.0
2007-03-28,0.0
2007-03-29,0.0
2007-03-30,0.0
2007-03-31,0.0
2007-04-01,0.0
2007-04-02,0.0
2007-04-03,0.0
2007-04-04,0.0
2007-04-05,0.0
2007-04-06,0.0
2007-04-07,0.0
2007-04-08,0.0
2007-04-09,0.0
2007-04-10,0.0
2007-04-11,0.0
2007-04-12,0.0
2007-04-13,0.0
2007-04-14,0.0
2007-04-15,7.4614698577772405
2007-04-16,0.0
2007-04-17,0.0
2007-04-18,0.0
2007-04-19,0.0
2007-04-20,0.0
2007-04-21,0.0
2007-04-22,0.0
2007-04-23,0.0
2007-04-24,0.0
2007-04-25,2.411587084306192
2007-04-26,0.0
2007-04-27,0.0
2007-04-28,0.0
2007-04-29,0.01873660687352112
2007-04-30,0.0
2007-05-01,0.0
2007-05-02,0.0
2007-05-03,0.0
2007-05-04,0.0
2007-05-05,0.0
2007-05-06,0.0
2007-05-07,0.0
2007-05-08,0.0
2007-05-09,0.0
2007-05-10,0.0
2007-05-11,0.0
2007-05-12,0.05514888400395167
2007-05-13,0.0
2007-05-14,0.07557438583393361
2007-05-15,0.0
2007-05-16,0.0
2007-05-17,0.0
2007-05-18,0.0
2007-05-19,0.04984417958158816
2007-05-20,0.0
2007-05-21,0.0
2007-05-22,0.0
2007-05-23,0.0
2007-05-24,0.0
2007-05-25,0.0
2007-05-26,0.0
2007-05-27,0.0
2007-05-28,0.0
2007-05-29,46.612997629560695
2007-05-30,0.030307596530448393
2007-05-31,0.8686131813134641
2007-06-01,0.0
2007-06-02,0.0
2007-06-03,0.0
2007-06-04,0.0
2007-06-05,4.4472412336002165
2007-06-06,2.344243751816908
2007-06-07,0.0
2007-06-08,0.0
2007-06-09,0.0
2007-06-10,0.0
2007-06-11,0.0
2007-06-12,11.147138502277302
2007-06-13,5.573569251138651
2007-06-14,5.293225078185739
2007-06-15,0.0
2007-06-16,0.0
2007-06-17,1.2262087336617782
2007-06-18,7.5954554106419225
2007-06-19,0.0
2007-06-20,0.0
2007-06-21,0.0
2007-06-22,0.0
2007-06-23,0.0
2007-06-24,0.0
2007-06-25,0.0
2007-06-26,0.0
2007-06-27,0.04808419818030342
2007-06-28,5.973680545451078
2007-06-29,8.198355666978417
2007-06-30,1.0492233168741554
2007-07-01,0.0
2007-07-02,0.0
2007-07-03,0.0
2007-07-04,0.0
2007-07-05,0.0
2007-07-06,6.655811091284865
2007-07-07,0.0
2007-07-08,0.0
2007-07-09,0.0
2007-07-10,6.655811091284865
2007-07-11,3.565532910454822
2007-07-12,0.0
2007-07-13,0.0
2007-07-14,5.300027665396072
2007-07-15,0.0
2007-07-16,4.115934582682377
2007-07-17,4.115934582682377
2007-07-18,5.752470002867658
2007-07-19,0.0
2007-07-20,1.9385040371309905
2007-07-21,0.0
2007-07-22,8.875689334547287
2007-07-23,5.586407396951464
2007-07-24,10.832832698521685
2007-07-25,4.440607674602347
2007-07-26,6.611112160929385
2007-07-27,0.0
2007-07-28,0.0
2007-07-29,0.0
2007-07-30,0.5047112824447526
2007-07-31,0.0
2007-08-01,0.0
2007-08-02,4.934753652330973
2007-08-03,10.11092675719104
2007-08-04,5.05546337859552
2007-08-05,13.716810101139052
2007-08-06,14.77737501062406
2007-08-07,0.0
2007-08-08,0.0
2007-08-09,0.0
2007-08-10,0.0
2007-08-11,5.157280514381749
2007-08-12,0.0
2007-08-13,0.0
2007-08-14,4.264915951273574
2007-08-15,13.169068425137466
2007-08-16,19.817984962155194
2007-08-17,0.06821948811267864
2007-08-18,0.0
2007-08-19,6.650771766682897
2007-08-20,0.06821948811267864
2007-08-21,20.00025138230135
2007-08-22,0.0
2007-08-23,0.0
2007-08-24,7.270541185813458
2007-08-25,5.873903899456738
2007-08-26,18.563450341366227
2007-08-27,1.839491167332258
2007-08-28,18.563450341366227
2007-08-29,15.876164174346544
2007-08-30,0.0
2007-08-31,4.276086020121437
2007-09-01,0.0
2007-09-02,0.0
2007-09-03,11.009906768753503
2007-09-04,2.025037465302341
2007-09-05,0.0
2007-09-06,12.000458835547057
2007-09-07,9.797268871541476
2007-09-08,13.352637189371944
2007-09-09,4.472121270388867
2007-09-10,16.454587925221837
2007-09-11,1.5526683968902144
2007-09-12,16.075692721171308
2007-09-13,13.50616357710463
2007-09-14,16.080735637287837
2007-09-15,0.0
2007-09-16,0.0
2007-09-17,4.714610025312644
2007-09-18,0.0
2007-09-19,0.0
2007-09-20,0.0
2007-09-21,0.0
2007-09-22,0.0
2007-09-23,7.025532048196425
2007-09-24,23.90853813819075
2007-09-25,58.702834761641675
2007-09-26,22.939629001180542
2007-09-27,23.424174635430653
2007-09-28,0.0
2007-09-29,0.0
2007-09-30,0.0
2007-10-01,0.0
2007-10-02,0.0
2007-10-03,0.0
2007-10-04,0.0
2007-10-05,0.0
2007-10-06,0.0
2007-10-07,12.888121329812357
2007-10-08,24.703130071215973
2007-10-09,0.11547035879838473
2007-10-10,0.0
2007-10-11,0.0
2007-10-12,14.314493064746221
2007-10-13,0.0
2007-10-14,0.0
2007-10-15,0.0
2007-10-16,0.0
2007-10-17,15.253988975075552
2007-10-18,0.0
2007-10-19,0.0
2007-10-20,10.808966853419731
2007-10-21,14.286908719542893
2007-10-22,14.286908719542893
2007-10-23,0.0
2007-10-24,13.995502038399795
2007-10-25,0.0
2007-10-26,0.0
2007-10-27,0.0
2007-10-28,0.5393656123422101
2007-10-29,11.296621737603894
2007-10-30,0.0
2007-10-31,0.0
2007-11-01,9.094739747848873
2007-11-02,0.0
2007-11-03,0.0
2007-11-04,0.0
2007-11-05,0.0
2007-11-06,0.0
2007-11-07,0.0
2007-11-08,1.4458562019784327
2007-11-09,0.0
2007-11-10,0.0
2007-11-11,1.4348556173167646
2007-11-12,0.0
2007-11-13,0.0
2007-11-14,0.0
2007-11-15,0.0
2007-11-16,0.0
2007-11-17,0.0
2007-11-18,0.0
2007-11-19,0.0
2007-11-20,0.0
2007-11-21,0.0
2007-11-22,0.0
2007-11-23,1.6703144507659982
2007-11-24,0.0
2007-11-25,0.0
2007-11-26,0.0
2007-11-27,0.0
2007-11-28,1.8484849677514779
2007-11-29,0.0
2007-11-30,0.0
2007-12-01,0.0
2007-12-02,0.0
2007-12-03,0.0
2007-12-04,0.0
2007-12-05,0.0
2007-12-06,0.0
2007-12-07,0.0
2007-12-08,0.0
2007-12-09,0.0
2007-12-10,0.0
2007-12-11,0.0
2007-12-12,0.0
2007-12-13,0.0
2007-12-14,0.0
2007-12-15,3.2054370507969474
2007-12-16,0.0
2007-12-17,0.0
2007-12-18,0.0
2007-12-19,0.0
2007-12-20,0.0
2007-12-21,0.0
2007-12-22,0.0
2007-12-23,0.0
2007-12-24,0.0
2007-12-25,0.0
2007-12-26,0.0
2007-12-27,0.0
2007-12-28,0.0
2007-12-29,0.0
2007-12-30,0.0
2007-12-31,5.155771955210865
2008-01-01,5.712793066153917
2008-01-02,0.0
2008-01-03,2.3153954875282996
2008-01-04,0.0
2008-01-05,0.0
2008-01-06,0.0
2008-01-07,0.0
2008-01-08,0.0
2008-01-09,0.0
2008-01-10,0.0
2008-01-11,0.0
2008-01-12,0.0
2008-01-13,0.0
2008-01-14,0.0
2008-01-15,4.394926201786202
2008-01-16,0.0
2008-01-17,0.0
2008-01-18,0.0418162672207639
2008-01-19,0.0
2008-01-20,0.0
2008-01-21,1.2242750083184404
2008-01-22,0.0
2008-01-23,0.0
2008-01-24,0.0
2008-01-25,0.0
2008-01-26,0.0
2008-01-27,0.0
2008-01-28,0.0
2008-01-29,0.0
2008-01-30,0.0
2008-01-31,0.0
2008-02-01,0.9501591649711295
2008-02-02,0.0
2008-02-03,0.0
2008-02-04,0.0
2008-02-05,0.0
2008-02-06,0.0
2008-02-07,12.637940166590493
2008-02-08,0.9107327381173069
2008-02-09,0.0
2008-02-10,0.0
2008-02-11,5.463953575034813
2008-02-12,0.0
2008-02-13,2.312427242487415
2008-02-14,0.0
2008-02-15,0.0
2008-02-16,0.0
2008-02-17,0.0
2008-02-18,0.0
2008-02-19,3.9828755922713017
2008-02-20,0.0
2008-02-21,0.0
2008-02-22,0.0
2008-02-23,0.0
2008-02-24,0.0
2008-02-25,0.0
2008-02-26,0.0
2008-02-27,0.0
2008-02-28,0.0
2008-02-29,0.0
2008-03-01,0.0
2008-03-02,0.0
2008-03-03,0.0
2008-03-04,0.0
2008-03-05,0.0
2008-03-06,0.0
2008-03-07,0.04129836328377935
2008-03-08,0.0
2008-03-09,0.0
2008-03-10,0.0
2008-03-11,0.0
2008-03-12,0.0
2008-03-13,0.0
2008-03-14,0.0
2008-03-15,0.0
2008-03-16,0.0
2008-03-17,0.0
2008-03-18,0.0
2008-03-19,0.0
2008-03-20,12.054754316997526
2008-03-21,1.3033451127850377
2008-03-22,0.0
2008-03-23,1.5686669868158878
2008-03-24,0.0
2008-03-25,0.0
2008-03-26,0.0
2008-03-27,0.0
2008-03-28,2.052990471467325
2008-03-29,1.1736476325423753
2008-03-30,0.0
2008-03-31,0.0
2008-04-01,0.0
2008-04-02,0.0
2008-04-03,0.0
2008-04-04,0.0
2008-04-05,0.0
2008-04-06,0.0
2008-04-07,0.0
2008-04-08,0.0
2008-04-09,0.0
2008-04-10,0.0
2008-04-11,0.0
2008-04-12,0.0
2008-04-13,1.816794810041148
2008-04-14,0.0
2008-04-15,0.0
2008-04-16,0.0
2008-04-17,0.0
2008-04-18,0.0
2008-04-19,0.0
2008-04-20,0.0
2008-04-21,0.0
2008-04-22,0.0
2008-04-23,0.0
2008-04-24,0.0
2008-04-25,0.0
2008-04-26,0.0
2008-04-27,0.0
2008-04-28,0.0
2008-04-29,5.691808302736447
2008-04-30,0.0
2008-05-01,0.0
2008-05-02,0.0
2008-05-03,0.0
2008-05-04,0.0
2008-05-05,0.0
2008-05-06,0.0
2008-05-07,0.0
2008-05-08,0.0
2008-05-09,0.0
2008-05-10,0.0
2008-05-11,0.0
2008-05-12,0.0
2008-05-13,0.0
2008-05-14,0.0
2008-05-15,0.0
2008-05-16,0.0
2008-05-17,0.0
2008-05-18,0.0
2008-05-19,0.0
2008-05-20,8.64176784350166
2008-05-21,0.0
2008-05-22,0.0
2008-05-23,5.259281008807747
2008-05-24,0.0
2008-05-25,7.555213473865416
2008-05-26,0.0
2008-05-27,0.0
2008-05-28,0.0
2008-05-29,3.1527439696712567
2008-05-30,10.42085315221632
2008-05-31,4.617886160299494
2008-06-01,0.13790050231394074
2008-06-02,0.0
2008-06-03,0.0
2008-06-04,18.081846939800936
2008-06-05,3.7056485708685263
2008-06-06,11.271181969083214
2008-06-07,6.364579912155513
2008-06-08,0.0
2008-06-09,0.0
2008-06-10,36.08911529208408
2008-06-11,0.0
2008-06-12,0.15978790177813396
2008-06-13,18.971828425704455
2008-06-14,0.0
2008-06-15,11.410601923282398
2008-06-16,0.0
2008-06-17,0.0
2008-06-18,0.055801311048518515
2008-06-19,5.190846132778137
2008-06-20,5.190846132778137
2008-06-21,8.745226408136551
2008-06-22,0.0
2008-06-23,5.375878969329738
2008-06-24,2.2062032291637887
2008-06-25,4.3726132040682755
2008-06-26,28.181865441112887
2008-06-27,12.715911728693033
2008-06-28,0.0
2008-06-29,3.0773262127502594
2008-06-30,1.50456479856981
2008-07-01,0.0
2008-07-02,5.845878134721644
2008-07-03,0.0
2008-07-04,0.0
2008-07-05,0.0
2008-07-06,9.744216979012629
2008-07-07,2.586996516577702
2008-07-08,3.627401027677027
2008-07-09,3.627401027677027
2008-07-10,2.011815146960577
2008-07-11,0.0
2008-07-12,8.118230569582835
2008-07-13,8.118230569582835
2008-07-14,8.118230569582835
2008-07-15,0.0
2008-07-16,0.0
2008-07-17,0.0
2008-07-18,0.0
2008-07-19,1.2738077645745531
2008-07-20,0.0932307284137344
2008-07-21,15.580899300255135
2008-07-22,10.518441474517404
2008-07-23,10.518441474517404
2008-07-24,0.0
2008-07-25,0.0
2008-07-26,1.4605701187470264
2008-07-27,1.593646818258363
2008-07-28,6.0799452749619185
2008-07-29,0.2078188628565429
2008-07-30,0.0
2008-07-31,0.0
2008-08-01,0.0
2008-08-02,0.0
2008-08-03,0.0
2008-08-04,0.0
2008-08-05,7.192980788821628
2008-08-06,4.734199693280546
2008-08-07,9.377213939259082
2008-08-08,9.468399386561092
2008-08-09,2.2484804743600693
2008-08-10,9.468399386561092
2008-08-11,0.0
2008-08-12,0.0
2008-08-13,0.0
2008-08-14,0.0
2008-08-15,0.0
2008-08-16,0.0
2008-08-17,0.0
2008-08-18,0.0
2008-08-19,0.0
2008-08-20,0.0
2008-08-21,0.0
2008-08-22,0.0
2008-08-23,0.0
2008-08-24,0.0
2008-08-25,0.8711230476119425
2008-08-26,0.0
2008-08-27,1.4831884090042995
2008-08-28,4.199220426733063
2008-08-29,0.0
2008-08-30,0.0
2008-08-31,0.0
2008-09-01,0.0
2008-09-02,36.837960453793066
2008-09-03,0.0
2008-09-04,0.0
2008-09-05,0.0
2008-09-06,0.0
2008-09-07,7.877704761162971
2008-09-08,0.0
2008-09-09,0.0
2008-09-10,0.0
2008-09-11,0.0
2008-09-12,0.04619867483351811
2008-09-13,3.0013657189917198
2008-09-14,0.0
2008-09-15,0.0
2008-09-16,26.33427436722741
2008-09-17,0.0
2008-09-18,0.0
2008-09-19,0.0
2008-09-20,0.0
2008-09-21,0.0
2008-09-22,32.62713589012761
2008-09-23,10.760178838064576
2008-09-24,5.046787771628586
2008-09-25,5.228222190746469
2008-09-26,4.666601910509697
2008-09-27,52.35048975462738
2008-09-28,0.0
2008-09-29,0.0
2008-09-30,0.0
2008-10-01,0.0
2008-10-02,0.0
2008-10-03,0.0
2008-10-04,0.0
2008-10-05,0.0
2008-10-06,4.606688302373707
2008-10-07,0.0
2008-10-08,0.0
2008-10-09,0.0
2008-10-10,0.0
2008-10-11,0.0
2008-10-12,3.909364159167713
2008-10-13,0.0
2008-10-14,8.825520020702383
2008-10-15,26.47656015755617
2008-10-16,9.171385672557518
2008-10-17,0.0
2008-10-18,0.0
2008-10-19,0.0
2008-10-20,0.0
2008-10-21,0.0
2008-10-22,0.0
2008-10-23,0.0
2008-10-24,0.0
2008-10-25,0.0
2008-10-26,0.0
2008-10-27,0.0
2008-10-28,0.0
2008-10-29,0.0
2008-10-30,0.0
2008-10-31,0.0
2008-11-01,3.610855181430286
2008-11-02,0.0
2008-11-03,0.0
2008-11-04,0.0
2008-11-05,0.0
2008-11-06,0.0
2008-11-07,0.0
2008-11-08,0.0
2008-11-09,0.0
2008-11-10,0.0
2008-11-11,0.0
2008-11-12,0.0
2008-11-13,0.0
2008-11-14,0.0
2008-11-15,0.0
2008-11-16,0.0
2008-11-17,1.8600853650405176
2008-11-18,0.0
2008-11-19,0.0
2008-11-20,0.0
2008-11-21,0.0
2008-11-22,0.0
2008-11-23,0.0
2008-11-24,0.0
2008-11-25,0.0
2008-11-26,0.0
2008-11-27,0.0
2008-11-28,0.0
2008-11-29,0.0
2008-11-30,1.5510775123421912
2008-12-01,0.0
2008-12-02,0.0
2008-12-03,0.0
2008-12-04,0.0
2008-12-05,0.0
2008-12-06,0.0
2008-12-07,0.05570156539577618
2008-12-08,0.0
2008-12-09,0.0
2008-12-10,0.0
2008-12-11,0.0
2008-12-12,0.0
2008-12-13,1.0485051842132864
2008-12-14,0.0
2008-12-15,0.0
2008-12-16,0.0
2008-12-17,0.0
2008-12-18,0.0
2008-12-19,0.0
2008-12-20,0.0
2008-12-21,0.0
2008-12-22,0.0
2008-12-23,0.0
2008-12-24,1.182713885945301
2008-12-25,0.0
2008-12-26,0.0
2008-12-27,0.0
2008-12-28,0.0
2008-12-29,4.39340585227536
2008-12-30,0.0
2008-12-31,0.0
2009-01-01,0.0
2009-01-02,0.0
2009-01-03,0.0
2009-01-04,0.0
2009-01-05,0.0
2009-01-06,0.0
2009-01-07,0.0
2009-01-08,0.0
2009-01-09,0.0
2009-01-10,0.0
2009-01-11,6.000692841399591
2009-01-12,5.746155988753488
2009-01-13,0.0
2009-01-14,0.0
2009-01-15,0.0
2009-01-16,0.0
2009-01-17,0.0
2009-01-18,0.0
2009-01-19,0.0
2009-01-20,0.0
2009-01-21,0.0
2009-01-22,0.0
2009-01-23,0.0
2009-01-24,0.0
2009-01-25,0.0
2009-01-26,0.0
2009-01-27,0.0
2009-01-28,0.0
2009-01-29,0.0
2009-01-30,0.0
2009-01-31,0.0
2009-02-01,0.0
2009-02-02,0.0
2009-02-03,0.0
2009-02-04,0.0
2009-02-05,0.0
2009-02-06,0.0
2009-02-07,0.0
2009-02-08,0.0
2009-02-09,0.0
2009-02-10,0.0
2009-02-11,0.0
2009-02-12,0.0
2009-02-13,0.0
2009-02-14,0.0
2009-02-15,0.0
2009-02-16,0.0
2009-02-17,0.0
2009-02-18,0.0
2009-02-19,0.0
2009-02-20,3.1127538196382565
2009-02-21,0.0
2009-02-22,0.0
2009-02-23,3.728243704777012
2009-02-24,0.0
2009-02-25,0.0
2009-02-26,0.0
2009-02-27,0.0
2009-02-28,0.0
2009-03-01,0.0
2009-03-02,0.0
2009-03-03,0.0
2009-03-04,0.0
2009-03-05,0.0
2009-03-06,0.0
2009-03-07,0.0
2009-03-08,0.0
2009-03-09,0.0
2009-03-10,0.0
2009-03-11,0.0
2009-03-12,0.0
2009-03-13,0.0
2009-03-14,0.0
2009-03-15,0.0
2009-03-16,0.0
2009-03-17,0.0
2009-03-18,0.0
2009-03-19,0.0
2009-03-20,0.0
2009-03-21,1.6531349488568883
2009-03-22,0.0
2009-03-23,0.0
2009-03-24,0.0
2009-03-25,0.0
2009-03-26,0.0
2009-03-27,0.0
2009-03-28,0.0
2009-03-29,1.1220019113253432
2009-03-30,0.0
2009-03-31,0.0
2009-04-01,0.0
2009-04-02,0.0
2009-04-03,0.0
2009-04-04,0.0
2009-04-05,0.0
2009-04-06,0.0
2009-04-07,0.0
2009-04-08,0.0
2009-04-09,0.0
2009-04-10,0.0
2009-04-11,0.0
2009-04-12,0.0
2009-04-13,0.0
2009-04-14,0.0
2009-04-15,0.0
2009-04-16,0.0
2009-04-17,0.0
2009-04-18,0.0
2009-04-19,0.0
2009-04-20,4.427618727123383
2009-04-21,0.0
2009-04-22,0.0
2009-04-23,0.0
2009-04-24,0.0
2009-04-25,0.0
2009-04-26,0.0
2009-04-27,0.0
2009-04-28,0.0
2009-04-29,0.0
2009-04-30,0.0
2009-05-01,0.0
2009-05-02,0.0
2009-05-03,0.0
2009-05-04,1.4013296833503037
2009-05-05,0.0
2009-05-06,0.0
2009-05-07,0.0
2009-05-08,2.4324652228077275
2009-05-09,0.0
2009-05-10,0.0
2009-05-11,0.0
2009-05-12,0.0
2009-05-13,0.0
2009-05-14,0.0
2009-05-15,0.0
2009-05-16,0.0
2009-05-17,0.0
2009-05-18,1.1798873704124024
2009-05-19,0.0
2009-05-20,0.0
2009-05-21,0.0
2009-05-22,0.0
2009-05-23,0.0
2009-05-24,0.0
2009-05-25,0.0
2009-05-26,0.0
2009-05-27,0.0
2009-05-28,0.0
2009-05-29,0.0
2009-05-30,0.0
2009-05-31,3.6761856977089726
2009-06-01,5.5598536239008585
2009-06-02,10.890199561605995
2009-06-03,3.3905635840145805
2009-06-04,0.0
2009-06-05,0.0
2009-06-06,0.0
2009-06-07,0.0
2009-06-08,0.0
2009-06-09,0.0
2009-06-10,0.0
2009-06-11,0.0
2009-06-12,0.0
2009-06-13,0.0
2009-06-14,0.0
2009-06-15,0.0
2009-06-16,13.722142410804064
2009-06-17,5.794486586367663
2009-06-18,0.0
2009-06-19,0.0
2009-06-20,5.4624994839377985
2009-06-21,18.589891242999073
2009-06-22,0.0
2009-06-23,0.12889707692391675
2009-06-24,0.0
2009-06-25,0.0
2009-06-26,0.0
2009-06-27,4.023522527076687
2009-06-28,3.950375857403218
2009-06-29,4.023522527076687
2009-06-30,0.8291119162854982
2009-07-01,23.07557872649786
2009-07-02,0.0
2009-07-03,15.497551209096521
2009-07-04,7.691859228530997
2009-07-05,7.691859228530997
2009-07-06,0.0
2009-07-07,0.0
2009-07-08,0.0
2009-07-09,12.598633852256697
2009-07-10,0.0
2009-07-11,4.108502881878878
2009-07-12,4.108502881878878
2009-07-13,5.581359843354495
2009-07-14,1.6884290338170627
2009-07-15,4.108502881878878
2009-07-16,0.0
2009-07-17,0.0
2009-07-18,0.0
2009-07-19,0.0
2009-07-20,2.247915184097863
2009-07-21,0.0
2009-07-22,0.0
2009-07-23,0.0
2009-07-24,0.04887585894816676
2009-07-25,4.9244382502072375
2009-07-26,4.647545356667097
2009-07-27,1.5771712382755338
2009-07-28,0.0
2009-07-29,1.5481710627071226
2009-07-30,0.37074670978807556
2009-07-31,0.0
2009-08-01,0.0
2009-08-02,0.0
2009-08-03,5.972492972522528
2009-08-04,0.0
2009-08-05,3.0445430555546973
2009-08-06,4.625454076285282
2009-08-07,4.625454076285282
2009-08-08,9.045670728834848
2009-08-09,0.0
2009-08-10,0.0
2009-08-11,0.0
2009-08-12,0.0
2009-08-13,0.6200201322237499
2009-08-14,0.0
2009-08-15,0.0
2009-08-16,3.232404726764659
2009-08-17,2.6023873929322052
2009-08-18,2.7863407062644976
2009-08-19,14.37293325571703
2009-08-20,0.0
2009-08-21,0.0
2009-08-22,0.0
2009-08-23,4.05452473076057
2009-08-24,0.33542050134809714
2009-08-25,20.405341355046684
2009-08-26,0.0
2009-08-27,0.0
2009-08-28,0.0
2009-08-29,0.0
2009-08-30,0.0
2009-08-31,0.0
2009-09-01,0.0
2009-09-02,0.0
2009-09-03,0.0
2009-09-04,0.0
2009-09-05,0.0
2009-09-06,0.0
2009-09-07,0.0
2009-09-08,0.0
2009-09-09,0.0
2009-09-10,0.0
2009-09-11,0.0
2009-09-12,8.046909334632158
2009-09-13,12.208006357529534
2009-09-14,40.1854698063435
2009-09-15,7.856915778867218
2009-09-16,0.0
2009-09-17,0.0
2009-09-18,0.0
2009-09-19,0.0
2009-09-20,0.0
2009-09-21,2.4954147784235494
2009-09-22,5.615326234944827
2009-09-23,0.0
2009-09-24,0.0
2009-09-25,5.933859069080807
2009-09-26,5.241251758872999
2009-09-27,0.0
2009-09-28,0.0
2009-09-29,0.0
2009-09-30,0.0
2009-10-01,0.0
2009-10-02,0.0
2009-10-03,0.0
2009-10-04,0.0
2009-10-05,0.0
2009-10-06,0.0
2009-10-07,0.0
2009-10-08,0.0
2009-10-09,0.0
2009-10-10,0.0
2009-10-11,15.016015730848991
2009-10-12,0.0
2009-10-13,0.0
2009-10-14,0.0
2009-10-15,0.0
2009-10-16,0.0
2009-10-17,0.09977507702287483
2009-10-18,0.0
2009-10-19,0.0
2009-10-20,0.0
2009-10-21,0.0
2009-10-22,0.0
2009-10-23,0.005040165136413603
2009-10-24,5.101987231318969
2009-10-25,0.0
2009-10-26,0.0
2009-10-27,0.0
2009-10-28,0.0030666575573682895
2009-10-29,0.0
2009-10-30,0.0
2009-10-31,0.0864555051419436
2009-11-01,0.5028142192738932
2009-11-02,0.27087606367146194
2009-11-03,0.0
2009-11-04,0.0
2009-11-05,11.857170188011137
2009-11-06,35.10267254946912
2009-11-07,0.0
2009-11-08,12.261332958252138
2009-11-09,0.0
2009-11-10,0.0
2009-11-11,0.0
2009-11-12,0.0
2009-11-13,0.0
2009-11-14,0.0
2009-11-15,0.0
2009-11-16,0.0
2009-11-17,0.0
2009-11-18,0.0
2009-11-19,0.0
2009-11-20,0.0
2009-11-21,0.0
2009-11-22,0.0
2009-11-23,0.0
2009-11-24,0.0
2009-11-25,0.0
2009-11-26,0.0
2009-11-27,0.0
2009-11-28,0.0
2009-11-29,0.0
2009-11-30,0.0
2009-12-01,0.0
2009-12-02,0.0
2009-12-03,0.0
2009-12-04,0.0
2009-12-05,0.0
2009-12-06,0.0
2009-12-07,0.0
2009-12-08,0.0
2009-12-09,0.0
2009-12-10,0.0
2009-12-11,0.058544595042958905
2009-12-12,0.0
2009-12-13,0.0
2009-12-14,0.0
2009-12-15,0.0
2009-12-16,0.0
2009-12-17,24.087787636120364
2009-12-18,0.6224139431139832
2009-12-19,0.0
2009-12-20,0.0
2009-12-21,2.2820017256143195
2009-12-22,0.0
2009-12-23,0.0
2009-12-24,0.0
2009-12-25,0.0
2009-12-26,0.0
2009-12-27,0.0
2009-12-28,0.0
2009-12-29,0.0
2009-12-30,0.002097979934368962
2009-12-31,0.0
2010-01-01,0.0
2010-01-02,0.0
2010-01-03,0.0
2010-01-04,0.0
2010-01-05,0.0
2010-01-06,0.0
2010-01-07,0.0
2010-01-08,6.2690454925741586
2010-01-09,1.5388472688533092
2010-01-10,0.0
2010-01-11,0.0
2010-01-12,0.0
2010-01-13,0.0
2010-01-14,0.0
2010-01-15,0.0
2010-01-16,0.0
2010-01-17,0.0
2010-01-18,0.0
2010-01-19,0.0
2010-01-20,0.0
2010-01-21,0.0
2010-01-22,0.0
2010-01-23,0.0
2010-01-24,0.0
2010-01-25,0.0
2010-01-26,0.0
2010-01-27,0.0
2010-01-28,0.0
2010-01-29,0.0
2010-01-30,0.0
2010-01-31,1.0422006280341463
2010-02-01,0.0
2010-02-02,0.0
2010-02-03,0.0
2010-02-04,0.0
2010-02-05,3.2781742162752505
2010-02-06,0.0
2010-02-07,0.0
2010-02-08,0.0
2010-02-09,0.0
2010-02-10,0.0
2010-02-11,0.0
2010-02-12,0.0
2010-02-13,0.10979925993560512
2010-02-14,0.0
2010-02-15,0.0
2010-02-16,0.0
2010-02-17,0.5475141086139649
2010-02-18,0.0
2010-02-19,9.805077980850541
2010-02-20,0.0
2010-02-21,0.0
2010-02-22,0.0
2010-02-23,0.0
2010-02-24,0.0
2010-02-25,0.0
2010-02-26,0.0
2010-02-27,0.0
2010-02-28,0.0
2010-03-01,0.0
2010-03-02,0.0
2010-03-03,0.0
2010-03-04,0.0
2010-03-05,0.0
2010-03-06,0.0
2010-03-07,1.0624597266203584
2010-03-08,0.07916999107205897
2010-03-09,0.0
2010-03-10,0.0
2010-03-11,0.0
2010-03-12,0.0
2010-03-13,0.0
2010-03-14,0.0
2010-03-15,0.0
2010-03-16,0.0
2010-03-17,2.892498423405609
2010-03-18,0.0
2010-03-19,0.0
2010-03-20,0.0
2010-03-21,0.0
2010-03-22,0.0
2010-03-23,0.0
2010-03-24,0.0
2010-03-25,0.0
2010-03-26,0.0
2010-03-27,0.0
2010-03-28,0.0
2010-03-29,0.3488118804778088
2010-03-30,0.0
2010-03-31,0.0
2010-04-01,0.0
2010-04-02,0.0
2010-04-03,0.0
2010-04-04,0.0
2010-04-05,0.019352235242040335
2010-04-06,0.0
2010-04-07,0.0
2010-04-08,0.0
2010-04-09,0.0
2010-04-10,0.0
2010-04-11,0.0
2010-04-12,0.0
2010-04-13,0.0
2010-04-14,0.0
2010-04-15,0.0
2010-04-16,7.830912671546778
2010-04-17,7.830912671546778
2010-04-18,0.0
2010-04-19,0.0
2010-04-20,0.0
2010-04-21,0.0
2010-04-22,0.0
2010-04-23,0.0
2010-04-24,0.0
2010-04-25,0.0
2010-04-26,0.0
2010-04-27,0.0
2010-04-28,1.0940612280916069
2010-04-29,0.0
2010-04-30,0.0
2010-05-01,0.0
2010-05-02,2.2460735479099303
2010-05-03,0.0
2010-05-04,0.0
2010-05-05,0.7332804101586767
2010-05-06,1.0769492975263446
2010-05-07,0.0
2010-05-08,0.0
2010-05-09,0.0
2010-05-10,0.0
2010-05-11,0.0
2010-05-12,0.0
2010-05-13,0.0
2010-05-14,0.0
2010-05-15,3.6814162493454576
2010-05-16,18.93764738185556
2010-05-17,0.0
2010-05-18,0.0
2010-05-19,38.04771888698345
2010-05-20,0.0
2010-05-21,0.0
2010-05-22,2.200559042397702
2010-05-23,1.565782605583849
2010-05-24,0.0
2010-05-25,0.0
2010-05-26,0.0
2010-05-27,0.0
2010-05-28,0.0
2010-05-29,0.0
2010-05-30,1.7323049864675162
2010-05-31,0.0
2010-06-01,0.0
2010-06-02,0.0
2010-06-03,0.0
2010-06-04,0.0
2010-06-05,5.811728446311313
2010-06-06,5.343639678149549
2010-06-07,0.0
2010-06-08,0.0
2010-06-09,0.0
2010-06-10,1.90902556424071
2010-06-11,0.0
2010-06-12,2.8785442708997473
2010-06-13,2.9394075409736016
2010-06-14,5.9132154581985885
2010-06-15,13.09406382302664
2010-06-16,5.207201954288347
2010-06-17,2.62481455421756
2010-06-18,0.0
2010-06-19,0.0
2010-06-20,0.0
2010-06-21,0.0
2010-06-22,0.0
2010-06-23,5.008329386123893
2010-06-24,3.2444493600036006
2010-06-25,2.749473358301202
2010-06-26,12.756629690706843
2010-06-27,9.411718668081246
2010-06-28,26.947233646589694
2010-06-29,30.380104278621506
2010-06-30,9.348642811894411
2010-07-01,3.563647432396465
2010-07-02,0.0
2010-07-03,0.0
2010-07-04,0.0
2010-07-05,7.12729486479293
2010-07-06,14.589144080883901
2010-07-07,21.704170591503438
2010-07-08,21.704170591503438
2010-07-09,7.234723933064932
2010-07-10,7.234723933064932
2010-07-11,6.614403999173186
2010-07-12,0.0
2010-07-13,6.614403999173186
2010-07-14,0.0
2010-07-15,0.0
2010-07-16,2.5280827089086166
2010-07-17,10.771841434404674
2010-07-18,11.863343895597723
2010-07-19,0.0
2010-07-20,10.771841434404674
2010-07-21,11.240375425464856
2010-07-22,5.620187712732428
2010-07-23,11.240375425464856
2010-07-24,0.0
2010-07-25,0.16353053194267256
2010-07-26,0.0
2010-07-27,0.0
2010-07-28,0.0
2010-07-29,0.0
2010-07-30,5.8327855002391775
2010-07-31,0.0
2010-08-01,0.7796992979299557
2010-08-02,7.324355073321575
2010-08-03,0.0
2010-08-04,0.0
2010-08-05,0.0
2010-08-06,0.0
2010-08-07,7.289026139425554
2010-08-08,0.0
2010-08-09,0.0
2010-08-10,0.0
2010-08-11,0.0
2010-08-12,0.0
2010-08-13,0.0
2010-08-14,0.0
2010-08-15,2.807737785105855
2010-08-16,25.412500740604564
2010-08-17,25.57548278401538
2010-08-18,0.0
2010-08-19,25.412500740604564
2010-08-20,21.55806004976518
2010-08-21,0.0
2010-08-22,0.0
2010-08-23,0.0
2010-08-24,5.267102466617457
2010-08-25,10.534204933234914
2010-08-26,8.212918225838816
2010-08-27,4.106459112919408
2010-08-28,5.125593906564902
2010-08-29,5.853524470153283
2010-08-30,7.147290095778973
2010-08-31,4.106459112919408
2010-09-01,8.422302027458404
2010-09-02,0.2899362377177263
2010-09-03,23.635601545208836
2010-09-04,11.817800772604418
2010-09-05,23.756995199328156
2010-09-06,0.0
2010-09-07,0.0
2010-09-08,0.0
2010-09-09,21.60312584024137
2010-09-10,0.0
2010-09-11,0.0
2010-09-12,0.0
2010-09-13,0.0
2010-09-14,6.045501689027404
2010-09-15,11.940781272500466
2010-09-16,9.01920053147093
2010-09-17,27.041206144007717
2010-09-18,0.0
2010-09-19,10.76895954468191
2010-09-20,0.0
2010-09-21,7.173117636788257
2010-09-22,0.0
2010-09-23,0.0
2010-09-24,14.885972988770545
2010-09-25,14.885972988770545
2010-09-26,19.659878694304485
2010-09-27,0.0
2010-09-28,0.0
2010-09-29,0.0
2010-09-30,0.0
2010-10-01,0.0
2010-10-02,0.0
2010-10-03,0.0
2010-10-04,0.0
2010-10-05,0.0
2010-10-06,0.0
2010-10-07,0.0
2010-10-08,0.0
2010-10-09,0.0
2010-10-10,0.0
2010-10-11,0.0
2010-10-12,0.0
2010-10-13,0.0
2010-10-14,0.0
2010-10-15,0.0
2010-10-16,0.0
2010-10-17,0.0
2010-10-18,0.0
2010-10-19,0.0
2010-10-20,0.0
2010-10-21,0.0
2010-10-22,0.0
2010-10-23,0.0
2010-10-24,0.0
2010-10-25,33.99939050533333
2010-10-26,0.0
2010-10-27,20.345457897180843
2010-10-28,0.0
2010-10-29,0.0
2010-10-30,0.0
2010-10-31,0.0
2010-11-01,0.0
2010-11-02,0.0
2010-11-03,0.9941593284741088
2010-11-04,0.0
2010-11-05,5.23643957318807
2010-11-06,0.0
2010-11-07,0.0
2010-11-08,0.0
2010-11-09,0.0
2010-11-10,0.0
2010-11-11,0.0
2010-11-12,0.0
2010-11-13,0.0
2010-11-14,0.0
2010-11-15,0.0
2010-11-16,0.0
2010-11-17,0.0
2010-11-18,2.6479617150697097
2010-11-19,0.0
2010-11-20,0.0
2010-11-21,0.0
2010-11-22,0.0
2010-11-23,0.0
2010-11-24,0.0
2010-11-25,0.0
2010-11-26,0.0
2010-11-27,0.0
2010-11-28,0.0
2010-11-29,0.0
2010-11-30,0.0
2010-12-01,3.8956735531980056
2010-12-02,0.0
2010-12-03,0.0
2010-12-04,0.0
2010-12-05,0.0
2010-12-06,0.0
2010-12-07,0.0
2010-12-08,0.0
2010-12-09,0.0
2010-12-10,0.0
2010-12-11,0.0
2010-12-12,0.0
2010-12-13,0.0
2010-12-14,0.0
2010-12-15,0.0
2010-12-16,0.0
2010-12-17,0.0
2010-12-18,0.0
2010-12-19,0.0
2010-12-20,0.0
2010-12-21,0.0
2010-12-22,0.0
2010-12-23,0.0
2010-12-24,0.0
2010-12-25,0.004315319628715968
2010-12-26,1.8086723438616212
2010-12-27,1.8842760592522483
2010-12-28,0.0
2010-12-29,0.0
2010-12-30,0.0
2010-12-31,0.0
2011-01-01,0.0
2011-01-02,0.0
2011-01-03,0.0
2011-01-04,0.0
2011-01-05,0.0
2011-01-06,0.0
2011-01-07,0.0
2011-01-08,0.0
2011-01-09,0.0
2011-01-10,0.0
2011-01-11,0.0
2011-01-12,13.244588387434359
2011-01-13,0.0
2011-01-14,0.0
2011-01-15,0.0
2011-01-16,0.0
2011-01-17,0.0
2011-01-18,0.0
2011-01-19,0.0
2011-01-20,0.0
2011-01-21,0.0
2011-01-22,0.0
2011-01-23,0.0
2011-01-24,0.0
2011-01-25,0.0
2011-01-26,0.0
2011-01-27,0.0
2011-01-28,0.0
2011-01-29,0.0
2011-01-30,0.0
2011-01-31,0.0
2011-02-01,0.0
2011-02-02,0.0
2011-02-03,0.0
2011-02-04,2.4458120232038127
2011-02-05,2.6083501237421407
2011-02-06,0.06504545464691083
2011-02-07,0.0
2011-02-08,0.0
2011-02-09,0.0
2011-02-10,3.0526831037428708
2011-02-11,0.0
2011-02-12,2.9663592646663814
2011-02-13,0.0
2011-02-14,0.0
2011-02-15,0.0
2011-02-16,0.0
2011-02-17,0.0
2011-02-18,0.0
2011-02-19,0.0
2011-02-20,0.0
2011-02-21,0.0
2011-02-22,0.0
2011-02-23,0.0
2011-02-24,0.0
2011-02-25,0.0
2011-02-26,0.0
2011-02-27,0.0
2011-02-28,0.0
2011-03-01,0.0
2011-03-02,0.0
2011-03-03,0.036226847633845496
2011-03-04,0.0
2011-03-05,0.0
2011-03-06,6.979775304195757
2011-03-07,0.0
2011-03-08,0.0
2011-03-09,0.0
2011-03-10,3.9466033381465184
2011-03-11,0.0
2011-03-12,0.0
2011-03-13,0.0
2011-03-14,0.0
2011-03-15,0.0
2011-03-16,0.6366311428842485
2011-03-17,0.0
2011-03-18,0.0
2011-03-19,0.0
2011-03-20,0.0
2011-03-21,0.0
2011-03-22,0.0
2011-03-23,0.0
2011-03-24,0.0
2011-03-25,0.0
2011-03-26,0.0
2011-03-27,0.0
2011-03-28,0.0
2011-03-29,0.0
2011-03-30,0.0
2011-03-31,0.0
2011-04-01,0.0
2011-04-02,0.0
2011-04-03,0.0
2011-04-04,0.0
2011-04-05,0.0
2011-04-06,0.0
2011-04-07,0.0
2011-04-08,0.0
2011-04-09,0.0
2011-04-10,0.0
2011-04-11,0.0
2011-04-12,0.0
2011-04-13,0.0
2011-04-14,0.0
2011-04-15,0.0
2011-04-16,0.0
2011-04-17,0.0
2011-04-18,0.0
2011-04-19,0.0
2011-04-20,0.0
2011-04-21,0.0
2011-04-22,0.0
2011-04-23,0.0
2011-04-24,0.5140617013646106
2011-04-25,0.0
2011-04-26,0.0
2011-04-27,0.0
2011-04-28,0.0
2011-04-29,0.8793209483104335
2011-04-30,0.0
2011-05-01,0.0
2011-05-02,0.0
2011-05-03,0.0
2011-05-04,4.016800011903528
2011-05-05,0.0
2011-05-06,3.9780489793352696
2011-05-07,0.0
2011-05-08,0.0
2011-05-09,0.0
2011-05-10,0.0
2011-05-11,0.0
2011-05-12,0.0
2011-05-13,0.0
2011-05-14,0.0
2011-05-15,0.0
2011-05-16,0.0
2011-05-17,0.0
2011-05-18,0.0
2011-05-19,0.0
2011-05-20,0.0
2011-05-21,0.0
2011-05-22,0.0
2011-05-23,0.0
2011-05-24,0.0
2011-05-25,0.0
2011-05-26,0.0
2011-05-27,0.0
2011-05-28,0.0
2011-05-29,0.0
2011-05-30,0.0
2011-05-31,0.0
2011-06-01,0.0
2011-06-02,0.0
2011-06-03,0.0
2011-06-04,0.0
2011-06-05,0.0
2011-06-06,0.0
2011-06-07,0.0
2011-06-08,0.0
2011-06-09,0.0
2011-06-10,0.0
2011-06-11,0.0
2011-06-12,0.0
2011-06-13,45.59450761050369
2011-06-14,0.0
2011-06-15,0.0
2011-06-16,0.0
2011-06-17,0.0
2011-06-18,0.0
2011-06-19,0.0
2011-06-20,0.09477372537059438
2011-06-21,0.0
2011-06-22,0.0
2011-06-23,0.0
2011-06-24,0.0
2011-06-25,0.0
2011-06-26,0.0
2011-06-27,6.9039070434535255
2011-06-28,30.920643458471993
2011-06-29,27.615628173814102
2011-06-30,0.12250591677276028
2011-07-01,0.0
2011-07-02,0.0
2011-07-03,0.0
2011-07-04,0.0
2011-07-05,3.7511767753383767
2011-07-06,0.0
2011-07-07,0.0
2011-07-08,0.0
2011-07-09,0.32515787266281454
2011-07-10,25.42645182490359
2011-07-11,0.0
2011-07-12,24.9298381308082
2011-07-13,0.0
2011-07-14,0.0
2011-07-15,0.0
2011-07-16,4.398193032026284
2011-07-17,0.0
2011-07-18,4.2569293463384605
2011-07-19,0.0
2011-07-20,4.151784824002354
2011-07-21,4.205017135075522
2011-07-22,0.0
2011-07-23,4.2975725812633705
2011-07-24,4.2975725812633705
2011-07-25,4.2975725812633705
2011-07-26,5.1816481199833495
2011-07-27,5.1816481199833495
2011-07-28,0.147346026105119
2011-07-29,0.0
2011-07-30,10.283889661582938
2011-07-31,5.1816481199833495
2011-08-01,3.5134971420472527
2011-08-02,6.890507635332859
2011-08-03,7.026994284094505
2011-08-04,0.0
2011-08-05,0.0
2011-08-06,0.0
2011-08-07,0.0
2011-08-08,0.04097321527265525
2011-08-09,0.0
2011-08-10,0.0
2011-08-11,0.0
2011-08-12,4.493187607027738
2011-08-13,0.022634869371458963
2011-08-14,2.246593803513869
2011-08-15,0.0
2011-08-16,0.0
2011-08-17,0.0
2011-08-18,0.0
2011-08-19,1.2229016201617668
2011-08-20,1.3431511866639592
2011-08-21,7.10424299115929
2011-08-22,7.10424299115929
2011-08-23,0.0
2011-08-24,7.10424299115929
2011-08-25,0.0
2011-08-26,8.370126488113364
2011-08-27,8.275287364880796
2011-08-28,0.0
2011-08-29,0.0
2011-08-30,24.825862287595022
2011-08-31,8.275287364880796
2011-09-01,9.305892684275905
2011-09-02,18.372587620099726
2011-09-03,29.660276984932775
2011-09-04,18.372587620099726
2011-09-05,0.0
2011-09-06,34.23565284514598
2011-09-07,17.12875633879094
2011-09-08,34.25751267758188
2011-09-09,0.0
2011-09-10,0.0
2011-09-11,6.4305606524542345
2011-09-12,10.620030529254386
2011-09-13,0.0
2011-09-14,0.0
2011-09-15,0.0
2011-09-16,0.0
2011-09-17,0.0
2011-09-18,0.0
2011-09-19,0.0
2011-09-20,0.0
2011-09-21,0.0
2011-09-22,0.0
2011-09-23,0.0
2011-09-24,0.0
2011-09-25,0.0
2011-09-26,7.826193591538664
2011-09-27,0.0
2011-09-28,0.0
2011-09-29,0.0
2011-09-30,0.0
2011-10-01,0.0
2011-10-02,0.0
2011-10-03,0.0
2011-10-04,0.0
2011-10-05,0.0
2011-10-06,0.0
2011-10-07,0.0
2011-10-08,0.0
2011-10-09,0.0
2011-10-10,0.0
2011-10-11,0.0
2011-10-12,12.196813160938872
2011-10-13,24.77778506157376
2011-10-14,0.0
2011-10-15,0.0
2011-10-16,0.26608046691302806
2011-10-17,0.0
2011-10-18,9.74655214474122
2011-10-19,4.429206643166343
2011-10-20,0.0
2011-10-21,0.0
2011-10-22,0.0
2011-10-23,0.0
2011-10-24,0.0
2011-10-25,0.0
2011-10-26,0.0
2011-10-27,0.0
2011-10-28,0.0
2011-10-29,0.0
2011-10-30,0.0
2011-10-31,0.0
2011-11-01,14.355690093539469
2011-11-02,0.0
2011-11-03,0.0
2011-11-04,0.0
2011-11-05,0.0
2011-11-06,0.0
2011-11-07,0.0
2011-11-08,0.0
2011-11-09,0.0
2011-11-10,4.969455514015955
2011-11-11,0.0
2011-11-12,0.0
2011-11-13,0.0
2011-11-14,0.0
2011-11-15,0.0
2011-11-16,0.0
2011-11-17,4.463830418419494
2011-11-18,0.143884213067497
2011-11-19,0.0
2011-11-20,0.0
2011-11-21,0.0
2011-11-22,0.0
2011-11-23,0.0
2011-11-24,0.0
2011-11-25,0.0
2011-11-26,0.0
2011-11-27,6.163744539233006
2011-11-28,0.0
2011-11-29,0.0
2011-11-30,0.0
2011-12-01,0.0
2011-12-02,0.0
2011-12-03,0.0
2011-12-04,0.0
2011-12-05,0.0
2011-12-06,0.0
2011-12-07,0.0
2011-12-08,0.0
2011-12-09,0.0
2011-12-10,0.0
2011-12-11,0.7217543120544812
2011-12-12,0.0
2011-12-13,0.0
2011-12-14,0.0
2011-12-15,0.0
2011-12-16,0.0
2011-12-17,0.0
2011-12-18,0.0
2011-12-19,0.0
2011-12-20,0.0
2011-12-21,0.0
2011-12-22,0.0
2011-12-23,7.470500967845002
2011-12-24,0.0
2011-12-25,0.0
2011-12-26,0.0
2011-12-27,1.7231129422952396
2011-12-28,0.0
2011-12-29,0.0
2011-12-30,0.0
2011-12-31,0.0
2012-01-01,0.0
2012-01-02,0.0
2012-01-03,0.0
2012-01-04,0.0
2012-01-05,0.0
2012-01-06,0.0
2012-01-07,0.0
2012-01-08,0.0
2012-01-09,0.0
2012-01-10,0.0
2012-01-11,0.0
2012-01-12,0.0
2012-01-13,0.0
2012-01-14,0.0
2012-01-15,0.0
2012-01-16,0.0
2012-01-17,0.0
2012-01-18,0.0
2012-01-19,0.0
2012-01-20,0.0
2012-01-21,0.0
2012-01-22,0.0
2012-01-23,0.0
2012-01-24,0.0
2012-01-25,0.0
2012-01-26,5.950131465646697
2012-01-27,11.900262931293394
2012-01-28,0.0
2012-01-29,0.0
2012-01-30,0.0
2012-01-31,0.0
2012-02-01,2.191756710449304
2012-02-02,1.6008938370452568
2012-02-03,1.3532265295710582
2012-02-04,0.0
2012-02-05,0.0
2012-02-06,0.0
2012-02-07,0.0
2012-02-08,3.4098595105638236
2012-02-09,0.0
2012-02-10,0.0
2012-02-11,0.0
2012-02-12,0.0
2012-02-13,0.0
2012-02-14,0.0
2012-02-15,0.0
2012-02-16,0.0
2012-02-17,0.0
2012-02-18,0.0
2012-02-19,0.0
2012-02-20,0.0
2012-02-21,0.0
2012-02-22,0.0
2012-02-23,0.0
2012-02-24,0.0
2012-02-25,0.0
2012-02-26,0.670842097776454
2012-02-27,0.0
2012-02-28,0.0
2012-02-29,0.0
2012-03-01,0.0
2012-03-02,0.0
2012-03-03,0.0
2012-03-04,0.0
2012-03-05,0.0
2012-03-06,0.0
2012-03-07,0.0
2012-03-08,0.0
2012-03-09,0.0
2012-03-10,0.0
2012-03-11,0.0
2012-03-12,0.0
2012-03-13,0.0
2012-03-14,0.0
2012-03-15,0.0
2012-03-16,0.7032216869938362
2012-03-17,0.0
2012-03-18,0.0
2012-03-19,1.9783565423917886
2012-03-20,0.0
2012-03-21,0.0
2012-03-22,0.0
2012-03-23,0.0
2012-03-24,0.0
2012-03-25,0.0
2012-03-26,0.0
2012-03-27,0.0
2012-03-28,0.0
2012-03-29,0.0
2012-03-30,0.0
2012-03-31,0.4989293742360404
2012-04-01,0.0
2012-04-02,0.0
2012-04-03,4.679215569899979
2012-04-04,17.684139510016543
2012-04-05,0.0
2012-04-06,0.0
2012-04-07,0.0
2012-04-08,0.0
2012-04-09,0.0
2012-04-10,0.0
2012-04-11,0.0
2012-04-12,0.0
2012-04-13,0.0
2012-04-14,0.0
2012-04-15,0.0
2012-04-16,0.0
2012-04-17,0.0
2012-04-18,0.0
2012-04-19,0.0
2012-04-20,0.0
2012-04-21,0.0
2012-04-22,0.0
2012-04-23,0.0
2012-04-24,0.0
2012-04-25,0.0
2012-04-26,0.0
2012-04-27,0.0
2012-04-28,0.0
2012-04-29,0.0
2012-04-30,0.0
2012-05-01,0.0
2012-05-02,0.0
2012-05-03,0.0
2012-05-04,0.0
2012-05-05,0.0
2012-05-06,0.0
2012-05-07,0.0
2012-05-08,0.0
2012-05-09,0.0
2012-05-10,0.0
2012-05-11,0.0
2012-05-12,0.0
2012-05-13,5.422181810651505
2012-05-14,16.102424604661667
2012-05-15,0.0
2012-05-16,0.0
2012-05-17,0.0
2012-05-18,0.0
2012-05-19,0.0
2012-05-20,0.9145357946975939
2012-05-21,1.3807345971564728
2012-05-22,0.0
2012-05-23,0.0
2012-05-24,0.0
2012-05-25,0.0
2012-05-26,0.0
2012-05-27,13.496597183093263
2012-05-28,0.0
2012-05-29,0.0
2012-05-30,0.0
2012-05-31,1.2638156611108968
2012-06-01,0.0
2012-06-02,0.0
2012-06-03,7.182441974386452
2012-06-04,3.220947178417115
2012-06-05,3.220947178417115
2012-06-06,0.16933836479345338
2012-06-07,0.07657743150681871
2012-06-08,0.0
2012-06-09,10.093363785681008
2012-06-10,0.0
2012-06-11,0.0
2012-06-12,0.0
2012-06-13,2.967942447847872
2012-06-14,0.0
2012-06-15,4.193339626315399
2012-06-16,0.0
2012-06-17,0.0
2012-06-18,0.0
2012-06-19,0.0
2012-06-20,33.19008833016786
2012-06-21,0.0
2012-06-22,3.335354366543606
2012-06-23,0.10421870928113121
2012-06-24,12.017673443604284
2012-06-25,25.674991979551546
2012-06-26,5.553615085314887
2012-06-27,6.404723689760299
2012-06-28,0.0
2012-06-29,0.0
2012-06-30,0.0
2012-07-01,0.0
2012-07-02,0.10750288018798682
2012-07-03,0.0
2012-07-04,0.0
2012-07-05,0.0
2012-07-06,0.0
2012-07-07,0.0
2012-07-08,0.8959947171419874
2012-07-09,0.0
2012-07-10,6.073961948119458
2012-07-11,3.0121322774737513
2012-07-12,6.673086818813145
2012-07-13,3.137986506813888
2012-07-14,0.0
2012-07-15,0.0
2012-07-16,0.0
2012-07-17,3.9327556366846887
2012-07-18,7.8655112733693775
2012-07-19,3.9327556366846887
2012-07-20,1.9656812832034691
2012-07-21,10.25921584174263
2012-07-22,5.143073771520587
2012-07-23,10.573226878403053
2012-07-24,5.377954089678962
2012-07-25,0.0
2012-07-26,0.0
2012-07-27,12.623237079953572
2012-07-28,0.0
2012-07-29,0.006989630532461862
2012-07-30,0.0
2012-07-31,0.09723265263282146
2012-08-01,0.0
2012-08-02,0.0
2012-08-03,0.0
2012-08-04,0.0
2012-08-05,0.0
2012-08-06,0.0
2012-08-07,5.787833740785013
2012-08-08,10.706320183323133
2012-08-09,0.0
2012-08-10,0.0
2012-08-11,0.0
2012-08-12,12.910649834788694
2012-08-13,7.972316881370226
2012-08-14,3.0126005318425952
2012-08-15,0.13329611086548537
2012-08-16,16.072573187822353
2012-08-17,4.904073175646573
2012-08-18,4.018143296955588
2012-08-19,0.0
2012-08-20,0.0
2012-08-21,0.0
2012-08-22,7.2496026705544345
2012-08-23,0.1927033343763967
2012-08-24,0.0
2012-08-25,0.0
2012-08-26,0.0
2012-08-27,0.0
2012-08-28,0.0
2012-08-29,0.0
2012-08-30,6.255921815256954
2012-08-31,0.0
2012-09-01,0.0
2012-09-02,0.0
2012-09-03,0.0
2012-09-04,0.783732717445027
2012-09-05,0.0
2012-09-06,0.0
2012-09-07,0.0
2012-09-08,0.0
2012-09-09,0.0
2012-09-10,0.0
2012-09-11,0.0
2012-09-12,0.0
2012-09-13,0.0
2012-09-14,53.21500100537451
2012-09-15,0.0
2012-09-16,0.0
2012-09-17,12.689042943159146
2012-09-18,0.0
2012-09-19,25.957805992377608
2012-09-20,11.815849019695289
2012-09-21,9.24032460746212
2012-09-22,8.333617148115176
2012-09-23,0.0
2012-09-24,1.726977809165981
2012-09-25,23.910109786665803
2012-09-26,0.0
2012-09-27,8.919982006578312
2012-09-28,0.0
2012-09-29,0.0
2012-09-30,0.0
2012-10-01,0.0
2012-10-02,0.0
2012-10-03,0.0
2012-10-04,19.855955687530955
2012-10-05,8.141756036649229
2012-10-06,11.990392017186235
2012-10-07,11.990392017186235
2012-10-08,0.2675557855802415
2012-10-09,0.0
2012-10-10,0.0
2012-10-11,0.0
2012-10-12,0.0
2012-10-13,0.0
2012-10-14,0.0
2012-10-15,0.0
2012-10-16,0.0
2012-10-17,0.0
2012-10-18,0.0
2012-10-19,0.0
2012-10-20,0.0
2012-10-21,0.0
2012-10-22,0.0
2012-10-23,0.0
2012-10-24,0.0
2012-10-25,0.0
2012-10-26,0.0
2012-10-27,0.0
2012-10-28,0.0
2012-10-29,0.0
2012-10-30,0.0
2012-10-31,0.0
2012-11-01,0.0
2012-11-02,0.0
2012-11-03,0.0
2012-11-04,0.0
2012-11-05,3.7099278691686446
2012-11-06,0.0
2012-11-07,0.0
2012-11-08,0.0
2012-11-09,0.0
2012-11-10,0.0
2012-11-11,0.0
2012-11-12,0.0
2012-11-13,0.0
2012-11-14,0.0
2012-11-15,1.4683361787312275
2012-11-16,0.0
2012-11-17,0.0
2012-11-18,0.0
2012-11-19,0.0
2012-11-20,7.445101849862016
2012-11-21,0.0
2012-11-22,0.0
2012-11-23,0.0
2012-11-24,0.0
2012-11-25,0.0
2012-11-26,0.0
2012-11-27,0.0
2012-11-28,0.0
2012-11-29,0.0
2012-11-30,0.0
2012-12-01,0.0
2012-12-02,0.0
2012-12-03,0.0
2012-12-04,0.0
2012-12-05,0.0
2012-12-06,0.0
2012-12-07,0.0
2012-12-08,0.0
2012-12-09,0.0
2012-12-10,0.0
2012-12-11,0.0
2012-12-12,0.0
2012-12-13,0.0
2012-12-14,0.0
2012-12-15,0.0
2012-12-16,0.0
2012-12-17,0.0
2012-12-18,0.0
2012-12-19,0.0
2012-12-20,0.0
2012-12-21,5.223609293337704
2012-12-22,0.0
2012-12-23,0.0
2012-12-24,0.0
2012-12-25,0.0
2012-12-26,0.0
2012-12-27,0.0
2012-12-28,0.0
2012-12-29,0.0
2012-12-30,5.198360530285351
2012-12-31,0.0
2013-01-01,0.0
2013-01-02,0.0
2013-01-03,0.0
2013-01-04,2.782388421665279
2013-01-05,0.0
2013-01-06,0.06302792997341798
2013-01-07,5.4684013118725145
2013-01-08,7.966994370124916
2013-01-09,0.0
2013-01-10,0.0
2013-01-11,0.0
2013-01-12,0.0
2013-01-13,0.0
2013-01-14,0.0
2013-01-15,6.60782410027889
2013-01-16,0.0
2013-01-17,2.722255895207508
2013-01-18,0.0
2013-01-19,0.0
2013-01-20,0.0
2013-01-21,0.0
2013-01-22,0.0
2013-01-23,1.053490141545986
2013-01-24,0.0
2013-01-25,0.0
2013-01-26,0.0
2013-01-27,0.0
2013-01-28,0.0
2013-01-29,0.0
2013-01-30,0.0
2013-01-31,0.0
2013-02-01,3.677381675030286
2013-02-02,0.0
2013-02-03,0.0
2013-02-04,0.0
2013-02-05,0.0
2013-02-06,4.065453098991338
2013-02-07,0.0
2013-02-08,0.0
2013-02-09,0.0
2013-02-10,0.0
2013-02-11,0.0
2013-02-12,0.0
2013-02-13,0.0
2013-02-14,0.0
2013-02-15,0.0
2013-02-16,0.0
2013-02-17,0.0
2013-02-18,0.0
2013-02-19,0.0
2013-02-20,0.0
2013-02-21,0.0
2013-02-22,0.0
2013-02-23,0.0
2013-02-24,0.0
2013-02-25,0.0
2013-02-26,0.0
2013-02-27,0.0
2013-02-28,0.0
2013-03-01,0.0
2013-03-02,0.0
2013-03-03,0.0
2013-03-04,0.0
2013-03-05,0.0
2013-03-06,0.0
2013-03-07,0.0
2013-03-08,0.0
2013-03-09,0.0
2013-03-10,3.641648155584709
2013-03-11,0.0
2013-03-12,0.0
2013-03-13,0.0
2013-03-14,0.0
2013-03-15,0.0
2013-03-16,0.0
2013-03-17,0.0
2013-03-18,0.0
2013-03-19,0.0
2013-03-20,0.0
2013-03-21,0.0
2013-03-22,0.0
2013-03-23,0.0
2013-03-24,0.0
2013-03-25,0.0
2013-03-26,5.104796857135596
2013-03-27,0.0
2013-03-28,0.0
2013-03-29,0.0
2013-03-30,0.0
2013-03-31,0.0
2013-04-01,0.0
2013-04-02,0.0
2013-04-03,0.0
2013-04-04,0.0
2013-04-05,0.0
2013-04-06,9.005447918435934
2013-04-07,0.0
2013-04-08,0.0
2013-04-09,0.0
2013-04-10,0.190393581697969
2013-04-11,0.0
2013-04-12,0.0
2013-04-13,0.0
2013-04-14,0.0
2013-04-15,0.0
2013-04-16,0.0
2013-04-17,0.10638379274135087
2013-04-18,0.0
2013-04-19,0.0
2013-04-20,1.2916084379198518
2013-04-21,4.953014089381126
2013-04-22,0.0
2013-04-23,0.0
2013-04-24,0.0
2013-04-25,0.0
2013-04-26,4.050416678691608
2013-04-27,0.0
2013-04-28,0.0
2013-04-29,0.0
2013-04-30,0.0
2013-05-01,0.0
2013-05-02,0.0
2013-05-03,0.0
2013-05-04,0.0
2013-05-05,0.0
2013-05-06,0.0
2013-05-07,0.0
2013-05-08,0.0
2013-05-09,0.0
2013-05-10,0.0
2013-05-11,0.0
2013-05-12,0.0
2013-05-13,0.0
2013-05-14,0.0
2013-05-15,0.0
2013-05-16,0.0
2013-05-17,0.0
2013-05-18,0.0
2013-05-19,0.0
2013-05-20,0.0
2013-05-21,0.0
2013-05-22,0.0
2013-05-23,0.0
2013-05-24,0.0
2013-05-25,0.0
2013-05-26,0.0
2013-05-27,0.0
2013-05-28,5.8582509716015725
2013-05-29,0.0
2013-05-30,30.29368745030149
2013-05-31,30.29368745030149
2013-06-01,19.660015168715884
2013-06-02,28.21977009903329
2013-06-03,0.0
2013-06-04,0.0
2013-06-05,0.0
2013-06-06,0.0
2013-06-07,3.2408930812313943
2013-06-08,18.802220816410255
2013-06-09,26.126852675172852
2013-06-10,0.0
2013-06-11,0.0
2013-06-12,0.0
2013-06-13,0.0
2013-06-14,0.0
2013-06-15,0.0
2013-06-16,0.0
2013-06-17,13.323003530313478
2013-06-18,22.69395446638355
2013-06-19,13.323003530313478
2013-06-20,8.372740758990084
2013-06-21,0.0
2013-06-22,0.0
2013-06-23,0.0
2013-06-24,0.0
2013-06-25,0.0
2013-06-26,0.0
2013-06-27,9.315908386865697
2013-06-28,6.4940403869191865
2013-06-29,0.0
2013-06-30,0.0
2013-07-01,0.0
2013-07-02,0.517945274610096
2013-07-03,7.485694753969969
2013-07-04,5.038510313189058
2013-07-05,1.7070846084300069
2013-07-06,9.69518535880388
2013-07-07,0.0
2013-07-08,0.0
2013-07-09,0.0
2013-07-10,3.2535843924795027
2013-07-11,0.0
2013-07-12,6.3361727974356885
2013-07-13,6.3361727974356885
2013-07-14,0.08539943811698048
2013-07-15,15.71690056344627
2013-07-16,8.891077670202586
2013-07-17,0.0
2013-07-18,0.10123507314749144
2013-07-19,10.665552876134093
2013-07-20,8.891077670202586
2013-07-21,4.677321071048856
2013-07-22,0.0
2013-07-23,0.0
2013-07-24,4.677321071048856
2013-07-25,0.0
2013-07-26,0.0
2013-07-27,0.0
2013-07-28,0.0
2013-07-29,0.0
2013-07-30,5.435099587861841
2013-07-31,0.0
2013-08-01,0.0
2013-08-02,0.0
2013-08-03,15.487351788852958
2013-08-04,7.743675894426479
2013-08-05,0.0
2013-08-06,0.0
2013-08-07,0.0
2013-08-08,0.0
2013-08-09,0.0
2013-08-10,7.6483960235972015
2013-08-11,14.83001466436924
2013-08-12,9.886676580451253
2013-08-13,4.943338290225626
2013-08-14,4.943338290225626
2013-08-15,2.360380003102788
2013-08-16,0.0
2013-08-17,8.540729997986169
2013-08-18,1.41634034940137
2013-08-19,1.8494940859409643
2013-08-20,3.456783516757582
2013-08-21,1.209445847820783
2013-08-22,3.649341673058324
2013-08-23,0.0
2013-08-24,23.156662878162134
2013-08-25,11.578331439081067
2013-08-26,0.0
2013-08-27,0.0
2013-08-28,0.0
2013-08-29,3.616970436596369
2013-08-30,0.0
2013-08-31,0.0
2013-09-01,26.595659826892835
2013-09-02,13.68453006211393
2013-09-03,27.00817257083762
2013-09-04,13.865423473421847
2013-09-05,0.0
2013-09-06,0.0
2013-09-07,0.0
2013-09-08,0.0
2013-09-09,22.36251701909968
2013-09-10,33.54377560288765
2013-09-11,4.21047639683641
2013-09-12,12.108713707641224
2013-09-13,4.380881398446968
2013-09-14,10.967707030398424
2013-09-15,8.761762796893937
2013-09-16,0.0
2013-09-17,0.0
2013-09-18,8.619775853524004
2013-09-19,0.0
2013-09-20,8.619775853524004
2013-09-21,0.0
2013-09-22,0.0
2013-09-23,9.20390658639507
2013-09-24,4.601953293197535
2013-09-25,9.20390658639507
2013-09-26,6.019551027993098
2013-09-27,0.0
2013-09-28,0.0
2013-09-29,0.0
2013-09-30,0.0
2013-10-01,0.0
2013-10-02,0.0
2013-10-03,0.0
2013-10-04,0.23589823086844972
2013-10-05,0.0
2013-10-06,0.0
2013-10-07,19.324752815110493
2013-10-08,55.89549900000908
2013-10-09,0.0
2013-10-10,0.0
2013-10-11,0.0
2013-10-12,0.0
2013-10-13,0.0
2013-10-14,0.0
2013-10-15,0.0
2013-10-16,0.0
2013-10-17,0.0
2013-10-18,0.0
2013-10-19,0.0
2013-10-20,0.0
2013-10-21,0.0
2013-10-22,5.29984865346321
2013-10-23,1.2992434541984899
2013-10-24,18.36329338812909
2013-10-25,15.899545749957632
2013-10-26,0.0
2013-10-27,0.0
2013-10-28,0.0
2013-10-29,0.0
2013-10-30,0.0
2013-10-31,0.0
2013-11-01,0.0
2013-11-02,13.515533936959237
2013-11-03,0.0
2013-11-04,0.0
2013-11-05,0.0
2013-11-06,0.0
2013-11-07,0.0
2013-11-08,0.0
2013-11-09,0.0
2013-11-10,0.24955061179008392
2013-11-11,13.575300659263329
2013-11-12,13.575300659263329
2013-11-13,9.687714075364603
2013-11-14,0.0
2013-11-15,0.0
2013-11-16,0.0
2013-11-17,0.0
2013-11-18,0.0
2013-11-19,0.0
2013-11-20,0.0
2013-11-21,0.0
2013-11-22,0.0
2013-11-23,0.0
2013-11-24,0.0
2013-11-25,0.0
2013-11-26,0.0
2013-11-27,0.0
2013-11-28,0.0
2013-11-29,0.0
2013-11-30,0.0
2013-12-01,0.06589668828853464
2013-12-02,0.0
2013-12-03,0.0
2013-12-04,0.0
2013-12-05,0.0
2013-12-06,0.0
2013-12-07,0.06446627607002037
2013-12-08,0.0
2013-12-09,0.0
2013-12-10,0.0
2013-12-11,0.0
2013-12-12,0.0
2013-12-13,0.0
2013-12-14,0.0
2013-12-15,0.0
2013-12-16,0.0
2013-12-17,0.0
2013-12-18,0.0
2013-12-19,0.0
2013-12-20,0.0
2013-12-21,0.0
2013-12-22,0.0
2013-12-23,0.0
2013-12-24,32.763974108449894
2013-12-25,0.04119397943299279
2013-12-26,0.039556183840836215
2013-12-27,0.0
2013-12-28,0.0
2013-12-29,0.0
2013-12-30,0.0
2013-12-31,0.0
2014-01-01,11.23492330502139
2014-01-02,3.5923943695292175
2014-01-03,7.22703556811572
2014-01-04,0.0
2014-01-05,0.0
2014-01-06,0.0
2014-01-07,0.0
2014-01-08,0.0
2014-01-09,0.0
2014-01-10,0.0
2014-01-11,0.0
2014-01-12,0.0
2014-01-13,0.0
2014-01-14,0.0
2014-01-15,0.0
2014-01-16,0.0
2014-01-17,0.0
2014-01-18,0.0
2014-01-19,0.0
2014-01-20,0.0
2014-01-21,0.0
2014-01-22,0.0
2014-01-23,0.0
2014-01-24,0.0
2014-01-25,0.0
2014-01-26,0.0
2014-01-27,0.0
2014-01-28,0.0
2014-01-29,0.0450952291843673
2014-01-30,0.0
2014-01-31,0.0
2014-02-01,0.0
2014-02-02,0.0
2014-02-03,0.0
2014-02-04,0.0
2014-02-05,2.3948906686782423
2014-02-06,5.706860702904904
2014-02-07,0.0
2014-02-08,0.0
2014-02-09,0.0
2014-02-10,0.0
2014-02-11,0.0
2014-02-12,2.099337922224877
2014-02-13,0.0
2014-02-14,0.0
2014-02-15,0.0
2014-02-16,0.0
2014-02-17,0.0
2014-02-18,0.0
2014-02-19,0.0
2014-02-20,10.001575128632458
2014-02-21,0.0
2014-02-22,10.30803316408391
2014-02-23,0.0
2014-02-24,0.0
2014-02-25,0.0
2014-02-26,0.0
2014-02-27,0.0
2014-02-28,0.0
2014-03-01,0.0
2014-03-02,0.0
2014-03-03,0.0
2014-03-04,0.0
2014-03-05,0.0
2014-03-06,1.5050894281269913
2014-03-07,0.0
2014-03-08,0.0
2014-03-09,0.0
2014-03-10,0.0
2014-03-11,0.0
2014-03-12,0.0
2014-03-13,0.0
2014-03-14,0.634991646991371
2014-03-15,0.0
2014-03-16,0.0
2014-03-17,0.0
2014-03-18,0.0
2014-03-19,0.0
2014-03-20,0.0
2014-03-21,0.5471742235125763
2014-03-22,0.0
2014-03-23,0.0
2014-03-24,0.0
2014-03-25,0.0
2014-03-26,0.0
2014-03-27,0.0
2014-03-28,0.0
2014-03-29,0.0
2014-03-30,0.0
2014-03-31,0.0
2014-04-01,0.0
2014-04-02,0.0
2014-04-03,0.0
2014-04-04,0.0
2014-04-05,0.0
2014-04-06,0.0
2014-04-07,0.0
2014-04-08,0.0
2014-04-09,0.0
2014-04-10,0.0
2014-04-11,0.0
2014-04-12,0.0
2014-04-13,0.0
2014-04-14,0.0
2014-04-15,0.0
2014-04-16,0.0
2014-04-17,0.0
2014-04-18,6.918366353751941
2014-04-19,0.0
2014-04-20,0.0
2014-04-21,0.0
2014-04-22,0.0
2014-04-23,0.0
2014-04-24,0.0
2014-04-25,0.0
2014-04-26,0.0
2014-04-27,0.0
2014-04-28,0.0
2014-04-29,0.0
2014-04-30,0.0444741097707597
2014-05-01,50.819295529603416
2014-05-02,0.40846086875592336
2014-05-03,0.0
2014-05-04,0.0
2014-05-05,0.0
2014-05-06,0.0
2014-05-07,0.0
2014-05-08,0.0
2014-05-09,0.0
2014-05-10,0.0
2014-05-11,0.0
2014-05-12,0.0
2014-05-13,0.0
2014-05-14,0.0
2014-05-15,0.0
2014-05-16,0.0857150002856545
2014-05-17,0.0
2014-05-18,0.0
2014-05-19,0.0
2014-05-20,0.0
2014-05-21,0.0
2014-05-22,0.0
2014-05-23,0.0
2014-05-24,0.0
2014-05-25,0.0
2014-05-26,0.0
2014-05-27,0.0
2014-05-28,0.0
2014-05-29,0.0
2014-05-30,4.920080300055467
2014-05-31,20.35252839710776
2014-06-01,0.0
2014-06-02,0.6403526579537169
2014-06-03,20.27217695073469
2014-06-04,41.33299912050627
2014-06-05,10.095564696678727
2014-06-06,6.582541334792599
2014-06-07,9.867152612963102
2014-06-08,0.0
2014-06-09,0.0
2014-06-10,0.0
2014-06-11,0.0
2014-06-12,0.0
2014-06-13,0.0
2014-06-14,0.0
2014-06-15,0.0
2014-06-16,0.0
2014-06-17,0.0
2014-06-18,0.0
2014-06-19,0.0
2014-06-20,0.0
2014-06-21,0.0
2014-06-22,0.0
2014-06-23,0.0
2014-06-24,0.0
2014-06-25,0.0
2014-06-26,0.0
2014-06-27,1.838091898428277
2014-06-28,0.0
2014-06-29,0.0
2014-06-30,0.0
2014-07-01,2.9273039849807674
2014-07-02,0.962957170637102
2014-07-03,3.385844863428345
2014-07-04,0.0
2014-07-05,6.995590119165027
2014-07-06,0.0
2014-07-07,0.0
2014-07-08,0.0
2014-07-09,0.0
2014-07-10,0.0
2014-07-11,9.624520437363094
2014-07-12,0.0
2014-07-13,2.2289777151498837
2014-07-14,9.624520437363094
2014-07-15,19.045552924827298
2014-07-16,0.0
2014-07-17,0.025034664444901794
2014-07-18,0.0
2014-07-19,0.0
2014-07-20,0.0
2014-07-21,0.6627248390898619
2014-07-22,0.0
2014-07-23,8.144330783915057
2014-07-24,0.0
2014-07-25,0.0
2014-07-26,0.0
2014-07-27,0.0
2014-07-28,0.0
2014-07-29,6.789896892601631
2014-07-30,0.0
2014-07-31,0.0
2014-08-01,0.0
2014-08-02,4.982533685646554
2014-08-03,0.0
2014-08-04,5.104939910534067
2014-08-05,7.237370505168422
2014-08-06,3.4166690624172276
2014-08-07,3.8379399910613103
2014-08-08,0.0
2014-08-09,0.0
2014-08-10,3.9933168517883413
2014-08-11,0.0
2014-08-12,6.341866566904244
2014-08-13,12.683733133808488
2014-08-14,6.341866566904244
2014-08-15,19.02560063319125
2014-08-16,11.776415258813136
2014-08-17,5.8045092321554845
2014-08-18,0.0
2014-08-19,2.5815652875329507
2014-08-20,5.888207629406568
2014-08-21,2.882683163061155
2014-08-22,0.0
2014-08-23,0.4696522719943998
2014-08-24,0.0
2014-08-25,0.0
2014-08-26,0.0
2014-08-27,0.0
2014-08-28,0.0
2014-08-29,16.794125695571967
2014-08-30,0.0
2014-08-31,8.397062847785984
2014-09-01,11.00762868562821
2014-09-02,6.4484287101581925
2014-09-03,0.0
2014-09-04,0.0
2014-09-05,0.0
2014-09-06,11.610852119523278
2014-09-07,11.815492277638192
2014-09-08,0.0
2014-09-09,0.0
2014-09-10,0.0
2014-09-11,7.244073599625105
2014-09-12,7.3053185689382465
2014-09-13,0.0
2014-09-14,3.6220367998125527
2014-09-15,3.6220367998125527
2014-09-16,3.0319331149216757
2014-09-17,1.1751582027218124
2014-09-18,0.0
2014-09-19,0.0
2014-09-20,0.0
2014-09-21,0.0
2014-09-22,31.715658355861297
2014-09-23,15.767341128245576
2014-09-24,15.767341128245576
2014-09-25,19.33262787992855
2014-09-26,5.68066012215388
2014-09-27,0.0
2014-09-28,0.0
2014-09-29,0.0
2014-09-30,0.0
2014-10-01,0.0
2014-10-02,0.0
2014-10-03,0.0
2014-10-04,0.0
2014-10-05,0.0
2014-10-06,0.0
2014-10-07,10.173186718395927
2014-10-08,0.0
2014-10-09,0.0
2014-10-10,0.0
2014-10-11,0.0
2014-10-12,0.0
2014-10-13,0.0
2014-10-14,0.0
2014-10-15,35.885781631056396
2014-10-16,0.0
2014-10-17,1.6555599262289635
2014-10-18,18.447923879910753
2014-10-19,0.0
2014-10-20,9.223961939955377
2014-10-21,64.98847966078885
2014-10-22,13.145817685134055
2014-10-23,0.0
2014-10-24,0.0
2014-10-25,0.0
2014-10-26,0.0
2014-10-27,0.0
2014-10-28,0.0
2014-10-29,0.0
2014-10-30,0.0
2014-10-31,0.0
2014-11-01,0.0
2014-11-02,0.0
2014-11-03,7.225570081180185
2014-11-04,0.0
2014-11-05,0.0
2014-11-06,0.0
2014-11-07,0.0
2014-11-08,0.0
2014-11-09,8.265745554307834
2014-11-10,0.0
2014-11-11,0.0
2014-11-12,0.0
2014-11-13,7.292448017234086
2014-11-14,0.0
2014-11-15,0.0
2014-11-16,0.0
2014-11-17,0.0
2014-11-18,0.0
2014-11-19,0.0
2014-11-20,0.0
2014-11-21,0.0
2014-11-22,0.0
2014-11-23,0.0
2014-11-24,0.0
2014-11-25,3.4165416810349596
2014-11-26,7.336134496079767
2014-11-27,0.0
2014-11-28,0.0
2014-11-29,0.0
2014-11-30,0.0
2014-12-01,0.0
2014-12-02,0.0
2014-12-03,0.0
2014-12-04,0.0
2014-12-05,0.0
2014-12-06,0.0
2014-12-07,0.0
2014-12-08,5.570220885899069
2014-12-09,0.0
2014-12-10,0.0
2014-12-11,0.0
2014-12-12,0.0
2014-12-13,8.969949021439275
2014-12-14,0.0
2014-12-15,0.0
2014-12-16,0.0
2014-12-17,0.0
2014-12-18,0.0
2014-12-19,0.0
2014-12-20,2.6304445003400385
2014-12-21,0.0
2014-12-22,0.0
2014-12-23,0.0
2014-12-24,0.0
2014-12-25,0.0
2014-12-26,0.0
2014-12-27,0.0
2014-12-28,4.18033852663473
2014-12-29,3.176904487643099
2014-12-30,0.0
2014-12-31,0.0
2015-01-01,2.0897836568853125
2015-01-02,0.0
2015-01-03,0.0
2015-01-04,0.0
2015-01-05,0.0
2015-01-06,0.0
2015-01-07,0.0
2015-01-08,0.0
2015-01-09,0.0
2015-01-10,0.0
2015-01-11,0.0
2015-01-12,0.0
2015-01-13,0.0
2015-01-14,10.358973773204188
2015-01-15,0.0
2015-01-16,0.0
2015-01-17,0.0
2015-01-18,0.0
2015-01-19,0.0
2015-01-20,0.0
2015-01-21,0.0
2015-01-22,0.0
2015-01-23,0.0
2015-01-24,0.0
2015-01-25,0.0
2015-01-26,0.3288609858864188
2015-01-27,0.0
2015-01-28,0.0
2015-01-29,0.0
2015-01-30,0.0
2015-01-31,0.0
2015-02-01,0.0
2015-02-02,0.0
2015-02-03,0.0
2015-02-04,0.0
2015-02-05,0.0
2015-02-06,0.0
2015-02-07,0.0
2015-02-08,0.0
2015-02-09,0.0
2015-02-10,0.0
2015-02-11,3.4849518912753195
2015-02-12,0.0
2015-02-13,0.0
2015-02-14,0.0
2015-02-15,0.0
2015-02-16,0.0
2015-02-17,0.0
2015-02-18,4.977283496546682
2015-02-19,0.0
2015-02-20,0.0
2015-02-21,0.0
2015-02-22,0.0
2015-02-23,0.0
2015-02-24,5.253643176826287
2015-02-25,0.0
2015-02-26,0.0
2015-02-27,0.0
2015-02-28,0.0
2015-03-01,0.0
2015-03-02,0.0
2015-03-03,0.0
2015-03-04,0.0
2015-03-05,0.0
2015-03-06,0.0
2015-03-07,0.0
2015-03-08,0.0
2015-03-09,0.0
2015-03-10,0.0
2015-03-11,8.822907424247276
2015-03-12,0.0
2015-03-13,0.09913014487856425
2015-03-14,0.0
2015-03-15,0.0
2015-03-16,0.0
2015-03-17,0.0
2015-03-18,0.0
2015-03-19,0.0
2015-03-20,0.0
2015-03-21,0.0
2015-03-22,0.0
2015-03-23,0.0
2015-03-24,0.0
2015-03-25,0.0
2015-03-26,0.0
2015-03-27,0.0
2015-03-28,0.0
2015-03-29,0.0
2015-03-30,0.0
2015-03-31,0.0
2015-04-01,0.0
2015-04-02,0.0
2015-04-03,0.0
2015-04-04,0.0
2015-04-05,0.0
2015-04-06,0.0
2015-04-07,0.0
2015-04-08,0.0
2015-04-09,0.0
2015-04-10,0.0
2015-04-11,0.0
2015-04-12,0.0
2015-04-13,0.0
2015-04-14,0.0
2015-04-15,0.0
2015-04-16,0.0
2015-04-17,0.0
2015-04-18,0.0
2015-04-19,0.0
2015-04-20,0.0
2015-04-21,2.1018855259701974
2015-04-22,0.0
2015-04-23,0.0
2015-04-24,0.0
2015-04-25,0.0
2015-04-26,0.0
2015-04-27,0.0
2015-04-28,0.0
2015-04-29,3.301339949702815
2015-04-30,0.0
2015-05-01,0.0
2015-05-02,0.0
2015-05-03,0.0
2015-05-04,0.0
2015-05-05,0.0
2015-05-06,0.0
2015-05-07,0.0
2015-05-08,0.0
2015-05-09,0.0
2015-05-10,0.0
2015-05-11,0.0
2015-05-12,0.0
2015-05-13,0.0
2015-05-14,0.0
2015-05-15,0.0
2015-05-16,0.0
2015-05-17,0.0
2015-05-18,0.0
2015-05-19,0.0
2015-05-20,0.0
2015-05-21,0.0
2015-05-22,0.0
2015-05-23,0.0
2015-05-24,17.974871368004543
2015-05-25,0.0
2015-05-26,0.0
2015-05-27,0.0
2015-05-28,0.0
2015-05-29,0.0
2015-05-30,0.0
2015-05-31,0.0
2015-06-01,10.341937977464779
2015-06-02,3.8967835217061846
2015-06-03,0.0
2015-06-04,3.802263841495176
2015-06-05,0.0
2015-06-06,0.0
2015-06-07,0.0
2015-06-08,0.0
2015-06-09,0.0
2015-06-10,0.0
2015-06-11,0.0
2015-06-12,0.0
2015-06-13,0.0
2015-06-14,0.0
2015-06-15,0.0
2015-06-16,0.0
2015-06-17,0.0
2015-06-18,5.894353817523183
2015-06-19,0.0
2015-06-20,0.0
2015-06-21,0.0
2015-06-22,3.4068029986714112
2015-06-23,10.827377365534591
2015-06-24,0.0
2015-06-25,14.665080319376118
2015-06-26,17.734353853708008
2015-06-27,5.548744097720745
2015-06-28,0.0
2015-06-29,5.548744097720745
2015-06-30,0.0
2015-07-01,0.0
2015-07-02,0.0
2015-07-03,13.402335004858186
2015-07-04,0.0
2015-07-05,0.0
2015-07-06,2.9042905115663515
2015-07-07,0.0
2015-07-08,0.0
2015-07-09,5.752330104272047
2015-07-10,4.36663911847437
2015-07-11,0.0
2015-07-12,0.0
2015-07-13,0.0
2015-07-14,0.0
2015-07-15,0.0
2015-07-16,0.0
2015-07-17,3.8356205925939832
2015-07-18,0.0
2015-07-19,0.0
2015-07-20,3.755373384050405
2015-07-21,0.0
2015-07-22,0.0
2015-07-23,0.0
2015-07-24,0.0
2015-07-25,2.5052226910296382
2015-07-26,0.0
2015-07-27,0.0
2015-07-28,1.2972925608856753
2015-07-29,0.0
2015-07-30,0.0
2015-07-31,0.0
2015-08-01,0.0
2015-08-02,6.063759016310068
2015-08-03,0.0
2015-08-04,0.0
2015-08-05,12.919471217218513
2015-08-06,2.12300903687696
2015-08-07,0.0
2015-08-08,0.0
2015-08-09,0.0
2015-08-10,1.9150624944090862
2015-08-11,0.0
2015-08-12,10.762785231542498
2015-08-13,0.0
2015-08-14,0.0
2015-08-15,0.0
2015-08-16,6.983870883595749
2015-08-17,20.9516123646064
2015-08-18,6.585135753030193
2015-08-19,0.0
2015-08-20,0.0
2015-08-21,0.0
2015-08-22,0.0
2015-08-23,0.0
2015-08-24,0.44481060561037594
2015-08-25,2.5611937702697305
2015-08-26,4.438854349432638
2015-08-27,0.0
2015-08-28,2.1517778456492467
2015-08-29,4.362930765563806
2015-08-30,0.0
2015-08-31,8.877708698865275
2015-09-01,14.893432652599417
2015-09-02,7.4467163262997085
2015-09-03,5.1283660696867415
2015-09-04,1.2717518010142634
2015-09-05,0.0
2015-09-06,2.8074707651200224
2015-09-07,7.0377783589658796
2015-09-08,0.0
2015-09-09,11.462548733830205
2015-09-10,7.0377783589658796
2015-09-11,0.0
2015-09-12,0.0
2015-09-13,4.2327410400591745
2015-09-14,0.10898061386778927
2015-09-15,13.773101841810828
2015-09-16,1.458274856778645
2015-09-17,0.0
2015-09-18,0.0
2015-09-19,0.0
2015-09-20,0.0
2015-09-21,0.0
2015-09-22,0.0
2015-09-23,21.04447348853637
2015-09-24,0.0
2015-09-25,0.0
2015-09-26,0.0
2015-09-27,0.0
2015-09-28,3.782149438368852
2015-09-29,0.0
2015-09-30,0.0
2015-10-01,0.0
2015-10-02,5.164455856512629
2015-10-03,0.0
2015-10-04,0.0
2015-10-05,0.0
2015-10-06,0.0
2015-10-07,0.0
2015-10-08,0.0
2015-10-09,0.0
2015-10-10,14.723078200924597
2015-10-11,0.0
2015-10-12,0.0
2015-10-13,0.0
2015-10-14,0.0
2015-10-15,0.0
2015-10-16,0.0
2015-10-17,15.280647405339097
2015-10-18,5.649039786166306
2015-10-19,0.0
2015-10-20,0.0
2015-10-21,0.0
2015-10-22,0.0
2015-10-23,0.0
2015-10-24,0.0
2015-10-25,3.691113312601028
2015-10-26,0.0
2015-10-27,0.0
2015-10-28,0.0
2015-10-29,0.0
2015-10-30,0.0
2015-10-31,0.0
2015-11-01,0.0
2015-11-02,5.310822558486862
2015-11-03,0.0
2015-11-04,0.0
2015-11-05,8.776978605559425
2015-11-06,0.0
2015-11-07,1.798425235702364
2015-11-08,1.9019743346013758
2015-11-09,0.0
2015-11-10,0.0
2015-11-11,0.0
2015-11-12,0.0
2015-11-13,15.224406680245586
2015-11-14,24.795893112720194
2015-11-15,0.0
2015-11-16,0.0
2015-11-17,0.0
2015-11-18,0.0
2015-11-19,0.0
2015-11-20,0.0
2015-11-21,0.0
2015-11-22,0.0
2015-11-23,0.0
2015-11-24,0.0
2015-11-25,0.0
2015-11-26,0.0
2015-11-27,0.0
2015-11-28,0.0
2015-11-29,0.0
2015-11-30,0.0
2015-12-01,0.0
2015-12-02,0.0
2015-12-03,0.0
2015-12-04,0.0
2015-12-05,0.0
2015-12-06,1.0071338205416385
2015-12-07,1.99751617586462
2015-12-08,0.0
2015-12-09,0.0
2015-12-10,6.604604959495469
2015-12-11,0.0
2015-12-12,0.0
2015-12-13,0.0
2015-12-14,0.0
2015-12-15,0.0
2015-12-16,0.0
2015-12-17,0.0
2015-12-18,0.0
2015-12-19,0.0
2015-12-20,0.0
2015-12-21,0.004516261553721286
2015-12-22,0.0
2015-12-23,6.990081246533791
2015-12-24,0.0
2015-12-25,0.0
2015-12-26,0.0
2015-12-27,0.0
2015-12-28,0.0
2015-12-29,0.8877232665968489
2015-12-30,0.0
2015-12-31,0.0
2016-01-01,0.0
2016-01-02,0.0
2016-01-03,0.0
2016-01-04,0.0
2016-01-05,0.0
2016-01-06,0.0
2016-01-07,0.0
2016-01-08,0.0
2016-01-09,0.0
2016-01-10,0.0
2016-01-11,0.0
2016-01-12,0.0
2016-01-13,0.0
2016-01-14,0.0
2016-01-15,0.0
2016-01-16,0.0
2016-01-17,0.0
2016-01-18,0.0
2016-01-19,0.0
2016-01-20,0.0
2016-01-21,0.0
2016-01-22,0.0
2016-01-23,0.0
2016-01-24,0.0
2016-01-25,0.0
2016-01-26,0.0
2016-01-27,0.0
2016-01-28,0.0
2016-01-29,8.477682787199019
2016-01-30,5.1157798980860605
2016-01-31,0.0
2016-02-01,0.0
2016-02-02,0.0
2016-02-03,0.0
2016-02-04,0.0
2016-02-05,0.0
2016-02-06,4.942273226307925
2016-02-07,0.0
2016-02-08,0.0
2016-02-09,0.0
2016-02-10,0.0
2016-02-11,0.0
2016-02-12,0.0
2016-02-13,0.0
2016-02-14,0.0
2016-02-15,4.411609316145637
2016-02-16,0.0
2016-02-17,0.0
2016-02-18,0.0
2016-02-19,0.0
2016-02-20,0.0
2016-02-21,0.0
2016-02-22,0.0
2016-02-23,0.0
2016-02-24,4.336909962301715
2016-02-25,0.0
2016-02-26,0.0
2016-02-27,0.0
2016-02-28,0.0
2016-02-29,0.0
2016-03-01,0.0
2016-03-02,1.1412603655752198
2016-03-03,0.0
2016-03-04,0.8557065215109418
2016-03-05,1.949133777272447
2016-03-06,0.0
2016-03-07,0.0
2016-03-08,0.0
2016-03-09,0.0
2016-03-10,0.0
2016-03-11,5.217847219087725
2016-03-12,0.0
2016-03-13,0.0
2016-03-14,0.0
2016-03-15,0.0
2016-03-16,0.0
2016-03-17,0.0
2016-03-18,0.0
2016-03-19,0.0
2016-03-20,0.0
2016-03-21,0.0
2016-03-22,0.0
2016-03-23,0.0
2016-03-24,0.0
2016-03-25,0.0
2016-03-26,0.0
2016-03-27,0.0
2016-03-28,0.0
2016-03-29,0.0
2016-03-30,0.0
2016-03-31,0.0
2016-04-01,0.0
2016-04-02,0.0
2016-04-03,0.0
2016-04-04,0.0
2016-04-05,0.0
2016-04-06,0.0
2016-04-07,0.0
2016-04-08,0.0
2016-04-09,0.0
2016-04-10,0.0
2016-04-11,0.0
2016-04-12,0.0
2016-04-13,0.0
2016-04-14,0.0
2016-04-15,0.0
2016-04-16,0.0
2016-04-17,0.0
2016-04-18,0.0
2016-04-19,0.4046095917744052
2016-04-20,0.0
2016-04-21,0.0
2016-04-22,0.0
2016-04-23,0.0
2016-04-24,0.0
2016-04-25,0.0
2016-04-26,0.0
2016-04-27,0.0
2016-04-28,0.0
2016-04-29,0.0
2016-04-30,5.258965177816708
2016-05-01,0.0
2016-05-02,0.0
2016-05-03,0.0
2016-05-04,0.0
2016-05-05,0.0
2016-05-06,0.0
2016-05-07,0.0
2016-05-08,0.0
2016-05-09,0.0
2016-05-10,0.0
2016-05-11,0.0
2016-05-12,0.0
2016-05-13,24.588402566908897
2016-05-14,0.0
2016-05-15,0.0
2016-05-16,0.0
2016-05-17,0.0
2016-05-18,3.656326099723644
2016-05-19,0.0
2016-05-20,0.0
2016-05-21,0.0
2016-05-22,0.0
2016-05-23,0.0
2016-05-24,0.0
2016-05-25,0.0
2016-05-26,0.0
2016-05-27,0.0
2016-05-28,0.0
2016-05-29,0.0
2016-05-30,0.0
2016-05-31,0.0
2016-06-01,0.0
2016-06-02,0.0
2016-06-03,2.712742738872111
2016-06-04,13.537424412425723
2016-06-05,6.652372894505262
2016-06-06,0.0
2016-06-07,0.0
2016-06-08,0.0
2016-06-09,4.794597825181275
2016-06-10,24.568231461902673
2016-06-11,25.24943123344791
2016-06-12,8.48254646267066
2016-06-13,0.0
2016-06-14,0.0
2016-06-15,0.0
2016-06-16,0.0
2016-06-17,10.03614725802359
2016-06-18,6.567873265147035
2016-06-19,9.435290071518072
2016-06-20,0.0
2016-06-21,0.0
2016-06-22,0.1325222546317877
2016-06-23,16.51268704085659
2016-06-24,9.840837437031723
2016-06-25,0.21603473134810253
2016-06-26,7.5997797457002445
2016-06-27,0.0
2016-06-28,1.4089766342754813
2016-06-29,8.021324487420326
2016-06-30,7.756937642199146
2016-07-01,0.0
2016-07-02,0.0
2016-07-03,0.0
2016-07-04,5.417850873733402
2016-07-05,10.221262044984872
2016-07-06,4.415037922716728
2016-07-07,0.0
2016-07-08,0.0
2016-07-09,0.0
2016-07-10,0.0
2016-07-11,3.4706690931971322
2016-07-12,0.0
2016-07-13,3.5091509245551102
2016-07-14,0.0
2016-07-15,1.7545754622775551
2016-07-16,0.0
2016-07-17,3.8596800877349002
2016-07-18,5.236539128456446
2016-07-19,1.3768590407215462
2016-07-20,1.123421870570247
2016-07-21,2.452618435324059
2016-07-22,1.7486827252720394
2016-07-23,2.5547735049456186
2016-07-24,2.5929072790490624
2016-07-25,2.4377149831046507
2016-07-26,3.439759169128561
2016-07-27,0.0
2016-07-28,7.732532725385378
2016-07-29,15.465065450770757
2016-07-30,0.11136472049564838
2016-07-31,1.4821085018738935
2016-08-01,5.236920327064305
2016-08-02,15.600602103764723
2016-08-03,5.236920327064305
2016-08-04,5.347079172842335
2016-08-05,10.264076892290907
2016-08-06,0.0
2016-08-07,2.8288461333070813
2016-08-08,1.0281981388448331
2016-08-09,0.0
2016-08-10,2.8288461333070813
2016-08-11,0.0
2016-08-12,0.0
2016-08-13,0.09266056583298062
2016-08-14,6.546474657081982
2016-08-15,3.930308250202084
2016-08-16,3.685496806433661
2016-08-17,0.024395602739639456
2016-08-18,2.1591447553068734
2016-08-19,2.1591447553068734
2016-08-20,2.1591447553068734
2016-08-21,2.235507446826043
2016-08-22,0.0
2016-08-23,0.0
2016-08-24,0.0
2016-08-25,4.526717068188712
2016-08-26,2.097867102827389
2016-08-27,2.141992176182992
2016-08-28,0.0
2016-08-29,0.0
2016-08-30,2.141992176182992
2016-08-31,8.620699638763359
2016-09-01,3.8997454124761037
2016-09-02,7.253856105473282
2016-09-03,0.0
2016-09-04,0.0
2016-09-05,0.0
2016-09-06,4.530649732418645
2016-09-07,0.0
2016-09-08,4.730689049174992
2016-09-09,0.0
2016-09-10,0.05656968674437497
2016-09-11,0.0
2016-09-12,6.432416607111918
2016-09-13,0.0
2016-09-14,6.6625214345335095
2016-09-15,13.159144401187707
2016-09-16,5.39973211311113
2016-09-17,5.347413298423736
2016-09-18,0.0
2016-09-19,0.0
2016-09-20,5.347413298423736
2016-09-21,9.743875770866769
2016-09-22,0.0
2016-09-23,0.0
2016-09-24,0.0
2016-09-25,9.493272462679936
2016-09-26,4.18857222892363
2016-09-27,0.0
2016-09-28,0.0
2016-09-29,0.0
2016-09-30,0.0
2016-10-01,0.0
2016-10-02,0.0
2016-10-03,0.0
2016-10-04,0.0
2016-10-05,0.0
2016-10-06,0.0
2016-10-07,0.0
2016-10-08,0.0
2016-10-09,0.0
2016-10-10,23.007048128237606
2016-10-11,0.0
2016-10-12,0.0
2016-10-13,0.0
2016-10-14,0.0
2016-10-15,0.0
2016-10-16,0.0
2016-10-17,0.0
2016-10-18,0.0
2016-10-19,0.0
2016-10-20,0.0
2016-10-21,0.0
2016-10-22,0.0
2016-10-23,0.0
2016-10-24,0.0
2016-10-25,21.782888853734647
2016-10-26,0.0
2016-10-27,0.0
2016-10-28,0.0
2016-10-29,0.0
2016-10-30,0.0
2016-10-31,0.0
2016-11-01,0.0
2016-11-02,7.6004142049819565
2016-11-03,6.940879895819066
2016-11-04,0.0
2016-11-05,0.0
2016-11-06,0.0
2016-11-07,0.0
2016-11-08,0.0
2016-11-09,0.0
2016-11-10,0.0
2016-11-11,0.0
2016-11-12,0.0
2016-11-13,0.0
2016-11-14,0.0
2016-11-15,0.0
2016-11-16,0.0
2016-11-17,0.0
2016-11-18,0.0
2016-11-19,0.0
2016-11-20,0.0
2016-11-21,0.0
2016-11-22,0.0
2016-11-23,0.0
2016-11-24,0.0
2016-11-25,0.0
2016-11-26,0.0
2016-11-27,0.0
2016-11-28,0.0
2016-11-29,0.0
2016-11-30,0.0
2016-12-01,0.0
2016-12-02,0.0
2016-12-03,0.0
2016-12-04,0.0
2016-12-05,0.0
2016-12-06,0.0
2016-12-07,0.0
2016-12-08,0.0
2016-12-09,11.775957187190539
2016-12-10,31.87282199271637
2016-12-11,0.0
2016-12-12,0.0
2016-12-13,0.0
2016-12-14,0.0
2016-12-15,0.0
2016-12-16,0.0
2016-12-17,0.0
2016-12-18,0.0
2016-12-19,0.0
2016-12-20,0.0
2016-12-21,0.0
2016-12-22,0.0
2016-12-23,0.0
2016-12-24,0.0
2016-12-25,11.080720365053118
2016-12-26,0.0
2016-12-27,0.0
2016-12-28,0.0
2016-12-29,0.0
2016-12-30,0.0
2016-12-31,0.0
2017-01-01,0.0
2017-01-02,0.0
2017-01-03,0.0
2017-01-04,0.0
2017-01-05,0.0
2017-01-06,0.0
2017-01-07,0.0
2017-01-08,0.0
2017-01-09,0.0
2017-01-10,0.0
2017-01-11,0.0
2017-01-12,0.0
2017-01-13,0.0
2017-01-14,0.0
2017-01-15,0.0
2017-01-16,0.0
2017-01-17,0.0
2017-01-18,4.323493665915095
2017-01-19,0.0
2017-01-20,0.0
2017-01-21,0.0
2017-01-22,0.0
2017-01-23,0.0
2017-01-24,0.0
2017-01-25,0.0
2017-01-26,0.0
2017-01-27,0.0
2017-01-28,0.0
2017-01-29,4.2112183033413455
2017-01-30,0.0
2017-01-31,0.0
2017-02-01,0.0
2017-02-02,0.0
2017-02-03,0.0
2017-02-04,0.0
2017-02-05,0.0
2017-02-06,0.5361022571078711
2017-02-07,0.0
2017-02-08,0.0
2017-02-09,0.0
2017-02-10,0.0
2017-02-11,0.0
2017-02-12,0.0
2017-02-13,0.0
2017-02-14,0.0
2017-02-15,0.0
2017-02-16,0.6639158091602362
2017-02-17,0.0
2017-02-18,0.0
2017-02-19,2.0354372039930655
2017-02-20,0.4561182818847724
2017-02-21,0.0
2017-02-22,0.0
2017-02-23,0.0
2017-02-24,0.0
2017-02-25,0.0
2017-02-26,0.0
2017-02-27,0.0
2017-02-28,0.0
2017-03-01,0.0
2017-03-02,0.0
2017-03-03,0.0
2017-03-04,0.0
2017-03-05,0.0
2017-03-06,0.0
2017-03-07,0.0
2017-03-08,0.0
2017-03-09,0.0
2017-03-10,0.0
2017-03-11,0.0
2017-03-12,0.0
2017-03-13,0.0
2017-03-14,0.547994347468901
2017-03-15,0.0
2017-03-16,0.0
2017-03-17,0.0
2017-03-18,0.0
2017-03-19,0.0
2017-03-20,0.0
2017-03-21,0.0
2017-03-22,0.0
2017-03-23,0.0
2017-03-24,0.0
2017-03-25,0.0
2017-03-26,0.0
2017-03-27,0.0
2017-03-28,0.0
2017-03-29,0.0
2017-03-30,0.0
2017-03-31,0.0
2017-04-01,0.0
2017-04-02,0.0
2017-04-03,0.0
2017-04-04,1.1015869979943302
2017-04-05,0.0
2017-04-06,0.0
2017-04-07,0.0
2017-04-08,0.0
2017-04-09,0.0
2017-04-10,0.0
2017-04-11,0.0
2017-04-12,0.0
2017-04-13,0.0
2017-04-14,0.0
2017-04-15,0.0
2017-04-16,0.0
2017-04-17,0.0
2017-04-18,0.0
2017-04-19,9.012607780710109
2017-04-20,8.899077812853273
2017-04-21,0.0
2017-04-22,0.0
2017-04-23,0.0
2017-04-24,0.0
2017-04-25,0.0
2017-04-26,0.0
2017-04-27,0.0
2017-04-28,0.0
2017-04-29,0.0
2017-04-30,0.0
2017-05-01,0.0
2017-05-02,0.0
2017-05-03,0.0
2017-05-04,0.09942105091166159
2017-05-05,0.0
2017-05-06,0.0
2017-05-07,0.0
2017-05-08,0.0
2017-05-09,0.0
2017-05-10,0.0
2017-05-11,0.0
2017-05-12,0.0
2017-05-13,0.06325351970222888
2017-05-14,0.0
2017-05-15,0.0
2017-05-16,0.0
2017-05-17,0.0
2017-05-18,0.0
2017-05-19,0.0
2017-05-20,0.0
2017-05-21,0.0
2017-05-22,0.0
2017-05-23,0.0
2017-05-24,0.0
2017-05-25,1.3506220962235074
2017-05-26,0.0
2017-05-27,3.923389175313397
2017-05-28,0.0
2017-05-29,4.261409439167528
2017-05-30,0.0
2017-05-31,1.3460912954647517
2017-06-01,2.7526414486987463
2017-06-02,13.763207073783933
2017-06-03,14.893613051594665
2017-06-04,2.7526414486987463
2017-06-05,0.0
2017-06-06,0.0
2017-06-07,0.0
2017-06-08,0.0
2017-06-09,0.0
2017-06-10,0.04603881446617931
2017-06-11,0.0
2017-06-12,34.2771253453172
2017-06-13,0.0
2017-06-14,0.0
2017-06-15,7.714678274982009
2017-06-16,0.04047676979337843
2017-06-17,0.0
2017-06-18,3.0614417263020495
2017-06-19,9.288496894112484
2017-06-20,4.762755954559816
2017-06-21,13.845021067752487
2017-06-22,2.9186839553992048
2017-06-23,0.0
2017-06-24,15.200448937838035
2017-06-25,15.30393116876691
2017-06-26,11.468608434098387
2017-06-27,2.487455715793351
2017-06-28,7.814792949784803
2017-06-29,0.0
2017-06-30,0.0
2017-07-01,0.0
2017-07-02,0.0
2017-07-03,6.026399557979426
2017-07-04,0.0
2017-07-05,15.399087216016158
2017-07-06,7.069975041997178
2017-07-07,14.139950083994355
2017-07-08,7.069975041997178
2017-07-09,0.0
2017-07-10,0.0
2017-07-11,0.0
2017-07-12,0.0
2017-07-13,1.2804804787347095
2017-07-14,5.724465645239979
2017-07-15,5.724465645239979
2017-07-16,18.132897026248852
2017-07-17,8.082770565747122
2017-07-18,20.134663518729113
2017-07-19,8.082770565747122
2017-07-20,0.0
2017-07-21,3.521936574967396
2017-07-22,3.296178485490378
2017-07-23,0.5957978287754762
2017-07-24,1.2734465750436927
2017-07-25,0.0
2017-07-26,19.807597034433684
2017-07-27,0.07291753915342522
2017-07-28,0.0
2017-07-29,7.181754669905787
2017-07-30,0.0
2017-07-31,0.0
2017-08-01,3.1233625162638474
2017-08-02,0.0
2017-08-03,3.416226216845801
2017-08-04,0.0
2017-08-05,3.416226216845801
2017-08-06,0.0
2017-08-07,9.952779310509436
2017-08-08,9.070729256673365
2017-08-09,0.0
2017-08-10,0.0
2017-08-11,1.9946081985883575
2017-08-12,1.390448256152001
2017-08-13,0.0
2017-08-14,1.9946081985883575
2017-08-15,1.9946081985883575
2017-08-16,0.0
2017-08-17,0.0
2017-08-18,7.764086753995806
2017-08-19,0.0
2017-08-20,0.0
2017-08-21,0.0
2017-08-22,11.309118263562004
2017-08-23,12.794566884563698
2017-08-24,11.309118263562004
2017-08-25,5.718291186993291
2017-08-26,0.0
2017-08-27,0.0
2017-08-28,4.891791665568776
2017-08-29,0.0
2017-08-30,0.0
2017-08-31,4.891791665568776
2017-09-01,6.877226776410938
2017-09-02,13.398825090579528
2017-09-03,27.72942370677696
2017-09-04,0.0
2017-09-05,0.0
2017-09-06,0.0
2017-09-07,5.841003921712318
2017-09-08,5.768933624821358
2017-09-09,0.0
2017-09-10,0.0
2017-09-11,0.0
2017-09-12,0.0
2017-09-13,0.0
2017-09-14,1.510805681397418
2017-09-15,13.909269019496325
2017-09-16,7.429472481188838
2017-09-17,0.0
2017-09-18,0.0
2017-09-19,0.0
2017-09-20,0.0
2017-09-21,0.0
2017-09-22,0.0
2017-09-23,0.0
2017-09-24,0.0
2017-09-25,0.0
2017-09-26,0.0
2017-09-27,0.0
2017-09-28,0.0
2017-09-29,8.32622681654206
2017-09-30,0.0
2017-10-01,0.0
2017-10-02,0.0
2017-10-03,0.0
2017-10-04,0.0
2017-10-05,0.0
2017-10-06,3.917322835265671
2017-10-07,10.087526930423575
2017-10-08,0.0
2017-10-09,0.0
2017-10-10,9.806245353026032
2017-10-11,11.768168561438875
2017-10-12,5.884084280719438
2017-10-13,0.0
2017-10-14,0.07282277094457848
2017-10-15,0.0
2017-10-16,0.0
2017-10-17,12.845771352521805
2017-10-18,0.0
2017-10-19,0.0
2017-10-20,25.655417282091904
2017-10-21,0.0
2017-10-22,9.155413402946174
2017-10-23,9.40216921666228
2017-10-24,1.6154434587650075
2017-10-25,0.0
2017-10-26,0.0
2017-10-27,0.0
2017-10-28,0.0
2017-10-29,0.0
2017-10-30,0.0
2017-10-31,0.0
2017-11-01,0.0
2017-11-02,0.0
2017-11-03,5.101180790472528
2017-11-04,0.0
2017-11-05,0.0
2017-11-06,0.0
2017-11-07,0.0
2017-11-08,0.0
2017-11-09,0.0
2017-11-10,0.0
2017-11-11,0.0
2017-11-12,0.0
2017-11-13,0.0
2017-11-14,0.0
2017-11-15,0.0
2017-11-16,3.9831698622853278
2017-11-17,0.0
2017-11-18,0.0
2017-11-19,0.0
2017-11-20,0.0
2017-11-21,0.0
2017-11-22,0.0
2017-11-23,5.4576459779707065
2017-11-24,0.0
2017-11-25,0.0
2017-11-26,0.0
2017-11-27,0.0
2017-11-28,0.0
2017-11-29,0.0
2017-11-30,0.0
2017-12-01,0.0
2017-12-02,0.0
2017-12-03,0.0
2017-12-04,0.0
2017-12-05,0.0
2017-12-06,0.0
2017-12-07,0.0
2017-12-08,14.799106265838144
2017-12-09,0.0
2017-12-10,0.0
2017-12-11,0.0
2017-12-12,0.0
2017-12-13,0.0
2017-12-14,0.0
2017-12-15,0.0
2017-12-16,0.0
2017-12-17,0.0
2017-12-18,0.0
2017-12-19,0.0
2017-12-20,0.0
2017-12-21,0.0
2017-12-22,0.0
2017-12-23,0.0
2017-12-24,0.0
2017-12-25,0.0
2017-12-26,0.0
2017-12-27,0.0
2017-12-28,0.0
2017-12-29,0.0
2017-12-30,0.0
2017-12-31,0.0
2018-01-01,0.0
2018-01-02,0.0
2018-01-03,0.0
2018-01-04,0.0
2018-01-05,0.0
2018-01-06,0.0
2018-01-07,0.0
2018-01-08,0.0
2018-01-09,0.0
2018-01-10,0.0
2018-01-11,0.0
2018-01-12,0.0
2018-01-13,0.0
2018-01-14,0.0
2018-01-15,0.0
2018-01-16,0.5484425269601478
2018-01-17,0.0
2018-01-18,0.0
2018-01-19,0.0
2018-01-20,0.0
2018-01-21,0.0
2018-01-22,0.0
2018-01-23,0.0
2018-01-24,7.5254972371954425
2018-01-25,0.0
2018-01-26,3.4145444926738775
2018-01-27,0.0
2018-01-28,21.890133772248976
2018-01-29,0.0
2018-01-30,0.0
2018-01-31,0.0
2018-02-01,3.567992258505485
2018-02-02,0.0
2018-02-03,0.0
2018-02-04,0.0
2018-02-05,0.0
2018-02-06,0.0
2018-02-07,0.0
2018-02-08,0.0
2018-02-09,0.0
2018-02-10,0.0
2018-02-11,0.0
2018-02-12,0.0
2018-02-13,0.0
2018-02-14,0.0
2018-02-15,0.0
2018-02-16,0.0
2018-02-17,0.0
2018-02-18,0.0
2018-02-19,0.0
2018-02-20,0.0
2018-02-21,0.0
2018-02-22,0.0
2018-02-23,3.5384420188166796
2018-02-24,0.0
2018-02-25,0.0
2018-02-26,0.0
2018-02-27,0.0
2018-02-28,0.0
2018-03-01,0.0
2018-03-02,0.0
2018-03-03,0.0
2018-03-04,0.0
2018-03-05,0.0
2018-03-06,0.0
2018-03-07,0.0
2018-03-08,0.0
2018-03-09,0.0
2018-03-10,0.0
2018-03-11,0.0
2018-03-12,0.0
2018-03-13,0.0
2018-03-14,0.0
2018-03-15,0.0
2018-03-16,0.0
2018-03-17,0.0
2018-03-18,0.0
2018-03-19,0.0
2018-03-20,0.0
2018-03-21,0.0
2018-03-22,0.0
2018-03-23,0.0
2018-03-24,0.0
2018-03-25,0.0
2018-03-26,0.0
2018-03-27,0.0
2018-03-28,0.0
2018-03-29,0.0
2018-03-30,0.0
2018-03-31,0.0
2018-04-01,0.0
2018-04-02,0.0
2018-04-03,0.0
2018-04-04,0.0
2018-04-05,4.280612572371854
2018-04-06,0.0
2018-04-07,0.0
2018-04-08,0.0
2018-04-09,0.0
2018-04-10,5.429510523240095
2018-04-11,0.047066015726304665
2018-04-12,0.0
2018-04-13,0.0
2018-04-14,0.0
2018-04-15,25.820511841650852
2018-04-16,0.0
2018-04-17,0.0
2018-04-18,0.0
2018-04-19,0.0
2018-04-20,0.0
2018-04-21,0.0
2018-04-22,0.0
2018-04-23,0.0
2018-04-24,0.0
2018-04-25,5.17721685072891
2018-04-26,0.0
2018-04-27,3.7960670773371077
2018-04-28,0.0
2018-04-29,0.0
2018-04-30,6.996876675642304
2018-05-01,0.0
2018-05-02,0.0
2018-05-03,0.0
2018-05-04,0.0
2018-05-05,0.0
2018-05-06,0.0
2018-05-07,0.0
2018-05-08,0.0
2018-05-09,0.0
2018-05-10,4.090466747619926
2018-05-11,0.3892857955065086
2018-05-12,0.0
2018-05-13,0.0
2018-05-14,0.0
2018-05-15,0.0
2018-05-16,0.0
2018-05-17,0.0
2018-05-18,0.0
2018-05-19,0.0
2018-05-20,0.0
2018-05-21,0.0
2018-05-22,0.0
2018-05-23,0.0
2018-05-24,0.0
2018-05-25,0.0
2018-05-26,0.0
2018-05-27,0.0
2018-05-28,0.0
2018-05-29,0.0
2018-05-30,0.0
2018-05-31,22.30863875111212
2018-06-01,0.0
2018-06-02,0.0
2018-06-03,9.719368507089875
2018-06-04,5.985930554967936
2018-06-05,0.0
2018-06-06,0.0
2018-06-07,0.0
2018-06-08,0.0
2018-06-09,0.0
2018-06-10,0.05413313892160128
2018-06-11,0.0
2018-06-12,2.3902398691813995
2018-06-13,1.6095215038243598
2018-06-14,4.780479738362799
2018-06-15,0.0
2018-06-16,4.390870979279957
2018-06-17,12.658363370415271
2018-06-18,15.660549442098002
2018-06-19,0.0
2018-06-20,0.0
2018-06-21,0.0
2018-06-22,0.0
2018-06-23,17.13503199161786
2018-06-24,7.183694672404002
2018-06-25,0.0
2018-06-26,5.997447756553438
2018-06-27,0.0
2018-06-28,2.998723878276719
2018-06-29,2.998723878276719
2018-06-30,0.0
2018-07-01,1.1625750843337914
2018-07-02,0.0
2018-07-03,0.0
2018-07-04,1.1111118318810755
2018-07-05,1.1625750843337914
2018-07-06,17.471492810239205
2018-07-07,0.0
2018-07-08,0.0
2018-07-09,8.735746405119603
2018-07-10,0.0
2018-07-11,0.0
2018-07-12,0.0
2018-07-13,8.025987211298176
2018-07-14,0.0
2018-07-15,0.0
2018-07-16,0.0
2018-07-17,0.0
2018-07-18,0.0
2018-07-19,0.0
2018-07-20,0.0
2018-07-21,0.0
2018-07-22,0.0
2018-07-23,0.0
2018-07-24,0.0
2018-07-25,0.0
2018-07-26,0.0
2018-07-27,0.0
2018-07-28,0.10406212146051884
2018-07-29,1.5427762617332317
2018-07-30,4.278526017841338
2018-07-31,8.743997170256407
2018-08-01,7.8011820107756025
2018-08-02,11.057284984359589
2018-08-03,0.0
2018-08-04,0.0
2018-08-05,2.3239950263084364
2018-08-06,0.0
2018-08-07,13.865793132126319
2018-08-08,13.865793132126319
2018-08-09,14.025135818499335
2018-08-10,0.0
2018-08-11,0.0
2018-08-12,0.0
2018-08-13,1.3608014480479145
2018-08-14,3.9879438121807618
2018-08-15,0.0
2018-08-16,5.065537667616659
2018-08-17,13.308244293884147
2018-08-18,2.4254857753689856
2018-08-19,5.4219735601391505
2018-08-20,1.6787743969183893
2018-08-21,10.462695328269183
2018-08-22,0.0
2018-08-23,6.09336094790847
2018-08-24,0.0
2018-08-25,5.879278570354105
2018-08-26,1.2587418330507738
2018-08-27,13.987631163639259
2018-08-28,4.3103095412885075
2018-08-29,1.4710697175824727
2018-08-30,0.0
2018-08-31,3.985059223190759
2018-09-01,0.0
2018-09-02,0.0
2018-09-03,0.22909298678244855
2018-09-04,13.260704176449266
2018-09-05,9.093194569010391
2018-09-06,0.0
2018-09-07,0.0
2018-09-08,0.0
2018-09-09,3.668031511169888
2018-09-10,3.903530332324009
2018-09-11,0.0
2018-09-12,8.73996790950374
2018-09-13,6.279546081545809
2018-09-14,0.0
2018-09-15,1.0922576987433297
2018-09-16,0.0
2018-09-17,0.0
2018-09-18,0.0
2018-09-19,1.7099714067670184
2018-09-20,11.794265074908635
2018-09-21,0.0
2018-09-22,7.03647759397103
2018-09-23,0.0
2018-09-24,18.67571891061564
2018-09-25,0.31950986085839816
2018-09-26,5.164105600078411
2018-09-27,3.695870127872954
2018-09-28,15.631082029958725
2018-09-29,0.0
2018-09-30,0.0
2018-10-01,0.0
2018-10-02,0.0
2018-10-03,0.0
2018-10-04,8.63929823105641
2018-10-05,0.0
2018-10-06,0.0
2018-10-07,0.0
2018-10-08,0.0
2018-10-09,0.0
2018-10-10,0.0
2018-10-11,0.0
2018-10-12,0.0
2018-10-13,0.0
2018-10-14,0.0
2018-10-15,0.0
2018-10-16,3.5408506224833225
2018-10-17,0.0
2018-10-18,22.740451093870163
2018-10-19,0.09727173324728543
2018-10-20,0.0857682060848657
2018-10-21,0.16013846629903905
2018-10-22,8.034647154278526
2018-10-23,0.0
2018-10-24,0.0
2018-10-25,0.0
2018-10-26,0.0
2018-10-27,0.0
2018-10-28,0.0899073280158259
2018-10-29,0.0
2018-10-30,0.0
2018-10-31,0.0
2018-11-01,0.0
2018-11-02,18.77985961790061
2018-11-03,0.0
2018-11-04,3.936298873379736
2018-11-05,0.0
2018-11-06,0.0
2018-11-07,0.0
2018-11-08,0.0
2018-11-09,0.0
2018-11-10,0.0
2018-11-11,0.0
2018-11-12,0.0
2018-11-13,0.0
2018-11-14,0.0
2018-11-15,0.0
2018-11-16,0.0
2018-11-17,0.0
2018-11-18,0.0
2018-11-19,0.0
2018-11-20,0.0
2018-11-21,0.0
2018-11-22,0.0
2018-11-23,0.0
2018-11-24,0.0
2018-11-25,0.0
2018-11-26,0.0
2018-11-27,0.0
2018-11-28,0.0
2018-11-29,0.0
2018-11-30,0.0
2018-12-01,0.0
2018-12-02,0.0
2018-12-03,0.0
2018-12-04,0.0
2018-12-05,4.908876651087948
2018-12-06,0.0
2018-12-07,0.0
2018-12-08,0.0
2018-12-09,0.0
2018-12-10,0.0
2018-12-11,0.0
2018-12-12,0.0
2018-12-13,0.0
2018-12-14,0.0
2018-12-15,0.0
2018-12-16,0.0
2018-12-17,0.0
2018-12-18,0.0
2018-12-19,0.0
2018-12-20,1.2320466453243568
2018-12-21,0.0
2018-12-22,0.0
2018-12-23,0.0
2018-12-24,0.0
2018-12-25,3.0669001642373472
2018-12-26,0.0
2018-12-27,0.0
2018-12-28,0.0
2018-12-29,0.0
2018-12-30,0.0
2018-12-31,0.0
2019-01-01,0.0
2019-01-02,0.0
2019-01-03,0.0
2019-01-04,0.0
2019-01-05,0.0
2019-01-06,0.0
2019-01-07,0.0
2019-01-08,0.0
2019-01-09,0.0
2019-01-10,0.0
2019-01-11,0.0
2019-01-12,0.0
2019-01-13,0.0
2019-01-14,5.534505699794527
2019-01-15,0.0
2019-01-16,0.0
2019-01-17,0.0
2019-01-18,0.0
2019-01-19,0.0
2019-01-20,8.189381821989553
2019-01-21,0.0
2019-01-22,0.0
2019-01-23,0.0
2019-01-24,0.0
2019-01-25,0.0
2019-01-26,0.0
2019-01-27,4.417453560739877
2019-01-28,0.0
2019-01-29,0.0
2019-01-30,0.0
2019-01-31,0.0
2019-02-01,0.0
2019-02-02,0.0
2019-02-03,0.0
2019-02-04,0.0
2019-02-05,0.0
2019-02-06,0.0
2019-02-07,0.0
2019-02-08,0.0
2019-02-09,0.0
2019-02-10,0.0
2019-02-11,0.0
2019-02-12,0.0
2019-02-13,0.20005070514689224
2019-02-14,0.0
2019-02-15,0.0
2019-02-16,0.0
2019-02-17,3.5056569268297593
2019-02-18,0.0
2019-02-19,0.0
2019-02-20,0.0
2019-02-21,0.0
2019-02-22,0.0
2019-02-23,0.0
2019-02-24,0.0
2019-02-25,3.376599219922302
2019-02-26,0.0
2019-02-27,0.0
2019-02-28,0.0
2019-03-01,0.0
2019-03-02,0.0
2019-03-03,0.0
2019-03-04,0.0
2019-03-05,0.0
2019-03-06,0.0
2019-03-07,0.0
2019-03-08,0.0
2019-03-09,0.0
2019-03-10,0.0
2019-03-11,0.0
2019-03-12,0.0
2019-03-13,0.0
2019-03-14,0.0
2019-03-15,0.0
2019-03-16,0.0
2019-03-17,0.10074727893974741
2019-03-18,0.09597740100672901
2019-03-19,0.0
2019-03-20,0.0
2019-03-21,0.0
2019-03-22,0.0
2019-03-23,0.0
2019-03-24,0.0
2019-03-25,0.0
2019-03-26,0.0
2019-03-27,0.0
2019-03-28,0.0
2019-03-29,0.0
2019-03-30,0.0
2019-03-31,0.0
2019-04-01,0.0
2019-04-02,0.0
2019-04-03,0.0
2019-04-04,0.0
2019-04-05,0.0
2019-04-06,0.0
2019-04-07,1.584405114290187
2019-04-08,0.0
2019-04-09,29.394443089497525
2019-04-10,0.0
2019-04-11,0.0
2019-04-12,0.0
2019-04-13,0.0
2019-04-14,0.0
2019-04-15,3.6491480187288343
2019-04-16,1.0392287330203225
2019-04-17,0.0
2019-04-18,0.0
2019-04-19,0.0
2019-04-20,0.0
2019-04-21,3.6775013263040583
2019-04-22,0.8205286735055096
2019-04-23,10.663984398626885
2019-04-24,0.44204923939886925
2019-04-25,0.0
2019-04-26,0.0
2019-04-27,4.667773865416139
2019-04-28,0.0
2019-04-29,0.0
2019-04-30,0.0
2019-05-01,0.0
2019-05-02,0.0
2019-05-03,0.0
2019-05-04,0.0
2019-05-05,1.4316995610031447
2019-05-06,46.54090901966331
2019-05-07,0.0
2019-05-08,0.0
2019-05-09,0.0
2019-05-10,0.0
2019-05-11,0.0
2019-05-12,0.0
2019-05-13,0.0
2019-05-14,0.0
2019-05-15,0.0
2019-05-16,0.03264924315329389
2019-05-17,0.0
2019-05-18,0.0
2019-05-19,0.0
2019-05-20,0.0
2019-05-21,0.0
2019-05-22,0.0
2019-05-23,0.0
2019-05-24,0.0
2019-05-25,0.0
2019-05-26,0.0
2019-05-27,0.0
2019-05-28,0.0
2019-05-29,0.0
2019-05-30,0.0
2019-05-31,4.640476325216717
2019-06-01,17.011847001293198
2019-06-02,23.04784148067921
2019-06-03,6.233833961144177
2019-06-04,0.0
2019-06-05,0.0
2019-06-06,0.0
2019-06-07,0.0
2019-06-08,0.0
2019-06-09,0.0
2019-06-10,0.0
2019-06-11,2.666416304724014
2019-06-12,16.455217419553527
2019-06-13,64.56625911131431
2019-06-14,3.0375664012534767
2019-06-15,1.754926826259472
2019-06-16,6.208786299748139
2019-06-17,0.0
2019-06-18,0.0
2019-06-19,0.0
2019-06-20,0.0
2019-06-21,0.0
2019-06-22,0.0
2019-06-23,0.0
2019-06-24,0.0
2019-06-25,0.0
2019-06-26,0.0
2019-06-27,0.0
2019-06-28,7.189507008807474
2019-06-29,0.07663901814624911
2019-06-30,26.492993734992012
2019-07-01,11.098327015620338
2019-07-02,10.083764660801458
2019-07-03,0.0
2019-07-04,10.083764660801458
2019-07-05,0.0
2019-07-06,8.254977016535388
2019-07-07,4.169435262400564
2019-07-08,8.198011161777728
2019-07-09,0.0
2019-07-10,0.0
2019-07-11,0.0
2019-07-12,4.949062705776465
2019-07-13,5.196214179214942
2019-07-14,0.0
2019-07-15,0.0
2019-07-16,0.9775993450321792
2019-07-17,6.056458053157396
2019-07-18,6.056458053157396
2019-07-19,0.0
2019-07-20,0.0
2019-07-21,10.134513400517474
2019-07-22,3.3781711357089956
2019-07-23,0.7540525009781451
2019-07-24,0.0
2019-07-25,0.7572770833674523
2019-07-26,7.303538503043458
2019-07-27,5.95039935373812
2019-07-28,7.0294735872280585
2019-07-29,0.0
2019-07-30,0.0
2019-07-31,2.5533230709371666
2019-08-01,6.441526287194159
2019-08-02,0.06818114690324696
2019-08-03,0.0
2019-08-04,1.269347350255877
2019-08-05,1.2497916874034858
2019-08-06,2.9513137037112056
2019-08-07,0.0
2019-08-08,0.0
2019-08-09,0.0
2019-08-10,5.849308107461484
2019-08-11,0.0
2019-08-12,0.0
2019-08-13,0.5729254916816882
2019-08-14,2.870088988918921
2019-08-15,2.870088988918921
2019-08-16,5.915425800761238
2019-08-17,0.13589663583055536
2019-08-18,0.0
2019-08-19,5.915425800761238
2019-08-20,5.915425800761238
2019-08-21,14.138067907220908
2019-08-22,11.978059042702263
2019-08-23,0.0
2019-08-24,0.0
2019-08-25,0.0
2019-08-26,0.0
2019-08-27,0.0
2019-08-28,2.909049340090295
2019-08-29,3.1947036120343397
2019-08-30,0.0
2019-08-31,14.968656810235
2019-09-01,0.6502213701074674
2019-09-02,4.209846648714282
2019-09-03,0.0
2019-09-04,7.685316417998541
2019-09-05,0.0
2019-09-06,5.679240227334799
2019-09-07,0.0
2019-09-08,11.358480454669598
2019-09-09,0.0
2019-09-10,16.723756087693868
2019-09-11,30.396161163374085
2019-09-12,0.0
2019-09-13,0.0
2019-09-14,0.0
2019-09-15,3.581450302232313
2019-09-16,0.0
2019-09-17,0.0
2019-09-18,0.0
2019-09-19,0.0
2019-09-20,0.0
2019-09-21,0.0
2019-09-22,0.0
2019-09-23,10.453732258609636
2019-09-24,0.0
2019-09-25,0.0
2019-09-26,8.35717526530032
2019-09-27,18.313595607510905
2019-09-28,0.0
2019-09-29,0.0
2019-09-30,0.0
2019-10-01,0.0
2019-10-02,0.0
2019-10-03,0.0
2019-10-04,0.0
2019-10-05,0.0
2019-10-06,3.8196780655927407
2019-10-07,0.0
2019-10-08,0.7048896173483155
2019-10-09,4.707505983910973
2019-10-10,3.3277485094093695
2019-10-11,4.1747632869820395
2019-10-12,0.0
2019-10-13,0.0
2019-10-14,0.0
2019-10-15,6.169892037711366
2019-10-16,3.6742036689337336
2019-10-17,12.015024298063695
2019-10-18,10.082195362988685
2019-10-19,0.0
2019-10-20,0.0
2019-10-21,0.0
2019-10-22,10.514955337829461
2019-10-23,3.7272272587683624
2019-10-24,0.0
2019-10-25,0.0
2019-10-26,3.440223767995133
2019-10-27,8.710360832798706
2019-10-28,0.0
2019-10-29,10.02799276758259
2019-10-30,0.09439319907548184
2019-10-31,0.0
2019-11-01,0.0
2019-11-02,0.30505923942645924
2019-11-03,16.57415207933346
2019-11-04,0.0
2019-11-05,22.16406509014595
2019-11-06,0.0
2019-11-07,0.0
2019-11-08,0.0
2019-11-09,0.0
2019-11-10,0.0
2019-11-11,0.09504491689951064
2019-11-12,2.3018777610774994
2019-11-13,2.0003605131579794
2019-11-14,3.2921833271982273
2019-11-15,2.4895495981128137
2019-11-16,0.0
2019-11-17,0.0
2019-11-18,0.0
2019-11-19,0.0
2019-11-20,0.0
2019-11-21,0.0
2019-11-22,0.0
2019-11-23,0.0
2019-11-24,0.0
2019-11-25,0.0
2019-11-26,0.0
2019-11-27,0.0
2019-11-28,0.0
2019-11-29,0.0
2019-11-30,0.0
2019-12-01,0.0
2019-12-02,7.041439525695019
2019-12-03,0.0
2019-12-04,0.0
2019-12-05,0.0
2019-12-06,0.0
2019-12-07,0.0
2019-12-08,6.694137696005508
2019-12-09,0.0
2019-12-10,0.0
2019-12-11,3.8134195731853473
2019-12-12,0.0
2019-12-13,0.0
2019-12-14,0.0
2019-12-15,0.0
2019-12-16,0.0
2019-12-17,0.0
2019-12-18,0.0
2019-12-19,0.0
2019-12-20,0.0
2019-12-21,0.0
2019-12-22,0.0
2019-12-23,0.0
2019-12-24,0.0
2019-12-25,0.0
2019-12-26,0.0
2019-12-27,0.0
2019-12-28,0.0
2019-12-29,0.0
2019-12-30,0.0
2019-12-31,7.178469813414272
2020-01-01,0.06219688783907955
2020-01-02,0.0
2020-01-03,0.0
2020-01-04,0.0796768216848396
2020-01-05,0.0
2020-01-06,0.0
2020-01-07,0.0
2020-01-08,0.0
2020-01-09,0.0
2020-01-10,0.0
2020-01-11,0.0
2020-01-12,0.0
2020-01-13,0.0
2020-01-14,0.0
2020-01-15,0.0
2020-01-16,0.0
2020-01-17,0.0
2020-01-18,0.0
2020-01-19,0.0
2020-01-20,0.0
2020-01-21,0.0
2020-01-22,0.0
2020-01-23,0.0
2020-01-24,11.11375621105182
2020-01-25,0.0
2020-01-26,0.0
2020-01-27,0.0
2020-01-28,0.0
2020-01-29,0.0
2020-01-30,0.0
2020-01-31,0.0
2020-02-01,6.26253968149606
2020-02-02,0.0
2020-02-03,0.0
2020-02-04,0.0
2020-02-05,0.0
2020-02-06,0.0
2020-02-07,0.0
2020-02-08,0.0
2020-02-09,0.0
2020-02-10,0.0
2020-02-11,0.0
2020-02-12,0.0
2020-02-13,0.0
2020-02-14,0.0
2020-02-15,0.0
2020-02-16,5.107145420155799
2020-02-17,0.0
2020-02-18,0.0
2020-02-19,0.0
2020-02-20,0.0
2020-02-21,0.0
2020-02-22,0.7504529661126559
2020-02-23,0.0
2020-02-24,0.0
2020-02-25,0.0
2020-02-26,0.0
2020-02-27,0.0
2020-02-28,0.0
2020-02-29,0.0
2020-03-01,0.0
2020-03-02,0.0
2020-03-03,0.0
2020-03-04,0.0
2020-03-05,0.0
2020-03-06,0.0
2020-03-07,0.0
2020-03-08,0.0
2020-03-09,0.0
2020-03-10,0.0
2020-03-11,0.0
2020-03-12,0.0
2020-03-13,0.0
2020-03-14,0.0
2020-03-15,0.0
2020-03-16,0.0
2020-03-17,0.0
2020-03-18,0.0
2020-03-19,0.0
2020-03-20,0.0
2020-03-21,0.0
2020-03-22,0.0
2020-03-23,0.0
2020-03-24,0.0
2020-03-25,0.0
2020-03-26,0.0
2020-03-27,0.0
2020-03-28,0.0
2020-03-29,0.0
2020-03-30,0.0
2020-03-31,0.0
2020-04-01,0.0
2020-04-02,0.0
2020-04-03,0.0
2020-04-04,0.0
2020-04-05,0.0
2020-04-06,0.0
2020-04-07,0.0
2020-04-08,0.0
2020-04-09,0.0
2020-04-10,0.0
2020-04-11,0.0
2020-04-12,0.0
2020-04-13,0.0
2020-04-14,0.0
2020-04-15,0.0
2020-04-16,0.0
2020-04-17,0.0
2020-04-18,0.0
2020-04-19,0.0
2020-04-20,2.3246295711513216
2020-04-21,0.0
2020-04-22,0.0
2020-04-23,0.0
2020-04-24,0.0
2020-04-25,0.8611274118021301
2020-04-26,5.450115995640062
2020-04-27,0.0
2020-04-28,0.0
2020-04-29,0.0
2020-04-30,0.0
2020-05-01,0.0
2020-05-02,0.0
2020-05-03,0.0
2020-05-04,0.0
2020-05-05,0.0
2020-05-06,0.0
2020-05-07,0.0
2020-05-08,0.0
2020-05-09,0.0
2020-05-10,0.0
2020-05-11,0.0
2020-05-12,0.0
2020-05-13,0.0
2020-05-14,0.0
2020-05-15,0.0
2020-05-16,0.0
2020-05-17,3.8117981544258708
2020-05-18,0.0
2020-05-19,0.0
2020-05-20,0.0
2020-05-21,3.658524014055965
2020-05-22,10.873546077804539
2020-05-23,16.933228001834607
2020-05-24,1.305298829306798
2020-05-25,0.05442928571298982
2020-05-26,0.0
2020-05-27,0.0
2020-05-28,0.0
2020-05-29,37.38392771858154
2020-05-30,34.072659244095604
2020-05-31,34.072659244095604
2020-06-01,36.7637376065256
2020-06-02,29.10224302964033
2020-06-03,7.816636547013329
2020-06-04,54.61950059582614
2020-06-05,22.851619707224835
2020-06-06,0.0
2020-06-07,0.0
2020-06-08,0.0
2020-06-09,0.0
2020-06-10,0.0
2020-06-11,0.3608057378430904
2020-06-12,0.5576989695878778
2020-06-13,0.7894385361229177
2020-06-14,0.5475069594708807
2020-06-15,0.6655969496549539
2020-06-16,0.0
2020-06-17,0.0
2020-06-18,7.089295681410559
2020-06-19,0.01680103298738739
2020-06-20,0.0
2020-06-21,0.0
2020-06-22,0.0
2020-06-23,9.024933124137721
2020-06-24,0.0
2020-06-25,7.25701222955903
2020-06-26,0.0
2020-06-27,0.0
2020-06-28,0.0
2020-06-29,8.323538951893717
2020-06-30,0.0
2020-07-01,0.0
2020-07-02,0.0
2020-07-03,7.238325024294706
2020-07-04,3.619162512147353
2020-07-05,0.0
2020-07-06,2.1661425504009744
2020-07-07,0.0
2020-07-08,0.0
2020-07-09,0.7960558271874901
2020-07-10,9.276767071649402
2020-07-11,5.3920619118007025
2020-07-12,0.0
2020-07-13,0.0
2020-07-14,0.0
2020-07-15,0.0
2020-07-16,0.39700866290168807
2020-07-17,4.197036046596267
2020-07-18,5.591480652226872
2020-07-19,2.764109019947925
2020-07-20,4.498808090682945
2020-07-21,0.0
2020-07-22,0.0
2020-07-23,11.712562487612834
2020-07-24,8.67411624394612
2020-07-25,0.0
2020-07-26,2.8401450344060066
2020-07-27,1.8491125124185117
2020-07-28,0.496253565728534
2020-07-29,0.0
2020-07-30,2.836492122535873
2020-07-31,0.029435930258722477
2020-08-01,0.0
2020-08-02,0.0
2020-08-03,0.0
2020-08-04,0.0
2020-08-05,0.13151227044420158
2020-08-06,11.636989182189806
2020-08-07,5.689044758744993
2020-08-08,0.0
2020-08-09,2.43684970375114
2020-08-10,3.7493183736327085
2020-08-11,1.3639452158073402
2020-08-12,0.0
2020-08-13,6.244797866289991
2020-08-14,6.4410561678606975
2020-08-15,0.0
2020-08-16,6.332743976429128
2020-08-17,0.0
2020-08-18,0.0
2020-08-19,4.307177179383864
2020-08-20,2.530937396916879
2020-08-21,4.483779601919648
2020-08-22,0.0
2020-08-23,0.0
2020-08-24,12.998805998154467
2020-08-25,6.9985262703216495
2020-08-26,0.0
2020-08-27,0.0
2020-08-28,9.327715100548025
2020-08-29,0.0
2020-08-30,0.0
2020-08-31,0.0
2020-09-01,0.0
2020-09-02,0.0
2020-09-03,8.784103089199542
2020-09-04,17.568206178399084
2020-09-05,0.0
2020-09-06,0.0
2020-09-07,0.0
2020-09-08,0.0
2020-09-09,4.099543976986948
2020-09-10,11.368550342022838
2020-09-11,21.82603406892531
2020-09-12,4.510642870008139
2020-09-13,4.649462206329007
2020-09-14,19.333138492077694
2020-09-15,19.569549111008904
2020-09-16,7.402304410503885
2020-09-17,6.976171090009679
2020-09-18,6.492611020832725
2020-09-19,6.942527222066075
2020-09-20,8.484700171518352
2020-09-21,0.0
2020-09-22,0.0
2020-09-23,0.0
2020-09-24,0.0
2020-09-25,10.05645365334772
2020-09-26,15.388629221619341
2020-09-27,12.204121148462022
2020-09-28,13.852840266738214
2020-09-29,3.0730360670204226
2020-09-30,12.279970006782921
2020-10-01,51.44840739762359
2020-10-02,18.1527841039413
2020-10-03,47.06896117077776
2020-10-04,29.682867367095458
2020-10-05,0.0
2020-10-06,43.28314320960962
2020-10-07,34.42742679416955
2020-10-08,22.342801267035735
2020-10-09,0.0
2020-10-10,10.917992325059938
2020-10-11,9.451056759654241
2020-10-12,0.0
2020-10-13,0.0782410240602392
2020-10-14,0.0
2020-10-15,0.0
2020-10-16,0.0
2020-10-17,0.0
2020-10-18,0.0
2020-10-19,0.0
2020-10-20,0.0
2020-10-21,0.0
2020-10-22,0.0
2020-10-23,30.98410908563944
2020-10-24,0.0
2020-10-25,0.0
2020-10-26,7.676501262249523
2020-10-27,47.1005970470519
2020-10-28,3.306419898004042
2020-10-29,6.972279162845488
2020-10-30,8.334591657811803
2020-10-31,4.896791858009578
2020-11-01,3.3896296026513095
2020-11-02,6.412782673176614
2020-11-03,0.0
2020-11-04,0.0
2020-11-05,10.415959954748995
2020-11-06,0.0
2020-11-07,0.0
2020-11-08,0.0
2020-11-09,0.0
2020-11-10,0.0
2020-11-11,0.18093261297855812
2020-11-12,0.0
2020-11-13,0.0
2020-11-14,0.0
2020-11-15,0.0
2020-11-16,0.0
2020-11-17,0.0
2020-11-18,0.0
2020-11-19,0.0
2020-11-20,0.0
2020-11-21,2.726229251362059
2020-11-22,0.0
2020-11-23,0.0
2020-11-24,0.0
2020-11-25,0.0
2020-11-26,0.0
2020-11-27,0.0
2020-11-28,0.0
2020-11-29,0.0
2020-11-30,9.248381643691403
2020-12-01,0.0
2020-12-02,0.0
2020-12-03,0.0
2020-12-04,0.0
2020-12-05,0.0
2020-12-06,0.0
2020-12-07,3.0996641720541946
2020-12-08,0.0
2020-12-09,0.0
2020-12-10,0.0
2020-12-11,0.0
2020-12-12,0.0
2020-12-13,0.0
2020-12-14,5.504293441304124
2020-12-15,0.0
2020-12-16,0.0
2020-12-17,1.1196135417539517
2020-12-18,0.0
2020-12-19,0.0
2020-12-20,0.0
2020-12-21,5.30469591682622
2020-12-22,0.0
2020-12-23,0.0
2020-12-24,0.0
2020-12-25,0.0
2020-12-26,0.06863406447559331
2020-12-27,0.0
2020-12-28,0.0
2020-12-29,0.0
2020-12-30,0.0
2020-12-31,0.0
2021-01-01,0.0
2021-01-02,0.0
2021-01-03,0.0
2021-01-04,5.441550584013601
2021-01-05,0.0
2021-01-06,0.0
2021-01-07,1.2138237639101683
2021-01-08,0.0
2021-01-09,0.0
2021-01-10,0.0
2021-01-11,0.0
2021-01-12,0.0
2021-01-13,0.0
2021-01-14,0.0
2021-01-15,0.0
2021-01-16,0.0
2021-01-17,0.0
2021-01-18,0.0
2021-01-19,0.638294537001016
2021-01-20,0.0
2021-01-21,0.0
2021-01-22,0.0
2021-01-23,0.0
2021-01-24,0.0
2021-01-25,0.0
2021-01-26,0.0
2021-01-27,0.0
2021-01-28,5.386014840533608
2021-01-29,0.0
2021-01-30,0.0
2021-01-31,0.0
2021-02-01,1.6194998555902078
2021-02-02,10.193325866263159
2021-02-03,0.0
2021-02-04,0.0
2021-02-05,0.0
2021-02-06,0.0
2021-02-07,0.0
2021-02-08,0.0
2021-02-09,1.1811128716933665
2021-02-10,9.278951981068937
2021-02-11,0.0
2021-02-12,0.0
2021-02-13,10.638694657219778
2021-02-14,0.0
2021-02-15,0.0
2021-02-16,0.0
2021-02-17,0.0
2021-02-18,0.0
2021-02-19,10.17426360013408
2021-02-20,0.0
2021-02-21,10.650437328422127
2021-02-22,0.0
2021-02-23,0.0
2021-02-24,0.0
2021-02-25,0.0
2021-02-26,0.0
2021-02-27,0.0
2021-02-28,5.6480789014006945
2021-03-01,0.0
2021-03-02,0.0
2021-03-03,0.0
2021-03-04,0.0
2021-03-05,0.0
2021-03-06,0.0
2021-03-07,0.0
2021-03-08,0.0
2021-03-09,0.0
2021-03-10,0.0
2021-03-11,0.7336337991726624
2021-03-12,0.0
2021-03-13,0.0
2021-03-14,0.0
2021-03-15,0.0
2021-03-16,0.0
2021-03-17,0.0
2021-03-18,0.0
2021-03-19,0.0
2021-03-20,0.0
2021-03-21,0.6990724198662522
2021-03-22,0.0
2021-03-23,0.0
2021-03-24,0.0
2021-03-25,0.0
2021-03-26,0.0
2021-03-27,0.0
2021-03-28,0.0
2021-03-29,0.0
2021-03-30,0.0
2021-03-31,0.0
2021-04-01,0.0
2021-04-02,0.0
2021-04-03,0.0
2021-04-04,0.0
2021-04-05,0.0
2021-04-06,0.0
2021-04-07,17.427163969287136
2021-04-08,0.0
2021-04-09,0.0
2021-04-10,3.2479915953829157
2021-04-11,0.0
2021-04-12,0.0
2021-04-13,0.0
2021-04-14,0.0
2021-04-15,0.0
2021-04-16,0.0
2021-04-17,0.0
2021-04-18,0.0
2021-04-19,0.0
2021-04-20,2.112793757941708
2021-04-21,3.1700737558457983
2021-04-22,0.0
2021-04-23,0.0
2021-04-24,0.0
2021-04-25,0.0
2021-04-26,0.0
2021-04-27,0.0
2021-04-28,0.0
2021-04-29,4.8083610187498245
2021-04-30,0.0
2021-05-01,0.0
2021-05-02,0.8560253188995545
2021-05-03,0.0
2021-05-04,0.0
2021-05-05,0.0
2021-05-06,0.0
2021-05-07,0.0
2021-05-08,0.0
2021-05-09,0.0
2021-05-10,0.0
2021-05-11,0.0
2021-05-12,0.0
2021-05-13,0.0
2021-05-14,6.149626818090906
2021-05-15,0.0
2021-05-16,4.108020038397461
2021-05-17,0.0
2021-05-18,0.0
2021-05-19,0.0
2021-05-20,13.319330504731992
2021-05-21,9.67576244352314
2021-05-22,9.575502116050993
2021-05-23,6.470242342371659
2021-05-24,19.151004232101986
2021-05-25,0.0
2021-05-26,0.0
2021-05-27,0.0
2021-05-28,0.0
2021-05-29,0.0
2021-05-30,0.0
2021-05-31,0.0
2021-06-01,0.0
2021-06-02,0.0
2021-06-03,0.0
2021-06-04,0.0
2021-06-05,0.0
2021-06-06,0.0
2021-06-07,0.0
2021-06-08,0.0
2021-06-09,5.820120340199903
2021-06-10,10.53928896790353
2021-06-11,9.789727444590275
2021-06-12,14.474425153270316
2021-06-13,7.020241597077733
2021-06-14,2.5355167943058095
2021-06-15,22.66738604692529
2021-06-16,87.87521194430448
2021-06-17,29.427838345714306
2021-06-18,14.889423743092902
2021-06-19,25.646843659705194
2021-06-20,0.0
2021-06-21,0.0
2021-06-22,0.0
2021-06-23,0.0
2021-06-24,0.0
2021-06-25,0.0
2021-06-26,0.0
2021-06-27,5.984335882931202
2021-06-28,11.968671765862403
2021-06-29,5.881972546322588
2021-06-30,0.0
2021-07-01,0.0
2021-07-02,13.729690226010486
2021-07-03,0.0
2021-07-04,0.0
2021-07-05,0.0
2021-07-06,0.0
2021-07-07,1.3424090292994386
2021-07-08,0.0
2021-07-09,0.0
2021-07-10,0.0
2021-07-11,0.0
2021-07-12,0.0
2021-07-13,9.62362853574975
2021-07-14,9.62362853574975
2021-07-15,16.141152634433475
2021-07-16,0.0
2021-07-17,5.874982899035941
2021-07-18,8.354490879570559
2021-07-19,5.874982899035941
2021-07-20,0.0
2021-07-21,0.0
2021-07-22,4.501235782905618
2021-07-23,0.0
2021-07-24,5.2497208081274325
2021-07-25,0.0
2021-07-26,0.04083872858163571
2021-07-27,3.4540055833592413
2021-07-28,6.908011166718483
2021-07-29,3.4540055833592413
2021-07-30,3.3131397051929534
2021-07-31,0.0
2021-08-01,5.095322031812085
2021-08-02,2.289590934260855
2021-08-03,1.50235833895243
2021-08-04,0.9445321028425118
2021-08-05,0.0
2021-08-06,9.225265739482488
2021-08-07,0.0
2021-08-08,7.618266858970869
2021-08-09,7.247178581803899
2021-08-10,0.0
2021-08-11,0.7926958639185204
2021-08-12,7.943821408708365
2021-08-13,0.0
2021-08-14,0.0
2021-08-15,1.8232957392905496
2021-08-16,5.83813515817757
2021-08-17,0.0
2021-08-18,0.0
2021-08-19,5.83813515817757
2021-08-20,11.67627031635514
2021-08-21,0.0
2021-08-22,0.0
2021-08-23,12.815616270467233
2021-08-24,5.785876191894022
2021-08-25,0.0
2021-08-26,0.0
2021-08-27,0.0
2021-08-28,0.0
2021-08-29,13.626836653819
2021-08-30,13.626836653819
2021-08-31,0.0
2021-09-01,0.0
2021-09-02,0.0
2021-09-03,0.0
2021-09-04,25.618770202099128
2021-09-05,2.587149899212031
2021-09-06,23.26568687156637
2021-09-07,46.07243650368902
2021-09-08,11.632843435783185
2021-09-09,14.41832408842182
2021-09-10,17.454117984262307
2021-09-11,35.57213772477425
2021-09-12,13.476579762644231
2021-09-13,0.0
2021-09-14,0.0
2021-09-15,0.0
2021-09-16,0.0
2021-09-17,7.674814331929228
2021-09-18,11.588973806312517
2021-09-19,0.0
2021-09-20,0.0
2021-09-21,0.0
2021-09-22,0.0
2021-09-23,0.03439465784639043
2021-09-24,0.0
2021-09-25,0.0
2021-09-26,0.0
2021-09-27,16.602458336143087
2021-09-28,0.0
2021-09-29,0.0
2021-09-30,0.0
2021-10-01,0.0
2021-10-02,0.0
2021-10-03,0.0
2021-10-04,0.0
2021-10-05,0.0
2021-10-06,13.66944343744679
2021-10-07,27.056895993136067
2021-10-08,0.0
2021-10-09,0.0
2021-10-10,0.0
2021-10-11,0.0
2021-10-12,0.0
2021-10-13,0.0
2021-10-14,0.0
2021-10-15,0.0
2021-10-16,0.0
2021-10-17,0.0
2021-10-18,0.0
2021-10-19,0.0
2021-10-20,4.577215006644332
2021-10-21,17.701868885805204
2021-10-22,8.89244257688817
2021-10-23,8.125521767990364
2021-10-24,0.0
2021-10-25,0.0
2021-10-26,0.0
2021-10-27,0.0
2021-10-28,6.70342662665825
2021-10-29,0.0
2021-10-30,0.0
2021-10-31,0.0
2021-11-01,0.0
2021-11-02,0.0
2021-11-03,0.0
2021-11-04,0.0
2021-11-05,5.4976885181504676
2021-11-06,0.0
2021-11-07,2.948590002491103
2021-11-08,0.0
2021-11-09,0.0
2021-11-10,0.0
2021-11-11,0.0
2021-11-12,0.0
2021-11-13,0.0
2021-11-14,0.0
2021-11-15,0.0
2021-11-16,0.0
2021-11-17,0.0
2021-11-18,0.0
2021-11-19,0.0
2021-11-20,3.8161386761137943
2021-11-21,3.985912923036644
2021-11-22,0.0
2021-11-23,0.0
2021-11-24,0.0
2021-11-25,0.0
2021-11-26,0.0
2021-11-27,0.0
2021-11-28,0.0
2021-11-29,1.4912655353017386
2021-11-30,0.0
2021-12-01,0.0
2021-12-02,0.0
2021-12-03,0.0
2021-12-04,0.0
2021-12-05,0.0
2021-12-06,0.0
2021-12-07,0.0
2021-12-08,0.0
2021-12-09,0.0
2021-12-10,0.0
2021-12-11,0.0
2021-12-12,0.0
2021-12-13,0.0
2021-12-14,0.0
2021-12-15,0.0
2021-12-16,0.0
2021-12-17,0.0
2021-12-18,0.0
2021-12-19,2.151802681745037
2021-12-20,15.254005462676215
2021-12-21,0.0
2021-12-22,0.0
2021-12-23,0.0
2021-12-24,0.0
2021-12-25,0.0
2021-12-26,0.0
2021-12-27,2.21733746806452
2021-12-28,0.0
2021-12-29,0.0
2021-12-30,0.0
2021-12-31,0.0
2022-01-01,0.0
2022-01-02,0.0
2022-01-03,0.0
2022-01-04,0.0
2022-01-05,0.0
2022-01-06,0.0
2022-01-07,0.0
2022-01-08,0.0
2022-01-09,0.0
2022-01-10,0.0
2022-01-11,4.300524829930612
2022-01-12,0.0
2022-01-13,0.0
2022-01-14,0.0
2022-01-15,0.0
2022-01-16,3.8330387992104726
2022-01-17,0.0
2022-01-18,0.0
2022-01-19,0.0
2022-01-20,0.0
2022-01-21,0.0
2022-01-22,0.0
2022-01-23,0.0
2022-01-24,0.0
2022-01-25,0.0
2022-01-26,0.0
2022-01-27,0.0
2022-01-28,0.1319628612013842
2022-01-29,0.0
2022-01-30,0.0
2022-01-31,0.0
2022-02-01,0.0
2022-02-02,0.0
2022-02-03,0.0
2022-02-04,0.0
2022-02-05,12.965163434333226
2022-02-06,0.0
2022-02-07,0.0
2022-02-08,2.792610684256362
2022-02-09,0.0
2022-02-10,0.0
2022-02-11,0.0
2022-02-12,6.88007091268049
2022-02-13,0.0
2022-02-14,0.0
2022-02-15,0.0
2022-02-16,0.0
2022-02-17,0.0
2022-02-18,0.0
2022-02-19,6.782333910550219
2022-02-20,4.348391647729847
2022-02-21,12.801869455695337
2022-02-22,0.0
2022-02-23,0.0
2022-02-24,0.0
2022-02-25,0.0
2022-02-26,4.062173371426344
2022-02-27,0.0
2022-02-28,0.0
2022-03-01,0.0
2022-03-02,0.0
2022-03-03,0.0
2022-03-04,0.0
2022-03-05,0.0
2022-03-06,0.0
2022-03-07,0.0
2022-03-08,0.0
2022-03-09,0.5518456024312778
2022-03-10,0.0
2022-03-11,0.0
2022-03-12,0.0
2022-03-13,0.0
2022-03-14,0.0
2022-03-15,0.0
2022-03-16,0.0
2022-03-17,0.0
2022-03-18,0.0
2022-03-19,0.0
2022-03-20,0.0
2022-03-21,0.0
2022-03-22,0.0
2022-03-23,0.0
2022-03-24,17.354493170936045
2022-03-25,0.0
2022-03-26,0.0
2022-03-27,0.0
2022-03-28,0.0
2022-03-29,0.0
2022-03-30,0.0
2022-03-31,0.0
2022-04-01,0.09812235625997354
2022-04-02,0.0
2022-04-03,0.0
2022-04-04,0.0
2022-04-05,0.0
2022-04-06,0.0
2022-04-07,0.0
2022-04-08,4.879424710541597
2022-04-09,0.0
2022-04-10,0.0
2022-04-11,0.0
2022-04-12,0.0
2022-04-13,0.0
2022-04-14,2.886938946942723
2022-04-15,0.0
2022-04-16,0.0
2022-04-17,0.0
2022-04-18,0.0
2022-04-19,0.0
2022-04-20,4.494864656547291
2022-04-21,0.0
2022-04-22,0.0
2022-04-23,0.0
2022-04-24,0.0
2022-04-25,0.0
2022-04-26,0.0
2022-04-27,0.0
2022-04-28,0.0
2022-04-29,0.0
2022-04-30,0.0
2022-05-01,0.0
2022-05-02,0.0
2022-05-03,0.0
2022-05-04,0.0
2022-05-05,0.0
2022-05-06,0.0
2022-05-07,0.0
2022-05-08,0.0
2022-05-09,0.0
2022-05-10,0.0
2022-05-11,0.0
2022-05-12,0.0
2022-05-13,0.0
2022-05-14,0.0
2022-05-15,0.0
2022-05-16,0.0
2022-05-17,0.0
2022-05-18,0.0
2022-05-19,0.0
2022-05-20,0.0
2022-05-21,0.0
2022-05-22,0.0
2022-05-23,12.69741785429966
2022-05-24,0.0
2022-05-25,0.0
2022-05-26,8.418610655981578
2022-05-27,0.11195517533542244
2022-05-28,2.890656997551464
2022-05-29,0.0
2022-05-30,2.8027924680666016
2022-05-31,8.411373809788708
2022-06-01,10.763893343961708
2022-06-02,9.42297053667196
2022-06-03,0.0
2022-06-04,0.0
2022-06-05,0.0
2022-06-06,0.0
2022-06-07,0.0
2022-06-08,14.29820654529192
2022-06-09,0.0
2022-06-10,0.0
2022-06-11,0.0
2022-06-12,3.0660368121667805
2022-06-13,2.749908976963831
2022-06-14,13.940854495549818
2022-06-15,0.10220701986138282
2022-06-16,2.370800741505262
2022-06-17,4.434869591910224
2022-06-18,2.641097574048487
2022-06-19,2.7956211598650738
2022-06-20,5.26739874882597
2022-06-21,0.0
2022-06-22,7.218393078783381
2022-06-23,0.0
2022-06-24,0.0
2022-06-25,6.680470580841371
2022-06-26,12.085707550911765
2022-06-27,0.0
2022-06-28,3.2138146294185708
2022-06-29,1.5943456464018781
2022-06-30,0.0
2022-07-01,7.374590978307295
2022-07-02,0.0
2022-07-03,0.0
2022-07-04,0.3527302380935798
2022-07-05,7.5236545759654945
2022-07-06,2.418842882710152
2022-07-07,2.373169138348231
2022-07-08,0.0
2022-07-09,2.418842882710152
2022-07-10,1.1494161251307895
2022-07-11,0.0
2022-07-12,0.0
2022-07-13,1.9795510122819315
2022-07-14,0.03176692436846007
2022-07-15,0.0
2022-07-16,0.014303680049849226
2022-07-17,0.0
2022-07-18,0.30032538176073886
2022-07-19,1.8305848011464274
2022-07-20,0.0
2022-07-21,0.0
2022-07-22,4.214505108870566
2022-07-23,8.429010217741132
2022-07-24,4.042009326051449
2022-07-25,0.0
2022-07-26,7.258232490699809
2022-07-27,14.238655292711732
2022-07-28,7.258232490699809
2022-07-29,7.258232490699809
2022-07-30,7.258232490699809
2022-07-31,7.258232490699809
2022-08-01,11.615698343945395
2022-08-02,0.0
2022-08-03,0.0
2022-08-04,0.0
2022-08-05,0.0
2022-08-06,0.0
2022-08-07,22.041519269764073
2022-08-08,16.37197610994514
2022-08-09,8.055055978221667
2022-08-10,0.0
2022-08-11,12.210298634956267
2022-08-12,12.210298634956267
2022-08-13,0.0
2022-08-14,0.0
2022-08-15,0.0
2022-08-16,10.189369386847556
2022-08-17,0.0
2022-08-18,10.189369386847556
2022-08-19,10.189369386847556
2022-08-20,10.189369386847556
2022-08-21,0.0
2022-08-22,3.634310473364817
2022-08-23,3.403867621304428
2022-08-24,3.483268487628329
2022-08-25,0.0
2022-08-26,15.352381161039322
2022-08-27,16.796890576801356
2022-08-28,3.6866430721102277
2022-08-29,0.0
2022-08-30,7.676190580519661
2022-08-31,0.0
2022-09-01,0.0
2022-09-02,11.365800814336566
2022-09-03,1.8637008505040076
2022-09-04,0.968841237229917
2022-09-05,3.6388493729374938
2022-09-06,0.0
2022-09-07,0.0
2022-09-08,24.594498380563067
2022-09-09,18.120396030110477
2022-09-10,0.15530028459679296
2022-09-11,18.715963891865147
2022-09-12,18.715963891865147
2022-09-13,28.07394474214336
2022-09-14,9.853013294072404
2022-09-15,2.1490855958303663
2022-09-16,4.714854973764417
2022-09-17,0.0
2022-09-18,0.0
2022-09-19,0.0
2022-09-20,0.0
2022-09-21,0.0
2022-09-22,0.0
2022-09-23,0.0
2022-09-24,0.0
2022-09-25,0.0
2022-09-26,0.09251264953546805
2022-09-27,1.0499618911691797
2022-09-28,0.13514554932889605
2022-09-29,0.03500734800233554
2022-09-30,0.007261835112473174
2022-10-01,0.0
2022-10-02,0.0
2022-10-03,0.0
2022-10-04,0.0
2022-10-05,0.0
2022-10-06,0.0
2022-10-07,0.0
2022-10-08,0.0
2022-10-09,0.0
2022-10-10,0.08136841429959449
2022-10-11,3.5534704040333605
2022-10-12,3.0815972412954054
2022-10-13,3.541820908908633
2022-10-14,1.5258427051217054
2022-10-15,2.4417135381458404
2022-10-16,0.0
2022-10-17,0.0
2022-10-18,18.843147086994442
2022-10-19,9.45206851776126
2022-10-20,0.0
2022-10-21,0.0
2022-10-22,0.0
2022-10-23,0.0
2022-10-24,0.0
2022-10-25,0.0
2022-10-26,0.0
2022-10-27,0.0
2022-10-28,0.0
2022-10-29,0.0
2022-10-30,0.0
2022-10-31,0.0
2022-11-01,0.0
2022-11-02,19.325862536324454
2022-11-03,0.0
2022-11-04,0.0
2022-11-05,0.0
2022-11-06,0.0
2022-11-07,0.0
2022-11-08,0.0
2022-11-09,0.0
2022-11-10,0.0
2022-11-11,0.0
2022-11-12,0.0
2022-11-13,0.0
2022-11-14,0.0
2022-11-15,0.0
2022-11-16,0.0
2022-11-17,0.0
2022-11-18,0.0
2022-11-19,0.0
2022-11-20,0.0
2022-11-21,0.0
2022-11-22,25.89850040050609
2022-11-23,0.0
2022-11-24,0.0
2022-11-25,0.0
2022-11-26,0.0
2022-11-27,0.0
2022-11-28,18.797258942910457
2022-11-29,4.579711806739013
2022-11-30,0.0
2022-12-01,6.7567010106376575
2022-12-02,0.0
2022-12-03,0.0
2022-12-04,0.0
2022-12-05,0.0
2022-12-06,0.0
2022-12-07,0.0
2022-12-08,0.0
2022-12-09,0.0
2022-12-10,0.0
2022-12-11,0.0
2022-12-12,0.0
2022-12-13,0.0
2022-12-14,0.0
2022-12-15,0.0
2022-12-16,0.0
2022-12-17,0.0
2022-12-18,0.0
2022-12-19,0.0
2022-12-20,0.0
2022-12-21,0.0
2022-12-22,0.0
2022-12-23,28.044212731141826
2022-12-24,0.0
2022-12-25,0.0
2022-12-26,0.0
2022-12-27,0.0
2022-12-28,0.0
2022-12-29,0.0
2022-12-30,0.0
2022-12-31,0.0
2023-01-01,0.0
2023-01-02,0.0
2023-01-03,0.0
2023-01-04,0.0
2023-01-05,1.2050239664631355
2023-01-06,0.0
2023-01-07,0.0
2023-01-08,0.0
2023-01-09,0.0
2023-01-10,0.0
2023-01-11,0.0
2023-01-12,0.0
2023-01-13,8.124730983622092
2023-01-14,0.0
2023-01-15,0.0
2023-01-16,0.0
2023-01-17,0.0
2023-01-18,0.0
2023-01-19,0.0
2023-01-20,6.66688568626894
2023-01-21,0.0
2023-01-22,0.0
2023-01-23,5.67756837555631
2023-01-24,0.0
2023-01-25,0.0
2023-01-26,0.0
2023-01-27,0.21811495814392767
2023-01-28,0.0
2023-01-29,0.0
2023-01-30,0.0
2023-01-31,0.0
2023-02-01,0.0
2023-02-02,0.0
2023-02-03,2.159631714350869
2023-02-04,0.0
2023-02-05,0.0
2023-02-06,0.0
2023-02-07,0.0
2023-02-08,0.0
2023-02-09,0.0
2023-02-10,0.0
2023-02-11,8.197737724213072
2023-02-12,0.0
2023-02-13,0.0
2023-02-14,0.0
2023-02-15,0.0
2023-02-16,0.0
2023-02-17,0.0
2023-02-18,2.002442287227159
2023-02-19,4.1812538699694635
2023-02-20,0.0
2023-02-21,0.0
2023-02-22,0.0
2023-02-23,0.0
2023-02-24,0.0
2023-02-25,0.0
2023-02-26,0.0
2023-02-27,0.0
2023-02-28,0.0
2023-03-01,0.0
2023-03-02,0.0
2023-03-03,0.0
2023-03-04,0.0
2023-03-05,0.0
2023-03-06,0.0
2023-03-07,0.0
2023-03-08,0.0
2023-03-09,0.0
2023-03-10,0.0
2023-03-11,0.0
2023-03-12,0.0
2023-03-13,0.0
2023-03-14,26.374563878145228
2023-03-15,0.0
2023-03-16,0.0
2023-03-17,0.0
2023-03-18,0.0
2023-03-19,0.0
2023-03-20,0.0
2023-03-21,0.0
2023-03-22,0.0
2023-03-23,0.0
2023-03-24,0.0
2023-03-25,0.0
2023-03-26,0.0
2023-03-27,0.0
2023-03-28,0.0
2023-03-29,0.0
2023-03-30,0.0
2023-03-31,0.0
2023-04-01,0.0
2023-04-02,0.0
2023-04-03,0.0
2023-04-04,0.0
2023-04-05,0.0
2023-04-06,0.0
2023-04-07,0.0
2023-04-08,0.0
2023-04-09,0.0
2023-04-10,0.0
2023-04-11,0.0
2023-04-12,0.0
2023-04-13,0.0
2023-04-14,0.0
2023-04-15,0.0
2023-04-16,0.0
2023-04-17,0.0
2023-04-18,0.0
2023-04-19,0.0
2023-04-20,0.0
2023-04-21,0.0
2023-04-22,0.0
2023-04-23,0.0
2023-04-24,4.555987577431103
2023-04-25,0.0
2023-04-26,0.0
2023-04-27,0.0
2023-04-28,0.0
2023-04-29,0.0
2023-04-30,0.0
2023-05-01,0.0
2023-05-02,0.0
2023-05-03,0.0
2023-05-04,0.0
2023-05-05,0.0
2023-05-06,0.0
2023-05-07,0.0
2023-05-08,0.0
2023-05-09,0.0
2023-05-10,0.0
2023-05-11,0.0
2023-05-12,0.0
2023-05-13,0.0
2023-05-14,0.0
2023-05-15,24.234572755789248
2023-05-16,0.0
2023-05-17,0.0
2023-05-18,0.0
2023-05-19,0.0
2023-05-20,0.0
2023-05-21,0.0
2023-05-22,0.0
2023-05-23,0.0
2023-05-24,0.0
2023-05-25,0.0
2023-05-26,0.0
2023-05-27,0.0
2023-05-28,0.0
2023-05-29,0.0
2023-05-30,0.0
2023-05-31,0.0
2023-06-01,0.0
2023-06-02,0.0
2023-06-03,0.0
2023-06-04,0.0
2023-06-05,0.0
2023-06-06,0.0
2023-06-07,0.0
2023-06-08,0.0
2023-06-09,0.0
2023-06-10,0.0
2023-06-11,0.0
2023-06-12,0.0
2023-06-13,0.0
2023-06-14,0.0
2023-06-15,0.0
2023-06-16,0.0
2023-06-17,0.0
2023-06-18,0.0
2023-06-19,0.0
2023-06-20,0.0
2023-06-21,0.0
2023-06-22,0.8713569882228543
2023-06-23,1.0038916408473675
2023-06-24,8.824035813478119
2023-06-25,5.318947593269101
2023-06-26,0.0
2023-06-27,0.0
2023-06-28,7.860957023441251
2023-06-29,0.0
2023-06-30,0.0
2023-07-01,0.0
2023-07-02,0.0
2023-07-03,17.83094324892029
2023-07-04,21.573314076952318
2023-07-05,8.028307000852655
2023-07-06,0.0
2023-07-07,10.101962616139753
2023-07-08,0.0
2023-07-09,0.0
2023-07-10,1.7011445007581656
2023-07-11,0.0
2023-07-12,1.665179235080958
2023-07-13,1.665179235080958
2023-07-14,1.665179235080958
2023-07-15,0.0
2023-07-16,3.718294641430214
2023-07-17,0.0
2023-07-18,0.0
2023-07-19,5.348825320225195
2023-07-20,7.265882915497675
2023-07-21,14.61123981934494
2023-07-22,7.3733388620180875
2023-07-23,0.0
2023-07-24,0.0
2023-07-25,0.0
2023-07-26,0.0
2023-07-27,0.0
2023-07-28,1.4906296807693922
2023-07-29,6.120390528286189
2023-07-30,3.5378937093763594
2023-07-31,0.0
2023-08-01,2.849785491072081
2023-08-02,1.8278359572772525
2023-08-03,4.399957841005332
2023-08-04,0.005383197826845611
2023-08-05,4.729287303264904
2023-08-06,0.0
2023-08-07,1.978744127487299
2023-08-08,3.4769552295374075
2023-08-09,0.0
2023-08-10,0.0
2023-08-11,0.0
2023-08-12,0.0
2023-08-13,1.0689904496639782
2023-08-14,0.0
2023-08-15,6.976065312351022
2023-08-16,8.255830740719412
2023-08-17,6.8242175270803065
2023-08-18,4.25453376371182
2023-08-19,0.0
2023-08-20,4.106370273562653
2023-08-21,5.566143517983232
2023-08-22,0.0
2023-08-23,0.0
2023-08-24,0.0
2023-08-25,5.643544584370135
2023-08-26,11.96454251306923
2023-08-27,0.0
2023-08-28,0.0
2023-08-29,0.0
2023-08-30,11.82967738892512
2023-08-31,6.911834934525769
2023-09-01,0.0
2023-09-02,14.79450981010333
2023-09-03,15.224989437193551
2023-09-04,0.0
2023-09-05,0.0
2023-09-06,0.0
2023-09-07,1.1679011231361907
2023-09-08,0.0
2023-09-09,0.0
2023-09-10,0.0
2023-09-11,3.546453186092626
2023-09-12,2.9809658268130046
2023-09-13,0.5455854076005636
2023-09-14,0.0
2023-09-15,0.0
2023-09-16,0.0
2023-09-17,9.76883330506955
2023-09-18,9.289736688973635
2023-09-19,0.0
2023-09-20,0.0
2023-09-21,0.0
2023-09-22,0.0
2023-09-23,0.0
2023-09-24,0.0
2023-09-25,0.0
2023-09-26,2.755894284985143
2023-09-27,0.0
2023-09-28,0.0
2023-09-29,10.38139557047563
2023-09-30,20.283790067956684
2023-10-01,4.061017232563199
2023-10-02,0.0
2023-10-03,0.0
2023-10-04,0.0
2023-10-05,0.0
2023-10-06,0.0
2023-10-07,0.0
2023-10-08,0.0
2023-10-09,0.0
2023-10-10,2.311292901395811
2023-10-11,0.0
2023-10-12,0.0
2023-10-13,0.0
2023-10-14,31.18167199252452
2023-10-15,31.043040949759785
2023-10-16,6.199478502989354
2023-10-17,0.0
2023-10-18,0.0
2023-10-19,0.0
2023-10-20,0.0
2023-10-21,0.0
2023-10-22,0.0
2023-10-23,0.0
2023-10-24,0.0
2023-10-25,0.0
2023-10-26,0.0
2023-10-27,0.0
2023-10-28,0.0
2023-10-29,0.0
2023-10-30,0.0
2023-10-31,0.0
2023-11-01,0.0
2023-11-02,0.0
2023-11-03,0.0
2023-11-04,0.0
2023-11-05,0.0
2023-11-06,0.0
2023-11-07,0.0
2023-11-08,0.0
2023-11-09,0.0
2023-11-10,0.0
2023-11-11,27.446872421601594
2023-11-12,0.0
2023-11-13,0.0
2023-11-14,0.0
2023-11-15,0.0
2023-11-16,0.0
2023-11-17,0.0
2023-11-18,0.0
2023-11-19,0.0
2023-11-20,0.0
2023-11-21,0.0
2023-11-22,0.0
2023-11-23,0.0
2023-11-24,0.0
2023-11-25,0.0
2023-11-26,0.0
2023-11-27,0.0
2023-11-28,27.779519922209147
2023-11-29,8.9873417501187
2023-11-30,0.0
2023-12-01,0.0
2023-12-02,0.0
2023-12-03,0.0
2023-12-04,0.0
2023-12-05,0.0
2023-12-06,0.0
2023-12-07,0.0
2023-12-08,0.0
2023-12-09,0.0
2023-12-10,0.0
2023-12-11,13.395601086579802
2023-12-12,8.474307632724265
2023-12-13,0.0
2023-12-14,0.0
2023-12-15,0.0
2023-12-16,0.0
2023-12-17,0.0
2023-12-18,0.0
2023-12-19,0.0
2023-12-20,0.0
2023-12-21,0.0
2023-12-22,0.0
2023-12-23,0.0
2023-12-24,1.0697320291450094
2023-12-25,0.0
2023-12-26,0.0
2023-12-27,0.0
2023-12-28,0.0
2023-12-29,0.0
2023-12-30,0.0
2023-12-31,0.0
2024-01-01,0.0
2024-01-02,0.0
2024-01-03,0.0
2024-01-04,2.0937936482681656
2024-01-05,0.0
2024-01-06,0.0
2024-01-07,4.900577574580263
2024-01-08,0.0
2024-01-09,0.0
2024-01-10,0.0
2024-01-11,0.0
2024-01-12,0.0
2024-01-13,0.0
2024-01-14,0.0
2024-01-15,0.0
2024-01-16,0.0
2024-01-17,0.0
2024-01-18,0.0
2024-01-19,0.0
2024-01-20,0.0
2024-01-21,0.0
2024-01-22,5.014174863722068
2024-01-23,5.466526882830437
2024-01-24,0.0
2024-01-25,0.0
2024-01-26,0.0
2024-01-27,0.0
2024-01-28,0.0
2024-01-29,0.0
2024-01-30,0.0
2024-01-31,0.0
2024-02-01,0.0
2024-02-02,0.0
2024-02-03,0.0
2024-02-04,0.0
2024-02-05,0.0
2024-02-06,4.88290192798921
2024-02-07,0.0
2024-02-08,0.0
2024-02-09,0.0
2024-02-10,0.0
2024-02-11,0.0
2024-02-12,0.0
2024-02-13,0.8080088100071374
2024-02-14,0.0
2024-02-15,0.0
2024-02-16,0.0
2024-02-17,0.0
2024-02-18,6.5007712910906035
2024-02-19,0.0
2024-02-20,0.0
2024-02-21,0.0
2024-02-22,0.0
2024-02-23,0.0
2024-02-24,0.0
2024-02-25,0.0
2024-02-26,0.0
2024-02-27,0.0
2024-02-28,0.0
2024-02-29,0.0
2024-03-01,0.0
2024-03-02,0.0
2024-03-03,0.0
2024-03-04,0.0
2024-03-05,0.0
2024-03-06,0.0
2024-03-07,0.0
2024-03-08,0.0
2024-03-09,0.0
2024-03-10,0.0
2024-03-11,0.0
2024-03-12,0.0
2024-03-13,0.0
2024-03-14,0.0
2024-03-15,0.0
2024-03-16,0.0
2024-03-17,0.0
2024-03-18,0.0
2024-03-19,0.0
2024-03-20,0.0
2024-03-21,0.0
2024-03-22,0.0
2024-03-23,0.0
2024-03-24,0.0
2024-03-25,0.0
2024-03-26,0.0
2024-03-27,0.0
2024-03-28,0.0
2024-03-29,0.0
2024-03-30,0.0
2024-03-31,0.0
2024-04-01,0.0
2024-04-02,0.0
2024-04-03,0.0
2024-04-04,0.0
2024-04-05,0.0
2024-04-06,0.0
2024-04-07,0.0
2024-04-08,0.0
2024-04-09,0.0
2024-04-10,0.0
2024-04-11,0.8604744325643316
2024-04-12,4.0353504548117395E-4
2024-04-13,0.03461854939165138
2024-04-14,0.0
2024-04-15,9.531230566230803E-6
2024-04-16,0.0
2024-04-17,0.0
2024-04-18,0.0
2024-04-19,1.1906293715428429
2024-04-20,0.0
2024-04-21,0.0
2024-04-22,0.0
2024-04-23,0.0
2024-04-24,0.0
2024-04-25,0.0
2024-04-26,0.0
2024-04-27,1.5604625733086122
2024-04-28,0.0
2024-04-29,0.0
2024-04-30,1.8586679041863428
2024-05-01,2.0201293242256044
2024-05-02,0.0
2024-05-03,0.0
2024-05-04,0.0
2024-05-05,0.0
2024-05-06,0.0
2024-05-07,0.0
2024-05-08,0.0
2024-05-09,0.0
2024-05-10,0.0
2024-05-11,0.0
2024-05-12,0.0
2024-05-13,0.0
2024-05-14,0.0
2024-05-15,3.6024567923557784
2024-05-16,0.0
2024-05-17,0.0
2024-05-18,0.0
2024-05-19,0.0
2024-05-20,0.0
2024-05-21,0.0
2024-05-22,0.0
2024-05-23,0.0
2024-05-24,0.0
2024-05-25,0.0
2024-05-26,0.0
2024-05-27,0.0
2024-05-28,0.0
2024-05-29,0.0
2024-05-30,0.0
2024-05-31,0.04691113755793844
2024-06-01,0.0
2024-06-02,0.0
2024-06-03,0.0
2024-06-04,0.0
2024-06-05,0.0
2024-06-06,0.0
2024-06-07,0.0
2024-06-08,0.0
2024-06-09,0.0
2024-06-10,0.0
2024-06-11,2.1274483321877273
2024-06-12,1.5323153432510916
2024-06-13,4.124262075877722
2024-06-14,8.28428993780146
2024-06-15,8.94483255919283
2024-06-16,12.86913614031654
2024-06-17,32.946988419616574
2024-06-18,24.907928626815238
2024-06-19,17.577706682543436
2024-06-20,0.0
2024-06-21,13.15604238791433
2024-06-22,6.243059301921724
2024-06-23,12.486118603843448
2024-06-24,12.486118603843448
2024-06-25,7.722848901019573
2024-06-26,0.0
2024-06-27,13.829403890824812
2024-06-28,0.0
2024-06-29,13.829403890824812
2024-06-30,0.0
2024-07-01,1.436331829081107
2024-07-02,1.9089115357718514
2024-07-03,1.9996253415643352
2024-07-04,0.0
2024-07-05,2.0631120184983676
2024-07-06,0.0
2024-07-07,0.0
2024-07-08,0.0
2024-07-09,0.0
2024-07-10,0.0
2024-07-11,0.0
2024-07-12,3.756364648878371
2024-07-13,5.484247679886088
2024-07-14,4.515930607129805
2024-07-15,4.578464869427383
2024-07-16,0.0
2024-07-17,2.537029831799906
2024-07-18,1.7186272501307207
2024-07-19,0.5218760128714371
2024-07-20,5.076114320061571
2024-07-21,13.435975837604786
2024-07-22,18.118920450567398
2024-07-23,0.15969441768935214
2024-07-24,0.0
2024-07-25,0.0
2024-07-26,0.0
2024-07-27,3.599285143038033
2024-07-28,2.6177696064352975
2024-07-29,0.0
2024-07-30,0.47425039385682666
2024-07-31,0.0
2024-08-01,0.0
2024-08-02,3.5324742336960298
2024-08-03,3.5324742336960298
2024-08-04,0.6662885862487096
2024-08-05,0.0
2024-08-06,0.19296284893961554
2024-08-07,6.351893551120082
2024-08-08,2.5824696799442233
2024-08-09,0.13747051929002158
2024-08-10,12.703787102240163
2024-08-11,7.468391434017725
2024-08-12,5.224594398176803
2024-08-13,0.0
2024-08-14,14.93678286803545
2024-08-15,18.338646640305623
2024-08-16,3.5244412526874966
2024-08-17,0.0
2024-08-18,2.3870203237669827
2024-08-19,0.0
2024-08-20,1.311404665994791
2024-08-21,5.882939094547321
2024-08-22,0.5908042558720896
2024-08-23,0.8215142630546506
2024-08-24,1.057661978825981
2024-08-25,5.407477664950536
2024-08-26,0.30733513103628846
2024-08-27,3.8559113579837603
2024-08-28,2.816149145803822
2024-08-29,6.01575376709253
2024-08-30,5.479690194315011
2024-08-31,4.090762459649765
2024-09-01,0.0
2024-09-02,3.0917649838202492
2024-09-03,0.0
2024-09-04,8.888232475730128
2024-09-05,0.0
2024-09-06,10.244316431716367
2024-09-07,0.14938147158744053
2024-09-08,0.0678411611332147
2024-09-09,7.064641010593948
2024-09-10,6.996799849460731
2024-09-11,6.73902393498545
2024-09-12,2.464648201718429
2024-09-13,1.023346990183559
2024-09-14,0.7766778426104934
2024-09-15,6.610606940380388
2024-09-16,0.0
2024-09-17,12.057517009426078
2024-09-18,8.07736891915816
2024-09-19,0.0
2024-09-20,0.0
2024-09-21,0.0
2024-09-22,0.0
2024-09-23,0.0
2024-09-24,0.0
2024-09-25,25.149460813238726
2024-09-26,0.0
2024-09-27,0.0
2024-09-28,21.87969402819273
2024-09-29,0.0
2024-09-30,4.802763513447166
2024-10-01,31.418094703899843
2024-10-02,21.56690773832342
2024-10-03,6.0811320356296426
2024-10-04,11.702358071690666
2024-10-05,19.273795602998653
2024-10-06,5.572817844140932
2024-10-07,12.672710892441298
2024-10-08,37.4826521050268
2024-10-09,0.0
2024-10-10,0.0
2024-10-11,0.0
2024-10-12,0.0
2024-10-13,0.0
2024-10-14,3.2500113748391417
2024-10-15,0.0
2024-10-16,13.069049365030311
2024-10-17,4.942767664094739
2024-10-18,0.0
2024-10-19,0.0
2024-10-20,21.23990251866672
2024-10-21,0.0
2024-10-22,0.0
2024-10-23,0.0
2024-10-24,0.0
2024-10-25,0.0
2024-10-26,9.536560346119169
2024-10-27,0.0
2024-10-28,0.0
2024-10-29,0.0
2024-10-30,11.001951327815053
2024-10-31,0.0
2024-11-01,0.0
2024-11-02,0.0
2024-11-03,0.0
2024-11-04,0.0
2024-11-05,0.0
2024-11-06,0.0
2024-11-07,0.0
2024-11-08,0.0
2024-11-09,0.0
2024-11-10,0.0
2024-11-11,0.0
2024-11-12,0.0
2024-11-13,0.0
2024-11-14,0.0
2024-11-15,0.0
2024-11-16,0.0
2024-11-17,0.0
2024-11-18,7.365459112463403
2024-11-19,2.258704914149459
2024-11-20,7.365459112463403
2024-11-21,0.0
2024-11-22,0.0
2024-11-23,0.0
2024-11-24,0.0
2024-11-25,0.0
2024-11-26,0.0
2024-11-27,0.0
2024-11-28,0.0
2024-11-29,0.0
2024-11-30,0.0
2024-12-01,0.0
2024-12-02,0.0
2024-12-03,0.0
2024-12-04,0.0
2024-12-05,0.0
2024-12-06,0.0
2024-12-07,0.0
2024-12-08,0.0
2024-12-09,0.0
2024-12-10,0.0
2024-12-11,0.0
2024-12-12,0.43554605290799314
2024-12-13,0.0
2024-12-14,0.0
2024-12-15,0.0
2024-12-16,0.0
2024-12-17,0.0
2024-12-18,0.0
2024-12-19,0.0
2024-12-20,0.0
2024-12-21,0.0
2024-12-22,0.00587618109640791
2024-12-23,0.0
2024-12-24,0.0
2024-12-25,10.053437643003104
2024-12-26,0.0
2024-12-27,0.0
2024-12-28,0.0
2024-12-29,0.0
2024-12-30,0.09972905149569518
2024-12-31,0.0
2025-01-01,0.10962740424633916
2025-01-02,0.0
2025-01-03,4.554010939017201
2025-01-04,0.0
2025-01-05,0.0
2025-01-06,0.0
2025-01-07,0.0
2025-01-08,0.0
2025-01-09,0.0
2025-01-10,0.0
2025-01-11,0.0
2025-01-12,0.0
2025-01-13,0.0
2025-01-14,0.0
2025-01-15,0.0
2025-01-16,0.0
2025-01-17,0.0
2025-01-18,0.0
2025-01-19,0.0
2025-01-20,0.0
2025-01-21,0.3878701131885181
2025-01-22,0.6918334987630521
2025-01-23,0.1646463362822227
2025-01-24,0.0754797280199923
2025-01-25,0.09812644180896538
2025-01-26,0.0
2025-01-27,0.0
2025-01-28,0.0826384483912453
2025-01-29,0.0
2025-01-30,0.0
2025-01-31,2.9602313454725295
2025-02-01,0.0
2025-02-02,0.0
2025-02-03,0.0
2025-02-04,0.0
2025-02-05,0.0
2025-02-06,4.708240769561565
2025-02-07,0.43031382089848946
2025-02-08,0.0
2025-02-09,0.004971506601947266
2025-02-10,1.8912060575645783E-4
2025-02-11,0.0
2025-02-12,0.0
2025-02-13,0.0
2025-02-14,0.0
2025-02-15,0.0
2025-02-16,1.1779822698319453
2025-02-17,0.0
2025-02-18,0.0
2025-02-19,0.0
2025-02-20,12.833368847043298
2025-02-21,0.0
2025-02-22,0.0
2025-02-23,0.0
2025-02-24,0.0
2025-02-25,0.0
2025-02-26,0.0
2025-02-27,0.0
2025-02-28,2.954896038734229
2025-03-01,0.0
2025-03-02,0.0
2025-03-03,0.0
2025-03-04,0.0
2025-03-05,0.0
2025-03-06,0.0
2025-03-07,0.0
2025-03-08,0.0
2025-03-09,0.0
2025-03-10,0.0
2025-03-11,0.0
2025-03-12,0.0
2025-03-13,0.0
2025-03-14,0.0
2025-03-15,0.0
2025-03-16,0.0
2025-03-17,0.0
2025-03-18,0.0
2025-03-19,0.0
2025-03-20,0.0
2025-03-21,0.0
2025-03-22,0.0
2025-03-23,0.0
2025-03-24,0.0
2025-03-25,0.0
2025-03-26,0.0
2025-03-27,0.0
2025-03-28,0.0
2025-03-29,0.0
2025-03-30,0.0
2025-03-31,0.0
2025-04-01,0.0
2025-04-02,0.0
2025-04-03,0.0
2025-04-04,0.0
2025-04-05,0.0
2025-04-06,0.0
2025-04-07,0.0
2025-04-08,0.0
2025-04-09,0.0
2025-04-10,0.0
2025-04-11,0.0
2025-04-12,0.0
2025-04-13,0.0
2025-04-14,0.0
2025-04-15,0.0
2025-04-16,0.0
2025-04-17,0.0
2025-04-18,0.0
2025-04-19,0.0
2025-04-20,3.344368511516363
2025-04-21,4.7527439103653615
2025-04-22,0.0
2025-04-23,0.0
2025-04-24,0.0
2025-04-25,0.0
2025-04-26,0.0
2025-04-27,0.0
2025-04-28,5.516775862563224
2025-04-29,0.0
2025-04-30,0.0
2025-05-01,0.0
2025-05-02,0.0
2025-05-03,0.0
2025-05-04,0.0
2025-05-05,0.0
2025-05-06,0.0
2025-05-07,0.0
2025-05-08,0.0
2025-05-09,0.004569102582593054
2025-05-10,3.1981338751095887
2025-05-11,0.0
2025-05-12,0.0
2025-05-13,0.0
2025-05-14,0.0
2025-05-15,0.0
2025-05-16,0.37005106534235155
2025-05-17,0.6580187387725975
2025-05-18,0.924858697677706
2025-05-19,0.0
2025-05-20,0.9405309232877461
2025-05-21,0.0
2025-05-22,0.0
2025-05-23,0.0
2025-05-24,8.961721775948208
2025-05-25,0.0
2025-05-26,0.0
2025-05-27,0.0
2025-05-28,0.0
2025-05-29,0.0
2025-05-30,0.0
2025-05-31,0.0
2025-06-01,0.0
2025-06-02,0.0
2025-06-03,0.48988889917441886
2025-06-04,1.7724005517384605
2025-06-05,4.477620203360643
2025-06-06,0.0
2025-06-07,0.0
2025-06-08,0.0
2025-06-09,0.0
2025-06-10,0.0
2025-06-11,2.08784537050157
2025-06-12,1.942673248486748
2025-06-13,0.10996338849219156
2025-06-14,0.212310618554619
2025-06-15,0.12107441574913429
2025-06-16,6.396225196275893
2025-06-17,0.0
2025-06-18,0.3968651890018211
2025-06-19,20.511263001967116
2025-06-20,0.008354745383906665
2025-06-21,0.0
2025-06-22,14.2015696124833
2025-06-23,17.056958832879918
2025-06-24,9.055225791002954
2025-06-25,19.075622357694584
2025-06-26,11.497551952323752
2025-06-27,11.497551952323752
2025-06-28,11.824080085609365
2025-06-29,0.006322310956844913
2025-06-30,0.0
2025-07-01,0.03626278911838833
2025-07-02,0.3635426246226295
2025-07-03,0.0
2025-07-04,0.02616232464150951
2025-07-05,0.20012615333859107
2025-07-06,0.0
2025-07-07,3.1908298688284904
2025-07-08,9.821349726163502
2025-07-09,1.2442911588484329
2025-07-10,0.0
2025-07-11,0.0
2025-07-12,0.0
2025-07-13,6.173322565167389
2025-07-14,0.0
2025-07-15,0.0
2025-07-16,0.0
2025-07-17,0.0
2025-07-18,2.8573491382979608
2025-07-19,3.354403880152896
2025-07-20,0.0
2025-07-21,0.0
2025-07-22,2.074047364039825
2025-07-23,4.12912519375521
2025-07-24,0.0
2025-07-25,5.67654555732902
2025-07-26,3.2247176928366534
2025-07-27,3.4829988315320475
2025-07-28,0.0
2025-07-29,3.4829988315320475
2025-07-30,2.310568424993883
2025-07-31,4.600888443186539
2025-08-01,2.574655337251798
2025-08-02,0.0
2025-08-03,0.0
2025-08-04,1.6039691433965326
2025-08-05,0.022156467490771367
2025-08-06,3.9814129890652437
2025-08-07,0.0
2025-08-08,1.9640135668765548
2025-08-09,1.9907064945326218
2025-08-10,2.41734280047057
2025-08-11,13.005485159791142
2025-08-12,0.0
2025-08-13,7.961916507991917
2025-08-14,6.502742579895571
2025-08-15,0.0
2025-08-16,3.5552812394611486
2025-08-17,5.9314888797588745
2025-08-18,0.5142355962303153
2025-08-19,0.0
2025-08-20,0.0
2025-08-21,0.0
2025-08-22,0.0
2025-08-23,3.147594309259541
2025-08-24,0.0
2025-08-25,0.0
2025-08-26,1.8083187273517591
2025-08-27,0.0
2025-08-28,0.36069030000755353
2025-08-29,0.0
2025-08-30,3.6166374547035183
2025-08-31,3.6166374547035183
2025-09-01,28.601721678918366
2025-09-02,14.981676527080795
2025-09-03,2.959549020777424
2025-09-04,21.03803660519635
2025-09-05,0.0
2025-09-06,0.0
2025-09-07,0.0
2025-09-08,0.0
2025-09-09,0.0
2025-09-10,0.004626396841994257
2025-09-11,11.415006289648154
2025-09-12,0.0
2025-09-13,0.0
2025-09-14,0.0
2025-09-15,0.0
2025-09-16,15.25365794128373
2025-09-17,5.499994416368764
2025-09-18,0.0
2025-09-19,7.626828970641865
2025-09-20,14.956433248403563
2025-09-21,17.16762193343154
2025-09-22,0.0
2025-09-23,0.2521789075681451
2025-09-24,0.0
2025-09-25,0.0
2025-09-26,0.0
2025-09-27,24.759581105411392
2025-09-28,0.0
2025-09-29,0.0
2025-09-30,15.238650317730356
2025-10-01,0.0
2025-10-02,15.962942671995629
2025-10-03,14.062960294022462
2025-10-04,0.0
2025-10-05,9.785194554090362
2025-10-06,12.080688529619943
2025-10-07,13.231639120464934
2025-10-08,2.5565418635084534
2025-10-09,2.7266802975642186
2025-10-10,12.748786456396907
2025-10-11,0.0
2025-10-12,0.0
2025-10-13,0.0
2025-10-14,0.0
2025-10-15,0.0
2025-10-16,0.0
2025-10-17,0.0
2025-10-18,0.0
2025-10-19,0.0
2025-10-20,0.0
2025-10-21,0.0
2025-10-22,0.0
2025-10-23,0.0
2025-10-24,0.0
2025-10-25,0.0
2025-10-26,0.0
2025-10-27,0.0
2025-10-28,0.0
2025-10-29,0.0
2025-10-30,0.0
2025-10-31,0.0
2025-11-01,0.0
2025-11-02,0.0
2025-11-03,0.0
2025-11-04,0.0
2025-11-05,0.11829227720290289
2025-11-06,0.0
2025-11-07,0.0
2025-11-08,0.0
2025-11-09,0.0
2025-11-10,0.0
2025-11-11,0.0
2025-11-12,4.941099728747241
2025-11-13,0.0
2025-11-14,0.0
2025-11-15,0.0
2025-11-16,0.0
2025-11-17,0.0
2025-11-18,0.0
2025-11-19,0.0
2025-11-20,0.0
2025-11-21,2.475471284053883
2025-11-22,0.0
2025-11-23,0.17258509026391644
2025-11-24,1.2737967024374324
2025-11-25,0.0
2025-11-26,0.6035147728290148
2025-11-27,4.564829351285399
2025-11-28,7.2851897648251525
2025-11-29,0.0
2025-11-30,0.0
2025-12-01,0.0
2025-12-02,0.07000164405076564
2025-12-03,0.0
2025-12-04,0.0
2025-12-05,0.0
2025-12-06,0.0
2025-12-07,0.0
2025-12-08,20.960293433121077
2025-12-09,3.0179772799872318
2025-12-10,0.0
2025-12-11,0.004601888291317522
2025-12-12,0.0
2025-12-13,0.0
2025-12-14,0.0
2025-12-15,0.0
2025-12-16,0.0
2025-12-17,0.0
2025-12-18,0.0
2025-12-19,0.0
2025-12-20,0.0
2025-12-21,0.0
2025-12-22,0.0
2025-12-23,0.0
2025-12-24,0.11245156802918996
2025-12-25,0.0
2025-12-26,0.0
2025-12-27,0.0
2025-12-28,0.0
2025-12-29,0.0
2025-12-30,0.0
2025-12-31,0.0
