system:index,date,salinity_psu,sea_surface_elevation_m,sst_c,surface_pressure_c1,surface_pressure_c2,temperature_2m_c1,temperature_2m_c2,total_evaporation_c1,total_evaporation_c2,total_precipitation_c1,total_precipitation_c2,wind_u_c1,wind_u_c2,wind_v_c1,wind_v_c2,.geo
0,1995-01,36.42243372056841,-0.25029098381910586,24.81012115478518,101539.88586030786,101539.88586030786,296.9082255009686,296.9082255009686,-0.022397045069054298,-0.022397045069054298,0.02168612699628255,0.02168612699628255,-2.2576442058905246,-2.2576442058905246,-0.9492078681902685,-0.9492078681902685,"{""type"":""MultiPoint"",""coordinates"":[]}"
1,1995-02,36.53231794039964,-0.31192228410656886,24.000032043457054,101618.97336921057,101618.97336921057,297.2462791419825,297.2462791419825,-0.006523748094759885,-0.006523748094759885,0.002580784299528895,0.002580784299528895,-2.391444993638157,-2.391444993638157,-1.063507204300207,-1.063507204300207,"{""type"":""MultiPoint"",""coordinates"":[]}"
2,1995-03,36.576251063167724,-0.27370127580126546,24.78283843994143,101277.69251346441,101277.69251346441,298.5900049593729,298.5900049593729,-0.030005703048728724,-0.030005703048728724,0.03511679479757823,0.03511679479757823,-2.3330335863279625,-2.3330335863279625,-0.7552696157599024,-0.7552696157599024,"{""type"":""MultiPoint"",""coordinates"":[]}"
3,1995-04,36.48155393890676,-0.20104225616291535,26.85467681884768,100916.08454768255,100916.08454768255,301.4318193131249,301.4318193131249,-0.018925643197643616,-0.018925643197643616,0.013751010681261656,0.013751010681261656,-2.735242824209001,-2.735242824209001,-0.28468993358577316,-0.28468993358577316,"{""type"":""MultiPoint"",""coordinates"":[]}"
4,1995-05,36.52893152940567,-0.2214448319676382,28.08094940185549,100936.52700665056,100936.52700665056,303.6407387682278,303.6407387682278,-0.005569415159100963,-0.005569415159100963,0.0034150090931693747,0.0034150090931693747,-3.209003672970126,-3.209003672970126,0.0925748808702603,0.0925748808702603,"{""type"":""MultiPoint"",""coordinates"":[]}"
5,1995-06,36.47245058949625,-0.30825360396570206,28.270417785644554,101057.2465569896,101057.2465569896,301.98036337288886,301.98036337288886,-0.0537204563010165,-0.0537204563010165,0.06954868466814704,0.06954868466814704,-2.678076410245529,-2.678076410245529,-0.7571906024287817,-0.7571906024287817,"{""type"":""MultiPoint"",""coordinates"":[]}"
6,1995-07,36.39184870604709,-0.2875003371019604,27.89853820800784,101289.77791023528,101289.77791023528,301.62135983868257,301.62135983868257,-0.07236269269894391,-0.07236269269894391,0.07158986697680442,0.07158986697680442,-2.623651451599862,-2.623651451599862,-0.709479083652407,-0.709479083652407,"{""type"":""MultiPoint"",""coordinates"":[]}"
7,1995-08,36.260026838502235,-0.1983766466134219,28.496919250488304,101019.11137674087,101019.11137674087,301.1354399216666,301.1354399216666,-0.10035959471905466,-0.10035959471905466,0.12477394606387583,0.12477394606387583,-2.4165436661472257,-2.4165436661472257,-0.35791937269791624,-0.35791937269791624,"{""type"":""MultiPoint"",""coordinates"":[]}"
8,1995-09,36.31636824758843,-0.11045269292604504,29.760423278808616,101068.49965178399,101068.49965178399,300.81513160649456,300.81513160649456,-0.09081315231358927,-0.09081315231358927,0.12538561097755913,0.12538561097755913,-1.5670015127317063,-1.5670015127317063,-0.6189411877125501,-0.6189411877125501,"{""type"":""MultiPoint"",""coordinates"":[]}"
9,1995-10,34.91335543512084,0.03777310444974589,27.79352722167971,100830.71635842105,100830.71635842105,299.10954584675574,299.10954584675574,-0.14947130255415564,-0.14947130255415564,0.22579257483808182,0.22579257483808182,-2.015227238737682,-2.015227238737682,0.1462654080676984,0.1462654080676984,"{""type"":""MultiPoint"",""coordinates"":[]}"
10,1995-11,35.98925842711683,-0.08864643622722401,27.206933593750023,101529.92251232459,101529.92251232459,298.57067063071696,298.57067063071696,-0.06668555999962679,-0.06668555999962679,0.014744425729927346,0.014744425729927346,-2.6003607366804604,-2.6003607366804604,-1.0919020003765965,-1.0919020003765965,"{""type"":""MultiPoint"",""coordinates"":[]}"
11,1995-12,36.31254648117416,-0.19687735971372267,25.432977294921898,101547.55432700571,101547.55432700571,297.23604147554005,297.23604147554005,-0.048285278091787766,-0.048285278091787766,0.05229569185110228,0.05229569185110228,-2.4595792009854947,-2.4595792009854947,-1.1180303384438066,-1.1180303384438066,"{""type"":""MultiPoint"",""coordinates"":[]}"
12,1996-01,36.291869593403185,-0.25310094907167313,23.394700622558616,101588.44115155961,101588.44115155961,295.39713076059644,295.39713076059644,-0.04890210092967874,-0.04890210092967874,0.015410386045120992,0.015410386045120992,-2.0025740562220333,-2.0025740562220333,-1.1805975598220335,-1.1805975598220335,"{""type"":""MultiPoint"",""coordinates"":[]}"
13,1996-02,36.481088926848884,-0.31643095429490126,23.370835876464866,101555.03249235523,101555.03249235523,296.59948684483385,296.59948684483385,-0.02286076636748094,-0.02286076636748094,0.004809732797783819,0.004809732797783819,-2.765409683676654,-2.765409683676654,-0.9770519128470486,-0.9770519128470486,"{""type"":""MultiPoint"",""coordinates"":[]}"
14,1996-03,36.56158902084846,-0.31418469297790685,23.706895446777366,101403.28287650725,101403.28287650725,297.32145776657507,297.32145776657507,-0.02050737901444783,-0.02050737901444783,0.011410203015976578,0.011410203015976578,-2.027946037831803,-2.027946037831803,-0.9762394351438765,-0.9762394351438765,"{""type"":""MultiPoint"",""coordinates"":[]}"
15,1996-04,36.485841197749195,-0.2723443060021437,25.021905517578148,101201.37284933627,101201.37284933627,300.1838571877663,300.1838571877663,-0.031288338682406616,-0.031288338682406616,0.02694682181666034,0.02694682181666034,-2.952490961244203,-2.952490961244203,-0.40640260556743335,-0.40640260556743335,"{""type"":""MultiPoint"",""coordinates"":[]}"
16,1996-05,36.41000378591433,-0.3508281298620476,26.672418212890644,101213.8372205665,101213.8372205665,301.5653423914888,301.5653423914888,-0.030697989275573354,-0.030697989275573354,0.027049485720064097,0.027049485720064097,-3.456495254483608,-3.456495254483608,-0.6060999422139977,-0.6060999422139977,"{""type"":""MultiPoint"",""coordinates"":[]}"
17,1996-06,36.380869346195084,-0.36113794212218653,27.319596862792995,101259.50270991221,101259.50270991221,301.3470724919657,301.3470724919657,-0.06294736171298071,-0.06294736171298071,0.06877796175521717,0.06877796175521717,-2.8986012322035473,-2.8986012322035473,-0.5040240838622767,-0.5040240838622767,"{""type"":""MultiPoint"",""coordinates"":[]}"
18,1996-07,36.356356251944824,-0.32898961466652843,27.62230072021487,101364.13802614834,101364.13802614834,301.23055713269144,301.23055713269144,-0.0728128900683894,-0.0728128900683894,0.07259035712157842,0.07259035712157842,-2.6690513681567056,-2.6690513681567056,-0.617810042734756,-0.617810042734756,"{""type"":""MultiPoint"",""coordinates"":[]}"
19,1996-08,36.33056679804999,-0.2675625453791101,27.290330505371116,101314.59753861216,101314.59753861216,300.88708718316116,300.88708718316116,-0.06379972032739445,-0.06379972032739445,0.06260487335512578,0.06260487335512578,-3.3127110440117535,-3.3127110440117535,-0.8390861214566931,-0.8390861214566931,"{""type"":""MultiPoint"",""coordinates"":[]}"
20,1996-09,36.353458239549845,-0.223374959807074,28.149278259277366,101053.30274582784,101053.30274582784,302.11719627955114,302.11719627955114,-0.028295633727543564,-0.028295633727543564,0.019552206017845485,0.019552206017845485,-2.378692356182737,-2.378692356182737,-0.9067236816620419,-0.9067236816620419,"{""type"":""MultiPoint"",""coordinates"":[]}"
21,1996-10,36.26019097986123,-0.05950609240142156,27.844026184082054,101139.82793991211,101139.82793991211,299.9014691488134,299.9014691488134,-0.06331344509110846,-0.06331344509110846,0.06712235428400481,0.06712235428400481,-2.1187914395733523,-2.1187914395733523,-1.2186405824143987,-1.2186405824143987,"{""type"":""MultiPoint"",""coordinates"":[]}"
22,1996-11,36.33686810021436,-0.16062612540192925,25.914117431640648,101490.5412429088,101490.5412429088,298.3142260510131,298.3142260510131,-0.019546804159706475,-0.019546804159706475,0.013396179635810438,0.013396179635810438,-3.1490905487809333,-3.1490905487809333,-2.132006615161666,-2.132006615161666,"{""type"":""MultiPoint"",""coordinates"":[]}"
23,1996-12,36.30705278670955,-0.19070601554126473,24.554284667968773,101570.37739500405,101570.37739500405,297.02384850576334,297.02384850576334,-0.019359892132183885,-0.019359892132183885,0.01974653781907099,0.01974653781907099,-2.8767362734188793,-2.8767362734188793,-1.1823441274423634,-1.1823441274423634,"{""type"":""MultiPoint"",""coordinates"":[]}"
24,1997-01,36.27407938751168,-0.21191221087024165,23.990815734863304,101605.79595391483,101605.79595391483,296.72665413483537,296.72665413483537,-0.016738404216741474,-0.016738404216741474,0.014636116570856972,0.014636116570856972,-2.1093194975193224,-2.1093194975193224,-0.750995007796849,-0.750995007796849,"{""type"":""MultiPoint"",""coordinates"":[]}"
25,1997-02,36.36620641938447,-0.22946811839687642,24.291574096679714,101499.44236774092,101499.44236774092,298.3442399285009,298.3442399285009,-0.020560620274550898,-0.020560620274550898,0.02040215828147761,0.02040215828147761,-3.2277296261110293,-3.2277296261110293,-0.41445970325028997,-0.41445970325028997,"{""type"":""MultiPoint"",""coordinates"":[]}"
26,1997-03,36.41415084016181,-0.2357625246343741,25.727944946289085,101363.17853624476,101363.17853624476,300.135217767553,300.135217767553,-0.008004371526573338,-0.008004371526573338,0.0055324513226057285,0.0055324513226057285,-2.9485853855006003,-2.9485853855006003,-0.3935182778097088,-0.3935182778097088,"{""type"":""MultiPoint"",""coordinates"":[]}"
27,1997-04,36.438048070739555,-0.217154448017149,26.951196289062526,101025.72280586668,101025.72280586668,300.92245808199357,300.92245808199357,-0.0324296712483023,-0.0324296712483023,0.03822487024489694,0.03822487024489694,-2.163630068880214,-2.163630068880214,-0.19723498976994308,-0.19723498976994308,"{""type"":""MultiPoint"",""coordinates"":[]}"
28,1997-05,36.4418464370916,-0.25433321232237316,27.55097351074221,101189.6285962326,101189.6285962326,301.84170588288276,301.84170588288276,-0.031820742245442034,-0.031820742245442034,0.03205457583091573,0.03205457583091573,-2.990251123968612,-2.990251123968612,-0.414239707279339,-0.414239707279339,"{""type"":""MultiPoint"",""coordinates"":[]}"
29,1997-06,36.49746547427654,-0.3074732984994642,28.161904907226585,101049.22468281689,101049.22468281689,301.7875804669709,301.7875804669709,-0.04451984544614328,-0.04451984544614328,0.08070735954409201,0.08070735954409201,-2.5340229485068604,-2.5340229485068604,-0.5022112614739628,-0.5022112614739628,"{""type"":""MultiPoint"",""coordinates"":[]}"
30,1997-07,36.409696802717555,-0.2988094855305466,27.99798736572268,101388.04523930683,101388.04523930683,301.4545994924081,301.4545994924081,-0.07473221846979848,-0.07473221846979848,0.0453104913057488,0.0453104913057488,-2.9117171072371333,-2.9117171072371333,-1.0433856341441028,-1.0433856341441028,"{""type"":""MultiPoint"",""coordinates"":[]}"
31,1997-08,36.381970944404124,-0.272144616741002,28.294869995117214,101387.13659565082,101387.13659565082,301.4981157602612,301.4981157602612,-0.05935730329902027,-0.05935730329902027,0.054902266981682886,0.054902266981682886,-2.6138070236486257,-2.6138070236486257,-1.151142182044926,-1.151142182044926,"{""type"":""MultiPoint"",""coordinates"":[]}"
32,1997-09,36.25648629421222,-0.12956540728831725,28.681184387207054,101112.48549326161,101112.48549326161,300.18551529208855,300.18551529208855,-0.09475939242413983,-0.09475939242413983,0.14710017089804037,0.14710017089804037,-2.0424906715479536,-2.0424906715479536,-0.26561695397527635,-0.26561695397527635,"{""type"":""MultiPoint"",""coordinates"":[]}"
33,1997-10,36.21882705372888,-0.11270528212840993,27.36419067382815,101185.24696398886,101185.24696398886,299.46381015855764,299.46381015855764,-0.0876548822310482,-0.0876548822310482,0.06633853235565904,0.06633853235565904,-2.752797781355335,-2.752797781355335,-0.61127272711929,-0.61127272711929,"{""type"":""MultiPoint"",""coordinates"":[]}"
34,1997-11,36.30648164523045,-0.20002710342979638,25.98348388671877,101294.29115029729,101294.29115029729,298.6289447615564,298.6289447615564,-0.04078107753256154,-0.04078107753256154,0.04061126001012275,0.04061126001012275,-2.7120566606330274,-2.7120566606330274,-1.1547802657750899,-1.1547802657750899,"{""type"":""MultiPoint"",""coordinates"":[]}"
35,1997-12,36.27578308785396,-0.22359564619852712,24.546128845214866,101340.1717867265,101340.1717867265,296.68360147426745,296.68360147426745,-0.0403022420835032,-0.0403022420835032,0.023354499138990053,0.023354499138990053,-1.3321582993003886,-1.3321582993003886,-0.892749333355284,-0.892749333355284,"{""type"":""MultiPoint"",""coordinates"":[]}"
36,1998-01,36.308249170210566,-0.31558707602945757,23.7736526489258,101324.92948699796,101324.92948699796,296.91066760372735,296.91066760372735,-0.02046248902983021,-0.02046248902983021,0.014645706394382153,0.014645706394382153,-2.5044441132672133,-2.5044441132672133,-0.8068825355497689,-0.8068825355497689,"{""type"":""MultiPoint"",""coordinates"":[]}"
37,1998-02,36.4634595774001,-0.24849747358750576,23.711633300781273,100989.38705199836,100989.38705199836,297.15507654760717,297.15507654760717,-0.02981624860997539,-0.02981624860997539,0.02696471473081427,0.02696471473081427,-1.2462221030508593,-1.2462221030508593,-0.31246792566430553,-0.31246792566430553,"{""type"":""MultiPoint"",""coordinates"":[]}"
38,1998-03,36.581786834871906,-0.29244271859765586,23.93030700683596,101315.98698055575,101315.98698055575,297.721273597237,297.721273597237,-0.014185111388411893,-0.014185111388411893,0.009885792724367857,0.009885792724367857,-3.032649635324975,-3.032649635324975,-0.8925705494979094,-0.8925705494979094,"{""type"":""MultiPoint"",""coordinates"":[]}"
39,1998-04,36.513371007502684,-0.23213350750267953,25.415528869628925,101083.69658309389,101083.69658309389,300.6415580713307,300.6415580713307,-0.01855791960529623,-0.01855791960529623,0.03094046003932201,0.03094046003932201,-2.4602499152483928,-2.4602499152483928,-0.1625078534670317,-0.1625078534670317,"{""type"":""MultiPoint"",""coordinates"":[]}"
40,1998-05,36.50032129706463,-0.22700309874494345,26.94195709228518,101056.52134946955,101056.52134946955,302.0256014924773,302.0256014924773,-0.03590981681595315,-0.03590981681595315,0.06681988784731649,0.06681988784731649,-2.442604775501047,-2.442604775501047,-0.27754261910854616,-0.27754261910854616,"{""type"":""MultiPoint"",""coordinates"":[]}"
41,1998-06,36.37681047695605,-0.28792676848874593,27.75933990478518,101177.18605369897,101177.18605369897,302.9299574398465,302.9299574398465,-0.072831954114866,-0.072831954114866,0.05615695059831513,0.05615695059831513,-3.3991711961019773,-3.3991711961019773,0.39740212613097176,0.39740212613097176,"{""type"":""MultiPoint"",""coordinates"":[]}"
42,1998-07,36.3879658230474,-0.2996317031428275,27.34076843261721,101379.71210145806,101379.71210145806,301.32742536757837,301.32742536757837,-0.07274657834843508,-0.07274657834843508,0.06570084122599368,0.06570084122599368,-2.9189505171803747,-2.9189505171803747,-0.7303788693196338,-0.7303788693196338,"{""type"":""MultiPoint"",""coordinates"":[]}"
43,1998-08,36.374453428067625,-0.19032245099056116,28.52315673828127,101242.43328930627,101242.43328930627,301.2787015975147,301.2787015975147,-0.0772534748043979,-0.0772534748043979,0.09315704954351715,0.09315704954351715,-2.1716693592103478,-2.1716693592103478,-0.6542967322212899,-0.6542967322212899,"{""type"":""MultiPoint"",""coordinates"":[]}"
44,1998-09,36.16849805734191,-0.0033286173633440513,28.86104736328127,100810.51558852274,100810.51558852274,300.6966067835904,300.6966067835904,-0.11081702610449587,-0.11081702610449587,0.12891090957547585,0.12891090957547585,-1.4690643964786685,-1.4690643964786685,1.1669160506575198,1.1669160506575198,"{""type"":""MultiPoint"",""coordinates"":[]}"
45,1998-10,36.2211606031532,-0.03761615755627011,29.02704010009768,101187.02104364987,101187.02104364987,300.4434542021223,300.4434542021223,-0.08488548883079808,-0.08488548883079808,0.08537790188481527,0.08537790188481527,-3.575725585591685,-3.575725585591685,-0.6821566038744455,-0.6821566038744455,"{""type"":""MultiPoint"",""coordinates"":[]}"
46,1998-11,36.19356587620579,-0.12189058145766347,27.147447204589866,101419.8587331139,101419.8587331139,298.7097077219611,298.7097077219611,-0.07042724783025486,-0.07042724783025486,0.058724407971131265,0.058724407971131265,-3.0194125028758783,-3.0194125028758783,-0.9318150648011274,-0.9318150648011274,"{""type"":""MultiPoint"",""coordinates"":[]}"
47,1998-12,36.2799640727103,-0.16198787729488648,25.450227355957054,101699.65619006418,101699.65619006418,297.2137811753498,297.2137811753498,-0.030161733911302165,-0.030161733911302165,0.012548760662471847,0.012548760662471847,-2.3356068730595863,-2.3356068730595863,-1.598470357256802,-1.598470357256802,"{""type"":""MultiPoint"",""coordinates"":[]}"
48,1999-01,36.351113590395194,-0.21831971527849808,24.260095214843773,101643.4318883397,101643.4318883397,296.66531273519615,296.66531273519615,-0.019741553964776313,-0.019741553964776313,0.013520374010918065,0.013520374010918065,-2.58535682791012,-2.58535682791012,-0.8475159774850105,-0.8475159774850105,"{""type"":""MultiPoint"",""coordinates"":[]}"
49,1999-02,36.431276613458905,-0.21670079237482776,24.47315368652346,101648.21096936312,101648.21096936312,297.1890230500673,297.1890230500673,-0.013518410868018962,-0.013518410868018962,0.0067743038747003475,0.0067743038747003475,-2.7279841597459615,-2.7279841597459615,-1.2654608988172458,-1.2654608988172458,"{""type"":""MultiPoint"",""coordinates"":[]}"
50,1999-03,36.48929040037342,-0.24634472565086615,24.334268188476585,101354.05793883772,101354.05793883772,298.4198362580645,298.4198362580645,-0.009524596965923907,-0.009524596965923907,0.008424163024088936,0.008424163024088936,-2.6275737735899116,-2.6275737735899116,-0.8247678442941963,-0.8247678442941963,"{""type"":""MultiPoint"",""coordinates"":[]}"
51,1999-04,36.4614429528403,-0.288694600750268,25.441796875000023,101183.4132048442,101183.4132048442,301.1790803095856,301.1790803095856,-0.016032392113177907,-0.016032392113177907,0.01165348073248567,0.01165348073248567,-3.3275618316483193,-3.3275618316483193,-0.14405274151225445,-0.14405274151225445,"{""type"":""MultiPoint"",""coordinates"":[]}"
52,1999-05,36.46363156052278,-0.2395660979151541,26.865266418457054,101121.6423820595,101121.6423820595,302.2607033210537,302.2607033210537,-0.015920912940415987,-0.015920912940415987,0.014578364064009006,0.014578364064009006,-3.0804852283733295,-3.0804852283733295,-0.42323436005154147,-0.42323436005154147,"{""type"":""MultiPoint"",""coordinates"":[]}"
53,1999-06,36.37355692658093,-0.2345586682743838,27.437722778320335,101217.54938799083,101217.54938799083,300.4396309928484,300.4396309928484,-0.08192979389465044,-0.08192979389465044,0.11790077298700269,0.11790077298700269,-3.199033400422797,-3.199033400422797,0.09949440001685582,0.09949440001685582,"{""type"":""MultiPoint"",""coordinates"":[]}"
54,1999-07,36.35443860854684,-0.296056114510943,27.183450317382835,101445.83800277968,101445.83800277968,300.0147198907649,300.0147198907649,-0.10396481749863115,-0.10396481749863115,0.0989892872183326,0.0989892872183326,-3.1252250320084944,-3.1252250320084944,-0.5861731916510828,-0.5861731916510828,"{""type"":""MultiPoint"",""coordinates"":[]}"
55,1999-08,36.28332577014833,-0.19019570065345923,28.75465545654299,101244.87637148259,101244.87637148259,300.7379640585371,300.7379640585371,-0.08945153262820477,-0.08945153262820477,0.09828407885258438,0.09828407885258438,-2.0047644999600185,-2.0047644999600185,-0.2900486123291098,-0.2900486123291098,"{""type"":""MultiPoint"",""coordinates"":[]}"
56,1999-09,36.10505288049304,-0.14909137191854238,28.962472534179707,100985.93163312801,100985.93163312801,300.598922696319,300.598922696319,-0.09665027418964112,-0.09665027418964112,0.108582232642103,0.108582232642103,-1.9234162748557444,-1.9234162748557444,-0.9715271364004457,-0.9715271364004457,"{""type"":""MultiPoint"",""coordinates"":[]}"
57,1999-10,35.98995692874183,-0.00958969505238046,28.06782684326174,101211.36747029309,101211.36747029309,298.8149312633353,298.8149312633353,-0.11443014282243755,-0.11443014282243755,0.15096969339236802,0.15096969339236802,-2.1799438702315457,-2.1799438702315457,-1.3313929824177804,-1.3313929824177804,"{""type"":""MultiPoint"",""coordinates"":[]}"
58,1999-11,36.071564938370855,-0.14747435691318328,25.935380554199245,101643.237979328,101643.237979328,296.7605751994146,296.7605751994146,-0.06986785458591767,-0.06986785458591767,0.03484235379336697,0.03484235379336697,-2.0501595295472583,-2.0501595295472583,-2.9500928079404005,-2.9500928079404005,"{""type"":""MultiPoint"",""coordinates"":[]}"
59,1999-12,36.30992474847008,-0.17606863914531687,24.32472381591799,101728.28329214569,101728.28329214569,296.00957831093433,296.00957831093433,-0.05027777785727276,-0.05027777785727276,0.05491471428441748,0.05491471428441748,-2.280328366715779,-2.280328366715779,-1.3595527338695452,-1.3595527338695452,"{""type"":""MultiPoint"",""coordinates"":[]}"
60,2000-01,36.31422374494347,-0.24751103360647236,24.07511291503908,101785.21199671573,101785.21199671573,296.16275488196266,296.16275488196266,-0.032608453308039555,-0.032608453308039555,0.004920275295756695,0.004920275295756695,-2.759473330344448,-2.759473330344448,-1.0744563913684149,-1.0744563913684149,"{""type"":""MultiPoint"",""coordinates"":[]}"
61,2000-02,36.475019583656724,-0.275768266991906,23.760278320312523,101791.84078553863,101791.84078553863,297.0623197462446,297.0623197462446,-0.01619664150250497,-0.01619664150250497,0.005432954186626997,0.005432954186626997,-2.8374454923340675,-2.8374454923340675,-0.9650312609458672,-0.9650312609458672,"{""type"":""MultiPoint"",""coordinates"":[]}"
62,2000-03,36.48621317809357,-0.253733896898662,25.26156005859377,101262.37559986413,101262.37559986413,299.6720021507604,299.6720021507604,-0.008320059774587187,-0.008320059774587187,0.0015724265288109658,0.0015724265288109658,-2.928544685887,-2.928544685887,-0.13586778983655454,-0.13586778983655454,"{""type"":""MultiPoint"",""coordinates"":[]}"
63,2000-04,36.50238240889604,-0.23573795551982854,26.209382629394554,101334.63658902717,101334.63658902717,300.14703836506357,300.14703836506357,-0.010888989138252595,-0.010888989138252595,0.007194683049654508,0.007194683049654508,-2.9371187323082477,-2.9371187323082477,-1.232201838593187,-1.232201838593187,"{""type"":""MultiPoint"",""coordinates"":[]}"
64,2000-05,36.48221461587047,-0.2595375660312356,26.470697021484398,101174.74047608665,101174.74047608665,302.13987881944934,302.13987881944934,-0.016866764197714542,-0.016866764197714542,0.01997661278049739,0.01997661278049739,-3.321548640132241,-3.321548640132241,-0.17022304185818113,-0.17022304185818113,"{""type"":""MultiPoint"",""coordinates"":[]}"
65,2000-06,36.31682482583066,-0.2629344319399787,26.694612121582058,101370.44645074909,101370.44645074909,300.6957051301839,300.6957051301839,-0.07039762816059575,-0.07039762816059575,0.07971164856537617,0.07971164856537617,-3.2985208418475507,-3.2985208418475507,-0.27256231829451116,-0.27256231829451116,"{""type"":""MultiPoint"",""coordinates"":[]}"
66,2000-07,36.396004278601815,-0.2652275956850949,27.61713562011721,101379.45456711491,101379.45456711491,301.7089430313352,301.7089430313352,-0.03518044238489524,-0.03518044238489524,0.023948157795312446,0.023948157795312446,-2.67472099776074,-2.67472099776074,-1.3748961055483313,-1.3748961055483313,"{""type"":""MultiPoint"",""coordinates"":[]}"
67,2000-08,36.389274751063176,-0.22781825018151644,27.517610168457054,101364.36350177131,101364.36350177131,300.51406374681164,300.51406374681164,-0.07922789304641537,-0.07922789304641537,0.09558313754075612,0.09558313754075612,-2.716386271154637,-2.716386271154637,-0.760415517722219,-0.760415517722219,"{""type"":""MultiPoint"",""coordinates"":[]}"
68,2000-09,36.28862599142552,-0.13385986066452304,28.461183166503933,101025.70307170591,101025.70307170591,300.4100679949688,300.4100679949688,-0.09275463877876285,-0.09275463877876285,0.11148205887289908,0.11148205887289908,-1.8159094988364273,-1.8159094988364273,-0.49633992588975784,-0.49633992588975784,"{""type"":""MultiPoint"",""coordinates"":[]}"
69,2000-10,36.20005958925424,-0.08595699356913186,27.476312255859398,101430.84620915644,101430.84620915644,299.0732371174258,299.0732371174258,-0.07230106674891859,-0.07230106674891859,0.052402244226121095,0.052402244226121095,-3.6147097737428937,-3.6147097737428937,-1.7714552371504142,-1.7714552371504142,"{""type"":""MultiPoint"",""coordinates"":[]}"
70,2000-11,36.405756886388005,-0.144062473204716,26.021752929687523,101357.9854300592,101357.9854300592,298.8841217546013,298.8841217546013,-0.023623794519321815,-0.023623794519321815,0.02164962652236796,0.02164962652236796,-3.0400983140382802,-3.0400983140382802,-0.8869441784868459,-0.8869441784868459,"{""type"":""MultiPoint"",""coordinates"":[]}"
71,2000-12,36.36055918732497,-0.24616026605123956,24.462907409667995,101786.18965580761,101786.18965580761,295.9968013090789,295.9968013090789,-0.0236160276013493,-0.0236160276013493,0.016441730677084557,0.016441730677084557,-2.4436596538226336,-2.4436596538226336,-2.494813859077827,-2.494813859077827,"{""type"":""MultiPoint"",""coordinates"":[]}"
72,2001-01,36.37228111710405,-0.26034773363758945,22.863504028320335,101794.95359686644,101794.95359686644,295.33061943728524,295.33061943728524,-0.008590165940981045,-0.008590165940981045,0.003782152789808624,0.003782152789808624,-2.3127103918722356,-2.3127103918722356,-1.2296176812227144,-1.2296176812227144,"{""type"":""MultiPoint"",""coordinates"":[]}"
73,2001-02,36.39776207223243,-0.2732656178226918,24.235520935058616,101591.70499464414,101591.70499464414,298.74029755644705,298.74029755644705,-0.012429528220813535,-0.012429528220813535,0.011114553588845241,0.011114553588845241,-3.199956687262677,-3.199956687262677,-0.9233581125346348,-0.9233581125346348,"{""type"":""MultiPoint"",""coordinates"":[]}"
74,2001-03,36.54099839228296,-0.2583699953324344,24.973428344726585,101230.78148166771,101230.78148166771,298.51945699300353,298.51945699300353,-0.007892437831653847,-0.007892437831653847,0.006240413010975436,0.006240413010975436,-1.5865435251213844,-1.5865435251213844,-0.9610037732086517,-0.9610037732086517,"{""type"":""MultiPoint"",""coordinates"":[]}"
75,2001-04,36.53945383172563,-0.2994873794212219,25.42852935791018,101404.8132594781,101404.8132594781,300.5013825348371,300.5013825348371,-0.010558479320875934,-0.010558479320875934,0.01446107245248408,0.01446107245248408,-3.749005798222119,-3.749005798222119,-0.5354707160713039,-0.5354707160713039,"{""type"":""MultiPoint"",""coordinates"":[]}"
76,2001-05,36.440874831449015,-0.22920156104138575,25.71094665527346,101217.47694153042,101217.47694153042,300.101372676388,300.101372676388,-0.033375317822287566,-0.033375317822287566,0.05920830754169225,0.05920830754169225,-3.1279320435484976,-3.1279320435484976,-1.1224241080306678,-1.1224241080306678,"{""type"":""MultiPoint"",""coordinates"":[]}"
77,2001-06,36.12968318595927,-0.29675100482315114,26.440652465820335,101298.93065796456,101298.93065796456,301.0528907189439,301.0528907189439,-0.07938095796020066,-0.07938095796020066,0.06802801081892605,0.06802801081892605,-2.9506041941304644,-2.9506041941304644,-0.02560416735957449,-0.02560416735957449,"{""type"":""MultiPoint"",""coordinates"":[]}"
78,2001-07,36.3983578466964,-0.28135527953531797,27.749963378906273,101366.3031677858,101366.3031677858,301.3744663095604,301.3744663095604,-0.049525500956546155,-0.049525500956546155,0.04352196608247215,0.04352196608247215,-2.6445058481676655,-2.6445058481676655,-0.6810648710528572,-0.6810648710528572,"{""type"":""MultiPoint"",""coordinates"":[]}"
79,2001-08,36.38273934239187,-0.26223134270303916,27.76336822509768,101378.42553298439,101378.42553298439,301.52200195398643,301.52200195398643,-0.05187302357777979,-0.05187302357777979,0.04970047304308655,0.04970047304308655,-2.939880976535552,-2.939880976535552,-0.959482127013508,-0.959482127013508,"{""type"":""MultiPoint"",""coordinates"":[]}"
80,2001-09,36.30110493125625,-0.14491176959751637,28.04484710693362,101106.49417968019,101106.49417968019,300.8086122432861,300.8086122432861,-0.0678042615578497,-0.0678042615578497,0.09420156342576176,0.09420156342576176,-1.9695498539110852,-1.9695498539110852,-0.6912649820627361,-0.6912649820627361,"{""type"":""MultiPoint"",""coordinates"":[]}"
81,2001-10,36.22528214137539,-0.10676570117207758,27.575860595703148,101361.9754763223,101361.9754763223,299.7223317444871,299.7223317444871,-0.06977419617253527,-0.06977419617253527,0.05739734392371448,0.05739734392371448,-2.846890734670476,-2.846890734670476,-1.7234029333482594,-1.7234029333482594,"{""type"":""MultiPoint"",""coordinates"":[]}"
82,2001-11,36.276389884780286,-0.06900669882100752,25.975183105468773,101475.78075591127,101475.78075591127,297.9607066591217,297.9607066591217,-0.058707843102939895,-0.058707843102939895,0.052650520170417874,0.052650520170417874,-2.6185117804515623,-2.6185117804515623,-1.2895734103681207,-1.2895734103681207,"{""type"":""MultiPoint"",""coordinates"":[]}"
83,2001-12,36.308934381806864,-0.15319944767140342,25.14847717285158,101475.7664687674,101475.7664687674,297.58048679161084,297.58048679161084,-0.029851037063827794,-0.029851037063827794,0.048279037384234655,0.048279037384234655,-2.532223332162903,-2.532223332162903,-1.3710255154992588,-1.3710255154992588,"{""type"":""MultiPoint"",""coordinates"":[]}"
84,2002-01,36.3580133933202,-0.24181172855512925,23.76739654541018,101660.45301445435,101660.45301445435,296.6119992999306,296.6119992999306,-0.039651832076504044,-0.039651832076504044,0.020593418082743505,0.020593418082743505,-2.030032465980906,-2.030032465980906,-0.7015128959793654,-0.7015128959793654,"{""type"":""MultiPoint"",""coordinates"":[]}"
85,2002-02,36.38649184657787,-0.18109952055581077,24.292398071289085,101671.09437815074,101671.09437815074,296.63900294069015,296.63900294069015,-0.05342790253615243,-0.05342790253615243,0.08232690954749865,0.08232690954749865,-2.1848468260372833,-2.1848468260372833,-1.4229496263097463,-1.4229496263097463,"{""type"":""MultiPoint"",""coordinates"":[]}"
86,2002-03,36.44789317757493,-0.21674376361373304,24.409043884277363,101429.02752813333,101429.02752813333,298.7020872236137,298.7020872236137,-0.045748751039717477,-0.045748751039717477,0.015464161457447173,0.015464161457447173,-3.0878015954428992,-3.0878015954428992,-0.5321288903644588,-0.5321288903644588,"{""type"":""MultiPoint"",""coordinates"":[]}"
87,2002-04,36.4761504421222,-0.24597987674169353,26.242662048339866,101339.6527951872,101339.6527951872,301.14236715427296,301.14236715427296,-0.010874800899404905,-0.010874800899404905,0.002827397415350323,0.002827397415350323,-3.415788442765385,-3.415788442765385,-0.8578724965741845,-0.8578724965741845,"{""type"":""MultiPoint"",""coordinates"":[]}"
88,2002-05,36.45688239031221,-0.27790399076859246,26.265657043457058,101164.99895543641,101164.99895543641,301.61077449265395,301.61077449265395,-0.02591033650554949,-0.02591033650554949,0.030303262630932238,0.030303262630932238,-3.1770601276195123,-3.1770601276195123,-1.3109290790597017,-1.3109290790597017,"{""type"":""MultiPoint"",""coordinates"":[]}"
89,2002-06,36.23221114683816,-0.20718678992497325,27.30897674560549,101139.5495770811,101139.5495770811,300.7597456560727,300.7597456560727,-0.08922930391634609,-0.08922930391634609,0.13560057310051854,0.13560057310051854,-2.4787094519747725,-2.4787094519747725,-0.1310535401216685,-0.1310535401216685,"{""type"":""MultiPoint"",""coordinates"":[]}"
90,2002-07,36.34239696348928,-0.29527826470283175,27.484475708007835,101451.75319336743,101451.75319336743,301.63904638414414,301.63904638414414,-0.06278168602888225,-0.06278168602888225,0.029106928829884752,0.029106928829884752,-2.9445078336180326,-2.9445078336180326,-0.8999920514794391,-0.8999920514794391,"{""type"":""MultiPoint"",""coordinates"":[]}"
91,2002-08,36.40336648169277,-0.17377384348096672,28.27061614990237,101314.29898468271,101314.29898468271,301.89705779624524,301.89705779624524,-0.04100185025787796,-0.04100185025787796,0.03700575811800676,0.03700575811800676,-2.433140143564441,-2.433140143564441,-1.0361436626904474,-1.0361436626904474,"{""type"":""MultiPoint"",""coordinates"":[]}"
92,2002-09,36.22654462754556,-0.0022724410503751347,28.49292907714846,100761.96323366386,100761.96323366386,300.4065654161336,300.4065654161336,-0.13148627477668826,-0.13148627477668826,0.41912718435782886,0.41912718435782886,-0.7702570339732089,-0.7702570339732089,-0.5523100901511292,-0.5523100901511292,"{""type"":""MultiPoint"",""coordinates"":[]}"
93,2002-10,35.766363551498806,-0.05540675241157556,27.99529418945315,101159.72747576986,101159.72747576986,299.9347809443354,299.9347809443354,-0.11216058029670839,-0.11216058029670839,0.03550176565912885,0.03550176565912885,-2.2937815443129486,-2.2937815443129486,-0.546885368804833,-0.546885368804833,"{""type"":""MultiPoint"",""coordinates"":[]}"
94,2002-11,35.98695858788853,-0.1735484056806003,26.433892822265648,101560.67727349182,101560.67727349182,298.2704083642717,298.2704083642717,-0.057965341703484004,-0.057965341703484004,0.017106861323067293,0.017106861323067293,-2.190658181158097,-2.190658181158097,-1.4420440626244226,-1.4420440626244226,"{""type"":""MultiPoint"",""coordinates"":[]}"
95,2002-12,36.32829716834353,-0.24760443678041694,24.09797821044924,101614.54377562791,101614.54377562791,296.5275311570467,296.5275311570467,-0.04628832736283843,-0.04628832736283843,0.028882491407375185,0.028882491407375185,-2.3896137560484467,-2.3896137560484467,-1.31999670448596,-1.31999670448596,"{""type"":""MultiPoint"",""coordinates"":[]}"
96,2003-01,36.35810231044497,-0.292454517166269,22.564424133300804,101952.8940331229,101952.8940331229,294.2751159832816,294.2751159832816,-0.028813101241037673,-0.028813101241037673,0.012398022279990348,0.012398022279990348,-2.4412056964626125,-2.4412056964626125,-2.6600070253286647,-2.6600070253286647,"{""type"":""MultiPoint"",""coordinates"":[]}"
97,2003-02,36.449822462103825,-0.2591793752870924,23.495805358886745,101351.30906669135,101351.30906669135,298.00368626060686,298.00368626060686,-0.017499737162372627,-0.017499737162372627,0.004529624768332067,0.004529624768332067,-2.3474027112344515,-2.3474027112344515,-0.5339804480254762,-0.5339804480254762,"{""type"":""MultiPoint"",""coordinates"":[]}"
98,2003-03,36.56848643812883,-0.23364234778549953,26.015504455566425,100998.68524578074,100998.68524578074,300.0786331722044,300.0786331722044,-0.021487898841190605,-0.021487898841190605,0.016576308076727664,0.016576308076727664,-1.5475199621364752,-1.5475199621364752,-0.7369844171060834,-0.7369844171060834,"{""type"":""MultiPoint"",""coordinates"":[]}"
99,2003-04,36.50688199356913,-0.26789005894962487,25.301324462890644,101226.40010483962,101226.40010483962,299.8190278522342,299.8190278522342,-0.02212451999451323,-0.02212451999451323,0.01198522263251773,0.01198522263251773,-2.9412039667425076,-2.9412039667425076,-0.764284315097961,-0.764284315097961,"{""type"":""MultiPoint"",""coordinates"":[]}"
100,2003-05,36.48687130484391,-0.27416947152784993,27.1946960449219,101067.09987573301,101067.09987573301,302.9040681741269,302.9040681741269,-0.01717659819696666,-0.01717659819696666,0.01751946260575131,0.01751946260575131,-3.0763127343421717,-3.0763127343421717,-0.008364763146812967,-0.008364763146812967,"{""type"":""MultiPoint"",""coordinates"":[]}"
101,2003-06,36.3620595659164,-0.26479634244372996,27.71930084228518,100994.62101146026,100994.62101146026,302.0831171418713,302.0831171418713,-0.06511979966971256,-0.06511979966971256,0.09146301762643055,0.09146301762643055,-2.6183022720268574,-2.6183022720268574,0.41060802806618524,0.41060802806618524,"{""type"":""MultiPoint"",""coordinates"":[]}"
102,2003-07,36.30978304895758,-0.24815478166165345,27.232583618164085,101421.1013571657,101421.1013571657,301.18911173131005,301.18911173131005,-0.07019359055596856,-0.07019359055596856,0.04649310306882001,0.04649310306882001,-2.6978635623625355,-2.6978635623625355,-0.783500885674206,-0.783500885674206,"{""type"":""MultiPoint"",""coordinates"":[]}"
103,2003-08,36.32477904263044,-0.243141051239498,28.215440368652366,101333.43504501217,101333.43504501217,301.73940040725256,301.73940040725256,-0.049496967586589946,-0.049496967586589946,0.052958112533812725,0.052958112533812725,-2.4539225985163955,-2.4539225985163955,-1.0295516821011113,-1.0295516821011113,"{""type"":""MultiPoint"",""coordinates"":[]}"
104,2003-09,36.32546426848875,-0.16146389335476957,28.431504821777366,101119.29806708774,101119.29806708774,301.32483688113547,301.32483688113547,-0.05482498708457624,-0.05482498708457624,0.050366278805036774,0.050366278805036774,-2.2385345910347683,-2.2385345910347683,-0.6134535702822618,-0.6134535702822618,"{""type"":""MultiPoint"",""coordinates"":[]}"
105,2003-10,36.3227429986516,-0.026671364485011922,28.19120178222658,101158.40777203682,101158.40777203682,300.39713484689014,300.39713484689014,-0.05133271048140066,-0.05133271048140066,0.047008622849128975,0.047008622849128975,-2.471693507065362,-2.471693507065362,-1.1528261874763215,-1.1528261874763215,"{""type"":""MultiPoint"",""coordinates"":[]}"
106,2003-11,36.36737000267953,-0.11561517952840303,26.82238922119143,101459.46131864055,101459.46131864055,298.94782405910144,298.94782405910144,-0.03667229318754454,-0.03667229318754454,0.042153263648623866,0.042153263648623866,-2.9606259384219094,-2.9606259384219094,-1.9874770023469004,-1.9874770023469004,"{""type"":""MultiPoint"",""coordinates"":[]}"
107,2003-12,36.34348890156623,-0.21559629447152787,24.134027099609394,101754.92358544639,101754.92358544639,295.45724063437603,295.45724063437603,-0.021259469187786643,-0.021259469187786643,0.011706282084276954,0.011706282084276954,-1.9703340855821634,-1.9703340855821634,-2.293845034844106,-2.293845034844106,"{""type"":""MultiPoint"",""coordinates"":[]}"
108,2004-01,36.35395711025827,-0.22535841717664148,23.443688964843776,101664.05466808325,101664.05466808325,296.4007381420401,296.4007381420401,-0.009363984875774648,-0.009363984875774648,0.007852514949062715,0.007852514949062715,-2.772900826952839,-2.772900826952839,-1.541445382911186,-1.541445382911186,"{""type"":""MultiPoint"",""coordinates"":[]}"
109,2004-02,36.43526789278191,-0.25647350038806965,23.53503570556643,101555.97909679705,101555.97909679705,297.070141415701,297.070141415701,-0.01707731024140716,-0.01707731024140716,0.015633614799401348,0.015633614799401348,-2.056883437831892,-2.056883437831892,-1.2499892181447079,-1.2499892181447079,"{""type"":""MultiPoint"",""coordinates"":[]}"
110,2004-03,36.49481853542164,-0.3355728269889017,24.47819671630862,101592.87624394886,101592.87624394886,299.01248923204355,299.01248923204355,-0.004511986747279095,-0.004511986747279095,0.0036072424988863264,0.0036072424988863264,-3.7272879559098455,-3.7272879559098455,-1.4797068351524938,-1.4797068351524938,"{""type"":""MultiPoint"",""coordinates"":[]}"
111,2004-04,36.45959963826367,-0.3219100884244374,25.1199890136719,101317.0893686931,101317.0893686931,299.70914088538757,299.70914088538757,-0.014598412292590542,-0.014598412292590542,0.01695106312290517,0.01695106312290517,-2.8204740039472163,-2.8204740039472163,-0.6733039272171634,-0.6733039272171634,"{""type"":""MultiPoint"",""coordinates"":[]}"
112,2004-05,36.257772585831354,-0.24904790737475363,26.01081237792971,101319.15002191796,101319.15002191796,300.8804820374687,300.8804820374687,-0.052801958713044085,-0.052801958713044085,0.05514009910704726,0.05514009910704726,-3.2654376175912416,-3.2654376175912416,-0.845238186427167,-0.845238186427167,"{""type"":""MultiPoint"",""coordinates"":[]}"
113,2004-06,36.34357913987139,-0.3156875937834941,27.17529449462893,101312.24930828265,101312.24930828265,302.44277113612577,302.44277113612577,-0.04206973401381489,-0.04206973401381489,0.04366489062194477,0.04366489062194477,-3.2933863746448595,-3.2933863746448595,-0.0020939994794245357,-0.0020939994794245357,"{""type"":""MultiPoint"",""coordinates"":[]}"
114,2004-07,36.378538157348835,-0.2850167902707188,28.01673278808596,101317.89569395612,101317.89569395612,301.58353926164426,301.58353926164426,-0.04487040917205061,-0.04487040917205061,0.04340773840120126,0.04340773840120126,-2.3746837253303283,-2.3746837253303283,-0.9771340194530452,-0.9771340194530452,"{""type"":""MultiPoint"",""coordinates"":[]}"
115,2004-08,36.39798571206307,-0.23786224198734568,28.953462219238304,101314.10321459513,101314.10321459513,302.2207676309302,302.2207676309302,-0.03628236531696927,-0.03628236531696927,0.035734591475284995,0.035734591475284995,-2.172641881196889,-2.172641881196889,-0.8183315650539589,-0.8183315650539589,"{""type"":""MultiPoint"",""coordinates"":[]}"
116,2004-09,36.341545176848875,-0.1513961280814577,29.498101806640648,101034.29099836489,101034.29099836489,301.20301834746346,301.20301834746346,-0.06223582572330937,-0.06223582572330937,0.07051242014155716,0.07051242014155716,-1.527667800865361,-1.527667800865361,-1.3584720582585255,-1.3584720582585255,"{""type"":""MultiPoint"",""coordinates"":[]}"
117,2004-10,36.31592856031532,-0.12821453946686032,28.412774658203144,101196.77077215843,101196.77077215843,300.685553785976,300.685553785976,-0.05079515032960982,-0.05079515032960982,0.045238894155287084,0.045238894155287084,-2.9480876093275463,-2.9480876093275463,-0.8597190934155269,-0.8597190934155269,"{""type"":""MultiPoint"",""coordinates"":[]}"
118,2004-11,36.38061114683816,-0.1491875669882101,26.32184753417971,101489.51540721394,101489.51540721394,299.2590101306637,299.2590101306637,-0.013920815374509315,-0.013920815374509315,0.008840545964597669,0.008840545964597669,-2.708884957284027,-2.708884957284027,-1.3773179536850035,-1.3773179536850035,"{""type"":""MultiPoint"",""coordinates"":[]}"
119,2004-12,36.388522858106,-0.18198257442174054,25.072076416015644,101712.56459252966,101712.56459252966,297.0643575612543,297.0643575612543,-0.010486447273000061,-0.010486447273000061,0.010490877162735147,0.010490877162735147,-2.1580609114826053,-2.1580609114826053,-1.674767552902623,-1.674767552902623,"{""type"":""MultiPoint"",""coordinates"":[]}"
120,2005-01,36.402415957888195,-0.25362095477647556,23.44232330322268,101809.51570549911,101809.51570549911,296.4715705064904,296.4715705064904,-0.004513010948531618,-0.004513010948531618,0.002641011272136276,0.002641011272136276,-2.80924697361065,-2.80924697361065,-1.5655504065485835,-1.5655504065485835,"{""type"":""MultiPoint"",""coordinates"":[]}"
121,2005-02,36.5143002698668,-0.252655862425356,23.574082946777366,101532.55386275375,101532.55386275375,297.4170423915691,297.4170423915691,-0.005378064634845934,-0.005378064634845934,0.007417761225620709,0.007417761225620709,-2.5873379074843794,-2.5873379074843794,-1.4329016397723122,-1.4329016397723122,"{""type"":""MultiPoint"",""coordinates"":[]}"
122,2005-03,36.56949467119594,-0.2871318198319676,24.398316955566433,101113.83468668816,101113.83468668816,299.05351288414397,299.05351288414397,-0.010087330513655107,-0.010087330513655107,0.008016751525423636,0.008016751525423636,-1.914276975435261,-1.914276975435261,-0.8108331945275694,-0.8108331945275694,"{""type"":""MultiPoint"",""coordinates"":[]}"
123,2005-04,36.56432733118971,-0.27577144962486605,25.37324676513674,101195.30123283596,101195.30123283596,299.85221867085266,299.85221867085266,-0.004576442820289346,-0.004576442820289346,0.0038280099134201146,0.0038280099134201146,-2.6269045013797485,-2.6269045013797485,-1.5935498951675846,-1.5935498951675846,"{""type"":""MultiPoint"",""coordinates"":[]}"
124,2005-05,36.51170821232238,-0.2897840084016181,26.80542144775393,101067.97024186297,101067.97024186297,301.20967765360183,301.20967765360183,-0.01904300650612553,-0.01904300650612553,0.02616696783443713,0.02616696783443713,-2.4733296655486385,-2.4733296655486385,-1.4251081606152582,-1.4251081606152582,"{""type"":""MultiPoint"",""coordinates"":[]}"
125,2005-06,36.26449076902465,-0.28064212218649526,27.73101959228518,100933.14685603885,100933.14685603885,301.26876083300283,301.26876083300283,-0.07624011835744046,-0.07624011835744046,0.11565132840635758,0.11565132840635758,-2.764380563875869,-2.764380563875869,-0.6355313560905853,-0.6355313560905853,"{""type"":""MultiPoint"",""coordinates"":[]}"
126,2005-07,36.17974445078312,-0.23020760294575254,28.153657531738304,101223.61375821858,101223.61375821858,301.23610897031233,301.23610897031233,-0.09353631715788545,-0.09353631715788545,0.0779027224965096,0.0779027224965096,-2.4864409924435704,-2.4864409924435704,-0.6239727089579503,-0.6239727089579503,"{""type"":""MultiPoint"",""coordinates"":[]}"
127,2005-08,36.32033179908723,-0.24465663572243548,28.69571075439455,101186.17800498281,101186.17800498281,301.611614398859,301.611614398859,-0.06763603203963092,-0.06763603203963092,0.06513110544920497,0.06513110544920497,-1.8807122105570586,-1.8807122105570586,-0.8464321602881092,-0.8464321602881092,"{""type"":""MultiPoint"",""coordinates"":[]}"
128,2005-09,36.33118289121116,-0.13676349142550911,29.608178710937523,101173.29065389808,101173.29065389808,300.9092469374132,300.9092469374132,-0.0889780398027846,-0.0889780398027846,0.09354105689350208,0.09354105689350208,-1.8435274757329645,-1.8435274757329645,-0.7791413727289414,-0.7791413727289414,"{""type"":""MultiPoint"",""coordinates"":[]}"
129,2005-10,36.26205196556375,-0.1284556321958303,28.116189575195335,101012.234902972,101012.234902972,298.919377345361,298.919377345361,-0.11516869160523506,-0.11516869160523506,0.16294114986763428,0.16294114986763428,-1.5193253001024705,-1.5193253001024705,-2.958929414770855,-2.958929414770855,"{""type"":""MultiPoint"",""coordinates"":[]}"
130,2005-11,36.23901004823151,-0.20907680868167203,25.982324218750023,101512.99793503727,101512.99793503727,297.6837022236883,297.6837022236883,-0.06250095391116559,-0.06250095391116559,0.03173742666957913,0.03173742666957913,-2.2629172011423213,-2.2629172011423213,-2.0994795217532087,-2.0994795217532087,"{""type"":""MultiPoint"",""coordinates"":[]}"
131,2005-12,36.28630083756872,-0.21822257805206927,24.70258483886721,101535.26764908854,101535.26764908854,296.9327372008893,296.9327372008893,-0.03930105275319322,-0.03930105275319322,0.025830627548618094,0.025830627548618094,-2.247517252529876,-2.247517252529876,-1.088607865421376,-1.088607865421376,"{""type"":""MultiPoint"",""coordinates"":[]}"
132,2006-01,36.35531428275075,-0.31784589254226736,24.155870056152366,101663.15304544731,101663.15304544731,296.68193424468825,296.68193424468825,-0.027127784290083612,-0.027127784290083612,0.01846735659484233,0.01846735659484233,-2.3863391013238227,-2.3863391013238227,-1.4020829333658433,-1.4020829333658433,"{""type"":""MultiPoint"",""coordinates"":[]}"
133,2006-02,36.48466837965089,-0.3054369401699587,23.64375457763674,101648.67755683139,101648.67755683139,296.7166747954256,296.7166747954256,-0.013411950729406808,-0.013411950729406808,0.004678657973119161,0.004678657973119161,-2.715502307199618,-2.715502307199618,-1.2647553970712788,-1.2647553970712788,"{""type"":""MultiPoint"",""coordinates"":[]}"
134,2006-03,36.49576824240225,-0.2825309355875947,24.63104400634768,101410.90451948464,101410.90451948464,298.73475513189425,298.73475513189425,-0.013584689059376435,-0.013584689059376435,0.009934408987107651,0.009934408987107651,-3.185202495639208,-3.185202495639208,-0.5917202706695046,-0.5917202706695046,"{""type"":""MultiPoint"",""coordinates"":[]}"
135,2006-04,36.4538326500536,-0.2934475482315113,25.934487915039085,101188.5409632674,101188.5409632674,300.8331453391069,300.8331453391069,-0.0057092740244090055,-0.0057092740244090055,8.011487811890917E-4,8.011487811890917E-4,-3.022620392804475,-3.022620392804475,-0.8705214469471378,-0.8705214469471378,"{""type"":""MultiPoint"",""coordinates"":[]}"
136,2006-05,36.39324496940151,-0.29400609376620684,26.26226959228518,101137.84439832477,101137.84439832477,301.0289257993251,301.0289257993251,-0.039450676785011074,-0.039450676785011074,0.05546326372802955,0.05546326372802955,-2.833749967318396,-2.833749967318396,-0.5787412847118796,-0.5787412847118796,"{""type"":""MultiPoint"",""coordinates"":[]}"
137,2006-06,36.32756279474814,-0.2984761254019293,27.278375244140644,101202.6369341872,101202.6369341872,300.76369507029517,300.76369507029517,-0.06935490601259443,-0.06935490601259443,0.06636171251549927,0.06636171251549927,-2.1314829493216565,-2.1314829493216565,-1.4651312056858994,-1.4651312056858994,"{""type"":""MultiPoint"",""coordinates"":[]}"
138,2006-07,36.368171714552425,-0.29906560522767356,27.649499511718776,101376.80297421693,101376.80297421693,301.42303164079607,301.42303164079607,-0.06314937726966181,-0.06314937726966181,0.05911353364885893,0.05911353364885893,-2.7243016614691746,-2.7243016614691746,-0.7520305107343019,-0.7520305107343019,"{""type"":""MultiPoint"",""coordinates"":[]}"
139,2006-08,36.372681555336584,-0.2801955580333991,28.294679260253933,101255.432317576,101255.432317576,301.05614838524394,301.05614838524394,-0.07999707295225722,-0.07999707295225722,0.09010129148591518,0.09010129148591518,-2.568330947244553,-2.568330947244553,-0.8529622507425313,-0.8529622507425313,"{""type"":""MultiPoint"",""coordinates"":[]}"
140,2006-09,36.31087637995713,-0.19999772240085747,28.790948486328148,101194.71791539268,101194.71791539268,301.4331064864581,301.4331064864581,-0.06083529301620194,-0.06083529301620194,0.05046910818892026,0.05046910818892026,-2.2716780183376017,-2.2716780183376017,-0.4537827298620772,-0.4537827298620772,"{""type"":""MultiPoint"",""coordinates"":[]}"
141,2006-10,36.36372392645991,-0.1517034669640079,28.010957336425804,101140.5089726839,101140.5089726839,300.8856367809489,300.8856367809489,-0.05122012658128018,-0.05122012658128018,0.05181338092957256,0.05181338092957256,-2.847217278858759,-2.847217278858759,-1.0682643177472022,-1.0682643177472022,"{""type"":""MultiPoint"",""coordinates"":[]}"
142,2006-11,36.40947596463023,-0.18212187834941046,26.235429382324245,101427.19981394468,101427.19981394468,297.85977002454746,297.85977002454746,-0.035052132706494765,-0.035052132706494765,0.030347694678693433,0.030347694678693433,-1.9991665976485469,-1.9991665976485469,-2.040600861956626,-2.040600861956626,"{""type"":""MultiPoint"",""coordinates"":[]}"
143,2006-12,36.30992884555544,-0.22412126594751586,24.280801391601585,101654.7298198074,101654.7298198074,297.22747091178337,297.22747091178337,-0.02746781093429598,-0.02746781093429598,0.027854616578567668,0.027854616578567668,-2.105410368661507,-2.105410368661507,-1.6359166337749442,-1.6359166337749442,"{""type"":""MultiPoint"",""coordinates"":[]}"
144,2007-01,36.25890309615186,-0.2192763717456696,24.420777893066433,101625.4235698229,101625.4235698229,297.8123225273158,297.8123225273158,-0.02712737544176968,-0.02712737544176968,0.027294116359202557,0.027294116359202557,-2.825131658722098,-2.825131658722098,-1.096229987557922,-1.096229987557922,"{""type"":""MultiPoint"",""coordinates"":[]}"
145,2007-02,36.329416929834636,-0.29505154742765277,24.221772766113304,101463.89093756198,101463.89093756198,296.989102227404,296.989102227404,-0.04467836666429712,-0.04467836666429712,0.05108642760020034,0.05108642760020034,-2.4126981590418377,-2.4126981590418377,-0.8288158728996828,-0.8288158728996828,"{""type"":""MultiPoint"",""coordinates"":[]}"
146,2007-03,36.47525704024479,-0.3379259672233171,24.78833160400393,101490.41134027945,101490.41134027945,298.4915572085466,298.4915572085466,-0.02641864879796227,-0.02641864879796227,0.017028410707414492,0.017028410707414492,-3.162235842514706,-3.162235842514706,-1.4938730326248169,-1.4938730326248169,"{""type"":""MultiPoint"",""coordinates"":[]}"
147,2007-04,36.4654744908896,-0.29036603697749197,25.18251190185549,101209.33587624812,101209.33587624812,299.7591865432435,299.7591865432435,-0.010297649673521831,-0.010297649673521831,0.008797816303094846,0.008797816303094846,-2.609597767415073,-2.609597767415073,-1.2338592310534227,-1.2338592310534227,"{""type"":""MultiPoint"",""coordinates"":[]}"
148,2007-05,36.434524647339494,-0.29282604242298527,26.138223266601585,101154.50507098326,101154.50507098326,300.51653254964845,300.51653254964845,-0.013359084179183366,-0.013359084179183366,0.015963413637283506,0.015963413637283506,-2.7511757711906983,-2.7511757711906983,-1.8557470927443867,-1.8557470927443867,"{""type"":""MultiPoint"",""coordinates"":[]}"
149,2007-06,36.43488322615219,-0.25842301714898186,27.36696777343752,101153.16345943414,101153.16345943414,301.9276515260191,301.9276515260191,-0.025174087362889452,-0.025174087362889452,0.025042659934904964,0.025042659934904964,-2.9087930564385585,-2.9087930564385585,-0.7810587923366535,-0.7810587923366535,"{""type"":""MultiPoint"",""coordinates"":[]}"
150,2007-07,36.38145537288664,-0.31503929830930405,27.51101074218752,101304.02419099431,101304.02419099431,302.4777356456785,302.4777356456785,-0.029506488781266223,-0.029506488781266223,0.027960815729695696,0.027960815729695696,-3.036842795873297,-3.036842795873297,-0.765582166348665,-0.765582166348665,"{""type"":""MultiPoint"",""coordinates"":[]}"
151,2007-08,36.33558292708226,-0.26192686184005814,27.513963317871116,101139.54822474676,101139.54822474676,301.25545680009736,301.25545680009736,-0.058524338776516666,-0.058524338776516666,0.08039556774731506,0.08039556774731506,-2.7127791775749506,-2.7127791775749506,-0.8556105480572574,-0.8556105480572574,"{""type"":""MultiPoint"",""coordinates"":[]}"
152,2007-09,36.27138035905682,-0.18149017952840307,28.149385070800808,101218.00423477667,101218.00423477667,300.37860555662644,300.37860555662644,-0.08346574272148181,-0.08346574272148181,0.1261912570970155,0.1261912570970155,-2.2806935852052,-2.2806935852052,-0.6097199530401992,-0.6097199530401992,"{""type"":""MultiPoint"",""coordinates"":[]}"
153,2007-10,36.2616594362618,-0.07906626646613422,28.252839660644554,100975.70722173437,100975.70722173437,299.4865358007256,299.4865358007256,-0.11081381543634926,-0.11081381543634926,0.11750856207428241,0.11750856207428241,-1.6727028105228243,-1.6727028105228243,-1.5934459284931828,-1.5934459284931828,"{""type"":""MultiPoint"",""coordinates"":[]}"
154,2007-11,36.36539517684887,-0.1897688906752412,26.322412109375026,101577.58093638113,101577.58093638113,297.8646374648746,297.8646374648746,-0.0501117379893065,-0.0501117379893065,0.012899212928073736,0.012899212928073736,-2.8674332701036866,-2.8674332701036866,-2.2169562224296495,-2.2169562224296495,"{""type"":""MultiPoint"",""coordinates"":[]}"
155,2007-12,36.38016695622861,-0.21864153096151853,25.609811401367214,101576.35151602383,101576.35151602383,297.86484048173514,297.86484048173514,-0.01945360885902205,-0.01945360885902205,0.004365623997353692,0.004365623997353692,-2.254317506424649,-2.254317506424649,-0.9670053269584145,-0.9670053269584145,"{""type"":""MultiPoint"",""coordinates"":[]}"
156,2008-01,36.33527125038897,-0.2540795690281092,24.193971252441425,101682.3010850724,101682.3010850724,296.53912980191114,296.53912980191114,-0.02821970892713843,-0.02821970892713843,0.024640443190959867,0.024640443190959867,-2.9185895174786327,-2.9185895174786327,-1.461265895043366,-1.461265895043366,"{""type"":""MultiPoint"",""coordinates"":[]}"
157,2008-02,36.39461933141146,-0.2712669641867169,24.80909881591799,101468.86589056459,101468.86589056459,298.1632968737194,298.1632968737194,-0.03976880184723462,-0.03976880184723462,0.04384852519653366,0.04384852519653366,-2.6777669094223926,-2.6777669094223926,-0.10976385785830287,-0.10976385785830287,"{""type"":""MultiPoint"",""coordinates"":[]}"
158,2008-03,36.500676433979876,-0.28822562493517273,24.59583435058596,101423.04265880646,101423.04265880646,298.0270419542359,298.0270419542359,-0.03064393044284382,-0.03064393044284382,0.02318295382460311,0.02318295382460311,-2.665556879591471,-2.665556879591471,-0.8257167880836487,-0.8257167880836487,"{""type"":""MultiPoint"",""coordinates"":[]}"
159,2008-04,36.462750415326916,-0.3238373928188639,25.701997375488304,101206.41780214634,101206.41780214634,299.9479539280074,299.9479539280074,-0.013403263712297256,-0.013403263712297256,0.007512029813549073,0.007512029813549073,-3.1247154108111315,-3.1247154108111315,-0.5438854612196902,-0.5438854612196902,"{""type"":""MultiPoint"",""coordinates"":[]}"
160,2008-05,36.43953859817447,-0.26368272222798467,26.599664306640648,100953.73657173046,100953.73657173046,301.9733673925052,301.9733673925052,-0.021179879955519627,-0.021179879955519627,0.025323246468880345,0.025323246468880345,-3.0419608533490576,-3.0419608533490576,-0.10176935817851784,-0.10176935817851784,"{""type"":""MultiPoint"",""coordinates"":[]}"
161,2008-06,36.401810664523055,-0.29184067524115753,26.60138854980471,101264.79908858932,101264.79908858932,300.4625354587094,300.4625354587094,-0.07472783050100622,-0.07472783050100622,0.0859345263424998,0.0859345263424998,-3.2790945829670797,-3.2790945829670797,-0.13979332236029512,-0.13979332236029512,"{""type"":""MultiPoint"",""coordinates"":[]}"
162,2008-07,36.37039949175397,-0.2503174463229956,26.99854431152346,101314.46316572664,101314.46316572664,300.9687999017651,300.9687999017651,-0.07420868737122494,-0.07420868737122494,0.07758313913386604,0.07758313913386604,-2.924797440345275,-2.924797440345275,-0.29321770555117693,-0.29321770555117693,"{""type"":""MultiPoint"",""coordinates"":[]}"
163,2008-08,36.38860432009128,-0.22752441396120737,28.135400390625026,101076.8586733728,101076.8586733728,302.079013439356,302.079013439356,-0.03963543127962413,-0.03963543127962413,0.021639283636773726,0.021639283636773726,-2.386503934296305,-2.386503934296305,-0.7750420986452684,-0.7750420986452684,"{""type"":""MultiPoint"",""coordinates"":[]}"
164,2008-09,36.40254848606645,-0.09528006430868169,28.643495178222683,100961.47281973826,100961.47281973826,301.2688290836791,301.2688290836791,-0.058354740667472774,-0.058354740667472774,0.11134074191268571,0.11134074191268571,-1.9666755231022741,-1.9666755231022741,-0.7411385408763853,-0.7411385408763853,"{""type"":""MultiPoint"",""coordinates"":[]}"
165,2008-10,36.276484013587805,-0.12085124727725338,27.939080810546894,101386.8175641444,101386.8175641444,298.9688700431236,298.9688700431236,-0.08750369910586411,-0.08750369910586411,0.062333462180991894,0.062333462180991894,-2.7856535313307993,-2.7856535313307993,-2.2007977626141346,-2.2007977626141346,"{""type"":""MultiPoint"",""coordinates"":[]}"
166,2008-11,36.401577652733124,-0.16533735262593785,25.219415283203148,101615.9235971664,101615.9235971664,296.6695247459796,296.6695247459796,-0.026947421947177246,-0.026947421947177246,0.007567521777051112,0.007567521777051112,-2.3111816148889335,-2.3111816148889335,-1.8114383023973306,-1.8114383023973306,"{""type"":""MultiPoint"",""coordinates"":[]}"
167,2008-12,36.39662173270408,-0.22986073799398402,23.754304504394554,101730.90915626888,101730.90915626888,296.61929810205214,296.61929810205214,-0.00918012342995407,-0.00918012342995407,0.002747394842702185,0.002747394842702185,-2.409313612064673,-2.409313612064673,-0.9191896980930991,-0.9191896980930991,"{""type"":""MultiPoint"",""coordinates"":[]}"
168,2009-01,36.3694753915569,-0.2826764080489576,23.98805389404299,101717.37936697213,101717.37936697213,296.4455969573321,296.4455969573321,-0.015891392818609764,-0.015891392818609764,0.015153964405378586,0.015153964405378586,-2.3040183207677245,-2.3040183207677245,-1.2928388617276756,-1.2928388617276756,"{""type"":""MultiPoint"",""coordinates"":[]}"
169,2009-02,36.46378905891134,-0.33230987310519067,23.08689270019533,101754.2323144835,101754.2323144835,296.6926531647166,296.6926531647166,-0.007021897310714522,-0.007021897310714522,0.004297926931316847,0.004297926931316847,-3.445262821971496,-3.445262821971496,-0.8692939260798588,-0.8692939260798588,"{""type"":""MultiPoint"",""coordinates"":[]}"
170,2009-03,36.460557398091474,-0.26473809770770673,23.833489990234398,101463.84259860608,101463.84259860608,297.9459326488855,297.9459326488855,-0.007976288608379995,-0.007976288608379995,0.006597204300781959,0.006597204300781959,-2.7491792707862883,-2.7491792707862883,-0.8572182001533862,-0.8572182001533862,"{""type"":""MultiPoint"",""coordinates"":[]}"
171,2009-04,36.51972754555198,-0.29204994640943194,25.45900115966799,101261.19347208217,101261.19347208217,300.3846384775993,300.3846384775993,-0.005796736783363439,-0.005796736783363439,0.005122537187073723,0.005122537187073723,-2.7468954432785657,-2.7468954432785657,-0.2393162778452983,-0.2393162778452983,"{""type"":""MultiPoint"",""coordinates"":[]}"
172,2009-05,36.47341027901671,-0.2808447126854062,26.61163482666018,101093.18659857691,101093.18659857691,301.70677654558574,301.70677654558574,-0.010802240264131256,-0.010802240264131256,0.012205406966152275,0.012205406966152275,-2.1157481821290403,-2.1157481821290403,-0.8381281089329756,-0.8381281089329756,"{""type"":""MultiPoint"",""coordinates"":[]}"
173,2009-06,36.45778653536978,-0.2825719721329047,27.78346405029299,101063.2891304515,101063.2891304515,301.6834540841108,301.6834540841108,-0.04990411633327103,-0.04990411633327103,0.058345265153114736,0.058345265153114736,-2.507194435402386,-2.507194435402386,-0.460284450682989,-0.460284450682989,"{""type"":""MultiPoint"",""coordinates"":[]}"
174,2009-07,36.39971220568406,-0.2612428949279121,27.613092041015648,101345.06921827549,101345.06921827549,302.1854138261005,302.1854138261005,-0.0395636402133507,-0.0395636402133507,0.03063197258486282,0.03063197258486282,-2.985578072476213,-2.985578072476213,-0.9454172096771967,-0.9454172096771967,"{""type"":""MultiPoint"",""coordinates"":[]}"
175,2009-08,36.381003734052484,-0.24474089824706982,27.547593688964866,101301.79472186849,101301.79472186849,301.8306781509005,301.8306781509005,-0.03452679771515328,-0.03452679771515328,0.03778448270418198,0.03778448270418198,-2.5847885744124413,-2.5847885744124413,-1.3965877857475775,-1.3965877857475775,"{""type"":""MultiPoint"",""coordinates"":[]}"
176,2009-09,36.372657167738474,-0.13168423097534834,28.46771392822268,101145.7874379419,101145.7874379419,301.78785191233175,301.78785191233175,-0.05272646577633175,-0.05272646577633175,0.058426136305303876,0.058426136305303876,-2.180704149130174,-2.180704149130174,-0.9077028797650798,-0.9077028797650798,"{""type"":""MultiPoint"",""coordinates"":[]}"
177,2009-10,36.359091276838505,-0.16007570532102477,27.53181610107424,101107.69515441108,101107.69515441108,301.5594426117492,301.5594426117492,-0.02588168133145991,-0.02588168133145991,0.030029436821384304,0.030029436821384304,-3.0075349554901454,-3.0075349554901454,-0.7066005025433907,-0.7066005025433907,"{""type"":""MultiPoint"",""coordinates"":[]}"
178,2009-11,36.21793938906752,-0.08449598070739549,26.210298156738304,101315.41789738159,101315.41789738159,297.56719671987486,297.56719671987486,-0.08023625435507728,-0.08023625435507728,0.11182671535139065,0.11182671535139065,-2.206011813737415,-2.206011813737415,-1.6783214028747226,-1.6783214028747226,"{""type"":""MultiPoint"",""coordinates"":[]}"
179,2009-12,36.33471936261798,-0.16315600041489473,25.273492431640648,101387.24809758809,101387.24809758809,297.5435119133577,297.5435119133577,-0.04956747558920546,-0.04956747558920546,0.03409538465553101,0.03409538465553101,-2.4280276545102932,-2.4280276545102932,-0.8569456267747976,-0.8569456267747976,"{""type"":""MultiPoint"",""coordinates"":[]}"
180,2010-01,36.3444462711337,-0.28176471579711654,22.861482238769554,101591.43032232822,101591.43032232822,294.9457924959671,294.9457924959671,-0.05145322673636846,-0.05145322673636846,0.05177922884787693,0.05177922884787693,-2.347836726929802,-2.347836726929802,-1.3956922643911827,-1.3956922643911827,"{""type"":""MultiPoint"",""coordinates"":[]}"
181,2010-02,36.4415682562012,-0.3061445079237483,22.836907958984398,101325.25343442024,101325.25343442024,294.9881216337943,294.9881216337943,-0.033212826448824354,-0.033212826448824354,0.019920226509337904,0.019920226509337904,-1.8006056521026208,-1.8006056521026208,-1.7230652962430104,-1.7230652962430104,"{""type"":""MultiPoint"",""coordinates"":[]}"
182,2010-03,36.548026060574635,-0.314958899491754,22.619256591796898,101313.16672112119,101313.16672112119,295.9176403246944,295.9176403246944,-0.020429581150480786,-0.020429581150480786,0.0129279800131133,0.0129279800131133,-1.845450152370691,-1.845450152370691,-1.7046408740106074,-1.7046408740106074,"{""type"":""MultiPoint"",""coordinates"":[]}"
183,2010-04,36.451014831189724,-0.2983585209003216,24.846978759765648,101104.04618839822,101104.04618839822,299.72140218758574,299.72140218758574,-0.034027076531339386,-0.034027076531339386,0.0370874449250413,0.0370874449250413,-2.9588805048882145,-2.9588805048882145,-0.6332027823513231,-0.6332027823513231,"{""type"":""MultiPoint"",""coordinates"":[]}"
184,2010-05,36.419759724095016,-0.32026526034643715,26.74369201660158,101068.89242514932,101068.89242514932,301.9103961069483,301.9103961069483,-0.04268987497525416,-0.04268987497525416,0.04813858015850155,0.04813858015850155,-3.144052310172458,-3.144052310172458,-0.41084557441429936,-0.41084557441429936,"{""type"":""MultiPoint"",""coordinates"":[]}"
185,2010-06,36.4110232449089,-0.3244628081457664,27.36052856445315,101072.86643494753,101072.86643494753,302.4803241247349,302.4803241247349,-0.05320739484772311,-0.05320739484772311,0.0929755477048265,0.0929755477048265,-3.285660562836343,-3.285660562836343,-0.4101248044155099,-0.4101248044155099,"{""type"":""MultiPoint"",""coordinates"":[]}"
186,2010-07,36.27372029613112,-0.2117931749818484,27.063088989257835,101190.61231915506,101190.61231915506,300.8266861610259,300.8266861610259,-0.1097374268223221,-0.1097374268223221,0.09816847738543641,0.09816847738543641,-3.081150729365087,-3.081150729365087,-0.28361410414555754,-0.28361410414555754,"{""type"":""MultiPoint"",""coordinates"":[]}"
187,2010-08,35.75764255523287,-0.2062947049061301,28.211778259277366,101127.37556093508,101127.37556093508,301.4527189503437,301.4527189503437,-0.0885595822006112,-0.0885595822006112,0.1020027975072673,0.1020027975072673,-2.525296967858895,-2.525296967858895,-0.4337979110601585,-0.4337979110601585,"{""type"":""MultiPoint"",""coordinates"":[]}"
188,2010-09,36.29752367363345,-0.16324953108252946,28.369050598144554,100921.79851560878,100921.79851560878,300.7790211692442,300.7790211692442,-0.10462202107636817,-0.10462202107636817,0.11210782275041486,0.11210782275041486,-2.690677826166909,-2.690677826166909,-0.7358013576128958,-0.7358013576128958,"{""type"":""MultiPoint"",""coordinates"":[]}"
189,2010-10,36.40848161497771,-0.16973201690695988,27.194551086425804,101392.63541518721,101392.63541518721,299.0157630670039,299.0157630670039,-0.05762233579280028,-0.05762233579280028,0.02664875551764475,0.02664875551764475,-1.8759709463575651,-1.8759709463575651,-2.314956963669339,-2.314956963669339,"{""type"":""MultiPoint"",""coordinates"":[]}"
190,2010-11,36.451071570203645,-0.17169413183279744,25.778680419921894,101447.21122294114,101447.21122294114,298.0508390681331,298.0508390681331,-0.027900128349774657,-0.027900128349774657,0.014962418286008767,0.014962418286008767,-2.086365945711237,-2.086365945711237,-1.483250570433473,-1.483250570433473,"{""type"":""MultiPoint"",""coordinates"":[]}"
191,2010-12,36.42131777045951,-0.24282121927185982,23.63293609619143,101680.341841315,101680.341841315,294.69809749091274,294.69809749091274,-0.011896675480473889,-0.011896675480473889,0.00693571362587582,0.00693571362587582,-1.978741055469486,-1.978741055469486,-1.7845130684212063,-1.7845130684212063,"{""type"":""MultiPoint"",""coordinates"":[]}"
192,2011-01,36.37324975365625,-0.3176353334716316,22.73079071044924,101485.0008952885,101485.0008952885,295.8453186423606,295.8453186423606,-0.020124247536134045,-0.020124247536134045,0.021071650097723233,0.021071650097723233,-2.335900947211786,-2.335900947211786,-1.4602564895007255,-1.4602564895007255,"{""type"":""MultiPoint"",""coordinates"":[]}"
193,2011-02,36.452411848300414,-0.3058681528479559,22.991899108886745,101526.4068850855,101526.4068850855,297.2593158768376,297.2593158768376,-0.020402847438218737,-0.020402847438218737,0.016604225288567923,0.016604225288567923,-2.8307441969612634,-2.8307441969612634,-0.7643206572413277,-0.7643206572413277,"{""type"":""MultiPoint"",""coordinates"":[]}"
194,2011-03,36.45428468260554,-0.29765134581474956,24.213113403320335,101391.12924887541,101391.12924887541,299.05459114339914,299.05459114339914,-0.006961082614821819,-0.006961082614821819,0.003916672739781726,0.003916672739781726,-3.0012371487595693,-3.0012371487595693,-0.46149639242576185,-0.46149639242576185,"{""type"":""MultiPoint"",""coordinates"":[]}"
195,2011-04,36.447243207395495,-0.31176136120042874,25.74871978759768,101091.44914307391,101091.44914307391,302.00247675114986,302.00247675114986,-0.0028641502284020032,-0.0028641502284020032,0.0013384182793243168,0.0013384182793243168,-3.1517673285272245,-3.1517673285272245,0.34914758845106414,0.34914758845106414,"{""type"":""MultiPoint"",""coordinates"":[]}"
196,2011-05,36.45413976765896,-0.3217709392179235,26.061875915527366,101012.07002020127,101012.07002020127,302.1412700787486,302.1412700787486,-0.0028927979407574167,-0.0028927979407574167,0.0015649840817855657,0.0015649840817855657,-3.2616139457552635,-3.2616139457552635,-0.8851056768735392,-0.8851056768735392,"{""type"":""MultiPoint"",""coordinates"":[]}"
197,2011-06,36.420266130760986,-0.30867135584137195,26.473313903808616,101100.28946582362,101100.28946582362,301.09060727639354,301.09060727639354,-0.057445769439024574,-0.057445769439024574,0.11072385505133196,0.11072385505133196,-3.3128398669213386,-3.3128398669213386,-0.641888513383947,-0.641888513383947,"{""type"":""MultiPoint"",""coordinates"":[]}"
198,2011-07,36.30812511668914,-0.2531149906648688,27.06324157714846,101188.41784659609,101188.41784659609,300.894562827363,300.894562827363,-0.0936685509969227,-0.0936685509969227,0.06502824535026129,0.06502824535026129,-2.730511813355885,-2.730511813355885,-0.7295858466019806,-0.7295858466019806,"{""type"":""MultiPoint"",""coordinates"":[]}"
199,2011-08,36.338366183487196,-0.22660385333471633,27.880471801757835,101105.09033205538,101105.09033205538,301.6318888372518,301.6318888372518,-0.06230946410612694,-0.06230946410612694,0.06746254587013083,0.06746254587013083,-2.1303002125648116,-2.1303002125648116,-0.9271232102383169,-0.9271232102383169,"{""type"":""MultiPoint"",""coordinates"":[]}"
200,2011-09,36.32539197481244,-0.12882497320471595,28.82893524169924,101130.06676013184,101130.06676013184,300.7252851683884,300.7252851683884,-0.10006489714213285,-0.10006489714213285,0.10718914387477059,0.10718914387477059,-1.6426976751181943,-1.6426976751181943,-0.12669046671860515,-0.12669046671860515,"{""type"":""MultiPoint"",""coordinates"":[]}"
201,2011-10,36.22092827507521,-0.17295701950005185,27.644479370117214,101177.8492747238,101177.8492747238,298.98833612187923,298.98833612187923,-0.07294034186748022,-0.07294034186748022,0.07087049237722985,0.07087049237722985,-1.72174294555347,-1.72174294555347,-2.7347180018121056,-2.7347180018121056,"{""type"":""MultiPoint"",""coordinates"":[]}"
202,2011-11,36.19620377813504,-0.1500594185423366,25.780023193359398,101529.81826453954,101529.81826453954,297.91764723118706,297.91764723118706,-0.04166285021676064,-0.04166285021676064,0.023054069479597795,0.023054069479597795,-2.344854992090863,-2.344854992090863,-1.6989437972868005,-1.6989437972868005,"{""type"":""MultiPoint"",""coordinates"":[]}"
203,2011-12,36.27980135618712,-0.16173160201223943,24.331575012207058,101690.77250828457,101690.77250828457,297.0804200274084,297.0804200274084,-0.017093311467113813,-0.017093311467113813,0.011667776701022647,0.011667776701022647,-3.0412174008038453,-3.0412174008038453,-1.5430257402496566,-1.5430257402496566,"{""type"":""MultiPoint"",""coordinates"":[]}"
204,2012-01,36.347047414687275,-0.3045212158144038,23.731660461425804,101737.20409540618,101737.20409540618,296.9144991643485,296.9144991643485,-0.018586139210741592,-0.018586139210741592,0.02034119880571973,0.02034119880571973,-3.1957158527169534,-3.1957158527169534,-1.0690121732914688,-1.0690121732914688,"{""type"":""MultiPoint"",""coordinates"":[]}"
205,2012-02,36.33372704845328,-0.2520109906863289,24.47785339355471,101490.73751242063,101490.73751242063,298.1997862326172,298.1997862326172,-0.016716952608224464,-0.016716952608224464,0.01042519845436498,0.01042519845436498,-2.5252104771111523,-2.5252104771111523,-0.5977286105112646,-0.5977286105112646,"{""type"":""MultiPoint"",""coordinates"":[]}"
206,2012-03,36.49868550980189,-0.29051851467690076,25.312226867675804,101406.15200120037,101406.15200120037,299.8126513070782,299.8126513070782,-0.0043884188323221026,-0.0043884188323221026,0.002010621361564033,0.002010621361564033,-3.5292469827109425,-3.5292469827109425,-0.5792648276256277,-0.5792648276256277,"{""type"":""MultiPoint"",""coordinates"":[]}"
207,2012-04,36.476802357984994,-0.24326999821364775,25.88367614746096,101230.2937448842,101230.2937448842,299.7682580288576,299.7682580288576,-0.02404239134979147,-0.02404239134979147,0.026336098471673352,0.026336098471673352,-2.4427767666308755,-2.4427767666308755,-0.9901483639019728,-0.9901483639019728,"{""type"":""MultiPoint"",""coordinates"":[]}"
208,2012-05,36.45507434394773,-0.24703174203920758,26.761613464355488,101077.51442943247,101077.51442943247,301.12425129104815,301.12425129104815,-0.027899527104454012,-0.027899527104454012,0.04607765579576466,0.04607765579576466,-2.719986199115839,-2.719986199115839,-1.2789788856660662,-1.2789788856660662,"{""type"":""MultiPoint"",""coordinates"":[]}"
209,2012-06,36.336534458735265,-0.2049272690733704,27.70350799560549,101034.02470516249,101034.02470516249,300.5813427887082,300.5813427887082,-0.09644762458369611,-0.09644762458369611,0.12699528812143054,0.12699528812143054,-1.791572274324183,-1.791572274324183,0.4291249585942008,0.4291249585942008,"{""type"":""MultiPoint"",""coordinates"":[]}"
210,2012-07,36.33197449694015,-0.24356408826885187,28.084146118164085,101402.81419229462,101402.81419229462,301.0775952333991,301.0775952333991,-0.08604854262522843,-0.08604854262522843,0.05562998162676935,0.05562998162676935,-3.0262363638510106,-3.0262363638510106,-0.7361194754701399,-0.7361194754701399,"{""type"":""MultiPoint"",""coordinates"":[]}"
211,2012-08,36.396020005704806,-0.17793779172285035,27.802323913574245,101182.98679052638,101182.98679052638,301.3598799050338,301.3598799050338,-0.06374260540999138,-0.06374260540999138,0.06920215737954734,0.06920215737954734,-2.684994043120481,-2.684994043120481,-0.5564131249257285,-0.5564131249257285,"{""type"":""MultiPoint"",""coordinates"":[]}"
212,2012-09,36.38266177652734,-0.11110104501607718,28.343576049804707,101294.56385522104,101294.56385522104,300.8199609735718,300.8199609735718,-0.06908706718496124,-0.06908706718496124,0.07819802357754432,0.07819802357754432,-2.1016205676413464,-2.1016205676413464,-0.6783029723725413,-0.6783029723725413,"{""type"":""MultiPoint"",""coordinates"":[]}"
213,2012-10,36.280848265221465,-0.16775928326937042,27.8675247192383,101244.74636747556,101244.74636747556,299.4926148746966,299.4926148746966,-0.06389378013654191,-0.06389378013654191,0.045450723884616885,0.045450723884616885,-2.072550828243131,-2.072550828243131,-2.0233139991913784,-2.0233139991913784,"{""type"":""MultiPoint"",""coordinates"":[]}"
214,2012-11,36.4847531216506,-0.14183350750267953,25.858338928222675,101736.38707860219,101736.38707860219,297.2015186913578,297.2015186913578,-0.01795079121572811,-0.01795079121572811,0.008860903929505897,0.008860903929505897,-2.4907223889013195,-2.4907223889013195,-2.245540273289387,-2.245540273289387,"{""type"":""MultiPoint"",""coordinates"":[]}"
215,2012-12,36.448869256301215,-0.21795325000864366,24.88347778320315,101491.10681034857,101491.10681034857,297.3992961562189,297.3992961562189,-0.008210333132432055,-0.008210333132432055,0.0048596040805659315,0.0048596040805659315,-2.5637963295990667,-2.5637963295990667,-0.9442290252712682,-0.9442290252712682,"{""type"":""MultiPoint"",""coordinates"":[]}"
216,2013-01,36.33206132310761,-0.23048101384212502,24.681123352050804,101668.57038718449,101668.57038718449,297.37484902085083,297.37484902085083,-0.03541080422263805,-0.03541080422263805,0.0496544906779801,0.0496544906779801,-2.5301345556011263,-2.5301345556011263,-0.6972818557700667,-0.6972818557700667,"{""type"":""MultiPoint"",""coordinates"":[]}"
217,2013-02,36.40687448559671,-0.2748377603192418,24.643403625488304,101380.14631290881,101380.14631290881,297.9721255764078,297.9721255764078,-0.023761304058318247,-0.023761304058318247,0.012726593098213243,0.012726593098213243,-2.7285327946583413,-2.7285327946583413,-0.4916544807302353,-0.4916544807302353,"{""type"":""MultiPoint"",""coordinates"":[]}"
218,2013-03,36.623543416622354,-0.2559219165337586,23.959161376953148,101538.43233912472,101538.43233912472,296.8821563041854,296.8821563041854,-0.011230555816687046,-0.011230555816687046,0.006511216691035903,0.006511216691035903,-2.3552668733648785,-2.3552668733648785,-1.6296930539968613,-1.6296930539968613,"{""type"":""MultiPoint"",""coordinates"":[]}"
219,2013-04,36.552010251322756,-0.19651775192400192,25.902391052246116,101114.10339965923,101114.10339965923,301.00570187692017,301.00570187692017,-0.011244177178608653,-0.011244177178608653,0.010367788620182542,0.010367788620182542,-2.8227870316422523,-2.8227870316422523,0.20079482027445872,0.20079482027445872,"{""type"":""MultiPoint"",""coordinates"":[]}"
220,2013-05,36.495126022126016,-0.21294973544973544,26.67408905029299,101245.20491582312,101245.20491582312,301.1899469015906,301.1899469015906,-0.01764947469088709,-0.01764947469088709,0.027203318515590443,0.027203318515590443,-3.022255674221113,-3.022255674221113,-0.7322750205133128,-0.7322750205133128,"{""type"":""MultiPoint"",""coordinates"":[]}"
221,2013-06,36.45038966588966,-0.22887582556332559,27.65027008056643,101207.33287622042,101207.33287622042,300.88039911001465,300.88039911001465,-0.07935520295708494,-0.07935520295708494,0.0877141693532477,0.0877141693532477,-2.3724610808329434,-2.3724610808329434,-0.3129882661443715,-0.3129882661443715,"{""type"":""MultiPoint"",""coordinates"":[]}"
222,2013-07,36.37470474186307,-0.20235806677890011,27.710748291015648,101388.9703122254,101388.9703122254,300.5648303749979,300.5648303749979,-0.0781576295995736,-0.0781576295995736,0.07678541472655034,0.07678541472655034,-2.7422808592616787,-2.7422808592616787,-0.30283546983147525,-0.30283546983147525,"{""type"":""MultiPoint"",""coordinates"":[]}"
223,2013-08,36.221486321548824,-0.1574090067340067,27.888658142089863,101294.37664507532,101294.37664507532,300.44584808242934,300.44584808242934,-0.08106478365737187,-0.08106478365737187,0.10082968028948715,0.10082968028948715,-2.440793390854719,-2.440793390854719,-0.4396509021348919,-0.4396509021348919,"{""type"":""MultiPoint"",""coordinates"":[]}"
224,2013-09,35.900099999999995,-0.08426026936026935,28.119020080566425,100988.37379848538,100988.37379848538,299.6703458307953,299.6703458307953,-0.10781783658772304,-0.10781783658772304,0.14012407805296254,0.14012407805296254,-2.672754190547193,-2.672754190547193,0.5210148476750919,0.5210148476750919,"{""type"":""MultiPoint"",""coordinates"":[]}"
225,2013-10,36.135630593570106,-0.13861789942435107,28.224664306640648,101258.17466420056,101258.17466420056,299.52081692071596,299.52081692071596,-0.09916272912963082,-0.09916272912963082,0.1166956931132438,0.1166956931132438,-2.5485068889714158,-2.5485068889714158,-0.7447747802723723,-0.7447747802723723,"{""type"":""MultiPoint"",""coordinates"":[]}"
226,2013-11,36.200067441657964,-0.07668964065946825,26.887582397460957,101436.57429987808,101436.57429987808,298.0646718946481,298.0646718946481,-0.08798679636411465,-0.08798679636411465,0.0862826319993756,0.0862826319993756,-2.255801165619927,-2.255801165619927,-1.6527595557941024,-1.6527595557941024,"{""type"":""MultiPoint"",""coordinates"":[]}"
227,2013-12,36.27550632670794,-0.15747966221353316,25.504853820800804,101576.04167085928,101576.04167085928,297.59285252117763,297.59285252117763,-0.05916354510973835,-0.05916354510973835,0.036990309346061914,0.036990309346061914,-2.7293948265357035,-2.7293948265357035,-1.1226379596244347,-1.1226379596244347,"{""type"":""MultiPoint"",""coordinates"":[]}"
228,2014-01,36.35135395622896,-0.22293454708374064,24.134179687500026,101757.99534409691,101757.99534409691,295.11822257062073,295.11822257062073,-0.05668546512654733,-0.05668546512654733,0.07058163399549078,0.07058163399549078,-2.0816457617116515,-2.0816457617116515,-2.0012860208682195,-2.0012860208682195,"{""type"":""MultiPoint"",""coordinates"":[]}"
229,2014-02,36.43947990319865,-0.2423554593554594,24.964135742187523,101413.2953478463,101413.2953478463,297.66018474569734,297.66018474569734,-0.04943170308195481,-0.04943170308195481,0.017341200087924624,0.017341200087924624,-2.4218198323911095,-2.4218198323911095,-0.18383929788607395,-0.18383929788607395,"{""type"":""MultiPoint"",""coordinates"":[]}"
230,2014-03,36.50533888617356,-0.26546480938416417,25.818818664550804,101318.93846614331,101318.93846614331,299.01522880005507,299.01522880005507,-0.030559959336223,-0.030559959336223,0.014974653969736058,0.014974653969736058,-2.5372417317074363,-2.5372417317074363,-0.703936038861603,-0.703936038861603,"{""type"":""MultiPoint"",""coordinates"":[]}"
231,2014-04,36.52145569197724,-0.26889492627423667,26.395883178710964,101185.24240728095,101185.24240728095,300.49113630121803,300.49113630121803,-0.01646767423841504,-0.01646767423841504,0.013307739668033189,0.013307739668033189,-2.98158430510466,-2.98158430510466,-0.6470163890514947,-0.6470163890514947,"{""type"":""MultiPoint"",""coordinates"":[]}"
232,2014-05,36.45716306886065,-0.2142851906158358,26.68402252197268,101284.93948105749,101284.93948105749,300.39845730825374,300.39845730825374,-0.05755824396926703,-0.05755824396926703,0.07760737374277002,0.07760737374277002,-3.2132245733097755,-3.2132245733097755,-0.8712210203058088,-0.8712210203058088,"{""type"":""MultiPoint"",""coordinates"":[]}"
233,2014-06,36.15649204545454,-0.25504960718294045,26.722779846191425,101248.87180879137,101248.87180879137,300.7132491720777,300.7132491720777,-0.08315306383389456,-0.08315306383389456,0.06678289435559,0.06678289435559,-3.564249737818573,-3.564249737818573,0.2845517594577945,0.2845517594577945,"{""type"":""MultiPoint"",""coordinates"":[]}"
234,2014-07,36.34217117410666,-0.25514612523080266,27.578729248046898,101487.17082451285,101487.17082451285,301.6682949918097,301.6682949918097,-0.03899910549005652,-0.03899910549005652,0.030184498083481396,0.030184498083481396,-2.8165346016876285,-2.8165346016876285,-0.8727432700071471,-0.8727432700071471,"{""type"":""MultiPoint"",""coordinates"":[]}"
235,2014-08,36.36531823612468,-0.24564588085152603,28.601678466796898,101300.77222652904,101300.77222652904,301.60807268191985,301.60807268191985,-0.04433702491322225,-0.04433702491322225,0.05581929814630968,0.05581929814630968,-2.2432207832531446,-2.2432207832531446,-0.6804420778195268,-0.6804420778195268,"{""type"":""MultiPoint"",""coordinates"":[]}"
236,2014-09,36.24547706228956,-0.15393705106621774,28.051385498046898,101190.59714231716,101190.59714231716,300.3408584783581,300.3408584783581,-0.08066255114178716,-0.08066255114178716,0.0935803135569419,0.0935803135569419,-2.7060798048427186,-2.7060798048427186,0.04591891986041381,0.04591891986041381,"{""type"":""MultiPoint"",""coordinates"":[]}"
237,2014-10,36.1353928939937,-0.14549530248723802,27.70681915283205,101220.93833184609,101220.93833184609,299.44935269951,299.44935269951,-0.08093679504677016,-0.08093679504677016,0.10551339530665428,0.10551339530665428,-2.6928386414909893,-2.6928386414909893,-1.0225421636000314,-1.0225421636000314,"{""type"":""MultiPoint"",""coordinates"":[]}"
238,2014-11,36.40772031425364,-0.1438968855218855,25.476045227050804,101633.64176070325,101633.64176070325,296.9705455437841,296.9705455437841,-0.05217791563303441,-0.05217791563303441,0.023293323993346514,0.023293323993346514,-2.518247435661282,-2.518247435661282,-1.754400157608881,-1.754400157608881,"{""type"":""MultiPoint"",""coordinates"":[]}"
239,2014-12,36.480549473226894,-0.2129136798088411,24.175073242187526,101648.56777864207,101648.56777864207,296.5733065007576,296.5733065007576,-0.02277334918297221,-0.02277334918297221,0.011163116475891405,0.011163116475891405,-2.4656742797052833,-2.4656742797052833,-1.25822492109634,-1.25822492109634,"{""type"":""MultiPoint"",""coordinates"":[]}"
240,2015-01,36.469504433221104,-0.23499214365881027,24.33757934570315,101813.30206359664,101813.30206359664,296.5182517102193,296.5182517102193,-0.01783779552701746,-0.01783779552701746,0.011747924103705214,0.011747924103705214,-1.9400958094117584,-1.9400958094117584,-1.9764264702673628,-1.9764264702673628,"{""type"":""MultiPoint"",""coordinates"":[]}"
241,2015-02,36.5624424001924,-0.2859532527657528,23.856622314453148,101635.91130721485,101635.91130721485,296.081959757618,296.081959757618,-0.021953808599390806,-0.021953808599390806,0.02148101122179028,0.02148101122179028,-2.239392021344544,-2.239392021344544,-1.5675246611045857,-1.5675246611045857,"{""type"":""MultiPoint"",""coordinates"":[]}"
242,2015-03,36.48586370892836,-0.287120573551608,25.40077362060549,101539.06218430494,101539.06218430494,299.22789990300174,299.22789990300174,-0.026599602524798684,-0.026599602524798684,0.022663193137467983,0.022663193137467983,-2.943182747834878,-2.943182747834878,-0.9153950421752808,-0.9153950421752808,"{""type"":""MultiPoint"",""coordinates"":[]}"
243,2015-04,36.48109288720539,-0.293158445566779,26.378045654296898,101122.50128372408,101122.50128372408,301.6311927064971,301.6311927064971,-0.006869039107566781,-0.006869039107566781,0.003795735462299705,0.003795735462299705,-2.798151965769462,-2.798151965769462,-0.041247345478276784,-0.041247345478276784,"{""type"":""MultiPoint"",""coordinates"":[]}"
244,2015-05,36.414644835451284,-0.29228068317584444,26.38386688232424,101320.46726859697,101320.46726859697,301.65054698147685,301.65054698147685,-0.0075082962141070795,-0.0075082962141070795,0.005361461477552436,0.005361461477552436,-3.5125905344759007,-3.5125905344759007,-0.8020113046141977,-0.8020113046141977,"{""type"":""MultiPoint"",""coordinates"":[]}"
245,2015-06,36.27694796576879,-0.27510221661054995,26.73377380371096,101305.93297527559,101305.93297527559,301.0942736416543,301.0942736416543,-0.03682209210986663,-0.03682209210986663,0.040619934354900765,0.040619934354900765,-2.98163399690518,-2.98163399690518,-0.4537522389605951,-0.4537522389605951,"{""type"":""MultiPoint"",""coordinates"":[]}"
246,2015-07,36.25196544748561,-0.29546345172151633,26.88942108154299,101423.78838881447,101423.78838881447,301.83728820130807,301.83728820130807,-0.021194360995427024,-0.021194360995427024,0.016042756105461055,0.016042756105461055,-2.9615918197033815,-2.9615918197033815,-0.7639115280488218,-0.7639115280488218,"{""type"":""MultiPoint"",""coordinates"":[]}"
247,2015-08,36.36540493646139,-0.23600099109373304,28.098130798339866,101271.28238126345,101271.28238126345,301.65070818210864,301.65070818210864,-0.04578289613272047,-0.04578289613272047,0.0649979856995408,0.0649979856995408,-2.4021768141365007,-2.4021768141365007,-0.8756390563866284,-0.8756390563866284,"{""type"":""MultiPoint"",""coordinates"":[]}"
248,2015-09,36.361403619528616,-0.18638701671891328,28.732743835449245,101116.15868329584,101116.15868329584,301.1062178150839,301.1062178150839,-0.062460997507340875,-0.062460997507340875,0.060722572009705995,0.060722572009705995,-1.770886913814509,-1.770886913814509,-0.4407275329214331,-0.4407275329214331,"{""type"":""MultiPoint"",""coordinates"":[]}"
249,2015-10,36.37095827902683,-0.09102727544259805,28.66150054931643,101140.87753153093,101140.87753153093,300.1914663902538,300.1914663902538,-0.0576029221988839,-0.0576029221988839,0.053147370688925374,0.053147370688925374,-1.6514696428259428,-1.6514696428259428,-1.037442721270067,-1.037442721270067,"{""type"":""MultiPoint"",""coordinates"":[]}"
250,2015-11,36.22552285353535,-0.1110114618406285,27.72084960937502,101307.17938673061,101307.17938673061,299.50243647922025,299.50243647922025,-0.05164073468666546,-0.05164073468666546,0.0503556428558754,0.0503556428558754,-3.0771262612582153,-3.0771262612582153,-0.7958514384666155,-0.7958514384666155,"{""type"":""MultiPoint"",""coordinates"":[]}"
251,2015-12,36.34133847887476,-0.16082453567937438,25.88800201416018,101333.5961413645,101333.5961413645,298.94246440017713,298.94246440017713,-0.03265647789448311,-0.03265647789448311,0.026296441529846233,0.026296441529846233,-2.8342453321445134,-2.8342453321445134,-0.5415402858177373,-0.5415402858177373,"{""type"":""MultiPoint"",""coordinates"":[]}"
252,2016-01,36.41167997176061,-0.15255115672857608,24.79981384277346,101550.21352039513,101550.21352039513,296.1302088980673,296.1302088980673,-0.027274972079803967,-0.027274972079803967,0.026916783846097345,0.026916783846097345,-1.3805614047569759,-1.3805614047569759,-1.3345939270348652,-1.3345939270348652,"{""type"":""MultiPoint"",""coordinates"":[]}"
253,2016-02,36.48689633402995,-0.2692646580750029,23.411820983886738,101749.07769620379,101749.07769620379,295.84149592947426,295.84149592947426,-0.015435890513090085,-0.015435890513090085,0.01218321096530776,0.01218321096530776,-2.4021313058443012,-2.4021313058443012,-1.9286072659605304,-1.9286072659605304,"{""type"":""MultiPoint"",""coordinates"":[]}"
254,2016-03,36.529686719343985,-0.27491757630064073,24.810769653320335,101314.37230141794,101314.37230141794,298.9146157652977,298.9146157652977,-0.051356620931759744,-0.051356620931759744,0.06256933644103621,0.06256933644103621,-2.7500639372891076,-2.7500639372891076,0.5517436414246486,0.5517436414246486,"{""type"":""MultiPoint"",""coordinates"":[]}"
255,2016-04,36.482108389450055,-0.24414891975308642,26.03452453613284,101197.3170120087,101197.3170120087,300.6542317616219,300.6542317616219,-0.01631798233617754,-0.01631798233617754,0.005529039457236151,0.005529039457236151,-3.0988748041441587,-3.0988748041441587,-0.44881665318088054,-0.44881665318088054,"{""type"":""MultiPoint"",""coordinates"":[]}"
256,2016-05,36.43962240686433,-0.2003652655588139,27.316445922851585,101189.34864690463,101189.34864690463,302.0003363588334,302.0003363588334,-0.018012150090388552,-0.018012150090388552,0.016619944030022628,0.016619944030022628,-2.870162735036302,-2.870162735036302,-0.6630022586266342,-0.6630022586266342,"{""type"":""MultiPoint"",""coordinates"":[]}"
257,2016-06,36.37668448372615,-0.2027114057239057,27.925218200683613,101281.79574575933,101281.79574575933,301.4323561095282,301.4323561095282,-0.05679923445170051,-0.05679923445170051,0.0708150224997895,0.0708150224997895,-2.3670864532723654,-2.3670864532723654,-0.365485160760247,-0.365485160760247,"{""type"":""MultiPoint"",""coordinates"":[]}"
258,2016-07,36.2980711560045,-0.19086929012345683,28.365647888183616,101453.92924458353,101453.92924458353,301.9093461020297,301.9093461020297,-0.0478283713734766,-0.0478283713734766,0.0424544104917855,0.0424544104917855,-2.9534707235351814,-2.9534707235351814,-0.6513977875403939,-0.6513977875403939,"{""type"":""MultiPoint"",""coordinates"":[]}"
259,2016-08,36.229792114695336,-0.19064643749321167,27.99080047607424,101240.16627246632,101240.16627246632,301.4988942197819,301.4988942197819,-0.059707502193168935,-0.059707502193168935,0.0735407840993744,0.0735407840993744,-2.500207123185266,-2.500207123185266,-0.5215501310368176,-0.5215501310368176,"{""type"":""MultiPoint"",""coordinates"":[]}"
260,2016-09,36.26728793891294,-0.10054847582972583,29.040757751464866,101294.23611392971,101294.23611392971,300.90353748084385,300.90353748084385,-0.08523389863262988,-0.08523389863262988,0.09135448219054147,0.09135448219054147,-2.0246686272012524,-2.0246686272012524,-0.17579051965902176,-0.17579051965902176,"{""type"":""MultiPoint"",""coordinates"":[]}"
261,2016-10,36.20625979623824,-0.06541659410193891,28.670114135742207,101252.18579645548,101252.18579645548,299.9924361535504,299.9924361535504,-0.05550006360790551,-0.05550006360790551,0.03905056738281435,0.03905056738281435,-2.2675016420902585,-2.2675016420902585,-1.8326382668403483,-1.8326382668403483,"{""type"":""MultiPoint"",""coordinates"":[]}"
262,2016-11,36.33314559483727,-0.02438968855218855,26.95676574707034,101474.21184427237,101474.21184427237,298.78044782609993,298.78044782609993,-0.02174838203720305,-0.02174838203720305,0.013536434969409806,0.013536434969409806,-2.944909468169672,-2.944909468169672,-1.5593102531388106,-1.5593102531388106,"{""type"":""MultiPoint"",""coordinates"":[]}"
263,2016-12,36.33361071829405,-0.13407309203142534,26.247850036621113,101580.8066606497,101580.8066606497,299.03999258881595,299.03999258881595,-0.021096914864265605,-0.021096914864265605,0.020702502086202113,0.020702502086202113,-2.9711161327013778,-2.9711161327013778,-0.7828494491314801,-0.7828494491314801,"{""type"":""MultiPoint"",""coordinates"":[]}"
264,2017-01,36.42654948916088,-0.16717583756871696,25.09798583984377,101605.22371686755,101605.22371686755,297.44822576705195,297.44822576705195,-0.010954464575477194,-0.010954464575477194,0.009209593782131556,0.009209593782131556,-2.2380334196152574,-2.2380334196152574,-0.5253811689406287,-0.5253811689406287,"{""type"":""MultiPoint"",""coordinates"":[]}"
265,2017-02,36.56946989319779,-0.2612868039992638,24.765733337402363,101441.6937227359,101441.6937227359,298.35907789264314,298.35907789264314,-0.004989563918522583,-0.004989563918522583,0.0032476010438588533,0.0032476010438588533,-2.408900018104278,-2.408900018104278,-0.6507375146903417,-0.6507375146903417,"{""type"":""MultiPoint"",""coordinates"":[]}"
266,2017-03,36.588156390026974,-0.28286747679182656,25.127534484863304,101637.99588359032,101637.99588359032,298.70052685876817,298.70052685876817,-0.0026907895659872357,-0.0026907895659872357,0.001777347160171284,0.001777347160171284,-3.4924411686293064,-3.4924411686293064,-1.2090871212743222,-1.2090871212743222,"{""type"":""MultiPoint"",""coordinates"":[]}"
267,2017-04,36.52854866851798,-0.27764217772581123,25.95642242431643,101154.5048884901,101154.5048884901,300.50305761830913,300.50305761830913,-0.015244916544629466,-0.015244916544629466,0.01770001606788188,0.01770001606788188,-3.007787201644004,-3.007787201644004,-0.6235011399345125,-0.6235011399345125,"{""type"":""MultiPoint"",""coordinates"":[]}"
268,2017-05,36.45214660734389,-0.2464413260573832,27.172212219238304,101090.08601355874,101090.08601355874,302.1538989698351,302.1538989698351,-0.01192670943712151,-0.01192670943712151,0.009874811672840836,0.009874811672840836,-2.8048358058626244,-2.8048358058626244,-0.315872982368359,-0.315872982368359,"{""type"":""MultiPoint"",""coordinates"":[]}"
269,2017-06,36.299381437566986,-0.26567677518756705,27.978662109375023,101054.28611897108,101054.28611897108,300.9869913829614,300.9869913829614,-0.09271185277715485,-0.09271185277715485,0.12120130946857031,0.12120130946857031,-2.1059183170340954,-2.1059183170340954,0.35084883657753413,0.35084883657753413,"{""type"":""MultiPoint"",""coordinates"":[]}"
270,2017-07,36.2924616728111,-0.2762730086022102,28.078950500488304,101464.61797780237,101464.61797780237,301.3055350940499,301.3055350940499,-0.07401053302545085,-0.07401053302545085,0.06456565423818679,0.06456565423818679,-2.5033612322831575,-2.5033612322831575,-0.8317683355140578,-0.8317683355140578,"{""type"":""MultiPoint"",""coordinates"":[]}"
271,2017-08,36.29068622858516,-0.2236232236943424,28.106698608398457,101225.36980346008,101225.36980346008,301.540228522814,301.540228522814,-0.07578494518997907,-0.07578494518997907,0.09948479915589122,0.09948479915589122,-2.5978301581885375,-2.5978301581885375,-0.015305378830690664,-0.015305378830690664,"{""type"":""MultiPoint"",""coordinates"":[]}"
272,2017-09,36.194649443253546,-0.15327092354412294,29.0811477661133,101051.02402707998,101051.02402707998,300.8388285497874,300.8388285497874,-0.10122190053105962,-0.10122190053105962,0.09971024493145088,0.09971024493145088,-2.2326991599593677,-2.2326991599593677,-0.5122342173490811,-0.5122342173490811,"{""type"":""MultiPoint"",""coordinates"":[]}"
273,2017-10,36.223440151689154,-0.08053079717709945,28.597924804687523,101163.17995541125,101163.17995541125,299.577092614775,299.577092614775,-0.08757149779204017,-0.08757149779204017,0.0916853290342869,0.0916853290342869,-2.043323829412096,-2.043323829412096,-1.3110069259797708,-1.3110069259797708,"{""type"":""MultiPoint"",""coordinates"":[]}"
274,2017-11,36.27120604028793,-0.11774825844653429,26.841096496582054,101459.3115016044,101459.3115016044,297.7320088371789,297.7320088371789,-0.03974539761514509,-0.03974539761514509,0.017551042649630196,0.017551042649630196,-1.5571302271230831,-1.5571302271230831,-2.0098722739497945,-2.0098722739497945,"{""type"":""MultiPoint"",""coordinates"":[]}"
275,2017-12,36.41063150320408,-0.1874354295644618,25.422753906250023,101740.38342614745,101740.38342614745,297.12638637205237,297.12638637205237,-0.02406647967784158,-0.02406647967784158,0.014767828347698518,0.014767828347698518,-2.075263067973787,-2.075263067973787,-1.2458453923915873,-1.2458453923915873,"{""type"":""MultiPoint"",""coordinates"":[]}"
276,2018-01,36.4386686352775,-0.24403800097751716,23.7235046386719,101898.7066044876,101898.7066044876,295.004098545637,295.004098545637,-0.03273935409314607,-0.03273935409314607,0.052295098276592275,0.052295098276592275,-2.0984047312473137,-2.0984047312473137,-2.6329365461227106,-2.6329365461227106,"{""type"":""MultiPoint"",""coordinates"":[]}"
277,2018-02,35.06470288814884,-0.27066847041847036,24.537751770019558,101702.95944556773,101702.95944556773,298.58749924977866,298.58749924977866,-0.02490243743599909,-0.02490243743599909,0.0033948592644794454,0.0033948592644794454,-3.2978297117290536,-3.2978297117290536,0.011165663450753907,0.011165663450753907,"{""type"":""MultiPoint"",""coordinates"":[]}"
278,2018-03,36.452198412698415,-0.25587947931697924,24.90839538574221,101386.09560216844,101386.09560216844,298.76949878685747,298.76949878685747,-0.009193155828597005,-0.009193155828597005,0.0049934225789976085,0.0049934225789976085,-3.118324655663277,-3.118324655663277,-0.8441316170103818,-0.8441316170103818,"{""type"":""MultiPoint"",""coordinates"":[]}"
279,2018-04,36.42666322709857,-0.22250994136769994,25.95112762451174,101341.8689972824,101341.8689972824,299.933233028361,299.933233028361,-0.02695984399886345,-0.02695984399886345,0.03385567536216595,0.03385567536216595,-2.6210107407534085,-2.6210107407534085,-1.151177130669821,-1.151177130669821,"{""type"":""MultiPoint"",""coordinates"":[]}"
280,2018-05,36.33371092873176,-0.25173305274971935,26.47113189697268,101173.4170344655,101173.4170344655,300.3542364369182,300.3542364369182,-0.035143237066294096,-0.035143237066294096,0.03479628591570289,0.03479628591570289,-2.5184323278852987,-2.5184323278852987,-1.5212088200504612,-1.5212088200504612,"{""type"":""MultiPoint"",""coordinates"":[]}"
281,2018-06,36.15568202861953,-0.2726319023569023,26.690461730957054,101282.31003253885,101282.31003253885,301.0981096384454,301.0981096384454,-0.061242073260945794,-0.061242073260945794,0.07065745086003435,0.07065745086003435,-3.371224856304792,-3.371224856304792,0.6693135952353267,0.6693135952353267,"{""type"":""MultiPoint"",""coordinates"":[]}"
282,2018-07,36.19393230694038,-0.27000044802867385,27.33162841796877,101476.04658312288,101476.04658312288,301.67543458102244,301.67543458102244,-0.03955040937017317,-0.03955040937017317,0.027006721002410992,0.027006721002410992,-2.3881596446025055,-2.3881596446025055,-1.069643520242266,-1.069643520242266,"{""type"":""MultiPoint"",""coordinates"":[]}"
283,2018-08,36.22666655805366,-0.21438971706310417,27.338227844238304,101431.68646440214,101431.68646440214,301.19269734822933,301.19269734822933,-0.0558216620293059,-0.0558216620293059,0.05683657294367286,0.05683657294367286,-2.6913479998225642,-2.6913479998225642,-0.6147713500476423,-0.6147713500476423,"{""type"":""MultiPoint"",""coordinates"":[]}"
284,2018-09,36.38069269230424,-0.1725766318359461,27.82373962402346,101165.95502438369,101165.95502438369,300.863323859546,300.863323859546,-0.059059691063629315,-0.059059691063629315,0.06032751754050489,0.06032751754050489,-2.537763701138966,-2.537763701138966,-0.46035398651459786,-0.46035398651459786,"{""type"":""MultiPoint"",""coordinates"":[]}"
285,2018-10,36.48285255805579,-0.12156231872310178,28.110787963867207,101179.16159864783,101179.16159864783,300.77596374250976,300.77596374250976,-0.02727812376823347,-0.02727812376823347,0.02003607047388885,0.02003607047388885,-2.746339754344781,-2.746339754344781,-1.1139995736083088,-1.1139995736083088,"{""type"":""MultiPoint"",""coordinates"":[]}"
286,2018-11,36.49678456668639,-0.1782300644772055,26.639459228515644,101438.71910577799,101438.71910577799,298.57646311617754,298.57646311617754,-0.04269117749367969,-0.04269117749367969,0.055399368850354354,0.055399368850354354,-2.331844797147841,-2.331844797147841,-1.2790198134688269,-1.2790198134688269,"{""type"":""MultiPoint"",""coordinates"":[]}"
287,2018-12,36.50176010657608,-0.22360218079037444,24.771340942382835,101572.19211117619,101572.19211117619,297.25562828540234,297.25562828540234,-0.02148116731444749,-0.02148116731444749,0.010783491898313596,0.010783491898313596,-1.769165251773788,-1.769165251773788,-0.7075856445877955,-0.7075856445877955,"{""type"":""MultiPoint"",""coordinates"":[]}"
288,2019-01,36.48613344214172,-0.3074093218298034,23.90772399902346,101718.42212629881,101718.42212629881,295.96461109681803,295.96461109681803,-0.02072294110182295,-0.02072294110182295,0.030585927778973697,0.030585927778973697,-2.4566857702314646,-2.4566857702314646,-1.828405018942747,-1.828405018942747,"{""type"":""MultiPoint"",""coordinates"":[]}"
289,2019-02,36.567628882923756,-0.27549562543063855,24.563577270507835,101402.26537104558,101402.26537104558,298.943330788157,298.943330788157,-0.018125140173121227,-0.018125140173121227,0.0061662035976181645,0.0061662035976181645,-3.1177081353418137,-3.1177081353418137,0.27948183283412514,0.27948183283412514,"{""type"":""MultiPoint"",""coordinates"":[]}"
290,2019-03,36.637970636474435,-0.26413146976454727,25.628572082519554,101522.83348821904,101522.83348821904,299.1008546236464,299.1008546236464,-0.015447241598927196,-0.015447241598927196,0.015331111571332663,0.015331111571332663,-3.124674665082089,-3.124674665082089,-1.0499863936828506,-1.0499863936828506,"{""type"":""MultiPoint"",""coordinates"":[]}"
291,2019-04,36.665760095319456,-0.27612738803158937,26.099023437500023,101229.30518215842,101229.30518215842,300.7343915469049,300.7343915469049,-0.01339490323052907,-0.01339490323052907,0.011658894046173311,0.011658894046173311,-2.7023476472512495,-2.7023476472512495,-0.3489416279357402,-0.3489416279357402,"{""type"":""MultiPoint"",""coordinates"":[]}"
292,2019-05,36.695254059973706,-0.2971259535649662,27.665017700195335,100979.88569940267,100979.88569940267,302.99465104365737,302.99465104365737,-0.011309470916734418,-0.011309470916734418,0.020027117902516687,0.020027117902516687,-3.453282193196965,-3.453282193196965,0.15817671472318542,0.15817671472318542,"{""type"":""MultiPoint"",""coordinates"":[]}"
293,2019-06,36.560714958159,-0.28072502825276807,27.833459472656273,101222.71109017389,101222.71109017389,302.25380973001535,302.25380973001535,-0.0796287662886652,-0.0796287662886652,0.08646668727734425,0.08646668727734425,-2.8650934972103683,-2.8650934972103683,0.15575365347757958,0.15575365347757958,"{""type"":""MultiPoint"",""coordinates"":[]}"
294,2019-07,36.50924385113059,-0.27476727161342185,27.971833801269554,101400.04313863956,101400.04313863956,302.06769552681084,302.06769552681084,-0.044975008446147144,-0.044975008446147144,0.035411899261068164,0.035411899261068164,-2.4093275011901203,-2.4093275011901203,-0.6624490503827268,-0.6624490503827268,"{""type"":""MultiPoint"",""coordinates"":[]}"
295,2019-08,36.44820085766518,-0.2757362533710196,27.60923156738283,101268.10690560724,101268.10690560724,301.9948215764695,301.9948215764695,-0.04199884836924468,-0.04199884836924468,0.040578815286377766,0.040578815286377766,-2.4747080486078974,-2.4747080486078974,-0.49578551601625653,-0.49578551601625653,"{""type"":""MultiPoint"",""coordinates"":[]}"
296,2019-09,36.441097034097005,-0.19621516110664527,28.55230865478518,101174.82906719507,101174.82906719507,301.53662320488144,301.53662320488144,-0.051177651497071854,-0.051177651497071854,0.0625758208016117,0.0625758208016117,-2.063839470161198,-2.063839470161198,-0.8005411293827536,-0.8005411293827536,"{""type"":""MultiPoint"",""coordinates"":[]}"
297,2019-10,36.50272904133389,-0.07826090071050722,28.89151916503908,101056.99937903059,101056.99937903059,300.6556979747787,300.6556979747787,-0.08507463400747185,-0.08507463400747185,0.11481218980303641,0.11481218980303641,-2.017870127168891,-2.017870127168891,-0.04048500780028434,-0.04048500780028434,"{""type"":""MultiPoint"",""coordinates"":[]}"
298,2019-11,36.51257712185155,-0.13282275254555204,27.39736328125002,101453.50820273707,101453.50820273707,298.5108979928313,298.5108979928313,-0.07186762755261038,-0.07186762755261038,0.05339128929527647,0.05339128929527647,-2.4554026554271964,-2.4554026554271964,-1.9047349292277138,-1.9047349292277138,"{""type"":""MultiPoint"",""coordinates"":[]}"
299,2019-12,36.47174553015766,-0.21934450685872836,25.895265197753933,101518.08887811164,101518.08887811164,297.2138647777102,297.2138647777102,-0.03472553693412863,-0.03472553693412863,0.025636614356251867,0.025636614356251867,-1.4530990539358362,-1.4530990539358362,-1.3657615704934765,-1.3657615704934765,"{""type"":""MultiPoint"",""coordinates"":[]}"
300,2020-01,36.488263924904054,-0.24508508907271026,24.88944396972659,101682.46467788832,101682.46467788832,297.3937929887959,297.3937929887959,-0.01894217928790812,-0.01894217928790812,0.012569878990890017,0.012569878990890017,-2.746641295233524,-2.746641295233524,-1.1461115127411206,-1.1461115127411206,"{""type"":""MultiPoint"",""coordinates"":[]}"
301,2020-02,36.580837156281184,-0.2777222686134827,24.882341003417988,101594.27666322296,101594.27666322296,297.97778031622835,297.97778031622835,-0.01614228796867332,-0.01614228796867332,0.014805989648092197,0.014805989648092197,-2.839017414579209,-2.839017414579209,-1.0597572517390796,-1.0597572517390796,"{""type"":""MultiPoint"",""coordinates"":[]}"
302,2020-03,36.70462834508868,-0.2796672657789649,25.14528808593752,101554.3677744851,101554.3677744851,299.6603133542466,299.6603133542466,-0.00821026160298738,-0.00821026160298738,8.354428092065766E-4,8.354428092065766E-4,-3.488413092633374,-3.488413092633374,-0.3266688011035805,-0.3266688011035805,"{""type"":""MultiPoint"",""coordinates"":[]}"
303,2020-04,36.77590558179261,-0.2378145297427653,27.74328765869143,101089.4111862157,101089.4111862157,302.5165294374375,302.5165294374375,-0.004073323600267114,-0.004073323600267114,0.0034576042173311413,0.0034576042173311413,-2.349905746304397,-2.349905746304397,0.1985894782856423,0.1985894782856423,"{""type"":""MultiPoint"",""coordinates"":[]}"
304,2020-05,36.65209432534228,-0.2754070327896484,27.742364501953148,101161.88257885189,101161.88257885189,301.76070601208335,301.76070601208335,-0.042110371298421385,-0.042110371298421385,0.06305138185965298,0.06305138185965298,-3.207307033306352,-3.207307033306352,-0.8583235626476208,-0.8583235626476208,"{""type"":""MultiPoint"",""coordinates"":[]}"
305,2020-06,36.27525490186228,-0.17922567155680602,27.68257293701174,101189.50142693102,101189.50142693102,300.639607273526,300.639607273526,-0.14682095593668834,-0.14682095593668834,0.25131703447700016,0.25131703447700016,-3.181977453586298,-3.181977453586298,0.34495474527243314,0.34495474527243314,"{""type"":""MultiPoint"",""coordinates"":[]}"
306,2020-07,36.45682925947775,-0.2700638030287315,28.106927490234398,101311.42421472482,101311.42421472482,301.77978750931595,301.77978750931595,-0.07914265344925185,-0.07914265344925185,0.036313874224470265,0.036313874224470265,-2.711360463569546,-2.711360463569546,-0.2857498406890722,-0.2857498406890722,"{""type"":""MultiPoint"",""coordinates"":[]}"
307,2020-08,36.44421298523235,-0.23158013950834977,28.322961425781276,101230.36556137344,101230.36556137344,301.63150130549326,301.63150130549326,-0.0726306646269742,-0.0726306646269742,0.05682226851445725,0.05682226851445725,-2.1472524797799397,-2.1472524797799397,-0.6281159204283683,-0.6281159204283683,"{""type"":""MultiPoint"",""coordinates"":[]}"
308,2020-09,36.439148985128625,-0.11439055633708471,29.29565582275393,101123.79524559385,101123.79524559385,301.4322098980532,301.4322098980532,-0.07520891605689727,-0.07520891605689727,0.09007272729448303,0.09007272729448303,-1.288918736502504,-1.288918736502504,-0.0651987574379589,-0.0651987574379589,"{""type"":""MultiPoint"",""coordinates"":[]}"
309,2020-10,35.9842563439202,-0.08426419548526808,28.843217468261738,101048.31786811836,101048.31786811836,299.6005622900668,299.6005622900668,-0.16224198553457916,-0.16224198553457916,0.32878709854010135,0.32878709854010135,-1.055129134106916,-1.055129134106916,-2.145603380298802,-2.145603380298802,"{""type"":""MultiPoint"",""coordinates"":[]}"
310,2020-11,36.2992026142149,-0.13958405513129687,27.064134216308616,101434.35944307207,101434.35944307207,298.5366681746248,298.5366681746248,-0.10371730523298753,-0.10371730523298753,0.05897837068523614,0.05897837068523614,-2.3723257652015244,-2.3723257652015244,-2.7611974272082866,-2.7611974272082866,"{""type"":""MultiPoint"",""coordinates"":[]}"
311,2020-12,36.42430639326833,-0.22219394059226225,25.05171356201174,101668.88385333703,101668.88385333703,296.1685888690416,296.1685888690416,-0.06406556375786616,-0.06406556375786616,0.02588438331234106,0.02588438331234106,-2.167270994613253,-2.167270994613253,-1.2040660054924757,-1.2040660054924757,"{""type"":""MultiPoint"",""coordinates"":[]}"
312,2021-01,36.44794858546831,-0.3155546283450887,23.966096496582054,101646.41171002564,101646.41171002564,296.25189665842953,296.25189665842953,-0.053983575331822006,-0.053983575331822006,0.034197115232098826,0.034197115232098826,-2.65720602308079,-2.65720602308079,-1.2998097950600214,-1.2998097950600214,"{""type"":""MultiPoint"",""coordinates"":[]}"
313,2021-02,36.59676022407557,-0.26194633347209456,24.317666625976585,101462.27263020494,101462.27263020494,297.18103670456827,297.18103670456827,-0.040101870300012714,-0.040101870300012714,0.019623434126533657,0.019623434126533657,-2.1809841186534538,-2.1809841186534538,-0.6873599337661509,-0.6873599337661509,"{""type"":""MultiPoint"",""coordinates"":[]}"
314,2021-03,36.68571657990613,-0.25848862280883733,25.34931335449221,101468.83139097139,101468.83139097139,299.38423892891575,299.38423892891575,-0.026452780239659322,-0.026452780239659322,0.004343811991584515,0.004343811991584515,-3.230267226498475,-3.230267226498475,-0.3959138041030199,-0.3959138041030199,"{""type"":""MultiPoint"",""coordinates"":[]}"
315,2021-04,36.68021386153537,-0.22393342711682745,26.76324615478518,101141.49342412347,101141.49342412347,301.2848955186146,301.2848955186146,-0.022560109139635607,-0.022560109139635607,0.011271103064802437,0.011271103064802437,-3.030778888010349,-3.030778888010349,-0.2534025312361156,-0.2534025312361156,"{""type"":""MultiPoint"",""coordinates"":[]}"
316,2021-05,36.58191295476352,-0.2892383748444145,27.76851806640627,101264.59700938802,101264.59700938802,302.18114526415724,302.18114526415724,-0.04065504334191225,-0.04065504334191225,0.04577690872474309,0.04577690872474309,-3.630001670043417,-3.630001670043417,0.15232879568231822,0.15232879568231822,"{""type"":""MultiPoint"",""coordinates"":[]}"
317,2021-06,36.30547021034298,-0.3048290829314041,28.085244750976585,101230.01516220199,101230.01516220199,301.15264004549107,301.15264004549107,-0.0936883716722973,-0.0936883716722973,0.1422249869839131,0.1422249869839131,-3.214975819844874,-3.214975819844874,0.8908514129682061,0.8908514129682061,"{""type"":""MultiPoint"",""coordinates"":[]}"
318,2021-07,36.397165607820774,-0.3357784802536044,28.265298461914085,101444.84293465536,101444.84293465536,301.717106159715,301.717106159715,-0.0658903183365013,-0.0658903183365013,0.03102000275166684,0.03102000275166684,-3.0087434703049682,-3.0087434703049682,-0.5532902011106423,-0.5532902011106423,"{""type"":""MultiPoint"",""coordinates"":[]}"
319,2021-08,36.461806467819734,-0.3005437146691215,28.285760498046898,101304.42894132734,101304.42894132734,301.3230868513578,301.3230868513578,-0.0759423268754225,-0.0759423268754225,0.07764676299291953,0.07764676299291953,-2.769381513340549,-2.769381513340549,-0.5266598991724701,-0.5266598991724701,"{""type"":""MultiPoint"",""coordinates"":[]}"
320,2021-09,36.393380806203126,-0.23236997755894967,28.744165039062523,101247.55552671487,101247.55552671487,301.12438579103383,301.12438579103383,-0.06899302161432205,-0.06899302161432205,0.05595906124227729,0.05595906124227729,-2.607236145524416,-2.607236145524416,0.19501604901233166,0.19501604901233166,"{""type"":""MultiPoint"",""coordinates"":[]}"
321,2021-10,36.50309524751063,-0.16326348731978008,28.992532348632835,101224.55450480737,101224.55450480737,300.86875286406445,300.86875286406445,-0.054207292768557055,-0.054207292768557055,0.05551218582010328,0.05551218582010328,-1.8527800673111963,-1.8527800673111963,-1.0720888612955068,-1.0720888612955068,"{""type"":""MultiPoint"",""coordinates"":[]}"
322,2021-11,36.60775414154609,-0.16866961414790996,26.89899597167971,101651.8905277451,101651.8905277451,297.9520042924355,297.9520042924355,-0.03553946452742154,-0.03553946452742154,0.027545246440854942,0.027545246440854942,-2.091815653315154,-2.091815653315154,-2.331610419025564,-2.331610419025564,"{""type"":""MultiPoint"",""coordinates"":[]}"
323,2021-12,36.47469838612436,-0.23029654276008713,26.020845031738304,101542.44983829714,101542.44983829714,298.56336990193086,298.56336990193086,-0.016773694557344117,-0.016773694557344117,0.008688254638499216,0.008688254638499216,-2.82462369275885,-2.82462369275885,-0.4357652876107072,-0.4357652876107072,"{""type"":""MultiPoint"",""coordinates"":[]}"
324,2022-01,36.48568600248938,-0.2228557025334509,24.7499710083008,101702.88110471108,101702.88110471108,296.5790202034585,296.5790202034585,-0.01760505487753308,-0.01760505487753308,0.017359495236991544,0.017359495236991544,-2.2268315499322124,-2.2268315499322124,-1.770940560336774,-1.770940560336774,"{""type"":""MultiPoint"",""coordinates"":[]}"
325,2022-02,36.56473918738517,-0.2504393804547543,23.97102508544924,101699.74204863816,101699.74204863816,297.419965897294,297.419965897294,-0.027067836123417274,-0.027067836123417274,0.026508378685158894,0.026508378685158894,-2.6560067683625768,-2.6560067683625768,-1.4445496190502827,-1.4445496190502827,"{""type"":""MultiPoint"",""coordinates"":[]}"
326,2022-03,36.59451947087958,-0.28513862831915776,25.60068664550783,101436.28218357384,101436.28218357384,299.19804927132276,299.19804927132276,-0.023941725202484748,-0.023941725202484748,0.02409096536761891,0.02409096536761891,-2.794711126884657,-2.794711126884657,-0.5984850841148145,-0.5984850841148145,"{""type"":""MultiPoint"",""coordinates"":[]}"
327,2022-04,36.64566330218382,-0.347747080988746,26.367944335937523,101208.58852284115,101208.58852284115,300.87167500964756,300.87167500964756,-0.010754035751677469,-0.010754035751677469,0.0073921713146349625,0.0073921713146349625,-3.5530835705579533,-3.5530835705579533,-0.6750699768821835,-0.6750699768821835,"{""type"":""MultiPoint"",""coordinates"":[]}"
328,2022-05,36.60380254252672,-0.3162936547038689,26.47682342529299,101133.61912802875,101133.61912802875,301.61280160377004,301.61280160377004,-0.022841037609609514,-0.022841037609609514,0.05367032155463277,0.05367032155463277,-3.4006866515514607,-3.4006866515514607,-0.21772973796075656,-0.21772973796075656,"{""type"":""MultiPoint"",""coordinates"":[]}"
329,2022-06,36.44096102458468,-0.29640819600750273,26.702500915527366,101223.673792118,101223.673792118,300.6521622057867,300.6521622057867,-0.08741222564249114,-0.08741222564249114,0.07902632759014323,0.07902632759014323,-2.8185619490943745,-2.8185619490943745,-0.9609079766402273,-0.9609079766402273,"{""type"":""MultiPoint"",""coordinates"":[]}"
330,2022-07,36.45174529840006,-0.3284300075847942,27.137734985351585,101425.70565456711,101425.70565456711,301.51686722624146,301.51686722624146,-0.046226599904229275,-0.046226599904229275,0.03898964274130348,0.03898964274130348,-2.942935666090099,-2.942935666090099,-0.7090602522507646,-0.7090602522507646,"{""type"":""MultiPoint"",""coordinates"":[]}"
331,2022-08,36.383289453894825,-0.29204571783269384,26.944924926757835,101326.96582250936,101326.96582250936,300.72538046883477,300.72538046883477,-0.07416188911452504,-0.07416188911452504,0.09247973653753232,0.09247973653753232,-2.5206914325426286,-2.5206914325426286,-0.5241509618895939,-0.5241509618895939,"{""type"":""MultiPoint"",""coordinates"":[]}"
332,2022-09,36.33317366358521,-0.22278728731243302,27.98970947265627,101166.01565610374,101166.01565610374,300.3925753657089,300.3925753657089,-0.09238111064285459,-0.09238111064285459,0.09523221044688117,0.09523221044688117,-1.9434465203297924,-1.9434465203297924,-1.1049904223146398,-1.1049904223146398,"{""type"":""MultiPoint"",""coordinates"":[]}"
333,2022-10,36.40781911400529,-0.14217045690281094,27.85345611572268,101329.7342230862,101329.7342230862,299.55254837994033,299.55254837994033,-0.06210942187829726,-0.06210942187829726,0.04734333814096957,0.04734333814096957,-2.3000740761741123,-2.3000740761741123,-1.3225713341390537,-1.3225713341390537,"{""type"":""MultiPoint"",""coordinates"":[]}"
334,2022-11,36.470627053188636,-0.1215650120578778,27.612794494628933,101382.93359918079,101382.93359918079,299.43315681631327,299.43315681631327,-0.04187130253970643,-0.04187130253970643,0.03605697539048497,0.03605697539048497,-2.4592649368338235,-2.4592649368338235,-0.8064966000921255,-0.8064966000921255,"{""type"":""MultiPoint"",""coordinates"":[]}"
335,2022-12,36.39637433065813,-0.19442321368374654,26.413934326171898,101633.2095513245,101633.2095513245,297.9895476743004,297.9895476743004,-0.04301107549326715,-0.04301107549326715,0.053829053275756975,0.053829053275756975,-2.926866151655258,-2.926866151655258,-1.0850175420255865,-1.0850175420255865,"{""type"":""MultiPoint"",""coordinates"":[]}"
336,2023-01,36.36272233332901,-0.24056339785810607,24.927110290527366,101635.07003683988,101635.07003683988,297.594133385614,297.594133385614,-0.029381427646874746,-0.029381427646874746,0.013054367859479967,0.013054367859479967,-2.9122191328165554,-2.9122191328165554,-0.4331352527503498,-0.4331352527503498,"{""type"":""MultiPoint"",""coordinates"":[]}"
337,2023-02,36.506211199471764,-0.26752771338137343,24.823358154296898,101646.09883642053,101646.09883642053,298.27837541286965,298.27837541286965,-0.02439565935466398,-0.02439565935466398,0.018844504142601057,0.018844504142601057,-3.118513961636037,-3.118513961636037,-0.6034592240201522,-0.6034592240201522,"{""type"":""MultiPoint"",""coordinates"":[]}"
338,2023-03,36.63152343668966,-0.2916090038637071,25.923814392089866,101316.93928617593,101316.93928617593,299.87050132245986,299.87050132245986,-0.029072439666757415,-0.029072439666757415,0.031037225356417335,0.031037225356417335,-3.28256201119018,-3.28256201119018,0.008659627909891979,0.008659627909891979,"{""type"":""MultiPoint"",""coordinates"":[]}"
339,2023-04,36.621793460276,-0.25693080620310826,26.78975067138674,101144.8480198765,101144.8480198765,301.2025277616438,301.2025277616438,-0.009840029777972764,-0.009840029777972764,0.003934426082083977,0.003934426082083977,-2.4911109697463707,-2.4911109697463707,-0.29167343698496445,-0.29167343698496445,"{""type"":""MultiPoint"",""coordinates"":[]}"
340,2023-05,36.65780391362411,-0.3058956831500882,27.927751159667995,101145.42769415332,101145.42769415332,301.9503053884569,301.9503053884569,-0.011503747873029243,-0.011503747873029243,0.011007642216910963,0.011007642216910963,-2.425889172521673,-2.425889172521673,-1.036384689760346,-1.036384689760346,"{""type"":""MultiPoint"",""coordinates"":[]}"
341,2023-06,36.59415080553323,-0.32555666365219726,28.88733825683596,101040.79799086705,101040.79799086705,303.1026805279154,303.1026805279154,-0.01917414718240961,-0.01917414718240961,0.021314457169346948,0.021314457169346948,-2.2884982231190425,-2.2884982231190425,-0.5614806800918567,-0.5614806800918567,"{""type"":""MultiPoint"",""coordinates"":[]}"
342,2023-07,36.485506860349034,-0.34698497627320823,27.934892272949245,101399.33186885034,101399.33186885034,302.6798247068915,302.6798247068915,-0.03458033685578021,-0.03458033685578021,0.033534961696706236,0.033534961696706236,-3.1653734307890233,-3.1653734307890233,-1.0496103913163664,-1.0496103913163664,"{""type"":""MultiPoint"",""coordinates"":[]}"
343,2023-08,36.43946445843273,-0.3166610861165855,28.64069519042971,101209.44557239451,101209.44557239451,302.08380489117957,302.08380489117957,-0.057697762348093706,-0.057697762348093706,0.06661415310707751,0.06661415310707751,-1.7524706308105065,-1.7524706308105065,-1.109605532068752,-1.109605532068752,"{""type"":""MultiPoint"",""coordinates"":[]}"
344,2023-09,36.491234197481255,-0.22912527800107185,30.26328430175783,101202.79462535349,101202.79462535349,302.01092409548454,302.01092409548454,-0.052326583304823295,-0.052326583304823295,0.060443871094224076,0.060443871094224076,-1.71741936805687,-1.71741936805687,-0.6834437742899896,-0.6834437742899896,"{""type"":""MultiPoint"",""coordinates"":[]}"
345,2023-10,36.52307027927602,-0.11938714053262114,29.336328125000023,101132.9429656183,101132.9429656183,300.86688148060693,300.86688148060693,-0.06980061909533555,-0.06980061909533555,0.061051330091542906,0.061051330091542906,-2.5065176498613297,-2.5065176498613297,-1.507593228552524,-1.507593228552524,"{""type"":""MultiPoint"",""coordinates"":[]}"
346,2023-11,36.5554806739014,-0.14266441586280815,27.039849853515648,101393.81259816073,101393.81259816073,298.877977975624,298.877977975624,-0.06881814715644399,-0.06881814715644399,0.09488375431769351,0.09488375431769351,-2.387170325105269,-2.387170325105269,-2.159718086578987,-2.159718086578987,"{""type"":""MultiPoint"",""coordinates"":[]}"
347,2023-12,36.414319595348,-0.22060265078829996,25.47684631347659,101614.26166468949,101614.26166468949,297.0593805672256,297.0593805672256,-0.055122310662128374,-0.055122310662128374,0.041028097367206376,0.041028097367206376,-1.961946442073617,-1.961946442073617,-1.715822030263388,-1.715822030263388,"{""type"":""MultiPoint"",""coordinates"":[]}"
348,2024-01,36.42847137226428,-0.2882526919536355,24.542047119140648,101548.74866335407,101548.74866335407,297.3119687707629,297.3119687707629,-0.04324927114969818,-0.04324927114969818,0.04665792347530241,0.04665792347530241,-2.447931215456407,-2.447931215456407,-0.9793520130670608,-0.9793520130670608,"{""type"":""MultiPoint"",""coordinates"":[]}"
349,2024-02,36.58589482100288,-0.2870980672746425,24.130593872070335,101497.9151755577,101497.9151755577,296.6021539300661,296.6021539300661,-0.030152098791081317,-0.030152098791081317,0.0139666061557938,0.0139666061557938,-1.541278992349321,-1.541278992349321,-1.0835695285981046,-1.0835695285981046,"{""type"":""MultiPoint"",""coordinates"":[]}"
350,2024-03,36.662365473628256,-0.2819856488564465,25.887544250488304,101163.18588065889,101163.18588065889,300.51529179852434,300.51529179852434,-0.015539446839089753,-0.015539446839089753,0.008792893359454884,0.008792893359454884,-2.5005332999602374,-2.5005332999602374,-0.37721482116155675,-0.37721482116155675,"{""type"":""MultiPoint"",""coordinates"":[]}"
351,2024-04,36.66603260986067,-0.3032106879689175,26.270799255371116,101241.303944992,101241.303944992,301.2503559457653,301.2503559457653,-0.005529316586047651,-0.005529316586047651,0.0032756091303144464,0.0032756091303144464,-3.3891423842122292,-3.3891423842122292,-0.6485918560913017,-0.6485918560913017,"{""type"":""MultiPoint"",""coordinates"":[]}"
352,2024-05,36.68091215738772,-0.30168370112021575,27.97731170654299,100855.6848581283,100855.6848581283,304.4507865432944,304.4507865432944,-0.002658790713566505,-0.002658790713566505,4.519932584630904E-4,4.519932584630904E-4,-3.183855383722147,-3.183855383722147,0.528822963809556,0.528822963809556,"{""type"":""MultiPoint"",""coordinates"":[]}"
353,2024-06,36.28722139435959,-0.2754209840568061,28.077066040039085,100913.47266616592,100913.47266616592,301.6904008962177,301.6904008962177,-0.08658399450382416,-0.08658399450382416,0.17993751759540727,0.17993751759540727,-3.275999099704121,-3.275999099704121,0.13140566218301014,0.13140566218301014,"{""type"":""MultiPoint"",""coordinates"":[]}"
354,2024-07,36.08655178728866,-0.3097755776112437,27.93396911621096,101377.62892165684,101377.62892165684,301.4720175748299,301.4720175748299,-0.1211435085621128,-0.1211435085621128,0.09715751622755173,0.09715751622755173,-2.8531095580400327,-2.8531095580400327,-0.4840566742187075,-0.4840566742187075,"{""type"":""MultiPoint"",""coordinates"":[]}"
355,2024-08,36.36340033450887,-0.2929371223809772,28.931970214843773,101375.7436102228,101375.7436102228,301.56255628184283,301.56255628184283,-0.08308616209533766,-0.08308616209533766,0.06640794908203586,0.06640794908203586,-1.8059002287049866,-1.8059002287049866,-0.6791104943546402,-0.6791104943546402,"{""type"":""MultiPoint"",""coordinates"":[]}"
356,2024-09,36.34519004555198,-0.20424275410861026,29.887734985351585,100944.6161891559,100944.6161891559,301.6248846987335,301.6248846987335,-0.08813173154433947,-0.08813173154433947,0.09054493390752227,0.09054493390752227,-1.6380710120038027,-1.6380710120038027,0.0015031958334572211,0.0015031958334572211,"{""type"":""MultiPoint"",""coordinates"":[]}"
357,2024-10,,,28.921037292480488,101274.15741106379,101274.15741106379,299.7954245561622,299.7954245561622,-0.12017082613500836,-0.12017082613500836,0.1519464562506226,0.1519464562506226,-1.94960348869165,-1.94960348869165,-1.5166119491121586,-1.5166119491121586,"{""type"":""MultiPoint"",""coordinates"":[]}"
358,2024-11,,,27.629479980468776,101240.3852648431,101240.3852648431,299.05106452139216,299.05106452139216,-0.06575820841749404,-0.06575820841749404,0.036388058278150996,0.036388058278150996,-1.5914692962241026,-1.5914692962241026,-1.2323671119035151,-1.2323671119035151,"{""type"":""MultiPoint"",""coordinates"":[]}"
359,2024-12,,,25.29841766357424,101769.94967802586,101769.94967802586,297.034095469909,297.034095469909,-0.02937946861722008,-0.02937946861722008,0.011386709309219164,0.011386709309219164,-2.8822577082930696,-2.8822577082930696,-1.6633698606019536,-1.6633698606019536,"{""type"":""MultiPoint"",""coordinates"":[]}"
