date,wind_u_ms,wind_v_ms,wind_speed_ms,sst_c,hs_mean_m,hs_max_m,tp_mean_s,wave_dir_deg,wave_power_kw_m
1995-01-01,-5.133208155632019,-0.6929811164736748,5.956461668014526,24.924615478515648,0.5918870468934377,0.8443528811136881,4.223930915196736,19.326154941348438,0.7325347328823377
1995-01-02,-5.12320613861084,-5.410418033599853,7.529056191444397,24.86585388183596,0.8276149034500121,1.2459556261698406,4.507689476013184,54.705827155453676,1.654513585452524
1995-01-03,-4.313971519470215,-1.6545908153057098,5.407323479652406,24.924127197265648,1.0482190052668252,1.297072410583496,7.603382269541423,80.97552444195642,3.869749968848378
1995-01-04,-2.116233706474304,0.36984892562031746,4.334716200828552,25.077279663085964,0.7177602847417195,0.860536257425944,6.818473180135092,70.6447307297325,1.6289012033095926
1995-01-05,-1.8094781339168549,-1.0358020961284637,3.0936119556427,25.25062713623049,0.8210475246111552,1.1604084968566895,7.723861217498779,104.03041592997785,2.6570532345009825
1995-01-06,-3.141226828098297,3.501290798187256,5.9505743980407715,25.421426391601585,1.08730681737264,1.2337323824564617,7.841134389241537,39.11556847692842,4.321545705104011
1995-01-07,-1.1388773620128632,1.2414398193359375,4.060860991477966,25.56588134765627,0.6194798747698466,0.7987189292907715,6.480515638987224,110.43777160620601,1.2509170930073013
1995-01-08,-6.93462347984314,-5.475623726844788,9.093566656112671,25.65956268310549,1.1884685357411702,1.4452168146769206,5.53358538945516,57.440384672464354,3.6322905885801995
1995-01-09,-7.6328755617141715,-2.460715353488922,8.313869833946228,25.672647094726585,1.0075367093086243,1.2424009641011555,5.156716982523601,34.16449907051,2.437795291091663
1995-01-10,-7.8265109062194815,-0.6921342872083187,8.427117824554443,25.600579833984394,0.983208179473877,1.2673610051472983,4.85604747136434,16.58410699933762,2.2669880425545696
1995-01-11,-7.494857907295228,0.4267673650756478,8.174296736717222,25.45594940185549,0.9887941082318624,1.2521583239237468,4.884646574656169,6.716167981825853,2.323444411464447
1995-01-12,-6.641502380371095,0.8023473620414733,7.41935694217682,25.252511596679714,0.8751220107078552,1.1564222176869712,4.751435915629069,5.196318993887776,1.8001953742219745
1995-01-13,-3.4372860193252563,4.840562701225281,8.061329364776611,25.008630371093773,0.9671499133110045,1.3742956320444741,4.6705307960510245,318.26777345755477,2.2215255736320287
1995-01-14,3.754834711551666,-5.752298474311829,7.048498630523682,24.804246520996116,0.9383761684099833,1.4854470888773599,4.8488694826761884,120.72410079096046,2.4705272002179504
1995-01-15,5.449493527412415,-4.338912129402161,6.994678616523742,24.681581115722683,1.4917670488357544,1.550464630126953,8.398187637329102,124.65746694674537,8.382947118938207
1995-01-16,-0.8031987845897675,-2.1091665029525757,3.128975093364716,24.607637023925804,1.0113752086957295,1.343578815460205,8.235341707865398,114.57735825603619,4.001661115691044
1995-01-17,-6.297120094299316,1.8068013191223147,7.799091696739196,24.54844055175784,0.9081698258717854,1.1247242291768393,4.8657972017923985,240.71232352557112,1.8679055203966193
1995-01-18,-5.729806900024414,2.170094132423401,7.245548844337463,24.47699890136721,0.827797293663025,1.1627418200174966,4.364178578058878,343.85108305668695,1.510440167491843
1995-01-19,-1.7785936892032623,-3.280314087867736,5.783082127571105,24.439599609375023,0.7410782178243001,1.9031781355539956,4.467511574427287,34.384528325005064,2.228237355518906
1995-01-20,-3.9682986736297607,-6.830847144126892,7.980487942695617,24.46873626708987,1.5909958283106487,1.9270856380462646,8.028218905131022,95.2686557054094,9.140436435411347
1995-01-21,-4.731150150299072,-4.627654790878296,6.682761907577515,24.52441558837893,0.9827844897905985,1.2735447883605957,6.741254488627116,74.55740274202232,3.021352342905669
1995-01-22,-6.604358434677125,-1.570781946182251,7.247442483901977,24.565583801269554,0.7739433646202087,0.8933887481689454,4.571279366811116,37.8019924489132,1.2455885202301333
1995-01-23,-3.5092458724975586,-0.7307586967945099,5.692932844161987,24.55561981201174,0.5837710698445637,0.860630989074707,4.06368605295817,25.70553857526056,0.6675101138421351
1995-01-24,-7.021007061004639,-7.078665137290955,10.245445966720581,24.49926910400393,1.6538029909133911,1.7804418404897053,7.067752202351889,73.07144770026463,8.867848238306314
1995-01-25,-9.359500885009766,-2.680665612220764,9.897534370422363,24.42975769042971,1.4969565471013386,1.7254919211069744,6.2458408673604335,38.34531330991418,6.435748773878733
1995-01-26,-7.636956214904786,-0.47155544161796564,8.202170968055725,24.35605773925783,1.0978238185246787,1.4271015326182048,5.932893276214599,22.690488262737652,3.5440322453801083
1995-01-27,-6.2728744745254525,1.4986294507980347,7.47372603416443,24.286317443847675,0.9677355090777079,1.3039408524831138,4.970383485158285,237.5421952625903,2.3977361016807937
1995-01-28,-3.557262301445007,2.6960256695747375,6.254994273185731,24.233529663085964,0.6810274124145508,1.002888520558675,4.4170403480529785,326.02318194081585,1.0087772421671106
1995-01-29,-1.6674006581306458,-0.269398033618927,4.797333478927612,24.24469909667971,0.4262577394644419,0.5781137148539225,3.4938784440358477,19.53811659367434,0.3049233316854084
1995-01-30,-2.2360124588012695,-9.039906740188599,9.49106764793396,24.31788024902346,1.391889254252116,2.0561352570851645,5.6651530265808105,90.78849148211076,6.421575778622074
1995-01-31,-1.6779259741306305,-7.796669006347656,8.039870142936707,24.393647766113304,1.5657587051391604,2.018543243408203,7.778127829233806,96.91862806925144,8.602642157133342
1995-02-01,-2.89652955532074,-2.586124062538147,4.0529884696006775,24.409806823730495,0.8358156879742941,1.1822094917297363,7.020561854044597,101.39653603912168,2.325948247441427
1995-02-02,-6.303756117820741,-2.5639987587928776,7.232699036598206,24.316293334960957,0.7443923950195311,0.9071938196818033,4.42786423365275,45.84051243906936,1.1081032629759984
1995-02-03,-5.154832363128662,-0.01778796687722207,6.555630922317505,24.161843872070335,0.7405433257420858,1.0680095354715984,4.303039789199829,13.723600820477127,1.2425876231355995
1995-02-04,-0.5962237305939198,-7.636249303817749,7.865000605583191,24.019250488281273,1.114612102508545,2.1141910552978516,5.007774988810222,84.50517033869245,5.6943831590128955
1995-02-05,-0.31468604505062103,-4.786181330680847,4.868712544441223,23.87849578857424,1.5358928839365642,2.038161277770996,9.043672879536947,105.1979567569112,10.03655102191645
1995-02-06,-3.3199518322944637,-3.6021201014518742,5.217950701713561,23.726678466796898,0.814790149529775,1.0283250013987224,7.225685278574625,90.17201454182737,2.222145656905785
1995-02-07,-4.2891029715538025,0.16375618730671704,5.744954347610474,23.560037231445335,0.6734941800435384,0.8120563824971517,4.845491250356038,38.00835885705294,0.9706275157878765
1995-02-08,-5.818795561790466,-4.629149794578551,7.734932541847229,23.44027099609377,0.8612763086954753,1.3730598290761309,4.8190477689107265,51.834577980733,1.6828278517089899
1995-02-09,-7.08638882637024,-3.400364518165589,8.315142393112183,23.41345367431643,1.4242926438649497,1.7330572605133054,7.473716576894125,61.43943479899197,6.902011771266596
1995-02-10,-5.126582145690918,2.0353276729583736,7.085805654525757,23.454644775390648,0.9826824466387433,1.1525087356567383,5.663216908772786,239.20673516990763,2.6675489121853584
1995-02-11,-2.9515482783317566,4.941545724868774,7.3813949823379525,23.537004089355488,0.864202876885732,1.1819440523783364,4.696873029073079,310.5910234189509,1.724157656052108
1995-02-12,-1.4315146803855896,-1.157967209815979,2.908837616443634,23.635003662109394,0.31919753551483154,0.48473310470581055,3.632569233576457,316.79345309502577,0.19752728038996475
1995-02-13,-3.4217739701271057,-0.6010673493146896,5.517338037490846,23.71687469482424,0.8903135855992635,1.0272793769836424,7.047154267628987,73.77455417633695,2.6735010613583734
1995-02-14,-2.9743818044662476,0.02453598566353322,5.1067955493927,23.78025970458987,0.7516722281773884,0.8597539265950522,7.352166334788004,54.59740248279481,1.8849266379035166
1995-02-15,-4.9811564683914185,1.7117033600807188,6.734004259109497,23.843789672851585,0.7652872602144877,0.9958125750223794,5.300627867380778,237.61764343225266,1.4516618813517252
1995-02-16,-5.326707005500794,2.6623809933662415,7.349465727806091,23.927575683593773,0.8040297428766885,1.207086483637492,4.327357927958171,336.5926578917004,1.45760399287818
1995-02-17,-4.646153092384339,0.3148827832192183,6.6486921310424805,24.043649291992207,0.6640405853589375,0.937872807184855,4.280613104502359,121.5194289663526,0.9084128379045405
1995-02-18,-2.9560874104499817,-1.646189272403717,4.99177622795105,24.151872253417988,0.6396791338920593,0.7949139277140299,5.822140375773111,64.507448290659,1.036575905108453
1995-02-19,-3.732149124145508,-1.4848361611366274,4.696904301643372,24.212403869628925,0.6450990041097006,0.7377095222473145,6.9481317202250175,93.31814785310797,1.320310686725181
1995-02-20,-1.6969576179981232,-6.77891743183136,7.106033086776733,24.24463806152346,0.8320491313934326,1.3423723379770913,4.830644607543945,83.21308693737421,1.6243290944798563
1995-02-21,-1.4337075054645536,-7.191057324409484,7.35501480102539,24.267022705078148,1.2009630203247073,1.4788117408752444,6.5077699025472,85.57978691635547,4.242254697998327
1995-02-22,-3.264925062656402,-3.189058303833008,4.794793248176576,24.296235656738308,0.731753706932068,0.9126655260721842,6.239527861277263,79.48324955477258,1.519217014607863
1995-02-23,-6.456258416175843,-0.9733932539820671,7.567749619483948,24.32691345214846,0.9221693078676858,1.1820159753163655,4.873361269632975,25.940930238446583,1.941365147817024
1995-02-24,-7.028889417648315,-3.3096004128456116,8.155568242073057,24.344316101074245,0.9448758363723756,1.2551129659016926,4.9222941398620605,33.8806187023578,2.0648019033270453
1995-02-25,-6.537268161773682,-4.9973148107528695,8.318472266197205,24.348016357421898,0.9513469338417053,1.160042921702067,4.8190375963846845,43.29335567568512,1.9930105549965953
1995-02-26,-7.143230080604553,-1.4071600288152697,8.065639019012451,24.33790740966799,0.9639638463656108,1.2924925486246746,5.031439145406087,26.363765633613827,2.2106136028512684
1995-02-27,-5.72018015384674,-0.9261186867952347,7.175586223602296,24.315454101562526,0.8191683888435364,1.1012577215830486,4.857168038686116,23.854908291580617,1.5887671715660627
1995-02-28,-4.040455162525177,0.22822635620832446,6.661293148994446,24.29132995605471,0.7404618660608927,0.9425466855367025,4.6133527755737305,8.260681739884319,1.1876334692589903
1995-03-01,-2.5958386659622192,-2.102198988199234,4.473039150238036,24.276666259765648,0.5611830055713654,0.807732343673706,4.575822035471598,43.11005340439349,0.6755590873007429
1995-03-02,-6.532600402832031,-6.287006497383118,9.14172077178955,24.277032470703148,1.2352493206659954,1.3774086634318032,5.763720671335856,66.35226864696244,4.040850520062152
1995-03-03,-7.472196102142333,-2.8319838643074036,8.200328350067139,24.29689178466799,1.1007271011670428,1.3817076683044434,5.887101014455159,43.51861677228934,3.241282968288213
1995-03-04,-7.480973243713379,-1.8824820220470426,8.272960543632507,24.34376678466799,0.9844823280970257,1.2505407333374023,5.127372264862061,29.345830955958583,2.3320634317674194
1995-03-05,-6.389388203620911,0.16998401470482352,8.160169005393982,24.442285156250023,1.0127435723940532,1.2186390558878581,4.986929257710774,8.121587299755106,2.428611676149032
1995-03-06,-6.133261561393737,0.5655478760600089,7.476372480392456,24.579759216308616,0.8954749306042988,1.1058317025502524,4.955623547236125,4.789630259540028,1.9351101577696685
1995-03-07,-5.310455560684204,3.317135453224182,7.2158039808273315,24.703836059570335,0.8718403379122417,1.1621948877970378,4.585011561711629,340.45211319729987,1.6851242240649607
1995-03-08,1.2613794207572935,-4.839537978172302,8.026439547538757,24.763116455078148,1.3134777148564656,2.8595089117685952,5.825834433237712,54.83768494534414,9.045999306661303
1995-03-09,0.12310198508203028,-9.380627393722534,9.607108831405641,24.71331939697268,2.319850126902262,2.8868831793467202,9.740006128946941,110.86956100121922,23.821795314089044
1995-03-10,-4.8753591775894165,-5.396556973457336,7.388283848762513,24.595918273925804,1.4201851685841878,1.794532060623169,8.622686386108398,78.22898085053708,8.072824943854101
1995-03-11,-5.754272937774658,-3.5181458592414856,7.2319170236587516,24.47595367431643,1.1149495442708333,1.3775938351949055,7.251544952392578,52.54160133975082,4.1592084909390215
1995-03-12,-6.867315292358398,-1.756408244371414,7.98103928565979,24.34889373779299,1.1228952209154766,1.399962345759074,6.55482832590739,31.118999923547847,3.8954633186125442
1995-03-13,-7.661018252372743,-0.06307995691895485,8.676199674606325,24.21148834228518,1.1883872151374817,1.4671665827433267,6.0620497067769366,16.704420668667485,4.119080816780396
1995-03-14,-4.058691501617432,1.6132411360740662,6.822532534599303,24.06293640136721,1.0059814453125,1.4367667833964028,6.494619369506837,14.778192313711088,3.233976093359826
1995-03-15,-2.5024852752685547,-1.5679666697978971,4.07561981678009,23.94376525878909,0.5895039935906728,0.7444500923156737,6.238709529240926,44.52445845751491,1.0956951641431039
1995-03-16,-4.502536773681641,-3.112474203109741,5.839988946914673,23.90081176757815,0.7507397135098776,0.942583958307902,4.743075529734294,44.38779437304477,1.2239032603519604
1995-03-17,0.9457960724830627,-2.804496109485626,4.176191926002502,23.94464263916018,0.4825487931569417,0.7633919715881349,4.940899054209392,86.99300917890982,0.5164937547875538
1995-03-18,3.552357316017151,-4.8065717220306405,6.12869691848755,24.087556457519554,0.790769358476003,0.9311187267303467,5.172432740529379,126.68348728446541,1.4374086223987228
1995-03-19,2.3441025614738464,-5.184627532958984,5.753234624862671,24.332803344726585,0.795457899570465,0.9623831113179525,5.375478744506837,120.10407069540662,1.5271262291904741
1995-03-20,-4.018876016139983,-1.253932848572731,4.93317723274231,24.591180419921898,0.5428123772144318,0.6277246475219727,5.181315739949544,78.67084290848524,0.6807132972376071
1995-03-21,-5.6014931201934814,-0.3032683189958334,6.647526502609252,24.803132629394558,0.6878338058789571,0.9664965470631918,4.16597318649292,17.725344891040134,0.9554277352380403
1995-03-22,-5.265261888504028,0.7061640471220016,6.715015411376954,25.004174804687523,0.7051895459493002,0.895058790842692,4.16751495997111,238.67437746847284,1.0081597614587385
1995-03-23,-5.299963712692261,1.1790509968996048,6.957884430885315,25.23028717041018,0.7238042950630188,0.9448304176330568,4.182050943374634,350.93349715311393,1.0591358502931394
1995-03-24,-4.747817516326903,-0.20347467064857483,6.506774187088013,25.505281066894554,0.6325485308965048,0.775853157043457,3.91688323020935,123.30273332201133,0.7266747822259174
1995-03-25,-6.217037677764893,-0.04762429495531251,7.749892354011536,25.709329223632835,0.8214028477668763,0.988261858622233,4.305323362350463,4.627819841705104,1.3516713039450905
1995-03-26,-6.934943079948425,0.8684205561876297,8.268192052841187,25.76696929931643,0.9842655658721924,1.2533070246378581,4.747052192687988,239.87865523436017,2.2741610360070137
1995-03-27,-5.266672849655151,0.8807522058486937,7.558102250099181,25.755174255371116,0.854661504427592,1.0739685694376628,4.5201512177785235,237.85051740692285,1.5722148247612435
1995-03-28,-5.168148040771484,0.23115284123923632,7.263151407241821,25.75230560302737,0.8275597890218099,1.019618272781372,4.361362298329672,5.693515472689606,1.3900940059225566
1995-03-29,-5.751976013183594,0.6736777275800705,7.219984769821167,25.827066040039085,0.808845301469167,0.988377332687378,4.470040559768677,241.3497501179428,1.4171433748141236
1995-03-30,-3.5277464985847473,-0.2680548541247844,5.706658244132995,25.95512542724612,0.6661230325698854,0.8609566688537598,4.4063191413879395,17.917022777463483,0.9091564337760712
1995-03-31,-1.2252302765846255,1.5620162785053253,6.104188323020935,26.066583251953148,0.7068863908449808,0.8503621419270834,4.992604732513428,125.25437983018105,1.122737273891792
1995-04-01,0.00833868266272475,-2.905894160270691,3.8663955330848694,26.15820465087893,0.48919268449147546,0.8231457074483236,5.762197812398275,116.810606620104,0.6139180723417313
1995-04-02,-6.365288734436034,-7.572277188301086,9.993096351623533,26.224420166015648,1.4971591234207153,1.7428212960561118,6.2976196606953945,70.7714643331421,6.737514298247739
1995-04-03,-8.504807353019714,-1.839090347290039,9.227870941162108,26.260484313964866,1.303503155708313,1.7544769446055095,6.503047307332358,34.89616248158918,5.147070679286478
1995-04-04,-5.776663422584534,0.2808184027671814,7.664680480957032,26.25245819091799,1.0589397152264914,1.4707781473795574,5.529758930206299,12.288640069450386,3.1271339387708106
1995-04-05,-3.428601264953613,2.1767943799495697,7.080006003379823,26.209146118164085,0.8657125631968181,1.1183784802754722,4.831021865208943,342.9511046843725,1.7115930460482096
1995-04-06,-1.0999545753002167,-4.68797504901886,5.53067684173584,26.15831146240237,0.7935728629430135,1.0304293632507326,5.495645999908448,69.15100186776867,1.5448660602943842
1995-04-07,-3.0682846307754517,-4.527699828147888,5.646450996398926,26.129266357421898,0.8004992206891378,1.0263261795043945,5.3631792068481445,74.25632634476352,1.5502908208927775
1995-04-08,-5.207004547119141,-2.7008108496665955,6.664726138114928,26.147195434570335,0.7146409551302592,0.9585491021474202,4.334635893503825,46.95230514296443,1.0406614654844868
1995-04-09,-5.090424776077271,-1.6081751883029938,6.121224522590637,26.20533142089846,0.6708340446154277,0.914385159810384,4.622395992279052,39.33692964050109,0.970555974528709
1995-04-10,-6.248980045318603,2.898131787776947,7.431222438812255,26.284326171875026,0.7925841609636943,1.0051707426706948,4.430003007253011,349.9070098765256,1.3356697558210175
1995-04-11,-4.407410383224487,3.223273038864136,7.814469814300537,26.389718627929707,0.9044483502705892,1.255181153615316,4.565972487131755,331.28750891815264,1.8972436048199333
1995-04-12,-1.434164971113205,0.2388804228976369,4.261579513549805,26.526788330078148,0.6976258953412374,0.8447902997334799,6.674233277638754,87.68965142554312,1.6006064338244845
1995-04-13,-3.043462693691254,-1.2767414152622223,4.832284927368164,26.694360351562526,0.7648599147796632,0.8592624664306641,7.355814139048258,94.95612724138675,1.9540555389795509
1995-04-14,-5.90758740901947,-3.700855612754822,7.107924938201905,26.82446441650393,0.8649980028470358,1.0338425636291504,5.280430793762207,57.55775458293954,1.7656566818005568
1995-04-15,-6.714629292488098,-1.6915616691112516,7.738361835479736,26.885293579101585,0.876868724822998,1.1040995121002197,4.713253339131673,28.76075646097471,1.7121540661336236
1995-04-16,-6.834932684898376,-0.7591613829135895,8.240012764930725,26.92750701904299,0.9740561445554098,1.3236487706502278,4.801653861999512,13.24981051176898,2.2409674476552945
1995-04-17,-6.781895995140076,0.2588634788990021,8.447340607643126,26.99992523193362,1.013535499572754,1.3214943408966064,4.8328358332316075,3.8096188454497337,2.394337834086304
1995-04-18,-6.3550552129745475,1.8460473120212555,8.335928082466127,27.14775238037112,1.0476467808087666,1.3236833413441975,4.876782576243082,349.72288163632237,2.6357916720189016
1995-04-19,-6.645248293876648,2.4686556458473206,8.115264296531679,27.338235473632835,0.9645000497500101,1.2132270336151123,4.678398609161376,348.4771409130097,2.1387145031982397
1995-04-20,-5.7735679149627686,3.2471920251846313,7.6184388399124146,27.50415191650393,0.8931199709574381,1.2185887495676677,4.4815567334493,340.11527224603935,1.760404662363849
1995-04-21,-5.960811018943786,2.352133989334106,7.689584970474244,27.62964782714846,0.8665418028831482,1.1663063367207844,4.486651976903279,343.68473592184273,1.6649699347549862
1995-04-22,-6.483788013458253,1.9742976725101473,8.152292609214783,27.698495483398464,0.9507661461830139,1.2154082457224527,4.564511299133301,350.41204797318284,2.045371764799668
1995-04-23,-5.244965672492981,2.0983070135116577,7.672613859176637,27.69735107421877,0.9247874021530151,1.3174374898274739,4.558593908945719,344.05951775937484,1.9744361286773189
1995-04-24,-2.1267057955265045,-2.9033417701721187,4.802526712417602,27.632096862792995,0.7019900480906167,1.3856134414672852,6.351888656616212,63.4523055099343,1.851532058315666
1995-04-25,-4.9859795570373535,-6.088237524032593,8.06038510799408,27.532586669921898,1.3483877579371135,1.5288213888804119,7.975149790445964,92.86730517807793,6.519095939805987
1995-04-26,-5.0586998462677,-1.9724190831184385,7.297083854675293,27.414620971679707,1.1807080109914145,1.5601290067036948,6.681164105733236,57.551501215272445,4.318602555165576
1995-04-27,-4.177351117134094,1.5849778652191162,6.280875444412231,27.294702148437523,0.8116857012112936,1.0353368123372395,6.287734508514403,18.523596959636052,1.9777390419610743
1995-04-28,-3.7903296351432805,-5.3813769817352295,6.68382203578949,27.191575622558616,0.7803289492925007,1.0272107919057212,4.8765701452891035,58.12437405061908,1.4167747023540396
1995-04-29,-3.662056267261505,-5.0696187019348145,6.484490156173706,27.135812377929714,0.9046780665715536,1.1019428571065266,6.028811613718669,63.81848762482736,2.2342747975984647
1995-04-30,-4.484714031219482,-3.955742061138153,6.551744699478149,27.14602050781252,0.805467168490092,1.0884126027425132,5.517077922821045,54.83570250380022,1.658047442826353
1995-05-01,-4.9929327964782715,-1.7992227375507355,6.4622355699539185,27.219842529296898,0.7262662847836813,0.9421931107838949,4.459697484970093,36.01324528645296,1.124102493917402
1995-05-02,-4.486524820327759,-1.5845806300640106,6.3905733823776245,27.356195068359394,0.6851497689882915,0.9118704795837401,4.277796268463135,26.09058663386647,0.9601806685419142
1995-05-03,-6.022592306137085,-1.0708292871713638,7.224015831947327,27.548226928710964,0.8229478597640991,1.131210486094157,4.489356915156046,17.368298440116558,1.5136452497383985
1995-05-04,-5.863442063331604,-0.6364492475986481,7.384088754653931,27.73726043701174,0.8264023462931316,1.09527055422465,4.5113052527109785,10.963289566315119,1.4830085981717402
1995-05-05,-4.790903568267822,-0.8949557840824127,6.345118045806886,27.885675048828148,0.6129913131395975,0.8418006896972656,4.019251426060995,16.41354527659441,0.7057345003049963
1995-05-06,-5.461891770362854,-0.39888758026063437,6.48021125793457,28.014855957031273,0.6601824363072712,1.0789494514465332,4.258845408757527,19.304136505501123,0.9102006235137057
1995-05-07,-6.616008043289185,0.30690587032586336,7.651427030563354,28.14924011230471,0.873731772104899,1.1919875939687092,4.708436965942382,5.065862470364664,1.7046344452818958
1995-05-08,-5.796757221221924,2.299150824546814,7.683184623718262,28.306138610839866,0.8995490670204163,1.1302178700764973,4.632412115732829,347.965584764219,1.8076058566501245
1995-05-09,-5.415792942047119,2.346575677394867,7.426053404808045,28.45501861572268,0.8273694515228271,1.0571671326955159,4.339701175689697,344.12754223197203,1.4342502252532638
1995-05-10,-5.046552538871766,1.8855052888393402,7.388818860054016,28.549714660644554,0.8106519381205242,1.0219671726226804,4.316919326782227,344.22759001281634,1.3498963295768123
1995-05-11,-4.504334092140198,1.9720485210418701,7.394726514816285,28.58200988769533,0.8530621528625487,1.1216772397359211,4.367111523946127,338.17498636213304,1.5430048347418335
1995-05-12,-4.4328001737594604,2.4523905515670776,7.023157000541687,28.543733215332054,0.8236015240351359,1.1224638621012368,4.41001542409261,336.28083665137996,1.4875872673624182
1995-05-13,-5.456439018249512,2.2995064258575444,7.60092055797577,28.431863403320335,0.858699142932892,1.223734219868978,4.437395016352336,340.33047571271203,1.6967529297177848
1995-05-14,-7.624101042747498,1.694973111152649,8.96663761138916,28.29995117187502,1.0643041928609211,1.3757679462432861,4.771533807118733,351.7139117919308,2.6781819037859744
1995-05-15,-7.538813233375549,-0.06929111015051603,8.955869674682617,28.19230041503908,1.0298394759496052,1.3200527826944988,4.8047045071919765,6.176462187317308,2.5042904687957623
1995-05-16,-5.916354060173034,-1.1019296646118166,7.647689580917358,28.09268341064455,0.9566041429837544,1.4342772960662842,4.962356726328532,17.5343660240873,2.365473197270007
1995-05-17,-5.226669907569885,1.131636306643486,7.540053725242614,27.98597106933596,0.9406342307726543,1.2469411691029866,4.772756894429524,234.00347684050007,2.0407469911621288
1995-05-18,-6.008853554725647,2.523741662502289,8.358071327209474,27.863839721679714,1.006106197834015,1.4032039642333984,4.6945109367370605,340.19200016109284,2.4255694429994157
1995-05-19,-3.373839378356934,2.3963080048561096,7.034599542617798,27.791932678222683,0.8418739438056946,1.1363855997721355,4.433922370274861,335.8714672466624,1.601418659980483
1995-05-20,-1.1615664362907412,-4.202820301055907,4.779606580734252,27.81530914306643,0.42174905538558954,0.7819724082946778,3.8231240908304844,66.11318661514622,0.33009619094786646
1995-05-21,-4.561147332191467,-4.879101872444154,6.845302104949951,27.892686462402366,0.849214494228363,1.007631778717041,5.245534102121989,79.21308931595632,1.669017068914686
1995-05-22,-6.53867757320404,-4.726567387580872,8.252459287643433,27.983590698242214,0.9538986484209696,1.2336058616638184,4.915619850158691,52.95470451698586,1.9991755815658503
1995-05-23,-7.966238260269164,-3.374831974506378,9.05845594406128,28.04847106933596,1.1270267963409424,1.4536401430765786,5.393740971883138,34.64012575732973,3.1510757140429635
1995-05-24,-7.552837371826173,-2.869981825351715,8.72263240814209,28.07627258300784,1.111927509307861,1.527677853902181,5.51751168568929,31.356930102901234,3.2318319745768416
1995-05-25,-6.6800674200057975,-2.884000301361084,8.094151616096497,28.090264892578144,0.9743411342302959,1.38049046198527,5.136976718902588,33.523310486562934,2.3394798251079263
1995-05-26,-5.932504177093507,-1.3567551672458649,7.570650935173035,28.107270812988308,0.9552509784698486,1.3948078950246177,5.114022731781006,23.244705248220814,2.2951212608263316
1995-05-27,-5.831498980522157,-0.38283099979162216,7.2448970079422,28.14497528076174,0.8343855738639833,1.0717821915944417,4.765317678451538,10.641823064323546,1.551513439411679
1995-05-28,-6.121703267097472,-0.06773940427228807,7.8624244928359985,28.217034912109398,0.8720295429229735,1.2106822331746419,4.529113690058391,3.8847288275060814,1.6410284700918099
1995-05-29,-6.805003046989441,-0.8005231767892838,7.996250629425048,28.302354431152366,0.9690542419751486,1.3583404223124185,4.940983295440674,13.989162874928638,2.334242481209086
1995-05-30,-6.349053382873535,-1.777191013097763,8.004713892936707,28.377557373046898,0.9896666010220847,1.3676435152689614,5.026302655537923,20.679863691948526,2.380813510561903
1995-05-31,-6.0622726678848275,-1.524562656879425,7.444568157196045,28.447198486328148,0.8386411468187968,1.0994842052459717,4.7500771681467695,20.06797352381284,1.5898112611988862
1995-06-01,-6.03225076198578,-1.0197061598300934,7.143909931182861,28.51539764404299,0.768936276435852,1.0472218990325926,4.47534735997518,18.175648043606447,1.254939566324668
1995-06-02,-5.787084579467773,-1.8308143019676208,6.774839162826539,28.584817504882835,0.6968289216359456,0.9591124852498372,4.36851692199707,25.91043321200785,0.9988139630823464
1995-06-03,-5.174985647201538,-3.723036050796509,6.6473400592803955,28.624749755859398,0.7785978317260742,1.069070816040039,4.826353708902995,40.10707488612447,1.3665510943281884
1995-06-04,-1.4552619457244873,-3.3615466356277466,4.037401616573334,28.62420806884768,0.6711637179056803,0.8997446695963542,5.49165932337443,51.261526579381325,1.1411375037349594
1995-06-05,-2.7450245022773747,-1.5301527380943298,3.842848241329193,28.61152038574221,0.65631299217542,0.7364670435587565,7.220885594685872,56.660857539448365,1.461148201699669
1995-06-06,-3.6376218199729924,-0.09813533164560795,4.9670649766922,28.61524353027346,0.7719974517822266,0.8853623072306316,8.924191157023111,55.50222429799366,2.4382826655134737
1995-06-07,-4.999532222747802,0.6431350260972977,6.363260388374329,28.6644226074219,0.68348624308904,0.886920928955078,5.342327117919922,13.176289199392045,1.1392842671189194
1995-06-08,-6.16442596912384,0.93785260617733,7.261364936828613,28.794335937500023,0.751089572906494,0.9692068099975587,4.248086293538411,239.17894804097898,1.127345576395815
1995-06-09,-6.846452593803405,-0.13672774005681276,8.025305151939392,28.97034606933596,0.9348247448603312,1.1935350100199382,4.836769660313925,9.132089961483151,2.0687230560841674
1995-06-10,-7.10607087612152,-1.1748187690973282,8.081169724464415,29.110215759277363,0.9412608742713928,1.267337401707967,4.89330267906189,18.823985043733217,2.1490073583451155
1995-06-11,-6.10794234275818,-1.4953621327877045,7.210375785827637,29.1352249145508,0.8659876982371012,1.3977882862091064,4.931769688924154,23.345304011760202,1.9263360087968366
1995-06-12,-2.415092468261719,-1.833892822265625,5.079642415046692,28.976312255859398,0.6309768756230673,0.9855699539184569,4.537672678629557,41.14254724541365,0.9164818587477727
1995-06-13,-1.079262614250183,-5.892382860183717,6.0240044593811035,28.70503387451174,0.6926219860712687,1.1154287656148276,4.698941071828207,96.61318256887013,1.198637045682003
1995-06-14,-4.577356696128845,-3.8992124795913696,6.224968194961549,28.433030700683616,0.8612754940986634,1.0856194496154785,6.083110809326172,83.26532719521896,2.00433283458264
1995-06-15,-7.264759182929993,-3.9263637065887456,8.389857530593872,28.16026458740237,1.0415014624595642,1.2530720233917234,5.253688812255859,46.91753145762952,2.550395160067418
1995-06-16,-6.99851644039154,-3.1780254244804382,7.975732803344725,27.88726196289065,0.9816547830899556,1.30033540725708,5.141749699910482,35.26116419588934,2.328620393963584
1995-06-17,-6.242265224456788,-1.6100613176822662,7.013308286666871,27.62330017089846,0.7961424390474955,1.131115436553955,4.874800523122151,30.95178459033504,1.4731792028087909
1995-06-18,-7.210612654685974,-1.5229985117912292,7.845318913459778,27.484727478027366,1.0275066494941711,1.2830486297607422,5.620839595794678,30.290465268781244,2.851181614737287
1995-06-19,-6.364291667938232,-2.590951919555664,7.273141145706177,27.5255065917969,0.9117916623751322,1.2112990220387776,5.411386966705322,39.27719249492744,2.09838977464911
1995-06-20,-5.628422617912293,-3.033888936042786,6.8613609075546265,27.667626953125023,0.8185393214225769,1.0738386313120525,5.228270848592123,44.95461359063868,1.5933652782746555
1995-06-21,-5.734122037887573,-4.511456251144409,7.478204131126404,27.83384857177737,0.9692271153132122,1.2550918261210124,5.412113030751547,52.165321207970834,2.3271248249143324
1995-06-22,-6.427718758583069,-4.110874831676483,7.768516302108765,27.95099029541018,0.9131689469019574,1.183854341506958,5.054694016774495,44.303268292078315,1.9425060231642566
1995-06-23,-4.919614195823669,-1.20307257771492,5.542431831359863,28.009553527832054,0.6686853369077047,1.0707690715789795,4.948432763417562,39.1510206704336,1.1112639059165426
1995-06-24,-1.6144148111343384,2.0721510648727417,5.327969193458557,28.043878173828148,0.5237089296181996,0.6558434168497722,3.8336540063222246,345.3118335419802,0.4877830516331743
1995-06-25,-1.7629982531070707,2.0387812554836273,4.526150345802307,28.053086853027366,0.46269036332766217,0.5818646748860677,3.7289074261983237,215.20812881413482,0.3596847996729474
1995-06-26,-4.1630767583847055,1.1810125261545181,5.436327815055846,28.03529510498049,0.4957049091657003,0.6340729395548502,3.5310028394063315,343.31452036005334,0.4044474383139511
1995-06-27,-4.099435091018676,0.24701053276658058,5.50619375705719,27.989244079589866,0.49076815446217853,0.7190444469451904,3.521582921346029,238.5478453899739,0.4089456302971017
1995-06-28,-4.463784873485565,0.4484108425676822,6.49069619178772,27.912568664550804,0.7016552885373433,0.9238440990447997,4.420798460642497,124.51980351014336,1.0594798945986164
1995-06-29,-5.465525507926941,-0.7848478779196739,6.951425790786742,27.82254943847658,0.7502374251683553,1.036989688873291,4.430207093556723,14.88335342981759,1.2186332877518236
1995-06-30,-5.199679017066956,0.13808296620845795,6.918766379356384,27.747918701171898,0.7770458261171976,0.9946035544077556,4.473059972127278,5.8658561410812045,1.2915886446142821
1995-07-01,-5.051037549972533,-1.0600711703300476,6.290773868560791,27.717309570312523,0.670102079709371,0.9782848358154297,4.329825083414714,22.32951781129689,0.9723036765505099
1995-07-02,-4.121284008026123,-0.9385819584131241,5.363086581230164,27.760049438476585,0.5799121260643005,0.8393530845642089,4.278207063674927,26.423281090830283,0.7101830452596992
1995-07-03,-4.401723504066467,0.9006677567958833,5.744607090950012,27.902261352539085,0.5617649753888447,0.7043525377909342,3.9340373675028477,238.41683401360976,0.5744157145650866
1995-07-04,-4.390339374542236,1.5364370346069336,5.785243272781372,28.10687408447268,0.6600745916366577,0.8430218696594239,4.230268239974976,340.51036613994194,0.8832216337300864
1995-07-05,-6.36229145526886,1.078036054968834,7.696530461311341,28.296716308593773,0.8127725919087728,1.0733577410380046,4.333275079727174,234.18108856098374,1.3908036821117407
1995-07-06,-6.624234676361084,-2.3689178824424744,7.7528661489486685,28.395486450195335,0.8893720110257467,1.230336666107178,4.838499069213867,27.115629612088263,1.8808126775655454
1995-07-07,-6.3544803857803345,-3.666432440280914,7.669792413711548,28.333428955078148,0.8946531017621359,1.1930683453877766,5.011945406595866,37.3629254410796,1.8782491542197015
1995-07-08,-5.0930962562561035,-3.0025488138198853,6.3186856508255,28.11677703857424,0.7256567676862082,0.987401326497396,4.950975735982258,42.76405138744993,1.2118297882048972
1995-07-09,-4.253949522972107,-0.9095016717910768,5.314615964889526,27.830430603027366,0.6284691691398621,0.9244098663330078,4.632496992746989,37.31883653205716,0.8793180549748303
1995-07-10,-4.662160873413086,-0.5329887196421623,5.272555947303772,27.531602478027366,0.4626619517803192,0.5847671826680502,3.8212817509969077,27.878455894193717,0.37976129755538435
1995-07-11,-5.402271509170531,-1.277767390012741,6.163748025894165,27.278726196289085,0.6040242314338684,0.8735692501068115,4.141926050186157,28.71286945700361,0.7323774178184136
1995-07-12,-5.148931860923766,-0.5059095248579979,5.591478943824768,27.131219482421894,0.5012829005718231,0.7446706295013427,3.8595751126607256,22.6280055691012,0.4703233053272338
1995-07-13,-4.413021683692932,-1.611501008272171,5.30935513973236,27.14583740234377,0.4629693627357483,0.6658649444580078,3.727132717768351,32.115511492128995,0.37501451196011043
1995-07-14,-5.336871981620789,-1.3108424842357635,5.816490650177002,27.301530456542995,0.5483983953793844,0.8263808091481527,4.001111189524332,27.150267576302138,0.5870113685959644
1995-07-15,-4.6456276178359985,-1.0204985290765762,5.204037070274352,27.53633270263674,0.4393543303012848,0.6127464771270752,3.8305830160776777,26.024522066758667,0.3523863040988328
1995-07-16,-5.189767360687256,-2.5881686806678776,6.0145180225372314,27.788316345214866,0.5290249486764272,0.66628630956014,3.8639992872873936,34.923611730806115,0.492805972862712
1995-07-17,-4.417532086372375,-1.5401361286640167,5.217378497123718,27.993211364746116,0.5207735200723013,0.7066157658894857,4.357451518376668,34.474603303365335,0.5527343778613204
1995-07-18,-3.6335750222206116,-0.833773873746395,4.6556129455566415,28.082078552246116,0.46373811364173884,0.7032909393310547,4.0385951201121015,32.48061299673748,0.42350987741578117
1995-07-19,-3.392917275428772,-0.7951587662100792,4.840997815132141,28.060906982421898,0.4045918583869934,0.534166653951009,3.4418649673461914,23.34529545528854,0.26058173357249537
1995-07-20,-3.811120748519897,-0.8134469166398047,5.332592844963074,27.98395690917971,0.5226991971333821,0.7526621023813883,3.8683648109436035,27.503174419560917,0.5096946201674598
1995-07-21,-5.839772820472717,-1.4375565350055692,6.857182502746583,27.90522155761721,0.6751746733983358,0.9509179592132567,4.1861179669698085,23.217909383760304,0.9298245827834068
1995-07-22,-5.937223553657532,-2.121739774942398,7.038210988044739,27.87429199218752,0.7491416335105897,1.0589803059895833,4.444080034891765,26.999901663284998,1.2321467906629153
1995-07-23,-5.628468871116639,-2.7962262630462646,6.752623081207276,27.88183746337893,0.6863615910212197,0.9215601285298666,4.414770285288493,33.16600401271643,0.9713330555933611
1995-07-24,-5.796292304992676,-0.16697076149284837,6.995236754417419,27.892945861816433,0.718820293744405,0.9306924343109131,4.426893949508667,14.470193889983593,1.063363528578389
1995-07-25,-5.620577812194825,-0.5973973013460636,6.712030172348023,27.91815338134768,0.7287375529607137,1.032655874888102,4.435209592183431,19.041426843445187,1.1807783751200038
1995-07-26,-4.436822950839996,-1.001913771033287,5.617182135581971,27.96866760253909,0.602869709332784,0.9370900789896647,4.465035915374756,31.07142938148195,0.800074812586477
1995-07-27,-3.5382180213928223,-0.5523907840251923,4.543315291404725,28.052667236328148,0.43490845958391827,0.6795695622762045,3.9204118251800537,28.092992472134405,0.3638968807728376
1995-07-28,-2.161529421806336,-0.38456792011857033,4.069969654083252,28.154542541503925,0.3610292971134186,0.5042869249979656,3.290168285369873,37.16527121848236,0.2026962489419434
1995-07-29,0.02704213373363017,-1.1624446958303452,2.695311069488525,28.247628784179714,0.31691038608551025,0.4630889892578125,3.4643498261769614,85.85499911759649,0.15822971257908358
1995-07-30,-0.9596001356840135,-0.017951000481843966,2.9675015211105347,28.316873168945335,0.40542705853780114,0.5019156138102213,5.109547615051269,94.73314709806411,0.3913835558303829
1995-07-31,-4.973454594612122,-1.4820436239242554,5.960314154624939,28.348779296875023,0.6229653159777323,0.7829178174336751,4.422115961710612,39.02714540697311,0.7845025108080885
1995-08-01,-5.62015151977539,-2.485899806022644,6.589008927345276,28.331292724609398,0.7351209918657939,0.8959876696268717,4.796339352925619,36.55416364917124,1.1965042156553483
1995-08-02,-4.844699263572693,-2.672572135925293,5.860016465187074,28.281671142578148,0.7305748661359152,0.9078788757324219,5.4896918932596845,42.98217272798779,1.3503128589414557
1995-08-03,-3.878036797046662,-0.5061356909573078,4.7600486278533936,28.21940002441408,0.6646818916002909,0.7911165555318198,6.2810707092285165,41.79056054810211,1.3080498449875269
1995-08-04,-4.7381402254104605,0.511703722178936,5.490609407424926,28.13791809082034,0.7276402115821838,0.818287213643392,8.019920825958252,39.936032582764824,1.998739143344921
1995-08-05,-5.3392661809921265,1.3456132113933563,6.015569806098937,28.03108367919924,0.624393065770467,0.7492702007293701,5.3210368156433105,13.355957952976723,0.9887217051340305
1995-08-06,-6.828231334686279,1.9116658866405487,7.568328857421875,27.897264099121116,0.8079749544461567,0.9986182848612467,4.27904748916626,237.54990148477077,1.3638126837571092
1995-08-07,-7.8810075521469125,-0.7499400228261948,8.256827831268312,27.79022369384768,1.0017525951067607,1.354544480641683,4.961522102355957,16.457317936643257,2.493305078824036
1995-08-08,-5.408533692359923,2.0988368093967438,6.525556802749634,27.747056579589866,0.9167044560114543,1.329870303471883,5.890743414560954,16.52206043754628,2.5164509155209487
1995-08-09,-3.5457608699798584,3.3956732749938965,5.467214226722717,27.743623352050808,0.6133709748586018,0.7310268878936766,4.779869397481283,223.91128012964936,0.8785812038643451
1995-08-10,-3.3984124660491943,4.114881098270416,5.910441040992737,27.755715942382835,0.6173924803733827,0.8456433614095052,3.871360301971435,312.9946669104306,0.7110235904300054
1995-08-11,-4.999163508415222,2.383638858795166,6.223142623901367,27.758462524414085,0.6034671068191528,0.6927452087402344,3.758857170740763,330.66466775019137,0.6502350926338163
1995-08-12,-5.906155824661255,1.0035878121852875,6.318011879920959,27.731057739257835,0.6271804173787435,0.7297870318094889,4.020868142445882,6.493764394236753,0.7537113432909702
1995-08-13,-6.274078130722046,0.7301962077617645,6.611642599105835,27.695245361328148,0.6401651700337727,0.767088254292806,4.128112713495891,8.408450615668093,0.8157078317083886
1995-08-14,-6.247562527656555,0.15732557140290734,6.7827410697937,27.69626770019533,0.6118583679199219,0.8186100323994954,3.8723258177439375,4.329554080601743,0.692238682564037
1995-08-15,-5.8617167472839355,-1.0626014322042465,6.485442638397216,27.780633544921898,0.6723106900850931,0.9728439648946127,4.444923400878905,22.648953647090195,1.0189271227692696
1995-08-16,-4.516508996486664,-1.8548581898212433,5.4387959241867065,27.982247924804714,0.515997439622879,0.74660587310791,3.939865589141846,30.687275971794026,0.5279229354287522
1995-08-17,-3.4113731384277344,-1.0371518582105637,4.412549138069154,28.211099243164085,0.3770892520745595,0.4508848190307617,3.720385233561198,34.286967772465125,0.23482415672045115
1995-08-18,-4.731507420539856,-1.1164183169603348,5.763874173164368,28.38714752197268,0.48308001955350244,0.695297400156657,3.6151795387268066,29.022970117765436,0.38889465251206645
1995-08-19,-5.1307361125946045,-0.49256300926208496,5.69964623451233,28.553819274902366,0.5459812879562378,0.819874127705892,3.9823837280273438,24.101405673355448,0.5633877215223941
1995-08-20,-5.244602560997008,-1.9552655816078184,6.111686944961547,28.754434204101585,0.6314921975135803,0.9425405661265056,4.2561008135477705,28.336621084198516,0.877210548603845
1995-08-21,-2.836750030517578,-2.3268625140190125,4.271962523460389,29.02034149169924,0.39372998476028437,0.555668036142985,3.5862468878428144,40.005139272781,0.2699535904924399
1995-08-22,-0.15358700510114429,-1.9371670186519623,2.780688166618347,29.24272308349612,0.28126133481661475,0.3303786913553874,3.3406922022501626,82.64385395256397,0.11758234342465586
1995-08-23,0.11470691114664079,-1.4594602882862093,2.316967725753784,29.334077453613304,0.28311412533124286,0.35606765747070307,3.766577323277791,108.08826503409168,0.13454237653297782
1995-08-24,0.009446630254387857,-0.34543196856975555,1.9112882614135742,29.35267791748049,0.23998458683490753,0.2933748563130697,3.6168693701426187,120.96986751227043,0.09363925599571801
1995-08-25,-0.6498972177505493,-1.2383619844913483,2.5941935181617737,29.35814056396487,0.23292893171310425,0.29411284128824866,3.69123657544454,99.3005182731928,0.09248869836017304
1995-08-26,-2.6534265279769897,-0.6331334263086319,3.641432285308838,29.40081939697268,0.376290222009023,0.4981468518575033,6.263971010843912,58.10042770238387,0.4059491351856967
1995-08-27,-4.17411196231842,-0.11216736026108265,5.394848108291626,29.447251892089866,0.5334468285242716,0.7290627161661783,4.147996107737224,29.370999541028027,0.5416087433374985
1995-08-28,-5.213909149169922,-0.6766731142997743,6.001299142837524,29.452508544921898,0.55719127257665,0.7985772291819254,3.8789281050364175,20.448056283566114,0.584254677621342
1995-08-29,-5.511952877044678,-2.184751808643341,6.389990448951721,29.437577819824245,0.6123731732368469,0.8519243399302165,4.111119667689006,28.96259740336503,0.7436046857359074
1995-08-30,-3.8802029490470886,-1.289260149002075,5.1679757833480835,29.42822418212893,0.493214229742686,0.7309479713439941,3.820778210957845,28.09676781987552,0.4630940471805529
1995-08-31,-2.311955690383911,-1.8024114668369293,4.4944729804992685,29.444703674316433,0.4380556643009186,0.6012018521626791,3.916289488474528,51.10852258116784,0.34189721258914174
1995-09-01,-1.731342226266861,-2.1303907334804535,3.7694318294525146,29.472390747070335,0.490533580382665,0.5235937436421711,6.356025377909343,59.67923162347305,0.7057335853637271
1995-09-02,-1.6565717458724976,-1.9935935139656067,3.476722478866577,29.491807556152366,0.471648246049881,0.5583956241607666,6.008111635843913,63.43993619783882,0.608165532271696
1995-09-03,-2.393421769142151,-1.4896430671215057,4.275568723678589,29.51954803466799,0.46362502376238507,0.6040695508321126,5.006176233291626,58.82891163349645,0.5015374397818694
1995-09-04,-1.8786725103855133,-0.5316167399287224,3.3420199751853947,29.571076965332054,0.4242978195349375,0.5562911033630371,4.02647622426351,50.76363743875489,0.3240993849877258
1995-09-05,-1.6670105457305908,-0.5161782279610634,3.124159932136536,29.659669494628933,0.33542285362879437,0.4390616416931152,3.7839616934458418,49.98249160206294,0.194052635484423
1995-09-06,-0.5756138935685158,-0.5273910835385321,3.761844575405121,29.77166900634768,0.4019845426082611,0.49363708496093756,4.0414769649505615,61.5924889321542,0.30401041523363487
1995-09-07,1.396863967180252,0.27326183672994375,3.477900266647339,29.87552795410159,0.48099895318349206,0.5183226267496744,5.651570955912272,78.24316028900012,0.5925918403154811
1995-09-08,0.43417457118630415,-0.740101009607315,2.8654882907867427,29.95630035400393,0.5223225057125092,0.5476921399434408,6.570076942443848,78.9848988006231,0.8107376448892081
1995-09-09,-0.2880808152258396,-1.8886248767375944,2.8849052786827083,29.996636962890648,0.47254968682924914,0.5351378122965494,5.4532640775044765,86.98036780883396,0.5561256503990161
1995-09-10,-3.163789987564087,-1.1915514767169952,4.264551401138306,29.98084411621096,0.4597880740960439,0.5495843887329102,4.986223220825195,74.76679137725425,0.47352169291971263
1995-09-11,-4.771816730499268,-0.31002063676714897,5.274234771728516,29.899667358398457,0.5310337344805399,0.7267913818359375,3.9859307607014975,31.070531759806272,0.5173926761624678
1995-09-12,-3.959949135780335,0.9977651685476302,5.035238742828369,29.778421020507835,0.4701356788476308,0.5894675254821777,3.6677094300587973,124.65589906312623,0.38027240497998066
1995-09-13,-5.065167665481567,0.16767633706331253,5.888951778411866,29.65345916748049,0.5425262451171875,0.745009183883667,3.8459278742472325,10.584286518187755,0.548422366020231
1995-09-14,-5.165765881538391,-1.6837185323238373,5.733982443809509,29.56274566650393,0.5893441041310628,0.8039958477020264,4.334711313247681,30.879427940928185,0.7047528867134478
1995-09-15,-4.331393599510193,-0.25914575904607773,4.822854280471802,29.542687988281273,0.5625252425670624,0.765198548634847,4.6529139677683515,28.139055432240582,0.6859094215441119
1995-09-16,-4.41972780227661,0.5925207063555717,5.356770157814026,29.616426086425804,0.5416371524333954,0.6041374206542969,4.587003707885742,14.404476124242235,0.6427279864341874
1995-09-17,-4.0127604603767395,-0.1255821421509609,4.885710835456848,29.75476989746096,0.4930472572644551,0.6730823516845704,4.145241578420003,22.042503720727968,0.48389155749701823
1995-09-18,-3.0712241530418396,-0.8756298869848251,4.170267105102539,29.910920715332054,0.4068283041318258,0.5557880401611328,3.813831011454264,30.31096505696011,0.2927190780014977
1995-09-19,-3.944716691970825,-0.4990532584488392,4.984467387199402,30.041108703613304,0.4351704617341359,0.6085729598999023,3.5986566543579097,21.38003364946845,0.3276129316929749
1995-09-20,-4.642532348632812,-0.200562244746834,5.582324862480164,30.100564575195335,0.5208651125431061,0.7404678662618001,3.8018671671549478,13.423687146164772,0.5035541240657099
1995-09-21,-4.347787976264954,-0.36496205534785986,5.383112668991089,30.072671508789085,0.47928781310717267,0.6088048617045084,3.6606043179829917,12.880969394001434,0.388831267550396
1995-09-22,-2.6850916743278503,0.6433475278317928,4.801620006561279,29.98273620605471,0.4572001397609711,0.6626206239064535,3.6859077612559,13.253642247688827,0.37663878322458993
1995-09-23,-0.5073145851492882,0.11279378272593021,4.447181582450867,29.858552551269554,0.5677380363146465,0.8927768071492515,6.1897406578063965,82.8031665006857,1.0789419893834136
1995-09-24,-0.05830267816781998,1.93805456161499,3.86884731054306,29.72471008300783,0.976642390092214,1.037561019261678,8.71850299835205,132.33035590663988,3.7372932942562094
1995-09-25,-0.9508361369371414,1.4316567927598953,2.8809788823127747,29.611909484863304,0.7012790640195211,0.8699244658152262,7.020149230957031,132.364705988158,1.6173168879050368
1995-09-26,-2.0617563724517822,-0.7214845418930054,3.075742542743683,29.595582580566425,0.4586733976999919,0.5136057535807291,5.6637247403462725,115.56466013071945,0.5343848273524395
1995-09-27,-3.0012444853782654,-4.175069212913513,5.267594575881959,29.672776794433616,0.5735692977905273,0.8286285400390625,4.690481185913086,64.74640757299115,0.7113036544656691
1995-09-28,-4.6954425573349,-6.573922872543335,8.126939535140991,29.756349182128933,1.1342356006304422,1.2568601767222085,5.695549329121908,60.92771117509417,3.3862345904439928
1995-09-29,-3.9059189558029175,-6.102774143218995,7.353670716285706,29.762002563476585,1.1629217068354287,1.3129316171010335,6.3585991859436035,70.47630727631946,3.91174330475807
1995-09-30,-4.604881286621094,-3.664821684360504,6.1340789794921875,29.619172668457058,1.0642349521319072,1.347390333811442,6.3419162432352705,56.909628125465524,3.3706998622071147
1995-10-01,-6.394638419151305,6.4548187255859375,9.427968978881834,29.440972900390648,1.4650021791458128,2.363044500350952,5.947866598765056,240.00971505625208,6.635534693730203
1995-10-02,-10.451124906539915,11.32951283454895,15.72250771522522,29.32124481201174,2.5983269214630127,2.9576000372568765,6.596249103546143,307.01937610104466,21.808384520695856
1995-10-03,2.9815793335437775,13.63008451461792,16.617808103561405,29.174302673339866,2.9400684038798013,3.40448268254598,8.31883446375529,236.4963403456482,34.142406368915964
1995-10-04,10.434502363204956,1.3071859031915665,10.813336372375488,28.91315612792971,2.486690362294515,3.306540727615357,9.38991641998291,155.94644276866734,26.341158874987062
1995-10-05,2.392928898334503,0.27222780138254166,3.448996603488922,28.470414733886738,1.7278485298156738,2.1607328255971274,10.9694979985555,115.0604655696028,15.303675978259644
1995-10-06,-3.4524863958358765,-5.390420079231262,6.592355132102967,27.985910034179707,0.9431340495745342,1.1859691937764485,7.2502684593200675,94.03126792897234,2.9162115106288655
1995-10-07,-3.6539832949638367,-8.720917463302612,9.516456842422487,27.628701782226585,1.4017746845881145,1.699747165044149,5.886874834696451,78.72691792918741,5.349235596002728
1995-10-08,-0.47392852604389196,-7.163785099983214,7.205553770065308,27.38295135498049,1.235663135846456,1.5345593293507893,7.203485329945883,90.1503405110678,4.997440451832197
1995-10-09,-0.1602979376912117,-6.475735306739807,6.510667800903321,27.23449859619143,0.9184705813725789,1.0201720396677652,6.279273986816406,86.43452239984761,2.3636262565163166
1995-10-10,-1.0623672753572466,-8.472198486328125,8.716132402420044,27.174256896972675,1.297203540802002,1.9222200711568198,6.063687642415365,79.40963216279535,5.024331199751609
1995-10-11,-7.35639488697052,-10.771351814270021,15.021196365356447,27.2722106933594,2.6531081994374595,3.1962900161743164,7.338446458180745,62.1127814216198,23.951184997871504
1995-10-12,-12.635660409927368,2.5442504286766052,13.103500604629517,27.53032073974612,2.128907322883606,2.998372793197632,6.463539759318034,120.63119786418206,15.085079340556574
1995-10-13,-6.081102609634399,5.191681504249574,8.138458490371706,27.839280700683613,1.16579008102417,1.4640893936157227,5.997274080912272,307.52692142381494,3.7889870428716077
1995-10-14,0.07563828863203528,8.565918207168579,9.182340741157534,28.089257812500026,1.7213815053304036,2.476048707962036,9.789037386576334,221.06349438075387,14.359857592044348
1995-10-15,-10.237724304199219,8.199015259742737,14.781136989593504,28.173661804199238,2.575297911961873,2.8340678215026855,7.779730002085367,282.60956149467984,23.578811166957486
1995-10-16,-11.04542279243469,4.368115603923798,11.997092723846436,28.03690490722658,2.335648695627848,2.772820234298706,8.443699518839518,145.549239741603,21.53091560725075
1995-10-17,-4.774718344211578,8.11348831653595,10.070458650588991,27.74807128906252,1.7537088791529336,1.9053956667582193,7.559343020121257,215.91564854420446,10.631177130427913
1995-10-18,-0.40039261616766453,6.228410005569458,6.412955284118652,27.40040740966799,1.4126596450805666,1.7380060354868572,8.388372103373209,186.49234140199266,7.7025234306390695
1995-10-19,-0.8445067852735519,0.35825345292687416,2.499175488948822,27.08663330078127,0.9502457380294799,1.1075559457143147,7.998507658640544,123.86315953422938,3.3363191170926862
1995-10-20,-0.3154660928994417,-4.083135962486267,4.2966814041137695,26.89357147216799,0.7838852802912394,1.0952828725179036,6.8702084223429365,113.46887100915038,1.8988346041196171
1995-10-21,-3.742887556552887,-9.205161571502686,10.000218391418457,26.832788085937523,1.6497880617777507,1.9562960465749104,6.823185761769613,76.2851420864932,8.770770042996658
1995-10-22,-6.217845678329467,-4.49455428123474,7.758155822753907,26.862481689453148,1.3212347825368245,1.792569319407145,7.873090902964274,65.6150753665341,6.454285759117289
1995-10-23,-4.879909157752991,-0.16088661551475528,5.432968854904175,26.982194519042995,0.7648924390474956,1.0678009986877441,6.675185362497965,46.68856438097459,1.8991299432591295
1995-10-24,-4.516658186912537,-3.145403027534485,5.711334228515625,27.192681884765644,0.6834286053975424,0.9293217658996582,6.685964584350586,45.299718420691796,1.4567009729265878
1995-10-25,-5.536846876144409,-3.5924379229545593,6.658848404884339,27.481744384765648,0.8248419960339864,0.9694009621938069,5.308866341908773,44.062306075305386,1.6913398048320372
1995-10-26,-4.611592173576355,-1.4111773669719696,5.036504626274109,27.71375427246096,0.7669102748235067,1.0529977480570474,5.928294022878012,46.342716079720866,1.649406821433352
1995-10-27,-3.8675618171691895,2.413236498832702,5.416512846946716,27.811776733398457,0.5914264420668284,0.6867515246073406,4.802796840667725,237.05820536262823,0.7668918507089149
1995-10-28,-5.088750243186951,0.8434796929359436,6.346190452575684,27.849938964843773,0.574506402015686,0.7663056055704752,3.8962544600168867,228.14773820052488,0.5975351420682252
1995-10-29,-6.556402325630187,-0.9352328330278397,6.897948741912841,27.903153991699245,0.8729042410850525,1.0958530108133953,5.63079039255778,29.753617223678702,1.9851391686088784
1995-10-30,-5.648020029067993,0.8218645304441452,6.193256855010986,28.032571411132835,1.1282731493314107,1.2867692311604817,8.380156517028807,40.79671351358013,4.953977478783546
1995-10-31,-4.945618271827698,0.7288120090961457,5.373206615447998,28.139520263671898,0.8099254568417866,0.942345142364502,8.018044789632162,35.40450090980666,2.474801425258885
1995-11-01,-4.473605990409851,2.265583783388138,5.263518810272216,28.13150177001955,0.6828227837880453,0.7798786958058676,6.762636820475261,12.742537323324656,1.559342969735222
1995-11-02,-4.9420753717422485,1.6323832273483276,5.898502469062804,28.063531494140644,0.6331393023331959,0.7579977512359619,4.680265029271443,236.50769522451537,0.8826279888034452
1995-11-03,-4.837276458740234,0.7513624131679535,5.95792818069458,27.99359283447268,0.5766395727793376,0.6815629005432129,3.8879193464914956,238.4020812888274,0.6106402000013471
1995-11-04,-6.182989835739136,-3.0996763110160828,7.105430841445923,27.96943054199221,0.7844293117523193,1.1208275159200032,5.597931067148845,38.38135210701777,1.7444892795103528
1995-11-05,-7.13130259513855,-2.686353921890259,7.727213144302369,27.95473632812502,1.3918749888737998,1.738544464111328,8.491801420847576,67.99466317718752,7.541819673310054
1995-11-06,-5.77727210521698,-1.276147186756134,6.264957070350647,27.900910949707058,1.1036410133043923,1.4718077182769775,8.018395423889158,62.622676509193205,4.737692568157081
1995-11-07,-3.705716550350189,1.8125236928462982,5.640965461730957,27.8360305786133,0.7303275863329568,0.8867181142171223,6.233534177144367,19.79086439004086,1.623630814656799
1995-11-08,-1.4595658481121065,-2.151147961616516,3.5783795714378357,27.78595123291018,0.45594582955042523,0.6671402454376221,5.000373522440592,47.18844758373632,0.5090631209112249
1995-11-09,-5.628190636634827,-2.5341284275054936,6.452928304672241,27.776216125488308,1.0350194374720256,1.460877497990926,7.131687323252359,64.51995857344642,4.5633128274475965
1995-11-10,-6.033617973327638,1.5580116808414461,6.821955680847168,27.79884490966799,1.1283595561981201,1.4722256660461426,8.11186663309733,31.136120543899363,5.040112967507599
1995-11-11,-3.8688208460807796,1.2760249972343445,5.906392812728883,27.819337463378933,0.7406916817029318,0.8946988582611084,6.324407418568929,129.9990258193209,1.6633027309789012
1995-11-12,-4.451601266860962,-6.627050757408142,8.03560221195221,27.82098541259768,1.1993412574132285,1.7816433906555176,6.360886096954346,70.17747220890224,5.408770487804536
1995-11-13,-4.556095004081725,-3.285692572593689,5.904702901840211,27.784944152832054,1.2354963620503743,1.7528903484344482,8.362605412801107,75.82238152300698,6.2105911511478045
1995-11-14,-2.715681850910187,-5.125290513038635,5.871654987335205,27.697755432128933,0.7889475623766582,0.9426585833231608,6.335977236429851,69.16973698001695,1.8195082644215206
1995-11-15,-4.751561641693115,-4.458065092563629,6.782146096229553,27.572251892089866,0.9367699821790059,1.203704277674357,6.098040262858073,72.77180683107632,2.716697223463916
1995-11-16,-7.616909623146058,-2.947245240211487,8.233304738998413,27.434289550781273,1.156717042128245,1.36555020014445,6.588462988535563,46.1023626071389,4.013888338712436
1995-11-17,-7.944957613945007,-0.08356313477270305,8.103153705596922,27.281854248046898,1.1230843861897786,1.388050635655721,5.700983524322509,21.880906547200333,3.4866652182975293
1995-11-18,-6.642999649047851,0.7829451560974121,7.2717132568359375,27.116372680664085,0.9451485276222229,1.1451032956441243,5.970259507497152,11.183303928625056,2.6637091364144005
1995-11-19,-6.637348175048828,-1.3647814840078354,7.346941947937013,26.942620849609398,0.8857456247011819,1.1251036326090496,5.3160444895426435,27.233251183265644,1.9997841995775758
1995-11-20,-3.121153473854065,-1.174506962299347,4.705291390419007,26.82812652587893,0.7420354286829631,1.025070826212565,5.818355719248455,57.42094707790727,1.435907433139156
1995-11-21,-1.3382214307785034,-6.740536093711853,6.881155490875245,26.79632720947268,0.8347174723943075,0.9578928947448732,5.000286579132079,82.36764968404657,1.5652497918052588
1995-11-22,-6.965873122215271,-5.253683924674987,8.925437450408934,26.785333251953148,1.3349055449167886,1.5526129404703777,6.443400065104167,57.44519096579521,5.4995824619735805
1995-11-23,-6.605071067810059,-1.27224263548851,7.029554486274719,26.733819580078148,1.037540356318156,1.4213068485260008,7.057334105173747,38.957859655116046,3.5904423568506596
1995-11-24,-2.848113715648651,-4.356429398059845,5.796006202697753,26.586045837402366,0.7830875913302103,1.0094145933787027,6.0473653475443525,51.49749736673306,1.7388755689698565
1995-11-25,-3.0009493827819824,-6.888239145278931,7.664322018623352,26.355989074707058,1.1394044955571492,1.4599629243214924,6.053659756978353,80.96031808225503,3.869336883927755
1995-11-26,-4.832247495651245,-3.794810712337494,6.21780800819397,26.11731872558596,1.0260674158732097,1.3925495942433674,7.054695288340251,68.2423174638502,3.4886368310855613
1995-11-27,-5.428987622261047,1.1705913096666338,6.296130180358887,25.911973571777366,0.7555552919705709,0.8809331258138021,5.0174578825632725,15.276393850603577,1.3677064512250725
1995-11-28,-4.704210996627807,0.8789421021938324,5.9525169134140015,25.783410644531273,0.5969727536042532,0.7782354354858398,4.22389570871989,236.17606346220825,0.706155678170203
1995-11-29,-1.812844157218933,-3.077818632125855,4.054127931594849,25.769685363769554,0.41068908572196955,0.7619675000508627,4.743808348973592,47.56934508243184,0.39353397904713616
1995-11-30,-4.683054327964783,-5.866754055023194,7.574314951896667,25.858636474609398,1.0479987462361655,1.156005859375,5.932319641113281,86.13880491120194,2.9615902712154205
1995-12-01,-5.957590341567992,-2.670736253261566,6.810738205909729,26.000253295898464,0.8566213448842366,1.127382755279541,5.4312771161397295,57.115555023324056,1.8206206982255806
1995-12-02,-6.7646836042404175,-1.8055610060691833,7.3882527351379395,26.171800231933616,0.7728638052940368,0.9758176803588868,4.685019493103028,32.426814716087335,1.2920714553078567
1995-12-03,-6.549741506576537,-0.5308367153629661,7.174425721168518,26.349710083007835,0.7518587907155355,1.0138440132141113,4.573425769805908,18.77578892361942,1.270085204263929
1995-12-04,-6.047950625419617,-1.0083214789628983,6.602605223655702,26.50629577636721,0.7059275905291239,1.0189887682596843,4.405682325363159,21.5279153459879,1.1360862031051868
1995-12-05,-5.808686971664429,0.10588934272527696,6.464798450469971,26.573274230957058,0.6058642268180847,0.7966841061909994,3.9606521129608154,9.051473090745844,0.6859725650127699
1995-12-06,-6.225335955619812,0.054338406771421446,6.845279335975647,26.527444458007835,0.7025535901387532,0.9378778139750162,4.335132598876953,10.425768707829112,1.0488973160468866
1995-12-07,-5.172293663024903,-0.4663824159651994,6.1756813526153564,26.403314208984398,0.6240733067194622,0.8394886652628581,4.262602726618448,17.686259790411157,0.8121021298495067
1995-12-08,-5.758335828781127,0.6598512232303619,6.773862838745118,26.239724731445335,0.7277634143829346,1.028345743815104,4.356435934702555,123.39950224701798,1.1588710424321977
1995-12-09,-3.1047475934028625,1.4099535048007967,5.015682578086854,26.072427368164085,0.5164580345153809,0.7063202857971191,4.007317066192627,347.87767472727137,0.5066226826816529
1995-12-10,-2.9033166766166687,-8.41624903678894,9.099280595779419,25.93116149902346,1.5909626483917234,3.033684492111206,6.918735663096109,95.13167332409631,13.625776776928433
1995-12-11,-7.440066576004029,-7.568176507949829,10.698678016662598,25.81675109863284,2.24155859152476,3.028212547302246,9.81907876332601,69.40086063562875,23.266029581342373
1995-12-12,-4.8675639629364005,-3.5043123960494995,6.26794695854187,25.720445251464866,1.1358182430267334,1.593031406402588,8.202070236206055,59.767893505601975,5.105803848031767
1995-12-13,-4.109824538230896,-3.1230847239494324,5.281779527664185,25.633813476562526,0.7345661520957946,0.9414369265238444,6.743589719136556,53.42827880364863,1.6732446785075017
1995-12-14,-5.735251903533935,-2.1200977563858032,6.418293356895447,25.55043182373049,0.7581724524497985,0.8956236044565836,6.254503250122069,38.24249559808051,1.7207043265380857
1995-12-15,-6.619584083557128,-1.0093300640583038,7.14307177066803,25.502221679687523,0.8167378306388856,1.0330559412638345,5.166512171427409,25.670730427985745,1.6696684933519466
1995-12-16,-5.186048984527588,-0.6081724166870116,5.876693129539489,25.50180969238284,0.6774288415908813,0.9230816364288331,5.169958591461182,27.22506952917881,1.175066551986164
1995-12-17,-5.18998646736145,0.800541065633297,5.854216456413269,25.51447448730471,0.6645868221918743,0.7990043958028158,4.312215805053711,13.008799495732035,0.9114405472219308
1995-12-18,-3.6140891313552856,4.499239444732666,6.490476965904236,25.506669616699245,0.7292859355608623,0.969379186630249,4.4626545906066895,332.928180410491,1.124806978622178
1995-12-19,0.3596035446971655,-2.547701746225357,4.827739596366881,25.451814270019554,0.794238289197286,1.7528137365976968,6.398346583048502,132.8206117747333,2.7105331783976183
1995-12-20,-0.1211945880204439,-7.149266839027406,7.289549231529236,25.39192352294924,1.5300449132919312,1.7487848599751787,8.4468355178833,113.51949328318283,8.831264559532144
1995-12-21,-2.8139124512672424,-2.3789164423942566,4.083560824394227,25.35485992431643,0.9241741100947062,1.23015562693278,7.627216339111328,108.22089273313017,3.0461639344375695
1995-12-22,-1.6512864530086517,2.929757237434387,7.679368257522582,25.292718505859398,0.8960736592610677,1.13189427057902,4.743894735972087,336.37554458427013,1.7687968861066976
1995-12-23,-1.472592622041702,-8.60243058204651,9.37101411819458,25.157746887207054,1.8894130388895671,2.4565581480662027,8.456143697102865,105.33194783282691,15.454923123573112
1995-12-24,-7.9862873554229745,-4.062396466732025,9.065491676330566,24.910813903808616,1.4729881286621094,1.6648354530334473,7.881653944651286,59.45775841466287,7.8069255026555835
1995-12-25,-8.29341495037079,0.1607540342956781,8.667651653289795,24.606065368652363,1.3180978695551553,1.72024138768514,6.674084504445394,32.301297937265645,5.336976668952554
1995-12-26,-5.365259051322937,1.403170645236969,6.1067097187042245,24.334802246093773,1.049201766649882,1.302218278249105,6.895306110382079,64.00126562547904,3.446761512472507
1995-12-27,0.07646008953452109,3.0105406641960144,5.059248328208923,24.117364501953148,0.8897805015246073,0.9555184046427408,6.548445224761964,105.31266028136206,2.3062989393963527
1995-12-28,-1.9994369596242907,-3.3022855520248413,5.842790126800536,23.97637329101565,1.092452347278595,1.4833439191182456,6.070367336273193,83.11221425349899,3.3314496824768027
1995-12-29,-4.015892565250397,-8.659983873367308,9.663886308670044,23.936608886718773,1.7444100777308147,2.1164065996805825,7.434163411458334,74.89254488412132,10.196256081007462
1995-12-30,-5.629403114318848,-4.673406720161438,7.3711044788360605,24.058602905273464,1.1996586322784422,1.4408960342407224,7.810153166453043,56.21335113718991,5.224813060219468
1995-12-31,-1.9406863749027252,0.5070026367902756,4.1780126094818115,24.310548400878925,0.6787696282068888,0.9256509145100911,7.085923035939534,54.71825079046625,1.5718070593888844
1996-01-01,-1.030465543270111,4.630149722099304,5.446653127670287,24.579927062988304,0.5760985116163889,0.7048152287801107,4.711992581685384,320.29460675790295,0.6904840238943836
1996-01-02,1.233987495303154,-1.8061847090721133,4.32797074317932,24.755548095703148,0.6264740427335103,1.5739808082580566,5.862014770507812,199.1898475040667,1.292070855748759
1996-01-03,2.482567310333252,-8.901283502578735,9.40030765533447,24.729898071289085,1.8505621751149495,2.356240590413411,8.39034652709961,120.9167922511052,13.022359810162996
1996-01-04,-1.5120939016342165,-3.833746492862702,5.0973992347717285,24.50740203857424,1.6309725443522136,2.2734751701354985,9.17259947458903,122.01874020541209,11.452323097529725
1996-01-05,-7.481159090995789,-0.20987325033638624,7.893934011459351,24.182839965820335,1.0104336738586424,1.2417201995849612,5.610690752665202,38.9710265145297,2.8654012368250124
1996-01-06,-5.257904052734374,0.8669481426477432,6.11682391166687,23.812402343750023,0.7361828684806824,0.9253238042195638,4.622735420862834,11.338198533149711,1.2784123137832761
1996-01-07,0.6788674294948579,-7.611794829368592,7.952902674674989,23.448190307617207,1.4100762208302817,3.0620055993398028,6.377562522888184,80.4078006730573,11.725233494728203
1996-01-08,1.5296222567558289,-10.171173334121704,10.395674705505373,23.15480194091799,2.558440605799357,3.0691552162170415,9.835009892781574,109.20425590759012,29.549702464072325
1996-01-09,-2.0714453756809235,-3.053307592868805,3.866652369499207,23.0662780761719,1.3034260670344036,1.868126630783081,8.546123504638672,96.82111043418683,6.982309254492187
1996-01-10,-4.574115991592407,-0.8267450053244829,4.918644547462463,23.187402343750023,0.7411674459775289,0.9420121510823569,6.968044439951579,69.79607327451855,1.795254423461803
1996-01-11,-5.6359347105026245,1.0597650930285454,6.630500912666321,23.385667419433616,0.7023061116536459,0.889358679453532,4.235167741775513,6.679701458273485,0.9953421414803596
1996-01-12,1.8938991725444791,-5.579850792884827,6.446770191192628,23.52631530761721,0.7167431314786274,1.5033396085103354,4.130013783772786,89.58178382321076,1.6010341372157801
1996-01-13,0.1303496267646551,-6.756932973861694,6.962051153182983,23.484223937988304,1.4878134727478025,1.671048641204834,7.530758698781331,107.83664336709899,7.436068282719638
1996-01-14,-3.9522156715393066,1.135474294424057,4.964394569396973,23.254975891113308,1.0038812160491943,1.221552530924479,7.814607461293539,83.6919301137583,3.594042406242274
1996-01-15,-6.982212781906128,1.1933142691850662,7.695067048072815,22.955293273925804,0.9201194047927856,1.1293676694234214,5.262473742167155,8.92210721939415,2.0416234122375885
1996-01-16,-6.612879395484923,-1.2049335986375809,7.309075832366943,22.660630798339866,0.7961205840110779,1.0549311637878418,4.5159242153167725,19.204336884617874,1.426013220648144
1996-01-17,-4.724874854087829,0.2845382671803236,5.521405816078187,22.44533691406252,0.666615645090739,0.8681914011637369,4.83002233505249,17.19909734773849,1.0152601053036119
1996-01-18,-3.1273387670516968,3.746431589126587,6.204466819763184,22.38305816650393,0.7305871248245238,0.9937065442403158,4.944423516591391,329.1072174015959,1.2253397689521928
1996-01-19,0.0860072337090969,-9.384628534317017,9.595499992370607,22.49720916748049,1.6466809908548992,2.47962212562561,6.679909547170004,100.37948127491593,11.708916443416381
1996-01-20,-4.1943143010139465,-3.554932594299317,5.903244972229004,22.727624511718773,1.5785294771194458,2.1556947231292725,9.71078109741211,102.83391861315336,11.492875111307043
1996-01-21,-5.978171229362489,-2.186023712158203,6.772449851036073,23.013673400878933,0.8887415528297424,1.0935236612955728,7.203324953715007,61.58763874325036,2.6819614022530414
1996-01-22,-7.698286652565002,-3.1418522596359257,8.486587882041931,23.294091796875023,1.1020874977111816,1.3378766377766926,5.70329221089681,39.051049572825946,3.204573894970444
1996-01-23,-6.224884033203125,-0.1646694652736187,7.119687795639038,23.502046203613304,0.9836686452229817,1.2695043881734211,6.030078570048015,25.821242296097562,2.814989543119145
1996-01-24,-4.578221321105957,1.255508542060852,6.079863786697388,23.530053710937523,0.6845059792200725,0.9540197054545085,5.361045678456625,120.92539848099625,1.1878485673311867
1996-01-25,-4.728527545928955,-3.3630279302597046,6.033505916595459,23.38538513183596,0.797404706478119,1.095287561416626,6.148947874704996,64.32499279162074,2.019863343326663
1996-01-26,-5.894495725631714,1.4989807009696958,7.050782203674316,23.180764770507835,0.9942928353945414,1.2218664487202964,7.141018708546957,26.545024440815535,3.319754727175672
1996-01-27,-4.127661347389221,-0.37643822468817234,5.6175938844680795,23.028901672363304,0.7025429407755535,0.9460960229237875,6.817195574442547,22.39473552366373,1.6351686601858535
1996-01-28,-7.587113618850708,-5.015904545783997,9.258579254150392,23.035920715332054,1.6030442714691162,1.8611228466033936,7.866699377695721,66.02786611388353,9.678796188530947
1996-01-29,-6.321437358856202,-0.9197361171245576,6.978517532348633,23.22992095947268,1.1079330444335938,1.46008030573527,8.14174747467041,49.52032532475524,4.817443147530882
1996-01-30,-5.290148258209229,-0.9420594125986099,6.230234980583192,23.511216735839866,0.7863730390866597,1.025533676147461,6.687953313191732,36.28285552585851,2.003432084395067
1996-01-31,-4.313254773616791,-0.3912204895168543,5.739042639732361,23.778855895996116,0.5931010047594706,0.7543400128682455,4.486164331436157,24.354487014533408,0.7552415609143833
1996-02-01,-4.83759880065918,1.141871452331543,5.958725452423095,23.93385467529299,0.5902310411135356,0.7350948651631672,4.015637715657552,241.079069846891,0.6505751143193036
1996-02-02,-2.5371052026748657,4.703329682350158,6.886240482330322,23.882501220703148,0.695299744606018,0.9260368347167969,4.051344315210978,311.69372270057215,0.9688394569777611
1996-02-03,1.3497523069381714,-7.6046154499053955,8.54766583442688,23.622140502929714,1.2364236116409302,1.720577081044515,5.625786781311035,125.12352170846648,5.2256875353749805
1996-02-04,-2.4650151133537292,-11.216785669326782,11.514392375946043,23.25490722656252,2.1136285861333213,2.7166566054026284,7.675073782602945,92.63925345727003,15.937689342263127
1996-02-05,-5.825867891311646,-8.16999316215515,10.132476806640625,22.862145996093776,2.172979235649109,2.71467645963033,9.041332562764486,75.69460842206993,19.464890944016535
1996-02-06,-7.767113566398621,-2.5081310272216797,8.544944524765015,22.523347473144558,1.3489914735158284,1.5824114481608071,7.526877403259278,46.40650301005836,6.424499907388839
1996-02-07,-6.412639141082765,-2.001402109861374,7.097294569015503,22.321862792968776,0.9845403631528219,1.3115639686584473,6.152368545532227,36.13526513089278,2.814747661794466
1996-02-08,-7.268585681915283,-1.4298049062490465,7.964351177215576,22.338197326660175,1.0298811197280886,1.3708922068277998,5.235194683074952,25.697465041091636,2.6997927103758705
1996-02-09,-6.775864839553833,-0.8502732142806053,7.421736717224121,22.54544982910158,0.8640820185343424,1.1744906107584634,4.8523430824279785,21.30071302115683,1.8094696419850602
1996-02-10,-6.787749171257018,-1.2930656820535658,7.533204913139343,22.85300598144533,0.8263608813285828,1.1378998756408691,4.590790033340454,21.870708811619505,1.5643923341127794
1996-02-11,-5.062700629234314,-1.6300497651100159,6.408575296401977,23.170068359375023,0.6585665742556254,0.9394299189249674,4.448961098988851,28.333494013521772,0.9278193233953748
1996-02-12,-3.5656183958053584,-6.958845853805543,7.84049129486084,23.406198120117207,0.9015311201413472,1.3073070049285889,4.550579229990641,64.35251143951415,1.7475810454346425
1996-02-13,-5.230850100517273,-6.437439560890198,8.361464738845825,23.476060485839866,1.4187020858128865,1.6706885099411013,7.28997246424357,71.6504633007641,6.5753106975440625
1996-02-14,-3.867274522781372,-0.23974405974149704,4.952416658401489,23.404084777832054,0.859201709429423,1.152330795923869,6.799026330312093,64.10074620485732,2.3571107329775107
1996-02-15,-2.6954047083854675,0.9011968448758125,5.558789968490601,23.27272186279299,0.6392965316772461,0.7758801778157552,4.786800543467204,13.497547097217552,0.9155854781114601
1996-02-16,-3.2219581007957463,-6.794418573379517,7.768842458724976,23.16472015380862,0.811835487683614,1.735148032506307,4.126756429672241,62.37500248053158,1.6754430725550578
1996-02-17,-5.328705191612244,-6.463375329971314,8.6121723651886,23.15551910400393,1.7097066243489585,2.0016671816507974,8.18801466623942,80.67226051175955,10.665414217474765
1996-02-18,-6.924106597900391,-0.6101317629218102,7.4368672370910645,23.23558197021487,1.167802095413208,1.4368356068929038,8.435370127360025,55.06812438697274,5.316620432404286
1996-02-19,-5.334597349166869,2.5140329003334045,7.3603352308273315,23.34398040771487,0.9530014197031658,1.171909809112549,4.743996938069661,344.2508368422424,2.1166576383440585
1996-02-20,-2.3748332858085632,2.2913914620876312,5.424618482589722,23.472222900390648,0.5384587248166403,0.7069726785024006,3.8203897476196285,321.0388227228283,0.5281805407312622
1996-02-21,-2.576760530471802,-0.867169737815857,4.939167857170105,23.612466430664085,0.4055505295594533,0.48026816050211585,3.2904578844706216,16.872524403198803,0.24496460775438306
1996-02-22,-2.5068167448043823,-0.6090189181268215,5.008517742156982,23.75240478515627,0.4791893561681111,0.6492821375528972,3.6809233029683432,23.732794882076252,0.39367209582586044
1996-02-23,-3.420322000980377,0.5836321637034417,5.558755278587341,23.845018005371116,0.5435100595156352,0.7110985120137532,3.7685441970825195,350.85574337238205,0.5175668615391774
1996-02-24,-5.578084468841553,0.48738119751214987,7.200969934463501,23.88186798095705,0.732832670211792,0.8802280426025391,4.170840263366699,119.29691947527634,1.0711572914502312
1996-02-25,-7.026969194412231,-0.5376590471714735,8.086541414260864,23.885011291503933,0.8597042957941692,1.1186214288075764,4.452992995580037,11.567745931228918,1.5862666652628534
1996-02-26,-6.742944240570068,0.6825037747621537,7.924578189849854,23.875108337402366,0.8979345162709556,1.0904038747151694,4.647985855738321,122.16743139923135,1.837145285518276
1996-02-27,-5.756372570991516,2.0554001331329346,7.0297441482543945,23.873361206054707,0.782727579275767,1.0234554608662922,4.451507806777954,349.6845496062214,1.380007906087423
1996-02-28,-5.167219281196594,1.7523387372493744,6.823347926139832,23.891831970214866,0.7530594865481058,0.9532506465911866,4.316952466964722,345.40350815165027,1.1831367785444364
1996-02-29,-3.202021598815918,0.028683610260486606,5.293417811393738,23.89845428466799,0.5484614173571268,0.6961455345153809,4.337942997614543,10.98762955000897,0.6220773536079872
1996-03-01,2.8032913804054256,-1.0235197395086288,4.532675385475159,23.93190155029299,0.8783386150995889,1.1274311542510986,8.59799098968506,106.76743490490755,3.183073315902214
1996-03-02,1.4983108043670654,-5.097553253173829,7.671946287155151,23.961701965332054,1.378375808397929,1.8618165651957195,7.879329999287923,108.90753125612304,6.878859940618237
1996-03-03,-7.010442733764648,-4.384601950645447,8.410367250442503,23.98230133056643,1.3222049474716187,1.5782570838928225,7.246929009755453,63.77019684791008,5.739719591657922
1996-03-04,-8.615007281303406,-2.818202495574951,9.320162057876585,23.991418457031273,1.342798153559367,1.704039216041565,6.759935061136881,34.941430590877985,5.653432490687768
1996-03-05,-6.204547882080079,0.07342315907590091,7.05649721622467,24.04054412841799,1.0834689339001973,1.375606854756673,7.232677300771077,28.02532637837536,4.024204503542496
1996-03-06,-4.234754383563995,3.1647714376449585,6.849510312080383,24.136827087402366,0.926927387714386,1.1263357798258464,5.75928290685018,344.031812806837,2.384512780401535
1996-03-07,-2.2483354210853577,2.644315540790558,6.973147630691528,24.208169555664085,0.7874493797620137,1.133154312769572,4.71278190612793,319.62911988364533,1.4123074167362744
1996-03-08,-1.4971114695072174,-12.251283645629881,12.488359928131105,24.180329895019558,2.618276039759318,3.0225930213928223,9.010056177775065,103.19228566853738,31.02449152183729
1996-03-09,-5.6740719079971305,-9.7224862575531,11.292326211929321,23.995271301269554,2.362614870071411,2.793692827224732,9.449846903483074,75.61410382575849,24.141239205792047
1996-03-10,-2.7653253078460693,-8.203153133392334,9.043259620666504,23.747758483886745,1.6291434367497764,1.8231695493062339,7.524837176005046,74.58134350320076,9.15979315103535
1996-03-11,2.760517656803131,-8.184072971343996,8.688536882400513,23.551072692871113,1.6448784271876018,1.792501131693522,6.895430564880371,98.29624398298078,8.307857677410922
1996-03-12,-2.0902765393257137,-3.6192420721054077,4.6327619552612305,23.37690124511721,1.2126637697219849,1.3741753896077475,8.935088157653807,72.90857483402007,5.99888491591419
1996-03-13,-5.355948209762573,-1.0026447251439097,6.670870900154114,23.199487304687523,0.996320366859436,1.1905520757039387,7.657999674479166,42.338921943905746,3.734651203779531
1996-03-14,-7.3942989110946655,0.07987644523382186,8.508906483650208,23.003404235839866,1.0550134181976318,1.4015959898630777,5.128464857737223,10.113875435108827,2.8409038465684993
1996-03-15,-5.4544070959091195,2.074446678161621,7.533382058143617,22.90448913574221,0.9252927104632058,1.225386619567871,4.747801939646403,346.8059710721437,2.034591913637253
1996-03-16,-4.455137073993683,2.1056896150112157,6.8802043199539185,22.97065124511721,0.792012910048167,1.0138576825459797,4.360347827275594,338.1930006012438,1.312637857100372
1996-03-17,-3.306814730167389,2.0201335847377777,6.014398694038391,23.11463317871096,0.6879529555638632,1.004818280537923,4.243490695953369,331.7933389403359,1.0270624922105611
1996-03-18,2.350152790546417,1.8521355688571928,4.32299244403839,23.250680541992207,0.45685720443725586,0.5864326159159343,5.125694115956625,250.33634658557241,0.4792433086714234
1996-03-19,-0.6646473854780197,-7.94182312488556,9.022537469863892,23.296121215820335,1.495285431543986,2.1787876288096113,6.42291005452474,114.77067970049605,9.506108871519197
1996-03-20,-2.455126702785492,-8.478128910064697,8.876614332199097,23.219270324707054,1.7313118775685628,2.0937675635019937,8.689534187316895,93.75200374449486,11.972110892308221
1996-03-21,-0.8986554741859436,-6.224082112312318,6.426859736442566,23.090982055664085,1.3554902871449788,1.4610063234965007,8.41955025990804,94.40079672365722,6.937618637693069
1996-03-22,-3.170990288257599,-5.113731503486633,6.474828600883484,22.991380310058613,1.018111030260722,1.2087223529815674,7.267949263254802,89.82207114684967,3.431478266096671
1996-03-23,-7.644784927368165,-0.8974522277712822,8.606591582298279,23.00402984619143,1.0242329438527424,1.3303151925404866,4.751420974731444,20.92884461636612,2.373616350632021
1996-03-24,-6.736432313919068,0.8064396530389785,8.200456380844116,23.197976684570335,1.0412106513977053,1.3398386637369792,5.003111998240152,237.88185970673482,2.7271510799932206
1996-03-25,-5.765104651451111,2.153744488954544,7.483515381813049,23.529321289062523,0.8954012393951417,1.1650060017903645,4.807647069295247,349.62778169765426,1.8687218232568874
1996-03-26,-5.577075719833374,1.3174114227294922,6.746722221374513,23.88491210937502,0.7699901262919108,0.947778065999349,4.442712863286336,238.06493009637876,1.2734697085292674
1996-03-27,-2.0166132748126984,2.684043228626251,5.455928087234497,24.23313293457034,0.7241706053415934,0.8848344484965006,6.139013290405273,120.32426625635944,1.4747110977275355
1996-03-28,-1.7625609934329984,0.3869362995028496,4.310631871223449,24.538568115234398,0.6809590856234232,0.7285192807515461,7.269877115885417,107.49501238995293,1.5164827638967187
1996-03-29,-3.2153687477111816,-0.4013707470148802,5.957733392715454,24.76478729248049,0.7318376898765565,0.9848466714223225,5.395489374796549,33.828833245266786,1.2844809113989892
1996-03-30,-3.6150716543197636,1.8541558682918549,6.6441651582717896,24.845201110839866,0.7288592457771301,0.9393054644266765,4.228751500447592,337.85029216458975,1.055062275885555
1996-03-31,-1.6053090691566465,0.9306631535291672,5.614840865135192,24.770600891113304,0.5356997152169546,0.6341516176859539,3.7185943126678462,346.40533921871076,0.48476975826041707
1996-04-01,-1.3793875873088837,-7.852837920188904,8.160092949867249,24.595491027832054,0.9960686564445496,1.5225291252136233,4.84653361638387,92.01914734785375,2.5507333867223556
1996-04-02,-4.723986744880675,-6.9742960929870605,8.659675121307373,24.374566650390644,1.449641227722168,1.611299276351929,7.027467091878255,81.33459313798373,6.554074535246015
1996-04-03,-7.826570630073547,-1.6311349868774414,8.680513143539429,24.164224243164085,1.2148556311925252,1.4645368258158369,6.040972709655762,38.43201036747204,4.170344483290073
1996-04-04,-5.673434019088744,0.18521529156714678,7.6489750146865845,24.044702148437523,0.9700473149617513,1.3271392981211343,5.245179573694865,9.91739356775929,2.46186171811775
1996-04-05,-6.207035422325134,0.12356670573353767,7.890101194381714,24.031221008300804,0.8879195849100749,1.147005875905355,4.707704305648804,3.783195794765333,1.7731072033066877
1996-04-06,-3.5911680459976196,1.6702406704425814,7.012345075607299,24.08089599609377,0.7993946472803752,1.031137545903524,4.529342412948608,233.59373395438385,1.4350304248883032
1996-04-07,0.39294115453958506,-4.700082182884216,5.109273076057434,24.148744201660183,1.0566197435061135,1.3358916441599529,9.532440821329754,128.69227964850026,5.171774232315981
1996-04-08,-0.7539762556552886,-1.672570317983627,2.769408226013184,24.194146728515648,0.8963827689488729,1.1477687358856201,7.519501368204753,108.82815203101596,2.8187209721451056
1996-04-09,-1.9134701490402222,-3.0804859995841984,4.435896039009094,24.201348876953148,0.6335555315017699,0.9102683862050375,6.00603167215983,81.78639620388401,1.0918948254909668
1996-04-10,-5.138406038284301,-5.596991419792175,7.646623134613038,24.203858947753933,0.9739413261413573,1.1738739013671875,5.406859715779623,60.18857468898161,2.299731035198739
1996-04-11,-8.653923869132996,-2.1231512129306793,9.255732774734497,24.236199951171898,1.1687852938969931,1.3547235329945881,5.402118523915609,26.798768437148833,3.397535650956051
1996-04-12,-7.24675989151001,1.3322163820266724,8.422366857528687,24.33155975341799,1.1474559307098389,1.5295529365539553,5.562370777130127,123.23007328535775,3.760274874695226
1996-04-13,-4.33178186416626,2.032730042934418,6.777832865715027,24.51697692871096,0.782131274541219,1.0358104705810547,4.5643564860026045,343.0545843118401,1.336540883914243
1996-04-14,-5.361860156059265,1.5296719670295715,7.2961246967315665,24.727159118652363,0.7437189420064291,0.8919697602589926,4.180687030156454,349.53439031391827,1.0965010518503373
1996-04-15,-4.025721073150635,1.021260678768158,7.65338134765625,24.898126220703148,0.8176353971163431,1.0596612294514973,4.236093441645305,356.34145399587766,1.3540467021398193
1996-04-16,-6.072097897529602,-7.076522946357727,9.391510248184204,25.053918457031273,1.3247586488723755,1.8671034177144368,5.538291295369467,69.83631407868776,4.837559058081059
1996-04-17,-7.541389107704163,-2.0806758105754852,8.439789772033691,25.215379333496116,1.3361362218856812,1.8916375637054443,7.230380058288574,48.190513338590165,6.063653037604556
1996-04-18,-5.482328295707703,0.0015568612143397403,6.830770254135133,25.39631042480471,0.8913892904917399,1.1482330958048503,6.079195658365886,24.787736450005998,2.318002778435733
1996-04-19,-5.589576721191406,0.7538825571537018,7.050399899482726,25.508424377441425,0.8371086915334066,1.0340337753295898,4.947598775227864,5.360016011756083,1.644738168593929
1996-04-20,-6.983720541000366,1.5235250890254974,8.659878730773924,25.507684326171898,0.9955151677131653,1.2361550331115723,4.693150361378988,353.1350370201929,2.2667843315743754
1996-04-21,-7.663924336433411,0.8841479867696763,8.890540361404419,25.468591308593773,1.0537799000740051,1.2603251934051514,4.89079475402832,119.5563604618855,2.5921740943672167
1996-04-22,-7.476813793182373,1.6310460269451141,8.51090395450592,25.464906311035183,1.102497577667236,1.4934194882710774,5.304552396138509,118.22876400708019,3.241895844167164
1996-04-23,-6.307760715484619,0.5200866386294365,7.438600301742554,25.56451568603518,0.8779041369756062,1.0896946589152017,5.682793219884236,9.121649727261058,2.1884877996676955
1996-04-24,-4.0718196630477905,-1.9043289124965668,5.003062009811401,25.739602661132835,0.6499469677607218,0.9793127377827961,5.486049334208171,41.28832701056484,1.0975256893065386
1996-04-25,-5.186890482902527,-1.317605406045914,6.158263444900512,25.913964843750023,0.7765711347262063,0.9462061723073324,6.0672257741292315,59.217385029598795,1.6075909791884515
1996-04-26,-4.7525941133499146,0.3978048134595156,6.732995271682739,26.07269439697268,0.7513715624809265,0.8742227554321289,4.498624881108602,12.062951601131866,1.1752100072041494
1996-04-27,-6.549108147621155,-1.4474397897720337,7.7144256830215445,26.20131072998049,0.7864897251129149,1.0785757700602214,4.366630872090658,18.816900214158448,1.2702419636513915
1996-04-28,-6.959431290626527,-0.9131805747747422,8.202759623527527,26.282975769042988,0.9537824392318726,1.305453618367513,4.973839600880941,14.932763048149525,2.1992307974037653
1996-04-29,-5.3310911655426025,0.7704841643571854,6.923916578292847,26.289666748046894,0.825838545958201,1.0916907787322998,5.064879735310872,123.22763720345688,1.710836506296818
1996-04-30,-0.9632108211517334,-7.3258843421936035,7.548047900199889,26.22809753417971,1.0211729407310486,1.8712609608968098,5.232840855916341,81.09361625267273,3.58234128059066
1996-05-01,-4.934044241905212,-5.220212817192078,7.311750888824463,26.136209106445335,1.430137038230896,1.8029496669769285,8.355867703755695,90.37783973210107,7.801817574160688
1996-05-02,-6.595491886138915,-2.4218072593212128,7.64870524406433,26.049493408203148,0.9495051503181458,1.2516364256540935,5.769980748494466,46.62566208011465,2.4842727784246685
1996-05-03,-6.905795693397522,-2.993433952331543,8.044744849205017,26.006219482421898,0.8941566745440165,1.1863465309143069,4.870481332143148,34.82872384422894,1.8242778420127819
1996-05-04,-6.611697435379027,-1.3401169776916504,7.527073621749877,26.034402465820335,0.7800090909004211,1.1395973364512129,4.5085155963897705,21.693803550900157,1.3109899771762088
1996-05-05,-7.311847925186156,-1.5209161639213562,8.126317501068115,26.122529602050808,0.9398503104845684,1.2337356408437092,4.943545977274576,22.28272424974525,2.13601386721899
1996-05-06,-7.666019439697265,-1.8942580819129942,8.387988448143005,26.2371765136719,1.0181636412938435,1.3705329895019531,5.088232199350992,25.177397890832726,2.571043943032598
1996-05-07,-8.00401258468628,-1.5791897475719452,8.785811424255371,26.345666503906273,1.135268191496531,1.4930135409037273,5.3546498616536455,20.97926195684649,3.3666041702395066
1996-05-08,-7.484686732292175,-1.149548947811127,8.399253964424133,26.417893981933616,1.0389766097068787,1.3282324473063152,5.307075500488281,19.307664331702693,2.769456404004896
1996-05-09,-7.645777106285095,-1.261420875787735,8.494270086288452,26.435678100585964,1.02523144086202,1.3006056944529216,5.159172375996907,19.94579054511083,2.6576320841121093
1996-05-10,-6.870412111282349,-0.5470405220985413,7.276806354522705,26.419160461425804,0.874034066994985,1.185139576594035,5.065792560577393,21.113192133227415,1.8886035389349567
1996-05-11,-5.963521599769592,-1.6511760354042053,6.935913324356079,26.391580200195335,0.7927475770314535,1.1448717117309573,5.048690636952718,27.952532571242426,1.5443893920057723
1996-05-12,-5.106921911239624,-4.238936901092529,6.848327994346619,26.377587890625026,0.7618749539057413,1.0344587961832683,4.6956329345703125,42.913142079619355,1.2669697439703853
1996-05-13,-4.523546576499939,-3.6749179363250732,5.931835055351257,26.397981262207054,0.6283303697903951,0.8326174418131511,4.346526622772217,48.19535768626966,0.7870390284109372
1996-05-14,-6.465728163719176,-3.1330955624580383,7.727763295173645,26.45069274902346,0.8275066614151002,1.0559438069661458,4.6046187082926435,35.49256490948908,1.4494975458411146
1996-05-15,-7.40109896659851,-2.32605054974556,8.421422362327577,26.51770935058596,0.9767892956733705,1.311958948771159,4.893151760101318,26.65963328755273,2.2770298455389133
1996-05-16,-7.133536100387572,-1.394245833158493,7.819904804229736,26.597695922851585,0.9441312352816265,1.3514237403869627,4.99546241760254,23.355688137712132,2.14827672441729
1996-05-17,-6.5684696435928345,-1.1464761048555372,7.2311233282089225,26.687905883789085,0.8919457991917928,1.1475578149159749,5.240429639816284,26.03908140508717,2.021537736951166
1996-05-18,-6.89436662197113,-1.4444518089294434,7.562126517295838,26.78625640869143,0.8816235462824504,1.2248261769612632,4.968998670578003,26.228505215479498,1.892480093865887
1996-05-19,-6.293798923492431,-2.097378760576248,7.067975163459778,26.86462554931643,0.8296023011207582,1.144887129465739,5.001698811848958,30.367301774211136,1.6693300511685396
1996-05-20,-4.085887134075165,-1.9113547801971436,5.515483617782593,26.910157775878933,0.683600624402364,0.9754159450531007,5.05807367960612,37.16313152909034,1.130668037166492
1996-05-21,-2.512098014354706,-1.9967505037784574,3.6633093953132625,26.937348937988304,0.4897754887739817,0.6110955874125162,4.965273857116699,48.49695711072341,0.567276891507653
1996-05-22,-4.846957802772522,-2.5662583112716675,5.89713716506958,26.96069488525393,0.606063703695933,0.7491178512573242,4.830671389897664,43.3245867751613,0.8141390034067929
1996-05-23,-6.518964529037476,-2.4051622748374935,7.344684481620789,26.99262390136721,0.7295274933179219,0.9139510790506998,4.264209349950154,33.93890956889764,1.0335902151720957
1996-05-24,-6.3496891260147095,-0.5996062681078911,7.2511372566223145,27.001664733886745,0.8079627354939779,1.0363921324412027,4.712007999420166,24.73970108914068,1.4683200405639967
1996-05-25,-5.8118836879730225,-0.05123010091483592,6.728990912437439,26.97938690185549,0.6768444577852885,0.8559131622314453,4.300999005635579,8.293195752844648,0.9247346809918041
1996-05-26,-5.815275311470032,0.1538586737588048,6.8890215158462516,26.968423461914085,0.7390921115875244,0.93705415725708,4.485929171244303,6.3461417406172504,1.1935465363722186
1996-05-27,-5.3678470849990845,2.1709746122360234,6.827444553375244,27.008447265625023,0.761590818564097,0.9360841115315754,4.4045015176137285,344.90237305198366,1.2151905775704774
1996-05-28,-5.852441430091859,2.260609209537506,7.330863833427429,27.138177490234394,0.7568650841712952,0.9634025096893312,4.254125595092773,339.9312354885927,1.168854403017254
1996-05-29,-5.629898905754089,1.0377765446901321,7.190765976905823,27.345689392089863,0.7054292758305868,0.8314971923828125,4.074523369471232,350.15907434485393,0.9527179906075118
1996-05-30,-4.978390216827393,-0.2889299876987934,6.8173054456710815,27.56714019775393,0.7121274471282959,0.8456096649169921,4.266832033793132,11.990099168814462,0.9980633445455697
1996-05-31,-5.374977946281433,-1.2597672492265701,7.291220188140868,27.758943176269554,0.7962355017662048,1.053310473759969,4.450855811436971,16.62490138964889,1.3084671923357638
1996-06-01,-6.829560637474061,-1.6840371787548065,7.963508725166321,27.87524566650393,0.9471488793690999,1.4108584721883137,4.816618601481119,20.166039708377962,2.174299344132822
1996-06-02,-6.4796260595321655,-3.356524169445038,7.941871643066407,27.874475097656273,0.9282001852989197,1.2908601760864258,4.83184289932251,32.62137404337206,2.0282284134121373
1996-06-03,-5.217722296714783,-3.8514434099197388,6.74547803401947,27.745889282226585,0.8853509624799093,1.1947814623514812,5.501322587331137,46.727590566175024,1.9599941052211947
1996-06-04,-5.3076251745224,-3.875951409339905,6.829092383384705,27.540307617187523,0.8242464264233907,1.1298994223276773,4.9970544179280605,44.73747410134158,1.5913467140640971
1996-06-05,-5.884009599685668,-2.4641610383987427,6.901587963104248,27.312425231933616,0.8092712759971619,1.0854371388753254,4.84960921605428,35.83058289142647,1.471322027636138
1996-06-06,-5.952475666999817,-1.76091006398201,7.129010915756226,27.11421356201174,0.7309747735659282,0.9868587652842205,4.54549797375997,26.03200788264608,1.1625925768083292
1996-06-07,-5.458362817764282,-0.7026755586266518,6.422619819641113,27.001962280273457,0.6804814537366232,1.0025490919748943,4.40139635403951,20.51522022898206,0.9919086202849889
1996-06-08,-3.2217567563056946,-0.04261665418744089,4.533511161804199,27.04384765625002,0.5066250662008921,0.8399287859598796,4.405698537826538,30.9718798732463,0.5602437055224617
1996-06-09,-2.6565802097320557,-0.9981441646814345,3.6213644146919255,27.218629455566433,0.31532031297683716,0.4142000675201416,3.945121765136719,38.09989246683254,0.1790517841901589
1996-06-10,-3.756415605545044,0.1664430499076843,4.49442422389984,27.444543457031276,0.4620156188805898,0.5470751921335856,4.810047388076782,47.04732491355439,0.4734636188425983
1996-06-11,-4.803423643112183,1.0674382597208023,6.103867769241332,27.63834533691409,0.5447610119978586,0.6591753959655762,3.661367654800415,238.02959187323012,0.49896355447657814
1996-06-12,-5.990317702293396,0.05985643155872822,7.226417422294617,27.722528076171898,0.7406613628069559,0.9982507228851317,4.278657118479411,4.613751494977142,1.1351558574323264
1996-06-13,-5.976710557937622,0.3923472631722688,6.4674824476242065,27.693452453613304,0.65803458293279,0.87366517384847,4.327571868896484,9.70701822762133,0.8989778677706223
1996-06-14,-5.478771209716796,-1.1837772578001022,6.375313997268677,27.604158020019554,0.6697017947832744,0.8816526730855306,4.363870859146118,23.97296505881133,0.9548684927350412
1996-06-15,-4.932532787322997,-2.110977679491043,5.894927620887756,27.470124816894558,0.575010359287262,0.75068998336792,4.230948209762573,33.280042167446936,0.6488938593011885
1996-06-16,-4.0877973437309265,-1.4247377514839172,4.913375973701477,27.307969665527366,0.5089016457398733,0.7573901812235515,4.248915672302246,39.49740387933667,0.5157639500719051
1996-06-17,-3.625646412372589,-1.620106369256973,4.43566370010376,27.138970947265648,0.4118927419185638,0.5472819010416667,4.032001415888469,40.323251921448204,0.3128536041196982
1996-06-18,-3.754577934741974,-0.9708753675222397,4.655988574028015,27.02509460449221,0.454184760649999,0.6443472703297933,4.055880864461264,35.67538220515484,0.39215259674726716
1996-06-19,-3.855436623096466,0.04028978385031223,5.174747109413147,26.9945999145508,0.4299395879109701,0.5037355422973633,3.5235133171081543,13.55419927147659,0.2946762956974916
1996-06-20,-3.744966864585877,4.5279553160071286E-4,5.619761228561401,27.014794921875023,0.4918207128842672,0.5875070889790852,3.5652127265930176,240.0881177986408,0.393648023132016
1996-06-21,-4.16413950920105,1.049717590212822,5.280312180519104,27.055337524414085,0.4793880681196848,0.6006964047749838,3.5217164357503257,352.5121850798162,0.37729253144372127
1996-06-22,-5.661067008972168,0.07590519753284752,6.228132963180542,27.087396240234398,0.5178644061088561,0.7505785624186199,3.657253901163737,124.54953353807618,0.47085198334228473
1996-06-23,-6.172569870948791,0.6983044147491455,7.03502655029297,27.120454406738308,0.704616109530131,0.8534374237060547,4.1695272127787275,240.4315747713548,0.99398199110134
1996-06-24,-5.253543853759766,0.2890650443732739,6.298003911972046,27.17279205322268,0.5911437769730886,0.8368097146352131,4.236875851949057,12.627220924180392,0.713551471625357
1996-06-25,-6.289216637611389,-0.3458369008731097,6.962507963180542,27.22628173828127,0.6978428562482197,0.89807391166687,4.390499750773111,16.670022636018206,1.0259220585122293
1996-06-26,-5.868057012557984,-0.6170484498143195,6.983675837516785,27.26596984863283,0.692336897055308,0.979233980178833,4.221568504969279,13.938145243194887,0.9477932749915778
1996-06-27,-6.825721740722656,-1.5990362763404846,7.887691974639893,27.27577362060549,0.834479808807373,1.180439313252767,4.4825358390808105,19.5715068117795,1.5224671474109905
1996-06-28,-6.251747488975524,-1.8838252425193789,7.3207387924194345,27.249551391601585,0.8049344420433044,1.1991118590037029,4.585507074991862,24.727647297943616,1.521918964610443
1996-06-29,-5.974326491355897,-1.6693483293056486,7.099100470542908,27.20191345214846,0.7452346682548522,1.0613046487172444,4.597126007080078,27.768030223061583,1.25159147909064
1996-06-30,-4.680521726608277,-3.1081383228301998,6.149965167045592,27.150727844238304,0.6238075097401937,0.9723411401112875,4.257612228393555,41.15702668802519,0.8376822427596288
1996-07-01,0.7581193745136261,-2.4778725504875183,3.8282954692840576,27.11133728027346,0.5610621770222981,0.7153496742248535,5.048641363779704,75.2805062224156,0.7474191985057224
1996-07-02,-0.7312357276678085,-1.6879671514034271,3.4020481705665584,27.098291015625023,0.61025075117747,0.7477124532063802,6.443284829457601,76.47718999610441,1.113037153264061
1996-07-03,-2.6900112032890315,-1.3366641402244568,4.246776223182677,27.09211120605471,0.45530302325884503,0.5983359018961588,3.9967398643493652,49.639952458849955,0.39061726000665636
1996-07-04,-3.2953880429267883,-1.504517823457718,4.3225088119506845,27.085061645507835,0.40074027578035987,0.5208868185679117,3.7960996627807613,40.02677826557228,0.2758940949811768
1996-07-05,-3.448390543460846,0.660692423582077,4.162517428398132,27.10687408447268,0.4393174946308136,0.5405101776123047,4.085251331329346,21.893082652575703,0.3658160719070668
1996-07-06,-2.2027152478694916,3.6081045866012573,4.986168026924133,27.187425231933616,0.5092431108156841,0.7288858890533447,3.7662112712860107,324.21357111993586,0.4873068106810984
1996-07-07,-3.7149951457977295,1.7678260505199435,5.141569256782532,27.349694824218773,0.4797569811344147,0.6509888172149658,3.6349842548370366,316.38020242353895,0.3943908724430828
1996-07-08,-3.821666955947876,0.9475071504712104,5.9417489767074585,27.5519958496094,0.6101932326952617,0.7313102881113688,3.9878029028574624,228.22406426046754,0.6860411782715463
1996-07-09,-4.511643886566162,0.2866300158202648,5.82177233695984,27.72893676757815,0.5407846570014954,0.6529431343078614,3.944655100504557,123.6397510778495,0.533624314190623
1996-07-10,-4.8639960289001465,-1.3998845219612122,5.943527936935425,27.868455505371116,0.5930013060569763,0.8681316375732422,4.113478342692058,25.526678035278263,0.7125836970396363
1996-07-11,-4.332537174224854,-1.6947741806507113,5.740677595138549,27.959031677246116,0.5376274883747101,0.7707033157348633,3.8756541411081953,31.22232803946933,0.5420461729982203
1996-07-12,-4.691040754318237,-1.545951396226883,6.1709861755371085,27.98608551025393,0.6028925776481628,0.8596239884694418,4.0161519050598145,27.554305605405506,0.7179151836395077
1996-07-13,-5.068175554275512,-1.6436394155025484,6.289809942245483,27.91438446044924,0.616790274779002,0.8562858104705809,4.007848660151163,25.19017846454782,0.7292246378760491
1996-07-14,-5.298706412315369,-0.6635447554290294,6.405317783355713,27.75621185302737,0.6476198037465413,0.8557235399881999,4.173018376032511,18.30097186526831,0.8475573263585028
1996-07-15,-5.966934442520142,-0.9432163089513779,6.814499855041504,27.572106933593773,0.6854253609975178,0.9623370965321859,4.233709732691446,16.350443678733768,0.960490667565785
1996-07-16,-6.229194402694702,-1.6508707702159882,6.893720626831055,27.420770263671894,0.7091599106788635,0.971193790435791,4.3911138375600185,24.414577765218198,1.0796311495288016
1996-07-17,-6.113843202590943,-1.8337761163711548,6.87279200553894,27.35884246826174,0.7711248397827147,1.056306521097819,4.925624529520671,31.651943991680167,1.389297114430483
1996-07-18,-6.650965332984924,-1.105981320142746,7.29983639717102,27.403298950195335,0.7830838163693745,1.0070562362670898,4.6981581052144366,21.10310290524391,1.3560661777058374
1996-07-19,-5.8768380880355835,-1.8601019084453585,6.615268826484679,27.516931152343773,0.7697964708010355,1.0914141337076824,5.074317137400309,31.42262693542064,1.4409521233599072
1996-07-20,-5.31716775894165,-1.210299924015999,6.110415697097778,27.671456909179707,0.6474363207817077,0.9016430377960205,4.597942272822062,30.501722626140555,0.9196454279330122
1996-07-21,-5.495352625846863,-0.8315003886818886,6.050309300422669,27.838357543945335,0.5822253028551737,0.7814569473266603,4.156363487243652,25.36451096444767,0.6632703590143311
1996-07-22,-5.604371547698975,-1.547240436077118,6.443359017372131,27.988122558593773,0.6334624489148458,0.8857353528340658,4.243980884552002,27.773078308048447,0.8144027985797628
1996-07-23,-5.370967626571655,-1.74351304769516,6.1982996463775635,28.093499755859398,0.6024403174718221,0.9191590944925945,4.1872068246205645,29.123245383689156,0.7646259745385151
1996-07-24,-5.4113075733184814,-0.19075369555503124,6.537533640861511,28.14273986816409,0.6575137972831727,0.9411812623341878,4.092461347579956,11.915418948786376,0.8552199275543491
1996-07-25,-6.474248051643372,-0.19233148917555812,7.410890221595765,28.13205871582034,0.722782810529073,0.9834623336791993,4.141516288121541,7.450190000277378,1.0031169974881398
1996-07-26,-6.364544153213501,-2.5065460205078125,7.4759650230407715,28.06000671386721,0.9145655035972595,1.2720859845479329,5.168243090311686,32.61080718250656,2.1164499854893637
1996-07-27,-6.774878740310669,-2.6791529655456543,7.702783465385436,27.92609558105471,0.8669292132059733,1.0841608047485352,4.846638441085815,31.542509367144078,1.729016441041048
1996-07-28,-7.6927649974823,-2.0616869330406185,8.238745331764221,27.774224853515648,1.050216257572174,1.335477590560913,5.439393520355225,29.272806450570666,2.9069537825716147
1996-07-29,-7.016701340675354,-1.964725822210312,7.597722887992859,27.64240417480471,0.8873232404390972,1.055967648824056,4.917567729949951,27.750533577361008,1.856768400687955
1996-07-30,-5.24109148979187,-1.649168223142624,6.047052264213562,27.527764892578144,0.7171550790468852,1.0268406867980957,5.049758434295654,32.8042740201192,1.2420702987320242
1996-07-31,-4.71717917919159,0.3287639324553311,5.642512202262878,27.4264846801758,0.5925121804078419,0.7649431228637695,4.529064178466797,14.352115152614221,0.7479000461418573
1996-08-01,-5.263736963272095,-1.1294107139110565,6.2933326959609985,27.341203308105488,0.5955836375554403,0.817923069000244,4.157813787460327,22.219358354840498,0.6906856066794042
1996-08-02,-5.345108985900879,-2.226826906204224,6.395614981651306,27.345246887207054,0.6384336551030476,0.8989728291829427,4.225452105204265,28.700023701571794,0.8442917954756384
1996-08-03,-4.974977731704712,-1.5069888830184937,6.041950225830078,27.45429382324221,0.5648401776949564,0.7509816487630209,4.013739983240764,26.94348866603999,0.6014597106202074
1996-08-04,-5.749629497528077,-1.6975482106208801,6.676584482192994,27.588433837890644,0.6573545734087626,0.9149063428243001,4.185786008834839,25.65841856289209,0.8689847445758657
1996-08-05,-5.566404223442078,-2.267618238925934,6.5619791746139535,27.666108703613304,0.6637463967005413,0.959664265314738,4.458497365315756,32.05002149127377,0.9436058819018982
1996-08-06,-5.328096389770508,-0.6220773085951804,6.149227380752564,27.61511383056643,0.6532606879870096,0.8113813400268555,4.3950724601745605,23.991490455012393,0.8912724883225867
1996-08-07,-5.757628440856934,-0.4296047403477132,6.499336123466493,27.45722351074221,0.6824992100397745,0.8414262930552167,4.457953453063964,19.38344740581236,0.9871956164196184
1996-08-08,-6.4610313177108765,-1.0711929351091385,6.808847784996033,27.273225402832054,0.7199173172314961,0.7753996054331462,4.5477486451466875,25.40805100592416,1.1199494746324017
1996-08-09,-6.8474825620651245,-1.2201682031154633,7.34789538383484,27.09336242675784,0.783415416876475,0.9401760101318359,4.581405321756998,18.250262131305306,1.3022784864713612
1996-08-10,-5.914489388465881,-1.8183011114597318,6.620782971382141,26.948365783691425,0.6811655759811401,1.0054062207539876,4.421870470046997,29.75305351995784,1.011693508216687
1996-08-11,-4.539422512054443,-0.6312842965126038,5.588640928268432,26.87014923095705,0.5731861392656962,0.8929955164591471,4.252861897150675,25.22014132957645,0.7084174371796907
1996-08-12,-3.992149293422699,-0.4191536959260702,5.78139340877533,26.903535461425804,0.5569983919461569,0.790510654449463,3.980080604553222,14.415858205592523,0.5904991146481503
1996-08-13,-4.308859467506409,-0.9475008025765419,5.575792789459228,27.03814849853518,0.551421602567037,0.845078706741333,4.163081487019857,27.816124660490836,0.6179698048835034
1996-08-14,-4.656582236289978,-2.268438100814819,5.676588058471681,27.221398925781273,0.5241432090600332,0.7881186803181967,3.9383044242858887,36.042023902901335,0.5141437446247026
1996-08-15,-5.350912690162659,-2.6065739989280696,6.264870643615722,27.39933929443361,0.6244171063105265,0.8979368209838867,4.342475732167562,36.76291264869209,0.8106917020255929
1996-08-16,-4.883360147476195,-2.9993370175361633,6.249377846717835,27.522088623046894,0.6129507025082906,0.7726521492004393,4.2903768221537275,41.3669918252671,0.7419698034258327
1996-08-17,-5.0138818025589,-2.9332963228225704,6.281244516372681,27.57019958496096,0.6844439307848613,0.897299607594808,4.633872667948404,41.36218627140058,1.013466912890593
1996-08-18,-5.79097557067871,-2.3454108834266663,6.73441481590271,27.56305847167971,0.7336507042249044,1.0205706755320232,4.875676155090332,35.05841263689591,1.2528029073244853
1996-08-19,-5.469479084014893,-3.6028402447700496,6.781702399253845,27.50855407714846,0.7663882573445638,0.9268998305002849,4.895997206370036,40.160765680250634,1.3297746792028626
1996-08-20,-7.8360586166381845,-5.689070105552673,9.785709142684937,27.416772460937523,1.3564358154932659,1.826985200246175,5.7474266688028965,41.253782545823334,5.2618295029969815
1996-08-21,-11.50560736656189,-0.6062570530921221,11.927473068237305,27.29933319091799,1.7468709945678713,2.0807814598083496,6.044095993041993,16.88440170357444,8.698314088832927
1996-08-22,-8.48029363155365,3.8449559807777405,9.41039514541626,27.194505310058616,1.3004414637883506,1.7028349240620932,5.431473573048908,229.36880631339193,4.625762629887627
1996-08-23,-7.479007363319398,1.5289094150066376,7.811946153640748,27.127313232421898,0.9595618049303689,1.1701556046803792,6.056437969207764,116.45739842869632,2.486988555552095
1996-08-24,-7.663468718528748,0.33176294225268066,8.002220869064331,27.091226196289085,0.9048232833544415,1.052019993464152,4.755031108856201,7.816560841778388,1.8949613705250479
1996-08-25,-5.742194533348084,-0.15710557624697688,6.292876839637756,27.079125976562523,0.6542221506436666,1.0120008786519368,4.5098057587941485,17.23608615571656,0.9657523623633605
1996-08-26,-5.717270851135254,0.3770496435463428,6.276112079620361,27.084886169433616,0.6168436606725057,0.8992617925008137,4.271544933319092,15.327513013697624,0.7922792081058522
1996-08-27,-5.342050075531006,0.22921833349391818,5.835514545440674,27.111764526367214,0.5579472084840139,0.822072188059489,4.352437337239584,20.345311501044193,0.6618906872383502
1996-08-28,-5.659732341766357,-1.197966292500496,6.144653081893921,27.165368652343773,0.585897813240687,0.8392313321431477,4.11638077100118,23.874183529325197,0.7101926705672503
1996-08-29,-4.814664959907532,-1.5491720139980316,5.4829901456832895,27.243608093261738,0.5263953109582266,0.6947983105977377,4.133633375167846,30.121284655302002,0.5398366287938227
1996-08-30,-4.586430251598358,-2.366993486881256,5.582240581512451,27.345079040527363,0.4729769130547842,0.5505794684092203,3.8871289889017744,34.70974886596341,0.4004376521172465
1996-08-31,-3.932741224765777,-1.638880342245102,4.887286305427551,27.462396240234398,0.4510168631871541,0.6151336034138998,3.879361629486084,32.30262995162591,0.3744778578720962
1996-09-01,-3.1044921874999996,-0.27383434399962425,3.904246151447296,27.547296142578148,0.29850422342618305,0.3433032035827637,3.2339909871419272,17.600656381398927,0.1320080594733136
1996-09-02,-3.7558330297470093,-0.2837414033710956,5.128302097320556,27.576631164550808,0.43189706405003864,0.524010181427002,3.602129936218262,10.698274666808135,0.3163879904147294
1996-09-03,-4.7690385580062875,-1.1521917283535004,5.8730512857437125,27.591912841796898,0.5379128555456798,0.7404348055521647,3.856326182683309,20.368586319393387,0.5394678657092178
1996-09-04,-3.6707047820091248,-1.457577407360077,5.2772759199142465,27.63294372558596,0.5011687974135081,0.6664225260416666,3.8724928696950274,30.58341679562375,0.4624616739615114
1996-09-05,-3.8664851188659672,-1.3594356328248975,5.151621937751769,27.732263183593773,0.442607581615448,0.5942605336507162,3.547660748163859,24.237728949476924,0.3245426262444411
1996-09-06,-4.990883827209473,-1.5207696855068207,6.133296728134156,27.827874755859398,0.5570921103159586,0.7383554776509603,3.8589011828104653,22.667781137417478,0.5736150594350827
1996-09-07,-5.542574763298035,-1.3074016124010086,6.596047282218933,27.872239685058616,0.6253491242726643,0.8868460655212402,4.05499768257141,21.204569576174624,0.7506754234152722
1996-09-08,-4.939814567565918,-1.2998174726963043,5.737941861152649,27.91133270263674,0.6037647922833761,0.9736088116963705,4.428216457366943,29.396964873309834,0.8180363218114451
1996-09-09,-4.936794877052307,-2.45298832654953,5.929537415504456,27.992196655273464,0.591472864151001,0.7940425872802733,4.2573661009470625,36.99934053538917,0.6907181261389039
1996-09-10,-4.63263189792633,-2.075524628162384,5.692521572113038,28.1548782348633,0.6178810993830363,0.8540868759155275,4.526329199473063,38.37613597936549,0.8126377483157708
1996-09-11,-3.262805700302124,-2.6947171688079834,4.819458842277526,28.347985839843773,0.5386011004447937,0.7894914944966633,4.247138341267903,46.77747292831215,0.5858370263361942
1996-09-12,-1.8481934368610384,-2.471588015556335,3.441692590713501,28.497430419921898,0.3851780196030935,0.5311355590820312,3.8715523878733316,61.11589787616674,0.26596600430162026
1996-09-13,-2.3811739683151245,-2.064276754856109,3.6316947937011714,28.60334167480471,0.30483995874722797,0.4079254468282063,3.596947987874349,58.9634095052568,0.1499073488317683
1996-09-14,-3.48891943693161,-0.744892843067646,4.671018004417419,28.667214965820335,0.3919979234536489,0.5006278355916342,3.4346206188201904,31.10135177653314,0.24121118713393358
1996-09-15,-4.647688329219818,-0.008641706779599178,6.175551414489746,28.68781433105471,0.5783568322658539,0.7133644421895344,3.8073869546254473,124.51034445401483,0.6063707504300752
1996-09-16,-4.024662911891936,1.1491802036762238,6.4888538122177115,28.653779602050808,0.661966880162557,0.8881403605143229,3.9847985903422036,348.189614509254,0.83484393854318
1996-09-17,-4.3817161321640015,-0.1796238273382187,6.40639865398407,28.56720886230471,0.6040388147036234,0.7403786977132162,3.80340846379598,126.29080016277929,0.6416696240960293
1996-09-18,-5.001849174499511,-0.6368925981223583,6.150534510612488,28.44690856933596,0.6028956770896913,0.8466342290242513,4.132822434107462,18.60238982348189,0.7231594229722468
1996-09-19,-5.178919434547424,-1.8804017901420593,6.192223429679871,28.313378906250023,0.6389013727506001,0.992786725362142,4.373716831207275,30.890576772352006,0.9107241402279964
1996-09-20,-5.1812320947647095,-2.0031336247920994,6.159461259841919,28.186578369140648,0.5957813660303752,0.8619375228881836,4.085505088170369,27.662772670262562,0.7113798187786431
1996-09-21,-2.975789964199066,-0.00842528324574231,5.413326978683472,28.11456451416018,0.5397835075855255,0.7253670692443848,3.877137978871664,127.59076422471257,0.5410419048941286
1996-09-22,-3.5749146342277522,-1.537691980600357,4.905620336532593,28.10908660888674,0.37356392542521155,0.5033518473307291,3.3022240797678633,23.273787885955,0.20906584836436645
1996-09-23,-4.969898343086243,-2.295023202896118,6.037360429763794,28.139749145507835,0.5393932163715363,0.6991426150004069,3.919728676478068,34.01430569612021,0.5274589002841238
1996-09-24,-4.9466116428375235,-1.4088272750377655,5.8112908601760855,28.175874328613304,0.6027167836825053,0.9309878349304198,4.338955720265707,34.83731087952761,0.7659632072319915
1996-09-25,-4.241464912891387,-2.4527894258499146,5.132994294166565,28.190492248535175,0.48129030068715417,0.6798152128855387,4.103261550267538,46.48246393851954,0.4377290900124121
1996-09-26,-4.462828516960143,-0.00565910339355469,5.585488319396973,28.19665679931643,0.5081974565982819,0.654914379119873,3.8838166395823164,18.328159646877584,0.4642057550587549
1996-09-27,-5.8161484003067025,0.10774042457342149,7.102950572967528,28.21142730712893,0.6980502605438232,0.8290586471557617,4.1194359461466465,7.19837913038981,0.952973919960463
1996-09-28,-6.04092812538147,-1.5093031227588654,6.932224035263062,28.21621093750002,0.7643180092175801,1.0374897321065268,4.711903254191081,24.276782075785906,1.3652045575529104
1996-09-29,-5.5063127279281625,-1.5910804569721222,6.241687417030335,28.19178924560549,0.7175066868464152,0.8796413739522299,5.9087025324503575,42.87477935799846,1.3639795293211265
1996-09-30,-5.478250741958619,-1.0887174010276792,6.318714141845703,28.12135467529299,0.8726008534431456,0.9975711504618328,7.5604184468587246,71.21218654347628,2.5919186251833626
1996-10-01,-4.75245475769043,-1.3530858904123308,5.9534982442855835,28.006700134277366,0.8596115708351135,1.1462521553039549,6.190124352773031,63.64774260069127,1.9991741761062507
1996-10-02,-3.1419395804405217,-0.6252068281173706,4.3178573846817025,27.879350280761738,0.625063717365265,0.8118056456247965,6.230963548024496,71.04515454660229,1.1471884947370892
1996-10-03,-1.9813713431358337,0.5150320753455162,3.964781641960144,27.768968200683613,0.47820110122362774,0.5842555363972982,5.4339572588602705,48.938265985924296,0.5679706503787874
1996-10-04,-2.297622114419937,1.3002481013536453,4.818067193031311,27.707597351074238,0.4635903835296631,0.5500628153483073,3.814687331517537,123.82245446501773,0.37954237922008005
1996-10-05,-2.0717434287071224,3.0981528162956233,5.96560275554657,27.724366760253933,0.6757973035176594,0.7585943539937338,5.845621347427368,134.36464551290794,1.3462121831095144
1996-10-06,3.3048402070999146,6.637508749961853,7.872781038284302,27.814706420898457,1.2267271677652996,1.7377550601959226,8.687837600708008,130.26071628956575,5.794119679732352
1996-10-07,6.9944326877593985,1.599272817373276,10.316486835479736,27.939660644531273,1.924363414446513,2.336706002553304,7.9692749977111825,175.03725224556166,13.404897019330772
1996-10-08,1.6863150000572202,-6.961142539978027,7.274478077888489,28.07142028808596,1.9597816467285156,2.2707191308339434,9.934274355570476,104.32678863895373,17.233981381831974
1996-10-09,-1.0106105357408524,-4.184367656707764,4.352230429649353,28.182427978515648,1.2110364238421123,1.69295867284139,9.75573444366455,90.40279791426393,7.052099317743087
1996-10-10,-2.7588332891464233,-5.4448195695877075,6.113266110420227,28.242967224121116,0.7833059231440228,0.8850079377492269,5.923934618631998,79.209082141897,1.6105007885970395
1996-10-11,-4.617602586746215,-6.77996587753296,8.231279730796814,28.204377746582054,1.195337891578674,1.664731502532959,5.812456766764323,69.0192439721321,3.988905662001941
1996-10-12,-6.976539850234985,-6.519022822380066,9.624473094940186,28.074067687988304,1.5173621972401938,1.8262702226638796,6.5508964856465655,51.357251596538184,7.021177849765717
1996-10-13,-5.88694167137146,-5.456759095191956,8.213874340057373,27.907983398437523,1.24201770623525,1.3995149135589597,6.648823897043863,51.53616170407339,4.757791362246782
1996-10-14,-4.967665433883667,-4.74225926399231,6.97566032409668,27.76385650634768,1.1270174185434976,1.2957281271616619,7.468787034352621,54.53538942721044,4.386301946113703
1996-10-15,-4.287414789199829,-3.013791620731354,5.522181272506714,27.692102050781273,0.9990904331207275,1.1948459148406982,7.903990268707275,54.0381196759249,3.6973085712420337
1996-10-16,-4.514985561370849,-2.0427245497703552,5.3108108043670645,27.699578857421894,0.7799740433692932,0.9824132124582926,6.529268741607665,48.35658562153854,1.9327783911010574
1996-10-17,-2.8786423802375793,-3.9813563823699956,5.046306014060975,27.745690917968776,0.6558330655097961,0.7436571121215819,5.9532389640808105,51.37213503904428,1.2032830181240315
1996-10-18,-0.3962263613939286,-6.897763609886169,7.137354731559753,27.81273040771487,0.8926784197489421,1.1534579594930012,5.364185492197673,70.78219919272804,1.996956887364185
1996-10-19,-2.6700130701065063,-5.470171570777893,6.29620897769928,27.882958984375023,1.0520349542299905,1.2707977294921875,6.358158906300862,75.62405175797666,3.2018365702246028
1996-10-20,-4.506769299507142,-1.5440844297409058,5.2081393003463745,27.934877014160183,0.974018931388855,1.1057562828063965,7.616728146870931,72.20394189948388,3.2864781038094364
1996-10-21,-6.025927305221558,0.2184131583198905,7.093521237373352,27.919694519042995,0.8550799886385598,1.0123087565104167,5.147585391998291,21.125584820762903,1.7975501600095605
1996-10-22,-5.659683108329773,1.0511560216546059,7.375863671302796,27.834672546386745,0.85216756661733,1.149398962656657,4.490158001581828,236.61173116473412,1.6219908394563818
1996-10-23,-4.129233300685882,-1.3444089442491531,5.512241840362548,27.725862121582054,0.7247752547264099,1.0740440686543782,6.960673967997233,70.74895182009983,1.9367225948148332
1996-10-24,-6.507982611656189,-0.20144250616431236,7.094951033592225,27.640252685546898,1.0060595273971558,1.2513829072316487,7.816740353902181,73.36073945056808,3.713546852274914
1996-10-25,-5.496861100196838,2.656558096408844,6.703903794288635,27.62349090576174,0.764270544052124,0.973331371943156,4.475927750269571,350.5866454710294,1.2841680482420381
1996-10-26,-6.4433019161224365,2.1199297904968266,7.437490940093994,27.67877349853518,0.7306877573331196,0.8834911982218425,4.05898380279541,347.2767955380886,1.0520201517914187
1996-10-27,-8.655749917030334,-0.6803374364972115,9.223943710327148,27.75879058837893,1.1100622216860454,1.3226702213287354,4.960921287536621,12.711303372524734,2.9965990090170913
1996-10-28,-7.862314701080322,-3.2347337007522583,8.715117573738098,27.82235107421877,1.1223811705907185,1.4256160259246826,5.311408042907716,31.1955736304353,3.2216663103742333
1996-10-29,-6.5151718854904175,-2.3708622455596924,7.482094407081604,27.82837066650393,0.9568158586819967,1.3375364939371746,5.367196718851726,31.704555548026008,2.433280026991735
1996-10-30,-6.486752986907959,-1.9250959157943728,7.432875156402587,27.738084411621116,0.8545124530792235,1.1793756484985352,4.808894554773967,28.140219880493476,1.7024421799786986
1996-10-31,-6.664994478225708,-2.575069308280945,7.568982124328612,27.53821716308596,0.8615168730417886,1.2308801809946697,4.845391432444255,31.530084506208045,1.7606311188821888
1996-11-01,-6.083968877792358,-1.2722210884094238,7.126215577125549,27.279534912109398,0.7606154680252075,1.0348807175954182,4.579502741495768,24.28511773469582,1.2886964936295553
1996-11-02,-5.77103555202484,-2.650889217853546,6.808853030204774,27.01871643066409,0.7362475991249083,1.0653125445048015,4.593423684438069,32.98692856301727,1.2199238593632338
1996-11-03,-6.61777138710022,-6.891570568084717,9.567500591278078,26.817674255371116,1.3009512821833293,1.989845275878906,5.4757262865702305,56.428738559386844,5.183803417176892
1996-11-04,-7.934269309043884,-5.618524074554443,9.838414907455444,26.735856628417988,1.6017041603724163,2.0562322934468584,7.481834888458252,55.287522082631725,8.961080262617886
1996-11-05,-6.32770299911499,-2.248709738254547,7.048252105712891,26.843003845214866,0.9679294029871623,1.3217085202534993,6.714230219523112,44.47292954034138,2.964320525600241
1996-11-06,-6.1096659898757935,-1.954519361257553,6.84478259086609,27.084985351562523,0.8353615403175353,1.080231030782064,6.033384799957276,36.10129251442568,2.0580170893872394
1996-11-07,-5.137734651565552,0.4896708130836487,6.261763334274292,27.32884368896487,0.7151107986768087,0.8608357906341553,4.765503883361816,14.020973196711033,1.153880988910731
1996-11-08,-2.1973300576210026,-4.4064998030662546,6.61833930015564,27.44343719482424,0.9347423513730369,2.5154807567596436,4.936316808064778,55.88563517997657,3.563461512000492
1996-11-09,-3.295879542827606,-10.903545379638672,11.411512374877931,27.309594726562523,2.384678522745768,2.9966408411661782,8.711267153422037,89.8867312184344,22.642777948018132
1996-11-10,-4.690234065055847,-7.29975700378418,8.706827163696287,26.961213684082054,1.4884000619252524,1.8188824653625488,7.5292280515035,76.12472515182273,7.635172868483943
1996-11-11,-8.284183025360106,-5.258442163467406,9.85984468460083,26.531900024414085,1.5095510482788086,1.7974875768025718,6.399175802866618,46.96254842989661,6.68327660455538
1996-11-12,-10.595092535018921,-5.5951539278030396,12.013706684112547,26.06642303466799,1.9678782622019448,2.234407107035319,7.1087164878845215,37.49606518576467,13.026757720469469
1996-11-13,-9.501039505004883,-6.45260739326477,11.495326280593872,25.606126403808616,1.9511834383010862,2.131127754847209,7.203862349192303,42.31884588358476,12.952958871447926
1996-11-14,-7.582935571670532,-5.747481465339661,9.528560638427734,25.202073669433616,1.6196828285853069,1.7985417048136392,7.628717581431071,46.682547181455504,9.571575787009428
1996-11-15,-7.664104580879211,-5.421124339103699,9.422575712203978,24.97743377685549,1.550263007481893,1.772387186686198,7.567001660664877,45.953224812703624,8.799129695456609
1996-11-16,-7.005690932273865,-2.9658940434455867,7.802568554878235,24.968797302246116,1.4336509108543396,1.5744131406148274,9.262818336486816,43.99194912801006,9.095683904468999
1996-11-17,-5.683773994445801,-3.1095978021621704,6.784474730491638,25.09610137939455,1.2833408514658609,1.4679368336995444,10.156695048014322,46.008515553616085,7.902431240382157
1996-11-18,-6.149223566055299,-3.294063091278076,7.141200304031372,25.280053710937523,1.1747854948043823,1.4176400502522788,8.378691037495932,43.83562823189377,5.679278497774328
1996-11-19,-4.891657233238221,-2.7655362486839294,5.847448110580444,25.442605590820335,0.8631753126780193,1.1594345569610596,6.8566257158915205,43.267262547934465,2.568642931195222
1996-11-20,-3.9875625967979422,-0.5845133066177368,5.131182432174683,25.53540954589846,0.6054541071256001,0.7326319217681885,5.704501390457152,32.12810958200155,1.0397766695607185
1996-11-21,-3.614439308643341,0.4680717848241329,5.588472247123719,25.568162536621116,0.5852039456367493,0.7161027590433757,4.097595373789469,5.846815278596656,0.6649830875232536
1996-11-22,-4.006112754344939,-0.9904688596725465,5.354554891586304,25.552285766601585,0.5012842714786528,0.6611028512318929,3.8560090065002437,20.943538046508518,0.45305668167982
1996-11-23,-5.949407935142517,-1.5407311916351318,6.751649856567383,25.501611328125026,0.6335630814234415,0.8060688972473146,3.9490802288055415,22.29410935358474,0.7497754430361998
1996-11-24,-5.213960886001586,0.7165341079235077,6.593751668930053,25.425988769531273,0.7538049022356669,1.0439078013102214,4.621351480484009,11.208735397705539,1.2534267717617453
1996-11-25,-1.740942746400833,-0.9089226871728897,6.681870222091675,25.318391418457054,0.7996629675229391,1.9251535733540852,5.3603622118632,34.314116587458685,2.184004705176225
1996-11-26,-1.7632288336753845,-8.489667415618898,8.712811708450317,25.1786819458008,1.6367005904515586,1.9432972669601443,8.501130421956383,109.97182855901998,10.185264773405185
1996-11-27,-4.488543152809143,-7.53268802165985,8.895557165145874,25.027558898925808,1.3811609347661338,1.4569056034088135,6.340198993682861,82.30869482246412,5.439299621905456
1996-11-28,-5.864213347434998,-4.8565309047698975,7.64395809173584,24.88419494628908,1.2293956677118938,1.430095116297404,6.923326333363851,59.65810065322971,4.703787523959087
1996-11-29,-5.098434805870057,-0.5800706377485767,6.018800973892211,24.766183471679714,0.9343465367952984,1.110369364420573,7.496890862782797,45.526101618565306,3.047888486148837
1996-11-30,-5.4443535804748535,2.2414243817329407,6.404777884483337,24.67065582275393,0.8148788809776306,0.9338959852854412,6.4383608500162754,7.9878772462305205,2.127483031986574
1996-12-01,-2.0747008621692657,2.994709134101868,5.577644944190979,24.59653625488283,0.652972936630249,0.8873222668965657,5.999300320943196,226.52408909076658,1.1892752395785582
1996-12-02,-4.3899418115615845,-7.1224989891052255,8.627156019210815,24.566392517089866,1.393732984860738,1.7489105860392253,7.420130570729573,91.40848511081602,6.541414376851974
1996-12-03,-5.774441719055177,-4.299000024795532,7.339668154716493,24.60374603271487,0.9597324728965759,1.1808952490488687,6.621495405832926,68.79928675523563,2.8164448848033734
1996-12-04,-7.4428969621658325,-4.639480710029602,8.858452081680298,24.723275756835964,1.1781333287556965,1.309656063715617,5.796008586883544,49.97493495647177,3.6375215492820807
1996-12-05,-5.213995814323425,-1.3252837359905243,6.1400402784347525,24.853631591796898,0.828251838684082,1.1789236068725586,5.9694611231486,42.96570592813337,1.9506144107687913
1996-12-06,-3.1736367344856258,0.37987868022173643,5.016131281852722,24.936616516113304,0.5921960572401682,0.6909521420796713,6.093658129374186,32.797968291585335,0.9968839639004041
1996-12-07,-2.058271437883377,0.7936863452196121,4.68434977531433,25.00122222900393,0.45040138562520343,0.5195681254069011,4.046422799428304,238.19993748781877,0.3832963183864191
1996-12-08,-2.400308668613434,-6.409765601158142,7.052480340003968,25.07586059570315,0.7193872729937236,1.3260486920674643,3.9641226132710776,81.22511242538046,1.1976047566145156
1996-12-09,-6.816779255867005,-4.793372273445129,8.392909765243532,25.18256530761721,1.3166631062825522,1.4800360202789307,7.024752140045165,64.59235821424305,5.431291989907771
1996-12-10,-8.10615563392639,-0.5482925605028869,8.624272346496582,25.260835266113304,1.1161928375562031,1.404616355895996,5.4796492258707685,23.972605920926014,3.196940182738434
1996-12-11,-6.584288120269775,1.0625245571136475,7.621291518211364,25.255105590820335,0.9485448201497396,1.2834834257761636,5.055806239446004,3.00006777367948,2.2973626146776778
1996-12-12,-5.3543394804000854,-0.19450992345809937,6.5279786586761475,25.191529846191425,0.6896879474322001,0.921547253926595,4.460063298543295,11.590657857910191,1.0408623097393497
1996-12-13,-5.611913323402406,-1.8876846730709074,6.426114439964295,25.093988037109398,0.6342560450236003,0.8253316879272461,4.231204509735107,29.152009021961643,0.802646176755502
1996-12-14,-6.375060439109803,-3.1991056203842163,7.309259772300719,24.989312744140648,0.804110606511434,1.0060687065124512,4.592164993286132,34.1603319826815,1.3762118529284717
1996-12-15,-7.623521685600281,-1.2955441772937775,8.167986750602722,24.911546325683616,0.9322915474573772,1.1566569010416665,4.8496928215026855,21.976031167688024,2.002300694863042
1996-12-16,-5.62448263168335,0.26976367365568876,6.470971465110779,24.854905700683616,0.846126616001129,1.2850878238677979,5.110230922698975,17.022016335930044,1.939589958351335
1996-12-17,-1.3244986832141876,1.4787538051605227,4.091483891010284,24.784288024902366,0.8853224118550618,1.0913658936818442,8.449703852335611,116.25889191515846,3.307298953378772
1996-12-18,-2.286863535642624,2.347706615924835,6.324844479560852,24.66577301025393,0.8760000069936117,1.0720731417338054,6.910848140716553,136.77199188576216,2.4989135333208354
1996-12-19,-1.0781933665275574,-11.947370052337646,12.639159202575684,24.47043762207034,2.5859838326772056,3.329058885574341,8.884978294372559,106.83114522132144,30.655042847374688
1996-12-20,-7.8286354541778564,-7.720949649810791,11.272998332977293,24.24231109619143,2.2362076441446943,2.950253883997599,8.966475486755371,73.44875669368228,20.94548044728064
1996-12-21,-9.930695772171019,-2.032759070396423,10.195062637329102,24.04693756103518,1.6065492232640584,1.9117065270741784,6.893605232238769,36.09787889780524,8.314033834536424
1996-12-22,-8.709677815437317,-2.021713972091675,9.109235048294067,23.89448699951174,1.2983911434809368,1.5870854059855146,6.282116572062175,29.82883410491274,5.159756477966796
1996-12-23,-6.660277485847472,-1.817022204399109,7.256898045539856,23.794793701171894,0.9851116140683492,1.287659247716268,6.274969100952148,33.51078991903385,2.841305474323835
1996-12-24,-4.799492239952087,-0.2928078039549291,5.7566317319869995,23.75555572509768,0.8006389538447063,0.9861904780069987,6.929388046264648,30.125382376904458,2.238698418270136
1996-12-25,-5.683074116706848,-3.1757060289382935,6.750364542007445,23.77723846435549,0.7717135548591613,0.856953779856364,5.181740125020344,43.00294332764205,1.4528963723767254
1996-12-26,-5.540849924087524,-0.5998707897961139,6.088488221168518,23.84761199951174,0.9484779834747314,1.1633106072743733,7.371682802836101,60.96126056570042,3.0468296327025293
1996-12-27,-5.198779702186585,-0.8979937583208083,5.977411508560181,23.956079101562523,0.7247645457585652,0.8481058279673258,6.829367955525717,44.963548918866195,1.682627158221832
1996-12-28,-4.313659727573395,0.44739137589931494,5.372742772102357,24.090440368652366,0.5529460608959198,0.7099390029907225,4.810122410456339,21.20716136928877,0.6936279578045225
1996-12-29,-5.444772720336914,-0.02096282690763473,6.201790213584899,24.232583618164085,0.5647065540154775,0.6743027369181316,3.9600046475728354,13.227260682965397,0.5804605776121725
1996-12-30,-5.09754502773285,-1.6586847603321075,5.952604174613952,24.29034576416018,0.5927378535270691,0.7752964496612549,4.3254168033599845,30.266276654918745,0.7169899225430617
1996-12-31,-5.61876654624939,-0.908081904053688,6.404083728790283,24.236695861816425,0.624627451101939,0.849279006322225,4.252629995346069,24.14543401630628,0.8043515996657917
1997-01-01,-5.183259010314941,-1.8477141559123993,5.973218321800232,24.15228424072268,0.5803271929423015,0.8200756708780925,4.385502020517985,32.233377169111826,0.7057750186804644
1997-01-02,-5.097538113594055,-2.1812222898006444,5.919397354125977,24.118753051757835,0.5320902367432913,0.6877776781717936,3.8539944489796953,32.67610345022284,0.5069276668926744
1997-01-03,-4.948830842971802,-0.8578063994646072,5.5642069578170785,24.205239868164085,0.5622820258140565,0.782824198404948,4.094370921452841,23.11298978140123,0.632231308329265
1997-01-04,-4.0442577600479135,2.5569505691528316,5.69515335559845,24.380517578125023,0.5291170080502828,0.7022557258605957,3.6593794822692876,331.4681754542428,0.5019269744844879
1997-01-05,-3.786352813243866,2.775603234767914,6.1102399826049805,24.547570800781273,0.6038940946261088,0.7672613461812336,3.9306827386220293,317.5793531851359,0.6959501823515961
1997-01-06,-4.627479434013367,2.1571787893772125,6.674403548240662,24.68115386962893,0.6654609243075053,0.9231103261311849,3.9140516122182207,334.18226473186576,0.8468849284993096
1997-01-07,-3.349759042263031,1.7540754973888397,5.647851347923279,24.75782165527346,0.5630869964758555,0.7917868296305339,3.8640880584716797,339.10865447363125,0.6037925495316716
1997-01-08,-1.8859285712242129,1.308896005153656,4.822390198707581,24.753732299804707,0.6121485233306885,0.8166869481404623,8.566385269165039,106.66458362632258,1.5144770874490825
1997-01-09,1.4299349486827853,-2.036399871110916,4.717308044433594,24.652520751953148,0.8615910212198892,2.6470914681752524,6.981806914011638,126.23009096285129,3.536439636546485
1997-01-10,0.3277674391865731,-6.899979829788209,7.100732445716858,24.47628173828127,1.9724152485529582,2.8333161671956377,8.920924822489422,114.90625318423608,16.19281287746521
1997-01-11,-4.357626914978028,-2.622756063938141,5.302894592285156,24.259492492675804,0.9819206992785136,1.2331902186075845,7.654467741648357,96.77073915262068,3.379376199948015
1997-01-12,-7.367526292800902,-1.4473741352558136,7.992198109626771,24.03943786621096,0.9907881220181782,1.2488447825113933,5.0164229075113935,31.511635283988443,2.272871402484544
1997-01-13,-1.550970584154129,0.5512405149638652,5.560541152954102,23.85608825683596,0.9634063641230266,1.242721716562907,6.7984239260355634,53.080063575362104,2.8916004810210856
1997-01-14,1.2314904630184174,-2.093159109354019,3.0755205154418945,23.79670867919924,1.4418533245722451,1.5931605497996013,9.21337636311849,116.73136684576143,8.685692405785783
1997-01-15,-0.4896758534014225,0.8952020406723021,4.305918991565704,23.86383972167971,1.3151721954345705,1.514401117960612,8.760681788126627,91.2550497131103,6.977933292603205
1997-01-16,2.892554759979248,-5.3723742961883545,6.74238359928131,23.96734008789065,1.0968701442082722,1.2756919860839844,7.136983394622802,102.4003108697426,3.870644182491593
1997-01-17,-4.386549592018127,-7.62574827671051,8.91202998161316,24.016000366210957,1.521407127380371,1.6360232035319011,7.000905195871989,79.76603982271773,7.259565362965578
1997-01-18,-4.207488417625427,-7.377085328102112,8.565806865692139,23.92826995849612,1.4593810240427652,1.5660147666931152,7.549852689107259,75.14550165962085,7.270790283830525
1997-01-19,-5.7693318128585815,-3.0881407856941223,6.659221053123474,23.709748840332054,1.031917929649353,1.410271406173706,6.685486316680907,57.362654097069154,3.2853700740269907
1997-01-20,-6.627680540084839,-2.0500198900699615,7.32169234752655,23.455102539062523,0.8836895823478699,1.1335639953613281,4.875527064005534,36.91257113527401,1.7864394832242718
1997-01-21,-7.348869919776916,0.216823261231184,8.249662280082703,23.22259674072268,0.9088265498479209,1.2171320915222168,4.5429517428080235,5.575729233839486,1.827664735274176
1997-01-22,-6.1894965171813965,-0.5984077751636505,7.077517867088318,23.070115661621116,0.8215048313140868,1.1983167330423992,4.814771970113118,15.989205451178616,1.660963539805548
1997-01-23,-5.787986516952515,-0.38633991777896876,6.50403094291687,23.05110321044924,0.671529750029246,0.8390579223632814,4.195871512095134,16.867809290797915,0.9151490934948652
1997-01-24,-4.511749446392059,1.3206523954868317,5.891659498214722,23.1657424926758,0.5884883403778076,0.7331172625223796,4.053634802500407,237.4818678346522,0.683627570573068
1997-01-25,-3.1409138441085815,1.226474717259407,5.040125250816345,23.36158905029299,0.4263834257920583,0.5563376744588217,3.7733377615610757,354.8011256213049,0.3152220706056218
1997-01-26,-4.3563308119773865,-1.6485516130924225,5.228571057319641,23.60754547119143,0.46801846226056415,0.565824826558431,4.2229868570963545,40.183816821068504,0.4277945244854802
1997-01-27,-6.261278629302979,-0.2315385453402996,6.909023761749268,23.873193359375023,0.7714442610740663,0.9057184060414631,5.653186798095704,33.27636830784028,1.5436395256413422
1997-01-28,-6.0130605697631845,-0.7654778212308884,7.0601630210876465,24.12115631103518,0.8450036446253457,1.0548205375671387,5.5771771272023525,24.689883342134696,1.9082657836105472
1997-01-29,-3.5944095253944397,-4.214059472084046,5.842916131019592,24.25092468261721,0.9277782042821249,1.1829387346903484,7.634283224741617,79.36248773756147,3.125087228126927
1997-01-30,-3.342075645923615,-6.205156683921814,7.10087811946869,24.23298034667971,1.1675625244776406,1.2995587984720867,7.954919338226318,100.29520650404686,4.887201903100921
1997-01-31,-3.812219560146332,-4.436991333961487,5.968190789222716,24.140435791015648,0.9348844488461813,1.1739601294199624,6.241063912709554,81.03722647925296,2.500973554404317
1997-02-01,-4.4189451932907104,-1.0296249389648438,5.428442478179932,24.04554901123049,0.6270108421643575,0.7310862541198729,5.354557991027833,54.19690449974301,0.9494870307519178
1997-02-02,-6.78848373889923,0.34102356125367805,7.929831147193908,24.01520690917971,0.8226050734519958,1.0301082928975422,4.331995805104573,4.859162788775488,1.388947785795939
1997-02-03,-6.26554787158966,0.05147768370807171,7.505591392517091,24.038781738281273,0.8491522669792174,1.1509218215942383,4.731827100118002,7.043633022210162,1.7183204484276633
1997-02-04,-5.630296707153321,-0.04427009075880049,6.981122612953186,24.06628570556643,0.792796035607656,1.1391935348510742,4.799908081690471,12.493521786622921,1.5419902629718305
1997-02-05,-4.980050325393677,-2.8719149827957158,6.181786060333252,24.101480102539085,0.6015749971071879,0.8503599166870118,4.194154103597005,36.060285884015364,0.6947957135813693
1997-02-06,-5.641957640647888,-3.1393914818763733,6.667704701423645,24.146356201171898,0.7801987528800964,1.030074119567871,4.954667568206787,43.72713249125405,1.3825985887327132
1997-02-07,-4.955523252487183,-0.9689380973577498,5.999259829521179,24.20398101806643,0.6956874529520671,0.8671725591023762,5.773004690806071,47.865286741691854,1.2715156120996416
1997-02-08,-2.9262446761131287,-1.5682739913463593,4.872131109237671,24.28360137939455,0.5392263829708099,0.722187360127767,4.839391231536865,46.641426421530525,0.6347731399118468
1997-02-09,-5.662886381149293,-5.079316854476929,7.825339078903198,24.369500732421898,1.297714432080587,1.5743734836578371,7.027091979980468,84.26685692602588,5.704632792516617
1997-02-10,-6.017204165458679,-2.014593005180359,7.324968814849853,24.42231903076174,1.082413633664449,1.476353327433268,6.135242144266765,53.91828683644773,3.3772431389413087
1997-02-11,-8.028907775878906,-4.014354765415192,9.203500270843506,24.40590057373049,1.3271907965342202,1.7412532965342202,6.0852759679158535,47.62361245444758,4.95843089792227
1997-02-12,-7.1578052043914795,1.1878984719514847,7.75391387939453,24.286889648437523,1.2238743503888447,1.7831456661224365,6.025548299153645,14.186594618075276,4.677886421442198
1997-02-13,-3.524638593196869,2.355577230453491,5.599430561065674,24.081758117675804,0.6999680598576864,1.159718672434489,5.123096942901611,332.5465137477501,1.2293086140486484
1997-02-14,-2.2961776554584508,1.7166806161403658,5.929407715797424,23.85614929199221,0.6303155620892842,0.9441742897033693,4.369210720062257,339.3322376975988,0.8466724328645245
1997-02-15,-0.32862914353609085,-10.052212238311768,10.128273963928224,23.660821533203148,1.7134747107823691,2.428611437479655,6.814909299214681,108.50365325795492,11.747189055112244
1997-02-16,-3.5647197365760803,-10.24907684326172,10.91071128845215,23.54554901123049,1.9815232356389363,2.2245593070983887,7.636444409688314,82.71791070629364,13.411099666939707
1997-02-17,-6.840950846672057,-8.463548421859743,10.92145824432373,23.555841064453148,1.915940244992574,2.0409547487894697,7.537273565928141,62.20071338217863,12.465494696980867
1997-02-18,-7.164996027946472,-3.8257471919059753,8.170634150505066,23.681878662109394,1.2965019941329956,1.6305349667867026,7.555675983428955,48.83076427893606,5.8931256151923
1997-02-19,-6.4469075202941895,-0.4131471058353781,6.8883183002471915,23.878373718261738,0.9859979550043741,1.2859245936075847,7.417898813883464,31.677915063118636,3.3882191674743107
1997-02-20,-6.6819740533828735,2.5018198490142822,7.403898835182189,24.132142639160183,0.8909034132957458,1.019454002380371,5.504201412200928,124.28845780822695,2.1385541733998354
1997-02-21,-5.438510775566101,3.004921734333038,6.988814949989319,24.42975769042971,0.8145168622334797,1.0543255805969238,4.592634677886963,339.044691190897,1.4606808040424681
1997-02-22,-4.777669072151184,1.2784409523010256,6.466816306114196,24.74795684814455,0.6831879218419393,0.9072983264923096,4.536617358525594,355.17363082849846,1.0000739722737646
1997-02-23,-5.717732787132264,-2.593286275863647,6.784938812255859,24.953401184082054,0.9533483187357585,1.119185447692871,7.198832670847574,71.62481281864858,3.1263381508638197
1997-02-24,-7.172007203102113,-2.0428130626678467,7.900980830192565,24.99247131347659,1.0394952098528545,1.2373775641123455,6.246702353159587,44.83714195405736,3.0426583588090814
1997-02-25,-6.261292934417725,-2.245951145887375,7.249890446662904,24.963670349121116,1.0074635148048399,1.410248835881551,6.365590254465739,42.54734568096436,2.9832445017641827
1997-02-26,-6.092851042747498,2.1181223392486572,7.20928132534027,24.9631286621094,0.8616597453753153,1.0017461776733398,4.894427537918091,123.01460823483775,1.6982783703616116
1997-02-27,-5.308801293373108,3.784847199916839,7.2765737771987915,25.076135253906273,0.8860326210657756,1.3917921384175618,4.596197923024495,329.5582223907933,1.8786788783049113
1997-02-28,-5.733578801155091,4.400823593139648,7.514509320259094,25.259141540527366,0.7794274687767029,0.9930028915405271,4.1697572072347,331.0387808629658,1.227466932240758
1997-03-01,-7.004584193229676,4.343715190887452,8.329548120498657,25.414674377441433,0.9485746820767721,1.187671740849813,4.611902077992757,331.8781939948393,1.9774905370228257
1997-03-02,-5.809733390808106,3.0975486040115356,7.953952670097351,25.540719604492214,0.9395527044932048,1.1977766354878745,4.66361379623413,336.5112233854779,1.9698078742494327
1997-03-03,-4.01578974723816,1.0312999188899994,6.367804527282715,25.635469055175804,0.8088972171147665,0.9904252688090006,5.91131591796875,7.535399059748291,1.8817964756027845
1997-03-04,-6.363678932189942,-0.31410440430045133,7.984810829162597,25.697198486328148,0.9471269845962524,1.1453159650166829,5.642564455668132,24.8880411526697,2.3837682774153413
1997-03-05,-7.65106475353241,-0.05425176583230496,8.937272548675537,25.707246398925804,1.0431360999743144,1.2368823687235513,4.817976315816244,7.461993020579749,2.5046957001259127
1997-03-06,-7.328012585639954,-2.951299607753754,8.460325002670288,25.664239501953148,1.0286441644032795,1.5117615063985188,5.040175596872966,28.901265420430377,2.623275026732313
1997-03-07,-8.144522070884705,-4.664316534996033,9.522352695465088,25.590081787109398,1.3261379798253377,1.6748849550882974,6.1852091153462725,45.20971577510212,4.963472363962003
1997-03-08,-7.433892726898193,-3.052608847618103,8.58191442489624,25.507272338867207,1.251430590947469,1.6634357770284016,7.001258373260498,44.100369863971444,5.03168874767665
1997-03-09,-7.420750379562377,-2.5834277868270874,8.443438649177551,25.43805084228518,1.097631613413493,1.4868286450703938,5.668060779571533,33.06266403372987,3.300570550097443
1997-03-10,-6.965025901794434,-2.641130387783051,7.966541647911072,25.411828613281273,1.01876038312912,1.3899300893147786,5.411434809366861,32.16046879876575,2.7744074898081417
1997-03-11,-6.1124900579452515,-1.6339401602745056,7.303673505783081,25.432908630371116,0.8362272580464681,1.0704914728800454,4.740750551223755,26.411044905321145,1.5603016889656245
1997-03-12,-5.487388014793396,-0.6171342879533768,6.831190228462219,25.489587402343773,0.7697491049766539,1.0007761319478354,4.463026762008667,18.948243682133786,1.2489345559055434
1997-03-13,-5.010990500450135,1.3228537887334824,6.583229660987853,25.56891021728518,0.7374845941861471,0.8842012087504069,4.44067923227946,236.3108428333771,1.1386357771465792
1997-03-14,-1.9820121526718142,1.345797821879387,5.4210203886032104,25.660440063476585,0.5621621112028757,0.6633922259012858,4.1307980219523115,233.57349870134243,0.6228002259091713
1997-03-15,-5.688167572021485,-2.6394731402397156,6.931628942489623,25.77173767089846,0.6442738572756449,1.1647484302520752,4.1039105256398525,32.323330179445314,0.8294879629614289
1997-03-16,-9.050873875617981,-2.9628602266311646,9.84451675415039,25.897332763671898,1.2465767463048298,1.6283834775288901,5.182354768117269,26.62450902919746,3.8306546005157074
1997-03-17,-8.206213474273682,-2.436056047677994,9.22983121871948,26.001245117187523,1.2841349442799885,1.7525142033894856,5.8065980275472,29.180813957917128,4.695364106780214
1997-03-18,-7.21968138217926,-1.548560380935669,8.418458819389343,26.05141601562502,1.0926892956097922,1.5525730450948079,5.543968677520752,24.734216457601764,3.318211177611154
1997-03-19,-4.857003331184387,-0.8767813369631767,6.762178421020508,26.01636657714846,0.9167197148005168,1.3751795291900635,5.299805800120036,23.538936286630037,2.242992387070727
1997-03-20,0.3374041467905045,-5.566631197929383,6.267989158630371,25.91649017333987,0.7897849480311074,1.4079995155334473,5.994374752044678,82.04148912641638,1.9501326695017374
1997-03-21,2.788615822792053,-4.880303382873536,5.733846187591553,25.79975280761721,1.107065478960673,1.4496652285257976,6.929056962331136,123.16908719107457,3.920273200354718
1997-03-22,-0.7678213268518448,-1.167869210243225,2.4120237231254578,25.68460998535159,0.6448298295338949,0.8025376001993816,6.431954224904379,113.24054688130778,1.221803391540156
1997-03-23,-4.1104782819747925,-2.3178161978721614,5.176078677177429,25.589143371582058,0.5829111337661743,0.817337195078532,4.533934911092123,57.316526957067595,0.7015111737975973
1997-03-24,-7.2670124769210815,-1.1869631260633469,7.863919138908387,25.532456970214866,0.8151207168896993,1.143340269724528,4.371638218561809,17.93004577579283,1.4086733747846079
1997-03-25,-5.936730742454529,-0.20334500819444656,7.386881828308106,25.53836975097658,0.9006285667419435,1.2993206183115642,4.721056302388509,4.81679420930296,1.937548742060913
1997-03-26,-4.574249982833861,1.0051379948854446,6.662496209144592,25.612199401855495,0.6864127119382223,0.8419294357299804,4.0569482644399,353.7293862586629,0.893015190411886
1997-03-27,-2.3304412961006165,-0.29857224971055984,5.228329420089722,25.74119720458987,0.5559549331665039,0.7205653190612793,4.0769775708516445,11.901060966090236,0.5684355428545905
1997-03-28,-3.054068684577942,-0.30356464534997946,5.516586542129517,25.91233215332033,0.596095860004425,0.7464300791422526,4.080411116282145,14.728338807416641,0.6554697003441643
1997-03-29,-3.6081880927085876,0.9439039081335067,6.040668368339538,26.1091247558594,0.6418697237968445,0.8001842498779296,4.048440933227539,347.4826188545508,0.762543690427505
1997-03-30,-4.673476576805115,0.8917890936136246,6.6827149391174325,26.268655395507835,0.7497560183207195,0.9288520018259684,4.328070481618245,355.29825565643847,1.1516825043356878
1997-03-31,-3.978201568126678,-2.81150358915329,5.7522292137146,26.36526641845705,0.5280261337757111,0.7418950398763021,3.859936078389486,37.96446804674108,0.49379317199499306
1997-04-01,-5.601638436317444,-1.8338815569877625,7.209117889404297,26.4349075317383,1.0153705279032388,1.2286755243937175,6.305489540100098,45.5403110712708,2.9188009167781646
1997-04-02,-7.225001573562622,-1.481007844209671,8.501938700675964,26.513581848144554,1.1900482376416526,1.459047238032023,6.1232082049051915,33.31337045478055,4.06027034931627
1997-04-03,-7.498552083969116,-0.2523345276713371,8.36087417602539,26.6291213989258,1.095704158147176,1.4836782614390056,5.501120885213217,15.802899096896777,3.272714475267701
1997-04-04,-6.361913919448852,3.1524494886398315,8.108635902404785,26.72388610839846,1.1296227773030598,1.4033814271291096,5.31411345799764,346.48627770193525,3.235073665478355
1997-04-05,-4.610772013664246,3.732098340988159,7.987537860870361,26.756036376953144,1.0814551512400308,1.4563740889231365,5.003706614176433,330.30110530325055,2.9327173141687237
1997-04-06,-2.8989017009735107,1.4582121372222903,6.2370994091033936,26.77358398437502,0.7211702664693197,0.9624271392822266,4.71901289621989,344.24062897763025,1.1524383759174799
1997-04-07,-3.298469662666321,-1.9053400456905363,6.071742415428162,26.823716735839866,0.6533552010854086,0.8163250287373862,4.083647966384888,28.594934114226835,0.7872391083871726
1997-04-08,-5.810486912727356,-1.4258165955543518,7.05632507801056,26.95269927978518,0.8299161195755005,1.1098302205403645,4.644882917404175,26.857364076436284,1.5296556316158412
1997-04-09,-3.8119986057281494,-1.4324373006820679,5.278205871582031,27.171166992187523,0.7679861982663472,1.076385815938314,5.46218220392863,42.21917224524503,1.4748117061368493
1997-04-10,-3.817773461341858,-1.5087998807430267,4.938079118728638,27.414956665039085,0.6615698138872782,0.8990832964579265,5.798403739929199,52.07656916394261,1.1564632073321952
1997-04-11,-4.522682189941406,2.2178085148334503,6.945007681846619,27.60749969482424,0.9362724622090657,1.160952647527059,5.431500275929769,126.67576212268453,2.1948638351197634
1997-04-12,-2.545661389827728,2.5051704645156865,6.778169751167298,27.67193756103518,0.8266188104947408,1.1014454364776611,5.159422715504964,338.762527618165,1.6312228453663786
1997-04-13,-1.7238071858882904,-1.5963275134563446,4.247301697731018,27.539636230468773,0.6017203132311504,0.9295885562896729,7.031334559122722,84.89587637191666,1.322029865186573
1997-04-14,-2.025434136390686,-3.693167090415955,5.251762747764587,27.247544860839863,1.0840624372164407,1.2182553609212239,8.001329898834229,101.33913763136094,4.233471780221827
1997-04-15,-4.072072088718414,-5.275250315666199,6.886087656021119,26.908723449707054,1.1930529673894248,1.510836919148763,7.732003211975098,75.30892822144888,5.055532491031377
1997-04-16,-5.356327652931214,-3.8239431977272034,6.801327586174011,26.57789001464846,1.1043602426846821,1.3852643171946206,6.9943372408548985,58.79295300062891,4.003981360429712
1997-04-17,-5.1947101354599,-6.633241891860962,8.582142353057861,26.310540771484398,1.1201455195744832,1.3520193099975584,5.641055107116699,58.41634604022706,3.204632664160891
1997-04-18,-6.0906020402908325,-5.214443564414977,8.150965809822083,26.16845855712893,1.0833197434743245,1.4128870169321692,5.679527759552003,52.802599757193114,3.047778576866965
1997-04-19,-5.89447808265686,-0.12988934107124805,6.824609160423279,26.242730712890648,0.9252428213755289,1.2200454076131186,5.6352990468343105,30.069358392253548,2.2015011515414638
1997-04-20,-3.658169746398926,1.4727567434310915,6.172165870666505,26.51686248779299,0.7759276032447816,1.1940954526265464,5.426418622334798,17.422796848921905,1.551842742546165
1997-04-21,-0.7531400769948959,2.8494771718978886,3.7983223795890813,26.88069305419924,0.40435048937797546,0.5573550860087076,4.233163515726726,325.4515725082144,0.30444706985578013
1997-04-22,-1.7224783599376678,3.3269689083099365,5.412210822105408,27.223977661132835,0.4896661440531413,0.6810921033223469,3.5906221071879063,294.03608465271367,0.41934170693980655
1997-04-23,-0.03298943699337542,2.337379515171051,4.846909880638123,27.438439941406273,0.4193480908870697,0.4994335174560547,3.286629994710286,272.8877504932479,0.26318906868039704
1997-04-24,-3.6925355195999146,-1.8089108169078825,5.2521499395370475,27.458909606933616,0.7018181284268696,0.8273159662882488,5.142390251159668,76.14650005970307,1.2546686859076994
1997-04-25,-5.779277563095093,0.6676626056432724,6.988725423812866,27.33892974853518,0.9188265403111775,1.142299016316732,5.544821262359619,19.256886825166042,2.1810908047080866
1997-04-26,-4.2013633251190186,2.69356507062912,6.987833857536317,27.15754852294924,0.8495594660441081,1.213280200958252,4.558474858601888,337.34329398734496,1.6512069419253366
1997-04-27,1.3501864820718765,2.1761069297790527,5.351817488670348,26.993974304199245,0.6714298327763875,0.946022351582845,4.735257943471273,284.06735976018143,1.033803236249544
1997-04-28,3.2691877484321594,-6.518949866294862,7.630245685577393,26.925172424316425,1.260859489440918,1.4651977221171062,6.924575328826904,141.76656828620096,5.228765458237485
1997-04-29,-2.6622470021247864,-4.038774251937866,5.080481052398682,26.988877868652366,1.0216535528500876,1.2468136151631672,7.523430188496908,119.67587593242534,3.51644585667673
1997-04-30,-6.271362066268921,-1.24562606215477,7.2132309675216675,27.14380798339846,0.8623437881469725,1.1132471561431887,4.6458133061726885,38.79916603566495,1.696634576939689
1997-05-01,-5.7716758251190186,1.0606369078159332,7.2796021699905396,27.334245300292988,0.7271309097607931,0.8846996625264486,4.147522926330566,353.96561084838584,1.017965087045677
1997-05-02,-6.245795726776122,2.778896987438202,8.121267914772034,27.505929565429714,0.9578937689463296,1.2634954452514648,4.646996339162191,340.1343519668088,2.0866540323361993
1997-05-03,-5.4956403970718375,1.3220841586589813,7.430887699127197,27.61024627685549,0.7887523372968037,1.1139844258626304,4.314092556635538,345.97414698056895,1.336479154329162
1997-05-04,-5.699185371398926,-3.2807143926620483,7.2022403478622445,27.641816711425804,0.7323195139567057,1.156515121459961,4.222630023956299,33.45217939427837,1.0573614632148363
1997-05-05,-8.26196265220642,-4.881455779075623,9.798759937286377,27.629907226562523,1.4415234724680583,1.65531849861145,6.376825809478761,49.02292292634369,5.963830210351103
1997-05-06,-7.167815566062927,-3.4636016488075256,8.334987163543701,27.575463867187523,1.1412771542867024,1.4570929209391275,6.067348480224609,40.3626978922854,3.70976726466473
1997-05-07,-7.980462908744812,-2.749074697494507,8.971743106842041,27.480149841308616,1.161340932051341,1.5178710619608562,5.492255687713623,30.11964582563671,3.5069549511199174
1997-05-08,-7.1922852993011475,-1.988338828086853,8.208500385284424,27.350534057617207,1.0322050849596658,1.4614222049713135,5.367592652638753,26.253331144467797,2.83835830765272
1997-05-09,-6.982132792472839,-1.5227344334125519,7.945184707641602,27.244973754882835,0.9420872926712036,1.2765238285064697,5.046905040740968,20.236583286421233,2.1858462542020898
1997-05-10,-5.065985321998597,-1.17338627576828,6.8302801847457895,27.200830078125023,0.8048601349194845,1.155811071395874,4.807339429855347,22.004643962418942,1.55299148890283
1997-05-11,-0.08536947704851627,0.36006469838321215,4.92608880996704,27.193032836914085,0.6021420955657959,0.8414493401845297,5.504513422648113,65.73247376637919,0.9442818358984226
1997-05-12,4.714128375053405,0.8401044458150864,5.328515887260437,27.195321655273457,0.8247069517771404,0.9024559656778972,6.935150782267254,161.25727880332232,2.0956478441157738
1997-05-13,0.22654294222593307,-2.852297604084015,3.15754908323288,27.18641052246096,0.5562644799550375,0.8038822809855144,5.1698563893636065,138.92038115006613,0.7429974098886271
1997-05-14,-5.232826471328736,-2.020291745662689,6.369245767593384,27.198548889160183,0.6193121870358785,0.8266580104827882,3.8827225367228193,44.27790905151572,0.6665709536690914
1997-05-15,-5.879724383354186,-1.146591678261757,7.026258945465087,27.257989501953148,0.7168130079905191,0.9965151151021321,4.325225432713827,24.75783575263792,1.0469189069310978
1997-05-16,-5.607589721679687,-1.358845055103302,6.888326525688171,27.336801147460964,0.733234703540802,1.0856746832529705,4.390592177708944,23.887731045464133,1.1812453804099945
1997-05-17,-5.638749957084656,-2.4812112450599666,6.786208868026733,27.406907653808616,0.6822129487991333,0.9041096369425455,4.2935952345530195,30.236359796001846,0.9311778127392036
1997-05-18,-5.605015516281127,-0.20208182185888288,6.461108207702637,27.440354919433616,0.6935104727745056,0.8632385730743408,4.470948457717896,19.392863879546912,1.007843826501286
1997-05-19,-5.591169357299805,-0.3825206980109214,7.151160359382629,27.417108154296898,0.7062151034673054,0.8664278189341227,4.345876693725586,9.520665268190896,0.9828253008287642
1997-05-20,-6.198734402656556,-0.4198481428902597,7.6877681016922,27.36158142089846,0.8192719817161559,1.0788585344950359,4.554724057515462,8.3504602557879,1.4516082161612933
1997-05-21,-6.088190436363221,-1.2125884294509888,7.0531275272369385,27.317414855957054,0.7458671927452087,1.1205157438913982,4.429451862970988,21.29770196004502,1.222780894607088
1997-05-22,-6.172830820083618,-2.2209647595882416,7.067961215972901,27.326272583007835,0.7222004532814026,0.9455244541168214,4.251791318257649,25.58851148697164,1.051147558179183
1997-05-23,-5.538890480995178,-1.7007386088371277,6.468125224113464,27.42462310791018,0.6575774351755779,0.7635698318481445,4.473959763844808,26.823880644066776,0.901855306238827
1997-05-24,-5.083881378173829,-1.0229022651910782,6.658390522003173,27.583055114746116,0.7215416431427002,0.9225940704345704,4.465424696604411,20.17851506154081,1.0764439872478317
1997-05-25,-4.487897753715515,0.8295716345310211,6.675066351890563,27.748475646972683,0.7439580361048381,0.8899091084798177,4.374900102615356,354.1699131451315,1.131589229093442
1997-05-26,-4.5823848247528085,0.08699285425245762,6.526675462722778,27.915673828125023,0.7025264302889507,0.8407430648803711,4.259962320327759,3.3226879118145876,0.9613139420372012
1997-05-27,-5.447991967201233,0.21464805863797667,7.346398830413818,28.079011535644554,0.7660581866900126,1.0153709252675376,4.264433542887369,238.4461295361015,1.1578529596615061
1997-05-28,-6.691595911979674,-0.5208713486790657,7.78889799118042,28.229455566406276,0.8453582525253296,1.1342002550760906,4.572377602259318,9.320594819138895,1.5618482280088435
1997-05-29,-6.478059649467468,-1.4762349426746368,7.530603408813477,28.313600158691425,0.8439600070317587,1.2614693641662598,4.690496524175009,21.668921493506236,1.6347414847071349
1997-05-30,-4.4760369658470145,0.02771453140303493,5.417059779167175,28.312234497070335,0.6235776344935099,0.9260767300923666,4.571811119715373,22.219730982388512,0.8682142195528985
1997-05-31,-2.8804942369461055,0.878737524151802,4.792845606803894,28.26227722167971,0.5347515443960825,0.7835094134012858,4.728011131286621,23.02737120797798,0.6500589815473483
1997-06-01,-0.9085979759693147,-0.7122991979122162,3.85252845287323,28.201623535156273,0.3850328425566355,0.5296712716420492,4.546804507573446,45.80083114641028,0.31961547706201227
1997-06-02,-0.14415406389161944,-1.0367481708526611,3.1793279647827153,28.164880371093773,0.34204183022181195,0.3865763346354167,3.753280401229859,96.10851854474926,0.19576552467084432
1997-06-03,-1.0572707206010818,-2.1531309187412258,3.296720027923584,28.17518768310549,0.3373798330624898,0.4429362614949544,4.56646982828776,100.7688213400902,0.22850771308875475
1997-06-04,-2.1422344148159027,-3.580694317817688,4.590279221534729,28.213586425781276,0.4765184819698334,0.5793296496073405,3.850954055786133,79.74652320321744,0.3900015445503025
1997-06-05,-1.524413913488388,-4.406122446060181,4.856869697570801,28.26018676757815,0.5021592676639557,0.6047587394714357,4.027690013249716,79.38415711434097,0.45349384621585814
1997-06-06,-3.222811341285705,-3.129615664482117,5.257928013801576,28.293183898925804,0.5018125275770823,0.6394596099853516,3.915757099787394,68.46627777586046,0.4477639482690587
1997-06-07,-6.744900107383727,-1.9706407487392426,7.682322382926941,28.29272613525393,0.7810425758361816,0.9886506398518881,4.2550249099731445,26.879569157236595,1.2115526133736092
1997-06-08,-6.24627411365509,-2.099914073944092,7.170987844467164,28.259759521484398,0.8771843711535136,1.2764328320821126,5.067336877187093,30.68784045535587,1.913721292997808
1997-06-09,-3.3197258710861206,-2.9647300243377686,4.928747177124023,28.21756134033205,0.6811230580012003,0.872324546178182,5.1073832511901855,52.387909900289294,1.096148633446679
1997-06-10,-2.3382439017295833,-4.273010849952698,5.050710320472716,28.18296966552737,0.664458731810252,0.7983906269073486,4.908227284749349,67.6065906162261,0.971940493120097
1997-06-11,-2.0754694044589996,-3.627582848072052,4.532336235046387,28.17350158691408,0.6154151161511738,0.8069682916005452,5.728762149810791,71.04515951998219,0.968274738712639
1997-06-12,-2.3093993067741394,-1.2841288149356842,3.9916555881500244,28.206857299804707,0.5095193684101105,0.626655101776123,5.834502379099527,71.01681379064814,0.7041768411741582
1997-06-13,-4.40435916185379,0.3935897797346115,5.421947956085206,28.306558227539085,0.5053143799304962,0.6049787203470867,3.698498249053955,16.526356214690566,0.42442357351152027
1997-06-14,-5.202209711074829,0.37998754531145096,6.06971561908722,28.449548339843773,0.5240630209445953,0.6418685913085938,3.659118413925171,352.95300519873695,0.470669186105331
1997-06-15,-4.595509886741638,0.7984789311885834,6.103695750236511,28.58083496093752,0.5795481006304423,0.6853836377461752,3.81818421681722,354.3513547698098,0.5886414004351399
1997-06-16,-4.602102637290955,0.6997769698500633,6.53737998008728,28.64685211181643,0.6525744795799255,0.7874938646952311,4.015145540237426,349.9409298134633,0.7938672838381603
1997-06-17,-5.629717946052551,1.1535342633724213,6.87538206577301,28.600114440917995,0.6925021807352701,0.8867654005686442,4.137620687484741,350.3555512510794,0.9523286174676485
1997-06-18,-5.943145394325256,1.8096789419651034,7.46182656288147,28.464509582519554,0.738817036151886,0.9679168860117595,4.110580205917358,343.175893413096,1.0860219766853039
1997-06-19,-6.845393896102905,-0.4547480698674917,7.807662367820741,28.304902648925804,0.7883016665776571,0.9379509290059407,4.346707741419475,9.040285296120336,1.2651512714223536
1997-06-20,-6.573204398155212,-1.2090015113353731,7.513038396835328,28.133035278320335,0.7967921098073323,1.0645936330159504,4.580922603607178,19.872265153806136,1.3940078981133333
1997-06-21,-7.102444887161254,-0.7928769141435623,7.74367094039917,27.961061096191425,0.8625868956247965,1.0841819445292156,4.7621432940165205,17.04084981458601,1.736604418464377
1997-06-22,-7.42583990097046,-0.21012717531993985,8.102920174598694,27.807977294921894,0.9668205579121908,1.1580582459767659,4.9046642780303955,14.464909832705665,2.220955658907912
1997-06-23,-7.191570162773131,-0.787970833480358,7.931848168373108,27.765771484375023,0.909371574719747,1.2700102329254148,4.899395147959392,17.9204558175856,2.0305103441388344
1997-06-24,-5.940435290336609,-1.1795635968446732,6.6777883768081665,27.85621032714846,0.711385448773702,1.059165318806966,4.523710250854491,23.56026397083425,1.1090628389115595
1997-06-25,-6.814973711967468,-1.6266285479068758,7.377038359642029,27.99076995849611,0.7746785680452982,1.03322172164917,4.493511517842611,23.233927682692126,1.264071084247212
1997-06-26,-6.040640592575073,-1.8151185810565948,6.776453018188477,28.081109619140648,0.7041266759236653,0.9107537269592285,4.599055449167888,28.167015680122173,1.0764343965555843
1997-06-27,-5.084569096565247,-0.6579047292470932,5.595877528190613,28.04638824462893,0.603712389866511,0.8657148679097493,4.493985573450725,25.280301254764048,0.8088007231593412
1997-06-28,-4.7081929445266715,-0.33097061887383467,5.131773233413696,27.90393218994143,0.4769462744394938,0.6917807261149088,3.9859965642293296,26.00292755187064,0.4352832413803616
1997-06-29,-5.713223576545715,0.0807736860588193,6.132304191589355,27.737969970703148,0.5518442789713541,0.8884417215983073,3.8358823458353677,14.394263420006876,0.5652287536050625
1997-06-30,-6.320200800895692,-1.0969839245080948,6.735349535942078,27.577851867675808,0.6604249278704325,0.9104951222737631,4.212692101796468,19.01318998002688,0.8733541035576045
1997-07-01,-7.41136074066162,-2.158472120761871,8.087578058242798,27.451768493652366,0.8797817428906759,1.0395179589589436,4.646492958068848,24.57199529488626,1.6983384917555298
1997-07-02,-5.946090698242187,-1.734009921550751,6.9356207847595215,27.387048339843773,0.807366391023,1.151940107345581,4.811285813649496,28.245448667985233,1.5571975844215307
1997-07-03,-5.155079007148743,-1.7337297499179838,5.91982352733612,27.398843383789085,0.5931339859962464,0.9718715349833171,4.286803563435872,31.81982079124824,0.7618930618291821
1997-07-04,-4.526933133602142,-1.41217103600502,5.524477481842041,27.47590026855471,0.5391405721505482,0.873835563659668,3.9303492705027265,29.83770999120003,0.6066952198696953
1997-07-05,-3.7851999402046204,-0.5540654007345438,4.729012012481689,27.60711059570315,0.4516875346501668,0.6663281122843425,3.662607828776042,32.33686261883272,0.362084243474915
1997-07-06,-4.414661467075349,-0.5712967421859504,5.259252190589905,27.779946899414085,0.4423636893431346,0.6764605840047201,3.518064022064209,22.99282211356596,0.32536407184241356
1997-07-07,-5.523887634277343,-0.8598097637295724,6.1326918601989755,27.98169860839846,0.5856553216775259,0.7520376841227214,4.007299343744914,20.204111595943402,0.6423598673722958
1997-07-08,-5.883389592170715,-2.0562851428985596,6.609799027442931,28.171350097656273,0.6802824536959331,0.8179027239481609,4.551376819610596,30.84263118506461,0.9848459987985142
1997-07-09,-5.412979006767272,-1.9332456290721893,6.435784220695496,28.30933532714846,0.7554436723391216,0.8976627985636393,5.052795569101969,35.15579546384806,1.3409348393623686
1997-07-10,-5.728236317634583,-1.851339817047119,6.503012776374817,28.37951812744143,0.7117060820261638,0.9060893853505452,4.721487522125244,32.45803544828315,1.1236048035409538
1997-07-11,-5.779468655586243,-1.2328419238328934,6.37729811668396,28.365167236328148,0.6518113811810812,0.8708140055338541,4.466231346130371,28.91451599341953,0.8950729700389878
1997-07-12,-6.062396407127381,-0.5943846032023429,6.49324905872345,28.249810791015644,0.6695019404093424,0.9557857513427734,4.407510042190552,22.02483519947352,0.9570125987279434
1997-07-13,-5.3534404039382935,-1.3994368761777878,5.8529425859451285,28.02393493652346,0.5479788680871327,0.7771565119425455,4.120730559031169,26.032839967271972,0.6004964615850354
1997-07-14,-5.0698500871658325,-2.7003364562988277,5.9486987590789795,27.740823364257835,0.5054000616073608,0.6351655324300131,3.7857921918233233,33.506285605380754,0.4409578918148025
1997-07-15,-4.04773610830307,-1.7418585419654844,4.987520098686218,27.48195037841799,0.4654106994469961,0.6981005668640137,3.900444825490316,35.49605881194143,0.4113388323214385
1997-07-16,-3.3112683296203613,-1.2219369411468506,5.017190098762512,27.32818756103518,0.4367170631885528,0.5820221900939941,3.563201506932577,33.973990164532324,0.32063956333082133
1997-07-17,-4.258254110813141,-0.8935012370347977,5.128752112388611,27.355996704101585,0.4101742605368296,0.520508607228597,3.610243082046509,29.06242400942167,0.2752330667867658
1997-07-18,-4.95111870765686,-0.46858095377683645,5.912449598312378,27.58161315917971,0.5139663815498352,0.7232139905293783,3.761242707570394,15.264940662409249,0.47670507853886224
1997-07-19,-4.939439058303833,-0.12693680776283145,5.958630204200745,27.923310852050804,0.5502723554770153,0.7361340522766113,3.931669235229492,11.85979441372808,0.560073864881269
1997-07-20,-5.341961741447448,-0.34687589295208454,6.742496848106384,28.294664001464866,0.6786275903383892,0.9345022837320963,4.214855273564656,11.192496164936795,0.926562630551205
1997-07-21,-6.0724202394485465,-1.6338946521282196,7.030099272727967,28.612901306152366,0.7553066809972128,1.099782864252726,4.4482840696970625,24.264628301775605,1.2444319697991733
1997-07-22,-6.2847840785980225,-2.270816832780838,7.054702639579774,28.792138671875023,0.7450192769368489,1.0024423599243164,4.529315789540609,29.582179490493218,1.1931028454404047
1997-07-23,-5.804495930671691,-2.5348616242408752,6.553083539009094,28.736184692382835,0.7218417127927144,1.0143674214680989,4.687628428141276,33.01390869065091,1.1548401776377273
1997-07-24,-5.288547039031982,-1.405428409576416,6.0796029567718515,28.48541412353518,0.6393869717915853,0.9505405426025391,4.484446048736573,29.820204916904476,0.8898080163012569
1997-07-25,-5.051085591316223,-0.16424059215933084,6.052424073219299,28.163011169433616,0.5762614806493124,0.8085651397705078,4.042214552561442,17.02802504326985,0.6414415932013362
1997-07-26,-5.146956086158752,-0.8573402240872383,6.166126012802124,27.892808532714866,0.6265685757001241,0.9021859169006347,4.2912092208862305,23.929627479135473,0.8313689027530872
1997-07-27,-3.8977903127670284,-1.0489856749773026,4.71263575553894,27.79211578369143,0.4818110565344492,0.7582740783691406,4.189785321553548,32.082633104655294,0.47235410910572234
1997-07-28,-4.564503252506256,-1.532405212521553,5.59541392326355,27.902810668945335,0.48082608977953595,0.6443946361541748,3.6698842843373614,26.994352209081377,0.3888349628632951
1997-07-29,-4.574583530426025,-0.8772847503423691,5.444829106330872,28.142945861816425,0.5072685778141022,0.7232742309570312,3.8718975385030108,24.14866533408387,0.47572452234135565
1997-07-30,-4.700945019721985,-0.8929443657398224,5.492139697074891,28.43384704589846,0.506430317958196,0.6567103068033854,3.821436405181885,22.594117675388283,0.45553438639333516
1997-07-31,-5.078771233558655,-0.762701526284218,6.149484753608704,28.695405578613304,0.57664954662323,0.7219384511311849,3.926989475886027,15.375438163798455,0.6070538692340504
1997-08-01,-4.463664710521698,-0.7042753882706165,5.777104735374451,28.850755310058616,0.5275197525819143,0.6794389883677164,3.805814345677694,16.034154411252757,0.4920381566868092
1997-08-02,-4.4722477197647095,-0.7182266637682915,5.45079469680786,28.839135742187523,0.510884702205658,0.7603020668029785,3.868057330449422,19.499108143359916,0.4870718715534924
1997-08-03,-4.883240580558777,1.0556091964244843,5.258122801780701,28.69751129150393,0.4441240727901459,0.6019040743509929,3.56244961420695,6.297859435809756,0.3279604197693138
1997-08-04,-5.927165508270264,-0.16362297232262793,6.469719409942628,28.497041320800804,0.555351475874583,0.7009993394215901,3.732737938563029,7.357571362370379,0.5272837627628287
1997-08-05,-5.84009063243866,-2.1679808795452113,6.631892800331117,28.307931518554707,0.6529069145520529,0.8443861802419026,4.286373853683472,29.023572962493876,0.8576037851326034
1997-08-06,-5.124408483505248,-1.8222164809703827,5.840513348579407,28.203347778320335,0.5408909916877747,0.7278102238972982,4.0060389041900635,30.100872994941653,0.5541878708540872
1997-08-07,-5.092470645904541,-1.6016662418842313,5.990926742553711,28.252435302734398,0.5486124952634176,0.7227757771809896,3.9488210678100586,26.86402523947161,0.5587274283198335
1997-08-08,-5.17278528213501,-1.128994733095169,6.073131084442139,28.41766510009768,0.6008229454358419,0.8164205551147461,4.010767936706543,21.05377901906767,0.7098064802963469
1997-08-09,-4.452051043510437,-0.6234812531620265,5.434556603431702,28.605935668945335,0.4977790613969167,0.6358532905578613,3.8012277285257974,20.717143730739963,0.443919589016008
1997-08-10,-5.299488067626953,-1.4278315156698227,6.539611697196961,28.722596740722675,0.6578851342201233,0.876148541768392,4.184712092081705,22.943378431873327,0.8718696723862558
1997-08-11,-5.275390982627869,-2.020019620656967,6.42208468914032,28.68525085449221,0.7004791100819906,0.9339639345804849,4.537003835042317,31.884019195303516,1.0449860061500462
1997-08-12,-5.1312947273254395,0.05694910138845442,5.885181307792664,28.534593200683616,0.6057160496711731,0.8738557497660319,4.286554495493571,17.598948949632852,0.7592560622485841
1997-08-13,-5.15166985988617,-1.2628660649061203,5.848067522048949,28.35939178466799,0.5609951714674632,0.8467157681783042,4.047528425852458,23.27461330381988,0.6236818326047799
1997-08-14,-5.541657328605652,-2.039339691400528,6.318790912628174,28.163659667968776,0.6877088745435078,0.9589846928914388,4.693799177805583,34.49633632349812,1.0703245003570037
1997-08-15,-3.9497577548027043,0.17974434420466423,5.087622761726379,27.948167419433613,0.5230237543582916,0.694486141204834,4.152021725972493,21.9666274140205,0.5495432589322045
1997-08-16,-5.72187900543213,-0.6489218547940254,6.829625129699707,27.72155914306643,0.6378054221471151,0.9234496752421061,4.16020147005717,16.988841374719108,0.8066267943425266
1997-08-17,-5.4333213567733765,-0.7783860489726068,6.173430562019348,27.561761474609398,0.6475237806638082,1.0547245343526204,4.449272632598877,24.539419933614248,0.9237102123644204
1997-08-18,-4.9706257581710815,-2.125346064567566,5.909005761146545,27.521638488769554,0.6650740504264832,0.9044357935587565,4.863974889119466,36.492864723966214,1.0075060792336161
1997-08-19,-4.5137959718704215,-2.301835298538208,5.778732538223267,27.574563598632835,0.6159893671671549,0.7740278244018554,4.561184565226237,39.4215585234268,0.7983213290292355
1997-08-20,-4.2319201827049255,-1.7198296785354614,5.5838398933410645,27.693231201171898,0.5779655277729034,0.7675178050994873,4.469741980234781,37.620407845738725,0.6980872206368428
1997-08-21,-3.92570811510086,-2.4234071373939514,5.201550126075745,27.850000000000023,0.5035200417041779,0.630236307779948,4.0127030213673915,38.74037061545448,0.4652941556135716
1997-08-22,-3.432702839374542,-1.9961091578006744,4.381493449211121,28.003411865234398,0.3873441119988759,0.506273587544759,3.735418717066447,41.15228930151928,0.2567872172891141
1997-08-23,-3.6389009952545166,-1.828838497400284,4.975459098815917,28.136712646484398,0.46956727902094525,0.6047800381978353,3.845319350560506,49.313483445282806,0.3809592559843288
1997-08-24,-4.536430656909942,-1.4718827307224274,5.830777883529664,28.26108703613283,0.5565959016482036,0.7022538185119629,4.12390414873759,45.137928299142594,0.5737079432401848
1997-08-25,-4.043253302574158,-0.9579014480113982,5.378158688545227,28.387841796875023,0.5715027451515198,0.752817948659261,4.326598167419433,39.664316067991024,0.6484405520419353
1997-08-26,-4.262578129768372,-1.7544593811035156,5.396621942520141,28.522187805175808,0.5857165853182474,0.7994346618652344,4.364001750946045,48.982166921215494,0.6904289721181389
1997-08-27,-3.5406294465065002,-2.6340226531028748,4.815916776657105,28.603105163574238,0.5076134999593098,0.6591375668843589,4.289818286895752,54.88538562027983,0.5021754801214168
1997-08-28,-3.823280692100525,-2.720312178134918,4.92685103416443,28.598870849609398,0.6086057821909586,0.688418706258138,5.205769697825114,58.5864141099732,0.8628026817296952
1997-08-29,-4.351896822452546,-1.7978735268115997,5.091161012649536,28.556550598144554,0.5773599445819855,0.684093157450358,5.257590293884277,49.95330366894077,0.8132172423091141
1997-08-30,-2.716013193130493,-0.4443422667682171,4.054402828216553,28.523057556152366,0.43913211425145465,0.6051293214162191,4.260003089904785,41.108446978237296,0.38681500930414986
1997-08-31,-4.464968502521515,-1.7396433055400846,5.536173939704895,28.540086364746116,0.49539156754811603,0.7208329836527506,3.916828155517578,34.36769212436674,0.44069080219369366
1997-09-01,-4.7758166790008545,-2.334309637546539,5.823539733886719,28.584771728515644,0.6734538078308105,0.9796297550201415,4.729217211405436,43.03644230252517,1.0033868248921143
1997-09-02,-3.8663543462753296,0.6721919476985931,5.306125640869141,28.62015686035158,0.579909384250641,0.7351603507995605,4.217065811157227,18.712416296562424,0.6697555155867514
1997-09-03,-3.7022741436958313,-0.6829289756715299,4.921114921569824,28.665238952636738,0.4849201440811157,0.6444722811381022,3.9982389609018965,31.14391375188302,0.43750301515719153
1997-09-04,-2.525561034679413,-0.020859833806753166,4.176883399486541,28.73759613037112,0.4359074433644613,0.6469237009684244,3.8295492331186933,30.308784548019634,0.34084830612513173
1997-09-05,-2.3728713393211365,-1.0108558684587479,4.032193541526794,28.851815795898464,0.364885538816452,0.4964895248413086,3.5473014513651533,50.87345559164499,0.21491992050918127
1997-09-06,-3.574241757392883,-1.2041388005018236,4.5499972105026245,28.978356933593773,0.36879109342892963,0.4326560497283936,3.3228468100229898,41.31054473680217,0.20212468543574527
1997-09-07,-3.0195839405059814,-1.8854129314422605,4.435532450675964,29.078218078613304,0.563779354095459,0.6490283807118734,5.67598295211792,52.1701215420262,0.8334225162013247
1997-09-08,-1.4406618475914004,0.6120981201529503,3.8736571073532104,29.1478210449219,0.5197109778722127,0.617976983388265,6.8759894371032715,50.02347319723477,0.8655261461010214
1997-09-09,-2.7017112970352173,0.9184931367635728,3.8442906737327576,29.184564208984398,0.44614513715108234,0.5197997093200684,5.513259092966716,34.844267545643405,0.5209291903735459
1997-09-10,-3.9057714343070984,0.06807779148221015,4.802560329437257,29.188371276855495,0.453275461991628,0.6043016115824382,4.187010049819946,22.955393191335286,0.39727628146879196
1997-09-11,-4.977103352546692,-1.546188622713089,5.738694787025452,29.189019775390648,0.5491440991560618,0.7738728523254395,4.128806908925374,30.027916564265468,0.5942000301719931
1997-09-12,-5.098390817642211,0.07893316447734831,5.836492538452149,29.190843200683616,0.5559219916661581,0.7555680274963379,4.045530239741008,16.608885232992975,0.5917132921420577
1997-09-13,-5.838311195373535,-0.7498327344655991,6.40860641002655,29.155305480957054,0.6236241857210795,0.8381048838297526,4.218041181564331,19.987260980828086,0.7840911017190667
1997-09-14,-6.303069591522218,-2.211243391036987,7.028124928474426,29.04451904296877,0.758662223815918,1.0059245427449546,4.599286397298178,28.11935530145795,1.2623965199014482
1997-09-15,-4.8873443603515625,-2.056266814470291,5.712743163108826,28.830766296386745,0.6462653080622356,1.0008838971455893,4.721711476643881,37.12827008630901,0.9719401794634625
1997-09-16,-4.033979654312135,-1.005797266960144,4.537824034690857,28.599145507812523,0.45037072896957403,0.6088738441467285,4.292010466257731,39.488763556025994,0.39999469478574173
1997-09-17,-3.3734852671623226,0.2334107533097267,3.9840810298919678,28.432038879394554,0.3711754083633423,0.46767727533976233,3.8902637958526607,26.59530604954208,0.2471844393028155
1997-09-18,-3.211455583572388,1.335470736026764,4.228199303150177,28.307908630371116,0.31109710534413654,0.42424790064493817,3.263155698776245,5.6064712065217845,0.14709982046766337
1997-09-19,-5.330122232437134,1.1699130237102509,5.581870675086975,28.20351562500002,0.4592638909816742,0.5389251708984375,3.453267733256022,122.67532704310135,0.33308630111428095
1997-09-20,-4.68309187889099,4.095941781997681,6.338435173034667,28.099458312988308,0.6308501958847046,0.7995125452677408,3.8673962752024336,336.7436347628663,0.7631702084109065
1997-09-21,-4.682380557060243,3.8794219493865967,6.390874981880189,28.034638977050804,0.6082824071248372,0.7463863690694174,3.826671600341797,326.7760612752938,0.6768105329362847
1997-09-22,-5.459064841270448,1.1040438264608383,6.0853573083877555,28.046899414062523,0.552536388238271,0.6283184687296549,3.9859039783477788,237.04250695498374,0.5585116625993183
1997-09-23,-5.578746438026428,0.040541596710681915,6.201946139335632,28.12190399169924,0.6204095582167307,0.8204313913981119,4.347014586130778,18.140202840662674,0.8251269710468241
1997-09-24,-4.618272066116333,0.9158316999673843,5.581318974494934,28.247186279296898,0.5462539394696554,0.6824285189310709,4.1601065794626875,5.997146876781661,0.578919435865062
1997-09-25,-2.371352374553681,0.2684637866914273,3.8273111581802373,28.406488037109398,0.42278481523195904,0.6263731320699055,4.098280827204387,24.662141604618757,0.34777779771096073
1997-09-26,1.858548015356064,-2.0896957218647003,2.986118495464325,28.556817626953148,0.47988604505856824,0.874604066212972,6.332375685373942,102.82439354273133,0.9123134733044239
1997-09-27,0.49339006096124655,-3.373484492301941,3.5158289074897766,28.665025329589866,0.7840656439463298,0.9158677260080974,7.036043643951417,120.69772864152633,1.9666520090591144
1997-09-28,-2.0015185773372655,-1.34542042016983,3.3693976402282715,28.73413238525393,0.5300678809483846,0.6398762067159017,6.004631678263346,106.09446905200751,0.7645878707317794
1997-09-29,-5.340343117713928,-2.217942833900452,5.942071318626403,28.76716003417971,0.5768553217252096,0.7036054929097494,4.094765027364096,48.705140537475074,0.6074777987750101
1997-09-30,-5.724974870681763,1.0467905402183533,6.117403149604798,28.765733337402363,0.6089484294255575,0.7417882283528647,3.9872204462687177,8.63466308500684,0.7063145673924816
1997-10-01,-4.146680057048798,1.5070273876190183,5.391242027282715,28.73661193847658,0.5029728213946024,0.662043571472168,3.6473258336385093,348.4403154895644,0.445361537288587
1997-10-02,-4.875126361846923,0.005541563034057613,5.600563764572143,28.67700347900393,0.5298197170098622,0.7514044443766277,3.9058028062184653,15.628086816459643,0.5365766398749385
1997-10-03,-5.373539447784424,0.305561063811183,5.507144093513489,28.57789764404299,0.498319407304128,0.6023555596669515,3.763465245564779,15.687208472088875,0.4425439256869034
1997-10-04,-6.26888120174408,-0.09373869525734334,6.610595703125,28.431420898437523,0.6206854184468588,0.8452099164326986,3.950356006622314,16.445991652941625,0.7183370043164315
1997-10-05,-7.300500750541688,-1.8096118867397308,7.691631317138672,28.23578796386721,0.8397578199704488,1.267125606536865,4.702930370966594,26.24957149591455,1.6101125579608184
1997-10-06,-7.720913529396057,-1.3170779943466189,7.930117607116699,28.058091735839866,1.038095792134603,1.3523352146148682,5.5009415944417315,28.081987640002712,2.915136204400106
1997-10-07,-7.709566831588745,0.17194206826388836,7.873323082923889,27.94520721435549,1.0230868657430015,1.1036511262257893,5.927749554316202,20.580776364526155,3.0719212637668116
1997-10-08,-7.111071705818176,1.6431154310703278,7.50942873954773,27.869317626953148,1.022366503874461,1.163075606028239,6.412075678507487,11.704642244433897,3.314353665818
1997-10-09,-6.2369468212127686,0.9717055708169937,6.775460600852966,27.804330444335964,0.852339267730713,1.0103767712910972,6.307702700297038,13.18108816606618,2.307910842902044
1997-10-10,-6.812845349311829,0.43215576559305197,7.239362835884094,27.72883758544924,0.8386326630910238,0.9929312070210774,5.671083688735962,16.492256687570283,1.9826513177248035
1997-10-11,-7.411149501800536,-0.5907280519604683,7.756570339202881,27.69934234619143,0.9749549229939779,1.137210528055827,5.708050568898519,22.316759109682287,2.657951565549296
1997-10-12,-7.060071825981141,-0.33593049272894865,7.379428386688232,27.74102935791018,0.9263418515523274,1.1037596066792807,5.7935889561971035,22.367587731404154,2.393017710032092
1997-10-13,-6.636616826057434,0.9057532697916032,7.440564155578613,27.791253662109398,0.8949262102444967,1.0398279031117756,5.780946731567384,10.069511983557788,2.191564235822998
1997-10-14,-4.872737646102905,-1.512343257665634,5.846650958061217,27.788880920410175,0.7949370741844177,1.0710535049438477,5.858202298482259,34.00268727640768,1.7033170599494913
1997-10-15,-3.3072851896286006,-3.431511461734772,5.046314477920532,27.680261230468773,1.2357532580693562,1.4955769379933674,9.57894007364909,105.34593813555361,7.051575433002055
1997-10-16,-2.9082268476486206,-5.178300738334656,6.2014875411987305,27.513475036621116,1.3592276175816853,1.4729080994923909,8.930528640747072,104.44317550890884,7.49188701408203
1997-10-17,-1.1820851564407349,-6.441383004188538,6.648963809013367,27.356477355957054,1.140649716059367,1.3381119569142657,6.999404112497965,96.15929711637192,4.1184481338794905
1997-10-18,-0.9710128605365754,-6.81303894519806,6.931092739105225,27.19202575683596,1.2512482007344565,1.536559263865153,6.918646494547526,95.46969137627467,5.0030052943652015
1997-10-19,-2.68305379152298,-5.72282886505127,6.38594126701355,27.003564453125023,1.1213683684666953,1.4326410293579102,7.331496079762776,82.22904669474325,4.258967232402098
1997-10-20,-5.528062462806702,-3.54584538936615,6.603848695755005,26.779718017578148,0.8473250865936278,0.9467854499816893,5.839121659596761,60.33414932249328,1.8779030516979505
1997-10-21,-5.4404516220092765,-3.3448153734207153,6.450817346572875,26.582147216796898,0.7333234747250874,0.9221115112304689,4.822154998779297,50.61411579890881,1.1764429937355665
1997-10-22,-4.643668413162231,-1.8557427227497099,5.235799431800842,26.467500305175804,0.5434481501579285,0.7202623685201008,4.373037576675415,41.38052755227837,0.5948877347608006
1997-10-23,-5.582192659378051,-1.4066124558448792,6.397061586380005,26.416230773925804,0.5958341558774312,0.7252268791198732,4.081531763076782,28.56638153069311,0.6578524609481939
1997-10-24,-4.3091124296188354,2.8965288996696468,6.181523323059082,26.410638427734394,0.6706017454465231,0.8408620357513428,4.174161354700724,332.6790673870385,0.8968116716734286
1997-10-25,-4.574390292167664,3.5371421575546265,6.383248925209045,26.43351898193362,0.6780458291371664,1.0103797912597656,4.102297465006511,320.48253232686227,0.9472900772313021
1997-10-26,-3.7117418050765987,3.30150306224823,5.659417033195496,26.469522094726585,0.5912153720855713,0.8999446233113606,4.250017484029134,321.9705144650756,0.7338404915669845
1997-10-27,-0.3514351435005665,-3.8405620455741882,4.272158920764922,26.5124221801758,0.7572759985923767,2.0069357554117837,7.120244979858398,84.99360295385056,3.510536993433833
1997-10-28,-6.026074171066284,-6.3452441692352295,8.83574104309082,26.556771850585957,1.5112272103627522,2.010745048522949,7.9860944747924805,85.02798178742144,8.508573610393494
1997-10-29,-5.9767804145813,-2.18327409029007,6.723305702209473,26.597009277343773,0.9242112835248311,1.2762559254964192,5.854490439097087,57.41246509762956,2.3394101512249006
1997-10-30,-4.482764363288879,-0.29872190579771996,5.810442209243774,26.624719238281273,0.6892933050791422,0.843103567759196,5.181422392527263,31.761828357615173,1.1370376258479542
1997-10-31,-2.631696581840515,1.5061331689357758,5.528180003166199,26.60905609130862,0.5999123056729634,0.7390522162119547,4.304529110590617,350.0992188789581,0.71962106079483
1997-11-01,-0.8213385939598083,1.405332937836647,4.320799112319947,26.538896179199245,0.3761282066504161,0.464577833811442,3.7033336957295733,333.36612145001993,0.24147939057068066
1997-11-02,-0.15566636808216572,-4.268653750419617,4.789084792137146,26.434625244140648,0.47563608487447107,1.1864391962687175,3.9096789360046387,147.1706449727901,0.5964723516285786
1997-11-03,-6.529399156570435,-7.874600052833558,10.275859117507935,26.317010498046898,1.6086594263712564,1.9158267974853516,6.311495780944824,72.09542453602052,7.466046688598879
1997-11-04,-7.954767227172852,-5.463510990142822,9.678225994110107,26.20608673095705,1.4987961451212566,1.8005331357320151,6.4113012949625645,54.489827009133855,6.650951719433737
1997-11-05,-6.890228509902955,-1.845148652791977,7.377554297447205,26.10617980957033,0.9502308170000713,1.2657373746236165,5.382383823394776,39.335768269129005,2.28491666674107
1997-11-06,-4.702202916145325,-2.794768512248993,5.66579008102417,26.014619445800804,0.6451167662938436,0.9355696042378743,4.740683873494466,41.473956240439215,0.9466598669414371
1997-11-07,-0.07456025597639382,-3.948586523532867,4.29579484462738,25.94123229980471,0.4459351400534312,0.597195307413737,4.580889701843262,67.03901798367329,0.41789380826354094
1997-11-08,-0.5479556024074553,-5.133625149726869,5.267963647842406,25.89655456542971,0.8378304839134217,0.9286759694417318,6.289505958557128,96.77164003756334,2.027712081834795
1997-11-09,-3.6930803060531616,-1.4635908603668213,4.22085440158844,25.887010192871116,0.6596200664838154,0.7554272015889486,6.478414853413899,80.90126472827133,1.2657792534048335
1997-11-10,-5.155131936073303,1.3303083330392838,5.986665487289429,25.881631469726585,0.6490625937779745,0.8177173932393392,4.412123680114746,16.943215111277272,0.8588688247475955
1997-11-11,-4.881520628929138,-0.3035015407949686,5.2782217264175415,25.86066589355471,0.42353652914365136,0.5219402313232422,3.8020037810007734,10.24874175336121,0.3078159596410894
1997-11-12,-3.021540105342865,2.6703583002090454,5.473845601081848,25.847604370117214,0.6524683038393657,0.7844101587931314,6.897403081258138,32.14527321997036,1.3033222553339323
1997-11-13,-0.6024671941995621,2.7564101815223694,3.75301742553711,25.86390838623049,0.42243737975756324,0.4817442893981934,4.981095472971599,263.2154959673152,0.3993749644130385
1997-11-14,-2.5104944109916687,-2.4785206317901616,4.310034155845642,25.92346343994143,0.38762239615122474,0.750613768895467,4.443007151285807,65.8574388967518,0.3021689093160293
1997-11-15,-5.97612464427948,-3.6831005215644836,7.2813085317611685,25.954988098144558,0.7819447914759319,0.9307073752085369,4.671631813049316,45.67925196943628,1.2858091324926224
1997-11-16,-6.6563494205474845,-3.825223267078399,7.836804270744325,25.915376281738308,1.0385449131329854,1.3317468166351316,5.837316513061523,50.62426359914832,3.0081118344671958
1997-11-17,-9.28358006477356,-3.33028107881546,9.969534873962404,25.861848449707054,1.8680675427118936,2.0417486826578775,8.397466977437336,58.57837414970072,13.413275940195712
1997-11-18,-9.34271240234375,-2.4711524844169617,9.782691955566408,25.850953674316425,1.549168308575948,1.9864687919616697,7.695791562398275,39.10988511963261,8.735582451433622
1997-11-19,-5.842295050621033,-2.2576270103454594,6.694797396659851,25.929986572265648,0.9605926473935444,1.363020896911621,6.674503803253174,40.68091054985879,3.012785807439483
1997-11-20,-5.3914830684661865,-3.1701355576515198,6.36045503616333,26.039399719238304,0.7471842567125957,0.9082276821136473,6.128213246663411,52.15718346244718,1.5635466910291125
1997-11-21,-6.58640730381012,-1.0486763715744019,7.038191318511963,26.103440856933616,0.8257782061894734,1.073771635691325,5.44642972946167,35.036565310385484,1.7006610372383202
1997-11-22,-5.365419983863831,0.18461206322535872,5.9771260023117065,26.13444671630862,0.6298455794652303,0.7173024813334148,4.883338928222657,19.634627861928475,0.9330466843390705
1997-11-23,-5.269736289978027,-1.2251562178134918,5.687930703163147,26.14520416259768,0.5454296966393789,0.703371524810791,4.03642741839091,25.27409735809632,0.5668857434492055
1997-11-24,-6.728420376777649,-2.7246249318122864,7.377445816993713,26.14182434082033,0.8494067986806233,1.1401729583740234,5.20102612177531,39.66699962045478,1.8355241556640365
1997-11-25,-7.911228060722351,-5.867458462715149,9.889569997787476,26.083894348144558,1.5178930759429932,1.7475848992665608,6.587112585703532,48.86170440587797,7.111820704830727
1997-11-26,-7.088287830352783,-4.631715774536133,8.517107605934143,25.955651855468773,1.3105443318684897,1.609286944071452,6.993189016977945,46.58646436356609,5.661135923099007
1997-11-27,-8.002245903015135,-3.3381559252738953,8.711726665496826,25.801011657714863,1.2120569348335266,1.3132709662119546,6.1040886243184405,37.92052626160317,4.254935979805372
1997-11-28,-5.507842659950257,2.2169888019561768,6.179404497146607,25.666413879394554,0.8358563979466757,0.9953557650248209,6.155701160430908,16.48361894227092,2.128504013284225
1997-11-29,-3.60693484544754,2.7688857913017277,5.10749614238739,25.594529724121113,0.6374322573343912,0.7898074785868326,6.1135888894399,228.27316178507903,1.2361528279703453
1997-11-30,-0.0874953471357003,-3.8123859763145447,4.456624329090118,25.60614166259768,0.49354139963785804,1.0711263020833333,5.366504907608032,59.77346914840668,0.6960447920564279
1997-12-01,-1.799921989440918,-5.976116061210632,6.403041481971741,25.66544494628909,0.9926266074180603,1.20415194829305,6.260995705922444,99.93663958899845,2.764998832391113
1997-12-02,-6.288174033164978,-0.9160755425691605,6.744372129440308,25.727037048339866,0.8530348936716716,1.0203606287638347,6.005400657653809,58.323134340195146,1.9861113931733192
1997-12-03,-5.192491769790649,1.5458503365516663,5.972411870956421,25.747529602050804,0.6642873883247375,0.8340045611063639,4.629733403523763,121.63114813552767,0.9830664493644692
1997-12-04,-0.5441068559885024,-0.1491936752572656,4.249546527862548,25.686944580078148,0.37181554238001513,0.6301388740539551,4.4551451206207275,134.2733108686554,0.2988624677236215
1997-12-05,-4.626420021057129,-8.517815351486208,9.739513158798218,25.56220397949221,1.672043244043986,2.055498043696086,7.305037180582683,84.17956776627192,9.738492357803771
1997-12-06,-4.798980116844177,-6.346428632736207,7.9661606550216675,25.414239501953148,1.1894743045171101,1.4816658099492392,6.380589167277018,69.33079906000286,4.143792136001212
1997-12-07,-4.723070740699768,-1.383480966091156,5.516468524932861,25.242738342285183,0.7732637325922648,1.0310796101888022,5.931299368540446,57.681380259154515,1.631913585349058
1997-12-08,-5.498729348182678,2.844095051288605,6.824106693267822,25.046151733398464,0.8203603029251099,1.0471304257710774,4.74290116628011,346.2612602280327,1.506633013174605
1997-12-09,-3.4460396766662598,3.7009600400924683,5.521719455718994,24.83326110839846,0.5700908203919728,0.7388613224029541,3.9595956007639566,315.76323871289117,0.6084943888026795
1997-12-10,-2.822690188884735,2.922858715057373,5.265092253684997,24.69454345703127,0.5083747108777363,0.7770937283833822,3.8198384443918867,307.75927715025904,0.4945599923857764
1997-12-11,-0.7036472111940384,2.7300439476966862,4.639885067939758,24.66364440917971,0.3924843867619833,0.6210769017537434,4.668946107228597,323.00720130972115,0.42992675868562175
1997-12-12,2.376086711883545,2.595545530319214,4.926398515701294,24.664773559570335,1.309079925219218,1.9212675094604494,9.169240633646647,116.56921269108301,7.990557361280605
1997-12-13,0.851002037525177,-10.484405994415283,10.681190729141235,24.620690917968773,2.4168435732523603,2.698410749435425,9.304181734720865,100.14708684474861,24.544023318822184
1997-12-14,7.662185549736023,-8.578095197677612,11.796166419982912,24.46152648925784,2.6742803255716963,3.030620098114014,8.949855486551922,125.92642621211364,28.80839311213625
1997-12-15,4.875646233558655,-6.822095036506653,8.648602962493896,24.202119445800804,2.0100220839182534,2.3307057221730547,8.88827101389567,124.37032023486982,16.541059555462446
1997-12-16,-1.1739628314971922,-2.9203678369522095,3.6253009438514714,23.93422088623049,1.015664557615916,1.3843983014424643,7.739830017089844,102.57186133166392,3.7883179616728024
1997-12-17,-4.095256924629211,-1.1142656952142715,4.576120972633362,23.716920471191433,0.6344451109568278,0.7872780164082844,5.91875966389974,66.99862559025654,1.0958702387117623
1997-12-18,-4.534017086029053,-2.2616557478904724,5.329484462738037,23.607293701171898,0.5797770222028096,0.7741921742757161,4.377662102381388,48.25334999991659,0.6751238042701003
1997-12-19,-5.206321597099304,-1.0580904185771942,5.731833219528198,23.65865478515627,0.46159728368123376,0.6068623860677083,3.5685613950093584,27.065397763918856,0.3418977503175196
1997-12-20,-6.456620335578918,0.48931321501731867,6.998022794723511,23.86505279541018,0.7134742736816405,0.8198089599609374,4.367812633514404,12.813870624807747,1.026889652638501
1997-12-21,-5.008384108543397,2.3339181542396545,6.465636134147644,24.14670715332033,0.7153897881507875,0.9675091107686361,4.5676430861155195,346.89755902402965,1.135245352692808
1997-12-22,-4.889844536781311,1.2165720164775848,6.103873491287231,24.43918762207034,0.5277065436045328,0.648193359375,3.82670529683431,346.81525088496124,0.503530780272437
1997-12-23,-6.013544678688048,2.189945638179779,6.704922437667847,24.676614379882835,0.6099307735761007,0.7378098169962566,3.810415188471476,347.14872600994573,0.6761121837622504
1997-12-24,-3.072499990463257,4.744704246520997,6.905688285827637,24.793923950195335,0.8182414571444194,1.3395389715830484,4.48302173614502,303.3360549700424,1.5696486439647501
1997-12-25,-1.890572130680084,0.9790419638156892,3.88860684633255,24.738565063476585,0.5301398436228434,0.7033913135528566,6.6281304359436035,141.93808628273456,0.9066476091860346
1997-12-26,-2.940914213657379,1.0171047151088715,4.92736029624939,24.536065673828148,0.5493435164292654,0.6344584623972576,5.216807047526041,32.643704031071024,0.7099008190529712
1997-12-27,0.9566700458526611,-7.284261465072631,7.543974757194519,24.243356323242207,1.0940344333648682,2.673959096272786,5.854562918345134,90.88527684638656,6.745295887503206
1997-12-28,-0.23272650991566476,-6.143234848976136,6.306145429611206,23.917344665527363,1.8724464575449624,2.6573344071706138,9.505711237589518,114.5885691040141,16.17336291034329
1997-12-29,5.634338736534119,-7.4346104860305795,9.371729612350464,23.618257141113304,1.7440691788991292,2.1711915334065752,7.647090752919515,121.11735814073329,10.950422820692415
1997-12-30,2.1532878279685974,-5.794466853141785,7.045344471931458,23.432122802734398,1.8780142863591511,2.2325256665547686,9.420639038085938,119.53834723481637,15.268903628062038
1997-12-31,-6.048539161682129,-1.690606266260147,6.504871368408203,23.372872924804714,1.1472060879071553,1.3501103719075522,7.724068800608317,90.97975969447032,4.591898912882592
1998-01-01,-9.4091956615448,-3.3844509124755864,10.035495996475218,23.39196929931643,1.41102929910024,1.8645807902018232,5.775378704071044,39.759562418132376,5.676577952879731
1998-01-02,-9.414117336273193,-2.5976147949695587,9.918009519577028,23.436837768554707,1.4875955581665037,1.8849326769510906,6.601589361826579,30.648942559723462,7.114686623003219
1998-01-03,-7.401293277740479,-2.0979261994361877,7.817003607749939,23.457994079589863,1.1716562310854595,1.5821336110432944,7.488138675689697,33.423826995352215,4.892889376893417
1998-01-04,-6.461283445358276,-1.3636939227581024,6.800738573074341,23.43042907714846,0.9281035065650938,1.0640544891357422,6.829008897145589,32.242078836328176,3.03641963547588
1998-01-05,-5.058232069015503,-0.29555294103920465,5.5924904346466064,23.377061462402366,0.6977569063504537,0.8369087378184001,6.897900104522705,32.367707959887696,1.6622939928004938
1998-01-06,-5.72776734828949,1.3777168691158295,6.049830675125122,23.340615844726585,0.6945070624351501,0.8156388600667318,5.7380850315094,17.376975272832453,1.4304577840433088
1998-01-07,-0.8437084853649139,4.879622936248779,6.631056189537049,23.365197753906273,0.6344815691312155,0.8177612622578938,4.251631498336792,315.345297011337,0.7835493727846139
1998-01-08,0.7831286266446115,-5.2570462226867685,6.288389086723328,23.482812500000023,0.8842681248982748,1.4191977183024092,5.993582725524903,143.8652809093889,2.6590982731802892
1998-01-09,-4.891968131065369,-5.428260445594788,7.479358673095703,23.6257034301758,1.275169014930725,1.4805940786997478,8.330390930175781,102.54031166892521,6.045655037238515
1998-01-10,-7.246363162994385,-2.3516820073127747,7.834260821342468,23.724382019042995,0.9951237440109253,1.3302078247070312,4.982788403828939,45.43083003871493,2.3914893717703993
1998-01-11,-6.40532624721527,-1.602377712726593,6.96314513683319,23.80897674560549,0.7375291983286539,0.8851774533589681,4.673460165659587,29.177046316373946,1.1864498650901316
1998-01-12,-5.957380771636963,0.3136235252022743,6.541144490242004,23.909364318847675,0.7468310197194418,0.9426901340484619,5.1290961901346845,16.662685862385025,1.3601860574545652
1998-01-13,-6.1811101436615,1.3115378022193909,6.962261438369751,24.047280883789085,0.702181875705719,0.8182196617126465,4.827614625295004,120.56345251632665,1.1139487747673666
1998-01-14,-4.737121939659119,1.144824728369713,5.770025014877319,24.144486999511738,0.5816015303134917,0.68585205078125,4.3683725992838545,120.66070872967393,0.6855185257212552
1998-01-15,0.8710604608058929,0.5891490988433361,5.500929832458496,24.143609619140648,0.5125680267810822,1.0404499371846516,4.203171968460083,24.98881323284388,0.565142026613286
1998-01-16,0.08874194091185927,-7.563093066215515,7.940681219100953,24.095231628417995,1.5480452775955198,1.8277341524759931,7.461983839670817,115.82865638811734,8.002056720851787
1998-01-17,-5.850818991661072,-2.4250877499580388,6.5533918142318734,24.047952270507835,0.9923816720644634,1.2218916416168213,7.4465484619140625,86.18062630342212,3.3589811592958774
1998-01-18,-6.993340849876404,-0.6639371514320374,7.45063865184784,24.048318481445335,0.819093147913615,1.0364926656087239,4.369229952494303,24.111697027268598,1.3978214593793585
1998-01-19,-3.070062935352326,0.18915612110868096,4.420716166496277,24.089929199218773,0.486142893632253,0.7375872929890951,4.596490859985352,25.366854320990704,0.5289295707523424
1998-01-20,-3.2850954532623295,-1.8544151186943054,4.269338846206665,24.1286560058594,0.38756579160690313,0.6119834582010905,4.59271780649821,43.73216287947637,0.3497218551387687
1998-01-21,-5.719633698463441,1.4279416501522064,6.557741045951843,24.150437927246113,0.7000705003738403,0.7966332435607911,4.256113211313883,10.62239372220127,0.9515714894222103
1998-01-22,-4.584561467170715,3.2142818570137024,6.183481693267822,24.139558410644554,0.6595053474108378,0.8965078989664714,4.1639188925425215,338.46047566538056,0.8767284617084946
1998-01-23,-0.03617406589910388,0.5854900944977999,4.1478060483932495,24.085435485839866,0.4435360034306844,0.7509727478027344,5.084733168284099,238.23964403078398,0.5373282123541471
1998-01-24,-1.484422504901886,-8.652307510375975,8.877654075622559,24.01979217529299,1.3492255210876465,1.61340602238973,6.8221577008565255,104.4005872428282,5.625095337513379
1998-01-25,-5.807446479797364,-3.3107486963272095,6.904065608978271,23.96497497558596,1.1605333089828493,1.545123338699341,6.876633167266846,72.92033874110972,4.2579895917879425
1998-01-26,-4.203863203525543,-1.15273979306221,5.589270830154419,23.89792785644534,0.8972878853480021,1.1556310653686523,6.28888463973999,43.66164548517751,2.392845733610743
1998-01-27,2.128743588924408,-7.457622170448303,7.798527359962463,23.79464111328127,1.0608579715092978,1.3091672261555989,5.399478276570639,96.87927106740862,2.8722680187593284
1998-01-28,0.05058120284229516,-3.8994799852371216,4.195276975631714,23.639703369140648,1.1770864327748616,1.4552245140075684,8.019086043039957,113.85594669172416,5.01414976935428
1998-01-29,-5.401826620101929,0.12141974084079267,6.159399986267089,23.484841918945335,0.8228711088498434,0.9343990484873453,6.246581395467122,54.55595387414834,1.939021068223667
1998-01-30,-5.159765124320984,-2.1044483184814453,5.848389267921448,23.383897399902366,0.5686965386072794,0.8061580657958983,4.64738114674886,43.45583544035395,0.6794571430152919
1998-01-31,-6.357175111770631,-1.8215956091880798,7.18280303478241,23.32484588623049,0.8445255955060323,1.1493279139200847,4.8583329518636065,34.71788553268092,1.6376755257313893
1998-02-01,-5.466638445854187,1.8242512643337252,6.5069262981414795,23.29718170166018,0.7629667321840921,0.8735928535461426,4.784070332845052,9.185674469871362,1.3346465775050114
1998-02-02,1.6987953782081602,3.0516576170921326,8.439607620239258,23.292276000976585,0.8563061753908794,1.698430061340332,4.477891445159912,285.3006112415912,1.658865156836055
1998-02-03,11.15926480293274,-3.6667937040328984,11.99043583869934,23.349107360839866,2.5710668563842773,2.9299068450927734,8.678768793741863,156.0805856980461,26.9792866008427
1998-02-04,3.8709805011749268,-3.9673891067504887,5.827366352081299,23.468560791015648,1.9882529576619468,2.578691244125366,9.938652674357098,115.17731983642669,18.01537238895473
1998-02-05,-4.443788588047028,-0.5105941519141196,5.23477065563202,23.59228668212893,1.124151388804118,1.4590392112731934,8.701876640319824,78.55483191482206,5.184203808187564
1998-02-06,1.0314649641513824,-5.477758765220642,7.5483940839767465,23.663522338867214,1.0659687916437783,1.6314583619435628,6.062012672424316,89.51948467332133,3.1626661528999116
1998-02-07,4.106368958950043,-5.410346627235413,6.9065529108047485,23.627854919433616,1.3352495829264324,1.657596508661906,6.994350592295329,112.9127499159012,5.651883146507583
1998-02-08,-1.642913818359375,-3.364177405834198,4.240629315376282,23.47980651855471,0.8165442347526551,1.038791020711263,6.773804187774658,104.37163965241281,2.098251823037317
1998-02-09,-6.028396248817443,0.15575214847922328,6.688603639602662,23.282884216308613,0.6907102266947429,0.8072404861450194,4.504537264506022,28.082585137371233,0.9645350654312445
1998-02-10,-7.157884359359741,3.2860623002052307,8.564094185829163,23.091058349609394,1.0581415494283042,1.3404970169067383,4.768805344899495,341.1424601703094,2.6583024262788877
1998-02-11,-2.4832387566566467,2.4395941495895386,5.676578879356383,22.957429504394558,0.6174560089906057,0.9105445543924967,4.284492254257202,333.5054609063604,0.8296856944791531
1998-02-12,-4.190396428108215,-3.0683705806732178,6.0858166217803955,22.932168579101585,0.748240053653717,0.9777010281880696,4.904784679412842,73.61095834020294,1.2757705691232695
1998-02-13,-2.220061779022217,0.864890843629837,5.201587080955505,23.015191650390648,0.6039832433064779,0.8169778188069662,5.388393719991049,42.366049513966836,0.8761479227913661
1998-02-14,-6.162395358085632,-2.834161043167114,7.365726947784424,23.16526184082033,0.7587697903315227,1.0906451543172202,4.900895118713379,51.71968576973633,1.360489006481287
1998-02-15,-2.3976976275444026,6.004886627197266,9.848283767700197,23.369096374511738,1.3035444418589275,1.8595949014027913,5.389524777730306,309.4606794234574,4.512262777460359
1998-02-16,-0.8050419837236404,3.080462098121643,5.216984391212463,23.61206207275393,0.6813244024912516,0.7822368939717611,6.68462896347046,87.75202986525682,1.5753585056402246
1998-02-17,-2.6273757815361023,-4.410922169685364,6.640453934669495,23.872865295410183,0.8250309427579243,0.9983335336049397,5.125269730885824,102.18172470871706,1.5561960101966767
1998-02-18,-6.100129842758178,-4.588132858276367,7.8279136419296265,24.04834899902346,0.9446440736452739,1.0314666430155437,4.780632654825847,55.55922782962625,1.9232985839409227
1998-02-19,-3.2772140502929688,0.928515836596489,6.711093544960022,24.09649810791018,0.8082482020060222,1.0118765830993652,4.641818523406982,13.394980289965778,1.4610005105187887
1998-02-20,-1.5225806832313538,-7.33135199546814,7.777259111404419,24.08401641845705,0.9312581022580464,1.2126030921936035,4.731522083282471,90.04294230631704,2.010350868838138
1998-02-21,-7.002588868141174,-2.523378014564514,7.810140252113342,24.080041503906276,0.9923667709032694,1.2338720957438152,5.542840162913004,45.40632129352177,2.503455427401649
1998-02-22,-2.084323942661286,3.5301167964935303,7.907915234565735,24.145539855957054,0.9467029770215352,1.3041122754414876,4.845757643381755,320.964200504162,2.114187798233464
1998-02-23,-0.13819928094744682,-5.961472868919372,6.061353921890259,24.27903137207034,0.7490423719088236,0.8485690752665203,5.007394313812256,107.38731655720751,1.268964541905672
1998-02-24,-5.179574370384216,-3.903924286365509,6.798561334609985,24.414529418945335,0.8424434065818787,1.0358551343282065,5.595780611038209,80.01656061906046,1.7657152981323312
1998-02-25,-7.377949714660644,1.429229497909546,8.402261137962341,24.51196441650393,1.0385979215304058,1.2474006811777751,4.794391314188639,239.074331845038,2.4360959343353286
1998-02-26,-4.272104978561401,5.527436137199402,8.575142860412596,24.533128356933616,1.0366167624791462,1.4742223421732583,4.827438036600749,317.8786927303229,2.6700518892855496
1998-02-27,0.4073396399617195,0.9393441081047057,4.0066680908203125,24.440522766113304,0.41694584488868713,0.5319132804870605,4.938283284505209,302.2636001422337,0.41279352738648
1998-02-28,-1.484074056148529,0.26244321465492254,4.6260986328125,24.223542785644554,0.5286473234494528,0.6263213157653807,6.017407417297363,85.81100644308258,0.751469979590604
1998-03-01,-0.28984106704592705,-6.534307718276977,6.772819519042969,23.953195190429714,0.8354528943697612,1.4955597718556721,5.084279219309489,94.6778265130156,1.9746988662755205
1998-03-02,-5.479296684265138,-7.719317436218262,9.554909467697144,23.718858337402366,1.5411535898844402,1.7086309591929119,6.760270277659098,72.48903729304178,7.231754949756714
1998-03-03,-8.584071040153503,-4.271452903747559,9.653374195098877,23.609307861328148,1.3109798828760784,1.4312125841776533,5.588287989298503,44.30452125783584,4.375621663978751
1998-03-04,-8.469927549362183,-1.6543280184268951,9.274653434753418,23.712571716308616,1.2127295732498167,1.608167807261149,5.210908253987631,20.073273484725025,3.7262717207393354
1998-03-05,-5.79257595539093,3.421278953552246,7.068591952323914,24.090867614746116,0.8628549575805665,1.111963192621867,4.731918573379517,345.08783653724106,1.7231135329014258
1998-03-06,-5.053296446800232,2.846047282218933,6.855417490005493,24.634545898437523,0.6863238612810771,0.9308636983235677,4.129099289576213,331.0688352055835,0.9540588092498876
1998-03-07,-4.882135868072511,4.7374197244644165,7.617627263069153,25.16278228759768,0.8830479582150775,1.1648375193277996,4.447439034779867,327.49243281988487,1.7365686140335226
1998-03-08,-1.396793246269226,4.9721139669418335,7.264910459518433,25.49274597167971,0.8270427385965983,1.158732811609904,4.552417278289794,292.9900206740403,1.5174382554964678
1998-03-09,2.801152765750885,-9.775536060333252,10.191712379455566,25.46012268066408,2.0590253671010337,2.291303555170695,8.479442596435549,121.05855394069282,16.21950554028026
1998-03-10,-0.9886079430580139,-7.380455017089844,7.540627956390381,25.09826812744143,1.5278677543004353,1.7890923817952478,8.835843086242676,108.51239598089197,9.369622106032372
1998-03-11,-5.430568337440491,-6.363143444061279,8.40135645866394,24.583825683593773,1.365173657735189,1.5204128424326577,6.762177467346191,74.99517262443021,5.6340033269286
1998-03-12,-8.052912235260008,-6.0262451171875,10.093218564987183,23.990640258789085,1.5752886136372886,1.72036337852478,6.402298450469972,52.28540077629365,7.1354579090289505
1998-03-13,-9.46259331703186,-3.4092719554901123,10.285773754119873,23.392564392089866,1.573277195294698,1.875341256459554,6.676045258839925,37.853632269617705,7.49572760308709
1998-03-14,-9.85146737098694,-3.203222274780274,10.73902463912964,22.876695251464866,1.5729260047276814,1.9612271785736084,5.96052090326945,29.18803469632773,7.1075639934106745
1998-03-15,-9.402695417404175,-2.0295944511890407,10.030493736267088,22.66595611572268,1.4325735569000242,1.9178087711334226,6.128064473470053,25.65920260918786,6.215562706104783
1998-03-16,-7.1749794483184814,2.691012501716614,8.194937348365784,22.817857360839866,1.1581044594446819,1.5985320409138997,5.685348669687906,120.6876624604855,3.9840312821168524
1998-03-17,-4.320341944694519,4.0498722195625305,7.153073072433471,23.161904907226585,0.9384429852167766,1.2743310928344724,5.262192726135254,335.69343786786396,2.1782577010546498
1998-03-18,-3.5634733438491826,2.8557282686233525,6.476224899291992,23.530633544921898,0.7699687480926514,1.0278216997782388,5.002649863560994,345.27693175802835,1.4179367691050637
1998-03-19,-1.591376066207886,0.884135514497757,4.954519271850586,23.764436340332054,0.5431222021579742,0.6760972340901692,5.145045677820842,351.3115559045474,0.7429460224921445
1998-03-20,-0.3276844099164009,-6.771469712257386,6.885735273361205,23.822808837890644,0.7621744672457378,1.3147112528483074,4.697128216425578,81.05899517510196,1.5909961879310803
1998-03-21,-1.2726328969001772,-6.869136929512023,7.053035497665406,23.794297790527363,1.2328605651855469,1.320001204808553,7.073586304982504,102.11491651513717,4.7723990730209485
1998-03-22,-1.1076420098543167,-7.183252930641173,7.733771681785584,23.723176574707054,1.1669449408849082,1.3425898551940918,6.470149834950766,95.06746135159905,3.920360630988873
1998-03-23,0.627307988703251,-5.659716486930847,5.771186590194702,23.655084228515648,0.8772884805997212,0.9945850372314454,5.896960894266764,100.77848311474155,2.0367535086199857
1998-03-24,-4.577989101409911,-1.7345988750457761,5.772076964378356,23.629663085937523,0.6877511143684387,0.7863140106201172,5.134400526682536,57.51394779364914,1.0940910920493179
1998-03-25,-7.6832168102264395,-1.0712304264307022,8.890192270278929,23.628717041015648,1.0655970772107441,1.3861833413441975,4.963638623555501,17.420261834221588,2.70733267926233
1998-03-26,-8.405530214309692,-1.9412328898906708,9.444996118545534,23.633775329589866,1.280394156773885,1.6789578596750896,5.5877749125162754,22.09427323268219,4.6335041765705505
1998-03-27,-7.726975679397583,-0.9589667320251465,8.589295268058777,23.682283020019554,1.2116663853327434,1.7563897768656414,6.077685991923014,19.59205968464183,4.565640498736971
1998-03-28,-6.41132926940918,-0.5662613585591316,7.708944320678711,23.81204376220705,0.9970366358757019,1.396112362543742,5.671952327092488,18.82541668946315,2.867161712418156
1998-03-29,-6.718460559844971,-0.5364516600966454,7.675766110420226,24.048028564453148,0.8920555313428242,1.14181915918986,4.835023244222005,16.616516600701875,1.8816044258251872
1998-03-30,-6.795322179794311,0.9224749505519866,8.026904821395876,24.275010681152363,0.955053150653839,1.1837037404378254,4.946365833282471,123.32073061577631,2.204389848723259
1998-03-31,-5.687165141105651,1.7280420362949371,7.967312812805176,24.417077636718773,0.9579207301139833,1.2038814226786296,4.7943471272786455,352.5325895829113,2.146818244851689
1998-04-01,-2.837663114070893,1.4131623804569244,5.330411672592163,24.554032897949245,0.6981142958005269,0.8155149618784586,6.020729223887125,33.912508556502246,1.3206826938003857
1998-04-02,-2.874568462371826,-0.017773935804143555,4.813231706619263,24.76760253906252,0.6652551492055259,0.7354275385538738,6.76297648747762,94.8174549631107,1.3492953631105236
1998-04-03,-4.354518711566926,1.0439341962337494,6.913207530975341,25.121202087402366,0.7806843121846517,0.9646738370259603,4.334153254826864,353.5842079272838,1.2541163414911844
1998-04-04,-1.1956309378147125,0.8102102130651474,5.139390707015991,25.50065002441409,0.5066440105438232,0.6592429478963215,3.766373872756958,232.3249449331348,0.45082976143692505
1998-04-05,-0.9797820150852203,-2.9260134100913997,3.6191943883895874,25.76768646240237,0.41727923353513086,0.6314932505289713,4.205446879069011,93.35552314075082,0.380601359036954
1998-04-06,-5.5883971452713,-3.068592071533203,6.700173258781432,25.939424133300808,0.7965583205223083,0.9581691424051921,5.47402286529541,59.04199360361245,1.5698603790207675
1998-04-07,-5.511563420295714,1.7742168605327606,7.56688690185547,26.032090759277366,0.8889035185178121,1.119456688563029,4.897260506947836,349.75785092933444,1.8566716635198581
1998-04-08,-4.366964101791382,3.4080306887626644,7.901261329650879,26.06176910400393,0.9811428387959799,1.2716147899627686,4.763153711954753,327.0871058993885,2.2183534758072665
1998-04-09,-2.323398768901825,-1.4101401567459104,4.64335298538208,26.035043334960964,0.46696437398592633,0.6137483914693196,3.8683197498321533,15.64794187485565,0.40131866867815746
1998-04-10,-3.852622330188751,-9.240980625152588,10.04034161567688,25.94783172607424,1.4520593484242756,1.7347365220387776,5.749449094136556,78.79646940951207,5.7927278249087975
1998-04-11,-6.219658017158508,-7.110756754875183,9.491539239883423,25.801599121093773,1.487474044164022,1.6624029477437339,6.373635927836101,66.34928592846182,6.316014057159784
1998-04-12,-7.8546838760375985,-2.2208167016506195,8.805163145065308,25.59357604980471,1.2954607009887695,1.4958845774332683,6.573594729105632,40.31318010979497,5.090284684448272
1998-04-13,-7.587527871131896,1.7579691708087923,9.419436931610107,25.336114501953148,1.3522870540618896,1.7203628222147624,5.468612829844156,353.93854556108874,4.97337820213106
1998-04-14,-5.955825448036195,2.107540041208267,8.42470932006836,25.136766052246116,1.1317802270253499,1.5905346075693767,5.113224347432454,348.51581236805026,3.265543174616318
1998-04-15,-4.855295777320862,1.5013975799083712,7.025829076766969,25.066262817382835,0.8773536284764608,1.1472388903299968,4.589536905288696,349.4015181364355,1.6948335464353823
1998-04-16,-3.9018088579177856,3.4194747209548955,7.147929787635803,25.073731994628925,0.8316214481989542,1.236188570658366,4.420035203297933,326.33577625937386,1.5504824461209323
1998-04-17,-4.6851680278778085,3.4522970318794246,7.113329291343689,25.10828552246096,0.8446739912033082,1.2257760365804038,4.536658763885498,314.6414867141203,1.670113424357637
1998-04-18,-5.567588806152345,2.7549088001251216,7.688319087028503,25.127305603027366,0.9377000331878662,1.3248079617818196,4.634548823038737,335.77512926325096,2.0953816246532693
1998-04-19,-0.04330718517303467,1.5461094677448275,4.9990519285202035,25.17010650634768,0.5575183232625325,0.7189262708028157,5.236195087432861,111.92465178093036,0.7741017351648283
1998-04-20,-1.1937540918588638,-4.618183851242065,5.088294506072997,25.2749954223633,0.8842160304387411,1.1412741343180337,7.6402106285095215,108.91518076140221,2.698950952982875
1998-04-21,-3.320049285888672,-4.986087083816528,6.201224088668822,25.39880523681643,0.9715757767359416,1.450178066889445,6.428624312082927,81.90774058906827,2.7612039832578033
1998-04-22,-4.180112957954407,-7.405839323997497,8.674545764923094,25.499070739746116,1.2439475059509275,1.580126444498698,5.862679322560629,68.43467285139259,4.1545725463074685
1998-04-23,-1.931368678808212,-6.959549546241759,7.23926055431366,25.536141967773464,1.0123680631319683,1.0896221796671548,5.556159973144531,82.15106650133168,2.5311792861814553
1998-04-24,-4.023699700832367,-4.37915599346161,6.020676136016847,25.508874511718773,0.8331650892893473,0.9736460049947102,5.887792746225993,75.79273203132641,1.8153794642081624
1998-04-25,-7.059065937995911,-1.0827658772468565,8.268261313438417,25.454949951171898,0.9764566818873087,1.15627121925354,4.756608327229817,23.514906252697585,2.0818915208621944
1998-04-26,-6.869300961494446,1.0221736878156662,8.657173871994019,25.393853759765644,1.1130415201187134,1.3934611479441326,4.978716055552165,235.6936816530172,2.9958278608455498
1998-04-27,-6.305969595909118,1.1546653062105179,7.863104462623597,25.345384216308616,0.9710691769917807,1.1959510644276936,4.866480350494385,235.20123517415502,2.2224773448983908
1998-04-28,-4.714657783508301,1.016368508338928,6.6826255321502686,25.32512054443362,0.842749019463857,1.1599703629811604,4.872585614522298,119.81897135818112,1.7315322092242749
1998-04-29,-1.9477647542953493,2.420888066291809,6.570773243904113,25.30464324951174,0.7022823294003804,0.8709001541137695,4.574859778086344,224.84750289100407,1.0635974912961474
1998-04-30,0.6684643179178238,1.4734460711479187,3.9073142409324646,25.283181762695335,0.6065162817637125,0.650484561920166,6.815612316131592,109.45135849278759,1.137235598771562
1998-05-01,0.2704595923423767,-0.6936656534671783,2.854079782962799,25.320146179199245,0.5919880072275797,0.6580962340037028,7.157623767852782,121.14612119835662,1.1372601454227262
1998-05-02,-3.9348217844963074,-2.2943042516708374,5.090649366378784,25.474320983886738,0.5245181024074554,0.6369361082712809,4.425984223683676,65.21774221026425,0.5503940867822146
1998-05-03,-4.1347673535346985,-1.644167184829712,5.300928354263306,25.789392089843776,0.5074514150619508,0.6731565793355306,4.027947028477986,38.209555141067874,0.4761694938453163
1998-05-04,-3.9169884920120244,-0.20152873918414116,5.445754766464233,26.142312622070335,0.5157218674818674,0.6249802112579346,3.8670946756998696,8.218741754893927,0.4807861922287298
1998-05-05,-3.1226284503936768,0.206305050291121,5.42556607723236,26.41835174560549,0.49573263525962835,0.6708766619364421,3.6119922796885167,346.15278534013254,0.4106386194021019
1998-05-06,-3.9809284806251526,0.9709357172250748,5.950190544128417,26.66180572509768,0.5712562203407288,0.8377804756164551,3.7880207697550454,344.17242592922435,0.5950146722054162
1998-05-07,-2.962602138519287,1.9963400661945345,5.856382369995116,26.915307617187523,0.6241991718610127,0.9553754329681395,4.0431413650512695,328.6413142119933,0.7868467202331529
1998-05-08,-3.150048613548279,2.8980339765548706,6.443013906478882,27.20861968994143,0.6910174687703451,1.0560315450032554,4.125218391418457,317.12247494135465,1.0110293904418612
1998-05-09,-3.988982200622558,3.0483470559120183,7.268349647521973,27.416574096679714,0.7785185774167379,1.123665491739909,4.285910050074259,320.04779433034145,1.3346082081402564
1998-05-10,-1.6399309039115906,2.415619075298309,6.507296323776245,27.45410308837893,0.6261995832125347,0.754759391148885,3.9284605185190835,326.34498562434317,0.7085037232194153
1998-05-11,-1.0942368358373642,-1.887424796819687,3.575814247131348,27.397943115234398,0.4123680591583252,0.5265583992004396,4.445376793543498,196.58204058661647,0.3354158585211979
1998-05-12,-4.703268826007842,-2.082636862993241,6.057961702346802,27.327142333984398,0.6132569909095764,0.7940902709960938,4.1689285437266035,43.393939034985635,0.7197744192819244
1998-05-13,-5.655817747116089,-0.2727377638220787,7.191073775291444,27.316560363769558,0.7603198687235514,0.9470387299855549,4.541170597076416,14.47722449963042,1.2239583161252805
1998-05-14,-6.7403619289398184,0.4809551760554313,8.080798864364624,27.405923461914085,0.8940730293591818,1.0861370563507082,4.592693726221721,122.23868561360771,1.7633301102257735
1998-05-15,-7.205767869949341,-0.49586990103125567,8.47293770313263,27.541551208496116,0.9600885907808939,1.2084294954935708,4.75159231821696,10.51357482165823,2.1177093717719653
1998-05-16,-7.3874754905700675,-3.6209687590599064,8.95051646232605,27.649507141113308,1.1152451435724895,1.647123098373413,5.092399597167969,31.517617068422094,3.138649418928026
1998-05-17,-6.416744709014893,-4.6061307191848755,8.329127073287964,27.655473327636745,1.0427701075871785,1.5524321397145588,5.0673933029174805,39.27548420239514,2.782015067082314
1998-05-18,-5.340901255607605,-3.622895896434784,7.129523873329163,27.497705078125026,0.7982902924219767,1.1995487213134766,4.5233689943949384,40.12946518977609,1.4477275396473341
1998-05-19,-5.492059588432312,-3.705455064773559,7.2019243240356445,27.240228271484398,0.7728362083435059,1.067974328994751,4.439724127451578,38.775858019443376,1.2761514288209577
1998-05-20,-6.430592179298401,-3.0473212599754333,7.78662085533142,26.990953063964863,0.8337014913558961,1.1014053026835124,4.489409446716309,30.71414194123101,1.4760568415448472
1998-05-21,-6.436896562576294,-2.441225707530975,7.60319697856903,26.7663284301758,0.8267070452372233,1.0909767150878906,4.517446517944336,25.72286495168161,1.4785550607281743
1998-05-22,-5.634860277175903,-1.982497841119766,7.009702444076538,26.581399536132835,0.7599809964497883,1.0290834108988445,4.475822528203328,23.178077898135996,1.254353882295256
1998-05-23,-6.321036458015441,-0.6198538765311242,7.636789917945862,26.456040954589866,0.825663169225057,1.03343137105306,4.534428675969441,9.519064764318179,1.4565349209008673
1998-05-24,-5.586309194564819,-0.4432789497077465,6.857043623924255,26.451364135742214,0.7327459255854288,0.9685670534769694,4.613389730453491,11.301437787825364,1.178400872890083
1998-05-25,-5.072882890701293,-0.46744244545698166,6.1074427366256705,26.582551574707054,0.6689378619194031,0.9474851290384929,4.5748625596364345,16.464197939643952,0.9867446265674503
1998-05-26,-4.973790645599365,-2.036996603012085,6.247862815856933,26.798608398437523,0.7351042628288269,0.9527061780293782,4.673152605692545,29.313680774705045,1.1946296031123296
1998-05-27,-2.9878991246223445,-1.0303908437490463,4.277880072593689,27.05109558105471,0.5642031133174896,0.8839914004007976,4.806176503499349,41.47167687710074,0.7516410426863958
1998-05-28,-3.407552659511566,0.9035605192184447,5.072571277618408,27.286058044433616,0.48562523722648626,0.5778675079345703,3.725903272628784,10.237870509600498,0.4141438776063104
1998-05-29,-2.8739976286888127,1.3699979186058044,4.4836816787719735,27.433099365234394,0.4389880796273549,0.5025857289632162,3.536791483561198,239.3876216630931,0.317330142611719
1998-05-30,-3.3393625617027283,0.9295538514852525,4.5728399753570566,27.485101318359398,0.3995020786921183,0.45989354451497394,3.5281795660654702,239.01736281911212,0.2577229468322982
1998-05-31,-4.236580610275269,0.18782208114862442,4.980745911598206,27.48510894775393,0.4107881784439087,0.524148146311442,3.4968212445576983,12.850810126289614,0.2738085902911675
1998-06-01,-5.054704308509826,0.6635161638259889,5.683903217315674,27.476716613769554,0.5033023556073507,0.6478122870127361,3.5748951435089116,240.52200042681594,0.42271816823161673
1998-06-02,-4.5176162123680115,0.6021147072315216,5.271666646003723,27.498513793945335,0.4333061377207438,0.5205700397491455,3.404119650522868,232.10817553936891,0.29510780578316365
1998-06-03,-4.935938239097595,1.5288816094398499,6.076037287712096,27.532586669921898,0.5554714798927307,0.7238888740539551,3.7528486251831055,347.13905747981306,0.543172133123768
1998-06-04,-5.263505339622498,2.63861894607544,6.886830449104309,27.54676208496096,0.7626683115959167,1.0066258907318115,4.300642569859823,335.5833932388253,1.2321745893167113
1998-06-05,-5.162398457527161,2.8125053644180302,6.984521746635436,27.55634460449221,0.7313133478164673,1.0214056968688965,4.278075059254965,327.02725339246103,1.1512813935387063
1998-06-06,-5.439763903617859,1.3033044040203094,7.145291209220886,27.576432800292995,0.6949153343836466,0.8952364921569824,4.022324879964192,342.5906701523999,0.9443461592614851
1998-06-07,-5.112457036972045,-1.0492561459541323,6.481737017631531,27.62032470703127,0.6544250647226969,0.867172082265218,4.24708112080892,18.09975307883796,0.85338995352355
1998-06-08,-5.875926852226257,-1.436385124921799,6.742594957351685,27.67593536376955,0.6690292954444885,0.9391474723815918,4.195459206899008,25.941806057723962,0.9122234925271796
1998-06-09,-6.401367187499999,-0.35559276491403574,7.402211308479308,27.725946044921898,0.7674768169720967,0.9772524038950603,4.512573480606079,14.546396729234363,1.2446947577531766
1998-06-10,-6.571207642555237,-1.0736765414476395,7.488956212997436,27.77226409912112,0.8208074371019999,1.164883534113566,4.75604248046875,19.771137703044285,1.5931720237478355
1998-06-11,-6.442618250846863,-1.0356906056404114,7.618543267250061,27.814851379394558,0.8193849126497904,1.165636698404948,4.7178928057352705,18.94411520135056,1.5500476579394231
1998-06-12,-6.2241536378860465,-1.6077015995979311,7.592108368873597,27.85534820556643,0.846682329972585,1.2211360931396484,4.717777331670125,21.777920485418406,1.6512876695899907
1998-06-13,-5.300154209136963,-1.9521625638008118,6.8774755001068115,27.886705017089863,0.7685058315594993,1.1298125584920247,4.615621328353882,29.17761922071476,1.3492626138526032
1998-06-14,-3.943513453006744,-1.42064568400383,5.579865336418152,27.904344177246116,0.6293455561002095,1.0077856381734211,4.307523012161254,29.489832023439305,0.8990560354039892
1998-06-15,-4.008175730705261,0.4773744773119688,6.387049555778503,27.908044433593773,0.6597232619921366,0.8363962173461913,4.077014128367106,232.77737820809745,0.829272865611216
1998-06-16,-5.918190598487854,0.3737748768180609,7.767474174499512,27.897767639160175,0.8077529072761536,1.030412197113037,4.279799540837606,356.1923936592267,1.3200836202692823
1998-06-17,-6.712265968322754,-0.14754681754857302,8.056121706962585,27.87574920654299,0.8925100366274515,1.1924448013305664,4.6871622403462725,5.2549361533996075,1.8265488200284952
1998-06-18,-6.92369246482849,-0.8734041154384613,7.871453523635865,27.851518249511745,0.8607343236605328,1.0943824450174968,4.822603861490886,16.248034138689928,1.7393065959172496
1998-06-19,-5.604604482650757,-1.7974285781383517,6.781089901924134,27.833856201171898,0.7690611282984415,1.1147762139638262,4.739015738169352,27.13248086253257,1.407317792956652
1998-06-20,-6.017941951751709,-2.55234694480896,7.304467678070069,27.822778320312523,0.8253552317619324,1.1605787277221682,4.801569143931071,32.452704696699435,1.5706568836480879
1998-06-21,-6.147372245788575,-2.1298936605453487,7.2520763874053955,27.81756744384768,0.7962515751520793,1.0627752939860027,4.651013135910035,29.309967149167615,1.4095116823669755
1998-06-22,-6.581477403640746,-1.6544752418994904,7.195382356643677,27.822381591796898,0.7872453927993774,0.9798056284586589,4.649091084798177,28.386534158911047,1.3559777672192244
1998-06-23,-6.116063594818114,-2.0531634986400604,6.942603230476379,27.87745819091799,0.7368902564048767,1.040759007136027,4.535099029541016,26.50955156521434,1.1938273866894444
1998-06-24,-6.548620820045471,-0.8553841263055801,6.898814678192139,27.97906646728518,0.8318783442179363,1.1312278111775715,5.265909989674886,27.614202024003966,1.7437927313497639
1998-06-25,-4.713632941246033,3.570524573326111,6.375660538673402,28.06364593505862,0.7045679887135824,0.843035380045573,4.23995304107666,343.4521831015978,0.9838196910151892
1998-06-26,-3.788134515285492,1.7179762423038485,5.219583868980408,28.066293334960964,0.5391504069169363,0.6645121574401855,4.239589691162109,342.7285405539843,0.5653188296880195
1998-06-27,-4.648854494094849,0.9857254028320311,6.445042133331299,27.93494567871096,0.663553794225057,0.8390234311421711,4.397898435592651,238.602325666505,0.9126274328953691
1998-06-28,-6.231492042541504,-0.22747177071869373,7.541741251945496,27.72467193603518,0.8045249183972676,1.0503881772359211,4.537539641062419,8.247326798848102,1.3896517844977325
1998-06-29,-6.883628845214844,-0.3339060880243778,7.563795208930969,27.525445556640648,0.8190290133158366,1.1807095209757488,4.645372629165649,14.267122626223,1.5407484168443204
1998-06-30,-6.426189780235291,0.466251827776432,6.916844129562378,27.33590087890627,0.7140732208887737,0.9742633501688639,4.386293411254883,9.02636262157599,1.0735173837772418
1998-07-01,-6.921747326850891,2.046773463487625,7.3979395627975455,27.153253173828148,0.7692406177520753,0.9693449338277181,4.392196893692016,2.876425556281409,1.251348224254225
1998-07-02,-5.167091488838196,2.7779569029808044,6.21837615966797,26.988313293457054,0.6349872152010599,0.7741350332895914,4.000342130661011,341.23814757017215,0.7773665217902522
1998-07-03,-4.16871589422226,-0.3020495064556598,4.94523274898529,26.928460693359398,0.48462991913159686,0.6346755027770996,4.202716588973999,126.3161558113715,0.4729724827335802
1998-07-04,-6.047720789909364,-1.7862046957015991,6.724390864372254,27.00840148925783,0.6126443942387899,0.7534208297729493,4.255621989568074,27.377573200916764,0.7307736424304755
1998-07-05,-5.0895490646362305,-2.5528252124786377,6.180908679962158,27.146844482421898,0.6166889866193135,0.8070058822631836,4.476335048675537,36.913689700396354,0.7852656426304017
1998-07-06,-3.7834094762802124,-2.9274982213974,5.164597392082215,27.26613006591799,0.5019809305667877,0.6840144793192544,4.25441042582194,45.1510957098253,0.4940539667992034
1998-07-07,-4.0432628989219666,-3.067356765270233,5.321912169456482,27.28974304199221,0.465941458940506,0.6653021176656089,4.078056971232096,48.91961828886235,0.40065136863616063
1998-07-08,-7.106497406959533,-0.8230492919683456,7.610050797462463,27.206796264648457,0.7559283574422201,0.9296896457672119,4.254847606023152,16.966394078728666,1.1471581416751966
1998-07-09,-7.254239797592163,-1.6307152211666107,7.851454138755799,27.07948455810549,0.8514336347579956,1.0704054832458496,4.678674221038818,20.723686086755986,1.6276010969280177
1998-07-10,-5.987616062164307,-0.8254379406571389,6.9132686853408805,26.950402832031273,0.7455397446950278,1.0813026428222656,4.6253429253896075,19.606241559795116,1.278860111203306
1998-07-11,-4.0609681606292725,-0.230025939643383,5.6915647983551025,26.863946533203148,0.5862696568171183,0.8747904300689697,4.201914310455322,16.34303940745673,0.7247232125280426
1998-07-12,-3.174398362636566,-0.5454132882878183,5.07213282585144,26.85754547119143,0.47617234786351526,0.6633369922637941,3.7574206988016763,14.88675582167169,0.40058963169029915
1998-07-13,-2.5594192147254944,-0.18257905915379524,5.403110027313233,26.909020996093773,0.48523426055908203,0.6304259300231934,3.685480038324992,239.86619653254488,0.3967082957625723
1998-07-14,-3.6893855333328247,-1.1514361053705215,5.994592428207397,26.98472747802737,0.5499365131060283,0.703446626663208,3.7575488885243735,12.948852447617089,0.5218005265083837
1998-07-15,-5.278428077697754,-0.7823330536484719,6.8825191259384155,27.1004348754883,0.6770451267560323,0.9601409435272218,4.141837437947592,10.649580226221795,0.9148727253542348
1998-07-16,-5.119768738746643,-1.6497953832149506,6.1557531356811515,27.27259979248049,0.6467326680819194,0.9669380187988281,4.409062385559082,29.445847537197647,0.9153185742651068
1998-07-17,-4.411687195301056,-1.7599910497665405,5.317749381065369,27.509332275390648,0.520956705013911,0.8250176111857096,4.164464791615804,33.902952472639015,0.5504588082502199
1998-07-18,-3.354050099849701,-1.8418952524662018,4.4067559242248535,27.736116027832054,0.4090325931708018,0.5904645919799804,3.8465202649434405,39.45495592342851,0.29952277039701747
1998-07-19,-3.9518971443176265,-0.885261282324791,5.169354677200317,27.884301757812523,0.44137754042943317,0.5690441131591797,3.6332900524139404,27.122343491845584,0.32304390473461775
1998-07-20,-4.1472800970077515,-0.9860138148069381,5.280062913894653,27.966088867187523,0.4830009539922078,0.6522138118743896,3.765750487645467,25.677127555123683,0.40981604671784283
1998-07-21,-4.825347900390626,-0.5628174766898155,5.4653602838516235,27.993913269042995,0.5620908141136169,0.8378251393636067,4.2982423305511475,27.412282548748582,0.6449578176159054
1998-07-22,-5.306225657463074,-0.6984841302037239,5.879307031631471,27.979531860351585,0.5487193663914999,0.73545773824056,4.048233985900879,22.64298433357387,0.5693639994270384
1998-07-23,-5.091311454772949,-1.0822427570819855,6.020988821983337,27.921174621582054,0.6372838020324707,0.8812128702799479,4.555205504099528,28.356528616271667,0.8710540667934779
1998-07-24,-6.307476282119751,-2.7506978511810307,7.0518159866333,27.81933746337893,0.722273588180542,0.9594354629516602,4.475543260574341,34.587955986841564,1.0820470562689384
1998-07-25,-6.784452438354492,-0.9961603730916977,7.296438932418824,27.688272094726585,0.822250763575236,0.9986268679300945,4.910833517710368,22.761677972792764,1.5866535221719584
1998-07-26,-4.84295928478241,-0.8055701702833176,5.4741491079330435,27.540475463867214,0.6330156822999319,0.9666929244995117,5.1834001541137695,31.64803737623485,0.9835087011159015
1998-07-27,-5.406205892562866,-0.21704206429421902,5.923133015632629,27.392236328125023,0.6580886244773865,0.8742710749308268,4.646682341893515,23.827194805732365,0.9819348556345696
1998-07-28,-5.173981785774232,-1.2912321686744688,5.89352285861969,27.286477661132835,0.5391215582688649,0.7094794909159343,4.011820872624715,25.98590301547411,0.5424135046977773
1998-07-29,-6.26893925666809,-3.163136065006256,7.256564140319824,27.246606445312523,0.7540200750033061,0.925503412882487,4.629948774973551,34.258775577510065,1.2081821037519418
1998-07-30,-5.098054647445679,-0.9032820910215378,5.548814058303833,27.264115905761738,0.631070484717687,0.8207929929097493,5.023566246032715,34.525810127158486,0.9395439346311512
1998-07-31,-5.608171343803406,-0.4654778391122818,6.367873787879944,27.32978973388674,0.6223002870877584,0.8190519014994303,4.30908187230428,20.214545854303747,0.8005608593606524
1998-08-01,-4.883329272270202,-0.762366697192192,5.728273510932922,27.432893371582058,0.5294818083445232,0.7869121233622234,4.04760201772054,24.759865453735454,0.5504270612699976
1998-08-02,-3.2668108344078064,-2.305249452590943,4.579845905303955,27.53016052246096,0.4715551932652791,0.6968799432118734,4.048688173294067,43.76070388609323,0.4214749657558495
1998-08-03,-2.384153962135315,0.3008108213543892,3.8921623826026917,27.605332946777366,0.3668162326018015,0.49982651074727374,3.6501291592915854,37.12630590360118,0.2288603008854214
1998-08-04,-3.5579556226730347,-0.6958482693880796,4.498608469963074,27.683297729492207,0.34051580230395,0.4037637710571289,3.3208066622416177,31.174823957315972,0.17410232981888207
1998-08-05,-4.389801859855652,-1.7769024074077606,5.335325717926025,27.790742492675804,0.46093119184176123,0.596868356068929,3.67541225751241,35.97663295548133,0.35731396434357776
1998-08-06,-4.57395076751709,-2.133226007223129,5.428451776504516,27.94355163574221,0.4542692601680755,0.6327991485595703,3.783766746520996,35.73051781657002,0.3639067771562133
1998-08-07,-4.7007516622543335,-1.5176385343074796,5.7723257541656485,28.057298278808616,0.5135354200998943,0.6687221527099609,3.858481486638387,29.41029793915821,0.4730949280549767
1998-08-08,-5.361712455749512,-1.7088174521923065,6.240120530128478,28.082124328613304,0.5849870045979817,0.7509938875834147,4.099576791127523,29.945107001769525,0.6503635041727934
1998-08-09,-4.907284140586853,-1.5673606991767883,5.656642198562622,28.08392486572268,0.557497908671697,0.7460681597391765,4.263397455215454,30.77213849345622,0.6187880933749722
1998-08-10,-4.584647178649902,-3.5686817169189453,6.051686644554138,28.128373718261738,0.5926581223805745,0.7076752980550131,4.2714996337890625,44.356756120322785,0.6792192466893764
1998-08-11,-3.975890576839447,-1.8232774138450623,4.847240924835205,28.270356750488304,0.5167782604694365,0.7121218045552572,4.472912152608235,43.3205535391957,0.5625505481291357
1998-08-12,-3.6908959150314335,-0.517851585522294,4.535805583000183,28.45002899169924,0.44543270270029706,0.6036413510640463,4.163690567016602,34.22545523212283,0.3809723223192102
1998-08-13,-3.449572801589966,-0.6712098121643065,4.425232887268066,28.582727050781273,0.4220950206120809,0.5864985783894857,3.970565954844157,31.29953285156358,0.32613980117205993
1998-08-14,-2.6967799067497253,0.01048864051699638,4.30224096775055,28.68641815185549,0.41197508573532104,0.5842294692993164,3.761698325475057,28.077183425972486,0.302235998582552
1998-08-15,-2.718935191631317,0.08804688788950443,4.505831956863402,28.777795410156276,0.3739450573921203,0.42787893613179523,3.340571165084839,12.668763778078434,0.2110683097596914
1998-08-16,-4.43672251701355,0.6867249235510826,5.6255003213882455,28.86667785644534,0.4809906979401906,0.6030667622884114,3.508183797200521,122.2316286466407,0.37219652978956586
1998-08-17,-5.160900831222534,-0.2509657323826104,6.3748579025268555,28.899346923828148,0.6500023007392884,0.9376395543416342,4.090952078501384,11.121122702909647,0.8551898345522115
1998-08-18,-3.801170825958252,-1.3122443407773972,5.097289323806763,28.85261688232424,0.5614581704139708,0.8314491113026937,4.1627843379974365,33.9001973938844,0.6412403524235124
1998-08-19,-1.8788571655750275,-2.2103112936019897,3.774723589420319,28.779573059082058,0.3927066226800283,0.5094825426737467,3.822203238805135,57.753854312109276,0.26685445935391483
1998-08-20,-1.6204824745655062,-1.460304528474808,3.3041021227836613,28.7314163208008,0.4933690329392751,0.6303691864013672,4.446323394775391,51.21666436199126,0.48660745165422886
1998-08-21,-1.734670490026474,2.382574021816253,4.329959034919739,28.758935546875026,0.5481274127960205,0.6827319463094076,4.7506786187489825,224.21945495131902,0.6478552570399273
1998-08-22,-2.9899701476097107,-0.029267822392284863,4.016828179359436,28.87245330810549,0.4675267040729523,0.5315858523050944,4.759827931722005,27.02947183696667,0.47170476746266016
1998-08-23,-2.6206463575363164,-0.13618880510330197,3.751217842102051,29.022119140625023,0.5191168785095215,0.596299409866333,5.797886848449707,52.02501813880097,0.7232006897991895
1998-08-24,-3.237834870815277,-0.8093694522976875,4.1684523820877075,29.165673828125023,0.47042333086331684,0.5630173683166504,5.777085304260255,47.937655481801336,0.5933242059386975
1998-08-25,-3.3750196695327763,-1.2072401195764542,4.3764530420303345,29.25744781494143,0.4337528546651204,0.5872637430826824,4.280797084172567,40.42537966164319,0.36661305921913717
1998-08-26,-4.091957271099091,-1.9045387208461761,5.0447953939437875,29.25910339355471,0.43985280394554144,0.608273983001709,3.9303603172302246,42.5441382114807,0.34385984477533943
1998-08-27,-5.371655344963075,-1.0623965561389923,5.9574501514434814,29.18524322509768,0.574934095144272,0.7969670295715333,4.279753923416137,28.994770366286957,0.6629151461924299
1998-08-28,-4.433983504772186,-2.4565399885177617,5.786368489265442,29.078034973144554,0.6320532162984213,0.8327796459197998,4.445127646128337,39.28008084007249,0.8186030069980209
1998-08-29,-3.786374926567077,-2.071863532066345,4.712171673774719,28.945909118652363,0.6381777922312418,0.8592055638631185,4.757612228393555,47.747712323906875,0.8838673973659169
1998-08-30,-7.100494623184205,2.5816651582717896,7.797159910202026,28.79548034667971,0.9929804007212322,1.1714226404825847,4.821342468261719,121.65218601636329,2.3636317368222977
1998-08-31,-3.4527438879013057,8.842076897621155,9.623632431030275,28.642732238769554,1.2228334347407024,1.6077001094818115,5.010066827138265,290.29723632510667,3.6969313194573803
1998-09-01,0.8741570264101028,8.204452514648438,8.68375551700592,28.57373199462893,1.1501323382059734,1.2894159158070881,5.669434547424316,245.0309088956424,3.560431492106361
1998-09-02,3.7042941451072693,4.980073928833008,6.302660703659057,28.61780700683596,0.9686887462933857,1.0736881097157795,6.8394775390625,188.96057867648187,2.914479624745368
1998-09-03,1.2034197002649307,2.553499698638916,3.6772310137748723,28.702935791015648,0.7428785363833109,0.8559705416361489,7.063444137573243,144.5933445350488,1.7770001862031124
1998-09-04,-4.316372990608215,0.8728460371494292,5.057171583175659,28.755235290527366,0.7873055934906006,0.8647778828938802,9.029971758524576,76.72701299925322,2.5691319453722437
1998-09-05,-6.434269905090332,-0.1648370586335659,6.960711598396302,28.711358642578148,0.7427713672320049,0.8739784558614095,4.235836346944173,19.765573008551577,1.1009713752941057
1998-09-06,-6.487558126449585,0.665891669690609,6.847318530082703,28.60816345214846,0.7806687752405802,1.011777718861898,4.6420087814331055,13.731068430616991,1.40115470332161
1998-09-07,-6.138078570365906,4.8962273597717285,8.028326392173769,28.51965484619143,0.9170551300048827,1.1180922190348308,4.495741605758667,337.01157507317214,1.8479918609388104
1998-09-08,-4.449895024299621,5.9099810123443595,7.545375943183898,28.439607238769554,0.7850867907206217,0.9770376682281494,4.224219878514608,319.89297988381225,1.2718483760220656
1998-09-09,0.7986470870673656,8.102319598197937,8.447649836540224,28.36286315917971,1.0905288060506184,1.5037609736124677,5.240756988525391,253.9203850522679,3.020493337556657
1998-09-10,-2.2570842504501343,5.00144910812378,5.98416030406952,28.28647766113284,0.8855774998664856,1.0330233573913574,6.483437856038412,225.11259505580182,2.3119460569048544
1998-09-11,-3.249799251556397,4.084843039512634,5.720821261405945,28.227288818359394,0.9162005186080933,1.1045489311218262,8.305811564127604,202.94629673899624,3.2353244324802493
1998-09-12,-4.970489740371704,2.2738376855850215,5.969542145729066,28.209436035156273,0.7363934914271036,0.8715348243713378,7.439494291941325,236.2967250522387,1.843715345630946
1998-09-13,-4.331740975379944,1.9523968398571012,5.50234842300415,28.24172363281252,0.6343969305356344,0.7440529664357503,5.234118620554606,124.99556373376159,0.9962164493810458
1998-09-14,-4.708247542381287,1.7696398496627805,5.834474086761475,28.332009887695335,0.71296888589859,0.885698159535726,4.945058981577556,122.2292578145079,1.240727759413297
1998-09-15,-4.11106950044632,-1.0416279137134554,4.7643007040023795,28.48405609130862,0.6163586378097534,0.7242898941040039,6.023539861043294,32.20756945446152,1.1153952219125431
1998-09-16,-0.610152892768383,-0.8313538283109665,3.4788835644721985,28.634271240234398,0.5475399196147919,0.6193734804789225,5.652433792750041,49.12160950592115,0.8325396372457566
1998-09-17,2.2382892370224,1.7589248418807983,3.633912205696106,28.740686035156273,0.5228690604368845,0.6663697560628254,5.579200903574627,77.6338412238245,0.6978212812170782
1998-09-18,1.412943363189697,2.7505652904510494,3.923080623149872,28.83290252685549,0.5343698859214783,0.5965061187744141,5.216355323791504,158.32458334233326,0.68830787708974
1998-09-19,1.2922472804784775,2.4869592785835266,3.509882926940918,28.939912414550804,0.4704659183820089,0.5612796147664387,4.537396430969238,196.03820088054823,0.46011714872942855
1998-09-20,-1.583798199892044,2.376571536064148,3.538731634616852,29.079660034179714,0.3974959750970205,0.4318669637044271,4.627718130747477,200.20914414190602,0.32630898354332755
1998-09-21,-4.326414525508881,2.411769390106201,5.445467233657838,29.148484802246116,0.4920860528945923,0.6358421643575033,3.469002485275268,332.2667905342311,0.39532564092139133
1998-09-22,-4.291009187698365,0.7255920395255089,5.739029884338378,29.09832916259768,0.49375882744789124,0.6049656867980957,3.529352903366089,350.9417401929309,0.4104474676873425
1998-09-23,-3.0724207758903503,0.3517470210790634,4.155702352523804,29.026162719726585,0.41393006841341656,0.5803977648417155,3.737425486246745,16.124722418656994,0.303103515210339
1998-09-24,-2.869275212287903,-0.5028155893087387,3.5595165491104126,29.030015563964863,0.3481907447179158,0.4690225919087728,3.5321942965189614,32.68846340053868,0.19703512578204868
1998-09-25,-2.8633467555046086,-0.012059014290571218,3.678710103034973,29.19453582763674,0.36905337373415625,0.45589574178059894,3.724553346633911,32.092992889581296,0.2258351359857586
1998-09-26,0.11983102094382048,-1.4481117129325867,2.495149612426758,29.441712951660183,0.5877242684364319,0.8894821802775064,7.5793525377909345,57.26563318822848,1.5885693610142828
1998-09-27,-0.6867572441697122,0.3106016591191292,2.257907748222351,29.650994873046898,0.8275150656700133,0.911767323811849,10.118149439493815,58.600976194866575,3.309479004832705
1998-09-28,-1.8155708014965057,0.08297372981905939,3.0923808813095093,29.831010437011745,0.8280947804450989,0.8884565035502116,9.682331720987957,74.48082643737662,3.0587134057049825
1998-09-29,-2.381504535675049,0.8975382819771767,4.011474907398224,29.987596130371113,0.6458883881568908,0.8256605466206868,8.452938079833984,75.12672122039633,1.7184767483203998
1998-09-30,-1.8106031119823456,1.0934084951877594,4.423461437225342,30.12256774902346,0.5110396146774292,0.5716243584950764,5.73043409983317,58.64230724657508,0.6693913303848388
1998-10-01,-3.7858047485351562,-1.0503260493278503,4.970236539840698,30.17091522216799,0.4972898165384929,0.6014622847239176,5.305357933044434,59.27804453568627,0.5847943989564511
1998-10-02,-5.772669434547424,0.44194626063108444,6.673593878746034,30.096734619140648,0.6814716657002767,0.9553182125091553,4.067480007807413,10.576277571661914,0.9200875465570436
1998-10-03,-5.58960497379303,2.226706832647323,6.616620182991028,29.949327087402363,0.6406392256418864,0.7737860679626465,3.9604901472727456,346.088909453852,0.7611901619176212
1998-10-04,-6.220534563064574,1.273787945508957,7.161702036857606,29.77661285400393,0.7058537403742473,0.8412013053894043,4.178195635477702,234.4731346436163,1.0000518344726044
1998-10-05,-7.391557693481445,0.6401659995317459,7.753965497016906,29.625062561035175,0.8388266166051229,0.979710578918457,4.529186964035033,7.294795476994561,1.5447506103294628
1998-10-06,-6.543331980705261,0.8989566043019295,7.106770873069763,29.540277099609398,0.7481426000595093,0.891759475072225,4.540284315745036,124.32343560461473,1.241385524680635
1998-10-07,-5.745367050170898,-0.7671029642224312,6.407893061637878,29.51300201416018,0.7096661130587261,0.8949899673461914,4.8252659638722735,21.76071049528425,1.1836738327050227
1998-10-08,-5.367695331573486,-2.2690027952194214,6.091583490371704,29.511651611328148,0.7087570826212565,0.9241039752960205,6.199213504791259,48.9882992228062,1.3983991418451436
1998-10-09,-4.482829928398133,-1.7674821317195892,5.464485168457032,29.50272521972658,0.846830944220225,1.0325177510579429,6.825857003529867,92.95161776730352,2.1624447569344825
1998-10-10,-4.642514109611511,-1.1189330369234087,5.2646589279174805,29.45894012451174,0.6850409110387167,0.8115399678548177,6.711260000864665,93.47496907787617,1.4402951411765874
1998-10-11,-5.323071479797363,-0.8885565102100371,5.994640827178955,29.40055236816409,0.6552318533261617,0.8166375160217284,4.9854075113932295,44.32964184876834,0.9488873113816181
1998-10-12,-7.270154595375061,-2.358769416809082,7.849089503288268,29.355340576171898,0.8956641554832458,1.116866111755371,4.885818322499593,32.30627534201219,1.8050393879575373
1998-10-13,-7.134425640106201,-3.220724642276764,8.02303421497345,29.308992004394558,0.9924782514572144,1.2190244992574055,5.173104763031006,36.999178985760864,2.3815082640456557
1998-10-14,-4.150228500366211,-3.504350960254669,5.513105154037476,29.249101257324238,0.6405744155248007,0.8714319864908854,5.0370127360026045,54.707036154059416,0.942099360570257
1998-10-15,-5.831717729568481,-0.15672329487279058,6.037092804908752,29.163285827636745,0.6157891154289246,0.8053265412648518,4.656509637832642,35.270876163843404,0.7888018231129768
1998-10-16,-8.262751936912538,1.649451673030853,8.567513108253479,29.084573364257835,1.0068323214848836,1.2482279936472576,4.782145341237386,121.43501510547297,2.3084784316484304
1998-10-17,-7.791388750076294,0.5409423634409904,8.051843643188477,29.034219360351585,1.0320832133293152,1.1837949752807617,5.725024541219076,13.419056831084749,2.9819269535805115
1998-10-18,-7.217994093894958,-0.022484838962554942,7.781765103340149,28.98813781738284,1.0303036967913308,1.2216346263885498,6.327601591746013,21.24590876668617,3.2113388860655916
1998-10-19,-7.063005566596985,-2.029210686683655,7.628402948379517,28.92256317138674,1.1029523213704426,1.4881187280019126,6.502808411916098,32.432129934162006,3.7216250627236107
1998-10-20,-6.101025700569153,-2.568314492702484,6.7413153648376465,28.81751403808596,0.9933540225028992,1.1719647248586018,6.7274657885233555,41.98023102438096,3.1425486381644507
1998-10-21,-0.9189821183681487,5.539980888366699,6.1514118909835815,28.70947418212893,0.8665775458017986,0.9992361068725586,5.86125405629476,332.25140747519555,2.0355221596737794
1998-10-22,-3.004086554050445,3.3526411652565,5.42976450920105,28.631211853027366,0.9663789669672649,1.3574423789978025,8.164019425710043,256.87226401655124,4.038573743818256
1998-10-23,-6.5708662271499625,-1.7454097270965576,6.999929428100587,28.561685180664085,1.680063525835673,1.928750276565552,9.650886217753092,87.57517826082325,12.645655623674168
1998-10-24,-6.860272288322449,-1.571944147348404,7.170737862586976,28.48065338134768,1.712839166323344,2.0509277979532876,9.980242729187012,57.531521746268105,13.791959037411775
1998-10-25,-6.516611933708191,0.5798384547233582,6.978954672813416,28.371751403808616,1.2952080965042114,1.4497047265370686,8.909959475199381,47.78623826837794,6.97522025048165
1998-10-26,-8.668725132942198,-3.6214427947998042,9.65209698677063,28.262185668945335,1.5410650571187339,1.8580597241719563,7.6386775970458975,38.723282749366106,8.468032266124252
1998-10-27,-9.540916681289673,-6.4659117460250854,11.602068662643433,28.183763122558616,1.9124253193537393,2.0711429913838706,7.06535784403483,41.15731415293519,12.252315353163217
1998-10-28,-8.675642251968384,-6.002728819847107,10.587476253509521,28.123162841796898,1.732951800028483,2.052212874094645,6.912451267242432,41.9662461756317,9.873529655386712
1998-10-29,-8.252657413482666,-4.557059645652771,9.460208654403687,28.067330932617207,1.3749806880950928,1.6695422331492105,6.1445746421813965,38.22483867463262,5.638601951437902
1998-10-30,-7.837016105651856,-3.872698664665222,8.78841233253479,28.008172607421894,1.2068632046381633,1.5152123769124348,5.757165908813477,36.14045080803354,4.001775778141175
1998-10-31,-8.380653738975525,-2.0250546038150787,8.702608704566956,27.96920166015627,1.1178720394770305,1.2847095330556235,5.484402974446614,28.570196616543058,3.292822993460191
1998-11-01,-8.264991998672485,0.060960833448916674,8.367335319519043,27.95865783691408,1.07014795144399,1.2579033374786377,5.338802019755046,16.890479317180183,2.9468088894071016
1998-11-02,-6.967454791069031,0.6070606261491776,7.077232599258423,27.944001770019554,0.7924570441246033,0.9540037314097086,4.8437933921813965,13.092771990304833,1.502835264999088
1998-11-03,-8.0737624168396,2.5545088052749634,8.52853536605835,27.894334411621113,0.8903558254241943,1.0900728702545166,4.47184681892395,355.5902747877741,1.6595064281142722
1998-11-04,-0.2038515955209732,-4.5790549516677865,9.944724798202513,27.7806106567383,1.6402366161346436,2.5637664794921875,6.1676896413167315,66.81837308189164,8.662354870539504
1998-11-05,-2.8458284735679626,-7.0256651639938354,7.901885986328126,27.62152252197268,1.5455749829610188,1.8994122346242268,8.261272430419922,76.46140781179689,8.987921068666433
1998-11-06,-7.164865136146545,-4.508582830429076,8.572352409362793,27.458535766601585,1.3278201818466187,1.4497312704722087,7.549238046010335,54.96629683423555,6.228054664229366
1998-11-07,-7.625268101692201,-1.444807380437851,7.852569818496705,27.303613281250023,1.114884297053019,1.419484535853068,6.30875809987386,39.61803359298925,3.6692384245347744
1998-11-08,-7.076699137687682,-0.880925565958023,7.428025603294373,27.16843566894533,0.8756395379702251,1.1144363085428872,5.028853019078572,25.239580862920093,1.85101416905053
1998-11-09,-6.82475984096527,-0.4783219993114471,7.017119407653809,27.064500427246116,0.7692938645680746,0.9024001757303874,4.714885393778483,20.655825066323132,1.3166560394367794
1998-11-10,-5.9440531730651855,2.0547415912151332,6.67006230354309,27.005357360839866,0.7687905430793761,0.90496826171875,5.125608921051026,239.97183531303995,1.4271458543981328
1998-11-11,-5.786975860595702,-0.38564470037817955,6.277172327041626,26.98878631591799,0.6652520398298899,0.7693902651468914,5.724389473597208,14.988625041023377,1.2898520019746638
1998-11-12,-6.948706030845642,-2.192558616399765,7.4882861375808725,27.006684875488304,0.8523401618003844,0.9881344636281332,4.959334373474121,32.70766828412057,1.6619209913200839
1998-11-13,-6.803810119628907,-0.2769487015902996,7.162548780441284,27.04795227050783,0.9003007610638937,1.1121220588684082,5.922006130218506,27.763949642022453,2.232352145693356
1998-11-14,-5.102147340774536,1.1660643965005875,6.030077576637268,27.09945068359377,0.7379806637763977,0.912258783976237,4.9822486241658535,10.06603434353921,1.3156353955246773
1998-11-15,-1.5690227746963503,1.3247783184051514,4.185638010501861,27.10464630126955,0.48400267958641047,0.5951859156290691,5.030399322509766,125.15106720060614,0.5739368873136186
1998-11-16,-0.8576230853796005,-2.7027068734169006,3.2708290219306946,27.047608947753933,0.46122961242993676,0.6172726949055991,5.6511603991190595,108.70175744892245,0.569088720506076
1998-11-17,-3.563651263713837,-4.478826403617859,5.789064884185791,26.975076293945335,0.6623730460802715,0.7629756927490234,5.82252852121989,96.77964449689414,1.1250691371025334
1998-11-18,-6.318929553031922,-4.038418292999268,7.532133102416991,26.93556365966799,0.8019892772038778,0.956131140391032,4.280547300974527,44.061152233084194,1.2372908126961453
1998-11-19,-6.717292308807374,-0.8952094167470932,6.918163776397705,26.969338989257835,0.7162448167800902,0.9477799733479818,4.443964004516602,24.34754631911394,1.0698879711071239
1998-11-20,-5.737668514251709,-0.43291453272104263,6.001319169998169,27.036889648437523,0.6307089030742644,0.7512895266215006,4.674190521240234,24.73537734636769,0.888772524632191
1998-11-21,-5.469648957252502,-0.3035325622186065,6.065516948699951,27.07757720947268,0.6068411270777384,0.7167483965555828,4.410115957260132,21.23618411978091,0.7843565422040724
1998-11-22,-4.7649264335632315,-0.8585297316312789,5.083113074302674,27.09720001220705,0.5235315561294556,0.665866454442342,4.415211915969849,31.92646740784611,0.5645150988506568
1998-11-23,-4.785559177398682,-0.32256167382001877,5.179648995399474,27.100984191894554,0.6214563250541687,0.6808831691741943,5.733098983764649,50.632663991583854,0.9753906890895883
1998-11-24,-5.100070118904114,-2.3477665185928345,5.886736869812012,27.09285125732424,0.6764143705368042,0.8552188873291016,5.387214342753093,47.160415418158124,1.115956465912412
1998-11-25,-5.187486052513123,-3.3082251548767094,6.334382772445679,27.053262329101585,0.6949799458185831,0.8348153432210286,4.584441343943277,46.1206318350382,0.9972605060041213
1998-11-26,-3.671350717544556,-5.6735007762908936,6.849730372428894,26.97076568603518,0.7638501326243083,0.8401828606923422,4.580291430155436,62.5768656924442,1.1897891677688817
1998-11-27,-6.061074614524841,-4.578396320343018,7.641086101531982,26.85698089599612,0.9562238454818726,1.232226371765137,5.308685143788655,52.778974078669435,2.264121563757389
1998-11-28,-7.125765323638916,-3.053551197052002,7.811993837356567,26.72318420410159,0.9996330936749775,1.2111283938090007,5.486480236053467,39.672074539402466,2.5511889481259176
1998-11-29,-6.570338606834412,-1.2766403704881668,6.885116934776306,26.58227691650393,0.7382738590240479,0.8906855583190918,4.635706742604573,26.735922508457516,1.1903514896028282
1998-11-30,-7.234685063362122,-0.8589557111263276,7.831008672714233,26.456811523437523,0.8243107795715332,1.045984427134196,4.560966571172078,16.98966350823971,1.4704691572141062
1998-12-01,-5.986189484596253,-3.9844269752502446,7.294341921806335,26.357629394531273,0.8221841057141622,1.0674368540445962,4.671719551086426,38.20817848318401,1.4699893538085331
1998-12-02,-6.452349424362182,-3.3645784854888916,7.317383289337158,26.284204101562526,0.8933874368667604,1.0829044977823892,5.211708863576253,39.336218521992144,1.9493734825861608
1998-12-03,-5.3444366455078125,-1.664683222770691,5.886873722076416,26.23513183593752,0.6795770128568014,0.8830370903015137,5.0655209223429365,35.935640877881134,1.091948439140664
1998-12-04,-5.467172861099242,0.07099280133843423,6.352317452430725,26.21032867431643,0.6546200513839722,0.8245741526285806,4.584147373835245,18.301817488117138,0.9240018523051272
1998-12-05,-5.356603145599365,-0.3536811601370573,6.039495944976807,26.218125915527366,0.6508554617563884,0.9181586106618246,4.580496867497762,22.416863965525312,0.9317228351345864
1998-12-06,-5.428292393684386,0.7854256704449654,6.0762388706207275,26.24977264404299,0.6450270613034566,0.8034831682840984,4.489113807678223,12.42066302385475,0.9083036902709165
1998-12-07,-5.455388307571412,1.504891216754913,6.40947949886322,26.278108215332058,0.6432173649470012,0.7557756106058757,4.177824258804321,234.8754523018293,0.8056380877048065
1998-12-08,-4.74674642086029,-0.2969295177608728,5.416149854660034,26.27507934570315,0.5300254821777344,0.5823807716369629,4.72548246383667,16.14197988483043,0.6438588405443672
1998-12-09,-6.135671973228454,-2.4304633736610413,6.888433694839477,26.217683410644554,0.779681921005249,1.1613237857818604,6.359414577484131,46.26254349290283,1.9924776534163668
1998-12-10,-6.718999147415161,-1.69374018907547,7.283855438232421,26.13593444824221,1.0232078234354656,1.2889846165974934,6.345605691274007,48.67444219093206,3.029885555917076
1998-12-11,-4.530888855457306,-2.057377427816391,5.3021695613861075,26.05487213134768,0.7336659630139669,1.042200009028117,5.866665204366048,42.21589413839263,1.4728739924308658
1998-12-12,0.1068197451531887,-4.682327270507813,5.156729578971862,25.945275878906273,0.8122700452804564,1.6479267279307046,7.355229377746582,84.20169025691747,2.76745937163925
1998-12-13,1.7120523154735567,-10.484189271926878,10.641932010650633,25.778222656250023,1.977867563565572,2.2015870412190757,8.033620039621988,114.3072817402862,14.094571714341903
1998-12-14,0.25280250236392016,-9.157849550247192,9.234662294387817,25.53486022949221,1.6827935775121052,1.7598225275675456,7.532906850179037,106.40399879389517,9.50029726997122
1998-12-15,-1.405503123998642,-7.178075551986694,7.343411564826965,25.295816040039085,1.2685582240422566,1.552392323811849,7.1746578216552725,91.9447929349754,5.245413722634535
1998-12-16,-1.4397215247154234,-5.851335287094116,6.052663087844849,25.132707214355488,0.8925375739733378,1.0497482617696126,5.892253398895264,84.57321322236349,2.130086551771623
1998-12-17,0.050941416062414646,-6.21294093132019,6.344487190246583,25.013650512695335,0.8180454770723978,0.9284111658732096,5.089051405588786,90.33052918088732,1.5177845418015175
1998-12-18,-3.4634787440299992,-1.0439290106296537,4.348906934261322,24.90425262451174,0.697217285633087,0.8519394397735596,5.626078923543295,84.99715269158216,1.22348011475375
1998-12-19,-5.093693017959595,1.8189876675605774,6.5863295793533325,24.77661285400393,0.6995825966199238,0.9772293567657472,4.572369893391928,236.86903206024468,1.0380225267753989
1998-12-20,-6.389994144439697,-0.7061581090092659,6.978909134864808,24.65924224853518,0.7431008617083231,0.9754148324330647,4.644166390101115,18.846965734944412,1.2244025075658205
1998-12-21,-5.912428259849548,-1.020190954208374,6.424912452697754,24.5954528808594,0.6335919499397278,0.8206666310628256,4.367904345194499,23.92613299929309,0.8408239568786736
1998-12-22,-6.169224143028259,-1.5979028046131134,6.809032320976257,24.586373901367214,0.6741085251172384,0.8275923728942871,4.424743652343749,25.93277539602601,0.9341639311037913
1998-12-23,-5.781039357185363,-2.12460795044899,6.4461588859558105,24.632196044921898,0.7292263507843018,0.8857048352559409,5.724440574645996,40.153929342839696,1.388861191531691
1998-12-24,-5.140523791313171,-1.8387321829795837,5.87613070011139,24.72880706787112,0.8414247830708822,1.089762528737386,7.140216032663981,66.90584451601697,2.365186893509052
1998-12-25,-4.613616943359374,-2.979997396469116,5.911935925483704,24.83362731933596,0.7951607505480448,0.9520193735758463,7.128791968027751,79.74980210993724,2.0762143237049697
1998-12-26,-3.4814797043800354,-4.874172687530518,6.055987358093262,24.91076812744143,0.9495246807734172,1.1307121912638345,7.545028368631998,97.84375202749294,3.040884259991535
1998-12-27,-5.4276682138443,-2.333332359790802,6.104789733886719,24.967858886718776,0.9780915578206381,1.1960217157999673,6.728606383005777,73.09884733681366,2.9649293300145168
1998-12-28,-4.0161349177360535,-0.24322392418980596,5.393474459648133,25.013597106933616,0.7495658993721007,1.0109755198160806,5.683237552642822,38.90616413968324,1.504195587196814
1998-12-29,-0.9548538923263551,-1.4265117943286894,2.4608526825904846,25.052651977539085,0.38667132457097375,0.49547767639160156,5.597477436065675,52.46902697086271,0.3922305956407747
1998-12-30,-3.201745867729187,-5.105096817016601,6.545642614364624,25.06037292480471,0.6653690735499064,1.0425299008687336,4.275304238001505,73.60349621003144,0.9801269228033321
1998-12-31,-6.848977327346803,-0.7071842066943644,7.413226246833801,25.01764068603518,0.97245595852534,1.114504337310791,6.371305783589681,43.89199051203879,2.6983770896291954
1999-01-01,-7.5754995346069345,-0.9293509200215341,7.966434717178344,24.932061767578148,0.9758854309717814,1.2496523062388103,5.258646647135416,26.448403462455172,2.3505055246720103
1999-01-02,-3.0066599249839783,4.933525562286377,7.4944988489151,24.81327209472659,0.8035944700241088,0.9456447760264078,4.58136240641276,326.034020365313,1.379704527553989
1999-01-03,0.4958261400461197,-7.514008402824402,8.551698923110962,24.671350097656273,1.4031603733698528,1.749326546986898,6.819837888081869,125.35795400714275,7.143210536546341
1999-01-04,-5.101034283638001,-7.96755313873291,9.541285276412964,24.565202331542995,1.7454787492752077,1.909392277399699,8.200989405314127,85.76908990336452,11.101613846657003
1999-01-05,-8.667630434036253,-8.343079447746277,12.093177318572996,24.509294128417988,2.2618627548217773,2.7757569154103594,7.970620632171632,62.64505264405264,18.97817845079074
1999-01-06,-7.664560198783874,-2.0853374004364014,8.145517826080322,24.46458587646487,1.3331875801086424,1.8762314319610596,7.512095292409262,49.2318209842579,6.291803422156793
1999-01-07,-8.428674101829529,-1.2607080042362213,8.665175676345825,24.39335021972658,1.1652194857597353,1.5045613447825112,5.424157619476318,24.77682763915444,3.5546169612317855
1999-01-08,-6.705799818038941,0.3551366156898439,7.305242419242859,24.264939880371116,0.8357099890708923,1.0604383150736492,4.869884014129639,10.947793856640374,1.658349536912935
1999-01-09,-3.2620877027511597,3.606705248355865,6.754465937614441,24.126947021484394,0.7214697202046713,0.8445675373077393,4.558661142985026,335.953203388479,1.101366605570174
1999-01-10,-0.26176995784044266,-9.80828309059143,10.089173316955566,24.030664062500023,1.681833585103353,2.4877587159474692,6.461759090423585,102.66502515960893,11.630609127673782
1999-01-11,-4.489595651626587,-6.993029832839966,8.408575773239136,23.961167907714866,1.6784271001815796,2.190064112345378,8.684858640034994,78.37013108497409,11.416065465529165
1999-01-12,-5.015141010284424,-0.30533638969063753,5.660909891128541,23.90338287353518,0.9509910941123964,1.2681317329406738,7.560222625732422,55.09179620728789,3.2106976075258973
1999-01-13,-5.913668394088745,1.3089839816093445,7.22950577735901,23.842835998535175,0.8564735651016235,1.0953539212544758,5.512048403422038,242.64141036480848,1.8900233369309396
1999-01-14,-3.3956365585327153,1.5334947407245634,5.725425481796264,23.772058105468773,0.700269341468811,0.9708752632141113,4.908051570256552,240.55699468619696,1.1526841788634972
1999-01-15,1.0287581235170364,-4.780368328094483,4.976701617240905,23.713365173339866,0.6254487832387288,0.9926492373148599,5.712190310160318,91.15953163157,1.1731604866488208
1999-01-16,-0.7319327145814895,-1.6300103068351746,2.6581036448478694,23.696420288085964,0.809830367565155,0.9732879002888998,6.998107910156251,123.6248857298767,2.0668564833794396
1999-01-17,-3.784981369972229,0.7819164097309114,5.1283005475997925,23.751580810546898,0.6164338191350301,0.7387309074401855,5.820453484853108,42.591707043635985,1.0377920159644678
1999-01-18,-3.578239321708679,1.2377270311117172,4.860572695732117,23.900788879394558,0.4440550804138184,0.6137415568033854,3.8677376111348467,238.7460754340602,0.3594097082153015
1999-01-19,-4.326971232891083,-1.869007796049118,5.296485304832458,24.082330322265648,0.4325780471165975,0.555976629257202,3.6487688223520918,35.46387389587852,0.3125669591310259
1999-01-20,-5.646110177040099,-1.4773802459239962,6.386297345161437,24.228883361816425,0.5944124857584636,0.806078831354777,4.125743309656779,25.619580368951706,0.6911274061410958
1999-01-21,-5.689745664596558,0.8504459112882614,6.508259534835815,24.35382995605471,0.6840341885884603,0.8869394461313884,4.384352366129558,5.801394679412226,0.9965536920692541
1999-01-22,-4.110968828201294,6.378801465034484,7.791895985603332,24.47022399902346,0.8794965346654258,1.1058387756347656,4.498307545979817,311.84394687661165,1.7231836864563301
1999-01-23,-0.3488259352743625,-0.9861271381378175,8.937830448150637,24.583917236328148,1.1499744653701782,1.8964133262634277,4.972442150115967,311.4827895885638,3.8210973014408687
1999-01-24,-1.021618515253067,-7.994332790374755,8.244212627410889,24.63720855712893,1.6545278628667195,2.0141725540161133,8.376656850179037,112.8702032450582,10.363959611051646
1999-01-25,-4.375498056411742,-5.769914627075195,7.28392732143402,24.59527740478518,1.1104319095611572,1.2903762658437095,6.807232062021892,79.66387255964443,3.819390990045856
1999-01-26,-5.993097066879273,-3.121151864528656,6.974860429763795,24.49958953857424,0.9746687213579813,1.1538658142089846,5.897842089335123,49.287596992760676,2.549237845552725
1999-01-27,-7.2689255475997925,-1.8113943040370941,7.664245247840881,24.392388916015644,0.9400292833646138,1.1338247458140056,5.861529032389323,31.60655257568696,2.4376771034332547
1999-01-28,-5.488429188728332,1.408285140991211,5.908002614974975,24.310716247558616,0.7346035838127137,0.9006969134012858,5.80368701616923,16.38129933007076,1.5596761481921344
1999-01-29,-5.950934052467347,2.443656623363495,6.858099579811096,24.24686584472658,0.8105289340019226,1.0151884555816653,5.188775698343912,234.05887746699653,1.616389640638579
1999-01-30,-4.698719978332519,1.0528464168310163,6.452515959739685,24.186593627929714,0.675733745098114,0.8609061241149902,4.758531888326009,238.38620145022537,1.0186869459577805
1999-01-31,-3.4497161507606506,-1.7855362594127653,5.0250595808029175,24.161920166015648,0.5641967455546062,0.7207269668579102,5.620400428771973,58.47006840233269,0.7853404298593433
1999-02-01,-4.284446656703949,-2.6786352396011353,5.718225002288819,24.20392761230471,0.7422629793485006,0.927234967549642,6.10018793741862,82.92078859448479,1.5200862631852248
1999-02-02,-4.996964931488037,-1.342258110642433,6.089752912521362,24.33582458496096,0.663250744342804,0.8438272476196289,4.62454891204834,43.52518986642935,0.9248313344281104
1999-02-03,-5.118692874908446,-0.5823258236050606,6.303983688354492,24.510217285156273,0.6613631248474121,0.8566416899363201,4.18375563621521,20.104725244713887,0.8708800011752811
1999-02-04,-5.510816097259522,-0.22331826388835907,6.924497842788696,24.6676956176758,0.6356362104415892,0.7732129096984863,3.855418602625529,5.352201263920088,0.717764996643759
1999-02-05,-6.773610472679138,-2.483924150466919,7.632083773612976,24.81128845214846,0.8198481400807698,1.1099490324656167,4.562021414438883,28.182193153324647,1.4647072876233689
1999-02-06,-7.129641532897949,-1.7977806925773623,7.850764751434327,24.94383392333987,0.8942812482515972,1.199932336807251,4.88789701461792,25.04797862244493,1.9187921687683693
1999-02-07,-5.3574217557907104,-0.342126403003931,6.818664073944093,25.068902587890648,0.7686741153399149,1.0500325361887615,4.731023470560709,16.172777925129402,1.371414709865011
1999-02-08,-5.182502508163451,-0.5533456169068812,6.699477434158325,25.172235107421898,0.6558990478515624,0.9262599150339762,4.247780084609985,17.542608414183423,0.8765045236800657
1999-02-09,-6.62518298625946,-0.25469040870666504,7.715558052062987,25.223908996582054,0.8049707214037578,1.0604991912841797,4.36569086710612,8.61932544358126,1.351779791031128
1999-02-10,-6.488490700721741,-0.5180423185229301,7.4149006605148315,25.199479675292995,0.7583799560864766,0.9492834409077963,4.359446366628011,12.88572959364245,1.1938761185381572
1999-02-11,-7.518983483314514,-0.6750501617789268,8.487788796424866,25.072679138183616,0.964045484860738,1.2483302752176921,4.735270341237386,12.022634841282999,2.1383645368222957
1999-02-12,-5.336050748825073,-2.475193977355957,6.994353652000427,24.826448059082054,0.8540459473927816,1.2842496236165366,5.022741953531901,31.589924654463616,1.8508934240571715
1999-02-13,-2.616574287414551,-11.243531227111818,11.548690795898438,24.547937011718773,2.1779425144195557,2.7108736832936606,7.590248266855875,90.8565888264074,19.2113913307251
1999-02-14,-3.2674265503883366,-7.858433842658996,8.519436120986937,24.319421386718773,1.8193207184473674,2.4829019705454507,8.712821324666342,80.70985513948948,13.645926502597696
1999-02-15,-3.3731805682182316,-2.009837657213211,4.418463587760925,24.134065246582054,0.924535095691681,1.2211543718973796,7.510111014048258,73.96696008744044,3.014585382954818
1999-02-16,-6.0893006324768075,0.0468793921172619,7.493561744689941,23.982522583007835,0.9105250835418701,1.2010644276936848,5.1534740924835205,18.96692408882683,2.052617899211842
1999-02-17,-4.318363964557648,0.9317587837576865,6.079281806945801,23.865197753906273,0.8229618469874064,1.1440125306447346,5.311070044835409,8.332451683916625,1.728395480259054
1999-02-18,0.15991770639084282,-0.5619756281375885,2.4407381415367126,23.863854980468776,0.36341729760169983,0.5133503278096517,5.461178779602051,46.15920982627613,0.3713171253456508
1999-02-19,-2.9227252006530757,-3.3599239587783813,4.930132269859314,24.006410217285175,0.38733710845311486,0.6792918841044108,3.5950533548990884,60.06462639513306,0.24471122285995867
1999-02-20,-4.70283579826355,-1.5140487253665924,5.8468284606933585,24.209397888183616,0.5770485003789266,0.805360476175944,3.8936660289764404,38.9712532126717,0.6018519512377626
1999-02-21,-1.999222278594971,-4.88806676864624,6.330895423889161,24.392617797851585,0.6902107199033101,1.2630053361256917,4.20492156346639,65.38491910352391,1.0672131534762477
1999-02-22,-3.3136008381843567,-7.959311008453368,8.832499742507936,24.478135681152363,1.6391892433166504,1.9269795417785645,7.37946891784668,89.26661008751404,9.123836391418491
1999-02-23,-5.697814226150514,-1.4274741858243944,6.806853175163269,24.45851287841799,1.1218727827072144,1.3257984320322673,7.869486808776855,67.5154643520486,4.516006609735226
1999-02-24,-6.555063843727112,-2.4531883001327515,7.457717657089234,24.384614562988304,0.9624012907346089,1.2425273259480794,5.192954699198404,44.37915187444331,2.2825722082109214
1999-02-25,-7.611671566963195,-0.8581120222806932,8.249518275260925,24.28043518066409,0.9313048720359802,1.2018461227416992,4.6464606920878095,18.358423846686208,1.9161967462850928
1999-02-26,-6.960479974746704,-0.07976660132408145,8.008248925209047,24.167459106445335,0.8761231501897175,1.1554853121439614,4.540470918019612,7.588598246025849,1.694547832227832
1999-02-27,-6.4171446561813354,0.47422169521450996,7.788811206817628,24.07166442871096,0.9361320137977599,1.2642157872517905,4.753145694732666,122.63448425393103,2.0973162972165817
1999-02-28,-2.519079983234405,0.9562773853540422,4.882926344871522,24.04951629638674,0.5873430967330934,0.7681593894958496,4.205973784128825,345.0144343189609,0.6921010991806246
1999-03-01,-4.134012997150422,-3.019594311714173,5.984693288803101,24.108857727050808,0.6111499071121216,0.767695426940918,4.422278722127278,61.909054856680555,0.7627893814402131
1999-03-02,-4.3144323229789725,0.6758529245853423,5.948611497879028,24.198564147949238,0.7274044354756674,0.9065829118092854,4.549898465474446,17.689960486139796,1.1346749647059817
1999-03-03,-0.875945046544075,-1.0997796803712845,4.730833172798157,24.26860961914065,0.4545222520828247,1.0381921927134194,3.773981650670369,17.284650167752737,0.4245819566919636
1999-03-04,-6.280024170875548,-4.598008871078492,8.166417717933655,24.27490386962893,1.180838147799174,1.3406904538472495,6.440233866373698,73.57954224916023,4.0524336306500235
1999-03-05,-7.186161041259766,0.32191468274686486,8.34223997592926,24.237962341308616,1.182507077852885,1.642077843348185,5.524120330810548,15.66183296242794,3.820990051013361
1999-03-06,-5.900363445281983,1.086157292127609,7.849437117576599,24.203134155273457,0.9148455659548441,1.1206769148508708,4.88949728012085,240.23086040918662,1.9885670661038
1999-03-07,-7.269897699356079,-1.9741396307945254,8.287439703941345,24.16874847412112,0.9540383219718933,1.2535471121470134,4.767003456751505,22.96066629491677,2.09703351482947
1999-03-08,-7.588066101074219,-0.3167046159505844,8.761542797088625,24.13242492675784,1.196892499923706,1.6577277978261313,5.438309828440348,9.377243773800558,3.8834776291268915
1999-03-09,-6.129514098167419,0.6171939298510553,7.935068964958191,24.09808502197268,1.0174203117688498,1.2897338867187498,5.759938478469849,8.607461044923337,2.8323972514532922
1999-03-10,-4.781869292259216,-0.7862088307738304,6.604965806007384,24.116029357910175,0.8494484821955363,1.11862579981486,6.586571455001831,24.026381252952607,2.3826695085678
1999-03-11,-6.031045198440552,-0.22635674849152562,7.639342308044433,24.19886169433596,0.9164765675862631,1.1579330762227378,4.735271453857422,11.17424566105846,1.9300247914679816
1999-03-12,-5.720285654067993,1.5002648532390597,7.357563614845275,24.29260406494143,0.8588867187500001,1.064607302347819,4.539540370305379,351.3824093703955,1.5865186766955102
1999-03-13,-4.387819170951843,4.446918725967407,7.5520570278167725,24.34328613281252,0.9413423935572307,1.298258384068807,4.627702554066976,324.2359615897831,2.0965714549650656
1999-03-14,2.7916086316108704,-7.060921669006348,7.893517374992371,24.30416259765627,1.252041975657145,2.1446394125620527,5.721546490987142,110.64670189929974,6.752118234343886
1999-03-15,4.234742045402527,-7.4776188135147095,8.746454000473024,24.20936737060549,2.0254368782043457,2.2614723841349282,9.191575050354004,122.87247534648837,17.00504841412471
1999-03-16,-3.8768781423568726,-3.7476986050605774,5.847157716751099,24.122048950195335,1.2253568569819133,1.5875709056854246,8.396928151448568,99.25508326607856,5.875145904901498
1999-03-17,-7.81764566898346,-0.8899668604135512,8.901750564575195,24.041764831542988,1.1695361534754436,1.5091023445129397,5.1906418800354,22.844904962810954,3.4134226717307983
1999-03-18,-7.513769030570984,-1.3295675218105314,8.715584993362425,23.970498657226585,1.0977880954742432,1.4655659993489585,5.20780611038208,18.572372429468526,3.0977880714055006
1999-03-19,-7.807249069213868,-2.7856489419937134,8.843440771102905,23.909059143066425,1.1284216443697612,1.569406032562256,5.363778591156007,28.83794317789039,3.357566049188255
1999-03-20,-6.569965839385987,-2.9364296197891235,7.41888153553009,23.874879455566425,0.8758201599121094,1.2360088030497234,5.074843565622966,33.152108678776834,1.8990796525224793
1999-03-21,-3.245225250720978,-5.406098365783691,6.356581807136536,23.88831481933596,0.6553711692492167,0.7927465438842773,4.172600269317627,55.20460560531432,0.820217931774993
1999-03-22,-3.4243233799934387,-4.986340045928955,6.186357617378235,23.96109924316409,0.7252604365348815,0.8713043530782064,5.082596143086751,77.8270764511404,1.202257715378181
1999-03-23,-5.679043650627136,-0.9455890208482742,6.8868958950042725,24.102899169921898,0.8025967677434286,1.0309572219848633,4.692922274271647,32.47852252336022,1.4072730342516984
1999-03-24,-5.856271743774414,-0.32300845906138415,7.436758995056152,24.320581054687526,0.8300065994262695,1.020482063293457,4.574255069096883,9.029487951736789,1.4628635428222407
1999-03-25,-5.715036153793336,-1.080779433250427,7.376605987548828,24.552896118164085,0.8306953310966493,1.152566115061442,4.616224606831869,16.680890055603488,1.5567787892246574
1999-03-26,-4.355472564697266,-3.1692758798599243,5.657902717590332,24.74670562744143,0.6173259417215983,0.9501243432362875,4.412041664123536,41.910631436248025,0.8211152012196885
1999-03-27,-6.800259113311768,-2.3748383820056915,7.618994116783142,24.91224060058596,0.8237936894098918,1.141863187154134,4.558005650838216,37.771685474778714,1.4307601230658153
1999-03-28,-7.219234824180603,1.3772376477718353,8.366631865501404,25.063790893554707,1.0397269527117412,1.3128203550974529,5.030785083770752,121.83051881902064,2.5837522651581386
1999-03-29,-5.237529397010802,1.1476152241230009,7.5200278759002686,25.20422515869143,0.9175219933191935,1.0898871421813965,4.9706645011901855,121.72023736329466,1.9896019268957936
1999-03-30,-0.20977070275694132,-2.456293165683747,4.502966523170471,25.27783355712893,0.5862625638643901,0.8594938913981119,4.998435099919637,65.14622655842734,0.8011832020047488
1999-03-31,-2.13064044713974,-3.0361276268959045,4.196784853935242,25.25803527832033,0.7696858843167623,0.9670546849568684,5.6680588722229,100.65998276601526,1.4848842413026706
1999-04-01,-4.732832908630371,-1.2122139930725098,6.44681441783905,25.194589233398464,0.7745760480562845,1.0415510336558025,5.142531553904215,40.39154709358419,1.4250994993714559
1999-04-02,-6.360335826873779,0.9962135553359985,7.796109199523926,25.138635253906276,0.8328963120778402,0.9906863371531168,4.309248208999634,237.7333673304321,1.4116359216971235
1999-04-03,-6.948535203933715,1.5064442455768585,8.119947195053102,25.135163879394554,0.9442458550135294,1.2129000027974446,4.691380500793456,233.22339355683152,2.054936047411655
1999-04-04,-6.519238710403442,2.4271429777145386,8.546578288078308,25.183892822265644,0.9841965238253274,1.2811036109924316,4.656116485595704,341.75624491926607,2.227063931434839
1999-04-05,-6.274984836578369,1.819405823945999,8.049472093582153,25.25450286865237,0.9285675287246704,1.1710031032562256,4.576568762461345,349.25653473483374,1.9256624651362366
1999-04-06,-6.429279088973999,-0.23996950639411807,7.875063061714172,25.346780395507835,0.8606658379236857,1.049748182296753,4.452968597412109,6.95680242048303,1.5462318719105432
1999-04-07,-6.72823691368103,-1.375811517238617,8.093072891235352,25.456346130371116,0.9216289718945821,1.3271742661794028,4.786859035491943,17.496965099929565,2.025010787233333
1999-04-08,-6.277404427528381,-1.0035584419965744,7.563177227973938,25.582391357421898,0.8733442425727845,1.236012617746989,4.794475158055623,19.030736096159824,1.7842607904004366
1999-04-09,-4.394447207450868,0.5652468167245388,6.781338691711427,25.72210845947268,0.8398935000101726,1.0996909936269126,4.682583014170329,237.32689725603277,1.5735869446701327
1999-04-10,-4.43372905254364,1.4440380036830904,6.975766897201537,25.85452423095705,0.817045251528422,1.036769946416219,4.461607853571574,346.2785201145632,1.4046179471981632
1999-04-11,-5.366043806076051,0.839974284172058,7.634153604507447,25.947007751464866,0.826285183429718,1.1192060311635335,4.375439087549846,352.7964487897707,1.4584502460657434
1999-04-12,-5.356701850891113,-1.3550150692462921,7.043300271034241,25.966035461425804,0.7402011156082153,0.9752268791198729,4.3013254801432295,19.762923905705577,1.0912426729634375
1999-04-13,-6.681043744087219,-2.3923178911209106,7.761063098907471,25.888597106933616,0.8683596253395081,1.222429911295573,4.5762739181518555,26.957911716884762,1.7016807503519749
1999-04-14,-4.43235331773758,1.1488559693098068,6.8756431341171265,25.792649841308613,0.838793118794759,1.1080621083577475,4.63566525777181,229.32854849686655,1.5858356377099871
1999-04-15,-1.9273007214069366,1.6704983115196226,5.884562730789185,25.73258361816408,0.6387334068616232,0.9085571765899658,4.189447561899821,323.6794536703062,0.8263006289524863
1999-04-16,-2.8527089953422546,-1.5762322247028349,5.156627178192139,25.65058288574221,0.6995721658070883,0.9990956783294678,5.183415253957112,59.06571139814429,1.3216672996748757
1999-04-17,-3.426515281200409,-9.051379919052122,9.94303297996521,25.490808105468773,1.7551437218983967,2.707201639811198,7.82916784286499,91.21935686224354,12.646106493619635
1999-04-18,-8.935299634933472,-8.416848897933962,12.316007614135742,25.20777282714846,2.2344564596811933,2.624850432078043,7.851770718892414,59.97064712151016,17.951484432074327
1999-04-19,-8.771204710006714,-4.896942734718323,10.092731952667236,24.89115295410159,1.5242605209350586,1.9885321458180745,6.256772041320802,42.78641692484334,6.834612202496943
1999-04-20,-6.907167911529541,-3.632757782936096,7.94792377948761,24.663819885253925,0.9809203942616781,1.407124360402425,5.074365456899008,37.658530252335424,2.3738523428632208
1999-04-21,-6.895291090011597,-1.5136985331773758,7.830118775367737,24.540246582031276,0.8979602853457133,1.1331822077433267,4.813388029734294,21.924273314626017,1.8392018634955394
1999-04-22,-5.279034972190857,0.7746311128139495,6.8799911737442025,24.53412780761721,0.7428638935089111,0.9601417382558186,4.642477591832479,120.2490036075589,1.2191587579249572
1999-04-23,-6.264789462089539,1.635870158672333,7.7443597316741934,24.658288574218773,0.7995908856391908,1.0213249524434407,4.467660824457804,351.8950263331901,1.3663139337194279
1999-04-24,-7.173904418945313,-0.6641752198338507,8.149649143218994,24.89478454589846,0.8520319064458212,1.067091464996338,4.6780342260996495,12.19033014896011,1.6281042248537037
1999-04-25,-6.442341208457947,-1.4407292008399963,7.3081969022750854,25.201348876953148,0.8180526693662009,1.0986210505167644,4.899884541829428,24.587898113240236,1.6065293857868632
1999-04-26,-5.614987134933473,0.7918476313352585,7.084306597709655,25.54539642333987,0.8092997471491495,1.0695631504058838,4.607455650965373,238.64322534420882,1.4725049727848631
1999-04-27,-4.546902775764465,1.6036515831947324,6.601535439491272,25.895951843261745,0.718455970287323,0.9170455932617188,4.227177381515503,344.5461722497715,1.0536893934251093
1999-04-28,-3.394418954849243,0.19424272701144218,5.4323707818984985,26.21147308349612,0.5130735039710999,0.6263823509216309,3.6622560818990073,120.22536564665893,0.445686888804231
1999-04-29,-3.3247665762901306,-0.7529403418302535,5.565872073173523,26.360147094726585,0.5053441425164541,0.6161924203236898,3.590197881062826,7.828868477133654,0.41060746154523986
1999-04-30,-4.973950982093811,-3.2795904874801636,6.5284096002578735,26.312310791015648,0.6489136417706808,0.8655216693878173,4.25134801864624,40.39875799728014,0.8247665835823271
1999-05-01,-8.224672317504883,-4.343670666217804,9.48554253578186,26.18064270019533,1.2082618077596028,1.6871906916300456,5.525018533070881,41.25371676160491,3.8506581963687814
1999-05-02,-8.053210973739624,-2.3735075592994694,8.879746437072754,26.078294372558616,1.297583301862081,1.7102750142415364,6.7356737454732265,38.148488318284116,5.293206997262997
1999-05-03,-6.723907709121705,-1.010468244552612,7.757436513900757,26.106408691406273,1.0537793040275574,1.3879708449045816,5.389629364013672,21.808184644199915,2.9201388668275
1999-05-04,-4.100681006908417,3.542417287826538,7.250901460647583,26.246942138671898,0.9045032262802123,1.1472222805023193,4.774727503458659,336.0215903098429,1.8648260559342247
1999-05-05,-3.6441915035247807,3.9166151881217957,6.9737735986709595,26.41139373779299,0.8301478028297424,1.2386350631713867,4.603739420572917,307.17022025534845,1.6344751692718895
1999-05-06,-3.697911262512207,1.9631423652172089,6.537873029708862,26.585237121582054,0.7393523653348287,1.021892229715983,4.378049612045288,311.84693240428464,1.185230361459741
1999-05-07,-1.0475151240825653,2.6803271770477295,4.891880631446838,26.754830932617214,0.4940703511238098,0.5820884704589844,3.9942224025726323,299.81333054451255,0.45363564789356675
1999-05-08,-3.376165688037872,0.8759341984987259,5.23887288570404,26.901658630371116,0.530111660559972,0.6553913752237955,3.804111083348592,6.525854527102789,0.49238077722367724
1999-05-09,-3.870901882648468,-0.652224600315094,6.236900687217712,26.975160217285175,0.6627555092175801,0.800455649693807,4.202614466349283,15.380403471129968,0.8499838669512992
1999-05-10,-4.803226470947266,0.22427766770124435,6.6952359676361075,26.96460876464846,0.7504420280456543,0.9319841066996255,4.411654710769653,240.3220065884675,1.1631363352791169
1999-05-11,-5.587228298187256,0.5531695783138275,7.500800728797913,26.913087463378925,0.8622025450070698,1.0799894332885742,4.617719729741414,240.06189191290773,1.6157185345432237
1999-05-12,-6.125444412231446,0.1683167116716504,7.930132031440734,26.86476287841799,0.9357244173685708,1.14033039410909,4.788580735524496,3.7005848228970426,2.000091491081514
1999-05-13,-3.955784142017365,0.09493309818208216,6.124347805976868,26.862619018554714,0.6905167500178019,0.9166243871053059,4.497565984725952,241.17974601454577,1.0132268110846099
1999-05-14,-2.6591213345527644,0.4662096649408341,5.430557131767272,26.923760986328148,0.5831272602081299,0.7244071960449219,4.056881904602051,225.28291159818252,0.6290569610223637
1999-05-15,-4.665137767791748,-0.6309030652046204,6.4616472721099845,27.020600891113308,0.5915602644284567,0.7541707356770834,3.8219010829925537,122.32390565156187,0.6015753252693202
1999-05-16,-6.734135508537292,-0.9201534986495971,8.012041091918947,27.119714355468773,0.8288858930269878,1.0535669326782227,4.413224617640177,11.463651129518931,1.4107373301592785
1999-05-17,-7.112501621246338,-1.7311826050281525,8.231581211090086,27.187066650390648,0.9597765405972799,1.2605031331380208,4.908965587615967,20.021510368017175,2.1615302607981532
1999-05-18,-6.576653122901916,-2.9109534621238713,7.794300079345703,27.19391784667971,0.9431543548901876,1.3809723854064941,5.038593133290609,31.410024513721375,2.210714587560632
1999-05-19,-5.7664313316345215,-4.159197330474854,7.4186705350875854,27.153955078125023,0.8354634443918865,1.0964740117390952,4.846625169118245,42.52970028412754,1.569854244524514
1999-05-20,-6.063010096549988,-2.9158936142921448,7.347718715667725,27.103074645996116,0.7963277300198871,1.0750852425893147,4.66406265894572,36.47099426874471,1.3847922715169945
1999-05-21,-6.674552917480469,-1.5534258782863617,7.50650179386139,27.04274139404299,0.8285030921300253,1.2043966452280679,4.621309359868367,25.054646735782455,1.5376964978193668
1999-05-22,-6.471583127975465,-2.8237085342407227,7.501775979995728,26.973443603515648,0.8220681746800741,1.1346691449483235,4.602529366811117,30.68116838028336,1.4936498809090932
1999-05-23,-5.758271336555481,-3.2943062782287598,6.935760617256165,26.89783630371096,0.7247050801912943,0.9290889104207357,4.524059454600016,36.15901415146883,1.097641245530093
1999-05-24,-4.876327633857727,-3.134098470211029,6.318576216697693,26.842401123046898,0.6538923978805542,0.8676369984944661,4.426720619201659,38.15646061956882,0.8818183128906808
1999-05-25,-5.364975929260254,-2.3185188174247746,6.444310784339905,26.830560302734398,0.6289958953857422,0.8504257202148439,4.173249324162802,31.848350511163325,0.7787057571563767
1999-05-26,-5.407918930053711,-1.1004505902528763,6.770594596862794,26.86164245605471,0.6720399260520936,0.8461157480875652,4.204533020655314,15.702122486269406,0.8784242483072591
1999-05-27,-5.9436750411987305,-1.2451114505529404,7.116745352745056,26.93402252197268,0.7178797324498495,0.9618671735127767,4.371051470438639,19.31284383566348,1.0609787104448856
1999-05-28,-5.648411393165588,-1.0910557061433792,6.549909710884094,27.04478607177737,0.6804081400235493,0.9950920740763346,4.350438117980957,21.97580520239969,0.9720955550882304
1999-05-29,-5.203224062919617,-0.9422847628593445,6.427361130714417,27.16951141357424,0.6574886242548625,0.8328612645467122,4.205613295237223,16.714335767627063,0.8538733521932816
1999-05-30,-5.637883543968201,-1.6737448871135712,7.109925031661987,27.28540191650393,0.7467819452285768,1.0353334744771323,4.404843727747599,22.831324634078914,1.168653282197263
1999-05-31,-5.474599480628967,-1.6182172894477844,6.760630369186401,27.393342590332054,0.7057079474131266,0.9889039993286133,4.404445807139079,23.632069138981098,1.0568432674191572
1999-06-01,-5.846405982971191,-1.4389459192752838,6.7715500593185425,27.494264221191433,0.7137905359268188,1.0195598602294922,4.4497677485148115,25.299662461185374,1.0898416714067436
1999-06-02,-6.3181631565093985,-1.1404634565114975,7.187132239341736,27.58797607421877,0.7575821081797282,1.039099931716919,4.458556095759074,20.114337857506428,1.2049665795429938
1999-06-03,-5.784627914428711,-0.6417709141969681,6.465374231338502,27.648240661621113,0.7222100694974263,1.0673144658406575,4.633740345637004,21.156911280591903,1.1955424545845066
1999-06-04,-5.986345767974853,-1.5332579612731934,6.932969212532044,27.660951232910175,0.7621443470319111,1.1043827533721924,4.668054421742757,25.536198292978558,1.3547440883344914
1999-06-05,-6.129464268684388,-1.6728385388851166,6.939092516899109,27.639009094238304,0.6955721577008566,0.9322154521942139,4.258816321690877,23.941156171622293,0.9800432237997415
1999-06-06,-6.1167919635772705,-1.7940647900104525,6.925408720970154,27.59682617187502,0.7648614843686421,1.0186315377553303,4.639479875564575,26.727085402401958,1.2991338792941094
1999-06-07,-5.322588682174683,-1.4086746871471403,6.111224174499513,27.54774627685549,0.686061203479767,0.9628813266754149,4.71546196937561,28.86146130351642,1.069765911265645
1999-06-08,-3.32442307472229,-0.19309476763010025,4.362426280975342,27.52356872558596,0.5298778116703033,0.7909926573435464,4.5818508466084795,32.843372827431196,0.6148008359162398
1999-06-09,-4.523937702178955,-0.7833736017346382,5.577565908432007,27.530061340332054,0.4991738696893056,0.6299967765808105,4.06428082784017,26.481215793474668,0.4575502871658897
1999-06-10,-5.403970003128052,0.6971488967537879,6.148436546325684,27.54162750244143,0.5885268251101177,0.8571340243021647,4.166582107543945,12.719197522689928,0.6831740245566121
1999-06-11,-5.810711622238159,0.4453681111335754,6.24056875705719,27.534341430664085,0.590845783551534,0.7424674034118652,4.136721293131511,8.72571210820098,0.6953160407921615
1999-06-12,-5.992122769355774,-0.3041976410895586,6.507070302963256,27.48719940185549,0.6554971734682719,0.8035769462585449,4.123749494552612,17.10121855461985,0.8438868685328886
1999-06-13,-6.296130061149598,-0.2736800964921713,6.963312268257141,27.439973449707054,0.7300841013590494,0.9363519350687664,4.4265594482421875,15.124567853622922,1.137146490149642
1999-06-14,-5.561548590660095,-0.37864552810788155,6.497472405433655,27.42475280761721,0.7023297746976218,1.094000975290934,4.483373800913492,15.812492792787074,1.1316928495097431
1999-06-15,-4.704118371009827,0.7542545944452286,5.723717212677001,27.41784820556643,0.5564742287000021,0.8117276827494303,4.04209566116333,8.922908003768688,0.6013943092943655
1999-06-16,-4.979125738143921,0.13030950538814068,5.66402542591095,27.393846130371116,0.507471521695455,0.6241091092427571,3.7550331751505532,13.450909203593675,0.4465268811897363
1999-06-17,-4.945691466331482,-0.16112563572824,5.416728377342225,27.332360839843776,0.49789083997408545,0.6077176729838054,3.9337804317474365,19.2563517450281,0.4553977780370213
1999-06-18,-5.061447501182556,-0.7568819671869278,5.70311677455902,27.256944274902363,0.5252378582954407,0.7476717631022136,3.9006524880727134,21.16531083973822,0.5174165026756888
1999-06-19,-5.082805871963501,-0.9884769171476364,5.641999244689941,27.20514831542971,0.5085090100765228,0.6640524864196777,3.847458283106486,23.996161005299257,0.47098598607841713
1999-06-20,-5.575251579284668,0.14940443355590105,6.273616790771484,27.179727172851585,0.6476612289746603,0.8016225496927898,4.304788271586101,17.87113110303174,0.8212192889081745
1999-06-21,-6.219449758529663,0.7782852649688722,6.56403934955597,27.18306121826174,0.7082311511039734,0.7756640911102294,4.280817906061809,16.2756237444648,0.9824362081383675
1999-06-22,-6.555821180343628,0.23451201617717743,6.704975247383118,27.219476318359398,0.6824925343195598,0.749406099319458,4.254738807678223,12.399911483773167,0.9315816755296377
1999-06-23,-7.483847498893738,2.129013240337372,7.848419189453125,27.315370178222675,0.8210041721661886,0.9519662062327067,4.414239803949991,238.68435310015863,1.3947746373651644
1999-06-24,-5.2892152070999146,1.5417207479476929,6.2535470724105835,27.456338500976585,0.6110827326774597,0.7289661566416422,4.235706885655722,231.1843460378292,0.7349903223256055
1999-06-25,-5.374281883239746,1.622592329978943,6.195318222045898,27.584825134277366,0.5925657550493877,0.7110245227813722,3.972439527511597,232.116034635117,0.6528674649813481
1999-06-26,-5.8034141063690186,3.3035099506378174,7.0669132471084595,27.643708801269558,0.6862863898277283,0.8557682037353515,3.990721543629965,334.6236065147635,0.8980544814459535
1999-06-27,-5.764536142349243,2.480741381645203,7.370790481567383,27.582452392578148,0.748481790224711,0.9055954615275065,4.207401593526205,335.46718690777783,1.1171147532658687
1999-06-28,-5.843958377838135,0.45790297165513033,6.928881406784058,27.424790954589866,0.7098724842071533,0.8793039321899414,4.315442403157552,122.35378162405587,1.0473737287128742
1999-06-29,-5.734945178031921,-1.4216464757919312,6.9265300035476685,27.237390136718773,0.773468514283498,1.1220355828603108,4.538368622461954,22.47545619962682,1.3317178289208578
1999-06-30,-6.152302861213684,0.32661221735179424,6.747031092643738,27.04182586669924,0.6667693456013997,0.8558594385782878,4.2977588176727295,11.290896503392085,0.8932053969788322
1999-07-01,-8.134703874588013,0.1179173649288714,8.397721648216246,26.858659362792988,0.9197559356689453,1.1584163506825764,4.5530351003011065,10.11828245342654,1.8601070435679719
1999-07-02,-8.857134342193604,3.19500607252121,9.607917547225952,26.71333465576174,1.2061853607495627,1.3850205739339192,5.079107602437338,356.2134067541263,3.630408529487432
1999-07-03,-7.543904304504395,1.7226777970790863,7.8916434049606305,26.673982238769554,0.8990297516187032,1.0687185923258464,4.585116545359293,234.44655136455154,1.7999486343765274
1999-07-04,-6.757082223892212,0.2503076158463955,7.321881294250488,26.75280914306643,0.7728246450424194,0.9268967310587566,4.596294085184733,6.921177958366077,1.3218050986660608
1999-07-05,-5.947682499885559,-0.4381462335586548,6.756651520729065,26.888734436035175,0.7186360955238341,0.9627010027567546,4.714198748270671,18.38041472250459,1.2044889125030727
1999-07-06,-4.94118571281433,-2.021387457847595,5.865416526794434,27.02076110839846,0.6218259334564209,0.9202041625976562,4.544819355010986,33.842006226703475,0.844445492132831
1999-07-07,-3.4808405637741084,-3.652419209480286,5.156494498252869,27.09135589599612,0.5041507383187611,0.5827169418334961,4.36128560702006,48.2036930597918,0.498121777159562
1999-07-08,-4.190923869609833,-1.183103233575821,4.860779166221618,27.07983551025393,0.4754198392232259,0.6338228384653727,4.332615216573079,40.48817953020302,0.4483060705698594
1999-07-09,-4.611530065536498,2.201391965150833,5.7920225858688354,27.020753479003933,0.515602687994639,0.6318763097127279,3.5903431574503575,346.2057002707238,0.4502352849794618
1999-07-10,-5.083638787269593,-0.9229211956262589,5.888564586639404,26.94349060058596,0.5051556726296743,0.7146759827931721,3.7212431430816646,13.15901419253479,0.4479110190854923
1999-07-11,-7.781866669654847,-2.389588713645935,8.232888340950012,26.878099060058616,0.9635412295659384,1.1805558999379475,4.917032718658447,29.49758878732238,2.1544051165949503
1999-07-12,-8.205071806907652,-2.188674569129944,8.716782927513123,26.853616333007835,1.024930695692698,1.1167275110880535,4.98392391204834,22.64339614187332,2.468893875350322
1999-07-13,-6.110673308372498,-2.9125016927719116,7.079009175300597,26.88532409667971,0.7957700689633688,1.0942309697469077,5.0123826662699384,34.398801217880646,1.5493438962247448
1999-07-14,-4.994190216064453,-2.5675697922706604,6.0021259784698495,26.95269927978518,0.6334739724795023,0.8347214063008627,4.536117235819498,39.73453357411474,0.8381688896726576
1999-07-15,-5.474452733993529,-0.5080937668681145,5.969366192817689,27.029565429687526,0.5534778237342834,0.7197311719258627,4.013784567515056,22.95691130508504,0.574690862547865
1999-07-16,-5.855250239372253,1.2420374155044556,6.417887091636658,27.09040222167971,0.6071300903956095,0.7962674299875896,4.092950344085693,239.32069485412498,0.7269646623341192
1999-07-17,-5.596927046775819,-0.491867046803236,6.1777933835983285,27.10614929199221,0.5642721752325695,0.6862551371256509,4.040954192479451,17.605811529031502,0.5990952368654404
1999-07-18,-4.756685733795167,-0.4449133947491646,5.5502341985702515,27.028886413574245,0.544096420208613,0.6985116004943848,4.162957350413004,23.702754740661376,0.5788510115764511
1999-07-19,-5.398804783821106,0.005653567612171172,6.178133845329284,26.88250885009768,0.6045656204223633,0.7904497782389324,4.205967187881471,16.32647143576327,0.7153830236013212
1999-07-20,-5.450321912765503,-0.4337292760610581,5.983587384223937,26.75290832519533,0.5916335384051005,0.7397608757019043,4.2630782922108965,22.448796019122558,0.7057548375351306
1999-07-21,-5.872962832450867,-1.6212580800056458,6.46904993057251,26.725137329101585,0.6398588021596273,0.7983967463175455,4.260151863098144,28.921811315257745,0.812538339972526
1999-07-22,-5.033951163291931,-2.8848356008529663,6.136836409568787,26.87354431152346,0.6437033613522848,0.9187426567077637,4.569468975067139,39.07040917672954,0.8956598660503297
1999-07-23,-3.7067570686340336,-2.9044820070266724,4.876881718635559,27.139695739746116,0.5005646646022797,0.6375892957051595,4.409160137176515,48.98607453372963,0.5061769423673853
1999-07-24,-3.147109627723694,-0.3746704673394561,3.7177317142486572,27.416284179687523,0.4052083194255829,0.6171247164408366,4.161616325378418,44.61979562341327,0.3209785205458604
1999-07-25,-4.360578835010529,-0.3663440386881121,5.04506528377533,27.69231567382815,0.4049968520800273,0.5769383112589518,3.628862619400024,30.11862418362722,0.26774175241656045
1999-07-26,-4.594284653663635,-0.9701057374477388,5.251662492752074,27.957727050781273,0.4849272668361664,0.6739936669667562,3.968840599060059,30.215968668387767,0.43340244666791006
1999-07-27,-5.324225187301636,-1.569186091423035,6.079061031341552,28.19107971191408,0.5978711843490601,0.8360450267791748,4.258521954218546,28.871288385504897,0.7143014955988248
1999-07-28,-5.274577856063843,-1.7300756871700287,5.942232966423035,28.264573669433616,0.5891967217127482,0.8507197697957357,4.266725460688273,29.858171110303772,0.7172074558796564
1999-07-29,-4.304416656494141,-1.2482434958219528,4.969118595123291,28.145051574707054,0.45531124869982403,0.6674510637919109,3.970861673355103,30.090327128646738,0.3949711037627948
1999-07-30,-3.8849117159843445,-0.20355592481791973,5.007596254348756,27.956918334960964,0.44893691937128705,0.6103362242380778,3.740063746770223,20.305737861489416,0.3597590725266398
1999-07-31,-4.091086566448213,0.3363318219780922,5.595451354980469,27.82106170654299,0.48722707231839496,0.6509637037913004,3.619433244069417,122.8743651690936,0.3983573694701517
1999-08-01,-5.272713422775268,-0.8593216389417648,6.0521217584609985,27.848603820800804,0.5487965146700541,0.7953487237294515,3.8742180665334067,18.015314156363445,0.5703141339626892
1999-08-02,-4.903867840766906,-1.188138037919998,5.715383887290954,27.994248962402366,0.5472789605458578,0.7772885958353679,3.9589458306630454,24.820508682643172,0.5801374323415442
1999-08-03,-3.5332945585250854,-0.6074669286608697,4.376661777496338,28.156259155273457,0.4367279410362243,0.7208957672119142,3.8192218939463296,25.86293101669931,0.3766233966461043
1999-08-04,-1.0649681240320206,-0.8147768080234528,2.6242567896842957,28.34345397949221,0.25246159732341766,0.3460628191630046,3.103230794270834,52.80228355978865,0.09276904699557934
1999-08-05,1.8371717035770414,-0.7060426771640778,3.3247897028923035,28.56486663818362,0.3677384754021963,0.5053151448567709,4.019589424133301,112.80383930101003,0.2558967053311839
1999-08-06,0.4967010729014874,0.8093799054622651,3.222086250782013,28.82316741943362,0.42896251877148944,0.5348269939422607,4.532864570617676,125.73459192340842,0.3734494266834065
1999-08-07,-3.0914296507835393,0.10845908150076866,4.18988037109375,29.03778228759768,0.36887837449709576,0.43758908907572425,3.4975721836090092,36.00581371441135,0.20674390006300064
1999-08-08,-5.192036390304565,0.5552815292030574,5.889024972915649,29.14461669921877,0.4977094729741414,0.6787780125935872,3.5809687773386636,122.0735329948355,0.40853993018667306
1999-08-09,-4.570164322853089,-0.5223076716065407,5.364895820617676,29.166833496093773,0.569515695174535,0.8647298812866211,4.172115723292033,22.665560672205668,0.6748196131444
1999-08-10,-4.3739097118377686,0.6520818546414376,6.167779207229614,29.130700683593773,0.5949946045875548,0.7902018229166666,4.006372610727946,4.75823165308761,0.6668862621166627
1999-08-11,-5.740371823310853,-0.1686643306165934,6.875185132026672,29.060266113281273,0.6626241405804951,0.8524624506632488,4.067696730295817,7.603932212076984,0.8391106197733644
1999-08-12,-4.779663920402526,-0.6733509749174118,6.282783150672913,28.984780883789085,0.6649581988652546,0.9462841351826986,4.309379498163859,17.20269888848444,0.9524821521236804
1999-08-13,-5.041462421417236,-1.8268204629421232,6.084167003631592,28.90933380126955,0.6116154988606771,0.9505798021952311,4.170155127843221,29.68214617703681,0.7933739297129776
1999-08-14,-3.7982980608940125,-3.1421490907669067,5.364832282066344,28.81916198730471,0.4964900513490041,0.714648167292277,3.7082437674204507,43.86109628501598,0.4429269183699315
1999-08-15,-2.2657651305198665,-1.6405354142189026,3.649324774742127,28.701142883300804,0.518084595600764,0.8135353724161783,4.3688476880391445,67.72570845535867,0.550725274630815
1999-08-16,-4.15409129858017,1.0471416264772417,5.635170102119445,28.545266723632835,0.501997152964274,0.678049882253011,3.621705691019694,120.34297329595131,0.4154920157670767
1999-08-17,-6.598036885261535,0.43079718202352524,6.9013588428497314,28.40180358886721,0.7170943021774292,0.8054405053456624,4.181149164835612,7.096693301068796,0.9976089683551551
1999-08-18,-5.460440993309021,-0.6537117883563043,5.744027853012085,28.3226257324219,0.5783698360125225,0.7589355309804281,4.231451590855917,19.546142951102297,0.6605687167950018
1999-08-19,-4.316974699497223,0.7186542004346848,4.975866794586182,28.302896118164085,0.5234031577905018,0.6740380922953286,4.196947813034058,15.695849820470471,0.5501120660504887
1999-08-20,-3.0061753988265996,2.6624494791030884,5.379192352294921,28.341744995117214,0.5533022979895273,0.658549944559733,3.7805116971333828,330.97767134962646,0.5320216751676191
1999-08-21,-1.5402274429798126,1.7101938426494596,3.659247100353241,28.435983276367214,0.5525312821070353,0.6140130360921223,6.259498119354249,235.34509050408937,0.8986047715993862
1999-08-22,-3.8221144676208496,0.8256161883473395,4.974916577339172,28.563157653808616,0.6675702333450316,0.8233655293782551,6.851705710093181,180.89412510387749,1.405634738361036
1999-08-23,-4.87531042098999,2.1659337282180786,5.849600434303284,28.704057312011738,0.5994444886843363,0.6745325724283854,4.408987442652385,235.4953297061973,0.7150694486004988
1999-08-24,-5.239084482192994,1.2675905227661135,6.045282721519471,28.85162506103518,0.5705577234427134,0.6862076918284098,3.776176691055298,237.39089474003865,0.5785560945631241
1999-08-25,-5.012004017829895,0.9725938141345978,5.973119020462036,29.00268707275393,0.5826411843299867,0.7891518274943033,4.0780950387318935,122.37579415341574,0.6864251796269548
1999-08-26,-4.702236294746399,-0.46207634918391705,5.648527979850769,29.146150207519558,0.5430260201295216,0.7747904459635416,3.971044301986695,18.11378796760058,0.5702788261228949
1999-08-27,-4.063695311546326,-1.1873258203268051,4.977848529815674,29.246926879882835,0.4673960010210673,0.6769398053487142,3.9308176835378013,30.261028755115337,0.41033741356527337
1999-08-28,-2.886626601219177,-1.8966481685638426,4.277637004852295,29.280297851562523,0.4061701099077861,0.5812089443206787,3.660763263702392,43.11909093788768,0.2856570575126589
1999-08-29,-0.2710748668760061,-2.1665244698524475,3.2345898151397705,29.259454345703148,0.35331196586290997,0.4450419743855794,3.5587460994720463,76.18723684279063,0.19831063000987464
1999-08-30,-0.9773094803094864,-1.6589002013206482,3.1135688424110413,29.197190856933616,0.3296896517276764,0.39718850453694665,3.651681025822957,88.84998703491154,0.17648700835117428
1999-08-31,-2.52303695678711,-0.7807296067476273,3.6114429235458374,29.10724029541018,0.3144272863864899,0.3814171155293783,3.4950404961903887,59.47620720474549,0.15285174116947323
1999-09-01,-3.8472794890403748,1.5634945333003998,5.153774738311768,29.022515869140648,0.4903217256069184,0.6450487772623699,3.5958052476247153,238.02821246599282,0.40841762413887994
1999-09-02,-5.87819766998291,0.7823204249143599,6.419678807258606,28.958863830566433,0.6001566648483276,0.7635501225789388,3.824056545893351,358.1695140884116,0.6794743610987286
1999-09-03,-5.909204602241516,0.26321395952254534,6.349602580070496,28.91060028076174,0.6132804354031881,0.7389621734619141,4.215613842010498,13.153129572788561,0.76627349663532
1999-09-04,-5.980366468429565,0.6819725409150124,6.797762513160705,28.867906188964863,0.689359704653422,0.9270242055257162,4.340300877888997,8.82721854523688,0.9895238257854817
1999-09-05,-5.656571507453919,-0.039272913709282875,6.559095859527588,28.825860595703144,0.6428172588348389,0.8157176971435547,4.179462591807047,11.637051114328907,0.8320767281453051
1999-09-06,-5.220117568969727,-0.18985588476061824,6.366434454917908,28.802911376953148,0.623148520787557,0.8837911287943522,4.086259762446086,11.429380457110522,0.7700328538695717
1999-09-07,-4.428165853023529,0.05430541187524795,5.945065975189209,28.817048645019554,0.6042208870251974,0.8179128170013427,4.044424851735433,8.02527480382391,0.7014241930917591
1999-09-08,-3.89336347579956,0.4583036145195365,5.612890124320984,28.86236724853518,0.5315526823202769,0.6643244425455729,3.730485439300537,233.74583582048297,0.49313123655768987
1999-09-09,-2.6245465874671936,0.5794640257954597,5.221522808074951,28.931489562988304,0.4847346345583598,0.6645305951436361,3.6909139156341553,235.21402607243766,0.42474995775796504
1999-09-10,-1.0374761074781418,-0.26492831669747835,3.9238712787628174,29.01862487792971,0.3518191476662954,0.4545265833536784,3.230159282684326,54.52273056860103,0.18076192567739718
1999-09-11,-1.5220919847488403,-1.6783800423145294,3.011804938316345,29.107583618164085,0.32512833674748737,0.4210507074991862,4.108100016911825,88.23800677052823,0.1932120916180312
1999-09-12,-4.1726502776145935,-1.0463612526655197,4.980916619300842,29.1829544067383,0.4718628724416097,0.6085764567057291,4.628240585327148,60.03737514905354,0.4543816933757411
1999-09-13,-4.8233970403671265,-1.8376050889492033,5.854063868522644,29.239663696289085,0.5836889545122783,0.760212262471517,3.999845584233601,36.24519498430385,0.6311713640429277
1999-09-14,-2.4749853014945984,-4.585858941078186,5.458059668540955,29.272615051269554,0.6630443930625916,0.7852848370869955,4.746931552886964,62.49763808101154,0.9403415199481295
1999-09-15,-1.3882043659687042,-3.7913514971733093,4.206920385360718,29.278543090820335,0.8190591136614481,0.8639407157897949,6.566129684448242,67.49115461864997,2.023147010021261
1999-09-16,-4.0236406326293945,-4.01854032278061,5.881134271621704,29.27350006103518,0.8664883176485698,0.9860335985819499,7.134370803833008,63.83599095470394,2.44127481922753
1999-09-17,-5.5989158153533936,-4.881816387176514,7.531585693359376,29.262788391113304,1.0273106296857197,1.1967759132385254,5.804689248402914,57.6932863567079,2.7849508977666835
1999-09-18,-2.5221917033195496,-5.859192371368408,6.807013273239136,29.225946044921898,1.0435856382052104,1.241106351216634,6.234882354736328,70.25707907334589,3.065573550719518
1999-09-19,2.9901849031448364,-4.443673968315124,5.760298013687134,29.14301452636721,0.9659178256988525,1.1496960322062175,6.556063969930013,94.29572798847381,2.766548295149134
1999-09-20,4.046838164329529,-1.8248176276683805,4.613822102546692,28.999673461914085,0.6781360507011412,0.82491668065389,6.0151872634887695,114.17026620578795,1.2484634593382777
1999-09-21,3.756284117698669,-4.184318780899047,5.786573052406311,28.838372802734398,0.8041235407193502,0.8565731048583984,5.588565349578858,119.5027090716532,1.617448077105093
1999-09-22,-2.252602517604828,-5.208883881568909,5.85764241218567,28.71131286621096,0.9528915683428446,1.077346642812093,6.580935796101889,85.34374213166156,2.691727795687904
1999-09-23,-1.740588456392288,-4.6003148555755615,4.9596725702285775,28.61976013183596,0.877694567044576,0.9578052361806235,7.046147346496583,85.41843884641297,2.4466903107395055
1999-09-24,-3.880143642425537,-3.1734555363655095,5.187631726264954,28.56672058105471,0.8025461832682291,1.0064171155293782,6.438783486684164,73.33323878875842,1.9223872251810716
1999-09-25,-4.924412846565247,-1.0606940239667892,5.67611837387085,28.558763122558616,0.6513630946477253,0.9208347002665201,4.810576279958089,44.27082826986833,0.9572278938516028
1999-09-26,-5.282626032829285,-0.3129350417293609,5.990795731544495,28.654634094238304,0.5818885167439779,0.7242116133371989,4.1437461376190186,22.825467563976208,0.6460155061341586
1999-09-27,-6.736065864562988,1.815192848443985,7.285939097404481,28.840867614746116,0.730382243792216,0.8288190364837646,4.203527132670085,239.93208168126554,1.038490976987991
1999-09-28,-8.1714209318161,-0.2521196888992563,8.580976366996765,29.020196533203144,0.9266563653945923,1.1824617385864256,4.54516879717509,7.001727679781633,1.8871917081509273
1999-09-29,-7.20227587223053,-1.4438669979572296,7.804172515869141,29.093164062500026,0.932704230149587,1.2363767623901367,5.158239523569743,23.05656160264067,2.2708559334568292
1999-09-30,-5.514869928359986,-2.0077798068523407,6.408151388168335,28.966210937500023,0.7671127120653789,1.0165669123331706,4.943568547566732,35.354929268828116,1.3720723568974635
1999-10-01,-5.345366835594176,-0.8903942853212357,5.9252374172210684,28.642236328125023,0.848909080028534,1.0089047749837239,6.718789895375569,62.636323682518416,2.177261515533902
1999-10-02,-6.336385011672974,-3.22159206867218,7.206379294395448,28.23783264160158,0.9099491039911907,1.1108377774556477,5.801422278086345,50.074790871002975,2.154626169271211
1999-10-03,-6.451143860816956,3.1670624017715454,7.486923575401305,27.851716613769554,0.926383356253306,1.1284093856811523,5.194273153940836,119.99734678365884,2.166844039336011
1999-10-04,-5.302960157394408,2.9200550317764287,6.227626919746399,27.578111267089866,0.7244663039843241,0.9315886497497559,4.897212187449138,228.44841455492454,1.25152753153421
1999-10-05,-3.989345967769623,2.2069337069988255,4.904893517494201,27.509667968750023,0.5607420404752096,0.6343305905659994,5.316482941309611,120.248546148082,0.7986709724408869
1999-10-06,-2.8447465300559998,2.083033263683319,4.193807363510131,27.675538635253925,0.52619801958402,0.6428438822428385,6.3973140716552725,36.539043452852695,0.8385703198143776
1999-10-07,-2.7783026099205017,2.935144007205963,4.965858340263366,27.993821716308616,0.7094446420669556,0.8111201922098796,7.248334089914958,60.59029899286262,1.6555950119371627
1999-10-08,-4.630427002906798,2.82677161693573,5.921904206275939,28.38359985351565,0.718354324499766,0.815151611963908,6.824782371520996,194.26791440025158,1.5944045322078995
1999-10-09,-6.056673049926758,1.1775291860103605,6.829341530799867,28.76497802734377,0.7468395034472148,0.8946003119150797,4.7780528863271075,122.26572222098925,1.242963693339129
1999-10-10,-4.834816217422485,-0.38450213149189943,5.922254920005798,29.053002929687523,0.6629224220911661,0.9050238927205404,4.722363471984862,21.070478708270553,1.0009606657032963
1999-10-11,-3.9821972846984863,-2.554638266563415,5.318530201911926,29.132073974609398,0.606388767560323,0.7995432217915852,4.553303241729735,40.900640639048866,0.7676230529788153
1999-10-12,-5.058727741241455,-2.8615263104438777,6.272051215171814,28.999406433105488,0.7528064052263896,0.987110137939453,4.85821533203125,41.55311707861021,1.2754372642069707
1999-10-13,-4.011777997016907,-3.7050879001617427,5.678526997566224,28.749330139160175,0.619028369585673,0.7116769154866536,4.885897159576417,47.91030694449324,0.8730701114434838
1999-10-14,-5.071007490158081,-6.120422840118407,8.023476839065552,28.473794555664085,1.0829997857411704,1.2533631324768066,5.717293103535971,54.20253876950519,3.191593329162338
1999-10-15,-3.0490612983703613,-6.2701215744018555,7.041143417358399,28.264367675781276,1.0808634360631306,1.2660568555196126,6.416710217793783,61.812433614930214,3.4787358345701573
1999-10-16,-2.3736185431480408,-4.162843763828278,5.021048903465272,28.16566619873049,0.8463728229204814,0.9951839447021484,7.106939633687336,61.2521000373992,2.439299821723343
1999-10-17,-1.372950941324234,-3.5921982526779175,4.122208118438721,28.14479980468752,0.7375868558883667,0.8685455322265625,7.0225013097127285,67.0758338128726,1.8090561341411915
1999-10-18,-4.876915097236633,-2.648548364639282,5.842276334762573,28.16529998779299,0.6958882212638855,0.7880881627400715,5.735133330027263,54.47328790640709,1.3037946380629035
1999-10-19,-5.6096683740615845,-0.7675067037343979,6.05104398727417,28.192941284179714,0.7938412626584371,0.8473056157430012,5.900946617126465,49.08115684184619,1.664450943926898
1999-10-20,-3.3850875496864314,0.2634902708232403,3.8345335721969604,28.197183227539085,0.9265343348185221,0.9742258389790853,9.080533981323242,113.62802180039313,3.5232054276872975
1999-10-21,-1.917360246181488,-2.5869728922843933,3.9633083343505855,28.197946166992214,1.1281115015347798,1.2631797790527344,8.673492113749187,123.71485411183653,4.967114149509783
1999-10-22,-1.570787787437439,-8.248793244361877,8.5420743227005,28.20734558105471,1.6165531873703005,1.801553249359131,7.71027676264445,93.49028506888529,9.044188971830126
1999-10-23,0.5772840529680252,-6.710526704788207,6.90242636203766,28.188340759277366,1.1613794167836509,1.5228781700134275,6.456676483154297,91.14321069255254,4.011965838764253
1999-10-24,1.5690369009971619,-5.497696876525879,5.94734013080597,28.10162506103518,0.83527805407842,0.9477340380350748,5.557199319203694,99.78309910813319,1.7363740902461402
1999-10-25,-1.6037382185459137,-4.913633108139038,5.312605977058411,27.91742858886721,0.8208590348561605,0.8678632577260336,6.038150787353516,92.67890054372738,1.8230012315844788
1999-10-26,-3.683558940887451,-4.901448130607605,6.165986061096191,27.69046173095705,0.8294975161552429,0.9287182490030925,5.825884977976482,68.79375281629676,1.8204939051260098
1999-10-27,-5.49683427810669,-4.559280633926392,7.185163378715515,27.485597229003933,0.9653784632682799,1.2151773770650227,5.493566830952963,51.58018112512175,2.4242265851067972
1999-10-28,-6.465423822402953,-3.4577804803848267,7.36291778087616,27.294366455078148,0.9635601838429768,1.2094984849294026,5.531584580739338,41.2962594605152,2.4079828537629866
1999-10-29,-5.389116644859313,-3.0882062911987305,6.298776030540467,27.10559997558596,0.8541081349054972,1.16973614692688,5.732601642608643,40.90549653538676,1.989449784930522
1999-10-30,-5.065810203552246,-2.257605850696564,5.804257035255432,26.9190383911133,0.8447274963061016,1.0457847913106284,6.291166305541992,42.76617721013504,2.1598535354278514
1999-10-31,-4.446044206619263,-4.6402063369750985,6.764023184776305,26.81964263916018,0.9407636721928915,1.1273784637451172,6.39860455195109,46.60165452603892,2.7878571926068116
1999-11-01,-0.7487579211592673,-6.808836221694946,6.985633134841919,26.839334106445335,1.073278824488322,1.455607573191325,6.492652416229248,96.27035725364064,3.4934214220529882
1999-11-02,1.927248388528824,-8.234785318374634,8.599404811859133,26.895379638671894,1.348486026128133,1.518923044204712,6.212461630503337,107.26011573093322,5.057826076660316
1999-11-03,-2.5114063024520874,-9.007673263549805,9.669719219207764,26.909097290039085,1.754310131072998,1.9538611570994058,7.6962809562683105,96.24519239309623,10.755335150778928
1999-11-04,-7.358970999717713,-4.670716762542725,8.746854066848755,26.805192565917988,1.5292030970255532,1.867791732152303,8.159472465515137,61.56353269893062,8.802694457712457
1999-11-05,-6.861301660537721,-4.734923720359802,8.411907315254211,26.611787414550804,1.2026185989379883,1.56069016456604,6.328631560007731,46.48208666994066,4.2728849544880765
1999-11-06,-8.479775905609129,-6.4997676610946655,10.708233118057251,26.404649353027366,1.6775906880696616,1.9187591870625813,6.550711790720622,44.07591616375481,8.654662555249551
1999-11-07,-7.18715500831604,-7.4906190633773795,10.40601372718811,26.20094451904299,1.6688488721847534,1.9236426353454588,6.752439498901367,50.28113942126521,8.774934601298948
1999-11-08,-6.280295372009278,-6.797695994377136,9.265624999999998,26.014093017578148,1.4568347930908205,1.7488217353820799,6.58116865158081,52.47921295361286,6.591793970919786
1999-11-09,-7.070285439491273,-5.215797543525696,8.842997789382935,25.86279449462893,1.229580640792847,1.430103858311971,5.867822647094727,44.29367265082957,4.15474201941125
1999-11-10,-7.503286719322205,-4.318716287612915,8.692315578460693,25.78358612060549,1.2125679055849712,1.411073366800944,5.749293327331543,37.31687380648075,4.078295681323026
1999-11-11,-5.936652779579163,-7.104461073875427,9.362259864807129,25.782136535644554,1.3574481805165608,1.4978737831115723,5.9725341796875,49.75082810930335,5.119314015829552
1999-11-12,-4.063714265823364,-8.024236679077148,9.07038426399231,25.82770690917971,1.4384282032648723,1.5496265093485515,6.448239326477051,60.641981801294534,6.17431062645588
1999-11-13,-2.907787680625915,-6.388875842094422,7.045241117477417,25.887315368652363,1.1404561201731362,1.395313580830892,6.772751808166504,64.01118884571004,4.1960356005904895
1999-11-14,-2.810997068881989,-3.576101422309875,4.676595687866212,25.929750061035183,0.8125206430753072,0.8894494374593099,6.888684431711833,59.396619691865915,2.142872527458054
1999-11-15,-2.1505142152309418,-3.9912846684455867,4.6487473249435425,25.914765930175808,0.7713347673416138,0.8447605768839518,7.020642121632894,60.70153579351221,1.9253866093671064
1999-11-16,-0.017538042739033692,-4.982569932937622,5.026857137680054,25.84607849121096,0.6876567602157593,0.7525765895843505,5.391497453053792,77.43645038977157,1.1843023885289472
1999-11-17,0.1457327326061204,-5.321523308753967,5.399814486503601,25.755883789062523,0.7042731642723083,0.7799819310506185,5.380846818288167,87.2624716341168,1.2293064912607412
1999-11-18,-3.3915931582450862,-3.634736955165863,5.084267735481262,25.678529357910183,0.7064926624298095,0.766703446706136,6.126567840576172,71.09931510469642,1.378670360137593
1999-11-19,-2.5050233006477356,-2.464426875114441,3.8454223275184627,25.64060363769533,0.6082570552825928,0.7147429784138998,5.885382016499836,57.16786584438603,1.003118940282595
1999-11-20,-3.053867518901825,-2.5796661972999573,4.242049396038055,25.616487121582054,0.5905598600705465,0.6739349365234375,5.991547107696534,48.115327177471556,1.0403339205139177
1999-11-21,-4.387842893600464,-1.6776524186134338,4.891045928001405,25.577424621582058,0.5221690038839977,0.607325553894043,5.299795230229695,41.56683236936298,0.7121398550785148
1999-11-22,-6.654950261116027,0.11979928240180018,7.100626111030579,25.542794799804714,0.6727898319562275,0.7774980862935383,4.078909953435263,13.20493393592765,0.8703285245958601
1999-11-23,-6.782985448837281,-0.5766578800976276,7.313837647438049,25.53363189697268,0.7774826685587565,1.0190416177113852,4.555476983388265,16.867787276089132,1.3822653703862606
1999-11-24,-5.083399176597595,-3.991507887840271,6.536674499511719,25.56779632568362,0.7270921071370443,0.9162338574727377,4.640466054280599,41.979556473947504,1.1176272674705752
1999-11-25,-1.5427595376968384,-3.022220730781555,4.061705648899078,25.647775268554707,0.5858858029047648,0.7880288759867349,5.156186421712239,54.48307821408035,0.8264118876461523
1999-11-26,1.9118776023387907,-3.5213494896888737,4.104333519935608,25.73133239746096,0.8666928410530089,1.4080884456634521,8.41600481669108,117.0297206713083,3.609557581664965
1999-11-27,-1.0560107827186584,-6.5089502334594735,6.624462008476257,25.77028045654299,1.209945241610209,1.4499684969584146,7.82191022237142,105.69971754733206,5.313110610495667
1999-11-28,-4.206377565860748,-4.0801347494125375,6.025166034698486,25.715608215332054,0.8008598486582439,0.9521405696868895,5.874403635660808,73.64706445802177,1.7160117028494235
1999-11-29,-4.852502226829529,-5.641342520713807,7.516644954681397,25.524507141113304,0.9179995854695638,1.0589779218037922,5.132149696350098,55.08545041339649,1.9317986050042641
1999-11-30,-3.956422746181488,-7.609048008918763,8.59870195388794,25.244416809082054,1.178899606068929,1.3755656878153484,5.439189592997233,65.38870523058378,3.4137732497485396
1999-12-01,-6.819439172744752,-4.7314735651016235,8.457947731018066,24.95330963134768,1.3376540342966714,1.694869041442871,7.026721477508545,59.04153038146328,5.9605845771783414
1999-12-02,-9.21754455566406,-0.6738460659980775,9.412877559661865,24.665193176269554,1.41538139184316,1.71477206548055,6.829927285512288,28.073830059156535,6.722901341714206
1999-12-03,-7.455571889877319,2.2296184301376343,8.007658958435059,24.3924499511719,1.007258435090383,1.2352290153503418,4.8992698192596436,240.19985177939907,2.4864659157627518
1999-12-04,-7.433782935142516,1.81778284907341,8.085730791091919,24.154443359375023,1.0379063685735068,1.323754072189331,5.160335302352905,120.22425421731451,2.749161538009027
1999-12-05,-3.2694296836853023,0.027158727869391452,4.786039710044861,24.015718078613304,0.6655004024505614,0.9366108576456705,5.468389590581258,24.22494955371917,1.29398546477782
1999-12-06,-2.017430931329727,-7.340919494628907,7.660536646842956,24.004708862304707,1.0578342874844868,1.624391714731852,5.983163992563884,86.4321540297342,3.807964435025409
1999-12-07,-4.915069103240966,-5.197820425033569,7.255559802055359,24.081567382812523,1.217793583869934,1.6061584949493408,7.186649799346924,83.73237448976748,4.90183345590114
1999-12-08,-5.901653409004211,-2.620476245880127,6.6773020029068,24.20774993896487,0.8185993631680807,1.054448127746582,5.887139797210693,56.2465287690764,1.8245827875405558
1999-12-09,-6.574145317077637,-1.2483063936233518,7.124251723289489,24.34253082275393,0.754576047261556,0.9716776212056478,4.7987321217854815,27.919313734591487,1.259664050728941
1999-12-10,-5.705354094505311,-1.7355171144008636,6.3907142877578735,24.426171875000023,0.7530732552210488,1.0236471494038901,5.149150689442953,30.69969590889201,1.384978288544178
1999-12-11,-5.685465455055237,-1.099290147423744,6.2699456214904785,24.443650817871116,0.7038126190503439,0.8026882807413737,5.490611712137858,46.529891404689884,1.1894493013900698
1999-12-12,-4.435660421848297,2.8451921343803406,6.139816761016846,24.427354431152366,0.7457147041956583,0.9272301991780598,4.6746972401936855,345.3308646918597,1.2123115491428236
1999-12-13,1.068401888012886,-3.885200321674347,5.172069549560547,24.408776855468776,0.8563348452250162,1.9635049502054849,5.716937383015951,138.56984986447893,3.8319083118147446
1999-12-14,-1.1348853409290314,-5.28168225288391,5.84653341770172,24.411973571777366,1.409302075703939,1.90628981590271,8.787506103515627,124.8227134604529,8.139745863025365
1999-12-15,-5.6949968338012695,-4.158267080783845,7.478343248367309,24.386140441894554,0.9791611234347026,1.3588408629099529,6.758166790008545,80.4885128521652,2.9020593764851106
1999-12-16,-6.473967194557189,-7.71957266330719,10.157424926757812,24.30036315917971,1.5202610095342,1.7893993059794109,5.955267429351807,63.921229784839525,6.257308504620371
1999-12-17,-5.0682560205459595,-3.093393564224243,6.135941863059998,24.20601043701174,1.165779531002045,1.769930919011434,7.141770362854003,73.16989684699391,4.4550871642522845
1999-12-18,-1.7600506842136383,-2.743396818637848,4.077826738357544,24.155610656738304,0.7903441786766052,0.9545340538024902,7.047085762023926,68.09158143240067,2.0454339947526083
1999-12-19,-1.5989464223384857,-2.1356544494628906,3.454509496688843,24.192193603515648,0.6123316486676533,0.7057135899861653,6.372163454691568,86.12694923444059,1.0918157217216993
1999-12-20,-6.17536997795105,2.100848078727722,6.9226763248443595,24.284471130371116,0.8153916796048483,0.9558603763580322,5.191214561462402,15.014473473126088,1.580873917385411
1999-12-21,-2.1271630525588985,3.298738479614258,5.798877835273743,24.36995086669924,0.6212567090988159,0.9739869435628256,4.774362564086913,326.93877508899,0.8585670588221802
1999-12-22,-3.311713337898255,-3.3752287626266484,4.890689492225646,24.44429168701174,0.9273363947868347,1.267331918080648,8.342250823974611,123.02807788409389,3.4870674924942744
1999-12-23,-4.817076921463013,-2.4455512166023254,5.582086205482482,24.505036926269554,1.2170506914456685,1.5036872227986653,7.949766476949056,85.96889539737062,5.379746740064386
1999-12-24,-5.850020408630371,-7.528489470481873,9.59909987449646,24.542695617675804,1.6991461912790935,2.0259278615315752,7.699932098388672,70.28036156456453,10.121235827647402
1999-12-25,-5.6205806732177725,-7.564961194992066,9.443851232528687,24.500451660156276,1.5145944754282632,1.8862915833791098,6.710515022277832,62.88146792177216,7.1707905908637075
1999-12-26,-3.7707295417785645,-6.104344606399535,7.2460495233535775,24.37031707763674,1.1508864164352417,1.3804673353830974,6.470138708750407,66.50957534065513,3.857823686825741
1999-12-27,-1.0215036273002622,-4.6502145528793335,4.885379791259766,24.21836242675783,0.7861475745836893,1.0008978843688965,6.196021080017089,76.400278919,1.7844394298372064
1999-12-28,3.9230665564537044,-3.9152773022651672,5.708040833473205,24.109468078613308,0.723691443602244,0.9250619411468505,5.310525894165039,105.60153921779919,1.270461778130888
1999-12-29,2.293758988380432,-3.431708216667175,4.370985269546509,24.10138854980471,1.0041532516479492,1.2140735785166423,7.113679091135661,118.26731869678422,3.2879119326517974
1999-12-30,-0.9989798665046692,0.9182412326335907,2.8437560200691223,24.175317382812523,0.7591645320256553,0.9982805252075194,7.150205294291178,118.4801124403216,1.9441151876916523
1999-12-31,-3.5949037671089172,0.03692718967795372,5.031030535697937,24.26886138916018,0.4794407188892364,0.5683285395304362,4.108448266983032,27.804349207765483,0.44408017445139364
2000-01-01,-5.175675272941589,-0.6396868303418161,5.95466423034668,24.3739944458008,0.510452816883723,0.7213516235351562,3.7079724470774336,20.05880666332081,0.46408796325385104
2000-01-02,-6.300616979598999,-0.347740062745288,6.722317337989807,24.48268280029299,0.6664663354555767,0.8848249117533367,4.2990965843200675,16.047513938283867,0.9277902481447264
2000-01-03,-5.792838454246521,2.5382906198501587,6.91816782951355,24.57818756103518,0.7396349112192789,0.941339651743571,4.357578754425049,348.9883133194166,1.1326068893269627
2000-01-04,-3.4377839565277104,1.0834100246429441,5.822823882102966,24.604943847656273,0.623049517472585,0.8638520240783691,4.667532841364543,233.59122733029056,0.8541104200208255
2000-01-05,-3.0810403823852544,-9.153496503829956,9.822709798812866,24.5400329589844,1.94254469871521,2.294083833694458,8.451186815897623,99.28522271228174,14.86569629552054
2000-01-06,-5.854320526123047,-2.23032483458519,6.4680761098861685,24.43654022216799,1.1378944714864094,1.4614028930664062,7.999191761016845,80.03878956280836,4.810411371882312
2000-01-07,-7.6577253341674805,-2.796424806118012,8.267398238182068,24.346597290039085,1.0778631567955017,1.2249507904052734,5.828749179840087,39.4059112137957,3.1164681583578675
2000-01-08,-5.563921689987183,-1.0653993338346481,5.969754219055176,24.32080230712893,0.8667059739430745,1.1940905253092449,6.393743832906088,46.80146963681312,2.2505084530911224
2000-01-09,-3.6284397840499873,0.7518543601036071,5.000424861907959,24.3653274536133,0.6549550890922546,0.7945240338643392,5.635280291239421,19.78413491584312,1.1145598606037124
2000-01-10,-2.7151606678962703,0.4078583996742963,4.535801291465759,24.434899902343776,0.4445022344589234,0.5284700393676758,4.375105142593384,121.72266519810036,0.4110408645514236
2000-01-11,-4.4416319727897635,-1.9894742667675018,5.704139232635498,24.498590087890648,0.48239800333976746,0.6250789960225424,3.692591905593872,33.886529622900355,0.397268098756062
2000-01-12,-5.894172787666321,-1.0687565803527832,6.878841161727905,24.523660278320335,0.656537652015686,0.8884639739990234,4.118261178334555,18.403963330753907,0.8564793600697829
2000-01-13,-6.260757803916931,-2.126959770917892,7.231459140777587,24.48198852539065,0.7444272240002949,0.9549485842386881,4.438209931055704,25.845566341424256,1.1678288404673909
2000-01-14,-7.030187845230102,-6.3502925634384155,9.49479055404663,24.388574218750023,1.167041500409444,1.5901084740956624,5.037450154622396,44.81168457102698,3.2063110033559328
2000-01-15,-10.160754203796387,-4.354053974151611,11.112180709838869,24.275872802734398,1.983766794204712,2.170902967453003,8.432926495869953,47.19208141549336,15.394666070892924
2000-01-16,-9.029899954795837,-1.7307906746864317,9.379539489746094,24.147325134277366,1.564827879269918,2.135043382644653,8.511844952901205,33.02677941402012,10.077778374273246
2000-01-17,-7.799859642982483,-2.6325625181198125,8.400850892066956,24.004884338378933,1.223146597544352,1.6181517442067466,5.988742351531982,31.761374906201393,4.369145157191198
2000-01-18,-6.240197896957398,-1.887162685394287,6.8104615211486825,23.85517272949221,0.8834195534388225,1.3061939080556233,5.34467077255249,30.541252447236747,2.0908066697411085
2000-01-19,-3.283293664455414,-1.6780606806278229,4.407128095626831,23.759729003906276,0.5072013835112253,0.6781907876332601,5.26810868581136,37.68720361528951,0.6508872301625709
2000-01-20,-1.9824309349060056,-0.695652849972248,4.388768315315247,23.74334106445315,0.3759311735630035,0.4641393025716146,3.4818619092305503,25.65937993319178,0.22271123173911
2000-01-21,-4.5428807735443115,-3.1102333664894104,5.914858937263489,23.764237976074245,0.5327780544757843,0.6847432454427084,3.8420189221700034,45.52073325143503,0.49758436747471146
2000-01-22,-5.874008893966675,0.18185065500438213,6.840125560760498,23.78003845214846,0.8513147830963136,1.007896582285563,5.194845835367838,29.846667913397503,1.7111472275933672
2000-01-23,-2.9655600786209106,2.373326450586319,5.6449925899505615,23.752290344238304,0.6814366380373637,0.8643824259440105,4.751611550649007,227.64453133797102,1.0497706781215095
2000-01-24,0.18318169936537745,-4.766432881355286,5.204676985740662,23.693170166015648,0.4943583011627197,1.1711501280466716,4.286021709442139,63.57709547527676,0.6050423216720422
2000-01-25,-0.8904829919338225,-5.426872134208678,5.52618646621704,23.640771484375023,1.250889817873637,1.4043883482615154,7.576084931691487,95.09112871025894,5.32064382141632
2000-01-26,-2.829563081264496,-4.668415904045105,5.5861124992370605,23.59730682373049,0.90926726659139,1.0198712348937988,7.343444029490153,84.81871850760814,2.7368394459268277
2000-01-27,-6.879921913146972,-0.635900005698204,7.5456812381744385,23.566178894042995,0.9769703348477681,1.07500425974528,5.83885113398234,40.35395050994085,2.5056408388129885
2000-01-28,-5.992738604545593,1.1041760444641113,7.211405038833618,23.55213317871096,0.8683711489041647,1.2037818431854248,4.9351806640625,122.59387641593447,1.8416492033647187
2000-01-29,-4.272069990634918,-1.012795865535736,5.288045644760132,23.56623992919924,0.6044563949108124,0.773332436879476,5.462492148081461,41.04798898131654,0.898060688673439
2000-01-30,-4.843297600746155,-1.3783930391073227,5.819251656532288,23.60405883789065,0.802022397518158,0.9853363037109376,6.532802263895671,59.478696007353655,1.8849000954807489
2000-01-31,-1.7014365792274475,-1.0698947906494143,3.8418210744857793,23.648988342285175,0.6501125892003378,0.6837070782979329,6.363688309987386,90.51500226667736,1.201783658612233
2000-02-01,-1.9623184502124786,0.7347832173109055,4.303346753120422,23.68421325683596,0.8116250435511271,0.9009795188903807,7.396438757578532,89.03954880877414,2.236773249624768
2000-02-02,-3.4295856952667236,-1.1978450268507004,4.754056334495544,23.69513854980471,0.7310791611671449,0.8038042386372883,7.440598169962565,65.95904828137039,1.8036095862120205
2000-02-03,-0.12072497449116781,-2.4297493398189545,4.07501482963562,23.693696594238304,0.8114820321400961,0.9039704004923502,8.01467752456665,69.29511240702858,2.400808306973013
2000-02-04,-1.0566143691539767,-5.232860803604127,5.4762444496154785,23.68928680419924,0.9886045455932617,1.2086126804351807,7.07378896077474,98.5591255772806,3.0742994416587814
2000-02-05,-2.5302369594573975,-7.944184899330139,8.36806058883667,23.668069458007835,1.2207737366358438,1.4000588258107505,5.732733726501465,79.31997386667,3.8178157573606932
2000-02-06,-4.7166101932525635,-4.756450057029724,6.751206278800964,23.613389587402363,1.0411131779352825,1.1528409322102864,6.743176142374674,73.3540225425614,3.262223185273944
2000-02-07,-6.732709884643555,-2.7387797236442566,7.613192319869995,23.513612365722675,0.9526377320289613,1.1328357060750325,5.190299034118652,43.368722312547646,2.202859995487535
2000-02-08,-3.092489540576935,-6.373991250991822,7.293555140495301,23.38267669677737,0.8354755838712056,0.9471228917439778,4.5975643793741865,61.09923020528345,1.4370209370867253
2000-02-09,-2.0021762251853947,-6.1943312883377075,6.52439796924591,23.262261962890648,0.7897927562395731,0.9674173990885416,4.745894114176432,74.16406818305181,1.3433702784935548
2000-02-10,-2.6945712566375737,-1.0478576421737673,3.974738359451294,23.17884216308596,0.4824604590733846,0.5911211967468262,4.562430063883464,65.15795422392183,0.4775406930083667
2000-02-11,-4.24928343296051,1.1753804385662079,6.293012976646423,23.16267547607424,0.6105161706606547,0.7526189486185709,3.8839050928751626,355.0138214474273,0.6731939950398567
2000-02-12,-5.547983288764954,1.1528833657503128,7.629440903663635,23.238763427734398,0.8664446274439495,1.0783130327860513,4.421704928080241,353.043459559427,1.633035993745646
2000-02-13,-4.279364883899689,1.9624097645282745,6.752829194068909,23.39235076904299,0.7280104557673137,0.8919812043507894,4.152410507202148,343.5219195178685,1.0437286761249962
2000-02-14,-2.0903355777263637,1.5302890241146088,5.228925347328186,23.579125976562523,0.5064628819624583,0.6799256006876627,3.7658779621124263,329.43946823433373,0.4763609865784636
2000-02-15,-3.4500312209129333,-1.2789063453674319,5.51334822177887,23.77559051513674,0.4631217320760091,0.6131375630696614,3.4020462036132812,26.659698482755857,0.3361001931749188
2000-02-16,-5.996977090835571,0.1649601440876722,7.349388360977174,23.95807037353518,0.7185885310173035,0.8530282974243164,4.117623329162598,5.6582394769852735,1.003659901365178
2000-02-17,-6.5975459814071655,0.26130572333931923,7.491793870925903,24.101800537109398,0.7726201017697653,0.9963154792785645,4.362289587656656,5.362044630399794,1.2608638631404299
2000-02-18,-6.739991784095764,1.6132950186729431,7.914321422576904,24.147363281250023,0.8672266602516173,1.0267717043558757,4.564519961675008,236.12541771245776,1.6345256152101666
2000-02-19,-6.386269927024842,0.02538479119539259,7.6865657567977905,24.089624023437526,0.7982914050420126,0.9748751322428385,4.6855091253916425,8.073873031266695,1.4207948475726855
2000-02-20,-6.383076310157775,-4.30717933177948,7.872400760650636,23.98248443603518,0.8722981611887615,1.1525521278381348,4.626082579294841,38.64930094192995,1.6730190265464469
2000-02-21,-7.004127621650697,-4.556595563888551,8.379277229309082,23.88093719482424,1.0180160005887349,1.296390215555827,5.160252094268799,46.44569938525092,2.4438675293673473
2000-02-22,-7.881298065185547,-3.0716795921325684,8.641332864761353,23.835290527343773,1.171302358309428,1.458620309829712,5.967473983764648,38.31508055343018,3.7310641319228988
2000-02-23,-7.534934997558594,-1.2814050316810606,8.541983485221863,23.852029418945335,1.064532140890757,1.339033524195353,5.348820209503174,23.775672239630374,2.874451051958979
2000-02-24,-7.681251645088196,-1.546235531568527,8.509346961975098,23.89943084716799,1.0969529151916504,1.3814682165781655,5.6119167009989415,24.878023573442665,3.2532289651144577
2000-02-25,-7.733988285064697,-0.4599398616701364,8.636499404907228,23.97230682373049,1.134443203608195,1.585004170735677,5.630517800649007,16.220438224103702,3.6459034362068654
2000-02-26,-7.385877132415772,4.908069968224724E-6,8.309759378433228,24.06361541748049,1.022755225499471,1.3004190921783447,5.099374930063884,11.014172357016871,2.7071784164312103
2000-02-27,-4.277043461799622,-1.383629113435745,5.903472542762756,24.169290161132835,0.7500973542531332,1.135040044784546,5.269366105397542,32.55533049753531,1.4987575441141299
2000-02-28,-4.922567367553711,-4.412564158439637,7.149386405944824,24.26928863525393,0.8377568523089091,1.0379970073699951,5.160990556081136,56.807599454917806,1.6279314998184802
2000-02-29,-5.443935990333557,-1.8349489271640778,6.83372163772583,24.29702148437502,0.8499327301979065,1.1581902503967285,5.361238320668539,45.54387147037488,1.7817524010708883
2000-03-01,-6.561696648597716,-1.3714972883462906,7.804319620132446,24.320245361328148,0.8633652329444885,1.1021806399027505,4.78562577565511,23.071230236606198,1.6800434700681417
2000-03-02,-6.547112226486206,-0.8738779723644255,7.797912955284119,24.34326324462893,0.927433967590332,1.3559906482696533,4.775954484939575,16.903612951927034,2.0930340599693387
2000-03-03,-5.891608476638794,1.028013065457344,7.600810408592224,24.396165466308616,0.8849964141845703,1.1408847173055015,4.602856397628784,234.81185309746047,1.7708479592599817
2000-03-04,-3.5903374552726746,0.06960192788392305,6.095436096191406,24.504861450195335,0.6485194166501363,0.9607612291971843,4.284916798273723,7.001419379972239,0.8820127518779944
2000-03-05,-4.407825231552125,-1.5924728512763977,6.007554650306702,24.641358947753925,0.6127471923828126,0.7736295859018962,4.676437536875407,39.820639842089946,0.7667987998905009
2000-03-06,-6.4279654026031485,-0.3333071907982231,7.562040328979492,24.752343750000023,0.8296453555425007,1.043917973836263,4.314927498499553,18.715534633432206,1.4151378513083395
2000-03-07,-7.02973985671997,-1.1868950873613358,8.002289295196533,24.845368957519554,0.9113256533940632,1.3577150503794353,4.646847565968831,17.016603060884275,1.9480644766545232
2000-03-08,-6.177912712097168,-0.28058491088449955,7.51740062236786,24.930574035644554,0.8456023931503296,1.0573261578877766,4.829977512359619,13.21790087019006,1.622571861620633
2000-03-09,-6.170941352844238,-0.9874647110700606,7.376808762550353,25.01289520263674,0.8305952747662861,1.1023515065511067,4.72376012802124,20.03315586523538,1.5744101366919816
2000-03-10,-6.0197670459747314,-1.4443726241588593,7.28208601474762,25.05922851562502,0.858580748240153,1.3103521664937336,4.782283465067546,22.856745646964615,1.8248262416640426
2000-03-11,-4.373399794101715,0.36880569998174906,6.566116452217103,25.05426177978518,0.7164392471313475,0.9361432393391926,4.218175331751506,4.190104415409962,1.0430737033290054
2000-03-12,-4.1674447655677795,-5.289090156555177,6.824660658836364,25.03096160888674,0.7159097592035929,1.2359882990519206,4.774129072825114,63.680385446161054,1.3297349788996051
2000-03-13,-6.375235915184021,-2.599514722824097,7.402902603149413,25.020822143554707,1.117849886417389,1.4190251032511394,6.809978326161701,68.37885030055757,3.8382261163473332
2000-03-14,-7.671141505241394,-1.4494805335998535,8.263989448547365,25.052468872070335,1.065887192885081,1.3746740023295085,5.406729062398275,30.401311979133105,2.911667931054583
2000-03-15,-5.220119237899779,2.4888026118278503,6.742745995521545,25.121751403808616,0.9046858549118042,1.144560734430949,5.122972647349039,238.5742919558047,1.9647310967123788
2000-03-16,-2.8053461313247685,3.613519549369812,6.42723023891449,25.202104187011738,0.7862293918927512,1.017906665802002,5.224785168965658,334.9771101739994,1.5053065900656248
2000-03-17,-3.207269310951233,0.5203348472714424,5.120091557502747,25.290917968750023,0.5167275865872701,0.6581098238627116,4.4359573523203535,234.6349982176135,0.5405198301862963
2000-03-18,-5.138162016868592,-0.5115551054477692,6.804460525512695,25.381631469726585,0.7397955258687338,1.0034740765889487,4.2980038324991865,15.198944528477607,1.1247446615183514
2000-03-19,-3.056251645088196,2.193495124578476,6.698113083839416,25.468591308593773,0.7314886053403219,0.9262146949768066,4.341935793558757,340.09668530505115,1.097566554547272
2000-03-20,-2.7950242161750793,-4.533311009407043,6.180622935295104,25.523286437988308,0.7711965441703796,0.978895346323649,5.540959993998211,92.38723182037928,1.6582330848481623
2000-03-21,-6.243213534355163,-0.16503286361694336,7.81989336013794,25.541535949707054,0.9814188281695047,1.1349299748738608,6.2693872451782235,35.73315821788715,2.791964384044165
2000-03-22,-7.829773902893067,-0.9267548173666001,8.844861030578613,25.54756317138674,1.0475412011146545,1.3126108646392822,4.971373875935873,15.539698486991899,2.6336295827441036
2000-03-23,-7.284524440765381,-1.9203489720821383,8.387161016464233,25.569062805175804,1.0329936146736145,1.482822815577189,5.123074690500896,24.044248738936897,2.7631474408923875
2000-03-24,-7.1689311265945435,-2.2615594565868378,8.213398933410646,25.626252746582054,0.992026428381602,1.4981543223063152,4.9488169352213545,25.80198147312812,2.450589466302109
2000-03-25,-7.131500124931336,-1.9443890154361727,8.299045085906982,25.693696594238304,1.0131761233011882,1.3623908360799153,5.033448378245036,25.318007200842946,2.4950741975408333
2000-03-26,-4.451173961162567,0.33867496997117996,6.663512229919434,25.746820068359398,0.8847350478172302,1.291232426961263,5.1084526379903155,125.50337146349467,2.0035515588221937
2000-03-27,-1.405396193265915,1.5641871690750124,5.892697095870973,25.808877563476585,0.5963693857192993,0.7926286856333414,4.109594106674194,334.3394884027348,0.6695408497901667
2000-03-28,-3.105246663093567,-0.6542384624481201,5.374212384223938,25.90307769775393,0.5091093083222706,0.7066546281178794,3.5810356934865313,242.52561737698807,0.4331148383727196
2000-03-29,-4.229871392250061,1.748958796262741,6.789766788482666,26.051599121093773,0.7549374500910441,1.0832126935323079,4.225945631663005,336.5742420441717,1.1606872009611024
2000-03-30,-1.9393538236618042,2.581164956092834,5.974898338317871,26.24114379882815,0.6715936064720154,0.9473020235697428,4.148322343826294,316.67503822808055,0.9249945481160149
2000-03-31,-2.89160567522049,0.22273056395351887,5.402150988578796,26.425721740722683,0.5202892025311788,0.6743492285410563,3.6217480500539145,332.45616739796145,0.4508472927705745
2000-04-01,-5.076620697975159,0.713415339589119,6.9863117933273315,26.56608734130862,0.7511499722798666,1.1020866235097249,4.169779698053996,357.5153403316379,1.1336782393489866
2000-04-02,-6.099355578422546,2.896454870700836,7.694591045379638,26.623910522460957,0.95797465244929,1.2592455546061199,4.664079507191976,341.2240031515247,2.1235990572834047
2000-04-03,-4.252144217491151,3.23063063621521,8.356767058372498,26.56836090087893,1.0023663441340127,1.3464314142862959,4.681075890858968,327.2149639421747,2.3426076024180325
2000-04-04,-1.237008959054947,-9.888319969177246,10.022922277450562,26.448953247070335,1.3992766141891482,2.256326913833618,5.30437707901001,84.82110183342441,6.68283509378944
2000-04-05,-3.199089765548706,-7.155640363693237,8.220604181289673,26.324998474121116,1.6240177154541016,2.1310653686523438,8.112176577250164,94.0357064961212,9.719773946963292
2000-04-06,-6.591241955757142,-2.0555680096149445,7.779197931289673,26.17704925537112,1.0669339696566262,1.2689555486043296,6.215375264485677,49.11119079168378,3.286589989645346
2000-04-07,-5.876479744911194,-0.025581745430827144,7.807121872901916,25.986779785156276,1.029817799727122,1.4845795631408691,5.1690999666849775,11.499128766292,2.7789549745863993
2000-04-08,-4.206909537315369,-0.8998432457447052,6.623023509979248,25.747392272949245,0.6887221932411193,0.8827053705851237,4.25837516784668,15.840463155804095,0.9209225815198856
2000-04-09,-6.619509458541869,-6.575186610221862,9.404325246810913,25.551957702636738,1.3235630989074707,1.7984423637390134,5.832390149434408,62.637085727333485,5.464353499898836
2000-04-10,-7.980063796043397,-3.6085430383682255,9.044916629791262,25.478417968750023,1.4373674790064492,1.8120461304982505,7.904153505961101,51.46855741178212,7.54093513817831
2000-04-11,-7.154153108596802,-1.381395310163498,8.332216143608093,25.4950881958008,1.0757011572519937,1.44658088684082,5.619516372680663,26.689715711450393,3.119355744783797
2000-04-12,-7.224307894706726,-0.5623187571763992,8.451720118522644,25.57221374511721,1.0573615431785583,1.3467884063720703,5.1886773109436035,15.608386472223401,2.802853313138114
2000-04-13,-5.015625715255737,-1.8991229534149172,6.284953236579895,25.677079772949238,0.7816351850827535,1.2205631732940674,5.016379276911418,31.562605791428727,1.574787538234604
2000-04-14,-2.819254517555237,-3.0909277200698853,4.6027079820632935,25.807397460937523,0.5187884966532389,0.7587464650472006,4.57211995124817,47.908307715053915,0.5693271921229789
2000-04-15,-4.570756673812866,-2.1797264218330383,5.64251410961151,25.965173339843776,0.536717414855957,0.693815549214681,3.9212127526601157,42.43166185360299,0.5149628963066029
2000-04-16,-5.700210094451904,-0.12358057871460915,7.327293992042541,26.133943176269558,0.7516373395919799,0.9156724611918131,4.174792289733887,7.827297275232412,1.083793343139287
2000-04-17,-6.016464948654174,-1.4686387479305267,7.183792233467103,26.29670104980471,0.7533128261566163,1.0050061543782551,4.388721783955892,20.794589135098857,1.1948700234142908
2000-04-18,-5.569456934928895,-2.365340977907181,6.98148500919342,26.437600708007835,0.6895831425984701,0.9237414201100667,4.175870259602864,26.350122521460317,0.9435740358064386
2000-04-19,-6.860185742378234,-2.0549502670764923,8.099897861480713,26.52222595214846,0.8328326145807902,1.0261923472086587,4.302918434143066,21.195442395398118,1.3882764762630064
2000-04-20,-6.711848974227905,-0.7601277157664299,7.981010556221007,26.543000793457054,0.9037858645121255,1.176774581273397,4.598956267038981,11.433228093897052,1.7980850535548134
2000-04-21,-5.004428148269653,-2.145992904901505,6.304020166397095,26.518708801269558,0.7608189582824708,1.217311938603719,4.859315554300943,33.727666793566,1.4699054873428645
2000-04-22,-3.469268202781677,-3.886177182197571,5.520315885543823,26.468331909179707,0.4958693385124207,0.714470624923706,3.9028261502583823,51.33985055095036,0.4550044375073421
2000-04-23,-3.1392425894737244,1.1763868406414986,6.1488683223724365,26.414094543457054,0.6472605268160502,0.8620395660400391,3.955099980036418,239.81212297027446,0.7645538507941559
2000-04-24,-2.574331820011139,2.25516140460968,6.63694441318512,26.389703369140644,0.7525685826937358,1.085206667582194,4.257992426554361,324.500421277445,1.2092382523433876
2000-04-25,-3.061031699180603,-3.1765412092208862,5.002515554428101,26.401376342773457,0.4247990647951762,0.6642335255940756,3.3480385144551597,47.35049575321742,0.28150313100814034
2000-04-26,-6.2233134508132935,-4.889200687408446,8.147067904472351,26.42523345947268,0.9443868597348531,1.16093905766805,4.941923936208089,55.96476024781015,2.0157460754978396
2000-04-27,-7.472384452819824,-3.7433046102523804,8.82698655128479,26.437707519531276,1.0908601284027102,1.3569216728210451,5.24782117207845,41.039620568152145,2.889043107487519
2000-04-28,-5.7298500537872314,-1.1315325349569318,7.40993070602417,26.42180786132815,0.9368266661961875,1.4872143268585203,4.932323137919108,20.617877315926425,2.253325747315297
2000-04-29,-5.300355076789856,-1.3718549013137817,6.6811604499816895,26.419740295410175,0.6978405117988585,1.0428451697031658,4.363606532414754,22.545315638013676,1.0372887015645251
2000-04-30,-6.517205476760864,-1.1730363070964813,8.006350994110107,26.46029052734377,0.8698418736457825,1.2842626571655273,4.500184059143066,15.419224241406537,1.6386675933130421
2000-05-01,-7.5529539585113525,-1.1713201552629469,8.81845760345459,26.503724670410183,1.1584333976109824,1.7089637120564778,5.199260075887044,13.919155870868147,3.5441999371171677
2000-05-02,-7.253809571266173,-0.38451306149363523,8.78496289253235,26.51136932373049,1.1024595499038694,1.4382642110188801,5.328578472137452,13.023510835698668,3.111302009221477
2000-05-03,-7.09986412525177,-1.5485062897205353,8.44271469116211,26.44971618652346,1.0847617983818054,1.5182668368021648,5.356437524159749,21.549162085312215,3.1348322713064674
2000-05-04,-6.32497763633728,-2.0135667920112605,7.858330726623534,26.362496948242207,0.9398128787676494,1.3052654266357422,5.031608899434407,26.10167143799938,2.1593266956494643
2000-05-05,-6.666697859764099,-1.7268609404563902,8.039104342460632,26.303224182128925,0.9578827619552613,1.2507131894429524,5.047236204147338,24.68266347193461,2.194833658575628
2000-05-06,-6.8202338218688965,-1.2993506342172623,7.684779882431029,26.26094207763674,0.886677304903666,1.2021548748016355,4.997737487157186,21.412751641403208,1.878347591085603
2000-05-07,-7.2922831773757935,-1.7278066277503967,8.103325247764587,26.22288665771487,0.9799969593683878,1.25214155515035,5.145352602005004,23.90971825162692,2.3825327374030674
2000-05-08,-6.370273470878601,-1.2698402404785154,7.427915811538696,26.182633972167988,0.9137037992477418,1.2366795539855957,5.138378461201985,25.09731523225469,2.127894512139783
2000-05-09,-5.182499527931213,0.35679556056857104,6.531999945640565,26.177423095703148,0.7260403434435526,1.0159602959950764,4.696706136067709,11.841489193063714,1.1766906255831096
2000-05-10,-5.5083240270614615,0.10650949459522963,6.899289727210998,26.230111694335957,0.6869821548461914,0.9259775479634602,4.366062641143799,4.895453880177418,0.9492328214119724
2000-05-11,-5.7697081565856925,0.15357892122119665,6.97757911682129,26.312150573730495,0.7492793599764506,1.0374730428059895,4.679011583328247,7.465152744561313,1.2555133643935712
2000-05-12,-6.238231778144836,0.29175328090786934,7.411407113075256,26.39450988769533,0.7959294517834982,1.0513474941253662,4.521773179372151,5.579005735314392,1.4106365051329075
2000-05-13,-6.300995826721191,0.23225791193544865,7.549034476280212,26.448548889160183,0.7824697693188986,1.1127227147420247,4.474366505940755,5.83596025857408,1.3017973058613161
2000-05-14,-5.737251400947571,-2.0571208000183105,6.767825722694397,26.469773864746113,0.7681540449460348,1.142812967300415,4.783662796020509,28.006632024107716,1.3732503253790989
2000-05-15,-5.9508421421051025,-4.376657009124756,7.538444399833679,26.477227783203148,0.8287079135576884,1.132411241531372,4.611751397450765,40.682510186280545,1.4805174027640498
2000-05-16,-6.401089668273926,-4.071727633476257,7.751326203346252,26.480218505859398,0.8404567042986552,1.0637356440226238,4.662950356801351,40.46848502889011,1.5170423252940992
2000-05-17,-7.012956738471984,-2.745310664176941,8.014902353286743,26.488755798339863,0.8769894838333129,1.1414308547973633,4.697510401407878,31.64022424273918,1.6856777795760127
2000-05-18,-6.4504103660583505,0.11061261408030985,7.562592148780823,26.513726806640648,0.8407051165898642,1.1278870900472004,4.704676707585652,8.869240274992288,1.646186717268263
2000-05-19,-6.699882388114929,-0.48813189566135406,7.547496318817139,26.57355651855471,0.8686973651250204,1.1020782788594563,5.043725411097209,19.366232605569127,1.8829638866466358
2000-05-20,-6.057005763053894,-0.08659459557384253,6.699252367019653,26.6601272583008,0.845491091410319,1.1002567609151204,5.3959509531656895,20.393527348652547,1.9076540897271985
2000-05-21,-4.722920536994934,-0.6813700422644615,6.2225528955459595,26.740037536621116,0.7051529288291931,0.9372415542602538,4.933354139328002,19.009969286512707,1.1537765784875298
2000-05-22,-4.058612287044525,-0.3802673518657684,6.439890384674072,26.779634094238308,0.7432239254315693,1.0542950630187988,4.571209271748861,8.814558603777337,1.2431615546167005
2000-05-23,-2.938875257968903,0.029239609837532037,6.016754627227783,26.750573730468776,0.6730217337608337,0.8611267407735188,4.244536876678467,233.710276928284,0.90211349906222
2000-05-24,-3.1470944285392766,0.2893683714792133,5.838617205619812,26.666749572753933,0.595599393049876,0.8308748404184977,3.9276243845621743,350.6752548361219,0.6482269393225459
2000-05-25,-5.172750115394592,0.8679725974798201,7.100865602493286,26.57142791748049,0.6875040531158447,0.9033385912577311,4.00411581993103,347.528115714316,0.8850110710440062
2000-05-26,-6.478622555732727,1.7044934630393982,7.862183094024658,26.482385253906273,0.8365871906280518,1.109879493713379,4.369171380996704,348.36978722508934,1.4946709214043756
2000-05-27,-6.551468014717103,0.853341355919838,7.7291752099990845,26.416406250000026,0.8421305616696676,1.1593424479166665,4.565020163853963,119.46664561522968,1.6217198955424166
2000-05-28,-5.618788480758667,0.2753768861293793,6.472356081008911,26.393869018554707,0.6593350966771444,0.9901857376098633,4.5488262971242275,16.07204686465957,1.0086940862229998
2000-05-29,-3.7308542728424072,-1.0482816398143766,4.604180335998535,26.452012634277366,0.4241351584593455,0.672536293665568,4.048241138458252,23.645821990730724,0.34492331712996604
2000-05-30,-4.1847463846206665,-2.1266609132289886,5.132271766662598,26.5822463989258,0.4359455307324727,0.6361054579416912,3.6101071039835606,38.60039064669384,0.3236169888121697
2000-05-31,-5.4239786863327035,-2.471574544906616,6.4911357164382935,26.733148193359398,0.6002306143442789,0.8407595952351887,4.036798715591431,34.57404834509126,0.6797953347554901
2000-06-01,-6.141308546066284,-1.9996361732482908,7.123373031616211,26.851022338867214,0.7408835093180339,1.0208861827850342,4.35555362701416,30.337586961749135,1.128409030430397
2000-06-02,-6.18537437915802,-2.1233214735984802,6.908465027809142,26.88838348388674,0.7804498672485353,1.0915355682373047,4.782753149668376,32.93050591167889,1.3713747450059701
2000-06-03,-5.8775874376297,-2.013221651315689,6.674872279167176,26.840661621093776,0.7163524230321248,1.0324865976969402,4.627586523691813,30.699387586460944,1.142386772863816
2000-06-04,-4.642469882965088,-0.719636969268322,5.314873695373535,26.75114593505862,0.5352609157562256,0.7749091784159342,4.244845867156982,27.25361081244847,0.5818966061382467
2000-06-05,-5.4438700675964355,-1.1047065258026123,6.256667613983154,26.64270172119143,0.6222267746925354,0.8142008781433105,4.231964906056722,23.168177619994083,0.7791729145266912
2000-06-06,-4.837280511856078,-0.3466501906514168,5.206880807876587,26.540567016601585,0.5134608149528503,0.7562794685363768,4.136362552642822,21.791956872497295,0.5178072259165661
2000-06-07,-5.487208843231201,0.5725808069109917,5.864305853843688,26.470414733886738,0.5091432631015776,0.5845088958740234,3.7782486279805503,7.561054483840697,0.4572046654862258
2000-06-08,-5.6692811250686646,1.4853487312793732,6.305133819580077,26.48759613037112,0.6087887287139893,0.6945626735687255,4.048750877380371,237.87881434294965,0.700705952334625
2000-06-09,-6.254179120063781,-0.6095999479293823,7.038247346878052,26.589746093750023,0.7155912717183431,0.9314641157786052,4.403450250625611,15.08078262672321,1.0813393837093774
2000-06-10,-6.91480553150177,-0.6826465055346489,7.640219569206238,26.712686157226585,0.8521091341972352,1.1318825880686443,4.819451649983724,18.574536918956937,1.6947356885119702
2000-06-11,-7.084880471229553,-0.9492493271827699,7.746796607971191,26.7940383911133,0.8777288198471069,1.109105348587036,4.900837182998657,19.149268820221494,1.795305027507316
2000-06-12,-7.011830091476441,-0.5131886005401611,7.515485048294067,26.773362731933613,0.8796344796816508,1.2158289750417073,4.830724000930786,20.242458782153015,1.7929388031636762
2000-06-13,-7.049611806869507,-0.06473985919728875,7.459008693695068,26.656106567382835,0.8146103819211324,1.0601653258005779,4.634316047032675,12.344468738431317,1.4752728715741361
2000-06-14,-6.069983959197998,0.020275692455470562,6.546813130378723,26.50641021728518,0.6861685514450073,0.9047640164693198,4.542180299758911,13.410178305618766,1.0450968714933846
2000-06-15,-4.894767999649048,0.9006688594818114,5.580920100212097,26.361657714843776,0.5455726484457651,0.6996720631917318,4.136395613352457,8.603550205450441,0.5599277643722272
2000-06-16,-5.037048935890198,1.38106369972229,5.758417963981628,26.258927917480495,0.5754628380139668,0.7493845621744791,4.153377294540406,119.56195477409166,0.6420346936026783
2000-06-17,-6.356476187705994,0.6227541565895081,7.002793788909911,26.234071350097683,0.7140870094299316,0.966871420542399,4.526556173960367,121.82691649012305,1.0954452753833817
2000-06-18,-7.032952427864075,-0.049887812696397305,7.3388062715530396,26.295495605468773,0.8067783912022909,1.015951156616211,4.594884236653646,11.671375019060822,1.4280304934745023
2000-06-19,-6.962547302246094,-0.16995551995933053,7.188987612724304,26.418328857421898,0.7644517421722412,0.8558001518249512,4.4670060475667315,11.668401305910303,1.2316370228403792
2000-06-20,-6.583788275718689,-0.5628947615623474,7.086922287940978,26.581636047363304,0.6933060288429259,0.8202068010965982,4.298755168914795,14.082675237371516,0.9732585427195878
2000-06-21,-6.392967343330383,-0.9934167116880416,7.236227631568909,26.765824890136745,0.7745911280314127,0.9665851593017579,4.64600666364034,18.70509669810802,1.336017328564283
2000-06-22,-5.7958173751831055,-1.4175233840942383,6.870181918144226,26.94838104248049,0.740694502989451,1.0913231372833252,4.529199838638306,24.140472399352973,1.2527920225321048
2000-06-23,-5.124424695968628,-2.1000885069370265,6.0456557273864755,27.089334106445335,0.6207429965337118,0.9650311470031738,4.35787836710612,32.07616695073061,0.837554019100808
2000-06-24,-4.774386525154114,-0.6862303353846072,6.00880765914917,27.163667297363304,0.5532249013582865,0.7583403587341309,3.9282215436299635,19.28616029829582,0.5611445640846257
2000-06-25,-6.185717582702637,-1.5396268069744108,7.036850214004516,27.173188781738304,0.7125197847684225,1.0111454327901204,4.289706707000732,23.859491045817474,1.0611120206642268
2000-06-26,-5.589401245117187,-1.163588523864746,6.2624266147613525,27.12043914794924,0.6243965824445088,0.9745831489562988,4.211729844411214,22.10873036659903,0.7950871110708435
2000-06-27,-5.654611468315125,-2.6915370821952824,6.630168318748473,27.00594482421877,0.6975507140159607,0.9822528362274169,4.4574360847473145,33.9744438466672,1.0372030658674782
2000-06-28,-4.601189911365509,-0.22448575124144554,5.093631386756897,26.829621887207054,0.48225287596384686,0.715338150660197,4.115874210993448,25.14433005738033,0.45129736869148745
2000-06-29,-4.450180172920227,-1.0275721549987793,5.095217347145081,26.62849578857424,0.4522646764914195,0.5766883691151937,3.827135880788167,26.103191141284885,0.3697699717930625
2000-06-30,-4.927045106887817,-1.5608141124248505,5.660526990890503,26.458543395996116,0.5208160777886708,0.6545357704162598,4.037026087443033,28.64080157932208,0.5097770272510063
2000-07-01,-4.568712949752808,-1.324426144361496,5.987323999404907,26.375230407714866,0.6400028467178345,0.9341355164845785,4.356016159057617,28.761747266631744,0.8717823784095284
2000-07-02,-5.031437516212464,-1.7445518672466276,6.394548535346985,26.43036041259768,0.6424772342046102,0.932169278462728,4.16100549697876,26.90178618967231,0.8389783072683021
2000-07-03,-5.426762700080871,-2.3531631529331207,6.5020283460617065,26.605706787109398,0.6119009852409363,0.8386834462483724,4.102563381195068,29.713232496870145,0.7403757184103131
2000-07-04,-4.43725198507309,-2.228136360645294,5.8207021951675415,26.837838745117207,0.5473438898722331,0.8044400215148925,3.9406724770863852,37.64419731110301,0.5708795319284463
2000-07-05,-4.833407163619996,-1.3162261098623276,5.617216467857361,27.099168395996116,0.5581148068110148,0.8020586967468262,4.319518089294434,35.91416488105748,0.6189423417197782
2000-07-06,-5.200990676879884,-2.371723175048828,6.0837544202804565,27.362458801269558,0.5853729446729025,0.7566388448079427,4.283198197682698,36.802047177602844,0.6693829949610186
2000-07-07,-4.459874391555786,-3.0339404940605164,5.794955492019653,27.592965698242207,0.5699199835459391,0.7689601580301921,4.17790691057841,40.28098437885801,0.631953084861827
2000-07-08,-4.7368693351745605,-1.1104814708232877,5.68506109714508,27.67374572753908,0.5430784424146016,0.7576728661855062,4.078383684158325,31.05334345039398,0.5557417625942521
2000-07-09,-6.364513993263244,-0.028586659580469135,7.079174876213074,27.582261657714863,0.6840879122416177,0.9597400029500325,4.092266877492269,9.037417286928207,0.9157268384776511
2000-07-10,-7.267612338066101,-2.4953558146953583,8.24767529964447,27.426560974121113,0.9163785179456075,1.2876331011454265,4.768411636352539,26.180717871636528,2.0092172925943994
2000-07-11,-5.4889007806777945,-2.174579381942749,6.452496528625488,27.31470642089846,0.7150012453397115,1.2132538159688313,4.641056378682454,33.476327695746456,1.2906942808755537
2000-07-12,-4.135951280593872,-1.7319809794425962,5.10914695262909,27.344964599609398,0.4664507408936818,0.679994821548462,3.8474081357320147,35.430238906622584,0.4041300555147465
2000-07-13,-3.8103307485580444,-1.7382493019104004,5.190260291099549,27.49750671386721,0.465621680021286,0.6323467890421549,3.6562472184499106,32.65648675684004,0.37542116061613956
2000-07-14,-3.4318540692329407,-2.4133780002593994,4.870207190513611,27.67744598388674,0.37321020166079205,0.49601268768310547,3.285913467407226,41.848432177729194,0.21633915749669744
2000-07-15,-2.9923925399780273,-1.7580660283565521,4.1575130224227905,27.857820129394554,0.31905029217402137,0.39849646886189777,3.0891544024149575,37.902373275993774,0.1456297874805184
2000-07-16,-2.9680238962173457,-0.20666277408599856,5.101745963096618,28.011964416503933,0.43234249949455267,0.5385332107543945,3.2394164403279624,126.16529408449858,0.27980431863894506
2000-07-17,-5.5309898853302,-0.16969409119337797,6.672784805297852,28.11006317138674,0.6379336118698121,0.8182648022969563,3.9329115549723306,8.709508500743974,0.7510048247884327
2000-07-18,-5.969616532325745,-0.8967620879411697,6.833371996879578,28.103204345703148,0.6374143560727437,1.030615011850993,4.011678218841553,15.124348020479259,0.7899908907088112
2000-07-19,-6.229526519775391,-2.416537642478943,7.374351382255554,27.99775085449221,0.8071036537488301,1.1885245641072593,4.486396153767903,27.376549774421868,1.488651631007091
2000-07-20,-4.7764707803726205,-2.5906309485435486,6.005430698394775,27.84851226806643,0.5700607895851135,0.8240159352620442,4.062286218007405,34.40548709194949,0.6517784342307
2000-07-21,-4.137971043586731,-2.6906325817108154,5.995531916618347,27.712648010253925,0.5629416108131409,0.8068634668986002,3.8695784409840903,38.600029181217124,0.5941477282072045
2000-07-22,-4.031607091426849,-1.3515949696302412,5.519104599952698,27.641648864746116,0.48824527859687805,0.5991420745849609,3.6446816126505532,29.993261835217425,0.39951323859759874
2000-07-23,-4.676053524017334,-2.0311099588870998,6.089265465736389,27.650437927246116,0.5624386072158815,0.7345214684804281,3.8983467419942217,31.202522693396016,0.5740371694013601
2000-07-24,-3.6295114159584045,-2.37194886803627,5.316500186920166,27.710237121582054,0.5264721413453419,0.7152366638183595,3.9098173777262373,39.57316489091147,0.5167908159923588
2000-07-25,-3.9371399879455566,-2.4672336280345917,5.282209157943726,27.805230712890648,0.458561251560847,0.6671988169352213,3.7378134727478027,48.687998120968516,0.36745542765738815
2000-07-26,-4.710593104362488,-1.6632657647132874,5.730749487876892,27.918817138671894,0.5245561599731445,0.7537473837534587,3.9226061503092446,36.4763221945116,0.5120382416833449
2000-07-27,-5.435272216796876,-1.9982093870639799,6.526619076728822,28.035852050781273,0.6280848979949951,0.7902660369873047,4.150911649068197,28.47004005581611,0.7703137171994384
2000-07-28,-4.8567144870758066,-2.450526535511017,5.950104713439941,28.14656219482424,0.6345113317171732,0.8662140369415283,4.483209768931071,36.44002969330167,0.8472484884794996
2000-07-29,-4.205206394195557,-0.5400022398680449,5.223640203475952,28.236009216308616,0.5207350850105286,0.7157022953033446,4.15821647644043,29.033548525810602,0.5377719455631562
2000-07-30,-4.552837610244752,-0.18519088160246608,5.380483984947204,28.277886962890648,0.48072411616643274,0.6644817988077799,3.866243203481038,19.251297819997923,0.42032736723282305
2000-07-31,-5.6361916065216064,-1.0085044875741003,6.465399384498596,28.245454406738304,0.629038949807485,0.8571747938791912,4.10447629292806,20.85346098245439,0.7863487980016808
2000-08-01,-5.55939507484436,-2.457969188690186,6.574744701385497,28.118684387207058,0.7043485244115194,0.9648944536844889,4.493096987406413,32.348555610813115,1.0667267091145967
2000-08-02,-5.721416115760802,0.7722246348857879,6.53613519668579,27.96441802978518,0.6510789593060811,0.8423388004302979,4.146283388137817,6.215582753942688,0.8532654223538214
2000-08-03,-5.8136351108551025,0.16963348165154454,6.474520206451416,27.837922668457054,0.6155017018318176,0.7859758536020914,4.076919873555501,10.441712457927718,0.7463334233528198
2000-08-04,-5.842833876609802,-1.0139884501695633,6.535856008529663,27.708062744140648,0.6621357997258505,0.8598457177480062,4.298012177149454,21.56782751326396,0.9076217969623106
2000-08-05,-4.765312910079956,-1.508478432893753,5.724292516708374,27.544519042968776,0.6222834587097168,0.9297888278961182,4.56859270731608,32.04320797530522,0.8698455347908782
2000-08-06,-4.517969906330109,-2.4629024267196655,5.5752906799316415,27.328179931640648,0.5988198419411978,0.758391539255778,4.500170548756917,40.908706330258724,0.7472184444676224
2000-08-07,-5.709488987922668,-0.3929988108575344,6.215185046195983,27.1629577636719,0.6378477215766907,0.7629377841949463,4.360156059265137,23.638537752747332,0.8381524735925335
2000-08-08,-8.221748352050781,-0.2126780140097253,8.657285571098328,27.11929473876955,1.0131885806719463,1.2570726871490479,4.835159460703532,9.873938005965744,2.419739575878549
2000-08-09,-6.775213360786438,-1.3883265554904938,7.4442100524902335,27.13831481933596,0.9021344184875488,1.1851596832275393,5.1945654551188145,26.353233293128234,2.086840344023248
2000-08-10,-6.255646824836731,-0.6292179450392723,6.571450948715209,27.16294250488284,0.73680184284846,0.9988129933675131,4.862592617670695,25.344263721113293,1.2788061691645851
2000-08-11,-4.793901324272155,1.6133135855197906,5.66125750541687,27.139299011230488,0.5948357085386913,0.788809617360433,4.204785188039144,240.35005699887728,0.737880561946197
2000-08-12,-2.5630027651786804,4.161050617694855,5.911732077598572,27.084580993652363,0.5598926643530527,0.7863440513610839,3.7313095728556314,325.39484394038584,0.5808348835080609
2000-08-13,-1.906680166721344,3.0914480686187744,4.642228841781615,27.05043182373049,0.43448909123738605,0.6014315287272136,3.7029141585032144,281.3264921221714,0.33162544207341793
2000-08-14,-4.38007128238678,0.9700244069099426,5.816880583763123,27.047723388671898,0.5518504381179811,0.7158654530843098,3.696197191874186,328.0842332577999,0.5471104228052989
2000-08-15,-6.293094515800476,-0.2985236472450196,7.194436192512513,27.08613739013674,0.7055633266766866,0.9831541379292806,4.0966438452402745,9.557307526626724,0.967039750515561
2000-08-16,-6.639117956161499,-3.3151044845581055,7.690819025039673,27.172784423828148,0.8563019235928853,1.1703513463338215,4.705001672108969,32.797680274508025,1.6667721216910123
2000-08-17,-2.9174088835716248,-4.014697074890137,5.114648699760437,27.27729949951174,0.6193050940831503,0.8470916748046875,4.705057303110759,55.7651154588703,0.8352671948719753
2000-08-18,-4.34998595714569,-1.0861504971981049,5.163540244102478,27.373269653320335,0.5290410617987316,0.6484184265136719,4.622637112935384,43.00115630176727,0.5931771643149852
2000-08-19,-4.445849478244782,-0.9385692179203033,5.093527674674988,27.470796203613308,0.500507762034734,0.6785998344421386,4.365533510843912,33.58516957424375,0.5048662271506305
2000-08-20,-3.907862603664398,-0.8962628990411758,4.524151921272278,27.581353759765648,0.45931251843770343,0.664793332417806,4.146038850148519,33.08759726574741,0.41681354076759
2000-08-21,-4.6116859912872314,-1.1464837491512299,5.217005491256714,27.710984802246116,0.47602339585622155,0.6586265563964843,4.016630252202352,31.84343026087479,0.4267991786510802
2000-08-22,-5.267868518829346,-1.9627924859523773,5.979951739311218,27.821824645996116,0.5640217065811157,0.7290536562601725,4.146879037221273,31.860587886064952,0.6097744813805444
2000-08-23,-5.250580668449402,-2.006644427776337,6.059507966041565,27.879563903808616,0.626081516345342,0.7965477307637532,4.517086982727051,35.431446925760135,0.8268751470250749
2000-08-24,-5.099041223526,-3.4547404050827026,6.487503767013551,27.89711914062502,0.7256427009900411,0.8402752081553142,4.888192971547445,41.540030422976415,1.1792813033295062
2000-08-25,-4.483586072921754,-4.172085881233215,6.447702407836914,27.885575866699238,0.7562458515167235,0.9405167102813721,5.078268527984619,49.43812398906223,1.328896950808772
2000-08-26,-4.470224976539612,-3.182059943675995,5.987841010093689,27.857286071777366,0.7274618744850158,0.9156662623087565,4.940752824147543,44.51896298969145,1.2098226729313004
2000-08-27,-4.5947524309158325,-0.8187444508075714,5.750481247901916,27.812097167968773,0.6573325594266256,0.8788634141286213,4.728223005930583,33.46493119638416,0.9651652423235214
2000-08-28,-5.056871294975281,-0.4066690560430287,5.797378420829773,27.75471649169924,0.5790094236532847,0.7426071166992186,4.1452263991038,22.477853655013085,0.6644875427200463
2000-08-29,-4.331799387931824,-1.066311612725258,5.310296773910523,27.702172851562523,0.5557168225447338,0.7548063596089681,4.382706960042318,34.27032046018631,0.6285031112281649
2000-08-30,-3.3706013560295105,-1.1150793135166166,4.278984189033508,27.67347106933596,0.5017522076765697,0.6905206044514973,4.401916027069092,45.23388451331662,0.5197829537446715
2000-08-31,-1.6813342869281769,0.4820632189512252,3.764653146266937,27.68201599121096,0.38595854242642724,0.4827448527018229,4.18479323387146,54.3673044965631,0.2787195927540652
2000-09-01,-3.3322255015373226,0.5262645967304707,4.507509708404542,27.720735168457054,0.41367027163505554,0.49288098017374676,4.5638861656188965,42.57820660937095,0.3431938631414694
2000-09-02,-3.9827449321746826,-1.4389994144439697,5.033363342285156,27.77736053466799,0.41740192969640094,0.5938223997751871,3.6827668348948164,45.92096693716779,0.2878424937193772
2000-09-03,-4.271995902061462,-1.825683265924454,5.169342279434204,27.85572204589846,0.45612931251525884,0.6847198009490966,3.7965619564056396,38.71769375563239,0.37794911592533764
2000-09-04,-2.8510796427726746,-1.71787229180336,3.9731174111366268,27.96248016357424,0.3656314611434937,0.5345872243245442,3.570883433024089,41.3178372666696,0.22845367195223004
2000-09-05,0.027282943949103366,-2.911633014678955,3.6047454476356506,28.097329711914085,0.3429691096146901,0.4585149288177491,3.429718017578125,90.96643529145541,0.18230772260143188
2000-09-06,2.332197368144989,-0.2577925361692906,3.205967426300049,28.213006591796898,0.3947022755940755,0.47957253456115717,4.262415250142415,124.1163937716791,0.29167015202947616
2000-09-07,-1.1059500575065613,2.7223150730133057,4.19916832447052,28.27649078369143,0.4083818991978963,0.488282044728597,3.422389666239421,250.7206460717039,0.2551752339850285
2000-09-08,-3.00004106760025,3.7444332838058476,5.834391832351685,28.313699340820335,0.5784038503964741,0.7859597206115724,3.6822274525960283,317.4240372485511,0.6287340111694549
2000-09-09,-2.995899200439453,-0.13492570817470553,3.8566695451736446,28.348863220214866,0.3923744559288025,0.4461957613627116,4.256407260894775,241.3818588057126,0.32564768939329664
2000-09-10,-4.598707675933838,-1.0291399955749512,5.364714622497558,28.401254272460957,0.4846181074778239,0.6282014846801758,4.027973254521688,27.647647755112207,0.4378620499237006
2000-09-11,-4.285487532615662,-0.29094327613711357,4.894632577896118,28.437402343750026,0.464630921681722,0.6269855499267578,4.004186948140462,25.010521737851697,0.40721733644853914
2000-09-12,-3.856785774230957,1.0030233412981033,4.677729606628418,28.430200195312526,0.4137405256430308,0.49936596552530926,3.6077544689178467,10.344660183646019,0.2823022115923157
2000-09-13,-4.762539863586427,0.15201701165642587,5.40121603012085,28.41150054931643,0.4633265336354573,0.6200987497965494,3.8652826944986978,17.92193388291463,0.38522192889289125
2000-09-14,-4.756680250167847,-2.1958086490631104,5.919961452484131,28.4114700317383,0.6241220037142436,0.851992130279541,4.452888011932374,34.69789283326389,0.8069507283517697
2000-09-15,-2.2651156187057495,-5.835350513458252,6.649334788322449,28.45678863525393,0.8398408691088359,0.979100783665975,4.95859416325887,58.849754967446096,1.6082120735337588
2000-09-16,0.8412860706448555,-4.566858649253846,4.766194701194763,28.53064880371096,0.8166646361351014,0.9581806659698486,5.725302855173747,75.89984198320316,1.7621197907506165
2000-09-17,-2.178176671266556,-2.4047433733940125,3.401199698448181,28.59772644042971,0.6263574063777925,0.7467304865519206,6.140675067901611,70.33665548778055,1.1207164979530742
2000-09-18,-4.11492258310318,0.17288610711693764,4.599011540412903,28.657746887207054,0.8322701851526896,0.9439174334208171,7.721510569254558,62.15546967610869,2.4826221823260273
2000-09-19,-5.101151466369629,3.5385402441024785,6.759171128273009,28.70887908935549,0.8506883978843689,1.0277872880299885,6.161943117777506,124.6535629534763,2.0367497425397025
2000-09-20,-3.465910375118256,2.4752200543880463,5.093403935432435,28.746362304687523,0.6386001507441202,0.7786585489908855,4.540733019510904,234.72034424189684,0.8982811900120056
2000-09-21,-4.675210118293762,0.8751345872879029,5.857717156410217,28.740754699707054,0.5652588804562887,0.664003054300944,4.15453044573466,235.9538511276261,0.6154533679084125
2000-09-22,-5.206526398658752,2.1090494394302364,6.528830409049988,28.68673095703127,0.6219988862673441,0.7804675102233888,3.7964785099029545,343.2753813823855,0.7080132068120054
2000-09-23,-5.266127228736878,0.5515104830265045,6.201541304588318,28.6220413208008,0.5843831400076549,0.6882955233256023,4.038860082626343,240.82337957000593,0.6527772962989546
2000-09-24,-5.442257523536682,-1.0172098577022552,6.169791460037232,28.583535766601585,0.6267520984013876,0.8797497749328613,4.259806076685587,23.18315525038969,0.8353319520846342
2000-09-25,-5.567776560783386,-2.0829638838768005,6.4246004819869995,28.60511169433596,0.6667461196581523,0.8961451848347982,4.656578222910563,30.85799008159512,0.9850435783040052
2000-09-26,-4.332522451877594,-3.505083918571472,5.800092458724976,28.68634185791018,0.626953125,0.7831486860911052,5.373322486877441,54.309508158890075,0.9609042522039639
2000-09-27,-2.650079607963562,-1.9764395952224731,4.10959231853485,28.787713623046894,0.9485665162404379,1.0217556953430178,7.876432736714682,101.24443906481844,3.1848285070139735
2000-09-28,-1.8351481258869171,-3.4929803609848022,4.123252987861633,28.88134918212893,0.862710475921631,0.9426776568094889,7.048336187998453,92.84958058480812,2.3580189550007185
2000-09-29,-3.054962158203125,-4.208014249801636,5.4309024810791025,28.942010498046894,0.8417083223660787,0.9315330187479655,6.306381543477377,76.34219826843889,2.0144300168481997
2000-09-30,-4.367330431938172,-3.042290627956391,5.540971398353577,28.944154357910175,0.8898580869038899,0.9542048772176107,7.263077576955159,66.78374517830365,2.5958923142880526
2000-10-01,-4.987159252166748,-4.299227356910706,6.611561417579651,28.90358886718752,1.0188678701718648,1.2239468892415366,7.153275966644286,58.7291646045399,3.40524690962662
2000-10-02,-4.6927701234817505,-4.870303750038147,6.818679213523866,28.837281799316433,1.0053775310516357,1.148827393849691,6.611256917317709,57.24656355700314,3.1033309831768703
2000-10-03,-6.407193303108215,-4.171859502792358,7.7099512815475455,28.733331298828144,1.048828363418579,1.209800402323405,5.834402243296305,48.83123053579976,2.936428299656831
2000-10-04,-7.8987884521484375,2.8572415113449097,9.246305227279663,28.579194641113304,1.4269506533940632,1.7348771890004477,5.539131164550781,229.5682224055472,5.371070437252612
2000-10-05,-5.976868629455566,2.1818427443504333,6.631131529808044,28.36950836181643,0.793747365474701,0.9184606870015461,4.677190939585367,218.71557182167606,1.3923514852869066
2000-10-06,-6.716195464134215,1.509606510400772,7.436697840690612,28.191812133789085,0.8114461104075115,0.9944693247477212,4.411797523498535,235.36268041689323,1.3849922879803112
2000-10-07,-5.976142883300782,-1.8189921081066132,6.651777982711792,28.100030517578148,0.6880813439687093,0.8396263122558594,4.427783409754435,27.12547707120507,1.0188682130213376
2000-10-08,-5.533376932144165,-3.6356016993522644,6.877337336540222,28.038102722167988,0.7914306322733561,1.0474847157796223,4.757051785786946,43.99995862027415,1.3987806902157842
2000-10-09,-6.973397850990296,-7.395175457000732,10.19336938858032,27.951951599121113,1.9367216825485227,2.4253170490264893,8.343012968699137,73.74596726286859,15.70802020453564
2000-10-10,-8.729056119918823,-6.819877982139587,11.10594153404236,27.797921752929707,2.1531138817469277,2.4651697476704917,9.182121912638346,62.077580278040465,19.42315013759869
2000-10-11,-6.835894346237183,-7.19213092327118,9.948586940765379,27.649011230468773,1.6837462584177654,1.966114282608032,7.850529829661052,59.13274932119951,10.247709703836716
2000-10-12,-6.839687347412109,-5.0896220207214355,8.596725940704346,27.574563598632835,1.3437467018763223,1.677436351776123,6.91554037729899,53.0544968476208,5.778047366461797
2000-10-13,-8.08393108844757,-4.360063910484314,9.24569296836853,27.528543090820335,1.394913951555888,1.5964806874593098,6.414415677388509,40.838054730158035,5.954087275118795
2000-10-14,-7.783913493156433,-2.532528042793274,8.3797128200531,27.464776611328144,1.2015079061190286,1.410387357076009,6.378830115000407,35.74159286793222,4.384973306834213
2000-10-15,-7.58051061630249,-2.117677241563797,8.061655282974243,27.34480438232424,1.0663662155469258,1.3510835965474446,5.597221851348877,31.08681539364515,3.0714151770851896
2000-10-16,-6.312039732933044,-1.2333751618862152,6.835420846939088,27.203111267089866,0.7985365390777588,1.0794491767883299,5.081698735555013,28.459458909067205,1.5545785028144001
2000-10-17,-6.208425045013427,-2.451781272888184,6.880473375320435,27.096200561523464,0.7758751908938091,1.017921288808187,4.819612185160318,32.61295590109442,1.3469497180727037
2000-10-18,-4.953841328620911,-3.286056399345398,6.115795135498047,27.017808532714866,0.651565412680308,0.7699437141418457,4.46099837621053,42.38864499284239,0.85350512348262
2000-10-19,-4.868525862693787,-2.8289989233016963,5.756778359413147,26.963700866699238,0.6364925305048624,0.8520340919494629,4.5338700612386065,44.68766198657926,0.8490049516509577
2000-10-20,-4.90565001964569,-2.0498504042625427,5.429890513420105,26.930215454101585,0.5152733027935028,0.6502264340718588,4.083241860071817,37.3563207746353,0.49528435214819605
2000-10-21,-5.566156387329101,-2.0174642205238342,6.229004144668579,26.919427490234398,0.576544443766276,0.7093270619710286,4.00092339515686,33.57175260339284,0.6019288900698158
2000-10-22,-6.473233461380005,-1.1509636640548704,7.106345176696777,26.930718994140648,0.6992619832356771,1.0104467074076335,4.3613442579905195,23.305045759402446,0.9964478969194345
2000-10-23,-8.034028649330137,-3.440758645534515,8.874584436416626,26.952806091308616,1.1321286360422769,1.4744672775268557,5.379691123962402,32.04268956469249,3.2526801074082385
2000-10-24,-7.838317036628723,-4.168327808380127,8.966094017028809,26.976708984375026,1.3664859533309934,1.603719711303711,6.758115132649739,39.43859650166159,5.920057061373217
2000-10-25,-6.8036545515060425,-3.071174740791321,7.5599987506866455,26.988549804687523,1.1893697182337442,1.4468135833740232,7.376006921132406,42.61197754328439,4.889342057125874
2000-10-26,-6.942974925041198,-1.2765561044216156,7.385720372200012,26.96258697509768,1.0365396936734517,1.2591477235158286,6.677781263987224,33.928427860464055,3.4770886133566234
2000-10-27,-6.185842871665955,-1.5794737339019775,6.819578051567078,26.89396057128909,0.8382910291353861,1.0951061248779297,5.5039137204488116,34.78077839257047,1.8087313741283546
2000-10-28,-6.336316704750061,-1.949777573347092,7.088641047477722,26.80689392089846,0.8095929225285847,1.099128246307373,4.781534830729167,31.821175022647633,1.4887792878304176
2000-10-29,-6.297536611557007,-1.2773958146572113,7.054105401039124,26.72565612792971,0.7712378700574238,1.0251166025797527,4.530157725016276,25.304365630572704,1.278078998246076
2000-10-30,-6.1355881690979,-1.973573833703995,6.839432477951051,26.67376861572268,0.7623747984568278,1.0554505983988445,4.803817272186279,30.896926638092655,1.3046819062931858
2000-10-31,-7.74125611782074,-1.4625611901283262,8.274498701095581,26.659036254882835,0.9483207861582439,1.1964488824208577,4.809415976206461,22.142573731057023,2.0648308941999454
2000-11-01,-6.981820583343506,-0.4927528299158439,7.833885550498963,26.66016540527346,0.8874007264773051,1.2179344495137534,4.820565064748129,14.651828454373497,1.8907656456470898
2000-11-02,-7.268604516983033,-0.9469828754663467,7.955618143081665,26.65425262451174,0.9417942365010581,1.3412713209788003,4.967053731282552,19.40250444289173,2.2149351970596713
2000-11-03,-7.65557062625885,-0.6831544488668442,8.394220352172852,26.618913269042995,1.0220895012219746,1.4271669387817383,5.13397232691447,17.710217219632227,2.705847346050563
2000-11-04,-6.560711741447448,-1.5640013217926025,7.263802886009216,26.53216705322268,0.841010808944702,1.1946318944295247,4.931138197580973,25.107119470094915,1.7302248914319764
2000-11-05,-6.285655736923217,-0.41096155467676,7.163196682929993,26.38594970703127,0.7541091243426005,0.9944499333699544,4.489980777104695,15.803578721821415,1.2131330104183387
2000-11-06,-5.125001430511475,2.9729589223861694,7.49734091758728,26.21058044433596,0.9045610825220743,1.2664888699849446,4.511955579121907,332.06711932305257,1.8303578803520753
2000-11-07,-4.797518014907837,2.571730017662048,6.808005332946777,26.043725585937523,0.6852608720461528,0.8930517037709553,4.142430067062378,318.26120774951784,0.9500760643103449
2000-11-08,-5.902761936187744,2.908620655536651,7.308591842651366,25.92322692871096,0.8726155956586202,1.0930787722269693,4.555957158406576,338.12579618026115,1.6801003086639854
2000-11-09,-2.5222679376602173,3.306984901428222,5.6774492263793945,25.882714843750026,0.7278157472610474,1.007407506306966,5.5911971728007,324.5623845261861,1.3877913154018053
2000-11-10,-3.244241952896118,-3.6607223153114323,5.126148819923401,25.901635742187523,1.1364791591962178,1.3563106060028076,8.562461535135904,118.09860703436306,5.092077290128338
2000-11-11,-6.140791177749635,-2.4758225083351135,6.941805362701416,25.943681335449245,0.8868600924809773,1.1613925298055012,6.170961062113444,64.40075436209791,2.2287765342727357
2000-11-12,-5.71029496192932,-1.0655055493116379,6.371478676795959,26.01289520263674,0.6726271708806356,0.89963165918986,4.724665959676107,36.64174137033871,0.9861399054748027
2000-11-13,-5.104545593261719,0.7528871446847915,6.686712384223939,26.113084411621116,0.6993987162907919,0.8520692189534504,4.237442811330159,240.2862826516824,0.9902510864448721
2000-11-14,-2.8970092535018925,-1.293902188539505,4.592043519020081,26.239984130859398,0.5555901328722636,0.8863994280497233,5.90123176574707,53.89745465290006,0.9107828492897231
2000-11-15,-5.200915813446045,-3.572877466678619,6.805349826812744,26.320947265625023,1.3554935455322266,1.5134967168172202,8.772523562113443,91.97884359573645,7.314458782612034
2000-11-16,-5.879361510276794,0.840677484869957,6.964188814163208,26.310899353027366,1.007988452911377,1.382086435953776,6.929160912831623,28.45601824967389,3.5818779415761863
2000-11-17,-4.99343204498291,1.1127557307481764,6.751236915588378,26.251123046875023,0.7096622188886006,0.9110226631164551,4.558305263519287,237.83818942719512,1.0645078483990313
2000-11-18,-4.928488731384277,-0.8014430552721024,6.3236082792282104,26.182824707031273,0.7176507115364076,0.9193431536356608,5.367104212443034,26.24620062340896,1.2333839376672118
2000-11-19,-1.528479516506195,0.6447525583207606,5.37760591506958,26.14168701171877,0.7165907025337219,0.8346867561340332,7.8203919728597,55.025855412571275,1.8631148435940796
2000-11-20,-3.7258347272872925,-7.46770715713501,8.531532049179077,26.122094726562523,1.3239754438400269,1.9457769393920898,7.321290175120036,92.3834586133705,6.5484182182063195
2000-11-21,-8.415370941162111,-9.499490976333618,12.77116322517395,26.08948669433596,2.345303893089294,2.720401604970296,7.929769515991211,61.97350071988633,19.77290805399676
2000-11-22,-9.265971422195435,-5.43830132484436,10.763864278793335,26.034356689453144,1.870914419492086,2.314599434534709,7.872913837432861,46.622311255575,12.941686993325908
2000-11-23,-6.338463544845581,-0.9128566086292267,6.703741192817687,25.94671783447268,1.0501118501027424,1.4872679710388184,7.113313992818197,37.35722729417728,3.802129520350585
2000-11-24,-3.9128344655036926,3.385997772216797,7.1162720918655396,25.82053527832034,0.8931903044382731,1.094620625178019,4.976743857065836,343.32684807419787,1.8508844843745882
2000-11-25,-1.1968554556369784,-4.180287599563599,4.570569634437561,25.678315734863304,0.6527359485626221,1.0913315614064536,6.772686958312988,80.22457400509471,1.5281142440304596
2000-11-26,-3.6487653255462646,-6.119162917137146,7.243699908256531,25.54657897949221,1.0488778352737427,1.4120043913523357,6.848258813222249,94.68411642761805,3.3046347827209184
2000-11-27,-6.190469264984132,-5.944138526916504,8.62679100036621,25.424890136718773,1.1958879629770913,1.4350964228312175,5.527249177296956,62.50594607372456,3.559295224735202
2000-11-28,-7.006472587585448,-3.2007083892822266,7.836191773414612,25.31037292480471,0.9940460721651713,1.326204458872477,5.475062529246012,40.87570325678162,2.538091764395279
2000-11-29,-6.494890213012695,-2.5064104795455933,7.287079334259033,25.20508728027346,0.887550969918569,1.27692977587382,5.080394744873047,34.23747288009779,1.9539305159121088
2000-11-30,-6.194255709648131,-5.849486112594604,8.531216144561768,25.143655395507835,1.1009901762008667,1.3139761288960774,5.3849077224731445,48.024845431616875,3.030772693969024
2000-12-01,-6.422230362892151,-4.6283241510391235,7.973705291748047,25.13611755371096,1.1288226048151653,1.3220895926157634,6.332788944244386,45.27652580546038,3.7455852933653735
2000-12-02,-5.0933157205581665,-6.586980700492859,8.351625680923462,25.14642486572268,1.105014681816101,1.1689173380533855,5.695234457651774,53.647244188429795,3.1902298932034525
2000-12-03,-5.222837328910827,-6.131778955459594,8.09379756450653,25.13715515136721,1.18998392422994,1.5931411584218342,6.232473373413087,62.54733185668488,4.164175348148804
2000-12-04,-5.888421297073364,-6.305420637130737,8.651217937469482,25.07702789306643,1.5328266620635986,1.6993284225463867,7.76725975672404,71.98281878339606,8.22473006216234
2000-12-05,-6.430824160575866,-7.214304804801941,9.710794925689695,24.960160827636738,1.5205185810724895,1.645155906677246,6.631545861562093,59.82935779934979,6.936400823040915
2000-12-06,-3.6431193351745605,-3.631878018379212,5.2419668436050415,24.820710754394554,0.9781312346458434,1.4451159636179605,6.628009001413981,67.0073339759931,3.029107094481203
2000-12-07,1.528889209032059,-2.5248851776123047,5.176159381866455,24.68562469482424,0.8248556852340699,1.245301087697347,6.404050191243489,93.70887415223078,2.11887541946458
2000-12-08,2.1039279401302338,-1.9781824946403501,3.1835632324218754,24.581163024902366,1.10700124502182,1.2969113190968833,8.3151003519694,123.50393467446213,4.670615783796946
2000-12-09,-2.573967933654785,-3.3559093475341797,4.332191109657288,24.530793762207058,0.6402328014373779,0.8198455174763997,6.525721549987792,103.14914141136086,1.2550578816186666
2000-12-10,-5.379136919975281,-2.2863893508911133,6.148744702339172,24.50957641601565,0.5962498784065245,0.745252768198649,4.401739597320557,54.49255066645192,0.6923087381131193
2000-12-11,-5.780544877052307,-1.610995888710022,6.503675222396851,24.49682769775393,0.6403419971466063,0.8891614278157551,4.280713240305583,31.11835938621725,0.845148428612233
2000-12-12,-6.386019825935364,-1.656740814447403,6.941277265548706,24.517419433593776,0.6580617030461628,0.8971672058105469,4.130279064178467,28.760316514648764,0.8333258765397308
2000-12-13,-5.817719221115112,-0.6643014214932919,6.398032546043396,24.59696350097658,0.7834948499997457,1.025681972503662,5.692228953043619,38.267516594209404,1.5626904020825587
2000-12-14,-5.766863942146301,-0.5143427886068821,6.589755415916443,24.755143737792988,0.7253233989079794,0.8489898045857748,5.894456068674724,33.02270013603064,1.4163148393631786
2000-12-15,-5.521434783935548,-2.090829849243164,6.348533630371094,24.956750488281276,0.7243201931317648,0.9640935262044271,4.811182975769042,35.73018880128858,1.1744136886526153
2000-12-16,-4.1488030552864075,-0.2404121523723006,5.616679430007935,25.128633117675804,0.5977140863736471,0.728588342666626,4.7121357917785645,27.02891599500507,0.7942130240340001
2000-12-17,-4.981872320175171,-7.430770754814147,9.082943201065063,25.231439208984394,1.2810536225636802,2.45027494430542,5.2153065999348955,65.04821307235389,6.937165151378948
2000-12-18,-7.112473130226135,-2.9883245825767513,7.915368914604188,25.222993469238308,1.5952017704645796,2.2979749043782554,8.675612449645996,71.22523476822808,10.87561953279314
2000-12-19,-2.854531764984131,-8.830895185470581,9.6237313747406,25.069070434570335,1.7130435307820637,3.2465431690216064,7.181831041971843,77.63330277193757,14.43266969787685
2000-12-20,-3.3951746225357056,-6.271784782409668,7.710076689720154,24.80238494873049,2.137814164161682,3.121323188145955,10.020515441894531,99.23696552129208,22.293142808087755
2000-12-21,-7.282587766647339,0.24438413977622986,7.774033427238464,24.49263153076174,1.100809673468272,1.3226092656453452,6.962074915568034,45.29401571842,4.05332489051367
2000-12-22,-6.445786714553832,-5.254969716072082,8.415911436080933,24.162225341796898,1.0173864364624023,1.2319227059682212,4.867831707000732,44.53025923372297,2.3233546290145424
2000-12-23,-6.506160020828247,-3.8455914855003357,7.594717144966126,23.835557556152366,1.3659172852834067,1.4554540316263833,8.288986206054688,67.37148381557282,7.08333960834329
2000-12-24,-6.457666873931886,-6.094388842582703,8.913620233535767,23.54328308105471,1.3459004958470662,1.4666883945465088,6.568188031514485,54.02071276297575,5.544850176423586
2000-12-25,-7.00897741317749,-3.7142675518989563,8.010358452796936,23.40647277832033,1.2033038139343264,1.400728702545166,7.107199509938558,45.937604593024936,4.772462846371075
2000-12-26,-7.1889729499816895,-1.7809654176235201,7.638913512229919,23.45900115966799,1.149397055308024,1.367310206095378,7.62709379196167,37.36916110012051,4.707416620810361
2000-12-27,-4.352644681930542,-0.4954532794654369,5.325743317604065,23.59446105957033,0.9174564480781555,1.1510448455810547,8.362045923868815,39.122541942922,3.3823814934634555
2000-12-28,1.406448096036911,-5.9785038232803345,6.516129970550537,23.70906982421877,1.1805460453033447,2.0425048669179278,7.863632678985596,92.1751198537697,5.83331565374589
2000-12-29,3.6379215121269226,-6.465541124343872,7.448835372924805,23.707994079589866,1.6643426418304443,1.986013968785604,8.84841537475586,122.40155052235954,11.046964080240857
2000-12-30,-1.2244081646203995,-8.131795525550842,8.474380493164062,23.60412750244143,1.4901644786198935,1.6689173380533855,7.355573495229086,99.87727389523279,7.286753715975011
2000-12-31,-4.943652987480164,-5.650729179382324,7.6328582763671875,23.47281799316409,1.2699707349141438,1.3740514119466145,7.520837942759195,79.90084124890528,5.438557812188653
