date,t2m_c_c1,t2m_min_c_c1,t2m_max_c_c1,skin_t_c_c1,precip_mm_c1,evap_mm_c1,pot_evap_mm_c1,evap_gap_mm_c1,t2m_c_c2,t2m_min_c_c2,t2m_max_c_c2,skin_t_c_c2,precip_mm_c2,evap_mm_c2,pot_evap_mm_c2,evap_gap_mm_c2
1995-01-01,24.36743910801699,20.87245236484461,28.645758641408534,24.90685804214116,0.03407443834686072,0.3488484908494994,22.848113476390267,22.49926498554076,24.36743910801699,20.87245236484461,28.645758641408534,24.90685804214116,0.03407443834686072,0.3488484908494994,22.848113476390267,22.49926498554076
1995-01-02,24.513084171013485,22.46261686652253,28.203812179753502,24.919137950367418,0.3214009013510523,0.36477344323837985,22.118721460426887,21.753948017188502,24.513084171013485,22.46261686652253,28.203812179753502,24.919137950367418,0.3214009013510523,0.36477344323837985,22.118721460426887,21.753948017188502
1995-01-03,24.591301526594503,21.948626341354476,28.95397869350619,25.259341099761382,0.7694335618292878,0.5818422596380716,17.148354812779445,16.566512553141372,24.591301526594503,21.948626341354476,28.95397869350619,25.259341099761382,0.7694335618292878,0.5818422596380716,17.148354812779445,16.566512553141372
1995-01-04,24.11964966103385,22.38875150341259,27.99312042204075,24.440613041011364,2.6342398518195824,1.3687060322506233,11.700106891644342,10.331400859393716,24.11964966103385,22.38875150341259,27.99312042204075,24.440613041011364,2.6342398518195824,1.3687060322506233,11.700106891644342,10.331400859393716
1995-01-05,24.165186953032286,22.0828317769189,28.765147292945645,24.42444975529256,2.2141737547386446,1.4216360646224897,11.123015211685814,9.701379147063319,24.165186953032286,22.0828317769189,28.765147292945645,24.42444975529256,2.2141737547386446,1.4216360646224897,11.123015211685814,9.701379147063319
1995-01-06,25.312137737813945,22.019925626544428,31.514479324539625,25.301710353536514,2.2826551711029675,1.8041795739650137,23.70494119914831,21.900761625183296,25.312137737813945,22.019925626544428,31.514479324539625,25.301710353536514,2.2826551711029675,1.8041795739650137,23.70494119914831,21.900761625183296
1995-01-07,26.0544323221037,22.994985460991458,28.847341186910377,26.713510600107107,0.02007813636750224,0.6273229219027285,22.29728679100196,21.669963869099227,26.0544323221037,22.994985460991458,28.847341186910377,26.713510600107107,0.02007813636750224,0.6273229219027285,22.29728679100196,21.669963869099227
1995-01-08,25.43298307743315,23.479957821890643,28.66024768664067,25.820926928410977,0.14059434540887328,0.5675092714800303,25.342902671854105,24.775393400374078,25.43298307743315,23.479957821890643,28.66024768664067,25.820926928410977,0.14059434540887328,0.5675092714800303,25.342902671854105,24.775393400374078
1995-01-09,25.015492086577428,22.160722858983846,29.52531243055875,25.489182049217327,0.20151116166980051,0.6884155639484336,31.598496201929375,30.91008063798095,25.015492086577428,22.160722858983846,29.52531243055875,25.489182049217327,0.20151116166980051,0.6884155639484336,31.598496201929375,30.91008063798095
1995-01-10,23.526174863873713,19.440344237206272,28.579101613022186,23.96112918430497,0.0017106532936850272,0.5430057106848626,36.59412295791455,36.05111724722967,23.526174863873713,19.440344237206272,28.579101613022186,23.96112918430497,0.0017106532936850272,0.5430057106848626,36.59412295791455,36.05111724722967
1995-01-11,23.24137925549662,18.860135603606057,28.554549904312985,23.69477108812847,0.0012851590440732252,0.47679291070347374,36.10979687709881,35.63300396639534,23.24137925549662,18.860135603606057,28.554549904312985,23.69477108812847,0.0012851590440732252,0.47679291070347374,36.10979687709881,35.63300396639534
1995-01-12,24.321549575956116,19.663779335787833,30.87820521318054,24.727657216578134,8.553266184208042E-4,0.43925571387588397,35.6650618667668,35.22580615289092,24.321549575956116,19.663779335787833,30.87820521318054,24.727657216578134,8.553266184208042E-4,0.43925571387588397,35.6650618667668,35.22580615289092
1995-01-13,25.947176210413133,22.82348364292206,31.7866123566286,26.401707097226346,0.6227545237097475,0.547412682525412,34.515250184221884,33.967837501696465,25.947176210413133,22.82348364292206,31.7866123566286,26.401707097226346,0.6227545237097475,0.547412682525412,34.515250184221884,33.967837501696465
1995-01-14,23.100971722129817,20.526712052256887,25.49830584121274,23.080463380221307,8.296650976585608,2.143309681599893,22.431474825936164,20.28816514433627,23.100971722129817,20.526712052256887,25.49830584121274,23.080463380221307,8.296650976585608,2.143309681599893,22.431474825936164,20.28816514433627
1995-01-15,22.116822612718067,20.3478871817486,24.371315227641524,22.393079997223186,4.261732087229575E-4,1.0717209866818254,41.95914587039433,40.8874248837125,22.116822612718067,20.3478871817486,24.371315227641524,22.393079997223186,4.261732087229575E-4,1.0717209866818254,41.95914587039433,40.8874248837125
1995-01-16,21.208039947103124,16.258453967882804,26.362427775781686,21.238294879715774,8.52346317969932E-4,0.9107747885774833,24.22959037064749,23.318815582070002,21.208039947103124,16.258453967882804,26.362427775781686,21.238294879715774,8.52346317969932E-4,0.9107747885774833,24.22959037064749,23.318815582070002
1995-01-17,22.65266165680156,18.314500300940484,30.322323958829177,22.90029461430574,0.0017225742112714215,0.8720969131748498,34.39210417479349,33.52000726161864,22.65266165680156,18.314500300940484,30.322323958829177,22.90029461430574,0.0017225742112714215,0.8720969131748498,34.39210417479349,33.52000726161864
1995-01-18,25.275754856836503,21.33694726420604,31.73928580074163,25.61822721452886,8.760035257182608E-4,0.8058224431711123,37.34591068170489,36.54008823853378,25.275754856836503,21.33694726420604,31.73928580074163,25.61822721452886,8.760035257182608E-4,0.8058224431711123,37.34591068170489,36.54008823853378
1995-01-19,24.320792861307897,22.13954009096062,27.110120597428132,24.695282557873742,0.6816766152436762,0.6726725445551827,18.340403595286467,17.667731050731284,24.320792861307897,22.13954009096062,27.110120597428132,24.695282557873742,0.6816766152436762,0.6726725445551827,18.340403595286467,17.667731050731284
1995-01-20,21.606459100097748,20.118222261961566,23.962136658080276,22.036656117033413,0.0018553577133707648,0.4947410637920236,32.56650540128734,32.07176433749531,21.606459100097748,20.118222261961566,23.962136658080276,22.036656117033413,0.0018553577133707648,0.4947410637920236,32.56650540128734,32.07176433749531
1995-01-21,21.315464869785025,19.18339256617163,24.913566798431468,21.64763828925692,5.6843418860808015E-11,0.4409970974798307,29.233567471779654,28.79257037429983,21.315464869785025,19.18339256617163,24.913566798431468,21.64763828925692,5.6843418860808015E-11,0.4409970974798307,29.233567471779654,28.79257037429983
1995-01-22,23.07348123594986,19.67788576110643,28.43681957517634,23.47727286959244,0.0,0.47814735618537046,31.346456394748976,30.868309038563606,23.07348123594986,19.67788576110643,28.43681957517634,23.47727286959244,0.0,0.47814735618537046,31.346456394748976,30.868309038563606
1995-01-23,24.12586344994046,21.551326112925192,27.942419201406413,24.69959661477714,0.9269191254929223,0.7051181280411392,19.941936988106658,19.236818860065522,24.12586344994046,21.551326112925192,27.942419201406413,24.69959661477714,0.9269191254929223,0.7051181280411392,19.941936988106658,19.236818860065522
1995-01-24,22.74888481524423,20.722238659027266,25.78834035133715,23.17095773116212,0.21991271201076362,0.5743140423642198,31.695455997688917,31.121141955324692,22.74888481524423,20.722238659027266,25.78834035133715,23.17095773116212,0.21991271201076362,0.5743140423642198,31.695455997688917,31.121141955324692
1995-01-25,22.426191490883745,19.789610598497944,26.703360752859478,22.801900999493096,0.0,0.4241333027180333,38.78780666183694,38.363673359118906,22.426191490883745,19.789610598497944,26.703360752859478,22.801900999493096,0.0,0.4241333027180333,38.78780666183694,38.363673359118906
1995-01-26,23.167375448929484,19.231451302071825,28.483110355432228,23.662978037733005,4.410743663640915E-4,0.46733163583232445,39.12412949685857,38.65679786102624,23.167375448929484,19.231451302071825,28.483110355432228,23.662978037733005,4.410743663640915E-4,0.46733163583232445,39.12412949685857,38.65679786102624
1995-01-27,24.268285457883803,19.79799677844445,30.49739273248647,24.739032780655283,8.583068797918258E-4,0.4230519004137256,38.06402948371706,37.640977583303325,24.268285457883803,19.79799677844445,30.49739273248647,24.739032780655283,8.583068797918258E-4,0.4230519004137256,38.06402948371706,37.640977583303325
1995-01-28,25.607473905195487,21.2949271604854,30.507086417052665,26.236337815504562,4.351138045421976E-4,0.367947500140031,34.171804121763344,33.803856621623325,25.607473905195487,21.2949271604854,30.507086417052665,26.236337815504562,4.351138045421976E-4,0.367947500140031,34.171804121763344,33.803856621623325
1995-01-29,25.045725509842374,22.54359070770162,28.985446535696937,25.69902443683696,0.15930453933025446,0.30988389340745337,18.033098884769288,17.723214991361832,25.045725509842374,22.54359070770162,28.985446535696937,25.69902443683696,0.15930453933025446,0.30988389340745337,18.033098884769288,17.723214991361832
1995-01-30,22.854596510669083,21.504311650065517,24.819539872102602,23.13889408785655,1.713297177301657,1.017122225676489,18.78879000946181,17.77166778378532,22.854596510669083,21.504311650065517,24.819539872102602,23.13889408785655,1.713297177301657,1.017122225676489,18.78879000946181,17.77166778378532
1995-01-31,20.98215852934272,20.364066577251602,22.11306980585872,21.23797787689495,0.4361319149325705,0.43815892555840447,31.269248526421343,30.831089600862946,20.98215852934272,20.364066577251602,22.11306980585872,21.23797787689495,0.4361319149325705,0.43815892555840447,31.269248526421343,30.831089600862946
1995-02-01,21.328726398109215,18.466510958938592,26.146970906245823,21.95322862154616,8.52346317969932E-4,0.38416690234778494,24.281694477357753,23.897527575009967,21.328726398109215,18.466510958938592,26.146970906245823,21.95322862154616,8.52346317969932E-4,0.38416690234778494,24.281694477357753,23.897527575009967
1995-02-02,22.94654091148296,19.664449588443716,28.525594376862607,23.503870571719233,0.0012766700479005522,0.33911995067483885,30.729405109564908,30.39028515889006,22.94654091148296,19.664449588443716,28.525594376862607,23.503870571719233,0.0012766700479005522,0.33911995067483885,30.729405109564908,30.39028515889006
1995-02-03,23.924548007149422,20.085048036753317,30.159148371240583,24.628645576691177,0.0012874602930423862,0.3253593319169481,30.422112413404182,30.096753081487236,23.924548007149422,20.085048036753317,30.159148371240583,24.628645576691177,0.0012874602930423862,0.3253593319169481,30.422112413404182,30.096753081487236
1995-02-04,22.95691824381494,21.38786209176312,25.071156803895605,23.283633313207527,0.818259492333348,0.7334744840513951,26.248412328145996,25.5149378440946,22.95691824381494,21.38786209176312,25.071156803895605,23.283633313207527,0.818259492333348,0.7334744840513951,26.248412328145996,25.5149378440946
1995-02-05,20.046261768177615,18.299169420952413,22.967204027219537,20.783166014136167,0.0017095914586207073,0.260033890442262,31.776737798347828,31.516703907905555,20.046261768177615,18.299169420952413,22.967204027219537,20.783166014136167,0.0017095914586207073,0.260033890442262,31.776737798347828,31.516703907905555
1995-02-06,20.010948494811235,16.47294546505561,25.114474555025925,20.607536511333347,8.583068620282575E-4,0.2529254283555254,27.03823404292816,26.785308614572653,20.010948494811235,16.47294546505561,25.114474555025925,20.607536511333347,8.583068620282575E-4,0.2529254283555254,27.03823404292816,26.785308614572653
1995-02-07,21.86254940671201,17.68075296227968,28.719653538525506,22.526595021626726,0.0,0.2719661369841045,32.059361926578795,31.7873957895947,21.86254940671201,17.68075296227968,28.719653538525506,22.526595021626726,0.0,0.2719661369841045,32.059361926578795,31.7873957895947
1995-02-08,22.84261843269391,19.628388307899908,26.8320613182527,23.40881099470268,8.52346317969932E-4,0.18991248904556482,28.52174897677212,28.33183648772655,22.84261843269391,19.628388307899908,26.8320613182527,23.40881099470268,8.52346317969932E-4,0.18991248904556482,28.52174897677212,28.33183648772655
1995-02-09,22.39639246520607,19.5770128734517,27.728323282562243,23.094544463579183,0.0037245659729089903,0.20492389567219985,32.330387167294035,32.12546327162183,22.39639246520607,19.5770128734517,27.728323282562243,23.094544463579183,0.0037245659729089903,0.20492389567219985,32.330387167294035,32.12546327162183
1995-02-10,23.856614979099817,19.226294261345153,31.191692632585763,24.450919540546842,0.0012874602930423862,0.21488221894323764,37.200639996049084,36.98575777710585,23.856614979099817,19.226294261345153,31.191692632585763,24.450919540546842,0.0012874602930423862,0.21488221894323764,37.200639996049084,36.98575777710585
1995-02-11,25.577737273802718,20.179014895372937,32.48119952399021,26.15328564533573,8.523463748133508E-4,0.19901988003698184,43.27235021571031,43.073330335673326,25.577737273802718,20.179014895372937,32.48119952399021,26.15328564533573,8.523463748133508E-4,0.19901988003698184,43.27235021571031,43.073330335673326
1995-02-12,25.03055747425085,21.422308966625526,30.755291200901794,25.56743572302743,0.009717842375258136,0.15660869590767504,18.485848901136606,18.329240205228935,25.03055747425085,21.422308966625526,30.755291200901794,25.56743572302743,0.009717842375258136,0.15660869590767504,18.485848901136606,18.329240205228935
1995-02-13,25.513341845594972,22.800327455010667,31.750570382027135,26.389684067005405,0.01558650121333204,0.15022096202150112,21.32024165136624,21.17002068934473,25.513341845594972,22.800327455010667,31.750570382027135,26.389684067005405,0.01558650121333204,0.15022096202150112,21.32024165136624,21.17002068934473
1995-02-14,26.015948470517568,22.655211985266565,32.292769855796166,26.73964219791479,0.004409076268530043,0.1400440462870512,25.969744195775192,25.82970014948814,26.015948470517568,22.655211985266565,32.292769855796166,26.73964219791479,0.004409076268530043,0.1400440462870512,25.969744195775192,25.82970014948814
1995-02-15,27.45875219188549,22.697433167471306,34.766821390106905,27.85614080958718,0.0014351589356920158,0.1422664391381423,42.91679131214195,42.77452487300381,27.45875219188549,22.697433167471306,34.766821390106905,27.85614080958718,0.0014351589356920158,0.1422664391381423,42.91679131214195,42.77452487300381
1995-02-16,28.21503817562888,23.42667119589516,34.58662676513925,28.78304665894586,0.010484549393742885,0.1460006201391112,48.21943173099042,48.07343111085129,28.21503817562888,23.42667119589516,34.58662676513925,28.78304665894586,0.010484549393742885,0.1460006201391112,48.21943173099042,48.07343111085129
1995-02-17,27.492025592952242,23.22781768938565,31.862278799693183,28.29208954952969,0.0017106532936850272,0.11714202177675725,38.35232705717651,38.23518503539973,27.492025592952242,23.22781768938565,31.862278799693183,28.29208954952969,0.0017106532936850272,0.11714202177675725,38.35232705717651,38.23518503539973
1995-02-18,26.23899532612376,23.341138061867372,30.692643181510874,27.153969665523807,0.4536655629573439,0.17800711340711498,22.201929736112195,22.023922622705072,26.23899532612376,23.341138061867372,30.692643181510874,27.153969665523807,0.4536655629573439,0.17800711340711498,22.201929736112195,22.023922622705072
1995-02-19,25.96564952442316,23.485075519772682,30.726354608539072,26.636658181457832,0.7626369219516302,0.6645385785452826,21.28226206877065,20.617723490225355,25.96564952442316,23.485075519772682,30.726354608539072,26.636658181457832,0.7626369219516302,0.6645385785452826,21.28226206877065,20.617723490225355
1995-02-20,24.410952426318786,22.8758963794177,26.10950182370204,24.99456583421467,0.48134697073000454,0.384543376786791,19.594945134244025,19.210401757457234,24.410952426318786,22.8758963794177,26.10950182370204,24.99456583421467,0.48134697073000454,0.384543376786791,19.594945134244025,19.210401757457234
1995-02-21,22.042968888309122,20.399390598685404,24.39524699631351,22.62720050088426,0.0045309449394060515,0.15104957634806837,36.25028929992979,36.099239723581725,22.042968888309122,20.399390598685404,24.39524699631351,22.62720050088426,0.0045309449394060515,0.15104957634806837,36.25028929992979,36.099239723581725
1995-02-22,22.961558456662722,19.20442829837506,27.871949270906082,23.63216632772705,0.0,0.18026826981298932,31.880839137008124,31.700570867195133,22.961558456662722,19.20442829837506,27.871949270906082,23.63216632772705,0.0,0.18026826981298932,31.880839137008124,31.700570867195133
1995-02-23,23.53653803139326,19.548652089418894,29.124935247697326,24.29309011456893,0.0012934207802572928,0.16710225180416044,43.87438404083503,43.70728178903086,23.53653803139326,19.548652089418894,29.124935247697326,24.29309011456893,0.0012934207802572928,0.16710225180416044,43.87438404083503,43.70728178903086
1995-02-24,23.588019350452107,20.0313392168873,28.18624686267682,24.24096157010818,0.0,0.13184738904762622,39.10538049263196,38.97353310358431,23.588019350452107,20.0313392168873,28.18624686267682,24.24096157010818,0.0,0.13184738904762622,39.10538049263196,38.97353310358431
1995-02-25,23.576959019797957,20.298762485870924,28.161035124001728,24.172801245760763,0.0,0.11968490965834964,40.05504010344274,39.93535519378438,23.576959019797957,20.298762485870924,28.161035124001728,24.172801245760763,0.0,0.11968490965834964,40.05504010344274,39.93535519378438
1995-02-26,23.88066893341653,19.739694315986554,29.761252883421978,24.56434356512083,8.52346317969932E-4,0.11890651359655523,43.20750230422696,43.08859579063041,23.88066893341653,19.739694315986554,29.761252883421978,24.56434356512083,8.52346317969932E-4,0.11890651359655523,43.20750230422696,43.08859579063041
1995-02-27,25.004254516945505,20.811674006651174,31.038745485892232,25.75367270775683,8.605000942907282E-4,0.1065538465903233,37.27855836213495,37.17200451554462,25.004254516945505,20.811674006651174,31.038745485892232,25.75367270775683,8.605000942907282E-4,0.1065538465903233,37.27855836213495,37.17200451554462
1995-02-28,26.013731369765583,22.168294787163344,32.33949376744838,26.8717830115562,0.0012932640061080747,0.0931788754215455,31.88932430118522,31.796145425763672,26.013731369765583,22.168294787163344,32.33949376744838,26.8717830115562,0.0012932640061080747,0.0931788754215455,31.88932430118522,31.796145425763672
1995-03-01,25.585539349785215,23.07288449762064,28.91970808748707,26.49893085183687,0.21931079038755522,0.1691019824532481,22.762821917069463,22.593719934616214,25.585539349785215,23.07288449762064,28.91970808748707,26.49893085183687,0.21931079038755522,0.1691019824532481,22.762821917069463,22.593719934616214
1995-03-02,24.388708535329055,22.533097680801614,27.898309611031216,24.942289325677788,0.23877346188134396,0.218942310686009,25.253434950573077,25.034492639887073,24.388708535329055,22.533097680801614,27.898309611031216,24.942289325677788,0.23877346188134396,0.218942310686009,25.253434950573077,25.034492639887073
1995-03-03,24.198515618165207,20.87760885197662,29.144887407013243,24.91157084800168,8.523463748133508E-4,0.09788784509122515,32.08470564727925,31.986817802188042,24.198515618165207,20.87760885197662,29.144887407013243,24.91157084800168,8.523463748133508E-4,0.09788784509122515,32.08470564727925,31.986817802188042
1995-03-04,24.586791560329868,20.369707459721486,30.754130748226025,25.2852247254508,0.002565614579452813,0.0949561347913977,35.56788223295322,35.47292609816182,24.586791560329868,20.369707459721486,30.754130748226025,25.2852247254508,0.002565614579452813,0.0949561347913977,35.56788223295322,35.47292609816182
1995-03-05,26.314311558749253,21.683327602105607,32.439790422171455,27.05090732840962,8.702278364580707E-4,0.09847349149685755,44.00169600868105,43.90322251718421,26.314311558749253,21.683327602105607,32.439790422171455,27.05090732840962,8.702278364580707E-4,0.09847349149685755,44.00169600868105,43.90322251718421
1995-03-06,27.0344403944455,22.671317161460575,33.13240029985692,27.72092127502694,0.07398420759135882,0.11523398162299113,40.673017370612655,40.55778338898964,27.0344403944455,22.671317161460575,33.13240029985692,27.72092127502694,0.07398420759135882,0.11523398162299113,40.673017370612655,40.55778338898964
1995-03-07,28.527008264149078,24.23169212112879,35.556348442031904,29.258575186304444,0.39154426779792134,0.1479898775918209,44.44618342301928,44.29819354542745,28.527008264149078,24.23169212112879,35.556348442031904,29.258575186304444,0.39154426779792134,0.1479898775918209,44.44618342301928,44.29819354542745
1995-03-08,25.65389227984142,22.04738379327622,29.884921633353184,25.97271909119165,3.901746851139197,2.0251692626684337,28.502305470309896,26.47713620764146,25.65389227984142,22.04738379327622,29.884921633353184,25.97271909119165,3.901746851139197,2.0251692626684337,28.502305470309896,26.47713620764146
1995-03-09,21.078244713414573,19.300089151315895,23.651621284229524,21.47616851271853,0.7007122407206431,0.6442777366338373,44.561868800521516,43.917591063887684,21.078244713414573,19.300089151315895,23.651621284229524,21.47616851271853,0.7007122407206431,0.6442777366338373,44.561868800521516,43.917591063887684
1995-03-10,21.61162903631075,19.63078528145911,25.25045252548379,22.080583795796326,0.09088280157943165,0.4191502138799076,42.23262999953415,41.813479785654245,21.61162903631075,19.63078528145911,25.25045252548379,22.080583795796326,0.09088280157943165,0.4191502138799076,42.23262999953415,41.813479785654245
1995-03-11,23.15179749843005,19.81937224041115,28.501429157854968,23.85566518576872,8.700295666130842E-4,0.3584305433980928,37.77670192913758,37.41827138573947,23.15179749843005,19.81937224041115,28.501429157854968,23.85566518576872,8.700295666130842E-4,0.3584305433980928,37.77670192913758,37.41827138573947
1995-03-12,24.609215983648074,20.43876576143149,30.353747142591498,25.29877350468916,8.612871056357108E-4,0.3199455747856519,36.170317722840714,35.85037214805507,24.609215983648074,20.43876576143149,30.353747142591498,25.29877350468916,8.612871056357108E-4,0.3199455747856519,36.170317722840714,35.85037214805507
1995-03-13,26.19228899894057,21.902860680580428,32.533225889027825,26.790427730211437,0.025769425711998417,0.2893773063376949,42.96451297107403,42.67513566473633,26.19228899894057,21.902860680580428,32.533225889027825,26.790427730211437,0.025769425711998417,0.2893773063376949,42.96451297107403,42.67513566473633
1995-03-14,26.11741160161765,22.757803977866832,30.850672789516853,26.784700473087984,2.1260762013109185,1.0198592948069576,32.908727886308114,31.88886859150115,26.11741160161765,22.757803977866832,30.850672789516853,26.784700473087984,2.1260762013109185,1.0198592948069576,32.908727886308114,31.88886859150115
1995-03-15,24.192621437691788,21.360578576088248,29.507874821860693,25.077999378037344,0.3059462379426678,0.6446163338983336,18.667569609018393,18.022953275120063,24.192621437691788,21.360578576088248,29.507874821860693,25.077999378037344,0.3059462379426678,0.6446163338983336,18.667569609018393,18.022953275120063
1995-03-16,22.026172384342978,19.168129692332897,24.60516314101744,22.027952368802257,24.23384872781175,3.211494204537386,11.044994770808719,7.83350056627133,22.026172384342978,19.168129692332897,24.60516314101744,22.027952368802257,24.23384872781175,3.211494204537386,11.044994770808719,7.83350056627133
1995-03-17,22.665908600190374,20.830560485474326,25.82822048916867,22.821919864503652,2.5609464586792416,2.8130674472930925,17.205932624073835,14.39286517678074,22.665908600190374,20.830560485474326,25.82822048916867,22.821919864503652,2.5609464586792416,2.8130674472930925,17.205932624073835,14.39286517678074
1995-03-18,22.305693645461655,20.401356880964588,24.822496975975618,22.79132989133431,9.801825307278228E-4,1.5805158803489434,26.370990936102768,24.790475055753816,22.305693645461655,20.401356880964588,24.822496975975618,22.79132989133431,9.801825307278228E-4,1.5805158803489434,26.370990936102768,24.790475055753816
1995-03-19,22.449377949136814,20.664861242516654,25.33454898459338,22.856654742291227,4.351138045421976E-4,1.68866015001003,33.685133687813284,31.996473537803254,22.449377949136814,20.664861242516654,25.33454898459338,22.856654742291227,4.351138045421976E-4,1.68866015001003,33.685133687813284,31.996473537803254
1995-03-20,22.709627086903243,18.22835599839495,29.084405619697467,23.169597962009888,0.0025778999770409428,1.777945340595622,29.707781393139992,27.929836052544374,22.709627086903243,18.22835599839495,29.084405619697467,23.169597962009888,0.0025778999770409428,1.777945340595622,29.707781393139992,27.929836052544374
1995-03-21,24.901295884999005,20.344839960187585,31.754988158878643,25.449170382487228,4.351138045421976E-4,1.6580398252556,33.81780031891344,32.15976049365785,24.901295884999005,20.344839960187585,31.754988158878643,25.449170382487228,4.351138045421976E-4,1.6580398252556,33.81780031891344,32.15976049365785
1995-03-22,26.604676645065567,22.22197228862011,33.13595386167859,27.197987726230973,5.6843418860808015E-11,1.6296156814932696,38.95987322283025,37.330257541337,26.604676645065567,22.22197228862011,33.13595386167859,27.197987726230973,5.6843418860808015E-11,1.6296156814932696,38.95987322283025,37.330257541337
1995-03-23,27.35098667657618,22.59828015871974,33.7239625044631,27.96557084970715,0.002139806611012318,1.5057634946723857,42.442979121153606,40.937215626481205,27.35098667657618,22.59828015871974,33.7239625044631,27.96557084970715,0.002139806611012318,1.5057634946723857,42.442979121153606,40.937215626481205
1995-03-24,26.780965594454894,22.34511201703322,32.72139414229324,27.52678049689272,0.0,1.2884357279509715,37.920432843008086,36.631997115057125,26.780965594454894,22.34511201703322,32.72139414229324,27.52678049689272,0.0,1.2884357279509715,37.920432843008086,36.631997115057125
1995-03-25,27.470830371736252,23.06184021942037,34.203767924427986,28.05007332258418,8.52346317969932E-4,1.1758142967444987,41.58397380022482,40.408159503480334,27.470830371736252,23.06184021942037,34.203767924427986,28.05007332258418,8.52346317969932E-4,1.1758142967444987,41.58397380022482,40.408159503480334
1995-03-26,28.740850369241954,24.01980030453507,35.50169034167129,29.33515071736776,0.0,1.117097574714919,48.68706980508246,47.569972230367505,28.740850369241954,24.01980030453507,35.50169034167129,29.33515071736776,0.0,1.117097574714919,48.68706980508246,47.569972230367505
1995-03-27,29.12537570481733,24.587367189950825,34.311131483872735,29.88442952710448,0.14774359492624364,1.0215289918322006,45.040229115636464,44.018700123804244,29.12537570481733,24.587367189950825,34.311131483872735,29.88442952710448,0.14774359492624364,1.0215289918322006,45.040229115636464,44.018700123804244
1995-03-28,28.707005015076913,24.390998915040402,34.09686831494118,29.520018120972086,0.0029861926122976,0.8511374851832426,40.429868903660605,39.57873141847737,28.707005015076913,24.390998915040402,34.09686831494118,29.520018120972086,0.0029861926122976,0.8511374851832426,40.429868903660605,39.57873141847737
1995-03-29,28.20110794166809,23.658280302546867,33.55465259881196,29.019837752124154,0.0,0.7669734986720053,41.87388964031479,41.106916141642785,28.20110794166809,23.658280302546867,33.55465259881196,29.019837752124154,0.0,0.7669734986720053,41.87388964031479,41.106916141642785
1995-03-30,28.001281792162626,23.43503514605952,33.55510207468788,28.988130558171076,4.351138613856165E-4,0.6750788885408533,36.369599853342116,35.69452096480127,28.001281792162626,23.43503514605952,33.55510207468788,28.988130558171076,4.351138613856165E-4,0.6750788885408533,36.369599853342116,35.69452096480127
1995-03-31,27.356581247895694,23.606976534422486,33.28612966507238,28.151161731004763,0.08264825505862972,0.5811226707412431,32.81288182769033,32.23175915694909,27.356581247895694,23.606976534422486,33.28612966507238,28.151161731004763,0.08264825505862972,0.5811226707412431,32.81288182769033,32.23175915694909
1995-04-01,26.42122333209062,23.693283647548608,30.225874056115654,27.419160300632544,0.4122564724382065,0.6021956718641921,19.810579155544527,19.20838348368034,26.42122333209062,23.693283647548608,30.225874056115654,27.419160300632544,0.4122564724382065,0.6021956718641921,19.810579155544527,19.20838348368034
1995-04-02,25.26643589987674,23.495235105314947,27.676760781487307,25.63730340187039,2.187071114350778,1.5471717936497575,24.08214577405794,22.534973980408182,25.26643589987674,23.495235105314947,27.676760781487307,25.63730340187039,2.187071114350778,1.5471717936497575,24.08214577405794,22.534973980408182
1995-04-03,26.79301743175392,23.272117205730947,32.360667548963946,27.422134393725912,0.05175876094043404,0.6704770452426577,38.134352561557485,37.46387551631482,26.79301743175392,23.272117205730947,32.360667548963946,27.422134393725912,0.05175876094043404,0.6704770452426577,38.134352561557485,37.46387551631482
1995-04-04,28.461221511221016,24.12712884239845,34.12731223272659,29.159737789220866,8.582115924582467E-4,0.598435030345368,43.423384239069776,42.824949208724426,28.461221511221016,24.12712884239845,34.12731223272659,29.159737789220866,8.582115924582467E-4,0.598435030345368,43.423384239069776,42.824949208724426
1995-04-05,29.120631980739272,24.877420543792883,34.917007448438916,30.012838843698336,0.07482533276087824,0.5642424484202456,41.669388702214704,41.105146253794445,29.120631980739272,24.877420543792883,34.917007448438916,30.012838843698336,0.07482533276087824,0.5642424484202456,41.669388702214704,41.105146253794445
1995-04-06,26.185449535185732,24.05173658456291,28.554592729966824,26.706304709307013,2.8497018562987386,1.2124854390282744,18.376531468474045,17.164046029445775,26.185449535185732,24.05173658456291,28.554592729966824,26.706304709307013,2.8497018562987386,1.2124854390282744,18.376531468474045,17.164046029445775
1995-04-07,25.288491608988135,22.457928833351755,29.32763640379219,26.156488691031946,0.009389791151113753,0.6788505960351646,30.04267722021824,29.363826624183066,25.288491608988135,22.457928833351755,29.32763640379219,26.156488691031946,0.009389791151113753,0.6788505960351646,30.04267722021824,29.363826624183066
1995-04-08,25.631237477160074,21.798982913295024,32.331994231177994,26.49221623398203,0.5495998400384282,0.8307595675933859,29.451795541702662,28.621035974109287,25.631237477160074,21.798982913295024,32.331994231177994,26.49221623398203,0.5495998400384282,0.8307595675933859,29.451795541702662,28.621035974109287
1995-04-09,28.14420692987596,24.742473114002866,34.37577706632915,29.089376703898193,0.10860193690318644,0.7137045009680387,28.513578791860194,27.799874290892163,28.14420692987596,24.742473114002866,34.37577706632915,29.089376703898193,0.10860193690318644,0.7137045009680387,28.513578791860194,27.799874290892163
1995-04-10,30.337776078737733,25.92955657432258,36.34831439559413,30.85543783303655,0.5433265873377506,0.8560917200799472,47.45110011501772,46.59500839493774,30.337776078737733,25.92955657432258,36.34831439559413,30.85543783303655,0.5433265873377506,0.8560917200799472,47.45110011501772,46.59500839493774
1995-04-11,30.942431839354686,26.616805129472745,37.4521362820659,31.824786068892966,0.3804620255210715,0.6928581911079811,49.062699774971044,48.36984158386306,30.942431839354686,26.616805129472745,37.4521362820659,31.824786068892966,0.3804620255210715,0.6928581911079811,49.062699774971044,48.36984158386306
1995-04-12,28.08003155196704,25.852929671375836,32.945694622215754,28.83128129193878,3.7564623816208322,1.958050647656676,21.820227603397544,19.86217695574088,28.08003155196704,25.852929671375836,32.945694622215754,28.83128129193878,3.7564623816208322,1.958050647656676,21.820227603397544,19.86217695574088
1995-04-13,27.911219237675738,25.420996726890255,32.408602123791205,28.81995054573975,0.4890695775431535,0.9930026856903543,26.90671457291993,25.91371188722957,27.911219237675738,25.420996726890255,32.408602123791205,28.81995054573975,0.4890695775431535,0.9930026856903543,26.90671457291993,25.91371188722957
1995-04-14,27.0517926731986,24.264284093735164,31.0872710472179,27.97885130864018,0.2367953371601801,0.718687872909857,27.38663632660191,26.667948453692045,27.0517926731986,24.264284093735164,31.0872710472179,27.97885130864018,0.2367953371601801,0.718687872909857,27.38663632660191,26.667948453692045
1995-04-15,27.27730055049067,23.74335585564275,33.2651097989997,28.140587044187782,0.002862382159637734,0.6886577557125492,38.75432477613785,38.0656670204253,27.27730055049067,23.74335585564275,33.2651097989997,28.140587044187782,0.002862382159637734,0.6886577557125492,38.75432477613785,38.0656670204253
1995-04-16,28.248866703830203,23.761209772908742,34.774098365195115,29.060078971632656,8.52346317969932E-4,0.6592742151995072,50.13439825572946,49.475124040529955,28.248866703830203,23.761209772908742,34.774098365195115,29.060078971632656,8.52346317969932E-4,0.6592742151995072,50.13439825572946,49.475124040529955
1995-04-17,28.917258155162653,24.09648058905736,34.84300332118102,29.774385120292905,0.001285087648739136,0.5514079592688984,48.1224480587313,47.571040099462415,28.917258155162653,24.09648058905736,34.84300332118102,29.774385120292905,0.001285087648739136,0.5514079592688984,48.1224480587313,47.571040099462415
1995-04-18,29.71757627910221,24.521772423744494,35.601018254090924,30.5486904804929,0.0012844800494349329,0.4659719137306278,53.670069545916824,53.204097632186205,29.71757627910221,24.521772423744494,35.601018254090924,30.5486904804929,0.0012844800494349329,0.4659719137306278,53.670069545916824,53.204097632186205
1995-04-19,30.122015395460746,25.75534341079154,36.08747445294954,30.994526236295574,0.12178159839999284,0.4071653812373133,48.67544088692428,48.26827550568696,30.122015395460746,25.75534341079154,36.08747445294954,30.994526236295574,0.12178159839999284,0.4071653812373133,48.67544088692428,48.26827550568696
1995-04-20,30.840740788938948,26.552215325710534,38.409075495608036,31.64172309234115,0.035421055227151284,0.39549416974947943,51.311366853158866,50.91587268340941,30.840740788938948,26.552215325710534,38.409075495608036,31.64172309234115,0.035421055227151284,0.39549416974947943,51.311366853158866,50.91587268340941
1995-04-21,31.008192294072572,26.657256345893302,36.482216375283066,31.98817411836814,0.04963313093768896,0.3210270607416878,50.0395259452185,49.718498884476844,31.008192294072572,26.657256345893302,36.482216375283066,31.98817411836814,0.04963313093768896,0.3210270607416878,50.0395259452185,49.718498884476844
1995-04-22,30.67811092834897,25.484398129507824,36.504468397978236,31.592716529356224,0.015615713600542987,0.3055180785452534,52.71952882456333,52.414010746018086,30.67811092834897,25.484398129507824,36.504468397978236,31.592716529356224,0.015615713600542987,0.3055180785452534,52.71952882456333,52.414010746018086
1995-04-23,30.030266971863533,25.260194571650544,35.12461446377116,31.113605084205897,0.005968097993512668,0.2346618688859205,49.52448986762001,49.28982799873411,30.030266971863533,25.260194571650544,35.12461446377116,31.113605084205897,0.005968097993512668,0.2346618688859205,49.52448986762001,49.28982799873411
1995-04-24,29.00346410154983,26.152216409251185,33.37838046620448,30.16095281732865,0.13809111828785534,0.24470022816228035,30.82097591796195,30.576275689799665,29.00346410154983,26.152216409251185,33.37838046620448,30.16095281732865,0.13809111828785534,0.24470022816228035,30.82097591796195,30.576275689799665
1995-04-25,28.61060763712116,25.75470174081977,33.55095573659088,29.66360704377887,0.03249012015424621,0.20951252855825012,35.25370010379839,35.044187575240144,28.61060763712116,25.75470174081977,33.55095573659088,29.66360704377887,0.03249012015424621,0.20951252855825012,35.25370010379839,35.044187575240144
1995-04-26,28.89163114904471,25.409172632661445,34.64377463335044,29.932469005434708,0.00169847504594145,0.18428941265499138,41.881808730950446,41.69751931829546,28.89163114904471,25.409172632661445,34.64377463335044,29.932469005434708,0.00169847504594145,0.18428941265499138,41.881808730950446,41.69751931829546
1995-04-27,28.81682712003585,26.26447515376812,31.163034025368894,29.28117941748549,9.297316777931922E-4,0.0949421770904802,34.768601057394235,34.67365888030376,28.81682712003585,26.26447515376812,31.163034025368894,29.28117941748549,9.297316777931922E-4,0.0949421770904802,34.768601057394235,34.67365888030376
1995-04-28,26.706945537465508,24.53443218256727,29.488858366533186,27.337772235375514,1.5941408201002683,0.9994155531483406,24.022421584073893,23.02300603092557,26.706945537465508,24.53443218256727,29.488858366533186,27.337772235375514,1.5941408201002683,0.9994155531483406,24.022421584073893,23.02300603092557
1995-04-29,26.712866468296365,23.796445084827436,31.252033806854854,27.727417396096573,0.07411800196588465,0.2868218415007703,32.22304752392431,31.936225682423533,26.712866468296365,23.796445084827436,31.252033806854854,27.727417396096573,0.07411800196588465,0.2868218415007703,32.22304752392431,31.936225682423533
1995-04-30,27.236742225146266,23.86229389724108,32.4699159907723,28.245026448943978,0.024659296037782115,0.23976984286537117,32.153663683752214,31.91389384088685,27.236742225146266,23.86229389724108,32.4699159907723,28.245026448943978,0.024659296037782115,0.23976984286537117,32.153663683752214,31.91389384088685
1995-05-01,27.802056377527737,23.95733910990915,34.53962217561368,28.910797729528102,0.0038107207437333783,0.21560218771732614,33.1371850548978,32.921582867180476,27.802056377527737,23.95733910990915,34.53962217561368,28.910797729528102,0.0038107207437333783,0.21560218771732614,33.1371850548978,32.921582867180476
1995-05-02,28.965631749823917,25.30177332067534,35.29107891430771,30.043828290738087,0.02858730301381668,0.20519713206887868,37.54048335506027,37.33528622299138,28.965631749823917,25.30177332067534,35.29107891430771,30.043828290738087,0.02858730301381668,0.20519713206887868,37.54048335506027,37.33528622299138
1995-05-03,29.32713360971762,25.14923525894554,36.380903379864215,30.36334569957226,4.351138045421976E-4,0.17838711007594973,40.98987961453676,40.8114925044608,29.32713360971762,25.14923525894554,36.380903379864215,30.36334569957226,4.351138045421976E-4,0.17838711007594973,40.98987961453676,40.8114925044608
1995-05-04,30.378237084960627,26.457886625789044,36.553694847781436,31.31004372655306,0.5214447620309297,0.3694153616192391,42.0608343284245,41.69141896680528,30.378237084960627,26.457886625789044,36.553694847781436,31.31004372655306,0.5214447620309297,0.3694153616192391,42.0608343284245,41.69141896680528
1995-05-05,30.310892694886928,26.559421859907776,34.99391368020789,31.23266147771641,1.2285974063902265,0.7192422667017656,35.11166452899623,34.39242226229446,30.310892694886928,26.559421859907776,34.99391368020789,31.23266147771641,1.2285974063902265,0.7192422667017656,35.11166452899623,34.39242226229446
1995-05-06,29.252930160384544,25.262509688444187,35.033518375129304,30.142888097840256,0.3799637277795423,0.5032631944879422,30.46628494273612,29.963021748248167,29.252930160384544,25.262509688444187,35.033518375129304,30.142888097840256,0.3799637277795423,0.5032631944879422,30.46628494273612,29.963021748248167
1995-05-07,30.57777624959963,26.487940436696082,36.09780105209212,31.524204637456545,0.034847189812352325,0.31669051676736654,42.466676504984,42.14998598821663,30.57777624959963,26.487940436696082,36.09780105209212,31.524204637456545,0.034847189812352325,0.31669051676736654,42.466676504984,42.14998598821663
1995-05-08,31.632387085919476,26.692765816167483,37.414475903002106,32.598198661387606,0.019823519901880995,0.2697020134022219,51.99020205301142,51.72050003960922,31.632387085919476,26.692765816167483,37.414475903002106,32.598198661387606,0.019823519901880995,0.2697020134022219,51.99020205301142,51.72050003960922
1995-05-09,32.152432275118024,27.26323220473684,38.0655887809342,33.21739348760576,0.00283393318490808,0.22069138500021968,53.01359191657621,52.79290053157601,32.152432275118024,27.26323220473684,38.0655887809342,33.21739348760576,0.00283393318490808,0.22069138500021968,53.01359191657621,52.79290053157601
1995-05-10,32.16792514783553,27.03140997488589,37.626760116098794,33.268874253965826,0.0,0.18135063329205706,53.65844297919233,53.477092345900274,32.16792514783553,27.03140997488589,37.626760116098794,33.268874253965826,0.0,0.18135063329205706,53.65844297919233,53.477092345900274
1995-05-11,31.87688560450011,26.606887566921475,37.469200294981036,32.982891704796295,0.0,0.14570334682837463,53.440105263176555,53.29440191634819,31.87688560450011,26.606887566921475,37.469200294981036,32.982891704796295,0.0,0.14570334682837463,53.440105263176555,53.29440191634819
1995-05-12,32.07330398308755,26.93925966462347,38.95010363829728,33.12731909129886,0.0,0.12999234538014906,53.51844412386522,53.38845177848508,32.07330398308755,26.93925966462347,38.95010363829728,33.12731909129886,0.0,0.12999234538014906,53.51844412386522,53.38845177848508
1995-05-13,32.17827072506341,26.980165758499044,38.79360969116166,33.144469358160514,8.583068797918258E-4,0.11327881700621394,53.088354813502505,52.97507599649628,32.17827072506341,26.980165758499044,38.79360969116166,33.144469358160514,8.583068797918258E-4,0.11327881700621394,53.088354813502505,52.97507599649628
1995-05-14,32.12924973233796,26.680422127654094,38.61996357519047,33.046874246108,0.0017225741544280027,0.10883909108543023,64.08682407029873,63.97798497921332,32.12924973233796,26.680422127654094,38.61996357519047,33.046874246108,0.0017225741544280027,0.10883909108543023,64.08682407029873,63.97798497921332
1995-05-15,31.295204084126908,26.58420375113166,35.731479653643596,32.25380395829048,8.576539420208151E-4,0.08787070415774963,55.63700417474611,55.54913347058832,31.295204084126908,26.58420375113166,35.731479653643596,32.25380395829048,8.576539420208151E-4,0.08787070415774963,55.63700417474611,55.54913347058832
1995-05-16,30.430608106350952,25.779528107732105,35.97373018819033,31.604363457165928,0.0,0.08308879936631607,47.375670232353755,47.292581432987426,30.430608106350952,25.779528107732105,35.97373018819033,31.604363457165928,0.0,0.08308879936631607,47.375670232353755,47.292581432987426
1995-05-17,30.672499480006266,25.44981489299086,38.04240047915713,31.61598117815385,0.0028414401475491185,0.08222045702974572,52.07699240986078,51.99477195283105,30.672499480006266,25.44981489299086,38.04240047915713,31.61598117815385,0.0028414401475491185,0.08222045702974572,52.07699240986078,51.99477195283105
1995-05-18,31.816299438610876,26.053192619170506,38.747517038676556,32.71478402707807,0.0021558383878073073,0.07956627462427981,60.7340615866007,60.65449531197643,31.816299438610876,26.053192619170506,38.747517038676556,32.71478402707807,0.0021558383878073073,0.07956627462427981,60.7340615866007,60.65449531197643
1995-05-19,31.17588526367576,26.863671031171176,35.8303132275201,32.29536544196947,0.005389729528770922,0.06402916478025276,48.542223834013086,48.478194669232835,31.17588526367576,26.863671031171176,35.8303132275201,32.29536544196947,0.005389729528770922,0.06402916478025276,48.542223834013086,48.478194669232835
1995-05-20,29.17648072752778,26.57179200272189,32.721840366472314,30.352273521947314,0.3927447303326543,0.24048718300691652,25.107569745851666,24.867082562844754,29.17648072752778,26.57179200272189,32.721840366472314,30.352273521947314,0.3927447303326543,0.24048718300691652,25.107569745851666,24.867082562844754
1995-05-21,28.775575592714674,26.120523404520757,32.90936781509357,29.731909646211893,0.27042036425086935,0.19365104027525476,26.958044569817336,26.764393529542076,28.775575592714674,26.120523404520757,32.90936781509357,29.731909646211893,0.27042036425086935,0.19365104027525476,26.958044569817336,26.764393529542076
1995-05-22,29.31754528819172,26.35441921189784,34.73584906889457,30.342959980675253,0.0710801058709518,0.11273498071850326,32.21363298970235,32.10089800898386,29.31754528819172,26.35441921189784,34.73584906889457,30.342959980675253,0.0710801058709518,0.11273498071850326,32.21363298970235,32.10089800898386
1995-05-23,29.486588848069626,26.421829139787345,34.80954221568921,30.466187590898844,0.0026929951834462583,0.09057715741176764,38.807097086292536,38.71651992888077,29.486588848069626,26.421829139787345,34.80954221568921,30.466187590898844,0.0026929951834462583,0.09057715741176764,38.807097086292536,38.71651992888077
1995-05-24,29.2717655320283,26.09382264129536,34.56863500279997,30.309998989295668,8.583069366352447E-4,0.08469943564704034,43.59179501614967,43.50709558050262,29.2717655320283,26.09382264129536,34.56863500279997,30.309998989295668,8.583069366352447E-4,0.08469943564704034,43.59179501614967,43.50709558050262
1995-05-25,29.4581130724356,26.380154301776678,34.867990972257545,30.4468575288926,0.0022485274989772464,0.07846975464842275,42.32380883233485,42.245339077686424,29.4581130724356,26.380154301776678,34.867990972257545,30.4468575288926,0.0022485274989772464,0.07846975464842275,42.32380883233485,42.245339077686424
1995-05-26,30.16757997551106,26.69233500126924,34.878056962677306,31.159845342005745,0.3113691960662976,0.16407941590421163,41.04681541095446,40.88273599505024,30.16757997551106,26.69233500126924,34.878056962677306,31.159845342005745,0.3113691960662976,0.16407941590421163,41.04681541095446,40.88273599505024
1995-05-27,30.474726085297856,26.905720077681213,35.55774476366083,31.55522651927657,0.10299683666934674,0.16912700711379128,40.71087070536386,40.541743698250066,30.474726085297856,26.905720077681213,35.55774476366083,31.55522651927657,0.10299683666934674,0.16912700711379128,40.71087070536386,40.541743698250066
1995-05-28,31.180194355918964,26.686335212086682,36.16797425584833,32.139797477099684,0.0012712616770213102,0.12042796335702373,50.84506132026168,50.72463335690468,31.180194355918964,26.686335212086682,36.16797425584833,32.139797477099684,0.0012712616770213102,0.12042796335702373,50.84506132026168,50.72463335690468
1995-05-29,30.907809331655905,26.339715259064192,35.47864710319706,31.915145963960228,9.924173305364548E-4,0.08615602480983096,51.20261540480924,51.11645937999942,30.907809331655905,26.339715259064192,35.47864710319706,31.915145963960228,9.924173305364548E-4,0.08615602480983096,51.20261540480924,51.11645937999942
1995-05-30,30.316721891139107,26.23172897548476,35.00094066161676,31.432951756784533,0.0,0.07730593472488248,48.62110756859891,48.543801633874025,30.316721891139107,26.23172897548476,35.00094066161676,31.432951756784533,0.0,0.07730593472488248,48.62110756859891,48.543801633874025
1995-05-31,30.46419226102351,26.65228133031955,35.62946415733557,31.48205815111795,0.024165131650338276,0.07756846009183826,43.70973231917159,43.63216385907974,30.46419226102351,26.65228133031955,35.62946415733557,31.48205815111795,0.024165131650338276,0.07756846009183826,43.70973231917159,43.63216385907974
1995-06-01,30.560044178476257,27.017844744793447,35.1383863459174,31.505122001364064,1.309942985007869,0.42158576314425783,40.27658097863239,39.85499521548814,30.560044178476257,27.017844744793447,35.1383863459174,31.505122001364064,1.309942985007869,0.42158576314425783,40.27658097863239,39.85499521548814
1995-06-02,28.848409654187943,26.351298797596634,33.16233972628039,29.673874327894897,1.9779372315705666,1.2402360787790356,31.337823914301637,30.097587835522607,28.848409654187943,26.351298797596634,33.16233972628039,29.673874327894897,1.9779372315705666,1.2402360787790356,31.337823914301637,30.097587835522607
1995-06-03,28.043049131095444,25.666441819801307,30.96947141662786,28.79090257111446,1.2525646797293568,1.0116706540274674,27.238250017565033,26.226579363537567,28.043049131095444,25.666441819801307,30.96947141662786,28.79090257111446,1.2525646797293568,1.0116706540274674,27.238250017565033,26.226579363537567
1995-06-04,28.286891801231086,25.48206344878597,31.825450828151755,29.319270037473842,0.5514010665266087,0.6586691478149868,24.840977220058264,24.18230807224329,28.286891801231086,25.48206344878597,31.825450828151755,29.319270037473842,0.5514010665266087,0.6586691478149868,24.840977220058264,24.18230807224329
1995-06-05,28.964701320437186,25.852893182499837,33.76354460412234,30.126811737010467,0.6640436112691753,0.6714670663990152,23.509101958583894,22.837634892184866,28.964701320437186,25.852893182499837,33.76354460412234,30.126811737010467,0.6640436112691753,0.6714670663990152,23.509101958583894,22.837634892184866
1995-06-06,29.70258680421792,26.581416595448186,35.35419253369119,30.735481859157755,2.157400247833034,1.056781919773467,24.366531422668114,23.30974950289465,29.70258680421792,26.581416595448186,35.35419253369119,30.735481859157755,2.157400247833034,1.056781919773467,24.366531422668114,23.30974950289465
1995-06-07,30.74824148471254,27.57689235642909,36.7455892446638,31.743977527902917,6.223095143482238,0.8889729597983999,31.514347048345773,30.625374088547364,30.74824148471254,27.57689235642909,36.7455892446638,31.743977527902917,6.223095143482238,0.8889729597983999,31.514347048345773,30.625374088547364
1995-06-08,30.505492345226052,27.589194675833834,36.30905786872369,30.95120651914263,1.1926323636409557,2.3738621029111853,34.73870497421294,32.364842871301754,30.505492345226052,27.589194675833834,36.30905786872369,30.95120651914263,1.1926323636409557,2.3738621029111853,34.73870497421294,32.364842871301754
1995-06-09,31.408928188813572,27.49809970513071,35.721540366532516,32.136351336606445,0.01895247668051723,1.405161110321456,45.2266618236768,43.82150071335535,31.408928188813572,27.49809970513071,35.721540366532516,32.136351336606445,0.01895247668051723,1.405161110321456,45.2266618236768,43.82150071335535
1995-06-10,31.00065776600553,26.35901535910253,35.28317944619717,31.743420244167524,4.351138613856165E-4,1.1158335042639114,48.60445973832409,47.48862623406016,31.00065776600553,26.35901535910253,35.28317944619717,31.743420244167524,4.351138613856165E-4,1.1158335042639114,48.60445973832409,47.48862623406016
1995-06-11,30.80001700821101,26.777818473017714,35.149121411932526,31.776124864555715,0.029179983869799274,0.9059941579166871,44.66354104258215,43.75754688466546,30.80001700821101,26.777818473017714,35.149121411932526,31.776124864555715,0.029179983869799274,0.9059941579166871,44.66354104258215,43.75754688466546
1995-06-12,30.440068730023732,27.950670202133587,34.17134387912188,31.366481600191847,2.906333967578847,1.4650447306581764,33.480067733792005,32.01502300313384,30.440068730023732,27.950670202133587,34.17134387912188,31.366481600191847,2.906333967578847,1.4650447306581764,33.480067733792005,32.01502300313384
1995-06-13,28.69751253686801,26.697396049754747,31.396215104401666,29.409128016111055,1.1284435013727048,1.330790446507611,24.855866364271296,23.525075917763683,28.69751253686801,26.697396049754747,31.396215104401666,29.409128016111055,1.1284435013727048,1.330790446507611,24.855866364271296,23.525075917763683
1995-06-14,28.175224078372047,26.06997412143768,31.65382243576662,28.859568831275972,0.2923741611120552,0.9109963196769023,33.77489952154669,32.86390320186979,28.175224078372047,26.06997412143768,31.65382243576662,28.859568831275972,0.2923741611120552,0.9109963196769023,33.77489952154669,32.86390320186979
1995-06-15,28.165596782616777,26.269137673211674,30.99600661742341,28.6491074898776,1.1480910429107385,1.2026823776294828,36.18504366023559,34.98236128260611,28.165596782616777,26.269137673211674,30.99600661742341,28.6491074898776,1.1480910429107385,1.2026823776294828,36.18504366023559,34.98236128260611
1995-06-16,27.98233402579614,25.437401059195324,32.3620487085485,28.755133914846688,3.2471914244833764,1.1876339001653895,30.786446835970352,29.598812935804972,27.98233402579614,25.437401059195324,32.3620487085485,28.755133914846688,3.2471914244833764,1.1876339001653895,30.786446835970352,29.598812935804972
1995-06-17,27.525281635063696,24.748419172254028,32.96714444323378,28.167759887285126,10.536216511697823,1.9096845059579173,24.36735384447047,22.45766933851256,27.525281635063696,24.748419172254028,32.96714444323378,28.167759887285126,10.536216511697823,1.9096845059579173,24.36735384447047,22.45766933851256
1995-06-18,26.948852877355506,24.636056368062892,31.361866919882594,27.439243467052606,0.9944736766662879,2.6808018727584297,23.640186799143596,20.959384926385177,26.948852877355506,24.636056368062892,31.361866919882594,27.439243467052606,0.9944736766662879,2.6808018727584297,23.640186799143596,20.959384926385177
1995-06-19,27.23035852679267,24.758283654213248,31.257477324762192,27.820311270894493,1.6034970246331408,2.31029824086397,24.53395169242749,22.22365345156352,27.23035852679267,24.758283654213248,31.257477324762192,27.820311270894493,1.6034970246331408,2.31029824086397,24.53395169242749,22.22365345156352
1995-06-20,27.47235023970618,24.903724911734386,30.949551709784068,28.15667018140168,0.7226442148585518,1.7474306863445583,26.162857460740494,24.41542677439594,27.47235023970618,24.903724911734386,30.949551709784068,28.15667018140168,0.7226442148585518,1.7474306863445583,26.162857460740494,24.41542677439594
1995-06-21,27.410909245486472,24.9976164599798,30.690350192380013,28.010503845868833,0.7429492468234771,1.6701927007703794,27.266376985446286,25.596184284675907,27.410909245486472,24.9976164599798,30.690350192380013,28.010503845868833,0.7429492468234771,1.6701927007703794,27.266376985446286,25.596184284675907
1995-06-22,27.67389867531106,25.3990795859739,31.01677561373972,28.27633306138939,1.6024343204563132,1.6904607711752855,25.31976683453044,23.62930606335516,27.67389867531106,25.3990795859739,31.01677561373972,28.27633306138939,1.6024343204563132,1.6904607711752855,25.31976683453044,23.62930606335516
1995-06-23,27.762306275770317,25.836959271298234,32.405046691572,28.229385505103803,8.948313048756123,2.960953101064378,19.654557486788065,16.69360438572369,27.762306275770317,25.836959271298234,32.405046691572,28.229385505103803,8.948313048756123,2.960953101064378,19.654557486788065,16.69360438572369
1995-06-24,27.320093376524298,24.802839968615118,31.88823799329473,27.619903107961548,4.427101929387801,3.2367645803866516,16.660596150544034,13.423831570157386,27.320093376524298,24.802839968615118,31.88823799329473,27.619903107961548,4.427101929387801,3.2367645803866516,16.660596150544034,13.423831570157386
1995-06-25,27.22687560069505,24.813960691252444,31.91451199414985,27.399478774985067,13.413310216481637,4.006452506454677,16.282041742479183,12.275589236024505,27.22687560069505,24.813960691252444,31.91451199414985,27.399478774985067,13.413310216481637,4.006452506454677,16.282041742479183,12.275589236024505
1995-06-26,28.274676315345175,25.37323720084814,33.73804344830268,28.620716988873905,1.8515424089727368,3.383721383737924,21.565276094098543,18.181554710360615,28.274676315345175,25.37323720084814,33.73804344830268,28.620716988873905,1.8515424089727368,3.383721383737924,21.565276094098543,18.181554710360615
1995-06-27,29.044297743274754,25.578282690636023,33.97977773700641,29.31522685072579,0.6034690773738981,3.2375833667833103,27.853100767602538,24.615517400819236,29.044297743274754,25.578282690636023,33.97977773700641,29.31522685072579,0.6034690773738981,3.2375833667833103,27.853100767602538,24.615517400819236
1995-06-28,29.495409387756755,25.40405313425304,33.3633104529251,30.15803314492061,0.0012954006098301694,2.5502633534348225,36.686061435012,34.135798081577185,29.495409387756755,25.40405313425304,33.3633104529251,30.15803314492061,0.0012954006098301694,2.5502633534348225,36.686061435012,34.135798081577185
1995-06-29,29.56480061552463,25.61815569085859,34.319644834727335,30.22506446287466,0.0011354684374964563,2.3575377184405584,38.75626491099942,36.39872719255885,29.56480061552463,25.61815569085859,34.319644834727335,30.22506446287466,0.0011354684374964563,2.3575377184405584,38.75626491099942,36.39872719255885
1995-06-30,29.631034835756235,25.036566462017884,34.39217312696237,30.318280802985676,2.8312206268310547E-4,2.1309292730562017,42.743377741813305,40.61244846875711,29.631034835756235,25.036566462017884,34.39217312696237,30.318280802985676,2.8312206268310547E-4,2.1309292730562017,42.743377741813305,40.61244846875711
1995-07-01,29.62386032472655,26.284830695485116,33.08130435009744,30.416906372622194,0.3764309762022072,1.7340509824562382,36.86262692635476,35.128575943898504,29.62386032472655,26.284830695485116,33.08130435009744,30.416906372622194,0.3764309762022072,1.7340509824562382,36.86262692635476,35.128575943898504
1995-07-02,29.547347620164164,26.427054132916332,33.81461221843416,30.42702542818174,0.1148361605398781,1.717077139745342,30.095815044467216,28.378737904721888,29.547347620164164,26.427054132916332,33.81461221843416,30.42702542818174,0.1148361605398781,1.717077139745342,30.095815044467216,28.378737904721888
1995-07-03,29.617883536148625,26.468145401522282,34.555855490162784,30.284167111047402,1.6448878704131742,1.896144314752724,33.99113137648953,32.0949870617368,29.617883536148625,26.468145401522282,34.555855490162784,30.284167111047402,1.6448878704131742,1.896144314752724,33.99113137648953,32.0949870617368
1995-07-04,30.59270577255491,26.61673418873415,36.48187291009947,31.212889284817116,0.004291370714781806,1.68885846299819,45.06219075038087,43.373332287382695,30.59270577255491,26.61673418873415,36.48187291009947,31.212889284817116,0.004291370714781806,1.68885846299819,45.06219075038087,43.373332287382695
1995-07-05,30.700947596061834,26.010720024364137,34.887322981922715,31.54675547900001,0.0025660731598801715,1.3579315351412171,49.85804351682433,48.500111981683126,30.700947596061834,26.010720024364137,34.887322981922715,31.54675547900001,0.0025660731598801715,1.3579315351412171,49.85804351682433,48.500111981683126
1995-07-06,29.97802802647191,26.463046697849663,33.46813918298795,30.81967173378493,0.2815695768166659,1.1367222731168642,42.06767360974718,40.930951336630315,29.97802802647191,26.463046697849663,33.46813918298795,30.81967173378493,0.2815695768166659,1.1367222731168642,42.06767360974718,40.930951336630315
1995-07-07,28.81335937703347,26.333952472897668,32.75468805144473,29.52494608480584,1.9627504508213816,1.4562108253783932,31.739839686290097,30.2836288609117,28.81335937703347,26.333952472897668,32.75468805144473,29.52494608480584,1.9627504508213816,1.4562108253783932,31.739839686290097,30.2836288609117
1995-07-08,27.795606067537015,25.615302797151514,31.60771621214998,28.437775297703542,2.8568291419900063,2.258310846357161,23.23175913464984,20.97344828829268,27.795606067537015,25.615302797151514,31.60771621214998,28.437775297703542,2.8568291419900063,2.258310846357161,23.23175913464984,20.97344828829268
1995-07-09,26.971143887045,24.334791222572612,31.74624377093121,27.86680430199215,10.767929683620657,1.823996775660581,21.191192225970696,19.367195450310113,26.971143887045,24.334791222572612,31.74624377093121,27.86680430199215,10.767929683620657,1.823996775660581,21.191192225970696,19.367195450310113
1995-07-10,26.749479238866837,24.49104122257261,31.261184893396752,26.957525278960077,4.292655849190413,3.0258344506038526,16.862370181394404,13.836535730790548,26.749479238866837,24.49104122257261,31.261184893396752,26.957525278960077,4.292655849190413,3.0258344506038526,16.862370181394404,13.836535730790548
1995-07-11,28.268333100393633,25.70217205073132,32.80667472965655,28.90804591925203,10.189037553115911,2.255702231508424,23.524742952720842,21.269040721212413,28.268333100393633,25.70217205073132,32.80667472965655,28.90804591925203,10.189037553115911,2.255702231508424,23.524742952720842,21.269040721212413
1995-07-12,27.240655824608133,25.487928666090912,31.28493470678697,27.465995022141154,5.352815720093588,3.890814594911328,15.208946187318146,11.318131592406818,27.240655824608133,25.487928666090912,31.28493470678697,27.465995022141154,5.352815720093588,3.890814594911328,15.208946187318146,11.318131592406818
1995-07-13,27.605609420735192,25.191427595105573,31.72978667514173,28.145262723149933,1.336710309842958,3.412916443785359,23.650197623879517,20.237281180094158,27.605609420735192,25.191427595105573,31.72978667514173,28.145262723149933,1.336710309842958,3.412916443785359,23.650197623879517,20.237281180094158
1995-07-14,26.819186712517922,24.292757477849296,30.936183559394813,27.3088825202987,5.93217271436933,3.307752860050652,19.174895679375446,15.867142819324798,26.819186712517922,24.292757477849296,30.936183559394813,27.3088825202987,5.93217271436933,3.307752860050652,19.174895679375446,15.867142819324798
1995-07-15,27.25253798558819,24.758035778167883,30.862189472086904,27.771797918212503,0.6265293506200981,2.9679975075783047,19.393486709882765,16.425489202304473,27.25253798558819,24.758035778167883,30.862189472086904,27.771797918212503,0.6265293506200981,2.9679975075783047,19.393486709882765,16.425489202304473
1995-07-16,27.96795618590923,25.466238386121205,31.473381568664102,28.603097869650977,0.4653983885107562,2.545346999321133,22.361986215746956,19.816639216425823,27.96795618590923,25.466238386121205,31.473381568664102,28.603097869650977,0.4653983885107562,2.545346999321133,22.361986215746956,19.816639216425823
1995-07-17,27.935401787197534,25.341816435703333,31.474812809754972,28.65412152178263,0.5815211957758185,2.425286255569557,21.747780637700764,19.322494382131215,27.935401787197534,25.341816435703333,31.474812809754972,28.65412152178263,0.5815211957758185,2.425286255569557,21.747780637700764,19.322494382131215
1995-07-18,28.11595329955614,25.568923382626355,32.079780121225774,28.91675826253313,0.8547936475506637,2.502015410643956,23.01530518207217,20.513289771428216,28.11595329955614,25.568923382626355,32.079780121225774,28.91675826253313,0.8547936475506637,2.502015410643956,23.01530518207217,20.513289771428216
1995-07-19,28.721885488917067,25.742668559795575,33.19167217108172,29.50720992868219,0.3610881712706251,2.408014338459607,27.137668271243637,24.72965393278403,28.721885488917067,25.742668559795575,33.19167217108172,29.50720992868219,0.3610881712706251,2.408014338459607,27.137668271243637,24.72965393278403
1995-07-20,29.307151272997622,26.013212076464555,33.935104291646425,30.180753829398913,0.06096519048688941,2.108704986975158,29.34275291448077,27.234047927505607,29.307151272997622,26.013212076464555,33.935104291646425,30.180753829398913,0.06096519048688941,2.108704986975158,29.34275291448077,27.234047927505607
1995-07-21,29.738883650044027,26.085526562912737,33.860511155781786,30.494564458290036,0.07223446801018533,1.8642664286358828,35.275166751255895,33.410900322620016,29.738883650044027,26.085526562912737,33.860511155781786,30.494564458290036,0.07223446801018533,1.8642664286358828,35.275166751255895,33.410900322620016
1995-07-22,29.471275931691178,25.99654282492284,33.38539093651787,30.342885517489023,0.18148050502378296,1.6567309706216968,35.87488460053687,34.21815362991517,29.471275931691178,25.99654282492284,33.38539093651787,30.342885517489023,0.18148050502378296,1.6567309706216968,35.87488460053687,34.21815362991517
1995-07-23,28.74141189921858,25.798013155172256,32.28364112802938,29.458626851288745,3.2291895180472454,2.0521931293151168,28.229008975605076,26.176815846289976,28.74141189921858,25.798013155172256,32.28364112802938,29.458626851288745,3.2291895180472454,2.0521931293151168,28.229008975605076,26.176815846289976
1995-07-24,27.840089725549426,24.84204693532564,33.52851174016276,28.436920241395818,5.300031822437325,2.635808314507425,22.986395391476492,20.350587076969067,27.840089725549426,24.84204693532564,33.52851174016276,28.436920241395818,5.300031822437325,2.635808314507425,22.986395391476492,20.350587076969067
1995-07-25,28.012558489203055,25.240296481872488,32.55793020175175,28.603770521888784,1.5151650080927743,2.747140039452661,22.95663346336021,20.209493423907553,28.012558489203055,25.240296481872488,32.55793020175175,28.603770521888784,1.5151650080927743,2.747140039452661,22.95663346336021,20.209493423907553
1995-07-26,27.96261558107221,24.916577848224115,32.09789458809283,28.660380606692254,2.871049295132244,2.564183041366757,23.872473860089308,21.308290818722554,27.96261558107221,24.916577848224115,32.09789458809283,28.660380606692254,2.871049295132244,2.564183041366757,23.872473860089308,21.308290818722554
1995-07-27,27.092813634161445,24.591223777671512,31.582594392298766,27.58089373020754,7.978479718982146,3.674480922365321,18.57877365507346,14.904292732708129,27.092813634161445,24.591223777671512,31.582594392298766,27.58089373020754,7.978479718982146,3.674480922365321,18.57877365507346,14.904292732708129
1995-07-28,27.699794550402174,24.964775493389332,32.074602839357986,28.42074033148884,1.4187285327872643,3.001273007405375,22.13474721314832,19.133474205742942,27.699794550402174,24.964775493389332,32.074602839357986,28.42074033148884,1.4187285327872643,3.001273007405375,22.13474721314832,19.133474205742942
1995-07-29,28.235589705311998,25.452404985095253,31.998737290326225,29.023879081463686,0.6279549411331872,2.2574321935350263,21.6973389132462,19.43990671971118,28.235589705311998,25.452404985095253,31.998737290326225,29.023879081463686,0.6279549411331872,2.2574321935350263,21.6973389132462,19.43990671971118
1995-07-30,28.925828941464435,26.119738912498363,33.772159698153054,29.661599702108457,0.04172835311405924,2.152564395750522,25.93078395773633,23.77821956198582,28.925828941464435,26.119738912498363,33.772159698153054,29.661599702108457,0.04172835311405924,2.152564395750522,25.93078395773633,23.77821956198582
1995-07-31,29.266260366024444,26.63779977205225,32.84664174960335,30.12247155321524,0.2880454189385188,1.836931020974084,30.169056049427038,28.332125028452943,29.266260366024444,26.63779977205225,32.84664174960335,30.12247155321524,0.2880454189385188,1.836931020974084,30.169056049427038,28.332125028452943
1995-08-01,28.658925853727858,26.39097943710747,32.33709461713343,29.330088664036218,2.719886908022271,2.041132060083317,23.590932648422932,21.549800588339608,28.658925853727858,26.39097943710747,32.33709461713343,29.330088664036218,2.719886908022271,2.041132060083317,23.590932648422932,21.549800588339608
1995-08-02,28.52384381734872,26.208875044889485,31.429010961088455,29.318661839600693,0.5947201236867281,1.6562921316869743,22.776904556271724,21.12061242458475,28.52384381734872,26.208875044889485,31.429010961088455,29.318661839600693,0.5947201236867281,1.6562921316869743,22.776904556271724,21.12061242458475
1995-08-03,28.35181259951634,25.803146278459227,31.8929080158272,29.04464338745348,1.5533934137343046,1.9405728121402606,19.891130135339836,17.950557323199583,28.35181259951634,25.803146278459227,31.8929080158272,29.04464338745348,1.5533934137343046,1.9405728121402606,19.891130135339836,17.950557323199583
1995-08-04,28.027455815208572,25.92527389069512,32.456077935251336,28.438165127112754,20.876221046542156,2.616709171374127,17.24679634242714,14.630087171053011,28.027455815208572,25.92527389069512,32.456077935251336,28.438165127112754,20.876221046542156,2.616709171374127,17.24679634242714,14.630087171053011
1995-08-05,27.390232530177148,25.489911255226744,31.730266200996383,27.548188734485702,7.72622957361515,4.056832803968981,16.94526314189544,12.888430337926453,27.390232530177148,25.489911255226744,31.730266200996383,27.548188734485702,7.72622957361515,4.056832803968981,16.94526314189544,12.888430337926453
1995-08-06,26.838196535682684,24.703137740202006,31.3467941708781,27.120515190403147,5.955491764191244,4.119590964062021,21.601231163154395,17.481640199092364,26.838196535682684,24.703137740202006,31.3467941708781,27.120515190403147,5.955491764191244,4.119590964062021,21.601231163154395,17.481640199092364
1995-08-07,26.73788599160066,25.25310945742644,30.596321481648907,26.890873461574802,6.122919995735345,4.058846074716437,22.034340184122883,17.975494109406434,26.73788599160066,25.25310945742644,30.596321481648907,26.890873461574802,6.122919995735345,4.058846074716437,22.034340184122883,17.975494109406434
1995-08-08,26.731309774653386,24.98205719800342,30.13762684090109,27.10062757413455,4.947671918732333,2.9480331132858306,16.175235118736634,13.2272020054508,26.731309774653386,24.98205719800342,30.13762684090109,27.10062757413455,4.947671918732333,2.9480331132858306,16.175235118736634,13.2272020054508
1995-08-09,26.282605859412314,24.899924172579087,30.32092677187268,26.486573300614204,41.16256104132035,3.9817972378375535,6.58194037884547,2.6001431410079174,26.282605859412314,24.899924172579087,30.32092677187268,26.486573300614204,41.16256104132035,3.9817972378375535,6.58194037884547,2.6001431410079174
1995-08-10,26.567854577862125,24.578882986124455,31.240085390311926,26.730193624107944,7.088090838810023,4.419866650141893,14.558998305598546,10.139131655456652,26.567854577862125,24.578882986124455,31.240085390311926,26.730193624107944,7.088090838810023,4.419866650141893,14.558998305598546,10.139131655456652
1995-08-11,27.78814880019045,25.37301854170215,32.0422240221991,27.92197681989997,1.7922820129813695,4.622714205600082,18.915148184894885,14.292433979294799,27.78814880019045,25.37301854170215,32.0422240221991,27.92197681989997,1.7922820129813695,4.622714205600082,18.915148184894885,14.292433979294799
1995-08-12,27.505426683344236,25.518031419066688,31.840852982110174,27.68435707768607,4.956022245999518,4.41046623173903,17.170189656435326,12.759723424696299,27.505426683344236,25.518031419066688,31.840852982110174,27.68435707768607,4.956022245999518,4.41046623173903,17.170189656435326,12.759723424696299
1995-08-13,27.610428984820018,25.826751291907172,31.057010154280654,27.86140975369895,3.8763386149970778,4.243880516891118,19.76742916131952,15.52354864442839,27.610428984820018,25.826751291907172,31.057010154280654,27.86140975369895,3.8763386149970778,4.243880516891118,19.76742916131952,15.52354864442839
1995-08-14,27.724070514769952,25.367464992822793,31.457702020777425,27.963669896750083,0.8195400704549902,4.00649806777853,20.68864892972695,16.68215086194842,27.724070514769952,25.367464992822793,31.457702020777425,27.963669896750083,0.8195400704549902,4.00649806777853,20.68864892972695,16.68215086194842
1995-08-15,28.1308995427724,25.308803070057554,31.495427750886027,28.490766245918177,0.12863239968088216,4.135814520644233,25.55140257983948,21.41558805919524,28.1308995427724,25.308803070057554,31.495427750886027,28.490766245918177,0.12863239968088216,4.135814520644233,25.55140257983948,21.41558805919524
1995-08-16,28.001797699623232,25.424517938359223,31.38425057986617,28.533578786595836,0.2768595536781309,3.747629514800573,22.9830478841925,19.23541836939193,28.001797699623232,25.424517938359223,31.38425057986617,28.533578786595836,0.2768595536781309,3.747629514800573,22.9830478841925,19.23541836939193
1995-08-17,28.122285952315586,25.467476299053384,31.810560367660763,28.635541127961677,0.056612860798859924,3.7900671568233673,24.688745135990576,20.8986779791672,28.122285952315586,25.467476299053384,31.810560367660763,28.635541127961677,0.056612860798859924,3.7900671568233673,24.688745135990576,20.8986779791672
1995-08-18,28.285986153939838,25.24619447413188,32.636845557577914,28.733759485719368,1.5228886121845273,3.60542422671602,25.582905773463153,21.977481546747125,28.285986153939838,25.24619447413188,32.636845557577914,28.733759485719368,1.5228886121845273,3.60542422671602,25.582905773463153,21.977481546747125
1995-08-19,28.03216021323796,25.337448036271724,31.380229096179136,28.301016736139683,1.4796095693846891,3.6785227685179995,21.652892769936642,17.974370001418645,28.03216021323796,25.337448036271724,31.380229096179136,28.301016736139683,1.4796095693846891,3.6785227685179995,21.652892769936642,17.974370001418645
1995-08-20,28.44991394567906,25.636626796312544,31.668478327983227,28.992201775800236,0.016080839464808122,3.269894518661493,27.796665167842114,24.526770649180623,28.44991394567906,25.636626796312544,31.668478327983227,28.992201775800236,0.016080839464808122,3.269894518661493,27.796665167842114,24.526770649180623
1995-08-21,28.30240048543663,25.69104629199489,31.408618882123104,28.96984099526637,0.15042733431601937,2.930638131361772,24.066601548240232,21.135963416878457,28.30240048543663,25.69104629199489,31.408618882123104,28.96984099526637,0.15042733431601937,2.930638131361772,24.066601548240232,21.135963416878457
1995-08-22,28.22542687703068,25.26304683114235,31.433681768327933,28.796758729800935,0.36593827965407666,2.794378548965524,22.06471105483099,19.270332505865472,28.22542687703068,25.26304683114235,31.433681768327933,28.796758729800935,0.36593827965407666,2.794378548965524,22.06471105483099,19.270332505865472
1995-08-23,28.207501832703,24.858815543674204,31.60110980682529,28.843407013971337,0.4606328383805123,2.620513059852323,20.363938631558756,17.743425571706435,28.207501832703,24.858815543674204,31.60110980682529,28.843407013971337,0.4606328383805123,2.620513059852323,20.363938631558756,17.743425571706435
1995-08-24,27.746997555469342,25.537259127195945,31.062164023931064,28.135045069960718,2.1154139191087555,2.6247690563976196,15.454735820794783,12.829966764397161,27.746997555469342,25.537259127195945,31.062164023931064,28.135045069960718,2.1154139191087555,2.6247690563976196,15.454735820794783,12.829966764397161
1995-08-25,28.192826823330595,25.873734903956976,31.18420381885292,28.77654913664568,1.885916957682225,2.64031926052551,16.90820393563577,14.267884675110256,28.192826823330595,25.873734903956976,31.18420381885292,28.77654913664568,1.885916957682225,2.64031926052551,16.90820393563577,14.267884675110256
1995-08-26,28.42936601928808,25.993113015696498,31.871004032190054,29.073883400756095,1.964600974713195,2.796264028084155,18.732536847887836,15.936272819803689,28.42936601928808,25.993113015696498,31.871004032190054,29.073883400756095,1.964600974713195,2.796264028084155,18.732536847887836,15.936272819803689
1995-08-27,28.749484038478876,26.21550613086207,32.60628206871808,29.31841718994625,2.712347265722687,2.9798187138319174,22.101013779157313,19.12119506532539,28.749484038478876,26.21550613086207,32.60628206871808,29.31841718994625,2.712347265722687,2.9798187138319174,22.101013779157313,19.12119506532539
1995-08-28,28.66179568985049,25.79332952388532,32.65182046544257,29.27189397472606,0.987973398791102,2.869532127674721,24.163519201899284,21.29398707422457,28.66179568985049,25.79332952388532,32.65182046544257,29.27189397472606,0.987973398791102,2.869532127674721,24.163519201899284,21.29398707422457
1995-08-29,29.030151102169796,25.82483308636914,32.583947818402656,29.710780996546845,0.21947513545386674,2.344056204166072,27.326567000740635,24.98251079657456,29.030151102169796,25.82483308636914,32.583947818402656,29.710780996546845,0.21947513545386674,2.344056204166072,27.326567000740635,24.98251079657456
1995-08-30,29.096248641847808,26.070599747913374,33.05088599441164,29.909509116102527,9.98059725171728E-4,2.3457549719711386,28.965224849480727,26.61946987750959,29.096248641847808,26.070599747913374,33.05088599441164,29.909509116102527,9.98059725171728E-4,2.3457549719711386,28.965224849480727,26.61946987750959
1995-08-31,29.14519666018049,26.50556662231312,32.88194214920623,30.032994041026278,0.23816849631347825,2.0629658687540915,24.96169764166694,22.898731772912846,29.14519666018049,26.50556662231312,32.88194214920623,30.032994041026278,0.23816849631347825,2.0629658687540915,24.96169764166694,22.898731772912846
1995-09-01,29.327804278913177,26.713583523440196,33.37115546989369,30.162405615467577,0.15533953555097965,1.8705640013771558,24.955967050826473,23.085403049449305,29.327804278913177,26.713583523440196,33.37115546989369,30.162405615467577,0.15533953555097965,1.8705640013771558,24.955967050826473,23.085403049449305
1995-09-02,29.388659018838624,26.82591807817895,33.373329038441916,30.219594973270524,0.3074058540638042,1.7289651676555802,22.619160066065792,20.89019489841022,29.388659018838624,26.82591807817895,33.373329038441916,30.219594973270524,0.3074058540638042,1.7289651676555802,22.619160066065792,20.89019489841022
1995-09-03,29.024468363060652,26.67173531892724,33.00863180614007,29.70466343099353,3.148309243485387,2.221279079504585,21.617885614709557,19.39660653520497,29.024468363060652,26.67173531892724,33.00863180614007,29.70466343099353,3.148309243485387,2.221279079504585,21.617885614709557,19.39660653520497
1995-09-04,28.155592295176536,25.595348520201625,32.07481225938512,28.85458757701276,4.051145656104216,2.1975391674635905,18.306153979613008,16.108614812149426,28.155592295176536,25.595348520201625,32.07481225938512,28.85458757701276,4.051145656104216,2.1975391674635905,18.306153979613008,16.108614812149426
1995-09-05,26.44198446946765,25.26163053173291,28.223579298706643,26.686632902694754,5.049370685364092,2.469724329603771,9.784784534104313,7.315060204500542,26.44198446946765,25.26163053173291,28.223579298706643,26.686632902694754,5.049370685364092,2.469724329603771,9.784784534104313,7.315060204500542
1995-09-06,26.409890603520964,24.26270254900351,29.026284945905466,26.54099652141527,9.271300658769999,3.769434028636111,13.215645281686534,9.446211253050434,26.409890603520964,24.26270254900351,29.026284945905466,26.54099652141527,9.271300658769999,3.769434028636111,13.215645281686534,9.446211253050434
1995-09-07,26.117909755081943,23.699609407248204,29.97311811672203,26.08266140815861,10.46742964218493,4.179628218834816,12.552061517417487,8.372433298582674,26.117909755081943,23.699609407248204,29.97311811672203,26.08266140815861,10.46742964218493,4.179628218834816,12.552061517417487,8.372433298582674
1995-09-08,26.380306219172795,24.07662598602193,29.58584127879633,26.44339895177864,4.000797190688033,3.592002476516661,13.82429328297342,10.232290806456762,26.380306219172795,24.07662598602193,29.58584127879633,26.44339895177864,4.000797190688033,3.592002476516661,13.82429328297342,10.232290806456762
1995-09-09,26.903322821502197,23.7828376632964,30.48223670241945,27.129675169171435,1.0762476782514907,2.9509719697395735,16.778256456778053,13.827284487038483,26.903322821502197,23.7828376632964,30.48223670241945,27.129675169171435,1.0762476782514907,2.9509719697395735,16.778256456778053,13.827284487038483
1995-09-10,27.466265217547218,25.136739777997963,30.986579287140273,27.949214644307265,2.6661868076922386,2.9660934813953106,18.109960013730877,15.143866532335569,27.466265217547218,25.136739777997963,30.986579287140273,27.949214644307265,2.6661868076922386,2.9660934813953106,18.109960013730877,15.143866532335569
1995-09-11,27.02184652279442,24.646544041756165,30.793547484319557,27.02047649803224,5.733573476627453,4.498306665124714,15.816809717787525,11.318503052662821,27.02184652279442,24.646544041756165,30.793547484319557,27.02047649803224,5.733573476627453,4.498306665124714,15.816809717787525,11.318503052662821
1995-09-12,27.097521616447597,24.440423283000815,31.212570407567735,27.4707267167325,1.3740559039744187,3.325076722915573,17.625020864816904,14.29994414190132,27.097521616447597,24.440423283000815,31.212570407567735,27.4707267167325,1.3740559039744187,3.325076722915573,17.625020864816904,14.29994414190132
1995-09-13,27.721048939736082,24.586997426332946,31.899677898195964,28.259379371472036,1.72851375308706,3.033930344907968,22.5232237633075,19.489293418399523,27.721048939736082,24.586997426332946,31.899677898195964,28.259379371472036,1.72851375308706,3.033930344907968,22.5232237633075,19.489293418399523
1995-09-14,28.0684146855573,25.394345475452422,31.51619986453157,28.588544733742467,2.055408176622736,3.116417914371794,22.06101446199602,18.94459654762422,28.0684146855573,25.394345475452422,31.51619986453157,28.588544733742467,2.055408176622736,3.116417914371794,22.06101446199602,18.94459654762422
1995-09-15,27.59808675374762,24.83005337663077,31.022923954409023,28.153917779908014,2.5327287223180566,2.8845587900802663,19.089530493411935,16.204971703331665,27.59808675374762,24.83005337663077,31.022923954409023,28.153917779908014,2.5327287223180566,2.8845587900802663,19.089530493411935,16.204971703331665
1995-09-16,27.87510985530884,25.083185480916576,32.34799119305043,28.339242171211104,0.6216731990980997,2.667122434886378,20.370165474631488,17.703043039745115,27.87510985530884,25.083185480916576,32.34799119305043,28.339242171211104,0.6216731990980997,2.667122434886378,20.370165474631488,17.703043039745115
1995-09-17,28.292731685981007,25.429060354632487,31.710691958726677,28.817128432747477,0.8694898624494066,2.7406126701651248,22.793132765858303,20.052520095693172,28.292731685981007,25.429060354632487,31.710691958726677,28.817128432747477,0.8694898624494066,2.7406126701651248,22.793132765858303,20.052520095693172
1995-09-18,28.277304515231762,25.37349596604695,32.13871608410299,28.847518385129955,1.3501596948385817,2.793757814432416,23.63409346554135,20.840335651108937,28.277304515231762,25.37349596604695,32.13871608410299,28.847518385129955,1.3501596948385817,2.793757814432416,23.63409346554135,20.840335651108937
1995-09-19,28.690292205129786,25.851728811663733,32.44876332110016,29.40953884046384,0.23855923157174755,2.2751462152775597,24.952171188649597,22.677024973372024,28.690292205129786,25.851728811663733,32.44876332110016,29.40953884046384,0.23855923157174755,2.2751462152775597,24.952171188649597,22.677024973372024
1995-09-20,29.049771879312026,25.90289640087352,32.641041273094835,29.700982642725307,0.5391135428633794,2.260734467213109,27.189556542060956,24.928822074847854,29.049771879312026,25.90289640087352,32.641041273094835,29.700982642725307,0.5391135428633794,2.260734467213109,27.189556542060956,24.928822074847854
1995-09-21,29.08469983600634,25.697522839058735,32.709788605091,29.78867155211451,0.5236859197120787,1.9774987693979689,26.69785850146321,24.72035973206524,29.08469983600634,25.697522839058735,32.709788605091,29.78867155211451,0.5236859197120787,1.9774987693979689,26.69785850146321,24.72035973206524
1995-09-22,28.267976926046913,25.666655926571668,32.47535337076587,28.753825766606017,4.755967741978477,3.1911173232448227,20.757141161884533,17.56602383863972,28.267976926046913,25.666655926571668,32.47535337076587,28.753825766606017,4.755967741978477,3.1911173232448227,20.757141161884533,17.56602383863972
1995-09-23,27.160675518801412,24.793984684368002,30.80601668295698,27.512610221191917,4.399396317948123,3.5728115907287266,16.8003324483557,13.22752085762697,27.160675518801412,24.793984684368002,30.80601668295698,27.512610221191917,4.399396317948123,3.5728115907287266,16.8003324483557,13.22752085762697
1995-09-24,27.670398545004808,25.069692175133838,31.388206040670216,28.283218703270588,1.4425995705538377,2.368141259629359,18.87611141766238,16.50797015803302,27.670398545004808,25.069692175133838,31.388206040670216,28.283218703270588,1.4425995705538377,2.368141259629359,18.87611141766238,16.50797015803302
1995-09-25,27.77100908365194,25.441545779505965,31.54026360909837,28.0401753197062,1.5032486191805545,2.555186824834379,17.415784929221928,14.860598104387549,27.77100908365194,25.441545779505965,31.54026360909837,28.0401753197062,1.5032486191805545,2.555186824834379,17.415784929221928,14.860598104387549
1995-09-26,28.178406901514713,25.80361558162393,32.13633537977748,28.602955294388863,2.085392135537618,2.5969223769177594,18.612687419883457,16.0157650429657,28.178406901514713,25.80361558162393,32.13633537977748,28.602955294388863,2.085392135537618,2.5969223769177594,18.612687419883457,16.0157650429657
1995-09-27,27.013254129056687,25.327868768437334,29.59971396891986,26.69020520566671,17.358021393333246,4.516224914524663,11.194218772845012,6.677993858320353,27.013254129056687,25.327868768437334,29.59971396891986,26.69020520566671,17.358021393333246,4.516224914524663,11.194218772845012,6.677993858320353
1995-09-28,26.56559901302988,25.22097965037579,29.285780293087374,26.190341759466992,17.147717017360158,5.629356285244191,12.384451616079124,6.75509533083493,26.56559901302988,25.22097965037579,29.285780293087374,26.190341759466992,17.147717017360158,5.629356285244191,12.384451616079124,6.75509533083493
1995-09-29,26.90194279351709,25.705948103864035,29.80355678234518,26.728260170082304,7.78907971836614,3.72883921286387,11.070602788980592,7.341763576116728,26.90194279351709,25.705948103864035,29.80355678234518,26.728260170082304,7.78907971836614,3.72883921286387,11.070602788980592,7.341763576116728
1995-09-30,26.03165374667172,24.98875111965861,27.92237407043388,25.794193788407323,11.143694027982795,3.135187796101514,6.62770076888092,3.4925129727794078,26.03165374667172,24.98875111965861,27.92237407043388,25.794193788407323,11.143694027982795,3.135187796101514,6.62770076888092,3.4925129727794078
1995-10-01,24.30276264272634,23.654391111862285,25.433019034885152,24.053233808674477,29.27490764199984,4.6170557081153465,4.71805738086388,0.10100167274853007,24.30276264272634,23.654391111862285,25.433019034885152,24.053233808674477,29.27490764199984,4.6170557081153465,4.71805738086388,0.10100167274853007
1995-10-02,25.413159853048565,23.4988152773038,28.11464831388173,24.774397186058902,20.4203593033667,9.669743115479312,20.35219429107399,10.682451175594668,25.413159853048565,23.4988152773038,28.11464831388173,24.774397186058902,20.4203593033667,9.669743115479312,20.35219429107399,10.682451175594668
1995-10-03,25.473780919588247,24.268745819553985,27.229933974322098,24.9481087386224,42.7807875715036,10.404546484981008,15.870534610521538,5.465988125540538,25.473780919588247,24.268745819553985,27.229933974322098,24.9481087386224,42.7807875715036,10.404546484981008,15.870534610521538,5.465988125540538
1995-10-04,27.217171033245815,25.632111328812922,29.182043574199785,27.10824854941363,7.300282971209811,6.394285033547192,21.681413085958656,15.287128052411466,27.217171033245815,25.632111328812922,29.182043574199785,27.10824854941363,7.300282971209811,6.394285033547192,21.681413085958656,15.287128052411466
1995-10-05,27.146051212833445,25.266913808168884,30.188245597428125,27.38727522408082,0.4464531152624421,4.1685319400985215,16.143470412095944,11.974938471997424,27.146051212833445,25.266913808168884,30.188245597428125,27.38727522408082,0.4464531152624421,4.1685319400985215,16.143470412095944,11.974938471997424
1995-10-06,26.581903675675555,24.71255761576854,28.54385461111894,26.67620092797081,4.351138045421976E-4,4.10740952197411,25.309971703971588,21.202562181997482,26.581903675675555,24.71255761576854,28.54385461111894,26.67620092797081,4.351138045421976E-4,4.10740952197411,25.309971703971588,21.202562181997482
1995-10-07,26.663638013504087,25.60115693224358,28.311010042400785,26.636650812736526,0.10693423352020302,3.814594839496504,37.4593953246086,33.64480048511209,26.663638013504087,25.60115693224358,28.311010042400785,26.636650812736526,0.10693423352020302,3.814594839496504,37.4593953246086,33.64480048511209
1995-10-08,25.98950495615219,24.718981716455595,27.921939821098793,26.0396194414563,0.041704931716358626,3.6111054853439417,34.53525844416847,30.92415295882454,25.98950495615219,24.718981716455595,27.921939821098793,26.0396194414563,0.041704931716358626,3.6111054853439417,34.53525844416847,30.92415295882454
1995-10-09,25.256520100228908,24.175300355745268,26.488053386133238,24.817958903584255,10.91191554073369,5.324182617266484,15.03307718485751,9.708894567591022,25.256520100228908,24.175300355745268,26.488053386133238,24.817958903584255,10.91191554073369,5.324182617266484,15.03307718485751,9.708894567591022
1995-10-10,25.052350324653386,23.904653929589077,27.213213410466473,24.628925914838263,13.687142094657172,5.850625132886655,15.141482507943177,9.290857375056529,25.052350324653386,23.904653929589077,27.213213410466473,24.628925914838263,13.687142094657172,5.850625132886655,15.141482507943177,9.290857375056529
1995-10-11,24.877294764933552,22.819416866591347,25.688745299927444,24.336591913532935,32.249382693563504,11.515127720626857,17.781717654851676,6.26658993422481,24.877294764933552,22.819416866591347,25.688745299927444,24.336591913532935,32.249382693563504,11.515127720626857,17.781717654851676,6.26658993422481
1995-10-12,23.518123665809913,21.28113680010151,25.877464035910215,23.032773744162842,22.975965730738327,8.859613142033703,13.104405523123305,4.244792381089604,23.518123665809913,21.28113680010151,25.877464035910215,23.032773744162842,22.975965730738327,8.859613142033703,13.104405523123305,4.244792381089604
1995-10-13,24.841526069251405,22.798809546792747,28.00840260719651,24.651634395823717,5.734360749174691,4.603998923189373,12.36086412765644,7.7568652044670685,24.841526069251405,22.798809546792747,28.00840260719651,24.651634395823717,5.734360749174691,4.603998923189373,12.36086412765644,7.7568652044670685
1995-10-14,26.070675153016737,24.530488610611904,28.990005710302114,25.753989779776987,4.7041417301939825,5.1283242158636355,15.93281658298744,10.80449236712381,26.070675153016737,24.530488610611904,28.990005710302114,25.753989779776987,4.7041417301939825,5.1283242158636355,15.93281658298744,10.80449236712381
1995-10-15,25.86408972028591,25.157268202493743,26.691905788033253,25.610692035674674,9.575381560113993,4.917708188151023,25.305538918191836,20.38783073004082,25.86408972028591,25.157268202493743,26.691905788033253,25.610692035674674,9.575381560113993,4.917708188151023,25.305538918191836,20.38783073004082
1995-10-16,25.32251117997872,23.567768267033216,27.522784190565847,25.250056672597402,0.45104106470244393,4.1371958540879135,31.70828210526513,27.57108625117721,25.32251117997872,23.567768267033216,27.522784190565847,25.250056672597402,0.45104106470244393,4.1371958540879135,31.70828210526513,27.57108625117721
1995-10-17,25.506896425690417,22.7564131599364,28.8642617489343,25.562521499628367,0.3478161442149646,3.780660805708717,28.397679095349712,24.61701828964098,25.506896425690417,22.7564131599364,28.8642617489343,25.562521499628367,0.3478161442149646,3.780660805708717,28.397679095349712,24.61701828964098
1995-10-18,26.064971062218095,23.47152329646769,29.742571922589725,26.320973113031936,1.7083271230430237,3.900628465097548,18.712904048390097,14.81227558329255,26.064971062218095,23.47152329646769,29.742571922589725,26.320973113031936,1.7083271230430237,3.900628465097548,18.712904048390097,14.81227558329255
1995-10-19,25.96591189515363,24.1354560886986,29.46995384482351,25.9729243182766,4.735403829912391,3.6108622749970167,9.392202023827467,5.781339748830451,25.96591189515363,24.1354560886986,29.46995384482351,25.9729243182766,4.735403829912391,3.6108622749970167,9.392202023827467,5.781339748830451
1995-10-20,25.734924833184134,23.474660753960208,28.484538011594523,25.519483700114314,1.1222341266364253,3.541870627915746,11.577960480347027,8.036089852431283,25.734924833184134,23.474660753960208,28.484538011594523,25.519483700114314,1.1222341266364253,3.541870627915746,11.577960480347027,8.036089852431283
1995-10-21,25.908314293080664,25.070637386976344,26.84704286387869,25.940694119788297,1.2091128205864194,3.874250943862706,27.75800159622892,23.883750652366224,25.908314293080664,25.070637386976344,26.84704286387869,25.940694119788297,1.2091128205864194,3.874250943862706,27.75800159622892,23.883750652366224
1995-10-22,25.753531042163782,24.572015063751692,28.379282400917884,25.773934264013366,3.7795533887010584,3.476574661701592,21.981003348803842,18.504428687102248,25.753531042163782,24.572015063751692,28.379282400917884,25.773934264013366,3.7795533887010584,3.476574661701592,21.981003348803842,18.504428687102248
1995-10-23,25.96280653697026,23.731134699666573,29.821186504518472,26.114265412020202,0.6735358871427709,3.605962100439757,13.472060558450767,9.866098458011011,25.96280653697026,23.731134699666573,29.821186504518472,26.114265412020202,0.6735358871427709,3.605962100439757,13.472060558450767,9.866098458011011
1995-10-24,26.608274858597305,24.724405089966496,29.040510334956764,26.78201709826586,1.243381337976968,3.154553836798764,13.639106609087335,10.48455277228857,26.608274858597305,24.724405089966496,29.040510334956764,26.78201709826586,1.243381337976968,3.154553836798764,13.639106609087335,10.48455277228857
1995-10-25,26.50342747203558,25.004295757061197,29.451380179238207,26.521888237899724,2.293490395658492,3.4437753107922293,14.919103202306708,11.47532789151447,26.50342747203558,25.004295757061197,29.451380179238207,26.521888237899724,2.293490395658492,3.4437753107922293,14.919103202306708,11.47532789151447
1995-10-26,26.584928028984063,24.20661269158026,29.812114178911777,26.884005272482312,0.23890607009840184,3.2475566850366944,15.71619978313003,12.46864309809333,26.584928028984063,24.20661269158026,29.812114178911777,26.884005272482312,0.23890607009840184,3.2475566850366944,15.71619978313003,12.46864309809333
1995-10-27,26.99166529911758,23.989357402569013,31.121033899428802,27.101252350287137,0.00258088101645626,3.4753955718931606,20.178535809479953,16.703140237586783,26.99166529911758,23.989357402569013,31.121033899428802,27.101252350287137,0.00258088101645626,3.4753955718931606,20.178535809479953,16.703140237586783
1995-10-28,26.97932609109314,24.319274818498283,30.243200951254014,27.195492990584956,0.057167039448552164,3.199336318120061,20.082942897394194,16.88360657927414,26.97932609109314,24.319274818498283,30.243200951254014,27.195492990584956,0.057167039448552164,3.199336318120061,20.082942897394194,16.88360657927414
1995-10-29,26.827819553826338,24.264087030156087,30.305090433075666,27.005418893156307,0.08901944883796428,2.883609957722721,20.03974821018307,17.156138252460355,26.827819553826338,24.264087030156087,30.305090433075666,27.005418893156307,0.08901944883796428,2.883609957722721,20.03974821018307,17.156138252460355
1995-10-30,27.054326873515897,24.825012123185797,30.696731451289125,27.133027276951434,2.637283330230613,3.4017045130902654,19.251320703993716,15.849616190903454,27.054326873515897,24.825012123185797,30.696731451289125,27.133027276951434,2.637283330230613,3.4017045130902654,19.251320703993716,15.849616190903454
1995-10-31,26.707733698844194,24.562024625567876,30.870567530853332,26.717550374813047,4.9935669683158785,3.7505125578370824,15.523218531745469,11.772705973908378,26.707733698844194,24.562024625567876,30.870567530853332,26.717550374813047,4.9935669683158785,3.7505125578370824,15.523218531745469,11.772705973908378
1995-11-01,26.827928091973934,24.45186038768049,30.611904924425563,26.788044783513907,0.2682034212744347,3.3608168660780824,16.81386749743995,13.453050631361869,26.827928091973934,24.45186038768049,30.611904924425563,26.788044783513907,0.2682034212744347,3.3608168660780824,16.81386749743995,13.453050631361869
1995-11-02,27.559085588095723,24.717853383020216,31.276835874723393,27.67922841114975,0.13336873088096296,3.168113242313869,21.44746715941031,18.279353917096426,27.559085588095723,24.717853383020216,31.276835874723393,27.67922841114975,0.13336873088096296,3.168113242313869,21.44746715941031,18.279353917096426
1995-11-03,26.66880908870659,23.803730014479846,29.893737343643302,26.83870362549086,0.7877882726128458,2.5661034488544656,16.963621319998904,14.39751787114443,26.66880908870659,23.803730014479846,29.893737343643302,26.83870362549086,0.7877882726128458,2.5661034488544656,16.963621319998904,14.39751787114443
1995-11-04,26.753030287565867,24.354734793109042,29.430883384884595,26.91678993567294,0.05879463269477014,2.702418096066991,20.390630104290675,17.688212008223687,26.753030287565867,24.354734793109042,29.430883384884595,26.91678993567294,0.05879463269477014,2.702418096066991,20.390630104290675,17.688212008223687
1995-11-05,26.921706437499168,24.66214549517115,29.916496889034374,27.09188745997391,0.5978911419949526,2.6521077724032605,20.516760600058277,17.864652827655018,26.921706437499168,24.66214549517115,29.916496889034374,27.09188745997391,0.5978911419949526,2.6521077724032605,20.516760600058277,17.864652827655018
1995-11-06,26.983017551287368,24.073420022532442,30.336949166851795,27.213176358142302,0.5853393917087436,2.8061195020473693,19.056980993156486,16.25086149110912,26.983017551287368,24.073420022532442,30.336949166851795,27.213176358142302,0.5853393917087436,2.8061195020473693,19.056980993156486,16.25086149110912
1995-11-07,27.3044627899658,24.18748595804422,31.870934225514336,27.503035161304055,0.19356131280715627,2.8221390048365373,19.776981049710994,16.954842044874443,27.3044627899658,24.18748595804422,31.870934225514336,27.503035161304055,0.19356131280715627,2.8221390048365373,19.776981049710994,16.954842044874443
1995-11-08,26.96267734315738,24.438121640593994,29.22355298414826,27.494295939344337,0.9123917845179499,2.342370774711088,14.864125992681576,12.52175521797049,26.96267734315738,24.438121640593994,29.22355298414826,27.494295939344337,0.9123917845179499,2.342370774711088,14.864125992681576,12.52175521797049
1995-11-09,26.165209527243594,23.92479259656234,28.802219028882675,26.37688683217237,1.185498975689761,2.600929274034461,14.902914373985507,12.301985099951052,26.165209527243594,23.92479259656234,28.802219028882675,26.37688683217237,1.185498975689761,2.600929274034461,14.902914373985507,12.301985099951052
1995-11-10,26.510643033050773,23.317998116316158,31.02192271126113,26.78163790159198,0.006183003357134675,2.5890084336518027,23.101426477308802,20.512418043656993,26.510643033050773,23.317998116316158,31.02192271126113,26.78163790159198,0.006183003357134675,2.5890084336518027,23.101426477308802,20.512418043656993
1995-11-11,26.725253346599864,23.21597363350041,31.078381182115262,27.055841801459568,0.07346677451933276,2.3484822328544572,20.927338175640937,18.57885594278647,26.725253346599864,23.21597363350041,31.078381182115262,27.055841801459568,0.07346677451933276,2.3484822328544572,20.927338175640937,18.57885594278647
1995-11-12,25.97582058921668,24.461682011737626,27.188524023299845,26.06728259430706,2.848008743185179,2.610254151974293,15.202131522566805,12.591877370592501,25.97582058921668,24.461682011737626,27.188524023299845,26.06728259430706,2.848008743185179,2.610254151974293,15.202131522566805,12.591877370592501
1995-11-13,25.05147381834379,23.06425240877099,28.13329854752232,25.42286094037589,0.3205437723572276,2.27213393425744,20.72180822549381,18.449674291236374,25.05147381834379,23.06425240877099,28.13329854752232,25.42286094037589,0.3205437723572276,2.27213393425744,20.72180822549381,18.449674291236374
1995-11-14,24.549592035393633,22.867916769072682,26.869541956413396,24.692928163851544,0.3682337466728719,2.3401139888619817,24.95638391855276,22.616269929690773,24.549592035393633,22.867916769072682,26.869541956413396,24.692928163851544,0.3682337466728719,2.3401139888619817,24.95638391855276,22.616269929690773
1995-11-15,24.110203468221588,21.424827999747816,27.344860652803945,24.145220051794954,0.575520987813271,2.302661216967056,21.379675565260566,19.077014348293506,24.110203468221588,21.424827999747816,27.344860652803945,24.145220051794954,0.575520987813271,2.302661216967056,21.379675565260566,19.077014348293506
1995-11-16,24.488695117690256,21.739287945249167,27.86954487487852,24.713448313764296,0.1755092301682402,2.0354394359739145,25.109240820013998,23.07380138404007,24.488695117690256,21.739287945249167,27.86954487487852,24.713448313764296,0.1755092301682402,2.0354394359739145,25.109240820013998,23.07380138404007
1995-11-17,24.80652108070957,21.718951698725103,28.8224108086962,24.996184420521278,0.20687134278742272,2.107316796386082,26.281147316103457,24.173830519717374,24.80652108070957,21.718951698725103,28.8224108086962,24.996184420521278,0.20687134278742272,2.107316796386082,26.281147316103457,24.173830519717374
1995-11-18,25.434283845755317,22.14114681618779,29.831432956051877,25.680479951871778,0.0038115615798543926,2.193494587375606,30.83794536977721,28.644450782401623,25.434283845755317,22.14114681618779,29.831432956051877,25.680479951871778,0.0038115615798543926,2.193494587375606,30.83794536977721,28.644450782401623
1995-11-19,25.4343894266951,22.093047544258297,29.447993061298067,25.75130527761038,0.002268986535685378,2.0382147756060385,29.833170798892233,27.79495602328619,25.4343894266951,22.093047544258297,29.447993061298067,25.75130527761038,0.002268986535685378,2.0382147756060385,29.833170798892233,27.79495602328619
1995-11-20,25.0846583302905,22.228460858900263,28.36047333397882,25.5693258430416,0.001732257146613847,1.78783073005709,23.283396156353195,21.495565426296103,25.0846583302905,22.228460858900263,28.36047333397882,25.5693258430416,0.001732257146613847,1.78783073005709,23.283396156353195,21.495565426296103
1995-11-21,24.758407454733142,23.177377184968265,26.905553182324404,24.946346826386538,0.6299870834673066,1.8290600550136917,23.06683994002978,21.237779885016092,24.758407454733142,23.177377184968265,26.905553182324404,24.946346826386538,0.6299870834673066,1.8290600550136917,23.06683994002978,21.237779885016092
1995-11-22,24.06927297587017,22.797601818206953,25.84790008641662,24.13342958172406,1.0712702788777462,1.8060719381129497,26.023434751278987,24.21736281316604,24.06927297587017,22.797601818206953,25.84790008641662,24.13342958172406,1.0712702788777462,1.8060719381129497,26.023434751278987,24.21736281316604
1995-11-23,24.09489638071133,20.967703412611204,27.995753721403087,24.37913123799609,8.64324294155258E-4,1.8851989430781193,29.526546873039397,27.64134792996128,24.09489638071133,20.967703412611204,27.995753721403087,24.37913123799609,8.64324294155258E-4,1.8851989430781193,29.526546873039397,27.64134792996128
1995-11-24,24.46416265289037,21.54604562058668,27.61320809165786,24.904556570829023,0.105173276341741,1.5317733140741692,25.341958904526685,23.810185590452527,24.46416265289037,21.54604562058668,27.61320809165786,24.904556570829023,0.105173276341741,1.5317733140741692,25.341958904526685,23.810185590452527
1995-11-25,23.71988084736436,21.58875932468411,26.152704174529447,23.843270084165724,0.8913573704610392,1.8149142945136094,27.28407610340327,25.469161808889652,23.71988084736436,21.58875932468411,26.152704174529447,23.843270084165724,0.8913573704610392,1.8149142945136094,27.28407610340327,25.469161808889652
1995-11-26,23.148596288867616,20.47864591538713,26.499893889338125,23.464594449344197,0.003881702684849769,1.709110863302093,30.61203959070909,28.902928727406998,23.148596288867616,20.47864591538713,26.499893889338125,23.464594449344197,0.003881702684849769,1.709110863302093,30.61203959070909,28.902928727406998
1995-11-27,22.668466402855298,18.54064237534808,28.27881431458654,22.972461299262513,0.0012887756497548253,1.7990435540214222,30.109886737430784,28.310843183409364,22.668466402855298,18.54064237534808,28.27881431458654,22.972461299262513,0.0012887756497548253,1.7990435540214222,30.109886737430784,28.310843183409364
1995-11-28,24.991396368559112,21.462847699376592,30.92946599440989,25.328587705400174,0.11985733407293947,1.4758082775923305,21.842639965463494,20.366831687871166,24.991396368559112,21.462847699376592,30.92946599440989,25.328587705400174,0.11985733407293947,1.4758082775923305,21.842639965463494,20.366831687871166
1995-11-29,25.610140995555522,23.1990888078937,28.801078172383352,26.006047250654248,1.2035718704034166,1.4437782457121324,12.66398912544358,11.220210879731441,25.610140995555522,23.1990888078937,28.801078172383352,26.006047250654248,1.2035718704034166,1.4437782457121324,12.66398912544358,11.220210879731441
1995-11-30,24.77743775664584,23.228913736964795,27.370566396790476,24.95784676921225,1.4121856433699858,1.7447322488943837,15.998246303722436,14.253514054828054,24.77743775664584,23.228913736964795,27.370566396790476,24.95784676921225,1.4121856433699858,1.7447322488943837,15.998246303722436,14.253514054828054
1995-12-01,25.557765903721435,23.119425712281725,29.66588206571686,25.938437146111532,0.3500128189162831,1.5441230640954304,20.78402494042638,19.23990187633096,25.557765903721435,23.119425712281725,29.66588206571686,25.938437146111532,0.3500128189162831,1.5441230640954304,20.78402494042638,19.23990187633096
1995-12-02,25.91518450463006,22.88534570837066,30.03563661108385,26.32267234410795,0.018396504372935673,1.4825816075643963,23.306094918317378,21.82351331075298,25.91518450463006,22.88534570837066,30.03563661108385,26.32267234410795,0.018396504372935673,1.4825816075643963,23.306094918317378,21.82351331075298
1995-12-03,25.52576656294518,21.77898546133545,29.770657349707694,25.937172773279876,0.0,1.5090902366450067,28.590257306802677,27.081167070157676,25.52576656294518,21.77898546133545,29.770657349707694,25.937172773279876,0.0,1.5090902366450067,28.590257306802677,27.081167070157676
1995-12-04,24.622446769328327,20.84358030119674,28.644379680078544,25.038365651195996,8.52346317969932E-4,1.3987390136174975,27.056694802325882,25.65795578870839,24.622446769328327,20.84358030119674,28.644379680078544,25.038365651195996,8.52346317969932E-4,1.3987390136174975,27.056694802325882,25.65795578870839
1995-12-05,24.267632860239967,20.39378074976537,29.242212381661837,24.603694501381646,8.501875186084362E-4,1.4517250752608601,29.10864860995129,27.65692353469042,24.267632860239967,20.39378074976537,29.242212381661837,24.603694501381646,8.501875186084362E-4,1.4517250752608601,29.10864860995129,27.65692353469042
1995-12-06,24.142306702951917,20.072199985870935,28.64985628467326,24.533103347084943,0.0,1.3349559607509784,28.978861272649976,27.643905311898987,24.142306702951917,20.072199985870935,28.64985628467326,24.533103347084943,0.0,1.3349559607509784,28.978861272649976,27.643905311898987
1995-12-07,24.4004437803004,20.579577285212967,28.872307183298226,24.856856653854727,0.0021294850398589915,1.3052657815421411,26.06822461330709,24.76295883176495,24.4004437803004,20.579577285212967,28.872307183298226,24.856856653854727,0.0021294850398589915,1.3052657815421411,26.06822461330709,24.76295883176495
1995-12-08,25.176176150802277,21.15153496645835,30.3771122506824,25.525021794251913,4.351138045421976E-4,1.2021092353529728,27.312670151042695,26.110560915689724,25.176176150802277,21.15153496645835,30.3771122506824,25.525021794251913,4.351138045421976E-4,1.2021092353529728,27.312670151042695,26.110560915689724
1995-12-09,25.609253217144705,22.63457916786482,29.262186770759893,26.04935495869947,0.6175969910058977,1.1817531469276392,20.11745433313572,18.93570118620807,25.609253217144705,22.63457916786482,29.262186770759893,26.04935495869947,0.6175969910058977,1.1817531469276392,20.11745433313572,18.93570118620807
1995-12-10,23.194283906453542,22.245294205577185,25.545584239737952,23.01680903589841,6.572772338448605,3.355175822608465,11.641982330029673,8.286806507421215,23.194283906453542,22.245294205577185,25.545584239737952,23.01680903589841,6.572772338448605,3.355175822608465,11.641982330029673,8.286806507421215
1995-12-11,22.992840600985144,22.077801880226747,24.508208644822552,23.069198996407437,1.7176604188600033,1.962911807375922,34.76320065403119,32.80028884665527,22.992840600985144,22.077801880226747,24.508208644822552,23.069198996407437,1.7176604188600033,1.962911807375922,34.76320065403119,32.80028884665527
1995-12-12,23.548225711788064,21.725264886988384,26.481122493710263,23.756504507088295,0.06568615975355618,1.1370348602706548,23.273720925292647,22.136686065021994,23.548225711788064,21.725264886988384,26.481122493710263,23.756504507088295,0.06568615975355618,1.1370348602706548,23.273720925292647,22.136686065021994
1995-12-13,24.280101823062182,21.500917410640533,28.159465586362263,24.64462557397738,0.06072141300528684,1.2786314203054518,19.55845620838761,18.279824788082163,24.280101823062182,21.500917410640533,28.159465586362263,24.64462557397738,0.06072141300528684,1.2786314203054518,19.55845620838761,18.279824788082163
1995-12-14,24.747337262613986,21.502101259409564,29.258936981921334,25.053818542822725,0.011175318626051877,1.2610411778612005,18.980422986565692,17.71938180870449,24.747337262613986,21.502101259409564,29.258936981921334,25.053818542822725,0.011175318626051877,1.2610411778612005,18.980422986565692,17.71938180870449
1995-12-15,25.497771611604982,22.174071214332553,30.15271096278256,25.79907291161988,0.03623114408615162,1.2079686590402465,21.957822317239803,20.749853658199562,25.497771611604982,22.174071214332553,30.15271096278256,25.79907291161988,0.03623114408615162,1.2079686590402465,21.957822317239803,20.749853658199562
1995-12-16,25.771004217975825,22.620567245993957,29.8035263991347,26.21597948006045,0.016695947531267616,1.1834456182179123,20.151622493676875,18.968176875458962,25.771004217975825,22.620567245993957,29.8035263991347,26.21597948006045,0.016695947531267616,1.1834456182179123,20.151622493676875,18.968176875458962
1995-12-17,25.946870555163333,22.953384315568616,30.25511237907337,26.262280648950334,0.16530318311266287,1.1016910973780165,21.79597759066269,20.694286493284682,25.946870555163333,22.953384315568616,30.25511237907337,26.262280648950334,0.16530318311266287,1.1016910973780165,21.79597759066269,20.694286493284682
1995-12-18,26.74988325839459,23.590898790725618,32.10151839194135,26.926266668233996,0.04453206615446535,1.2250729758120535,27.892390594762908,26.66731761895084,26.74988325839459,23.590898790725618,32.10151839194135,26.926266668233996,0.04453206615446535,1.2250729758120535,27.892390594762908,26.66731761895084
1995-12-19,24.598777688046525,22.53180326896467,28.99734228550016,24.552811138246735,3.4029510269740006,1.9037141732008105,12.921160944501626,11.017446771300815,24.598777688046525,22.53180326896467,28.99734228550016,24.552811138246735,3.4029510269740006,1.9037141732008105,12.921160944501626,11.017446771300815
1995-12-20,22.40272648694773,21.2985847174848,23.901818831532083,22.763134103595597,0.009862955319445022,0.9393534039492626,25.88320710093003,24.94385369698076,22.40272648694773,21.2985847174848,23.901818831532083,22.763134103595597,0.009862955319445022,0.9393534039492626,25.88320710093003,24.94385369698076
1995-12-21,22.63257023864076,20.322949768044865,27.25595696567855,22.971484127629132,4.369324915283434E-4,1.1092596620127073,21.4698759812039,20.360616319191195,22.63257023864076,20.322949768044865,27.25595696567855,22.971484127629132,4.369324915283434E-4,1.1092596620127073,21.4698759812039,20.360616319191195
1995-12-22,23.899782810208983,21.19835669775163,29.058013133458427,24.214689644785278,0.681882040644311,1.1601405655856951,25.586776112577954,24.42663554699225,23.899782810208983,21.19835669775163,29.058013133458427,24.214689644785278,0.681882040644311,1.1601405655856951,25.586776112577954,24.42663554699225
1995-12-23,23.72714594144201,22.781352508534123,25.23736155403458,23.994391658147347,0.42856685825380414,1.1827112045946062,30.634460308762577,29.451749104167963,23.72714594144201,22.781352508534123,25.23736155403458,23.994391658147347,0.42856685825380414,1.1827112045946062,30.634460308762577,29.451749104167963
1995-12-24,22.29320058671465,20.816185405498693,24.598381751404084,22.40610606283229,0.8934689643056343,1.228399442882133,28.11267730550641,26.884277862624277,22.29320058671465,20.816185405498693,24.598381751404084,22.40610606283229,0.8934689643056343,1.228399442882133,28.11267730550641,26.884277862624277
1995-12-25,22.8937578111939,19.93090228234933,27.51378247246597,23.160994740255855,0.0011371596256751916,0.9506520831267905,32.26957997414124,31.31892789101443,22.8937578111939,19.93090228234933,27.51378247246597,23.160994740255855,0.0011371596256751916,0.9506520831267905,32.26957997414124,31.31892789101443
1995-12-26,23.354225300135802,20.52207744903399,26.23175005507992,23.61699573422346,0.06390445855023903,0.7681631892867049,23.868462314232833,23.100299124946126,23.354225300135802,20.52207744903399,26.23175005507992,23.61699573422346,0.06390445855023903,0.7681631892867049,23.868462314232833,23.100299124946126
1995-12-27,22.38896533025047,21.363553072508445,24.315142605127487,22.01733412962638,7.580282657483259,1.9895785162438588,8.230424333559288,6.2408458173154235,22.38896533025047,21.363553072508445,24.315142605127487,22.01733412962638,7.580282657483259,1.9895785162438588,8.230424333559288,6.2408458173154235
1995-12-28,21.37663704922635,20.481829299738603,23.235708918072582,21.19063249968501,25.885579085504588,3.694115062258998,6.453011149501832,2.758896087242835,21.37663704922635,20.481829299738603,23.235708918072582,21.19063249968501,25.885579085504588,3.694115062258998,6.453011149501832,2.758896087242835
1995-12-29,22.08379990807359,20.796877033788537,24.50480575212163,22.02426493045551,3.613011240272474,3.6271883128194493,17.437100129654056,13.809911816834601,22.08379990807359,20.796877033788537,24.50480575212163,22.02426493045551,3.613011240272474,3.6271883128194493,17.437100129654056,13.809911816834601
1995-12-30,23.154612516363162,21.182577997296956,26.475064738328317,23.27453197538821,0.02158609222864583,1.7558157446624607,15.904146974546126,14.14833122988367,23.154612516363162,21.182577997296956,26.475064738328317,23.27453197538821,0.02158609222864583,1.7558157446624607,15.904146974546126,14.14833122988367
1995-12-31,23.915788674385407,21.177621959808523,28.39790541167488,24.22055290614518,0.031970942894451036,1.8528701705374566,12.158573489976039,10.305703319438578,23.915788674385407,21.177621959808523,28.39790541167488,24.22055290614518,0.031970942894451036,1.8528701705374566,12.158573489976039,10.305703319438578
1996-01-01,25.39579610400214,22.584788013873403,30.676057710879306,25.49551734274879,0.006577652833460921,2.1051455396724523,17.936703084051796,15.831557544379343,25.39579610400214,22.584788013873403,30.676057710879306,25.49551734274879,0.006577652833460921,2.1051455396724523,17.936703084051796,15.831557544379343
1996-01-02,24.572093346338068,22.819116210937523,27.375821574265828,24.82467527516062,0.40866778891201627,1.5306225516933418,11.451885332499392,9.921262780806048,24.572093346338068,22.819116210937523,27.375821574265828,24.82467527516062,0.40866778891201627,1.5306225516933418,11.451885332499392,9.921262780806048
1996-01-03,21.325146983953847,20.341487713337074,22.48458543799633,21.442515388032845,0.8927919697193725,1.5801314402971307,28.321404006120893,26.741272565823763,21.325146983953847,20.341487713337074,22.48458543799633,21.442515388032845,0.8927919697193725,1.5801314402971307,28.321404006120893,26.741272565823763
1996-01-04,20.594658166818824,17.937093615288347,24.27858690004522,20.884810463391535,0.003590897536048819,2.0384108923262754,29.043331737037942,27.00492084471166,20.594658166818824,17.937093615288347,24.27858690004522,20.884810463391535,0.003590897536048819,2.0384108923262754,29.043331737037942,27.00492084471166
1996-01-05,22.614372752056234,19.4916618129492,27.5402022407104,22.694771313642057,0.045449242739914596,1.693284564184739,26.472864346463886,24.779579782279164,22.614372752056234,19.4916618129492,27.5402022407104,22.694771313642057,0.045449242739914596,1.693284564184739,26.472864346463886,24.779579782279164
1996-01-06,24.672398445171538,21.841704754696675,28.587446869960637,24.76798408985758,0.04216486679497045,1.5028017091159038,21.579568674863328,20.076766965747417,24.672398445171538,21.841704754696675,28.587446869960637,24.76798408985758,0.04216486679497045,1.5028017091159038,21.579568674863328,20.076766965747417
1996-01-07,21.59305814429745,19.04969664194414,25.624705081306775,21.329029456928314,9.008322871775356,3.518240919645694,14.143525638203249,10.625284718557559,21.59305814429745,19.04969664194414,25.624705081306775,21.329029456928314,9.008322871775356,3.518240919645694,14.143525638203249,10.625284718557559
1996-01-08,16.89805197496856,16.008850981257822,18.430836845309237,17.05598886796006,1.1288785154512653,1.8071733354766342,42.00412478401609,40.19695144853948,16.89805197496856,16.008850981257822,18.430836845309237,17.05598886796006,1.1288785154512653,1.8071733354766342,42.00412478401609,40.19695144853948
1996-01-09,17.345365583100232,14.58043386278624,20.78589289316871,17.617401132586952,0.29141316219744,1.9412716898533093,23.90141238488962,21.96014069503631,17.345365583100232,14.58043386278624,20.78589289316871,17.617401132586952,0.29141316219744,1.9412716898533093,23.90141238488962,21.96014069503631
1996-01-10,19.15941211946329,16.260646197408704,23.24433952350351,19.345370908089773,0.0,2.08582932883352,27.15708723724119,25.071257908407677,19.15941211946329,16.260646197408704,23.24433952350351,19.345370908089773,0.0,2.08582932883352,27.15708723724119,25.071257908407677
1996-01-11,20.057999951769222,16.160541236933852,25.371799440239425,20.227212020535383,0.001716613667213096,2.0802238773700217,30.34795848268905,28.26773460531903,20.057999951769222,16.160541236933852,25.371799440239425,20.227212020535383,0.001716613667213096,2.0802238773700217,30.34795848268905,28.26773460531903
1996-01-12,20.98624365626188,18.819295930341717,23.084258600001824,20.87334325095504,0.8227828932932542,1.6069738486307361,21.226634740220607,19.61966089158987,20.98624365626188,18.819295930341717,23.084258600001824,20.87334325095504,0.8227828932932542,1.6069738486307361,21.226634740220607,19.61966089158987
1996-01-13,19.736876734990812,18.799344905088688,21.08603869173127,19.9173849081873,0.01516028597919482,1.3671406699254627,31.87619779270776,30.509057122782284,19.736876734990812,18.799344905088688,21.08603869173127,19.9173849081873,0.01516028597919482,1.3671406699254627,31.87619779270776,30.509057122782284
1996-01-14,20.099826449414007,16.77694306785094,25.11745848942908,20.27091135358925,0.0012895995951112127,1.9543412154295694,29.63248392033636,27.67814270490677,20.099826449414007,16.77694306785094,25.11745848942908,20.27091135358925,0.0012895995951112127,1.9543412154295694,29.63248392033636,27.67814270490677
1996-01-15,20.810599946544652,16.897326792373974,25.787689426122437,20.98163930300162,4.351138045421976E-4,1.7503348853952152,31.82960857741215,30.079273692016947,20.810599946544652,16.897326792373974,25.787689426122437,20.98163930300162,4.351138045421976E-4,1.7503348853952152,31.82960857741215,30.079273692016947
1996-01-16,21.77581115866882,18.375058532693316,25.757558171083115,22.098752923642785,0.026205677909158395,1.5101852564665368,27.481565903445773,25.97138064697925,21.77581115866882,18.375058532693316,25.757558171083115,22.098752923642785,0.026205677909158395,1.5101852564665368,27.481565903445773,25.97138064697925
1996-01-17,21.752135714855367,17.85361911710525,27.320152309050854,22.168365543594383,8.55825703638402E-4,1.4847220325473123,18.943455105686148,17.45873307313884,21.752135714855367,17.85361911710525,27.320152309050854,22.168365543594383,8.55825703638402E-4,1.4847220325473123,18.943455105686148,17.45873307313884
1996-01-18,24.349099555423663,20.71350137644055,31.04729235878536,24.537748474653146,0.0,1.555831744012466,25.918417277261373,24.362585533248904,24.349099555423663,20.71350137644055,31.04729235878536,24.537748474653146,0.0,1.555831744012466,25.918417277261373,24.362585533248904
1996-01-19,21.70167170147588,19.21387082295081,25.27722134860559,22.021789717307577,0.13578547239026517,0.9366808516242715,26.275757593917934,25.33907674229367,21.70167170147588,19.21387082295081,25.27722134860559,22.021789717307577,0.13578547239026517,0.9366808516242715,26.275757593917934,25.33907674229367
1996-01-20,20.632504747181763,17.856803726889602,26.760439647474303,20.978089097907446,8.682243333169026E-4,1.2799711086383452,25.806677382401308,24.526706273762976,20.632504747181763,17.856803726889602,26.760439647474303,20.978089097907446,8.682243333169026E-4,1.2799711086383452,25.806677382401308,24.526706273762976
1996-01-21,23.28168237548882,20.782936337515647,27.073300505205076,23.678334725041626,0.7720025188698655,1.165023353049225,16.697964604449293,15.532941251400064,23.28168237548882,20.782936337515647,27.073300505205076,23.678334725041626,0.7720025188698655,1.165023353049225,16.697964604449293,15.532941251400064
1996-01-22,23.383899387871523,21.260808819874583,27.3949841785867,23.712457702007825,0.8589809746673381,1.7253710964104794,21.332871642550263,19.607500546139786,23.383899387871523,21.260808819874583,27.3949841785867,23.712457702007825,0.8589809746673381,1.7253710964104794,21.332871642550263,19.607500546139786
1996-01-23,24.055576273761552,20.085205977850684,30.0538601898483,24.366163832595234,4.351138045421976E-4,1.4598329872018898,27.448086765459934,25.98825377825806,24.055576273761552,20.085205977850684,30.0538601898483,24.366163832595234,4.351138045421976E-4,1.4598329872018898,27.448086765459934,25.98825377825806
1996-01-24,24.911041189804912,21.492370204515666,28.832362409257716,25.36629072312272,0.015038833279103844,1.2531581598190653,24.830428161076057,23.577270001257002,24.911041189804912,21.492370204515666,28.832362409257716,25.36629072312272,0.015038833279103844,1.2531581598190653,24.830428161076057,23.577270001257002
1996-01-25,24.523284122386038,21.418377251270627,28.655998406808237,24.959729588808532,0.2926667056813264,1.3404979176003142,20.56343603108961,19.222938113489292,24.523284122386038,21.418377251270627,28.655998406808237,24.959729588808532,0.2926667056813264,1.3404979176003142,20.56343603108961,19.222938113489292
1996-01-26,24.97595309004118,21.44362290971247,29.91621941986026,25.304956257582596,0.001450694940866309,1.345461418156096,33.350482787746635,32.005021369590565,24.97595309004118,21.44362290971247,29.91621941986026,25.304956257582596,0.001450694940866309,1.345461418156096,33.350482787746635,32.005021369590565
1996-01-27,24.259708412961444,20.73026219684077,27.60063936959773,24.757457572495422,4.3776343463195237E-4,1.0735591471342183,27.618726898495186,26.54516775136096,24.259708412961444,20.73026219684077,27.60063936959773,24.757457572495422,4.3776343463195237E-4,1.0735591471342183,27.618726898495186,26.54516775136096
1996-01-28,23.12161297893889,20.909428613762778,26.18990768749719,23.50786166771686,0.61108809136387,1.0725608815259602,20.099802065395306,19.027241183869346,23.12161297893889,20.909428613762778,26.18990768749719,23.50786166771686,0.61108809136387,1.0725608815259602,20.099802065395306,19.027241183869346
1996-01-29,23.204499950366422,19.149842374935297,28.32302728204834,23.685537322491083,0.021890637019380998,1.0901605228159617,21.85458355058704,20.764423027771084,23.204499950366422,19.149842374935297,28.32302728204834,23.685537322491083,0.021890637019380998,1.0901605228159617,21.85458355058704,20.764423027771084
1996-01-30,23.759371232824144,19.72831881080723,28.629941748296208,24.328269955271228,0.0012919649066134298,1.0439280329344975,23.184969577729674,22.14104154479518,23.759371232824144,19.72831881080723,28.629941748296208,24.328269955271228,0.0012919649066134298,1.0439280329344975,23.184969577729674,22.14104154479518
1996-01-31,24.111301327300414,20.41891991379141,29.30039199447491,24.681957692675656,0.002146072517916764,1.0032299518921122,21.17675498479602,20.17352503290391,24.111301327300414,20.41891991379141,29.30039199447491,24.681957692675656,0.002146072517916764,1.0032299518921122,21.17675498479602,20.17352503290391
1996-02-01,25.382656858291323,22.525008421088614,30.896000530031916,25.75227806191642,0.3625407119194642,1.0181797987198529,24.387148118703536,23.368968319983683,25.382656858291323,22.525008421088614,30.896000530031916,25.75227806191642,0.3625407119194642,1.0181797987198529,24.387148118703536,23.368968319983683
1996-02-02,26.315304791570387,23.30202783448207,31.2035462608216,26.762826981275236,0.06390125253638124,1.1202723198570632,31.33618552926645,30.21591320940939,26.315304791570387,23.30202783448207,31.2035462608216,26.762826981275236,0.06390125253638124,1.1202723198570632,31.33618552926645,30.21591320940939
1996-02-03,23.122855481645747,21.78603580658932,26.632953099072374,23.402726744037885,1.159664986558519,1.1181241044379024,20.192107224430828,19.07398311999292,23.122855481645747,21.78603580658932,26.632953099072374,23.402726744037885,1.159664986558519,1.1181241044379024,20.192107224430828,19.07398311999292
1996-02-04,19.542729628140652,18.23105433706917,21.195304128358593,19.750638424455772,1.885257243834256,1.4210789578902174,36.72109051683327,35.300011558943055,19.542729628140652,18.23105433706917,21.195304128358593,19.750638424455772,1.885257243834256,1.4210789578902174,36.72109051683327,35.300011558943055
1996-02-05,17.743941505954382,16.553138807618538,19.887618918585133,18.025741568324996,0.7190705488904364,1.0815083976623747,47.02049833120448,45.938989933542096,17.743941505954382,16.553138807618538,19.887618918585133,18.025741568324996,0.7190705488904364,1.0815083976623747,47.02049833120448,45.938989933542096
1996-02-06,18.642161583214655,16.1482986358825,21.678526764614695,18.999449450681126,0.04962546674490995,0.8836362659196356,37.90035728639429,37.01672102047465,18.642161583214655,16.1482986358825,21.678526764614695,18.999449450681126,0.04962546674490995,0.8836362659196356,37.90035728639429,37.01672102047465
1996-02-07,20.20877344548677,16.665643993134452,25.504793411797685,20.63336672230308,8.52346317969932E-4,1.0049127809265073,34.325726395889504,33.32081361496298,20.20877344548677,16.665643993134452,25.504793411797685,20.63336672230308,8.52346317969932E-4,1.0049127809265073,34.325726395889504,33.32081361496298
1996-02-08,21.578963171580604,17.65039234168092,27.00495339528314,22.028040592130417,8.70227722771233E-4,0.9057790069837895,30.138607641767955,29.232828634784184,21.578963171580604,17.65039234168092,27.00495339528314,22.028040592130417,8.70227722771233E-4,0.9057790069837895,30.138607641767955,29.232828634784184
1996-02-09,22.63966295829725,18.484131441993046,27.601089812920634,23.113729649053617,0.0,0.9396841399195786,33.425584201894196,32.485900061974604,22.63966295829725,18.484131441993046,27.601089812920634,23.113729649053617,0.0,0.9396841399195786,33.425584201894196,32.485900061974604
1996-02-10,22.991860501257065,19.25774279221885,28.007659000559258,23.470095967490593,0.002567564138189482,0.8470904401576657,31.418233999655083,30.571143559497415,22.991860501257065,19.25774279221885,28.007659000559258,23.470095967490593,0.002567564138189482,0.8470904401576657,31.418233999655083,30.571143559497415
1996-02-11,23.45856915472038,19.880906217708727,28.2116084212692,24.099999980740694,0.0,0.7908381183814437,27.583765724818853,26.792927606437402,23.45856915472038,19.880906217708727,28.2116084212692,24.099999980740694,0.0,0.7908381183814437,27.583765724818853,26.792927606437402
1996-02-12,22.588110542409378,20.74009876257935,25.301209680678806,23.062683940250142,0.0082697718023372,0.6340737922058722,28.131837787007566,27.497763994801684,22.588110542409378,20.74009876257935,25.301209680678806,23.062683940250142,0.0082697718023372,0.6340737922058722,28.131837787007566,27.497763994801684
1996-02-13,21.514139333655365,19.28125285074379,24.472364265896008,22.008493653588932,0.1621295087126396,0.7674407887076691,35.221591523601454,34.45415073489376,21.514139333655365,19.28125285074379,24.472364265896008,22.008493653588932,0.1621295087126396,0.7674407887076691,35.221591523601454,34.45415073489376
1996-02-14,21.274702965598813,17.19454852537856,27.085880702261566,21.980236291879812,1.4239820471612777E-5,0.7949608957769588,29.541210817614665,28.746249921837713,21.274702965598813,17.19454852537856,27.085880702261566,21.980236291879812,1.4239820471612777E-5,0.7949608957769588,29.541210817614665,28.746249921837713
1996-02-15,23.131129248729877,19.28858454033451,29.80824912065513,23.79367456475354,0.0,0.7745383695088123,28.058879599683753,27.284341230174935,23.131129248729877,19.28858454033451,29.80824912065513,23.79367456475354,0.0,0.7745383695088123,28.058879599683753,27.284341230174935
1996-02-16,22.836549969330814,20.59889621284483,25.29859879383862,23.254678842782667,0.35650095767426276,0.6435925020255978,20.63079824190234,19.987205739876746,22.836549969330814,20.59889621284483,25.29859879383862,23.254678842782667,0.35650095767426276,0.6435925020255978,20.63079824190234,19.987205739876746
1996-02-17,20.58020008481754,18.48777621256794,23.68639361363722,21.20002576821953,0.003984214614783018,0.6113203954937048,38.36295149063048,37.75163109513676,20.58020008481754,18.48777621256794,23.68639361363722,21.20002576821953,0.003984214614783018,0.6113203954937048,38.36295149063048,37.75163109513676
1996-02-18,20.762896394029816,16.973236833218294,27.053993235309537,21.309722251081446,0.0,0.6551384324205933,35.029694802767786,34.37455637034719,20.762896394029816,16.973236833218294,27.053993235309537,21.309722251081446,0.0,0.6551384324205933,35.029694802767786,34.37455637034719
1996-02-19,24.04565400655136,20.068160776404994,31.006435658453828,24.606925233977815,0.001716613724056515,0.7551484897092386,40.549543212840724,39.79439472313149,24.04565400655136,20.068160776404994,31.006435658453828,24.606925233977815,0.001716613724056515,0.7551484897092386,40.549543212840724,39.79439472313149
1996-02-20,25.522090317870724,21.56497866048402,30.87724547888361,26.215160107766604,0.001717419422675448,0.6494101290448359,29.2359640340899,28.58655390504506,25.522090317870724,21.56497866048402,30.87724547888361,26.215160107766604,0.001717419422675448,0.6494101290448359,29.2359640340899,28.58655390504506
1996-02-21,25.28733971127609,21.866204683492587,31.332981666707305,25.991402073585007,0.008885844670535737,0.6373326886903232,22.990704480297506,22.35337179160718,25.28733971127609,21.866204683492587,31.332981666707305,25.991402073585007,0.008885844670535737,0.6373326886903232,22.990704480297506,22.35337179160718
1996-02-22,25.624731142582167,22.686382891099647,31.096521248704853,26.419144806028275,0.005249838011603181,0.6465399313052801,24.622818514804425,23.976278583499134,25.624731142582167,22.686382891099647,31.096521248704853,26.419144806028275,0.005249838011603181,0.6465399313052801,24.622818514804425,23.976278583499134
1996-02-23,25.4600460532631,21.162085594077777,31.505311646281715,26.143950732442725,0.0017300880585935374,0.6876785666348856,32.572177172169035,31.88449860553413,25.4600460532631,21.162085594077777,31.505311646281715,26.143950732442725,0.0017300880585935374,0.6876785666348856,32.572177172169035,31.88449860553413
1996-02-24,25.710763906998704,21.460511787847178,31.08752164823896,26.40345655380599,0.00285870404633353,0.6323625990027227,36.047935735154795,35.41557313615206,25.710763906998704,21.460511787847178,31.08752164823896,26.40345655380599,0.00285870404633353,0.6323625990027227,36.047935735154795,35.41557313615206
1996-02-25,25.65163880554575,21.126068198004802,30.974007329507398,26.240717968521466,8.569548658780624E-4,0.5927860297921383,37.07508772989526,36.48230170010313,25.65163880554575,21.126068198004802,30.974007329507398,26.240717968521466,8.569548658780624E-4,0.5927860297921383,37.07508772989526,36.48230170010313
1996-02-26,26.31560841943644,21.438073746592835,32.243708027849344,26.933131533295033,4.261732051702438E-4,0.6216854223139732,39.258771274513066,38.63708585219909,26.31560841943644,21.438073746592835,32.243708027849344,26.933131533295033,4.261732051702438E-4,0.6216854223139732,39.258771274513066,38.63708585219909
1996-02-27,27.54932970295809,22.84333045800915,33.33566045757743,27.94196325752036,0.007221462777820679,0.5267588490592043,40.59574908408617,40.068990235026966,27.54932970295809,22.84333045800915,33.33566045757743,27.94196325752036,0.007221462777820679,0.5267588490592043,40.59574908408617,40.068990235026966
1996-02-28,27.768456157860285,23.17731970249238,32.53778871843279,28.594903532428912,0.002843141544417449,0.5882769004927634,38.40769370725853,37.819416806765744,27.768456157860285,23.17731970249238,32.53778871843279,28.594903532428912,0.002843141544417449,0.5882769004927634,38.40769370725853,37.819416806765744
1996-02-29,26.78425265710039,23.1287722338669,31.290343240735854,27.632119389975543,9.77516169342607E-4,0.510617254440341,30.896807830175835,30.38619057573549,26.78425265710039,23.1287722338669,31.290343240735854,27.632119389975543,9.77516169342607E-4,0.510617254440341,30.896807830175835,30.38619057573549
1996-03-01,24.633525406901434,22.705360911907754,26.84551751169359,25.11639711340363,0.49875953765537767,0.6376266349585973,16.72346652729824,16.085839892339642,24.633525406901434,22.705360911907754,26.84551751169359,25.11639711340363,0.49875953765537767,0.6376266349585973,16.72346652729824,16.085839892339642
1996-03-02,23.451572286443064,22.451081614344808,24.661161843434524,23.77816011975939,1.006552522431884,0.844556086392586,20.826518559233325,19.98196247284073,23.451572286443064,22.451081614344808,24.661161843434524,23.77816011975939,1.006552522431884,0.844556086392586,20.826518559233325,19.98196247284073
1996-03-03,23.660849925981033,21.620777617343965,27.361862324509364,24.116506103698317,0.18895706804436355,0.4827748648179335,27.57203931664025,27.089264451822313,23.660849925981033,21.620777617343965,27.361862324509364,24.116506103698317,0.18895706804436355,0.4827748648179335,27.57203931664025,27.089264451822313
1996-03-04,24.922399820648174,22.060616049610296,29.68323324377492,25.51032041903736,0.0759727635138077,0.5105316754418722,31.463116633090035,30.952584957648174,24.922399820648174,22.060616049610296,29.68323324377492,25.51032041903736,0.0759727635138077,0.5105316754418722,31.463116633090035,30.952584957648174
1996-03-05,26.968822766033423,22.760314207221434,33.26079658704473,27.577833418998928,0.03400155051781015,0.6115597663903246,36.037761160356546,35.42620139396624,26.968822766033423,22.760314207221434,33.26079658704473,27.577833418998928,0.03400155051781015,0.6115597663903246,36.037761160356546,35.42620139396624
1996-03-06,28.063082561109912,23.15286586717129,34.512818384657564,28.667512198458553,0.003681778025566018,0.6045242774786769,44.27916065577511,43.67463637829644,28.063082561109912,23.15286586717129,34.512818384657564,28.667512198458553,0.003681778025566018,0.6045242774786769,44.27916065577511,43.67463637829644
1996-03-07,27.824478777269313,23.966590622824285,33.24720652581263,28.597292589718666,0.13501044410548,0.5474497281033288,37.740738464728665,37.193288736625334,27.824478777269313,23.966590622824285,33.24720652581263,28.597292589718666,0.13501044410548,0.5474497281033288,37.740738464728665,37.193288736625334
1996-03-08,22.003774236616554,19.948194526761007,25.795717484063317,22.246395186912153,2.4649697977862193,1.4535967075581198,31.22316469615846,29.769567988600347,22.003774236616554,19.948194526761007,25.795717484063317,22.246395186912153,2.4649697977862193,1.4535967075581198,31.22316469615846,29.769567988600347
1996-03-09,19.375303560816572,18.271083327370963,20.92094849965736,19.607565606853893,0.8876997900076338,0.7708115118065952,47.706031681744705,46.9352201699381,19.375303560816572,18.271083327370963,20.92094849965736,19.607565606853893,0.8876997900076338,0.7708115118065952,47.706031681744705,46.9352201699381
1996-03-10,18.65131477350579,17.141201589812074,21.526902596318127,19.03201580363367,1.501197838455743,1.2762346254105967,36.97292183897534,35.696687213564765,18.65131477350579,17.141201589812074,21.526902596318127,19.03201580363367,1.501197838455743,1.2762346254105967,36.97292183897534,35.696687213564765
1996-03-11,18.378133202203742,16.658214263539755,20.578106556160392,18.728991528661446,0.9122377037792065,0.9502206212903632,43.457816390031304,42.50759576874096,18.378133202203742,16.658214263539755,20.578106556160392,18.728991528661446,0.9122377037792065,0.9502206212903632,43.457816390031304,42.50759576874096
1996-03-12,19.74394274639166,15.200356668685243,25.44783380339787,20.285526242401207,0.10410077361129781,0.8369379818922362,29.695914660007354,28.858976678115113,19.74394274639166,15.200356668685243,25.44783380339787,20.285526242401207,0.10410077361129781,0.8369379818922362,29.695914660007354,28.858976678115113
1996-03-13,21.504203810853678,16.743151020239484,27.902289704110796,22.278029808455564,0.0021541869159591442,0.6906324833521291,31.02502910477376,30.33439662142164,21.504203810853678,16.743151020239484,27.902289704110796,22.278029808455564,0.0021541869159591442,0.6906324833521291,31.02502910477376,30.33439662142164
1996-03-14,24.017293420934678,19.133931677086967,30.781007011711807,24.63246306477266,0.0029973874688948854,0.7022413355929826,39.17783669872827,38.4755953631353,24.017293420934678,19.133931677086967,30.781007011711807,24.63246306477266,0.0029973874688948854,0.7022413355929826,39.17783669872827,38.4755953631353
1996-03-15,25.778102926621713,21.155020941357716,31.717723213026435,26.49136928228257,0.0017250006862923328,0.729877612605696,48.11356721335036,47.383689600744674,25.778102926621713,21.155020941357716,31.717723213026435,26.49136928228257,0.0017250006862923328,0.729877612605696,48.11356721335036,47.383689600744674
1996-03-16,25.97472320176832,21.28675607088037,32.633067999527654,26.685652452715065,0.0025625249691074714,0.6968393336618057,48.82497004784091,48.12813071417909,25.97472320176832,21.28675607088037,32.633067999527654,26.685652452715065,0.0025625249691074714,0.6968393336618057,48.82497004784091,48.12813071417909
1996-03-17,26.358442217522466,21.970067525220646,32.72692447244465,27.17465036237012,0.0013152660471860145,0.5633494150459073,36.557058681376006,35.99370926633009,26.358442217522466,21.970067525220646,32.72692447244465,27.17465036237012,0.0013152660471860145,0.5633494150459073,36.557058681376006,35.99370926633009
1996-03-18,24.780550421069442,21.81936246919644,29.318235490186847,25.4763909740209,8.52346317969932E-4,0.41434275332146764,24.499940726277526,24.085597972956037,24.780550421069442,21.81936246919644,29.318235490186847,25.4763909740209,8.52346317969932E-4,0.41434275332146764,24.499940726277526,24.085597972956037
1996-03-19,22.067128856677336,20.647499309672778,24.248823323238017,22.63653101301307,0.06484796921944021,0.3204635029849597,30.47464167821906,30.15417817523411,22.067128856677336,20.647499309672778,24.248823323238017,22.63653101301307,0.06484796921944021,0.3204635029849597,30.47464167821906,30.15417817523411
1996-03-20,20.54522942832707,18.87804778805495,22.940598068425377,21.093828387303592,0.0017248017911697389,0.3692688477494927,48.81864233718616,48.44937348943669,20.54522942832707,18.87804778805495,22.940598068425377,21.093828387303592,0.0017248017911697389,0.3692688477494927,48.81864233718616,48.44937348943669
1996-03-21,19.862597254356363,17.620405736092128,22.77021322703852,20.56876280792328,8.70227722771233E-4,0.3892568508560029,44.12099748440467,43.73174063354867,19.862597254356363,17.620405736092128,22.77021322703852,20.56876280792328,8.70227722771233E-4,0.3892568508560029,44.12099748440467,43.73174063354867
1996-03-22,20.125529063530397,16.618931653223278,25.111796833722206,20.88574215045936,8.642672355563263E-4,0.4024325347400206,40.592116053442815,40.189683518702815,20.125529063530397,16.618931653223278,25.111796833722206,20.88574215045936,8.642672355563263E-4,0.4024325347400206,40.592116053442815,40.189683518702815
1996-03-23,22.396934134078162,17.86641296945685,29.776889406790687,23.00625046110499,0.003502668337634528,0.416994854931199,44.491208685603326,44.07421383067212,22.396934134078162,17.86641296945685,29.776889406790687,23.00625046110499,0.003502668337634528,0.416994854931199,44.491208685603326,44.07421383067212
1996-03-24,25.85108300070541,20.744604324496642,32.7499488779506,26.58020388204705,0.002577870873210486,0.47261914019855056,51.39090609187263,50.918286951674055,25.85108300070541,20.744604324496642,32.7499488779506,26.58020388204705,0.002577870873210486,0.47261914019855056,51.39090609187263,50.918286951674055
1996-03-25,28.376373040778354,23.907130206928684,34.928172028673536,29.039867101169754,0.14294000114059113,0.4474576798836167,47.2284438414614,46.78098616157776,28.376373040778354,23.907130206928684,34.928172028673536,29.039867101169754,0.14294000114059113,0.4474576798836167,47.2284438414614,46.78098616157776
1996-03-26,28.231759564053885,24.10927020614098,32.94238298126571,28.81056188735875,0.18574582554692076,0.49551917346966606,42.012849608098335,41.51733043462866,28.231759564053885,24.10927020614098,32.94238298126571,28.81056188735875,0.18574582554692076,0.49551917346966606,42.012849608098335,41.51733043462866
1996-03-27,26.996038323259445,23.847370468306217,30.583486184942785,27.693948316109466,2.7940875734817636,1.3153705497932666,28.797252585913938,27.481882036120666,26.996038323259445,23.847370468306217,30.583486184942785,27.693948316109466,2.7940875734817636,1.3153705497932666,28.797252585913938,27.481882036120666
1996-03-28,25.766116835184505,22.440358179192472,31.556663507271356,26.652498667064098,0.35372146547323535,0.7066336667408568,20.806317279648717,20.099683612907857,25.766116835184505,22.440358179192472,31.556663507271356,26.652498667064098,0.35372146547323535,0.7066336667408568,20.806317279648717,20.099683612907857
1996-03-29,26.702371418939467,23.512628990783323,32.63893660827179,27.563015252104762,0.01178548740217423,0.6496236105516746,27.538940872092947,26.88931726154127,26.702371418939467,23.512628990783323,32.63893660827179,27.563015252104762,0.01178548740217423,0.6496236105516746,27.538940872092947,26.88931726154127
1996-03-30,28.49694167644714,24.284036588114525,34.46775474104922,29.321734557645076,3.3067036111743643E-7,0.6502383631660972,41.09830016945398,40.448061806287875,28.49694167644714,24.284036588114525,34.46775474104922,29.321734557645076,3.3067036111743643E-7,0.6502383631660972,41.09830016945398,40.448061806287875
1996-03-31,27.806572104804896,23.771104605830224,33.345454547018036,28.696178319066018,0.02278624674195035,0.5473928242612153,35.75204664729102,35.2046538230298,27.806572104804896,23.771104605830224,33.345454547018036,28.696178319066018,0.02278624674195035,0.5473928242612153,35.75204664729102,35.2046538230298
1996-04-01,25.056921526729788,23.40834533648404,26.949780274512396,25.688444684359993,0.936401476006949,0.9317130828620728,23.695663202917462,22.763950120055384,25.056921526729788,23.40834533648404,26.949780274512396,25.688444684359993,0.936401476006949,0.9317130828620728,23.695663202917462,22.763950120055384
1996-04-02,23.05334067170553,20.715891970224273,26.53001373925225,23.81536860119451,0.023672436250549312,0.41653652219137866,37.358602909774724,36.94206638758336,23.05334067170553,20.715891970224273,26.53001373925225,23.81536860119451,0.023672436250549312,0.41653652219137866,37.358602909774724,36.94206638758336
1996-04-03,23.938240278037377,19.366823322851058,30.937612731224075,24.68282051520885,4.27639930337145E-4,0.4967242753570788,44.2233838196076,43.72665954425054,23.938240278037377,19.366823322851058,30.937612731224075,24.68282051520885,4.27639930337145E-4,0.4967242753570788,44.2233838196076,43.72665954425054
1996-04-04,26.42980320567583,21.811855644825314,32.7928356421921,27.37810217402857,8.52346317969932E-4,0.4829790593427055,41.3474435982002,40.86446453885748,26.42980320567583,21.811855644825314,32.7928356421921,27.37810217402857,8.52346317969932E-4,0.4829790593427055,41.3474435982002,40.86446453885748
1996-04-05,28.294871778399777,24.007644236243117,33.92587254152363,29.12442805106706,0.011724573745405052,0.46850359457695523,41.935564948140225,41.46706135356329,28.294871778399777,24.007644236243117,33.92587254152363,29.12442805106706,0.011724573745405052,0.46850359457695523,41.935564948140225,41.46706135356329
1996-04-06,28.058770821600394,23.98617203495119,33.335037459332774,28.98831439616754,0.47431408053173657,0.5797347727691927,38.93935532899924,38.359620556230055,28.058770821600394,23.98617203495119,33.335037459332774,28.98831439616754,0.47431408053173657,0.5797347727691927,38.93935532899924,38.359620556230055
1996-04-07,24.926862714345823,23.275541608003508,27.198451443061103,25.56442501520042,1.591614400289635,1.0905699442262458,15.457033533661999,14.366463589435746,24.926862714345823,23.275541608003508,27.198451443061103,25.56442501520042,1.591614400289635,1.0905699442262458,15.457033533661999,14.366463589435746
1996-04-08,24.870275460843793,22.200056598874248,29.257447258659333,25.429232850208606,2.741648251005107,1.405230120700948,15.022926245116977,13.617696124416037,24.870275460843793,22.200056598874248,29.257447258659333,25.429232850208606,2.741648251005107,1.405230120700948,15.022926245116977,13.617696124416037
1996-04-09,24.116081168727952,22.636718182431046,26.26100050337338,24.566650721527765,8.29942109015414,2.7595671377984217,12.58007161956977,9.820504481771348,24.116081168727952,22.636718182431046,26.26100050337338,24.566650721527765,8.29942109015414,2.7595671377984217,12.58007161956977,9.820504481771348
1996-04-10,24.138054518091106,22.182322344052672,27.34508501988722,24.622761073151075,0.5051123443123176,1.366616161451578,28.583993872167703,27.21737771071612,24.138054518091106,22.182322344052672,27.34508501988722,24.622761073151075,0.5051123443123176,1.366616161451578,28.583993872167703,27.21737771071612
1996-04-11,24.81604297624955,20.509960503223752,31.116061135856672,25.369043588632746,0.0,1.3500360375734104,42.56955379119595,41.21951775362255,24.81604297624955,20.509960503223752,31.116061135856672,25.369043588632746,0.0,1.3500360375734104,42.56955379119595,41.21951775362255
1996-04-12,26.626891077517904,21.488439440483642,33.43580777610674,27.242452161161257,0.0029921530995125067,1.273301866675775,47.19940683987829,45.92610497320252,26.626891077517904,21.488439440483642,33.43580777610674,27.242452161161257,0.0029921530995125067,1.273301866675775,47.19940683987829,45.92610497320252
1996-04-13,28.437393810285286,23.930524048195505,33.72580524913517,29.324319750705357,0.003563579127785488,1.1014268504256888,40.20104369371027,39.099616843284565,28.437393810285286,23.930524048195505,33.72580524913517,29.324319750705357,0.003563579127785488,1.1014268504256888,40.20104369371027,39.099616843284565
1996-04-14,29.35661705507982,24.808817345275514,35.40130120976446,30.09686008044451,0.001287865472932026,1.0237186115763897,42.82290830174227,41.799189690165875,29.35661705507982,24.808817345275514,35.40130120976446,30.09686008044451,0.001287865472932026,1.0237186115763897,42.82290830174227,41.799189690165875
1996-04-15,28.76130688420849,25.257518430510252,34.291147119321174,29.60896574541964,0.5105825664721333,0.924849301752447,40.13890164991882,39.21405234816638,28.76130688420849,25.257518430510252,34.291147119321174,29.60896574541964,0.5105825664721333,0.924849301752447,40.13890164991882,39.21405234816638
1996-04-16,25.63353719766174,24.165747203605164,27.464189123763,25.78471746589142,3.573673690567011,2.2557244576085984,19.515330011931127,17.25960555432253,25.63353719766174,24.165747203605164,27.464189123763,25.78471746589142,3.573673690567011,2.2557244576085984,19.515330011931127,17.25960555432253
1996-04-17,26.827383023152674,23.8802828593588,32.16004239438741,27.586197950751302,0.1984224021566324,0.997063720565356,31.891891948666196,30.89482822810082,26.827383023152674,23.8802828593588,32.16004239438741,27.586197950751302,0.1984224021566324,0.997063720565356,31.891891948666196,30.89482822810082
1996-04-18,28.22038851450545,23.773379299463425,33.30399567005115,29.00394085808745,0.07395261429796701,0.9756725892954704,38.043866493660765,37.06819390436531,28.22038851450545,23.773379299463425,33.30399567005115,29.00394085808745,0.07395261429796701,0.9756725892954704,38.043866493660765,37.06819390436531
1996-04-19,28.71118966586654,23.95345378901259,34.011311000113125,29.517995093895347,0.0012795199371747514,0.8849491824190266,42.94127307231258,42.05632388989356,28.71118966586654,23.95345378901259,34.011311000113125,29.517995093895347,0.0012795199371747514,0.8849491824190266,42.94127307231258,42.05632388989356
1996-04-20,28.66399997192975,23.612078640283734,34.325231873396994,29.409794892780017,0.0025693034571465908,0.7840802830057731,50.58594309410272,49.80186281109692,28.66399997192975,23.612078640283734,34.325231873396994,29.409794892780017,0.0025693034571465908,0.7840802830057731,50.58594309410272,49.80186281109692
1996-04-21,28.84460611279555,23.93034224340549,34.328458126399966,29.589329763235416,0.002419295566923946,0.6728284159368845,51.74392610840831,51.071097692471426,28.84460611279555,23.93034224340549,34.328458126399966,29.589329763235416,0.002419295566923946,0.6728284159368845,51.74392610840831,51.071097692471426
1996-04-22,29.149064202670925,24.119502366332316,35.478939352811445,29.87915704240542,0.01273460898780621,0.6145873287769428,53.24063012615898,52.62604279738205,29.149064202670925,24.119502366332316,35.478939352811445,29.87915704240542,0.01273460898780621,0.6145873287769428,53.24063012615898,52.62604279738205
1996-04-23,28.671680590987943,25.11805213103201,32.61512276601432,29.531136302269378,1.8134549254890717,1.054550924572297,39.3519327201949,38.29738179562259,28.671680590987943,25.11805213103201,32.61512276601432,29.531136302269378,1.8134549254890717,1.054550924572297,39.3519327201949,38.29738179562259
1996-04-24,26.557242146727422,23.94329728855129,30.446420406329413,26.784484111628633,3.5775957833129186,1.8853103845665964,21.912533163961356,20.027222779394762,26.557242146727422,23.94329728855129,30.446420406329413,26.784484111628633,3.5775957833129186,1.8853103845665964,21.912533163961356,20.027222779394762
1996-04-25,26.974995042058147,23.448644034885152,32.21599271370513,27.90459988289371,0.0022798776626586914,0.941953852749093,32.61016167020579,31.668207817456693,26.974995042058147,23.448644034885152,32.21599271370513,27.90459988289371,0.0022798776626586914,0.941953852749093,32.61016167020579,31.668207817456693
1996-04-26,28.38326823530283,24.439462946736885,33.39357304964399,29.222667565905017,0.003759500463775929,0.8636009346335525,40.70570512782018,39.84210419318665,28.38326823530283,24.439462946736885,33.39357304964399,29.222667565905017,0.003759500463775929,0.8636009346335525,40.70570512782018,39.84210419318665
1996-04-27,28.728564401483116,24.464757799858653,33.5026274484578,29.544368519860924,8.523463748133508E-4,0.7546225565316054,43.63695353888926,42.882330982357665,28.728564401483116,24.464757799858653,33.5026274484578,29.544368519860924,8.523463748133508E-4,0.7546225565316054,43.63695353888926,42.882330982357665
1996-04-28,28.71298583513196,24.159420825814443,33.51929129304573,29.556463316061645,0.04919430200967118,0.6674438706451881,46.61880752944993,45.951363658804745,28.71298583513196,24.159420825814443,33.51929129304573,29.556463316061645,0.04919430200967118,0.6674438706451881,46.61880752944993,45.951363658804745
1996-04-29,29.63383601919735,25.531786241897464,34.78214056398629,30.54271154830298,0.4315895843151887,0.6664775308010319,42.62035787000584,41.953880339204794,29.63383601919735,25.531786241897464,34.78214056398629,30.54271154830298,0.4315895843151887,0.6664775308010319,42.62035787000584,41.953880339204794
1996-04-30,26.421500726018873,24.67550287465046,29.210738702540876,26.986896598110967,2.099429259345066,1.5979653110189016,22.142904932312494,20.544939621293594,26.421500726018873,24.67550287465046,29.210738702540876,26.986896598110967,2.099429259345066,1.5979653110189016,22.142904932312494,20.544939621293594
1996-05-01,25.61721477564538,23.481835787008205,29.777636453239506,26.285273593617354,0.6073039154974496,0.8681833267726289,31.041540732976618,30.173357406203998,25.61721477564538,23.481835787008205,29.777636453239506,26.285273593617354,0.6073039154974496,0.8681833267726289,31.041540732976618,30.173357406203998
1996-05-02,26.490376411358326,22.606597332821675,32.25682296511063,27.33891176185911,0.005096963386892525,0.6043010047830799,34.20447613538759,33.600175130604526,26.490376411358326,22.606597332821675,32.25682296511063,27.33891176185911,0.005096963386892525,0.6043010047830799,34.20447613538759,33.600175130604526
1996-05-03,27.777324720093624,24.368765725313455,33.20718246411584,28.638415416356032,0.055251435571245726,0.5692687254975108,33.96174348903903,33.39247476354151,27.777324720093624,24.368765725313455,33.20718246411584,28.638415416356032,0.055251435571245726,0.5692687254975108,33.96174348903903,33.39247476354151
1996-05-04,29.270642886599134,25.24635728471248,34.18926156189454,30.109094166842503,0.027966147669703487,0.551333109998774,38.281939482869454,37.73060637287067,29.270642886599134,25.24635728471248,34.18926156189454,30.109094166842503,0.027966147669703487,0.551333109998774,38.281939482869454,37.73060637287067
1996-05-05,29.402721471451738,25.308611843408727,33.61452871055905,30.212302251638746,0.0414518296422282,0.48839363527680074,41.986756816679595,41.49836318140278,29.402721471451738,25.308611843408727,33.61452871055905,30.212302251638746,0.0414518296422282,0.48839363527680074,41.986756816679595,41.49836318140278
1996-05-06,29.62083782322802,25.3819736664796,34.19368159612239,30.462020877069193,0.00538147117269421,0.48433233862109637,48.99983682255376,48.51550448393266,29.62083782322802,25.3819736664796,34.19368159612239,30.462020877069193,0.00538147117269421,0.48433233862109637,48.99983682255376,48.51550448393266
1996-05-07,28.874125598917857,24.803077122122883,32.99462710787347,29.72072379490819,0.03144021141734833,0.40107655662724395,48.53239371275641,48.131317156129136,28.874125598917857,24.803077122122883,32.99462710787347,29.72072379490819,0.03144021141734833,0.40107655662724395,48.53239371275641,48.131317156129136
1996-05-08,29.111143413524516,24.78835482541919,33.65482818291777,29.978783443352786,0.01605685612586667,0.3848692055170951,48.120255855953005,47.7353866504359,29.111143413524516,24.78835482541919,33.65482818291777,29.978783443352786,0.01605685612586667,0.3848692055170951,48.120255855953005,47.7353866504359
1996-05-09,29.230946438735586,25.208713685479406,33.49709256055611,30.074195133230354,0.10772172657119371,0.34475302229877824,43.40422816650678,43.059475144208,29.230946438735586,25.208713685479406,33.49709256055611,30.074195133230354,0.10772172657119371,0.34475302229877824,43.40422816650678,43.059475144208
1996-05-10,28.645411479323425,25.018360458540588,33.56970380062192,29.35500565005167,1.892031584405424,0.7707927511842915,35.31784750324355,34.54705475205925,28.645411479323425,25.018360458540588,33.56970380062192,29.35500565005167,1.892031584405424,0.7707927511842915,35.31784750324355,34.54705475205925
1996-05-11,28.09720840973664,24.742769684880535,32.607238771681075,28.945111992264902,0.2948838278189669,0.6039154247714414,31.102568220823482,30.498652796052035,28.09720840973664,24.742769684880535,32.607238771681075,28.945111992264902,0.2948838278189669,0.6039154247714414,31.102568220823482,30.498652796052035
1996-05-12,27.36816968972717,24.761868168964185,30.74715814808797,28.240387160993354,0.10539547045587501,0.4785911532072335,30.210010206124107,29.731419052916873,27.36816968972717,24.761868168964185,30.74715814808797,28.240387160993354,0.10539547045587501,0.4785911532072335,30.210010206124107,29.731419052916873
1996-05-13,26.7524747118671,23.579252448758805,30.866940125952087,27.71068663015411,0.05487156796144658,0.45212509104665105,29.47562296034038,29.023497869293738,26.7524747118671,23.579252448758805,30.866940125952087,27.71068663015411,0.05487156796144658,0.45212509104665105,29.47562296034038,29.023497869293738
1996-05-14,27.486517007739693,24.57836110221533,32.46394885292599,28.378833182803994,0.31387821263892624,0.5029240008358301,33.428408767123905,32.925484766288086,27.486517007739693,24.57836110221533,32.46394885292599,28.378833182803994,0.31387821263892624,0.5029240008358301,33.428408767123905,32.925484766288086
1996-05-15,27.819494836325173,24.443187225331,32.922006327705276,28.704918651798113,0.3802219561150414,0.5713728377572581,36.61575203800169,36.04437920024441,27.819494836325173,24.443187225331,32.922006327705276,28.704918651798113,0.3802219561150414,0.5713728377572581,36.61575203800169,36.04437920024441
1996-05-16,27.431733429279394,24.355558267870812,32.22638512074248,28.164486135769614,2.633855912962601,1.3366922356946738,32.39699358375779,31.06030134806311,27.431733429279394,24.355558267870812,32.22638512074248,28.164486135769614,2.633855912962601,1.3366922356946738,32.39699358375779,31.06030134806311
1996-05-17,26.874098225094535,23.65649827592341,31.73621469398914,27.50405761662311,3.2049470350675504,1.4803616143697453,27.396389986898484,25.916028372528743,26.874098225094535,23.65649827592341,31.73621469398914,27.50405761662311,3.2049470350675504,1.4803616143697453,27.396389986898484,25.916028372528743
1996-05-18,26.00110505236076,23.46817446792991,31.224224854590506,26.55102857146539,6.974656159249046,2.541941634893375,22.72124137098246,20.179299736089074,26.00110505236076,23.46817446792991,31.224224854590506,26.55102857146539,6.974656159249046,2.541941634893375,22.72124137098246,20.179299736089074
1996-05-19,26.86798479963227,24.07518062020487,31.062379415256057,27.527093182705137,0.543192220048341,1.860832029841406,27.3345072201626,25.473675190321188,26.86798479963227,24.07518062020487,31.062379415256057,27.527093182705137,0.543192220048341,1.860832029841406,27.3345072201626,25.473675190321188
1996-05-20,27.265628684942964,24.825227046911415,30.960256059356997,28.200503159868312,1.1469002192437792,1.5005881551360525,24.246643256368493,22.746055101232436,27.265628684942964,24.825227046911415,30.960256059356997,28.200503159868312,1.1469002192437792,1.5005881551360525,24.246643256368493,22.746055101232436
1996-05-21,26.9796434457333,23.780997036258313,31.01533510128174,27.730205844396718,0.020734690242604742,1.1211805361841036,21.564791281486144,20.443610745302042,26.9796434457333,23.780997036258313,31.01533510128174,27.730205844396718,0.020734690242604742,1.1211805361841036,21.564791281486144,20.443610745302042
1996-05-22,27.483762700465125,24.221497798864537,31.996444387190653,28.387218535045857,0.03298403041192346,1.0241058810248933,26.558426467622397,25.534320586597506,27.483762700465125,24.221497798864537,31.996444387190653,28.387218535045857,0.03298403041192346,1.0241058810248933,26.558426467622397,25.534320586597506
1996-05-23,28.156907816617466,24.7533784453152,33.091786520092235,29.004821469328412,0.14045010123529325,1.0113910922479479,30.591833689612542,29.580442597364588,28.156907816617466,24.7533784453152,33.091786520092235,29.004821469328412,0.14045010123529325,1.0113910922479479,30.591833689612542,29.580442597364588
1996-05-24,29.14358819802775,26.37717250113165,34.42486120467871,29.96348473948749,7.9520979222331345,1.3767233451053515,29.37778261040415,28.001059265298792,29.14358819802775,26.37717250113165,34.42486120467871,29.96348473948749,7.9520979222331345,1.3767233451053515,29.37778261040415,28.001059265298792
1996-05-25,29.2989985686927,26.12281157254076,34.494100392104066,29.814139547568683,0.049892440467170805,2.087816323096921,32.888697707640425,30.800881384543533,29.2989985686927,26.12281157254076,34.494100392104066,29.814139547568683,0.049892440467170805,2.087816323096921,32.888697707640425,30.800881384543533
1996-05-26,30.214108496237472,26.331905193805817,34.201513407439435,30.864691670735716,0.1365041942881033,1.6013220009663316,39.183922222211514,37.58260022124519,30.214108496237472,26.331905193805817,34.201513407439435,30.864691670735716,0.1365041942881033,1.6013220009663316,39.183922222211514,37.58260022124519
1996-05-27,30.903648337632532,26.550547081603632,37.29371194493479,31.559717883685305,0.08608496758346056,1.54858245998201,46.33588647498089,44.78730401499889,30.903648337632532,26.550547081603632,37.29371194493479,31.559717883685305,0.08608496758346056,1.54858245998201,46.33588647498089,44.78730401499889
1996-05-28,31.21231421170228,26.341779301862683,36.591055769750675,31.87959263071403,0.006967350968232253,1.25984326903828,49.933783153636874,48.673939884598596,31.21231421170228,26.341779301862683,36.591055769750675,31.87959263071403,0.006967350968232253,1.25984326903828,49.933783153636874,48.673939884598596
1996-05-29,30.895526498470016,26.53896452664232,35.68954941499983,31.788174680517503,0.1772948682563707,1.1483556077582349,46.00536881533674,44.857013207578504,30.895526498470016,26.53896452664232,35.68954941499983,31.788174680517503,0.1772948682563707,1.1483556077582349,46.00536881533674,44.857013207578504
1996-05-30,30.55124462522287,26.413866320022475,35.1027181175906,31.533690814047112,0.0,0.9457581148716757,44.2328155513127,43.28705743644103,30.55124462522287,26.413866320022475,35.1027181175906,31.533690814047112,0.0,0.9457581148716757,44.2328155513127,43.28705743644103
1996-05-31,30.03071137177804,25.807768224250566,34.565174208396115,30.972357737196514,0.003970431356174197,0.7762627911666364,43.975429053707984,43.199166262541354,30.03071137177804,25.807768224250566,34.565174208396115,30.972357737196514,0.003970431356174197,0.7762627911666364,43.975429053707984,43.199166262541354
1996-06-01,29.441312674271284,25.80221467537117,33.0568844506672,30.338888159959456,0.11541656349359494,0.6516972594763576,43.39318954480621,42.74149228532987,29.441312674271284,25.80221467537117,33.0568844506672,30.338888159959456,0.11541656349359494,0.6516972594763576,43.39318954480621,42.74149228532987
1996-06-02,28.8585761401803,26.011192079378066,32.72953651484651,29.80727226008304,0.029733294104549002,0.5741482889250198,39.691317680857054,39.11716939193204,28.8585761401803,26.011192079378066,32.72953651484651,29.80727226008304,0.029733294104549002,0.5741482889250198,39.691317680857054,39.11716939193204
1996-06-03,27.557649275522362,24.677547783497182,31.252041293819694,28.517975206589075,0.518469983248673,0.6117945430028094,30.246924460669035,29.63512991766623,27.557649275522362,24.677547783497182,31.252041293819694,28.517975206589075,0.518469983248673,0.6117945430028094,30.246924460669035,29.63512991766623
1996-06-04,27.67954763148439,24.533181123105297,31.82164003292238,28.65536041559857,0.05125766246873607,0.5875166089612859,35.08646887775961,34.49895226879833,27.67954763148439,24.533181123105297,31.82164003292238,28.65536041559857,0.05125766246873607,0.5875166089612859,35.08646887775961,34.49895226879833
1996-06-05,28.077656774374226,25.51695860096497,33.162706754173115,29.01136052466557,3.1309448325056533,1.0546247933129476,29.360710569421517,28.306085776108553,28.077656774374226,25.51695860096497,33.162706754173115,29.01136052466557,3.1309448325056533,1.0546247933129476,29.360710569421517,28.306085776108553
1996-06-06,28.32259292409952,24.761608936166002,33.70786594929679,28.81485212603079,3.6291148050340367,2.6941533377915667,29.050820544178368,26.356667206386795,28.32259292409952,24.761608936166002,33.70786594929679,28.81485212603079,3.6291148050340367,2.6941533377915667,29.050820544178368,26.356667206386795
1996-06-07,29.036373283007254,25.805002330902255,33.13385830160674,29.851667987688764,2.5264849205930777,1.1384808932414308,33.46473361487202,32.326252721630574,29.036373283007254,25.805002330902255,33.13385830160674,29.851667987688764,2.5264849205930777,1.1384808932414308,33.46473361487202,32.326252721630574
1996-06-08,27.445736060075962,25.11462945941464,32.26950448611618,27.731168335917584,8.991981204475387,3.1026424095428244,19.030690888633774,15.928048479090947,27.445736060075962,25.11462945941464,32.26950448611618,27.731168335917584,8.991981204475387,3.1026424095428244,19.030690888633774,15.928048479090947
1996-06-09,27.15878420269119,25.057305273987822,30.9180750960739,27.758174548138516,8.500682563376953,2.419944590809857,16.872014290075477,14.452069699265616,27.15878420269119,25.057305273987822,30.9180750960739,27.758174548138516,8.500682563376953,2.419944590809857,16.872014290075477,14.452069699265616
1996-06-10,26.169241609178137,24.405829490562137,30.126894408491665,26.34635396547356,12.100726484630417,3.0886116918201334,11.612899609332601,8.524287917512472,26.169241609178137,24.405829490562137,30.126894408491665,26.34635396547356,12.100726484630417,3.0886116918201334,11.612899609332601,8.524287917512472
1996-06-11,27.293315812339614,24.5322644670734,32.68460378294131,27.61630604484072,0.2702804507749864,3.0238401458354924,22.187348640208597,19.163508494373104,27.293315812339614,24.5322644670734,32.68460378294131,27.61630604484072,0.2702804507749864,3.0238401458354924,22.187348640208597,19.163508494373104
1996-06-12,28.508725192320895,25.581262706878807,32.16542249614392,29.045379622682084,4.12862962843373,2.659598593746073,29.687631154887566,27.028032561141476,28.508725192320895,25.581262706878807,32.16542249614392,29.045379622682084,4.12862962843373,2.659598593746073,29.687631154887566,27.028032561141476
1996-06-13,26.97233015980623,25.36204828932148,30.516371430507494,26.98788432924911,9.54226394402897,3.756953358083343,15.772865484847534,12.015912126764185,26.97233015980623,25.36204828932148,30.516371430507494,26.98788432924911,9.54226394402897,3.756953358083343,15.772865484847534,12.015912126764185
1996-06-14,27.554993593646536,25.04473755162292,31.344548194296664,28.031469885832973,0.4932619686709091,2.583094637981389,22.01711960391453,19.434024965933144,27.554993593646536,25.04473755162292,31.344548194296664,28.031469885832973,0.4932619686709091,2.583094637981389,22.01711960391453,19.434024965933144
1996-06-15,27.839820582466047,25.48654118047791,31.23765762506461,28.396650941514473,0.294198585505551,2.4319275276746577,22.49305352028006,20.061125992605405,27.839820582466047,25.48654118047791,31.23765762506461,28.396650941514473,0.294198585505551,2.4319275276746577,22.49305352028006,20.061125992605405
1996-06-16,27.711011113893214,25.3846049986997,31.24583163313475,28.336899970156367,1.521743311769486,2.7527782243294956,21.5391338018516,18.786355577522116,27.711011113893214,25.3846049986997,31.24583163313475,28.336899970156367,1.521743311769486,2.7527782243294956,21.5391338018516,18.786355577522116
1996-06-17,27.477061738169557,24.8966875248956,30.992809258837497,28.150332275763304,3.4887797398313585,3.2007298424089403,20.255106245077336,17.054376402668392,27.477061738169557,24.8966875248956,30.992809258837497,28.150332275763304,3.4887797398313585,3.2007298424089403,20.255106245077336,17.054376402668392
1996-06-18,27.218389756239798,24.388773249471257,31.123609904429944,28.006421903910486,1.2375144952740338,2.7232347486009894,19.250801764100565,16.527567015499574,27.218389756239798,24.388773249471257,31.123609904429944,28.006421903910486,1.2375144952740338,2.7232347486009894,19.250801764100565,16.527567015499574
1996-06-19,28.002717281062562,25.016279082316714,33.05262566298061,28.687684170018837,0.3062764621612342,2.631136719117746,23.626826703548424,20.995689984430676,28.002717281062562,25.016279082316714,33.05262566298061,28.687684170018837,0.3062764621612342,2.631136719117746,23.626826703548424,20.995689984430676
1996-06-20,29.056198699824012,25.92044237438491,33.18043019508714,29.800291816234054,0.3163069790589976,2.3103028492540827,28.133411389520013,25.823108540265935,29.056198699824012,25.92044237438491,33.18043019508714,29.800291816234054,0.3163069790589976,2.3103028492540827,28.133411389520013,25.823108540265935
1996-06-21,27.98889926087631,25.36442068972689,31.408128832594972,27.867815171461615,5.034924749026514,2.6372654419936903,20.41367901992361,17.77641357792992,27.98889926087631,25.36442068972689,31.408128832594972,27.867815171461615,5.034924749026514,2.6372654419936903,20.41367901992361,17.77641357792992
1996-06-22,28.646506321624827,26.350162009749415,30.993229990788123,28.84418517347099,0.008766579248539312,1.5426960256437503,25.452688774641825,23.90999274899806,28.646506321624827,26.350162009749415,30.993229990788123,28.84418517347099,0.008766579248539312,1.5426960256437503,25.452688774641825,23.90999274899806
1996-06-23,29.312049184165286,25.882482726341266,33.77879857207397,29.795044217765366,0.03426700070868295,2.22367548402471,34.127505649013735,31.903830164989007,29.312049184165286,25.882482726341266,33.77879857207397,29.795044217765366,0.03426700070868295,2.22367548402471,34.127505649013735,31.903830164989007
1996-06-24,29.541134620667478,26.600012506939777,32.87206109165509,30.082090607038765,1.0774700634416172,1.9442874891667048,29.265493807993366,27.32120631882667,29.541134620667478,26.600012506939777,32.87206109165509,30.082090607038765,1.0774700634416172,1.9442874891667048,29.265493807993366,27.32120631882667
1996-06-25,28.79868190313466,25.851515339108627,33.07541286660646,29.38631464662697,1.143234223914675,2.380605870034439,27.871905626252136,25.491299756217707,28.79868190313466,25.851515339108627,33.07541286660646,29.38631464662697,1.143234223914675,2.380605870034439,27.871905626252136,25.491299756217707
1996-06-26,29.047042193563417,25.74071818664482,33.57476534358035,29.72192717670087,0.01952918567483072,2.1285429142885275,32.98515131531066,30.856608401022136,29.047042193563417,25.74071818664482,33.57476534358035,29.72192717670087,0.01952918567483072,2.1285429142885275,32.98515131531066,30.856608401022136
1996-06-27,29.30029387071525,25.659268071307945,33.17189289454462,30.037068639345236,0.1573472113095986,1.7962868496980329,40.95110681935404,39.154819969656,29.30029387071525,25.659268071307945,33.17189289454462,30.037068639345236,0.1573472113095986,1.7962868496980329,40.95110681935404,39.154819969656
1996-06-28,29.057067939979643,25.272012828949133,33.53171577413298,29.809484381170115,0.006703588868823236,1.6963601639863677,37.6254434777045,35.92908331371816,29.057067939979643,25.272012828949133,33.53171577413298,29.809484381170115,0.006703588868823236,1.6963601639863677,37.6254434777045,35.92908331371816
1996-06-29,28.747203327415072,25.50421524397204,32.48338598108236,29.542370563993973,0.09812207605792637,1.3453269133940673,35.25407282440709,33.90874591101303,28.747203327415072,25.50421524397204,32.48338598108236,29.542370563993973,0.09812207605792637,1.3453269133940673,35.25407282440709,33.90874591101303
1996-06-30,28.0912616321707,25.379047881015843,31.204773467340303,29.040497988362414,0.0035291975255833836,1.2551034968339791,32.60563859567123,31.350535098837263,28.0912616321707,25.379047881015843,31.204773467340303,29.040497988362414,0.0035291975255833836,1.2551034968339791,32.60563859567123,31.350535098837263
1996-07-01,27.720170563700794,25.002645206484967,31.686499258849544,28.710965637165877,0.3354180156446786,1.1835305145526698,22.195664314830665,21.012133800277994,27.720170563700794,25.002645206484967,31.686499258849544,28.710965637165877,0.3354180156446786,1.1835305145526698,22.195664314830665,21.012133800277994
1996-07-02,28.160210811009968,25.636330693034257,32.81524318199246,29.188347447202663,0.2451665121638358,1.1503509461995196,24.74040537022838,23.590054424028864,28.160210811009968,25.636330693034257,32.81524318199246,29.188347447202663,0.2451665121638358,1.1503509461995196,24.74040537022838,23.590054424028864
1996-07-03,27.94908295170422,25.481845525974656,31.882768375817232,28.62768652632554,2.9327553388895216,2.347912547526623,21.027839141292613,18.67992659376598,27.94908295170422,25.481845525974656,31.882768375817232,28.62768652632554,2.9327553388895216,2.347912547526623,21.027839141292613,18.67992659376598
1996-07-04,27.825371008847608,25.4766891893344,31.15229313854764,28.685849656484244,2.812799924266908,1.6618098377362658,19.789977358045938,18.128167520309674,27.825371008847608,25.4766891893344,31.15229313854764,28.685849656484244,2.812799924266908,1.6618098377362658,19.789977358045938,18.128167520309674
1996-07-05,27.332847261669656,25.553188319406054,30.750601947672838,27.73888183048213,5.611222190874505,2.6826834612515826,17.789135504331586,15.10645204308,27.332847261669656,25.553188319406054,30.750601947672838,27.73888183048213,5.611222190874505,2.6826834612515826,17.789135504331586,15.10645204308
1996-07-06,26.36810158705697,24.301942618525533,30.613266675948367,26.243795734310066,19.499631134208514,4.438624131076981,13.200994049549605,8.762369918472627,26.36810158705697,24.301942618525533,30.613266675948367,26.243795734310066,19.499631134208514,4.438624131076981,13.200994049549605,8.762369918472627
1996-07-07,27.659800215977906,24.579312666959805,33.255332806497485,27.981812577238173,0.4485712918719286,3.4544118110900093,22.84354901032449,19.38913719923448,27.659800215977906,24.579312666959805,33.255332806497485,27.981812577238173,0.4485712918719286,3.4544118110900093,22.84354901032449,19.38913719923448
1996-07-08,28.812244930045576,25.148410300765043,33.157814702554276,29.4265415398576,0.042341082138994506,2.7697948357087063,29.482523195232954,26.71272835952425,28.812244930045576,25.148410300765043,33.157814702554276,29.4265415398576,0.042341082138994506,2.7697948357087063,29.482523195232954,26.71272835952425
1996-07-09,29.010915980306105,25.289885907040418,33.08076268727189,29.6614607630585,0.001289873479077089,2.5338596612209776,30.66901431175216,28.135154650531184,29.010915980306105,25.289885907040418,33.08076268727189,29.6614607630585,0.001289873479077089,2.5338596612209776,30.66901431175216,28.135154650531184
1996-07-10,28.921593426924744,26.176673646760893,32.34033628479192,29.627623788283316,0.1206033736312667,2.240199533361033,30.92675062185781,28.68655108849675,28.921593426924744,26.176673646760893,32.34033628479192,29.627623788283316,0.1206033736312667,2.240199533361033,30.92675062185781,28.68655108849675
1996-07-11,28.566383339780053,25.58922796138532,32.3918540091949,29.415948349273076,0.05332360881717666,2.049077409816569,28.77318093834649,26.724103528529913,28.566383339780053,25.58922796138532,32.3918540091949,29.415948349273076,0.05332360881717666,2.049077409816569,28.77318093834649,26.724103528529913
1996-07-12,28.63154394107906,25.64697777511951,32.6909444520741,29.45729418095401,0.0036012077713074558,1.8962286511129705,31.74304195317888,29.84681330206592,28.63154394107906,25.64697777511951,32.6909444520741,29.45729418095401,0.0036012077713074558,1.8962286511129705,31.74304195317888,29.84681330206592
1996-07-13,28.690018168600847,25.65792124534245,32.831358597000566,29.49290904696446,2.464297938533767,1.990888908429333,31.529514176109043,29.538625267679702,28.690018168600847,25.65792124534245,32.831358597000566,29.49290904696446,2.464297938533767,1.990888908429333,31.529514176109043,29.538625267679702
1996-07-14,28.43894109126903,25.15320302782526,32.51430320618809,29.20702528913809,1.640519609468657,2.0129420581644757,26.15391468552477,24.140972627360302,28.43894109126903,25.15320302782526,32.51430320618809,29.20702528913809,1.640519609468657,2.0129420581644757,26.15391468552477,24.140972627360302
1996-07-15,27.825380689140225,25.0211992436456,32.34589828808314,28.416507515051336,8.674388800849496,2.7164442982365844,25.02552825365741,22.309083955420824,27.825380689140225,25.0211992436456,32.34589828808314,28.416507515051336,8.674388800849496,2.7164442982365844,25.02552825365741,22.309083955420824
1996-07-16,26.858826961116534,24.471323131683512,31.095901206548252,27.175609703641697,5.8861426672029475,3.9076898496318497,18.766624374723886,14.858934525092035,26.858826961116534,24.471323131683512,31.095901206548252,27.175609703641697,5.8861426672029475,3.9076898496318497,18.766624374723886,14.858934525092035
1996-07-17,27.486074924771255,25.18747735314064,31.869342441968612,27.97112568493281,4.56872035726779,2.8074382377546327,19.97850531421525,17.17106707646062,27.486074924771255,25.18747735314064,31.869342441968612,27.97112568493281,4.56872035726779,2.8074382377546327,19.97850531421525,17.17106707646062
1996-07-18,27.52106764106893,24.698312227437892,31.831305532532642,27.958226605252243,0.2008320349713116,2.746555736395371,27.099634424592033,24.353078688196664,27.52106764106893,24.698312227437892,31.831305532532642,27.958226605252243,0.2008320349713116,2.746555736395371,27.099634424592033,24.353078688196664
1996-07-19,27.681749808470652,24.797777786066725,31.086812337597838,28.270293549549717,1.6088182213959785,2.722757124788495,26.52151324707843,23.798756122289916,27.681749808470652,24.797777786066725,31.086812337597838,28.270293549549717,1.6088182213959785,2.722757124788495,26.52151324707843,23.798756122289916
1996-07-20,27.392367785584767,24.415197252983642,31.618788589310853,28.0779267729315,0.7599489943510264,2.434317174775367,24.071377050229966,21.637059875454604,27.392367785584767,24.415197252983642,31.618788589310853,28.0779267729315,0.7599489943510264,2.434317174775367,24.071377050229966,21.637059875454604
1996-07-21,28.128974020020692,24.800340778905728,32.45950939451227,28.78810541064051,0.07820404324193786,2.1534038011500343,26.038077952850024,23.884674151699983,28.128974020020692,24.800340778905728,32.45950939451227,28.78810541064051,0.07820404324193786,2.1534038011500343,26.038077952850024,23.884674151699983
1996-07-22,28.918087803893318,25.712776592022138,32.614861877806824,29.687174379869063,0.1743522726259167,1.9078081645604241,28.196903405558167,26.28909524099775,28.918087803893318,25.712776592022138,32.614861877806824,29.687174379869063,0.1743522726259167,1.9078081645604241,28.196903405558167,26.28909524099775
1996-07-23,28.883931172760533,25.70188912085636,32.80974544405552,29.729021388062108,0.029756521918312594,1.8100731879178802,29.096329750709025,27.286256562791138,28.883931172760533,25.70188912085636,32.80974544405552,29.729021388062108,0.029756521918312594,1.8100731879178802,29.096329750709025,27.286256562791138
1996-07-24,28.61515982975997,25.251259741761274,32.83177827550891,29.43098689925025,4.6910439884519555,1.684213648955349,29.03427204885462,27.35005839989927,28.61515982975997,25.251259741761274,32.83177827550891,29.43098689925025,4.6910439884519555,1.684213648955349,29.03427204885462,27.35005839989927
1996-07-25,27.976972312922843,24.165239460546346,33.13908422993448,28.43347387718069,0.3299613747132989,2.789296299040674,31.412382942452822,28.62308664341215,27.976972312922843,24.165239460546346,33.13908422993448,28.43347387718069,0.3299613747132989,2.789296299040674,31.412382942452822,28.62308664341215
1996-07-26,28.580200827422704,25.538721853311944,32.7168837753892,29.330507412496566,2.65326827250135,2.0709560994438063,30.333690783556765,28.262734684112953,28.580200827422704,25.538721853311944,32.7168837753892,29.330507412496566,2.65326827250135,2.0709560994438063,30.333690783556765,28.262734684112953
1996-07-27,28.11226484404636,25.230821735936967,32.75871510332673,28.5296259853753,1.8886803697763976,3.149761296756232,28.627165698509643,25.477404401753404,28.11226484404636,25.230821735936967,32.75871510332673,28.5296259853753,1.8886803697763976,3.149761296756232,28.627165698509643,25.477404401753404
1996-07-28,28.333956930320234,25.896465947284497,32.34951140164232,28.91321028144726,3.926634866278403,2.3774813851469534,28.93797795551684,26.56049657036989,28.333956930320234,25.896465947284497,32.34951140164232,28.91321028144726,3.926634866278403,2.3774813851469534,28.93797795551684,26.56049657036989
1996-07-29,28.339085006534788,25.488351456553744,32.48457438222699,28.894246567433505,0.046758919659322655,1.8568180958101057,28.725199503728973,26.86838140791888,28.339085006534788,25.488351456553744,32.48457438222699,28.894246567433505,0.046758919659322655,1.8568180958101057,28.725199503728973,26.86838140791888
1996-07-30,28.069378296584677,24.824181010967443,31.807994972328384,28.926347188489334,0.18948941448636453,1.6495029016536649,27.49183230750281,25.842329405849135,28.069378296584677,24.824181010967443,31.807994972328384,28.926347188489334,0.18948941448636453,1.6495029016536649,27.49183230750281,25.842329405849135
1996-07-31,27.68656698103541,24.948745643693595,32.01094158585109,28.258730378016043,0.6718149001264958,1.616058459124249,24.115249152416986,22.49919069329275,27.68656698103541,24.948745643693595,32.01094158585109,28.258730378016043,0.6718149001264958,1.616058459124249,24.115249152416986,22.49919069329275
1996-08-01,28.502251818572894,24.85610970191104,32.75656603268639,29.328994157429996,0.17149541192425935,1.5012532487044494,31.799685035469068,30.298431786764613,28.502251818572894,24.85610970191104,32.75656603268639,29.328994157429996,0.17149541192425935,1.5012532487044494,31.799685035469068,30.298431786764613
1996-08-02,28.116579666621373,24.50751114240953,32.465631071267325,29.025501770685935,0.031372074347928144,1.2879579525812277,31.265359425700094,29.977401473118857,28.116579666621373,24.50751114240953,32.465631071267325,29.025501770685935,0.031372074347928144,1.2879579525812277,31.265359425700094,29.977401473118857
1996-08-03,28.920788829472556,25.86096052953831,33.45058428746535,29.894704990626625,0.0023835664401805163,1.1626358766288512,30.13300595463225,28.9703700780034,28.920788829472556,25.86096052953831,33.45058428746535,29.894704990626625,0.0023835664401805163,1.1626358766288512,30.13300595463225,28.9703700780034
1996-08-04,29.180738985805842,25.965637289801663,33.603747943422626,30.12636224635412,0.12710608399027773,1.0522454271736639,33.362947380765284,32.31070195359162,29.180738985805842,25.965637289801663,33.603747943422626,30.12636224635412,0.12710608399027773,1.0522454271736639,33.362947380765284,32.31070195359162
1996-08-05,28.924209616359697,26.003989930940577,32.70781972145433,29.87341326634853,2.1312332207907168,1.1893865715039156,29.12563050389499,27.93624393239107,28.924209616359697,26.003989930940577,32.70781972145433,29.87341326634853,2.1312332207907168,1.1893865715039156,29.12563050389499,27.93624393239107
1996-08-06,27.44394390862686,24.648092467552217,32.07657287318167,28.15669095754991,2.68608405993303,2.279729606972777,23.420992240115492,21.14126263314273,27.44394390862686,24.648092467552217,32.07657287318167,28.15669095754991,2.68608405993303,2.279729606972777,23.420992240115492,21.14126263314273
1996-08-07,27.48509073981919,24.474556210562522,32.54733474908806,28.18189709219873,4.401978407269056,2.0497665124151148,23.563726272075765,21.513959759660654,27.48509073981919,24.474556210562522,32.54733474908806,28.18189709219873,4.401978407269056,2.0497665124151148,23.563726272075765,21.513959759660654
1996-08-08,26.84960663828959,25.09187308509987,30.827079181194083,27.075995077778444,8.663550967104104,2.908302101989936,18.042401148530526,15.134099046540596,26.84960663828959,25.09187308509987,30.827079181194083,27.075995077778444,8.663550967104104,2.908302101989936,18.042401148530526,15.134099046540596
1996-08-09,26.695201640785754,24.496217037145787,31.63584401344652,26.94815728027559,2.4034238349633017,3.210480389221007,21.775235641418345,18.564755252197337,26.695201640785754,24.496217037145787,31.63584401344652,26.94815728027559,2.4034238349633017,3.210480389221007,21.775235641418345,18.564755252197337
1996-08-10,27.52418938852098,24.170974814215732,31.92185458901814,28.10063086927704,0.36281792940230445,2.1476238436521915,26.069003137306815,23.921379293654624,27.52418938852098,24.170974814215732,31.92185458901814,28.10063086927704,0.36281792940230445,2.1476238436521915,26.069003137306815,23.921379293654624
1996-08-11,28.367472437909793,24.965277566133775,32.394099921279846,29.170481014934783,0.2523287632130283,1.930739583631937,26.979199549962015,25.048459966330086,28.367472437909793,24.965277566133775,32.394099921279846,29.170481014934783,0.2523287632130283,1.930739583631937,26.979199549962015,25.048459966330086
1996-08-12,28.726164635092534,24.76755726254287,33.41373706372863,29.621503252757517,0.02675668250032848,1.7191302949807385,30.35258042503721,28.633450130056467,28.726164635092534,24.76755726254287,33.41373706372863,29.621503252757517,0.02675668250032848,1.7191302949807385,30.35258042503721,28.633450130056467
1996-08-13,28.45437418561569,24.891366426656642,32.69731435423034,29.389198463478547,0.24841870338852715,1.5048410595198167,30.488698934534558,28.983857875014742,28.45437418561569,24.891366426656642,32.69731435423034,29.389198463478547,0.24841870338852715,1.5048410595198167,30.488698934534558,28.983857875014742
1996-08-14,28.33682661147212,25.26847213954726,32.57104332236258,29.188258579805538,0.13853537971258525,1.2273702897753413,25.875258858815254,24.647888569039917,28.33682661147212,25.26847213954726,32.57104332236258,29.188258579805538,0.13853537971258525,1.2273702897753413,25.875258858815254,24.647888569039917
1996-08-15,28.114160211788676,25.641379417319957,32.049008513017554,28.81207622498075,1.4510740461710496,1.4591369851400162,23.07433070232432,21.615193717184297,28.114160211788676,25.641379417319957,32.049008513017554,28.81207622498075,1.4510740461710496,1.4591369851400162,23.07433070232432,21.615193717184297
1996-08-16,28.103788547531618,25.476214549087093,32.095874091158734,28.958935462850516,0.38780973972784444,1.1639955987305481,23.25059101116744,22.086595412436903,28.103788547531618,25.476214549087093,32.095874091158734,28.958935462850516,0.38780973972784444,1.1639955987305481,23.25059101116744,22.086595412436903
1996-08-17,27.905765045603186,25.326994631701044,31.864488362644494,28.701646576966894,3.9015451632707023,1.76508457922482,22.8682752015012,21.103190622276383,27.905765045603186,25.326994631701044,31.864488362644494,28.701646576966894,3.9015451632707023,1.76508457922482,22.8682752015012,21.103190622276383
1996-08-18,27.974575156623654,25.045310731721834,32.28847037621384,28.658275776372932,0.2355628070648228,1.7303483466860188,26.533981007709176,24.803632661023148,27.974575156623654,25.045310731721834,32.28847037621384,28.658275776372932,0.2355628070648228,1.7303483466860188,26.533981007709176,24.803632661023148
1996-08-19,28.061049284469686,25.248882455748493,31.35001962842463,28.811929025008364,0.7938703324602453,1.2697743690845282,25.98568372751214,24.715909358427613,28.061049284469686,25.248882455748493,31.35001962842463,28.811929025008364,0.7938703324602453,1.2697743690845282,25.98568372751214,24.715909358427613
1996-08-20,27.687418338201827,25.715048517681964,30.384424311848434,28.064856331513802,1.5789532137269955,1.710442320304926,28.924086674727704,27.21364435442278,27.687418338201827,25.715048517681964,30.384424311848434,28.064856331513802,1.5789532137269955,1.710442320304926,28.924086674727704,27.21364435442278
1996-08-21,25.870857147981837,24.306658401301103,28.328268415418087,25.785868014328525,13.585888637312225,5.305180133869213,20.30640770722207,15.001227573352862,25.870857147981837,24.306658401301103,28.328268415418087,25.785868014328525,13.585888637312225,5.305180133869213,20.30640770722207,15.001227573352862
1996-08-22,26.766498229889038,24.59786248497657,30.509055816661085,26.9340212754889,3.499923026574333,3.5555528075962095,21.921337621864524,18.365784814268316,26.766498229889038,24.59786248497657,30.509055816661085,26.9340212754889,3.499923026574333,3.5555528075962095,21.921337621864524,18.365784814268316
1996-08-23,27.353425465120523,24.7493340492584,33.07532977365861,27.593129873102228,3.3915877152246448,3.075576447050162,24.362121959646302,21.28654551259614,27.353425465120523,24.7493340492584,33.07532977365861,27.593129873102228,3.3915877152246448,3.075576447050162,24.362121959646302,21.28654551259614
1996-08-24,27.315301380647856,24.826074068258194,32.034915895317546,27.904117396472213,4.032206321127709,2.1604326720618157,25.433229836896086,23.272797164834262,27.315301380647856,24.826074068258194,32.034915895317546,27.904117396472213,4.032206321127709,2.1604326720618157,25.433229836896086,23.272797164834262
1996-08-25,26.67200855731239,24.19965760223287,31.226631040395027,27.10367337072677,2.8765418204914455,2.93110854865989,20.142412431834654,17.211303883174757,26.67200855731239,24.19965760223287,31.226631040395027,27.10367337072677,2.8765418204914455,2.93110854865989,20.142412431834654,17.211303883174757
1996-08-26,26.430424110920466,23.89259621840871,31.546555750014726,26.921367259986926,2.5472885991250096,2.7380761690109727,19.12198890448036,16.383912735469387,26.430424110920466,23.89259621840871,31.546555750014726,26.921367259986926,2.5472885991250096,2.7380761690109727,19.12198890448036,16.383912735469387
1996-08-27,26.572169477698523,24.01956411847428,30.91395428782824,27.035609286080813,1.8882323608839133,2.568502608304839,16.50194944200401,13.933446833699175,26.572169477698523,24.01956411847428,30.91395428782824,27.035609286080813,1.8882323608839133,2.568502608304839,16.50194944200401,13.933446833699175
1996-08-28,27.28288638903326,24.27607361785786,31.445097626796567,27.882130163348904,0.13225532547298788,2.25720335685134,21.75812248971185,19.500919132860517,27.28288638903326,24.27607361785786,31.445097626796567,27.882130163348904,0.13225532547298788,2.25720335685134,21.75812248971185,19.500919132860517
1996-08-29,27.702889665068668,24.641597426126566,31.206937963385542,28.4940334120757,0.2700348487879498,1.7268673397729237,22.360859608704782,20.633992268931873,27.702889665068668,24.641597426126566,31.206937963385542,28.4940334120757,0.2700348487879498,1.7268673397729237,22.360859608704782,20.633992268931873
1996-08-30,28.27851024420318,25.33791148638209,32.35960051404537,29.09567882362724,0.03359540036622821,1.6909072903227995,24.828034968454254,23.137127678131456,28.27851024420318,25.33791148638209,32.35960051404537,29.09567882362724,0.03359540036622821,1.6909072903227995,24.828034968454254,23.137127678131456
1996-08-31,28.23053632294802,25.322493288927614,32.25082580953379,29.177146038365752,0.3510189123580303,1.5200679959724719,23.71315833662713,22.193090340654663,28.23053632294802,25.322493288927614,32.25082580953379,29.177146038365752,0.3510189123580303,1.5200679959724719,23.71315833662713,22.193090340654663
1996-09-01,28.625317458013665,25.93881460675553,32.60122398707004,29.449809001417865,0.4676506777791947,1.5572497464372639,23.564310228060386,22.007060481623128,28.625317458013665,25.93881460675553,32.60122398707004,29.449809001417865,0.4676506777791947,1.5572497464372639,23.564310228060386,22.007060481623128
1996-09-02,28.75738049787413,25.22523198304099,33.37585599388017,29.688493522517685,0.002149018127924326,1.3092189289789546,29.941565818709346,28.632346889730403,28.75738049787413,25.22523198304099,33.37585599388017,29.688493522517685,0.002149018127924326,1.3092189289789546,29.941565818709346,28.632346889730403
1996-09-03,28.906514215732546,25.51563530546038,32.94618260248224,29.89215040270728,0.002160949406970758,1.1279381580018333,31.218684703248105,30.090746545246272,28.906514215732546,25.51563530546038,32.94618260248224,29.89215040270728,0.002160949406970758,1.1279381580018333,31.218684703248105,30.090746545246272
1996-09-04,28.68509437934572,25.250390807739954,33.27388489263999,29.747815858868435,8.85493420810235E-4,1.0178680129824245,30.380808740759772,29.36294072777735,28.68509437934572,25.250390807739954,33.27388489263999,29.747815858868435,8.85493420810235E-4,1.0178680129824245,30.380808740759772,29.36294072777735
1996-09-05,28.732533787029464,25.699932260435993,33.45964767493673,29.696345216214258,0.7613951467245414,1.1204660838314366,26.695905585929758,25.575439502098323,28.732533787029464,25.699932260435993,33.45964767493673,29.696345216214258,0.7613951467245414,1.1204660838314366,26.695905585929758,25.575439502098323
1996-09-06,28.94154030245716,25.549299279213233,33.08318268069496,29.872445194315553,0.13175655950510937,0.8756133283883091,28.381703914198575,27.506090585810266,28.94154030245716,25.549299279213233,33.08318268069496,29.872445194315553,0.13175655950510937,0.8756133283883091,28.381703914198575,27.506090585810266
1996-09-07,28.966142350210564,25.695977799327192,33.202447144285586,29.88782368299764,0.21103278232173306,0.7790571069472814,29.12430566784443,28.34524856089716,28.966142350210564,25.695977799327192,33.202447144285586,29.88782368299764,0.21103278232173306,0.7790571069472814,29.12430566784443,28.34524856089716
1996-09-08,28.362412159126936,25.3364862488373,31.922575320908553,29.262169742349037,0.28274462104874215,0.7243380682065942,26.18710770966847,25.462769641461875,28.362412159126936,25.3364862488373,31.922575320908553,29.262169742349037,0.28274462104874215,0.7243380682065942,26.18710770966847,25.462769641461875
1996-09-09,28.122326005517074,25.217108954053018,31.92943999158444,29.00175274267456,0.8849592171477092,0.8919544848664287,24.796650115454344,23.90469563058792,28.122326005517074,25.217108954053018,31.92943999158444,29.00175274267456,0.8849592171477092,0.8919544848664287,24.796650115454344,23.90469563058792
1996-09-10,28.14680810507097,25.022836002727377,32.23422374718618,29.060496708752506,0.5090067129649086,0.9280594610997847,25.81643054931673,24.88837108821695,28.14680810507097,25.022836002727377,32.23422374718618,29.060496708752506,0.5090067129649086,0.9280594610997847,25.81643054931673,24.88837108821695
1996-09-11,28.0701561557725,25.250083197217084,31.622882631522867,29.06141109374742,0.8377535278505741,0.9579138627571719,22.94917371322169,21.991259850464512,28.0701561557725,25.250083197217084,31.622882631522867,29.06141109374742,0.8377535278505741,0.9579138627571719,22.94917371322169,21.991259850464512
1996-09-12,28.188316530776493,25.33557575759264,31.64176209635526,29.180464837527932,0.5584515791285326,0.8729794956599376,22.263892679913177,21.39091318425325,28.188316530776493,25.33557575759264,31.64176209635526,29.180464837527932,0.5584515791285326,0.8729794956599376,22.263892679913177,21.39091318425325
1996-09-13,28.436392095282894,25.333850380365714,32.85555558589272,29.40254260528199,0.13310672448276836,0.6640455480527189,24.66383403972152,23.99978849166882,28.436392095282894,25.333850380365714,32.85555558589272,29.40254260528199,0.13310672448276836,0.6640455480527189,24.66383403972152,23.99978849166882
1996-09-14,28.896099853022978,26.09912052618105,33.22589098106344,29.894874028475417,0.5562053816782321,0.7742847722416069,26.072010067240697,25.297725294999093,28.896099853022978,26.09912052618105,33.22589098106344,29.894874028475417,0.5562053816782321,0.7742847722416069,26.072010067240697,25.297725294999093
1996-09-15,29.960878899943758,26.656079151009738,35.27631414130604,30.893503279471624,0.3099765270350054,0.7849281716746692,32.136638430001305,31.35171025832666,29.960878899943758,26.656079151009738,35.27631414130604,30.893503279471624,0.3099765270350054,0.7849281716746692,32.136638430001305,31.35171025832666
1996-09-16,30.90168719133248,26.87921652852664,36.16569959446338,31.886972146450276,0.017840102230357376,0.5707581359899643,35.75878366749233,35.18802553150236,30.90168719133248,26.87921652852664,36.16569959446338,31.886972146450276,0.017840102230357376,0.5707581359899643,35.75878366749233,35.18802553150236
1996-09-17,30.820781026206305,26.888101045797264,35.761874425121455,31.81018918422495,0.32342685889761047,0.5769496691761278,35.083648039132356,34.50669836995622,30.820781026206305,26.888101045797264,35.761874425121455,31.81018918422495,0.32342685889761047,0.5769496691761278,35.083648039132356,34.50669836995622
1996-09-18,30.24722473934607,26.719649050646353,34.73154028569694,31.26633825267421,0.07953271978377623,0.4814478174093409,32.161631141489096,31.680183324079753,30.24722473934607,26.719649050646353,34.73154028569694,31.26633825267421,0.07953271978377623,0.4814478174093409,32.161631141489096,31.680183324079753
1996-09-19,29.7449950543931,26.682386604032246,33.474904496856986,30.740354488158303,0.11039319257578319,0.4233451184198948,30.525195841093886,30.10185072267398,29.7449950543931,26.682386604032246,33.474904496856986,30.740354488158303,0.11039319257578319,0.4233451184198948,30.525195841093886,30.10185072267398
1996-09-20,29.469833646924048,26.64249752806538,33.851860873553846,30.536250070345968,1.2260066512926506,0.584774403942748,29.348042191607544,28.763267787664784,29.469833646924048,26.64249752806538,33.851860873553846,30.536250070345968,1.2260066512926506,0.584774403942748,29.348042191607544,28.763267787664784
1996-09-21,29.535653077614114,26.64893008316428,34.33013435194461,30.529966882345402,0.2102884672275097,0.8682719621756162,29.625488452379784,28.75721649020416,29.535653077614114,26.64893008316428,34.33013435194461,30.529966882345402,0.2102884672275097,0.8682719621756162,29.625488452379784,28.75721649020416
1996-09-22,29.59535790376567,27.165709715033927,34.20885581956773,30.525416442308583,1.8441992752482324,0.9428300767186957,25.481692347026026,24.53886227030734,29.59535790376567,27.165709715033927,34.20885581956773,30.525416442308583,1.8441992752482324,0.9428300767186957,25.481692347026026,24.53886227030734
1996-09-23,29.32033100950063,26.59817739972429,34.05235812626235,30.180620420249323,0.4027624204151223,0.9176874554290575,24.668030144253752,23.7503426888247,29.32033100950063,26.59817739972429,34.05235812626235,30.180620420249323,0.4027624204151223,0.9176874554290575,24.668030144253752,23.7503426888247
1996-09-24,28.136244904223823,25.278103687142554,32.50338666861468,28.858909558471698,2.0272052069708013,1.4878055359610536,22.681999882055273,21.19419434609422,28.136244904223823,25.278103687142554,32.50338666861468,28.858909558471698,2.0272052069708013,1.4878055359610536,22.681999882055273,21.19419434609422
1996-09-25,27.94235467829032,25.409422443600803,32.0613554586025,28.53732945790543,2.0807265710023217,1.5531281749388195,20.84557399515872,19.292445820219896,27.94235467829032,25.409422443600803,32.0613554586025,28.53732945790543,2.0807265710023217,1.5531281749388195,20.84557399515872,19.292445820219896
1996-09-26,28.852046391369694,25.457749146195727,34.03726279811981,29.637991975553813,0.08516020836018129,0.771644804397071,26.931423598105912,26.15977879370884,28.852046391369694,25.457749146195727,34.03726279811981,29.637991975553813,0.08516020836018129,0.771644804397071,26.931423598105912,26.15977879370884
1996-09-27,30.07693224592616,26.04791364787367,34.90223794032163,30.897934677842528,0.01617335637658676,0.6335159778783923,36.15124939077125,35.51773341289285,30.07693224592616,26.04791364787367,34.90223794032163,30.897934677842528,0.01617335637658676,0.6335159778783923,36.15124939077125,35.51773341289285
1996-09-28,29.366725409600612,26.14496506613377,33.27956019472425,30.17297020634817,1.8649839114042144,1.1104381101631748,31.838026177236493,30.727588067073327,29.366725409600612,26.14496506613377,33.27956019472425,30.17297020634817,1.8649839114042144,1.1104381101631748,31.838026177236493,30.727588067073327
1996-09-29,27.44484153775335,24.958098297817806,31.192853929090287,28.03561424111156,3.3127671334290527,1.5600404707703759,18.42037391530329,16.86033344453292,27.44484153775335,24.958098297817806,31.192853929090287,28.03561424111156,3.3127671334290527,1.5600404707703759,18.42037391530329,16.86033344453292
1996-09-30,27.762966775127218,24.45022347810693,32.901561367012015,28.339710580607083,0.3015050240085225,1.4270807840468052,22.84930017096092,21.42221938691411,27.762966775127218,24.45022347810693,32.901561367012015,28.339710580607083,0.3015050240085225,1.4270807840468052,22.84930017096092,21.42221938691411
1996-10-01,28.398667337996013,25.808899492275167,32.098885931033095,29.198568934572442,0.950562198085531,1.0563307390923895,25.599435787987805,24.543105048895427,28.398667337996013,25.808899492275167,32.098885931033095,29.198568934572442,0.950562198085531,1.0563307390923895,25.599435787987805,24.543105048895427
1996-10-02,27.52554121430632,25.258695157794435,31.21322672898683,27.95823063695324,3.4586676527975975,2.2181189438907465,17.90644289606178,15.688323952171027,27.52554121430632,25.258695157794435,31.21322672898683,27.95823063695324,3.4586676527975975,2.2181189438907465,17.90644289606178,15.688323952171027
1996-10-03,27.170389904269935,25.095533576688496,31.01944913739839,27.527151466908077,5.195366725315349,2.236784875062244,15.738511450822266,13.501726575760031,27.170389904269935,25.095533576688496,31.01944913739839,27.527151466908077,5.195366725315349,2.236784875062244,15.738511450822266,13.501726575760031
1996-10-04,26.91624571650308,24.624939047614166,31.74646388124766,27.090467095047494,7.593806707841448,3.0195667585879624,15.469700040301621,12.450133281713667,26.91624571650308,24.624939047614166,31.74646388124766,27.090467095047494,7.593806707841448,3.0195667585879624,15.469700040301621,12.450133281713667
1996-10-05,26.148568090251015,24.206790277226407,31.018859881555187,26.120986158830807,10.043208313139441,3.377017822915732,11.936653026206768,8.559635203291029,26.148568090251015,24.206790277226407,31.018859881555187,26.120986158830807,10.043208313139441,3.377017822915732,11.936653026206768,8.559635203291029
1996-10-06,25.86565725562348,24.314846851205058,29.116969541715566,25.67335663200117,11.576940592132143,4.118567277513661,12.590101473597667,8.471534196084006,25.86565725562348,24.314846851205058,29.116969541715566,25.67335663200117,11.576940592132143,4.118567277513661,12.590101473597667,8.471534196084006
1996-10-07,26.239144074235238,24.999577706159897,28.41515064353709,25.933351242972027,11.586300104424703,4.971180514994433,15.452724547191337,10.481544032196902,26.239144074235238,24.999577706159897,28.41515064353709,25.933351242972027,11.586300104424703,4.971180514994433,15.452724547191337,10.481544032196902
1996-10-08,26.140669444694346,24.45427566211207,27.90352178548744,26.349887289737172,1.5404389003763024,3.0418717243005653,22.70844404747386,19.666572323173288,26.140669444694346,24.45427566211207,27.90352178548744,26.349887289737172,1.5404389003763024,3.0418717243005653,22.70844404747386,19.666572323173288
1996-10-09,26.15355532387416,24.294081106585605,28.66598142252371,26.31863692492903,0.017072156550247086,2.5078992799905944,26.436727455948038,23.92882817595745,26.15355532387416,24.294081106585605,28.66598142252371,26.31863692492903,0.017072156550247086,2.5078992799905944,26.436727455948038,23.92882817595745
1996-10-10,26.04218960907928,24.274458303851226,28.886885846370753,26.19409789998747,0.058401248122687675,2.394649445847879,32.29112993740791,29.896480491560034,26.04218960907928,24.274458303851226,28.886885846370753,26.19409789998747,0.058401248122687675,2.394649445847879,32.29112993740791,29.896480491560034
1996-10-11,25.025536115502405,23.835139573363573,26.859894999537293,25.153518391808866,2.150042596902246,2.415902180746118,24.343324315384184,21.927422134638057,25.025536115502405,23.835139573363573,26.859894999537293,25.153518391808866,2.150042596902246,2.415902180746118,24.343324315384184,21.927422134638057
1996-10-12,26.092944070874985,24.600581634510686,28.664036418703787,26.30037075027938,1.4526912835585732,2.9467228149215114,37.06576445281987,34.119041637898356,26.092944070874985,24.600581634510686,28.664036418703787,26.30037075027938,1.4526912835585732,2.9467228149215114,37.06576445281987,34.119041637898356
1996-10-13,25.71106856546454,24.336231063192393,27.972137501694068,25.94328787788985,2.1297461635891346,2.3940943539740958,21.05957107482639,18.6654767208523,25.71106856546454,24.336231063192393,27.972137501694068,25.94328787788985,2.1297461635891346,2.3940943539740958,21.05957107482639,18.6654767208523
1996-10-14,25.911925860740173,24.117065845689666,28.94414719611495,26.206387985890537,1.8007576181151768,2.2719440097333714,17.523704303343894,15.251760293610513,25.911925860740173,24.117065845689666,28.94414719611495,26.206387985890537,1.8007576181151768,2.2719440097333714,17.523704303343894,15.251760293610513
1996-10-15,26.63760819403202,24.27747289020013,30.01325765396763,27.101797948516744,0.9752330712517021,2.0552155220249273,18.848376916134256,16.793161394109333,26.63760819403202,24.27747289020013,30.01325765396763,27.101797948516744,0.9752330712517021,2.0552155220249273,18.848376916134256,16.793161394109333
1996-10-16,26.51584833818554,23.99229699565134,29.884679142762803,26.998446410813983,0.7920932108734547,2.024034931127267,16.74172173045226,14.717686799325001,26.51584833818554,23.99229699565134,29.884679142762803,26.998446410813983,0.7920932108734547,2.024034931127267,16.74172173045226,14.717686799325001
1996-10-17,27.02661505158659,25.13936055429636,29.799489006319217,27.44288683639687,0.6440274687028136,1.8281201523961252,17.612783710021876,15.78466355762575,27.02661505158659,25.13936055429636,29.799489006319217,27.44288683639687,0.6440274687028136,1.8281201523961252,17.612783710021876,15.78466355762575
1996-10-18,27.02307746450963,25.511183157366858,29.141452653057808,27.376921694080313,0.5240462601956515,1.6440678471204007,22.95083651800062,21.306768670880206,27.02307746450963,25.511183157366858,29.141452653057808,27.376921694080313,0.5240462601956515,1.6440678471204007,22.95083651800062,21.306768670880206
1996-10-19,26.333238472154115,24.486843604409945,28.32649236009248,26.718546856195726,0.9139165329488069,1.8221545215222397,22.28635452443674,20.464200002914495,26.333238472154115,24.486843604409945,28.32649236009248,26.718546856195726,0.9139165329488069,1.8221545215222397,22.28635452443674,20.464200002914495
1996-10-20,25.4328410472559,21.673940555240577,30.125909407703947,25.97768986634677,8.583068833445395E-4,1.6707623378754533,25.053815617658753,23.383053279783297,25.4328410472559,21.673940555240577,30.125909407703947,25.97768986634677,8.583068833445395E-4,1.6707623378754533,25.053815617658753,23.383053279783297
1996-10-21,26.149430135243488,22.26171446313481,31.546851353445387,26.689642863661557,0.0021276155166560784,1.565904578626387,30.39902569899973,28.83312112037334,26.149430135243488,22.26171446313481,31.546851353445387,26.689642863661557,0.0021276155166560784,1.565904578626387,30.39902569899973,28.83312112037334
1996-10-22,27.341076604348974,23.644528580921172,32.55422426702769,27.901439675392414,0.0,1.4232830470870728,32.99338439320038,31.570101346113326,27.341076604348974,23.644528580921172,32.55422426702769,27.901439675392414,0.0,1.4232830470870728,32.99338439320038,31.570101346113326
1996-10-23,27.586463161789595,24.245160945127733,32.13938712146587,28.2397658692177,0.0313017979456285,1.2087381486533262,25.109820293578178,23.901082144924843,27.586463161789595,24.245160945127733,32.13938712146587,28.2397658692177,0.0313017979456285,1.2087381486533262,25.109820293578178,23.901082144924843
1996-10-24,27.209925922547455,24.844977273165007,31.425184439470613,27.739862386612415,3.2926727974639958,1.5537272354731586,21.378251696061227,19.824524460588076,27.209925922547455,24.844977273165007,31.425184439470613,27.739862386612415,3.2926727974639958,1.5537272354731586,21.378251696061227,19.824524460588076
1996-10-25,27.531466281869005,24.62999262525898,32.9567162352827,27.924144990452366,0.14351184463241456,1.5805612714169266,24.731373878254264,23.150812606837345,27.531466281869005,24.62999262525898,32.9567162352827,27.924144990452366,0.14351184463241456,1.5805612714169266,24.731373878254264,23.150812606837345
1996-10-26,28.770381111341138,25.71007123398248,33.15604051225151,29.148189894839746,0.09426910216306957,1.245173315644558,30.14329401497355,28.898120699329,28.770381111341138,25.71007123398248,33.15604051225151,29.148189894839746,0.09426910216306957,1.245173315644558,30.14329401497355,28.898120699329
1996-10-27,27.97198747216328,24.61268651948166,32.2559889666754,28.425840205503594,0.001306793535604811,1.2267013639736524,39.43494994714253,38.20824858316888,27.97198747216328,24.61268651948166,32.2559889666754,28.425840205503594,0.001306793535604811,1.2267013639736524,39.43494994714253,38.20824858316888
1996-10-28,27.7968373483064,25.284982966268135,31.307779081155758,28.32369297628207,0.08218826206612845,0.9821263499828281,31.005972204451073,30.02384585446824,27.7968373483064,25.284982966268135,31.307779081155758,28.32369297628207,0.08218826206612845,0.9821263499828281,31.005972204451073,30.02384585446824
1996-10-29,26.81933411829649,23.10488381219518,31.288652181003865,27.531606417014608,0.0025626933710495422,0.9340359358620204,28.768305156633183,27.834269220771166,26.81933411829649,23.10488381219518,31.288652181003865,27.531606417014608,0.0025626933710495422,0.9340359358620204,28.768305156633183,27.834269220771166
1996-10-30,26.78114154081584,23.156703960530177,31.17242241591032,27.455351380987267,0.012514661784182304,0.8229486678384814,28.100498372314245,27.27754970447577,26.78114154081584,23.156703960530177,31.17242241591032,27.455351380987267,0.012514661784182304,0.8229486678384814,28.100498372314245,27.27754970447577
1996-10-31,27.026168765374564,23.555071820470342,31.350517213289926,27.62266489257136,0.05572160371973211,0.7552391229123244,26.160928306234425,25.405689183322103,27.026168765374564,23.555071820470342,31.350517213289926,27.62266489257136,0.05572160371973211,0.7552391229123244,26.160928306234425,25.405689183322103
1996-11-01,27.484205027758584,23.402680993424404,32.3805537498933,28.171168567424147,8.52346317969932E-4,0.7372553735530554,29.609633375427663,28.87237800187462,27.484205027758584,23.402680993424404,32.3805537498933,28.171168567424147,8.52346317969932E-4,0.7372553735530554,29.609633375427663,28.87237800187462
1996-11-02,26.9659937344514,24.772390896487092,29.75946211752731,27.45331336363285,1.5781499878444873,1.1935682275784225,21.04858096981602,19.855012742237605,26.9659937344514,24.772390896487092,29.75946211752731,27.45331336363285,1.5781499878444873,1.1935682275784225,21.04858096981602,19.855012742237605
1996-11-03,26.131423749897998,24.783943417593775,28.433479201050396,26.47502991001249,0.8702804480442152,0.9585894469083843,25.70872096454395,24.75013151763557,26.131423749897998,24.783943417593775,28.433479201050396,26.47502991001249,0.8702804480442152,0.9585894469083843,25.70872096454395,24.75013151763557
1996-11-04,25.73757976170529,23.8234945267008,29.08051402651952,26.043601321625474,1.4541092558031394,1.3446583353211317,26.662763715966054,25.318105380644916,25.73757976170529,23.8234945267008,29.08051402651952,26.043601321625474,1.4541092558031394,1.3446583353211317,26.662763715966054,25.318105380644916
1996-11-05,26.98605622661864,24.268847122004207,31.351853601577222,27.59997913628889,0.045153693902572296,0.7066982298008189,23.60365232475713,22.896954094956318,26.98605622661864,24.268847122004207,31.351853601577222,27.59997913628889,0.045153693902572296,0.7066982298008189,23.60365232475713,22.896954094956318
1996-11-06,27.48839202348759,24.26535659472927,31.79149628169264,28.02679126914631,0.03475309907778049,0.6459069731223744,23.357142113324986,22.711235140202618,27.48839202348759,24.26535659472927,31.79149628169264,28.02679126914631,0.03475309907778049,0.6459069731223744,23.357142113324986,22.711235140202618
1996-11-07,28.028276157860677,24.44383978445621,32.614952780201826,28.6128259554678,0.00811207352795446,0.6368749424967389,28.05412108260337,27.41724614010662,28.028276157860677,24.44383978445621,32.614952780201826,28.6128259554678,0.00811207352795446,0.6368749424967389,28.05412108260337,27.41724614010662
1996-11-08,26.37633013875888,24.084386389001022,29.134332495753497,26.952947493541206,1.987334580940443,1.2942963437573844,20.649065979037665,19.354769635280277,26.37633013875888,24.084386389001022,29.134332495753497,26.952947493541206,1.987334580940443,1.2942963437573844,20.649065979037665,19.354769635280277
1996-11-09,23.594961809465314,22.5384282008994,24.728364087326803,23.84495705173127,0.11500898694138773,0.5253975887498453,55.74267729460752,55.21727970585767,23.594961809465314,22.5384282008994,24.728364087326803,23.84495705173127,0.11500898694138773,0.5253975887498453,55.74267729460752,55.21727970585767
1996-11-10,23.14098828163344,22.213982202973945,24.577390376645564,23.360635646951348,0.438471453824034,0.7029154566590656,42.87720537492196,42.17428991826289,23.14098828163344,22.213982202973945,24.577390376645564,23.360635646951348,0.438471453824034,0.7029154566590656,42.87720537492196,42.17428991826289
1996-11-11,23.58199019163897,21.691039487617665,26.300561856669198,23.78201994977121,0.047556475964848854,0.4986682227691656,45.95952309397754,45.46085487120836,23.58199019163897,21.691039487617665,26.300561856669198,23.78201994977121,0.047556475964848854,0.4986682227691656,45.95952309397754,45.46085487120836
1996-11-12,24.522090561748005,22.71316034599856,27.190335600054436,24.741679158691735,8.807840258694499E-4,0.4933535620995327,57.258005210340485,56.76465164824096,24.522090561748005,22.71316034599856,27.190335600054436,24.741679158691735,8.807840258694499E-4,0.4933535620995327,57.258005210340485,56.76465164824096
1996-11-13,24.507154211349143,23.295908425852755,26.554245061763496,24.744795608027857,0.09330432988538984,0.42782717473954507,48.22938189871004,47.80155472397046,24.507154211349143,23.295908425852755,26.554245061763496,24.744795608027857,0.09330432988538984,0.42782717473954507,48.22938189871004,47.80155472397046
1996-11-14,24.360422981721698,23.139797372740695,26.547595631920853,24.681923625328434,0.8437859775887891,0.7878153776148331,32.37887800485157,31.59106262723674,24.360422981721698,23.139797372740695,26.547595631920853,24.681923625328434,0.8437859775887891,0.7878153776148331,32.37887800485157,31.59106262723674
1996-11-15,24.765032643981897,23.06727768540924,27.794344526279417,25.07569020992299,0.8778959859127142,0.8336314354150929,28.66578334893253,27.832151913517436,24.765032643981897,23.06727768540924,27.794344526279417,25.07569020992299,0.8778959859127142,0.8336314354150929,28.66578334893253,27.832151913517436
1996-11-16,25.30634406948508,23.2448294547881,29.326874963881917,25.76795633420627,0.20210701475194098,0.47434070621600416,21.033312809135587,20.55897210291959,25.30634406948508,23.2448294547881,29.326874963881917,25.76795633420627,0.20210701475194098,0.47434070621600416,21.033312809135587,20.55897210291959
1996-11-17,25.658436366304432,23.41427425479918,29.53454041301296,26.055751608973683,1.6808561975706418,1.0615019413126565,16.287903320772543,15.226401379459874,25.658436366304432,23.41427425479918,29.53454041301296,26.055751608973683,1.6808561975706418,1.0615019413126565,16.287903320772543,15.226401379459874
1996-11-18,25.494102246601557,23.633593699477714,28.500848372547704,25.8537062316765,1.0876762378868006,0.9622512790057894,16.579636763984684,15.617385484978907,25.494102246601557,23.633593699477714,28.500848372547704,25.8537062316765,1.0876762378868006,0.9622512790057894,16.579636763984684,15.617385484978907
1996-11-19,25.118784363448626,22.589758133090395,28.84046404154291,25.732425706851597,0.0011533497854543384,0.5692064082404179,22.101656321531948,21.532449913291522,25.118784363448626,22.589758133090395,28.84046404154291,25.732425706851597,0.0011533497854543384,0.5692064082404179,22.101656321531948,21.532449913291522
1996-11-20,24.729295554031694,21.17018590956009,29.850939842511618,25.434782489661547,4.4154057832201943E-4,0.5160309800792218,21.56648095191973,21.05044997184051,24.729295554031694,21.17018590956009,29.850939842511618,25.434782489661547,4.4154057832201943E-4,0.5160309800792218,21.56648095191973,21.05044997184051
1996-11-21,24.851174756558837,20.997189880349556,30.301227675192983,25.541472056999027,0.0,0.4512361090403283,22.291085068379203,21.839848959338873,24.851174756558837,20.997189880349556,30.301227675192983,25.541472056999027,0.0,0.4512361090403283,22.291085068379203,21.839848959338873
1996-11-22,25.104895552567623,21.537289327666432,30.126249454574825,25.796721095664896,0.001704692635939864,0.40299001085208125,20.9394761135814,20.53648610272932,25.104895552567623,21.537289327666432,30.126249454574825,25.796721095664896,0.001704692635939864,0.40299001085208125,20.9394761135814,20.53648610272932
1996-11-23,24.86917154133654,21.132234216080654,29.916508218913688,25.47219700192409,6.082245818106458E-8,0.37243522050179984,25.147864968371902,24.775429747870124,24.86917154133654,21.132234216080654,29.916508218913688,25.47219700192409,6.082245818106458E-8,0.37243522050179984,25.147864968371902,24.775429747870124
1996-11-24,25.629366615835522,21.9059744571203,31.199291342923,26.22850841429498,0.001293420723413874,0.358708425254081,28.85417837561667,28.49546995036258,25.629366615835522,21.9059744571203,31.199291342923,26.22850841429498,0.001293420723413874,0.358708425254081,28.85417837561667,28.49546995036258
1996-11-25,25.074197476601967,22.74629739974322,28.372727275658878,25.51889170585861,1.7687643859084252,0.9721140080341866,20.168235558949544,19.196121550915354,25.074197476601967,22.74629739974322,28.372727275658878,25.51889170585861,1.7687643859084252,0.9721140080341866,20.168235558949544,19.196121550915354
1996-11-26,23.333766959336966,22.16012499823706,25.222266225892024,23.762242283182335,0.0833605219908551,0.3984542671812801,30.521436313291225,30.122982046109925,23.333766959336966,22.16012499823706,25.222266225892024,23.762242283182335,0.0833605219908551,0.3984542671812801,30.521436313291225,30.122982046109925
1996-11-27,22.341701744861567,20.95233974691926,24.37162932543398,22.632892937977612,0.016257681238605083,0.2777443443565731,34.911294332920285,34.633549988563736,22.341701744861567,20.95233974691926,24.37162932543398,22.632892937977612,0.016257681238605083,0.2777443443565731,34.911294332920285,34.633549988563736
1996-11-28,22.89952222522437,21.482744176742983,25.71424287081851,23.194802734842558,0.15403023799904297,0.3409673013357303,30.03626225720243,29.69529495586671,22.89952222522437,21.482744176742983,25.71424287081851,23.194802734842558,0.15403023799904297,0.3409673013357303,30.03626225720243,29.69529495586671
1996-11-29,24.25275076637385,20.437205145803258,29.666037550573783,24.795390347011313,5.7867313195551376E-5,0.31524397434116286,22.535503503721166,22.220259529379998,24.25275076637385,20.437205145803258,29.666037550573783,24.795390347011313,5.7867313195551376E-5,0.31524397434116286,22.535503503721166,22.220259529379998
1996-11-30,26.592373789757875,23.10116397310785,32.31296675232938,26.85038586332444,0.002826947003750649,0.2861224933697666,33.547400701272714,33.261278207902954,26.592373789757875,23.10116397310785,32.31296675232938,26.85038586332444,0.002826947003750649,0.2861224933697666,33.547400701272714,33.261278207902954
1996-12-01,26.18933827641057,22.801859186971257,29.621363132392105,26.886704478723534,0.009169320097719274,0.24479635876011954,26.030034939560007,25.78523858079989,26.18933827641057,22.801859186971257,29.621363132392105,26.886704478723534,0.009169320097719274,0.24479635876011954,26.030034939560007,25.78523858079989
1996-12-02,24.282452787350206,22.981609565651507,26.38757539421954,24.624439475227625,0.7328646361558913,0.5318823330532124,21.16123209771408,20.62934976466087,24.282452787350206,22.981609565651507,26.38757539421954,24.624439475227625,0.7328646361558913,0.5318823330532124,21.16123209771408,20.62934976466087
1996-12-03,24.568598582899437,22.896401343323763,27.159413322725477,24.98877149270406,0.5994356708386895,0.4641364337420453,17.07059948030346,16.60646304656141,24.568598582899437,22.896401343323763,27.159413322725477,24.98877149270406,0.5994356708386895,0.4641364337420453,17.07059948030346,16.60646304656141
1996-12-04,24.4396782997671,22.258904395081583,28.198001015862307,24.80787592394408,0.26866669237466695,0.3801546229804724,20.634065094486253,20.253910471505783,24.4396782997671,22.258904395081583,28.198001015862307,24.80787592394408,0.26866669237466695,0.3801546229804724,20.634065094486253,20.253910471505783
1996-12-05,24.92229082229141,22.12000006944116,29.666208020109767,25.547967100664053,0.05360808998986675,0.2740746296419985,18.74720231722089,18.473127687578884,24.92229082229141,22.12000006944116,29.666208020109767,25.547967100664053,0.05360808998986675,0.2740746296419985,18.74720231722089,18.473127687578884
1996-12-06,25.8433461573002,22.8018825669404,31.16065980831299,26.4907105180598,0.023739024676584605,0.2984184248214794,21.677137980078168,21.378719555256687,25.8433461573002,22.8018825669404,31.16065980831299,26.4907105180598,0.023739024676584605,0.2984184248214794,21.677137980078168,21.378719555256687
1996-12-07,25.343997482706552,21.663429668194016,30.29236473736517,26.04123341738516,0.0,0.24084816514584922,19.912347651548302,19.67149948640245,25.343997482706552,21.663429668194016,30.29236473736517,26.04123341738516,0.0,0.24084816514584922,19.912347651548302,19.67149948640245
1996-12-08,24.437612912172607,23.188434604323582,26.319029027838695,24.701549136914423,1.1010957124311036,0.7557485766994905,17.106502012137412,16.35075343543793,24.437612912172607,23.188434604323582,26.319029027838695,24.701549136914423,1.1010957124311036,0.7557485766994905,17.106502012137412,16.35075343543793
1996-12-09,23.25448651588679,21.458829118030557,26.028274586654994,23.670676915785794,0.035903614602697254,0.26394494826596737,31.467648845673775,31.203703897407806,23.25448651588679,21.458829118030557,26.028274586654994,23.670676915785794,0.035903614602697254,0.26394494826596737,31.467648845673775,31.203703897407806
1996-12-10,23.151855078546333,19.705937585565277,28.091364326221697,23.573544075439447,0.0,0.27290805905280546,38.88443946397485,38.61153140492201,23.151855078546333,19.705937585565277,28.091364326221697,23.573544075439447,0.0,0.27290805905280546,38.88443946397485,38.61153140492201
1996-12-11,23.445308790467855,18.994248185757353,28.796306739906502,23.989614611566697,0.001263665581063833,0.24894285289680237,35.614344869734055,35.36540201683726,23.445308790467855,18.994248185757353,28.796306739906502,23.989614611566697,0.001263665581063833,0.24894285289680237,35.614344869734055,35.36540201683726
1996-12-12,24.207561132053268,20.230276654798697,29.15970112208367,24.735626931642262,4.261732051702438E-4,0.19920563706475358,28.916957552960387,28.717751915895654,24.207561132053268,20.230276654798697,29.15970112208367,24.735626931642262,4.261732051702438E-4,0.19920563706475358,28.916957552960387,28.717751915895654
1996-12-13,24.48182001896578,21.005673449960682,28.21592375623289,25.02737441842825,8.642380748824507E-4,0.16636378976525273,27.764323297081045,27.597959507315775,24.48182001896578,21.005673449960682,28.21592375623289,25.02737441842825,8.642380748824507E-4,0.16636378976525273,27.764323297081045,27.597959507315775
1996-12-14,23.91618901962996,20.808888151646467,27.628066432908497,24.396717193942077,0.014414020961868291,0.1526495485096466,26.443227540338142,26.290577991828492,23.91618901962996,20.808888151646467,27.628066432908497,24.396717193942077,0.014414020961868291,0.1526495485096466,26.443227540338142,26.290577991828492
1996-12-15,24.475268713778743,21.401689489242983,29.32807942464674,24.962574926127573,0.001284479992591514,0.15022344336139345,30.19663752406026,30.046414080698874,24.475268713778743,21.401689489242983,29.32807942464674,24.962574926127573,0.001284479992591514,0.15022344336139345,30.19663752406026,30.046414080698874
1996-12-16,24.36498486607437,20.564959515782846,29.173263901310378,25.014897431618426,8.600274554737553E-4,0.14626101615952533,31.261189924385743,31.114928908226208,24.36498486607437,20.564959515782846,29.173263901310378,25.014897431618426,8.600274554737553E-4,0.14626101615952533,31.261189924385743,31.114928908226208
1996-12-17,24.041436981670604,20.630084360733342,28.998165394781957,24.65758107104637,4.351138045421976E-4,0.1285527483437127,25.044040303702253,24.915487555358535,24.041436981670604,20.630084360733342,28.998165394781957,24.65758107104637,4.351138045421976E-4,0.1285527483437127,25.044040303702253,24.915487555358535
1996-12-18,23.843284813994085,20.46161985864262,28.44555504111258,24.313175898918388,8.565316989006533E-4,0.10303663094464048,27.365821467167304,27.26278483622266,23.843284813994085,20.46161985864262,28.44555504111258,24.313175898918388,8.565316989006533E-4,0.10303663094464048,27.365821467167304,27.26278483622266
1996-12-19,20.82921689821691,18.49937478952649,24.240115773522422,20.79976715740914,5.864249238583333,2.8326439462253092,25.592633801558012,22.7599898553327,20.82921689821691,18.49937478952649,24.240115773522422,20.79976715740914,5.864249238583333,2.8326439462253092,25.592633801558012,22.7599898553327
1996-12-20,18.98807341251015,17.734162276678802,21.219467880071626,19.01614434225568,2.1231386325046544,1.3292251494636032,31.738783824334647,30.409558674871036,18.98807341251015,17.734162276678802,21.219467880071626,19.01614434225568,2.1231386325046544,1.3292251494636032,31.738783824334647,30.409558674871036
1996-12-21,20.42397184879183,18.854443236831674,24.892957876970623,20.16530279540475,6.561174420731099,3.589270365801378,21.647173327411206,18.057902961609827,20.42397184879183,18.854443236831674,24.892957876970623,20.16530279540475,6.561174420731099,3.589270365801378,21.647173327411206,18.057902961609827
1996-12-22,21.729770205476402,18.751692040078243,25.78072865033658,21.978198977939947,0.0021389651578829216,0.7865421199077403,30.08269928015215,29.29615716024441,21.729770205476402,18.751692040078243,25.78072865033658,21.978198977939947,0.0021389651578829216,0.7865421199077403,30.08269928015215,29.29615716024441
1996-12-23,22.801689524984766,19.127242006823867,28.302048247613765,23.138395301520504,0.001299150312661368,0.7272085687326014,22.98346942854246,22.256260859809867,22.801689524984766,19.127242006823867,28.302048247613765,23.138395301520504,0.001299150312661368,0.7272085687326014,22.98346942854246,22.256260859809867
1996-12-24,23.813028630194783,21.066604691653527,27.963831668220845,24.322082911571286,0.1134134201820403,0.6090840380527301,17.97360881464965,17.364524776596927,23.813028630194783,21.066604691653527,27.963831668220845,24.322082911571286,0.1134134201820403,0.6090840380527301,17.97360881464965,17.364524776596927
1996-12-25,23.461667413365504,21.00430549602766,26.92329752009362,23.88188236770007,0.7761227091697586,0.6794290149314759,13.726174490222549,13.046745475291065,23.461667413365504,21.00430549602766,26.92329752009362,23.88188236770007,0.7761227091697586,0.6794290149314759,13.726174490222549,13.046745475291065
1996-12-26,23.95593368867988,20.889467365819804,29.105564873383926,24.323320888999937,0.3511272672617591,0.8443716773057998,17.810212483012194,16.96584080570639,23.95593368867988,20.889467365819804,29.105564873383926,24.323320888999937,0.3511272672617591,0.8443716773057998,17.810212483012194,16.96584080570639
1996-12-27,24.45071141604761,21.375285130279376,28.1485259536791,24.908048794495407,0.6929371926163596,0.6259774527433429,17.64915327699976,17.023175824256416,24.45071141604761,21.375285130279376,28.1485259536791,24.908048794495407,0.6929371926163596,0.6259774527433429,17.64915327699976,17.023175824256416
1996-12-28,24.791420286715336,22.50713242453222,29.84026549454509,25.15899422513332,0.3821659702831865,0.8233581896308396,16.26813631372243,15.444778124091593,24.791420286715336,22.50713242453222,29.84026549454509,25.15899422513332,0.3821659702831865,0.8233581896308396,16.26813631372243,15.444778124091593
1996-12-29,25.440113395618326,22.334062536117987,30.046743875458475,25.870112371450368,0.025751840370007405,0.5323647499457134,21.594582762609864,21.062218012664157,25.440113395618326,22.334062536117987,30.046743875458475,25.870112371450368,0.025751840370007405,0.5323647499457134,21.594582762609864,21.062218012664157
1996-12-30,24.92240272343715,21.33933363884589,29.182670135874222,25.366434355634276,0.004137070992042918,0.5021809149886485,24.932148822725303,24.429967907736646,24.92240272343715,21.33933363884589,29.182670135874222,25.366434355634276,0.004137070992042918,0.5021809149886485,24.932148822725303,24.429967907736646
1996-12-31,25.27179298266507,21.84575532091546,29.684247568956128,25.817890826891897,0.003994928964477591,0.45608772524554086,25.22659594899711,24.770508223751563,25.27179298266507,21.84575532091546,29.684247568956128,25.817890826891897,0.003994928964477591,0.45608772524554086,25.22659594899711,24.770508223751563
1997-01-01,24.573413343117117,21.53769676259551,28.468080432081564,25.13420442838943,0.003009723128258892,0.37421540538581904,23.061127231632497,22.68691182624667,24.573413343117117,21.53769676259551,28.468080432081564,25.13420442838943,0.003009723128258892,0.37421540538581904,23.061127231632497,22.68691182624667
1997-01-02,23.948659168712307,20.822557575780728,28.4150976973127,24.501274969197986,0.02628631560375104,0.33376048909196454,18.284293110100215,17.950532621008247,23.948659168712307,20.822557575780728,28.4150976973127,24.501274969197986,0.02628631560375104,0.33376048909196454,18.284293110100215,17.950532621008247
1997-01-03,24.83823772294704,21.325525085083708,29.80942028511904,25.40910664180282,0.002719641847200096,0.32473181208051716,21.055924707145152,20.73119289506463,24.83823772294704,21.325525085083708,29.80942028511904,25.40910664180282,0.002719641847200096,0.32473181208051716,21.055924707145152,20.73119289506463
1997-01-04,26.080072674063267,22.206098595619483,31.40682442918042,26.532273222244882,0.0017066168425117212,0.3265608768016571,28.09703137755771,27.770470500756055,26.080072674063267,22.206098595619483,31.40682442918042,26.532273222244882,0.0017066168425117212,0.3265608768016571,28.09703137755771,27.770470500756055
1997-01-05,26.2151084234782,22.003367405669998,31.02037780589722,26.82323698111239,4.261732051702438E-4,0.30027334809607703,30.91461268654168,30.614339338445607,26.2151084234782,22.003367405669998,31.02037780589722,26.82323698111239,4.261732051702438E-4,0.30027334809607703,30.91461268654168,30.614339338445607
1997-01-06,26.212809854283343,22.3822686195709,31.47551293502432,26.65320057718361,0.006412191109697182,0.2628110077556232,33.17583668563683,32.91302567788121,26.212809854283343,22.3822686195709,31.47551293502432,26.65320057718361,0.006412191109697182,0.2628110077556232,33.17583668563683,32.91302567788121
1997-01-07,26.439748141154535,23.14604600541558,30.899259058141688,27.111895945308113,0.005792219306853042,0.21547217915368014,27.423770983439997,27.208298804286326,26.439748141154535,23.14604600541558,30.899259058141688,27.111895945308113,0.005792219306853042,0.21547217915368014,27.423770983439997,27.208298804286326
1997-01-08,26.19416732013235,23.53512017712617,31.170931854194244,26.742971187966397,0.024368770535135763,0.1913532129199876,21.171489214132933,20.980136001212944,26.19416732013235,23.53512017712617,31.170931854194244,26.742971187966397,0.024368770535135763,0.1913532129199876,21.171489214132933,20.980136001212944
1997-01-09,24.372026771920787,20.744686122140454,26.67102181064108,24.561415957184092,6.764644933401928,1.9487473613760682,13.90733671685934,11.958589355483275,24.372026771920787,20.744686122140454,26.67102181064108,24.561415957184092,6.764644933401928,1.9487473613760682,13.90733671685934,11.958589355483275
1997-01-10,20.88889564137039,19.50111007233577,23.251803823204305,21.425462202014184,0.8145667231165656,1.394803092859924,37.02652376432492,35.63172067146499,20.88889564137039,19.50111007233577,23.251803823204305,21.425462202014184,0.8145667231165656,1.394803092859924,37.02652376432492,35.63172067146499
1997-01-11,21.537829778495873,19.177040357546016,26.26918326683886,21.745949758189525,1.2546438824727042,0.9506555154720165,22.458019176601063,21.507363661129038,21.537829778495873,19.177040357546016,26.26918326683886,21.745949758189525,1.2546438824727042,0.9506555154720165,22.458019176601063,21.507363661129038
1997-01-12,22.40497487654807,19.869872479306053,27.45333525525632,22.717625712956522,0.9990382107811684,1.1205139516466678,22.10459222294738,20.98407827130072,22.40497487654807,19.869872479306053,27.45333525525632,22.717625712956522,0.9990382107811684,1.1205139516466678,22.10459222294738,20.98407827130072
1997-01-13,22.854753831883826,20.65848121441512,25.72593205456328,23.132423221856474,1.036702021303008,0.9012013190242557,13.673330605680894,12.772129286656645,22.854753831883826,20.65848121441512,25.72593205456328,23.132423221856474,1.036702021303008,0.9012013190242557,13.673330605680894,12.772129286656645
1997-01-14,22.789634978834155,20.17040261768795,26.222897587178526,23.14339812313344,0.5154761431452298,0.7734093060582486,12.779633145531369,12.006223839473115,22.789634978834155,20.17040261768795,26.222897587178526,23.14339812313344,0.5154761431452298,0.7734093060582486,12.779633145531369,12.006223839473115
1997-01-15,22.583413998616194,19.87348150808903,26.672907429339325,23.084049549037893,0.06410274631761735,0.4886493251493969,13.007640906856608,12.518991581707212,22.583413998616194,19.87348150808903,26.672907429339325,23.084049549037893,0.06410274631761735,0.4886493251493969,13.007640906856608,12.518991581707212
1997-01-16,22.849439735990334,21.673539274349363,25.026244834477943,23.11009495157281,0.6834219084182189,0.6903167840260017,16.429521691929324,15.739204907903321,22.849439735990334,21.673539274349363,25.026244834477943,23.11009495157281,0.6834219084182189,0.6903167840260017,16.429521691929324,15.739204907903321
1997-01-17,21.006441986049985,19.218401565363607,22.671104973460093,21.365649787918095,0.08278678454542852,0.5317481261569454,34.20022697138425,33.6684788452273,21.006441986049985,19.218401565363607,22.671104973460093,21.365649787918095,0.08278678454542852,0.5317481261569454,34.20022697138425,33.6684788452273
1997-01-18,19.822305917958175,18.848328084969165,21.182498919254165,20.006390678662886,0.15968806769061408,0.4313728841321488,38.402562438077,37.97118955394485,19.822305917958175,18.848328084969165,21.182498919254165,20.006390678662886,0.15968806769061408,0.4313728841321488,38.402562438077,37.97118955394485
1997-01-19,19.824000077103765,17.31173764316493,23.803940686813373,20.29294488912903,0.03671819697870845,0.4906288803138124,32.77540088550186,32.28477200518803,19.824000077103765,17.31173764316493,23.803940686813373,20.29294488912903,0.03671819697870845,0.4906288803138124,32.77540088550186,32.28477200518803
1997-01-20,20.62956956762855,17.24726845854473,25.645677010380606,21.06941701954658,0.0017119762105721748,0.4805116322089684,35.01607404707517,34.535562414866206,20.62956956762855,17.24726845854473,25.645677010380606,21.06941701954658,0.0017119762105721748,0.4805116322089684,35.01607404707517,34.535562414866206
1997-01-21,21.58691153495517,17.148313744179816,27.509940176087344,22.02119854582974,4.351138045421976E-4,0.4409161025960708,35.80997022693532,35.36905412433924,21.58691153495517,17.148313744179816,27.509940176087344,22.02119854582974,4.351138045421976E-4,0.4409161025960708,35.80997022693532,35.36905412433924
1997-01-22,23.54549817704145,19.427567594661863,29.438540717135286,24.073081886145523,0.002145932739949785,0.39389444559067205,29.39047984314367,28.996585397553005,23.54549817704145,19.427567594661863,29.438540717135286,24.073081886145523,0.002145932739949785,0.39389444559067205,29.39047984314367,28.996585397553005
1997-01-23,24.535819869955763,20.76080687423116,29.351883785923615,25.03199220083829,0.14745051335106757,0.3771283042162141,22.979021675992325,22.601893371776104,24.535819869955763,20.76080687423116,29.351883785923615,25.03199220083829,0.14745051335106757,0.3771283042162141,22.979021675992325,22.601893371776104
1997-01-24,25.343378475180764,21.323930216456976,30.906978538112703,25.99874379797505,0.15926825284892365,0.33962762284421627,25.759588768256297,25.41996114541208,25.343378475180764,21.323930216456976,30.906978538112703,25.99874379797505,0.15926825284892365,0.33962762284421627,25.759588768256297,25.41996114541208
1997-01-25,25.070063617451485,21.60023376744325,29.785183851262833,25.773512065887928,0.1729276280480656,0.38760467542334714,22.078706509905736,21.691101834482392,25.070063617451485,21.60023376744325,29.785183851262833,25.773512065887928,0.1729276280480656,0.38760467542334714,22.078706509905736,21.691101834482392
1997-01-26,24.31955485476618,21.331029772514906,29.269781412445035,24.910179609052637,0.25388097279398253,0.4069631090620614,17.307973505851034,16.901010396788973,24.31955485476618,21.331029772514906,29.269781412445035,24.910179609052637,0.25388097279398253,0.4069631090620614,17.307973505851034,16.901010396788973
1997-01-27,25.09106185593286,20.770108898629065,30.13132414406303,25.621545629175454,0.01356512696527183,0.28631525647581435,27.700982980007613,27.414667723531785,25.09106185593286,20.770108898629065,30.13132414406303,25.621545629175454,0.01356512696527183,0.28631525647581435,27.700982980007613,27.414667723531785
1997-01-28,24.887879537385512,21.36790491247223,28.893221296664425,25.51680962689198,0.6041665034616304,0.38653240723167337,28.39955074995408,28.013018342722432,24.887879537385512,21.36790491247223,28.893221296664425,25.51680962689198,0.6041665034616304,0.38653240723167337,28.39955074995408,28.013018342722432
1997-01-29,23.676748066501677,21.225064469593057,27.055818877668543,24.18195534930403,0.7542652388833789,0.6718673015373533,17.54075531526618,16.868888013728824,23.676748066501677,21.225064469593057,27.055818877668543,24.18195534930403,0.7542652388833789,0.6718673015373533,17.54075531526618,16.868888013728824
1997-01-30,23.608670906092915,21.61825229581618,26.6967702405391,24.121216269906576,0.0315142279388144,0.2715353715893204,25.144153393020325,24.872618021431013,23.608670906092915,21.61825229581618,26.6967702405391,24.121216269906576,0.0315142279388144,0.2715353715893204,25.144153393020325,24.872618021431013
1997-01-31,23.14518747436091,20.737669530037426,26.750627284034817,23.778147542500488,0.012273814061005781,0.24428311046495027,24.675005428196453,24.43072231773152,23.14518747436091,20.737669530037426,26.750627284034817,23.778147542500488,0.012273814061005781,0.24428311046495027,24.675005428196453,24.43072231773152
1997-02-01,22.323652472277164,17.76205632665617,28.18239695571512,22.97702961780937,0.0017046927496267017,0.2540895776372426,26.059925173025132,25.805835595387887,22.323652472277164,17.76205632665617,28.18239695571512,22.97702961780937,0.0017046927496267017,0.2540895776372426,26.059925173025132,25.805835595387887
1997-02-02,23.283582840019523,19.192129031803077,29.045945715559863,23.85330129576164,4.4107436991680515E-4,0.23308632106071786,36.281649764678384,36.04856344361766,23.283582840019523,19.192129031803077,29.045945715559863,23.85330129576164,4.4107436991680515E-4,0.23308632106071786,36.281649764678384,36.04856344361766
1997-02-03,24.510503129017483,19.941786034218858,30.02620179383587,25.186360635787636,0.0017225741544280027,0.22241240121258854,36.34029519772099,36.117882796508425,24.510503129017483,19.941786034218858,30.02620179383587,25.186360635787636,0.0017225741544280027,0.22241240121258854,36.34029519772099,36.117882796508425
1997-02-04,24.968918590538888,20.842920104614954,30.083862640069082,25.720284701395883,0.002878864369430187,0.1703464472354739,28.45739674278444,28.28705029554898,24.968918590538888,20.842920104614954,30.083862640069082,25.720284701395883,0.002878864369430187,0.1703464472354739,28.45739674278444,28.28705029554898
1997-02-05,24.16322637398753,21.669805407280528,28.234859246995953,24.768008641736404,0.5610893581428624,0.31874305822871096,17.153210846123947,16.83446778789525,24.16322637398753,21.669805407280528,28.234859246995953,24.768008641736404,0.5610893581428624,0.31874305822871096,17.153210846123947,16.83446778789525
1997-02-06,24.580844992601502,21.640788876922123,29.384916113530576,25.22076866608548,0.012497401714630077,0.23115098485595184,21.904375184984758,21.67322420012881,24.580844992601502,21.640788876922123,29.384916113530576,25.22076866608548,0.012497401714630077,0.23115098485595184,21.904375184984758,21.67322420012881
1997-02-07,25.78476773080959,22.07624711765287,30.574541675208813,26.48741968349064,0.007249750310056505,0.17355669581132177,25.718059407841693,25.54450271203037,25.78476773080959,22.07624711765287,30.574541675208813,26.48741968349064,0.007249750310056505,0.17355669581132177,25.718059407841693,25.54450271203037
1997-02-08,25.682650537682278,22.793916828710405,29.488337982166936,26.441328667155567,0.6355313428369901,0.3869969039557056,21.99686525436134,21.609868350405634,25.682650537682278,22.793916828710405,29.488337982166936,26.441328667155567,0.6355313428369901,0.3869969039557056,21.99686525436134,21.609868350405634
1997-02-09,24.613281266930265,22.30973725837899,28.784998327176584,25.05764395120467,1.5902287752497606,1.0456985840918351,20.256065994805542,19.210367410713697,24.613281266930265,22.30973725837899,28.784998327176584,25.05764395120467,1.5902287752497606,1.0456985840918351,20.256065994805542,19.210367410713697
1997-02-10,24.69257287297206,22.08587654761418,29.374900177743605,25.458310332415323,0.14177843852880026,0.3107189134881293,21.89350526552882,21.582786352040685,24.69257287297206,22.08587654761418,29.374900177743605,25.458310332415323,0.14177843852880026,0.3107189134881293,21.89350526552882,21.582786352040685
1997-02-11,23.86972251919864,21.73876246028733,27.712230478940384,24.20483879464693,2.336944486790526,1.3754660799684717,20.775834385170484,19.40036830520201,23.86972251919864,21.73876246028733,27.712230478940384,24.20483879464693,2.336944486790526,1.3754660799684717,20.775834385170484,19.40036830520201
1997-02-12,25.175538683850256,21.234088084243357,32.076961647133075,25.58728630779862,0.027011380998719255,0.4312552005845125,36.01499129901598,35.58373609843148,25.175538683850256,21.234088084243357,32.076961647133075,25.58728630779862,0.027011380998719255,0.4312552005845125,36.01499129901598,35.58373609843148
1997-02-13,26.825963267135712,22.860617365338207,31.58565717363233,27.538571543176857,0.0025556951021461,0.37825751692770476,33.73199387959672,33.35373636266899,26.825963267135712,22.860617365338207,31.58565717363233,27.538571543176857,0.0025556951021461,0.37825751692770476,33.73199387959672,33.35373636266899
1997-02-14,26.968253801943046,23.26870945967091,31.79597765206024,27.692511561690303,8.646061360195745E-4,0.31030620768136147,32.62031783768727,32.310011630005896,26.968253801943046,23.26870945967091,31.79597765206024,27.692511561690303,8.646061360195745E-4,0.31030620768136147,32.62031783768727,32.310011630005896
1997-02-15,22.927064524685658,21.05048085985654,25.056661120902106,23.02050177504851,5.408028173420445,2.2554437165037338,15.759171254725555,13.503727538221815,22.927064524685658,21.05048085985654,25.056661120902106,23.02050177504851,5.408028173420445,2.2554437165037338,15.759171254725555,13.503727538221815
1997-02-16,21.349993856039678,20.551849765112433,22.280626240696986,21.11075607529129,6.574874340482781,3.743331002510424,20.62496553690511,16.881634534394692,21.349993856039678,20.551849765112433,22.280626240696986,21.11075607529129,6.574874340482781,3.743331002510424,20.62496553690511,16.881634534394692
1997-02-17,21.927912412927583,20.414274738522682,24.56199130776815,22.088686594840414,1.0622280974519827,1.2780533386404218,33.764731809470625,32.486678470830206,21.927912412927583,20.414274738522682,24.56199130776815,22.088686594840414,1.0622280974519827,1.2780533386404218,33.764731809470625,32.486678470830206
1997-02-18,24.0914501851274,21.401882500294075,28.119065983239114,24.429882911887333,0.3209508779646014,0.9071900659870957,27.168928739700405,26.261738673713303,24.0914501851274,21.401882500294075,28.119065983239114,24.429882911887333,0.3209508779646014,0.9071900659870957,27.168928739700405,26.261738673713303
1997-02-19,24.940633836418986,21.39804438006164,29.74831604777858,25.38136036733909,0.16834291502148999,0.8669066196619181,26.582574612891086,25.715667993229168,24.940633836418986,21.39804438006164,29.74831604777858,25.38136036733909,0.16834291502148999,0.8669066196619181,26.582574612891086,25.715667993229168
1997-02-20,26.04115394273392,22.280472851975244,31.00980351344925,26.27014121113496,0.09625069416505676,0.7491994507455958,38.018252423696424,37.26905297295082,26.04115394273392,22.280472851975244,31.00980351344925,26.27014121113496,0.09625069416505676,0.7491994507455958,38.018252423696424,37.26905297295082
1997-02-21,27.190162851195502,23.25703161655488,33.35208118273442,27.623104736079164,0.021768313304098938,0.7952994169347848,39.8220822934157,39.02678287648092,27.190162851195502,23.25703161655488,33.35208118273442,27.623104736079164,0.021768313304098938,0.7952994169347848,39.8220822934157,39.02678287648092
1997-02-22,26.970617872674676,23.315306883002677,30.70787001794889,27.620605025919097,0.23284990334260966,0.6449949193133061,33.82176570213778,33.17677078282447,26.970617872674676,23.315306883002677,30.70787001794889,27.620605025919097,0.23284990334260966,0.6449949193133061,33.82176570213778,33.17677078282447
1997-02-23,26.302013830462904,23.10885863806332,31.162508454411793,26.756026765635873,1.0917668675990029,1.1511429246776155,26.442382719555372,25.291239794877754,26.302013830462904,23.10885863806332,31.162508454411793,26.756026765635873,1.0917668675990029,1.1511429246776155,26.442382719555372,25.291239794877754
1997-02-24,26.67406882706759,22.61277649205262,30.782969628441812,27.252602311184013,0.0011606372213145294,0.5799317722611963,35.77228986689974,35.19235809463857,26.67406882706759,22.61277649205262,30.782969628441812,27.252602311184013,0.0011606372213145294,0.5799317722611963,35.77228986689974,35.19235809463857
1997-02-25,25.731490622298022,22.144857937502707,30.03928798179714,26.351680980367572,0.0954665172767706,0.4921560354501941,29.675725064108853,29.183569028658656,25.731490622298022,22.144857937502707,30.03928798179714,26.351680980367572,0.0954665172767706,0.4921560354501941,29.675725064108853,29.183569028658656
1997-02-26,26.990136299746975,22.673347714468765,33.53849490636999,27.406182502342624,0.001721921291263979,0.48732621888536565,42.75995275637513,42.27262653748978,26.990136299746975,22.673347714468765,33.53849490636999,27.406182502342624,0.001721921291263979,0.48732621888536565,42.75995275637513,42.27262653748978
1997-02-27,28.120557674539256,23.65225990136852,33.840679448992006,28.748347829308425,0.0038154676777356067,0.4402268615621164,47.04625629788764,46.606029436325535,28.120557674539256,23.65225990136852,33.840679448992006,28.748347829308425,0.0038154676777356067,0.4402268615621164,47.04625629788764,46.606029436325535
1997-02-28,28.737982183153914,25.291774578571452,33.78467160420077,29.1410758176711,4.351138045421976E-4,0.3273330386773973,46.4113577071862,46.084024668508796,28.737982183153914,25.291774578571452,33.78467160420077,29.1410758176711,4.351138045421976E-4,0.3273330386773973,46.4113577071862,46.084024668508796
1997-03-01,28.78634185777575,24.81951570742643,34.14597960092849,29.225818660817183,0.002160982145196022,0.30621031267084925,52.618947159597326,52.3127368469265,28.78634185777575,24.81951570742643,34.14597960092849,29.225818660817183,0.002160982145196022,0.30621031267084925,52.618947159597326,52.3127368469265
1997-03-02,28.57992225979312,24.48280065952362,34.461606303635214,29.259576561132615,4.351138045421976E-4,0.29111701526684663,47.89123233301447,47.60011531774763,28.57992225979312,24.48280065952362,34.461606303635214,29.259576561132615,4.351138045421976E-4,0.29111701526684663,47.89123233301447,47.60011531774763
1997-03-03,28.024236292008815,23.91843893139154,32.59247311185298,28.903920555271576,8.642673492431641E-4,0.24129273504407192,37.07487401711601,36.83358128207194,28.024236292008815,23.91843893139154,32.59247311185298,28.903920555271576,8.642673492431641E-4,0.24129273504407192,37.07487401711601,36.83358128207194
1997-03-04,27.335906479349386,23.023433680734183,33.00413350007527,28.0685506436612,0.0015613152217428291,0.21824822310055156,40.07980944185281,39.86156121875227,27.335906479349386,23.023433680734183,33.00413350007527,28.0685506436612,0.0015613152217428291,0.21824822310055156,40.07980944185281,39.86156121875227
1997-03-05,27.857378079346134,23.056974450111685,33.37720166965868,28.51089913418728,0.0012934207802572928,0.20037445739336768,47.40172722476937,47.201352767375994,27.857378079346134,23.056974450111685,33.37720166965868,28.51089913418728,0.0012934207802572928,0.20037445739336768,47.40172722476937,47.201352767375994
1997-03-06,27.079117906218215,23.09699355095527,30.67487287853916,27.774004878462648,0.08471430219547756,0.18114326557839322,41.78665421428123,41.60551094870281,27.079117906218215,23.09699355095527,30.67487287853916,27.774004878462648,0.08471430219547756,0.18114326557839322,41.78665421428123,41.60551094870281
1997-03-07,25.987867709987697,22.992811892443232,30.158424237161537,26.600964484192897,0.0498945294640553,0.165711812787847,36.53588931182187,36.37017749903401,25.987867709987697,22.992811892443232,30.158424237161537,26.600964484192897,0.0498945294640553,0.165711812787847,36.53588931182187,36.37017749903401
1997-03-08,26.42982170541234,22.328894310629053,32.09746129008062,27.053800603847044,4.261732051702438E-4,0.13441017980767025,39.908922489636694,39.77451230982904,26.42982170541234,22.328894310629053,32.09746129008062,27.053800603847044,4.261732051702438E-4,0.13441017980767025,39.908922489636694,39.77451230982904
1997-03-09,27.29663673271881,23.570773915246786,32.264791981910996,27.99919939250531,2.8312206268310547E-4,0.12288532964819619,41.10704886216267,40.984163532514465,27.29663673271881,23.570773915246786,32.264791981910996,27.99919939250531,2.8312206268310547E-4,0.12288532964819619,41.10704886216267,40.984163532514465
1997-03-10,27.17766044964271,23.26851986693256,31.68527872234041,27.866041585365227,0.005207911036566691,0.11172448949217162,38.43757566346716,38.325851173974975,27.17766044964271,23.26851986693256,31.68527872234041,27.866041585365227,0.005207911036566691,0.11172448949217162,38.43757566346716,38.325851173974975
1997-03-11,26.866980981552487,23.153506419204295,31.08150466537336,27.62025907067923,0.03365574263627846,0.1185494975336801,37.485337416946805,37.36678791941313,26.866980981552487,23.153506419204295,31.08150466537336,27.62025907067923,0.03365574263627846,0.1185494975336801,37.485337416946805,37.36678791941313
1997-03-12,27.072360158366997,23.67373743436834,32.05905543398205,27.725251971570938,0.004698934902867145,0.09705758036526628,36.3485172243973,36.251459644032046,27.072360158366997,23.67373743436834,32.05905543398205,27.725251971570938,0.004698934902867145,0.09705758036526628,36.3485172243973,36.251459644032046
1997-03-13,27.932255750107196,23.652060569663703,32.93961410495581,28.856049201314136,0.0013036967667528923,0.10473615817618061,39.97148957606057,39.86675341788438,27.932255750107196,23.652060569663703,32.93961410495581,28.856049201314136,0.0013036967667528923,0.10473615817618061,39.97148957606057,39.86675341788438
1997-03-14,27.953969535232023,24.194625120307357,33.23386172851901,28.912978213978686,0.2575355972931,0.1995359692104519,32.66235113710783,32.46281516789739,27.953969535232023,24.194625120307357,33.23386172851901,28.912978213978686,0.2575355972931,0.1995359692104519,32.66235113710783,32.46281516789739
1997-03-15,27.131932795203078,23.853645082307768,32.37646703340497,27.970267593931965,0.010817376776418364,0.10342877154809652,27.242342837472396,27.13891406592431,27.131932795203078,23.853645082307768,32.37646703340497,27.970267593931965,0.010817376776418364,0.10342877154809652,27.242342837472396,27.13891406592431
1997-03-16,26.867114053215413,23.653348311491055,31.134367592580748,27.549956607717785,0.04081798407909341,0.10227679605318565,37.63406053474142,37.53178373868824,26.867114053215413,23.653348311491055,31.134367592580748,27.549956607717785,0.04081798407909341,0.10227679605318565,37.63406053474142,37.53178373868824
1997-03-17,26.614231838921967,22.169963031270253,32.23816134784367,27.41813359392135,0.003012574097738252,0.09472315587095494,44.89273380576073,44.79801064988976,26.614231838921967,22.169963031270253,32.23816134784367,27.41813359392135,0.003012574097738252,0.09472315587095494,44.89273380576073,44.79801064988976
1997-03-18,26.929414612000972,22.45417193566963,31.556357713398974,27.743599104514615,0.002144291897820949,0.08836944429082487,46.404897943585205,46.3165284992944,26.929414612000972,22.45417193566963,31.556357713398974,27.743599104514615,0.002144291897820949,0.08836944429082487,46.404897943585205,46.3165284992944
1997-03-19,26.377883048626884,22.67377025769516,31.10057653391511,27.34556394623834,0.36635570126821926,0.23441865525853675,34.50919855707504,34.27477990181649,26.377883048626884,22.67377025769516,31.10057653391511,27.34556394623834,0.36635570126821926,0.23441865525853675,34.50919855707504,34.27477990181649
1997-03-20,25.208507116285787,23.319968934846838,26.931034387237094,25.98035226906782,1.1264240030001147,0.6253782298262373,19.925083032100282,19.299704802274047,25.208507116285787,23.319968934846838,26.931034387237094,25.98035226906782,1.1264240030001147,0.6253782298262373,19.925083032100282,19.299704802274047
1997-03-21,23.48893421796118,21.612500533170756,26.04325901849788,24.42540931177621,0.08343277827957105,0.23167312614995014,32.473902216403566,32.24222909025362,23.48893421796118,21.612500533170756,26.04325901849788,24.42540931177621,0.08343277827957105,0.23167312614995014,32.473902216403566,32.24222909025362
1997-03-22,23.20735265551083,17.663778852064347,29.883411480835388,23.92529084318829,8.702277796146518E-4,0.1800709048777493,28.702813939084127,28.522743034206375,23.20735265551083,17.663778852064347,29.883411480835388,23.92529084318829,8.702277796146518E-4,0.1800709048777493,28.702813939084127,28.522743034206375
1997-03-23,24.305762331735128,22.420237856089244,27.034555021462655,24.721069780828707,2.863018145580921,1.4581391272929276,22.055106820796485,20.59696769350354,24.305762331735128,22.420237856089244,27.034555021462655,24.721069780828707,2.863018145580921,1.4581391272929276,22.055106820796485,20.59696769350354
1997-03-24,24.60194106729602,21.459871902277673,31.106126847221756,25.21173921025,0.5766372721210868,0.6769457651553502,27.840861959455697,27.163916194300366,24.60194106729602,21.459871902277673,31.106126847221756,25.21173921025,0.5766372721210868,0.6769457651553502,27.840861959455697,27.163916194300366
1997-03-25,27.52347722749447,23.139823671174955,33.506760629275625,28.300843484521746,0.006492051199818629,0.38991367044835973,37.29520383310301,36.905290162654644,27.52347722749447,23.139823671174955,33.506760629275625,28.300843484521746,0.006492051199818629,0.38991367044835973,37.29520383310301,36.905290162654644
1997-03-26,28.492718579492802,24.059074159456202,33.820068528140695,29.358558188663757,0.0017225740975845838,0.3312892540003388,38.613568735546785,38.28227948154644,28.492718579492802,24.059074159456202,33.820068528140695,29.358558188663757,0.0017225740975845838,0.3312892540003388,38.613568735546785,38.28227948154644
1997-03-27,28.149262813269445,24.198127020459264,33.07104215605146,29.08358563580697,0.0012948954122293799,0.2672830406299524,33.31360813753837,33.04632509690842,28.149262813269445,24.198127020459264,33.07104215605146,29.08358563580697,0.0012948954122293799,0.2672830406299524,33.31360813753837,33.04632509690842
1997-03-28,27.78467644143579,23.66226091159817,33.36021276825367,28.735868052354565,0.001275539318612573,0.22784406211005417,32.35417514693027,32.1263310848202,27.78467644143579,23.66226091159817,33.36021276825367,28.735868052354565,0.001275539318612573,0.22784406211005417,32.35417514693027,32.1263310848202
1997-03-29,28.179089014130223,23.876933563221623,33.93537252707641,29.093612785021378,0.0011026859283447266,0.195434538095759,37.050700139919606,36.855265601823845,28.179089014130223,23.876933563221623,33.93537252707641,29.093612785021378,0.0011026859283447266,0.195434538095759,37.050700139919606,36.855265601823845
1997-03-30,28.75712044543335,23.917584928302237,34.752346286860984,29.67720931275871,0.00300407407394232,0.17236793127046068,42.11740705928318,41.945039128012695,28.75712044543335,23.917584928302237,34.752346286860984,29.67720931275871,0.00300407407394232,0.17236793127046068,42.11740705928318,41.945039128012695
1997-03-31,28.54187663863131,24.74270037805244,33.472267961921915,29.507300800172622,-5.9611693359329365E-6,0.1318180276190533,35.24028995888212,35.10847193126309,28.54187663863131,24.74270037805244,33.472267961921915,29.507300800172622,-5.9611693359329365E-6,0.1318180276190533,35.24028995888212,35.10847193126309
1997-04-01,27.888155457524814,24.378780527037566,33.334973914189035,28.90787094414501,0.15374725655700708,0.17583161440270179,35.7896995118236,35.61386789742092,27.888155457524814,24.378780527037566,33.334973914189035,28.90787094414501,0.15374725655700708,0.17583161440270179,35.7896995118236,35.61386789742092
1997-04-02,28.42419021210513,24.547924687518872,33.858208029956224,29.290534421251927,0.020622068381352235,0.1285463760502953,42.827471426756034,42.698925050705746,28.42419021210513,24.547924687518872,33.858208029956224,29.290534421251927,0.020622068381352235,0.1285463760502953,42.827471426756034,42.698925050705746
1997-04-03,28.687206946777582,24.39252544428602,34.47933209329556,29.496179772520748,0.008199865414690434,0.1058844831752794,45.14062674680028,45.03474226362503,28.687206946777582,24.39252544428602,34.47933209329556,29.496179772520748,0.008199865414690434,0.1058844831752794,45.14062674680028,45.03474226362503
1997-04-04,29.69978402157807,24.642024989327936,36.68763312823167,30.42915685545514,0.0017149772136805126,0.09586713983742604,55.802193398457135,55.70632625861971,29.69978402157807,24.642024989327936,36.68763312823167,30.42915685545514,0.0017149772136805126,0.09586713983742604,55.802193398457135,55.70632625861971
1997-04-05,29.63764300599987,25.462482606377847,35.452845689451706,30.642722844008258,2.914098166546043E-4,0.07982728441874715,48.553168576823516,48.473341292404754,29.63764300599987,25.462482606377847,35.452845689451706,30.642722844008258,2.914098166546043E-4,0.07982728441874715,48.553168576823516,48.473341292404754
1997-04-06,29.557183838338542,25.73788557170179,35.40717915437218,30.55267075698429,0.7718776042044013,0.3707134648737624,38.29424857946296,37.9235351145892,29.557183838338542,25.73788557170179,35.40717915437218,30.55267075698429,0.7718776042044013,0.3707134648737624,38.29424857946296,37.9235351145892
1997-04-07,28.904189740008952,25.605915390181206,34.17027056117252,29.913686030003728,0.1250690097916331,0.2518769356252527,33.14954871472525,32.8976717791,28.904189740008952,25.605915390181206,34.17027056117252,29.913686030003728,0.1250690097916331,0.2518769356252527,33.14954871472525,32.8976717791
1997-04-08,28.659433315734432,25.06832277003032,33.703631261789894,29.62306763247123,0.038904926498362455,0.1251218448792935,35.67236506285989,35.5472432179806,28.659433315734432,25.06832277003032,33.703631261789894,29.62306763247123,0.038904926498362455,0.1251218448792935,35.67236506285989,35.5472432179806
1997-04-09,28.03779735155359,25.474901809504225,31.728680404872645,28.773906133924307,1.7662325923809823,0.8631538200825608,33.79608702548333,32.93293320540076,28.03779735155359,25.474901809504225,31.728680404872645,28.773906133924307,1.7662325923809823,0.8631538200825608,33.79608702548333,32.93293320540076
1997-04-10,27.27187635106656,24.114132256153432,31.359600315181275,28.235806688893526,0.49749440206154677,0.41941308828779994,28.27906301005619,27.8596499217684,27.27187635106656,24.114132256153432,31.359600315181275,28.235806688893526,0.49749440206154677,0.41941308828779994,28.27906301005619,27.8596499217684
1997-04-11,28.288457615767175,24.12181473127672,35.00824820265542,29.22739919465621,0.016385346241675865,0.3654505560839205,39.76015739245242,39.394706836368506,28.288457615767175,24.12181473127672,35.00824820265542,29.22739919465621,0.016385346241675865,0.3654505560839205,39.76015739245242,39.394706836368506
1997-04-12,29.421910129209813,25.1285386545383,35.590498579400794,30.30706541924273,0.40767801969289885,0.4134557933906467,41.308740301529426,40.89528450813878,29.421910129209813,25.1285386545383,35.590498579400794,30.30706541924273,0.40767801969289885,0.4134557933906467,41.308740301529426,40.89528450813878
1997-04-13,27.89390551190964,25.289070053611134,31.827779102224618,28.576879215498096,0.17591722522163186,0.2573492807867914,22.78565917217887,22.52830989139208,27.89390551190964,25.289070053611134,31.827779102224618,28.576879215498096,0.17591722522163186,0.2573492807867914,22.78565917217887,22.52830989139208
1997-04-14,27.523559692273597,25.285218985713033,33.08590681795582,28.34174220183799,2.260961920686961,0.9986960774273804,24.755311990107554,23.75661591268018,27.523559692273597,25.285218985713033,33.08590681795582,28.34174220183799,2.260961920686961,0.9986960774273804,24.755311990107554,23.75661591268018
1997-04-15,25.470041837039517,23.664400544255546,28.597345604918324,25.628289315229374,10.46432665470159,3.487371957023385,15.451665866664696,11.964293909641311,25.470041837039517,23.664400544255546,28.597345604918324,25.628289315229374,10.46432665470159,3.487371957023385,15.451665866664696,11.964293909641311
1997-04-16,25.111182472181593,23.47259821607928,26.94615427240928,24.962796850855092,13.070648637780332,4.412950195343237,13.482142839477111,9.06919264413387,25.111182472181593,23.47259821607928,26.94615427240928,24.962796850855092,13.070648637780332,4.412950195343237,13.482142839477111,9.06919264413387
1997-04-17,25.385573785568504,23.81171262928528,27.71078089397946,25.773003107697697,1.1468783280677906,2.0139396142092494,23.82916061443189,21.815221000222635,25.385573785568504,23.81171262928528,27.71078089397946,25.773003107697697,1.1468783280677906,2.0139396142092494,23.82916061443189,21.815221000222635
1997-04-18,24.88563261127285,22.708969849320738,28.702096525368898,25.48560337296414,0.004122619491705075,1.704384301181892,36.11640840789808,34.4120241067162,24.88563261127285,22.708969849320738,28.702096525368898,25.48560337296414,0.004122619491705075,1.704384301181892,36.11640840789808,34.4120241067162
1997-04-19,25.55069942516922,22.01774395294024,31.20069790336601,26.289881050993962,8.553266184208042E-4,1.653688026486504,36.86485546613167,35.21116743964517,25.55069942516922,22.01774395294024,31.20069790336601,26.289881050993962,8.553266184208042E-4,1.653688026486504,36.86485546613167,35.21116743964517
1997-04-20,26.383885896240955,24.697625866789462,29.80510892743746,26.757756506899867,2.908328273171226,2.1818325444452356,25.627762764198913,23.445930219753684,26.383885896240955,24.697625866789462,29.80510892743746,26.757756506899867,2.908328273171226,2.1818325444452356,25.627762764198913,23.445930219753684
1997-04-21,26.630352521589277,24.34693106462852,30.531270345410338,26.884829534414365,1.1219341764871464,1.357236278727886,14.687322667993758,13.330086389265876,26.630352521589277,24.34693106462852,30.531270345410338,26.884829534414365,1.1219341764871464,1.357236278727886,14.687322667993758,13.330086389265876
1997-04-22,27.910191016641253,24.215371091385084,33.80299314234864,28.672946582949677,0.533505508946266,1.6141829896730069,24.553868999654185,22.93968600998118,27.910191016641253,24.215371091385084,33.80299314234864,28.672946582949677,0.533505508946266,1.6141829896730069,24.553868999654185,22.93968600998118
1997-04-23,28.1226210103399,24.338398800185082,33.26271349190401,28.911145592116583,0.3179818044246488,1.4637270863599314,23.70228270129781,22.23855561493787,28.1226210103399,24.338398800185082,33.26271349190401,28.911145592116583,0.3179818044246488,1.4637270863599314,23.70228270129781,22.23855561493787
1997-04-24,28.01960287099721,24.622515818618346,33.40700205244949,28.985925674125024,0.3289797380382889,1.3206329560166465,22.247823863938137,20.927190907921492,28.01960287099721,24.622515818618346,33.40700205244949,28.985925674125024,0.3289797380382889,1.3206329560166465,22.247823863938137,20.927190907921492
1997-04-25,30.049939883649618,26.03934231469558,37.597718953464835,30.714566337170737,0.010710304290032422,1.356445770551932,37.49186982567689,36.135424055124965,30.049939883649618,26.03934231469558,37.597718953464835,30.714566337170737,0.010710304290032422,1.356445770551932,37.49186982567689,36.135424055124965
1997-04-26,31.401759785464865,26.859141481943002,37.850765605307075,32.20971262131109,4.3037923245561573E-4,1.1785758446669774,47.50476324850086,46.3261874038339,31.401759785464865,26.859141481943002,37.850765605307075,32.20971262131109,4.3037923245561573E-4,1.1785758446669774,47.50476324850086,46.3261874038339
1997-04-27,29.205546389861244,26.827036339416132,33.27352192264993,29.966297737875017,0.931937840781999,1.1574690830186873,29.830313738738614,28.67284465571992,29.205546389861244,26.827036339416132,33.27352192264993,29.966297737875017,0.931937840781999,1.1574690830186873,29.830313738738614,28.67284465571992
1997-04-28,26.036698521220654,24.1330507037252,28.09501556256736,26.746989207431845,1.1378465685790362,1.2773809598266088,31.11450041094143,29.837119451114805,26.036698521220654,24.1330507037252,28.09501556256736,26.746989207431845,1.1378465685790362,1.2773809598266088,31.11450041094143,29.837119451114805
1997-04-29,25.708941268876178,22.745501341354473,29.97649646314272,26.359707665743013,4.351138045421976E-4,0.8022644520645704,35.25999685478445,34.45773240271988,25.708941268876178,22.745501341354473,29.97649646314272,26.359707665743013,4.351138045421976E-4,0.8022644520645704,35.25999685478445,34.45773240271988
1997-04-30,27.405779973847867,22.929964358607535,34.344211662483225,28.26158909073758,8.52346317969932E-4,0.796401429384705,37.332356692557184,36.53595526317248,27.405779973847867,22.929964358607535,34.344211662483225,28.26158909073758,8.52346317969932E-4,0.796401429384705,37.332356692557184,36.53595526317248
1997-05-01,29.73236202420494,24.72411127093807,35.353607695855956,30.598817463107054,0.002844011889240626,0.759912345738174,43.59473722654564,42.83482488080748,29.73236202420494,24.72411127093807,35.353607695855956,30.598817463107054,0.002844011889240626,0.759912345738174,43.59473722654564,42.83482488080748
1997-05-02,30.13389584974772,25.0212870609596,36.56620159948654,30.838799194697888,0.0014245510087107505,0.6669467395777096,53.63930025416469,52.97235351458699,30.13389584974772,25.0212870609596,36.56620159948654,30.838799194697888,0.0014245510087107505,0.6669467395777096,53.63930025416469,52.97235351458699
1997-05-03,30.289810710430963,26.050270805614133,34.89812715590185,31.306484121322942,0.009616523949601942,0.5475804590242518,46.215915688329616,45.668335229305356,30.289810710430963,26.050270805614133,34.89812715590185,31.306484121322942,0.009616523949601942,0.5475804590242518,46.215915688329616,45.668335229305356
1997-05-04,28.833592571864482,25.990009795078333,32.87609069652223,29.727350018115935,5.662441253662109E-4,0.41657005210038683,36.754201390387166,36.33763133828678,28.833592571864482,25.990009795078333,32.87609069652223,29.727350018115935,5.662441253662109E-4,0.41657005210038683,36.754201390387166,36.33763133828678
1997-05-05,27.279571997577634,24.75541888778161,30.663950321295538,27.978096750816306,1.120790124215105,1.0353605242924357,34.35848134478954,33.323120820497095,27.279571997577634,24.75541888778161,30.663950321295538,27.978096750816306,1.120790124215105,1.0353605242924357,34.35848134478954,33.323120820497095
1997-05-06,26.83423206911153,22.987501033018354,31.96640276611579,27.71270720457346,8.493162795275566E-4,0.4480080196831416,45.084851852665054,44.63684383298193,26.83423206911153,22.987501033018354,31.96640276611579,27.71270720457346,8.493162795275566E-4,0.4480080196831416,45.084851852665054,44.63684383298193
1997-05-07,27.61274352719202,24.469111805828774,32.09734949083044,28.42646662743568,0.06478925685976625,0.38881075948046384,38.27302834178495,37.88421758230448,27.61274352719202,24.469111805828774,32.09734949083044,28.42646662743568,0.06478925685976625,0.38881075948046384,38.27302834178495,37.88421758230448
1997-05-08,28.671672624106797,24.881244496301456,33.52612226431782,29.563817028732203,0.008826721851161576,0.359871492968159,39.282674251328295,38.922802758360135,28.671672624106797,24.881244496301456,33.52612226431782,29.563817028732203,0.008826721851161576,0.359871492968159,39.282674251328295,38.922802758360135
1997-05-09,29.424508122803193,25.5457212517319,34.04326208745474,30.385687390719788,0.03623732507711734,0.3417871492892221,42.951719647102166,42.609932497812956,29.424508122803193,25.5457212517319,34.04326208745474,30.385687390719788,0.03623732507711734,0.3417871492892221,42.951719647102166,42.609932497812956
1997-05-10,28.66292179255922,25.611381772085945,33.4422167684965,29.480441004336726,2.815077604227982,1.0483543460387585,34.116369865338704,33.06801551929993,28.66292179255922,25.611381772085945,33.4422167684965,29.480441004336726,2.815077604227982,1.0483543460387585,34.116369865338704,33.06801551929993
1997-05-11,26.340884291561675,24.391815434933157,29.314270887008657,26.660999866381268,5.755372971519413,3.264977291945464,20.075289007012547,16.810311715067083,26.340884291561675,24.391815434933157,29.314270887008657,26.660999866381268,5.755372971519413,3.264977291945464,20.075289007012547,16.810311715067083
1997-05-12,26.87360628926862,24.605184285109072,30.35875461063736,27.397477188280618,0.5173483984714083,1.1522293280430893,26.892198655818625,25.739969327775533,26.87360628926862,24.605184285109072,30.35875461063736,27.397477188280618,0.5173483984714083,1.1522293280430893,26.892198655818625,25.739969327775533
1997-05-13,26.46630810612979,22.703003345689666,30.88865841888712,27.122628487227153,0.1797320724407364,0.8769858200083357,22.654096659911936,21.777110839903603,26.46630810612979,22.703003345689666,30.88865841888712,27.122628487227153,0.1797320724407364,0.8769858200083357,22.654096659911936,21.777110839903603
1997-05-14,27.781260046354905,24.556767647566144,33.49495974840008,28.653253312674725,0.5624156554176085,0.9792357215388172,29.14800664705892,28.1687709255201,27.781260046354905,24.556767647566144,33.49495974840008,28.653253312674725,0.5624156554176085,0.9792357215388172,29.14800664705892,28.1687709255201
1997-05-15,28.975603454023794,26.03093922055069,33.86046807214208,29.649515587463007,0.1861589163967522,0.6696702928852135,31.966374216679306,31.2967039237941,28.975603454023794,26.03093922055069,33.86046807214208,29.649515587463007,0.1861589163967522,0.6696702928852135,31.966374216679306,31.2967039237941
1997-05-16,28.90299202158817,25.475399179381306,33.56963090886522,29.686990889660922,0.18759550160738545,0.7168090422993691,33.75782058110073,33.04101153880135,28.90299202158817,25.475399179381306,33.56963090886522,29.686990889660922,0.18759550160738545,0.7168090422993691,33.75782058110073,33.04101153880135
1997-05-17,27.927588842664548,25.76228584270735,32.22765207858348,28.705864216803448,1.9995988614491456,0.7838861686782793,24.736973539377946,23.953087370699663,27.927588842664548,25.76228584270735,32.22765207858348,28.705864216803448,1.9995988614491456,0.7838861686782793,24.736973539377946,23.953087370699663
1997-05-18,27.207314173514977,24.75873362993676,31.92898074449384,27.582031664882553,8.262515412600559,2.3886133752981085,21.20809048130798,18.81947710600987,27.207314173514977,24.75873362993676,31.92898074449384,27.582031664882553,8.262515412600559,2.3886133752981085,21.20809048130798,18.81947710600987
1997-05-19,29.247978553445094,25.459022112957523,33.871869967125676,29.860845230459105,4.261732051702438E-4,1.6206082694072372,39.810266672473176,38.18965840306593,29.247978553445094,25.459022112957523,33.871869967125676,29.860845230459105,4.261732051702438E-4,1.6206082694072372,39.810266672473176,38.18965840306593
1997-05-20,29.37795600779148,25.44425842564636,33.58332744838901,30.03088473805642,0.01710370083122937,1.3368393656347954,43.366886376179856,42.030047010545076,29.37795600779148,25.44425842564636,33.58332744838901,30.03088473805642,0.01710370083122937,1.3368393656347954,43.366886376179856,42.030047010545076
1997-05-21,28.71657020498973,24.710248018797497,32.587272702627196,29.512498400890685,0.023209292852595036,1.0958651681707832,36.06304512419889,34.96717995602811,28.71657020498973,24.710248018797497,32.587272702627196,29.512498400890685,0.023209292852595036,1.0958651681707832,36.06304512419889,34.96717995602811
1997-05-22,28.426169220791305,25.711431867566517,32.41801391042588,29.12975163018038,1.7894135619756433,1.515572478285492,30.674422939884348,29.158850461598853,28.426169220791305,25.711431867566517,32.41801391042588,29.12975163018038,1.7894135619756433,1.515572478285492,30.674422939884348,29.158850461598853
1997-05-23,28.85333378160177,25.314788250790418,33.37631121531632,29.593742561765904,0.05970591205668624,1.072883453087598,32.31492820194213,31.24204474885452,28.85333378160177,25.314788250790418,33.37631121531632,29.593742561765904,0.05970591205668624,1.072883453087598,32.31492820194213,31.24204474885452
1997-05-24,29.732471746579385,25.56242865830833,34.802963479348705,30.628769178570867,0.0,0.9876130035264509,41.21422143302025,40.2266084294938,29.732471746579385,25.56242865830833,34.802963479348705,30.628769178570867,0.0,0.9876130035264509,41.21422143302025,40.2266084294938
1997-05-25,30.469734893652,26.274827750361474,35.534549974614166,31.44077891136717,0.0017109053942476748,0.8569909764867761,43.35755201639865,42.500561039911865,30.469734893652,26.274827750361474,35.534549974614166,31.44077891136717,0.0017109053942476748,0.8569909764867761,43.35755201639865,42.500561039911865
1997-05-26,30.56766506820782,26.313700007283735,35.80711334862728,31.578269615097227,0.0,0.7188435120349957,43.69533640654331,42.97649289450832,30.56766506820782,26.313700007283735,35.80711334862728,31.578269615097227,0.0,0.7188435120349957,43.69533640654331,42.97649289450832
1997-05-27,30.37396792767537,25.854607353465713,35.522184196060955,31.305637265024266,0.0,0.5986967060732018,46.93235212089981,46.333655414826595,30.37396792767537,25.854607353465713,35.522184196060955,31.305637265024266,0.0,0.5986967060732018,46.93235212089981,46.333655414826595
1997-05-28,30.270166000620648,26.040020634784486,34.071868764266576,31.111815567034554,0.013906672707154913,0.45711839523700465,46.557509708085405,46.10039131284841,30.270166000620648,26.040020634784486,34.071868764266576,31.111815567034554,0.013906672707154913,0.45711839523700465,46.557509708085405,46.10039131284841
1997-05-29,29.1851775318633,26.067696509339385,33.779523007136504,30.078548851653753,2.1437138350493705,1.0391669567673083,35.671531584595414,34.63236462782808,29.1851775318633,26.067696509339385,33.779523007136504,30.078548851653753,2.1437138350493705,1.0391669567673083,35.671531584595414,34.63236462782808
1997-05-30,28.112937359677137,25.434803012526704,33.18630984885117,28.859457849204883,3.3493644483059732,1.7774179709045839,24.893723084457154,23.116305113552556,28.112937359677137,25.434803012526704,33.18630984885117,28.859457849204883,3.3493644483059732,1.7774179709045839,24.893723084457154,23.116305113552556
1997-05-31,28.15788555774556,25.43936734147452,33.82592987028295,29.018894228163262,2.944261859151082,1.8975170609364418,25.0929228308,23.195405769863566,28.15788555774556,25.43936734147452,33.82592987028295,29.018894228163262,2.944261859151082,1.8975170609364418,25.0929228308,23.195405769863566
1997-06-01,26.783024295915688,23.99449994771482,31.233327681651247,27.308324872427004,8.40712016360619,3.2451266784374453,18.29084449825928,15.045717819821837,26.783024295915688,23.99449994771482,31.233327681651247,27.308324872427004,8.40712016360619,3.2451266784374453,18.29084449825928,15.045717819821837
1997-06-02,27.48248651201514,24.438022783634782,31.49538245824236,28.31771302916874,0.35831203924210286,1.6143948047062004,21.48292528077639,19.868530476070184,27.48248651201514,24.438022783634782,31.49538245824236,28.31771302916874,0.35831203924210286,1.6143948047062004,21.48292528077639,19.868530476070184
1997-06-03,27.88091507096858,25.05921148855777,31.272503829800133,28.828607188259888,0.31550056584426683,1.4564043118258558,23.12029028713556,21.6638859753097,27.88091507096858,25.05921148855777,31.272503829800133,28.828607188259888,0.31550056584426683,1.4564043118258558,23.12029028713556,21.6638859753097
1997-06-04,27.328977591019726,24.944832906424004,29.976397138584115,28.23665049885373,0.1361887923054754,1.2121442334700863,25.999917745506224,24.787773512036143,27.328977591019726,24.944832906424004,29.976397138584115,28.23665049885373,0.1361887923054754,1.2121442334700863,25.999917745506224,24.787773512036143
1997-06-05,27.011147807480654,24.143418940711705,30.42162977583429,27.83278853741271,0.005328132366507048,1.1182693759974731,33.85152710538048,32.73325772938297,27.011147807480654,24.143418940711705,30.42162977583429,27.83278853741271,0.005328132366507048,1.1182693759974731,33.85152710538048,32.73325772938297
1997-06-06,27.004537748251963,23.256917199823086,31.763798849193783,27.893301074538766,0.00275382276738601,0.9563532344637389,33.13960811807555,32.183254883611795,27.004537748251963,23.256917199823086,31.763798849193783,27.893301074538766,0.00275382276738601,0.9563532344637389,33.13960811807555,32.183254883611795
1997-06-07,28.309212613214886,24.96562950185333,32.92429112578492,29.137144311929706,0.10465551803638362,0.8528803007079495,35.91866518314053,35.06578488243259,28.309212613214886,24.96562950185333,32.92429112578492,29.137144311929706,0.10465551803638362,0.8528803007079495,35.91866518314053,35.06578488243259
1997-06-08,28.398822960131987,25.471058379062708,32.24265812211737,29.37844345529028,0.7400193504162865,0.9568215640771552,28.091788948023122,27.134967383945984,28.398822960131987,25.471058379062708,32.24265812211737,29.37844345529028,0.7400193504162865,0.9568215640771552,28.091788948023122,27.134967383945984
1997-06-09,28.29558879592073,25.33602378229806,32.23257172931532,29.35985645707601,0.4837587785437876,0.8710762909041108,22.62821389141113,21.75713760050701,28.29558879592073,25.33602378229806,32.23257172931532,29.35985645707601,0.4837587785437876,0.8710762909041108,22.62821389141113,21.75713760050701
1997-06-10,28.38361633393054,25.653229009151914,31.837514902983504,29.477012269827597,0.39629042769343437,0.7779861853844096,24.511572793677217,23.733586608292818,28.38361633393054,25.653229009151914,31.837514902983504,29.477012269827597,0.39629042769343437,0.7779861853844096,24.511572793677217,23.733586608292818
1997-06-11,27.72122806210026,25.701306035175126,30.680158621965017,28.551457961394828,1.0005351515698948,0.9930425032569136,24.300612099849243,23.30756959659233,27.72122806210026,25.701306035175126,30.680158621965017,28.551457961394828,1.0005351515698948,0.9930425032569136,24.300612099849243,23.30756959659233
1997-06-12,27.993161321310637,25.06529926167021,32.648894147882956,28.86191112571617,1.6513851010769387,1.280620729917474,22.81521205626645,21.53459132634898,27.993161321310637,25.06529926167021,32.648894147882956,28.86191112571617,1.6513851010769387,1.280620729917474,22.81521205626645,21.53459132634898
1997-06-13,29.00068994795092,25.891729719129014,34.37123134461197,29.831230360557125,3.702584823842712,1.4584901545481508,26.683897491217746,25.2254073366696,29.00068994795092,25.891729719129014,34.37123134461197,29.831230360557125,3.702584823842712,1.4584901545481508,26.683897491217746,25.2254073366696
1997-06-14,30.150539517691026,26.630724310799323,34.66854895161419,30.926277835752387,1.1792443910279344,1.5259162759373581,31.821815398701812,30.29589912276445,30.150539517691026,26.630724310799323,34.66854895161419,30.926277835752387,1.1792443910279344,1.5259162759373581,31.821815398701812,30.29589912276445
1997-06-15,30.435870922850434,27.01723374289158,35.25860712549219,31.28070896077462,0.0765503618069709,1.2492663737133207,33.646114419866244,32.39684804615293,30.435870922850434,27.01723374289158,35.25860712549219,31.28070896077462,0.0765503618069709,1.2492663737133207,33.646114419866244,32.39684804615293
1997-06-16,30.900844099567298,26.61899477376525,35.71544082818963,31.89158157925523,0.0171183258080183,1.0059165455697494,39.09313156754669,38.08721502197695,30.900844099567298,26.61899477376525,35.71544082818963,31.89158157925523,0.0171183258080183,1.0059165455697494,39.09313156754669,38.08721502197695
1997-06-17,31.19954958072884,26.906829583523038,36.72395768335226,32.11345657504494,0.09245731934137696,0.8570925900453454,44.458822969527006,43.60173037948165,31.19954958072884,26.906829583523038,36.72395768335226,32.11345657504494,0.09245731934137696,0.8570925900453454,44.458822969527006,43.60173037948165
1997-06-18,31.08215164577829,26.178336328047553,37.121767455366694,31.994104631851062,0.01155444820501493,0.7339193035926184,49.55695681575739,48.823037512164746,31.08215164577829,26.178336328047553,37.121767455366694,31.994104631851062,0.01155444820501493,0.7339193035926184,49.55695681575739,48.823037512164746
1997-06-19,30.94838710246093,26.246533736295742,34.92348483933151,31.809113778650417,0.04641758206588588,0.5477644042540031,47.27365890358399,46.72589449932997,30.94838710246093,26.246533736295742,34.92348483933151,31.809113778650417,0.04641758206588588,0.5477644042540031,47.27365890358399,46.72589449932997
1997-06-20,30.86463389690592,26.177020046533727,35.75043990567517,31.77456038137891,0.0931574536316001,0.544675051124111,47.06215008951568,46.51747503839155,30.86463389690592,26.177020046533727,35.75043990567517,31.77456038137891,0.0931574536316001,0.544675051124111,47.06215008951568,46.51747503839155
1997-06-21,30.539096689308174,26.461227166530872,34.524259724605194,31.381057717669453,0.10994583161511803,0.40823783674324904,46.39780675705657,45.989568920313296,30.539096689308174,26.461227166530872,34.524259724605194,31.381057717669453,0.10994583161511803,0.40823783674324904,46.39780675705657,45.989568920313296
1997-06-22,29.73182870986465,25.82043740493216,34.121655924851765,30.53461484775814,1.3715780178411225,0.9319756754784563,41.491219722057316,40.559244046578875,29.73182870986465,25.82043740493216,34.121655924851765,30.53461484775814,1.3715780178411225,0.9319756754784563,41.491219722057316,40.559244046578875
1997-06-23,29.154453001148955,25.772090256957313,33.561715499378025,29.992923886526494,2.6027169433962962,0.9613341417960107,36.2014255974233,35.240091455627294,29.154453001148955,25.772090256957313,33.561715499378025,29.992923886526494,2.6027169433962962,0.9613341417960107,36.2014255974233,35.240091455627294
1997-06-24,28.421803749230563,25.019069833678177,33.60030155860435,29.229907092508427,2.3702496868436786,1.3555798577239875,30.26588692048687,28.910307062762897,28.421803749230563,25.019069833678177,33.60030155860435,29.229907092508427,2.3702496868436786,1.3555798577239875,30.26588692048687,28.910307062762897
1997-06-25,28.530693122861035,25.49193110182148,33.73839215919889,29.091466804836763,1.9386434953161589,2.1917074954831994,30.601785237749677,28.410077742266488,28.530693122861035,25.49193110182148,33.73839215919889,29.091466804836763,1.9386434953161589,2.1917074954831994,30.601785237749677,28.410077742266488
1997-06-26,28.81908351078111,26.027202117909134,33.426263728717814,29.5001661394493,7.326319128242018,1.47372931005796,27.163733611773672,25.690004301715703,28.81908351078111,26.027202117909134,33.426263728717814,29.5001661394493,7.326319128242018,1.47372931005796,27.163733611773672,25.690004301715703
1997-06-27,27.22810716386054,24.942110505193025,31.537586597255785,27.699707299895735,14.486985155796232,2.037249212902841,17.99601192056986,15.95876270766701,27.22810716386054,24.942110505193025,31.537586597255785,27.699707299895735,14.486985155796232,2.037249212902841,17.99601192056986,15.95876270766701
1997-06-28,26.109281347009883,24.625414988540214,30.759768911094913,26.217836525032396,21.8388396927496,4.124576282628764,13.06551757067515,8.940941288046387,26.109281347009883,24.625414988540214,30.759768911094913,26.217836525032396,21.8388396927496,4.124576282628764,13.06551757067515,8.940941288046387
1997-06-29,26.239094869701596,24.382090550201248,31.16064229752232,26.28212273608797,8.277279713040874,4.225962106748632,17.138948009945466,12.912985903196823,26.239094869701596,24.382090550201248,31.16064229752232,26.28212273608797,8.277279713040874,4.225962106748632,17.138948009945466,12.912985903196823
1997-06-30,27.178586019175867,24.82642031753928,31.77835166530732,27.271242281600294,1.5638693300527282,3.5513326146467006,18.85511613030717,15.303783515660472,27.178586019175867,24.82642031753928,31.77835166530732,27.271242281600294,1.5638693300527282,3.5513326146467006,18.85511613030717,15.303783515660472
1997-07-01,28.37044186508689,25.393914644430076,32.43644846250739,28.66374604239835,0.00999808311459679,3.340657132534377,28.38793449437127,25.04727736183689,28.37044186508689,25.393914644430076,32.43644846250739,28.66374604239835,0.00999808311459679,3.340657132534377,28.38793449437127,25.04727736183689
1997-07-02,28.40505701190256,25.026925508687878,32.422225637190635,28.964111118869887,0.09051085090974825,3.18161624261677,29.578312425787228,26.396696183170462,28.40505701190256,25.026925508687878,32.422225637190635,28.964111118869887,0.09051085090974825,3.18161624261677,29.578312425787228,26.396696183170462
1997-07-03,28.263887082599723,25.279379905601207,31.73161869727624,28.873801089872792,0.0027665612063216796,3.0498023513296455,29.183664230886325,26.13386187955669,28.263887082599723,25.279379905601207,31.73161869727624,28.873801089872792,0.0027665612063216796,3.0498023513296455,29.183664230886325,26.13386187955669
1997-07-04,27.882082421407077,25.205185503017358,31.52011256955293,28.599222877370718,0.4572877317373213,2.836619216099764,26.454334700031993,23.61771548393222,27.882082421407077,25.205185503017358,31.52011256955293,28.599222877370718,0.4572877317373213,2.836619216099764,26.454334700031993,23.61771548393222
1997-07-05,28.088327489263655,25.779732642151874,31.47612311459623,28.681649849024954,4.351138045421976E-4,2.375019703082695,26.213448118075974,23.838428414993274,28.088327489263655,25.779732642151874,31.47612311459623,28.681649849024954,4.351138045421976E-4,2.375019703082695,26.213448118075974,23.838428414993274
1997-07-06,27.893546283386495,24.94157839859397,32.77888638938798,28.5939097921459,3.7532443455871802,2.3326831805812045,22.192842011806114,19.860158831224908,27.893546283386495,24.94157839859397,32.77888638938798,28.5939097921459,3.7532443455871802,2.3326831805812045,22.192842011806114,19.860158831224908
1997-07-07,28.200193638637607,25.1860905877382,32.46705632493622,28.703418084395825,0.18496432737020982,2.803805203502784,25.214411520378476,22.410606316875697,28.200193638637607,25.1860905877382,32.46705632493622,28.703418084395825,0.18496432737020982,2.803805203502784,25.214411520378476,22.410606316875697
1997-07-08,28.763613089740318,25.718565026283557,32.54505833017439,29.37615713258571,1.1218750127184225,2.402362071552424,26.315688344217936,23.913326272665515,28.763613089740318,25.718565026283557,32.54505833017439,29.37615713258571,1.1218750127184225,2.402362071552424,26.315688344217936,23.913326272665515
1997-07-09,28.218068370570457,25.254219463115895,32.241071858394264,28.70073515029956,2.7567403507131885,3.395883813264212,22.276346402799792,18.880462589535586,28.218068370570457,25.254219463115895,32.241071858394264,28.70073515029956,2.7567403507131885,3.395883813264212,22.276346402799792,18.880462589535586
1997-07-10,28.48715374417974,25.476160984771564,32.48076633884685,29.15832774507276,1.4716385535347327,2.5907329488027333,25.48131746131377,22.890584512511037,28.48715374417974,25.476160984771564,32.48076633884685,29.15832774507276,1.4716385535347327,2.5907329488027333,25.48131746131377,22.890584512511037
1997-07-11,28.254786440132722,25.31764959890932,32.39483144020432,28.89447172168728,1.1421876207293231,2.5507574704157165,25.910687109625396,23.35992963920968,28.254786440132722,25.31764959890932,32.39483144020432,28.89447172168728,1.1421876207293231,2.5507574704157165,25.910687109625396,23.35992963920968
1997-07-12,27.31716037842953,25.111053382951425,31.8033778960203,27.723403446179184,11.393095911204615,3.5280547540749025,20.75645199761334,17.22839724353845,27.31716037842953,25.111053382951425,31.8033778960203,27.723403446179184,11.393095911204615,3.5280547540749025,20.75645199761334,17.22839724353845
1997-07-13,27.31868563700527,25.056818293416573,31.02952337261649,27.621746452585114,0.1552986233474799,2.969887518652332,20.916324566791232,17.946437048138907,27.31868563700527,25.056818293416573,31.02952337261649,27.621746452585114,0.1552986233474799,2.969887518652332,20.916324566791232,17.946437048138907
1997-07-14,28.34795314394229,26.142174008414088,31.79586568619418,28.88837540995933,0.15636478853241692,2.2844233717106723,24.254574301000112,21.970150929289453,28.34795314394229,26.142174008414088,31.79586568619418,28.88837540995933,0.15636478853241692,2.2844233717106723,24.254574301000112,21.970150929289453
1997-07-15,28.297425357441995,25.457773493611878,32.05911598541479,29.023712221714312,0.032216819514793195,2.223914507192575,25.468031186564538,23.24411667937195,28.297425357441995,25.457773493611878,32.05911598541479,29.023712221714312,0.032216819514793195,2.223914507192575,25.468031186564538,23.24411667937195
1997-07-16,28.55124393054217,25.988778702647515,32.73067688762232,29.34986489893791,0.6786189875229544,2.153674907872125,24.144964463885454,21.99128955601333,28.55124393054217,25.988778702647515,32.73067688762232,29.34986489893791,0.6786189875229544,2.153674907872125,24.144964463885454,21.99128955601333
1997-07-17,28.23014476960202,25.956683949426473,32.514993732233314,28.79406847804308,2.29895251050393,2.9092107641314824,22.39308171905904,19.483870954927564,28.23014476960202,25.956683949426473,32.514993732233314,28.79406847804308,2.29895251050393,2.9092107641314824,22.39308171905904,19.483870954927564
1997-07-18,28.558523927110635,25.694642980453906,32.68390256660674,29.356472109124766,1.0581242697036217,2.141324954134303,25.987396909658152,23.846071955523836,28.558523927110635,25.694642980453906,32.68390256660674,29.356472109124766,1.0581242697036217,2.141324954134303,25.987396909658152,23.846071955523836
1997-07-19,28.644594421736027,25.520947798795735,33.12243900870128,29.36063960183874,1.3707021437852303,2.3544742717588396,25.44065350984845,23.08617923808962,28.644594421736027,25.520947798795735,33.12243900870128,29.36063960183874,1.3707021437852303,2.3544742717588396,25.44065350984845,23.08617923808962
1997-07-20,29.107296210263634,24.932024128515092,33.89419660685803,29.850347348632397,0.0038214282395575014,2.1094869154362077,34.93428170450055,32.82479478906433,29.107296210263634,24.932024128515092,33.89419660685803,29.850347348632397,0.0038214282395575014,2.1094869154362077,34.93428170450055,32.82479478906433
1997-07-21,29.06368483157877,25.686282631342284,32.65012696559425,29.838196098763976,0.445444179007992,1.675515704961803,33.10388027991824,31.42836457495643,29.06368483157877,25.686282631342284,32.65012696559425,29.838196098763976,0.445444179007992,1.675515704961803,33.10388027991824,31.42836457495643
1997-07-22,28.919081815151046,26.269916537917332,32.39230433427431,29.723410214501016,0.37884191754445246,1.4756540995840457,29.159114827631893,27.683460728047844,28.919081815151046,26.269916537917332,32.39230433427431,29.723410214501016,0.37884191754445246,1.4756540995840457,29.159114827631893,27.683460728047844
1997-07-23,28.577561939262285,25.92032972593124,32.09079278003328,29.40337895694251,0.8840639119250708,1.5251818541129023,27.721612118171443,26.19643026405854,28.577561939262285,25.92032972593124,32.09079278003328,29.40337895694251,0.8840639119250708,1.5251818541129023,27.721612118171443,26.19643026405854
1997-07-24,28.26165223703351,25.65034931716295,32.47875106075184,28.94535132140865,4.152408181340312,2.358291004549852,24.463959901674635,22.10566889712479,28.26165223703351,25.65034931716295,32.47875106075184,28.94535132140865,4.152408181340312,2.358291004549852,24.463959901674635,22.10566889712479
1997-07-25,27.178903186149046,24.52096500860292,32.22571421237252,27.618784050596098,5.389821417381608,3.3089785701154018,19.92544032929857,16.616461759183178,27.178903186149046,24.52096500860292,32.22571421237252,27.618784050596098,5.389821417381608,3.3089785701154018,19.92544032929857,16.616461759183178
1997-07-26,27.839717102588196,24.812634977130372,31.959487949437115,28.575731408384737,0.7599180031469114,2.188966964155319,23.460706165135853,21.27173920098053,27.839717102588196,24.812634977130372,31.959487949437115,28.575731408384737,0.7599180031469114,2.188966964155319,23.460706165135853,21.27173920098053
1997-07-27,28.017588668515156,24.825958985062922,31.59448635830929,28.862152494336787,0.04693536155448071,1.6137134269347022,25.125878845650192,23.51216541871549,28.017588668515156,24.825958985062922,31.59448635830929,28.862152494336787,0.04693536155448071,1.6137134269347022,25.125878845650192,23.51216541871549
1997-07-28,28.388470871672208,25.556433905224885,32.75053117355013,29.22460059264158,1.9042568544385803,2.022897398185251,25.458123698940817,23.43522630075557,28.388470871672208,25.556433905224885,32.75053117355013,29.22460059264158,1.9042568544385803,2.022897398185251,25.458123698940817,23.43522630075557
1997-07-29,28.412690169847306,25.38677986792667,33.073948678570524,29.270725376236275,0.7959888492169498,1.8089953773891516,24.53268293649556,22.723687559106402,28.412690169847306,25.38677986792667,33.073948678570524,29.270725376236275,0.7959888492169498,1.8089953773891516,24.53268293649556,22.723687559106402
1997-07-30,28.739116859637544,25.814270102301677,32.74734015174207,29.622584301100968,0.9990642484715047,1.629452817811223,25.05314963180526,23.423696813994024,28.739116859637544,25.814270102301677,32.74734015174207,29.622584301100968,0.9990642484715047,1.629452817811223,25.05314963180526,23.423696813994024
1997-07-31,28.843931370245013,25.391388672562908,33.512581897613266,29.69025532479598,1.4149043479407486,1.5901799532530712,27.789161063260956,26.198981110007885,28.843931370245013,25.391388672562908,33.512581897613266,29.69025532479598,1.4149043479407486,1.5901799532530712,27.789161063260956,26.198981110007885
1997-08-01,28.486485024882473,25.06241113139354,33.234752618212525,29.254574025946848,1.1574713821251261,2.1819502834326436,27.704367412148585,25.522417128715922,28.486485024882473,25.06241113139354,33.234752618212525,29.254574025946848,1.1574713821251261,2.1819502834326436,27.704367412148585,25.522417128715922
1997-08-02,28.08749351814994,25.298103256736137,32.69461274773517,28.860118869684374,8.188969150904658,2.219975864637397,23.210590604893454,20.99061474025606,28.08749351814994,25.298103256736137,32.69461274773517,28.860118869684374,8.188969150904658,2.219975864637397,23.210590604893454,20.99061474025606
1997-08-03,26.213914057754092,24.79677994510745,30.678561001489033,26.258116684506447,15.367748331922844,3.564926912117776,11.002015420860616,7.437088508742845,26.213914057754092,24.79677994510745,30.678561001489033,26.258116684506447,15.367748331922844,3.564926912117776,11.002015420860616,7.437088508742845
1997-08-04,27.618580538489972,24.70075575132187,32.67093174132542,27.996472696212756,0.11566572623506485,2.987539486230659,22.52818213650439,19.540642650273746,27.618580538489972,24.70075575132187,32.67093174132542,27.996472696212756,0.11566572623506485,2.987539486230659,22.52818213650439,19.540642650273746
1997-08-05,28.673588387736842,25.31173470857567,32.4785632362916,29.280713153940866,0.07177786681305011,2.560232723326635,28.232744666273707,25.672511942947082,28.673588387736842,25.31173470857567,32.4785632362916,29.280713153940866,0.07177786681305011,2.560232723326635,28.232744666273707,25.672511942947082
1997-08-06,28.38576149380073,25.189454508449156,32.196183419437496,29.082950894278653,0.18714783518362227,2.353324469896679,26.895384378691872,24.54205990879519,28.38576149380073,25.189454508449156,32.196183419437496,29.082950894278653,0.18714783518362227,2.353324469896679,26.895384378691872,24.54205990879519
1997-08-07,28.57864057481095,25.655604994485937,32.60767091950629,29.325702807784822,0.11937873132901403,2.1009495240406864,26.28456415131545,24.18361462727478,28.57864057481095,25.655604994485937,32.60767091950629,29.325702807784822,0.11937873132901403,2.1009495240406864,26.28456415131545,24.18361462727478
1997-08-08,28.73102221111038,25.782559903888174,32.64625747858023,29.493571079232286,1.0964734143209776,2.2069777828858066,27.96091990136645,25.753942118480648,28.73102221111038,25.782559903888174,32.64625747858023,29.493571079232286,1.0964734143209776,2.2069777828858066,27.96091990136645,25.753942118480648
1997-08-09,28.549010001139177,25.630999221613603,32.66727987076451,29.32651015731033,0.5775412525581448,2.086865344662488,25.06827153646009,22.981406191797603,28.549010001139177,25.630999221613603,32.66727987076451,29.32651015731033,0.5775412525581448,2.086865344662488,25.06827153646009,22.981406191797603
1997-08-10,28.94884820449679,25.96791101598785,32.91377977113896,29.744000140632846,0.3652888448274484,1.7382964700481423,28.60550988398626,26.867213413938106,28.94884820449679,25.96791101598785,32.91377977113896,29.744000140632846,0.3652888448274484,1.7382964700481423,28.60550988398626,26.867213413938106
1997-08-11,28.718228513281574,26.05671635137636,32.42465198351567,29.493974750075868,2.6778070155731934,2.107803319102233,26.582751253848752,24.474947934746513,28.718228513281574,26.05671635137636,32.42465198351567,29.493974750075868,2.6778070155731934,2.107803319102233,26.582751253848752,24.474947934746513
1997-08-12,27.988156835554502,24.70531569450995,32.817074451668184,28.764340943115613,2.1179066504578485,1.822510145029874,25.48215751361997,23.65964736859011,27.988156835554502,24.70531569450995,32.817074451668184,28.764340943115613,2.1179066504578485,1.822510145029874,25.48215751361997,23.65964736859011
1997-08-13,27.386603640961418,24.857653440963844,32.02064827720473,27.72820326314788,7.06608933544165,3.686666180940319,21.251595578759694,17.564929397819363,27.386603640961418,24.857653440963844,32.02064827720473,27.72820326314788,7.06608933544165,3.686666180940319,21.251595578759694,17.564929397819363
1997-08-14,28.515100707685274,25.77741395655376,32.14340338093912,29.147915041579694,2.020883579074692,2.540106339594687,23.214143552948954,20.67403721335427,28.515100707685274,25.77741395655376,32.14340338093912,29.147915041579694,2.020883579074692,2.540106339594687,23.214143552948954,20.67403721335427
1997-08-15,28.710625704507482,25.528079656834027,33.286251832129565,29.45924014012783,0.16314781449198368,2.1078203729012346,24.742752652157357,22.634932279256113,28.710625704507482,25.528079656834027,33.286251832129565,29.45924014012783,0.16314781449198368,2.1078203729012346,24.742752652157357,22.634932279256113
1997-08-16,29.30284542998778,25.582669600553558,33.65756420902731,30.066194600724206,0.08803272836749639,1.8937800882640714,31.82883617868722,29.935056090423156,29.30284542998778,25.582669600553558,33.65756420902731,30.066194600724206,0.08803272836749639,1.8937800882640714,31.82883617868722,29.935056090423156
1997-08-17,28.415909360935142,25.32146217854097,32.18388566853249,29.163370680800572,0.5107949593028018,1.6740266280921254,25.81705927964287,24.14303265155075,28.415909360935142,25.32146217854097,32.18388566853249,29.163370680800572,0.5107949593028018,1.6740266280921254,25.81705927964287,24.14303265155075
1997-08-18,28.662746437863806,25.829040443498293,32.36987958466679,29.513913582809366,0.45082129269151866,1.5348665994913822,24.87626526925965,23.341398669768267,28.662746437863806,25.829040443498293,32.36987958466679,29.513913582809366,0.45082129269151866,1.5348665994913822,24.87626526925965,23.341398669768267
1997-08-19,28.69187671490724,25.86114023281843,32.55684389313911,29.505091366662015,1.9171416817907492,1.826993205498309,23.84099213117107,22.013998925672755,28.69187671490724,25.86114023281843,32.55684389313911,29.505091366662015,1.9171416817907492,1.826993205498309,23.84099213117107,22.013998925672755
1997-08-20,28.813812998822875,25.903301401061,32.584966007997174,29.695775575583024,0.24526318510151052,1.569516890540892,24.980374830064736,23.410857939523854,28.813812998822875,25.903301401061,32.584966007997174,29.695775575583024,0.24526318510151052,1.569516890540892,24.980374830064736,23.410857939523854
1997-08-21,28.967294858623756,26.13031662863377,32.480630944639266,29.935948635270265,0.3395313589481796,1.2919596550896284,25.58834444535958,24.296384790269943,28.967294858623756,26.13031662863377,32.480630944639266,29.935948635270265,0.3395313589481796,1.2919596550896284,25.58834444535958,24.296384790269943
1997-08-22,28.770651828989404,25.773325735147882,32.38546122691707,29.73023364819652,0.3578148110043937,1.2587457609878914,24.90032436185086,23.641578600862957,28.770651828989404,25.773325735147882,32.38546122691707,29.73023364819652,0.3578148110043937,1.2587457609878914,24.90032436185086,23.641578600862957
1997-08-23,28.533348300410292,25.308394818173223,32.76676684222025,29.53657837841194,0.43658512277492384,1.1718241040578141,26.602376125130938,25.430552021073137,28.533348300410292,25.308394818173223,32.76676684222025,29.53657837841194,0.43658512277492384,1.1718241040578141,26.602376125130938,25.430552021073137
1997-08-24,28.40066373990126,25.5442499207123,33.00415642856917,29.21294390212718,1.8139261653903487,1.6380098247169061,27.322881233423416,25.684871408706524,28.40066373990126,25.5442499207123,33.00415642856917,29.21294390212718,1.8139261653903487,1.6380098247169061,27.322881233423416,25.684871408706524
1997-08-25,27.881064820342836,24.867947920866047,32.36410412494457,28.691392656160293,1.9474361743034176,1.488486485304485,25.330105104279284,23.8416186189748,27.881064820342836,24.867947920866047,32.36410412494457,28.691392656160293,1.9474361743034176,1.488486485304485,25.330105104279284,23.8416186189748
1997-08-26,27.803189050590078,25.18656377681501,32.339800776004225,28.516813986226165,1.394849977735673,1.8233925041156396,24.021853949033513,22.198461444917886,27.803189050590078,25.18656377681501,32.339800776004225,28.516813986226165,1.394849977735673,1.8233925041156396,24.021853949033513,22.198461444917886
1997-08-27,28.465600582354412,25.390770533052077,31.95708112941735,29.379302849881075,0.010444193274933612,1.0415161069182073,29.55348114442052,28.51196503750232,28.465600582354412,25.390770533052077,31.95708112941735,29.379302849881075,0.010444193274933612,1.0415161069182073,29.55348114442052,28.51196503750232
1997-08-28,28.367853442500422,25.33599830081903,32.26719442692045,29.358945726656966,0.3022995678206209,0.9776206953466126,26.037814164506,25.06019346915939,28.367853442500422,25.33599830081903,32.26719442692045,29.358945726656966,0.3022995678206209,0.9776206953466126,26.037814164506,25.06019346915939
1997-08-29,28.289487947717213,25.16801964523671,32.939579615470294,29.220943586773362,2.236713654308849,1.5190431186171556,24.08679677078361,22.56775365216645,28.289487947717213,25.16801964523671,32.939579615470294,29.220943586773362,2.236713654308849,1.5190431186171556,24.08679677078361,22.56775365216645
1997-08-30,27.885928704473567,25.1403041644766,32.03984218381076,28.859782448052407,1.1080011738400555,1.3193430089696518,21.681295726848504,20.361952717878857,27.885928704473567,25.1403041644766,32.03984218381076,28.859782448052407,1.1080011738400555,1.3193430089696518,21.681295726848504,20.361952717878857
1997-08-31,27.94725493529296,24.87353540563629,31.998278075483846,28.896853799026125,0.4493140037681017,1.0622334041622536,25.755081214233783,24.69284781007152,27.94725493529296,24.87353540563629,31.998278075483846,28.896853799026125,0.4493140037681017,1.0622334041622536,25.755081214233783,24.69284781007152
1997-09-01,27.662934402066373,24.81305865441964,31.771939421220686,28.603610618800065,1.5396748358785954,1.2727846706751236,23.187511086505914,21.914726415830792,27.662934402066373,24.81305865441964,31.771939421220686,28.603610618800065,1.5396748358785954,1.2727846706751236,23.187511086505914,21.914726415830792
1997-09-02,27.177128168141643,24.991739074341496,30.311897121428043,27.463241295110713,5.349046227376174,2.294350565057188,15.955955611542516,13.661605046485333,27.177128168141643,24.991739074341496,30.311897121428043,27.463241295110713,5.349046227376174,2.294350565057188,15.955955611542516,13.661605046485333
1997-09-03,27.14169462790054,25.070017796295005,31.69823458444147,27.578644707959512,6.665262142264285,3.3842085874775574,16.433767171320078,13.04955858384253,27.14169462790054,25.070017796295005,31.69823458444147,27.578644707959512,6.665262142264285,3.3842085874775574,16.433767171320078,13.04955858384253
1997-09-04,27.33269507038748,24.85728105986437,31.471940255375007,28.016250658186387,3.824585852550762,2.814345403602947,17.33310418036169,14.518758776758748,27.33269507038748,24.85728105986437,31.471940255375007,28.016250658186387,3.824585852550762,2.814345403602947,17.33310418036169,14.518758776758748
1997-09-05,27.92009828416793,25.557580098806817,32.185225007533134,28.493237534859226,5.493435005640445,2.924699082382761,18.24993417900437,15.32523509662161,27.92009828416793,25.557580098806817,32.185225007533134,28.493237534859226,5.493435005640445,2.924699082382761,18.24993417900437,15.32523509662161
1997-09-06,28.136514522520724,25.863050666532242,32.49281362847312,28.624374555279022,2.0105699672612998,3.086014493628049,20.02630694813609,16.94029245450804,28.136514522520724,25.863050666532242,32.49281362847312,28.624374555279022,2.0105699672612998,3.086014493628049,20.02630694813609,16.94029245450804
1997-09-07,27.8903946677997,25.702647841165625,32.10405588717722,28.323243973604313,5.891937330260461,3.2452978639902463,18.645894124857254,15.400596260867015,27.8903946677997,25.702647841165625,32.10405588717722,28.323243973604313,5.891937330260461,3.2452978639902463,18.645894124857254,15.400596260867015
1997-09-08,27.150058418167397,25.066096287505943,31.528480072397656,27.477326254079397,9.200630083178035,3.499138318251539,16.456944473657266,12.957806155405732,27.150058418167397,25.066096287505943,31.528480072397656,27.477326254079397,9.200630083178035,3.499138318251539,16.456944473657266,12.957806155405732
1997-09-09,26.463691763067786,24.8832070431603,29.79031392171706,26.44238393303657,8.091295337579632,4.063467934725042,12.517937637836669,8.45446970311163,26.463691763067786,24.8832070431603,29.79031392171706,26.44238393303657,8.091295337579632,4.063467934725042,12.517937637836669,8.45446970311163
1997-09-10,27.233060669190838,24.73626312008619,31.113367967649204,27.607968058759074,4.028307668295239,3.6012863811838987,17.997920720478135,14.396634339294241,27.233060669190838,24.73626312008619,31.113367967649204,27.607968058759074,4.028307668295239,3.6012863811838987,17.997920720478135,14.396634339294241
1997-09-11,27.84587782187624,25.15515470165478,31.518607651998334,28.40348159388732,0.4078906736502601,2.6216194362980905,24.47570654635447,21.854087110056383,27.84587782187624,25.15515470165478,31.518607651998334,28.40348159388732,0.4078906736502601,2.6216194362980905,24.47570654635447,21.854087110056383
1997-09-12,27.51756452802517,24.5306569410151,32.11944568468756,28.087051523416168,2.1393567442008146,2.6626543838343126,20.1988744983458,17.53622011451149,27.51756452802517,24.5306569410151,32.11944568468756,28.087051523416168,2.1393567442008146,2.6626543838343126,20.1988744983458,17.53622011451149
1997-09-13,27.837901749207287,25.35529855134911,32.73538001296632,28.156369950349543,3.0574644364603247,3.2214342622075245,19.55801161158962,16.336577349382097,27.837901749207287,25.35529855134911,32.73538001296632,28.156369950349543,3.0574644364603247,3.2214342622075245,19.55801161158962,16.336577349382097
1997-09-14,28.156812547274203,25.6916420351077,31.77616125243188,28.644060577987453,1.7041710343433762,2.6807830924533675,22.131301948158363,19.450518855704985,28.156812547274203,25.6916420351077,31.77616125243188,28.644060577987453,1.7041710343433762,2.6807830924533675,22.131301948158363,19.450518855704985
1997-09-15,27.229715998659625,25.114798123049592,29.968767926792854,27.653717268007394,3.4595367542325954,2.5940534716794157,16.45436720261904,13.860313730939627,27.229715998659625,25.114798123049592,29.968767926792854,27.653717268007394,3.4595367542325954,2.5940534716794157,16.45436720261904,13.860313730939627
1997-09-16,26.951575774850834,25.242211446463077,30.07942284842362,27.301452958439707,6.1438489958129505,2.8596320066518364,13.197950239372986,10.338318232721154,26.951575774850834,25.242211446463077,30.07942284842362,27.301452958439707,6.1438489958129505,2.8596320066518364,13.197950239372986,10.338318232721154
1997-09-17,25.70789557444993,24.46901987149032,27.665139421151913,25.692801468604934,13.328980828468671,3.366094435899452,8.659498756223263,5.29340432032381,25.70789557444993,24.46901987149032,27.665139421151913,25.692801468604934,13.328980828468671,3.366094435899452,8.659498756223263,5.29340432032381
1997-09-18,25.407192073372844,23.401531381529743,29.994277381157904,25.44277110532571,1.780755919148848,3.3119328037250746,15.879476244137203,12.567543440412132,25.407192073372844,23.401531381529743,29.994277381157904,25.44277110532571,1.780755919148848,3.3119328037250746,15.879476244137203,12.567543440412132
1997-09-19,25.148172894198314,23.87423048943182,27.622854279951067,24.922385181965765,16.848217796459764,3.7728623697332764,9.241291631817521,5.468429262084245,25.148172894198314,23.87423048943182,27.622854279951067,24.922385181965765,16.848217796459764,3.7728623697332764,9.241291631817521,5.468429262084245
1997-09-20,25.16652154236097,23.48713559066375,28.44334855249286,25.0600930923278,10.358634199432268,3.442610310231162,8.93249541164158,5.489885101410419,25.16652154236097,23.48713559066375,28.44334855249286,25.0600930923278,10.358634199432268,3.442610310231162,8.93249541164158,5.489885101410419
1997-09-21,25.771903721754597,24.363090439353314,29.098445038561955,25.533040947201457,8.14499594494254,4.2231455875029855,8.954769102105287,4.731623514602303,25.771903721754597,24.363090439353314,29.098445038561955,25.533040947201457,8.14499594494254,4.2231455875029855,8.954769102105287,4.731623514602303
1997-09-22,26.55085320512472,24.18601511074813,30.943305694590784,26.670877059295215,0.6722263715898961,3.8579209593189288,16.42140533280398,12.56348437348504,26.55085320512472,24.18601511074813,30.943305694590784,26.670877059295215,0.6722263715898961,3.8579209593189288,16.42140533280398,12.56348437348504
1997-09-23,27.511590079235628,24.58501718594343,30.81065877314471,27.88099086148317,0.5068537444873523,3.2072545361533544,20.48584225207997,17.278587715926623,27.511590079235628,24.58501718594343,30.81065877314471,27.88099086148317,0.5068537444873523,3.2072545361533544,20.48584225207997,17.278587715926623
1997-09-24,27.32377336216996,24.317757060772145,31.76074352257681,27.727564251863733,0.4964733058645232,3.5202200618002046,20.05681637759861,16.536596315798413,27.32377336216996,24.317757060772145,31.76074352257681,27.727564251863733,0.4964733058645232,3.5202200618002046,20.05681637759861,16.536596315798413
1997-09-25,27.50078221999993,24.69095117045603,30.791971443286382,28.156662304770688,0.06754511284628686,2.9737422417937216,19.02262235861422,16.048880116820502,27.50078221999993,24.69095117045603,30.791971443286382,28.156662304770688,0.06754511284628686,2.9737422417937216,19.02262235861422,16.048880116820502
1997-09-26,27.331728321875904,24.489594405585052,30.0627886507115,27.46188250460289,0.5693573395775083,2.6525554646432457,15.810850014376696,13.158294549733448,27.331728321875904,24.489594405585052,30.0627886507115,27.46188250460289,0.5693573395775083,2.6525554646432457,15.810850014376696,13.158294549733448
1997-09-27,26.958476127973,25.213958656388925,29.25300523113635,27.44721147408019,1.2058172397221147,2.786228910886346,16.187544965899384,13.401316055013037,26.958476127973,25.213958656388925,29.25300523113635,27.44721147408019,1.2058172397221147,2.786228910886346,16.187544965899384,13.401316055013037
1997-09-28,27.326449591544915,25.291004351017598,30.68655967591465,27.643888706101073,4.181684690615205,3.1497940491962355,16.13002662803137,12.980232578835132,27.326449591544915,25.291004351017598,30.68655967591465,27.643888706101073,4.181684690615205,3.1497940491962355,16.13002662803137,12.980232578835132
1997-09-29,26.747610268095155,24.9154345731073,30.206860202145624,26.692236822418817,14.045386775325705,4.049140422638765,12.010202732943611,7.961062310304849,26.747610268095155,24.9154345731073,30.206860202145624,26.692236822418817,14.045386775325705,4.049140422638765,12.010202732943611,7.961062310304849
1997-09-30,26.964790767182894,25.04615418426412,31.26126639005702,27.15539340061447,5.886228540574381,3.6201203165181535,14.631071556051156,11.010951239533009,26.964790767182894,25.04615418426412,31.26126639005702,27.15539340061447,5.886228540574381,3.6201203165181535,14.631071556051156,11.010951239533009
1997-10-01,27.573757170869477,25.435700029384545,31.575354588674173,27.763032579214883,1.4940177409654771,3.618997796601018,16.7908851856411,13.171887389040085,27.573757170869477,25.435700029384545,31.575354588674173,27.763032579214883,1.4940177409654771,3.618997796601018,16.7908851856411,13.171887389040085
1997-10-02,26.34244725280091,24.251941517785838,30.18498136675575,26.464219770334065,13.582907411780331,3.9455988468991356,12.404649087705845,8.459050240806706,26.34244725280091,24.251941517785838,30.18498136675575,26.464219770334065,13.582907411780331,3.9455988468991356,12.404649087705845,8.459050240806706
1997-10-03,25.84625277387661,23.667665608007287,30.09110873747388,25.852895355896393,7.595062177128337,4.082526030119307,13.489832019734523,9.407305989615216,25.84625277387661,23.667665608007287,30.09110873747388,25.852895355896393,7.595062177128337,4.082526030119307,13.489832019734523,9.407305989615216
1997-10-04,26.019420360105265,23.59074962114771,29.74192393196426,26.10154774880716,3.077999918371376,3.8995040884400898,17.616955239972672,13.717451151532572,26.019420360105265,23.59074962114771,29.74192393196426,26.10154774880716,3.077999918371376,3.8995040884400898,17.616955239972672,13.717451151532572
1997-10-05,26.569990579457922,24.332427093839055,30.45090733951725,26.698096151061993,0.23474031107588045,3.668023929440793,22.81068490083975,19.14266097139896,26.569990579457922,24.332427093839055,30.45090733951725,26.698096151061993,0.23474031107588045,3.668023929440793,22.81068490083975,19.14266097139896
1997-10-06,26.906468013419932,24.853451587533186,30.228181449457413,27.064256314838254,1.777745764563694,3.185996024365174,21.42382013720079,18.237824112835607,26.906468013419932,24.853451587533186,30.228181449457413,27.064256314838254,1.777745764563694,3.185996024365174,21.42382013720079,18.237824112835607
1997-10-07,26.67577036971476,25.03695053310195,30.81962655535373,26.833378291312084,4.305866505427159,3.674340982865325,19.191938114863284,15.517597131997963,26.67577036971476,25.03695053310195,30.81962655535373,26.833378291312084,4.305866505427159,3.674340982865325,19.191938114863284,15.517597131997963
1997-10-08,26.704011739659435,25.19908603992034,30.47127718870044,26.849117086369482,6.398320397511044,3.1520584227491657,17.879859830720953,14.727801407971777,26.704011739659435,25.19908603992034,30.47127718870044,26.849117086369482,6.398320397511044,3.1520584227491657,17.879859830720953,14.727801407971777
1997-10-09,26.965784880783875,24.9795531388108,30.617164503784764,27.112889500387684,1.778727045321495,3.1636330745550008,17.9716007506482,14.807967676093199,26.965784880783875,24.9795531388108,30.617164503784764,27.112889500387684,1.778727045321495,3.1636330745550008,17.9716007506482,14.807967676093199
1997-10-10,27.30911181621103,24.7596673345347,30.937387746049673,27.4120598259479,0.08820118862266707,3.4505720452056794,23.02084956088507,19.57027751567939,27.30911181621103,24.7596673345347,30.937387746049673,27.4120598259479,0.08820118862266707,3.4505720452056794,23.02084956088507,19.57027751567939
1997-10-11,27.56858874718829,24.672213210871416,30.93633698036482,27.853519846517766,0.08657138114527117,3.0835477711371055,26.603670481772184,23.520122710635068,27.56858874718829,24.672213210871416,30.93633698036482,27.853519846517766,0.08657138114527117,3.0835477711371055,26.603670481772184,23.520122710635068
1997-10-12,27.182152531350553,23.776209979512444,31.058315256406946,27.506442998510167,0.34814777001870684,2.9559177955052878,25.044485446368775,22.088567650863478,27.182152531350553,23.776209979512444,31.058315256406946,27.506442998510167,0.34814777001870684,2.9559177955052878,25.044485446368775,22.088567650863478
1997-10-13,27.34316139127128,24.981341985935607,31.076492042984857,27.624197323019764,0.7558618477004727,2.6410007212926434,24.045660826743337,21.404660105450695,27.34316139127128,24.981341985935607,31.076492042984857,27.624197323019764,0.7558618477004727,2.6410007212926434,24.045660826743337,21.404660105450695
1997-10-14,26.584321039523953,23.945858980711566,30.159101326442872,27.08056319365408,0.3949162886806703,2.7473110983797095,18.955663783464598,16.20835268508489,26.584321039523953,23.945858980711566,30.159101326442872,27.08056319365408,0.3949162886806703,2.7473110983797095,18.955663783464598,16.20835268508489
1997-10-15,25.806702289579096,23.978442332290225,28.475784019048263,26.234186249881066,1.3652732922168067,2.2862557523207108,15.82850139508074,13.542245642760026,25.806702289579096,23.978442332290225,28.475784019048263,26.234186249881066,1.3652732922168067,2.2862557523207108,15.82850139508074,13.542245642760026
1997-10-16,25.47272745065042,23.768319234549022,27.941712277134553,25.74616604350724,1.2990339440776455,2.3924355874413465,18.28520218065903,15.892766593217678,25.47272745065042,23.768319234549022,27.941712277134553,25.74616604350724,1.2990339440776455,2.3924355874413465,18.28520218065903,15.892766593217678
1997-10-17,23.711943513333406,21.88829549189473,25.19733068258585,23.510682903736377,11.487506487909275,3.594137624879775,10.66148767392792,7.067350049048147,23.711943513333406,21.88829549189473,25.19733068258585,23.510682903736377,11.487506487909275,3.594137624879775,10.66148767392792,7.067350049048147
1997-10-18,23.582301927472283,22.1452842591471,25.20468569839865,23.243497429418024,2.381367378229059,3.4892613041323206,15.689848596443378,12.20058729231105,23.582301927472283,22.1452842591471,25.20468569839865,23.243497429418024,2.381367378229059,3.4892613041323206,15.689848596443378,12.20058729231105
1997-10-19,24.115560977627226,22.591568065185076,26.114030948328473,24.161076303876033,4.5120168579160236E-4,2.8959909134471276,37.163756289147024,34.267765375699895,24.115560977627226,22.591568065185076,26.114030948328473,24.161076303876033,4.5120168579160236E-4,2.8959909134471276,37.163756289147024,34.267765375699895
1997-10-20,23.837542500081,22.165387195077862,26.078976640368683,23.933817280779053,0.0028484154856091622,2.307537644930963,31.500055362490464,29.19251771755949,23.837542500081,22.165387195077862,26.078976640368683,23.933817280779053,0.0028484154856091622,2.307537644930963,31.500055362490464,29.19251771755949
1997-10-21,24.074089792360716,21.441277624696568,27.73213851192372,24.324467618260837,8.583068797918258E-4,2.631837971883787,31.916861899010776,29.285023927126982,24.074089792360716,21.441277624696568,27.73213851192372,24.324467618260837,8.583068797918258E-4,2.631837971883787,31.916861899010776,29.285023927126982
1997-10-22,24.38644148475122,21.296988897535194,28.331580523967524,24.74411994998574,8.52346317969932E-4,2.3130551705549576,26.996273228550255,24.683218057995287,24.38644148475122,21.296988897535194,28.331580523967524,24.74411994998574,8.52346317969932E-4,2.3130551705549576,26.996273228550255,24.683218057995287
1997-10-23,25.55430383551239,22.434437134820968,30.351492260122967,25.89225669198859,0.0,2.2378044774379884,28.44510782758044,26.20730335014245,25.55430383551239,22.434437134820968,30.351492260122967,25.89225669198859,0.0,2.2378044774379884,28.44510782758044,26.20730335014245
1997-10-24,27.131579723853125,23.61837371578931,32.45375921740497,27.541979394491413,0.004044170846703385,2.1756614406513433,27.184910095989306,25.00924865533795,27.131579723853125,23.61837371578931,32.45375921740497,27.541979394491413,0.004044170846703385,2.1756614406513433,27.184910095989306,25.00924865533795
1997-10-25,28.938045837090552,25.42598910276296,34.121440065927374,29.23269781878798,0.007701663427291628,2.1125421343963717,33.89335248137745,31.78081034698109,28.938045837090552,25.42598910276296,34.121440065927374,29.23269781878798,0.007701663427291628,2.1125421343963717,33.89335248137745,31.78081034698109
1997-10-26,29.244173645309722,25.940189515557535,33.847555492544856,29.529530868315227,0.06311940302853855,1.7503390151662226,31.01513669939266,29.26479768422642,29.244173645309722,25.940189515557535,33.847555492544856,29.529530868315227,0.06311940302853855,1.7503390151662226,31.01513669939266,29.26479768422642
1997-10-27,26.88794340187645,25.368465386767202,30.37821460279114,27.25250097223044,5.471633527570819,2.615124597035377,12.160001673636273,9.544877076600901,26.88794340187645,25.368465386767202,30.37821460279114,27.25250097223044,5.471633527570819,2.615124597035377,12.160001673636273,9.544877076600901
1997-10-28,25.782905319418063,24.751381962565507,28.01672871943379,25.918569562714282,1.8899677578073586,1.9873181550214718,19.916005805265982,17.92868765024452,25.782905319418063,24.751381962565507,28.01672871943379,25.918569562714282,1.8899677578073586,1.9873181550214718,19.916005805265982,17.92868765024452
1997-10-29,26.912317196186553,24.6832347594419,30.735544607949137,27.379685751518743,0.3854872362638926,1.9146062065652025,20.504683733784244,18.59007752721905,26.912317196186553,24.6832347594419,30.735544607949137,27.379685751518743,0.3854872362638926,1.9146062065652025,20.504683733784244,18.59007752721905
1997-10-30,27.300558004348986,24.161794860130335,31.827220310212464,27.828538646207495,0.05801997579406944,1.9112481286551746,22.686816114235523,20.775567985580345,27.300558004348986,24.161794860130335,31.827220310212464,27.828538646207495,0.05801997579406944,1.9112481286551746,22.686816114235523,20.775567985580345
1997-10-31,27.397739349621506,23.715297861021945,32.448264134572604,27.9176991824492,0.0012814998058274796,1.7706974789725924,23.688696891688753,21.917999412716163,27.397739349621506,23.715297861021945,32.448264134572604,27.9176991824492,0.0012814998058274796,1.7706974789725924,23.688696891688753,21.917999412716163
1997-11-01,27.586690104028662,25.134415239345476,32.247055888940125,28.131187832348576,0.0017166137808999338,1.5466047451556173,20.439177696429404,18.892572951273785,27.586690104028662,25.134415239345476,32.247055888940125,28.131187832348576,0.0017166137808999338,1.5466047451556173,20.439177696429404,18.892572951273785
1997-11-02,26.398375986853328,24.530719427341847,28.580167293514947,26.642418718310076,0.8003745817222744,1.274738511954365,12.81647023840998,11.541731726455618,26.398375986853328,24.530719427341847,28.580167293514947,26.642418718310076,0.8003745817222744,1.274738511954365,12.81647023840998,11.541731726455618
1997-11-03,25.339165490286987,24.568560573877477,26.691725783769616,25.533009932015077,0.011007086200124886,1.0615044705472636,38.32165296174724,37.260148491199956,25.339165490286987,24.568560573877477,26.691725783769616,25.533009932015077,0.011007086200124886,1.0615044705472636,38.32165296174724,37.260148491199956
1997-11-04,24.903026146713533,23.478865525855987,27.188259603910804,25.182638746026264,0.001717801239919936,1.417654221690469,52.73393083622273,51.31627661453224,24.903026146713533,23.478865525855987,27.188259603910804,25.182638746026264,0.001717801239919936,1.417654221690469,52.73393083622273,51.31627661453224
1997-11-05,24.225313564129035,20.9141884046274,28.66286831244733,24.657666532895675,8.611370390099182E-4,1.3099811385953537,35.805770408922434,34.49578927032709,24.225313564129035,20.9141884046274,28.66286831244733,24.657666532895675,8.611370390099182E-4,1.3099811385953537,35.805770408922434,34.49578927032709
1997-11-06,25.045892337119653,22.131627116215018,28.766830494858123,25.58296016161471,0.00343322744811303,1.1115989753764544,26.19553918977487,25.08394021439842,25.045892337119653,22.131627116215018,28.766830494858123,25.58296016161471,0.00343322744811303,1.1115989753764544,26.19553918977487,25.08394021439842
1997-11-07,24.241805300119648,22.12111414378271,27.194885471044305,24.699649184548278,0.0,0.9572233141318892,19.94755129582783,18.990327981695952,24.241805300119648,22.12111414378271,27.194885471044305,24.699649184548278,0.0,0.9572233141318892,19.94755129582783,18.990327981695952
1997-11-08,23.382323916781175,21.579771580818683,25.692727811624522,23.97403421020153,0.0298594811215456,0.9163386228141037,25.454798052641813,24.53845942982772,23.382323916781175,21.579771580818683,25.692727811624522,23.97403421020153,0.0298594811215456,0.9163386228141037,25.454798052641813,24.53845942982772
1997-11-09,23.060966267439596,19.75792526347233,28.620624997205102,23.534534167157314,0.0012823420547647402,0.9801849757635116,25.616834764855966,24.636649789092466,23.060966267439596,19.75792526347233,28.620624997205102,23.534534167157314,0.0012823420547647402,0.9801849757635116,25.616834764855966,24.636649789092466
1997-11-10,24.603561124928223,23.087837960410138,27.21403445048661,24.71156899377295,0.23729526180724966,0.4731097752992725,19.519321108712564,19.046211333413304,24.603561124928223,23.087837960410138,27.21403445048661,24.71156899377295,0.23729526180724966,0.4731097752992725,19.519321108712564,19.046211333413304
1997-11-11,26.072581428723954,23.164537072525967,30.75546903378439,26.566190822530064,0.007453450503390733,0.8694112301528893,22.419924817273376,21.550513587120484,26.072581428723954,23.164537072525967,30.75546903378439,26.566190822530064,0.007453450503390733,0.8694112301528893,22.419924817273376,21.550513587120484
1997-11-12,27.35310850216222,24.973852521863392,31.511610355088244,27.836971686420302,1.83053317680985,0.9508412298538094,26.607880771013146,25.657039541159342,27.35310850216222,24.973852521863392,31.511610355088244,27.836971686420302,1.83053317680985,0.9508412298538094,26.607880771013146,25.657039541159342
1997-11-13,27.224051636564464,24.482783782948186,32.09802459684542,27.58150289127275,0.06043986246599902,1.4585587725846343,16.29628899778518,14.837730225200547,27.224051636564464,24.482783782948186,32.09802459684542,27.58150289127275,0.06043986246599902,1.4585587725846343,16.29628899778518,14.837730225200547
1997-11-14,26.923196808189132,24.03467695740752,31.627357992969664,27.202071189454923,8.553265615773853E-4,0.764858102942277,15.424830161294873,14.659972058352587,26.923196808189132,24.03467695740752,31.627357992969664,27.202071189454923,8.553265615773853E-4,0.764858102942277,15.424830161294873,14.659972058352587
1997-11-15,27.505401921627833,25.482443370597352,31.47282832334807,28.03077672909325,0.11729371614882793,0.7284577504881632,18.74024856884154,18.011790818353376,27.505401921627833,25.482443370597352,31.47282832334807,28.03077672909325,0.11729371614882793,0.7284577504881632,18.74024856884154,18.011790818353376
1997-11-16,26.40409539444319,25.046988214947596,28.046830725325485,26.699980795594882,0.8756964558990706,0.7654670904764159,16.481691176893836,15.716224086417427,26.40409539444319,25.046988214947596,28.046830725325485,26.699980795594882,0.8756964558990706,0.7654670904764159,16.481691176893836,15.716224086417427
1997-11-17,25.231098143606754,23.879632901591073,27.734278477812822,25.474473954725052,3.529718447855868,1.6547936950090187,19.95338678003071,18.298593085021686,25.231098143606754,23.879632901591073,27.734278477812822,25.474473954725052,3.529718447855868,1.6547936950090187,19.95338678003071,18.298593085021686
1997-11-18,25.38326757309423,23.794234979030858,28.832329505310327,25.612092479254827,0.8388177866882404,1.7213068637431364,25.603495509366663,23.88218864562352,25.38326757309423,23.794234979030858,28.832329505310327,25.612092479254827,0.8388177866882404,1.7213068637431364,25.603495509366663,23.88218864562352
1997-11-19,25.72102276939905,23.655935168022708,28.666992071406312,26.13584454151135,0.035183341135089294,0.7311565710960579,21.410107113979947,20.678950542883893,25.72102276939905,23.655935168022708,28.666992071406312,26.13584454151135,0.035183341135089294,0.7311565710960579,21.410107113979947,20.678950542883893
1997-11-20,25.530077193026006,22.85623080477654,29.597827828875165,26.000279907185394,0.006069252435736416,0.8181453065427728,20.32264017353347,19.50449486699068,25.530077193026006,22.85623080477654,29.597827828875165,26.000279907185394,0.006069252435736416,0.8181453065427728,20.32264017353347,19.50449486699068
1997-11-21,25.747884396441805,22.52601274931749,30.62991224653744,26.194555880887147,0.14390978291656983,0.7928585018221237,21.186839375814188,20.393980873992067,25.747884396441805,22.52601274931749,30.62991224653744,26.194555880887147,0.14390978291656983,0.7928585018221237,21.186839375814188,20.393980873992067
1997-11-22,25.789183036416365,23.67473869901506,29.43384064999877,26.2000436227675,5.094292180241614,1.3885944189425712,15.565612348463805,14.177017929521234,25.789183036416365,23.67473869901506,29.43384064999877,26.2000436227675,5.094292180241614,1.3885944189425712,15.565612348463805,14.177017929521234
1997-11-23,24.541001042662455,23.332877220054336,27.725781600430754,24.53839516594355,7.815278180998585,2.5368131199860158,8.901747650204095,6.3649345302180755,24.541001042662455,23.332877220054336,27.725781600430754,24.53839516594355,7.815278180998585,2.5368131199860158,8.901747650204095,6.3649345302180755
1997-11-24,24.537593019805087,23.378091613404013,26.7794134921362,24.400219499660384,2.943747565918339,2.0430927506348486,11.213405498025617,9.170312747390767,24.537593019805087,23.378091613404013,26.7794134921362,24.400219499660384,2.943747565918339,2.0430927506348486,11.213405498025617,9.170312747390767
1997-11-25,24.791108820737133,23.783203326013943,26.570439823549663,24.855287538801484,2.250440624893247,1.8964841808991226,17.7650665362438,15.86858235534468,24.791108820737133,23.783203326013943,26.570439823549663,24.855287538801484,2.250440624893247,1.8964841808991226,17.7650665362438,15.86858235534468
1997-11-26,24.457285788799048,23.28178932697847,26.4482607485081,24.40706883585335,3.9597706721799186,2.5288692303854785,15.17155281766362,12.642683587278137,24.457285788799048,23.28178932697847,26.4482607485081,24.40706883585335,3.9597706721799186,2.5288692303854785,15.17155281766362,12.642683587278137
1997-11-27,24.793759687996406,23.15451414962179,28.205454292042013,24.898912311028532,2.741868343096552,2.264028047016281,16.13848813615579,13.874460089139513,24.793759687996406,23.15451414962179,28.205454292042013,24.898912311028532,2.741868343096552,2.264028047016281,16.13848813615579,13.874460089139513
1997-11-28,25.284552155848907,22.907248557944968,30.01127809616573,25.321333846472637,0.795953691050353,1.9528186142276636,16.379851135371137,14.427032521143474,25.284552155848907,22.907248557944968,30.01127809616573,25.321333846472637,0.795953691050353,1.9528186142276636,16.379851135371137,14.427032521143474
1997-11-29,26.95550205951374,24.144746406987796,31.409447242492227,27.216780419129602,0.006961135918267696,1.601587314724229,23.624633810561313,22.023046495837086,26.95550205951374,24.144746406987796,31.409447242492227,27.216780419129602,0.006961135918267696,1.601587314724229,23.624633810561313,22.023046495837086
1997-11-30,25.335451229248257,23.65195700983713,28.32810865767025,24.90628480739931,6.469429483991741,2.2639959897057356,9.886079730597881,7.622083740892144,25.335451229248257,23.65195700983713,28.32810865767025,24.90628480739931,6.469429483991741,2.2639959897057356,9.886079730597881,7.622083740892144
1997-12-01,24.055423270003086,22.378965750140313,26.158582860846504,24.28883377640441,0.005430668545822257,2.0775716432297084,28.358397758019652,26.280826114789924,24.055423270003086,22.378965750140313,26.158582860846504,24.28883377640441,0.005430668545822257,2.0775716432297084,28.358397758019652,26.280826114789924
1997-12-02,24.032073751917462,20.40095269773237,29.969984061418135,24.182573977017203,0.004190206425391807,1.4585674093795433,24.24450837765918,22.785940968279647,24.032073751917462,20.40095269773237,29.969984061418135,24.182573977017203,0.004190206425391807,1.4585674093795433,24.24450837765918,22.785940968279647
1997-12-03,26.221829747397816,24.251827719145183,29.220419278200204,26.285255005198202,0.35369348861571576,0.864648713535744,15.089530058207748,14.224881344672001,26.221829747397816,24.251827719145183,29.220419278200204,26.285255005198202,0.35369348861571576,0.864648713535744,15.089530058207748,14.224881344672001
1997-12-04,25.858569437250644,24.17974309810407,28.78957451272484,26.039940307122666,6.004436306005158,2.281060032270961,10.430698657317155,8.149638625046196,25.858569437250644,24.17974309810407,28.78957451272484,26.039940307122666,6.004436306005158,2.281060032270961,10.430698657317155,8.149638625046196
1997-12-05,24.150685848976405,23.46210113665128,25.13427042327909,24.313381578598428,1.0368971068975412,1.84187751234512,25.204618573293757,23.36274106094863,24.150685848976405,23.46210113665128,25.13427042327909,24.313381578598428,1.0368971068975412,1.84187751234512,25.204618573293757,23.36274106094863
1997-12-06,23.236608628553782,21.947986772892587,25.295968461313766,23.426471479451102,7.026902635822248E-4,1.3722104472136067,30.104620300178254,28.732409852964643,23.236608628553782,21.947986772892587,25.295968461313766,23.426471479451102,7.026902635822248E-4,1.3722104472136067,30.104620300178254,28.732409852964643
1997-12-07,23.31601373314848,20.596826854462556,27.737269184344964,23.590417146341263,0.0,1.5514826073366048,27.1687504795077,25.61726787217109,23.31601373314848,20.596826854462556,27.737269184344964,23.590417146341263,0.0,1.5514826073366048,27.1687504795077,25.61726787217109
1997-12-08,24.83785660996655,21.02768699697052,31.444976857162807,25.082200823438164,0.0,1.4932903458861946,28.223742000357102,26.73045165447091,24.83785660996655,21.02768699697052,31.444976857162807,25.082200823438164,0.0,1.4932903458861946,28.223742000357102,26.73045165447091
1997-12-09,26.731701360471703,23.24010848542169,31.865185413582232,27.00746335455879,0.012697752364381336,1.3418504486057952,24.67776175461087,23.335911306005084,26.731701360471703,23.24010848542169,31.865185413582232,27.00746335455879,0.012697752364381336,1.3418504486057952,24.67776175461087,23.335911306005084
1997-12-10,27.511909032178654,24.681454667712433,31.849670111322553,27.936482043667663,0.16176720318193014,1.302784947496709,24.753188865942274,23.450403918445577,27.511909032178654,24.681454667712433,31.849670111322553,27.936482043667663,0.16176720318193014,1.302784947496709,24.753188865942274,23.450403918445577
1997-12-11,26.564353184724144,23.79279334863415,29.760832640569575,27.00783649170028,0.06366749862127524,1.0543780335083777,18.456870186765578,17.4024921532572,26.564353184724144,23.79279334863415,29.760832640569575,27.00783649170028,0.06366749862127524,1.0543780335083777,18.456870186765578,17.4024921532572
1997-12-12,25.09564957716696,23.700524902343773,28.31551055209487,25.365094664142507,1.9946550653311994,1.3650859758263114,12.587116619846945,11.222030644020634,25.09564957716696,23.700524902343773,28.31551055209487,25.365094664142507,1.9946550653311994,1.3650859758263114,12.587116619846945,11.222030644020634
1997-12-13,21.78851794862858,20.451981307805987,23.83117373937781,21.519793970444578,7.0774309985358,3.5683731769919182,13.13778401397407,9.569410836982154,21.78851794862858,20.451981307805987,23.83117373937781,21.519793970444578,7.0774309985358,3.5683731769919182,13.13778401397407,9.569410836982154
1997-12-14,19.742669995737813,18.313080233862433,21.313867837839332,19.775281038471327,3.6257873341735407,3.1010244712863377,43.50564334385408,40.404618872567745,19.742669995737813,18.313080233862433,21.313867837839332,19.775281038471327,3.6257873341735407,3.1010244712863377,43.50564334385408,40.404618872567745
1997-12-15,20.474181755274675,19.909067605540262,20.987801156576392,20.585259650108288,0.16165630421104574,1.2214595485411714,47.632566721097554,46.41110717255638,20.474181755274675,19.909067605540262,20.987801156576392,20.585259650108288,0.16165630421104574,1.2214595485411714,47.632566721097554,46.41110717255638
1997-12-16,19.57768267104926,18.258388364226818,22.014890860369057,19.866148502367285,8.788377263890563E-4,1.1435410820732403,22.23621948624462,21.092678404171384,19.57768267104926,18.258388364226818,22.014890860369057,19.866148502367285,8.788377263890563E-4,1.1435410820732403,22.23621948624462,21.092678404171384
1997-12-17,19.798496263044306,17.046994417357816,23.840751539917598,20.120529144034464,8.404255140703754E-4,1.2561450815717279,25.86788266067901,24.611737579107277,19.798496263044306,17.046994417357816,23.840751539917598,20.120529144034464,8.404255140703754E-4,1.2561450815717279,25.86788266067901,24.611737579107277
1997-12-18,20.32402683933034,18.54065666669013,22.785172709498237,20.39722735069165,0.02227748267538911,0.6732139874193271,22.310983603502,21.637769616082668,20.32402683933034,18.54065666669013,22.785172709498237,20.39722735069165,0.02227748267538911,0.6732139874193271,22.310983603502,21.637769616082668
1997-12-19,22.17452087496397,19.206615626169494,27.14625797842787,22.43369317300535,0.26401794784745747,1.2246373576328933,22.919059972836113,21.69442261520323,22.17452087496397,19.206615626169494,27.14625797842787,22.43369317300535,0.26401794784745747,1.2246373576328933,22.919059972836113,21.69442261520323
1997-12-20,23.567307864828887,20.208889755458596,28.503642681964262,23.896940411734246,0.001275539318612573,1.0983089818978402,25.085834651797022,23.98752566989919,23.567307864828887,20.208889755458596,28.503642681964262,23.896940411734246,0.001275539318612573,1.0983089818978402,25.085834651797022,23.98752566989919
1997-12-21,24.827558777591758,21.01673573879924,30.75031855019848,25.112952851370196,8.52346317969932E-4,1.0341767434263027,27.265669009705675,26.231492266279364,24.827558777591758,21.01673573879924,30.75031855019848,25.112952851370196,8.52346317969932E-4,1.0341767434263027,27.265669009705675,26.231492266279364
1997-12-22,25.99831628762483,22.65517936617856,30.72984270644712,26.300817733411748,0.04738493037766605,0.9216306581515875,23.487331737364293,22.565701079212694,25.99831628762483,22.65517936617856,30.72984270644712,26.300817733411748,0.04738493037766605,0.9216306581515875,23.487331737364293,22.565701079212694
1997-12-23,26.2064746581684,22.726432557893702,31.371277905686163,26.4940133785326,0.004276425897842273,0.9003429174654163,28.236299440889294,27.335956523423878,26.2064746581684,22.726432557893702,31.371277905686163,26.4940133785326,0.004276425897842273,0.9003429174654163,28.236299440889294,27.335956523423878
1997-12-24,26.124375275041643,22.994419251885667,30.718714163613207,26.59196617992695,0.004554132155739801,0.7863908828317843,26.33691435812979,25.550523475298007,26.124375275041643,22.994419251885667,30.718714163613207,26.59196617992695,0.004554132155739801,0.7863908828317843,26.33691435812979,25.550523475298007
1997-12-25,25.836697900263125,23.239076407588044,30.427990390499396,26.368423587234343,0.0629389583502298,0.7606217960455373,17.6353859503574,16.874764154311865,25.836697900263125,23.239076407588044,30.427990390499396,26.368423587234343,0.0629389583502298,0.7606217960455373,17.6353859503574,16.874764154311865
1997-12-26,26.206499251029342,23.17457490486337,31.48744917248448,26.69875980335538,0.038798239551834236,0.7796980415685109,21.65727233878321,20.877574297214693,26.206499251029342,23.17457490486337,31.48744917248448,26.69875980335538,0.038798239551834236,0.7796980415685109,21.65727233878321,20.877574297214693
1997-12-27,23.513319174639054,21.817402523695097,26.220585125489436,23.53896777833918,1.846792484274818,1.1348970399729257,13.612296273482434,12.477399233509509,23.513319174639054,21.817402523695097,26.220585125489436,23.53896777833918,1.846792484274818,1.1348970399729257,13.612296273482434,12.477399233509509
1997-12-28,21.237850052288312,19.935264979218342,23.54360431645609,21.773148779685958,0.10027058781280229,0.639076386986798,31.614263202468855,30.97518681548207,21.237850052288312,19.935264979218342,23.54360431645609,21.773148779685958,0.10027058781280229,0.639076386986798,31.614263202468855,30.97518681548207
1997-12-29,20.755176231919016,19.67434001948134,21.393148329661866,21.077313274702927,0.4014954850125558,0.8545653279785457,44.43112841350336,43.5765630855248,20.755176231919016,19.67434001948134,21.393148329661866,21.077313274702927,0.4014954850125558,0.8545653279785457,44.43112841350336,43.5765630855248
1997-12-30,19.94481997085143,18.69373946020237,22.39490223045116,20.31151855650598,0.05338564799161937,0.6176412637650901,41.431266534975094,40.81362527121001,19.94481997085143,18.69373946020237,22.39490223045116,20.31151855650598,0.05338564799161937,0.6176412637650901,41.431266534975094,40.81362527121001
1997-12-31,19.830479728284022,16.68874939545309,23.592034111278206,20.000021184760275,0.0014470449926652466,0.5816892212615669,32.40383015148401,31.822140930222456,19.830479728284022,16.68874939545309,23.592034111278206,20.000021184760275,0.0014470449926652466,0.5816892212615669,32.40383015148401,31.822140930222456
1998-01-01,22.11805014216709,20.36053995345414,25.307849704786726,22.30457757710434,0.0011116170863869615,0.5288086539608736,38.22752207717077,37.69871342320989,22.11805014216709,20.36053995345414,25.307849704786726,22.30457757710434,0.0011116170863869615,0.5288086539608736,38.22752207717077,37.69871342320989
1998-01-02,22.171468705090792,19.569447384169468,26.60364733430939,22.396047235775363,0.011393703932323768,0.5104395283065283,38.27962637283548,37.769186844528974,22.171468705090792,19.569447384169468,26.60364733430939,22.396047235775363,0.011393703932323768,0.5104395283065283,38.27962637283548,37.769186844528974
1998-01-03,23.637458372995134,21.784570978963455,27.161945663618717,23.94006141773681,0.7479353263271178,0.6956921453420734,26.29720307847234,25.601510933130275,23.637458372995134,21.784570978963455,27.161945663618717,23.94006141773681,0.7479353263271178,0.6956921453420734,26.29720307847234,25.601510933130275
1998-01-04,24.013716288789794,21.61066988696087,28.385752122105696,24.44060528351978,0.2775113087900516,0.6245241361673803,15.841478099387139,15.216953963219757,24.013716288789794,21.61066988696087,28.385752122105696,24.44060528351978,0.2775113087900516,0.6245241361673803,15.841478099387139,15.216953963219757
1998-01-05,24.907618402183417,22.367817245649977,29.188457436072774,25.323431151756186,0.30895351691748224,0.5342321461850632,16.485876419167145,15.951644272982085,24.907618402183417,22.367817245649977,29.188457436072774,25.323431151756186,0.30895351691748224,0.5342321461850632,16.485876419167145,15.951644272982085
1998-01-06,25.667206230804126,23.573675186678525,29.67845158860811,25.881294728075694,0.8188594013253077,0.8650232990859213,20.543792923074566,19.678769623988646,25.667206230804126,23.573675186678525,29.67845158860811,25.881294728075694,0.8188594013253077,0.8650232990859213,20.543792923074566,19.678769623988646
1998-01-07,26.194380103157577,24.046713707236222,30.69163254875239,26.686385012988723,0.07147186018727635,0.596399000751044,25.254648681382292,24.658249680631247,26.194380103157577,24.046713707236222,30.69163254875239,26.686385012988723,0.07147186018727635,0.596399000751044,25.254648681382292,24.658249680631247
1998-01-08,22.933866940818966,21.80948142776943,24.88229585320392,23.33434172049501,0.6978444259071818,0.6589305624182098,16.622765443093254,15.963834880675046,22.933866940818966,21.80948142776943,24.88229585320392,23.33434172049501,0.6978444259071818,0.6589305624182098,16.622765443093254,15.963834880675046
1998-01-09,22.472361323020863,20.55042454369176,26.217538436024284,22.76969930374018,8.503791940762314E-4,0.42735234456672855,26.419567120730264,25.992214776163536,22.472361323020863,20.55042454369176,26.217538436024284,22.76969930374018,8.503791940762314E-4,0.42735234456672855,26.419567120730264,25.992214776163536
1998-01-10,23.73880819029768,21.389945091148093,28.184480745181805,24.131590652197044,0.5229884365748445,0.5654675486474945,20.905080296994097,20.339612748346596,23.73880819029768,21.389945091148093,28.184480745181805,24.131590652197044,0.5229884365748445,0.5654675486474945,20.905080296994097,20.339612748346596
1998-01-11,24.669724817154005,21.570895335219912,29.16689401527821,25.120744760425254,0.17501531353418906,0.629394175107523,19.25936175163214,18.629967576524614,24.669724817154005,21.570895335219912,29.16689401527821,25.120744760425254,0.17501531353418906,0.629394175107523,19.25936175163214,18.629967576524614
1998-01-12,25.793686783026864,22.44571161703473,30.751475933917366,26.148339058371107,0.057982921795437674,0.488487363593832,24.102984515240852,23.614497151647015,25.793686783026864,22.44571161703473,30.751475933917366,26.148339058371107,0.057982921795437674,0.488487363593832,24.102984515240852,23.614497151647015
1998-01-13,26.928819219363795,23.649787160585163,32.00682673277921,27.321228567860047,0.05787389920702894,0.529189582936421,29.907520302755387,29.378330719818962,26.928819219363795,23.649787160585163,32.00682673277921,27.321228567860047,0.05787389920702894,0.529189582936421,29.907520302755387,29.378330719818962
1998-01-14,26.514992574880168,22.725549165914444,30.713497909755468,27.114053512238286,0.051244425934166844,0.5073646715290742,27.76369884185028,27.256334170321207,26.514992574880168,22.725549165914444,30.713497909755468,27.114053512238286,0.051244425934166844,0.5073646715290742,27.76369884185028,27.256334170321207
1998-01-15,25.21462841233252,23.06953194978662,28.805798007686906,25.711901808753645,0.9332307420510898,0.6847272418090347,21.6619433515632,20.97721610975416,25.21462841233252,23.06953194978662,28.805798007686906,25.711901808753645,0.9332307420510898,0.6847272418090347,21.6619433515632,20.97721610975416
1998-01-16,22.110365965949498,20.2921636857546,24.103707536386274,22.6348223049876,0.5412589604085859,0.7646393779482838,30.35623424329904,29.591594865350768,22.110365965949498,20.2921636857546,24.103707536386274,22.6348223049876,0.5412589604085859,0.7646393779482838,30.35623424329904,29.591594865350768
1998-01-17,21.356366238846586,17.982219874216373,26.52191003770544,21.803731937056885,8.52346317969932E-4,0.44721404504517753,29.33490592048132,28.887691875436158,21.356366238846586,17.982219874216373,26.52191003770544,21.803731937056885,8.52346317969932E-4,0.44721404504517753,29.33490592048132,28.887691875436158
1998-01-18,22.800694019111187,19.218764374112496,28.44981435552028,23.20241757355154,8.70227722771233E-4,0.38355937002567203,27.111099272514977,26.727539902489323,22.800694019111187,19.218764374112496,28.44981435552028,23.20241757355154,8.70227722771233E-4,0.38355937002567203,27.111099272514977,26.727539902489323
1998-01-19,23.70717994113955,21.235681017976074,26.786227484713418,24.081292980579683,0.01589919142520132,0.23715097985980613,17.617360179946633,17.38020920008683,23.70717994113955,21.235681017976074,26.786227484713418,24.081292980579683,0.01589919142520132,0.23715097985980613,17.617360179946633,17.38020920008683
1998-01-20,23.762708896754813,20.87740236653872,28.359491885871467,23.84405116436972,2.0780333837087035,1.4125295393444484,17.41751842397583,16.004988884631384,23.762708896754813,20.87740236653872,28.359491885871467,23.84405116436972,2.0780333837087035,1.4125295393444484,17.41751842397583,16.004988884631384
1998-01-21,25.78113409304155,21.915904779222533,31.869832824728466,26.204637366806953,0.024936040943201374,0.5498492077265922,32.96672992668086,32.41688071895427,25.78113409304155,21.915904779222533,31.869832824728466,26.204637366806953,0.024936040943201374,0.5498492077265922,32.96672992668086,32.41688071895427
1998-01-22,27.160481439527594,23.218439053934826,32.94126668717077,27.5418688629999,0.0017162336121145927,0.5020922572785339,35.51842781671465,35.016335559436115,27.160481439527594,23.218439053934826,32.94126668717077,27.5418688629999,0.0017162336121145927,0.5020922572785339,35.51842781671465,35.016335559436115
1998-01-23,26.03549725862971,22.913718768230968,29.961925937374385,26.65067488166586,0.47744033671393327,0.5118130112815464,20.017418263768086,19.50560525248654,26.03549725862971,22.913718768230968,29.961925937374385,26.65067488166586,0.47744033671393327,0.5118130112815464,20.017418263768086,19.50560525248654
1998-01-24,22.714000185619092,21.586403118266524,24.414332022134452,22.957398473084186,1.1612215776753894,0.7733453226555562,16.156860630186387,15.383515307530837,22.714000185619092,21.586403118266524,24.414332022134452,22.957398473084186,1.1612215776753894,0.7733453226555562,16.156860630186387,15.383515307530837
1998-01-25,22.129219275897064,20.961895231681584,25.243484230484867,21.91172308922378,3.714112378369086,2.083531374196407,20.498143050422037,18.41461167622563,22.129219275897064,20.961895231681584,25.243484230484867,21.91172308922378,3.714112378369086,2.083531374196407,20.498143050422037,18.41461167622563
1998-01-26,23.20566987685643,21.153380957452597,27.074178694469357,23.720943496971106,1.2515300509873284,0.8897014010163546,14.984774396385092,14.09507299536873,23.20566987685643,21.153380957452597,27.074178694469357,23.720943496971106,1.2515300509873284,0.8897014010163546,14.984774396385092,14.09507299536873
1998-01-27,22.368121417481095,21.378217419136867,23.50388990767025,22.738490069314242,0.3601460818958648,0.8608423378128278,27.17612278045756,26.315280442644724,22.368121417481095,21.378217419136867,23.50388990767025,22.738490069314242,0.3601460818958648,0.8608423378128278,27.17612278045756,26.315280442644724
1998-01-28,20.41691108444735,18.766859577389873,23.170863418068464,21.10965640336905,0.0015716120894951544,0.6012631151805506,29.410581989853515,28.80931887467295,20.41691108444735,18.766859577389873,23.170863418068464,21.10965640336905,0.0015716120894951544,0.6012631151805506,29.410581989853515,28.80931887467295
1998-01-29,20.315363651762528,16.984586120583938,25.98005876423562,20.70097498108251,0.0016927718320403073,0.5232648042861572,27.960318015700018,27.43705321141387,20.315363651762528,16.984586120583938,25.98005876423562,20.70097498108251,0.0016927718320403073,0.5232648042861572,27.960318015700018,27.43705321141387
1998-01-30,22.032814115815686,18.043337177466032,27.6916673015985,22.649620245521177,0.0,0.5347585530611108,23.715484605241965,23.18072605218085,22.032814115815686,18.043337177466032,27.6916673015985,22.649620245521177,0.0,0.5347585530611108,23.715484605241965,23.18072605218085
1998-01-31,23.70738174856812,20.295180223121616,29.42232562821274,24.34588006357642,0.28015792191651157,0.5409019327039825,24.544520636245615,24.003618703541623,23.70738174856812,20.295180223121616,29.42232562821274,24.34588006357642,0.28015792191651157,0.5409019327039825,24.544520636245615,24.003618703541623
1998-02-01,25.55181386275117,22.207042689523256,31.887948441782516,25.88579739392241,0.1639330122579189,0.6139798036718419,28.901927220376276,28.287947416704448,25.55181386275117,22.207042689523256,31.887948441782516,25.88579739392241,0.1639330122579189,0.6139798036718419,28.901927220376276,28.287947416704448
1998-02-02,24.056359562969533,20.434466534460334,28.54717358854207,24.116416673300805,15.636902285445197,3.0765825631270807,22.475501789451265,19.39891922632419,24.056359562969533,20.434466534460334,28.54717358854207,24.116416673300805,15.636902285445197,3.0765825631270807,22.475501789451265,19.39891922632419
1998-02-03,20.479354037098677,18.40455570684513,22.085568587735448,20.27604641848861,7.850373311419182,5.115923513410667,24.73294233700556,19.617018823594886,20.479354037098677,18.40455570684513,22.085568587735448,20.27604641848861,7.850373311419182,5.115923513410667,24.73294233700556,19.617018823594886
1998-02-04,20.963945446706365,19.332130856193146,22.843631549014173,21.25318735392987,0.19294174094843666,1.457885272509617,25.930908187441766,24.473022914932155,20.963945446706365,19.332130856193146,22.843631549014173,21.25318735392987,0.19294174094843666,1.457885272509617,25.930908187441766,24.473022914932155
1998-02-05,20.590465247940443,16.21992584260762,27.135231377634167,20.7876606266586,8.52346317969932E-4,1.5174064919084835,25.522903634045644,24.005497142137163,20.590465247940443,16.21992584260762,27.135231377634167,20.7876606266586,8.52346317969932E-4,1.5174064919084835,25.522903634045644,24.005497142137163
1998-02-06,21.209420845342617,18.480876934163003,23.518419526554606,21.109661104220894,0.04057185923988305,1.120331111275822,23.279654469003805,22.15932335772798,21.209420845342617,18.480876934163003,23.518419526554606,21.109661104220894,0.04057185923988305,1.120331111275822,23.279654469003805,22.15932335772798
1998-02-07,20.212581938998515,18.384169330442372,22.55434245142809,20.587945736469358,0.0,1.1922809872389173,33.6940314839868,32.501750496747874,20.212581938998515,18.384169330442372,22.55434245142809,20.587945736469358,0.0,1.1922809872389173,33.6940314839868,32.501750496747874
1998-02-08,20.125616425338116,15.923932950032246,24.467614079630216,20.506630753547018,8.52346317969932E-4,1.1545905378207895,24.922633373682743,23.768042835861944,20.125616425338116,15.923932950032246,24.467614079630216,20.506630753547018,8.52346317969932E-4,1.1545905378207895,24.922633373682743,23.768042835861944
1998-02-09,20.99054478789431,16.313888331591613,28.019860173380213,21.37407895632716,0.0,1.2040878880628607,30.365008988108325,29.160921100045467,20.99054478789431,16.313888331591613,28.019860173380213,21.37407895632716,0.0,1.2040878880628607,30.365008988108325,29.160921100045467
1998-02-10,23.25654928017718,18.838886597711596,30.353609679122286,23.4772097533055,0.0,1.1610578832207705,46.27373425389057,45.11267637066981,23.25654928017718,18.838886597711596,30.353609679122286,23.4772097533055,0.0,1.1610578832207705,46.27373425389057,45.11267637066981
1998-02-11,24.002146766369634,20.55421537726473,27.778369423334464,24.654993488929467,0.005263852154195059,0.8398239540514203,30.87562963224792,30.035805678196507,24.002146766369634,20.55421537726473,27.778369423334464,24.654993488929467,0.005263852154195059,0.8398239540514203,30.87562963224792,30.035805678196507
1998-02-12,23.724894203848066,20.47383499494859,29.041157358135237,24.34337374208068,0.023866369506766072,0.8294272881792478,19.663564692861218,18.83413740468197,23.724894203848066,20.47383499494859,29.041157358135237,24.34337374208068,0.023866369506766072,0.8294272881792478,19.663564692861218,18.83413740468197
1998-02-13,24.767900422936002,21.89450570617435,29.182103109813188,25.454013704338173,0.01873790340746082,0.7360249622611775,23.392884726673834,22.656859764412648,24.767900422936002,21.89450570617435,29.182103109813188,25.454013704338173,0.01873790340746082,0.7360249622611775,23.392884726673834,22.656859764412648
1998-02-14,24.848116593888907,21.473681106379225,31.130043856952273,25.35512039240113,0.00820663171907654,0.7629725769130683,23.43930041088778,22.676327833974707,24.848116593888907,21.473681106379225,31.130043856952273,25.35512039240113,0.00820663171907654,0.7629725769130683,23.43930041088778,22.676327833974707
1998-02-15,26.175048670153476,24.281463205969683,29.433713081362498,26.488636195913042,2.1186709796556347,1.687498059544965,41.558465544776034,39.87096748523107,26.175048670153476,24.281463205969683,29.433713081362498,26.488636195913042,2.1186709796556347,1.687498059544965,41.558465544776034,39.87096748523107
1998-02-16,26.00989286165867,22.427710411337788,33.03594645748422,26.386325727702232,0.0034233426617902296,0.856686091852906,28.833041010229625,27.97635491837673,26.00989286165867,22.427710411337788,33.03594645748422,26.386325727702232,0.0034233426617902296,0.856686091852906,28.833041010229625,27.97635491837673
1998-02-17,24.705077717552587,21.77779364187808,29.193442007872985,25.17434853256714,0.0016974348431117027,0.6506263936813048,25.63487168095741,24.98424528727609,24.705077717552587,21.77779364187808,29.193442007872985,25.17434853256714,0.0016974348431117027,0.6506263936813048,25.63487168095741,24.98424528727609
1998-02-18,25.304321279119247,21.999457635237867,31.609044162149573,25.703053218478374,0.40402738627165263,0.8440654312810583,25.089299638912088,24.245234207631025,25.304321279119247,21.999457635237867,31.609044162149573,25.703053218478374,0.40402738627165263,0.8440654312810583,25.089299638912088,24.245234207631025
1998-02-19,27.625018089825673,24.75010589459862,33.338673211151765,28.332239943680506,0.002564983747508501,0.6839316213643224,29.36441146621993,28.6804798448556,27.625018089825673,24.75010589459862,33.338673211151765,28.332239943680506,0.002564983747508501,0.6839316213643224,29.36441146621993,28.6804798448556
1998-02-20,24.44482182333338,22.881589262163825,26.159819790207564,24.99688740491005,0.19288970240330375,0.46196539977164525,19.442369399691348,18.9804039999197,24.44482182333338,22.881589262163825,26.159819790207564,24.99688740491005,0.19288970240330375,0.46196539977164525,19.442369399691348,18.9804039999197
1998-02-21,25.37225970382122,22.23197246577039,31.734552104072485,25.840838707116298,0.050372647313815806,0.5973082494388253,28.290512124893304,27.693203875454493,25.37225970382122,22.23197246577039,31.734552104072485,25.840838707116298,0.050372647313815806,0.5973082494388253,28.290512124893304,27.693203875454493
1998-02-22,26.879486385998106,23.43846040291024,30.94615969011248,27.540970760675624,0.0019597036781008464,0.5107856299511644,37.6300546837634,37.11926905381224,26.879486385998106,23.43846040291024,30.94615969011248,27.540970760675624,0.0019597036781008464,0.5107856299511644,37.6300546837634,37.11926905381224
1998-02-23,23.823799335658403,20.978165572577232,27.488803969138306,24.437632757601015,0.001715671146484965,0.5167485137679031,30.341730020381313,29.82498150661341,23.823799335658403,20.978165572577232,27.488803969138306,24.437632757601015,0.001715671146484965,0.5167485137679031,30.341730020381313,29.82498150661341
1998-02-24,22.831914400452572,19.560146026235067,27.81325273503712,23.354052158027454,0.0,0.4603626169119976,33.100930805271794,32.64056818835981,22.831914400452572,19.560146026235067,27.81325273503712,23.354052158027454,0.0,0.4603626169119976,33.100930805271794,32.64056818835981
1998-02-25,23.76523016866589,19.135598620515132,31.23045987851097,24.247700670866397,4.351138045421976E-4,0.4907383499178258,44.57019686478464,44.07945851486682,23.76523016866589,19.135598620515132,31.23045987851097,24.247700670866397,4.351138045421976E-4,0.4907383499178258,44.57019686478464,44.07945851486682
1998-02-26,27.115471450708874,22.855587001046683,34.71691489493434,27.652183669232304,8.583068797918258E-4,0.45759671286677495,49.181775977574574,48.72417926470779,27.115471450708874,22.855587001046683,34.71691489493434,27.652183669232304,8.583068797918258E-4,0.45759671286677495,49.181775977574574,48.72417926470779
1998-02-27,26.816102817101342,23.52645605503144,32.173930687281164,27.603078478385157,0.0014245510051580368,0.37796303299204803,24.68922277620537,24.311259743213313,26.816102817101342,23.52645605503144,32.173930687281164,27.603078478385157,0.0014245510051580368,0.37796303299204803,24.68922277620537,24.311259743213313
1998-02-28,26.493989206690124,23.856150082073864,32.76309641280106,27.291457087548306,0.24217324866932552,0.43759767298087043,20.6866737123147,20.249076039333836,26.493989206690124,23.856150082073864,32.76309641280106,27.291457087548306,0.24217324866932552,0.43759767298087043,20.6866737123147,20.249076039333836
1998-03-01,24.366819794804822,22.999567467345823,25.99433519149081,24.879120789120716,0.544366317087473,0.5356343085810347,15.26774436119955,14.73211005261852,24.366819794804822,22.999567467345823,25.99433519149081,24.879120789120716,0.544366317087473,0.5356343085810347,15.26774436119955,14.73211005261852
1998-03-02,22.505194881251583,20.706196151899977,24.69638633607092,23.085089143397248,0.00325609198625898,0.29254245974304555,40.17950701236975,39.88696455262671,22.505194881251583,20.706196151899977,24.69638633607092,23.085089143397248,0.00325609198625898,0.29254245974304555,40.17950701236975,39.88696455262671
1998-03-03,22.247077191361733,20.25528092446479,26.292018203224714,22.74098967063652,0.0017645992867562662,0.2765734904708472,43.152259141154246,42.87568565068338,22.247077191361733,20.25528092446479,26.292018203224714,22.74098967063652,0.0017645992867562662,0.2765734904708472,43.152259141154246,42.87568565068338
1998-03-04,23.462386925197766,19.810182697851054,29.687758450241,24.01436129219873,0.6079667460087668,0.5288048604370087,45.62977444762367,45.10096958718665,23.462386925197766,19.810182697851054,29.687758450241,24.01436129219873,0.6079667460087668,0.5288048604370087,45.62977444762367,45.10096958718665
1998-03-05,26.443877305051803,22.448104774552988,32.923334223957816,26.918283522900317,0.21712457716163786,0.4991878764903977,38.4048712284013,37.90568335191093,26.443877305051803,22.448104774552988,32.923334223957816,26.918283522900317,0.21712457716163786,0.4991878764903977,38.4048712284013,37.90568335191093
1998-03-06,27.97981158354278,23.923042855795146,34.48470275706911,28.663505148095496,0.059985340014583825,0.43698191424938687,37.52505886078132,37.088076946531935,27.97981158354278,23.923042855795146,34.48470275706911,28.663505148095496,0.059985340014583825,0.43698191424938687,37.52505886078132,37.088076946531935
1998-03-07,29.41751902657419,24.865834570518835,36.12418823349679,29.929917895397836,0.00511783303839014,0.37293423422523325,49.82239829639431,49.44946406216908,29.41751902657419,24.865834570518835,36.12418823349679,29.929917895397836,0.00511783303839014,0.37293423422523325,49.82239829639431,49.44946406216908
1998-03-08,29.426924800257034,25.646638496831546,35.53239896370513,30.17856186726462,0.037203071486072326,0.32531888384598995,45.67309466097799,45.34777577713198,29.426924800257034,25.646638496831546,35.53239896370513,30.17856186726462,0.037203071486072326,0.32531888384598995,45.67309466097799,45.34777577713198
1998-03-09,22.092904590303498,19.911413707511414,26.60484754368211,22.88117053945737,0.0033637153804197233,0.18498996274651422,40.861451117221456,40.67646115447494,22.092904590303498,19.911413707511414,26.60484754368211,22.88117053945737,0.0033637153804197233,0.18498996274651422,40.861451117221456,40.67646115447494
1998-03-10,20.30922663111882,19.17604705283823,22.175974144957404,20.92983339069402,0.01183408337102972,0.1695491445709089,38.2152852766654,38.0457361320945,20.30922663111882,19.17604705283823,22.175974144957404,20.92983339069402,0.01183408337102972,0.1695491445709089,38.2152852766654,38.0457361320945
1998-03-11,20.50793284337485,19.220853844642946,22.716672587083938,20.95160418599236,0.07522770981628209,0.19759918369848817,41.899764010838176,41.702164827139704,20.50793284337485,19.220853844642946,22.716672587083938,20.95160418599236,0.07522770981628209,0.19759918369848817,41.899764010838176,41.702164827139704
1998-03-12,20.480122435461073,18.849441293983112,23.031864954460282,20.82200172955521,0.1821132196254708,0.2545806060651105,45.750326384810236,45.49574577874512,20.480122435461073,18.849441293983112,23.031864954460282,20.82200172955521,0.1821132196254708,0.2545806060651105,45.750326384810236,45.49574577874512
1998-03-13,21.326542041407304,18.214789301007908,26.16967388286095,21.862742579900125,8.685702742950866E-4,0.20586991601949345,46.65344391922246,46.44757400320295,21.326542041407304,18.214789301007908,26.16967388286095,21.862742579900125,8.685702742950866E-4,0.20586991601949345,46.65344391922246,46.44757400320295
1998-03-14,22.245433769884425,18.88218195244389,28.24707006203868,22.81362077068717,0.002148013948044536,0.2019292733678938,46.9387589614968,46.736829688128935,22.245433769884425,18.88218195244389,28.24707006203868,22.81362077068717,0.002148013948044536,0.2019292733678938,46.9387589614968,46.736829688128935
1998-03-15,24.256137493975974,19.91560258640288,30.693429818040784,24.880761725244483,0.0,0.21761560214892703,45.92243029843253,45.70481469628359,24.256137493975974,19.91560258640288,30.693429818040784,24.880761725244483,0.0,0.21761560214892703,45.92243029843253,45.70481469628359
1998-03-16,26.71436866535419,22.075170064283164,33.927974664110934,27.145333444645345,0.05650164875765036,0.22700864148522068,53.778988974809884,53.551980333324664,26.71436866535419,22.075170064283164,33.927974664110934,27.145333444645345,0.05650164875765036,0.22700864148522068,53.778988974809884,53.551980333324664
1998-03-17,28.23093780135968,24.329913430047597,35.401841045190146,29.048460596498252,0.7355235944796967,0.3749190519034716,45.11444654293401,44.739527491030536,28.23093780135968,24.329913430047597,35.401841045190146,29.048460596498252,0.7355235944796967,0.3749190519034716,45.11444654293401,44.739527491030536
1998-03-18,28.387977090306794,24.607866397547223,34.93570401741607,29.15156152153479,0.3769238372453406,0.6796397001742683,39.271493186808755,38.59185348663448,28.387977090306794,24.607866397547223,34.93570401741607,29.15156152153479,0.3769238372453406,0.6796397001742683,39.271493186808755,38.59185348663448
1998-03-19,27.960673458542402,24.213962058577536,33.61540283117123,28.92568378858302,0.0034436106943758205,0.26611102054072083,31.904302154283524,31.63819113374281,27.960673458542402,24.213962058577536,33.61540283117123,28.92568378858302,0.0034436106943758205,0.26611102054072083,31.904302154283524,31.63819113374281
1998-03-20,24.947162618454634,23.238291388844516,27.052707562743823,25.67330046296896,0.09547907225302131,0.19731458608492777,19.444901111702045,19.247586525617116,24.947162618454634,23.238291388844516,27.052707562743823,25.67330046296896,0.09547907225302131,0.19731458608492777,19.444901111702045,19.247586525617116
1998-03-21,21.815329202139313,20.067806556435578,24.404549972034275,22.621683828979332,0.017273308479250443,0.16699516479819532,30.127723970623997,29.960728805825784,21.815329202139313,20.067806556435578,24.404549972034275,22.621683828979332,0.017273308479250443,0.16699516479819532,30.127723970623997,29.960728805825784
1998-03-22,19.682487042050745,17.898031115288354,21.373564923519194,19.518616597076086,6.8028917601042656,3.2818830529750755,22.901431329655956,19.619548276680884,19.682487042050745,17.898031115288354,21.373564923519194,19.518616597076086,6.8028917601042656,3.2818830529750755,22.901431329655956,19.619548276680884
1998-03-23,20.138967524697954,18.27962811487832,23.291367111394123,20.75461232497884,0.0025920740809503872,0.6449333641070553,36.136087144332365,35.49115378022528,20.138967524697954,18.27962811487832,23.291367111394123,20.75461232497884,0.0025920740809503872,0.6449333641070553,36.136087144332365,35.49115378022528
1998-03-24,20.7123840954153,16.447787457311914,27.47946023702533,21.385425129274967,0.001740080961099011,0.6883001868921752,38.541599856207334,37.853299669315156,20.7123840954153,16.447787457311914,27.47946023702533,21.385425129274967,0.001740080961099011,0.6883001868921752,38.541599856207334,37.853299669315156
1998-03-25,23.30389076318902,18.692146558717894,30.23989919976219,23.901425716834098,8.592381881555866E-4,0.6008283450002819,46.02822657200851,45.42739822700825,23.30389076318902,18.692146558717894,30.23989919976219,23.901425716834098,8.592381881555866E-4,0.6008283450002819,46.02822657200851,45.42739822700825
1998-03-26,25.081134266196567,20.54620224488118,30.819429126294683,25.75988751539419,0.0017225741544280027,0.5298372402041888,47.952671077688954,47.42283383748478,25.081134266196567,20.54620224488118,30.819429126294683,25.75988751539419,0.0017225741544280027,0.5298372402041888,47.952671077688954,47.42283383748478
1998-03-27,26.03420832944021,21.3443977724124,32.19492545885362,26.762147876255405,0.001721165119761281,0.47386921981599534,43.68019493984981,43.2063257200338,26.03420832944021,21.3443977724124,32.19492545885362,26.762147876255405,0.001721165119761281,0.47386921981599534,43.68019493984981,43.2063257200338
1998-03-28,26.972085849878013,22.649775320108812,32.14328526103521,27.810782917869705,4.351138045421976E-4,0.38510858330268094,38.58326058460818,38.19815200130549,26.972085849878013,22.649775320108812,32.14328526103521,27.810782917869705,4.351138045421976E-4,0.38510858330268094,38.58326058460818,38.19815200130549
1998-03-29,27.549117947397313,23.346473935171886,33.25067839210991,28.229205335567972,0.03462914389260598,0.3579985812915257,41.01863587435888,40.66063729306735,27.549117947397313,23.346473935171886,33.25067839210991,28.229205335567972,0.03462914389260598,0.3579985812915257,41.01863587435888,40.66063729306735
1998-03-30,28.31074104779363,23.266118717227155,34.94721661520991,29.02590643383471,0.001716613667213096,0.32445986949723554,47.17518955826046,46.850729688763224,28.31074104779363,23.266118717227155,34.94721661520991,29.02590643383471,0.001716613667213096,0.32445986949723554,47.17518955826046,46.850729688763224
1998-03-31,28.800104498563744,24.0269425518792,35.22822375913955,29.660952421168012,0.0,0.28579306367859525,47.790295556948685,47.50450249327009,28.800104498563744,24.0269425518792,35.22822375913955,29.660952421168012,0.0,0.28579306367859525,47.790295556948685,47.50450249327009
1998-04-01,28.504534733937817,24.845365396777062,33.31680328164896,29.526765603583637,0.003998471198524513,0.22987952156044225,34.92133342734775,34.69145390578728,28.504534733937817,24.845365396777062,33.31680328164896,29.526765603583637,0.003998471198524513,0.22987952156044225,34.92133342734775,34.69145390578728
1998-04-02,28.130162696394912,24.74518484644334,33.94060100838931,29.0840461620775,8.42588463001448E-4,0.23305436446029307,32.59849770623807,32.36544334177778,28.130162696394912,24.74518484644334,33.94060100838931,29.0840461620775,8.42588463001448E-4,0.23305436446029307,32.59849770623807,32.36544334177778
1998-04-03,29.060344493732085,24.418555637747897,35.22035078832738,29.990010369052236,0.0014251395441533532,0.20896122135109105,44.39444254457886,44.185481323227776,29.060344493732085,24.418555637747897,35.22035078832738,29.990010369052236,0.0014251395441533532,0.20896122135109105,44.39444254457886,44.185481323227776
1998-04-04,28.162135048535198,24.986671038738773,32.71769467871466,29.175479252819557,0.0,0.16273960291384057,32.333733519856125,32.17099391694228,28.162135048535198,24.986671038738773,32.71769467871466,29.175479252819557,0.0,0.16273960291384057,32.333733519856125,32.17099391694228
1998-04-05,26.68049438026883,22.822809171122326,31.216808814370854,27.740438107155448,0.007762449986080589,0.14819537150677167,20.253189396232557,20.104994024725787,26.68049438026883,22.822809171122326,31.216808814370854,27.740438107155448,0.007762449986080589,0.14819537150677167,20.253189396232557,20.104994024725787
1998-04-06,27.966717653318156,24.322988960397748,34.4817749130931,29.020969146902345,0.01234305853909193,0.15988216878778702,27.31329911493759,27.153416946149793,27.966717653318156,24.322988960397748,34.4817749130931,29.020969146902345,0.01234305853909193,0.15988216878778702,27.31329911493759,27.153416946149793
1998-04-07,30.784023469354157,25.923271420523452,37.87774471378357,31.63690160232006,8.586375501529435E-4,0.17328299096496474,47.34916667486421,47.17588368389924,30.784023469354157,25.923271420523452,37.87774471378357,31.63690160232006,8.586375501529435E-4,0.17328299096496474,47.34916667486421,47.17588368389924
1998-04-08,31.31311933484531,25.539542742840336,39.112539085933705,32.26781212973647,8.523463748133508E-4,0.1641423456231738,56.88044995951292,56.71630761388975,31.31311933484531,25.539542742840336,39.112539085933705,32.26781212973647,8.523463748133508E-4,0.1641423456231738,56.88044995951292,56.71630761388975
1998-04-09,29.362605924204384,25.85549236323132,33.59498788283376,30.588375122143848,0.026778519240231294,0.1357506236304864,32.65229484257287,32.5165442189424,29.362605924204384,25.85549236323132,33.59498788283376,30.588375122143848,0.026778519240231294,0.1357506236304864,32.65229484257287,32.5165442189424
1998-04-10,25.695688052086222,24.99374980006091,27.76152123709549,26.019268346860226,2.5072868179449257,1.4148930579098478,25.627833514534363,24.212940456624512,25.695688052086222,24.99374980006091,27.76152123709549,26.019268346860226,2.5072868179449257,1.4148930579098478,25.627833514534363,24.212940456624512
1998-04-11,24.17560480526942,21.860894307791195,27.069122515467058,24.812823264487097,8.396588790738033E-4,0.2736184633179171,51.652733466183456,51.37911500286555,24.17560480526942,21.860894307791195,27.069122515467058,24.812823264487097,8.396588790738033E-4,0.2736184633179171,51.652733466183456,51.37911500286555
1998-04-12,23.844857927156404,19.349598584741102,30.73002334492601,24.67713295834796,8.52346317969932E-4,0.2951693444572817,51.06199419637009,50.76682485191281,23.844857927156404,19.349598584741102,30.73002334492601,24.67713295834796,8.52346317969932E-4,0.2951693444572817,51.06199419637009,50.76682485191281
1998-04-13,25.8410819577796,20.62249212154158,33.88551674225072,26.540990348118168,8.52346317969932E-4,0.2644695997679052,58.31149592864425,58.047026328876335,25.8410819577796,20.62249212154158,33.88551674225072,26.540990348118168,8.52346317969932E-4,0.2644695997679052,58.31149592864425,58.047026328876335
1998-04-14,27.86881612415149,22.937489526848715,33.80337039293133,28.784790502317417,0.0,0.2340727084516092,56.669218727466536,56.435146019014944,27.86881612415149,22.937489526848715,33.80337039293133,28.784790502317417,0.0,0.2340727084516092,56.669218727466536,56.435146019014944
1998-04-15,28.74332614046351,23.75122905756727,35.532918713856134,29.70232528515437,8.583068833445395E-4,0.2039327434132577,46.88518080504772,46.68124806163446,28.74332614046351,23.75122905756727,35.532918713856134,29.70232528515437,8.583068833445395E-4,0.2039327434132577,46.88518080504772,46.68124806163446
1998-04-16,30.439718861102367,24.142510835836323,39.09507621611957,31.191425660659558,4.218309896941719E-4,0.18653856421774556,55.85358398938606,55.667045425168304,30.439718861102367,24.142510835836323,39.09507621611957,31.191425660659558,4.218309896941719E-4,0.18653856421774556,55.85358398938606,55.667045425168304
1998-04-17,30.892284401059168,24.233069631288274,38.95931380360256,31.621216035659135,0.001724244668821484,0.16799585105783713,61.281614142032744,61.11361829097494,30.892284401059168,24.233069631288274,38.95931380360256,31.621216035659135,0.001724244668821484,0.16799585105783713,61.281614142032744,61.11361829097494
1998-04-18,30.00903644622227,24.211349236843358,36.31127879917726,30.938972047333426,2.7142685381460036E-4,0.1340499131370489,58.27776583022489,58.14371591708784,30.00903644622227,24.211349236843358,36.31127879917726,30.938972047333426,2.7142685381460036E-4,0.1340499131370489,58.27776583022489,58.14371591708784
1998-04-19,28.767739484544396,25.58791115315033,32.81179191156685,29.824845786126517,0.18383210374671585,0.1840940770122651,33.49069669952942,33.306602622517154,28.767739484544396,25.58791115315033,32.81179191156685,29.824845786126517,0.18383210374671585,0.1840940770122651,33.49069669952942,33.306602622517154
1998-04-20,26.660845295672218,24.610546591215492,30.27006642770577,27.65107384090814,2.25632810641927,0.9049132676921751,17.57010955831961,16.665196290627435,26.660845295672218,24.610546591215492,30.27006642770577,27.65107384090814,2.25632810641927,0.9049132676921751,17.57010955831961,16.665196290627435
1998-04-21,25.48273757234966,24.549260640455024,27.41114113469401,25.743205053498055,7.5260236495357224,2.808854628489466,15.119167764491706,12.310313136002232,25.48273757234966,24.549260640455024,27.41114113469401,25.743205053498055,7.5260236495357224,2.808854628489466,15.119167764491706,12.310313136002232
1998-04-22,24.496309706475245,22.796394422852895,26.75975235162712,25.192546301099643,0.05223393944125226,0.8872946873228497,36.97362452661457,36.08632983929173,24.496309706475245,22.796394422852895,26.75975235162712,25.192546301099643,0.05223393944125226,0.8872946873228497,36.97362452661457,36.08632983929173
1998-04-23,23.486308215433475,21.688990574615325,25.795880144152136,24.17886080525209,0.0,0.8257785631595004,43.15088227963352,42.32510371647405,23.486308215433475,21.688990574615325,25.795880144152136,24.17886080525209,0.0,0.8257785631595004,43.15088227963352,42.32510371647405
1998-04-24,23.013633169640265,19.37004441076197,27.305098237148126,23.79994996099867,0.0,0.8208429550423336,44.29733005784354,43.476487102801194,23.013633169640265,19.37004441076197,27.305098237148126,23.79994996099867,0.0,0.8208429550423336,44.29733005784354,43.476487102801194
1998-04-25,24.435451599072678,19.817158732425952,31.77496844940342,25.168977150598554,0.0017195939108205494,0.7611551752111236,52.030146591740596,51.26899141652947,24.435451599072678,19.817158732425952,31.77496844940342,25.168977150598554,0.0017195939108205494,0.7611551752111236,52.030146591740596,51.26899141652947
1998-04-26,27.17308000889525,22.54972425718126,33.80687441071724,27.957864197814615,8.52346317969932E-4,0.6789003934169286,54.60810762878955,53.92920723537263,27.17308000889525,22.54972425718126,33.80687441071724,27.957864197814615,8.52346317969932E-4,0.6789003934169286,54.60810762878955,53.92920723537263
1998-04-27,29.186061480348425,24.464623872945705,35.542547375234555,30.02255749533938,0.0025749206429281912,0.5507285133602543,46.48010375508963,45.92937524172935,29.186061480348425,24.464623872945705,35.542547375234555,30.02255749533938,0.0025749206429281912,0.5507285133602543,46.48010375508963,45.92937524172935
1998-04-28,29.717026989345577,26.00908765104208,35.114210420496285,30.7051153935667,5.97390124141939E-4,0.4184483325777441,40.75213854488833,40.333690212310586,29.717026989345577,26.00908765104208,35.114210420496285,30.7051153935667,5.97390124141939E-4,0.4184483325777441,40.75213854488833,40.333690212310586
1998-04-29,28.95493577740143,26.145418927769406,34.14654479421495,29.701347432725036,2.8718960613784197,1.0253019045674912,33.718986722124676,32.69368481755717,28.95493577740143,26.145418927769406,34.14654479421495,29.701347432725036,2.8718960613784197,1.0253019045674912,33.718986722124676,32.69368481755717
1998-04-30,25.898060390861687,23.565415994900082,29.74302673554826,25.961241490793004,15.47643373805311,3.900978650914797,13.588905854097508,9.687927203182706,25.898060390861687,23.565415994900082,29.74302673554826,25.961241490793004,15.47643373805311,3.900978650914797,13.588905854097508,9.687927203182706
1998-05-01,26.03988778415633,23.314516193944783,29.78579647095108,26.78570316740639,0.8929743465283067,1.7781122366190163,17.062474883287123,15.284362646668109,26.03988778415633,23.314516193944783,29.78579647095108,26.78570316740639,0.8929743465283067,1.7781122366190163,17.062474883287123,15.284362646668109
1998-05-02,26.5317889090951,23.376804672407786,31.360729933171267,27.44543325476377,0.08254919454387141,1.5367135200839757,20.578717090538493,19.04200357045452,26.5317889090951,23.376804672407786,31.360729933171267,27.44543325476377,0.08254919454387141,1.5367135200839757,20.578717090538493,19.04200357045452
1998-05-03,27.616675071675946,23.81881341077606,33.67876773953809,28.496524053763693,0.0012689259859972114,1.5406319723924138,24.40633049530645,22.865698522914023,27.616675071675946,23.81881341077606,33.67876773953809,28.496524053763693,0.0012689259859972114,1.5406319723924138,24.40633049530645,22.865698522914023
1998-05-04,28.987234589156966,25.526068415142905,35.06243023309707,29.798198801309194,0.0,1.4721965220438293,31.77036021420466,30.298163692160838,28.987234589156966,25.526068415142905,35.06243023309707,29.798198801309194,0.0,1.4721965220438293,31.77036021420466,30.298163692160838
1998-05-05,29.4399013189191,25.619116510846027,36.308455122369544,30.23390208001687,4.351138045421976E-4,1.3298970693410714,34.05379011109075,32.72389304174971,29.4399013189191,25.619116510846027,36.308455122369544,30.23390208001687,4.351138045421976E-4,1.3298970693410714,34.05379011109075,32.72389304174971
1998-05-06,30.258394997509377,25.78860270146455,37.279143821659844,30.983982969335443,0.001716613667213096,1.249247310304566,41.1521800284908,39.90293271818623,30.258394997509377,25.78860270146455,37.279143821659844,30.983982969335443,0.001716613667213096,1.249247310304566,41.1521800284908,39.90293271818623
1998-05-07,30.920521233184576,24.985144025769635,37.400416758968255,31.71786780380319,0.0012814998058274796,1.1498118016256038,50.32581195376966,49.17600015214405,30.920521233184576,24.985144025769635,37.400416758968255,31.71786780380319,0.0012814998058274796,1.1498118016256038,50.32581195376966,49.17600015214405
1998-05-08,30.761058221216707,24.655748160517717,37.72409704946722,31.5372384589898,0.002126633035004488,0.9706570239040202,53.26627928654716,52.29562226264314,30.761058221216707,24.655748160517717,37.72409704946722,31.5372384589898,0.002126633035004488,0.9706570239040202,53.26627928654716,52.29562226264314
1998-05-09,31.24867142868441,25.42972572168102,38.803819702191426,32.03592792079661,8.52346317969932E-4,0.7937292385663979,52.38584786989437,51.59211863132797,31.24867142868441,25.42972572168102,38.803819702191426,32.03592792079661,8.52346317969932E-4,0.7937292385663979,52.38584786989437,51.59211863132797
1998-05-10,30.709243697063126,26.755796955319546,35.61327214739865,31.740329522651,8.52346317969932E-4,0.6077296972175054,41.23298210518676,40.62525240796925,30.709243697063126,26.755796955319546,35.61327214739865,31.740329522651,8.52346317969932E-4,0.6077296972175054,41.23298210518676,40.62525240796925
1998-05-11,28.9912674920778,25.562174848588043,33.52284531171739,30.268034732348816,0.0,0.473605279586671,24.192046706065103,23.71844142647843,28.9912674920778,25.562174848588043,33.52284531171739,30.268034732348816,0.0,0.473605279586671,24.192046706065103,23.71844142647843
1998-05-12,30.12422121582536,26.319737602145153,37.79476878941163,31.228813830594298,0.0,0.48873309202179943,30.976735241776737,30.488002149754948,30.12422121582536,26.319737602145153,37.79476878941163,31.228813830594298,0.0,0.48873309202179943,30.976735241776737,30.488002149754948
1998-05-13,31.854311704798008,27.590682082597738,37.656336798269834,32.74992173725533,0.0,0.4688532378061338,47.762357984453296,47.2935047466472,31.854311704798008,27.590682082597738,37.656336798269834,32.74992173725533,0.0,0.4688532378061338,47.762357984453296,47.2935047466472
1998-05-14,31.152624568869825,25.567759221403776,36.60238757857387,32.118316729130015,0.00256615811622396,0.409204840552496,53.66670944429107,53.25750460373856,31.152624568869825,25.567759221403776,36.60238757857387,32.118316729130015,0.00256615811622396,0.409204840552496,53.66670944429107,53.25750460373856
1998-05-15,30.679916536941008,25.49271513699389,35.78022494905636,31.60861193661522,0.0024025230800361896,0.3485925329633268,54.024641613655405,53.6760490806921,30.679916536941008,25.49271513699389,35.78022494905636,31.60861193661522,0.0024025230800361896,0.3485925329633268,54.024641613655405,53.6760490806921
1998-05-16,28.863002037540067,24.897696072268335,33.151724811807846,29.794570425601766,0.0,0.26969202144931587,51.967933674268444,51.69824165281915,28.863002037540067,24.897696072268335,33.151724811807846,29.794570425601766,0.0,0.26969202144931587,51.967933674268444,51.69824165281915
1998-05-17,27.53123503740204,24.004258601721723,31.9514670129811,28.459462697502904,0.0,0.23626664167256278,42.93395463651484,42.69768799484226,27.53123503740204,24.004258601721723,31.9514670129811,28.459462697502904,0.0,0.23626664167256278,42.93395463651484,42.69768799484226
1998-05-18,27.196698361018683,23.454945914767965,31.929231856111954,28.212648761593023,8.52346317969932E-4,0.2228712125715129,38.55272162313316,38.32985041056164,27.196698361018683,23.454945914767965,31.929231856111954,28.212648761593023,8.52346317969932E-4,0.2228712125715129,38.55272162313316,38.32985041056164
1998-05-19,27.18692207372263,23.836855711471667,31.968779385665083,28.25771748362629,0.0,0.20898590090724942,38.11712309523927,37.908137194332035,27.18692207372263,23.836855711471667,31.968779385665083,28.25771748362629,0.0,0.20898590090724942,38.11712309523927,37.908137194332035
1998-05-20,27.314800898592388,24.017055840137807,32.09423025896445,28.25476641823495,0.0017106531977617578,0.18828489180285563,37.293875923917575,37.10559103211473,27.314800898592388,24.017055840137807,32.09423025896445,28.25476641823495,0.0017106531977617578,0.18828489180285563,37.293875923917575,37.10559103211473
1998-05-21,28.017523293956017,24.4985383241014,33.275426766669945,28.94555290802632,0.0017359645880787866,0.18623748426130426,39.562237720940466,39.376000236679154,28.017523293956017,24.4985383241014,33.275426766669945,28.94555290802632,0.0017359645880787866,0.18623748426130426,39.562237720940466,39.376000236679154
1998-05-22,28.961469506629495,25.348882389102155,34.445470609863065,30.020216073616957,0.0,0.19034998660022065,38.93777254644771,38.747422559847486,28.961469506629495,25.348882389102155,34.445470609863065,30.020216073616957,0.0,0.19034998660022065,38.93777254644771,38.747422559847486
1998-05-23,29.406192688753322,25.226322010949914,34.66154363564341,30.429916446690807,0.002568013371728739,0.18070142502283365,45.21117660152362,45.03047517650078,29.406192688753322,25.226322010949914,34.66154363564341,30.429916446690807,0.002568013371728739,0.18070142502283365,45.21117660152362,45.03047517650078
1998-05-24,30.286438810521666,26.52151886126067,34.725776483711066,31.20443026148625,0.15432161172859607,0.1920284850994605,41.07107354348374,40.87904505838428,30.286438810521666,26.52151886126067,34.725776483711066,31.20443026148625,0.15432161172859607,0.1920284850994605,41.07107354348374,40.87904505838428
1998-05-25,30.38289317648017,27.118845926669707,34.22867665332817,31.293429612548024,0.581751906056417,0.1885291863417868,35.10383059385166,34.91530140750989,30.38289317648017,27.118845926669707,34.22867665332817,31.293429612548024,0.581751906056417,0.1885291863417868,35.10383059385166,34.91530140750989
1998-05-26,28.630623941756397,26.32314047872196,30.78961298486717,29.29524456349791,2.6439597800197454,1.6040251307863926,27.564579629486552,25.96055449870017,28.630623941756397,26.32314047872196,30.78961298486717,29.29524456349791,2.6439597800197454,1.6040251307863926,27.564579629486552,25.96055449870017
1998-05-27,28.31074464593515,25.873351800319927,33.56386690801526,28.88907669079036,7.773209814773526,2.1891083759257337,20.344290508376574,18.15518213245084,28.31074464593515,25.873351800319927,33.56386690801526,28.88907669079036,7.773209814773526,2.1891083759257337,20.344290508376574,18.15518213245084
1998-05-28,27.29618100785199,24.868593659489907,31.90287234906616,27.796349825561727,16.50681911351036,2.4251885913566986,15.311333170739971,12.886144579383277,27.29618100785199,24.868593659489907,31.90287234906616,27.796349825561727,16.50681911351036,2.4251885913566986,15.311333170739971,12.886144579383277
1998-05-29,26.857387037636606,25.436957253633764,30.157809349347556,27.047647207819395,22.522848322701524,5.0184007257737475,10.054738192900087,5.036337467126336,26.857387037636606,25.436957253633764,30.157809349347556,27.047647207819395,22.522848322701524,5.0184007257737475,10.054738192900087,5.036337467126336
1998-05-30,26.53441752574522,25.1156358891534,30.132751816349437,26.532996184638094,8.137488234938663,4.395976188281296,12.25857833986258,7.862602151581285,26.53441752574522,25.1156358891534,30.132751816349437,26.532996184638094,8.137488234938663,4.395976188281296,12.25857833986258,7.862602151581285
1998-05-31,27.051397454079314,25.267126931368143,31.48392862747901,27.314148365444982,7.503596384909132,3.5954551930713494,14.971756248060098,11.376301054988744,27.051397454079314,25.267126931368143,31.48392862747901,27.314148365444982,7.503596384909132,3.5954551930713494,14.971756248060098,11.376301054988744
1998-06-01,27.323363179198736,25.117793881804932,31.763732627446693,27.483353724786987,5.40457714623979,4.298784327865508,17.958856226798304,13.660071898932792,27.323363179198736,25.117793881804932,31.763732627446693,27.483353724786987,5.40457714623979,4.298784327865508,17.958856226798304,13.660071898932792
1998-06-02,28.385854912901614,25.70437061703507,32.776160903076025,28.610765526934948,0.6315514202189517,3.8766319928779356,22.107872142259318,18.23124014938137,28.385854912901614,25.70437061703507,32.776160903076025,28.610765526934948,0.6315514202189517,3.8766319928779356,22.107872142259318,18.23124014938137
1998-06-03,30.043112491259585,26.709790588357347,35.00824871862716,30.38804024802397,0.014768900318050142,3.6494333304231223,33.15568858099555,29.506255250572426,30.043112491259585,26.709790588357347,35.00824871862716,30.38804024802397,0.014768900318050142,3.6494333304231223,33.15568858099555,29.506255250572426
1998-06-04,30.446986928959777,26.337082792781235,35.43685773021109,30.79725408550712,5.662441253662109E-4,3.585785579470398,42.23988447948506,38.654098900014674,30.446986928959777,26.337082792781235,35.43685773021109,30.79725408550712,5.662441253662109E-4,3.585785579470398,42.23988447948506,38.654098900014674
1998-06-05,30.913037622166733,26.78630219312059,36.16838257222913,31.40104188738795,8.70227722771233E-4,3.321089799207211,41.34427256916307,38.02318276995585,30.913037622166733,26.78630219312059,36.16838257222913,31.40104188738795,8.70227722771233E-4,3.321089799207211,41.34427256916307,38.02318276995585
1998-06-06,30.843028464501558,26.999588245957472,34.96916363948913,31.437626534139767,0.0017091256836465618,2.9033016165447467,40.189731912047726,37.28643029550298,30.843028464501558,26.999588245957472,34.96916363948913,31.437626534139767,0.0017091256836465618,2.9033016165447467,40.189731912047726,37.28643029550298
1998-06-07,30.14195195223033,27.096122166068206,33.282294361185656,30.819762495541905,0.07591331327281696,2.4298766700733956,33.849049541953576,31.41917287188018,30.14195195223033,27.096122166068206,33.282294361185656,30.819762495541905,0.07591331327281696,2.4298766700733956,33.849049541953576,31.41917287188018
1998-06-08,29.716402653023145,26.205520546037352,33.78425876769261,30.381244289823286,0.09214930032999584,2.37848657154153,34.83541826571573,32.4569316941742,29.716402653023145,26.205520546037352,33.78425876769261,30.381244289823286,0.09214930032999584,2.37848657154153,34.83541826571573,32.4569316941742
1998-06-09,30.46018831589638,26.830070624060884,34.76641263837497,30.99202868184037,0.021738041506568904,2.184608087465875,39.17461826835731,36.990010180891424,30.46018831589638,26.830070624060884,34.76641263837497,30.99202868184037,0.021738041506568904,2.184608087465875,39.17461826835731,36.990010180891424
1998-06-10,30.668514016476085,26.687322163892524,34.1855317581031,31.36565690604376,0.0025507565190292262,2.0188178211665773,41.07427732200844,39.05545950084188,30.668514016476085,26.687322163892524,34.1855317581031,31.36565690604376,0.0025507565190292262,2.0188178211665773,41.07427732200844,39.05545950084188
1998-06-11,30.83465542996498,26.976793566116225,34.96835133874022,31.566620742987798,0.004487711176480906,1.8719815596276785,41.28253920506994,39.41055764544224,30.83465542996498,26.976793566116225,34.96835133874022,31.566620742987798,0.004487711176480906,1.8719815596276785,41.28253920506994,39.41055764544224
1998-06-12,30.504337893633128,26.388361579274182,34.42807265574259,31.284890864641948,0.0012874601225121296,1.7199020871486448,42.34635404253056,40.62645195538192,30.504337893633128,26.388361579274182,34.42807265574259,31.284890864641948,0.0012874601225121296,1.7199020871486448,42.34635404253056,40.62645195538192
1998-06-13,30.182223043008374,26.703602808098715,33.95029170999391,31.10809286188548,8.583068797918258E-4,1.5522636149725513,40.754455145331654,39.20219153035909,30.182223043008374,26.703602808098715,33.95029170999391,31.10809286188548,8.583068797918258E-4,1.5522636149725513,40.754455145331654,39.20219153035909
1998-06-14,29.919397061562925,26.5987002672045,34.93978103256087,30.909512753658603,8.471934620501997E-4,1.50368273043011,37.60071652283672,36.09703379240661,29.919397061562925,26.5987002672045,34.93978103256087,30.909512753658603,8.471934620501997E-4,1.50368273043011,37.60071652283672,36.09703379240661
1998-06-15,30.310451379829562,26.429271209706,35.636187629121885,31.27357448615064,8.709212124813348E-4,1.3404417380837534,39.03908726823879,37.698645530155034,30.310451379829562,26.429271209706,35.636187629121885,31.27357448615064,8.709212124813348E-4,1.3404417380837534,39.03908726823879,37.698645530155034
1998-06-16,31.533744891422927,27.190666542174103,36.8856376838751,32.42765963044788,0.014000889614467195,1.2743048827180599,48.04564783610099,46.771342953382934,31.533744891422927,27.190666542174103,36.8856376838751,32.42765963044788,0.014000889614467195,1.2743048827180599,48.04564783610099,46.771342953382934
1998-06-17,31.914673898420723,27.704097410002447,36.43649245447234,32.708818216784,0.061185826885992445,1.0850299074301082,49.73758225155027,48.65255234412015,31.914673898420723,27.704097410002447,36.43649245447234,32.708818216784,0.061185826885992445,1.0850299074301082,49.73758225155027,48.65255234412015
1998-06-18,31.69852778515491,27.73140950836143,35.6796655894753,32.54087757335894,0.02915610430152857,0.9528163294975456,48.2412662885902,47.28844995909267,31.69852778515491,27.73140950836143,35.6796655894753,32.54087757335894,0.02915610430152857,0.9528163294975456,48.2412662885902,47.28844995909267
1998-06-19,30.939384253433516,27.35603907828008,34.21863486520748,31.903498862592347,0.10633444333028437,0.8499346035111108,40.59553150561293,39.74559690210181,30.939384253433516,27.35603907828008,34.21863486520748,31.903498862592347,0.10633444333028437,0.8499346035111108,40.59553150561293,39.74559690210181
1998-06-20,30.46045794046389,27.33039230556287,34.554761194737665,31.41588317357804,0.6652449735178816,1.0101109354055735,38.78483733384697,37.7747263984414,30.46045794046389,27.33039230556287,34.554761194737665,31.41588317357804,0.6652449735178816,1.0101109354055735,38.78483733384697,37.7747263984414
1998-06-21,30.279789303641476,26.986072694268465,34.35626837934304,31.180607565969144,1.216853890611722,1.0735874706252693,39.531383630611295,38.45779615998603,30.279789303641476,26.986072694268465,34.35626837934304,31.180607565969144,1.216853890611722,1.0735874706252693,39.531383630611295,38.45779615998603
1998-06-22,29.27827305687942,26.9073758148483,33.817613996859734,29.879134545007755,8.356935731072015,2.310782917009226,31.299240629976993,28.98845771296778,29.27827305687942,26.9073758148483,33.817613996859734,29.879134545007755,8.356935731072015,2.310782917009226,31.299240629976993,28.98845771296778
1998-06-23,26.94127832318443,25.065635272137214,31.6469775601313,27.120230427305597,14.72064054029082,3.6553179404976155,16.60966472165523,12.954346781157614,26.94127832318443,25.065635272137214,31.6469775601313,27.120230427305597,14.72064054029082,3.6553179404976155,16.60966472165523,12.954346781157614
1998-06-24,26.36189247033711,24.79260002047543,30.636653395730306,26.58976414940141,7.949748835645966,3.4559794943405735,14.5915322249815,11.135552730640923,26.36189247033711,24.79260002047543,30.636653395730306,26.58976414940141,7.949748835645966,3.4559794943405735,14.5915322249815,11.135552730640923
1998-06-25,27.124082352469213,25.240777437398823,31.23719517464949,27.02590311361034,4.352089777967532,3.6714673852570945,16.295674635873542,12.624207250616443,27.124082352469213,25.240777437398823,31.23719517464949,27.02590311361034,4.352089777967532,3.6714673852570945,16.295674635873542,12.624207250616443
1998-06-26,29.043083421268932,25.825129157399193,33.79936551170975,29.348236276936248,0.48290516316324217,3.1113112384703365,25.631823671792077,22.520512433321745,29.043083421268932,25.825129157399193,33.79936551170975,29.348236276936248,0.48290516316324217,3.1113112384703365,25.631823671792077,22.520512433321745
1998-06-27,30.019665944734466,26.159991888279343,34.25419942083888,30.60276149191238,0.021854329609192886,2.920111314553994,36.08723519374552,33.16712387919152,30.019665944734466,26.159991888279343,34.25419942083888,30.60276149191238,0.021854329609192886,2.920111314553994,36.08723519374552,33.16712387919152
1998-06-28,30.04190286338724,26.418851724902066,34.027606591375445,30.603222097683666,0.4870463799069825,2.594896233973577,38.965474264371466,36.3705780303979,30.04190286338724,26.418851724902066,34.027606591375445,30.603222097683666,0.4870463799069825,2.594896233973577,38.965474264371466,36.3705780303979
1998-06-29,29.476295348155475,26.74006075803639,33.24937198930488,30.078509513064045,4.563679026196387,2.311657645417145,32.83641549295082,30.52475784753369,29.476295348155475,26.74006075803639,33.24937198930488,30.078509513064045,4.563679026196387,2.311657645417145,32.83641549295082,30.52475784753369
1998-06-30,27.59216599781856,25.42967994531383,32.31965577225313,27.93492977854041,6.8745286174108085,3.919558289259744,21.91717310422489,17.997614814965143,27.59216599781856,25.42967994531383,32.31965577225313,27.93492977854041,6.8745286174108085,3.919558289259744,21.91717310422489,17.997614814965143
1998-07-01,25.96718115068124,24.91126275353127,27.57412581274143,26.091722669038255,5.981919910183774,2.4014002774415943,13.169645927203458,10.768245649761866,25.96718115068124,24.91126275353127,27.57412581274143,26.091722669038255,5.981919910183774,2.4014002774415943,13.169645927203458,10.768245649761866
1998-07-02,27.582970132589217,25.467214948621198,32.7733143461468,27.688169493165276,3.833650295558942,3.0844492451348478,15.852366741084014,12.767917495949158,27.582970132589217,25.467214948621198,32.7733143461468,27.688169493165276,3.833650295558942,3.0844492451348478,15.852366741084014,12.767917495949158
1998-07-03,28.50391634114398,25.52788517848834,32.38827856694694,28.863088913608777,0.008673124524469378,2.870427763437922,23.925852023954754,21.055424260516816,28.50391634114398,25.52788517848834,32.38827856694694,28.863088913608777,0.008673124524469378,2.870427763437922,23.925852023954754,21.055424260516816
1998-07-04,29.109101125294526,26.124264726306183,33.236310766850885,29.68268005444556,0.1769788829491813,2.7450551939901855,29.498715259399827,26.75366006540963,29.109101125294526,26.124264726306183,33.236310766850885,29.68268005444556,0.1769788829491813,2.7450551939901855,29.498715259399827,26.75366006540963
1998-07-05,28.933839551095566,26.048005684331553,32.65669722602413,29.662842716308056,0.43044919769847567,2.4980769252228088,25.245416170696668,22.74733924547387,28.933839551095566,26.048005684331553,32.65669722602413,29.662842716308056,0.43044919769847567,2.4980769252228088,25.245416170696668,22.74733924547387
1998-07-06,28.044001034446353,25.524120159626136,31.34310899864156,28.764916779214737,0.16261512815805335,2.0521444492580057,23.083272593128047,21.03112814387003,28.044001034446353,25.524120159626136,31.34310899864156,28.764916779214737,0.16261512815805335,2.0521444492580057,23.083272593128047,21.03112814387003
1998-07-07,27.965710946782053,25.800802632728516,31.05449650661333,28.50399312956221,3.675099999387904,2.8102964391802634,20.680826045795833,17.870529606615555,27.965710946782053,25.800802632728516,31.05449650661333,28.50399312956221,3.675099999387904,2.8102964391802634,20.680826045795833,17.870529606615555
1998-07-08,28.172932502116875,25.25927043940319,32.72184823504122,28.637096172931678,1.367185423629775,2.818358986296989,29.223597143665497,26.405238157368508,28.172932502116875,25.25927043940319,32.72184823504122,28.637096172931678,1.367185423629775,2.818358986296989,29.223597143665497,26.405238157368508
1998-07-09,28.785947524587353,25.726141657330395,32.71600263541156,29.350932065312687,0.6655048547349015,2.1763643766213727,31.274946690571465,29.09858231395009,28.785947524587353,25.726141657330395,32.71600263541156,29.350932065312687,0.6655048547349015,2.1763643766213727,31.274946690571465,29.09858231395009
1998-07-10,28.73881302036653,25.51260350930429,33.42230973520842,29.4412489121238,1.3701137878307785,2.2711195674957456,29.190880843832193,26.919761276336438,28.73881302036653,25.51260350930429,33.42230973520842,29.4412489121238,1.3701137878307785,2.2711195674957456,29.190880843832193,26.919761276336438
1998-07-11,28.583168275588392,25.31716893899179,32.41650325806045,29.403914817773412,0.07178369606410416,2.1256169510264553,26.705852845849687,24.580235894823222,28.583168275588392,25.31716893899179,32.41650325806045,29.403914817773412,0.07178369606410416,2.1256169510264553,26.705852845849687,24.580235894823222
1998-07-12,29.162089647053737,26.07592943493179,33.86808468562353,30.06618854567041,0.0012757559488818515,1.802573052037135,29.770626940749057,27.96805388871192,29.162089647053737,26.07592943493179,33.86808468562353,30.06618854567041,0.0012757559488818515,1.802573052037135,29.770626940749057,27.96805388871192
1998-07-13,29.389154425380674,26.363349989259152,34.31523472758062,30.31397911820657,0.0015861280730554068,1.655945574058407,32.68190767509746,31.025962101039045,29.389154425380674,26.363349989259152,34.31523472758062,30.31397911820657,0.0015861280730554068,1.655945574058407,32.68190767509746,31.025962101039045
1998-07-14,29.83241070076326,26.75403358967378,34.44019593833065,30.763632512358598,2.3180494450553833E-5,1.5268377604126377,37.52098734024418,35.99414957983155,29.83241070076326,26.75403358967378,34.44019593833065,30.763632512358598,2.3180494450553833E-5,1.5268377604126377,37.52098734024418,35.99414957983155
1998-07-15,30.15031637380119,26.51867342227018,34.277210991547975,31.02019242132948,0.1077250071234959,1.3221117145276569,38.40895623031658,37.086844515788925,30.15031637380119,26.51867342227018,34.277210991547975,31.02019242132948,0.1077250071234959,1.3221117145276569,38.40895623031658,37.086844515788925
1998-07-16,29.388319849836435,26.307671635417076,33.21694899744106,30.185850415661402,2.661890363509909,1.8791770782320378,29.051108006945626,27.17193092871359,29.388319849836435,26.307671635417076,33.21694899744106,30.185850415661402,2.661890363509909,1.8791770782320378,29.051108006945626,27.17193092871359
1998-07-17,28.413351285503744,25.909234468648812,32.37975120423498,29.201417765897812,1.7275367593897113,1.8775601887385915,23.678779121791443,21.80121893305285,28.413351285503744,25.909234468648812,32.37975120423498,29.201417765897812,1.7275367593897113,1.8775601887385915,23.678779121791443,21.80121893305285
1998-07-18,28.431612299092382,25.779081383705428,32.28517542909922,29.285516006946352,2.310023735257344,1.9613775405304537,22.06569483852083,20.10431729799038,28.431612299092382,25.779081383705428,32.28517542909922,29.285516006946352,2.310023735257344,1.9613775405304537,22.06569483852083,20.10431729799038
1998-07-19,28.62029439100453,25.72202812106137,32.69776124487291,29.480685774026124,1.422856035241495,1.8560883381435802,24.790606266934073,22.93451792879049,28.62029439100453,25.72202812106137,32.69776124487291,29.480685774026124,1.422856035241495,1.8560883381435802,24.790606266934073,22.93451792879049
1998-07-20,28.114026174022403,25.15164241219704,32.001682236615295,28.952006717846295,1.4771880672994004,1.7319531512931228,23.61690423603248,21.88495108473936,28.114026174022403,25.15164241219704,32.001682236615295,28.952006717846295,1.4771880672994004,1.7319531512931228,23.61690423603248,21.88495108473936
1998-07-21,27.30048190142979,24.688527291120838,31.449041865215396,27.91237813191076,3.374073945857001,2.445461478132876,20.079455658263328,17.633994180130447,27.30048190142979,24.688527291120838,31.449041865215396,27.91237813191076,3.374073945857001,2.445461478132876,20.079455658263328,17.633994180130447
1998-07-22,27.47159015287802,24.683168371078917,32.078840429205876,28.131654208314256,7.687959700623375,2.221728948657782,21.128876834803375,18.907147886145584,27.47159015287802,24.683168371078917,32.078840429205876,28.131654208314256,7.687959700623375,2.221728948657782,21.128876834803375,18.907147886145584
1998-07-23,27.389734041465548,25.021749210391206,31.64686864709799,27.81791221038178,5.977317259300894,3.2407980134717884,18.802451854883344,15.561653841411554,27.389734041465548,25.021749210391206,31.64686864709799,27.81791221038178,5.977317259300894,3.2407980134717884,18.802451854883344,15.561653841411554
1998-07-24,27.996263926972926,25.43034662916522,31.62150026800427,28.441153945555662,3.074220586049804,2.869980881799585,21.96190134609362,19.091920464294038,27.996263926972926,25.43034662916522,31.62150026800427,28.441153945555662,3.074220586049804,2.869980881799585,21.96190134609362,19.091920464294038
1998-07-25,27.505774418283483,24.54287907518769,32.129454149633816,28.147322325321806,2.058996930327423,2.5125115200504524,23.692902643397552,21.1803911233471,27.505774418283483,24.54287907518769,32.129454149633816,28.147322325321806,2.058996930327423,2.5125115200504524,23.692902643397552,21.1803911233471
1998-07-26,27.210210289260424,24.60588568955834,31.553267499568232,27.798966225954096,4.674462774037821,3.0053278881375447,19.61585830512623,16.610530416988674,27.210210289260424,24.60588568955834,31.553267499568232,27.798966225954096,4.674462774037821,3.0053278881375447,19.61585830512623,16.610530416988674
1998-07-27,26.740736074112878,24.101078354048408,30.605122234133468,27.199991057027386,2.853326504355787,3.0057253155302264,17.01048490509007,14.004759589559848,26.740736074112878,24.101078354048408,30.605122234133468,27.199991057027386,2.853326504355787,3.0057253155302264,17.01048490509007,14.004759589559848
1998-07-28,27.33017312126351,24.634788754507824,32.06335047405759,27.907157348519892,0.6730819134212649,2.838355426090352,21.04118685249544,18.202831426405094,27.33017312126351,24.634788754507824,32.06335047405759,27.907157348519892,0.6730819134212649,2.838355426090352,21.04118685249544,18.202831426405094
1998-07-29,28.048202186701868,25.199084255518112,31.981805237181828,28.665719535740784,1.009143051776973,2.158719233055798,20.957900470371346,18.799181237315555,28.048202186701868,25.199084255518112,31.981805237181828,28.665719535740784,1.009143051776973,2.158719233055798,20.957900470371346,18.799181237315555
1998-07-30,27.35695170328283,25.12036677485157,31.428656456259656,27.85649703656118,4.019385470218719,2.692226354621925,19.019903823098222,16.327677468476303,27.35695170328283,25.12036677485157,31.428656456259656,27.85649703656118,4.019385470218719,2.692226354621925,19.019903823098222,16.327677468476303
1998-07-31,27.26091182812197,24.34092299839941,31.61819111016815,27.907525692991648,2.8447937569664936,2.288808715806938,19.736675739120365,17.447867023313435,27.26091182812197,24.34092299839941,31.61819111016815,27.907525692991648,2.8447937569664936,2.288808715806938,19.736675739120365,17.447867023313435
1998-08-01,27.258535645491595,24.642572687947823,31.26274535853323,27.75893658598478,1.42935171387011,2.90278768197736,19.74989328692184,16.847105604944495,27.258535645491595,24.642572687947823,31.26274535853323,27.75893658598478,1.42935171387011,2.90278768197736,19.74989328692184,16.847105604944495
1998-08-02,27.39329592086797,25.174398786511837,30.50612060933849,27.98073658514875,4.33542795156279,2.689252303425758,17.710713451179075,15.021461147753316,27.39329592086797,25.174398786511837,30.50612060933849,27.98073658514875,4.33542795156279,2.689252303425758,17.710713451179075,15.021461147753316
1998-08-03,26.871688504301304,23.64400409565458,30.83406665851712,27.683032142448297,1.005408478644112,2.305316565247982,18.81669918629601,16.51138262104803,26.871688504301304,23.64400409565458,30.83406665851712,27.683032142448297,1.005408478644112,2.305316565247982,18.81669918629601,16.51138262104803
1998-08-04,28.252581204939233,24.705741156201462,32.598486112061764,29.109373292545694,0.029401563962078534,2.1075005087031786,24.23410682915045,22.12660632044727,28.252581204939233,24.705741156201462,32.598486112061764,29.109373292545694,0.029401563962078534,2.1075005087031786,24.23410682915045,22.12660632044727
1998-08-05,28.914308000559817,25.789237083335582,32.959730805507505,29.82546027867579,0.0483484995814446,1.8729196550398688,27.446924545744768,25.574004890704888,28.914308000559817,25.789237083335582,32.959730805507505,29.82546027867579,0.0483484995814446,1.8729196550398688,27.446924545744768,25.574004890704888
1998-08-06,29.00670535132495,26.08598627760272,32.652913728924204,29.93960239593592,0.12321555402688163,1.626619160458755,25.71241678843913,24.08579762798037,29.00670535132495,26.08598627760272,32.652913728924204,29.93960239593592,0.12321555402688163,1.626619160458755,25.71241678843913,24.08579762798037
1998-08-07,29.012436932622872,26.112848400238178,33.51198126889311,30.021830666741195,0.5247096427414406,1.6265433936439877,26.76224106264684,25.135697669002873,29.012436932622872,26.112848400238178,33.51198126889311,30.021830666741195,0.5247096427414406,1.6265433936439877,26.76224106264684,25.135697669002873
1998-08-08,29.13649963145101,26.237764318344535,33.26415987354042,30.03111261549426,2.422999363627472,1.5977498881358756,26.837283906150585,25.239534018014712,29.13649963145101,26.237764318344535,33.26415987354042,30.03111261549426,2.422999363627472,1.5977498881358756,26.837283906150585,25.239534018014712
1998-08-09,28.35178140024635,25.600146433852725,32.28621224204846,29.068911846940704,1.0172150454111761,2.3396407598816573,22.245904416969093,19.906263657087443,28.35178140024635,25.600146433852725,32.28621224204846,29.068911846940704,1.0172150454111761,2.3396407598816573,22.245904416969093,19.906263657087443
1998-08-10,28.425112936403476,26.370122623477137,31.344588466965376,29.001975882085603,3.1379050627356055,2.1999527510962835,20.30132182648417,18.101369075387883,28.425112936403476,26.370122623477137,31.344588466965376,29.001975882085603,3.1379050627356055,2.1999527510962835,20.30132182648417,18.101369075387883
1998-08-11,28.276181100323797,25.676522843272505,31.900953133083497,29.13413884600838,0.9922941896687844,1.6938435893299801,20.65053368567916,18.956690096349178,28.276181100323797,25.676522843272505,31.900953133083497,29.13413884600838,0.9922941896687844,1.6938435893299801,20.65053368567916,18.956690096349178
1998-08-12,28.556882925594497,25.54816525933939,32.073770942432624,29.471968587239612,0.45337943837454003,1.3903193451351323,21.61314649695701,20.222827151821885,28.556882925594497,25.54816525933939,32.073770942432624,29.471968587239612,0.45337943837454003,1.3903193451351323,21.61314649695701,20.222827151821885
1998-08-13,28.546369908149025,25.729281565688666,33.13048022392135,29.37184592338037,1.9514373413614086,2.0550757767281596,20.97177187944642,18.91669610271826,28.546369908149025,25.729281565688666,33.13048022392135,29.37184592338037,1.9514373413614086,2.0550757767281596,20.97177187944642,18.91669610271826
1998-08-14,28.413827155214946,25.805599374693816,33.10212532519114,29.178360049982334,4.068369269580983,2.4365200534825076,18.984187666002647,16.54766761252014,28.413827155214946,25.805599374693816,33.10212532519114,29.178360049982334,4.068369269580983,2.4365200534825076,18.984187666002647,16.54766761252014
1998-08-15,28.752903730046086,26.10260861871438,33.93034674740874,29.48555346053718,3.6671542404728172,2.450948810731705,20.52750840242499,18.076559591693275,28.752903730046086,26.10260861871438,33.93034674740874,29.48555346053718,3.6671542404728172,2.450948810731705,20.52750840242499,18.076559591693275
1998-08-16,28.56840139682192,25.63309567926127,34.24165202561038,29.17176204644225,1.3457698966396994,2.8698923858161454,23.006938762671517,20.13704637685536,28.56840139682192,25.63309567926127,34.24165202561038,29.17176204644225,1.3457698966396994,2.8698923858161454,23.006938762671517,20.13704637685536
1998-08-17,28.924509998127665,25.867899876373126,33.32753027485634,29.72042606331822,1.1901298840308783,1.9131027639053912,27.62991738187129,25.716814617965884,28.924509998127665,25.867899876373126,33.32753027485634,29.72042606331822,1.1901298840308783,1.9131027639053912,27.62991738187129,25.716814617965884
1998-08-18,28.488412636603204,25.605899163945164,32.094182483206794,29.41380826334901,1.2428845829201156,1.9247392441797897,23.51590527556822,21.59116603138844,28.488412636603204,25.605899163945164,32.094182483206794,29.41380826334901,1.2428845829201156,1.9247392441797897,23.51590527556822,21.59116603138844
1998-08-19,28.403777297645725,26.102107029693432,31.586958104987115,29.306484568767168,1.4270338658136392,1.6415940709845114,20.698323255380547,19.056729184396044,28.403777297645725,26.102107029693432,31.586958104987115,29.306484568767168,1.4270338658136392,1.6415940709845114,20.698323255380547,19.056729184396044
1998-08-20,27.48730858720726,25.30198824440097,31.38586527578166,28.217164800826957,6.134621483087047,3.003725825010806,16.69121494266758,13.687489117656785,27.48730858720726,25.30198824440097,31.38586527578166,28.217164800826957,6.134621483087047,3.003725825010806,16.69121494266758,13.687489117656785
1998-08-21,27.17074720797666,24.71457339371116,32.09365004337598,27.64567142270236,11.292053548623736,3.1145217596524057,14.915783673409381,11.801261913756978,27.17074720797666,24.71457339371116,32.09365004337598,27.64567142270236,11.292053548623736,3.1145217596524057,14.915783673409381,11.801261913756978
1998-08-22,27.567560837662644,25.594792549909897,31.35837521017244,27.95937544117379,4.883547703028197,3.520647008739629,14.871199648432345,11.350552639692712,27.567560837662644,25.594792549909897,31.35837521017244,27.95937544117379,4.883547703028197,3.520647008739629,14.871199648432345,11.350552639692712
1998-08-23,27.774182789502387,25.107070521898486,31.161498090388566,28.47065606578026,1.040832462298376,2.6114846895638792,17.926935735052,15.315451045488127,27.774182789502387,25.107070521898486,31.161498090388566,28.47065606578026,1.040832462298376,2.6114846895638792,17.926935735052,15.315451045488127
1998-08-24,28.725907080770053,26.155064116367413,32.65647681472413,29.437559439674843,0.6305778706816979,2.5304776874566715,21.654415714274666,19.123938026817985,28.725907080770053,26.155064116367413,32.65647681472413,29.437559439674843,0.6305778706816979,2.5304776874566715,21.654415714274666,19.123938026817985
1998-08-25,28.811419511432067,26.268102526421142,32.376731280803455,29.596273618776355,1.7832198920658078,2.557628456727536,20.85762151837475,18.29999306164721,28.811419511432067,26.268102526421142,32.376731280803455,29.596273618776355,1.7832198920658078,2.557628456727536,20.85762151837475,18.29999306164721
1998-08-26,28.609325626745438,26.094467896195734,32.51483549552716,29.28745701870372,2.768282078531189,2.749783682068412,19.370139537457224,16.620355855388805,28.609325626745438,26.094467896195734,32.51483549552716,29.28745701870372,2.768282078531189,2.749783682068412,19.370139537457224,16.620355855388805
1998-08-27,28.465467877963054,25.923178250002707,32.4349013535142,29.171813795227077,0.5330127245426575,2.0807288562817945,21.260076892988998,19.179348036707204,28.465467877963054,25.923178250002707,32.4349013535142,29.171813795227077,0.5330127245426575,2.0807288562817945,21.260076892988998,19.179348036707204
1998-08-28,28.57807985417544,26.319748657914488,31.55970023740713,29.322002817037337,2.2908630757331,2.222926416914935,21.153889410132113,18.93096299321719,28.57807985417544,26.319748657914488,31.55970023740713,29.322002817037337,2.2908630757331,2.222926416914935,21.153889410132113,18.93096299321719
1998-08-29,27.320657541898296,25.399613159867606,30.151978256048178,27.94213242928882,7.544584894998785,2.921939790104529,16.19689557839128,13.274955788286752,27.320657541898296,25.399613159867606,30.151978256048178,27.94213242928882,7.544584894998785,2.921939790104529,16.19689557839128,13.274955788286752
1998-08-30,26.14597732944355,25.108579508105187,28.297815763736146,26.044097395302618,9.118128116702865,3.9177385446533157,13.515505119607079,9.597766574953756,26.14597732944355,25.108579508105187,28.297815763736146,26.044097395302618,9.118128116702865,3.9177385446533157,13.515505119607079,9.597766574953756
1998-08-31,25.778903601434756,24.440951890666575,28.94836725904802,25.268215788711057,14.724890108197673,6.3775533793199495,10.46543647366201,4.087883094342064,25.778903601434756,24.440951890666575,28.94836725904802,25.268215788711057,14.724890108197673,6.3775533793199495,10.46543647366201,4.087883094342064
1998-09-01,27.16626799219415,24.936590075249267,30.649864072621583,27.204683340470663,4.127164040638701,4.0001670235204365,15.392764473767626,11.392597450247186,27.16626799219415,24.936590075249267,30.649864072621583,27.204683340470663,4.127164040638701,4.0001670235204365,15.392764473767626,11.392597450247186
1998-09-02,28.19377503336289,25.95373576756466,31.2754130719202,28.48266660988836,1.8807023117926016,3.2693300692757554,17.541849243678683,14.272519174402937,28.19377503336289,25.95373576756466,31.2754130719202,28.48266660988836,1.8807023117926016,3.2693300692757554,17.541849243678683,14.272519174402937
1998-09-03,28.425412019060275,26.13812784407914,31.94538786089636,28.92178880934056,1.2080909005127847,2.6624541947511173,15.271584512209879,12.609130317458758,28.425412019060275,26.13812784407914,31.94538786089636,28.92178880934056,1.2080909005127847,2.6624541947511173,15.271584512209879,12.609130317458758
1998-09-04,27.930344119625705,25.743386856944383,31.956552274515136,28.029681473611355,6.020193273730115,3.944787335578468,14.935381862742664,10.990594527164198,27.930344119625705,25.743386856944383,31.956552274515136,28.029681473611355,6.020193273730115,3.944787335578468,14.935381862742664,10.990594527164198
1998-09-05,27.8830719373954,25.98430397541595,31.685287359492225,28.18905378585547,6.502026113295771,3.3071964012092145,18.598287659931785,15.291091258722565,27.8830719373954,25.98430397541595,31.685287359492225,28.18905378585547,6.502026113295771,3.3071964012092145,18.598287659931785,15.291091258722565
1998-09-06,26.825830389634014,25.28498393371512,30.720617642458016,26.925820587156487,8.237437573735583,3.690072364170875,15.855383192224783,12.165310828053913,26.825830389634014,25.28498393371512,30.720617642458016,26.925820587156487,8.237437573735583,3.690072364170875,15.855383192224783,12.165310828053913
1998-09-07,26.270002545299253,24.816250493182938,30.676389400083046,26.423974485308943,9.798535285687587,3.6868122821282054,13.798602395134935,10.11179011300673,26.270002545299253,24.816250493182938,30.676389400083046,26.423974485308943,9.798535285687587,3.6868122821282054,13.798602395134935,10.11179011300673
1998-09-08,26.63966036500185,25.461362711230176,31.037967319898286,26.597680035893735,7.301332605558159,3.8520696127800993,11.39031729571371,7.538247682933613,26.63966036500185,25.461362711230176,31.037967319898286,26.597680035893735,7.301332605558159,3.8520696127800993,11.39031729571371,7.538247682933613
1998-09-09,27.312802997144296,25.227497905154724,31.880469334767913,27.442883065145235,7.710079018816123,4.468107590791035,18.145574578918918,13.677466988127891,27.312802997144296,25.227497905154724,31.880469334767913,27.442883065145235,7.710079018816123,4.468107590791035,18.145574578918918,13.677466988127891
1998-09-10,26.98179551680299,24.578123464984042,32.728186023331844,27.100453462339843,11.206473963165472,4.848872040119249,14.677734382243257,9.828862342124001,26.98179551680299,24.578123464984042,32.728186023331844,27.100453462339843,11.206473963165472,4.848872040119249,14.677734382243257,9.828862342124001
1998-09-11,27.645817685460447,24.796493414179736,31.956701777324763,27.711791925809845,8.233141533762764,3.8347346567118743,14.411332241222443,10.57659758451057,27.645817685460447,24.796493414179736,31.956701777324763,27.711791925809845,8.233141533762764,3.8347346567118743,14.411332241222443,10.57659758451057
1998-09-12,28.320816231647264,25.994433376611838,32.45540851567481,28.440890960988913,1.632329930426703,4.180976334997321,19.568920954300836,15.387944619303527,28.320816231647264,25.994433376611838,32.45540851567481,28.440890960988913,1.632329930426703,4.180976334997321,19.568920954300836,15.387944619303527
1998-09-13,28.156795328509055,26.122145055305232,31.805918626828895,28.416410748852574,3.61755363094496,3.8368729293850277,17.82781219253576,13.990939263150738,28.156795328509055,26.122145055305232,31.805918626828895,28.416410748852574,3.61755363094496,3.8368729293850277,17.82781219253576,13.990939263150738
1998-09-14,27.399676068780565,25.351437803606323,31.146333288802047,27.63990079372083,1.464576131551072,3.7888842351096907,16.58706340247285,12.798179167363157,27.399676068780565,25.351437803606323,31.146333288802047,27.63990079372083,1.464576131551072,3.7888842351096907,16.58706340247285,12.798179167363157
1998-09-15,27.570153533140044,25.588296691529006,30.78743294517347,27.987758620260948,0.9474817318326783,3.616072518955069,17.52950636097224,13.913433842017177,27.570153533140044,25.588296691529006,30.78743294517347,27.987758620260948,0.9474817318326783,3.616072518955069,17.52950636097224,13.913433842017177
1998-09-16,27.425061089754337,25.235707466902095,30.98939063974814,27.821570326126704,3.16627091108472,3.5264350489626954,15.265276930457313,11.738841881494611,27.425061089754337,25.235707466902095,30.98939063974814,27.821570326126704,3.16627091108472,3.5264350489626954,15.265276930457313,11.738841881494611
1998-09-17,27.30687795085675,25.50948683042343,29.971504253885897,27.32114296246128,3.258244970835076,3.302737056825857,12.635407714135798,9.332670657309942,27.30687795085675,25.50948683042343,29.971504253885897,27.32114296246128,3.258244970835076,3.302737056825857,12.635407714135798,9.332670657309942
1998-09-18,27.41014153060747,24.991461981396764,30.767500747513992,27.713586859340904,3.3129509684050285,3.2167404968135362,14.796878708189913,11.580138211376378,27.41014153060747,24.991461981396764,30.767500747513992,27.713586859340904,3.3129509684050285,3.2167404968135362,14.796878708189913,11.580138211376378
1998-09-19,27.391897892322067,25.82172321186552,31.09633008655248,27.36977235503613,7.6536150244897545,3.6176621268315383,10.933419799103456,7.315757672271916,27.391897892322067,25.82172321186552,31.09633008655248,27.36977235503613,7.6536150244897545,3.6176621268315383,10.933419799103456,7.315757672271916
1998-09-20,27.337089379035117,25.279799847470105,31.381010879349915,27.346707815483985,3.9516307688113477,3.9584956634770014,12.118454966149557,8.159959302672558,27.337089379035117,25.279799847470105,31.381010879349915,27.346707815483985,3.9516307688113477,3.9584956634770014,12.118454966149557,8.159959302672558
1998-09-21,28.248897990439193,25.77226005465511,32.519743956122035,28.395086809932895,0.6963606932321753,3.930346798853748,18.458413451584597,14.528066652730837,28.248897990439193,25.77226005465511,32.519743956122035,28.395086809932895,0.6963606932321753,3.930346798853748,18.458413451584597,14.528066652730837
1998-09-22,28.868108487731146,26.05255848991064,32.307105442435386,29.23468291544787,1.90667864427159,3.1191045880926542,20.770194219551946,17.651089631459282,28.868108487731146,26.05255848991064,32.307105442435386,29.23468291544787,1.90667864427159,3.1191045880926542,20.770194219551946,17.651089631459282
1998-09-23,26.958598900356424,25.524901776181043,29.525839490309323,27.17569244073936,2.90106005465409,3.17689227074773,11.05247440053443,7.875582129786703,26.958598900356424,25.524901776181043,29.525839490309323,27.17569244073936,2.90106005465409,3.17689227074773,11.05247440053443,7.875582129786703
1998-09-24,26.408902282732797,24.444796551915655,29.248435280246554,26.52650160946815,8.568194549492688,4.160910129006499,11.212346539315973,7.051436410309481,26.408902282732797,24.444796551915655,29.248435280246554,26.52650160946815,8.568194549492688,4.160910129006499,11.212346539315973,7.051436410309481
1998-09-25,26.807726384631316,24.4270664893644,30.389948794320194,27.099310198868146,2.905759972222634,4.227479311593948,14.789925741872214,10.562446430278266,26.807726384631316,24.4270664893644,30.389948794320194,27.099310198868146,2.905759972222634,4.227479311593948,14.789925741872214,10.562446430278266
1998-09-26,27.575713875199476,25.040447897002377,30.465848295366925,27.68701446782235,2.4931335657068683,3.493219332893514,13.51913587229904,10.02591653940553,27.575713875199476,25.040447897002377,30.465848295366925,27.68701446782235,2.4931335657068683,3.493219332893514,13.51913587229904,10.02591653940553
1998-09-27,27.5198874379178,24.7306936889519,31.05900351970113,27.620711125294044,3.9574602018439498,3.65651099653616,13.657066602339912,10.000555605803754,27.5198874379178,24.7306936889519,31.05900351970113,27.620711125294044,3.9574602018439498,3.65651099653616,13.657066602339912,10.000555605803754
1998-09-28,28.27087046551674,26.082937604871205,31.68017746568266,28.548192806944915,0.7858325442868079,3.21761383135403,17.477988191644414,14.260374360290383,28.27087046551674,26.082937604871205,31.68017746568266,28.548192806944915,0.7858325442868079,3.21761383135403,17.477988191644414,14.260374360290383
1998-09-29,27.87893153162962,25.499072548334453,31.43162768485887,28.05044274266882,3.4543374246927816,3.9781634877893475,17.054800255149967,13.076636767360618,27.87893153162962,25.499072548334453,31.43162768485887,28.05044274266882,3.4543374246927816,3.9781634877893475,17.054800255149967,13.076636767360618
1998-09-30,28.267276545926986,25.143695033961215,32.15236587981257,28.73420516727707,0.012261235995290982,3.2473053752342014,22.161569442388743,18.91426406715454,28.267276545926986,25.143695033961215,32.15236587981257,28.73420516727707,0.012261235995290982,3.2473053752342014,22.161569442388743,18.91426406715454
1998-10-01,28.42278367204113,24.919960763144505,32.68443094853487,28.86185061235411,0.0014465453116028787,3.2069062028118265,25.909946087843597,22.703039885031775,28.42278367204113,24.919960763144505,32.68443094853487,28.86185061235411,0.0014465453116028787,3.2069062028118265,25.909946087843597,22.703039885031775
1998-10-02,28.895093758755355,25.680725347042536,33.062365838749834,29.347664561892582,0.2165805926680173,2.7857536293222425,27.977728547660263,25.191974918338012,28.895093758755355,25.680725347042536,33.062365838749834,29.347664561892582,0.2165805926680173,2.7857536293222425,27.977728547660263,25.191974918338012
1998-10-03,28.35423154285631,25.52136725694114,33.35171680457154,28.58942956636671,1.5144081824240585,3.1268380837552394,23.87956765261532,20.752729568860087,28.35423154285631,25.52136725694114,33.35171680457154,28.58942956636671,1.5144081824240585,3.1268380837552394,23.87956765261532,20.752729568860087
1998-10-04,29.26841679150131,26.123406348206572,32.978412147943835,29.618027515552395,0.15391046069395067,2.5943849664201157,29.429652114366295,26.835267147946176,29.26841679150131,26.123406348206572,32.978412147943835,29.618027515552395,0.15391046069395067,2.5943849664201157,29.429652114366295,26.835267147946176
1998-10-05,29.062989490917133,25.939803509579495,33.02234967249548,29.41191600353019,0.1430041983995377,2.3166266450079105,32.25845022388813,29.941823578880204,29.062989490917133,25.939803509579495,33.02234967249548,29.41191600353019,0.1430041983995377,2.3166266450079105,32.25845022388813,29.941823578880204
1998-10-06,29.02654707231077,25.70758016545317,32.6036330375926,29.455706343785828,0.07530524979749903,2.2203276618165666,30.829974922885256,28.609647261068698,29.02654707231077,25.70758016545317,32.6036330375926,29.455706343785828,0.07530524979749903,2.2203276618165666,30.829974922885256,28.609647261068698
1998-10-07,28.45755346257231,25.494802038415077,32.17767747514214,28.96160826540273,1.676063042701362,2.2459977348087397,24.411140780668926,22.165143045860194,28.45755346257231,25.494802038415077,32.17767747514214,28.96160826540273,1.676063042701362,2.2459977348087397,24.411140780668926,22.165143045860194
1998-10-08,27.85627545715842,25.392274499283786,31.414943857115674,28.258777911911956,1.3651490446519117,2.396095960390172,19.527221784158336,17.131125823768162,27.85627545715842,25.392274499283786,31.414943857115674,28.258777911911956,1.3651490446519117,2.396095960390172,19.527221784158336,17.131125823768162
1998-10-09,27.764919198504078,25.70765549195148,30.762691326618313,28.151528433727815,1.6013090251070707,2.309490851441207,18.463808228302774,16.154317376861556,27.764919198504078,25.70765549195148,30.762691326618313,28.151528433727815,1.6013090251070707,2.309490851441207,18.463808228302774,16.154317376861556
1998-10-10,27.882217651238143,25.391326186236164,31.349162400511982,28.295582296781905,1.1323630526352193,2.2297678469388615,20.05597671107449,17.826208864135637,27.882217651238143,25.391326186236164,31.349162400511982,28.295582296781905,1.1323630526352193,2.2297678469388615,20.05597671107449,17.826208864135637
1998-10-11,28.11565495077071,25.375915776730036,31.82578285058725,28.619156519258453,0.6535693441490424,2.005688870058654,22.315442042478416,20.30975317241976,28.11565495077071,25.375915776730036,31.82578285058725,28.619156519258453,0.6535693441490424,2.005688870058654,22.315442042478416,20.30975317241976
1998-10-12,27.867220170282017,25.68857436816677,30.872695140294383,28.274542724799318,1.334705542520649,1.9870989766679155,24.579650619765655,22.59255164309774,27.867220170282017,25.68857436816677,30.872695140294383,28.274542724799318,1.334705542520649,1.9870989766679155,24.579650619765655,22.59255164309774
1998-10-13,27.491827160614864,25.64307475531756,30.77511976886352,27.626696303339553,3.422246592548645,3.3480893376349936,26.337266099541157,22.989176761906155,27.491827160614864,25.64307475531756,30.77511976886352,27.626696303339553,3.422246592548645,3.3480893376349936,26.337266099541157,22.989176761906155
1998-10-14,27.260620764302004,25.330395073536234,30.63406800649328,27.632688323609074,1.704031603931834,1.9382635468053484,23.018544179614718,21.08028063280938,27.260620764302004,25.330395073536234,30.63406800649328,27.632688323609074,1.704031603931834,1.9382635468053484,23.018544179614718,21.08028063280938
1998-10-15,26.693876815281754,24.226064895785697,31.161142467621,26.984923556243807,1.9066306322080115,2.3132390386939004,20.1865503693727,17.873311330678803,26.693876815281754,24.226064895785697,31.161142467621,26.984923556243807,1.9066306322080115,2.3132390386939004,20.1865503693727,17.873311330678803
1998-10-16,26.836372788355316,24.831951303404743,30.70275545352017,27.085014071525645,1.661180253178353,2.386100044360501,25.271559300116984,22.88545925575648,26.836372788355316,24.831951303404743,30.70275545352017,27.085014071525645,1.661180253178353,2.386100044360501,25.271559300116984,22.88545925575648
1998-10-17,27.681570366535567,24.704207973070364,31.953671964435046,28.051201744030354,0.17973759336740394,1.7482659662376625,30.479502944553253,28.731236978315597,27.681570366535567,24.704207973070364,31.953671964435046,28.051201744030354,0.17973759336740394,1.7482659662376625,30.479502944553253,28.731236978315597
1998-10-18,27.92085615908085,24.780968286958316,31.496782746403962,28.41647828740254,0.26882880367932355,1.6148800273760813,28.626607726392034,27.011727699015964,27.92085615908085,24.780968286958316,31.496782746403962,28.41647828740254,0.26882880367932355,1.6148800273760813,28.626607726392034,27.011727699015964
1998-10-19,27.33738669453341,24.43993078260696,30.408063110695487,27.827389133744877,0.7160131591956945,1.50995596051846,24.765194753560845,23.25523879304239,27.33738669453341,24.43993078260696,30.408063110695487,27.827389133744877,0.7160131591956945,1.50995596051846,24.765194753560845,23.25523879304239
1998-10-20,26.277218673122032,24.64609893551588,28.46827397522849,26.176020791355032,8.412599378740811,3.2810189798290597,14.038955894478946,10.757936914649887,26.277218673122032,24.64609893551588,28.46827397522849,26.176020791355032,8.412599378740811,3.2810189798290597,14.038955894478946,10.757936914649887
1998-10-21,26.67128870844122,24.149587028049222,30.849565933404843,26.959812233864362,0.6676671116804425,2.215042618451381,18.092867521048852,15.877824902597464,26.67128870844122,24.149587028049222,30.849565933404843,26.959812233864362,0.6676671116804425,2.215042618451381,18.092867521048852,15.877824902597464
1998-10-22,26.781690622302655,24.932722781115107,30.20350003297913,27.024089579343187,6.13045359673992,2.1727803783565385,14.477515575456628,12.304735197100099,26.781690622302655,24.932722781115107,30.20350003297913,27.024089579343187,6.13045359673992,2.1727803783565385,14.477515575456628,12.304735197100099
1998-10-23,25.382191832944326,23.869776223704314,28.66019607334326,25.066121029739087,17.426342930898027,5.507610528984089,10.439263534046217,4.931653005062125,25.382191832944326,23.869776223704314,28.66019607334326,25.066121029739087,17.426342930898027,5.507610528984089,10.439263534046217,4.931653005062125
1998-10-24,25.72424380289107,24.393568728380732,28.91507920295089,25.69164643923112,8.880519771082776,3.834843335068951,12.709392464971318,8.874549129902372,25.72424380289107,24.393568728380732,28.91507920295089,25.69164643923112,8.880519771082776,3.834843335068951,12.709392464971318,8.874549129902372
1998-10-25,24.913208871706875,23.79036753440495,27.822939814090166,24.553924929520363,13.985368273406989,4.555390205256594,8.323211371163824,3.767821165907231,24.913208871706875,23.79036753440495,27.822939814090166,24.553924929520363,13.985368273406989,4.555390205256594,8.323211371163824,3.767821165907231
1998-10-26,25.895545734541173,24.795506827853888,27.952470389887118,25.898331930839692,1.6671233256528846,3.327246798663627,20.466346780508065,17.139099981844442,25.895545734541173,24.795506827853888,27.952470389887118,25.898331930839692,1.6671233256528846,3.327246798663627,20.466346780508065,17.139099981844442
1998-10-27,26.090324997686402,24.697611623819757,28.43807081200357,26.124863532105458,3.0204574221012024,3.5941955049867653,26.599542211902598,23.005346706915834,26.090324997686402,24.697611623819757,28.43807081200357,26.124863532105458,3.0204574221012024,3.5941955049867653,26.599542211902598,23.005346706915834
1998-10-28,25.93986957366867,24.47592820089939,28.52319747854929,25.92843913138434,3.2174328592051147,3.8215768172176996,24.472569337547053,20.65099252032935,25.93986957366867,24.47592820089939,28.52319747854929,25.92843913138434,3.2174328592051147,3.8215768172176996,24.472569337547053,20.65099252032935
1998-10-29,26.604606543228833,25.461471323279987,28.283044584085452,26.67668360765801,0.788920260139148,2.785493437674482,29.768154898992336,26.98266146131786,26.604606543228833,25.461471323279987,28.283044584085452,26.67668360765801,0.788920260139148,2.785493437674482,29.768154898992336,26.98266146131786
1998-10-30,26.745988340961254,24.862924543691754,29.81254599350524,26.924741401820114,0.049852881896827524,2.721979886072965,28.53493465424927,25.8129547681763,26.745988340961254,24.862924543691754,29.81254599350524,26.924741401820114,0.049852881896827524,2.721979886072965,28.53493465424927,25.8129547681763
1998-10-31,26.87448859667718,24.828932180804365,29.80240166675203,27.067220709947335,1.4046811541019497,2.7845389891695325,26.269588332102305,23.485049342932758,26.87448859667718,24.828932180804365,29.80240166675203,27.067220709947335,1.4046811541019497,2.7845389891695325,26.269588332102305,23.485049342932758
1998-11-01,26.87460396517977,24.61896864194688,30.688546269206146,26.973939047008695,0.19503165053763943,2.574761332527417,24.73174582205007,22.156984489522646,26.87460396517977,24.61896864194688,30.688546269206146,26.973939047008695,0.19503165053763943,2.574761332527417,24.73174582205007,22.156984489522646
1998-11-02,27.038586011884195,25.693262218597578,29.21857052998204,27.102148088860798,1.811218362471741,1.5889919310802934,17.80555070538301,16.216558774302715,27.038586011884195,25.693262218597578,29.21857052998204,27.102148088860798,1.811218362471741,1.5889919310802934,17.80555070538301,16.216558774302715
1998-11-03,25.435061893729667,24.69787886492922,27.31615113637609,25.05506673622294,9.626102829617734,3.749448595769958,7.810175106553969,4.060726510784017,25.435061893729667,24.69787886492922,27.31615113637609,25.05506673622294,9.626102829617734,3.749448595769958,7.810175106553969,4.060726510784017
1998-11-04,25.474663741176865,23.77018372527974,27.21362164622668,25.362385229836587,32.26486426128369,6.503435345802898,17.216326042290678,10.712890696487785,25.474663741176865,23.77018372527974,27.21362164622668,25.362385229836587,32.26486426128369,6.503435345802898,17.216326042290678,10.712890696487785
1998-11-05,25.531915753265945,24.225087591576333,27.085459825193883,25.60240437654421,0.6962181628275269,3.521249395660338,26.289347353200753,22.76809795754041,25.531915753265945,24.225087591576333,27.085459825193883,25.60240437654421,0.6962181628275269,3.521249395660338,26.289347353200753,22.76809795754041
1998-11-06,24.42512986874148,22.693381870292583,26.87475624312894,24.491205629440756,0.12300977733628464,3.0846933973018196,30.017704409312582,26.933011012010763,24.42512986874148,22.693381870292583,26.87475624312894,24.491205629440756,0.12300977733628464,3.0846933973018196,30.017704409312582,26.933011012010763
1998-11-07,24.051421124954434,21.459229264858905,27.677691417128354,24.163448857236517,8.52346317969932E-4,3.0714004212290344,27.097739148051783,24.02633872682274,24.051421124954434,21.459229264858905,27.677691417128354,24.163448857236517,8.52346317969932E-4,3.0714004212290344,27.097739148051783,24.02633872682274
1998-11-08,24.319124579801972,21.037798070420468,28.74131374701762,24.454088038979446,0.0030257086223173246,3.090764703271715,28.249493765658826,25.158729062387117,24.319124579801972,21.037798070420468,28.74131374701762,24.454088038979446,0.0030257086223173246,3.090764703271715,28.249493765658826,25.158729062387117
1998-11-09,25.702084353676348,23.187088428697468,29.40443377090025,25.83217975168119,0.3341332170794632,2.4459444622168993,20.603265982041187,18.157321519824276,25.702084353676348,23.187088428697468,29.40443377090025,25.83217975168119,0.3341332170794632,2.4459444622168993,20.603265982041187,18.157321519824276
1998-11-10,26.727528982822026,24.28170833016579,30.45937596744695,26.812997147857025,0.08547685571668343,2.3333243307286513,20.837704820001402,18.50438048927275,26.727528982822026,24.28170833016579,30.45937596744695,26.812997147857025,0.08547685571668343,2.3333243307286513,20.837704820001402,18.50438048927275
1998-11-11,27.016264388319698,24.742438377280898,30.18473300698689,27.288656906713715,0.04148519169762601,2.4074817653030265,20.42446376551788,18.016982000214856,27.016264388319698,24.742438377280898,30.18473300698689,27.288656906713715,0.04148519169762601,2.4074817653030265,20.42446376551788,18.016982000214856
1998-11-12,26.12067599173955,23.085194454481954,29.24171582874,26.407555199453288,0.07736043595814206,2.3031177707134556,22.670169475423734,20.367051704710274,26.12067599173955,23.085194454481954,29.24171582874,26.407555199453288,0.07736043595814206,2.3031177707134556,22.670169475423734,20.367051704710274
1998-11-13,26.113248214058864,23.38441427189848,29.806118307889562,26.39050539255678,0.11824996119375532,2.3144694739331357,23.327293098182817,21.012823624249677,26.113248214058864,23.38441427189848,29.806118307889562,26.39050539255678,0.11824996119375532,2.3144694739331357,23.327293098182817,21.012823624249677
1998-11-14,26.082381579936722,22.969029610456776,29.759328040122607,26.349167761780773,0.3715084592387923,2.0538432823442228,21.38195650579224,19.32811322344802,26.082381579936722,22.969029610456776,29.759328040122607,26.349167761780773,0.3715084592387923,2.0538432823442228,21.38195650579224,19.32811322344802
1998-11-15,25.459103068788068,22.415875309711986,28.924002493347345,25.846632275117276,0.17244667359577467,2.2174473379532933,19.2810413927921,17.063594054838813,25.459103068788068,22.415875309711986,28.924002493347345,25.846632275117276,0.17244667359577467,2.2174473379532933,19.2810413927921,17.063594054838813
1998-11-16,24.849101555710014,21.21503037267602,28.545788258186008,25.19037820131432,0.04612681363338846,1.7464489339155047,15.480542306792525,13.734093372877025,24.849101555710014,21.21503037267602,28.545788258186008,25.19037820131432,0.04612681363338846,1.7464489339155047,15.480542306792525,13.734093372877025
1998-11-17,25.18852083542763,23.18046871560183,28.035412131131743,25.43203812111321,0.5305288561253885,1.7752132708860893,16.603402281655686,14.8281890107696,25.18852083542763,23.18046871560183,28.035412131131743,25.43203812111321,0.5305288561253885,1.7752132708860893,16.603402281655686,14.8281890107696
1998-11-18,25.341511535823734,23.619110523424027,28.560402292195782,25.484730208153852,1.7902342837920233,1.8360772422393807,18.773365460071133,16.937288217831764,25.341511535823734,23.619110523424027,28.560402292195782,25.484730208153852,1.7902342837920233,1.8360772422393807,18.773365460071133,16.937288217831764
1998-11-19,25.494330281025476,23.404213526216147,29.681242979559567,25.645755644562414,1.5058484189452928,2.156481562774758,14.357844013989741,12.201362451214987,25.494330281025476,23.404213526216147,29.681242979559567,25.645755644562414,1.5058484189452928,2.156481562774758,14.357844013989741,12.201362451214987
1998-11-20,26.192189930352313,23.893428964537552,29.624126080401766,26.26952499711238,0.49653556952387456,1.9196333677264206,15.02315966952389,13.103526301797466,26.192189930352313,23.893428964537552,29.624126080401766,26.26952499711238,0.49653556952387456,1.9196333677264206,15.02315966952389,13.103526301797466
1998-11-21,26.252178252962494,23.38088332146307,29.75229942480324,26.567473089324107,0.41309049018820954,1.6975089997530783,18.5003255944346,16.802816594681527,26.252178252962494,23.38088332146307,29.75229942480324,26.567473089324107,0.41309049018820954,1.6975089997530783,18.5003255944346,16.802816594681527
1998-11-22,25.623614728004323,23.61820716978837,28.968996142165295,25.716287093046603,4.175446872435726,2.0105977506285275,12.155450339907693,10.14485258927917,25.623614728004323,23.61820716978837,28.968996142165295,25.716287093046603,4.175446872435726,2.0105977506285275,12.155450339907693,10.14485258927917
1998-11-23,25.40709014454534,23.124664072303418,29.26394918508279,25.29182497293051,0.9973959819495403,2.486924120881431,13.443757191053699,10.956833070172264,25.40709014454534,23.124664072303418,29.26394918508279,25.29182497293051,0.9973959819495403,2.486924120881431,13.443757191053699,10.956833070172264
1998-11-24,26.00780548099294,23.62536484253743,29.038940646825544,26.370707711460266,0.08538603131810554,1.6942416498514286,18.65694705461187,16.96270540476044,26.00780548099294,23.62536484253743,29.038940646825544,26.370707711460266,0.08538603131810554,1.6942416498514286,18.65694705461187,16.96270540476044
1998-11-25,25.457764527483402,23.453383514737485,28.056717630556275,25.771415991635966,0.4967385678965277,1.6345729399898932,17.98774410917037,16.353171169180477,25.457764527483402,23.453383514737485,28.056717630556275,25.771415991635966,0.4967385678965277,1.6345729399898932,17.98774410917037,16.353171169180477
1998-11-26,25.148800086728816,23.207778212603348,27.760435460578677,25.358824337588384,0.07003430813792388,1.5825515172722133,23.803955945867,22.221404428594784,25.148800086728816,23.207778212603348,27.760435460578677,25.358824337588384,0.07003430813792388,1.5825515172722133,23.803955945867,22.221404428594784
1998-11-27,24.897020117721695,23.387134496373697,27.26586482151157,24.978724751792218,1.3820401449603026,1.7796888584668,20.068827351242273,18.28913849277547,24.897020117721695,23.387134496373697,27.26586482151157,24.978724751792218,1.3820401449603026,1.7796888584668,20.068827351242273,18.28913849277547
1998-11-28,25.059609436683758,22.72800746486401,28.614293432823526,25.22871394348327,0.8114025956139306,1.8771720106026868,23.74808017627668,21.870908165674003,25.059609436683758,22.72800746486401,28.614293432823526,25.22871394348327,0.8114025956139306,1.8771720106026868,23.74808017627668,21.870908165674003
1998-11-29,24.672196417827962,21.609184522585075,28.434996174069546,24.96780718294719,0.001476694491611435,1.4253908209961959,23.288090350175242,21.862699529179043,24.672196417827962,21.609184522585075,28.434996174069546,24.96780718294719,0.001476694491611435,1.4253908209961959,23.288090350175242,21.862699529179043
1998-11-30,24.827704809461416,21.23814840555271,28.984826224805037,25.16731370408818,0.0011384486242604908,1.544371238434323,28.938027235898137,27.393655997463796,24.827704809461416,21.23814840555271,28.984826224805037,25.16731370408818,0.0011384486242604908,1.544371238434323,28.938027235898137,27.393655997463796
1998-12-01,24.899622178175736,22.39589668534594,27.84778520746013,25.15532186216381,0.3331444000181659,1.2632733914251895,23.345037000978774,22.08176360955358,24.899622178175736,22.39589668534594,27.84778520746013,25.15532186216381,0.3331444000181659,1.2632733914251895,23.345037000978774,22.08176360955358
1998-12-02,24.613833926179513,22.586208838784923,27.62482004625854,24.975785428788843,0.5421088914579615,1.3979274731007376,20.578844671561786,19.18091719846105,24.613833926179513,22.586208838784923,27.62482004625854,24.975785428788843,0.5421088914579615,1.3979274731007376,20.578844671561786,19.18091719846105
1998-12-03,24.45514433680387,21.045581186905224,28.625530872566614,24.868870912332135,3.968044333409237E-6,1.2941643239437544,22.645694717066764,21.35153039312301,24.45514433680387,21.045581186905224,28.625530872566614,24.868870912332135,3.968044333409237E-6,1.2941643239437544,22.645694717066764,21.35153039312301
1998-12-04,24.339598595705485,20.40079784171599,28.98038505186027,24.73044796211693,0.011568969721187795,1.1544601001729844,23.390418348303136,22.235958248130153,24.339598595705485,20.40079784171599,28.98038505186027,24.73044796211693,0.011568969721187795,1.1544601001729844,23.390418348303136,22.235958248130153
1998-12-05,24.984445257389602,21.857546796056283,29.09193864038349,25.45493210020715,0.6201399466767208,1.1212220438436198,19.414696898855926,18.293474855012303,24.984445257389602,21.857546796056283,29.09193864038349,25.45493210020715,0.6201399466767208,1.1212220438436198,19.414696898855926,18.293474855012303
1998-12-06,25.3446970839421,22.042814379856967,29.678600940925996,25.67277122355124,0.11031363004670736,1.1774982316219371,19.184438957215693,18.006940725593754,25.3446970839421,22.042814379856967,29.678600940925996,25.67277122355124,0.11031363004670736,1.1774982316219371,19.184438957215693,18.006940725593754
1998-12-07,26.033851313952077,22.958178628166987,30.07886592680901,26.29752484816855,0.40093594394847704,1.0633557869561665,22.952380793201293,21.889025006245124,26.033851313952077,22.958178628166987,30.07886592680901,26.29752484816855,0.40093594394847704,1.0633557869561665,22.952380793201293,21.889025006245124
1998-12-08,26.169842258725286,23.36738497958124,29.85770892404926,26.482781013855202,0.3070798587682872,1.0341148634545183,17.58820366464731,16.554088801192794,26.169842258725286,23.36738497958124,29.85770892404926,26.482781013855202,0.3070798587682872,1.0341148634545183,17.58820366464731,16.554088801192794
1998-12-09,26.029576374603465,23.424404472950318,29.49638957056872,26.45625559076867,0.17489513371177765,0.9741670018709557,20.277148838948513,19.302981837077546,26.029576374603465,23.424404472950318,29.49638957056872,26.45625559076867,0.17489513371177765,0.9741670018709557,20.277148838948513,19.302981837077546
1998-12-10,25.070284243739696,21.472707478468454,29.29697294003441,25.522841937970036,-1.4570490832730213E-5,1.0210975759222116,27.88345227309959,26.862354697177388,25.070284243739696,21.472707478468454,29.29697294003441,25.522841937970036,-1.4570490832730213E-5,1.0210975759222116,27.88345227309959,26.862354697177388
1998-12-11,24.739212761852386,22.100774328454143,28.066852057101848,25.27843941185446,1.42027331552933,1.069476915895414,16.562962721522823,15.493485805627412,24.739212761852386,22.100774328454143,28.066852057101848,25.27843941185446,1.42027331552933,1.069476915895414,16.562962721522823,15.493485805627412
1998-12-12,24.047903231246522,22.066701468601703,26.63401572673238,24.041645790548852,2.7551836952736948,1.8957677989799229,8.729800427094357,6.834032628114434,24.047903231246522,22.066701468601703,26.63401572673238,24.041645790548852,2.7551836952736948,1.8957677989799229,8.729800427094357,6.834032628114434
1998-12-13,23.793772954561163,23.00683715433328,24.966550850003188,23.95677892360891,2.7782707251676677,2.0866388823756994,23.845013473793074,21.758374591417375,23.793772954561163,23.00683715433328,24.966550850003188,23.95677892360891,2.7782707251676677,2.0866388823756994,23.845013473793074,21.758374591417375
1998-12-14,22.60592042650436,22.128392016446725,23.173356469864103,22.801647531514593,0.1587528846885146,0.8830495330256737,38.28581614146228,37.402766608436586,22.60592042650436,22.128392016446725,23.173356469864103,22.801647531514593,0.1587528846885146,0.8830495330256737,38.28581614146228,37.402766608436586
1998-12-15,21.73717752904337,21.086431217227158,22.874416830473308,21.950382321930956,0.05823125004474441,0.8501643301835775,36.06983690183739,35.21967257165381,21.73717752904337,21.086431217227158,22.874416830473308,21.950382321930956,0.05823125004474441,0.8501643301835775,36.06983690183739,35.21967257165381
1998-12-16,21.399700162018032,20.54447978611936,22.8424912246107,21.64332778794509,0.013814615014680152,0.8114189763762405,30.90585420494056,30.09443522856432,21.399700162018032,20.54447978611936,22.8424912246107,21.64332778794509,0.013814615014680152,0.8114189763762405,30.90585420494056,30.09443522856432
1998-12-17,20.779796209018475,19.6713569504058,22.261819957855387,20.919026207103727,0.003018326411799285,0.6995043340399886,30.71562752164387,30.01612318760389,20.779796209018475,19.6713569504058,22.261819957855387,20.919026207103727,0.003018326411799285,0.6995043340399886,30.71562752164387,30.01612318760389
1998-12-18,21.29263976597519,18.110575523255502,26.123717194302177,21.650204648677107,0.05413157151186565,1.065768277211565,28.110882405791326,27.045114128579765,21.29263976597519,18.110575523255502,26.123717194302177,21.650204648677107,0.05413157151186565,1.065768277211565,28.110882405791326,27.045114128579765
1998-12-19,23.213205436195093,19.2666667652029,29.35821991880491,23.529160271394154,0.0012844800494349329,0.9135031779390188,29.183303836933863,28.26980065899485,23.213205436195093,19.2666667652029,29.35821991880491,23.529160271394154,0.0012844800494349329,0.9135031779390188,29.183303836933863,28.26980065899485
1998-12-20,24.837546779466443,21.4886757931603,29.124849730757294,25.182857355456232,0.22235755098286183,0.7663630362430813,20.768933895714223,20.002570859471138,24.837546779466443,21.4886757931603,29.124849730757294,25.182857355456232,0.22235755098286183,0.7663630362430813,20.768933895714223,20.002570859471138
1998-12-21,25.35609312900648,22.134495919050526,29.78697955113723,25.769459466014947,0.06471493360748785,0.7427754592479809,20.589378671920723,19.846603212672747,25.35609312900648,22.134495919050526,29.78697955113723,25.769459466014947,0.06471493360748785,0.7427754592479809,20.589378671920723,19.846603212672747
1998-12-22,24.89034927930722,21.859350085014892,28.611016496347197,25.28722389152223,0.15302393581038182,0.6735543613809224,19.745931525325293,19.07237716394437,24.89034927930722,21.859350085014892,28.611016496347197,25.28722389152223,0.15302393581038182,0.6735543613809224,19.745931525325293,19.07237716394437
1998-12-23,24.692765551687287,21.37039809863553,28.83823447393753,25.177501245041633,0.003819881408550905,0.6512204246144762,19.939149938216705,19.287929513602236,24.692765551687287,21.37039809863553,28.83823447393753,25.177501245041633,0.003819881408550905,0.6512204246144762,19.939149938216705,19.287929513602236
1998-12-24,24.574350404218666,21.817245082445353,28.404803867749855,25.049874657790767,0.7415141821848498,0.824126761043185,18.159689860009692,17.335563098966503,24.574350404218666,21.817245082445353,28.404803867749855,25.049874657790767,0.7415141821848498,0.824126761043185,18.159689860009692,17.335563098966503
1998-12-25,24.314913427458862,21.23765832377634,28.400481244685434,24.828963092975563,6.099386995913973E-4,0.7437391235490166,18.666828461266938,17.92308933771792,24.314913427458862,21.23765832377634,28.400481244685434,24.828963092975563,6.099386995913973E-4,0.7437391235490166,18.666828461266938,17.92308933771792
1998-12-26,23.661585458914665,21.629924619109634,26.51153229286482,23.949155127505325,0.8494582549735104,0.869414447299944,15.168892989258563,14.299478541958617,23.661585458914665,21.629924619109634,26.51153229286482,23.949155127505325,0.8494582549735104,0.869414447299944,15.168892989258563,14.299478541958617
1998-12-27,23.773530155803147,20.931168018541236,27.851610111291617,24.193174123142533,0.041416929810609786,0.6156926125015072,17.578076178883116,16.962383566381604,23.773530155803147,20.931168018541236,27.851610111291617,24.193174123142533,0.041416929810609786,0.6156926125015072,17.578076178883116,16.962383566381604
1998-12-28,23.90457762825355,20.693423260900047,27.949640026945712,24.52038463983535,0.27005998097297196,0.6579636947480503,18.246664450113176,17.588700755365135,23.90457762825355,20.693423260900047,27.949640026945712,24.52038463983535,0.27005998097297196,0.6579636947480503,18.246664450113176,17.588700755365135
1998-12-29,23.45798947548266,20.509018360338104,27.311993242662155,23.972995411970427,0.019842976101323503,0.5397426352225041,12.902551832208333,12.362809196985824,23.45798947548266,20.509018360338104,27.311993242662155,23.972995411970427,0.019842976101323503,0.5397426352225041,12.902551832208333,12.362809196985824
1998-12-30,23.677210697193363,21.617091493784557,26.833586729559553,23.974699235284415,0.4367801746529003,0.7156214652850028,19.243996064190124,18.52837459890512,23.677210697193363,21.617091493784557,26.833586729559553,23.974699235284415,0.4367801746529003,0.7156214652850028,19.243996064190124,18.52837459890512
1998-12-31,23.28608040343269,19.670535243922167,28.446566856306298,23.753811851045565,0.0020248876722846897,0.5849468718273365,27.89342348300138,27.30847661117404,23.28608040343269,19.670535243922167,28.446566856306298,23.753811851045565,0.0020248876722846897,0.5849468718273365,27.89342348300138,27.30847661117404
1999-01-01,24.37425945036086,21.30169442537257,29.15731914395296,24.83042950591552,0.33044859046623526,0.708918951585621,28.31562637873373,27.606707427148127,24.37425945036086,21.30169442537257,29.15731914395296,24.83042950591552,0.33044859046623526,0.708918951585621,28.31562637873373,27.606707427148127
1999-01-02,26.19939568947212,22.662137373991072,31.94235736541904,26.550945058842597,0.018185477794382617,0.5672980984328454,29.06301593740626,28.49571783897342,26.19939568947212,22.662137373991072,31.94235736541904,26.550945058842597,0.018185477794382617,0.5672980984328454,29.06301593740626,28.49571783897342
1999-01-03,23.62920088208696,22.158077068805827,27.31553671616148,23.961769055318086,1.1407747438552418,0.9953625783633914,25.571036615414524,24.575674037051147,23.62920088208696,22.158077068805827,27.31553671616148,23.961769055318086,1.1407747438552418,0.9953625783633914,25.571036615414524,24.575674037051147
1999-01-04,21.266495130027632,19.94070799727804,22.27213521636926,21.4859644407564,0.08888187312710322,0.384750883920002,38.23991039818379,37.85515951426379,21.266495130027632,19.94070799727804,22.27213521636926,21.4859644407564,0.08888187312710322,0.384750883920002,38.23991039818379,37.85515951426379
1999-01-05,20.813597862572443,19.696027628222385,22.378206400990482,20.99591218944562,1.4359605661890047,1.137976498907617,38.139731657677174,37.00175515876957,20.813597862572443,19.696027628222385,22.378206400990482,20.99591218944562,1.4359605661890047,1.137976498907617,38.139731657677174,37.00175515876957
1999-01-06,21.08310785001326,18.07906514027033,25.338327843322375,21.4051109385628,0.004460323272602958,0.5851438326099128,36.85064955511829,36.26550572250837,21.08310785001326,18.07906514027033,25.338327843322375,21.4051109385628,0.004460323272602958,0.5851438326099128,36.85064955511829,36.26550572250837
1999-01-07,21.3765486789895,18.670001019689103,25.20659594937246,21.63015603377556,4.351138045421976E-4,0.461026190643308,36.25446991019367,35.79344371955036,21.3765486789895,18.670001019689103,25.20659594937246,21.63015603377556,4.351138045421976E-4,0.461026190643308,36.25446991019367,35.79344371955036
1999-01-08,23.245358913001024,19.643509826982598,28.934462100328247,23.59615531546058,0.14055420088633702,0.5303590504997797,28.255662161433055,27.725303110933257,23.245358913001024,19.643509826982598,28.934462100328247,23.59615531546058,0.14055420088633702,0.5303590504997797,28.255662161433055,27.725303110933257
1999-01-09,25.162079091579944,22.038640206159908,30.700327156177007,25.61535092584827,0.06456912372444273,0.48928548866970184,22.301680484196794,21.8123949955271,25.162079091579944,22.038640206159908,30.700327156177007,25.61535092584827,0.06456912372444273,0.48928548866970184,22.301680484196794,21.8123949955271
1999-01-10,22.70462980683562,21.179306747259123,25.200473907137415,23.02285145209462,1.852003902062685,1.2538747743228735,20.61955037147237,19.36567559714949,22.70462980683562,21.179306747259123,25.200473907137415,23.02285145209462,1.852003902062685,1.2538747743228735,20.61955037147237,19.36567559714949
1999-01-11,20.521323484891322,18.977069562621047,23.13769147711007,20.885495375780657,0.048185415088364776,0.49565226336932594,36.439346680342204,35.94369441697286,20.521323484891322,18.977069562621047,23.13769147711007,20.885495375780657,0.048185415088364776,0.49565226336932594,36.439346680342204,35.94369441697286
1999-01-12,20.7526104771532,17.310916769760656,25.2043779051358,21.232802740430543,0.0,0.5807659600891877,33.09010865456119,32.50934269447201,20.7526104771532,17.310916769760656,25.2043779051358,21.232802740430543,0.0,0.5807659600891877,33.09010865456119,32.50934269447201
1999-01-13,22.09511776013013,17.52482438042112,28.746589552612893,22.523359051156127,8.52346317969932E-4,0.5352242097557744,32.63634310227625,32.10111889252049,22.09511776013013,17.52482438042112,28.746589552612893,22.523359051156127,8.52346317969932E-4,0.5352242097557744,32.63634310227625,32.10111889252049
1999-01-14,23.881586691934935,20.224948736058412,28.45087240393118,24.56089569330079,0.013428901217119808,0.4231009091729216,21.901063933343938,21.47796302417102,23.881586691934935,20.224948736058412,28.45087240393118,24.56089569330079,0.013428901217119808,0.4231009091729216,21.901063933343938,21.47796302417102
1999-01-15,22.97092083430109,21.205654155842684,26.02536175960631,23.393595832349007,0.25535629181090946,0.47732924031472246,12.449403880305082,11.972074639990366,22.97092083430109,21.205654155842684,26.02536175960631,23.393595832349007,0.25535629181090946,0.47732924031472246,12.449403880305082,11.972074639990366
1999-01-16,21.748002106300564,17.280140576928613,27.38963721726464,21.800301933669317,0.03481213466863584,0.39036132791547046,14.818688751568715,14.428327423653245,21.748002106300564,17.280140576928613,27.38963721726464,21.800301933669317,0.03481213466863584,0.39036132791547046,14.818688751568715,14.428327423653245
1999-01-17,24.499269899684332,21.154838969951832,30.016049195410833,25.010418527344978,0.10434060753462557,0.41028605751081754,21.035988097692208,20.625702040181398,24.499269899684332,21.154838969951832,30.016049195410833,25.010418527344978,0.10434060753462557,0.41028605751081754,21.035988097692208,20.625702040181398
1999-01-18,24.512606305718915,21.5613654125572,29.217492396296507,25.125512274069905,1.057137060232075,0.8392194781338251,15.917935692411604,15.078716214277785,24.512606305718915,21.5613654125572,29.217492396296507,25.125512274069905,1.057137060232075,0.8392194781338251,15.917935692411604,15.078716214277785
1999-01-19,24.582995284643655,21.53749596359609,29.165592132600548,25.194229301684704,0.1395183586479395,0.5307037956742342,17.673659404426775,17.142955608752544,24.582995284643655,21.53749596359609,29.165592132600548,25.194229301684704,0.1395183586479395,0.5307037956742342,17.673659404426775,17.142955608752544
1999-01-20,24.91508370225129,20.97394879358924,30.100292469977266,25.516475958900898,0.0025541540367157722,0.45330563180250955,24.15832291925066,23.70501728744815,24.91508370225129,20.97394879358924,30.100292469977266,25.516475958900898,0.0025541540367157722,0.45330563180250955,24.15832291925066,23.70501728744815
1999-01-21,25.288977797014393,21.037488175647756,31.27470481472136,25.777098957602412,0.0075551815024253064,0.4330843765132442,29.99187553483191,29.558791158318652,25.288977797014393,21.037488175647756,31.27470481472136,25.777098957602412,0.0075551815024253064,0.4330843765132442,29.99187553483191,29.558791158318652
1999-01-22,26.96871177724395,23.14727717846702,33.154903224556676,27.293019536846895,0.0036982096993966908,0.40619437133039793,39.71046913453246,39.304274763202045,26.96871177724395,23.14727717846702,33.154903224556676,27.293019536846895,0.0036982096993966908,0.40619437133039793,39.71046913453246,39.304274763202045
1999-01-23,24.93069339173067,22.663172278919827,30.553384732645746,24.987445571879743,2.7459709209302394,1.6727245722114308,28.940760205437815,27.26803563322639,24.93069339173067,22.663172278919827,30.553384732645746,24.987445571879743,2.7459709209302394,1.6727245722114308,28.940760205437815,27.26803563322639
1999-01-24,21.306125950720876,19.838661752279524,23.132559971609464,21.813213251554423,0.0017166343013741425,0.4018761916988204,38.405914585243515,38.0040383935447,21.306125950720876,19.838661752279524,23.132559971609464,21.813213251554423,0.0017166343013741425,0.4018761916988204,38.405914585243515,38.0040383935447
1999-01-25,21.328067182411196,19.53230141279936,24.36313569974878,21.649776247469557,0.011053145283256849,0.36439836201070663,34.32601466696208,33.96161630495136,21.328067182411196,19.53230141279936,24.36313569974878,21.649776247469557,0.011053145283256849,0.36439836201070663,34.32601466696208,33.96161630495136
1999-01-26,22.86362507049647,19.798538624009993,27.963126861582957,23.270521675567668,0.024468840901701892,0.41176084535312546,29.077881577779984,28.66612073242684,22.86362507049647,19.798538624009993,27.963126861582957,23.270521675567668,0.024468840901701892,0.41176084535312546,29.077881577779984,28.66612073242684
1999-01-27,24.25080536840896,21.175244039580488,29.030934969158587,24.715137733987156,2.436367846893069,0.5190108524515368,22.952115994475605,22.433105142024058,24.25080536840896,21.175244039580488,29.030934969158587,24.715137733987156,2.436367846893069,0.5190108524515368,22.952115994475605,22.433105142024058
1999-01-28,24.2718788977813,21.689992736837866,29.65845203513864,24.491411383246863,0.9865446969783092,1.3855408710486958,18.788959735209943,17.40341886416124,24.2718788977813,21.689992736837866,29.65845203513864,24.491411383246863,0.9865446969783092,1.3855408710486958,18.788959735209943,17.40341886416124
1999-01-29,25.781556701436255,22.57437417251028,31.333394153859608,26.076888810019327,0.03558807525193092,0.7115042105437838,29.731522249625414,29.020018039081624,25.781556701436255,22.57437417251028,31.333394153859608,26.076888810019327,0.03558807525193092,0.7115042105437838,29.731522249625414,29.020018039081624
1999-01-30,26.28356453130912,22.39491994010596,30.89171049380725,26.90223068245361,0.01813220515717863,0.5831041472710409,28.47496090786857,27.891856760597527,26.28356453130912,22.39491994010596,30.89171049380725,26.90223068245361,0.01813220515717863,0.5831041472710409,28.47496090786857,27.891856760597527
1999-01-31,25.366498220573003,22.804921334089588,29.139407083122297,26.045871442056068,0.5168190692822452,0.6024099426496905,18.154262688093596,17.551852745443895,25.366498220573003,22.804921334089588,29.139407083122297,26.045871442056068,0.5168190692822452,0.6024099426496905,18.154262688093596,17.551852745443895
1999-02-01,24.6205113869032,21.34263652440061,29.141159613361683,25.258618055403904,0.008532048944354305,0.5424829362620975,19.90328304529945,19.36080010903736,24.6205113869032,21.34263652440061,29.141159613361683,25.258618055403904,0.008532048944354305,0.5424829362620975,19.90328304529945,19.36080010903736
1999-02-02,24.65440623046121,20.98291527511953,29.36419324293733,25.277741028661563,0.08402688471495894,0.4795043345103802,22.140117236828033,21.660612902317652,24.65440623046121,20.98291527511953,29.36419324293733,25.277741028661563,0.08402688471495894,0.4795043345103802,22.140117236828033,21.660612902317652
1999-02-03,25.271083135673205,21.01145002762164,30.729945916917828,25.9070471428699,8.612870487922919E-4,0.5129774056136208,29.07389798144211,28.560920575828497,25.271083135673205,21.01145002762164,30.729945916917828,25.9070471428699,8.612870487922919E-4,0.5129774056136208,29.07389798144211,28.560920575828497
1999-02-04,25.726169601096398,22.22312376016288,30.042180519332366,26.24808627665295,0.061679373837697775,0.4189866317771362,27.849697398022478,27.430710766245333,25.726169601096398,22.22312376016288,30.042180519332366,26.24808627665295,0.061679373837697775,0.4189866317771362,27.849697398022478,27.430710766245333
1999-02-05,25.41159468549264,21.55286416553951,29.548599927901503,25.915017373234114,0.0021388230774871766,0.3664346829098729,32.05376194528224,31.687327262372374,25.41159468549264,21.55286416553951,29.548599927901503,25.915017373234114,0.0021388230774871766,0.3664346829098729,32.05376194528224,31.687327262372374
1999-02-06,24.949656482054735,20.700223811338677,29.965317123966628,25.549936908078255,0.0012773113553521398,0.36519621710472433,29.32597133854233,28.960775121437617,24.949656482054735,20.700223811338677,29.965317123966628,25.549936908078255,0.0012773113553521398,0.36519621710472433,29.32597133854233,28.960775121437617
1999-02-07,25.115689418533346,20.983376774211767,30.56137493116071,25.81760035496135,0.0034369361401331844,0.3558485950800935,28.033357547932663,27.677508952852566,25.115689418533346,20.983376774211767,30.56137493116071,25.81760035496135,0.0034369361401331844,0.3558485950800935,28.033357547932663,27.677508952852566
1999-02-08,25.299980666691482,20.97196823609212,31.118568978842013,25.918738347951923,4.380942186799075E-4,0.34831525832047205,29.909369610866715,29.561054352546247,25.299980666691482,20.97196823609212,31.118568978842013,25.918738347951923,4.380942186799075E-4,0.34831525832047205,29.909369610866715,29.561054352546247
1999-02-09,25.728126311249056,21.677755402997956,30.771684240950492,26.314246045343676,0.050714964862445436,0.3202532310801182,32.6607476168008,32.34049438572068,25.728126311249056,21.677755402997956,30.771684240950492,26.314246045343676,0.050714964862445436,0.3202532310801182,32.6607476168008,32.34049438572068
1999-02-10,25.78994455739514,21.630670515371442,30.648850972873248,26.389458715007343,0.0,0.3152810064691941,33.33798112290643,33.02270011643721,25.78994455739514,21.630670515371442,30.648850972873248,26.389458715007343,0.0,0.3152810064691941,33.33798112290643,33.02270011643721
1999-02-11,25.418144851466046,21.00881382591832,30.962543759777606,26.003262983651158,4.351138045421976E-4,0.3123041806600176,42.13837463331287,41.82607045265287,25.418144851466046,21.00881382591832,30.962543759777606,26.003262983651158,4.351138045421976E-4,0.3123041806600176,42.13837463331287,41.82607045265287
1999-02-12,24.813970855492478,21.225370946053054,28.60546196389672,25.454332382275656,0.002389614449942262,0.23390989266427809,33.33097840906994,33.097068516405656,24.813970855492478,21.225370946053054,28.60546196389672,25.454332382275656,0.002389614449942262,0.23390989266427809,33.33097840906994,33.097068516405656
1999-02-13,22.039925888131357,20.191099523078698,24.544109657021504,22.121301855822086,4.954759171408017,3.1768818506948033,27.51413755074232,24.337255700047507,22.039925888131357,20.191099523078698,24.544109657021504,22.121301855822086,4.954759171408017,3.1768818506948033,27.51413755074232,24.337255700047507
1999-02-14,20.58619916655448,19.22701027424411,22.479714799204395,20.981536475478684,0.2794644285902753,0.5065543254277747,41.02588057329049,40.519326247862715,20.58619916655448,19.22701027424411,22.479714799204395,20.981536475478684,0.2794644285902753,0.5065543254277747,41.02588057329049,40.519326247862715
1999-02-15,21.46647383092059,17.846054659766487,26.14199070408122,22.025154936681773,2.645362888939492E-5,0.49504521229068493,29.177993399528336,28.68294818723766,21.46647383092059,17.846054659766487,26.14199070408122,22.025154936681773,2.645362888939492E-5,0.49504521229068493,29.177993399528336,28.68294818723766
1999-02-16,22.605184857067425,18.14224819010013,29.065740250886044,23.134966094709185,8.52346317969932E-4,0.4456628234705988,36.54504868662159,36.099385863151,22.605184857067425,18.14224819010013,29.065740250886044,23.134966094709185,8.52346317969932E-4,0.4456628234705988,36.54504868662159,36.099385863151
1999-02-17,24.54065598813356,20.857930216800973,30.265242898208008,25.258770537144095,0.0017153010389847623,0.423931490135218,32.02230445502635,31.59837296489113,24.54065598813356,20.857930216800973,30.265242898208008,25.258770537144095,0.0017153010389847623,0.423931490135218,32.02230445502635,31.59837296489113
1999-02-18,24.29004121229268,20.94601415383556,28.816349919860947,25.067370438046634,0.002156144432774454,0.32132369665905974,19.14694921027274,18.825625513613677,24.29004121229268,20.94601415383556,28.816349919860947,25.067370438046634,0.002156144432774454,0.32132369665905974,19.14694921027274,18.825625513613677
1999-02-19,23.891744343478962,20.713371684795575,28.919442534035166,24.59898416945341,0.2901668273813492,0.4947528498284663,16.118202034374832,15.623449184546352,23.891744343478962,20.713371684795575,28.919442534035166,24.59898416945341,0.2901668273813492,0.4947528498284663,16.118202034374832,15.623449184546352
1999-02-20,24.48738176695849,20.905971834263994,31.024044784755446,25.247900564675916,0.03819983158018385,0.3661294229913865,20.591681662391878,20.225552239400496,24.48738176695849,20.905971834263994,31.024044784755446,25.247900564675916,0.03819983158018385,0.3661294229913865,20.591681662391878,20.225552239400496
1999-02-21,24.477406124219396,22.223795222127514,28.216875955192627,25.154133156228493,0.5583399595110801,0.49097888242530735,19.92693438721862,19.435955504793306,24.477406124219396,22.223795222127514,28.216875955192627,25.154133156228493,0.5583399595110801,0.49097888242530735,19.92693438721862,19.435955504793306
1999-02-22,21.91211721414237,20.394069984169953,23.370960642192138,22.55853860341598,0.4224046176066549,0.5021477082049438,37.878484565235844,37.37633685703091,21.91211721414237,20.394069984169953,23.370960642192138,22.55853860341598,0.4224046176066549,0.5021477082049438,37.878484565235844,37.37633685703091
1999-02-23,21.33031252701689,17.408329679966783,27.30958333756139,21.972093482183755,0.0017285345847994904,0.3319852357233606,35.7605735179235,35.42858828220013,21.33031252701689,17.408329679966783,27.30958333756139,21.972093482183755,0.0017285345847994904,0.3319852357233606,35.7605735179235,35.42858828220013
1999-02-24,22.48426692824243,18.965249832653132,27.182697434003725,23.090527865051698,0.0025676626795697734,0.28448944301851276,35.99549335004073,35.711003907022224,22.48426692824243,18.965249832653132,27.182697434003725,23.090527865051698,0.0025676626795697734,0.28448944301851276,35.99549335004073,35.711003907022224
1999-02-25,22.984079346763775,18.657624040249555,28.560589385696044,23.591014045911457,0.0012852029840360046,0.3091401573731134,43.88323920415126,43.574099046778144,22.984079346763775,18.657624040249555,28.560589385696044,23.591014045911457,0.0012852029840360046,0.3091401573731134,43.88323920415126,43.574099046778144
1999-02-26,23.65401561074624,18.811524186733926,29.77239716876845,24.344970517160146,0.0017153751628029568,0.28773875006249183,38.83247597614784,38.544737226085346,23.65401561074624,18.811524186733926,29.77239716876845,24.344970517160146,0.0017153751628029568,0.28773875006249183,38.83247597614784,38.544737226085346
1999-02-27,24.75842525307058,19.738200669189496,31.19383728521811,25.48958619505048,8.550061352252669E-4,0.28414914319531176,40.509388037091504,40.22523889389621,24.75842525307058,19.738200669189496,31.19383728521811,25.48958619505048,8.550061352252669E-4,0.28414914319531176,40.509388037091504,40.22523889389621
1999-02-28,24.78513716164369,20.86150807766643,28.762276506843794,25.737840389911405,0.002136559203336219,0.22600550406591777,31.561603789998834,31.335598285932907,24.78513716164369,20.86150807766643,28.762276506843794,25.737840389911405,0.002136559203336219,0.22600550406591777,31.561603789998834,31.335598285932907
1999-03-01,24.260942706029432,20.925615603724733,29.493889348915857,25.14204371502613,0.24579015145865776,0.31195431862416156,21.53025087272251,21.218296554098355,24.260942706029432,20.925615603724733,29.493889348915857,25.14204371502613,0.24579015145865776,0.31195431862416156,21.53025087272251,21.218296554098355
1999-03-02,25.62107035852006,22.188618843855217,31.808723492167136,26.429254006169426,0.03776483949586579,0.24969921542141957,31.150339992061454,30.900640776640046,25.62107035852006,22.188618843855217,31.808723492167136,26.429254006169426,0.03776483949586579,0.24969921542141957,31.150339992061454,30.900640776640046
1999-03-03,25.251258175706443,21.87922645023311,28.577648260392653,26.013147955555493,0.11615696061897289,0.24258799085937444,25.549632784828155,25.307044793968775,25.251258175706443,21.87922645023311,28.577648260392653,26.013147955555493,0.11615696061897289,0.24258799085937444,25.549632784828155,25.307044793968775
1999-03-04,24.382243468188488,21.65105900940819,29.72860185892571,25.080184431659486,0.04987218455698989,0.22700016608894102,29.775947277270472,29.548947111181533,24.382243468188488,21.65105900940819,29.72860185892571,25.080184431659486,0.04987218455698989,0.22700016608894102,29.775947277270472,29.548947111181533
1999-03-05,25.388845562103423,21.04593390733178,32.2171322695257,26.09539122335705,0.003998144738520793,0.22762399409576467,38.452180811702966,38.2245568176072,25.388845562103423,21.04593390733178,32.2171322695257,26.09539122335705,0.003998144738520793,0.22762399409576467,38.452180811702966,38.2245568176072
1999-03-06,26.34772780134995,21.842722224080635,31.569895177762533,27.15328874833229,4.410743663640915E-4,0.21455631049775709,41.78971290724846,41.5751565967507,26.34772780134995,21.842722224080635,31.569895177762533,27.15328874833229,4.410743663640915E-4,0.21455631049775709,41.78971290724846,41.5751565967507
1999-03-07,25.04189084464992,20.74492278655002,30.338208960210263,25.758541933897092,4.351138613856165E-4,0.18922234654122141,41.56273490066635,41.373512554125135,25.04189084464992,20.74492278655002,30.338208960210263,25.758541933897092,4.351138613856165E-4,0.18922234654122141,41.56273490066635,41.373512554125135
1999-03-08,25.3095492041501,20.665582941854076,31.74835645481493,26.01859731173669,4.351138045421976E-4,0.1949261192937013,43.21525458741162,43.02032846811792,25.3095492041501,20.665582941854076,31.74835645481493,26.01859731173669,4.351138045421976E-4,0.1949261192937013,43.21525458741162,43.02032846811792
1999-03-09,26.284503167423306,21.680181383843035,31.21720918693685,27.10500242791567,4.351138045421976E-4,0.19529560044822492,45.95291950714006,45.75762390669179,26.284503167423306,21.680181383843035,31.21720918693685,27.10500242791567,4.351138045421976E-4,0.19529560044822492,45.95291950714006,45.75762390669179
1999-03-10,26.100298456727433,22.031784790726984,31.825054169507318,26.990118407352213,4.410743663640915E-4,0.17592247559775256,33.569559368313755,33.393636892716,26.100298456727433,22.031784790726984,31.825054169507318,26.990118407352213,4.410743663640915E-4,0.17592247559775256,33.569559368313755,33.393636892716
1999-03-11,26.25979971196491,22.1726261656231,32.42865935860064,27.09687197578751,0.0015674006429035902,0.18261712209812636,40.62233273728542,40.43971561518729,26.25979971196491,22.1726261656231,32.42865935860064,27.09687197578751,0.0015674006429035902,0.18261712209812636,40.62233273728542,40.43971561518729
1999-03-12,26.982894784054594,22.015275264684853,34.135118229332875,27.646002147818276,0.0012999448131267854,0.18091529034348433,45.373665767893364,45.19275047754991,26.982894784054594,22.015275264684853,34.135118229332875,27.646002147818276,0.0012999448131267854,0.18091529034348433,45.373665767893364,45.19275047754991
1999-03-13,28.381795875475035,23.48180331841196,35.40151784264646,29.133126577323864,8.523463748133508E-4,0.1773288163155391,48.805977901172874,48.62864908485734,28.381795875475035,23.48180331841196,35.40151784264646,29.133126577323864,8.523463748133508E-4,0.1773288163155391,48.805977901172874,48.62864908485734
1999-03-14,24.519504310766408,22.35224612707313,29.702439608948406,24.909973189230943,2.4551216083784526,1.6254583031185788,30.51211748976823,28.886659186649652,24.519504310766408,22.35224612707313,29.702439608948406,24.909973189230943,2.4551216083784526,1.6254583031185788,30.51211748976823,28.886659186649652
1999-03-15,21.104175099266186,19.873918643640998,23.204999280219386,21.743967855896198,0.016621081564671927,0.21041258802167034,43.06733467054854,42.856922082526864,21.104175099266186,19.873918643640998,23.204999280219386,21.743967855896198,0.016621081564671927,0.21041258802167034,43.06733467054854,42.856922082526864
1999-03-16,21.600365361958012,18.564443468803976,27.168750701936503,22.4185807530751,0.0,0.25837734707720716,37.02608026976146,36.767702922684244,21.600365361958012,18.564443468803976,27.168750701936503,22.4185807530751,0.0,0.25837734707720716,37.02608026976146,36.767702922684244
1999-03-17,23.275662553882913,18.64841908840863,30.22762853199844,24.010393628573524,8.52346317969932E-4,0.25756575243285756,44.760059718831236,44.50249396639836,23.275662553882913,18.64841908840863,30.22762853199844,24.010393628573524,8.52346317969932E-4,0.25756575243285756,44.760059718831236,44.50249396639836
1999-03-18,24.865776930832816,19.71744741538576,31.08285409269633,25.606574422243558,8.612870487922919E-4,0.23432974626519124,44.29134411075323,44.05701436448806,24.865776930832816,19.71744741538576,31.08285409269633,25.606574422243558,8.612870487922919E-4,0.23432974626519124,44.29134411075323,44.05701436448806
1999-03-19,25.485456682469184,21.785872361793487,30.481885884638647,26.183346358484297,0.00603764073801136,0.17907476828798688,37.77960275062669,37.6005279823387,25.485456682469184,21.785872361793487,30.481885884638647,26.183346358484297,0.00603764073801136,0.17907476828798688,37.77960275062669,37.6005279823387
1999-03-20,25.022030730973697,21.785157149725666,29.142158368020915,25.845169302660505,0.006885034472320592,0.16930653061160067,32.84111449986369,32.67180796925211,25.022030730973697,21.785157149725666,29.142158368020915,25.845169302660505,0.006885034472320592,0.16930653061160067,32.84111449986369,32.67180796925211
1999-03-21,23.622514262641086,20.79964829646768,27.322696474296297,24.45392155389186,0.0012872730508206587,0.15104021653979124,30.676758417406322,30.525718200866525,23.622514262641086,20.79964829646768,27.322696474296297,24.45392155389186,0.0012872730508206587,0.15104021653979124,30.676758417406322,30.525718200866525
1999-03-22,23.285305884176445,20.48027632156696,27.495062174163806,24.140092270741253,0.002601733618872614,0.14816720318147603,30.662643787158792,30.514476583977313,23.285305884176445,20.48027632156696,27.495062174163806,24.140092270741253,0.002601733618872614,0.14816720318147603,30.662643787158792,30.514476583977313
1999-03-23,24.675536943789336,20.93947853875769,31.482673155383797,25.539108696176523,4.351138045421976E-4,0.1564890745923568,32.73234055280769,32.575851478215334,24.675536943789336,20.93947853875769,31.482673155383797,25.539108696176523,4.351138045421976E-4,0.1564890745923568,32.73234055280769,32.575851478215334
1999-03-24,26.31938882899205,22.04778574063095,31.77891070455589,27.174900919049886,0.0012782438716385514,0.1590753294981546,40.765323650253265,40.60624832075514,26.31938882899205,22.04778574063095,31.77891070455589,27.174900919049886,0.0012782438716385514,0.1590753294981546,40.765323650253265,40.60624832075514
1999-03-25,26.317539727162902,22.313495639479843,32.16586579110845,27.234117130271954,0.003524057917924423,0.15315195127623563,39.064831687934635,38.911679736658385,26.317539727162902,22.313495639479843,32.16586579110845,27.234117130271954,0.003524057917924423,0.15315195127623563,39.064831687934635,38.911679736658385
1999-03-26,25.57538327952424,22.56406525077426,30.232601096706464,26.467383372633975,0.15700278517897379,0.18942230303980748,23.95079454702993,23.761372243990113,25.57538327952424,22.56406525077426,30.232601096706464,26.467383372633975,0.15700278517897379,0.18942230303980748,23.95079454702993,23.761372243990113
1999-03-27,25.93735327492783,22.44027474763819,31.63586799538269,26.77065211384879,0.026129145692670778,0.14315378714737315,28.797261440531376,28.654107653384,25.93735327492783,22.44027474763819,31.63586799538269,26.77065211384879,0.026129145692670778,0.14315378714737315,28.797261440531376,28.654107653384
1999-03-28,27.634636130562,22.41688107298726,34.88195088847749,28.291638178398244,0.03489965635912024,0.1621830495951586,48.23147328376935,48.0692902341742,27.634636130562,22.41688107298726,34.88195088847749,28.291638178398244,0.03489965635912024,0.1621830495951586,48.23147328376935,48.0692902341742
1999-03-29,28.04614178235512,24.21329992710174,33.62570535700767,28.803173177292983,3.5283344485451194,0.5706485118762878,40.09306368619129,39.52241517431501,28.04614178235512,24.21329992710174,33.62570535700767,28.803173177292983,3.5283344485451194,0.5706485118762878,40.09306368619129,39.52241517431501
1999-03-30,25.306470544816705,23.56161490638892,28.23164727996036,25.760118588094468,1.3634627229256413,1.2865038893725844,15.92309094306741,14.636587053694825,25.306470544816705,23.56161490638892,28.23164727996036,25.760118588094468,1.3634627229256413,1.2865038893725844,15.92309094306741,14.636587053694825
1999-03-31,25.1588615545578,21.77147618609858,29.834684980767953,26.08452457805548,0.35933938170033636,0.7005868477641211,19.48038046158044,18.77979361381632,25.1588615545578,21.77147618609858,29.834684980767953,26.08452457805548,0.35933938170033636,0.7005868477641211,19.48038046158044,18.77979361381632
1999-04-01,27.475859426167148,23.848131623357105,34.08635181132731,28.320433135400435,0.003980903736341581,0.6349338658151384,30.312093214255558,29.677159348440423,27.475859426167148,23.848131623357105,34.08635181132731,28.320433135400435,0.003980903736341581,0.6349338658151384,30.312093214255558,29.677159348440423
1999-04-02,29.084158880178485,24.042842693805817,34.90376777501118,29.820760972731954,0.001284509835386416,0.5728731485619724,45.38229258757905,44.80941943901709,29.084158880178485,24.042842693805817,34.90376777501118,29.820760972731954,0.001284509835386416,0.5728731485619724,45.38229258757905,44.80941943901709
1999-04-03,29.400823642094288,23.955889191716476,35.880982780389324,30.109863641489575,0.0021455957153193594,0.5054641164007341,50.4747058470596,49.96924173065884,29.400823642094288,23.955889191716476,35.880982780389324,30.109863641489575,0.0021455957153193594,0.5054641164007341,50.4747058470596,49.96924173065884
1999-04-04,29.271838666318573,24.168598979373467,35.03743212821826,30.10295818889165,0.008820783186653747,0.427351070764137,52.658819034826834,52.231467964062695,29.271838666318573,24.168598979373467,35.03743212821826,30.10295818889165,0.008820783186653747,0.427351070764137,52.658819034826834,52.231467964062695
1999-04-05,29.475550811694173,24.284184956861278,35.56521258916847,30.38431212024475,8.553266184208042E-4,0.37176198351966866,50.49517036649532,50.12340838297564,29.475550811694173,24.284184956861278,35.56521258916847,30.38431212024475,8.553266184208042E-4,0.37176198351966866,50.49517036649532,50.12340838297564
1999-04-06,28.860576483088394,24.381819127570868,33.6979233997394,29.761441957725335,0.013128508679755721,0.30484048773670075,46.40705433161421,46.1022138438775,28.860576483088394,24.381819127570868,33.6979233997394,29.761441957725335,0.013128508679755721,0.30484048773670075,46.40705433161421,46.1022138438775
1999-04-07,27.804217694658725,23.010067148131316,33.008953826248515,28.706243982300585,8.52346317969932E-4,0.25876248980353694,46.77155910977681,46.51279661997328,27.804217694658725,23.010067148131316,33.008953826248515,28.706243982300585,8.52346317969932E-4,0.25876248980353694,46.77155910977681,46.51279661997328
1999-04-08,27.62967731703813,23.240960709483453,32.838176959213406,28.559868521229628,0.00814128684440213,0.23183471898181873,42.03970546074088,41.80787074175904,27.62967731703813,23.240960709483453,32.838176959213406,28.559868521229628,0.00814128684440213,0.23183471898181873,42.03970546074088,41.80787074175904
1999-04-09,27.800806116657537,23.082959200438108,34.10689414018638,28.874047133143574,8.583068797918258E-4,0.21583423629933227,40.76967490741843,40.5538406711191,27.800806116657537,23.082959200438108,34.10689414018638,28.874047133143574,8.583068797918258E-4,0.21583423629933227,40.76967490741843,40.5538406711191
1999-04-10,28.346364613213193,22.711341131787393,35.83320223924849,29.24321558478582,0.0012972510035069718,0.2040654035726665,47.88079783819057,47.67673243461789,28.346364613213193,22.711341131787393,35.83320223924849,29.24321558478582,0.0012972510035069718,0.2040654035726665,47.88079783819057,47.67673243461789
1999-04-11,29.600713763136866,24.582347698688643,35.72826618706517,30.604862951619246,0.005987248663102734,0.1905281782312979,46.175646845955974,45.98511866772467,29.600713763136866,24.582347698688643,35.72826618706517,30.604862951619246,0.005987248663102734,0.1905281782312979,46.175646845955974,45.98511866772467
1999-04-12,28.858831040518055,23.970838102130372,33.37528610310107,29.822858023164752,8.649423648421362E-4,0.1580591289593578,42.90005599068856,42.741996861729206,28.858831040518055,23.970838102130372,33.37528610310107,29.822858023164752,8.649423648421362E-4,0.1580591289593578,42.90005599068856,42.741996861729206
1999-04-13,27.89922555267527,23.859073642409527,33.36981766268413,28.896196974848014,0.004117680488075296,0.1534656590351381,40.87073607065173,40.7172704116166,27.89922555267527,23.859073642409527,33.36981766268413,28.896196974848014,0.004117680488075296,0.1534656590351381,40.87073607065173,40.7172704116166
1999-04-14,28.949639829649357,23.605020324341513,37.10634752725704,29.953528204498294,8.576539420208151E-4,0.1693485824994194,48.615499052857764,48.44615047035836,28.949639829649357,23.605020324341513,37.10634752725704,29.953528204498294,8.576539420208151E-4,0.1693485824994194,48.615499052857764,48.44615047035836
1999-04-15,28.809592459332617,24.198468067025367,34.553051361159184,29.836378179632767,0.005833453262323956,0.13855203209354988,43.342009307465595,43.203457275372045,28.809592459332617,24.198468067025367,34.553051361159184,29.836378179632767,0.005833453262323956,0.13855203209354988,43.342009307465595,43.203457275372045
1999-04-16,27.48935168007534,23.94599305811625,32.16744235348805,28.586879966398204,8.642673492431641E-4,0.11419315040688899,29.96583448545156,29.85164133504468,27.48935168007534,23.94599305811625,32.16744235348805,28.586879966398204,8.642673492431641E-4,0.11419315040688899,29.96583448545156,29.85164133504468
1999-04-17,24.58765857423763,23.076631973443913,26.840551041901673,24.61709665439778,9.274052624636948,2.6050738809225464,17.220949320442113,14.615875439519566,24.58765857423763,23.076631973443913,26.840551041901673,24.61709665439778,9.274052624636948,2.6050738809225464,17.220949320442113,14.615875439519566
1999-04-18,23.51217712719447,22.612990749314736,24.83163830742692,23.78301151307441,1.584708018805116,1.3837558717616807,40.953733711941375,39.56997784017969,23.51217712719447,22.612990749314736,24.83163830742692,23.78301151307441,1.584708018805116,1.3837558717616807,40.953733711941375,39.56997784017969
1999-04-19,24.222263635507996,21.84708818877062,27.684202034450692,24.70894545666756,0.0487967994944568,1.0851467387142544,54.167118192495835,53.0819714537816,24.222263635507996,21.84708818877062,27.684202034450692,24.70894545666756,0.0487967994944568,1.0851467387142544,54.167118192495835,53.0819714537816
1999-04-20,23.790236108521746,20.06417726501268,28.52093784484105,24.47913705575662,4.351138045421976E-4,0.9339375217360231,43.66477024087018,42.730832719134156,23.790236108521746,20.06417726501268,28.52093784484105,24.47913705575662,4.351138045421976E-4,0.9339375217360231,43.66477024087018,42.730832719134156
1999-04-21,24.819112511124516,19.990957473910704,31.708672843091918,25.57647450039393,0.0017046928064701206,0.9105518888701807,42.06194138654984,41.151389497679666,24.819112511124516,19.990957473910704,31.708672843091918,25.57647450039393,0.0017046928064701206,0.9105518888701807,42.06194138654984,41.151389497679666
1999-04-22,28.342751650369667,23.72232783076708,35.35017464030748,29.013684789879914,0.0027040668492149447,0.7958496320768322,43.44620202661779,42.65035239454094,28.342751650369667,23.72232783076708,35.35017464030748,29.013684789879914,0.0027040668492149447,0.7958496320768322,43.44620202661779,42.65035239454094
1999-04-23,29.57043202753926,24.141677605983983,35.077876190905705,30.26802892542739,0.011063358992831559,0.7167838857643367,51.63951486338607,50.92273097762173,29.57043202753926,24.141677605983983,35.077876190905705,30.26802892542739,0.011063358992831559,0.7167838857643367,51.63951486338607,50.92273097762173
1999-04-24,29.15101089817942,24.467954508105176,33.34188712920545,29.914328690264984,0.034930074916166405,0.5314417879512796,47.546127580785964,47.014685792834655,29.15101089817942,24.467954508105176,33.34188712920545,29.914328690264984,0.034930074916166405,0.5314417879512796,47.546127580785964,47.014685792834655
1999-04-25,29.120645218191065,24.76792947702648,33.712769212551386,30.005681699461835,0.0038202514402064887,0.4835951500567342,40.29676088798881,39.81316573793209,29.120645218191065,24.76792947702648,33.712769212551386,30.005681699461835,0.0038202514402064887,0.4835951500567342,40.29676088798881,39.81316573793209
1999-04-26,29.369153957539424,24.526977455217036,34.74928528992964,30.26889406266699,0.0017156131785715316,0.4319098435917046,45.56751848001971,45.13560863642801,29.369153957539424,24.526977455217036,34.74928528992964,30.26889406266699,0.0017156131785715316,0.4319098435917046,45.56751848001971,45.13560863642801
1999-04-27,29.596464557430515,24.948342745016024,34.40426974563621,30.61809157286094,0.30987169288099403,0.4887263159037644,45.002820367185784,44.51409405128202,29.596464557430515,24.948342745016024,34.40426974563621,30.61809157286094,0.30987169288099403,0.4887263159037644,45.002820367185784,44.51409405128202
1999-04-28,29.49882043209441,25.73630692931115,34.78579545513174,30.594792137849225,0.0,0.34005164328533477,34.829631484533195,34.48957984124787,29.49882043209441,25.73630692931115,34.78579545513174,30.594792137849225,0.0,0.34005164328533477,34.829631484533195,34.48957984124787
1999-04-29,29.596713307313458,26.072179991966273,36.124079788062865,30.670386793435192,8.523463748133508E-4,0.30055864575978686,33.789536723812596,33.48897807805281,29.596713307313458,26.072179991966273,36.124079788062865,30.670386793435192,8.523463748133508E-4,0.30055864575978686,33.789536723812596,33.48897807805281
1999-04-30,28.937741305826222,25.66609296916274,34.43973685785592,29.928629191946154,0.3189360134181818,0.3731410541020887,30.960586379954997,30.5874453258529,28.937741305826222,25.66609296916274,34.43973685785592,29.928629191946154,0.3189360134181818,0.3731410541020887,30.960586379954997,30.5874453258529
1999-05-01,27.8442402675621,25.268432200110308,32.41225224219809,28.663379542346348,0.9758487272438021,0.6657827234826651,30.090221545359505,29.424438821876837,27.8442402675621,25.268432200110308,32.41225224219809,28.663379542346348,0.9758487272438021,0.6657827234826651,30.090221545359505,29.424438821876837
1999-05-02,27.779789281470837,24.039230746557728,33.829765313912,28.764607702965023,0.1306734483033451,0.32976069974779604,35.26678374847419,34.93702304872639,27.779789281470837,24.039230746557728,33.829765313912,28.764607702965023,0.1306734483033451,0.32976069974779604,35.26678374847419,34.93702304872639
1999-05-03,29.224275218940736,25.50690646116138,35.15596233715929,30.230922461502285,0.07056674361187566,0.33287361674942384,38.057458864189684,37.72458524744026,29.224275218940736,25.50690646116138,35.15596233715929,30.230922461502285,0.07056674361187566,0.33287361674942384,38.057458864189684,37.72458524744026
1999-05-04,31.106994259305697,25.881035409506087,38.54892601666209,31.931892466144838,0.014750531099446495,0.3403519001743791,52.77187548848094,52.43152358830657,31.106994259305697,25.881035409506087,38.54892601666209,31.931892466144838,0.014750531099446495,0.3403519001743791,52.77187548848094,52.43152358830657
1999-05-05,31.851093243102596,26.210859654914607,39.44889266338932,32.69556913157501,0.029665046949208556,0.26746974144604635,57.71105273030686,57.443582988860804,31.851093243102596,26.210859654914607,39.44889266338932,32.69556913157501,0.029665046949208556,0.26746974144604635,57.71105273030686,57.443582988860804
1999-05-06,30.750602162437215,26.827220745563626,36.940282605457725,31.80837797295035,2.220812513298502,0.8277490199682952,42.17966693457097,41.35191791460268,30.750602162437215,26.827220745563626,36.940282605457725,31.80837797295035,2.220812513298502,0.8277490199682952,42.17966693457097,41.35191791460268
1999-05-07,29.50328592490997,26.391426644857642,35.25283328355636,30.228866037796678,3.5415871974898683,1.5263247109133407,30.011406676812918,28.485081965899575,29.50328592490997,26.391426644857642,35.25283328355636,30.228866037796678,3.5415871974898683,1.5263247109133407,30.011406676812918,28.485081965899575
1999-05-08,28.41375410087341,25.22121405203433,34.83842881791559,29.02676828892088,2.297973031250523,1.6982078830429093,28.231923037030477,26.533715153987583,28.41375410087341,25.22121405203433,34.83842881791559,29.02676828892088,2.297973031250523,1.6982078830429093,28.231923037030477,26.533715153987583
1999-05-09,29.196532833300544,25.49036188128964,34.72892114330904,30.14005801908642,0.0029762472961631175,1.1623380689311922,37.503683265769666,36.341345196838475,29.196532833300544,25.49036188128964,34.72892114330904,30.14005801908642,0.0029762472961631175,1.1623380689311922,37.503683265769666,36.341345196838475
1999-05-10,29.305225461131396,25.389415736398252,34.914427111425084,30.240652960338053,0.0017177344489027746,0.7768703828650738,39.92975132645497,39.15288094358991,29.305225461131396,25.389415736398252,34.914427111425084,30.240652960338053,0.0017177344489027746,0.7768703828650738,39.92975132645497,39.15288094358991
1999-05-11,29.82572838466487,25.2135276748748,35.32644996978982,30.709809740000992,4.351138045421976E-4,0.6496973707091014,46.10878861351473,45.45909124280563,29.82572838466487,25.2135276748748,35.32644996978982,30.709809740000992,4.351138045421976E-4,0.6496973707091014,46.10878861351473,45.45909124280563
1999-05-12,29.950821930295408,25.693402466164247,35.60343886560515,30.8789761972242,8.52346317969932E-4,0.5492371030994263,49.96781516984215,49.418578066742725,29.950821930295408,25.693402466164247,35.60343886560515,30.8789761972242,8.52346317969932E-4,0.5492371030994263,49.96781516984215,49.418578066742725
1999-05-13,29.840725627566428,25.956088690037152,35.07172296462905,30.90294678269153,0.08552099415858504,0.4748633996114085,41.5977002890776,41.122836889466186,29.840725627566428,25.956088690037152,35.07172296462905,30.90294678269153,0.08552099415858504,0.4748633996114085,41.5977002890776,41.122836889466186
1999-05-14,29.595692558015443,25.893570512782986,34.91158602594611,30.64914323278931,1.4570490832730215E-4,0.3687537791271074,38.38183696199025,38.01308318286314,29.595692558015443,25.893570512782986,34.91158602594611,30.64914323278931,1.4570490832730215E-4,0.3687537791271074,38.38183696199025,38.01308318286314
1999-05-15,29.9242028160135,26.231201571753044,35.216979794503914,30.88081359809529,0.0,0.3099866128090655,40.216121414506375,39.90613480169732,29.9242028160135,26.231201571753044,35.216979794503914,30.88081359809529,0.0,0.3099866128090655,40.216121414506375,39.90613480169732
1999-05-16,30.372848325225302,26.141532322318202,34.896153112547836,31.269096977956732,0.006775146196785153,0.26821420147789315,46.78763188067433,46.51941767919645,30.372848325225302,26.141532322318202,34.896153112547836,31.269096977956732,0.006775146196785153,0.26821420147789315,46.78763188067433,46.51941767919645
1999-05-17,29.89528078865506,25.93489780083383,34.22681539817017,30.845706320172916,0.02044072615198697,0.22941492150192236,44.31820112861515,44.08878620711324,29.89528078865506,25.93489780083383,34.22681539817017,30.845706320172916,0.02044072615198697,0.22941492150192236,44.31820112861515,44.08878620711324
1999-05-18,28.866454544372015,25.849629419426826,32.71694312826262,29.84255065093855,0.04767822564257073,0.21339595178749066,39.07088051750526,38.85748456571776,28.866454544372015,25.849629419426826,32.71694312826262,29.84255065093855,0.04767822564257073,0.21339595178749066,39.07088051750526,38.85748456571776
1999-05-19,27.626859927964105,24.532254728106935,31.899277385887622,28.588764401093492,0.060695042260949725,0.1960890292176565,35.123752564580215,34.92766353536256,27.626859927964105,24.532254728106935,31.899277385887622,28.588764401093492,0.060695042260949725,0.1960890292176565,35.123752564580215,34.92766353536256
1999-05-20,27.74189266237534,24.74083750510807,32.375862615517434,28.730277587310102,0.4110999407986127,0.32691917486827354,33.03097292135281,32.70405374648453,27.74189266237534,24.74083750510807,32.375862615517434,28.730277587310102,0.4110999407986127,0.32691917486827354,33.03097292135281,32.70405374648453
1999-05-21,27.671735694932767,23.938725821994534,31.99671721261916,28.593181795893162,0.28709064129235357,0.2632878278554346,34.34471645880938,34.081428630953944,27.671735694932767,23.938725821994534,31.99671721261916,28.593181795893162,0.28709064129235357,0.2632878278554346,34.34471645880938,34.081428630953944
1999-05-22,27.869017315280345,24.630161288893905,31.823815869596338,28.774247208483715,0.1788705145470088,0.33939891442651265,35.9788238319892,35.6394249175627,27.869017315280345,24.630161288893905,31.823815869596338,28.774247208483715,0.1788705145470088,0.33939891442651265,35.9788238319892,35.6394249175627
1999-05-23,27.597576103421037,24.494358716577025,31.25845955757655,28.536395228601872,0.23735889606637064,0.295039366073867,32.79041589440153,32.49537652832767,27.597576103421037,24.494358716577025,31.25845955757655,28.536395228601872,0.23735889606637064,0.295039366073867,32.79041589440153,32.49537652832767
1999-05-24,27.404036704002237,24.182168278118,31.69472310656427,28.439641624120075,0.11044201516497366,0.22664506417443603,31.346111012181147,31.119465948006724,27.404036704002237,24.182168278118,31.69472310656427,28.439641624120075,0.11044201516497366,0.22664506417443603,31.346111012181147,31.119465948006724
1999-05-25,28.02269476084016,24.547718051589214,33.34850734214871,29.047765932153613,0.027670317361286795,0.19155121524859245,31.371499318268647,31.179948103020063,28.02269476084016,24.547718051589214,33.34850734214871,29.047765932153613,0.027670317361286795,0.19155121524859245,31.371499318268647,31.179948103020063
1999-05-26,29.470733678095996,25.416937722383764,34.91302327058311,30.569876281865557,0.04971686090621865,0.184695501446031,38.91967957384696,38.734984072400934,29.470733678095996,25.416937722383764,34.91302327058311,30.569876281865557,0.04971686090621865,0.184695501446031,38.91967957384696,38.734984072400934
1999-05-27,29.5551736131386,26.008049736278195,34.082466786039554,30.452384643626385,1.597587605221482,0.8047939789609069,36.671223552578034,35.866429573617154,29.5551736131386,26.008049736278195,34.082466786039554,30.452384643626385,1.597587605221482,0.8047939789609069,36.671223552578034,35.866429573617154
1999-05-28,28.646560423186852,25.982814133910438,33.21449378357251,29.535062507431494,0.6054955778699675,0.5819173090162517,30.577536112051185,29.99561880303493,28.646560423186852,25.982814133910438,33.21449378357251,29.535062507431494,0.6054955778699675,0.5819173090162517,30.577536112051185,29.99561880303493
1999-05-29,28.724304228242104,25.398343428678547,33.35998795506981,29.477966885165234,0.005301401706680776,0.2860518152044456,31.398456054239375,31.11240423903494,28.724304228242104,25.398343428678547,33.35998795506981,29.477966885165234,0.005301401706680776,0.2860518152044456,31.398456054239375,31.11240423903494
1999-05-30,29.51666733940068,26.186334078023823,34.478190473588036,30.575390159371416,0.39748219936792356,0.4180072911422242,36.40166442288861,35.983657131746384,29.51666733940068,26.186334078023823,34.478190473588036,30.575390159371416,0.39748219936792356,0.4180072911422242,36.40166442288861,35.983657131746384
1999-05-31,29.337002773941112,26.08011666916334,33.98761778237237,30.361969035033223,1.1611335732727748,0.8152243653368091,35.41094253667015,34.59571817133335,29.337002773941112,26.08011666916334,33.98761778237237,30.361969035033223,1.1611335732727748,0.8152243653368091,35.41094253667015,34.59571817133335
1999-06-01,27.061053833486117,23.725361524194206,32.70339092108172,28.01026966636467,2.8879159917794466,1.4678080437961456,26.162587536624223,24.69477949282806,27.061053833486117,23.725361524194206,32.70339092108172,28.01026966636467,2.8879159917794466,1.4678080437961456,26.162587536624223,24.69477949282806
1999-06-02,26.776660755619318,23.426088459569783,32.45992428415796,27.603825931520003,2.903044700268301,1.621714363077359,24.865189853920484,23.24347549084313,26.776660755619318,23.426088459569783,32.45992428415796,27.603825931520003,2.903044700268301,1.621714363077359,24.865189853920484,23.24347549084313
1999-06-03,27.744062795366883,24.182089382815214,33.34825576293123,28.579492171151973,0.2721762061022817,1.0518442567761996,28.213822931397676,27.161978674621462,27.744062795366883,24.182089382815214,33.34825576293123,28.579492171151973,0.2721762061022817,1.0518442567761996,28.213822931397676,27.161978674621462
1999-06-04,28.175825921551752,24.72649067458483,32.78612147402111,29.086361452205402,1.5809896556468852,1.1433784342454576,29.947426452230253,28.8040480179848,28.175825921551752,24.72649067458483,32.78612147402111,29.086361452205402,1.5809896556468852,1.1433784342454576,29.947426452230253,28.8040480179848
1999-06-05,28.310599580392868,25.066666382523856,32.8620683692214,29.158318114048384,0.4146736202906159,0.999836185530442,31.456541394675092,30.45670520914466,28.310599580392868,25.066666382523856,32.8620683692214,29.158318114048384,0.4146736202906159,0.999836185530442,31.456541394675092,30.45670520914466
1999-06-06,28.046482414172996,24.90790842129499,32.37057935520555,29.044032707362096,0.47816812624950067,0.7856284485038798,29.58658938048465,28.800960931980747,28.046482414172996,24.90790842129499,32.37057935520555,29.044032707362096,0.47816812624950067,0.7856284485038798,29.58658938048465,28.800960931980747
1999-06-07,27.562776793439227,24.481849594626755,31.636865519234345,28.55516782861177,0.8150106292662798,0.8970077033769751,25.900748767307746,25.003741063930782,27.562776793439227,24.481849594626755,31.636865519234345,28.55516782861177,0.8150106292662798,0.8970077033769751,25.900748767307746,25.003741063930782
1999-06-08,27.04744659379939,23.751651934025414,32.692860238994605,27.855774206072095,2.6867722154831544,1.897490079809595,23.46354258201121,21.566052502201615,27.04744659379939,23.751651934025414,32.692860238994605,27.855774206072095,2.6867722154831544,1.897490079809595,23.46354258201121,21.566052502201615
1999-06-09,28.120995739467364,25.168911282014275,33.18720508130678,29.02837126506704,2.4375197750816415,1.3972554082269393,27.14639096958781,25.749135561360866,28.120995739467364,25.168911282014275,33.18720508130678,29.02837126506704,2.4375197750816415,1.3972554082269393,27.14639096958781,25.749135561360866
1999-06-10,27.539363994242272,24.957299820811564,32.68187162661974,28.0620189922046,3.412987644001652,2.2249036422967063,21.423680557567234,19.198776915270532,27.539363994242272,24.957299820811564,32.68187162661974,28.0620189922046,3.412987644001652,2.2249036422967063,21.423680557567234,19.198776915270532
1999-06-11,27.85040408088891,25.60736971025776,31.477663483708653,28.469336339527935,1.1690622097242152,1.4328001265182126,24.847742953469268,23.414942826951062,27.85040408088891,25.60736971025776,31.477663483708653,28.469336339527935,1.1690622097242152,1.4328001265182126,24.847742953469268,23.414942826951062
1999-06-12,27.36862759873995,24.603156150718405,32.33917191395581,28.053698296774837,7.4458617177706055,2.0413189029433263,22.815128722086715,20.77380981914338,27.36862759873995,24.603156150718405,32.33917191395581,28.053698296774837,7.4458617177706055,2.0413189029433263,22.815128722086715,20.77380981914338
1999-06-13,25.939014461598436,23.55048784697374,30.604055736685467,26.424315457524923,10.378301080661403,3.319354053073657,19.518243335909126,16.19888928283547,25.939014461598436,23.55048784697374,30.604055736685467,26.424315457524923,10.378301080661403,3.319354053073657,19.518243335909126,16.19888928283547
1999-06-14,26.020638228297,24.094913319543657,30.047730510156672,26.466487517608297,8.811083630817352,3.516215454772581,17.674800671188283,14.158585216415704,26.020638228297,24.094913319543657,30.047730510156672,26.466487517608297,8.811083630817352,3.516215454772581,17.674800671188283,14.158585216415704
1999-06-15,26.044252900538755,23.88802913761168,30.67674065321499,26.40475954076171,14.261463239504543,3.781806268178479,15.38197376560938,11.600167497430903,26.044252900538755,23.88802913761168,30.67674065321499,26.40475954076171,14.261463239504543,3.781806268178479,15.38197376560938,11.600167497430903
1999-06-16,26.530295870535685,24.403721176314033,31.04961609660671,26.799455434788733,12.491350302649193,3.948001495446694,16.114232795953995,12.166231300507306,26.530295870535685,24.403721176314033,31.04961609660671,26.799455434788733,12.491350302649193,3.948001495446694,16.114232795953995,12.166231300507306
1999-06-17,26.908828280875483,24.81358085543638,31.006448498625378,27.05478462487081,5.5008956834882135,4.335034313221639,15.521388263423576,11.186353950201939,26.908828280875483,24.81358085543638,31.006448498625378,27.05478462487081,5.5008956834882135,4.335034313221639,15.521388263423576,11.186353950201939
1999-06-18,26.866498225723657,24.599648413636267,30.530247474447307,27.20993798652199,3.1307230022301096,3.9633963163253183,18.449468671351767,14.486072355026442,26.866498225723657,24.599648413636267,30.530247474447307,27.20993798652199,3.1307230022301096,3.9633963163253183,18.449468671351767,14.486072355026442
1999-06-19,26.681628391408776,24.31621884154194,30.133880982864184,27.172970161558865,2.135328782067369,3.4555193242151456,19.095094507745806,15.639575183530665,26.681628391408776,24.31621884154194,30.133880982864184,27.172970161558865,2.135328782067369,3.4555193242151456,19.095094507745806,15.639575183530665
1999-06-20,26.435205890153473,24.065109169084245,31.15800137682751,26.915777365109033,6.566178669465683,3.422118138158434,19.84704672429459,16.42492858613616,26.435205890153473,24.065109169084245,31.15800137682751,26.915777365109033,6.566178669465683,3.422118138158434,19.84704672429459,16.42492858613616
1999-06-21,26.54905632572632,23.90784365071839,31.56496515384897,26.845553555364933,6.27375438342523,3.9699292660032444,20.253315174315077,16.283385908311836,26.54905632572632,23.90784365071839,31.56496515384897,26.845553555364933,6.27375438342523,3.9699292660032444,20.253315174315077,16.283385908311836
1999-06-22,26.389810181111994,24.41010356928601,30.24421858725386,26.500955672049738,6.3660298515420655,3.415244920477768,16.61853330598914,13.20328838551136,26.389810181111994,24.41010356928601,30.24421858725386,26.500955672049738,6.3660298515420655,3.415244920477768,16.61853330598914,13.20328838551136
1999-06-23,25.59262945487134,24.05927911310302,28.307215699145083,25.434173320310343,8.289320301357943,4.52129193327405,13.06297919276987,8.541687259495824,25.59262945487134,24.05927911310302,28.307215699145083,25.434173320310343,8.289320301357943,4.52129193327405,13.06297919276987,8.541687259495824
1999-06-24,27.528601029026504,24.8335937328009,31.83757499756628,27.8642418369939,0.6066162145283494,3.3648058584444778,21.456324849992868,18.09151899154839,27.528601029026504,24.8335937328009,31.83757499756628,27.8642418369939,0.6066162145283494,3.3648058584444778,21.456324849992868,18.09151899154839
1999-06-25,28.53857097995238,25.453507519943983,32.54088387699264,28.809352706258775,0.06174681114420902,3.604568027001887,27.221050715731984,23.61648268873011,28.53857097995238,25.453507519943983,32.54088387699264,28.809352706258775,0.06174681114420902,3.604568027001887,27.221050715731984,23.61648268873011
1999-06-26,29.12060118054111,25.47212859580697,33.48722570835172,29.441989045581444,0.043029592320349926,3.681657936551299,36.509895220257185,32.82823728370588,29.12060118054111,25.47212859580697,33.48722570835172,29.441989045581444,0.043029592320349926,3.681657936551299,36.509895220257185,32.82823728370588
1999-06-27,28.95928073303927,25.187726846972364,33.2405474053759,29.41935037799009,0.04292792228623247,3.4429718552970163,37.008874031723934,33.56590217642692,28.95928073303927,25.187726846972364,33.2405474053759,29.41935037799009,0.04292792228623247,3.4429718552970163,37.008874031723934,33.56590217642692
1999-06-28,28.47073933542153,24.49917529120581,32.417199320052376,29.045524325207815,0.001850724117957725,3.052859708493592,33.28368306034003,30.230823351846432,28.47073933542153,24.49917529120581,32.417199320052376,29.045524325207815,0.001850724117957725,3.052859708493592,33.28368306034003,30.230823351846432
1999-06-29,27.888739422194327,25.08610574655773,31.268102478048778,28.612338173841565,2.912428799009343,2.733878645679824,28.33636936985215,25.602490724172327,27.888739422194327,25.08610574655773,31.268102478048778,28.612338173841565,2.912428799009343,2.733878645679824,28.33636936985215,25.602490724172327
1999-06-30,26.620238793258856,24.134476107885867,31.19963955934634,26.934118619468506,3.523561504722604,3.440154784934103,20.07287649379392,16.63272170885982,26.620238793258856,24.134476107885867,31.19963955934634,26.934118619468506,3.523561504722604,3.440154784934103,20.07287649379392,16.63272170885982
1999-07-01,25.6292503199723,24.119188101923985,29.929605102539085,25.772941011933,8.832011334153208,3.8836875913370097,17.700910137840957,13.817222546503945,25.6292503199723,24.119188101923985,29.929605102539085,25.772941011933,8.832011334153208,3.8836875913370097,17.700910137840957,13.817222546503945
1999-07-02,25.017308045508496,23.093013758859193,28.435243700759035,24.887745168179162,22.622026014644934,5.4425385804579856,12.575560798209164,7.1330222177511775,25.017308045508496,23.093013758859193,28.435243700759035,24.887745168179162,22.622026014644934,5.4425385804579856,12.575560798209164,7.1330222177511775
1999-07-03,26.506104939832433,24.086624061662356,31.463455901056854,26.59138403750653,3.0568667577125512,4.465894012535782,22.16877648951344,17.702882476977663,26.506104939832433,24.086624061662356,31.463455901056854,26.59138403750653,3.0568667577125512,4.465894012535782,22.16877648951344,17.702882476977663
1999-07-04,27.652692004852405,24.303050339965125,31.927706009453928,27.86783248876288,0.019860912070240697,4.36298147450139,29.256098287317194,24.893116812815794,27.652692004852405,24.303050339965125,31.927706009453928,27.86783248876288,0.019860912070240697,4.36298147450139,29.256098287317194,24.893116812815794
1999-07-05,27.93019196708623,25.09004916802133,31.037223068296367,28.411723468812394,0.7203998325575502,3.253697618768642,25.248591280625956,21.994893661857308,27.93019196708623,25.09004916802133,31.037223068296367,28.411723468812394,0.7203998325575502,3.253697618768642,25.248591280625956,21.994893661857308
1999-07-06,27.109582947492115,24.699822363831586,29.99563148447471,27.705346347351618,0.6912135203809081,3.3056142370243773,21.790787472654365,18.48517323562999,27.109582947492115,24.699822363831586,29.99563148447471,27.705346347351618,0.6912135203809081,3.3056142370243773,21.790787472654365,18.48517323562999
1999-07-07,26.410610708138428,24.212570106584238,28.832354653557612,26.799940528838345,3.640279621088785,3.4917003697216744,16.42729135970911,12.935590989987439,26.410610708138428,24.212570106584238,28.832354653557612,26.799940528838345,3.640279621088785,3.4917003697216744,16.42729135970911,12.935590989987439
1999-07-08,25.969035725976,23.362378629474126,29.98365545269462,26.506151886989674,3.154258366426203,3.462296795439829,18.31676616776615,14.854469372326319,25.969035725976,23.362378629474126,29.98365545269462,26.506151886989674,3.154258366426203,3.462296795439829,18.31676616776615,14.854469372326319
1999-07-09,26.054018294650326,23.769693009288126,30.89944950008354,26.357071759648495,3.7068403398106,3.6751728628897546,16.465069889476403,12.789897026586647,26.054018294650326,23.769693009288126,30.89944950008354,26.357071759648495,3.7068403398106,3.6751728628897546,16.465069889476403,12.789897026586647
1999-07-10,26.972352654740575,24.07383736304386,30.818344333348982,27.41469825815402,0.28829037373456323,2.887940604742268,20.45309349143953,17.565152886697266,26.972352654740575,24.07383736304386,30.818344333348982,27.41469825815402,0.28829037373456323,2.887940604742268,20.45309349143953,17.565152886697266
1999-07-11,26.749344830693875,25.311792975758575,29.413782055388825,27.009151869815664,6.484444685508664,3.3458763816829875,20.5489733387946,17.20309695711161,26.749344830693875,25.311792975758575,29.413782055388825,27.009151869815664,6.484444685508664,3.3458763816829875,20.5489733387946,17.20309695711161
1999-07-12,27.867758945099233,24.90430587978164,32.22503682210768,28.182047217354455,0.07819728391109194,3.43944189014381,32.920590168512724,29.481148278368906,27.867758945099233,24.90430587978164,32.22503682210768,28.182047217354455,0.07819728391109194,3.43944189014381,32.920590168512724,29.481148278368906
1999-07-13,27.434764588308948,24.554476061233405,31.24586101664999,28.044673044630954,0.23127024856315517,2.9630492637855728,26.703684047184666,23.7406347833991,27.434764588308948,24.554476061233405,31.24586101664999,28.044673044630954,0.23127024856315517,2.9630492637855728,26.703684047184666,23.7406347833991
1999-07-14,26.680959183685154,24.13387696258444,29.67276087724305,27.278298282836083,4.472974361514828,3.003711648503211,20.85471963139225,17.85100798288903,26.680959183685154,24.13387696258444,29.67276087724305,27.278298282836083,4.472974361514828,3.003711648503211,20.85471963139225,17.85100798288903
1999-07-15,25.554917019320843,23.212540239345472,29.607943008600166,25.874443194299957,12.233093196070216,3.7891793931798636,16.604591104588728,12.815411711408872,25.554917019320843,23.212540239345472,29.607943008600166,25.874443194299957,12.233093196070216,3.7891793931798636,16.604591104588728,12.815411711408872
1999-07-16,25.3529110305533,23.375950180220272,29.728114727862696,25.491968512459472,1.4534660494634069,3.033440061800598,13.343406932355656,10.309966870555051,25.3529110305533,23.375950180220272,29.728114727862696,25.491968512459472,1.4534660494634069,3.033440061800598,13.343406932355656,10.309966870555051
1999-07-17,26.5118545765579,23.664736404230787,30.527146903558986,26.90942152251064,0.6855781198176064,3.25898368366905,19.734679791825716,16.47569610815667,26.5118545765579,23.664736404230787,30.527146903558986,26.90942152251064,0.6855781198176064,3.25898368366905,19.734679791825716,16.47569610815667
1999-07-18,26.793236140615925,24.14148914730852,30.549757392240963,27.32850824933641,2.8760040758854273,3.0304222751845775,18.43746073672619,15.407038461541612,26.793236140615925,24.14148914730852,30.549757392240963,27.32850824933641,2.8760040758854273,3.0304222751845775,18.43746073672619,15.407038461541612
1999-07-19,25.88518946120146,23.562593253291162,30.32831854529675,26.092825784131257,8.01779388247542,4.602364622982885,16.185909677618355,11.583545054635472,25.88518946120146,23.562593253291162,30.32831854529675,26.092825784131257,8.01779388247542,4.602364622982885,16.185909677618355,11.583545054635472
1999-07-20,26.305686136774085,23.861278529367,29.945359944675737,26.530604164093933,4.121179877543152,3.4808467817074513,15.301829715058933,11.820982933351486,26.305686136774085,23.861278529367,29.945359944675737,26.530604164093933,4.121179877543152,3.4808467817074513,15.301829715058933,11.820982933351486
1999-07-21,26.9725467924643,24.5345385103672,31.346145863144972,27.252731825463695,1.0277029199002927,3.9722365013895504,20.72938416427438,16.757147662884833,26.9725467924643,24.5345385103672,31.346145863144972,27.252731825463695,1.0277029199002927,3.9722365013895504,20.72938416427438,16.757147662884833
1999-07-22,27.207451810094366,24.748439133910445,30.40475403885469,27.69140404269809,2.016729015641352,3.1234012971139777,20.145494360955677,17.02209306384169,27.207451810094366,24.748439133910445,30.40475403885469,27.69140404269809,2.016729015641352,3.1234012971139777,20.145494360955677,17.02209306384169
1999-07-23,26.706615073918492,24.427739810977148,29.63813950181548,27.23656035317243,2.7801025569906397,2.985241039524555,15.608515575995273,12.62327453647072,26.706615073918492,24.427739810977148,29.63813950181548,27.23656035317243,2.7801025569906397,2.985241039524555,15.608515575995273,12.62327453647072
1999-07-24,26.25129533955595,23.43304029722032,29.926092329357772,26.803023099389865,2.518341118452119,3.2736679966200324,16.90120809239457,13.627540095774542,26.25129533955595,23.43304029722032,29.926092329357772,26.803023099389865,2.518341118452119,3.2736679966200324,16.90120809239457,13.627540095774542
1999-07-25,27.186673325631308,24.188615275050733,31.55798556659368,27.76720061320655,1.5086058372914402,3.211499882357436,20.623488526879246,17.41198864452181,27.186673325631308,24.188615275050733,31.55798556659368,27.76720061320655,1.5086058372914402,3.211499882357436,20.623488526879246,17.41198864452181
1999-07-26,27.719548205941983,24.75827343152329,31.50608815686635,28.24537222480297,0.19684568904362948,3.0066081607801554,20.977844756100538,17.971236595320377,27.719548205941983,24.75827343152329,31.50608815686635,28.24537222480297,0.19684568904362948,3.0066081607801554,20.977844756100538,17.971236595320377
1999-07-27,27.931694695344,25.12620439304349,31.14058311706945,28.532128605266436,0.7922150302229799,2.683047444027214,22.734469138072726,20.05142169404549,27.931694695344,25.12620439304349,31.14058311706945,28.532128605266436,0.7922150302229799,2.683047444027214,22.734469138072726,20.05142169404549
1999-07-28,27.91989969932328,24.918465718924015,31.47549770310879,28.5702381171209,0.39975238521248935,2.5959633567638494,23.168631903131732,20.572668546367872,27.91989969932328,24.918465718924015,31.47549770310879,28.5702381171209,0.39975238521248935,2.5959633567638494,23.168631903131732,20.572668546367872
1999-07-29,28.120203998982696,25.083174607887244,31.322127061866,28.839701884109438,0.30824864837166205,2.4510534016357086,22.438077323660956,19.987023922025248,28.120203998982696,25.083174607887244,31.322127061866,28.839701884109438,0.30824864837166205,2.4510534016357086,22.438077323660956,19.987023922025248
1999-07-30,28.21448950821833,24.607372128875237,31.86214874794293,29.010297439931755,0.04718879561490038,2.305867227844764,26.220685041005346,23.914817813160585,28.21448950821833,24.607372128875237,31.86214874794293,29.010297439931755,0.04718879561490038,2.305867227844764,26.220685041005346,23.914817813160585
1999-07-31,28.188128643163484,24.71067753301698,32.126700763225315,29.01118342184725,0.0075063682586413065,2.177391040515168,29.006862200011906,26.82947115949673,28.188128643163484,24.71067753301698,32.126700763225315,29.01118342184725,0.0075063682586413065,2.177391040515168,29.006862200011906,26.82947115949673
1999-08-01,28.305829966805927,25.183448065381135,31.850317999828626,29.116216269566305,0.40957703547708874,1.9747516741978106,28.339732145708847,26.36498047151104,28.305829966805927,25.183448065381135,31.850317999828626,29.116216269566305,0.40957703547708874,1.9747516741978106,28.339732145708847,26.36498047151104
1999-08-02,28.107197944298093,25.340684366847597,31.872552323618432,28.93375120258146,1.1236835424190847,2.130498538169696,23.96123320672578,21.830734668556083,28.107197944298093,25.340684366847597,31.872552323618432,28.93375120258146,1.1236835424190847,2.130498538169696,23.96123320672578,21.830734668556083
1999-08-03,27.652600595443644,24.64197175824414,31.014354034778496,28.598903314398616,0.5581417987362602,1.856872522576924,22.200618898440258,20.34374637586333,27.652600595443644,24.64197175824414,31.014354034778496,28.598903314398616,0.5581417987362602,1.856872522576924,22.200618898440258,20.34374637586333
1999-08-04,27.74130087504581,24.966556101090507,30.940139503922353,28.500676740955704,0.2509116918016615,1.6761625968982692,21.831630332531233,20.155467735632968,27.74130087504581,24.966556101090507,30.940139503922353,28.500676740955704,0.2509116918016615,1.6761625968982692,21.831630332531233,20.155467735632968
1999-08-05,27.569689623268495,25.11532586001305,30.61920999847439,28.129749787328215,0.37021669279111474,1.3725392129396878,18.91620257195556,17.54366335901587,27.569689623268495,25.11532586001305,30.61920999847439,28.129749787328215,0.37021669279111474,1.3725392129396878,18.91620257195556,17.54366335901587
1999-08-06,27.783390881962944,25.065396667458938,32.27730729014734,28.554319653942656,2.397583340494891,2.04660216895532,21.5817032858871,19.535101116931784,27.783390881962944,25.065396667458938,32.27730729014734,28.554319653942656,2.397583340494891,2.04660216895532,21.5817032858871,19.535101116931784
1999-08-07,27.969155192467507,24.965346405362485,33.08791292142846,28.57479591535354,5.901239437850847,2.256968677668514,21.245348570043653,18.98837989237514,27.969155192467507,24.965346405362485,33.08791292142846,28.57479591535354,5.901239437850847,2.256968677668514,21.245348570043653,18.98837989237514
1999-08-08,26.909107866339934,24.183797233127333,31.477292720395532,27.380168646418028,3.6284736530054786,3.251769370325604,19.682956827320893,16.4311874569953,26.909107866339934,24.183797233127333,31.477292720395532,27.380168646418028,3.6284736530054786,3.251769370325604,19.682956827320893,16.4311874569953
1999-08-09,27.831155512407605,25.04143564963933,31.898440968834905,28.594928553922674,1.047423253096338,2.344869558777175,22.303686650780225,19.958817092003045,27.831155512407605,25.04143564963933,31.898440968834905,28.594928553922674,1.047423253096338,2.344869558777175,22.303686650780225,19.958817092003045
1999-08-10,27.52296901213342,24.343083081811393,32.738043829906765,28.20494132454556,1.98395700049432,2.5898758640205117,22.084770198647668,19.494894334627162,27.52296901213342,24.343083081811393,32.738043829906765,28.20494132454556,1.98395700049432,2.5898758640205117,22.084770198647668,19.494894334627162
1999-08-11,28.6971474857471,25.230561686183535,33.31262278729817,29.131325422347274,2.3524759694052277,3.3302685001805328,28.743653140592073,25.41338464041154,28.6971474857471,25.230561686183535,33.31262278729817,29.131325422347274,2.3524759694052277,3.3302685001805328,28.743653140592073,25.41338464041154
1999-08-12,28.93641942678045,24.532245806095702,33.719603559138555,29.761971316953954,0.0065275798930631386,2.098428189764983,31.567129974068788,29.468701784303803,28.93641942678045,24.532245806095702,33.719603559138555,29.761971316953954,0.0065275798930631386,2.098428189764983,31.567129974068788,29.468701784303803
1999-08-13,28.74287717966342,25.163422697200918,32.37445755461727,29.630716836823478,0.006542095762936554,1.771635203036719,31.12744221902724,29.355807015990518,28.74287717966342,25.163422697200918,32.37445755461727,29.630716836823478,0.006542095762936554,1.771635203036719,31.12744221902724,29.355807015990518
1999-08-14,28.00162213665781,25.362180431832176,31.085232743884298,28.81854823937621,0.7795027227515967,1.539354575400979,21.972947176932955,20.433592601531974,28.00162213665781,25.362180431832176,31.085232743884298,28.81854823937621,0.7795027227515967,1.539354575400979,21.972947176932955,20.433592601531974
1999-08-15,26.539953015166155,24.144818497913366,30.314382401399474,26.954966202713873,10.690062234767517,3.3394781499969874,14.701264349769307,11.361786199772318,26.539953015166155,24.144818497913366,30.314382401399474,26.954966202713873,10.690062234767517,3.3394781499969874,14.701264349769307,11.361786199772318
1999-08-16,26.610169903857265,24.189948793245257,31.979565296394732,26.881877750827993,8.734710377548438,3.837880424895351,17.22640887968302,13.388528454787672,26.610169903857265,24.189948793245257,31.979565296394732,26.881877750827993,8.734710377548438,3.837880424895351,17.22640887968302,13.388528454787672
1999-08-17,25.717150228656518,23.88127988336283,29.520653775528512,25.925694035011393,16.867854483610227,3.437421660884748,13.327838336657194,9.890416675772453,25.717150228656518,23.88127988336283,29.520653775528512,25.925694035011393,16.867854483610227,3.437421660884748,13.327838336657194,9.890416675772453
1999-08-18,25.703443738761177,24.399586377709834,28.15248601523109,25.298375315821346,4.267330121804276,3.7778638790100114,8.724718742720802,4.9468548637107865,25.703443738761177,24.399586377709834,28.15248601523109,25.298375315821346,4.267330121804276,3.7778638790100114,8.724718742720802,4.9468548637107865
1999-08-19,25.649597653394316,23.686811652860364,29.899905629844902,25.799824217746753,18.189758878975027,4.086968292163664,11.33419660173616,7.247228309572498,25.649597653394316,23.686811652860364,29.899905629844902,25.799824217746753,18.189758878975027,4.086968292163664,11.33419660173616,7.247228309572498
1999-08-20,26.63383701911645,24.45391497099718,31.139438251039792,26.819647034773556,2.2185127934668842,4.234896689015673,15.67554056864887,11.440643879633187,26.63383701911645,24.45391497099718,31.139438251039792,26.819647034773556,2.2185127934668842,4.234896689015673,15.67554056864887,11.440643879633187
1999-08-21,27.269172463456844,24.446843981499264,31.025736908679143,27.662539565671025,2.105943688039587,3.8249361351415807,16.47068062805718,12.645744492915595,27.269172463456844,24.446843981499264,31.025736908679143,27.662539565671025,2.105943688039587,3.8249361351415807,16.47068062805718,12.645744492915595
1999-08-22,27.353067118497062,25.159234635264703,31.332855592239174,27.649603669033493,4.689894430911397,4.587593272868994,17.90593521995585,13.318341947086848,27.353067118497062,25.159234635264703,31.332855592239174,27.649603669033493,4.689894430911397,4.587593272868994,17.90593521995585,13.318341947086848
1999-08-23,27.196759222392703,25.02698249131615,31.550114132947286,27.560546831017064,1.531739200697584,3.713935384000006,17.947095287186276,14.233159903186264,27.196759222392703,25.02698249131615,31.550114132947286,27.560546831017064,1.531739200697584,3.713935384000006,17.947095287186276,14.233159903186264
1999-08-24,27.79982540107767,24.85790845461819,32.18505053921622,28.18851501372582,0.40274933531654666,3.653240080118472,21.710680819347147,18.05744073922867,27.79982540107767,24.85790845461819,32.18505053921622,28.18851501372582,0.40274933531654666,3.653240080118472,21.710680819347147,18.05744073922867
1999-08-25,27.867654419169337,24.987255591714625,31.767773621314888,28.420307199868443,0.2926894080754842,3.2933160886378414,23.36769537129591,20.074379282658068,27.867654419169337,24.987255591714625,31.767773621314888,28.420307199868443,0.2926894080754842,3.2933160886378414,23.36769537129591,20.074379282658068
1999-08-26,28.186811649725232,25.47342982814525,31.82680679111671,28.71543626797603,1.4734967110147765,3.2024097938238816,22.54644636748415,19.344036573660265,28.186811649725232,25.47342982814525,31.82680679111671,28.71543626797603,1.4734967110147765,3.2024097938238816,22.54644636748415,19.344036573660265
1999-08-27,28.153866997226505,25.68841642706941,31.320291121571145,28.736334510508577,1.419475096958229,3.0698371997320253,19.667204507495697,16.597367307763673,28.153866997226505,25.68841642706941,31.320291121571145,28.736334510508577,1.419475096958229,3.0698371997320253,19.667204507495697,16.597367307763673
1999-08-28,28.347452983249337,25.768904754971857,31.21905961206315,28.971727563943837,0.8488038856784165,2.800887877363665,18.898594301743753,16.09770642438009,28.347452983249337,25.768904754971857,31.21905961206315,28.971727563943837,0.8488038856784165,2.800887877363665,18.898594301743753,16.09770642438009
1999-08-29,28.210249092618998,25.254803097017078,30.934302691936253,28.73574234851726,0.9923107273403545,2.8869245531363523,18.299977206856305,15.413052653719959,28.210249092618998,25.254803097017078,30.934302691936253,28.73574234851726,0.9923107273403545,2.8869245531363523,18.299977206856305,15.413052653719959
1999-08-30,28.26257165476816,25.35996142014851,31.186981418309905,28.99687046562959,0.9816931462759962,2.712849375384086,19.514158378608123,16.801309003224038,28.26257165476816,25.35996142014851,31.186981418309905,28.99687046562959,0.9816931462759962,2.712849375384086,19.514158378608123,16.801309003224038
1999-08-31,27.95483955449593,25.410573356174208,31.464325818649282,28.575653072947002,1.7607985181237082,2.750497119118731,18.52815835754734,15.77766123842861,27.95483955449593,25.410573356174208,31.464325818649282,28.575653072947002,1.7607985181237082,2.750497119118731,18.52815835754734,15.77766123842861
1999-09-01,27.226337887606245,24.91674651185905,31.499899575776602,27.568621260573757,7.62979028278193,3.1914626933468946,16.974737780452735,13.783275087105842,27.226337887606245,24.91674651185905,31.499899575776602,27.568621260573757,7.62979028278193,3.1914626933468946,16.974737780452735,13.783275087105842
1999-09-02,27.95297056491272,25.484207719814222,32.689194759679225,28.154994027295796,2.7533296317543505,3.9382802513429667,21.865923738408227,17.927643487065264,27.95297056491272,25.484207719814222,32.689194759679225,28.154994027295796,2.7533296317543505,3.9382802513429667,21.865923738408227,17.927643487065264
1999-09-03,28.016303106130906,25.120297940997563,32.16256525430004,28.423092486946032,3.789902699165841,3.284639874738931,22.1292629874731,18.844623112734162,28.016303106130906,25.120297940997563,32.16256525430004,28.423092486946032,3.789902699165841,3.284639874738931,22.1292629874731,18.844623112734162
1999-09-04,27.49029983232956,24.764848185206972,32.79334264891627,27.807180266622815,2.6082535567222087,3.985983464904931,21.58021284959483,17.5942293846899,27.49029983232956,24.764848185206972,32.79334264891627,27.807180266622815,2.6082535567222087,3.985983464904931,21.58021284959483,17.5942293846899
1999-09-05,28.816655321603882,25.830797321874474,32.9418377818839,29.33399238456541,0.10929335878778418,2.8194940644708395,26.200205539053027,23.38071147458218,28.816655321603882,25.830797321874474,32.9418377818839,29.33399238456541,0.10929335878778418,2.8194940644708395,26.200205539053027,23.38071147458218
1999-09-06,28.7857865398389,25.250695983521194,32.50482346177641,29.42912390268766,0.12046218789951808,2.5247516272594157,27.21396543403123,24.689213806771825,28.7857865398389,25.250695983521194,32.50482346177641,29.42912390268766,0.12046218789951808,2.5247516272594157,27.21396543403123,24.689213806771825
1999-09-07,28.67956990404034,25.623639615802247,32.81175513783148,29.32613870760249,1.384978402133462,2.5755358481331574,24.28835580553879,21.71281995740563,28.67956990404034,25.623639615802247,32.81175513783148,29.32613870760249,1.384978402133462,2.5755358481331574,24.28835580553879,21.71281995740563
1999-09-08,28.413974999256084,25.704305529350822,33.26881755574898,29.00377849719051,1.1559657970733184,2.7025895096117574,23.173701977301498,20.47111246768974,28.413974999256084,25.704305529350822,33.26881755574898,29.00377849719051,1.1559657970733184,2.7025895096117574,23.173701977301498,20.47111246768974
1999-09-09,28.234430966719387,25.833001241384945,31.40335770110163,28.81595151331758,0.40879650575678567,1.997591194464796,20.184048690628767,18.186457496163978,28.234430966719387,25.833001241384945,31.40335770110163,28.81595151331758,0.40879650575678567,1.997591194464796,20.184048690628767,18.186457496163978
1999-09-10,26.39506133785962,23.807558718228133,30.07786500076873,26.53237870800764,9.978774273499566,3.5054251822594087,11.68899242571014,8.18356724345073,26.39506133785962,23.807558718228133,30.07786500076873,26.53237870800764,9.978774273499566,3.5054251822594087,11.68899242571014,8.18356724345073
1999-09-11,26.866178140285342,24.574651281579147,30.97091144536233,27.02127094356133,3.6192712647582845,3.4517177802816614,13.6961626619174,10.24444488163574,26.866178140285342,24.574651281579147,30.97091144536233,27.02127094356133,3.6192712647582845,3.4517177802816614,13.6961626619174,10.24444488163574
1999-09-12,27.433782020919175,24.992301381411078,30.963373856176606,27.75299090597853,4.176445664772163,3.1668985509859824,18.456462052935812,15.289563501949836,27.433782020919175,24.992301381411078,30.963373856176606,27.75299090597853,4.176445664772163,3.1668985509859824,18.456462052935812,15.289563501949836
1999-09-13,26.873053080679853,24.955364072234623,30.433394318325607,27.18091252161137,1.8288528973757074,2.9141362736807936,15.405836660452987,12.491700386772191,26.873053080679853,24.955364072234623,30.433394318325607,27.18091252161137,1.8288528973757074,2.9141362736807936,15.405836660452987,12.491700386772191
1999-09-14,27.414258273336287,25.39329506987284,29.786423075623166,27.528793617267304,7.723611822045869,3.6207075368884607,15.895028088495057,12.274320551606605,27.414258273336287,25.39329506987284,29.786423075623166,27.528793617267304,7.723611822045869,3.6207075368884607,15.895028088495057,12.274320551606605
1999-09-15,27.519387742136885,25.72986448475401,30.116337444094405,27.404232932710347,4.532108770941637,3.9586638306786184,16.751449787415176,12.792785956736557,27.519387742136885,25.72986448475401,30.116337444094405,27.404232932710347,4.532108770941637,3.9586638306786184,16.751449787415176,12.792785956736557
1999-09-16,27.792777627620396,25.43568607127422,30.69125631398904,27.868246277265776,4.233688476921156,3.5903842689344128,19.92752394360444,16.337139674670023,27.792777627620396,25.43568607127422,30.69125631398904,27.868246277265776,4.233688476921156,3.5903842689344128,19.92752394360444,16.337139674670023
1999-09-17,27.761281672584502,25.76539588382685,29.809797385209997,28.12563677262971,1.4084242488465526,2.681460578943293,22.407641893501385,19.72618131455809,27.761281672584502,25.76539588382685,29.809797385209997,28.12563677262971,1.4084242488465526,2.681460578943293,22.407641893501385,19.72618131455809
1999-09-18,26.695416836605848,25.115115472538918,29.12127645451566,26.613649783616463,7.476534886285876,4.462154759287664,16.479336315790245,12.01718155650258,26.695416836605848,25.115115472538918,29.12127645451566,26.613649783616463,7.476534886285876,4.462154759287664,16.479336315790245,12.01718155650258
1999-09-19,27.66584848903559,26.103193504921965,29.549116764962097,27.937696696665874,0.6762068291729145,3.021488231897102,23.982231415002516,20.96074318310542,27.66584848903559,26.103193504921965,29.549116764962097,27.937696696665874,0.6762068291729145,3.021488231897102,23.982231415002516,20.96074318310542
1999-09-20,27.325849288442406,25.28225474423104,29.813114992083214,27.495533386692646,-1.3808378922459244E-5,2.720737244242322,23.78617630442836,21.065439060186044,27.325849288442406,25.28225474423104,29.813114992083214,27.495533386692646,-1.3808378922459244E-5,2.720737244242322,23.78617630442836,21.065439060186044
1999-09-21,26.992356332176776,25.725061868235564,29.185226974675363,27.224164608396375,4.0287020320663895,3.064701648566158,16.171880021780545,13.107178373214394,26.992356332176776,25.725061868235564,29.185226974675363,27.224164608396375,4.0287020320663895,3.064701648566158,16.171880021780545,13.107178373214394
1999-09-22,26.879087886292936,24.50437853827611,30.325628779277903,26.92957288453842,7.879169410639861,4.34642794367166,18.193182815292754,13.8467548716211,26.879087886292936,24.50437853827611,30.325628779277903,26.92957288453842,7.879169410639861,4.34642794367166,18.193182815292754,13.8467548716211
1999-09-23,26.713904108502263,24.505941921877696,29.077742156498648,27.18377753460762,0.724002697370868,2.6589072000743124,19.1568260479032,16.497918847828895,26.713904108502263,24.505941921877696,29.077742156498648,27.18377753460762,0.724002697370868,2.6589072000743124,19.1568260479032,16.497918847828895
1999-09-24,26.541138009867087,23.587356273923838,30.30308424360773,27.03738456677698,0.3358806116246553,2.5275945860279743,20.649291658934754,18.121697072906784,26.541138009867087,23.587356273923838,30.30308424360773,27.03738456677698,0.3358806116246553,2.5275945860279743,20.649291658934754,18.121697072906784
1999-09-25,26.838228552579757,23.790849328385345,30.746171561762107,27.40271041344299,0.6551052817327533,2.5163245455936964,21.300969723455918,18.78464517786221,26.838228552579757,23.790849328385345,30.746171561762107,27.40271041344299,0.6551052817327533,2.5163245455936964,21.300969723455918,18.78464517786221
1999-09-26,26.917888973603866,24.27972680522166,31.137891792385993,27.4026007109998,6.847761670603434,2.7630985994974493,19.080627456375638,16.317528856878194,26.917888973603866,24.27972680522166,31.137891792385993,27.4026007109998,6.847761670603434,2.7630985994974493,19.080627456375638,16.317528856878194
1999-09-27,26.73716966898431,24.629727222298794,31.670307463900834,26.83874273117662,3.60836867033543,3.8924473575662453,18.505415367110167,14.612968009543927,26.73716966898431,24.629727222298794,31.670307463900834,26.83874273117662,3.60836867033543,3.8924473575662453,18.505415367110167,14.612968009543927
1999-09-28,27.99457507333351,25.219923225125985,32.60765099009809,28.239865715122733,0.05532165114434341,2.891809668742294,31.008534865632946,28.11672519689064,27.99457507333351,25.219923225125985,32.60765099009809,28.239865715122733,0.05532165114434341,2.891809668742294,31.008534865632946,28.11672519689064
1999-09-29,27.957812498745977,25.54682070149964,31.513967545076966,28.289517430216765,3.5774522239855067,2.8573912317435166,25.689472414503303,22.832081182759776,27.957812498745977,25.54682070149964,31.513967545076966,28.289517430216765,3.5774522239855067,2.8573912317435166,25.689472414503303,22.832081182759776
1999-09-30,26.536296153519302,24.78590644817609,30.18138711303834,26.601411259279264,15.255790644283696,5.017468641804383,15.086735358285239,10.069266716480861,26.536296153519302,24.78590644817609,30.18138711303834,26.601411259279264,15.255790644283696,5.017468641804383,15.086735358285239,10.069266716480861
1999-10-01,26.340493751795577,24.17283460207911,30.270848909588285,26.519486673670134,5.2543131088256905,3.726239650116268,15.500295840337602,11.774056190221332,26.340493751795577,24.17283460207911,30.270848909588285,26.519486673670134,5.2543131088256905,3.726239650116268,15.500295840337602,11.774056190221332
1999-10-02,25.912474330406233,24.87843511083584,28.451462175746112,25.8450992675598,9.266087689563193,4.060485192278333,11.73454061722663,7.674055424948291,25.912474330406233,24.87843511083584,28.451462175746112,25.8450992675598,9.266087689563193,4.060485192278333,11.73454061722663,7.674055424948291
1999-10-03,25.573873691126664,24.13053792676018,28.888122125392428,25.5169868031648,5.048515509950029,4.225480514891805,10.043227589122,5.817747074230197,25.573873691126664,24.13053792676018,28.888122125392428,25.5169868031648,5.048515509950029,4.225480514891805,10.043227589122,5.817747074230197
1999-10-04,26.44765152675359,24.817760462960756,29.83387859756986,26.637764976656467,6.878354696117136,2.9285712749574233,13.854678884258815,10.926107609301395,26.44765152675359,24.817760462960756,29.83387859756986,26.637764976656467,6.878354696117136,2.9285712749574233,13.854678884258815,10.926107609301395
1999-10-05,26.39538531055393,25.268229299601,29.867413331153006,26.469829297219746,12.690151976100317,3.1027741974279377,10.096570812152617,6.993796614724677,26.39538531055393,25.268229299601,29.867413331153006,26.469829297219746,12.690151976100317,3.1027741974279377,10.096570812152617,6.993796614724677
1999-10-06,26.2366440165109,24.422012895595483,29.483103868162623,26.201675443838564,4.372430763520389,3.478503313641199,9.743096108124176,6.264592794482976,26.2366440165109,24.422012895595483,29.483103868162623,26.201675443838564,4.372430763520389,3.478503313641199,9.743096108124176,6.264592794482976
1999-10-07,26.28650317351634,24.45653736508196,29.79930363272474,26.28820994731983,5.181449093251228,3.4701106036505074,12.263897962555916,8.793787358905403,26.28650317351634,24.45653736508196,29.79930363272474,26.28820994731983,5.181449093251228,3.4701106036505074,12.263897962555916,8.793787358905403
1999-10-08,26.910630825885157,24.390511450745638,31.10182845332994,26.847545677660662,0.4325976507231275,3.861628614192845,17.9932556308966,14.131627016703753,26.910630825885157,24.390511450745638,31.10182845332994,26.847545677660662,0.4325976507231275,3.861628614192845,17.9932556308966,14.131627016703753
1999-10-09,27.940334649851366,25.01589308708807,31.93173061047019,28.194632268441886,0.041586881343103385,3.4502766224023893,24.24084478887548,20.790568166473097,27.940334649851366,25.01589308708807,31.93173061047019,28.194632268441886,0.041586881343103385,3.4502766224023893,24.24084478887548,20.790568166473097
1999-10-10,27.65518091722908,24.90910672802198,30.890507032737663,27.999757804257047,1.5240748947294043,3.2986982273841323,20.072942900800413,16.77424467341628,27.65518091722908,24.90910672802198,30.890507032737663,27.999757804257047,1.5240748947294043,3.2986982273841323,20.072942900800413,16.77424467341628
1999-10-11,26.830532068062382,24.3819441324726,30.138580856511307,27.20330997196957,1.9570586672078443,3.4119200034250095,18.002593942975942,14.590673939550937,26.830532068062382,24.3819441324726,30.138580856511307,27.20330997196957,1.9570586672078443,3.4119200034250095,18.002593942975942,14.590673939550937
1999-10-12,26.385590781955045,24.268134344678018,29.118689716227532,26.42903909610448,8.236859143053945,4.192803257452366,15.46251637104658,11.269713113594216,26.385590781955045,24.268134344678018,29.118689716227532,26.42903909610448,8.236859143053945,4.192803257452366,15.46251637104658,11.269713113594216
1999-10-13,26.062328550834373,24.34152099888856,28.31655957637512,25.91110909764196,8.502576019587401,4.404895077156069,12.863920936600426,8.459025859444356,26.062328550834373,24.34152099888856,28.31655957637512,25.91110909764196,8.502576019587401,4.404895077156069,12.863920936600426,8.459025859444356
1999-10-14,25.615532455856467,24.13506244526396,28.226547942072482,25.1410459784257,11.798185957337116,5.933921196960191,12.626686590412376,6.692765393452181,25.615532455856467,24.13506244526396,28.226547942072482,25.1410459784257,11.798185957337116,5.933921196960191,12.626686590412376,6.692765393452181
1999-10-15,26.59373809337006,25.261620959382316,28.390140988416057,26.652747343044844,2.0380891887851478,3.4503741865612194,18.921977170822103,15.471602984260878,26.59373809337006,25.261620959382316,28.390140988416057,26.652747343044844,2.0380891887851478,3.4503741865612194,18.921977170822103,15.471602984260878
1999-10-16,26.288234431119132,24.74622385764714,28.714849637452414,26.39388460990362,1.6923173500980107,3.0618499621339526,13.11297671145727,10.051126749323323,26.288234431119132,24.74622385764714,28.714849637452414,26.39388460990362,1.6923173500980107,3.0618499621339526,13.11297671145727,10.051126749323323
1999-10-17,26.286545969609307,24.102929870239937,29.081110382348758,26.65559113782319,1.2123701100268494,2.890693448948457,13.693290372556593,10.802596923608137,26.286545969609307,24.102929870239937,29.081110382348758,26.65559113782319,1.2123701100268494,2.890693448948457,13.693290372556593,10.802596923608137
1999-10-18,26.21325363028402,24.37231405217192,29.244825370011874,26.386520048165963,3.306063716786978,3.3769416014292184,15.146507285522205,11.76956568409299,26.21325363028402,24.37231405217192,29.244825370011874,26.386520048165963,3.306063716786978,3.3769416014292184,15.146507285522205,11.76956568409299
1999-10-19,25.66172442439021,24.068193562108856,29.426003603718524,25.374229424568277,17.130481155232296,5.5553662266245,12.521591574195067,6.966225347570565,25.66172442439021,24.068193562108856,29.426003603718524,25.374229424568277,17.130481155232296,5.5553662266245,12.521591574195067,6.966225347570565
1999-10-20,25.520356887095446,23.776546640318813,28.45744803369186,25.591377964313185,3.074169770272261,3.9295971868595796,10.432910262047717,6.503313075188135,25.520356887095446,23.776546640318813,28.45744803369186,25.591377964313185,3.074169770272261,3.9295971868595796,10.432910262047717,6.503313075188135
1999-10-21,25.154964141021647,23.09081163987507,27.921010319520608,25.0726124436864,7.495405441833478,3.585486415958647,9.079699196228468,5.494212780269821,25.154964141021647,23.09081163987507,27.921010319520608,25.0726124436864,7.495405441833478,3.585486415958647,9.079699196228468,5.494212780269821
1999-10-22,24.334972528410884,22.8745757712659,26.15700618559809,23.95766398353846,12.219591823497636,5.7747029020657985,17.230916318233348,11.456213416167548,24.334972528410884,22.8745757712659,26.15700618559809,23.95766398353846,12.219591823497636,5.7747029020657985,17.230916318233348,11.456213416167548
1999-10-23,24.657462363059977,23.955647335341347,25.862997403200218,24.529048693850566,0.03324959758665239,3.5954562109980666,34.638330303644274,31.042874092646205,24.657462363059977,23.955647335341347,25.862997403200218,24.529048693850566,0.03324959758665239,3.5954562109980666,34.638330303644274,31.042874092646205
1999-10-24,24.920042725164794,23.872329896803873,27.203058995390936,24.75684503432347,0.2673962833291792,3.7630232052327073,31.416129755192806,27.653106549960096,24.920042725164794,23.872329896803873,27.203058995390936,24.75684503432347,0.2673962833291792,3.7630232052327073,31.416129755192806,27.653106549960096
1999-10-25,23.72622166407761,21.913418811288807,26.105937286731628,23.792863760188272,1.1795398931170402,3.239761615469237,20.449755030351856,17.20999341488262,23.72622166407761,21.913418811288807,26.105937286731628,23.792863760188272,1.1795398931170402,3.239761615469237,20.449755030351856,17.20999341488262
1999-10-26,23.903127065096193,22.108863749408314,27.249632721645913,23.931109751358346,0.337209098670938,3.5222745662887722,27.88056802186969,24.35829345558092,23.903127065096193,22.108863749408314,27.249632721645913,23.931109751358346,0.337209098670938,3.5222745662887722,27.88056802186969,24.35829345558092
1999-10-27,23.879129247339517,21.715275631239784,26.61246074422554,23.938871204420504,1.374989471912616,3.1356577016478817,24.783810846672885,21.648153145024995,23.879129247339517,21.715275631239784,26.61246074422554,23.938871204420504,1.374989471912616,3.1356577016478817,24.783810846672885,21.648153145024995
1999-10-28,23.988376880702678,21.969928277349208,25.916485462410385,23.95296824527936,0.839869033909634,2.576183773414502,23.43056148870094,20.85437771528644,23.988376880702678,21.969928277349208,25.916485462410385,23.95296824527936,0.839869033909634,2.576183773414502,23.43056148870094,20.85437771528644
1999-10-29,24.37130047609031,21.544819865238463,27.927218711775037,24.425168513770284,0.6878246656891727,2.8430029146921765,24.60245251414136,21.759449599449184,24.37130047609031,21.544819865238463,27.927218711775037,24.425168513770284,0.6878246656891727,2.8430029146921765,24.60245251414136,21.759449599449184
1999-10-30,24.865966302312554,21.93218808928268,28.55129296174134,25.068448490439728,0.7911586152285918,2.399283051543269,16.80879036372041,14.409507312177134,24.865966302312554,21.93218808928268,28.55129296174134,25.068448490439728,0.7911586152285918,2.399283051543269,16.80879036372041,14.409507312177134
1999-10-31,24.65429628391671,23.16692523156807,26.561153057940814,24.310788420448375,16.105726125081603,4.184180106633081,9.27459715999067,5.09041705335759,24.65429628391671,23.16692523156807,26.561153057940814,24.310788420448375,16.105726125081603,4.184180106633081,9.27459715999067,5.09041705335759
1999-11-01,24.06613524807465,23.049681415403292,25.26068253579291,23.57670114948761,12.540854295765788,4.395067630458378,7.081804554955394,2.686736924497015,24.06613524807465,23.049681415403292,25.26068253579291,23.57670114948761,12.540854295765788,4.395067630458378,7.081804554955394,2.686736924497015
1999-11-02,24.650015273390398,23.608115106671956,26.11195640335535,24.54488491238854,0.23716181337692932,3.2675674512546706,33.199450737911846,29.93188328665719,24.650015273390398,23.608115106671956,26.11195640335535,24.54488491238854,0.23716181337692932,3.2675674512546706,33.199450737911846,29.93188328665719
1999-11-03,23.847531415655634,22.731419096836152,24.89510709810268,23.810498359458958,1.2706285183872255,3.3946501080625153,36.69204694908156,33.297396841019065,23.847531415655634,22.731419096836152,24.89510709810268,23.810498359458958,1.2706285183872255,3.3946501080625153,36.69204694908156,33.297396841019065
1999-11-04,22.698812348716423,21.019104253292547,25.1721508589123,22.725255857483067,0.37189828810213404,3.081740100263456,32.131086773816115,29.04934667355264,22.698812348716423,21.019104253292547,25.1721508589123,22.725255857483067,0.37189828810213404,3.081740100263456,32.131086773816115,29.04934667355264
1999-11-05,23.79623709290443,21.867073483146257,26.811620576703284,23.77441405390044,0.7278720218488647,2.823490473957139,31.78638181255163,28.962891338594517,23.79623709290443,21.867073483146257,26.811620576703284,23.77441405390044,0.7278720218488647,2.823490473957139,31.78638181255163,28.962891338594517
1999-11-06,24.148153073851834,22.95983911657379,25.925573713269653,23.970153168018484,5.764302354094741,4.4149035281511875,20.20092944930498,15.786025921153785,24.148153073851834,22.95983911657379,25.925573713269653,23.970153168018484,5.764302354094741,4.4149035281511875,20.20092944930498,15.786025921153785
1999-11-07,24.36427842395828,23.130433345739544,25.735245134730487,24.42189250622215,1.2906933058632253,2.3681211287589408,24.358511367348893,21.99039023858995,24.36427842395828,23.130433345739544,25.735245134730487,24.42189250622215,1.2906933058632253,2.3681211287589408,24.358511367348893,21.99039023858995
1999-11-08,24.40014920276665,23.00174363725153,26.228074487442232,24.37993229486098,1.0552798065161386,2.8565308271358427,29.463523671466646,26.606992844330794,24.40014920276665,23.00174363725153,26.228074487442232,24.37993229486098,1.0552798065161386,2.8565308271358427,29.463523671466646,26.606992844330794
1999-11-09,24.462541032338596,22.48792112537903,26.738231955350493,24.547747466680857,1.3441626903810098,2.5992039830547564,22.67151906713711,20.072315084082362,24.462541032338596,22.48792112537903,26.738231955350493,24.547747466680857,1.3441626903810098,2.5992039830547564,22.67151906713711,20.072315084082362
1999-11-10,24.830221236075374,23.53798067604159,27.05941048703084,24.852231860141288,0.017030801060283,1.9347254720271447,22.863513167767756,20.92878769574061,24.830221236075374,23.53798067604159,27.05941048703084,24.852231860141288,0.017030801060283,1.9347254720271447,22.863513167767756,20.92878769574061
1999-11-11,24.591017360985163,23.27741347283026,26.62941699429434,24.655679447818663,1.1340437262056386,2.2994114388490314,22.99136755835131,20.69195611950229,24.591017360985163,23.27741347283026,26.62941699429434,24.655679447818663,1.1340437262056386,2.2994114388490314,22.99136755835131,20.69195611950229
1999-11-12,24.416514513813702,23.44256633397091,25.748699017048004,24.484749148168255,0.4001607573491441,2.4536174110866167,33.27705294114259,30.82343553005598,24.416514513813702,23.44256633397091,25.748699017048004,24.484749148168255,0.4001607573491441,2.4536174110866167,33.27705294114259,30.82343553005598
1999-11-13,24.30076990592255,23.274924521934953,26.12099382562421,24.325107339677892,0.20745803915979819,2.5325457947003915,34.62668875965193,32.09414296495153,24.30076990592255,23.274924521934953,26.12099382562421,24.325107339677892,0.20745803915979819,2.5325457947003915,34.62668875965193,32.09414296495153
1999-11-14,23.519513177910955,21.77715197190633,25.99181651847381,23.558193496259825,0.7883920221103671,2.3303368562184907,19.351829469266928,17.02149261304844,23.519513177910955,21.77715197190633,25.99181651847381,23.558193496259825,0.7883920221103671,2.3303368562184907,19.351829469266928,17.02149261304844
1999-11-15,22.910929072327285,21.13088949162504,24.73485230825111,22.841842228019587,2.718045989485407,2.3479781911700863,13.98127047360132,11.633292282431233,22.910929072327285,21.13088949162504,24.73485230825111,22.841842228019587,2.718045989485407,2.3479781911700863,13.98127047360132,11.633292282431233
1999-11-16,22.678210921834562,21.4042851280435,24.595112318016735,22.430321220020865,1.825618302346833,2.8317416537528133,17.122895961057214,14.291154307304401,22.678210921834562,21.4042851280435,24.595112318016735,22.430321220020865,1.825618302346833,2.8317416537528133,17.122895961057214,14.291154307304401
1999-11-17,23.235285869623876,22.06312944466647,25.016584000112086,23.254958055600838,0.001697501557743643,2.2269942712100415,26.244067330098392,24.01707305888834,23.235285869623876,22.06312944466647,25.016584000112086,23.254958055600838,0.001697501557743643,2.2269942712100415,26.244067330098392,24.01707305888834
1999-11-18,22.139642815244507,18.926726259753558,25.434844553625922,21.974845255284873,0.21988505532613326,1.9626982822389656,19.81669246058683,17.85399417834787,22.139642815244507,18.926726259753558,25.434844553625922,21.974845255284873,0.21988505532613326,1.9626982822389656,19.81669246058683,17.85399417834787
1999-11-19,22.84953953464284,18.728222963683127,26.824205326135356,23.00143070666606,8.518774166077492E-4,2.019535234134332,20.087252298514993,18.067717064380663,22.84953953464284,18.728222963683127,26.824205326135356,23.00143070666606,8.518774166077492E-4,2.019535234134332,20.087252298514993,18.067717064380663
1999-11-20,23.249690666346492,20.637984027707994,26.580249908113974,23.62488780158838,1.3907299312435626,1.8818675946836614,13.236654472943124,11.354786878259466,23.249690666346492,20.637984027707994,26.580249908113974,23.62488780158838,1.3907299312435626,1.8818675946836614,13.236654472943124,11.354786878259466
1999-11-21,23.481542303227044,20.92476731932214,27.17087203909616,23.721371100930554,0.6281550594432621,1.9099188587349785,13.780502360360053,11.870583501625081,23.481542303227044,20.92476731932214,27.17087203909616,23.721371100930554,0.6281550594432621,1.9099188587349785,13.780502360360053,11.870583501625081
1999-11-22,24.285389216970525,21.09107964419274,28.859539177905624,24.555114681731617,0.023517526869929504,1.9943792797433488,22.33496242979959,20.34058315005624,24.285389216970525,21.09107964419274,28.859539177905624,24.555114681731617,0.023517526869929504,1.9943792797433488,22.33496242979959,20.34058315005624
1999-11-23,24.266092001805415,21.643536109292747,27.7680986082608,24.58197915714444,0.00448388131207533,1.6498352158532545,23.546808008557253,21.896972792704002,24.266092001805415,21.643536109292747,27.7680986082608,24.58197915714444,0.00448388131207533,1.6498352158532545,23.546808008557253,21.896972792704002
1999-11-24,23.52079143696612,20.870540797067935,26.402162011856284,23.834020733449847,0.19259048971852963,1.6575692836280518,21.235640201089076,19.578070917461027,23.52079143696612,20.870540797067935,26.402162011856284,23.834020733449847,0.19259048971852963,1.6575692836280518,21.235640201089076,19.578070917461027
1999-11-25,23.021207917076683,19.882544277469258,25.990231189949437,23.480824722481792,0.013375672691229778,1.6611472497831645,23.45837023622261,21.797222986439444,23.021207917076683,19.882544277469258,25.990231189949437,23.480824722481792,0.013375672691229778,1.6611472497831645,23.45837023622261,21.797222986439444
1999-11-26,22.839134739357075,19.50184952970033,26.043672505345427,22.76103114456973,0.06320603341441541,1.3440294855862445,19.254781586597318,17.910752101011074,22.839134739357075,19.50184952970033,26.043672505345427,22.76103114456973,0.06320603341441541,1.3440294855862445,19.254781586597318,17.910752101011074
1999-11-27,22.75386178362775,21.341920495377536,24.939158071939154,23.099220119474932,0.5243994108925888,1.6524918973130958,22.992845786083922,21.34035388877082,22.75386178362775,21.341920495377536,24.939158071939154,23.099220119474932,0.5243994108925888,1.6524918973130958,22.992845786083922,21.34035388877082
1999-11-28,22.595680916850984,20.32703458726213,26.98083179201105,22.78670253993289,0.004199996800342066,1.407287266287807,24.47950396478154,23.072216698493737,22.595680916850984,20.32703458726213,26.98083179201105,22.78670253993289,0.004199996800342066,1.407287266287807,24.47950396478154,23.072216698493737
1999-11-29,23.277158877283327,21.14834281058742,26.19999783184373,23.504510538357128,0.0015874591752146694,1.2991137591995332,27.933981194803522,26.63486743560398,23.277158877283327,21.14834281058742,26.19999783184373,23.504510538357128,0.0015874591752146694,1.2991137591995332,27.933981194803522,26.63486743560398
1999-11-30,23.121208602889105,21.884508592606235,24.698883773626303,23.34706404604126,0.08007116545179965,1.2693548586197239,37.071971069888846,35.80261621126914,23.121208602889105,21.884508592606235,24.698883773626303,23.34706404604126,0.08007116545179965,1.2693548586197239,37.071971069888846,35.80261621126914
1999-12-01,22.556037052195332,20.492280936031168,26.08832866027762,22.7565979846391,0.33974796470865404,1.356369255136209,31.64918503162095,30.292815776484737,22.556037052195332,20.492280936031168,26.08832866027762,22.7565979846391,0.33974796470865404,1.356369255136209,31.64918503162095,30.292815776484737
1999-12-02,22.25402874348102,19.634546414409193,26.41064201266293,22.52398923381439,0.0012763028516083155,1.3731614072774652,37.25997534918087,35.886813941903405,22.25402874348102,19.634546414409193,26.41064201266293,22.52398923381439,0.0012763028516083155,1.3731614072774652,37.25997534918087,35.886813941903405
1999-12-03,22.525490428041717,18.63095476204929,27.7335989806634,22.70433071813245,4.197797807137249E-4,1.3026317939760605,39.97152582907935,38.66889403510329,22.525490428041717,18.63095476204929,27.7335989806634,22.70433071813245,4.197797807137249E-4,1.3026317939760605,39.97152582907935,38.66889403510329
1999-12-04,23.577066411789584,19.783816977645657,28.69835848752857,23.8877623607424,0.0017106532936850272,1.2583883148567192,35.91117115613229,34.65278284127557,23.577066411789584,19.783816977645657,28.69835848752857,23.8877623607424,0.0017106532936850272,1.2583883148567192,35.91117115613229,34.65278284127557
1999-12-05,23.69579267767204,20.2764880560283,27.608496845133793,24.26401374447835,0.002574118639131484,0.9997284690042161,22.455694619074137,21.455966150069916,23.69579267767204,20.2764880560283,27.608496845133793,24.26401374447835,0.002574118639131484,0.9997284690042161,22.455694619074137,21.455966150069916
1999-12-06,22.655120380128803,21.333274448417576,24.237461545056664,22.770979153484262,1.9302433854820926,1.5660249813472602,16.089470671931377,14.523445690584117,22.655120380128803,21.333274448417576,24.237461545056664,22.770979153484262,1.9302433854820926,1.5660249813472602,16.089470671931377,14.523445690584117
1999-12-07,22.207265374771666,20.20898913913896,25.497828481364444,22.62417959209006,0.002418833673800691,0.9809889551481752,24.795120258531163,23.814131303382982,22.207265374771666,20.20898913913896,25.497828481364444,22.62417959209006,0.002418833673800691,0.9809889551481752,24.795120258531163,23.814131303382982
1999-12-08,23.18896988871732,20.697714065707586,28.157704338350477,23.594633180260683,0.0,0.9706436347068093,20.8179829652018,19.847339330494986,23.18896988871732,20.697714065707586,28.157704338350477,23.594633180260683,0.0,0.9706436347068093,20.8179829652018,19.847339330494986
1999-12-09,25.21493979141967,22.283583543434112,29.516021279190195,25.600061047473346,0.003596883192164074,0.972371503471929,25.704871987784234,24.7325004843123,25.21493979141967,22.283583543434112,29.516021279190195,25.600061047473346,0.003596883192164074,0.972371503471929,25.704871987784234,24.7325004843123
1999-12-10,24.30911584835982,20.74299062827638,27.57880796060962,24.8213194395744,-1.3923795449954923E-6,0.9215184208235295,26.155230934643402,25.23371251381987,24.30911584835982,20.74299062827638,27.57880796060962,24.8213194395744,-1.3923795449954923E-6,0.9215184208235295,26.155230934643402,25.23371251381987
1999-12-11,23.39282646676354,19.773782864604524,27.529556341060356,23.680277157064932,0.05555402490742639,0.8162467574156812,22.73768868904879,21.921441931633115,23.39282646676354,19.773782864604524,27.529556341060356,23.680277157064932,0.05555402490742639,0.8162467574156812,22.73768868904879,21.921441931633115
1999-12-12,25.096344299737456,21.433507799858656,30.856080286147545,25.441816783133365,0.001716613667213096,0.953400218560793,28.971242176138528,28.01784195757774,25.096344299737456,21.433507799858656,30.856080286147545,25.441816783133365,0.001716613667213096,0.953400218560793,28.971242176138528,28.01784195757774
1999-12-13,23.608863036812018,22.04524985243204,26.527723469722382,23.526947803638354,2.8865003971469854,1.8995266086899216,16.66714415851719,14.767617549827271,23.608863036812018,22.04524985243204,26.527723469722382,23.526947803638354,2.8865003971469854,1.8995266086899216,16.66714415851719,14.767617549827271
1999-12-14,22.555779341110657,20.415398218598952,25.388675177219056,22.980302544755347,4.351138045421976E-4,0.901091750350352,26.413854438576653,25.5127626882263,22.555779341110657,20.415398218598952,25.388675177219056,22.980302544755347,4.351138045421976E-4,0.901091750350352,26.413854438576653,25.5127626882263
1999-12-15,22.592550397431484,20.883690621542936,25.423171880976636,22.723910811664933,3.0523197526619357,1.8169263482104296,17.44478125835061,15.627854910140176,22.592550397431484,20.883690621542936,25.423171880976636,22.723910811664933,3.0523197526619357,1.8169263482104296,17.44478125835061,15.627854910140176
1999-12-16,22.193975111479947,21.67453288004066,23.159277326550896,21.91205909476388,8.683654839052926,3.7350533658054013,16.584770633914847,12.849717268109446,22.193975111479947,21.67453288004066,23.159277326550896,21.91205909476388,8.683654839052926,3.7350533658054013,16.584770633914847,12.849717268109446
1999-12-17,22.545098446304802,20.65913384341148,26.310705033235422,22.792742403591863,0.9417680549811488,1.5056439881731654,14.083012400504021,12.577368412330856,22.545098446304802,20.65913384341148,26.310705033235422,22.792742403591863,0.9417680549811488,1.5056439881731654,14.083012400504021,12.577368412330856
1999-12-18,22.967285032990144,20.51773469769728,26.134695250755335,23.469664844442672,0.29140028910374066,1.1655654123117904,12.309218980909945,11.143653568598156,22.967285032990144,20.51773469769728,26.134695250755335,23.469664844442672,0.29140028910374066,1.1655654123117904,12.309218980909945,11.143653568598156
1999-12-19,22.988214721133303,20.0272971427033,27.438440409005583,23.299963205392896,0.1458561180075135,1.2458745182195612,13.576832281405249,12.330957763185694,22.988214721133303,20.0272971427033,27.438440409005583,23.299963205392896,0.1458561180075135,1.2458745182195612,13.576832281405249,12.330957763185694
1999-12-20,24.43768322519026,21.100135727439266,29.69330734462537,24.545452315574686,0.009389058330239048,1.1002189201257226,24.293149250332164,23.192930330206444,24.43768322519026,21.100135727439266,29.69330734462537,24.545452315574686,0.009389058330239048,1.1002189201257226,24.293149250332164,23.192930330206444
1999-12-21,25.206599340139828,22.577498005124244,28.442818047556038,25.65214540177677,0.10156302679815415,1.0222637873010425,20.560582280263965,19.538318492962922,25.206599340139828,22.577498005124244,28.442818047556038,25.65214540177677,0.10156302679815415,1.0222637873010425,20.560582280263965,19.538318492962922
1999-12-22,23.45875256206835,21.537121341244408,25.988439558727173,23.432696746489395,14.246855193955577,2.6308878463689345,8.0384810380677,5.407593191698764,23.45875256206835,21.537121341244408,25.988439558727173,23.432696746489395,14.246855193955577,2.6308878463689345,8.0384810380677,5.407593191698764
1999-12-23,22.785868440497985,21.61485347176737,25.30659083050289,22.646332527161594,15.568094443022058,2.9073254857769975,6.708556548018151,3.801231062241153,22.785868440497985,21.61485347176737,25.30659083050289,22.646332527161594,15.568094443022058,2.9073254857769975,6.708556548018151,3.801231062241153
1999-12-24,22.584400454605454,21.626238963149596,24.386163797677465,22.336701785055485,4.452457766745954,3.6699177058267303,13.236857845712688,9.566940139885958,22.584400454605454,21.626238963149596,24.386163797677465,22.336701785055485,4.452457766745954,3.6699177058267303,13.236857845712688,9.566940139885958
1999-12-25,22.086634925062096,21.05420773980815,23.24098974364284,22.214977278871253,0.002149165360087777,1.9733138253184728,33.231044309518815,31.25773048420035,22.086634925062096,21.05420773980815,23.24098974364284,22.214977278871253,0.002149165360087777,1.9733138253184728,33.231044309518815,31.25773048420035
1999-12-26,21.255280932302984,20.500815452476203,22.42231935593137,21.355355399161937,0.08863163324271037,1.8300229395494019,31.883592810186556,30.053569870637137,21.255280932302984,20.500815452476203,22.42231935593137,21.355355399161937,0.08863163324271037,1.8300229395494019,31.883592810186556,30.053569870637137
1999-12-27,20.588602768021413,19.1199270271927,23.104233988795112,20.751899458923404,0.0066326490881242275,1.9262683360997161,26.570126088877384,24.64385775277767,20.588602768021413,19.1199270271927,23.104233988795112,20.751899458923404,0.0066326490881242275,1.9262683360997161,26.570126088877384,24.64385775277767
1999-12-28,21.223142588876243,18.205989897574423,23.36630272349655,20.50838305916857,0.1838337664439278,1.658311050730341,20.58108890768338,18.92277785695304,21.223142588876243,18.205989897574423,23.36630272349655,20.50838305916857,0.1838337664439278,1.658311050730341,20.58108890768338,18.92277785695304
1999-12-29,20.71588896755551,19.08219642760087,23.190747587359112,20.82412267279374,1.9122151032683292,2.2228417049420255,15.022618763671028,12.79977705872901,20.71588896755551,19.08219642760087,23.190747587359112,20.82412267279374,1.9122151032683292,2.2228417049420255,15.022618763671028,12.79977705872901
1999-12-30,21.386083346621437,17.911137447646034,26.645128494805487,21.22122696722791,0.0012656317820078193,1.8611344055795207,16.7561430915765,14.89500868599697,21.386083346621437,17.911137447646034,26.645128494805487,21.22122696722791,0.0012656317820078193,1.8611344055795207,16.7561430915765,14.89500868599697
1999-12-31,22.793226637688587,19.098521230387885,27.320118238792347,23.090316074331515,4.351138045421976E-4,1.7341161461684138,19.32406327062276,17.589947124454348,22.793226637688587,19.098521230387885,27.320118238792347,23.090316074331515,4.351138045421976E-4,1.7341161461684138,19.32406327062276,17.589947124454348
2000-01-01,23.604716906088974,20.875239370036315,27.584462967805724,23.904718629846712,0.018750783548089726,1.750978320383004,20.88424438487984,19.133266064496826,23.604716906088974,20.875239370036315,27.584462967805724,23.904718629846712,0.018750783548089726,1.750978320383004,20.88424438487984,19.133266064496826
2000-01-02,24.490397879275978,21.45990210274817,28.772378690530772,24.67074549568496,0.15817136067263138,1.4612781770944634,21.43530990874611,19.974031731651646,24.490397879275978,21.45990210274817,28.772378690530772,24.67074549568496,0.15817136067263138,1.4612781770944634,21.43530990874611,19.974031731651646
2000-01-03,25.32306767340853,21.97045533172506,30.23705087455484,25.4904926463082,0.053467830115178694,1.7633049037962276,26.43449320292211,24.67118829912588,25.32306767340853,21.97045533172506,30.23705087455484,25.4904926463082,0.053467830115178694,1.7633049037962276,26.43449320292211,24.67118829912588
2000-01-04,24.482129013699378,21.491433828689086,27.680796062043473,24.939015139259254,0.04136193288449734,1.3208923619942534,19.62316092123402,18.302268559239764,24.482129013699378,21.491433828689086,27.680796062043473,24.939015139259254,0.04136193288449734,1.3208923619942534,19.62316092123402,18.302268559239764
2000-01-05,22.203504611556443,20.90204676204515,23.31981406270634,22.42423894254485,0.7606165767447868,1.161817910019131,24.441879115376757,23.280061205357626,22.203504611556443,20.90204676204515,23.31981406270634,22.42423894254485,0.7606165767447868,1.161817910019131,24.441879115376757,23.280061205357626
2000-01-06,22.982285475856816,20.17776904400066,26.89493209768991,23.22857753614372,0.31435875321422446,1.386793596685121,19.957863264161123,18.571069667476,22.982285475856816,20.17776904400066,26.89493209768991,23.22857753614372,0.31435875321422446,1.386793596685121,19.957863264161123,18.571069667476
2000-01-07,23.966026111229727,21.547441775599722,27.317496011323456,24.20874904992231,0.1951324724669864,1.2367463566680401,21.82047201603303,20.583725659364994,23.966026111229727,21.547441775599722,27.317496011323456,24.20874904992231,0.1951324724669864,1.2367463566680401,21.82047201603303,20.583725659364994
2000-01-08,24.140114119367286,21.141003634031875,28.017383713300596,24.455072882109064,0.1770967620917785,1.2216112767019796,18.23209795094409,17.01048667424211,24.140114119367286,21.141003634031875,28.017383713300596,24.455072882109064,0.1770967620917785,1.2216112767019796,18.23209795094409,17.01048667424211
2000-01-09,24.41098428085492,21.056990692471857,29.285765018174185,24.74837088119647,0.06223406645049409,1.3444876418373206,19.459899873139786,18.115412231302457,24.41098428085492,21.056990692471857,29.285765018174185,24.74837088119647,0.06223406645049409,1.3444876418373206,19.459899873139786,18.115412231302457
2000-01-10,24.483802905278164,21.092197588322275,28.783149095234908,24.96125135740872,0.010427464142195053,1.2051498697163265,18.70279284158026,17.497642971863936,24.483802905278164,21.092197588322275,28.783149095234908,24.96125135740872,0.010427464142195053,1.2051498697163265,18.70279284158026,17.497642971863936
2000-01-11,24.187728956768343,20.9355044331001,28.211144498184748,24.573060039087213,0.14751628382435228,1.1515320820308101,17.123302887677713,15.971770805646917,24.187728956768343,20.9355044331001,28.211144498184748,24.573060039087213,0.14751628382435228,1.1515320820308101,17.123302887677713,15.971770805646917
2000-01-12,24.327809029481013,20.446205396608523,28.618976080539348,24.701195893797728,4.351138045421976E-4,1.274793213623726,27.20346764470121,25.928674431077475,24.327809029481013,20.446205396608523,28.618976080539348,24.701195893797728,4.351138045421976E-4,1.274793213623726,27.20346764470121,25.928674431077475
2000-01-13,23.88934246438114,20.49947966615594,28.193924000717505,24.280307282827025,0.12909760263278344,1.0546837976335552,23.653055424104902,22.598371626471344,23.88934246438114,20.49947966615594,28.193924000717505,24.280307282827025,0.12909760263278344,1.0546837976335552,23.653055424104902,22.598371626471344
2000-01-14,23.65506695913884,22.22457358698557,26.260780393056898,23.88334902362173,1.0168809574214708,1.2574997281458185,27.415451175438413,26.157951447292596,23.65506695913884,22.22457358698557,26.260780393056898,23.88334902362173,1.0168809574214708,1.2574997281458185,27.415451175438413,26.157951447292596
2000-01-15,22.577784203268155,21.12029210406734,25.04733835014079,22.782788185996647,1.0282694966981702,1.4407528526936668,35.148464114408156,33.70771126171449,22.577784203268155,21.12029210406734,25.04733835014079,22.782788185996647,1.0282694966981702,1.4407528526936668,35.148464114408156,33.70771126171449
2000-01-16,22.30316198737989,19.62955243149956,26.319536803145734,22.611657917962884,0.001389449461670682,1.168833897908668,39.26767482067673,38.09884092276806,22.30316198737989,19.62955243149956,26.319536803145734,22.611657917962884,0.001389449461670682,1.168833897908668,39.26767482067673,38.09884092276806
2000-01-17,21.964367329067993,19.276640326811297,25.025441987836093,22.227375144192564,0.1752002152544743,0.9519445305403454,34.289172062910794,33.337227532370434,21.964367329067993,19.276640326811297,25.025441987836093,22.227375144192564,0.1752002152544743,0.9519445305403454,34.289172062910794,33.337227532370434
2000-01-18,21.588718583968223,18.121970904095964,25.84313581304757,22.041510281233087,8.682185521469872E-4,0.9235263939562418,24.553571590532417,23.630045196576184,21.588718583968223,18.121970904095964,25.84313581304757,22.041510281233087,8.682185521469872E-4,0.9235263939562418,24.553571590532417,23.630045196576184
2000-01-19,21.32126034804605,17.475779864400884,26.398440302371412,21.852847546994813,8.52346317969932E-4,1.0058474069242744,24.690139740862943,23.684292333938675,21.32126034804605,17.475779864400884,26.398440302371412,21.852847546994813,8.52346317969932E-4,1.0058474069242744,24.690139740862943,23.684292333938675
2000-01-20,21.562809999489943,17.90228980085552,26.52728713500155,22.08388944753283,0.0,0.8794884956840392,22.979196744953573,22.099708249269543,21.562809999489943,17.90228980085552,26.52728713500155,22.08388944753283,0.0,0.8794884956840392,22.979196744953573,22.099708249269543
2000-01-21,21.77159614482363,17.740304613802,26.651593201393013,22.265034985113953,0.0017106522136600688,0.892638140589303,25.2837469383376,24.391108797748306,21.77159614482363,17.740304613802,26.651593201393013,22.265034985113953,0.0017106522136600688,0.892638140589303,25.2837469383376,24.391108797748306
2000-01-22,22.20524054940795,17.78370802161472,28.81365480063534,22.667881863316214,0.0019755757985910646,0.8365338705624437,23.939319847229704,23.10278597666726,22.20524054940795,17.78370802161472,28.81365480063534,22.667881863316214,0.0019755757985910646,0.8365338705624437,23.939319847229704,23.10278597666726
2000-01-23,23.814134847836442,19.730707636312815,28.872385428261634,24.400659126612243,0.0021514188119908795,0.8538615561473237,29.44905701637603,28.59519546022872,23.814134847836442,19.730707636312815,28.872385428261634,24.400659126612243,0.0021514188119908795,0.8538615561473237,29.44905701637603,28.59519546022872
2000-01-24,22.79978689288012,20.933146517526144,25.495776934756368,23.101351521890557,0.21136568074108253,0.5749448360996625,16.261078346443238,15.686133510343572,22.79978689288012,20.933146517526144,25.495776934756368,23.101351521890557,0.21136568074108253,0.5749448360996625,16.261078346443238,15.686133510343572
2000-01-25,20.260036131153544,17.724568717502343,22.791210954699018,20.885610665230267,0.07188808073305564,0.7137647984459519,25.598002646896525,24.884237848450574,20.260036131153544,17.724568717502343,22.791210954699018,20.885610665230267,0.07188808073305564,0.7137647984459519,25.598002646896525,24.884237848450574
2000-01-26,20.000757612806435,17.79942153226575,23.540743618676544,20.44301895404958,0.0012925066243951733,0.6184826417051597,24.661522840227445,24.043040198522284,20.000757612806435,17.79942153226575,23.540743618676544,20.44301895404958,0.0012925066243951733,0.6184826417051597,24.661522840227445,24.043040198522284
2000-01-27,21.078014647575788,16.825921829723463,28.10546913375391,21.47279856897815,4.351138045421976E-4,0.7122779516329351,32.62523548331802,31.912957531685084,21.078014647575788,16.825921829723463,28.10546913375391,21.47279856897815,4.351138045421976E-4,0.7122779516329351,32.62523548331802,31.912957531685084
2000-01-28,23.32319652749514,18.857183353092154,28.762998587785304,23.84500795959858,0.0046927626156519795,0.6536716931867278,31.478780902746323,30.82510920955957,23.32319652749514,18.857183353092154,28.762998587785304,23.84500795959858,0.0046927626156519795,0.6536716931867278,31.478780902746323,30.82510920955957
2000-01-29,23.83481480409324,20.287605543092898,28.588987658300073,24.48663935820873,0.017897868062512923,0.5800260858122794,21.10162938184913,20.521603296036844,23.83481480409324,20.287605543092898,28.588987658300073,24.48663935820873,0.017897868062512923,0.5800260858122794,21.10162938184913,20.521603296036844
2000-01-30,23.605971981575788,19.63170065831111,28.44985184946622,24.308937327291037,0.0012963923836650793,0.6127500934142506,26.007487257209693,25.394737163795444,23.605971981575788,19.63170065831111,28.44985184946622,24.308937327291037,0.0012963923836650793,0.6127500934142506,26.007487257209693,25.394737163795444
2000-01-31,23.236772363583718,20.38180079982495,27.495102914431875,23.890530839772047,0.3134415576691023,0.5975388264065057,15.011146270964247,14.413607444557746,23.236772363583718,20.38180079982495,27.495102914431875,23.890530839772047,0.3134415576691023,0.5975388264065057,15.011146270964247,14.413607444557746
2000-02-01,23.82928063729795,21.02770582456407,29.1382558695654,24.416495321859937,0.38835662014997124,0.6240236554222655,16.344410599894648,15.720386944472393,23.82928063729795,21.02770582456407,29.1382558695654,24.416495321859937,0.38835662014997124,0.6240236554222655,16.344410599894648,15.720386944472393
2000-02-02,24.19236422152781,21.340143322113203,29.330263366376677,24.816922280317257,0.10480634148281937,0.6460653616009818,18.945611829634235,18.29954646803326,24.19236422152781,21.340143322113203,29.330263366376677,24.816922280317257,0.10480634148281937,0.6460653616009818,18.945611829634235,18.29954646803326
2000-02-03,23.839316525559546,21.549230622724522,27.725880742249377,24.454733642787687,1.4531057063341022,1.0089730809784851,15.481171832302156,14.47219875132368,23.839316525559546,21.549230622724522,27.725880742249377,24.454733642787687,1.4531057063341022,1.0089730809784851,15.481171832302156,14.47219875132368
2000-02-04,22.24171482949273,20.483507562296666,23.939641967429413,22.380402491794523,2.9306274860684915,1.6084682293480317,12.2054333668353,10.59696513748727,22.24171482949273,20.483507562296666,23.939641967429413,22.380402491794523,2.9306274860684915,1.6084682293480317,12.2054333668353,10.59696513748727
2000-02-05,21.538194542741877,20.06391314660713,23.243611820619982,21.932441938865445,0.16609970748048059,0.7239597222651969,30.346341431140903,29.622381708875704,21.538194542741877,20.06391314660713,23.243611820619982,21.932441938865445,0.16609970748048059,0.7239597222651969,30.346341431140903,29.622381708875704
2000-02-06,21.338288543251526,18.66347140815734,25.216817220410356,21.765269679917978,0.0013037343121013517,0.7783991598608456,34.67481858128179,33.89641942142095,21.338288543251526,18.66347140815734,25.216817220410356,21.765269679917978,0.0013037343121013517,0.7783991598608456,34.67481858128179,33.89641942142095
2000-02-07,21.074729332381338,17.996913120636567,25.005921444249562,21.556785607592726,4.4107436991680515E-4,0.6540002853764786,34.2476819919087,33.59368170653221,21.074729332381338,17.996913120636567,25.005921444249562,21.556785607592726,4.4107436991680515E-4,0.6540002853764786,34.2476819919087,33.59368170653221
2000-02-08,21.020431610954862,19.16522016535342,23.68969861682593,21.434160133694192,0.0016950150601970164,0.5878647969784387,33.71830544145478,33.13044064447636,21.020431610954862,19.16522016535342,23.68969861682593,21.434160133694192,0.0016950150601970164,0.5878647969784387,33.71830544145478,33.13044064447636
2000-02-09,21.184693741179785,19.181233272841354,24.16784511242331,21.69209089580387,0.0012886997069472272,0.6356367584830985,36.36170429278949,35.726067534306374,21.184693741179785,19.181233272841354,24.16784511242331,21.69209089580387,0.0012886997069472272,0.6356367584830985,36.36170429278949,35.726067534306374
2000-02-10,20.35902245595339,15.47850226563186,26.034514447810434,20.920238906620316,0.0017100459217544994,0.6846035182785717,31.2346306095748,30.55002709129622,20.35902245595339,15.47850226563186,26.034514447810434,20.920238906620316,0.0017100459217544994,0.6846035182785717,31.2346306095748,30.55002709129622
2000-02-11,21.831071851084662,17.090518653926033,29.493402717700455,22.3722208429086,0.0013071334024061798,0.6738344959287458,34.3886675256035,33.714833029674764,21.831071851084662,17.090518653926033,29.493402717700455,22.3722208429086,0.0013071334024061798,0.6738344959287458,34.3886675256035,33.714833029674764
2000-02-12,23.671242383630208,18.911983017822312,30.328693812613118,24.282644781014397,0.0012943357887706952,0.6107582325885395,35.9300094177371,35.31925118514855,23.671242383630208,18.911983017822312,30.328693812613118,24.282644781014397,0.0012943357887706952,0.6107582325885395,35.9300094177371,35.31925118514855
2000-02-13,25.759097207716525,21.715412627109593,32.982804443316326,26.22068591823855,0.0016957073884713318,0.5670781980500587,33.764986635598135,33.19790843754806,25.759097207716525,21.715412627109593,32.982804443316326,26.22068591823855,0.0016957073884713318,0.5670781980500587,33.764986635598135,33.19790843754806
2000-02-14,26.575958579496707,23.132868415211686,32.099217851349174,27.31140665737576,0.003986897792728821,0.5351136569438913,29.137498746039206,28.602385089095307,26.575958579496707,23.132868415211686,32.099217851349174,27.31140665737576,0.003986897792728821,0.5351136569438913,29.137498746039206,28.602385089095307
2000-02-15,26.207612179886777,22.468429481584234,31.638551258007816,26.917375403468352,0.006407775714208399,0.5059865325972744,27.005860845086943,26.499874312489656,26.207612179886777,22.468429481584234,31.638551258007816,26.917375403468352,0.006407775714208399,0.5059865325972744,27.005860845086943,26.499874312489656
2000-02-16,26.30539074161327,21.871234246952984,31.888102652834217,26.90871938508591,0.0028431200576051197,0.5058452713999708,37.90574665953887,37.399901388138886,26.30539074161327,21.871234246952984,31.888102652834217,26.90871938508591,0.0028431200576051197,0.5058452713999708,37.90574665953887,37.399901388138886
2000-02-17,26.064841349522077,20.987891741863777,31.48879586945703,26.643360114335575,0.02725772495964225,0.48603738325819573,39.70890421342915,39.22286683017096,26.064841349522077,20.987891741863777,31.48879586945703,26.643360114335575,0.02725772495964225,0.48603738325819573,39.70890421342915,39.22286683017096
2000-02-18,26.53893720499848,22.477501301968623,32.0816704427914,27.073112842881926,0.06707785266519105,0.5009367070664356,41.6572006440952,41.15626393702877,26.53893720499848,22.477501301968623,32.0816704427914,27.073112842881926,0.06707785266519105,0.5009367070664356,41.6572006440952,41.15626393702877
2000-02-19,25.74442778019969,21.354899388091884,29.964084854475267,26.439731391556528,0.0021439185093602557,0.40209409395346296,36.03263500081942,35.63054090686596,25.74442778019969,21.354899388091884,29.964084854475267,26.439731391556528,0.0021439185093602557,0.40209409395346296,36.03263500081942,35.63054090686596
2000-02-20,24.577292835369573,21.7136825470153,28.264157105567076,25.17889401107889,0.0629711052446812,0.3292073835869749,27.71312751298473,27.38392012939774,24.577292835369573,21.7136825470153,28.264157105567076,25.17889401107889,0.0629711052446812,0.3292073835869749,27.71312751298473,27.38392012939774
2000-02-21,24.098423598861515,21.89066437186802,27.43261285226245,24.61300699346657,0.18798147825346342,0.38869895648530095,27.710475245383737,27.32177628889842,24.098423598861515,21.89066437186802,27.43261285226245,24.61300699346657,0.18798147825346342,0.38869895648530095,27.710475245383737,27.32177628889842
2000-02-22,23.075872238435114,19.43687058650675,27.538230438608608,23.74451218927854,0.00258128420682624,0.35860559103637146,36.685845302565475,36.327239711529124,23.075872238435114,19.43687058650675,27.538230438608608,23.74451218927854,0.00258128420682624,0.35860559103637146,36.685845302565475,36.327239711529124
2000-02-23,23.26622030117759,18.97314754860967,29.579520345582335,23.861491350687047,0.0012707152450275316,0.38994943139816746,41.108434693773,40.71848526237483,23.26622030117759,18.97314754860967,29.579520345582335,23.861491350687047,0.0012707152450275316,0.38994943139816746,41.108434693773,40.71848526237483
2000-02-24,24.542705631200164,20.476376075113063,29.895111102258333,25.149283837549813,0.0,0.3492709947339914,36.79319367458301,36.44392267984902,24.542705631200164,20.476376075113063,29.895111102258333,25.149283837549813,0.0,0.3492709947339914,36.79319367458301,36.44392267984902
2000-02-25,24.7341837696785,19.91945056921998,30.81327336315701,25.352861396491218,0.001284479992591514,0.36064002599912276,44.065105643185056,43.704465617185946,24.7341837696785,19.91945056921998,30.81327336315701,25.352861396491218,0.001284479992591514,0.36064002599912276,44.065105643185056,43.704465617185946
2000-02-26,25.524327104825417,20.68078654881467,31.249193119104095,26.186967326951788,4.261732051702438E-4,0.35672764779029487,39.85143878817683,39.494711140386535,25.524327104825417,20.68078654881467,31.249193119104095,26.186967326951788,4.261732051702438E-4,0.35672764779029487,39.85143878817683,39.494711140386535
2000-02-27,25.368145992650394,21.450695866352614,29.98920798575466,26.28381364196901,8.612870487922919E-4,0.32168706369236266,33.293172239459444,32.97148517576708,25.368145992650394,21.450695866352614,29.98920798575466,26.28381364196901,8.612870487922919E-4,0.32168706369236266,33.293172239459444,32.97148517576708
2000-02-28,24.34163151671943,21.21184370437945,29.164159590830916,25.112635663793878,0.012128766265279745,0.2857274229875456,26.692642008557034,26.406914585569485,24.34163151671943,21.21184370437945,29.164159590830916,25.112635663793878,0.012128766265279745,0.2857274229875456,26.692642008557034,26.406914585569485
2000-02-29,24.611853933698292,20.599437977789794,30.54413421405115,25.356475895604806,0.0,0.3164478444158716,31.313571694473328,30.997123850057463,24.611853933698292,20.599437977789794,30.54413421405115,25.356475895604806,0.0,0.3164478444158716,31.313571694473328,30.997123850057463
2000-03-01,25.047265269597556,20.845864567180524,29.574997460989046,25.77589003829541,0.001284479992591514,0.31252549164057536,39.98060768529872,39.66808219365813,25.047265269597556,20.845864567180524,29.574997460989046,25.77589003829541,0.001284479992591514,0.31252549164057536,39.98060768529872,39.66808219365813
2000-03-02,24.886628653945145,20.448928432054743,31.114166595147207,25.60298098615322,4.351138045421976E-4,0.29683524205383177,38.24195825285204,37.945123010798206,24.886628653945145,20.448928432054743,31.114166595147207,25.60298098615322,4.351138045421976E-4,0.29683524205383177,38.24195825285204,37.945123010798206
2000-03-03,25.548856688111275,21.30205950224719,30.73655590717112,26.171821717766964,0.0012874602930423862,0.2864112955488214,39.14412281365409,38.857711518105276,25.548856688111275,21.30205950224719,30.73655590717112,26.171821717766964,0.0012874602930423862,0.2864112955488214,39.14412281365409,38.857711518105276
2000-03-04,25.3155198480961,21.30258723921064,30.169499199555798,26.13737818082057,0.0017225741544280027,0.2663165072386598,34.06140637853356,33.795089871294905,25.3155198480961,21.30258723921064,30.169499199555798,26.13737818082057,0.0017225741544280027,0.2663165072386598,34.06140637853356,33.795089871294905
2000-03-05,25.719305491181558,22.939494114654384,30.749671242160613,26.441612495502124,0.025272997099472103,0.25667677075458084,32.07287837151869,31.816201600764106,25.719305491181558,22.939494114654384,30.749671242160613,26.441612495502124,0.025272997099472103,0.25667677075458084,32.07287837151869,31.816201600764106
2000-03-06,26.151179775010913,22.593311963647345,31.051267582381715,26.752391186703377,0.005658104702594433,0.23301993898572362,35.73873175118497,35.50571181219923,26.151179775010913,22.593311963647345,31.051267582381715,26.752391186703377,0.005658104702594433,0.23301993898572362,35.73873175118497,35.50571181219923
2000-03-07,26.18938027301607,22.226461291069583,31.596228010144653,26.906366553087707,0.00399730837977508,0.24768990156473347,35.416628623479,35.16893872191427,26.18938027301607,22.226461291069583,31.596228010144653,26.906366553087707,0.00399730837977508,0.24768990156473347,35.416628623479,35.16893872191427
2000-03-08,26.794892930329386,22.59218610795122,31.617263478987518,27.562048609295704,4.351138045421976E-4,0.2548169904310083,36.7155170862672,36.460700095836195,26.794892930329386,22.59218610795122,31.617263478987518,27.562048609295704,4.351138045421976E-4,0.2548169904310083,36.7155170862672,36.460700095836195
2000-03-09,26.287825908260096,21.803730374585125,31.289582784396668,27.091080447487347,0.0,0.24653561104924876,36.10295060708431,35.85641499603504,26.287825908260096,21.803730374585125,31.289582784396668,27.091080447487347,0.0,0.24653561104924876,36.10295060708431,35.85641499603504
2000-03-10,26.141674199316572,22.073933693891462,31.662532253607957,27.030705653315188,0.0012814998058274796,0.2527325773331512,36.65163724375845,36.3989046664253,26.141674199316572,22.073933693891462,31.662532253607957,27.030705653315188,0.0012814998058274796,0.2527325773331512,36.65163724375845,36.3989046664253
2000-03-11,26.43035685006372,22.585990179638948,32.531487972612844,27.293215773169234,0.06512068186634382,0.2694069622750431,33.61901585517864,33.34960889290359,26.43035685006372,22.585990179638948,32.531487972612844,27.293215773169234,0.06512068186634382,0.2694069622750431,33.61901585517864,33.34960889290359
2000-03-12,25.549884133620573,22.66250977121465,29.620565547586974,26.289791542215426,0.10620192598390116,0.23512139210465,23.86584975594322,23.63072836383857,25.549884133620573,22.66250977121465,29.620565547586974,26.289791542215426,0.10620192598390116,0.23512139210465,23.86584975594322,23.63072836383857
2000-03-13,25.224640160999932,22.242008863061407,30.112898014145138,26.038731858998165,0.22243996790153278,0.2694820493785122,26.780052944445696,26.510570895067186,25.224640160999932,22.242008863061407,30.112898014145138,26.038731858998165,0.22243996790153278,0.2694820493785122,26.780052944445696,26.510570895067186
2000-03-14,25.401823098152594,21.47898272668525,30.860960481165925,26.126628592351025,0.07748626800032167,0.2911038888344759,31.0586230194917,30.767519130657238,25.401823098152594,21.47898272668525,30.860960481165925,26.126628592351025,0.07748626800032167,0.2911038888344759,31.0586230194917,30.767519130657238
2000-03-15,27.003065073332056,22.607643852489144,33.926050589394464,27.656003177531257,0.3229835726407562,0.37043299375075,40.24463318821073,39.87420019445996,27.003065073332056,22.607643852489144,33.926050589394464,27.656003177531257,0.3229835726407562,0.37043299375075,40.24463318821073,39.87420019445996
2000-03-16,27.656702878870686,23.984367445313833,33.321553349671234,28.534904201749917,0.11239950087507992,0.3565459076857096,35.36790972834701,35.011363820661295,27.656702878870686,23.984367445313833,33.321553349671234,28.534904201749917,0.11239950087507992,0.3565459076857096,35.36790972834701,35.011363820661295
2000-03-17,26.86289288645219,23.38744151567896,32.76283312747489,27.62394366647857,0.5631963592670274,0.55447908616341,26.90108527743342,26.346606191269995,26.86289288645219,23.38744151567896,32.76283312747489,27.62394366647857,0.5631963592670274,0.55447908616341,26.90108527743342,26.346606191269995
2000-03-18,27.404461706156415,23.355814915435623,32.90086545013714,28.254648391044707,0.0038850093316175243,0.30654153316509725,35.22147542156353,34.91493388839843,27.404461706156415,23.355814915435623,32.90086545013714,28.254648391044707,0.0038850093316175243,0.30654153316509725,35.22147542156353,34.91493388839843
2000-03-19,27.587137177187355,23.3658740262323,33.19826865469998,28.53482460034517,0.0,0.28120178674184004,38.729237474556236,38.448035687814404,27.587137177187355,23.3658740262323,33.19826865469998,28.53482460034517,0.0,0.28120178674184004,38.729237474556236,38.448035687814404
2000-03-20,26.48573767453895,23.229368582171535,31.991836533877258,27.481186220922147,0.029789587802359015,0.25812220930601776,25.398940246850085,25.14081803754406,26.48573767453895,23.229368582171535,31.991836533877258,27.481186220922147,0.029789587802359015,0.25812220930601776,25.398940246850085,25.14081803754406
2000-03-21,27.365992101571035,22.783596367481568,33.45112499359328,28.035998986721165,0.0042915427876994965,0.26468669371722064,40.77652870149584,40.51184200777863,27.365992101571035,22.783596367481568,33.45112499359328,28.035998986721165,0.0042915427876994965,0.26468669371722064,40.77652870149584,40.51184200777863
2000-03-22,27.901210476896765,23.03297189119287,32.7544724236327,28.6284846183685,0.0031242443179873487,0.2519838658252328,48.062809751188304,47.810825885363066,27.901210476896765,23.03297189119287,32.7544724236327,28.6284846183685,0.0031242443179873487,0.2519838658252328,48.062809751188304,47.810825885363066
2000-03-23,26.853841033770756,22.356396523072846,31.867214300431705,27.736799896408666,0.010527424876907512,0.24024823660181208,43.15693011456872,42.91668187796692,26.853841033770756,22.356396523072846,31.867214300431705,27.736799896408666,0.010527424876907512,0.24024823660181208,43.15693011456872,42.91668187796692
2000-03-24,25.802428076039615,22.44822084131938,30.67765776609689,26.68007289854678,0.004439228839081348,0.21535416034303856,38.00998115862872,37.79462699828568,25.802428076039615,22.44822084131938,30.67765776609689,26.68007289854678,0.004439228839081348,0.21535416034303856,38.00998115862872,37.79462699828568
2000-03-25,25.76552622267606,22.258223919735745,31.80831455769521,26.649874581290774,8.511869695560195E-4,0.22292376094697505,40.807241732047956,40.58431797110096,25.76552622267606,22.258223919735745,31.80831455769521,26.649874581290774,8.511869695560195E-4,0.22292376094697505,40.807241732047956,40.58431797110096
2000-03-26,26.110742197129742,22.118153922580472,31.795293441294056,27.159883448891964,4.351138045421976E-4,0.2154086451739986,35.87319918945248,35.65779054427848,26.110742197129742,22.118153922580472,31.795293441294056,27.159883448891964,4.351138045421976E-4,0.2154086451739986,35.87319918945248,35.65779054427848
2000-03-27,26.552665804864954,22.064766021008268,33.81659712944281,27.436932933987055,8.642672355563263E-4,0.2280522633885866,37.93544290234983,37.70739063896126,26.552665804864954,22.064766021008268,33.81659712944281,27.436932933987055,8.642672355563263E-4,0.2280522633885866,37.93544290234983,37.70739063896126
2000-03-28,27.229770673747613,22.87334159375408,34.46997974552957,28.241539665151443,0.0017195934560731985,0.23044192295504434,36.734700008738656,36.504258085783626,27.229770673747613,22.87334159375408,34.46997974552957,28.241539665151443,0.0017195934560731985,0.23044192295504434,36.734700008738656,36.504258085783626
2000-03-29,28.45183755190026,23.33897294773098,35.94325695138615,29.354481003767976,4.351138045421976E-4,0.2326961402040252,42.86236916158602,42.62967302138197,28.45183755190026,23.33897294773098,35.94325695138615,29.354481003767976,4.351138045421976E-4,0.2326961402040252,42.86236916158602,42.62967302138197
2000-03-30,28.642489959584267,23.91646616721746,34.4078425865267,29.57391617683037,4.351138045421976E-4,0.1919058280465215,40.831111851776505,40.639206023729976,28.642489959584267,23.91646616721746,34.4078425865267,29.57391617683037,4.351138045421976E-4,0.1919058280465215,40.831111851776505,40.639206023729976
2000-03-31,27.81633189914507,23.73892528699202,34.03230024111354,28.71747272173907,4.261732087229575E-4,0.18036012137889357,31.666890621269268,31.48653049989038,27.81633189914507,23.73892528699202,34.03230024111354,28.71747272173907,4.261732087229575E-4,0.18036012137889357,31.666890621269268,31.48653049989038
2000-04-01,28.811335066745787,23.674278333985697,36.08887772944743,29.58024963400399,9.844686498772979E-4,0.20859566428273774,41.857981419911795,41.64938575562907,28.811335066745787,23.674278333985697,36.08887772944743,29.58024963400399,9.844686498772979E-4,0.20859566428273774,41.857981419911795,41.64938575562907
2000-04-02,30.084702722447133,23.620730056574537,37.8202748738363,30.722250729496327,0.0,0.21742594563843448,60.486347131449435,60.26892118581102,30.084702722447133,23.620730056574537,37.8202748738363,30.722250729496327,0.0,0.21742594563843448,60.486347131449435,60.26892118581102
2000-04-03,29.18206277220024,23.380864810977158,36.35971865007344,30.13436852307665,0.0017062336041817616,0.19153412405234815,53.89249420588013,53.70096008182779,29.18206277220024,23.380864810977158,36.35971865007344,30.13436852307665,0.0017062336041817616,0.19153412405234815,53.89249420588013,53.70096008182779
2000-04-04,25.72438360950798,24.555043076545044,27.27952872582324,26.202081315176258,1.387011704510915,0.9971648807643625,28.727171545656006,27.73000666489164,25.72438360950798,24.555043076545044,27.27952872582324,26.202081315176258,1.387011704510915,0.9971648807643625,28.727171545656006,27.73000666489164
2000-04-05,22.815852105226973,20.531504279469523,25.90959869631998,23.55812515889425,0.11195112236027363,0.2477513829606357,46.21423935230954,45.96648796934892,22.815852105226973,20.531504279469523,25.90959869631998,23.55812515889425,0.11195112236027363,0.2477513829606357,46.21423935230954,45.96648796934892
2000-04-06,23.99936677270536,19.52398156209408,30.63870053507983,24.846946930759295,0.0012981519716959156,0.2311894689155489,45.7418830215658,45.510693552650245,23.99936677270536,19.52398156209408,30.63870053507983,24.846946930759295,0.0012981519716959156,0.2311894689155489,45.7418830215658,45.510693552650245
2000-04-07,26.149218287640913,22.011592876545805,32.9506585981443,27.092347993186742,0.02020006438855759,0.21550557882842888,40.59483949652688,40.37933391769845,26.149218287640913,22.011592876545805,32.9506585981443,27.092347993186742,0.02020006438855759,0.21550557882842888,40.59483949652688,40.37933391769845
2000-04-08,27.321491679180138,23.5556019760513,32.664466201658534,28.27860820985703,0.06796397575823175,0.2104932745421969,35.105741225568785,34.89524795102659,27.321491679180138,23.5556019760513,32.664466201658534,28.27860820985703,0.06796397575823175,0.2104932745421969,35.105741225568785,34.89524795102659
2000-04-09,25.214861073258295,22.730731967604843,28.318870087046097,25.740888873632525,1.2998749248056545,0.9903653399174421,29.65359864005239,28.663233300134948,25.214861073258295,22.730731967604843,28.318870087046097,25.740888873632525,1.2998749248056545,0.9903653399174421,29.65359864005239,28.663233300134948
2000-04-10,24.9575702865205,21.26251911030301,30.41715137767887,25.764493116482058,0.001139105754625329,0.24489960861210255,38.62194858646257,38.37704897785046,24.9575702865205,21.26251911030301,30.41715137767887,25.764493116482058,0.001139105754625329,0.24489960861210255,38.62194858646257,38.37704897785046
2000-04-11,26.57605309100648,22.66433659063417,32.25875189318624,27.226045056179967,0.05995296548324333,0.2606832614222979,38.67821075224296,38.41752749082066,26.57605309100648,22.66433659063417,32.25875189318624,27.226045056179967,0.05995296548324333,0.2606832614222979,38.67821075224296,38.41752749082066
2000-04-12,27.512676641131296,23.023830575865677,32.761134865637466,28.322303958878,0.001284479992591514,0.2276375381306847,45.85979208113986,45.63215454300919,27.512676641131296,23.023830575865677,32.761134865637466,28.322303958878,0.001284479992591514,0.2276375381306847,45.85979208113986,45.63215454300919
2000-04-13,26.838839252378357,23.894317059384168,31.4278429730755,27.62700834553099,1.3614742462480844,0.6464667111115578,28.86364943872417,28.217182727612613,26.838839252378357,23.894317059384168,31.4278429730755,27.62700834553099,1.3614742462480844,0.6464667111115578,28.86364943872417,28.217182727612613
2000-04-14,24.604754477744272,21.714296999478137,28.302772714924526,24.996023951072893,2.669803240748405,1.6742520563779428,18.720148078107876,17.045896021729938,24.604754477744272,21.714296999478137,28.302772714924526,24.996023951072893,2.669803240748405,1.6742520563779428,18.720148078107876,17.045896021729938
2000-04-15,25.734228153325112,21.754094640954158,32.002481498328535,26.77864865585999,0.04621428752566552,0.5148648845006268,26.347743190481182,25.832878305980568,25.734228153325112,21.754094640954158,32.002481498328535,26.77864865585999,0.04621428752566552,0.5148648845006268,26.347743190481182,25.832878305980568
2000-04-16,27.727368813685324,23.80313036933079,33.83176454851092,28.601938861427328,0.004592864351316251,0.45557231742359855,34.87354950003743,34.417977182613825,27.727368813685324,23.80313036933079,33.83176454851092,28.601938861427328,0.004592864351316251,0.45557231742359855,34.87354950003743,34.417977182613825
2000-04-17,27.964005570626146,24.108138470516987,33.03767378572926,28.86130999893985,0.009378682617761524,0.38929731532926076,36.00697793583502,35.617680620505745,27.964005570626146,24.108138470516987,33.03767378572926,28.86130999893985,0.009378682617761524,0.38929731532926076,36.00697793583502,35.617680620505745
2000-04-18,27.238609595823437,23.263915781287793,32.73126983051355,28.20418121173957,8.491165885970986E-4,0.3681443244554745,38.63757558746965,38.26943126301418,27.238609595823437,23.263915781287793,32.73126983051355,28.20418121173957,8.491165885970986E-4,0.3681443244554745,38.63757558746965,38.26943126301418
2000-04-19,27.25779120398338,22.748839780586426,33.41472739622425,28.109179426244598,0.0017225741544280027,0.3512872529963069,49.856301335412525,49.50501408241623,27.25779120398338,22.748839780586426,33.41472739622425,28.109179426244598,0.0017225741544280027,0.3512872529963069,49.856301335412525,49.50501408241623
2000-04-20,27.708572723076877,22.421286326774826,33.85886595841229,28.604879042368076,0.001716613724056515,0.3107338684488661,49.61644624553125,49.30571237708236,27.708572723076877,22.421286326774826,33.85886595841229,28.604879042368076,0.001716613724056515,0.3107338684488661,49.61644624553125,49.30571237708236
2000-04-21,26.793430154497365,22.22580436230877,31.335497415884507,27.877686494973016,4.261732051702438E-4,0.24972284719867566,40.4362751222824,40.18655227508375,26.793430154497365,22.22580436230877,31.335497415884507,27.877686494973016,4.261732051702438E-4,0.24972284719867566,40.4362751222824,40.18655227508375
2000-04-22,25.639804592985755,21.8019324119597,30.40054692896199,26.585104474744863,8.471404271404026E-4,0.21811127505196606,36.878785102058345,36.66067382700637,25.639804592985755,21.8019324119597,30.40054692896199,26.585104474744863,8.471404271404026E-4,0.21811127505196606,36.878785102058345,36.66067382700637
2000-04-23,27.64997648570804,23.131549354975093,35.903525467160776,28.58776496160729,0.0017155998079942947,0.2307648051762379,40.34735658148638,40.11659177631013,27.64997648570804,23.131549354975093,35.903525467160776,28.58776496160729,0.0017155998079942947,0.2307648051762379,40.34735658148638,40.11659177631013
2000-04-24,28.768652157919504,24.238682280429916,35.348148236571966,29.803064515527158,0.0012821400900975277,0.19852045067927493,42.001516729141876,41.8029962784626,28.768652157919504,24.238682280429916,35.348148236571966,29.803064515527158,0.0012821400900975277,0.19852045067927493,42.001516729141876,41.8029962784626
2000-04-25,28.260917416472083,24.849243897172286,33.49723422704504,29.365442218133346,0.06963375547066683,0.20705390093023388,28.652817900540253,28.445763999609994,28.260917416472083,24.849243897172286,33.49723422704504,29.365442218133346,0.06963375547066683,0.20705390093023388,28.652817900540253,28.445763999609994
2000-04-26,28.003489077134674,24.597112536186774,33.28441407518423,29.043291778448047,0.0031507021131286835,0.16552345533948754,31.57702908995874,31.41150563461926,28.003489077134674,24.597112536186774,33.28441407518423,29.043291778448047,0.0031507021131286835,0.16552345533948754,31.57702908995874,31.41150563461926
2000-04-27,27.38373255768302,24.391574529880902,32.73282249157757,28.37187068576868,0.031441990738815304,0.1706708932519169,32.66161101810861,32.49094012485671,27.38373255768302,24.391574529880902,32.73282249157757,28.37187068576868,0.031441990738815304,0.1706708932519169,32.66161101810861,32.49094012485671
2000-04-28,27.584905839960175,23.996565387936744,33.56818802616211,28.63007989681651,8.70227722771233E-4,0.15952350068529036,36.478982871584,36.3194593708987,27.584905839960175,23.996565387936744,33.56818802616211,28.63007989681651,8.70227722771233E-4,0.15952350068529036,36.478982871584,36.3194593708987
2000-04-29,28.210535674158457,23.88872455463896,34.32243085634791,29.202383798005954,9.77516169342607E-4,0.16760288771503018,39.111455872933085,38.94385298521807,28.210535674158457,23.88872455463896,34.32243085634791,29.202383798005954,9.77516169342607E-4,0.16760288771503018,39.111455872933085,38.94385298521807
2000-04-30,28.191963097174874,23.883337218528784,33.48683488126281,29.107077360987443,0.03521898067121859,0.16763032351362317,44.374848213066464,44.207217889552844,28.191963097174874,23.883337218528784,33.48683488126281,29.107077360987443,0.03521898067121859,0.16763032351362317,44.374848213066464,44.207217889552844
2000-05-01,28.34576638586665,23.388087087686944,34.433042484725476,29.294220482330374,8.477397273054521E-4,0.16346257921359447,49.62286745191837,49.45940487270478,28.34576638586665,23.388087087686944,34.433042484725476,29.294220482330374,8.477397273054521E-4,0.16346257921359447,49.62286745191837,49.45940487270478
2000-05-02,28.590328166523268,23.516882307019646,34.00239376163511,29.523084524857225,0.0017374753937815512,0.14802715148974907,49.562801939263736,49.41477478777397,28.590328166523268,23.516882307019646,34.00239376163511,29.523084524857225,0.0017374753937815512,0.14802715148974907,49.562801939263736,49.41477478777397
2000-05-03,28.41386364117974,23.98843310370581,33.59793089422884,29.403432838813416,8.583068833445395E-4,0.1405805625564702,46.76607540110207,46.62549483854559,28.41386364117974,23.98843310370581,33.59793089422884,29.403432838813416,8.583068833445395E-4,0.1405805625564702,46.76607540110207,46.62549483854559
2000-05-04,28.3551822803439,24.134548999642558,33.71362981040442,29.345107437784083,0.0,0.13476419195338596,42.792390070149644,42.657625878196264,28.3551822803439,24.134548999642558,33.71362981040442,29.345107437784083,0.0,0.13476419195338596,42.792390070149644,42.657625878196264
2000-05-05,28.519193431974816,24.606888050644987,33.41434689931942,29.439099061927273,0.09766996494190872,0.14158431473396405,43.702735880198865,43.56115156546492,28.519193431974816,24.606888050644987,33.41434689931942,29.439099061927273,0.09766996494190872,0.14158431473396405,43.702735880198865,43.56115156546492
2000-05-06,28.797301075885933,24.965592480881483,33.19000567912881,29.751943491198688,0.16982694266408493,0.20338578445573802,41.25558186287021,41.052196078414475,28.797301075885933,24.965592480881483,33.19000567912881,29.751943491198688,0.16982694266408493,0.20338578445573802,41.25558186287021,41.052196078414475
2000-05-07,28.68706096440008,25.192117159078517,33.17334486587481,29.56577580254775,0.22318723252481984,0.23938013045835682,40.76380222804867,40.5244220975903,28.68706096440008,25.192117159078517,33.17334486587481,29.56577580254775,0.22318723252481984,0.23938013045835682,40.76380222804867,40.5244220975903
2000-05-08,28.435316479871005,24.934506108417306,32.82530036326983,29.323723998186807,0.13774856465236923,0.19570226758435058,35.71868368744976,35.522981419865395,28.435316479871005,24.934506108417306,32.82530036326983,29.323723998186807,0.13774856465236923,0.19570226758435058,35.71868368744976,35.522981419865395
2000-05-09,28.66690960931454,24.934965656491435,34.008568497483374,29.708369895126108,0.4006118024123353,0.31613579230509653,34.28352510017927,33.96738930787416,28.66690960931454,24.934965656491435,34.008568497483374,29.708369895126108,0.4006118024123353,0.31613579230509653,34.28352510017927,33.96738930787416
2000-05-10,29.627363972777566,25.82238566044894,34.669477555616545,30.664668105607955,0.11975560947470616,0.23717335325263247,39.17068314147103,38.9335097882184,29.627363972777566,25.82238566044894,34.669477555616545,30.664668105607955,0.11975560947470616,0.23717335325263247,39.17068314147103,38.9335097882184
2000-05-11,30.167565911026472,26.128076263244942,35.24138875640832,31.179946719271886,0.10960890021530746,0.2679434126323693,42.639367865000274,42.37142445236789,30.167565911026472,26.128076263244942,35.24138875640832,31.179946719271886,0.10960890021530746,0.2679434126323693,42.639367865000274,42.37142445236789
2000-05-12,30.605314363061,26.005996453640222,35.79417843175377,31.55746476837509,0.03255072736442015,0.1951667452942909,47.22667883592156,47.03151209062727,30.605314363061,26.005996453640222,35.79417843175377,31.55746476837509,0.03255072736442015,0.1951667452942909,47.22667883592156,47.03151209062727
2000-05-13,30.020929740680998,26.501628790543286,34.523590450145726,30.987531367184662,2.7292828559405793,0.6685361906481948,40.81595738658857,40.147421195940375,30.020929740680998,26.501628790543286,34.523590450145726,30.987531367184662,2.7292828559405793,0.6685361906481948,40.81595738658857,40.147421195940375
2000-05-14,27.50907363134671,25.010363068669605,30.830196811397826,27.989476247386325,2.427111617079871,1.9492496158658674,26.77493384445834,24.825684228592472,27.50907363134671,25.010363068669605,30.830196811397826,27.989476247386325,2.427111617079871,1.9492496158658674,26.77493384445834,24.825684228592472
2000-05-15,26.803773607596945,24.03162441488801,30.125198715763496,27.474363429280096,0.4762288633003224,0.7403600615209442,30.506546247925026,29.76618618640409,26.803773607596945,24.03162441488801,30.125198715763496,27.474363429280096,0.4762288633003224,0.7403600615209442,30.506546247925026,29.76618618640409
2000-05-16,27.175878616732565,24.322633052770787,31.50754192872293,27.919889616375663,0.2045148892400969,0.5699701721387329,33.03255649121472,32.46258631907599,27.175878616732565,24.322633052770787,31.50754192872293,27.919889616375663,0.2045148892400969,0.5699701721387329,33.03255649121472,32.46258631907599
2000-05-17,28.375432461484106,24.552251696343014,33.84766063790954,29.30537206160004,0.006013789443745283,0.5567149977898798,38.11884298002102,37.56212798223115,28.375432461484106,24.552251696343014,33.84766063790954,29.30537206160004,0.006013789443745283,0.5567149977898798,38.11884298002102,37.56212798223115
2000-05-18,29.480251594786292,25.12185177374739,34.16801890352733,30.243867117118178,0.014887423890522562,0.44078672486486964,43.04780304305944,42.607016318194574,29.480251594786292,25.12185177374739,34.16801890352733,30.243867117118178,0.014887423890522562,0.44078672486486964,43.04780304305944,42.607016318194574
2000-05-19,29.762602509385196,26.033582828598274,34.0833525966363,30.58934180683078,1.4145761339311846,0.8948593537870023,40.18367687059817,39.28881751681118,29.762602509385196,26.033582828598274,34.0833525966363,30.58934180683078,1.4145761339311846,0.8948593537870023,40.18367687059817,39.28881751681118
2000-05-20,29.03422253098002,26.01032264550914,32.484455563611355,29.67492832982433,0.09240720118565356,0.4723016700801523,33.7542555110897,33.28195384100955,29.03422253098002,26.01032264550914,32.484455563611355,29.67492832982433,0.09240720118565356,0.4723016700801523,33.7542555110897,33.28195384100955
2000-05-21,29.32730321616543,25.576366419992002,33.93487923660084,30.299797712610193,0.02784902259682029,0.432531766963492,36.497176026806684,36.06464425984319,29.32730321616543,25.576366419992002,33.93487923660084,30.299797712610193,0.02784902259682029,0.432531766963492,36.497176026806684,36.06464425984319
2000-05-22,29.316084105063954,26.108812125361474,33.72036239769134,30.41228777101731,8.523463748133508E-4,0.3353686030270475,35.88014850658654,35.54477990355949,29.316084105063954,26.108812125361474,33.72036239769134,30.41228777101731,8.523463748133508E-4,0.3353686030270475,35.88014850658654,35.54477990355949
2000-05-23,29.053637189283908,25.68828703640796,34.46555100965344,30.149361579082584,0.0020166168165861947,0.30796224098520064,34.0584290029193,33.75046676193409,29.053637189283908,25.68828703640796,34.46555100965344,30.149361579082584,0.0020166168165861947,0.30796224098520064,34.0584290029193,33.75046676193409
2000-05-24,29.68789879343279,26.133344356137755,36.34016141874681,30.769845048734943,0.009157851514251381,0.30240951012131095,37.787958827393275,37.48554931727195,29.68789879343279,26.133344356137755,36.34016141874681,30.769845048734943,0.009157851514251381,0.30240951012131095,37.787958827393275,37.48554931727195
2000-05-25,30.982483218664285,26.275517798057894,36.75201556510425,31.932339425986733,0.024065227279189326,0.2847686068782423,48.103453841436966,47.81868523455872,30.982483218664285,26.275517798057894,36.75201556510425,31.932339425986733,0.024065227279189326,0.2847686068782423,48.103453841436966,47.81868523455872
2000-05-26,31.03795081977632,26.00840833125793,36.908627470902616,31.897724344787285,0.187597676941074,0.3151692884379433,56.0651237001382,55.74995441170024,31.03795081977632,26.00840833125793,36.908627470902616,31.897724344787285,0.187597676941074,0.3151692884379433,56.0651237001382,55.74995441170024
2000-05-27,31.056128167339146,26.241628511273582,36.490277369419566,32.04388262296469,0.027355715654988278,0.23341212945217055,51.79860494314427,51.565192813692086,31.056128167339146,26.241628511273582,36.490277369419566,32.04388262296469,0.027355715654988278,0.23341212945217055,51.79860494314427,51.565192813692086
2000-05-28,29.674316535153395,26.089725481754158,33.93088449207394,30.553225715711587,9.33064063544682,1.205770739404384,36.85838495574393,35.65261421633956,29.674316535153395,26.089725481754158,33.93088449207394,30.553225715711587,9.33064063544682,1.205770739404384,36.85838495574393,35.65261421633956
2000-05-29,27.04985190934952,24.322335347830265,31.92672064318623,27.47361027246291,1.2615550842218377,2.3277267818931286,21.524742542227703,19.19701576033458,27.04985190934952,24.322335347830265,31.92672064318623,27.47361027246291,1.2615550842218377,2.3277267818931286,21.524742542227703,19.19701576033458
2000-05-30,27.767092705691176,24.703187902328906,31.92889226071634,28.67256343474725,0.35115066822088054,1.3023818324425975,27.353581606648923,26.05119977420632,27.767092705691176,24.703187902328906,31.92889226071634,28.67256343474725,0.35115066822088054,1.3023818324425975,27.353581606648923,26.05119977420632
2000-05-31,28.360165767797273,25.39390377140074,32.67168507617971,29.147200362503416,0.09494589516376682,1.1431776254833812,32.26568597372504,31.12250834824166,28.360165767797273,25.39390377140074,32.67168507617971,29.147200362503416,0.09494589516376682,1.1431776254833812,32.26568597372504,31.12250834824166
2000-06-01,28.701681236203573,25.398856707684075,33.2025771530382,29.391810242519824,0.22042485632008196,1.012841163464901,34.10047218702174,33.08763102355683,28.701681236203573,25.398856707684075,33.2025771530382,29.391810242519824,0.22042485632008196,1.012841163464901,34.10047218702174,33.08763102355683
2000-06-02,28.14228053619793,24.99024419673688,32.21824372638564,28.84729944112458,1.0867133347570648,1.242559028552552,31.03318929346818,29.790630264915638,28.14228053619793,24.99024419673688,32.21824372638564,28.84729944112458,1.0867133347570648,1.242559028552552,31.03318929346818,29.790630264915638
2000-06-03,27.431534563158447,24.66999743476048,32.080704086857246,28.125995880445892,6.869300032503209,1.7048292053589809,26.401126980991506,24.696297775632516,27.431534563158447,24.66999743476048,32.080704086857246,28.125995880445892,6.869300032503209,1.7048292053589809,26.401126980991506,24.696297775632516
2000-06-04,26.682272327938676,24.311947681283186,31.553570708207264,26.96515086461674,6.40062024240341,3.0607604318340718,19.809858829528352,16.74909839769428,26.682272327938676,24.311947681283186,31.553570708207264,26.96515086461674,6.40062024240341,3.0607604318340718,19.809858829528352,16.74909839769428
2000-06-05,27.91890721873688,25.704045796705028,32.06043699666952,28.492586706389204,3.578273752030454,1.9547158196783687,25.220793382241386,23.266077562563016,27.91890721873688,25.704045796705028,32.06043699666952,28.492586706389204,3.578273752030454,1.9547158196783687,25.220793382241386,23.266077562563016
2000-06-06,26.220465357342572,24.852670304210015,29.868167332470808,26.086792686778647,20.752944674628623,3.550576820297741,9.90099082240003,6.350414002102292,26.220465357342572,24.852670304210015,29.868167332470808,26.086792686778647,20.752944674628623,3.550576820297741,9.90099082240003,6.350414002102292
2000-06-07,25.730704911113225,24.002492618594342,29.009476043389384,25.510920717884975,6.5800369881933465,3.815378945526856,7.940730176454028,4.12535123092717,25.730704911113225,24.002492618594342,29.009476043389384,25.510920717884975,6.5800369881933465,3.815378945526856,7.940730176454028,4.12535123092717
2000-06-08,26.300906007799586,24.326938949751543,30.332224961912633,26.2338842525663,2.604076539221601,3.4156228662030546,16.10802098788523,12.692398121682173,26.300906007799586,24.326938949751543,30.332224961912633,26.2338842525663,2.604076539221601,3.4156228662030546,16.10802098788523,12.692398121682173
2000-06-09,28.126860074424837,25.267654168483986,32.1053221839294,28.465769583028194,0.3425822748387748,2.6827858001198432,29.859167333743464,27.176381533623626,28.126860074424837,25.267654168483986,32.1053221839294,28.465769583028194,0.3425822748387748,2.6827858001198432,29.859167333743464,27.176381533623626
2000-06-10,28.145112400921548,25.03449573846042,32.11130039366917,28.620209623388146,0.9168227370165736,2.6478609926381886,33.246391988548005,30.598530995909815,28.145112400921548,25.03449573846042,32.11130039366917,28.620209623388146,0.9168227370165736,2.6478609926381886,33.246391988548005,30.598530995909815
2000-06-11,27.728674543756245,24.76956151711681,31.444003030387925,28.187398721198402,0.483750006916598,2.684952970036489,31.015896850192398,28.330943880155903,27.728674543756245,24.76956151711681,31.444003030387925,28.187398721198402,0.483750006916598,2.684952970036489,31.015896850192398,28.330943880155903
2000-06-12,26.400861230097576,23.89334211467055,31.415787261285626,26.835039508215417,3.1682665059695934,3.2984038297245726,23.661689382071394,20.363285552346817,26.400861230097576,23.89334211467055,31.415787261285626,26.835039508215417,3.1682665059695934,3.2984038297245726,23.661689382071394,20.363285552346817
2000-06-13,26.85571427116294,23.628217736244494,31.82694443732588,27.337729855598166,1.0703561392641752,2.800240469082806,28.542859292798735,25.742618823715933,26.85571427116294,23.628217736244494,31.82694443732588,27.337729855598166,1.0703561392641752,2.800240469082806,28.542859292798735,25.742618823715933
2000-06-14,26.91789812023297,23.98908959174077,30.98635462444821,27.455221763692435,2.8893331863432516,2.7220877233201146,23.56750744566525,20.845419722345138,26.91789812023297,23.98908959174077,30.98635462444821,27.455221763692435,2.8893331863432516,2.7220877233201146,23.56750744566525,20.845419722345138
2000-06-15,26.53600568046901,23.995595640563387,30.931208559945187,26.891442854969572,5.645831526055608,2.859760781762548,18.07153058822577,15.211769806463225,26.53600568046901,23.995595640563387,30.931208559945187,26.891442854969572,5.645831526055608,2.859760781762548,18.07153058822577,15.211769806463225
2000-06-16,27.469995069486938,24.42795018232715,31.979700824969946,27.491929116315745,0.5664090899810419,2.6504587002856996,22.9565860279096,20.3061273276239,27.469995069486938,24.42795018232715,31.979700824969946,27.491929116315745,0.5664090899810419,2.6504587002856996,22.9565860279096,20.3061273276239
2000-06-17,28.416703171129377,24.953147946767842,32.40331733706295,28.836575956928066,0.9206522252199387,2.827074362326566,33.85156349749075,31.024489135164202,28.416703171129377,24.953147946767842,32.40331733706295,28.836575956928066,0.9206522252199387,2.827074362326566,33.85156349749075,31.024489135164202
2000-06-18,28.193477968908233,25.349719504866602,32.359245009521345,28.693256822393185,1.7926858120061715,2.5255105741303665,30.199740581967607,27.674230007837235,28.193477968908233,25.349719504866602,32.359245009521345,28.693256822393185,1.7926858120061715,2.5255105741303665,30.199740581967607,27.674230007837235
2000-06-19,27.50703947594213,25.053017387645394,31.53553176132793,27.9677237334772,0.8595127649950959,2.4042397077474513,27.025865541141844,24.621625833394415,27.50703947594213,25.053017387645394,31.53553176132793,27.9677237334772,0.8595127649950959,2.4042397077474513,27.025865541141844,24.621625833394415
2000-06-20,28.23690873173261,24.853875581930076,32.770214678209015,28.77464708120209,0.004155147626651257,2.129635331393149,31.276807721734418,29.147172390341265,28.23690873173261,24.853875581930076,32.770214678209015,28.77464708120209,0.004155147626651257,2.129635331393149,31.276807721734418,29.147172390341265
2000-06-21,28.759359478790888,24.736230318258208,33.097740516783475,29.37679745037127,0.0029970216634606457,1.9926836132851018,36.14186691320374,34.14918329991863,28.759359478790888,24.736230318258208,33.097740516783475,29.37679745037127,0.0029970216634606457,1.9926836132851018,36.14186691320374,34.14918329991863
2000-06-22,28.335566229359518,24.7139276550873,32.05541703780794,29.098609091819334,0.025499307213825328,1.7307923808851338,34.87536500891399,33.14457262802885,28.335566229359518,24.7139276550873,32.05541703780794,29.098609091819334,0.025499307213825328,1.7307923808851338,34.87536500891399,33.14457262802885
2000-06-23,27.643366611906607,24.772844924738596,31.662337958002265,28.510949089164136,1.0960948912347441,1.8826089310615612,26.780881467903527,24.898272536841954,27.643366611906607,24.772844924738596,31.662337958002265,28.510949089164136,1.0960948912347441,1.8826089310615612,26.780881467903527,24.898272536841954
2000-06-24,27.851978579381594,24.431180202998725,32.6866060864971,28.752869354548977,0.012206826503825523,1.5684728470984242,29.664716570152272,28.096243723053863,27.851978579381594,24.431180202998725,32.6866060864971,28.752869354548977,0.012206826503825523,1.5684728470984242,29.664716570152272,28.096243723053863
2000-06-25,28.158623612983813,25.37030329420428,32.03540432705928,28.901192292476278,1.7862364955241883,1.794642363991503,28.85672000773819,27.06207764374669,28.158623612983813,25.37030329420428,32.03540432705928,28.901192292476278,1.7862364955241883,1.794642363991503,28.85672000773819,27.06207764374669
2000-06-26,27.712304655475794,24.26998357661971,32.06336768386475,28.435884900444066,0.3343073266698639,1.5490552520050715,28.502656710466972,26.953601458461907,27.712304655475794,24.26998357661971,32.06336768386475,28.435884900444066,0.3343073266698639,1.5490552520050715,28.502656710466972,26.953601458461907
2000-06-27,27.728396361089953,24.732691746490307,31.414553583621426,28.57555102498043,0.9207459581270105,1.3229021718564813,27.845534801420165,26.52263262956369,27.728396361089953,24.732691746490307,31.414553583621426,28.57555102498043,0.9207459581270105,1.3229021718564813,27.845534801420165,26.52263262956369
2000-06-28,26.963145250018407,24.052655562467617,31.59852101539963,27.566575989606264,2.9325027959621384,1.898230963484025,19.802256001473815,17.904025037989786,26.963145250018407,24.052655562467617,31.59852101539963,27.566575989606264,2.9325027959621384,1.898230963484025,19.802256001473815,17.904025037989786
2000-06-29,27.76351397457132,24.92264646051126,32.66213342358247,28.422385627170634,4.929896316800414,1.999222922790696,23.19203000929036,21.192807086499673,27.76351397457132,24.92264646051126,32.66213342358247,28.422385627170634,4.929896316800414,1.999222922790696,23.19203000929036,21.192807086499673
2000-06-30,27.790896255163574,24.56402953048116,32.41561467949034,28.35052167743088,0.9184137893854295,2.6687211906534127,23.978692381345873,21.30997119069245,27.790896255163574,24.56402953048116,32.41561467949034,28.35052167743088,0.9184137893854295,2.6687211906534127,23.978692381345873,21.30997119069245
2000-07-01,28.23805006254969,24.616581283735908,32.42342426102524,29.09102141060174,0.00621342846034799,1.7507059185353322,30.406280569981497,28.655574651446162,28.23805006254969,24.616581283735908,32.42342426102524,29.09102141060174,0.00621342846034799,1.7507059185353322,30.406280569981497,28.655574651446162
2000-07-02,28.18301017557894,24.711423262662933,32.440277601606816,29.033017441150577,0.010356476455708688,1.5506255176336925,33.90301571120339,32.352390193569704,28.18301017557894,24.711423262662933,32.440277601606816,29.033017441150577,0.010356476455708688,1.5506255176336925,33.90301571120339,32.352390193569704
2000-07-03,27.891459442878663,24.53507338493963,32.21718687115939,28.740134266540537,-5.960487214906607E-6,1.3462464046618936,34.07681453349766,32.73056812883577,27.891459442878663,24.53507338493963,32.21718687115939,28.740134266540537,-5.960487214906607E-6,1.3462464046618936,34.07681453349766,32.73056812883577
2000-07-04,28.165713461875537,24.651348926400363,33.11227710666093,29.14838656516961,0.0025868415605145856,1.2167487388615164,31.433529120467412,30.21678038160589,28.165713461875537,24.651348926400363,33.11227710666093,29.14838656516961,0.0025868415605145856,1.2167487388615164,31.433529120467412,30.21678038160589
2000-07-05,28.6757396687248,25.23660221563417,32.1946737667673,29.611104312765523,0.12946171421978733,1.0232630052268186,31.056751792659302,30.033488787432486,28.6757396687248,25.23660221563417,32.1946737667673,29.611104312765523,0.12946171421978733,1.0232630052268186,31.056751792659302,30.033488787432486
2000-07-06,28.748323613796472,25.56316855102406,32.559176370231675,29.732709432854836,0.17337961363179363,0.9748214890563013,31.973090940018942,30.99826945096263,28.748323613796472,25.56316855102406,32.559176370231675,29.732709432854836,0.17337961363179363,0.9748214890563013,31.973090940018942,30.99826945096263
2000-07-07,28.0977291038203,25.191401463287193,31.274883383938626,29.067753262423057,0.33881603590504317,0.8713011867712821,27.48631252426627,26.615011337494995,28.0977291038203,25.191401463287193,31.274883383938626,29.067753262423057,0.33881603590504317,0.8713011867712821,27.48631252426627,26.615011337494995
2000-07-08,27.325005605011643,24.287667212464385,31.995424832420913,28.050148991496066,6.361953968125156,1.6812127399776304,23.140965797880988,21.459753057903367,27.325005605011643,24.287667212464385,31.995424832420913,28.050148991496066,6.361953968125156,1.6812127399776304,23.140965797880988,21.459753057903367
2000-07-09,27.134692946126474,23.52021505981312,32.87293507789963,27.595524963722834,2.434464387383079,2.777890166757852,26.016539038172386,23.23864887141454,27.134692946126474,23.52021505981312,32.87293507789963,27.595524963722834,2.434464387383079,2.777890166757852,26.016539038172386,23.23864887141454
2000-07-10,28.819571578834324,25.03057204216618,33.108638882477415,29.531062109162097,0.010600984178764448,1.5545304892200869,38.156079627670564,36.60154913845049,28.819571578834324,25.03057204216618,33.108638882477415,29.531062109162097,0.010600984178764448,1.5545304892200869,38.156079627670564,36.60154913845049
2000-07-11,28.473131575880647,25.19009472725042,32.03107878552976,29.304856394657726,0.19585981708142594,1.2692869839354606,31.434986017337344,30.165699033401886,28.473131575880647,25.19009472725042,32.03107878552976,29.304856394657726,0.19585981708142594,1.2692869839354606,31.434986017337344,30.165699033401886
2000-07-12,28.43363238978843,25.065650864158012,32.9255619749127,29.429199288979575,0.002990936171754929,1.2414301153470526,30.54232184957895,29.300891734231886,28.43363238978843,25.065650864158012,32.9255619749127,29.429199288979575,0.002990936171754929,1.2414301153470526,30.54232184957895,29.300891734231886
2000-07-13,28.373101278799826,25.078531716868373,32.701819749531786,29.360334062369184,8.814874310857983E-4,0.9854144714287187,31.14299949845112,30.1575850270224,28.373101278799826,25.078531716868373,32.701819749531786,29.360334062369184,8.814874310857983E-4,0.9854144714287187,31.14299949845112,30.1575850270224
2000-07-14,28.627725392388925,25.229262254371612,33.14151684854091,29.703641886687087,0.003000097612446831,0.8612230174734204,29.242351687932864,28.381128670459447,28.627725392388925,25.229262254371612,33.14151684854091,29.703641886687087,0.003000097612446831,0.8612230174734204,29.242351687932864,28.381128670459447
2000-07-15,28.611074959483002,25.289459961625404,32.610634177417175,29.733876794266653,0.02331987527933483,0.7296227746685441,26.64392621805232,25.914303443383766,28.611074959483002,25.289459961625404,32.610634177417175,29.733876794266653,0.02331987527933483,0.7296227746685441,26.64392621805232,25.914303443383766
2000-07-16,29.341505263766205,26.135062445263955,34.59650974146028,30.38182669784364,0.02706994382155851,0.6845373254861152,34.42977077001918,33.74523344453306,29.341505263766205,26.135062445263955,34.59650974146028,30.38182669784364,0.02706994382155851,0.6845373254861152,34.42977077001918,33.74523344453306
2000-07-17,29.405814904954937,25.893450226872726,34.666723733856905,30.28291966831435,3.025304991915932,1.3673356214263308,34.68171610782666,33.31438048640031,29.405814904954937,25.893450226872726,34.666723733856905,30.28291966831435,3.025304991915932,1.3673356214263308,34.68171610782666,33.31438048640031
2000-07-18,29.210387895957457,25.36963028969916,34.184557549724154,29.947987326263387,0.00254712743432132,1.101574039742135,35.56435590648617,34.46278186674404,29.210387895957457,25.36963028969916,34.184557549724154,29.947987326263387,0.00254712743432132,1.101574039742135,35.56435590648617,34.46278186674404
2000-07-19,28.808469568906215,24.683316256102188,33.53123882813698,29.71854271834429,0.1984536542821913,0.787576153354772,36.00071421776828,35.213138064413506,28.808469568906215,24.683316256102188,33.53123882813698,29.71854271834429,0.1984536542821913,0.787576153354772,36.00071421776828,35.213138064413506
2000-07-20,28.64439146904742,25.090462305513007,32.90465806811234,29.651623551011575,0.005796351157220973,0.6419096175514294,32.78967290171941,32.147763284167986,28.64439146904742,25.090462305513007,32.90465806811234,29.651623551011575,0.005796351157220973,0.6419096175514294,32.78967290171941,32.147763284167986
2000-07-21,28.989172818160537,25.956523406971613,33.984377603507305,30.0433208235807,0.10007703798278506,0.5723399521180043,31.468618389543163,30.896278437425153,28.989172818160537,25.956523406971613,33.984377603507305,30.0433208235807,0.10007703798278506,0.5723399521180043,31.468618389543163,30.896278437425153
2000-07-22,29.01814056478008,25.61690188492209,33.70384329929864,30.17626353791579,0.22915667964846137,0.5800536908826048,31.591156401152162,31.01110271026957,29.01814056478008,25.61690188492209,33.70384329929864,30.17626353791579,0.22915667964846137,0.5800536908826048,31.591156401152162,31.01110271026957
2000-07-23,29.165601589171118,25.710853334260886,33.94319785112387,30.11627038658058,0.7432546307814709,0.8653937551931368,32.934989298616095,32.069595543422956,29.165601589171118,25.710853334260886,33.94319785112387,30.11627038658058,0.7432546307814709,0.8653937551931368,32.934989298616095,32.069595543422956
2000-07-24,29.094125707280845,26.002797144036204,33.53480480015376,30.12225448722171,1.2709862289363627,1.0875554259324542,29.949104173916577,28.861548747984116,29.094125707280845,26.002797144036204,33.53480480015376,30.12225448722171,1.2709862289363627,1.0875554259324542,29.949104173916577,28.861548747984116
2000-07-25,28.929066493442132,25.977681177239344,33.39413521697123,29.933550743308256,0.9413744581373796,0.9507539328784748,28.115326394997826,27.16457246211935,28.929066493442132,25.977681177239344,33.39413521697123,29.933550743308256,0.9413744581373796,0.9507539328784748,28.115326394997826,27.16457246211935
2000-07-26,28.697189313273444,25.472703243200478,33.00675349166665,29.635079574674613,1.4091956794458853,1.0435415822887928,29.10862499588851,28.065083413599716,28.697189313273444,25.472703243200478,33.00675349166665,29.635079574674613,1.4091956794458853,1.0435415822887928,29.10862499588851,28.065083413599716
2000-07-27,28.916128865477432,25.630174596664844,33.92720535563175,29.88463796893522,0.1976262269982794,0.7144837112399882,31.10009195383436,30.385608242594376,28.916128865477432,25.630174596664844,33.92720535563175,29.88463796893522,0.1976262269982794,0.7144837112399882,31.10009195383436,30.385608242594376
2000-07-28,28.286918927145933,25.40264609008654,32.519876050260415,29.193053029682765,2.3664503544306563,1.453555358016772,24.885734962447078,23.4321796044303,28.286918927145933,25.40264609008654,32.519876050260415,29.193053029682765,2.3664503544306563,1.453555358016772,24.885734962447078,23.4321796044303
2000-07-29,28.30845175780385,24.924248149639315,32.88965917831152,29.300484113345046,0.4236676210918742,0.8778323213707266,26.287001669511866,25.40916934814113,28.30845175780385,24.924248149639315,32.88965917831152,29.300484113345046,0.4236676210918742,0.8778323213707266,26.287001669511866,25.40916934814113
2000-07-30,28.35746296453441,24.899978236742243,33.48711137761522,29.443110696242307,2.3452125559546504,0.752608267201341,26.657482918172104,25.90487465097077,28.35746296453441,24.899978236742243,33.48711137761522,29.443110696242307,2.3452125559546504,0.752608267201341,26.657482918172104,25.90487465097077
2000-07-31,28.35644461213115,25.144424037523493,33.186298158866606,29.137496430613325,0.9681045502843858,1.8650686106565508,28.581397571837496,26.716328961180945,28.35644461213115,25.144424037523493,33.186298158866606,29.137496430613325,0.9681045502843858,1.8650686106565508,28.581397571837496,26.716328961180945
2000-08-01,28.42414546253056,25.371573675732705,32.53489363328713,29.371888114147122,2.368825598395628,1.1844168856409323,29.85034373894926,28.665926853308328,28.42414546253056,25.371573675732705,32.53489363328713,29.371888114147122,2.368825598395628,1.1844168856409323,29.85034373894926,28.665926853308328
2000-08-02,27.423090458890375,24.200456192107932,33.087558701459045,28.12507789641373,1.4206334659631887,1.7517915332782392,23.82974769341438,22.077956160136132,27.423090458890375,24.200456192107932,33.087558701459045,28.12507789641373,1.4206334659631887,1.7517915332782392,23.82974769341438,22.077956160136132
2000-08-03,28.47881666507965,24.63949284729882,33.19666649797251,29.252977725632945,1.0095228135648766,1.2158216736678003,29.76804314290775,28.552221469239953,28.47881666507965,24.63949284729882,33.19666649797251,29.252977725632945,1.0095228135648766,1.2158216736678003,29.76804314290775,28.552221469239953
2000-08-04,28.341082564225584,24.8567820560768,33.079454983788104,29.171385401409612,1.387219607053234,1.4599220884301867,26.89034809063504,25.43042600220486,28.341082564225584,24.8567820560768,33.079454983788104,29.171385401409612,1.387219607053234,1.4599220884301867,26.89034809063504,25.43042600220486
2000-08-05,28.078451747296295,24.90569524654156,32.26346313971029,29.006378045865418,0.3706771602380574,1.0954715605456462,25.128475439909604,24.033003879363953,28.078451747296295,24.90569524654156,32.26346313971029,29.006378045865418,0.3706771602380574,1.0954715605456462,25.128475439909604,24.033003879363953
2000-08-06,27.81692804088199,25.106583208095476,31.596920444210312,28.6355441073402,3.3013526402922437,1.7174236573522963,21.73304139213605,20.015617734783753,27.81692804088199,25.106583208095476,31.596920444210312,28.6355441073402,3.3013526402922437,1.7174236573522963,21.73304139213605,20.015617734783753
2000-08-07,26.463266355795174,24.235754210716284,30.801330767420176,26.88236871248854,15.185452261907107,2.698614282711326,16.966305156121916,14.267690873410587,26.463266355795174,24.235754210716284,30.801330767420176,26.88236871248854,15.185452261907107,2.698614282711326,16.966305156121916,14.267690873410587
2000-08-08,27.260840350360827,24.52051064711967,32.49618728815055,27.622292212503876,0.1347155361792471,2.806590895610361,29.439423420912945,26.632832525302582,27.260840350360827,24.52051064711967,32.49618728815055,27.622292212503876,0.1347155361792471,2.806590895610361,29.439423420912945,26.632832525302582
2000-08-09,27.849019879892854,24.289030114174178,32.0777886906993,28.491252047637488,2.2845171343508173,1.9875856634070648,30.52160362462083,28.534017961213756,27.849019879892854,24.289030114174178,32.0777886906993,28.491252047637488,2.2845171343508173,1.9875856634070648,30.52160362462083,28.534017961213756
2000-08-10,25.950741129659473,23.96556716601834,30.219910702062048,26.226527082168406,10.51990896143583,3.4047406542076537,15.709422707200755,12.30468205299311,25.950741129659473,23.96556716601834,30.219910702062048,26.226527082168406,10.51990896143583,3.4047406542076537,15.709422707200755,12.30468205299311
2000-08-11,25.582600966235493,23.77924192616028,29.79662228886947,25.68396479853087,20.058947824646307,3.4786883515921563,11.69200806329686,8.213319711704704,25.582600966235493,23.77924192616028,29.79662228886947,25.68396479853087,20.058947824646307,3.4786883515921563,11.69200806329686,8.213319711704704
2000-08-12,25.8583257644491,24.206625832735345,29.68574590787114,25.993473885968335,11.721823163202211,4.1533568457383065,12.269350504236936,8.115993658498626,25.8583257644491,24.206625832735345,29.68574590787114,25.993473885968335,11.721823163202211,4.1533568457383065,12.269350504236936,8.115993658498626
2000-08-13,26.517981870552095,23.872692721676895,31.51330828369392,26.57992098173296,4.381232283539162,4.470369226800153,17.634132791044166,13.163763564244025,26.517981870552095,23.872692721676895,31.51330828369392,26.57992098173296,4.381232283539162,4.470369226800153,17.634132791044166,13.163763564244025
2000-08-14,28.02411350775617,25.051277885692276,32.23165599235806,28.34998843923239,0.8970695488393378,3.5197662314916403,25.49946880248198,21.97970257099034,28.02411350775617,25.051277885692276,32.23165599235806,28.34998843923239,0.8970695488393378,3.5197662314916403,25.49946880248198,21.97970257099034
2000-08-15,28.095499546292505,24.56761696369722,32.20112384878102,28.38964684761738,0.09560316628620527,3.750843004798881,31.13550425898486,27.38466125418597,28.095499546292505,24.56761696369722,32.20112384878102,28.38964684761738,0.09560316628620527,3.750843004798881,31.13550425898486,27.38466125418597
2000-08-16,27.927098199679385,24.950452843666362,31.036682464287818,28.375077002868924,0.06046739841194025,2.952501069860648,30.75593647223284,27.80343540237219,27.927098199679385,24.950452843666362,31.036682464287818,28.375077002868924,0.06046739841194025,2.952501069860648,30.75593647223284,27.80343540237219
2000-08-17,26.6558502662626,24.863936810360748,28.84972289093108,27.083978124351756,4.30437169803311,3.394958671076107,17.766265237297794,14.371306566221682,26.6558502662626,24.863936810360748,28.84972289093108,27.083978124351756,4.30437169803311,3.394958671076107,17.766265237297794,14.371306566221682
2000-08-18,26.992687053709595,24.35143872805568,30.652990173361285,27.59817826639554,0.4046715249809542,2.9396988751970987,20.98480246202674,18.04510358682964,26.992687053709595,24.35143872805568,30.652990173361285,27.59817826639554,0.4046715249809542,2.9396988751970987,20.98480246202674,18.04510358682964
2000-08-19,27.056771096559576,24.36344722843199,30.774709700328728,27.589222434172484,1.198760543053169,2.8915748822884306,20.56420087163487,17.672625989346443,27.056771096559576,24.36344722843199,30.774709700328728,27.589222434172484,1.198760543053169,2.8915748822884306,20.56420087163487,17.672625989346443
2000-08-20,27.074439517284688,23.98306704605491,30.813436673585223,27.694894520257012,1.4919457552339797,2.8827697207266145,20.1635747260928,17.280805005366197,27.074439517284688,23.98306704605491,30.813436673585223,27.694894520257012,1.4919457552339797,2.8827697207266145,20.1635747260928,17.280805005366197
2000-08-21,27.08383279858424,23.95447646111151,30.81420011288596,27.681916539898932,0.3105447152907244,2.7177051453076646,22.364830466360637,19.647125321052975,27.08383279858424,23.95447646111151,30.81420011288596,27.681916539898932,0.3105447152907244,2.7177051453076646,22.364830466360637,19.647125321052975
2000-08-22,27.612756524573708,24.609235485543113,31.320295824438485,28.253052612077234,1.1362538849094606,2.6025619336829373,23.692048508732938,21.089486575050017,27.612756524573708,24.609235485543113,31.320295824438485,28.253052612077234,1.1362538849094606,2.6025619336829373,23.692048508732938,21.089486575050017
2000-08-23,27.93116661014451,24.986831914425366,31.682553918616062,28.522547245999746,0.6559587370543122,2.52836197352233,23.257334962324503,20.728972988802173,27.93116661014451,24.986831914425366,31.682553918616062,28.522547245999746,0.6559587370543122,2.52836197352233,23.257334962324503,20.728972988802173
2000-08-24,28.2364512556075,25.475906454840732,31.729529076254025,28.964450861398042,0.37358104972698253,2.17402223418898,24.29467834881301,22.120656114624026,28.2364512556075,25.475906454840732,31.729529076254025,28.964450861398042,0.37358104972698253,2.17402223418898,24.29467834881301,22.120656114624026
2000-08-25,28.1518870437119,25.42918112426625,31.43632982663172,28.77664359485634,0.7348735406341473,2.0741820420680135,24.044062444948736,21.96988040288072,28.1518870437119,25.42918112426625,31.43632982663172,28.77664359485634,0.7348735406341473,2.0741820420680135,24.044062444948736,21.96988040288072
2000-08-26,27.404525360585716,25.046367156971613,29.97194207202548,28.160385533953555,0.901526761641823,1.9228856852484772,21.17233972979415,19.24945404454566,27.404525360585716,25.046367156971613,29.97194207202548,28.160385533953555,0.901526761641823,1.9228856852484772,21.17233972979415,19.24945404454566
2000-08-27,27.1631941669604,24.390973433561367,30.911505244121642,27.836945353274345,2.778944486523631,2.3451877597820467,21.111671845965,18.766484086182942,27.1631941669604,24.390973433561367,30.911505244121642,27.836945353274345,2.778944486523631,2.3451877597820467,21.111671845965,18.766484086182942
2000-08-28,26.645188368353498,24.238076798350626,30.884921998833157,27.201501343688975,2.330066348629659,2.694297643911779,17.0208896553277,14.326592011415926,26.645188368353498,24.238076798350626,30.884921998833157,27.201501343688975,2.330066348629659,2.694297643911779,17.0208896553277,14.326592011415926
2000-08-29,27.258868404485654,24.637458392254384,31.04274640595584,27.932550113324552,1.5456766971361044,2.209581174258196,19.276502448704587,17.066921274446393,27.258868404485654,24.637458392254384,31.04274640595584,27.932550113324552,1.5456766971361044,2.209581174258196,19.276502448704587,17.066921274446393
2000-08-30,27.35275215313757,24.389715725588648,31.836479879811208,28.114757082022056,1.5482746849348938,2.369673655956574,18.992868495180637,16.623194839224066,27.35275215313757,24.389715725588648,31.836479879811208,28.114757082022056,1.5482746849348938,2.369673655956574,18.992868495180637,16.623194839224066
2000-08-31,27.573603021626887,24.479884779642184,32.09925748980263,28.443649858262255,0.6697185486677713,1.832528024066833,19.40027033361005,17.567742309543224,27.573603021626887,24.479884779642184,32.09925748980263,28.443649858262255,0.6697185486677713,1.832528024066833,19.40027033361005,17.567742309543224
2000-09-01,27.21375768965402,23.685110623049585,33.19053815120786,27.90530646766344,1.7390206638866952,2.43064114878393,20.207976142299465,17.777334993515545,27.21375768965402,23.685110623049585,33.19053815120786,27.90530646766344,1.7390206638866952,2.43064114878393,20.207976142299465,17.777334993515545
2000-09-02,28.25110505952711,24.97969858909245,32.476861873249064,29.00412245796679,0.7344260103226375,1.805516794735947,23.303279105354765,21.49776231061881,28.25110505952711,24.97969858909245,32.476861873249064,29.00412245796679,0.7344260103226375,1.805516794735947,23.303279105354765,21.49776231061881
2000-09-03,27.979543999123994,25.26233470415552,31.882664015159534,28.651257705554052,2.613719870463995,2.229292694952924,21.354082067716526,19.124789372763612,27.979543999123994,25.26233470415552,31.882664015159534,28.651257705554052,2.613719870463995,2.229292694952924,21.354082067716526,19.124789372763612
2000-09-04,27.71930420797061,24.870370182414895,30.821527083485183,28.55112353355455,0.42542277103484044,1.7034730579744715,19.80873861282213,18.105265554847662,27.71930420797061,24.870370182414895,30.821527083485183,28.55112353355455,0.42542277103484044,1.7034730579744715,19.80873861282213,18.105265554847662
2000-09-05,27.42257131406557,24.4545056780109,30.076793800453384,28.07495498581088,1.3191912071586138,1.568718326211437,18.80152333513369,17.23280500892226,27.42257131406557,24.4545056780109,30.076793800453384,28.07495498581088,1.3191912071586138,1.568718326211437,18.80152333513369,17.23280500892226
2000-09-06,26.457404182589077,24.743497280269953,29.309698254140788,26.635169974086722,4.763431810788261,2.7440345467879514,13.424178403672634,10.680143856884685,26.457404182589077,24.743497280269953,29.309698254140788,26.635169974086722,4.763431810788261,2.7440345467879514,13.424178403672634,10.680143856884685
2000-09-07,25.740523332069728,23.696730999813855,30.06588408338132,25.97728542647235,23.22844293869981,3.192925102701694,11.458256292737838,8.265331190036143,25.740523332069728,23.696730999813855,30.06588408338132,25.97728542647235,23.22844293869981,3.192925102701694,11.458256292737838,8.265331190036143
2000-09-08,26.790349244729935,24.352777432841076,32.16026746555711,27.011073246429977,4.1076857708171435,3.921574264090322,16.213022083222505,12.29144781913218,26.790349244729935,24.352777432841076,32.16026746555711,27.011073246429977,4.1076857708171435,3.921574264090322,16.213022083222505,12.29144781913218
2000-09-09,27.908839668756794,25.14431122245394,31.996001581324315,28.17009333272043,1.3557558225259037,3.544599050081881,17.39823982229783,13.853640772215948,27.908839668756794,25.14431122245394,31.996001581324315,28.17009333272043,1.3557558225259037,3.544599050081881,17.39823982229783,13.853640772215948
2000-09-10,27.911685714193254,25.420310731721816,31.538089223594916,28.449637841456067,1.1221615971789614,2.7761130248284656,19.00469634305343,16.22858331822496,27.911685714193254,25.420310731721816,31.538089223594916,28.449637841456067,1.1221615971789614,2.7761130248284656,19.00469634305343,16.22858331822496
2000-09-11,27.18266358545185,25.162517059315384,30.544922242629813,27.68069885399925,8.234617133368094,2.9500046703608866,16.008941175212062,13.058936504851172,27.18266358545185,25.162517059315384,30.544922242629813,27.68069885399925,8.234617133368094,2.9500046703608866,16.008941175212062,13.058936504851172
2000-09-12,26.310117378606677,23.66742828788364,31.211666220852713,26.682424132913752,6.096582618687051,3.6607868155886374,15.397377558873968,11.736590743285323,26.310117378606677,23.66742828788364,31.211666220852713,26.682424132913752,6.096582618687051,3.6607868155886374,15.397377558873968,11.736590743285323
2000-09-13,26.496065395875174,23.895915013091876,30.53554654176821,26.704168097234167,2.209361839688713,3.9769901791354534,16.439054018282143,12.462063839146683,26.496065395875174,23.895915013091876,30.53554654176821,26.704168097234167,2.209361839688713,3.9769901791354534,16.439054018282143,12.462063839146683
2000-09-14,26.76669238575241,24.737142443413333,29.393594349602097,27.073944249365393,6.4242733396370335,3.3387596623505575,16.091028772302387,12.752269109951834,26.76669238575241,24.737142443413333,29.393594349602097,27.073944249365393,6.4242733396370335,3.3387596623505575,16.091028772302387,12.752269109951834
2000-09-15,26.58878806681795,25.031961908773738,29.292053289302544,26.514908176550723,6.120242028468116,4.4655295058706965,14.318345027328506,9.852815521457801,26.58878806681795,25.031961908773738,29.292053289302544,26.514908176550723,6.120242028468116,4.4655295058706965,14.318345027328506,9.852815521457801
2000-09-16,27.304375822079166,26.10202718306775,29.503697530834412,27.52997695767887,1.9577269761568223,3.3412563019799872,15.3431801224477,12.001923820467724,27.304375822079166,26.10202718306775,29.503697530834412,27.52997695767887,1.9577269761568223,3.3412563019799872,15.3431801224477,12.001923820467724
2000-09-17,26.552340927204593,24.2650460657413,29.80239222876909,26.62381213444472,5.715979355912386,3.5260112693073364,11.684230549438768,8.158219280131433,26.552340927204593,24.2650460657413,29.80239222876909,26.62381213444472,5.715979355912386,3.5260112693073364,11.684230549438768,8.158219280131433
2000-09-18,25.936676159668718,23.943532990888585,30.053274653301337,26.062410169769223,10.761377051624875,3.737649174066611,12.094533810337559,8.35688463627095,25.936676159668718,23.943532990888585,30.053274653301337,26.062410169769223,10.761377051624875,3.737649174066611,12.094533810337559,8.35688463627095
2000-09-19,26.639542176570433,24.908458871764132,30.454392830693106,26.585783180244828,3.8174757364561267,3.8426442884693417,15.70121961796355,11.858575329494203,26.639542176570433,24.908458871764132,30.454392830693106,26.585783180244828,3.8174757364561267,3.8426442884693417,15.70121961796355,11.858575329494203
2000-09-20,27.31371593567163,24.781695022394853,31.704887916320345,27.47702689507323,1.6822929783747531,4.209131386239957,17.448803375161166,13.239671988921211,27.31371593567163,24.781695022394853,31.704887916320345,27.47702689507323,1.6822929783747531,4.209131386239957,17.448803375161166,13.239671988921211
2000-09-21,28.542072956693854,25.3614202442283,32.87513852981073,28.90336930083605,0.12676032045518235,3.373674739660008,24.94110752785445,21.567432788194434,28.542072956693854,25.3614202442283,32.87513852981073,28.90336930083605,0.12676032045518235,3.373674739660008,24.94110752785445,21.567432788194434
2000-09-22,28.85723066729695,25.44618103306824,32.67683230269405,29.212116448739632,0.06604312841508672,3.144416781276852,27.401870856007125,24.257454074730262,28.85723066729695,25.44618103306824,32.67683230269405,29.212116448739632,0.06604312841508672,3.144416781276852,27.401870856007125,24.257454074730262
2000-09-23,28.618065549880324,25.34742258145125,31.928762133720195,29.108870683450302,0.22754137062376706,2.792995505746126,24.54387352747074,21.75087802172463,28.618065549880324,25.34742258145125,31.928762133720195,29.108870683450302,0.22754137062376706,2.792995505746126,24.54387352747074,21.75087802172463
2000-09-24,28.524138467440984,25.727588006718584,32.09498844717786,29.154434756934865,0.5311640666699008,2.650316076385341,22.243300353758517,19.59298427737317,28.524138467440984,25.727588006718584,32.09498844717786,29.154434756934865,0.5311640666699008,2.650316076385341,22.243300353758517,19.59298427737317
2000-09-25,28.058032120501718,25.41892299887239,31.338523606222694,28.600536234820865,0.44217750023680724,2.485212018662836,22.60692697904108,20.121714960378245,28.058032120501718,25.41892299887239,31.338523606222694,28.600536234820865,0.44217750023680724,2.485212018662836,22.60692697904108,20.121714960378245
2000-09-26,27.361333155858713,25.340670408737285,30.516865564811837,27.658752134062745,4.32637368724977,3.489200359091618,18.05923681531669,14.570036456225077,27.361333155858713,25.340670408737285,30.516865564811837,27.658752134062745,4.32637368724977,3.489200359091618,18.05923681531669,14.570036456225077
2000-09-27,27.14963590360597,25.001046451946124,30.14990596307666,27.68179774614131,1.8612591021029694,2.695168730025036,16.48006113734872,13.78489240732368,27.14963590360597,25.001046451946124,30.14990596307666,27.68179774614131,1.8612591021029694,2.695168730025036,16.48006113734872,13.78489240732368
2000-09-28,26.910606308046162,25.125389426440602,29.98888386413633,27.138572834539406,2.3765012501108878,2.7314227500188384,14.335257475247637,11.603834725228799,26.910606308046162,25.125389426440602,29.98888386413633,27.138572834539406,2.3765012501108878,2.7314227500188384,14.335257475247637,11.603834725228799
2000-09-29,26.782184044682364,25.178104898601184,29.939033550760897,26.956940364983257,4.270943380989378,3.179005043749744,15.161155426153703,11.982150382403962,26.782184044682364,25.178104898601184,29.939033550760897,26.956940364983257,4.270943380989378,3.179005043749744,15.161155426153703,11.982150382403962
2000-09-30,26.512678428668664,24.637364738010145,29.86471125705844,26.651525358276476,2.824107544794548,3.2475755096279677,15.723987303703083,12.47641179407512,26.512678428668664,24.637364738010145,29.86471125705844,26.651525358276476,2.824107544794548,3.2475755096279677,15.723987303703083,12.47641179407512
2000-10-01,26.405368385391142,24.94088218073555,29.006318538245154,26.470914474680754,8.36722399615757,3.8153454359567003,14.296110586911778,10.480765150955085,26.405368385391142,24.94088218073555,29.006318538245154,26.470914474680754,8.36722399615757,3.8153454359567003,14.296110586911778,10.480765150955085
2000-10-02,26.207189675851073,24.830279823725093,28.98789611149937,26.17485843984068,6.827057459218503,4.339291753169302,13.206755586936884,8.867463833767584,26.207189675851073,24.830279823725093,28.98789611149937,26.17485843984068,6.827057459218503,4.339291753169302,13.206755586936884,8.867463833767584
2000-10-03,26.349488788912392,25.261987487427447,30.08923800133529,26.251355187574106,11.05746922300674,4.5744508607217895,13.834685307650888,9.260234446929097,26.349488788912392,25.261987487427447,30.08923800133529,26.251355187574106,11.05746922300674,4.5744508607217895,13.834685307650888,9.260234446929097
2000-10-04,27.02124017426795,25.311040108503644,31.255273287008187,27.078681733634234,3.7110170717604793,3.678273465044798,27.553445144873674,23.875171679828874,27.02124017426795,25.311040108503644,31.255273287008187,27.078681733634234,3.7110170717604793,3.678273465044798,27.553445144873674,23.875171679828874
2000-10-05,27.654106538671083,25.278198158342043,31.88930859164305,27.679050478611043,0.5223882307457708,3.4308368166270222,20.9022795137867,17.471442697159667,27.654106538671083,25.278198158342043,31.88930859164305,27.679050478611043,0.5223882307457708,3.4308368166270222,20.9022795137867,17.471442697159667
2000-10-06,28.14325422524598,25.300838632506323,31.7313082005365,28.415100676019392,0.03662175183916254,2.760438410897895,26.995630785901593,24.23519237500369,28.14325422524598,25.300838632506323,31.7313082005365,28.415100676019392,0.03662175183916254,2.760438410897895,26.995630785901593,24.23519237500369
2000-10-07,27.855865288519738,25.126822048830824,31.01408359571923,28.3099238961491,0.663482458303936,2.633308731977391,21.58744374435105,18.95413501237365,27.855865288519738,25.126822048830824,31.01408359571923,28.3099238961491,0.663482458303936,2.633308731977391,21.58744374435105,18.95413501237365
2000-10-08,26.952442097213222,25.02715894289943,29.709953850413203,27.163546282732604,4.048315860496005,3.27736535741068,16.07439304561251,12.797027688201839,26.952442097213222,25.02715894289943,29.709953850413203,27.163546282732604,4.048315860496005,3.27736535741068,16.07439304561251,12.797027688201839
2000-10-09,25.29712566341248,23.642470745907612,27.284370647563396,25.138796109437646,7.9917258871264165,4.995236938931479,19.45236234198409,14.457125403052611,25.29712566341248,23.642470745907612,27.284370647563396,25.138796109437646,7.9917258871264165,4.995236938931479,19.45236234198409,14.457125403052611
2000-10-10,25.792601971045762,24.19841920557719,28.743591375240047,25.924878840655378,1.1059425925846755,2.9326599198234415,36.027451973853275,33.094792054029845,25.792601971045762,24.19841920557719,28.743591375240047,25.924878840655378,1.1059425925846755,2.9326599198234415,36.027451973853275,33.094792054029845
2000-10-11,25.857223215491768,24.624950904214618,27.627081448244894,25.982742286190295,2.411756832691052,3.1426571937446526,30.805852018787483,27.66319482504282,25.857223215491768,24.624950904214618,27.627081448244894,25.982742286190295,2.411756832691052,3.1426571937446526,30.805852018787483,27.66319482504282
2000-10-12,25.405822536589053,23.888180107715925,27.57259845041644,25.561364728178134,2.789203564083531,2.8179113763965487,20.402946648840416,17.585035272443864,25.405822536589053,23.888180107715925,27.57259845041644,25.561364728178134,2.789203564083531,2.8179113763965487,20.402946648840416,17.585035272443864
2000-10-13,26.024670002305754,24.632842299517428,28.913614224833246,26.191174359583083,0.6782553683110215,2.6951398869091325,30.112828955699868,27.417689068790747,26.024670002305754,24.632842299517428,28.913614224833246,26.191174359583083,0.6782553683110215,2.6951398869091325,30.112828955699868,27.417689068790747
2000-10-14,25.961776014442034,23.486041058751578,29.261738944918598,26.33960038727409,0.11854477334333244,2.470088652235053,29.298470090837203,26.82838143860214,25.961776014442034,23.486041058751578,29.261738944918598,26.33960038727409,0.11854477334333244,2.470088652235053,29.298470090837203,26.82838143860214
2000-10-15,25.545188310485926,23.08393804718797,29.018023297886593,25.935538620930274,0.004608184259316028,2.4694383538689935,33.57133776075447,31.10189940688547,25.545188310485926,23.08393804718797,29.018023297886593,25.935538620930274,0.004608184259316028,2.4694383538689935,33.57133776075447,31.10189940688547
2000-10-16,25.47864622308902,22.660385230730487,29.091024429842587,25.892995129278866,0.001288355917949957,2.3933825699475366,33.97363074735336,31.580248177405835,25.47864622308902,22.660385230730487,29.091024429842587,25.892995129278866,0.001288355917949957,2.3933825699475366,33.97363074735336,31.580248177405835
2000-10-17,24.87637686152216,21.834754567080758,28.590140237032205,25.292474770128912,3.662592007458443E-6,2.2078732191970447,36.23418602337926,34.026312804182204,24.87637686152216,21.834754567080758,28.590140237032205,25.292474770128912,3.662592007458443E-6,2.2078732191970447,36.23418602337926,34.026312804182204
2000-10-18,24.814823941746702,21.807377047805765,28.319330500447812,25.263664113163813,0.0010064471838088685,1.8759557246432288,30.69183352695631,28.81587780231308,24.814823941746702,21.807377047805765,28.319330500447812,25.263664113163813,0.0010064471838088685,1.8759557246432288,30.69183352695631,28.81587780231308
2000-10-19,24.93671045880013,21.764008650825037,28.462912620444957,25.432821690029925,0.004454491927028331,1.7111208007742118,29.535976229691503,27.824855428917306,24.93671045880013,21.764008650825037,28.462912620444957,25.432821690029925,0.004454491927028331,1.7111208007742118,29.535976229691503,27.824855428917306
2000-10-20,25.03520799959104,21.794376726140396,28.924221851205058,25.557678232868145,4.053114821545023E-4,1.6066157503441298,28.00888637183795,26.402270621493805,25.03520799959104,21.794376726140396,28.924221851205058,25.557678232868145,4.053114821545023E-4,1.6066157503441298,28.00888637183795,26.402270621493805
2000-10-21,25.85366855678224,22.688862033157335,30.5653192072025,26.37761688313038,0.013022443382166545,1.4437405177985503,26.820977115114623,25.377236597316067,25.85366855678224,22.688862033157335,30.5653192072025,26.37761688313038,0.013022443382166545,1.4437405177985503,26.820977115114623,25.377236597316067
2000-10-22,26.217331973652932,22.684354353606047,30.658782208675415,26.797998612114935,0.0,1.343884000140686,27.422234657449835,26.078350657309155,26.217331973652932,22.684354353606047,30.658782208675415,26.797998612114935,0.0,1.343884000140686,27.422234657449835,26.078350657309155
2000-10-23,25.973397072002253,23.30462201136269,28.921993084430813,26.34147855797414,0.8106035974084744,1.3625386557153054,26.126470677908884,24.763932022193597,25.973397072002253,23.30462201136269,28.921993084430813,26.34147855797414,0.8106035974084744,1.3625386557153054,26.126470677908884,24.763932022193597
2000-10-24,25.653700580890327,23.508962527896824,28.32713935102274,26.0597622886068,0.5997884815198596,1.2657039816182616,29.23913614436663,27.97343216274837,25.653700580890327,23.508962527896824,28.32713935102274,26.0597622886068,0.5997884815198596,1.2657039816182616,29.23913614436663,27.97343216274837
2000-10-25,25.382983624264774,22.56209980157443,29.11343585555503,25.88828416806197,0.5406159126261522,1.2746500107221883,26.645192207900433,25.37054219717824,25.382983624264774,22.56209980157443,29.11343585555503,25.88828416806197,0.5406159126261522,1.2746500107221883,26.645192207900433,25.37054219717824
2000-10-26,25.411096001723976,22.770987587740944,29.283378509166713,25.92235120733236,0.061577263779696106,1.2286837846198184,30.924334691712097,29.69565090709229,25.411096001723976,22.770987587740944,29.283378509166713,25.92235120733236,0.061577263779696106,1.2286837846198184,30.924334691712097,29.69565090709229
2000-10-27,25.417882874880664,21.932024794978588,29.68291025621946,26.02100855805056,0.002650325166475419,1.0297581794244925,28.35093112416398,27.3211729447395,25.417882874880664,21.932024794978588,29.68291025621946,26.02100855805056,0.002650325166475419,1.0297581794244925,28.35093112416398,27.3211729447395
2000-10-28,25.438556934637464,21.988421929692965,29.70415324244372,26.05891065441899,0.0017106532368416083,0.9735323929606123,29.624442077514438,28.650909684553834,25.438556934637464,21.988421929692965,29.70415324244372,26.05891065441899,0.0017106532368416083,0.9735323929606123,29.624442077514438,28.650909684553834
2000-10-29,25.352691180910053,22.066787168281724,29.602920265641103,26.00684577334548,0.0017211714293807745,0.907026316580868,28.978917069336855,28.071890752755994,25.352691180910053,22.066787168281724,29.602920265641103,26.00684577334548,0.0017211714293807745,0.907026316580868,28.978917069336855,28.071890752755994
2000-10-30,25.385398789186755,21.9414381671514,30.073169679497212,26.038918316491728,0.02865036629086647,0.8328721083388355,26.450809858957186,25.617937750618363,25.385398789186755,21.9414381671514,30.073169679497212,26.038918316491728,0.02865036629086647,0.8328721083388355,26.450809858957186,25.617937750618363
2000-10-31,25.918514678684616,22.662925977663203,30.144596404330546,26.510616353236472,0.0011324882507324219,0.8112855823779451,34.23520560235615,33.423920019978176,25.918514678684616,22.662925977663203,30.144596404330546,26.510616353236472,0.0011324882507324219,0.8112855823779451,34.23520560235615,33.423920019978176
2000-11-01,25.618324885245702,21.41876782574839,30.683536017062785,26.21082993928743,0.0030126866477075964,0.7528479257942966,31.749957810933843,30.99710988513954,25.618324885245702,21.41876782574839,30.683536017062785,26.21082993928743,0.0030126866477075964,0.7528479257942966,31.749957810933843,30.99710988513954
2000-11-02,26.17546249381581,22.109563724185882,30.934827161078747,26.822295763795704,-1.4500983525067568E-5,0.7146082184723287,33.649669375563214,32.935061157090864,26.17546249381581,22.109563724185882,30.934827161078747,26.822295763795704,-1.4500983525067568E-5,0.7146082184723287,33.649669375563214,32.935061157090864
2000-11-03,25.80208338295985,21.99132953790255,30.187505419853018,26.435331499485653,0.0016868114016688196,0.6927171211614914,38.66357156857925,37.97085444741777,25.80208338295985,21.99132953790255,30.187505419853018,26.435331499485653,0.0016868114016688196,0.6927171211614914,38.66357156857925,37.97085444741777
2000-11-04,25.471735863161054,21.831624397688948,29.615897540569083,26.149756400473418,8.642672923997452E-4,0.6261845048767616,36.089062551643345,35.462878046766576,25.471735863161054,21.831624397688948,29.615897540569083,26.149756400473418,8.642672923997452E-4,0.6261845048767616,36.089062551643345,35.462878046766576
2000-11-05,25.622498733101242,22.15629360713599,30.451985677441595,26.30903121757436,0.0,0.6036134407202428,34.84592533481082,34.24231189409058,25.622498733101242,22.15629360713599,30.451985677441595,26.30903121757436,0.0,0.6036134407202428,34.84592533481082,34.24231189409058
2000-11-06,26.50024267144919,22.422198285314092,33.19730721662138,27.04738726108111,0.002585898073448334,0.5927264438459846,42.87956024389865,42.28683380005264,26.50024267144919,22.422198285314092,33.19730721662138,27.04738726108111,0.002585898073448334,0.5927264438459846,42.87956024389865,42.28683380005264
2000-11-07,27.84365344780418,24.043675122827032,32.95645161702957,28.40421252898439,4.2319305748605984E-4,0.5270452318990595,39.02570957625654,38.49866434435748,27.84365344780418,24.043675122827032,32.95645161702957,28.40421252898439,4.2319305748605984E-4,0.5270452318990595,39.02570957625654,38.49866434435748
2000-11-08,28.107263698221754,23.39994706882473,34.78801015092685,28.5738888054705,4.351138045421976E-4,0.5026492196705695,40.31140288235057,39.80875366268002,28.107263698221754,23.39994706882473,34.78801015092685,28.5738888054705,4.351138045421976E-4,0.5026492196705695,40.31140288235057,39.80875366268002
2000-11-09,27.551720770611624,24.518195046602518,31.529699507092165,28.24802612093291,0.11011058373715209,0.36990705073173696,28.387005247671684,28.017098196939955,27.551720770611624,24.518195046602518,31.529699507092165,28.24802612093291,0.11011058373715209,0.36990705073173696,28.387005247671684,28.017098196939955
2000-11-10,26.860278333838917,24.34140396467516,31.427015762893387,27.657500054750404,0.12474859010593235,0.4492354772488976,17.703265586802974,17.25403010955407,26.860278333838917,24.34140396467516,31.427015762893387,27.657500054750404,0.12474859010593235,0.4492354772488976,17.703265586802974,17.25403010955407
2000-11-11,26.76326177300759,24.59676985571017,30.66886158211203,27.48048028268491,0.05115264736039825,0.3834028924149751,23.07232218693158,22.6889192945166,26.76326177300759,24.59676985571017,30.66886158211203,27.48048028268491,0.05115264736039825,0.3834028924149751,23.07232218693158,22.6889192945166
2000-11-12,26.968213776734867,24.32293774482855,31.24515017421781,27.688878822841776,0.10073951905508163,0.42386607382762753,23.597612481022345,23.17374640719472,26.968213776734867,24.32293774482855,31.24515017421781,27.688878822841776,0.10073951905508163,0.42386607382762753,23.597612481022345,23.17374640719472
2000-11-13,27.340804741216637,24.15378042706803,32.302161218549756,28.083390296836562,0.011977168064925634,0.39725106828867346,30.16897609280885,29.771725024520165,27.340804741216637,24.15378042706803,32.302161218549756,28.083390296836562,0.011977168064925634,0.39725106828867346,30.16897609280885,29.771725024520165
2000-11-14,26.35568807440012,23.381589294412056,30.168076713860266,27.179623486719347,0.00171479347190415,0.3259604174792031,23.409169677719756,23.083209260240558,26.35568807440012,23.381589294412056,30.168076713860266,27.179623486719347,0.00171479347190415,0.3259604174792031,23.409169677719756,23.083209260240558
2000-11-15,25.871425981511482,22.887946689628514,29.883474182150348,26.526147827985167,0.04679722526646445,0.3172460531434697,22.517025247662364,22.19977919451889,25.871425981511482,22.887946689628514,29.883474182150348,26.526147827985167,0.04679722526646445,0.3172460531434697,22.517025247662364,22.19977919451889
2000-11-16,26.452266568063784,22.337893475743787,32.761266040701166,27.10468369443969,0.0,0.3383689802422117,28.159987261468313,27.82161828122611,26.452266568063784,22.337893475743787,32.761266040701166,27.10468369443969,0.0,0.3383689802422117,28.159987261468313,27.82161828122611
2000-11-17,26.855764525331697,22.810260292475093,31.6885407063859,27.577080682080616,0.0021365640350268222,0.3391062130927829,34.736422836969496,34.39731662387671,26.855764525331697,22.810260292475093,31.6885407063859,27.577080682080616,0.0021365640350268222,0.3391062130927829,34.736422836969496,34.39731662387671
2000-11-18,26.553782865079352,23.002461300185075,31.651109440270382,27.1734763748421,0.0062328044846372286,0.28478181368188143,28.159119994466494,27.87433818078463,26.553782865079352,23.002461300185075,31.651109440270382,27.1734763748421,0.0062328044846372286,0.28478181368188143,28.159119994466494,27.87433818078463
2000-11-19,26.38634274402002,23.035510219508083,30.55802382374778,27.137307295620694,0.07641228013991395,0.2714800394155601,22.620016596778328,22.348536557362767,26.38634274402002,23.035510219508083,30.55802382374778,27.137307295620694,0.07641228013991395,0.2714800394155601,22.620016596778328,22.348536557362767
2000-11-20,24.96584750103034,24.085131618799355,26.322953772200503,24.882863411584882,4.501554813848283,2.2848015572375786,13.317298764765118,11.032497207527529,24.96584750103034,24.085131618799355,26.322953772200503,24.882863411584882,4.501554813848283,2.2848015572375786,13.317298764765118,11.032497207527529
2000-11-21,23.6209200412186,22.705585203745155,25.162379547473822,23.719431221444605,4.2111463180861035,2.6916241760104214,35.392566549605824,32.70094237359539,23.6209200412186,22.705585203745155,25.162379547473822,23.719431221444605,4.2111463180861035,2.6916241760104214,35.392566549605824,32.70094237359539
2000-11-22,23.158727010449418,21.702097390696505,25.384458398231057,23.41720344245155,0.07469542389654815,0.70151291963457,47.725912092982476,47.02439917334789,23.158727010449418,21.702097390696505,25.384458398231057,23.41720344245155,0.07469542389654815,0.70151291963457,47.725912092982476,47.02439917334789
2000-11-23,23.667863199203374,20.085254371699467,28.811233071182365,24.163494703922844,0.0,0.7672800284565311,33.66937780672077,32.90209777826424,23.667863199203374,20.085254371699467,28.811233071182365,24.163494703922844,0.0,0.7672800284565311,33.66937780672077,32.90209777826424
2000-11-24,25.864138132946163,22.196370475314843,32.38657708566089,26.189641574628133,0.001846442301536202,0.6250341555058387,31.46000748140034,30.834973325894488,25.864138132946163,22.196370475314843,32.38657708566089,26.189641574628133,0.001846442301536202,0.6250341555058387,31.46000748140034,30.834973325894488
2000-11-25,25.50932339458555,23.358854349048297,28.198138645947374,26.13584133572354,1.6693545341942735,1.0721602747115124,12.527979503596656,11.455819228885138,25.50932339458555,23.358854349048297,28.198138645947374,26.13584133572354,1.6693545341942735,1.0721602747115124,12.527979503596656,11.455819228885138
2000-11-26,24.450315015836992,23.426339614185544,26.278791515085587,24.534725407242924,2.380084077061114,1.42286509287246,12.468483864568244,11.045618771695782,24.450315015836992,23.426339614185544,26.278791515085587,24.534725407242924,2.380084077061114,1.42286509287246,12.468483864568244,11.045618771695782
2000-11-27,24.313039192834868,22.629185709965025,27.04678544880593,24.565109042106805,0.15375205081376614,0.6155501178512693,26.148486217170912,25.53293609931965,24.313039192834868,22.629185709965025,27.04678544880593,24.565109042106805,0.15375205081376614,0.6155501178512693,26.148486217170912,25.53293609931965
2000-11-28,24.04753196136743,22.368622725897534,27.951543973389917,24.299065073283668,4.612064107966194,1.122487100072837,20.765766275731057,19.643279175658208,24.04753196136743,22.368622725897534,27.951543973389917,24.299065073283668,4.612064107966194,1.122487100072837,20.765766275731057,19.643279175658208
2000-11-29,23.61107861069965,21.8261354366462,27.393359625461226,23.811626812929436,2.1375403579298817,1.7343404436796932,13.7184006163628,11.984060172683105,23.61107861069965,21.8261354366462,27.393359625461226,23.811626812929436,2.1375403579298817,1.7343404436796932,13.7184006163628,11.984060172683105
2000-11-30,23.71405324829542,22.670301325987108,25.482583602039895,23.85696017874571,1.3665727512550987,1.6731404672813437,22.035553174860325,20.362412707578986,23.71405324829542,22.670301325987108,25.482583602039895,23.85696017874571,1.3665727512550987,1.6731404672813437,22.035553174860325,20.362412707578986
2000-12-01,23.900251154660577,22.026505776432504,26.2344976206823,24.100201277348177,0.8464195896532914,1.213929175021006,22.767376901293854,21.553447726272854,23.900251154660577,22.026505776432504,26.2344976206823,24.100201277348177,0.8464195896532914,1.213929175021006,22.767376901293854,21.553447726272854
2000-12-02,23.34507619887578,21.367126063890677,25.799639659315854,23.530581681924648,1.5742749196186476,1.5719084380120405,21.579737035940123,20.00782859792808,23.34507619887578,21.367126063890677,25.799639659315854,23.530581681924648,1.5742749196186476,1.5719084380120405,21.579737035940123,20.00782859792808
2000-12-03,23.48580164002946,21.78137573801153,26.412505353206676,23.776809844800542,0.4557305425353012,0.908624025225093,28.01063827390862,27.10201424868352,23.48580164002946,21.78137573801153,26.412505353206676,23.776809844800542,0.4557305425353012,0.908624025225093,28.01063827390862,27.10201424868352
2000-12-04,22.028749833796237,20.59486510843487,24.471196659487166,22.165202283932082,1.8407694298922592,1.5877728901905845,19.32056778047906,17.73279489028848,22.028749833796237,20.59486510843487,24.471196659487166,22.165202283932082,1.8407694298922592,1.5877728901905845,19.32056778047906,17.73279489028848
2000-12-05,22.29236542286418,20.951706182003488,24.13403602162056,22.534032513415873,0.4401390127075229,0.9585001340904211,32.23792737000171,31.279427235911264,22.29236542286418,20.951706182003488,24.13403602162056,22.534032513415873,0.4401390127075229,0.9585001340904211,32.23792737000171,31.279427235911264
2000-12-06,21.83520236358522,19.25027150540081,25.310333786198807,22.206131414019566,0.39488239759302374,0.948496146161042,22.89272655312047,21.944230406959424,21.83520236358522,19.25027150540081,25.310333786198807,22.206131414019566,0.39488239759302374,0.948496146161042,22.89272655312047,21.944230406959424
2000-12-07,21.835556889688807,19.184723982856294,25.349687353377973,22.050140697653518,0.853319609404534,0.9743956289332529,18.119260317089267,17.144864688156016,21.835556889688807,19.184723982856294,25.349687353377973,22.050140697653518,0.853319609404534,0.9743956289332529,18.119260317089267,17.144864688156016
2000-12-08,21.600370006375446,17.899761727478495,25.234688648467024,21.819182845417252,0.003369730431750526,0.6634627694251589,17.289611540784623,16.626148771359464,21.600370006375446,17.899761727478495,25.234688648467024,21.819182845417252,0.003369730431750526,0.6634627694251589,17.289611540784623,16.626148771359464
2000-12-09,22.03684423620657,18.524687051319553,26.329763094158608,22.463516874628052,0.0021517276422855502,0.6860374401193261,20.786897607696183,20.100860167576858,22.03684423620657,18.524687051319553,26.329763094158608,22.463516874628052,0.0021517276422855502,0.6860374401193261,20.786897607696183,20.100860167576858
2000-12-10,22.744268101952805,19.16270359922099,27.541530943168752,23.144320773977554,4.5100849277446287E-4,0.6629043934829387,23.792357554356784,23.129453160873855,22.744268101952805,19.16270359922099,27.541530943168752,23.144320773977554,4.5100849277446287E-4,0.6629043934829387,23.792357554356784,23.129453160873855
2000-12-11,23.84384221664483,20.267047901697712,29.534612423317952,24.310139001942883,4.410743663640915E-4,0.6572742614791441,28.21786743406678,27.56059317258765,23.84384221664483,20.267047901697712,29.534612423317952,24.310139001942883,4.410743663640915E-4,0.6572742614791441,28.21786743406678,27.56059317258765
2000-12-12,24.615764417622607,21.775395743869534,28.21997480617517,24.965337760148596,0.5555930125308675,0.6637477013175864,19.968314344990446,19.304566643672864,24.615764417622607,21.775395743869534,28.21997480617517,24.965337760148596,0.5555930125308675,0.6637477013175864,19.968314344990446,19.304566643672864
2000-12-13,25.007772424090344,21.61974652308145,30.09833300819943,25.478853334904176,0.039727098195359946,0.5638577564291108,19.164690323365576,18.600832566936457,25.007772424090344,21.61974652308145,30.09833300819943,25.478853334904176,0.039727098195359946,0.5638577564291108,19.164690323365576,18.600832566936457
2000-12-14,25.538507788195535,21.764411200146764,30.020810254705943,26.02023956891842,8.523463748133508E-4,0.5153798094388672,25.837538658249915,25.322158848811046,25.538507788195535,21.764411200146764,30.020810254705943,26.02023956891842,8.523463748133508E-4,0.5153798094388672,25.837538658249915,25.322158848811046
2000-12-15,25.21903240373613,22.037462360936974,29.58519504032484,25.751908441847874,0.058498395098796056,0.46151104557363015,20.83309348009974,20.371582434526122,25.21903240373613,22.037462360936974,29.58519504032484,25.751908441847874,0.058498395098796056,0.46151104557363015,20.83309348009974,20.371582434526122
2000-12-16,25.358738976290752,21.426714236537222,30.702811087097334,25.980504421383227,0.0017225741544280027,0.43921184986199907,21.67011367031787,21.23090182045587,25.358738976290752,21.426714236537222,30.702811087097334,25.980504421383227,0.0017225741544280027,0.43921184986199907,21.67011367031787,21.23090182045587
2000-12-17,24.18926909655989,22.750132391896994,26.294069851952184,24.422934633635542,0.9767321916313476,0.8400984544093105,22.562458489238477,21.722360034829162,24.18926909655989,22.750132391896994,26.294069851952184,24.422934633635542,0.9767321916313476,0.8400984544093105,22.562458489238477,21.722360034829162
2000-12-18,23.639951471595413,20.681408590361748,28.718362394509526,24.12840398434844,0.0012810707517019182,0.4181238452275062,30.43338482954755,30.015260984320033,23.639951471595413,20.681408590361748,28.718362394509526,24.12840398434844,0.0012810707517019182,0.4181238452275062,30.43338482954755,30.015260984320033
2000-12-19,22.376993148327198,20.004122057327173,25.265979420983367,22.328294033056405,3.930871222749974,2.2076614822387977,24.805263818549022,22.597602336310224,22.376993148327198,20.004122057327173,25.265979420983367,22.328294033056405,3.930871222749974,2.2076614822387977,24.805263818549022,22.597602336310224
2000-12-20,20.140174492986795,18.74732492520126,23.155728666460675,20.619529837796083,0.001133668003434667,0.5695075793936454,44.780339459144294,44.21083187975066,20.140174492986795,18.74732492520126,23.155728666460675,20.619529837796083,0.001133668003434667,0.5695075793936454,44.780339459144294,44.21083187975066
2000-12-21,20.806326375954395,17.289433195591787,26.29414632863749,21.033083943278253,0.0012814997489840607,0.4819146350587745,34.13165532847701,33.649740693418224,20.806326375954395,17.289433195591787,26.29414632863749,21.033083943278253,0.0012814997489840607,0.4819146350587745,34.13165532847701,33.649740693418224
2000-12-22,22.999124657000674,21.59356552613118,25.248605739033138,23.259368929314913,0.03961111803044731,0.40608564835906474,33.847419943302256,33.44133429494319,22.999124657000674,21.59356552613118,25.248605739033138,23.259368929314913,0.03961111803044731,0.40608564835906474,33.847419943302256,33.44133429494319
2000-12-23,22.42787907586859,20.856379173523322,25.08218925774366,22.60470149434484,0.7422143817459941,0.7420743626318331,23.237159283449213,22.495084920817376,22.42787907586859,20.856379173523322,25.08218925774366,22.60470149434484,0.7422143817459941,0.7420743626318331,23.237159283449213,22.495084920817376
2000-12-24,22.579783500571914,20.46009593075449,25.27462174864708,22.752724017807992,0.4347509894529857,0.5647611137389001,27.580908344492347,27.016147230753443,22.579783500571914,20.46009593075449,25.27462174864708,22.752724017807992,0.4347509894529857,0.5647611137389001,27.580908344492347,27.016147230753443
2000-12-25,22.945094144659205,20.3768981922844,26.756198687686055,23.23515504369216,0.14896177617272896,0.47137631925479667,26.036369140276644,25.564992821021846,22.945094144659205,20.3768981922844,26.756198687686055,23.23515504369216,0.14896177617272896,0.47137631925479667,26.036369140276644,25.564992821021846
2000-12-26,23.73961346809809,20.754446076826085,28.51352385775892,24.175048476440164,0.015321406957167173,0.38521837275153775,23.149006987235282,22.763788614483754,23.73961346809809,20.754446076826085,28.51352385775892,24.175048476440164,0.015321406957167173,0.38521837275153775,23.149006987235282,22.763788614483754
2000-12-27,24.018594052649618,20.833128181180673,28.264309043118338,24.537873656696302,0.30064889808221285,0.392783709413655,17.015118515378106,16.62233480596446,24.018594052649618,20.833128181180673,28.264309043118338,24.537873656696302,0.30064889808221285,0.392783709413655,17.015118515378106,16.62233480596446
2000-12-28,22.27757832512711,21.092201984831433,24.161565946046167,22.13275555087411,1.9834342452431803,1.2222555885567086,12.997126234967594,11.774870646410875,22.27757832512711,21.092201984831433,24.161565946046167,22.13275555087411,1.9834342452431803,1.2222555885567086,12.997126234967594,11.774870646410875
2000-12-29,20.94936909811641,19.864113745667517,23.123483593474784,21.21208910313353,0.04354265740573636,0.34892680034875934,29.32665227542001,28.977725475071264,20.94936909811641,19.864113745667517,23.123483593474784,21.21208910313353,0.04354265740573636,0.34892680034875934,29.32665227542001,28.977725475071264
2000-12-30,20.272088788095168,19.270971662488407,21.374442462444108,20.479899670487946,0.7527507360986667,0.6870377606076854,31.55185314247666,30.86481538186896,20.272088788095168,19.270971662488407,21.374442462444108,20.479899670487946,0.7527507360986667,0.6870377606076854,31.55185314247666,30.86481538186896
2000-12-31,20.200856811238545,18.552065188685678,24.00209228902599,20.554866384219842,8.52346317969932E-4,0.40118846459712465,35.473841133252876,35.07265266865576,20.200856811238545,18.552065188685678,24.00209228902599,20.554866384219842,8.52346317969932E-4,0.40118846459712465,35.473841133252876,35.07265266865576
