date,temp_surface_c,temp_bottom_c,salinity_surface_psu,salinity_bottom_psu,bottom_level_m
1995-01-01,23.101,23.078,36.407,36.407,8
1995-01-02,23.078,23.055,36.41,36.41,8
1995-01-03,23.155,23.14,36.408,36.408,8
1995-01-04,23.346,23.288,36.39,36.405,8
1995-01-05,23.303,23.277,36.362,36.364000000000004,8
1995-01-06,23.579,23.451999999999998,36.354,36.356,8
1995-01-07,23.794,23.433,36.361000000000004,36.359,8
1995-01-08,23.859,23.799,36.368,36.368,8
1995-01-09,24.091,24.066,36.356,36.357,8
1995-01-10,24.065,24.035,36.347,36.348,8
1995-01-11,23.823,23.786,36.361000000000004,36.362,8
1995-01-12,23.728,23.695,36.379000000000005,36.379000000000005,8
1995-01-13,23.823,23.805,36.399,36.399,8
1995-01-14,23.607,23.499,36.413,36.413,8
1995-01-15,23.53,23.494,36.417,36.418,8
1995-01-16,23.458,23.421,36.436,36.436,8
1995-01-17,23.352,23.307,36.447,36.448,8
1995-01-18,23.292,22.98,36.457,36.453,8
1995-01-19,23.12,22.626,36.472,36.47,8
1995-01-20,22.891,22.867,36.463,36.464,8
1995-01-21,22.849,22.813,36.474000000000004,36.475,8
1995-01-22,22.514,22.478,36.5,36.501000000000005,8
1995-01-23,22.333,22.288,36.509,36.509,8
1995-01-24,22.576999999999998,22.537,36.501000000000005,36.501999999999995,8
1995-01-25,22.567,22.54,36.498999999999995,36.5,8
1995-01-26,22.415,22.391,36.503,36.504000000000005,8
1995-01-27,22.542,22.516,36.501000000000005,36.501999999999995,8
1995-01-28,22.903,22.347,36.513999999999996,36.507999999999996,8
1995-01-29,22.764,22.294,36.524,36.522999999999996,8
1995-01-30,22.814,22.705,36.513999999999996,36.516000000000005,8
1995-01-31,22.839,22.813,36.49,36.491,8
1995-02-01,22.546,22.508,36.503,36.504000000000005,8
1995-02-02,22.444,22.395,36.510999999999996,36.510999999999996,8
1995-02-03,22.446,22.416,36.510999999999996,36.512,8
1995-02-04,22.587,22.274,36.510000000000005,36.510999999999996,8
1995-02-05,22.555,22.514,36.507999999999996,36.509,8
1995-02-06,22.297,22.251,36.519999999999996,36.521,8
1995-02-07,22.157,22.12,36.525999999999996,36.527,8
1995-02-08,21.926,21.697,36.532,36.531,8
1995-02-09,22.093,22.069,36.528999999999996,36.528999999999996,8
1995-02-10,22.233,22.201,36.531,36.532,8
1995-02-11,22.454,21.951999999999998,36.554,36.548,8
1995-02-12,22.287,22.001,36.569,36.569,8
1995-02-13,22.581,22.211,36.567,36.57,8
1995-02-14,22.908,22.451,36.563,36.562,8
1995-02-15,23.121,22.703,36.563,36.562,8
1995-02-16,23.477,22.95,36.567,36.562,8
1995-02-17,23.898,23.007,36.579,36.571,8
1995-02-18,23.444,23.414,36.577,36.578,8
1995-02-19,23.631,23.512999999999998,36.55,36.551,8
1995-02-20,23.809,23.784,36.542,36.543,8
1995-02-21,23.91,23.893,36.557,36.557,8
1995-02-22,23.729,23.692,36.577,36.578,8
1995-02-23,23.822,23.782,36.582,36.583,8
1995-02-24,23.862000000000002,23.826,36.576,36.577,8
1995-02-25,23.782,23.748,36.57,36.571,8
1995-02-26,23.596,23.559,36.585,36.587,8
1995-02-27,23.326,23.297,36.597,36.598,8
1995-02-28,23.459,23.421,36.599000000000004,36.6,8
1995-03-01,23.868,23.457,36.602000000000004,36.601,8
1995-03-02,23.954,23.931,36.598,36.598,8
1995-03-03,23.724,23.701,36.596000000000004,36.596000000000004,8
1995-03-04,23.913,23.879,36.593,36.594,8
1995-03-05,24.098,24.070999999999998,36.586,36.587,8
1995-03-06,24.211,24.176000000000002,36.592,36.592,8
1995-03-07,24.207,24.188,36.601,36.602000000000004,8
1995-03-08,25.431,23.988,36.613,36.606,8
1995-03-09,23.882,23.864,36.602000000000004,36.603,8
1995-03-10,23.341,23.295,36.591,36.592,8
1995-03-11,23.308,23.264,36.605000000000004,36.606,8
1995-03-12,23.305,23.274,36.618,36.619,8
1995-03-13,23.333,23.304000000000002,36.620000000000005,36.620999999999995,8
1995-03-14,23.321,23.302,36.620000000000005,36.620000000000005,8
1995-03-15,23.745,23.162,36.617000000000004,36.620000000000005,8
1995-03-16,23.584,23.521,36.612,36.614000000000004,8
1995-03-17,23.29,23.265,36.565,36.565,8
1995-03-18,23.447,23.409,36.569,36.569,8
1995-03-19,23.478,23.438,36.577,36.577,8
1995-03-20,23.559,23.486,36.578,36.578,8
1995-03-21,23.613,23.556,36.583,36.583,8
1995-03-22,23.818,23.748,36.595,36.594,8
1995-03-23,24.201,23.94,36.606,36.603,8
1995-03-24,24.533,24.226,36.611000000000004,36.612,8
1995-03-25,24.544,24.441,36.606,36.607,8
1995-03-26,24.596,24.515,36.604,36.604,8
1995-03-27,24.892,24.785,36.620000000000005,36.619,8
1995-03-28,25.214,25.103,36.617000000000004,36.619,8
1995-03-29,25.615000000000002,25.531,36.606,36.606,8
1995-03-30,25.674,25.594,36.603,36.604,8
1995-03-31,25.735,25.662,36.592,36.594,8
1995-04-01,25.625,25.595,36.598,36.598,8
1995-04-02,25.794,25.761,36.6,36.601,8
1995-04-03,25.746000000000002,25.705,36.585,36.586,8
1995-04-04,25.652,25.628,36.606,36.607,8
1995-04-05,26.085,25.619,36.618,36.614000000000004,8
1995-04-06,26.162,26.076,36.635999999999996,36.637,8
1995-04-07,26.101,26.049,36.588,36.59,8
1995-04-08,26.105,26.045,36.556,36.558,8
1995-04-09,26.073999999999998,25.984,36.557,36.557,8
1995-04-10,26.125,25.775,36.567,36.568,8
1995-04-11,26.619,25.972,36.585,36.574,8
1995-04-12,26.857,26.169,36.575,36.574,8
1995-04-13,27.521,26.466,36.480000000000004,36.479,8
1995-04-14,26.826,26.775,36.513999999999996,36.516000000000005,8
1995-04-15,26.841,26.794,36.453,36.455,8
1995-04-16,26.664,26.607,36.385000000000005,36.388000000000005,8
1995-04-17,26.755,26.684,36.333,36.335,8
1995-04-18,26.79,26.748,36.303,36.304,8
1995-04-19,26.783,26.543,36.307,36.301,8
1995-04-20,26.741,26.694,36.318,36.318,8
1995-04-21,27.031,26.724,36.34,36.334,8
1995-04-22,26.92,26.87,36.370000000000005,36.369,8
1995-04-23,27.203,27.139,36.385000000000005,36.385000000000005,8
1995-04-24,27.241,27.123,36.426,36.425,8
1995-04-25,27.188,27.111,36.445,36.445,8
1995-04-26,27.193,27.163,36.461,36.462,8
1995-04-27,27.342,27.292,36.483000000000004,36.483000000000004,8
1995-04-28,27.342,27.18,36.506,36.506,8
1995-04-29,27.323999999999998,27.273,36.513999999999996,36.515,8
1995-04-30,27.084,27.033,36.528,36.528999999999996,8
1995-05-01,27.089,27.03,36.538,36.539,8
1995-05-02,27.036,26.897,36.544,36.544,8
1995-05-03,27.166,27.03,36.546,36.546,8
1995-05-04,27.228,27.148,36.548,36.548,8
1995-05-05,27.718,27.467,36.559,36.554,8
1995-05-06,27.798000000000002,27.768,36.551,36.551,8
1995-05-07,27.775,27.741,36.549,36.55,8
1995-05-08,27.755,27.72,36.549,36.55,8
1995-05-09,28.09,28.015,36.563,36.564,8
1995-05-10,28.231,27.981,36.565,36.565,8
1995-05-11,28.389,28.204,36.556,36.557,8
1995-05-12,28.314,28.221,36.547,36.547,8
1995-05-13,28.32,28.081,36.54,36.539,8
1995-05-14,28.271,28.189999999999998,36.552,36.55,8
1995-05-15,28.546,27.959,36.573,36.563,8
1995-05-16,28.177,28.149,36.563,36.565,8
1995-05-17,28.043,28.009,36.563,36.564,8
1995-05-18,27.921,27.813,36.586,36.583,8
1995-05-19,27.796,27.726,36.632000000000005,36.632000000000005,8
1995-05-20,27.97,27.578,36.607,36.609,8
1995-05-21,28.101,28.046,36.565,36.567,8
1995-05-22,28.034,27.991,36.516999999999996,36.518,8
1995-05-23,28.034,28.002000000000002,36.522999999999996,36.524,8
1995-05-24,28.1,28.061,36.546,36.548,8
1995-05-25,28.076999999999998,28.029,36.541,36.543,8
1995-05-26,28.061999999999998,28.014,36.532,36.533,8
1995-05-27,28.128999999999998,28.091,36.54,36.54,8
1995-05-28,28.456,28.413,36.546,36.547,8
1995-05-29,28.405,28.371000000000002,36.548,36.549,8
1995-05-30,27.894,27.859,36.54,36.541,8
1995-05-31,27.845,27.808,36.53,36.532,8
1995-06-01,27.851,27.807000000000002,36.527,36.527,8
1995-06-02,28.166,28.125,36.527,36.528,8
1995-06-03,28.475,28.371000000000002,36.521,36.521,8
1995-06-04,28.547,28.503999999999998,36.506,36.507000000000005,8
1995-06-05,28.738,28.609,36.503,36.504999999999995,8
1995-06-06,28.872999999999998,28.706,36.503,36.503,8
1995-06-07,29.192999999999998,28.641,36.507000000000005,36.504000000000005,8
1995-06-08,29.271,28.811999999999998,36.513000000000005,36.504999999999995,8
1995-06-09,29.130000000000003,29.082,36.513000000000005,36.513999999999996,8
1995-06-10,29.224,29.174,36.507999999999996,36.509,8
1995-06-11,29.108,29.069000000000003,36.506,36.507999999999996,8
1995-06-12,28.984,28.938000000000002,36.507999999999996,36.509,8
1995-06-13,29.384999999999998,28.570999999999998,36.486000000000004,36.474000000000004,8
1995-06-14,28.875,28.819000000000003,36.475,36.476,8
1995-06-15,28.595,28.54,36.481,36.483000000000004,8
1995-06-16,27.871000000000002,27.839,36.498999999999995,36.5,8
1995-06-17,27.879,27.852,36.5,36.501000000000005,8
1995-06-18,28.208,28.164,36.493,36.493,8
1995-06-19,28.386000000000003,28.296,36.498999999999995,36.497,8
1995-06-20,28.64,28.587,36.498000000000005,36.498999999999995,8
1995-06-21,28.903,28.856,36.498999999999995,36.5,8
1995-06-22,29.094,29.036,36.509,36.510999999999996,8
1995-06-23,28.982,28.939999999999998,36.513999999999996,36.515,8
1995-06-24,29.436,28.808,36.507000000000005,36.501999999999995,8
1995-06-25,29.4,29.072000000000003,36.512,36.504000000000005,8
1995-06-26,29.436999999999998,29.148,36.463,36.507999999999996,8
1995-06-27,29.579,29.087,36.465,36.453,8
1995-06-28,29.167,29.137999999999998,36.476,36.477000000000004,8
1995-06-29,29.012999999999998,28.972,36.484,36.485,8
1995-06-30,28.747,28.703,36.480000000000004,36.481,8
1995-07-01,28.519,28.476,36.481,36.482,8
1995-07-02,28.535,28.497999999999998,36.473,36.474000000000004,8
1995-07-03,28.719,28.673000000000002,36.472,36.472,8
1995-07-04,28.65,28.48,36.484,36.481,8
1995-07-05,28.923000000000002,28.322000000000003,36.513999999999996,36.49,8
1995-07-06,28.205,28.176000000000002,36.509,36.510000000000005,8
1995-07-07,28.175,28.141,36.482,36.483000000000004,8
1995-07-08,28.587,28.412,36.480000000000004,36.475,8
1995-07-09,28.759,28.714,36.49,36.49,8
1995-07-10,28.538,28.490000000000002,36.472,36.472,8
1995-07-11,28.65,28.404,36.441,36.446,8
1995-07-12,28.641,28.59,36.426,36.426,8
1995-07-13,28.488,28.442,36.403999999999996,36.405,8
1995-07-14,28.009,27.945,36.393,36.394000000000005,8
1995-07-15,28.509999999999998,28.067999999999998,36.388000000000005,36.382999999999996,8
1995-07-16,28.614,28.176000000000002,36.382999999999996,36.379999999999995,8
1995-07-17,29.209,28.561999999999998,36.379000000000005,36.376999999999995,8
1995-07-18,29.417,29.124000000000002,36.373000000000005,36.373000000000005,8
1995-07-19,29.682000000000002,29.438000000000002,36.379999999999995,36.376000000000005,8
1995-07-20,29.619,29.387999999999998,36.384,36.379999999999995,8
1995-07-21,29.406,29.34,36.376999999999995,36.378,8
1995-07-22,29.343,29.288,36.372,36.373000000000005,8
1995-07-23,29.259999999999998,29.21,36.364000000000004,36.365,8
1995-07-24,29.534,29.47,36.354,36.354,8
1995-07-25,28.849,28.825000000000003,36.353,36.354,8
1995-07-26,28.681,28.642,36.328,36.326,8
1995-07-27,28.931,28.887,36.31,36.309,8
1995-07-28,29.284,28.901,36.31,36.308,8
1995-07-29,29.424,29.012,36.319,36.312,8
1995-07-30,29.156,29.101,36.324,36.324,8
1995-07-31,29.47,29.0,36.339,36.331,8
1995-08-01,29.490000000000002,29.438000000000002,36.33,36.332,8
1995-08-02,29.516,29.472,36.326,36.327,8
1995-08-03,29.692999999999998,29.648,36.334,36.333,8
1995-08-04,30.439999999999998,29.250999999999998,36.298,36.341,8
1995-08-05,30.085,29.359,36.282,36.342,8
1995-08-06,29.695,29.509999999999998,36.342,36.338,8
1995-08-07,29.352,29.297,36.324,36.325,8
1995-08-08,29.058,29.009,36.286,36.287,8
1995-08-09,30.474,28.89,35.730000000000004,36.256,8
1995-08-10,29.35,28.992,36.106,36.138000000000005,8
1995-08-11,29.806,29.014,36.006,36.103,8
1995-08-12,29.467,29.244,36.086,36.082,8
1995-08-13,28.991,28.951,36.113,36.113,8
1995-08-14,28.767,28.717,36.144999999999996,36.146,8
1995-08-15,28.672,28.631,36.179,36.179,8
1995-08-16,28.53,28.488,36.199,36.199,8
1995-08-17,28.645,28.585,36.231,36.231,8
1995-08-18,29.114,28.481,36.265,36.248000000000005,8
1995-08-19,28.619,28.536,36.268,36.260999999999996,8
1995-08-20,28.950000000000003,28.902,36.271,36.272000000000006,8
1995-08-21,29.267,29.179000000000002,36.294,36.293,8
1995-08-22,29.239,29.046,36.306,36.303,8
1995-08-23,29.142,28.942999999999998,36.317,36.315,8
1995-08-24,29.795,29.552,36.328,36.325,8
1995-08-25,30.214,29.894,36.339,36.335,8
1995-08-26,30.965,29.825000000000003,36.345,36.34,8
1995-08-27,29.925,29.874000000000002,36.356,36.355000000000004,8
1995-08-28,29.872999999999998,29.820999999999998,36.361000000000004,36.361000000000004,8
1995-08-29,29.683,29.642,36.370000000000005,36.370999999999995,8
1995-08-30,29.294,29.249000000000002,36.365,36.366,8
1995-08-31,29.549,29.489,36.368,36.369,8
1995-09-01,29.622999999999998,29.274,36.372,36.368,8
1995-09-02,30.1,29.006999999999998,36.373000000000005,36.366,8
1995-09-03,29.408,29.262,36.366,36.366,8
1995-09-04,29.11,29.086,36.365,36.366,8
1995-09-05,29.184,28.974,36.349000000000004,36.363,8
1995-09-06,30.106,28.954,36.150999999999996,36.275,8
1995-09-07,29.329,29.222,36.25,36.248000000000005,8
1995-09-08,29.162,28.904,36.263999999999996,36.260999999999996,8
1995-09-09,29.674,28.851,36.29,36.278,8
1995-09-10,29.526,29.345,36.299,36.293,8
1995-09-11,29.352,29.319000000000003,36.309,36.31,8
1995-09-12,29.526,28.962,36.304,36.31,8
1995-09-13,29.365000000000002,29.285,36.318,36.317,8
1995-09-14,29.506999999999998,29.456,36.324,36.325,8
1995-09-15,29.585,29.528,36.333,36.333,8
1995-09-16,29.615000000000002,29.572000000000003,36.328,36.329,8
1995-09-17,29.560000000000002,29.261000000000003,36.343,36.337,8
1995-09-18,29.695999999999998,29.634999999999998,36.349000000000004,36.349000000000004,8
1995-09-19,29.768,29.72,36.356,36.357,8
1995-09-20,29.642,29.531,36.359,36.359,8
1995-09-21,29.736,29.686,36.364000000000004,36.365,8
1995-09-22,29.799,29.743000000000002,36.359,36.358000000000004,8
1995-09-23,29.996000000000002,29.451,36.332,36.341,8
1995-09-24,29.93,29.453,36.327,36.329,8
1995-09-25,30.172,29.459,36.315,36.333,8
1995-09-26,29.950000000000003,29.398,36.348,36.343,8
1995-09-27,29.628999999999998,29.591,36.358000000000004,36.358000000000004,8
1995-09-28,29.448999999999998,29.419,36.278,36.272999999999996,8
1995-09-29,29.464,29.429000000000002,36.153999999999996,36.15,8
1995-09-30,29.614,29.279,36.03,36.036,8
1995-10-01,29.524,29.320999999999998,35.988,36.010000000000005,8
1995-10-02,28.733,28.721,35.761,35.76,8
1995-10-03,27.719,27.708,35.51,35.511,8
1995-10-04,27.155,27.173000000000002,34.551,34.586,8
1995-10-05,27.469,27.429000000000002,34.44,34.44,8
1995-10-06,27.564,27.248,34.482,34.442,8
1995-10-07,27.045,27.009,34.612,34.608000000000004,8
1995-10-08,26.673000000000002,26.64,34.593,34.59,8
1995-10-09,26.254,26.218,34.661,34.655,8
1995-10-10,26.832,26.796,34.792,34.787,8
1995-10-11,26.997,26.984,35.039,35.031,8
1995-10-12,26.485,26.471,34.966,34.969,8
1995-10-13,26.087,26.076999999999998,34.952,34.964,8
1995-10-14,26.282,25.945999999999998,34.778999999999996,34.897999999999996,8
1995-10-15,26.037,26.026,34.518,34.525,8
1995-10-16,25.831,25.810000000000002,34.439,34.434,8
1995-10-17,25.681,25.661,34.891999999999996,34.891999999999996,8
1995-10-18,25.414,25.236,34.334,34.376,8
1995-10-19,26.45,25.315,33.821,33.966,8
1995-10-20,27.097,26.153,34.028,34.067,8
1995-10-21,26.544,26.512999999999998,34.363,34.36,8
1995-10-22,26.462,26.427,34.956,34.953,8
1995-10-23,26.478,26.448999999999998,35.093,35.092,8
1995-10-24,27.106,26.565,35.085,35.118,8
1995-10-25,27.016,26.98,35.187,35.184,8
1995-10-26,27.320999999999998,27.115000000000002,35.304,35.303,8
1995-10-27,27.783,27.275,35.382,35.38,8
1995-10-28,28.272,27.565,35.394999999999996,35.416,8
1995-10-29,27.909,27.843,35.444,35.443,8
1995-10-30,27.877,27.843,35.511,35.512,8
1995-10-31,27.901,27.735,35.514,35.522,8
1995-11-01,28.274,27.701,35.522,35.536,8
1995-11-02,28.117,27.73,35.534,35.545,8
1995-11-03,27.990000000000002,27.72,35.567,35.569,8
1995-11-04,28.032,27.695999999999998,35.594,35.596000000000004,8
1995-11-05,27.932000000000002,27.902,35.653999999999996,35.653,8
1995-11-06,27.858,27.829,35.71,35.711,8
1995-11-07,27.902,27.825,35.732,35.735,8
1995-11-08,28.356,27.740000000000002,35.735,35.744,8
1995-11-09,27.945,27.797,35.755,35.748000000000005,8
1995-11-10,27.87,27.814,35.78,35.78,8
1995-11-11,28.054000000000002,27.614,35.794,35.801,8
1995-11-12,27.884,27.567,35.815,35.814,8
1995-11-13,27.564,27.528,35.874,35.867000000000004,8
1995-11-14,27.222,27.2,35.881,35.881,8
1995-11-15,27.091,27.055,35.924,35.925,8
1995-11-16,27.092,27.056,36.004999999999995,36.006,8
1995-11-17,26.762,26.732,36.098,36.098,8
1995-11-18,26.363,26.338,36.17,36.171,8
1995-11-19,26.132,26.060000000000002,36.194,36.193,8
1995-11-20,26.127,26.073,36.197,36.197,8
1995-11-21,26.156,26.042,36.214,36.21,8
1995-11-22,26.183,26.147,36.239000000000004,36.24,8
1995-11-23,25.769,25.741,36.254000000000005,36.254999999999995,8
1995-11-24,25.721,25.687,36.272000000000006,36.272999999999996,8
1995-11-25,25.615000000000002,25.576999999999998,36.283,36.284,8
1995-11-26,25.29,25.253,36.295,36.297,8
1995-11-27,24.839,24.814,36.314,36.315,8
1995-11-28,24.633,24.512999999999998,36.339,36.328,8
1995-11-29,24.837,24.397,36.344,36.342,8
1995-11-30,24.916,24.859,36.32,36.321,8
1995-12-01,25.155,25.129,36.314,36.314,8
1995-12-02,25.179000000000002,25.158,36.325,36.325,8
1995-12-03,25.238,25.195999999999998,36.331,36.331,8
1995-12-04,25.292,25.211,36.335,36.334,8
1995-12-05,25.320999999999998,25.294,36.338,36.338,8
1995-12-06,25.104,25.073999999999998,36.342,36.343,8
1995-12-07,24.835,24.793,36.347,36.347,8
1995-12-08,24.811,24.663,36.352000000000004,36.349000000000004,8
1995-12-09,24.898,24.598,36.356,36.352000000000004,8
1995-12-10,24.915,24.686,36.36,36.359,8
1995-12-11,24.738,24.714,36.328,36.329,8
1995-12-12,24.09,24.063,36.344,36.345,8
1995-12-13,24.029,24.006,36.341,36.341,8
1995-12-14,24.258,24.227,36.343,36.343,8
1995-12-15,24.34,24.312,36.336,36.336,8
1995-12-16,24.265,24.243000000000002,36.327,36.327,8
1995-12-17,24.35,24.195,36.327,36.327,8
1995-12-18,24.395,24.247,36.327,36.327,8
1995-12-19,25.468,24.812,36.318,36.33,8
1995-12-20,24.98,24.944,36.324,36.324,8
1995-12-21,24.762,24.741,36.335,36.335,8
1995-12-22,24.44,24.41,36.337,36.337,8
1995-12-23,24.296,24.269,36.334,36.333,8
1995-12-24,24.114,24.088,36.329,36.33,8
1995-12-25,23.848,23.824,36.338,36.338,8
1995-12-26,23.59,23.569,36.354,36.354,8
1995-12-27,23.4,23.383,36.365,36.364000000000004,8
1995-12-28,23.057,23.086,36.237,36.263999999999996,8
1995-12-29,22.686,22.664,36.122,36.119,8
1995-12-30,22.693,22.668,36.164,36.163,8
1995-12-31,23.168,23.128,36.188,36.188,8
1996-01-01,23.364,23.139,36.188,36.184,8
1996-01-02,23.523,23.44,36.183,36.183,8
1996-01-03,23.771,23.742,36.191,36.191,8
1996-01-04,23.677,23.64,36.209,36.209,8
1996-01-05,23.243,23.21,36.219,36.22,8
1996-01-06,22.848,22.836,36.209,36.209,8
1996-01-07,23.352,22.809,36.212,36.208,8
1996-01-08,22.869,22.843,36.205,36.205,8
1996-01-09,22.13,22.098,36.227000000000004,36.228,8
1996-01-10,21.893,21.869,36.223,36.221000000000004,8
1996-01-11,21.789,21.775,36.233000000000004,36.233000000000004,8
1996-01-12,21.758,21.64,36.237,36.234,8
1996-01-13,21.656,21.615,36.242000000000004,36.242000000000004,8
1996-01-14,21.514,21.401,36.260000000000005,36.256,8
1996-01-15,21.27,21.076,36.272999999999996,36.266999999999996,8
1996-01-16,21.048000000000002,21.008,36.272000000000006,36.272000000000006,8
1996-01-17,21.097,21.072,36.281,36.281,8
1996-01-18,21.971,21.054,36.302,36.294,8
1996-01-19,21.322,21.036,36.299,36.299,8
1996-01-20,21.008,20.976,36.326,36.327,8
1996-01-21,20.88,20.851,36.346000000000004,36.346000000000004,8
1996-01-22,21.323,21.308,36.346000000000004,36.346000000000004,8
1996-01-23,21.561,21.543,36.341,36.341,8
1996-01-24,22.11,21.592,36.342,36.34,8
1996-01-25,21.966,21.779,36.345,36.345,8
1996-01-26,22.352,22.319,36.341,36.341,8
1996-01-27,22.81,22.445,36.345,36.343,8
1996-01-28,22.666,22.647,36.351,36.352000000000004,8
1996-01-29,22.683,22.664,36.355000000000004,36.356,8
1996-01-30,22.727,22.695,36.365,36.365,8
1996-01-31,23.104,22.871,36.376999999999995,36.373000000000005,8
1996-02-01,23.296,23.09,36.388000000000005,36.385999999999996,8
1996-02-02,23.62,23.273,36.399,36.394000000000005,8
1996-02-03,23.576,23.54,36.409,36.409,8
1996-02-04,23.144,23.123,36.403,36.403999999999996,8
1996-02-05,22.597,22.568,36.416,36.417,8
1996-02-06,21.749,21.722,36.442,36.442,8
1996-02-07,21.465,21.436,36.456,36.457,8
1996-02-08,,,,,
1996-02-09,21.428,21.403,36.463,36.463,8
1996-02-10,21.247,21.221,36.467,36.467,8
1996-02-11,21.356,21.326999999999998,36.467,36.467,8
1996-02-12,21.763,21.726,36.469,36.47,8
1996-02-13,22.072,22.042,36.471000000000004,36.472,8
1996-02-14,21.853,21.81,36.480000000000004,36.481,8
1996-02-15,21.995,21.68,36.492000000000004,36.487,8
1996-02-16,22.03,21.824,36.503,36.501999999999995,8
1996-02-17,22.186,22.159,36.5,36.501000000000005,8
1996-02-18,22.016,21.972,36.510999999999996,36.512,8
1996-02-19,21.74,21.709,36.527,36.528,8
1996-02-20,22.152,21.453,36.55,36.546,8
1996-02-21,22.096,21.866,36.555,36.556,8
1996-02-22,22.578,22.175,36.552,36.552,8
1996-02-23,22.823,22.596,36.55,36.55,8
1996-02-24,23.033,22.828,36.559,36.559,8
1996-02-25,23.215,23.188,36.555,36.555,8
1996-02-26,23.240000000000002,23.208,36.556,36.556,8
1996-02-27,23.887,23.08,36.579,36.568,8
1996-02-28,24.258,23.399,36.589,36.578,8
1996-02-29,23.902,23.701999999999998,36.59,36.589,8
1996-03-01,24.287,23.918,36.592,36.588,8
1996-03-02,24.169,24.134999999999998,36.6,36.6,8
1996-03-03,23.799,23.773,36.602000000000004,36.603,8
1996-03-04,23.701,23.682,36.588,36.588,8
1996-03-05,23.843,23.824,36.562,36.562,8
1996-03-06,24.402,24.323,36.569,36.568,8
1996-03-07,24.955,24.627,36.581,36.578,8
1996-03-08,25.057000000000002,25.036,36.593,36.593,8
1996-03-09,24.227,24.198999999999998,36.543,36.545,8
1996-03-10,23.325,23.288,36.551,36.552,8
1996-03-11,22.996,22.942,36.559,36.561,8
1996-03-12,22.233,22.21,36.559,36.56,8
1996-03-13,22.19,22.135,36.564,36.565,8
1996-03-14,21.892,21.851,36.572,36.572,8
1996-03-15,21.686,21.662,36.58,36.581,8
1996-03-16,22.041,21.791,36.578,36.578,8
1996-03-17,23.172,22.179,36.582,36.576,8
1996-03-18,22.676000000000002,22.55,36.599000000000004,36.599000000000004,8
1996-03-19,22.889,22.69,36.612,36.613,8
1996-03-20,22.879,22.835,36.59,36.591,8
1996-03-21,22.51,22.467,36.571,36.572,8
1996-03-22,22.282,22.23,36.586,36.587,8
1996-03-23,22.3,22.249,36.601,36.603,8
1996-03-24,22.246,22.218,36.612,36.612,8
1996-03-25,22.271,22.196,36.634,36.632999999999996,8
1996-03-26,22.724,22.559,36.620000000000005,36.618,8
1996-03-27,22.987000000000002,22.749,36.599000000000004,36.598,8
1996-03-28,23.331,23.207,36.607,36.61,8
1996-03-29,24.014,23.625,36.579,36.583,8
1996-03-30,24.269,24.166,36.56,36.561,8
1996-03-31,24.506999999999998,24.285,36.565,36.565,8
1996-04-01,24.804000000000002,24.749,36.577,36.577,8
1996-04-02,24.404,24.375,36.566,36.568,8
1996-04-03,24.148,24.104,36.564,36.565,8
1996-04-04,24.285,24.246000000000002,36.578,36.579,8
1996-04-05,24.575,24.535,36.578,36.579,8
1996-04-06,24.794,24.777,36.559,36.56,8
1996-04-07,24.947,24.922,36.565,36.566,8
1996-04-08,25.0,24.956,36.54,36.543,8
1996-04-09,25.312,25.125,36.541,36.543,8
1996-04-10,25.273,25.261,36.501999999999995,36.504000000000005,8
1996-04-11,25.225,25.184,36.504000000000005,36.504999999999995,8
1996-04-12,25.392,25.359,36.519000000000005,36.519999999999996,8
1996-04-13,25.35,25.304000000000002,36.525,36.525999999999996,8
1996-04-14,25.663,25.502,36.515,36.515,8
1996-04-15,25.732,25.685000000000002,36.489000000000004,36.49,8
1996-04-16,25.567,25.547,36.481,36.482,8
1996-04-17,25.539,25.498,36.478,36.479,8
1996-04-18,25.576999999999998,25.535,36.480000000000004,36.479,8
1996-04-19,25.864,25.828,36.493,36.494,8
1996-04-20,26.125,26.086,36.478,36.479,8
1996-04-21,26.281,26.244,36.472,36.472,8
1996-04-22,26.366,26.339,36.480000000000004,36.481,8
1996-04-23,26.346,26.277,36.486000000000004,36.485,8
1996-04-24,26.311,26.281,36.481,36.478,8
1996-04-25,26.749000000000002,26.649,36.424,36.425,8
1996-04-26,27.001,26.59,36.435,36.424,8
1996-04-27,26.797,26.751,36.454,36.455,8
1996-04-28,26.636,26.595,36.443,36.444,8
1996-04-29,26.754,26.727,36.438,36.439,8
1996-04-30,27.05,26.509999999999998,36.454,36.447,8
1996-05-01,26.707,26.679000000000002,36.444,36.445,8
1996-05-02,26.537,26.465,36.448,36.449,8
1996-05-03,26.559,26.514,36.46,36.461,8
1996-05-04,26.615000000000002,26.568,36.46,36.461,8
1996-05-05,26.509,26.482,36.437,36.438,8
1996-05-06,26.792,26.749000000000002,36.414,36.415,8
1996-05-07,26.931,26.893,36.407,36.409,8
1996-05-08,27.054000000000002,27.012,36.408,36.409,8
1996-05-09,27.124000000000002,27.09,36.425,36.426,8
1996-05-10,27.057000000000002,27.034,36.437,36.436,8
1996-05-11,27.162,27.121000000000002,36.408,36.408,8
1996-05-12,27.201,27.156,36.408,36.409,8
1996-05-13,27.294,27.244,36.409,36.411,8
1996-05-14,27.112000000000002,27.061,36.421,36.422,8
1996-05-15,26.943,26.899,36.424,36.425,8
1996-05-16,26.762999999999998,26.723,36.425,36.425,8
1996-05-17,27.073,26.991,36.426,36.425,8
1996-05-18,27.22,27.186,36.427,36.427,8
1996-05-19,27.302,27.259,36.421,36.421,8
1996-05-20,27.472,27.428,36.419,36.421,8
1996-05-21,27.391,27.337,36.415,36.416,8
1996-05-22,28.158,27.283,36.429,36.412,8
1996-05-23,27.661,27.473,36.421,36.42,8
1996-05-24,27.673000000000002,27.584,36.43,36.429,8
1996-05-25,27.681,27.636,36.444,36.443,8
1996-05-26,27.672,27.64,36.472,36.472,8
1996-05-27,27.787,27.749000000000002,36.484,36.485,8
1996-05-28,28.304000000000002,27.692,36.501999999999995,36.484,8
1996-05-29,28.152,27.745,36.501999999999995,36.494,8
1996-05-30,27.994,27.963,36.493,36.493,8
1996-05-31,27.965,27.925,36.484,36.486000000000004,8
1996-06-01,28.025,27.985,36.5,36.501000000000005,8
1996-06-02,27.692,27.654,36.510999999999996,36.510999999999996,8
1996-06-03,27.3,27.253,36.504000000000005,36.504999999999995,8
1996-06-04,27.137999999999998,27.093,36.487,36.489000000000004,8
1996-06-05,27.36,27.295,36.483000000000004,36.484,8
1996-06-06,27.57,27.519,36.488,36.488,8
1996-06-07,28.614,27.606,36.4,36.436,8
1996-06-08,27.898,27.82,36.426,36.426,8
1996-06-09,27.978,27.654,36.426,36.423,8
1996-06-10,28.024,27.892,36.419,36.419,8
1996-06-11,28.328,27.887999999999998,36.411,36.408,8
1996-06-12,28.762,27.743000000000002,36.382999999999996,36.397000000000006,8
1996-06-13,27.812,27.779,36.367000000000004,36.368,8
1996-06-14,28.023,27.589,36.353,36.348,8
1996-06-15,27.968,27.929000000000002,36.343,36.343,8
1996-06-16,28.211,28.164,36.328,36.329,8
1996-06-17,28.245,28.191000000000003,36.329,36.329,8
1996-06-18,28.506,28.331,36.33,36.329,8
1996-06-19,29.081,27.935000000000002,36.32,36.33,8
1996-06-20,28.351,28.060000000000002,36.328,36.33,8
1996-06-21,28.938000000000002,28.11,36.335,36.328,8
1996-06-22,28.899,28.243000000000002,36.359,36.338,8
1996-06-23,28.506999999999998,28.358,36.348,36.345,8
1996-06-24,28.402,28.14,36.353,36.348,8
1996-06-25,28.36,28.333,36.354,36.355000000000004,8
1996-06-26,28.791,28.042,36.352000000000004,36.358000000000004,8
1996-06-27,28.37,28.343,36.361000000000004,36.362,8
1996-06-28,28.291,28.253,36.368,36.369,8
1996-06-29,28.364,28.323,36.373999999999995,36.376000000000005,8
1996-06-30,28.564,28.52,36.381,36.382999999999996,8
1996-07-01,28.429000000000002,28.374000000000002,36.379999999999995,36.381,8
1996-07-02,28.283,27.695,36.361000000000004,36.372,8
1996-07-03,27.998,27.953,36.375,36.375,8
1996-07-04,28.182000000000002,28.096,36.373999999999995,36.373999999999995,8
1996-07-05,28.603,28.542,36.381,36.379999999999995,8
1996-07-06,29.234,28.457,36.355000000000004,36.382000000000005,8
1996-07-07,29.5,28.604,36.344,36.373000000000005,8
1996-07-08,29.035,28.893,36.381,36.379999999999995,8
1996-07-09,29.008000000000003,28.935000000000002,36.403,36.403,8
1996-07-10,28.535,28.489,36.411,36.412,8
1996-07-11,28.205,28.176000000000002,36.403,36.403999999999996,8
1996-07-12,28.493000000000002,28.406,36.4,36.400999999999996,8
1996-07-13,28.651,28.503999999999998,36.405,36.403999999999996,8
1996-07-14,28.085,28.054000000000002,36.399,36.388999999999996,8
1996-07-15,28.208,27.725,36.369,36.361000000000004,8
1996-07-16,28.131,28.046,36.379000000000005,36.376999999999995,8
1996-07-17,28.188000000000002,27.541,36.370000000000005,36.375,8
1996-07-18,28.033,27.98,36.369,36.368,8
1996-07-19,27.776,27.743000000000002,36.370999999999995,36.372,8
1996-07-20,27.312,27.278,36.382000000000005,36.382000000000005,8
1996-07-21,27.669,27.585,36.388999999999996,36.388999999999996,8
1996-07-22,28.044,28.012,36.388999999999996,36.39,8
1996-07-23,28.194000000000003,28.159,36.385999999999996,36.387,8
1996-07-24,28.353,28.269,36.385000000000005,36.385000000000005,8
1996-07-25,28.069000000000003,28.019,36.379000000000005,36.379999999999995,8
1996-07-26,27.86,27.838,36.379999999999995,36.379999999999995,8
1996-07-27,28.339,28.249000000000002,36.370000000000005,36.370000000000005,8
1996-07-28,27.927,27.896,36.376000000000005,36.376999999999995,8
1996-07-29,27.011,26.92,36.382000000000005,36.379999999999995,8
1996-07-30,26.845,26.818,36.384,36.384,8
1996-07-31,27.313,27.267,36.393,36.393,8
1996-08-01,27.458,27.204,36.391000000000005,36.39,8
1996-08-02,28.102,28.047,36.382000000000005,36.384,8
1996-08-03,27.992,27.933,36.388000000000005,36.388000000000005,8
1996-08-04,28.022,27.97,36.388000000000005,36.388000000000005,8
1996-08-05,27.989,27.951,36.39,36.391000000000005,8
1996-08-06,27.996000000000002,27.945999999999998,36.370999999999995,36.370999999999995,8
1996-08-07,28.354,27.208,36.344,36.365,8
1996-08-08,27.899,27.348,36.342,36.348,8
1996-08-09,27.862000000000002,27.828,36.321,36.32,8
1996-08-10,28.134,28.094,36.339,36.339,8
1996-08-11,28.358,28.320999999999998,36.343,36.344,8
1996-08-12,28.314999999999998,28.262999999999998,36.321,36.322,8
1996-08-13,28.328,28.28,36.328,36.328,8
1996-08-14,28.311999999999998,28.271,36.327,36.328,8
1996-08-15,28.366,28.323999999999998,36.325,36.326,8
1996-08-16,28.666,28.182000000000002,36.335,36.326,8
1996-08-17,28.515,28.472,36.342,36.343,8
1996-08-18,28.558,28.506999999999998,36.353,36.353,8
1996-08-19,28.698,28.644,36.367000000000004,36.367000000000004,8
1996-08-20,28.887,28.784,36.356,36.361000000000004,8
1996-08-21,28.644,28.614,36.341,36.342,8
1996-08-22,28.274,28.231,36.36,36.361000000000004,8
1996-08-23,28.044,28.012999999999998,36.39,36.388999999999996,8
1996-08-24,27.924,27.884,36.394999999999996,36.394000000000005,8
1996-08-25,27.797,27.746000000000002,36.402,36.402,8
1996-08-26,27.512999999999998,27.161,36.388999999999996,36.387,8
1996-08-27,27.595,27.382,36.370999999999995,36.369,8
1996-08-28,27.533,27.416,36.358000000000004,36.358000000000004,8
1996-08-29,27.826,27.789,36.362,36.363,8
1996-08-30,27.78,27.741,36.365,36.366,8
1996-08-31,27.931,27.68,36.361000000000004,36.359,8
1996-09-01,28.34,27.906,36.365,36.363,8
1996-09-02,28.229,27.728,36.370999999999995,36.366,8
1996-09-03,27.893,27.828,36.373999999999995,36.375,8
1996-09-04,27.694,27.647,36.379999999999995,36.381,8
1996-09-05,27.816,27.671,36.385999999999996,36.385000000000005,8
1996-09-06,28.094,27.958,36.39,36.388999999999996,8
1996-09-07,28.219,28.191000000000003,36.403,36.403999999999996,8
1996-09-08,28.403,28.261000000000003,36.394000000000005,36.393,8
1996-09-09,,,,,
1996-09-10,,,,,
1996-09-11,,,,,
1996-09-12,,,,,
1996-09-13,,,,,
1996-09-14,,,,,
1996-09-15,,,,,
1996-09-16,,,,,
1996-09-17,,,,,
1996-09-18,,,,,
1996-09-19,28.585,28.551000000000002,36.352000000000004,36.353,8
1996-09-20,28.740000000000002,28.683,36.349000000000004,36.349000000000004,8
1996-09-21,,,,,
1996-09-22,,,,,
1996-09-23,,,,,
1996-09-24,,,,,
1996-09-25,,,,,
1996-09-26,,,,,
1996-09-27,,,,,
1996-09-28,,,,,
1996-09-29,,,,,
1996-09-30,,,,,
1996-10-01,,,,,
1996-10-02,,,,,
1996-10-03,,,,,
1996-10-04,,,,,
1996-10-05,29.564999999999998,28.644,35.979,36.216,8
1996-10-06,,,,,
1996-10-07,,,,,
1996-10-08,,,,,
1996-10-09,,,,,
1996-10-10,,,,,
1996-10-11,,,,,
1996-10-12,,,,,
1996-10-13,,,,,
1996-10-14,27.276,27.245,36.14,36.138999999999996,8
1996-10-15,27.019,26.988,36.152,36.153,8
1996-10-16,27.12,26.909,36.147999999999996,36.147000000000006,8
1996-10-17,27.179000000000002,26.992,36.143,36.14,8
1996-10-18,27.365000000000002,27.332,36.157,36.157,8
1996-10-19,27.514,27.481,36.185,36.185,8
1996-10-20,27.378,27.341,36.21,36.211,8
1996-10-21,27.191,27.136,36.245000000000005,36.244,8
1996-10-22,27.101,27.060000000000002,36.275,36.275,8
1996-10-23,27.137999999999998,26.918,36.302,36.297,8
1996-10-24,27.115000000000002,27.075,36.309,36.309,8
1996-10-25,27.224,27.073999999999998,36.278,36.287,8
1996-10-26,27.412,27.163,36.29,36.287,8
1996-10-27,27.325,27.305,36.304,36.305,8
1996-10-28,27.059,27.042,36.329,36.33,8
1996-10-29,27.317,27.288,36.363,36.364000000000004,8
1996-10-30,27.164,27.137999999999998,36.39,36.391000000000005,8
1996-10-31,27.07,27.042,36.394999999999996,36.396,8
1996-11-01,27.142,27.111,36.393,36.394000000000005,8
1996-11-02,27.153,27.128,36.394000000000005,36.394999999999996,8
1996-11-03,26.839,26.820999999999998,36.363,36.364000000000004,8
1996-11-04,26.789,26.761,36.362,36.363,8
1996-11-05,26.58,26.551000000000002,36.347,36.346000000000004,8
1996-11-06,26.558,26.534,36.328,36.329,8
1996-11-07,26.712,26.69,36.324,36.325,8
1996-11-08,26.73,26.686,36.331,36.332,8
1996-11-09,26.708,26.687,36.318,36.319,8
1996-11-10,25.965,25.927,36.339,36.341,8
1996-11-11,25.416,25.384999999999998,36.352000000000004,36.354,8
1996-11-12,24.953,24.929000000000002,36.369,36.370000000000005,8
1996-11-13,24.475,24.448,36.373999999999995,36.375,8
1996-11-14,24.576,24.546,36.384,36.385999999999996,8
1996-11-15,24.168,24.153,36.372,36.373000000000005,8
1996-11-16,23.988,23.966,36.356,36.357,8
1996-11-17,24.028,24.012999999999998,36.34,36.34,8
1996-11-18,24.358,24.338,36.33,36.331,8
1996-11-19,24.611,24.588,36.312,36.313,8
1996-11-20,24.717,24.692,36.315,36.316,8
1996-11-21,24.608,24.573999999999998,36.318,36.318,8
1996-11-22,24.529,24.471,36.322,36.322,8
1996-11-23,24.721,24.692,36.322,36.323,8
1996-11-24,24.788,24.762999999999998,36.326,36.326,8
1996-11-25,24.836,24.621000000000002,36.336,36.332,8
1996-11-26,24.743000000000002,24.718,36.342,36.343,8
1996-11-27,24.485,24.451999999999998,36.348,36.349000000000004,8
1996-11-28,23.999,23.974,36.356,36.357,8
1996-11-29,23.841,23.818,36.361000000000004,36.362,8
1996-11-30,23.951999999999998,23.826999999999998,36.369,36.369,8
1996-12-01,24.318,23.79,36.375,36.372,8
1996-12-02,24.461,24.431,36.376999999999995,36.378,8
1996-12-03,24.401,24.38,36.354,36.354,8
1996-12-04,24.081,24.062,36.334,36.334,8
1996-12-05,24.058,24.036,36.336,36.337,8
1996-12-06,23.991,23.949,36.33,36.33,8
1996-12-07,24.759,24.464,36.326,36.324,8
1996-12-08,24.820999999999998,24.63,36.331,36.33,8
1996-12-09,24.749,24.721,36.322,36.323,8
1996-12-10,24.305,24.278,36.32,36.321,8
1996-12-11,23.962,23.93,36.321,36.322,8
1996-12-12,24.024,23.973,36.329,36.329,8
1996-12-13,23.996,23.966,36.331,36.332,8
1996-12-14,24.131,24.101,36.32,36.321,8
1996-12-15,23.676000000000002,23.654,36.32,36.321,8
1996-12-16,23.626,23.603,36.319,36.32,8
1996-12-17,23.556,23.498,36.323,36.323,8
1996-12-18,23.717,23.367,36.328,36.327,8
1996-12-19,23.335,23.307,36.341,36.341,8
1996-12-20,22.886,22.861,36.319,36.32,8
1996-12-21,22.298000000000002,22.275,36.318,36.318,8
1996-12-22,21.996,21.975,36.29,36.291,8
1996-12-23,22.049,22.022,36.284,36.285,8
1996-12-24,22.11,22.085,36.271,36.271,8
1996-12-25,22.177,22.102,36.263000000000005,36.263000000000005,8
1996-12-26,22.657,22.637999999999998,36.254000000000005,36.254000000000005,8
1996-12-27,22.683,22.658,36.256,36.256,8
1996-12-28,22.826999999999998,22.735,36.256,36.256,8
1996-12-29,23.029,22.985,36.227000000000004,36.227000000000004,8
1996-12-30,23.172,23.148,36.219,36.22,8
1996-12-31,,,,,
1997-01-01,23.372,23.356,36.218,36.219,8
1997-01-02,23.469,23.382,36.212,36.212,8
1997-01-03,23.596,23.343,36.214,36.212,8
1997-01-04,23.79,23.398,36.214,36.211,8
1997-01-05,23.891,23.537,36.219,36.215,8
1997-01-06,23.922,23.592,36.229,36.224000000000004,8
1997-01-07,23.927,23.587,36.235,36.231,8
1997-01-08,24.019,23.756,36.239000000000004,36.236000000000004,8
1997-01-09,24.067,23.804000000000002,36.244,36.24,8
1997-01-10,23.85,23.833,36.234,36.235,8
1997-01-11,23.496,23.443,36.251000000000005,36.251999999999995,8
1997-01-12,23.22,23.195,36.269999999999996,36.271,8
1997-01-13,23.028,23.006,36.263999999999996,36.263999999999996,8
1997-01-14,22.914,22.877,36.251000000000005,36.251999999999995,8
1997-01-15,23.094,22.957,36.259,36.257000000000005,8
1997-01-16,23.061,23.02,36.266999999999996,36.266999999999996,8
1997-01-17,23.021,22.998,36.275,36.275999999999996,8
1997-01-18,22.943,22.906,36.294,36.295,8
1997-01-19,22.429000000000002,22.393,36.313,36.314,8
1997-01-20,22.284,22.253,36.315,36.316,8
1997-01-21,22.342,22.298000000000002,36.317,36.317,8
1997-01-22,22.218,22.186,36.326,36.327,8
1997-01-23,22.007,21.927,36.327,36.327,8
1997-01-24,22.001,21.968,36.319,36.319,8
1997-01-25,22.147,22.031,36.309,36.309,8
1997-01-26,22.605,22.472,36.307,36.307,8
1997-01-27,22.972,22.926000000000002,36.301,36.301,8
1997-01-28,22.996,22.974,36.301,36.301,8
1997-01-29,23.165,23.141,36.293,36.294,8
1997-01-30,23.392,23.363,36.29,36.291,8
1997-01-31,23.387999999999998,23.352,36.302,36.303,8
1997-02-01,23.329,23.296,36.321,36.321,8
1997-02-02,23.252,23.21,36.342,36.343,8
1997-02-03,23.182,23.152,36.364000000000004,36.365,8
1997-02-04,23.262999999999998,23.236,36.378,36.378,8
1997-02-05,23.303,23.274,36.388999999999996,36.39,8
1997-02-06,23.222,23.069,36.388999999999996,36.388000000000005,8
1997-02-07,23.27,23.244,36.394000000000005,36.394000000000005,8
1997-02-08,23.392,23.36,36.403,36.403,8
1997-02-09,23.789,23.741,36.41,36.41,8
1997-02-10,23.937,23.917,36.393,36.393,8
1997-02-11,23.957,23.905,36.402,36.402,8
1997-02-12,24.046,24.018,36.406,36.406,8
1997-02-13,24.553,23.983,36.415,36.407,8
1997-02-14,24.348,23.990000000000002,36.431,36.427,8
1997-02-15,24.447,24.401,36.446,36.446,8
1997-02-16,24.208,24.191,36.414,36.414,8
1997-02-17,23.899,23.873,36.373999999999995,36.375,8
1997-02-18,23.521,23.496,36.335,36.336,8
1997-02-19,23.46,23.441,36.304,36.305,8
1997-02-20,23.573,23.551000000000002,36.288,36.289,8
1997-02-21,23.761,23.692,36.271,36.272000000000006,8
1997-02-22,24.503,23.836,36.275999999999996,36.269000000000005,8
1997-02-23,24.262999999999998,24.238,36.272999999999996,36.269000000000005,8
1997-02-24,24.502,24.477,36.288,36.288,8
1997-02-25,24.481,24.451,36.289,36.29,8
1997-02-26,24.359,24.34,36.286,36.287,8
1997-02-27,24.872,24.326999999999998,36.32,36.31,8
1997-02-28,24.695999999999998,24.466,36.335,36.331,8
1997-03-01,24.98,24.935000000000002,36.372,36.372,8
1997-03-02,25.186,25.124,36.397999999999996,36.396,8
1997-03-03,25.675,25.034,36.413,36.406,8
1997-03-04,25.314,25.286,36.41,36.411,8
1997-03-05,25.214,25.161,36.413,36.413,8
1997-03-06,25.235,25.212,36.435,36.435,8
1997-03-07,25.103,25.070999999999998,36.45,36.451,8
1997-03-08,25.186,25.154,36.463,36.465,8
1997-03-09,25.187,25.165,36.464,36.465,8
1997-03-10,25.166,25.137,36.446,36.447,8
1997-03-11,25.122,25.092,36.427,36.428,8
1997-03-12,25.095,25.055,36.421,36.422,8
1997-03-13,24.944,24.916,36.409,36.411,8
1997-03-14,25.392,25.221,36.407,36.407,8
1997-03-15,25.436,25.1,36.407,36.406,8
1997-03-16,25.674,25.647,36.393,36.394000000000005,8
1997-03-17,25.560000000000002,25.525,36.388000000000005,36.388999999999996,8
1997-03-18,25.435000000000002,25.406,36.397000000000006,36.397999999999996,8
1997-03-19,25.477,25.442,36.4,36.400999999999996,8
1997-03-20,25.469,25.398,36.407,36.408,8
1997-03-21,25.512,25.472,36.41,36.412,8
1997-03-22,25.387999999999998,25.344,36.421,36.42,8
1997-03-23,25.62,25.481,36.429,36.428,8
1997-03-24,25.63,25.595,36.44,36.44,8
1997-03-25,25.346,25.313,36.469,36.47,8
1997-03-26,25.326999999999998,25.173000000000002,36.484,36.481,8
1997-03-27,25.515,25.463,36.484,36.484,8
1997-03-28,25.975,25.618000000000002,36.477000000000004,36.476,8
1997-03-29,26.062,25.753,36.488,36.486000000000004,8
1997-03-30,26.252,25.897,36.510999999999996,36.506,8
1997-03-31,26.673000000000002,26.565,36.522000000000006,36.522999999999996,8
1997-04-01,26.785,26.744,36.516999999999996,36.518,8
1997-04-02,26.694,26.637999999999998,36.509,36.509,8
1997-04-03,26.662,26.629,36.507000000000005,36.507999999999996,8
1997-04-04,26.602,26.563,36.510000000000005,36.510000000000005,8
1997-04-05,26.813,26.453,36.532,36.522999999999996,8
1997-04-06,26.768,26.692,36.556,36.557,8
1997-04-07,26.904,26.848,36.541,36.543,8
1997-04-08,27.175,26.851,36.509,36.509,8
1997-04-09,27.009,26.87,36.476,36.476,8
1997-04-10,27.119,26.976,36.472,36.472,8
1997-04-11,27.343,27.304000000000002,36.480000000000004,36.481,8
1997-04-12,27.479,27.189,36.49,36.485,8
1997-04-13,27.4,27.307000000000002,36.510999999999996,36.510999999999996,8
1997-04-14,27.195,27.085,36.494,36.494,8
1997-04-15,26.965,26.932000000000002,36.47,36.471000000000004,8
1997-04-16,26.458,26.433,36.346000000000004,36.347,8
1997-04-17,26.569,26.527,36.342,36.343,8
1997-04-18,26.706,26.66,36.343,36.345,8
1997-04-19,27.245,27.186,36.338,36.339,8
1997-04-20,27.026,26.97,36.331,36.332,8
1997-04-21,26.8,26.416,36.326,36.321,8
1997-04-22,26.914,26.548000000000002,36.342,36.33,8
1997-04-23,27.044,26.379,36.357,36.346000000000004,8
1997-04-24,27.173000000000002,27.132,36.367000000000004,36.367000000000004,8
1997-04-25,27.037,26.936,36.361000000000004,36.36,8
1997-04-26,27.37,26.86,36.361000000000004,36.356,8
1997-04-27,27.063,27.009999999999998,36.373000000000005,36.372,8
1997-04-28,27.453,27.407,36.400999999999996,36.400999999999996,8
1997-04-29,27.356,27.286,36.413,36.415,8
1997-04-30,27.14,27.085,36.422,36.424,8
1997-05-01,27.240000000000002,27.166,36.43,36.43,8
1997-05-02,27.594,27.53,36.447,36.447,8
1997-05-03,27.984,27.594,36.467,36.457,8
1997-05-04,27.914,27.872,36.464,36.465,8
1997-05-05,27.656,27.621000000000002,36.455,36.457,8
1997-05-06,27.576999999999998,27.526,36.487,36.489000000000004,8
1997-05-07,27.294,27.243000000000002,36.495000000000005,36.497,8
1997-05-08,27.087,27.047,36.482,36.483000000000004,8
1997-05-09,27.239,27.201,36.466,36.467,8
1997-05-10,27.451,27.405,36.458,36.459,8
1997-05-11,27.464,27.298000000000002,36.458,36.453,8
1997-05-12,27.318,27.228,36.455,36.456,8
1997-05-13,27.483,27.434,36.474000000000004,36.475,8
1997-05-14,27.622,27.554000000000002,36.481,36.482,8
1997-05-15,27.64,27.594,36.483000000000004,36.483000000000004,8
1997-05-16,27.705,27.673000000000002,36.488,36.489000000000004,8
1997-05-17,27.601,27.573,36.489000000000004,36.49,8
1997-05-18,27.655,27.47,36.422,36.466,8
1997-05-19,27.775,27.677,36.42,36.42,8
1997-05-20,27.881,27.852,36.428,36.429,8
1997-05-21,27.843,27.814,36.426,36.428,8
1997-05-22,27.807000000000002,27.773,36.416,36.417,8
1997-05-23,27.914,27.863,36.411,36.411,8
1997-05-24,28.031,27.993000000000002,36.422,36.422,8
1997-05-25,28.368000000000002,28.329,36.446,36.447,8
1997-05-26,28.552,28.428,36.468,36.467,8
1997-05-27,28.304000000000002,28.262,36.481,36.482,8
1997-05-28,28.295,28.266,36.489000000000004,36.49,8
1997-05-29,28.281,28.242,36.49,36.491,8
1997-05-30,27.819,27.796,36.497,36.497,8
1997-05-31,28.415,27.71,36.507000000000005,36.493,8
1997-06-01,28.04,27.976,36.504999999999995,36.504999999999995,8
1997-06-02,28.3,28.211,36.498000000000005,36.498999999999995,8
1997-06-03,28.525,28.393,36.497,36.498000000000005,8
1997-06-04,28.486,28.419,36.497,36.498000000000005,8
1997-06-05,28.539,28.463,36.501999999999995,36.503,8
1997-06-06,28.497,28.432000000000002,36.518,36.519999999999996,8
1997-06-07,28.431,28.37,36.536,36.538,8
1997-06-08,28.371000000000002,28.34,36.548,36.549,8
1997-06-09,28.512,28.274,36.545,36.544,8
1997-06-10,28.596,28.486,36.534,36.536,8
1997-06-11,28.597,28.536,36.528999999999996,36.531,8
1997-06-12,28.548000000000002,28.497999999999998,36.528,36.528999999999996,8
1997-06-13,28.904,28.075,36.5,36.522999999999996,8
1997-06-14,29.955,28.283,36.376000000000005,36.513000000000005,8
1997-06-15,28.902,28.719,36.516999999999996,36.510000000000005,8
1997-06-16,29.215,29.108,36.541,36.539,8
1997-06-17,29.268,29.22,36.541,36.542,8
1997-06-18,29.786,29.141,36.553,36.528999999999996,8
1997-06-19,28.996000000000002,28.802,36.554,36.547,8
1997-06-20,28.645,28.603,36.541,36.542,8
1997-06-21,28.553,28.508000000000003,36.546,36.547,8
1997-06-22,28.764,28.721,36.573,36.574,8
1997-06-23,28.343,28.304000000000002,36.592,36.593,8
1997-06-24,28.323,28.279,36.584,36.585,8
1997-06-25,28.529,28.48,36.575,36.576,8
1997-06-26,28.938000000000002,28.893,36.571,36.572,8
1997-06-27,29.101,29.054000000000002,36.563,36.563,8
1997-06-28,29.128,29.086,36.516000000000005,36.518,8
1997-06-29,28.718,28.654,36.513999999999996,36.513000000000005,8
1997-06-30,28.572000000000003,28.531,36.504999999999995,36.506,8
1997-07-01,28.537,28.500999999999998,36.510000000000005,36.510999999999996,8
1997-07-02,28.889,28.834,36.522999999999996,36.524,8
1997-07-03,28.716,28.661,36.537,36.538,8
1997-07-04,28.462,28.399,36.532,36.533,8
1997-07-05,28.683,28.418,36.525,36.525,8
1997-07-06,28.706,28.512999999999998,36.522999999999996,36.521,8
1997-07-07,28.999000000000002,28.85,36.510000000000005,36.507000000000005,8
1997-07-08,29.053,29.02,36.506,36.507000000000005,8
1997-07-09,29.139,29.036,36.507000000000005,36.506,8
1997-07-10,29.186999999999998,29.141,36.501000000000005,36.501999999999995,8
1997-07-11,29.025,28.983,36.493,36.493,8
1997-07-12,29.048000000000002,28.999000000000002,36.480000000000004,36.482,8
1997-07-13,28.988,28.9,36.452,36.453,8
1997-07-14,29.046,28.997999999999998,36.44,36.441,8
1997-07-15,28.954,28.898,36.435,36.436,8
1997-07-16,29.063000000000002,28.798000000000002,36.435,36.427,8
1997-07-17,29.002000000000002,28.912,36.435,36.431,8
1997-07-18,28.98,28.908,36.35,36.35,8
1997-07-19,29.166,29.105,36.365,36.365,8
1997-07-20,29.097,29.03,36.379999999999995,36.379999999999995,8
1997-07-21,29.037,28.985,36.39,36.391000000000005,8
1997-07-22,28.651,28.608,36.393,36.393,8
1997-07-23,28.772,28.728,36.394000000000005,36.394000000000005,8
1997-07-24,29.119,29.069000000000003,36.393,36.393,8
1997-07-25,29.297,29.12,36.388000000000005,36.388999999999996,8
1997-07-26,29.124000000000002,29.078,36.403999999999996,36.403999999999996,8
1997-07-27,29.124000000000002,29.060000000000002,36.409,36.409,8
1997-07-28,29.306,29.184,36.405,36.403999999999996,8
1997-07-29,29.015,28.96,36.409,36.41,8
1997-07-30,29.201999999999998,29.148,36.414,36.415,8
1997-07-31,29.003,28.965,36.419,36.418,8
1997-08-01,29.155,28.857,36.421,36.419,8
1997-08-02,28.945999999999998,28.9,36.432,36.433,8
1997-08-03,29.269,29.17,36.435,36.433,8
1997-08-04,29.467,29.39,36.43,36.43,8
1997-08-05,29.497999999999998,29.447000000000003,36.432,36.433,8
1997-08-06,29.124000000000002,29.07,36.43,36.431,8
1997-08-07,29.219,29.158,36.432,36.432,8
1997-08-08,29.082,29.016,36.434,36.435,8
1997-08-09,28.774,28.718,36.436,36.437,8
1997-08-10,29.217,29.15,36.437,36.438,8
1997-08-11,29.669,29.615000000000002,36.432,36.434,8
1997-08-12,29.188000000000002,28.975,36.43,36.428,8
1997-08-13,29.602,28.466,36.379000000000005,36.427,8
1997-08-14,28.733,28.694000000000003,36.41,36.41,8
1997-08-15,28.643,28.591,36.409,36.41,8
1997-08-16,28.601,28.4,36.406,36.403999999999996,8
1997-08-17,28.401,28.371000000000002,36.409,36.41,8
1997-08-18,28.298000000000002,28.265,36.414,36.415,8
1997-08-19,28.628,28.528,36.412,36.411,8
1997-08-20,28.923000000000002,28.637999999999998,36.403,36.403,8
1997-08-21,28.978,28.886000000000003,36.400999999999996,36.400999999999996,8
1997-08-22,28.906,28.835,36.397999999999996,36.399,8
1997-08-23,28.91,28.842,36.393,36.394000000000005,8
1997-08-24,29.228,29.161,36.391999999999996,36.393,8
1997-08-25,29.738,28.875,36.397000000000006,36.388000000000005,8
1997-08-26,29.506999999999998,28.887,36.359,36.391000000000005,8
1997-08-27,28.921,28.826999999999998,36.381,36.382999999999996,8
1997-08-28,28.907,28.781,36.381,36.381,8
1997-08-29,28.977,28.825000000000003,36.379999999999995,36.379000000000005,8
1997-08-30,29.889,28.725,36.400999999999996,36.378,8
1997-08-31,29.436999999999998,28.894,36.376999999999995,36.391000000000005,8
1997-09-01,29.163,29.113,36.388999999999996,36.39,8
1997-09-02,29.509,28.787,36.372,36.381,8
1997-09-03,30.036,28.828,35.543,36.379000000000005,8
1997-09-04,29.134999999999998,28.945,36.287,36.296,8
1997-09-05,29.224,28.93,36.305,36.297,8
1997-09-06,29.222,28.987000000000002,36.308,36.316,8
1997-09-07,29.37,29.04,36.319,36.313,8
1997-09-08,29.786,29.17,36.329,36.324,8
1997-09-09,30.191000000000003,29.175,36.224000000000004,36.335,8
1997-09-10,30.122999999999998,29.247999999999998,36.341,36.325,8
1997-09-11,29.727,29.39,36.328,36.336,8
1997-09-12,29.624000000000002,29.484,36.345,36.343,8
1997-09-13,29.426000000000002,29.387999999999998,36.35,36.349000000000004,8
1997-09-14,29.274,29.228,36.352000000000004,36.351,8
1997-09-15,29.191000000000003,29.156,36.262,36.262,8
1997-09-16,29.809,29.056,36.222,36.254999999999995,8
1997-09-17,29.445999999999998,29.226,36.235,36.241,8
1997-09-18,30.284,29.064999999999998,36.201,36.237,8
1997-09-19,29.246000000000002,29.167,36.229,36.236000000000004,8
1997-09-20,29.338,28.948,36.228,36.253,8
1997-09-21,29.494,28.884999999999998,36.144999999999996,36.268,8
1997-09-22,29.006,28.538,36.143,36.194,8
1997-09-23,28.240000000000002,28.098,36.156,36.161,8
1997-09-24,27.811,27.655,36.135999999999996,36.135999999999996,8
1997-09-25,28.15,27.894,36.123999999999995,36.120999999999995,8
1997-09-26,28.608,28.343,36.132000000000005,36.122,8
1997-09-27,28.674,28.631,36.152,36.150999999999996,8
1997-09-28,28.624000000000002,28.524,36.191,36.186,8
1997-09-29,28.669,28.468,36.217,36.211,8
1997-09-30,28.339,27.843,36.216,36.226,8
1997-10-01,28.416,28.031,36.191,36.2,8
1997-10-02,29.384999999999998,28.228,36.103,36.174,8
1997-10-03,28.905,28.35,36.120999999999995,36.138000000000005,8
1997-10-04,28.578,28.539,36.135999999999996,36.138000000000005,8
1997-10-05,28.203,28.183,36.153,36.153999999999996,8
1997-10-06,28.095,28.064,36.147000000000006,36.149,8
1997-10-07,27.882,27.857,36.123000000000005,36.123999999999995,8
1997-10-08,27.83,27.799,36.126000000000005,36.126999999999995,8
1997-10-09,27.902,27.86,36.083,36.084,8
1997-10-10,27.519,27.316,36.099000000000004,36.096000000000004,8
1997-10-11,27.308,27.273,36.128,36.129000000000005,8
1997-10-12,27.158,27.125,36.138000000000005,36.138000000000005,8
1997-10-13,27.365000000000002,26.975,36.144000000000005,36.138999999999996,8
1997-10-14,27.46,27.243000000000002,36.144999999999996,36.144999999999996,8
1997-10-15,27.37,27.325,36.153,36.153999999999996,8
1997-10-16,27.259,27.181,36.16,36.161,8
1997-10-17,27.208,27.178,36.157,36.158,8
1997-10-18,27.11,27.08,36.152,36.153,8
1997-10-19,26.66,26.626,36.171,36.172,8
1997-10-20,26.525,26.485,36.199,36.2,8
1997-10-21,26.418,26.377,36.227000000000004,36.228,8
1997-10-22,26.029,25.998,36.260000000000005,36.260999999999996,8
1997-10-23,25.751,25.718,36.286,36.287,8
1997-10-24,25.718,25.618000000000002,36.303,36.301,8
1997-10-25,26.345,25.465,36.328,36.313,8
1997-10-26,26.836,25.623,36.345,36.324,8
1997-10-27,27.427,26.459,36.165,36.334,8
1997-10-28,26.723,26.697,36.319,36.32,8
1997-10-29,26.428,26.405,36.318,36.319,8
1997-10-30,26.188,26.041,36.323,36.323,8
1997-10-31,26.64,26.108,36.339,36.328,8
1997-11-01,26.511,26.23,36.349000000000004,36.343,8
1997-11-02,26.671,26.522,36.36,36.357,8
1997-11-03,26.553,26.529,36.366,36.367000000000004,8
1997-11-04,26.274,26.242,36.378,36.379000000000005,8
1997-11-05,26.131,26.093,36.396,36.397000000000006,8
1997-11-06,25.84,25.805,36.405,36.406,8
1997-11-07,25.445,25.409,36.407,36.408,8
1997-11-08,25.024,24.944,36.412,36.413,8
1997-11-09,24.990000000000002,24.961,36.418,36.418,8
1997-11-10,24.706,24.681,36.427,36.428,8
1997-11-11,25.433,24.598,36.444,36.427,8
1997-11-12,24.982,24.656,36.429,36.429,8
1997-11-13,24.826,24.687,36.45,36.447,8
1997-11-14,25.492,25.412,36.462,36.461,8
1997-11-15,25.518,25.491,36.46,36.461,8
1997-11-16,25.716,25.683,36.443,36.444,8
1997-11-17,25.333,25.377,36.236000000000004,36.303,8
1997-11-18,25.129,25.107,36.147999999999996,36.149,8
1997-11-19,24.97,24.942,36.132000000000005,36.134,8
1997-11-20,25.251,25.219,36.138000000000005,36.138999999999996,8
1997-11-21,25.226,25.195999999999998,36.112,36.113,8
1997-11-22,25.264,25.237000000000002,36.094,36.095,8
1997-11-23,25.411,25.292,36.076,36.079,8
1997-11-24,25.541,25.437,36.076,36.073,8
1997-11-25,25.564,25.538,36.122,36.122,8
1997-11-26,25.533,25.504,36.147999999999996,36.149,8
1997-11-27,25.402,25.374000000000002,36.169,36.17,8
1997-11-28,25.304000000000002,25.278,36.177,36.177,8
1997-11-29,25.495,24.979,36.18,36.181,8
1997-11-30,25.676000000000002,25.244,36.176,36.175,8
1997-12-01,25.5,25.472,36.149,36.149,8
1997-12-02,25.399,25.367,36.191,36.191,8
1997-12-03,25.268,25.244,36.22,36.221000000000004,8
1997-12-04,25.445,25.166,36.226,36.226,8
1997-12-05,25.354,25.33,36.216,36.216,8
1997-12-06,24.925,24.898,36.233000000000004,36.234,8
1997-12-07,24.418,24.393,36.243,36.244,8
1997-12-08,24.529,24.308,36.248000000000005,36.242000000000004,8
1997-12-09,24.89,24.266,36.25,36.247,8
1997-12-10,24.904,24.346,36.251999999999995,36.248999999999995,8
1997-12-11,24.959,24.594,36.256,36.254999999999995,8
1997-12-12,24.974,24.951,36.263000000000005,36.263000000000005,8
1997-12-13,24.777,24.762999999999998,36.266000000000005,36.266000000000005,8
1997-12-14,24.359,24.334,36.237,36.237,8
1997-12-15,23.808,23.768,36.269000000000005,36.269999999999996,8
1997-12-16,23.328,23.31,36.296,36.297,8
1997-12-17,23.261,23.234,36.309,36.309,8
1997-12-18,22.937,22.912,36.315,36.315,8
1997-12-19,22.447,22.422,36.308,36.308,8
1997-12-20,22.387,22.352,36.304,36.304,8
1997-12-21,22.84,22.745,36.303,36.303,8
1997-12-22,23.298000000000002,22.913,36.304,36.305,8
1997-12-23,23.375,22.995,36.304,36.304,8
1997-12-24,23.251,22.996,36.301,36.3,8
1997-12-25,23.258,22.921,36.302,36.303,8
1997-12-26,23.865000000000002,23.736,36.303,36.303,8
1997-12-27,23.961,23.583,36.303,36.303,8
1997-12-28,23.595,23.565,36.291,36.291,8
1997-12-29,23.464,23.437,36.294,36.294,8
1997-12-30,23.421,23.375,36.314,36.315,8
1997-12-31,23.17,23.121,36.33,36.331,8
1998-01-01,22.747,22.718,36.331,36.332,8
1998-01-02,21.824,21.808,36.328,36.329,8
1998-01-03,22.232,22.206,36.342,36.342,8
1998-01-04,22.172,22.166,36.332,36.332,8
1998-01-05,22.248,22.061,36.32,36.321,8
1998-01-06,22.409,22.2,36.313,36.314,8
1998-01-07,22.535,22.424,36.296,36.304,8
1998-01-08,22.855,22.835,36.31,36.31,8
1998-01-09,22.844,22.816,36.312,36.313,8
1998-01-10,22.684,22.654,36.31,36.311,8
1998-01-11,23.117,23.097,36.306,36.306,8
1998-01-12,23.337,23.313,36.305,36.305,8
1998-01-13,23.544,23.29,36.301,36.299,8
1998-01-14,23.614,23.592,36.291,36.291,8
1998-01-15,24.019,23.698,36.283,36.281,8
1998-01-16,23.701999999999998,23.676000000000002,36.294,36.295,8
1998-01-17,23.548000000000002,23.525,36.296,36.296,8
1998-01-18,23.397,23.361,36.297,36.298,8
1998-01-19,23.217,23.192,36.297,36.298,8
1998-01-20,23.079,23.051000000000002,36.296,36.296,8
1998-01-21,23.164,23.041,36.297,36.294,8
1998-01-22,23.245,23.201,36.303,36.303,8
1998-01-23,23.464,22.974,36.317,36.312,8
1998-01-24,23.258,23.178,36.322,36.322,8
1998-01-25,23.166,23.137999999999998,36.312,36.313,8
1998-01-26,22.863,22.842,36.29,36.29,8
1998-01-27,23.331,22.863,36.269999999999996,36.285,8
1998-01-28,23.044,23.0,36.295,36.295,8
1998-01-29,22.878,22.795,36.312,36.311,8
1998-01-30,22.591,22.399,36.322,36.317,8
1998-01-31,22.567,22.532,36.322,36.323,8
1998-02-01,22.445,22.321,36.324,36.323,8
1998-02-02,23.406,22.472,36.343,36.327,8
1998-02-03,22.858,22.834,36.323,36.323,8
1998-02-04,22.537,22.514,36.345,36.345,8
1998-02-05,22.689,22.634,36.372,36.370999999999995,8
1998-02-06,22.658,22.507,36.385000000000005,36.382999999999996,8
1998-02-07,22.476,22.434,36.397000000000006,36.399,8
1998-02-08,22.397,22.362000000000002,36.414,36.414,8
1998-02-09,22.614,22.557,36.424,36.423,8
1998-02-10,22.272,22.221,36.431,36.431,8
1998-02-11,22.19,21.787,36.455,36.447,8
1998-02-12,21.852,21.723,36.467,36.467,8
1998-02-13,22.255,22.043,36.466,36.465,8
1998-02-14,22.518,22.438,36.473,36.473,8
1998-02-15,22.554000000000002,22.547,36.480000000000004,36.480000000000004,8
1998-02-16,22.81,22.778,36.493,36.493,8
1998-02-17,23.021,22.992,36.498999999999995,36.498999999999995,8
1998-02-18,23.073,23.042,36.504999999999995,36.506,8
1998-02-19,23.156,23.146,36.518,36.518,8
1998-02-20,23.472,23.433,36.524,36.524,8
1998-02-21,23.581,23.554000000000002,36.528999999999996,36.528999999999996,8
1998-02-22,24.318,23.416,36.545,36.533,8
1998-02-23,23.691,23.663,36.551,36.551,8
1998-02-24,23.826999999999998,23.78,36.566,36.566,8
1998-02-25,23.643,23.603,36.579,36.58,8
1998-02-26,23.899,23.399,36.6,36.588,8
1998-02-27,23.902,23.866,36.620000000000005,36.620000000000005,8
1998-02-28,24.038,23.973,36.622,36.622,8
1998-03-01,24.306,24.269,36.623000000000005,36.623000000000005,8
1998-03-02,24.461,24.424,36.623999999999995,36.625,8
1998-03-03,24.027,23.982,36.612,36.614000000000004,8
1998-03-04,23.447,23.422,36.623999999999995,36.625,8
1998-03-05,23.268,23.237000000000002,36.623999999999995,36.623000000000005,8
1998-03-06,23.56,23.326999999999998,36.632999999999996,36.629000000000005,8
1998-03-07,24.713,23.507,36.629999999999995,36.626000000000005,8
1998-03-08,25.298000000000002,24.04,36.628,36.620000000000005,8
1998-03-09,24.503,24.482,36.647999999999996,36.647999999999996,8
1998-03-10,24.015,23.979,36.629999999999995,36.632000000000005,8
1998-03-11,23.777,23.726,36.61,36.612,8
1998-03-12,23.203,23.161,36.629000000000005,36.629999999999995,8
1998-03-13,22.563,22.533,36.634,36.635999999999996,8
1998-03-14,22.503,22.461,36.631,36.632000000000005,8
1998-03-15,22.135,22.111,36.620999999999995,36.622,8
1998-03-16,22.099,22.081,36.605000000000004,36.605000000000004,8
1998-03-17,22.84,22.251,36.623000000000005,36.614000000000004,8
1998-03-18,23.04,22.557,36.629000000000005,36.631,8
1998-03-19,23.519,23.242,36.619,36.620999999999995,8
1998-03-20,23.939,23.558,36.612,36.612,8
1998-03-21,23.904,23.865000000000002,36.582,36.583,8
1998-03-22,23.67,23.63,36.571,36.572,8
1998-03-23,23.101,23.059,36.554,36.555,8
1998-03-24,22.857,22.813,36.581,36.581,8
1998-03-25,22.809,22.762999999999998,36.596000000000004,36.597,8
1998-03-26,22.794,22.771,36.584,36.585,8
1998-03-27,22.728,22.709,36.559,36.559,8
1998-03-28,22.909,22.89,36.551,36.551,8
1998-03-29,23.283,23.259,36.536,36.536,8
1998-03-30,23.622,23.589,36.516999999999996,36.516999999999996,8
1998-03-31,24.176000000000002,23.916,36.510000000000005,36.504999999999995,8
1998-04-01,24.359,24.216,36.510000000000005,36.510999999999996,8
1998-04-02,24.785,24.405,36.506,36.498000000000005,8
1998-04-03,24.884,24.692,36.513999999999996,36.510999999999996,8
1998-04-04,25.149,24.896,36.512,36.510000000000005,8
1998-04-05,25.28,25.237000000000002,36.522000000000006,36.521,8
1998-04-06,25.66,25.279,36.547,36.549,8
1998-04-07,25.753,25.706,36.538,36.538,8
1998-04-08,26.503,25.619,36.537,36.525,8
1998-04-09,26.311,26.227,36.551,36.55,8
1998-04-10,26.641,26.592,36.551,36.552,8
1998-04-11,25.376,25.352,36.510000000000005,36.512,8
1998-04-12,25.45,25.394,36.518,36.519999999999996,8
1998-04-13,25.353,25.308,36.510999999999996,36.513000000000005,8
1998-04-14,25.494,24.904,36.546,36.525,8
1998-04-15,25.237000000000002,24.717,36.575,36.571,8
1998-04-16,25.347,24.862000000000002,36.574,36.575,8
1998-04-17,25.896,25.084,36.588,36.58,8
1998-04-18,26.348,25.456,36.596000000000004,36.585,8
1998-04-19,25.677,25.558,36.555,36.556,8
1998-04-20,25.721,25.378,36.506,36.504999999999995,8
1998-04-21,25.689,25.256,36.535,36.534,8
1998-04-22,25.320999999999998,25.299,36.507999999999996,36.510000000000005,8
1998-04-23,25.087,25.035,36.497,36.498000000000005,8
1998-04-24,25.15,25.103,36.54,36.542,8
1998-04-25,24.991,24.941,36.544,36.546,8
1998-04-26,24.722,24.672,36.531,36.532,8
1998-04-27,24.572,24.467,36.542,36.542,8
1998-04-28,25.016,24.939,36.522000000000006,36.522999999999996,8
1998-04-29,25.346,24.993000000000002,36.501000000000005,36.501000000000005,8
1998-04-30,25.072,24.928,36.501999999999995,36.501000000000005,8
1998-05-01,26.569,24.836,36.509,36.506,8
1998-05-02,25.713,25.459,36.522999999999996,36.525,8
1998-05-03,25.764,25.693,36.510999999999996,36.512,8
1998-05-04,25.820999999999998,25.532,36.492000000000004,36.493,8
1998-05-05,26.116,25.675,36.492000000000004,36.491,8
1998-05-06,26.783,26.165,36.495000000000005,36.491,8
1998-05-07,27.259,26.912,36.501999999999995,36.5,8
1998-05-08,27.82,27.379,36.507000000000005,36.501000000000005,8
1998-05-09,27.868000000000002,27.404,36.535,36.522999999999996,8
1998-05-10,27.926000000000002,27.718,36.545,36.543,8
1998-05-11,28.006999999999998,27.948999999999998,36.547,36.547,8
1998-05-12,28.006,27.823999999999998,36.551,36.554,8
1998-05-13,28.061999999999998,27.932000000000002,36.543,36.545,8
1998-05-14,27.933,27.901,36.522999999999996,36.524,8
1998-05-15,27.942,27.908,36.532,36.533,8
1998-05-16,27.809,27.765,36.561,36.563,8
1998-05-17,27.493000000000002,27.451999999999998,36.551,36.553,8
1998-05-18,27.276,27.223,36.536,36.538,8
1998-05-19,26.842,26.789,36.533,36.535,8
1998-05-20,26.757,26.701999999999998,36.53,36.532,8
1998-05-21,26.753,26.701999999999998,36.532,36.534,8
1998-05-22,26.805,26.759999999999998,36.539,36.54,8
1998-05-23,26.848,26.736,36.546,36.545,8
1998-05-24,27.161,27.11,36.552,36.553,8
1998-05-25,27.179000000000002,27.137999999999998,36.551,36.552,8
1998-05-26,27.254,27.216,36.55,36.551,8
1998-05-27,27.279,27.224,36.519000000000005,36.521,8
1998-05-28,28.221,27.14,36.513999999999996,36.516000000000005,8
1998-05-29,28.633000000000003,27.413,36.466,36.504999999999995,8
1998-05-30,29.239,27.418,36.44,36.49,8
1998-05-31,28.214,27.468,36.475,36.477000000000004,8
1998-06-01,27.581,27.272,36.447,36.449,8
1998-06-02,28.038,27.281,36.388999999999996,36.396,8
1998-06-03,28.79,27.315,36.35,36.362,8
1998-06-04,28.279,27.695,36.321,36.32,8
1998-06-05,29.111,27.831,36.311,36.301,8
1998-06-06,28.858,28.21,36.317,36.314,8
1998-06-07,28.529,28.433,36.302,36.301,8
1998-06-08,28.439999999999998,28.406,36.296,36.298,8
1998-06-09,28.678,28.625999999999998,36.307,36.308,8
1998-06-10,28.759,28.724,36.324,36.325,8
1998-06-11,28.503,28.469,36.344,36.345,8
1998-06-12,28.429000000000002,28.392,36.366,36.367000000000004,8
1998-06-13,28.027,27.995,36.391000000000005,36.391999999999996,8
1998-06-14,28.186,28.137,36.409,36.41,8
1998-06-15,28.256,28.073999999999998,36.426,36.424,8
1998-06-16,28.252000000000002,27.829,36.45,36.44,8
1998-06-17,28.337,28.238,36.469,36.467,8
1998-06-18,28.279,28.250999999999998,36.474000000000004,36.475,8
1998-06-19,28.35,28.310000000000002,36.484,36.484,8
1998-06-20,28.46,28.417,36.491,36.491,8
1998-06-21,28.23,28.186999999999998,36.501999999999995,36.503,8
1998-06-22,28.12,28.048000000000002,36.491,36.49,8
1998-06-23,27.905,27.86,36.473,36.473,8
1998-06-24,27.858,27.815,36.454,36.454,8
1998-06-25,28.229,27.865000000000002,36.431,36.436,8
1998-06-26,29.186999999999998,27.864,35.859,36.355000000000004,8
1998-06-27,28.715,27.961,36.336,36.314,8
1998-06-28,28.415,28.33,36.343,36.341,8
1998-06-29,28.423000000000002,28.381999999999998,36.378,36.379000000000005,8
1998-06-30,28.227,28.177,36.384,36.385000000000005,8
1998-07-01,27.886,27.842,36.370999999999995,36.370999999999995,8
1998-07-02,27.502,27.463,36.266999999999996,36.268,8
1998-07-03,28.024,27.464,36.269999999999996,36.263999999999996,8
1998-07-04,27.489,27.342,36.284,36.281,8
1998-07-05,27.342,27.319,36.288,36.288,8
1998-07-06,27.616,27.559,36.289,36.29,8
1998-07-07,28.137,28.082,36.303,36.303,8
1998-07-08,28.6,28.536,36.315,36.315,8
1998-07-09,28.669,28.625,36.338,36.338,8
1998-07-10,28.457,28.421,36.363,36.364000000000004,8
1998-07-11,28.375,28.335,36.388000000000005,36.388000000000005,8
1998-07-12,28.322000000000003,28.235,36.414,36.413,8
1998-07-13,28.431,28.285,36.431,36.43,8
1998-07-14,28.130000000000003,27.746000000000002,36.45,36.443,8
1998-07-15,27.957,27.818,36.464,36.462,8
1998-07-16,27.956,27.913,36.478,36.477000000000004,8
1998-07-17,28.261000000000003,28.142,36.482,36.480000000000004,8
1998-07-18,28.33,28.291,36.493,36.493,8
1998-07-19,28.599,28.419,36.488,36.488,8
1998-07-20,28.867,28.697000000000003,36.485,36.484,8
1998-07-21,28.664,28.617,36.49,36.491,8
1998-07-22,29.075000000000003,28.432000000000002,36.491,36.479,8
1998-07-23,28.749000000000002,28.691000000000003,36.476,36.476,8
1998-07-24,28.791,28.737000000000002,36.458,36.459,8
1998-07-25,28.700000000000003,28.634,36.431,36.431,8
1998-07-26,28.898,28.744,36.427,36.425,8
1998-07-27,28.489,28.365000000000002,36.425,36.425,8
1998-07-28,27.889,27.846,36.422,36.422,8
1998-07-29,27.903,27.865000000000002,36.425,36.426,8
1998-07-30,28.227,28.188000000000002,36.428,36.429,8
1998-07-31,28.299,28.1,36.433,36.428,8
1998-08-01,28.438000000000002,28.259,36.413,36.417,8
1998-08-02,28.61,28.237000000000002,36.413,36.409,8
1998-08-03,29.314999999999998,28.208,36.375,36.403999999999996,8
1998-08-04,29.421,28.546,36.388999999999996,36.39,8
1998-08-05,29.035,28.948999999999998,36.388999999999996,36.39,8
1998-08-06,29.195999999999998,29.112000000000002,36.393,36.393,8
1998-08-07,29.299,29.215,36.396,36.396,8
1998-08-08,28.96,28.837,36.394000000000005,36.393,8
1998-08-09,29.055,29.014,36.405,36.406,8
1998-08-10,29.037,28.993000000000002,36.403999999999996,36.405,8
1998-08-11,29.459,29.059,36.372,36.376000000000005,8
1998-08-12,29.986,29.07,36.373999999999995,36.367000000000004,8
1998-08-13,29.613,29.375999999999998,36.373999999999995,36.370999999999995,8
1998-08-14,29.941000000000003,29.292,36.376999999999995,36.370000000000005,8
1998-08-15,30.694000000000003,29.12,36.35,36.370999999999995,8
1998-08-16,29.605,29.179000000000002,36.366,36.36,8
1998-08-17,29.424,29.346,36.373999999999995,36.373999999999995,8
1998-08-18,29.649,29.566000000000003,36.388000000000005,36.388000000000005,8
1998-08-19,29.517,29.36,36.407,36.406,8
1998-08-20,29.543,29.275,36.417,36.416,8
1998-08-21,30.497999999999998,29.253999999999998,36.338,36.42,8
1998-08-22,30.436999999999998,29.409,36.316,36.414,8
1998-08-23,30.178,29.624000000000002,36.4,36.397000000000006,8
1998-08-24,30.003,29.453,36.400999999999996,36.396,8
1998-08-25,30.477,29.463,36.397999999999996,36.4,8
1998-08-26,29.728,29.630000000000003,36.412,36.412,8
1998-08-27,29.905,29.801000000000002,36.416,36.415,8
1998-08-28,30.103,29.909,36.402,36.406,8
1998-08-29,30.166,30.079,36.391000000000005,36.391999999999996,8
1998-08-30,29.973,29.926000000000002,36.355000000000004,36.354,8
1998-08-31,29.701,29.689,36.315,36.319,8
1998-09-01,29.726,29.669,36.322,36.323,8
1998-09-02,29.689999999999998,29.619,36.34,36.34,8
1998-09-03,29.783,29.695,36.358000000000004,36.357,8
1998-09-04,31.433,29.648,36.317,36.364000000000004,8
1998-09-05,29.996000000000002,29.726,36.351,36.353,8
1998-09-06,29.716,29.677,36.337,36.338,8
1998-09-07,29.714,29.545,36.281,36.298,8
1998-09-08,29.584,29.539,36.251000000000005,36.259,8
1998-09-09,30.104,29.439,36.167,36.243,8
1998-09-10,30.096,29.642,36.236000000000004,36.238,8
1998-09-11,29.865000000000002,29.628,36.102000000000004,36.120999999999995,8
1998-09-12,30.436999999999998,29.485,36.016999999999996,36.07,8
1998-09-13,30.380000000000003,29.463,36.007000000000005,36.064,8
1998-09-14,29.843,29.514,36.041,36.055,8
1998-09-15,29.881999999999998,29.475,35.986000000000004,36.013000000000005,8
1998-09-16,30.302,29.497999999999998,36.028999999999996,36.009,8
1998-09-17,30.027,29.653,36.037,36.021,8
1998-09-18,30.474,29.752000000000002,36.004000000000005,36.05,8
1998-09-19,30.332,29.994,36.051,36.047,8
1998-09-20,30.657,30.124000000000002,36.024,36.013000000000005,8
1998-09-21,31.189999999999998,30.054000000000002,36.013999999999996,36.047,8
1998-09-22,30.666,30.130000000000003,36.031,36.047,8
1998-09-23,30.706,30.269,36.037,36.037,8
1998-09-24,30.578,30.253999999999998,35.995000000000005,36.013999999999996,8
1998-09-25,30.798000000000002,30.098,35.929,35.929,8
1998-09-26,30.652,30.033,35.887,35.942,8
1998-09-27,31.086,30.075000000000003,35.99,35.948,8
1998-09-28,31.225,30.197000000000003,35.936,35.984,8
1998-09-29,31.226,30.247999999999998,35.971000000000004,35.996,8
1998-09-30,30.734,30.28,36.004000000000005,35.992000000000004,8
1998-10-01,30.685000000000002,30.201,36.045,36.031,8
1998-10-02,30.319000000000003,30.261000000000003,36.07,36.069,8
1998-10-03,30.274,29.972,36.058,36.081,8
1998-10-04,30.024,29.981,36.091,36.092,8
1998-10-05,30.067,30.029,36.144000000000005,36.144000000000005,8
1998-10-06,29.822000000000003,29.786,36.199,36.199,8
1998-10-07,29.541,29.515,36.234,36.235,8
1998-10-08,29.335,29.301000000000002,36.243,36.243,8
1998-10-09,29.295,29.262,36.257999999999996,36.256,8
1998-10-10,29.287,29.258000000000003,36.272999999999996,36.272999999999996,8
1998-10-11,29.380000000000003,29.304000000000002,36.285,36.283,8
1998-10-12,29.326,29.29,36.289,36.289,8
1998-10-13,29.298000000000002,29.262999999999998,36.282,36.283,8
1998-10-14,29.117,29.082,36.283,36.284,8
1998-10-15,29.091,28.971,36.285,36.282,8
1998-10-16,28.976,28.941000000000003,36.274,36.274,8
1998-10-17,28.352,28.320999999999998,36.28,36.278999999999996,8
1998-10-18,28.329,28.295,36.293,36.292,8
1998-10-19,28.528,28.495,36.285,36.286,8
1998-10-20,28.704,28.669,36.281,36.28,8
1998-10-21,29.114,28.495,36.063,36.263000000000005,8
1998-10-22,28.745,28.611,36.234,36.236000000000004,8
1998-10-23,28.589,28.471,36.238,36.248999999999995,8
1998-10-24,28.395,28.363,36.216,36.217,8
1998-10-25,28.726,28.154,36.150999999999996,36.244,8
1998-10-26,28.34,28.310000000000002,36.207,36.207,8
1998-10-27,27.922,27.903,36.182,36.183,8
1998-10-28,27.705,27.68,36.101,36.102000000000004,8
1998-10-29,27.411,27.384,36.061,36.062,8
1998-10-30,27.562,27.533,36.087,36.088,8
1998-10-31,27.337,27.312,36.132000000000005,36.132999999999996,8
1998-11-01,27.125,27.103,36.157,36.158,8
1998-11-02,27.115000000000002,27.131,36.132999999999996,36.165,8
1998-11-03,27.062,27.042,36.177,36.176,8
1998-11-04,27.37,26.899,35.699,36.138000000000005,8
1998-11-05,27.036,27.007,36.035,36.035,8
1998-11-06,26.873,26.839,36.099000000000004,36.1,8
1998-11-07,26.562,26.528,36.109,36.111000000000004,8
1998-11-08,26.375,26.342,36.083,36.084,8
1998-11-09,26.165,26.134,36.092,36.093,8
1998-11-10,26.079,25.94,36.113,36.113,8
1998-11-11,26.448,25.955,36.141000000000005,36.129999999999995,8
1998-11-12,26.224,26.195,36.168,36.168,8
1998-11-13,26.168,26.146,36.197,36.198,8
1998-11-14,26.185000000000002,26.152,36.212,36.213,8
1998-11-15,26.557000000000002,25.959,36.242000000000004,36.225,8
1998-11-16,26.058,26.039,36.243,36.243,8
1998-11-17,26.141,26.053,36.257000000000005,36.254999999999995,8
1998-11-18,26.121000000000002,26.087,36.269000000000005,36.269999999999996,8
1998-11-19,26.03,26.008,36.278,36.278999999999996,8
1998-11-20,26.096,25.959,36.291,36.286,8
1998-11-21,26.37,26.157,36.291,36.286,8
1998-11-22,26.749000000000002,26.051000000000002,36.286,36.289,8
1998-11-23,26.415,26.119,36.283,36.278999999999996,8
1998-11-24,26.77,26.687,36.283,36.282,8
1998-11-25,26.974,26.939,36.283,36.284,8
1998-11-26,26.709,26.679000000000002,36.281,36.282,8
1998-11-27,26.305,26.274,36.277,36.278999999999996,8
1998-11-28,25.891,25.862000000000002,36.272999999999996,36.274,8
1998-11-29,25.794,25.761,36.266000000000005,36.266999999999996,8
1998-11-30,25.808,25.776,36.266999999999996,36.268,8
1998-12-01,25.751,25.72,36.278,36.278999999999996,8
1998-12-02,25.765,25.738,36.287,36.287,8
1998-12-03,25.554000000000002,25.526,36.294,36.295,8
1998-12-04,25.429000000000002,25.223,36.302,36.3,8
1998-12-05,25.325,25.287,36.311,36.311,8
1998-12-06,25.684,25.287,36.31,36.305,8
1998-12-07,25.433,25.193,36.31,36.307,8
1998-12-08,25.462,25.176000000000002,36.311,36.307,8
1998-12-09,25.131,25.085,36.303,36.304,8
1998-12-10,25.458,25.429000000000002,36.294,36.295,8
1998-12-11,25.573,25.546,36.295,36.296,8
1998-12-12,25.58,25.320999999999998,36.292,36.291,8
1998-12-13,25.346,25.32,36.278,36.277,8
1998-12-14,24.931,24.905,36.235,36.236000000000004,8
1998-12-15,24.412,24.378,36.256,36.257000000000005,8
1998-12-16,24.176000000000002,24.137999999999998,36.266000000000005,36.266999999999996,8
1998-12-17,23.748,23.727,36.272000000000006,36.272000000000006,8
1998-12-18,23.44,23.408,36.278999999999996,36.278999999999996,8
1998-12-19,23.411,23.144,36.29,36.282,8
1998-12-20,23.091,23.069,36.291,36.292,8
1998-12-21,23.241,23.221,36.291,36.291,8
1998-12-22,23.488,23.47,36.29,36.29,8
1998-12-23,23.665,23.647,36.295,36.295,8
1998-12-24,23.664,23.645,36.296,36.296,8
1998-12-25,23.563,23.468,36.294,36.294,8
1998-12-26,23.907,23.874,36.296,36.296,8
1998-12-27,24.141,24.112000000000002,36.298,36.299,8
1998-12-28,24.317,24.288,36.306,36.306,8
1998-12-29,24.528,24.352,36.313,36.312,8
1998-12-30,24.743000000000002,24.541,36.315,36.313,8
1998-12-31,24.37,24.336,36.318,36.319,8
1999-01-01,23.993,23.961,36.323,36.324,8
1999-01-02,23.873,23.85,36.316,36.316,8
1999-01-03,24.144,24.122,36.329,36.329,8
1999-01-04,23.846,23.812,36.333,36.334,8
1999-01-05,23.385,23.362000000000002,36.341,36.342,8
1999-01-06,22.602,22.58,36.356,36.357,8
1999-01-07,22.358,22.331,36.366,36.367000000000004,8
1999-01-08,22.533,22.502,36.367000000000004,36.368,8
1999-01-09,22.489,22.455,36.370000000000005,36.370000000000005,8
1999-01-10,22.583,22.459,36.373999999999995,36.375,8
1999-01-11,22.436,22.409,36.356,36.357,8
1999-01-12,22.335,22.298000000000002,36.365,36.366,8
1999-01-13,22.189,22.151,36.373999999999995,36.373999999999995,8
1999-01-14,22.39,22.172,36.375,36.373000000000005,8
1999-01-15,22.462,22.295,36.369,36.370000000000005,8
1999-01-16,22.63,22.593,36.36,36.361000000000004,8
1999-01-17,22.834,22.689,36.36,36.359,8
1999-01-18,23.079,22.649,36.354,36.36,8
1999-01-19,23.152,22.78,36.355000000000004,36.354,8
1999-01-20,23.058,23.028,36.35,36.35,8
1999-01-21,23.308,23.283,36.353,36.354,8
1999-01-22,23.761,23.227,36.361000000000004,36.354,8
1999-01-23,23.801000000000002,23.397,36.376999999999995,36.372,8
1999-01-24,23.433,23.396,36.373000000000005,36.373999999999995,8
1999-01-25,23.196,23.152,36.382999999999996,36.385000000000005,8
1999-01-26,23.038,23.001,36.378,36.379000000000005,8
1999-01-27,22.55,22.531,36.388999999999996,36.388000000000005,8
1999-01-28,22.575,22.557,36.388999999999996,36.388000000000005,8
1999-01-29,22.885,22.71,36.391000000000005,36.391999999999996,8
1999-01-30,23.381,23.152,36.400999999999996,36.397999999999996,8
1999-01-31,23.672,23.616,36.4,36.4,8
1999-02-01,23.779,23.757,36.363,36.363,8
1999-02-02,23.921,23.879,36.356,36.357,8
1999-02-03,23.885,23.856,36.370000000000005,36.370000000000005,8
1999-02-04,24.034,23.774,36.373000000000005,36.370000000000005,8
1999-02-05,24.212,24.164,36.375,36.375,8
1999-02-06,24.425,24.394,36.378,36.379000000000005,8
1999-02-07,24.389,24.36,36.391999999999996,36.393,8
1999-02-08,24.444,24.386,36.407,36.407,8
1999-02-09,24.663,24.619,36.422,36.423,8
1999-02-10,24.755,24.723,36.437,36.438,8
1999-02-11,24.641,24.61,36.449,36.45,8
1999-02-12,24.353,24.323,36.461,36.462,8
1999-02-13,24.474,24.432000000000002,36.467,36.468,8
1999-02-14,23.857,23.825,36.456,36.457,8
1999-02-15,23.272,23.257,36.462,36.462,8
1999-02-16,23.298000000000002,23.25,36.464,36.465,8
1999-02-17,23.124,23.039,36.467,36.467,8
1999-02-18,23.182,22.836,36.47,36.469,8
1999-02-19,23.472,23.339,36.477000000000004,36.476,8
1999-02-20,23.508,23.475,36.475,36.475,8
1999-02-21,23.735,23.616,36.467,36.467,8
1999-02-22,23.843,23.812,36.468,36.469,8
1999-02-23,23.603,23.562,36.485,36.486000000000004,8
1999-02-24,23.567,23.506,36.5,36.501000000000005,8
1999-02-25,23.429000000000002,23.396,36.498000000000005,36.498999999999995,8
1999-02-26,23.579,23.536,36.507000000000005,36.507999999999996,8
1999-02-27,23.492,23.457,36.521,36.522000000000006,8
1999-02-28,23.277,23.234,36.522999999999996,36.522999999999996,8
1999-03-01,23.738,23.537,36.522000000000006,36.522000000000006,8
1999-03-02,23.761,23.725,36.519999999999996,36.519999999999996,8
1999-03-03,23.855,23.427,36.519000000000005,36.516999999999996,8
1999-03-04,23.783,23.757,36.516999999999996,36.518,8
1999-03-05,23.617,23.584,36.513000000000005,36.513999999999996,8
1999-03-06,23.742,23.679000000000002,36.525,36.525,8
1999-03-07,24.029,23.995,36.53,36.531,8
1999-03-08,23.982,23.954,36.513000000000005,36.513999999999996,8
1999-03-09,23.764,23.721,36.527,36.527,8
1999-03-10,23.901,23.863,36.534,36.536,8
1999-03-11,24.1,24.068,36.501999999999995,36.501999999999995,8
1999-03-12,24.187,24.159,36.5,36.501000000000005,8
1999-03-13,24.396,24.159,36.513999999999996,36.510000000000005,8
1999-03-14,24.521,24.19,36.55,36.545,8
1999-03-15,24.333,24.281,36.536,36.538,8
1999-03-16,23.795,23.773,36.518,36.519999999999996,8
1999-03-17,23.576,23.527,36.507000000000005,36.507999999999996,8
1999-03-18,23.468,23.432,36.53,36.531,8
1999-03-19,23.484,23.449,36.544,36.546,8
1999-03-20,23.681,23.641,36.528,36.528999999999996,8
1999-03-21,23.851,23.811,36.519000000000005,36.519999999999996,8
1999-03-22,23.875,23.837,36.507999999999996,36.509,8
1999-03-23,23.935,23.892,36.504000000000005,36.506,8
1999-03-24,24.08,24.001,36.510999999999996,36.510999999999996,8
1999-03-25,24.36,24.33,36.513000000000005,36.513999999999996,8
1999-03-26,24.58,24.544,36.509,36.510000000000005,8
1999-03-27,24.509999999999998,24.477,36.503,36.504999999999995,8
1999-03-28,24.554000000000002,24.529,36.498000000000005,36.498999999999995,8
1999-03-29,24.851,24.631,36.509,36.504999999999995,8
1999-03-30,24.843,24.786,36.519000000000005,36.518,8
1999-03-31,24.914,24.819,36.528,36.531,8
1999-04-01,25.09,25.055,36.519000000000005,36.519999999999996,8
1999-04-02,25.657,25.447,36.504999999999995,36.503,8
1999-04-03,25.849,25.818,36.495999999999995,36.497,8
1999-04-04,25.997,25.896,36.498999999999995,36.498000000000005,8
1999-04-05,26.008,25.654,36.506,36.503,8
1999-04-06,25.882,25.761,36.492000000000004,36.492000000000004,8
1999-04-07,26.112000000000002,26.079,36.442,36.444,8
1999-04-08,26.185000000000002,26.145,36.428,36.43,8
1999-04-09,26.14,26.093,36.428,36.429,8
1999-04-10,26.139,26.024,36.434,36.434,8
1999-04-11,26.259,25.928,36.444,36.441,8
1999-04-12,26.258,26.171,36.45,36.451,8
1999-04-13,26.343,26.308,36.46,36.461,8
1999-04-14,26.314,26.273,36.480000000000004,36.481,8
1999-04-15,26.481,26.104,36.497,36.491,8
1999-04-16,26.568,26.502,36.507999999999996,36.509,8
1999-04-17,26.701999999999998,26.653,36.507999999999996,36.509,8
1999-04-18,26.242,26.198,36.456,36.458,8
1999-04-19,25.87,25.826,36.484,36.486000000000004,8
1999-04-20,25.451999999999998,25.4,36.478,36.480000000000004,8
1999-04-21,25.106,25.053,36.476,36.477000000000004,8
1999-04-22,24.907,24.852,36.485,36.486000000000004,8
1999-04-23,25.253,24.938,36.497,36.492000000000004,8
1999-04-24,25.334,25.309,36.509,36.509,8
1999-04-25,25.652,25.631,36.495999999999995,36.497,8
1999-04-26,25.826999999999998,25.799,36.498000000000005,36.498000000000005,8
1999-04-27,26.029,25.861,36.513000000000005,36.509,8
1999-04-28,26.366,26.055,36.525999999999996,36.524,8
1999-04-29,26.769,26.673000000000002,36.515,36.516000000000005,8
1999-04-30,27.12,27.043,36.5,36.501000000000005,8
1999-05-01,27.16,27.123,36.497,36.498000000000005,8
1999-05-02,26.735,26.707,36.501000000000005,36.501999999999995,8
1999-05-03,26.496000000000002,26.456,36.489000000000004,36.491,8
1999-05-04,26.568,26.537,36.483000000000004,36.484,8
1999-05-05,26.955,26.765,36.497,36.495000000000005,8
1999-05-06,27.137,26.842,36.515,36.509,8
1999-05-07,27.461,27.185000000000002,36.528999999999996,36.528999999999996,8
1999-05-08,27.829,27.705,36.536,36.536,8
1999-05-09,27.818,27.761,36.513999999999996,36.515,8
1999-05-10,27.647,27.602,36.488,36.49,8
1999-05-11,27.564,27.515,36.495999999999995,36.497,8
1999-05-12,27.404,27.366,36.535,36.536,8
1999-05-13,27.568,27.521,36.55,36.551,8
1999-05-14,27.695999999999998,27.634999999999998,36.542,36.543,8
1999-05-15,27.823,27.734,36.528999999999996,36.531,8
1999-05-16,27.722,27.687,36.521,36.522999999999996,8
1999-05-17,27.686,27.649,36.510000000000005,36.510999999999996,8
1999-05-18,27.714,27.67,36.498999999999995,36.5,8
1999-05-19,27.495,27.451,36.479,36.481,8
1999-05-20,27.601,27.55,36.459,36.461,8
1999-05-21,27.467,27.423000000000002,36.458,36.458,8
1999-05-22,27.46,27.414,36.463,36.464,8
1999-05-23,27.431,27.387999999999998,36.462,36.463,8
1999-05-24,27.451,27.403,36.46,36.462,8
1999-05-25,27.634,27.567,36.463,36.464,8
1999-05-26,27.91,27.814,36.469,36.469,8
1999-05-27,28.061999999999998,28.009999999999998,36.477000000000004,36.478,8
1999-05-28,28.041,27.999000000000002,36.482,36.482,8
1999-05-29,28.169,28.130000000000003,36.476,36.477000000000004,8
1999-05-30,28.179000000000002,28.131999999999998,36.483000000000004,36.484,8
1999-05-31,28.364,28.323,36.485,36.486000000000004,8
1999-06-01,28.079,28.026,36.480000000000004,36.480000000000004,8
1999-06-02,28.052,28.003,36.471000000000004,36.472,8
1999-06-03,27.945,27.902,36.448,36.448,8
1999-06-04,28.092,28.057000000000002,36.441,36.442,8
1999-06-05,27.835,27.791,36.424,36.425,8
1999-06-06,27.71,27.666,36.433,36.434,8
1999-06-07,28.059,28.005000000000003,36.438,36.438,8
1999-06-08,28.364,28.219,36.448,36.447,8
1999-06-09,28.557000000000002,27.866,36.458,36.453,8
1999-06-10,27.785,27.754,36.456,36.454,8
1999-06-11,27.719,27.689,36.46,36.458,8
1999-06-12,28.58,27.448999999999998,36.45,36.432,8
1999-06-13,28.125,27.732,36.443,36.433,8
1999-06-14,28.245,27.453,36.434,36.433,8
1999-06-15,28.214,27.319,36.444,36.429,8
1999-06-16,28.655,27.445,36.41,36.419,8
1999-06-17,28.466,27.757,36.397000000000006,36.400999999999996,8
1999-06-18,28.221,27.556,36.384,36.391999999999996,8
1999-06-19,27.958,27.603,36.391999999999996,36.385999999999996,8
1999-06-20,27.907,27.298000000000002,36.381,36.372,8
1999-06-21,27.915,27.822,36.373000000000005,36.372,8
1999-06-22,28.000999999999998,27.958,36.373999999999995,36.373999999999995,8
1999-06-23,28.104,28.076999999999998,36.368,36.368,8
1999-06-24,28.323999999999998,27.777,36.117000000000004,36.365,8
1999-06-25,27.831,27.721,36.346000000000004,36.344,8
1999-06-26,27.653,27.61,36.369,36.368,8
1999-06-27,27.849,27.458,36.394999999999996,36.385999999999996,8
1999-06-28,27.732,27.697,36.408,36.409,8
1999-06-29,27.79,27.752,36.403999999999996,36.405,8
1999-06-30,27.915,27.874000000000002,36.397000000000006,36.396,8
1999-07-01,27.749000000000002,27.714,36.397999999999996,36.394999999999996,8
1999-07-02,27.528,27.497,36.405,36.405,8
1999-07-03,27.22,27.185000000000002,36.369,36.369,8
1999-07-04,27.845,27.113,36.375,36.376000000000005,8
1999-07-05,27.403,27.369,36.382999999999996,36.384,8
1999-07-06,27.292,27.27,36.355000000000004,36.356,8
1999-07-07,27.039,27.007,36.348,36.348,8
1999-07-08,27.087,27.065,36.342,36.342,8
1999-07-09,27.726,27.089,36.346000000000004,36.34,8
1999-07-10,27.843,27.419,36.348,36.345,8
1999-07-11,27.954,27.923000000000002,36.356,36.356,8
1999-07-12,27.892,27.849,36.351,36.351,8
1999-07-13,27.403,27.373,36.363,36.364000000000004,8
1999-07-14,27.341,27.305,36.359,36.36,8
1999-07-15,27.398,27.358,36.355000000000004,36.355000000000004,8
1999-07-16,27.61,27.566,36.36,36.36,8
1999-07-17,27.746000000000002,27.281,36.333,36.356,8
1999-07-18,27.67,27.637,36.361000000000004,36.361000000000004,8
1999-07-19,27.719,27.504,36.359,36.36,8
1999-07-20,27.761,27.614,36.364000000000004,36.362,8
1999-07-21,27.654,27.605,36.357,36.358000000000004,8
1999-07-22,27.507,27.477,36.35,36.351,8
1999-07-23,27.832,27.775,36.347,36.346000000000004,8
1999-07-24,28.211,28.146,36.347,36.347,8
1999-07-25,28.543,28.304000000000002,36.354,36.351,8
1999-07-26,28.624000000000002,28.570999999999998,36.352000000000004,36.353,8
1999-07-27,28.726,28.685000000000002,36.354,36.355000000000004,8
1999-07-28,28.701999999999998,28.657,36.358000000000004,36.359,8
1999-07-29,28.578,28.541,36.362,36.363,8
1999-07-30,28.701,28.648,36.368,36.368,8
1999-07-31,28.8,28.721,36.379000000000005,36.379999999999995,8
1999-08-01,28.641,28.578,36.391999999999996,36.391999999999996,8
1999-08-02,28.816000000000003,28.767,36.402,36.403,8
1999-08-03,28.560000000000002,28.512999999999998,36.41,36.411,8
1999-08-04,28.684,28.434,36.416,36.415,8
1999-08-05,28.788,28.553,36.419,36.42,8
1999-08-06,28.935000000000002,28.858,36.421,36.422,8
1999-08-07,29.323999999999998,28.829,36.423,36.42,8
1999-08-08,29.152,29.112000000000002,36.413,36.414,8
1999-08-09,29.417,29.369,36.416,36.416,8
1999-08-10,29.919,29.259,36.411,36.411,8
1999-08-11,29.489,29.447000000000003,36.405,36.403999999999996,8
1999-08-12,28.721,28.692999999999998,36.41,36.411,8
1999-08-13,28.367,28.322000000000003,36.419,36.42,8
1999-08-14,28.374000000000002,28.313000000000002,36.413,36.414,8
1999-08-15,28.816000000000003,28.43,36.355000000000004,36.397000000000006,8
1999-08-16,29.807000000000002,28.311999999999998,36.259,36.298,8
1999-08-17,28.825000000000003,28.606,36.284,36.291,8
1999-08-18,28.643,28.599,36.245000000000005,36.247,8
1999-08-19,28.742,28.425,36.131,36.197,8
1999-08-20,29.366,28.456,36.128,36.147999999999996,8
1999-08-21,30.27,28.776,36.004999999999995,36.162,8
1999-08-22,29.173000000000002,28.777,36.171,36.165,8
1999-08-23,29.211,28.728,36.144000000000005,36.143,8
1999-08-24,29.339,28.33,36.087,36.108000000000004,8
1999-08-25,28.686,28.634999999999998,36.085,36.085,8
1999-08-26,28.78,28.738,36.06,36.061,8
1999-08-27,29.069000000000003,29.032,36.052,36.05,8
1999-08-28,29.3,29.088,36.024,36.028,8
1999-08-29,29.41,29.326999999999998,36.028999999999996,36.025999999999996,8
1999-08-30,29.347,29.27,36.041,36.037,8
1999-08-31,29.516,29.357,36.059,36.051,8
1999-09-01,29.613,29.075000000000003,36.056,36.061,8
1999-09-02,29.384999999999998,29.309,36.021,36.03,8
1999-09-03,29.378,29.326,36.034,36.036,8
1999-09-04,29.404,29.211,36.055,36.062,8
1999-09-05,29.995,29.042,36.003,36.071,8
1999-09-06,29.328,29.293,36.067,36.068,8
1999-09-07,29.259,29.212,36.082,36.083,8
1999-09-08,28.866,28.651,36.071,36.092,8
1999-09-09,28.902,28.409,36.047,36.093,8
1999-09-10,29.326999999999998,28.606,36.052,36.096000000000004,8
1999-09-11,28.781,28.539,36.086,36.073,8
1999-09-12,28.863,28.791,36.113,36.112,8
1999-09-13,29.061,29.023,36.123999999999995,36.120999999999995,8
1999-09-14,29.153,29.1,36.097,36.098,8
1999-09-15,29.167,29.096,36.049,36.052,8
1999-09-16,29.215,29.1,36.033,36.031,8
1999-09-17,29.04,28.929000000000002,36.05,36.049,8
1999-09-18,28.951999999999998,28.913,36.036,36.037,8
1999-09-19,28.905,28.869,35.925,35.924,8
1999-09-20,28.927,28.883000000000003,35.971000000000004,35.969,8
1999-09-21,28.823999999999998,28.783,36.039,36.039,8
1999-09-22,28.878,28.8,36.019000000000005,36.024,8
1999-09-23,29.029,28.988,36.047,36.046,8
1999-09-24,28.799,28.753,36.028999999999996,36.028999999999996,8
1999-09-25,28.655,28.617,36.015,36.016000000000005,8
1999-09-26,28.67,28.58,35.993,35.994,8
1999-09-27,28.647,28.497,35.999,35.999,8
1999-09-28,28.668,28.607,35.967,35.977000000000004,8
1999-09-29,28.695999999999998,28.665,36.03,36.032,8
1999-09-30,28.745,28.713,36.071,36.07,8
1999-10-01,28.628999999999998,28.346,36.052,36.065,8
1999-10-02,28.832,28.48,36.059,36.069,8
1999-10-03,28.72,28.689,35.999,35.997,8
1999-10-04,29.286,28.509999999999998,35.787,35.999,8
1999-10-05,28.625,28.259,35.946,35.955,8
1999-10-06,29.29,28.306,35.88,35.923,8
1999-10-07,29.740000000000002,28.563000000000002,35.814,35.903,8
1999-10-08,29.602,28.903,35.843,35.861000000000004,8
1999-10-09,29.719,29.064999999999998,35.747,35.84,8
1999-10-10,29.278,29.242,35.828,35.825,8
1999-10-11,29.329,29.130000000000003,35.878,35.88,8
1999-10-12,29.087,28.945,35.928,35.921,8
1999-10-13,28.617,28.585,35.92,35.921,8
1999-10-14,28.522,28.465,35.897,35.9,8
1999-10-15,28.387999999999998,28.355,35.849000000000004,35.848,8
1999-10-16,28.397,28.363,35.893,35.891999999999996,8
1999-10-17,28.522,28.485,35.905,35.905,8
1999-10-18,28.473,28.412,35.900999999999996,35.896,8
1999-10-19,28.253,28.226,35.84,35.837,8
1999-10-20,28.163,28.127000000000002,35.781,35.799,8
1999-10-21,28.971,28.02,35.606,35.801,8
1999-10-22,28.532,28.183,35.777,35.818,8
1999-10-23,27.726,27.694,35.871,35.870000000000005,8
1999-10-24,27.354,27.316,35.872,35.872,8
1999-10-25,27.191,27.163,35.852000000000004,35.851,8
1999-10-26,26.979,26.941,35.838,35.837,8
1999-10-27,26.784,26.743000000000002,35.905,35.903999999999996,8
1999-10-28,26.441,26.404,35.967,35.968,8
1999-10-29,25.771,25.735,35.959,35.96,8
1999-10-30,25.751,25.716,35.957,35.957,8
1999-10-31,26.093,26.067,35.955,35.955,8
1999-11-01,25.803,25.823999999999998,35.650999999999996,35.684,8
1999-11-02,25.871000000000002,25.84,35.568,35.565,8
1999-11-03,25.839,25.806,35.655,35.653,8
1999-11-04,25.295,25.268,35.591,35.591,8
1999-11-05,24.85,24.812,35.551,35.55,8
1999-11-06,24.487000000000002,24.47,35.607,35.605000000000004,8
1999-11-07,24.541,24.518,35.666,35.665,8
1999-11-08,24.587,24.559,35.771,35.769999999999996,8
1999-11-09,24.566,24.54,35.862,35.861000000000004,8
1999-11-10,24.601,24.578,35.934,35.934,8
1999-11-11,24.756999999999998,24.736,36.019999999999996,36.019000000000005,8
1999-11-12,24.886,24.861,36.063,36.063,8
1999-11-13,25.075,25.041,36.072,36.073,8
1999-11-14,25.026,24.991,36.101,36.101,8
1999-11-15,25.056,24.84,36.123999999999995,36.112,8
1999-11-16,24.810000000000002,24.782,36.131,36.132000000000005,8
1999-11-17,24.746000000000002,24.711,36.156,36.155,8
1999-11-18,24.803,24.769,36.184,36.184,8
1999-11-19,24.501,24.467,36.203,36.201,8
1999-11-20,24.521,24.264,36.214,36.207,8
1999-11-21,24.570999999999998,24.297,36.222,36.216,8
1999-11-22,24.521,24.494,36.232,36.233000000000004,8
1999-11-23,24.547,24.522,36.25,36.251000000000005,8
1999-11-24,24.47,24.438,36.269000000000005,36.269000000000005,8
1999-11-25,24.533,24.505,36.282,36.282,8
1999-11-26,24.411,24.306,36.295,36.291,8
1999-11-27,24.358,24.328,36.301,36.3,8
1999-11-28,24.281,24.259,36.309,36.309,8
1999-11-29,24.21,24.176000000000002,36.319,36.32,8
1999-11-30,24.107,24.073,36.327,36.328,8
1999-12-01,23.982,23.951999999999998,36.336,36.337,8
1999-12-02,23.603,23.575,36.341,36.342,8
1999-12-03,23.382,23.358,36.356,36.357,8
1999-12-04,23.321,23.302,36.373999999999995,36.373999999999995,8
1999-12-05,23.152,23.133,36.384,36.384,8
1999-12-06,23.309,23.026,36.378,36.379999999999995,8
1999-12-07,23.26,23.232,36.356,36.357,8
1999-12-08,23.171,23.141,36.358000000000004,36.359,8
1999-12-09,23.261,23.237000000000002,36.358000000000004,36.358000000000004,8
1999-12-10,23.488,23.468,36.352000000000004,36.352000000000004,8
1999-12-11,23.67,23.642,36.349000000000004,36.349000000000004,8
1999-12-12,23.663,23.631,36.349000000000004,36.349000000000004,8
1999-12-13,23.81,23.421,36.359,36.358000000000004,8
1999-12-14,23.649,23.616,36.357,36.358000000000004,8
1999-12-15,23.58,23.547,36.361000000000004,36.362,8
1999-12-16,23.146,23.13,36.353,36.354,8
1999-12-17,22.899,22.882,36.34,36.339,8
1999-12-18,23.11,23.081,36.322,36.322,8
1999-12-19,23.355,23.118,36.318,36.319,8
1999-12-20,23.344,23.205,36.317,36.317,8
1999-12-21,23.274,23.075,36.308,36.31,8
1999-12-22,23.508,23.387999999999998,36.311,36.312,8
1999-12-23,23.619,23.582,36.235,36.241,8
1999-12-24,23.519,23.5,36.189,36.189,8
1999-12-25,23.169,23.149,36.157,36.157,8
1999-12-26,23.01,22.975,36.169,36.17,8
1999-12-27,22.988,22.957,36.196,36.197,8
1999-12-28,23.12,23.086,36.219,36.218,8
1999-12-29,22.957,22.928,36.237,36.236000000000004,8
1999-12-30,22.95,22.84,36.243,36.24,8
1999-12-31,22.924,22.727,36.251999999999995,36.248000000000005,8
2000-01-01,22.912,22.76,36.25,36.248999999999995,8
2000-01-02,22.83,22.801000000000002,36.25,36.25,8
2000-01-03,22.788,22.6,36.254999999999995,36.254999999999995,8
2000-01-04,23.244,22.666,36.259,36.257000000000005,8
2000-01-05,23.007,22.954,36.263999999999996,36.263999999999996,8
2000-01-06,23.151,23.132,36.269999999999996,36.269999999999996,8
2000-01-07,23.081,23.067,36.263000000000005,36.263000000000005,8
2000-01-08,23.14,23.12,36.266000000000005,36.266000000000005,8
2000-01-09,23.369,23.338,36.271,36.271,8
2000-01-10,23.676000000000002,23.445,36.28,36.277,8
2000-01-11,23.701,23.473,36.287,36.285,8
2000-01-12,23.928,23.823,36.286,36.285,8
2000-01-13,23.882,23.853,36.293,36.293,8
2000-01-14,23.748,23.723,36.301,36.301,8
2000-01-15,23.605,23.578,36.297,36.298,8
2000-01-16,23.326,23.3,36.3,36.301,8
2000-01-17,23.091,23.057,36.311,36.312,8
2000-01-18,22.753,22.731,36.323,36.324,8
2000-01-19,22.804000000000002,22.769,36.332,36.333,8
2000-01-20,22.721,22.458,36.345,36.341,8
2000-01-21,22.527,22.435,36.352000000000004,36.352000000000004,8
2000-01-22,22.619,22.579,36.355000000000004,36.355000000000004,8
2000-01-23,22.61,22.544,36.362,36.361000000000004,8
2000-01-24,22.416,22.16,36.384,36.384,8
2000-01-25,22.373,22.34,36.385999999999996,36.387,8
2000-01-26,22.44,22.403,36.387,36.387,8
2000-01-27,22.596,22.559,36.394000000000005,36.394000000000005,8
2000-01-28,22.467,22.424,36.413,36.412,8
2000-01-29,22.18,21.97,36.435,36.432,8
2000-01-30,22.373,22.12,36.428,36.427,8
2000-01-31,22.635,22.59,36.419,36.419,8
2000-02-01,22.992,22.649,36.425,36.424,8
2000-02-02,23.479,22.661,36.436,36.43,8
2000-02-03,22.938,22.783,36.438,36.438,8
2000-02-04,23.209,22.974,36.437,36.438,8
2000-02-05,22.98,22.95,36.433,36.433,8
2000-02-06,22.876,22.836,36.435,36.436,8
2000-02-07,22.756,22.714,36.442,36.443,8
2000-02-08,22.757,22.713,36.446,36.447,8
2000-02-09,22.506,22.461,36.45,36.451,8
2000-02-10,22.301000000000002,22.239,36.462,36.461,8
2000-02-11,22.374,22.103,36.479,36.474000000000004,8
2000-02-12,22.336,22.215,36.494,36.493,8
2000-02-13,22.291,22.212,36.504000000000005,36.504000000000005,8
2000-02-14,22.727,22.253,36.504000000000005,36.501000000000005,8
2000-02-15,22.897,22.718,36.504000000000005,36.504999999999995,8
2000-02-16,23.121,23.033,36.501999999999995,36.501000000000005,8
2000-02-17,22.954,22.931,36.510999999999996,36.510999999999996,8
2000-02-18,23.129,23.101,36.522000000000006,36.522000000000006,8
2000-02-19,23.343,23.315,36.532,36.532,8
2000-02-20,23.576999999999998,23.559,36.528,36.528999999999996,8
2000-02-21,23.756,23.724,36.522000000000006,36.522999999999996,8
2000-02-22,23.852,23.821,36.522000000000006,36.522999999999996,8
2000-02-23,23.701,23.66,36.522000000000006,36.522999999999996,8
2000-02-24,23.607,23.572,36.532,36.533,8
2000-02-25,23.575,23.543,36.53,36.531,8
2000-02-26,23.343,23.32,36.535,36.536,8
2000-02-27,23.439,23.402,36.543,36.544,8
2000-02-28,23.649,23.541,36.541,36.541,8
2000-02-29,23.669,23.637,36.53,36.531,8
2000-03-01,23.739,23.7,36.535,36.536,8
2000-03-02,23.816,23.786,36.542,36.543,8
2000-03-03,23.871,23.84,36.538,36.539,8
2000-03-04,23.819,23.794,36.548,36.549,8
2000-03-05,23.929000000000002,23.733,36.542,36.542,8
2000-03-06,23.569,23.549,36.534,36.534,8
2000-03-07,23.412,23.392,36.54,36.54,8
2000-03-08,23.611,23.586,36.536,36.536,8
2000-03-09,23.846,23.822,36.522999999999996,36.522999999999996,8
2000-03-10,24.065,24.041,36.510000000000005,36.510000000000005,8
2000-03-11,24.154,24.131,36.503,36.504000000000005,8
2000-03-12,24.356,24.238,36.495999999999995,36.495999999999995,8
2000-03-13,24.605,24.575,36.482,36.483000000000004,8
2000-03-14,24.602,24.573,36.482,36.482,8
2000-03-15,24.599,24.463,36.464,36.471000000000004,8
2000-03-16,24.678,24.647,36.457,36.458,8
2000-03-17,24.990000000000002,24.573,36.463,36.459,8
2000-03-18,25.073999999999998,25.003,36.454,36.454,8
2000-03-19,25.136,25.078,36.447,36.447,8
2000-03-20,25.207,25.05,36.464,36.462,8
2000-03-21,25.527,25.478,36.468,36.468,8
2000-03-22,25.456,25.435000000000002,36.488,36.489000000000004,8
2000-03-23,25.326,25.304000000000002,36.498000000000005,36.498999999999995,8
2000-03-24,25.245,25.21,36.507000000000005,36.509,8
2000-03-25,25.147,25.106,36.504999999999995,36.506,8
2000-03-26,24.955,24.915,36.504000000000005,36.504999999999995,8
2000-03-27,25.245,24.812,36.512,36.507999999999996,8
2000-03-28,25.375,25.319,36.528,36.528,8
2000-03-29,25.66,25.293,36.536,36.533,8
2000-03-30,25.646,25.328,36.549,36.547,8
2000-03-31,25.79,25.443,36.558,36.56,8
2000-04-01,25.758,25.686,36.542,36.543,8
2000-04-02,26.158,25.352,36.533,36.519999999999996,8
2000-04-03,26.507,25.532,36.566,36.545,8
2000-04-04,25.948,25.88,36.587,36.587,8
2000-04-05,25.71,25.665,36.544,36.546,8
2000-04-06,25.177,25.125,36.558,36.559,8
2000-04-07,25.052,25.003,36.592,36.593,8
2000-04-08,25.053,24.891,36.592,36.593,8
2000-04-09,25.045,25.005,36.568,36.57,8
2000-04-10,24.913,24.877,36.539,36.54,8
2000-04-11,24.747,24.701,36.545,36.546,8
2000-04-12,24.845,24.822,36.537,36.538,8
2000-04-13,25.275,25.237000000000002,36.528,36.528999999999996,8
2000-04-14,25.067,25.036,36.519000000000005,36.519999999999996,8
2000-04-15,25.121000000000002,25.08,36.513999999999996,36.515,8
2000-04-16,25.109,25.038,36.521,36.521,8
2000-04-17,25.184,25.141,36.531,36.532,8
2000-04-18,25.557000000000002,25.515,36.513000000000005,36.513999999999996,8
2000-04-19,25.743000000000002,25.693,36.501000000000005,36.501999999999995,8
2000-04-20,25.759,25.722,36.501999999999995,36.503,8
2000-04-21,25.609,25.570999999999998,36.504999999999995,36.506,8
2000-04-22,25.740000000000002,25.629,36.498999999999995,36.5,8
2000-04-23,25.857,25.798000000000002,36.501000000000005,36.501999999999995,8
2000-04-24,26.149,25.844,36.510999999999996,36.509,8
2000-04-25,26.154,26.08,36.527,36.528,8
2000-04-26,26.344,26.313,36.524,36.525999999999996,8
2000-04-27,26.401,26.364,36.507000000000005,36.507999999999996,8
2000-04-28,26.549,26.508,36.519999999999996,36.521,8
2000-04-29,26.598,26.545,36.532,36.533,8
2000-04-30,26.608,26.567,36.534,36.536,8
2000-05-01,26.534,26.497,36.542,36.543,8
2000-05-02,26.35,26.320999999999998,36.547,36.548,8
2000-05-03,26.076,26.05,36.539,36.54,8
2000-05-04,26.064,26.019,36.535,36.536,8
2000-05-05,26.193,26.151,36.532,36.534,8
2000-05-06,26.371000000000002,26.338,36.533,36.534,8
2000-05-07,26.581,26.547,36.528999999999996,36.53,8
2000-05-08,26.810000000000002,26.767,36.525,36.525999999999996,8
2000-05-09,26.917,26.873,36.527,36.527,8
2000-05-10,26.887,26.779,36.534,36.533,8
2000-05-11,26.855,26.819,36.525999999999996,36.525999999999996,8
2000-05-12,26.984,26.937,36.507999999999996,36.507999999999996,8
2000-05-13,27.164,27.089,36.512,36.512,8
2000-05-14,27.187,27.158,36.512,36.513000000000005,8
2000-05-15,26.46,26.439,36.458,36.459,8
2000-05-16,26.73,26.684,36.455,36.456,8
2000-05-17,26.948,26.905,36.448,36.449,8
2000-05-18,26.849,26.809,36.442,36.443,8
2000-05-19,,,,,
2000-05-20,,,,,
2000-05-21,,,,,
2000-05-22,26.887999999999998,26.854,36.467,36.468,8
2000-05-23,26.994,26.959,36.477000000000004,36.477000000000004,8
2000-05-24,27.091,27.005,36.483000000000004,36.483000000000004,8
2000-05-25,27.468,27.217,36.506,36.501999999999995,8
2000-05-26,27.553,27.498,36.518,36.518,8
2000-05-27,27.336,27.267,36.521,36.519999999999996,8
2000-05-28,27.422,27.294,36.524,36.521,8
2000-05-29,27.698999999999998,27.247,36.503,36.513999999999996,8
2000-05-30,27.479,27.432000000000002,36.492000000000004,36.493,8
2000-05-31,27.787,27.734,36.504000000000005,36.504000000000005,8
2000-06-01,27.93,27.898,36.510999999999996,36.512,8
2000-06-02,27.786,27.743000000000002,36.49,36.491,8
2000-06-03,27.453,27.416,36.466,36.467,8
2000-06-04,27.134,27.062,36.452,36.452,8
2000-06-05,27.126,27.085,36.457,36.456,8
2000-06-06,27.544,27.412,36.434,36.439,8
2000-06-07,27.348,27.378,36.317,36.343,8
2000-06-08,27.16,27.123,36.195,36.189,8
2000-06-09,27.003,26.958,36.117000000000004,36.119,8
2000-06-10,26.789,26.762,36.184,36.184,8
2000-06-11,26.93,26.896,36.199,36.199,8
2000-06-12,26.285,26.262,36.157,36.155,8
2000-06-13,25.753,25.722,36.14,36.14,8
2000-06-14,26.015,25.974,36.185,36.183,8
2000-06-15,26.873,26.413,36.216,36.213,8
2000-06-16,28.307000000000002,26.861,35.944,36.24,8
2000-06-17,27.338,26.984,36.238,36.236000000000004,8
2000-06-18,27.338,27.301000000000002,36.268,36.268,8
2000-06-19,27.216,27.183,36.299,36.299,8
2000-06-20,27.303,27.261,36.307,36.307,8
2000-06-21,26.944,26.9,36.319,36.319,8
2000-06-22,26.629,26.596,36.335,36.336,8
2000-06-23,26.857,26.810000000000002,36.355000000000004,36.355000000000004,8
2000-06-24,27.012999999999998,26.977,36.376999999999995,36.376999999999995,8
2000-06-25,27.404,27.356,36.39,36.39,8
2000-06-26,27.531,27.469,36.399,36.399,8
2000-06-27,27.553,27.508,36.407,36.408,8
2000-06-28,27.475,27.439,36.412,36.413,8
2000-06-29,27.743000000000002,27.613,36.408,36.408,8
2000-06-30,27.823,27.79,36.421,36.422,8
2000-07-01,27.928,27.882,36.427,36.428,8
2000-07-02,27.990000000000002,27.936,36.43,36.432,8
2000-07-03,27.875,27.820999999999998,36.433,36.434,8
2000-07-04,28.092,28.04,36.429,36.43,8
2000-07-05,28.048000000000002,28.0,36.429,36.43,8
2000-07-06,28.118000000000002,28.069000000000003,36.419,36.42,8
2000-07-07,28.310000000000002,28.262,36.42,36.421,8
2000-07-08,28.307000000000002,28.259999999999998,36.418,36.418,8
2000-07-09,28.438000000000002,28.357,36.416,36.415,8
2000-07-10,27.884999999999998,27.844,36.428,36.429,8
2000-07-11,27.694,27.656,36.426,36.427,8
2000-07-12,27.820999999999998,27.774,36.431,36.432,8
2000-07-13,28.152,28.094,36.429,36.43,8
2000-07-14,28.517,28.267,36.425,36.424,8
2000-07-15,28.32,28.25,36.423,36.424,8
2000-07-16,28.334,28.181,36.419,36.421,8
2000-07-17,28.516,27.968,36.434,36.413,8
2000-07-18,28.039,27.978,36.407,36.405,8
2000-07-19,27.927,27.887999999999998,36.416,36.417,8
2000-07-20,27.688,27.646,36.423,36.424,8
2000-07-21,28.14,28.079,36.425,36.426,8
2000-07-22,28.076999999999998,27.94,36.434,36.432,8
2000-07-23,28.163,28.102,36.438,36.438,8
2000-07-24,28.169,28.128,36.44,36.441,8
2000-07-25,28.151,28.114,36.44,36.44,8
2000-07-26,28.462,28.402,36.449,36.45,8
2000-07-27,28.913,28.863,36.455,36.455,8
2000-07-28,29.247999999999998,29.201999999999998,36.471000000000004,36.471000000000004,8
2000-07-29,29.243000000000002,29.203,36.447,36.45,8
2000-07-30,29.118000000000002,28.991,36.443,36.442,8
2000-07-31,29.171,29.112000000000002,36.439,36.44,8
2000-08-01,29.364,29.309,36.439,36.44,8
2000-08-02,29.326,29.276,36.432,36.433,8
2000-08-03,29.506999999999998,29.060000000000002,36.444,36.432,8
2000-08-04,29.231,29.179000000000002,36.454,36.454,8
2000-08-05,28.886000000000003,28.842,36.449,36.45,8
2000-08-06,28.559,28.515,36.457,36.458,8
2000-08-07,28.922,28.456,36.459,36.462,8
2000-08-08,28.741,28.694000000000003,36.475,36.475,8
2000-08-09,28.902,28.856,36.503,36.504000000000005,8
2000-08-10,28.985,28.936,36.495999999999995,36.497,8
2000-08-11,28.91,28.861,36.482,36.483000000000004,8
2000-08-12,29.009,28.659,36.403,36.459,8
2000-08-13,28.587,28.544,36.397000000000006,36.397999999999996,8
2000-08-14,28.684,28.383000000000003,36.403999999999996,36.399,8
2000-08-15,28.323999999999998,28.178,36.396,36.394000000000005,8
2000-08-16,28.412,28.371000000000002,36.424,36.425,8
2000-08-17,28.59,28.544,36.423,36.424,8
2000-08-18,29.227,28.534,36.375,36.405,8
2000-08-19,28.872,28.829,36.394000000000005,36.393,8
2000-08-20,29.173000000000002,28.868000000000002,36.385000000000005,36.388999999999996,8
2000-08-21,28.951999999999998,28.892,36.384,36.385000000000005,8
2000-08-22,29.117,29.052,36.382000000000005,36.382999999999996,8
2000-08-23,29.122,29.075000000000003,36.379000000000005,36.379999999999995,8
2000-08-24,29.033,28.994,36.366,36.367000000000004,8
2000-08-25,29.091,29.049,36.362,36.363,8
2000-08-26,29.022,28.98,36.36,36.361000000000004,8
2000-08-27,29.208,29.14,36.35,36.352000000000004,8
2000-08-28,29.325000000000003,29.242,36.357,36.357,8
2000-08-29,29.228,29.117,36.368,36.366,8
2000-08-30,29.012,28.543,36.373999999999995,36.367000000000004,8
2000-08-31,28.896,28.793,36.370000000000005,36.370999999999995,8
2000-09-01,30.016,28.982,36.341,36.367000000000004,8
2000-09-02,29.195,29.152,36.364000000000004,36.365,8
2000-09-03,29.185000000000002,29.136000000000003,36.370000000000005,36.372,8
2000-09-04,29.339,29.125999999999998,36.375,36.372,8
2000-09-05,29.195999999999998,29.107,36.381,36.382000000000005,8
2000-09-06,29.057000000000002,28.858,36.379999999999995,36.382999999999996,8
2000-09-07,29.241,28.708,36.339,36.378,8
2000-09-08,29.459,28.753,36.283,36.351,8
2000-09-09,29.496000000000002,28.727,36.314,36.319,8
2000-09-10,29.115000000000002,29.038,36.329,36.329,8
2000-09-11,29.151,29.086,36.323,36.323,8
2000-09-12,29.87,28.956,36.303,36.322,8
2000-09-13,29.753999999999998,29.036,36.324,36.32,8
2000-09-14,29.375,29.319000000000003,36.324,36.324,8
2000-09-15,29.354,29.306,36.305,36.307,8
2000-09-16,28.939999999999998,28.903,36.303,36.302,8
2000-09-17,28.989,28.794,36.251999999999995,36.28,8
2000-09-18,29.463,28.718,36.265,36.262,8
2000-09-19,29.158,28.825000000000003,36.245000000000005,36.263000000000005,8
2000-09-20,29.344,28.881999999999998,36.230000000000004,36.254999999999995,8
2000-09-21,29.406,28.915,36.260999999999996,36.251000000000005,8
2000-09-22,29.527,29.037,36.272999999999996,36.265,8
2000-09-23,29.427,29.155,36.274,36.271,8
2000-09-24,28.902,28.858,36.271,36.269999999999996,8
2000-09-25,28.83,28.506999999999998,36.251000000000005,36.251999999999995,8
2000-09-26,28.861,28.825000000000003,36.251000000000005,36.251999999999995,8
2000-09-27,29.094,28.925,36.204,36.212,8
2000-09-28,29.378999999999998,28.863,36.162,36.182,8
2000-09-29,29.266,28.892,36.158,36.173,8
2000-09-30,29.36,28.993000000000002,36.171,36.177,8
2000-10-01,29.229,29.179000000000002,36.179,36.178,8
2000-10-02,29.161,29.128999999999998,36.157,36.156,8
2000-10-03,28.728,28.701,36.06,36.061,8
2000-10-04,28.747999999999998,28.771,35.991,36.004999999999995,8
2000-10-05,28.570999999999998,28.364,35.954,35.984,8
2000-10-06,28.35,28.308,35.982,35.983000000000004,8
2000-10-07,28.05,28.012,36.016000000000005,36.016999999999996,8
2000-10-08,28.044,28.016,36.073,36.073,8
2000-10-09,28.231,28.201,36.111000000000004,36.11,8
2000-10-10,27.723,27.691,36.081,36.071,8
2000-10-11,27.266,27.240000000000002,36.087,36.088,8
2000-10-12,27.086,27.05,36.118,36.119,8
2000-10-13,26.973,26.944,36.099000000000004,36.1,8
2000-10-14,26.583,26.552,36.115,36.116,8
2000-10-15,26.554000000000002,26.52,36.152,36.153,8
2000-10-16,26.476,26.442,36.188,36.189,8
2000-10-17,26.291,26.256,36.211,36.212,8
2000-10-18,26.1,26.064,36.235,36.236000000000004,8
2000-10-19,26.223,26.184,36.259,36.260000000000005,8
2000-10-20,26.087,26.049,36.277,36.278999999999996,8
2000-10-21,26.005,25.969,36.285,36.286,8
2000-10-22,26.18,26.147,36.292,36.293,8
2000-10-23,26.116,26.092,36.303,36.304,8
2000-10-24,25.943,25.919,36.303,36.304,8
2000-10-25,25.853,25.820999999999998,36.304,36.305,8
2000-10-26,25.823999999999998,25.795,36.306,36.307,8
2000-10-27,25.672,25.64,36.317,36.318,8
2000-10-28,25.732,25.698999999999998,36.322,36.323,8
2000-10-29,25.596,25.570999999999998,36.327,36.328,8
2000-10-30,25.47,25.443,36.326,36.327,8
2000-10-31,25.479,25.45,36.327,36.328,8
2000-11-01,25.741,25.714,36.331,36.333,8
2000-11-02,25.612000000000002,25.589,36.339,36.34,8
2000-11-03,25.393,25.374000000000002,36.345,36.346000000000004,8
2000-11-04,25.5,25.467,36.357,36.358000000000004,8
2000-11-05,25.545,25.512,36.368,36.370000000000005,8
2000-11-06,25.412,25.379,36.376000000000005,36.376000000000005,8
2000-11-07,25.655,25.028,36.418,36.397999999999996,8
2000-11-08,25.19,24.974,36.425,36.419,8
2000-11-09,25.711,24.919,36.448,36.433,8
2000-11-10,25.233,25.078,36.455,36.454,8
2000-11-11,25.337,25.125,36.447,36.448,8
2000-11-12,25.309,25.284,36.427,36.427,8
2000-11-13,25.706,25.666,36.418,36.419,8
2000-11-14,25.895,25.807000000000002,36.423,36.423,8
2000-11-15,25.95,25.9,36.427,36.428,8
2000-11-16,25.775,25.753,36.43,36.431,8
2000-11-17,25.746000000000002,25.465,36.448,36.444,8
2000-11-18,25.605,25.504,36.462,36.461,8
2000-11-19,25.428,25.361,36.459,36.46,8
2000-11-20,25.46,25.435000000000002,36.463,36.464,8
2000-11-21,25.302,25.286,36.421,36.42,8
2000-11-22,24.912,24.891,36.403999999999996,36.406,8
2000-11-23,24.437,24.411,36.406,36.407,8
2000-11-24,24.442,24.279,36.416,36.411,8
2000-11-25,24.259,24.025,36.417,36.415,8
2000-11-26,24.253,24.192,36.405,36.405,8
2000-11-27,24.326,24.3,36.396,36.396,8
2000-11-28,24.232,24.206,36.4,36.400999999999996,8
2000-11-29,24.075,24.055,36.384,36.385000000000005,8
2000-11-30,24.093,24.073,36.370000000000005,36.370999999999995,8
2000-12-01,23.963,23.939,36.373000000000005,36.373999999999995,8
2000-12-02,23.915,23.887,36.365,36.365,8
2000-12-03,23.89,23.86,36.366,36.367000000000004,8
2000-12-04,23.796,23.767,36.365,36.364000000000004,8
2000-12-05,23.689,23.659,36.342,36.343,8
2000-12-06,23.449,23.422,36.357,36.358000000000004,8
2000-12-07,23.348,23.328,36.365,36.365,8
2000-12-08,23.148,23.121,36.361000000000004,36.361000000000004,8
2000-12-09,23.205,23.129,36.369,36.368,8
2000-12-10,23.235,23.186,36.373000000000005,36.373000000000005,8
2000-12-11,23.048000000000002,23.024,36.373999999999995,36.373999999999995,8
2000-12-12,23.08,23.045,36.375,36.375,8
2000-12-13,23.259,23.246,36.366,36.366,8
2000-12-14,23.312,23.283,36.370000000000005,36.370000000000005,8
2000-12-15,23.321,23.304000000000002,36.376000000000005,36.376000000000005,8
2000-12-16,23.532,23.512,36.376999999999995,36.376999999999995,8
2000-12-17,23.903,23.822,36.376000000000005,36.376000000000005,8
2000-12-18,23.897,23.879,36.369,36.369,8
2000-12-19,23.553,23.523,36.372,36.373000000000005,8
2000-12-20,23.168,23.136,36.365,36.367000000000004,8
2000-12-21,22.829,22.811,36.379000000000005,36.379000000000005,8
2000-12-22,22.554000000000002,22.529,36.388000000000005,36.388000000000005,8
2000-12-23,22.488,22.465,36.376000000000005,36.376000000000005,8
2000-12-24,22.212,22.187,36.375,36.375,8
2000-12-25,22.185,22.157,36.369,36.370000000000005,8
2000-12-26,22.19,22.167,36.361000000000004,36.362,8
2000-12-27,22.391,22.372,36.353,36.354,8
2000-12-28,22.9,22.845,36.35,36.35,8
2000-12-29,22.918,22.886,36.34,36.341,8
2000-12-30,22.655,22.626,36.345,36.345,8
2000-12-31,22.401,22.371,36.331,36.332,8
